03776,0,0,2.7,4.03,0.0,0.0,4.16,261.22,1.0,10,101000.0,9999999
03776,0,1,1.2,3.76,0.0,0.0,4.16,259.72,2.6,10,101000.0,9999999
03776,0,2,0.2,3.59,0.0,0.0,4.16,257.43,1.5,10,100900.0,9999999
03776,0,3,-0.5,3.48,0.0,0.0,4.16,256.65,2.1,11,100900.0,9999999
03776,0,4,-0.8,3.4,0.0,0.0,4.16,256.39,3.1,10,100900.0,9999999
03776,0,5,-1.1,3.35,0.0,0.0,4.16,255.86,2.6,10,101000.0,9999999
03776,0,6,1.0,3.45,0.0,0.0,4.16,257.94,1.0,6,101000.0,9999999
03776,0,7,0.7,3.62,0.0,0.0,4.16,258.96,1.0,8,101000.0,9999999
03776,0,8,0.6,3.7,19.0,19.0,4.16,258.96,0.0,0,101100.0,9999999
03776,0,9,2.5,4.06,52.0,51.0,4.16,261.22,2.6,9,101000.0,9999999
03776,0,10,5.7,4.82,92.0,88.0,4.16,265.56,2.6,9,100900.0,9999999
03776,0,11,7.9,5.27,115.0,109.0,4.16,266.96,5.7,9,100800.0,9999999
03776,0,12,8.7,5.62,116.0,110.0,4.16,271.26,7.2,10,100600.0,9999999
03776,0,13,8.9,5.7,95.0,91.0,4.16,272.36,7.2,9,100500.0,9999999
03776,0,14,8.8,5.66,57.0,56.0,4.16,274.73,8.7,9,100400.0,9999999
03776,0,15,8.9,5.7,6.0,6.0,4.16,274.73,7.7,9,100300.0,9999999
03776,0,16,8.7,5.91,0.0,0.0,4.16,274.73,9.3,9,100100.0,9999999
03776,0,17,8.5,6.04,0.0,0.0,4.16,276.62,9.3,9,99900.0,9999999
03776,0,18,8.5,6.39,0.0,0.0,4.16,276.62,8.7,9,99800.0,9999999
03776,0,19,8.3,6.39,0.0,0.0,4.16,276.41,9.8,9,99600.0,9999999
03776,0,20,8.3,6.52,0.0,0.0,4.16,276.62,11.3,9,99300.0,9999999
03776,0,21,8.5,6.8,0.0,0.0,4.16,276.83,10.3,9,99200.0,9999999
03776,0,22,9.0,6.94,0.0,0.0,4.16,277.45,12.3,10,99100.0,9999999
03776,0,23,9.6,7.34,0.0,0.0,4.16,278.27,9.3,10,99000.0,9999999
03776,0,24,10.4,7.75,0.0,0.0,4.16,279.29,8.7,10,98900.0,9999999
03776,0,25,11.4,7.97,0.0,0.0,4.16,280.3,6.7,10,98900.0,9999999
03776,0,26,11.6,8.07,0.0,0.0,4.16,280.5,8.7,10,98900.0,9999999
03776,0,27,11.8,8.07,0.0,0.0,4.16,280.7,8.7,10,99000.0,9999999
03776,0,28,11.9,7.8,0.0,0.0,4.16,280.7,7.2,10,99000.0,9999999
03776,0,29,11.5,7.39,0.0,0.0,4.16,274.94,7.7,10,99000.0,9999999
03776,0,30,11.7,7.29,0.0,0.0,4.16,278.27,7.2,10,99100.0,9999999
03776,0,31,11.4,7.39,0.0,0.0,4.16,278.07,7.2,10,99200.0,9999999
03776,0,32,11.2,7.04,11.0,11.0,4.16,273.23,7.7,9,99100.0,9999999
03776,0,33,11.6,7.24,20.0,20.0,4.16,274.94,6.7,9,99200.0,9999999
03776,0,34,11.1,7.39,36.0,36.0,4.16,274.52,6.7,10,99200.0,9999999
03776,0,35,11.1,7.8,45.0,45.0,4.16,279.9,7.7,9,99100.0,9999999
03776,0,36,12.0,8.02,45.0,45.0,4.16,280.9,9.8,10,99100.0,9999999
03776,0,37,12.0,8.02,95.0,90.0,4.16,278.89,9.8,10,99100.0,9999999
03776,0,38,12.0,7.49,57.0,57.0,4.16,278.68,8.2,10,99200.0,9999999
03776,0,39,11.2,6.99,15.0,15.0,4.16,277.66,7.7,10,99200.0,9999999
03776,0,40,10.1,7.04,0.0,0.0,4.16,278.68,6.7,10,99200.0,9999999
03776,0,41,9.6,7.04,0.0,0.0,4.16,278.07,5.1,10,99200.0,9999999
03776,0,42,9.7,6.75,0.0,0.0,4.16,278.07,5.1,12,99300.0,9999999
03776,0,43,8.7,6.04,0.0,0.0,4.16,276.62,5.7,11,99300.0,9999999
03776,0,44,8.3,6.04,0.0,0.0,4.16,276.41,4.1,10,99400.0,9999999
03776,0,45,7.9,5.82,0.0,0.0,4.16,275.79,4.1,10,99500.0,9999999
03776,0,46,7.7,5.95,0.0,0.0,4.16,273.87,3.6,10,99600.0,9999999
03776,0,47,8.4,5.87,0.0,0.0,4.16,274.52,5.7,10,99600.0,9999999
03776,0,48,7.3,5.58,0.0,0.0,4.16,268.8,3.6,10,99700.0,9999999
03776,0,49,6.6,5.0,0.0,0.0,4.16,265.56,4.1,10,99800.0,9999999
03776,0,50,5.2,4.38,0.0,0.0,4.16,263.9,4.6,10,99900.0,9999999
03776,0,51,5.7,4.65,0.0,0.0,4.16,266.73,3.1,10,99900.0,9999999
03776,0,52,5.6,4.97,0.0,0.0,4.16,266.73,2.6,9,99900.0,9999999
03776,0,53,5.5,5.11,0.0,0.0,4.16,264.62,2.6,9,99900.0,9999999
03776,0,54,6.9,5.3,0.0,0.0,4.16,266.03,3.6,9,99900.0,9999999
03776,0,55,7.0,5.27,0.0,0.0,4.16,267.2,4.1,9,99900.0,9999999
03776,0,56,7.0,5.19,12.0,12.0,4.16,269.25,3.1,9,100000.0,9999999
03776,0,57,7.1,5.04,52.0,51.0,4.16,266.96,3.1,9,100000.0,9999999
03776,0,58,7.9,5.15,93.0,89.0,4.16,269.03,3.1,9,100000.0,9999999
03776,0,59,8.2,5.34,116.0,110.0,4.16,268.34,3.1,9,99800.0,9999999
03776,0,60,8.3,5.19,118.0,112.0,4.16,268.34,3.1,8,99700.0,9999999
03776,0,61,8.7,5.78,97.0,93.0,4.16,271.26,5.1,8,99700.0,9999999
03776,0,62,8.7,5.7,59.0,58.0,4.16,270.15,5.7,8,99500.0,9999999
03776,0,63,8.5,5.91,16.0,16.0,4.16,274.52,4.6,8,99400.0,9999999
03776,0,64,8.6,6.16,0.0,0.0,4.16,276.62,5.7,8,99300.0,9999999
03776,0,65,8.8,6.25,0.0,0.0,4.16,277.04,7.7,9,99300.0,9999999
03776,0,66,5.6,4.89,0.0,0.0,4.16,264.62,3.6,10,99400.0,9999999
03776,0,67,4.9,4.72,0.0,0.0,4.16,262.69,4.1,10,99500.0,9999999
03776,0,68,4.1,4.54,0.0,0.0,4.16,262.93,3.6,9,99500.0,9999999
03776,0,69,3.7,4.48,0.0,0.0,4.16,261.22,3.6,8,99600.0,9999999
03776,0,70,3.9,4.51,0.0,0.0,4.16,265.33,2.6,8,99600.0,9999999
03776,0,71,4.0,4.65,0.0,0.0,4.16,269.48,2.6,8,99600.0,9999999
03776,0,72,3.3,4.31,0.0,0.0,4.16,262.93,2.6,9,99600.0,9999999
03776,0,73,4.4,4.61,0.0,0.0,4.16,266.5,3.1,9,99600.0,9999999
03776,0,74,4.7,4.38,0.0,0.0,4.16,263.42,2.6,9,99600.0,9999999
03776,0,75,3.9,4.35,0.0,0.0,4.16,262.69,4.1,8,99600.0,9999999
03776,0,76,2.4,4.0,0.0,0.0,4.16,260.97,3.1,8,99600.0,9999999
03776,0,77,1.8,4.0,0.0,0.0,4.16,260.47,2.6,9,99700.0,9999999
03776,0,78,3.0,4.0,0.0,0.0,4.16,261.47,3.1,9,99700.0,9999999
03776,0,79,3.1,3.65,0.0,0.0,4.16,261.47,3.6,9,99700.0,9999999
03776,0,80,3.1,3.82,23.0,23.0,4.16,261.47,3.1,8,99800.0,9999999
03776,0,81,5.3,4.06,102.0,76.0,4.16,263.9,4.6,8,99800.0,9999999
03776,0,82,6.2,4.65,94.0,82.0,4.16,271.48,6.2,9,99800.0,9999999
03776,0,83,5.2,4.48,117.0,111.0,4.16,266.03,6.7,11,99900.0,9999999
03776,0,84,5.7,4.68,119.0,113.0,4.16,264.62,3.6,10,100000.0,9999999
03776,0,85,6.4,4.58,99.0,94.0,4.16,267.2,5.7,10,100000.0,9999999
03776,0,86,6.5,4.28,115.0,85.0,4.16,265.09,5.1,10,100100.0,9999999
03776,0,87,5.5,4.06,28.0,25.0,4.16,263.9,4.6,10,100200.0,9999999
03776,0,88,5.0,3.76,0.0,0.0,4.16,263.18,5.1,10,100200.0,9999999
03776,0,89,4.2,3.43,0.0,0.0,4.16,262.2,4.6,9,100300.0,9999999
03776,0,90,2.5,3.53,0.0,0.0,4.16,259.47,3.1,10,100400.0,9999999
03776,0,91,3.0,3.53,0.0,0.0,4.16,259.97,4.1,9,100400.0,9999999
03776,0,92,3.0,3.51,0.0,0.0,4.16,259.97,5.1,10,100500.0,9999999
03776,0,93,2.7,3.62,0.0,0.0,4.16,259.72,4.1,10,100500.0,9999999
03776,0,94,2.4,3.7,0.0,0.0,4.16,259.47,3.1,10,100500.0,9999999
03776,0,95,2.6,3.85,0.0,0.0,4.16,259.72,3.6,9,100500.0,9999999
03776,0,96,3.0,3.85,0.0,0.0,4.16,260.22,2.6,9,100400.0,9999999
03776,0,97,4.4,4.12,0.0,0.0,4.16,269.48,3.6,9,100400.0,9999999
03776,0,98,6.6,4.93,0.0,0.0,4.16,274.09,5.7,9,100200.0,9999999
03776,0,99,6.8,5.5,0.0,0.0,4.16,274.52,6.2,9,100000.0,9999999
03776,0,100,7.5,5.78,0.0,0.0,4.16,275.36,7.7,8,99800.0,9999999
03776,0,101,8.1,5.66,0.0,0.0,4.16,276.0,8.7,8,99500.0,9999999
03776,0,102,8.0,5.78,0.0,0.0,4.16,276.0,10.3,8,99300.0,9999999
03776,0,103,8.0,6.16,0.0,0.0,4.16,276.21,10.8,8,99100.0,9999999
03776,0,104,8.5,6.3,5.0,5.0,4.16,276.62,11.3,9,98900.0,9999999
03776,0,105,6.8,4.89,53.0,52.0,4.16,272.36,5.7,10,99000.0,9999999
03776,0,106,8.5,5.27,158.0,93.0,4.16,269.7,6.2,10,99100.0,9999999
03776,0,107,8.6,4.79,167.0,118.0,4.16,270.6,7.2,10,99000.0,9999999
03776,0,108,8.9,4.58,170.0,127.0,4.16,269.7,8.2,10,98900.0,9999999
03776,0,109,8.1,4.25,184.0,102.0,4.16,268.57,7.7,10,98900.0,9999999
03776,0,110,8.2,4.38,87.0,56.0,4.16,269.93,8.7,10,98900.0,9999999
03776,0,111,6.7,4.41,34.0,26.0,4.16,266.27,6.7,10,98900.0,9999999
03776,0,112,3.7,4.03,0.0,0.0,4.16,264.38,8.2,12,98900.0,9999999
03776,0,113,3.6,4.09,0.0,0.0,4.16,265.33,5.1,12,98900.0,9999999
03776,0,114,4.1,3.56,0.0,0.0,4.16,264.38,7.2,11,98900.0,9999999
03776,0,115,4.7,3.43,0.0,0.0,4.16,264.85,7.2,11,98900.0,9999999
03776,0,116,4.6,3.43,0.0,0.0,4.16,262.69,7.7,11,98900.0,9999999
03776,0,117,4.6,3.17,0.0,0.0,4.16,261.22,9.8,11,98800.0,9999999
03776,0,118,4.9,3.17,0.0,0.0,4.16,262.69,9.3,11,98900.0,9999999
03776,0,119,4.8,3.19,0.0,0.0,4.16,262.69,10.3,11,98900.0,9999999
03776,0,120,4.8,3.19,0.0,0.0,4.16,262.69,9.8,11,98900.0,9999999
03776,0,121,4.9,3.29,0.0,0.0,4.16,262.69,9.3,11,98900.0,9999999
03776,0,122,5.0,3.29,0.0,0.0,4.16,263.66,9.8,11,99000.0,9999999
03776,0,123,5.2,3.09,0.0,0.0,4.16,261.71,10.3,11,99100.0,9999999
03776,0,124,5.0,3.04,0.0,0.0,4.16,261.47,9.3,11,99100.0,9999999
03776,0,125,4.3,3.22,0.0,0.0,4.16,262.2,7.7,11,99200.0,9999999
03776,0,126,3.9,3.35,0.0,0.0,4.16,261.96,6.2,11,99300.0,9999999
03776,0,127,3.7,3.29,0.0,0.0,4.16,261.71,7.2,11,99300.0,9999999
03776,0,128,4.0,3.19,24.0,24.0,4.16,260.47,6.2,11,99500.0,9999999
03776,0,129,5.2,3.17,105.0,74.0,4.16,262.93,7.2,11,99500.0,9999999
03776,0,130,6.2,3.32,161.0,90.0,4.16,267.2,7.2,11,99600.0,9999999
03776,0,131,7.4,3.56,234.0,88.0,4.16,265.33,7.2,11,99600.0,9999999
03776,0,132,7.8,3.59,224.0,74.0,4.16,265.8,6.2,11,99600.0,9999999
03776,0,133,7.8,3.85,171.0,89.0,4.16,266.96,5.7,10,99500.0,9999999
03776,0,134,7.4,4.44,24.0,24.0,4.16,269.93,3.6,9,99500.0,9999999
03776,0,135,6.9,5.23,18.0,18.0,4.16,266.96,4.6,9,99400.0,9999999
03776,0,136,7.4,5.08,0.0,0.0,4.16,267.43,6.2,9,99300.0,9999999
03776,0,137,7.6,5.3,0.0,0.0,4.16,275.15,7.2,9,99200.0,9999999
03776,0,138,8.1,5.62,0.0,0.0,4.16,276.0,7.2,9,99100.0,9999999
03776,0,139,8.1,5.82,0.0,0.0,4.16,276.0,6.2,9,99100.0,9999999
03776,0,140,8.0,5.91,0.0,0.0,4.16,274.09,5.1,9,99100.0,9999999
03776,0,141,7.5,5.87,0.0,0.0,4.16,273.44,3.1,8,99100.0,9999999
03776,0,142,7.6,6.08,0.0,0.0,4.16,273.66,3.1,8,99000.0,9999999
03776,0,143,7.7,6.12,0.0,0.0,4.16,273.87,3.1,9,99000.0,9999999
03776,0,144,7.4,5.87,0.0,0.0,4.16,273.44,3.6,9,98900.0,9999999
03776,0,145,7.7,6.04,0.0,0.0,4.16,273.87,4.1,9,98900.0,9999999
03776,0,146,8.3,6.21,0.0,0.0,4.16,274.52,5.7,9,98800.0,9999999
03776,0,147,8.3,6.21,0.0,0.0,4.16,276.41,6.2,10,98700.0,9999999
03776,0,148,6.7,5.34,0.0,0.0,4.16,266.96,5.1,10,98800.0,9999999
03776,0,149,6.3,4.89,0.0,0.0,4.16,265.33,5.7,10,98800.0,9999999
03776,0,150,6.0,4.86,0.0,0.0,4.16,265.09,5.7,10,98900.0,9999999
03776,0,151,5.4,4.72,0.0,0.0,4.16,266.5,4.6,10,99000.0,9999999
03776,0,152,5.0,3.88,24.0,24.0,4.16,265.33,5.1,11,99100.0,9999999
03776,0,153,5.7,4.25,105.0,78.0,4.16,265.09,4.1,11,99200.0,9999999
03776,0,154,6.8,4.18,188.0,53.0,4.16,265.33,5.7,11,99300.0,9999999
03776,0,155,7.5,4.0,236.0,61.0,4.16,265.8,6.2,11,99400.0,9999999
03776,0,156,7.9,3.65,241.0,61.0,4.16,266.03,7.2,11,99400.0,9999999
03776,0,157,8.0,3.4,202.0,57.0,4.16,265.8,6.2,10,99400.0,9999999
03776,0,158,7.4,4.06,91.0,57.0,4.16,267.89,6.2,10,99300.0,9999999
03776,0,159,7.7,4.28,19.0,19.0,4.16,268.34,7.2,10,99300.0,9999999
03776,0,160,5.9,5.27,0.0,0.0,4.16,271.7,8.7,10,99300.0,9999999
03776,0,161,6.8,5.19,0.0,0.0,4.16,272.36,7.7,10,99300.0,9999999
03776,0,162,6.5,4.61,0.0,0.0,4.16,265.33,5.7,10,99300.0,9999999
03776,0,163,5.9,4.48,0.0,0.0,4.16,265.56,6.2,10,99400.0,9999999
03776,0,164,5.8,4.44,0.0,0.0,4.16,264.62,4.1,10,99400.0,9999999
03776,0,165,6.1,4.72,0.0,0.0,4.16,265.09,4.1,10,99400.0,9999999
03776,0,166,6.2,4.61,0.0,0.0,4.16,266.03,3.6,9,99400.0,9999999
03776,0,167,5.9,4.65,0.0,0.0,4.16,264.85,3.6,9,99400.0,9999999
03776,0,168,5.9,5.0,0.0,0.0,4.16,269.03,3.1,10,99400.0,9999999
03776,0,169,4.5,4.51,0.0,0.0,4.16,265.33,3.6,10,99400.0,9999999
03776,0,170,4.1,4.41,0.0,0.0,4.16,263.9,3.6,10,99400.0,9999999
03776,0,171,4.2,4.72,0.0,0.0,4.16,265.33,3.1,9,99400.0,9999999
03776,0,172,5.2,4.93,0.0,0.0,4.16,265.09,3.6,9,99400.0,9999999
03776,0,173,4.7,4.75,0.0,0.0,4.16,264.62,4.1,10,99500.0,9999999
03776,0,174,5.4,4.65,0.0,0.0,4.16,266.27,4.1,10,99500.0,9999999
03776,0,175,5.0,4.48,0.0,0.0,4.16,266.27,3.1,9,99500.0,9999999
03776,0,176,5.8,4.61,13.0,13.0,4.16,267.2,2.6,9,99500.0,9999999
03776,0,177,6.6,4.93,21.0,21.0,4.16,268.8,2.6,9,99500.0,9999999
03776,0,178,6.7,5.34,38.0,38.0,4.16,269.93,5.7,9,99400.0,9999999
03776,0,179,7.5,5.66,47.0,47.0,4.16,270.82,7.7,9,99300.0,9999999
03776,0,180,7.2,5.46,48.0,48.0,4.16,269.03,8.2,9,99100.0,9999999
03776,0,181,7.1,5.7,40.0,40.0,4.16,273.01,8.2,8,98800.0,9999999
03776,0,182,8.0,6.16,25.0,25.0,4.16,276.21,8.7,8,98600.0,9999999
03776,0,183,8.6,6.57,8.0,8.0,4.16,276.83,10.3,9,98500.0,9999999
03776,0,184,9.1,6.8,0.0,0.0,4.16,277.45,11.8,9,98300.0,9999999
03776,0,185,9.5,7.09,0.0,0.0,4.16,278.07,11.8,9,98200.0,9999999
03776,0,186,9.6,7.04,0.0,0.0,4.16,278.07,12.3,9,98100.0,9999999
03776,0,187,9.8,6.85,0.0,0.0,4.16,278.27,12.9,10,98200.0,9999999
03776,0,188,8.2,5.27,0.0,0.0,4.16,270.6,10.8,10,98400.0,9999999
03776,0,189,6.6,3.67,0.0,0.0,4.16,264.62,8.7,12,98600.0,9999999
03776,0,190,5.8,3.73,0.0,0.0,4.16,266.03,6.7,11,98800.0,9999999
03776,0,191,4.8,3.62,0.0,0.0,4.16,261.71,6.2,11,98900.0,9999999
03776,0,192,4.0,3.7,0.0,0.0,4.16,260.97,4.1,11,99100.0,9999999
03776,0,193,3.7,3.85,0.0,0.0,4.16,260.97,3.6,10,99200.0,9999999
03776,0,194,3.4,3.91,0.0,0.0,4.16,260.72,3.1,10,99300.0,9999999
03776,0,195,2.8,3.88,0.0,0.0,4.16,259.97,1.5,8,99300.0,9999999
03776,0,196,2.8,3.85,0.0,0.0,4.16,259.97,3.6,10,99300.0,9999999
03776,0,197,3.6,3.82,0.0,0.0,4.16,261.96,2.6,9,99300.0,9999999
03776,0,198,5.4,3.94,0.0,0.0,4.16,264.62,3.6,9,99200.0,9999999
03776,0,199,6.4,4.18,0.0,0.0,4.16,264.85,5.1,8,99200.0,9999999
03776,0,200,7.3,4.79,13.0,13.0,4.16,268.8,6.2,9,99200.0,9999999
03776,0,201,7.4,5.19,55.0,54.0,4.16,273.01,7.2,9,99200.0,9999999
03776,0,202,7.2,5.27,97.0,93.0,4.16,269.7,8.2,9,99100.0,9999999
03776,0,203,8.7,5.58,237.0,157.0,4.16,269.03,7.2,11,99300.0,9999999
03776,0,204,9.7,5.46,176.0,112.0,4.16,272.14,7.7,11,99300.0,9999999
03776,0,205,10.1,5.0,177.0,82.0,4.16,269.93,7.7,10,99300.0,9999999
03776,0,206,9.6,4.89,66.0,64.0,4.16,269.25,6.2,10,99300.0,9999999
03776,0,207,9.5,5.91,20.0,20.0,4.16,275.58,6.2,9,99300.0,9999999
03776,0,208,9.6,6.04,0.0,0.0,4.16,273.23,6.2,9,99100.0,9999999
03776,0,209,9.4,6.85,0.0,0.0,4.16,277.86,8.7,9,98900.0,9999999
03776,0,210,9.9,6.71,0.0,0.0,4.16,278.27,10.3,9,98800.0,9999999
03776,0,211,9.3,6.8,0.0,0.0,4.16,277.66,10.8,9,98700.0,9999999
03776,0,212,9.3,6.99,0.0,0.0,4.16,277.86,11.3,9,98600.0,9999999
03776,0,213,9.8,7.14,0.0,0.0,4.16,278.27,10.3,9,98500.0,9999999
03776,0,214,9.9,7.19,0.0,0.0,4.16,278.48,11.3,9,98400.0,9999999
03776,0,215,10.5,7.29,0.0,0.0,4.16,279.09,11.3,9,98300.0,9999999
03776,0,216,10.8,7.54,0.0,0.0,4.16,279.49,9.3,9,98200.0,9999999
03776,0,217,11.2,7.86,0.0,0.0,4.16,280.1,8.7,10,98300.0,9999999
03776,0,218,10.5,7.19,0.0,0.0,4.16,277.04,6.7,10,98400.0,9999999
03776,0,219,9.9,6.8,0.0,0.0,4.16,278.27,6.2,10,98400.0,9999999
03776,0,220,9.5,6.9,0.0,0.0,4.16,277.86,6.7,9,98500.0,9999999
03776,0,221,9.0,6.08,0.0,0.0,4.16,277.04,5.1,9,98600.0,9999999
03776,0,222,8.4,5.5,0.0,0.0,4.16,269.7,7.7,9,98800.0,9999999
03776,0,223,8.9,5.34,0.0,0.0,4.16,270.6,8.7,9,98900.0,9999999
03776,0,224,8.7,4.48,13.0,13.0,4.16,268.12,10.3,11,99100.0,9999999
03776,0,225,8.4,4.38,56.0,54.0,4.16,267.89,8.2,10,99200.0,9999999
03776,0,226,9.0,4.41,99.0,94.0,4.16,268.57,7.7,9,99300.0,9999999
03776,0,227,9.3,3.76,124.0,116.0,4.16,268.34,10.3,10,99400.0,9999999
03776,0,228,8.1,3.82,127.0,118.0,4.16,266.27,8.2,10,99600.0,9999999
03776,0,229,7.9,3.43,108.0,101.0,4.16,265.8,7.7,10,99700.0,9999999
03776,0,230,7.5,3.27,69.0,66.0,4.16,265.33,6.2,10,99800.0,9999999
03776,0,231,7.0,3.82,21.0,21.0,4.16,265.33,5.1,10,99900.0,9999999
03776,0,232,6.5,3.79,0.0,0.0,4.16,264.62,3.9,10,99900.0,9999999
03776,0,233,6.0,3.79,0.0,0.0,4.16,262.93,2.6,8,99900.0,9999999
03776,0,234,6.4,4.48,0.0,0.0,4.16,271.7,3.1,8,99900.0,9999999
03776,0,235,7.4,4.89,0.0,0.0,4.16,266.27,3.1,8,99900.0,9999999
03776,0,236,7.4,5.15,0.0,0.0,4.16,270.6,4.1,9,99900.0,9999999
03776,0,237,7.1,5.42,0.0,0.0,4.16,272.8,5.7,10,99800.0,9999999
03776,0,238,5.2,4.65,0.0,0.0,4.16,268.12,5.1,11,99900.0,9999999
03776,0,239,4.7,4.44,0.0,0.0,4.16,263.42,4.1,10,100000.0,9999999
03776,0,240,4.4,4.54,0.0,0.0,4.16,263.18,3.6,10,100000.0,9999999
03776,0,241,5.2,4.72,0.0,0.0,4.16,262.93,4.1,9,100100.0,9999999
03776,0,242,5.2,4.93,0.0,0.0,4.16,262.93,3.6,9,100100.0,9999999
03776,0,243,5.9,4.93,0.0,0.0,4.16,263.66,4.1,10,100100.0,9999999
03776,0,244,6.1,5.08,0.0,0.0,4.16,268.34,3.6,9,100100.0,9999999
03776,0,245,6.5,4.61,0.0,0.0,4.16,265.33,3.6,11,100100.0,9999999
03776,0,246,7.3,5.58,0.0,0.0,4.16,266.73,3.6,9,100100.0,9999999
03776,0,247,7.1,4.97,0.0,0.0,4.16,266.96,5.1,9,100100.0,9999999
03776,0,248,6.2,5.11,13.0,13.0,4.16,268.57,5.1,8,100100.0,9999999
03776,0,249,6.0,4.82,57.0,55.0,4.16,267.66,3.6,9,100100.0,9999999
03776,0,250,5.3,4.89,100.0,95.0,4.16,267.43,5.7,11,100100.0,9999999
03776,0,251,6.3,5.08,125.0,118.0,4.16,271.92,6.2,10,100000.0,9999999
03776,0,252,7.0,4.79,128.0,121.0,4.16,272.36,7.7,11,100000.0,9999999
03776,0,253,6.1,4.28,182.0,103.0,4.16,267.2,8.2,13,100200.0,9999999
03776,0,254,6.4,4.03,136.0,59.0,4.16,264.85,5.1,13,100400.0,9999999
03776,0,255,5.6,4.28,43.0,29.0,4.16,264.14,4.6,11,100600.0,9999999
03776,0,256,4.0,4.31,1.0,1.0,4.16,263.66,2.6,10,100700.0,9999999
03776,0,257,4.1,4.22,0.0,0.0,4.16,262.69,3.6,9,100800.0,9999999
03776,0,258,4.2,4.22,0.0,0.0,4.16,261.71,4.1,10,100800.0,9999999
03776,0,259,4.0,4.22,0.0,0.0,4.16,261.47,2.6,10,100900.0,9999999
03776,0,260,3.3,4.15,0.0,0.0,4.16,260.72,2.1,9,100900.0,9999999
03776,0,261,3.2,4.18,0.0,0.0,4.16,260.72,1.0,8,101000.0,9999999
03776,0,262,2.4,4.09,0.0,0.0,4.16,259.72,1.5,10,101000.0,9999999
03776,0,263,3.1,4.25,0.0,0.0,4.16,263.9,2.6,10,101000.0,9999999
03776,0,264,4.1,4.61,0.0,0.0,4.16,271.26,3.1,11,101000.0,9999999
03776,0,265,3.6,4.61,0.0,0.0,4.16,265.8,1.5,9,101000.0,9999999
03776,0,266,2.9,4.38,0.0,0.0,4.16,264.38,2.1,10,101000.0,9999999
03776,0,267,2.0,4.12,0.0,0.0,4.16,260.72,2.1,9,101000.0,9999999
03776,0,268,1.6,4.09,0.0,0.0,4.16,260.22,2.1,9,101000.0,9999999
03776,0,269,2.2,4.22,0.0,0.0,4.16,260.97,1.0,15,101100.0,9999999
03776,0,270,0.4,3.65,0.0,0.0,4.16,259.72,0.0,0,101100.0,9999999
03776,0,271,0.4,3.73,0.0,0.0,4.16,258.96,0.0,0,101200.0,9999999
03776,0,272,0.4,3.73,14.0,14.0,4.16,260.97,0.0,0,101300.0,9999999
03776,0,273,0.9,3.88,58.0,52.0,4.16,260.47,1.0,5,101300.0,9999999
03776,0,274,2.3,4.31,101.0,96.0,4.16,261.96,0.0,0,101400.0,9999999
03776,0,275,4.4,4.61,179.0,112.0,4.16,263.42,1.5,16,101400.0,9999999
03776,0,276,6.1,4.65,252.0,120.0,4.16,264.85,1.5,16,101400.0,9999999
03776,0,277,6.7,4.25,214.0,64.0,4.16,266.27,3.6,16,101500.0,9999999
03776,0,278,6.2,4.31,138.0,49.0,4.16,264.85,3.6,16,101600.0,9999999
03776,0,279,5.7,4.22,42.0,29.0,4.16,266.27,2.6,16,101700.0,9999999
03776,0,280,4.8,4.06,1.0,1.0,4.16,266.5,2.6,16,101800.0,9999999
03776,0,281,4.9,3.85,0.0,0.0,4.16,269.7,5.1,16,101900.0,9999999
03776,0,282,4.5,3.97,0.0,0.0,4.16,266.03,4.1,1,102000.0,9999999
03776,0,283,4.5,4.06,0.0,0.0,4.16,269.48,3.6,1,102100.0,9999999
03776,0,284,4.1,4.0,0.0,0.0,4.16,266.5,3.1,1,102200.0,9999999
03776,0,285,3.3,4.0,0.0,0.0,4.16,263.9,3.1,16,102300.0,9999999
03776,0,286,3.0,3.97,0.0,0.0,4.16,264.62,3.1,16,102400.0,9999999
03776,0,287,2.2,3.97,0.0,0.0,4.16,264.62,3.1,15,102500.0,9999999
03776,0,288,1.1,3.7,0.0,0.0,4.16,258.2,2.6,15,102600.0,9999999
03776,0,289,0.5,3.53,0.0,0.0,4.16,257.69,2.6,15,102700.0,9999999
03776,0,290,0.1,3.32,0.0,0.0,4.16,257.17,2.1,15,102700.0,9999999
03776,0,291,-0.6,3.22,0.0,0.0,4.16,256.39,2.1,15,102700.0,9999999
03776,0,292,-1.3,3.04,0.0,0.0,4.16,255.6,1.0,12,102800.0,9999999
03776,0,293,-1.5,3.17,0.0,0.0,4.16,255.33,1.5,15,102800.0,9999999
03776,0,294,-0.6,3.07,0.0,0.0,4.16,256.12,2.6,16,102900.0,9999999
03776,0,295,-1.4,3.07,0.0,0.0,4.16,256.65,0.0,0,103000.0,9999999
03776,0,296,-0.5,3.09,28.0,26.0,4.16,257.43,1.5,1,103000.0,9999999
03776,0,297,1.0,3.17,116.0,80.0,4.16,258.96,3.6,1,103000.0,9999999
03776,0,298,2.9,3.35,201.0,53.0,4.16,260.97,4.1,1,103000.0,9999999
03776,0,299,3.9,3.35,252.0,62.0,4.16,261.96,4.1,16,103000.0,9999999
03776,0,300,5.0,3.29,258.0,62.0,4.16,262.93,4.6,1,103000.0,9999999
03776,0,301,5.4,3.17,220.0,57.0,4.16,263.18,4.1,3,103000.0,9999999
03776,0,302,5.3,3.27,143.0,49.0,4.16,263.18,4.6,2,103000.0,9999999
03776,0,303,4.6,3.48,47.0,30.0,4.16,262.69,4.1,2,103000.0,9999999
03776,0,304,3.5,3.45,1.0,1.0,4.16,261.71,3.1,1,103100.0,9999999
03776,0,305,2.4,3.43,0.0,0.0,4.16,259.22,2.1,1,103100.0,9999999
03776,0,306,-0.2,3.24,0.0,0.0,4.16,256.65,0.0,0,103100.0,9999999
03776,0,307,0.3,3.59,0.0,0.0,4.16,258.71,1.0,16,103200.0,9999999
03776,0,308,0.2,3.48,0.0,0.0,4.16,257.17,2.1,15,103200.0,9999999
03776,0,309,-0.9,3.19,0.0,0.0,4.16,255.86,1.5,13,103200.0,9999999
03776,0,310,-1.0,3.29,0.0,0.0,4.16,255.86,1.0,13,103200.0,9999999
03776,0,311,-2.0,2.88,0.0,0.0,4.16,255.86,1.0,14,103100.0,9999999
03776,0,312,-2.2,2.97,0.0,0.0,4.16,255.86,1.0,15,103100.0,9999999
03776,0,313,-2.5,2.81,0.0,0.0,4.16,256.12,0.0,0,103100.0,9999999
03776,0,314,-0.5,3.4,0.0,0.0,4.16,260.22,3.1,1,103000.0,9999999
03776,0,315,0.9,3.73,0.0,0.0,4.16,259.47,2.1,2,103000.0,9999999
03776,0,316,-0.4,3.35,0.0,0.0,4.16,258.71,0.0,0,102900.0,9999999
03776,0,317,-0.7,3.4,0.0,0.0,4.16,257.69,0.0,0,103000.0,9999999
03776,0,318,-3.4,2.53,0.0,0.0,4.16,255.07,0.0,0,103000.0,9999999
03776,0,319,-2.2,2.99,0.0,0.0,4.16,255.86,1.0,1,102900.0,9999999
03776,0,320,1.1,3.12,29.0,26.0,4.16,258.96,4.1,3,102900.0,9999999
03776,0,321,2.9,3.22,118.0,81.0,4.16,260.72,5.1,3,102900.0,9999999
03776,0,322,4.1,3.4,204.0,53.0,4.16,262.2,5.7,2,102900.0,9999999
03776,0,323,5.0,3.7,253.0,64.0,4.16,264.14,6.7,2,102800.0,9999999
03776,0,324,5.3,3.59,260.0,64.0,4.16,264.38,7.2,2,102700.0,9999999
03776,0,325,5.6,3.12,223.0,58.0,4.16,263.18,8.7,2,102600.0,9999999
03776,0,326,5.3,3.29,146.0,49.0,4.16,263.18,7.7,2,102500.0,9999999
03776,0,327,4.4,3.17,50.0,31.0,4.16,260.97,8.7,2,102500.0,9999999
03776,0,328,3.4,3.43,2.0,2.0,4.16,261.47,8.2,2,102500.0,9999999
03776,0,329,2.9,3.53,0.0,0.0,4.16,259.97,8.7,2,102400.0,9999999
03776,0,330,2.9,3.56,0.0,0.0,4.16,259.97,8.7,2,102400.0,9999999
03776,0,331,2.3,3.59,0.0,0.0,4.16,260.47,7.7,3,102400.0,9999999
03776,0,332,2.6,3.67,0.0,0.0,4.16,263.42,4.1,3,102300.0,9999999
03776,0,333,2.8,3.48,0.0,0.0,4.16,261.96,6.7,3,102300.0,9999999
03776,0,334,2.4,3.35,0.0,0.0,4.16,260.47,7.2,3,102200.0,9999999
03776,0,335,2.0,3.32,0.0,0.0,4.16,259.97,6.7,3,102200.0,9999999
03776,0,336,1.6,3.29,0.0,0.0,4.16,259.72,4.6,3,102200.0,9999999
03776,0,337,1.4,3.17,0.0,0.0,4.16,259.47,5.1,3,102100.0,9999999
03776,0,338,1.3,2.9,0.0,0.0,4.16,257.69,5.1,3,102100.0,9999999
03776,0,339,0.8,3.02,0.0,0.0,4.16,257.43,2.6,3,102100.0,9999999
03776,0,340,0.5,2.97,0.0,0.0,4.16,257.17,4.1,2,102000.0,9999999
03776,0,341,0.0,2.83,0.0,0.0,4.16,256.39,3.6,3,102000.0,9999999
03776,0,342,-0.5,2.79,0.0,0.0,4.16,255.86,3.6,3,101900.0,9999999
03776,0,343,-0.7,2.72,0.0,0.0,4.16,255.6,3.1,3,101900.0,9999999
03776,0,344,-0.4,2.92,30.0,26.0,4.16,256.12,4.1,3,101900.0,9999999
03776,0,345,0.4,2.55,121.0,83.0,4.16,256.65,3.6,3,101900.0,9999999
03776,0,346,1.5,2.7,207.0,52.0,4.16,257.69,3.1,4,101900.0,9999999
03776,0,347,2.8,2.92,259.0,62.0,4.16,259.22,3.1,3,101900.0,9999999
03776,0,348,3.5,2.81,266.0,62.0,4.16,259.72,3.1,3,101800.0,9999999
03776,0,349,4.4,2.57,228.0,58.0,4.16,260.22,3.6,4,101700.0,9999999
03776,0,350,4.1,2.65,151.0,49.0,4.16,260.22,2.6,4,101700.0,9999999
03776,0,351,3.3,2.57,52.0,32.0,4.16,259.22,2.6,4,101700.0,9999999
03776,0,352,2.1,2.61,2.0,2.0,4.16,258.2,2.1,4,101700.0,9999999
03776,0,353,1.2,2.61,0.0,0.0,4.16,257.43,1.5,4,101700.0,9999999
03776,0,354,0.8,2.59,0.0,0.0,4.16,256.91,2.6,3,101800.0,9999999
03776,0,355,-0.2,2.95,0.0,0.0,4.16,256.39,1.5,3,101800.0,9999999
03776,0,356,-0.6,2.79,0.0,0.0,4.16,255.86,2.1,3,101800.0,9999999
03776,0,357,-1.0,2.63,0.0,0.0,4.16,255.33,1.0,4,101700.0,9999999
03776,0,358,-1.3,2.65,0.0,0.0,4.16,255.07,0.0,0,101700.0,9999999
03776,0,359,-1.6,2.7,0.0,0.0,4.16,254.8,1.0,4,101700.0,9999999
03776,0,360,-1.8,2.61,0.0,0.0,4.16,254.54,1.0,4,101700.0,9999999
03776,0,361,-2.3,2.65,0.0,0.0,4.16,254.27,0.0,0,101700.0,9999999
03776,0,362,-3.2,2.51,0.0,0.0,4.16,253.19,1.0,2,101700.0,9999999
03776,0,363,-1.6,2.63,0.0,0.0,4.16,254.8,1.5,4,101700.0,9999999
03776,0,364,-1.3,2.79,0.0,0.0,4.16,255.33,1.5,3,101600.0,9999999
03776,0,365,-1.4,2.67,0.0,0.0,4.16,255.07,1.5,4,101600.0,9999999
03776,0,366,-1.3,2.83,0.0,0.0,4.16,255.33,2.6,3,101600.0,9999999
03776,0,367,-1.1,2.83,0.0,0.0,4.16,255.33,2.6,2,101700.0,9999999
03776,0,368,-0.8,2.92,31.0,26.0,4.16,255.86,2.6,3,101700.0,9999999
03776,0,369,0.3,2.85,123.0,84.0,4.16,256.91,1.5,3,101700.0,9999999
03776,0,370,2.4,3.35,209.0,53.0,4.16,259.22,1.0,4,101700.0,9999999
03776,0,371,3.3,3.56,261.0,63.0,4.16,261.47,1.0,3,101600.0,9999999
03776,0,372,4.9,4.28,137.0,112.0,4.16,269.93,1.0,6,101600.0,9999999
03776,0,373,5.6,4.38,197.0,110.0,4.16,267.43,2.1,6,101500.0,9999999
03776,0,374,5.7,4.38,110.0,82.0,4.16,267.66,2.1,6,101500.0,9999999
03776,0,375,4.7,4.28,54.0,33.0,4.16,265.56,1.0,4,101400.0,9999999
03776,0,376,3.5,4.12,2.0,2.0,4.16,262.2,1.0,4,101400.0,9999999
03776,0,377,2.2,3.88,0.0,0.0,4.16,259.47,1.0,5,101400.0,9999999
03776,0,378,1.7,3.88,0.0,0.0,4.16,258.96,2.1,4,101400.0,9999999
03776,0,379,1.6,3.85,0.0,0.0,4.16,258.96,2.6,4,101400.0,9999999
03776,0,380,2.5,3.94,0.0,0.0,4.16,259.72,1.5,5,101300.0,9999999
03776,0,381,2.9,4.0,0.0,0.0,4.16,264.14,2.6,4,101300.0,9999999
03776,0,382,2.9,4.15,0.0,0.0,4.16,267.89,3.6,6,101300.0,9999999
03776,0,383,3.9,4.54,0.0,0.0,4.16,264.85,2.6,6,101200.0,9999999
03776,0,384,4.7,4.61,0.0,0.0,4.16,263.66,5.1,7,101200.0,9999999
03776,0,385,4.7,4.58,0.0,0.0,4.16,264.38,4.1,7,101100.0,9999999
03776,0,386,5.2,4.58,0.0,0.0,4.16,264.85,3.6,7,101200.0,9999999
03776,0,387,5.9,4.89,0.0,0.0,4.16,265.8,3.6,7,101200.0,9999999
03776,0,388,5.7,5.04,0.0,0.0,4.16,264.85,4.6,7,101200.0,9999999
03776,0,389,5.6,4.97,0.0,0.0,4.16,264.62,4.1,6,101200.0,9999999
03776,0,390,5.5,4.86,0.0,0.0,4.16,263.18,3.6,7,101300.0,9999999
03776,0,391,5.9,5.0,0.0,0.0,4.16,267.2,4.1,7,101300.0,9999999
03776,0,392,6.5,5.04,16.0,16.0,4.16,267.66,5.1,8,101300.0,9999999
03776,0,393,6.7,5.3,25.0,25.0,4.16,268.57,4.6,7,101400.0,9999999
03776,0,394,6.5,5.38,42.0,42.0,4.16,269.03,4.1,8,101400.0,9999999
03776,0,395,6.6,5.66,52.0,52.0,4.16,274.52,4.6,8,101400.0,9999999
03776,0,396,6.8,5.74,54.0,54.0,4.16,274.73,4.6,8,101400.0,9999999
03776,0,397,6.7,5.78,46.0,46.0,4.16,274.52,3.6,9,101500.0,9999999
03776,0,398,6.9,5.87,31.0,31.0,4.16,274.94,3.1,9,101500.0,9999999
03776,0,399,7.1,5.99,11.0,11.0,4.16,275.15,1.5,9,101600.0,9999999
03776,0,400,7.3,5.91,1.0,1.0,4.16,275.36,1.0,8,101700.0,9999999
03776,0,401,7.4,5.99,0.0,0.0,4.16,275.36,1.5,7,101800.0,9999999
03776,0,402,7.3,6.04,0.0,0.0,4.16,275.36,2.1,6,101800.0,9999999
03776,0,403,7.2,5.99,0.0,0.0,4.16,275.15,1.0,11,101900.0,9999999
03776,0,404,7.0,6.04,0.0,0.0,4.16,275.15,1.5,5,102000.0,9999999
03776,0,405,7.0,6.04,0.0,0.0,4.16,275.15,1.5,5,102000.0,9999999
03776,0,406,6.7,5.99,0.0,0.0,4.16,272.8,2.1,7,102000.0,9999999
03776,0,407,6.3,5.74,0.0,0.0,4.16,272.36,1.0,1,102000.0,9999999
03776,0,408,6.3,5.74,0.0,0.0,4.16,272.36,0.5,2,102000.0,9999999
03776,0,409,6.0,5.78,0.0,0.0,4.16,273.87,1.0,3,102000.0,9999999
03776,0,410,5.8,5.62,0.0,0.0,4.16,273.66,0.0,0,102000.0,9999999
03776,0,411,6.2,5.78,0.0,0.0,4.16,274.09,1.5,3,102000.0,9999999
03776,0,412,7.0,5.78,0.0,0.0,4.16,274.94,2.6,6,101900.0,9999999
03776,0,413,6.9,5.58,0.0,0.0,4.16,274.73,2.6,6,101900.0,9999999
03776,0,414,6.8,5.62,0.0,0.0,4.16,274.73,3.1,6,101900.0,9999999
03776,0,415,6.8,5.62,0.0,0.0,4.16,274.73,3.6,6,101800.0,9999999
03776,0,416,6.9,5.58,7.0,7.0,4.16,274.73,4.1,7,101800.0,9999999
03776,0,417,7.0,5.54,25.0,25.0,4.16,274.73,4.6,8,101800.0,9999999
03776,0,418,7.4,5.58,42.0,42.0,4.16,275.15,4.6,7,101700.0,9999999
03776,0,419,7.7,5.58,53.0,53.0,4.16,275.58,5.7,8,101700.0,9999999
03776,0,420,8.1,5.54,139.0,127.0,4.16,273.87,5.1,8,101600.0,9999999
03776,0,421,8.0,5.38,47.0,47.0,4.16,275.58,5.1,8,101500.0,9999999
03776,0,422,7.8,5.46,32.0,32.0,4.16,275.58,5.7,8,101400.0,9999999
03776,0,423,7.9,5.38,31.0,31.0,4.16,270.37,5.7,8,101400.0,9999999
03776,0,424,8.0,5.5,2.0,2.0,4.16,270.6,5.1,8,101300.0,9999999
03776,0,425,8.3,5.58,0.0,0.0,4.16,276.0,6.2,8,101200.0,9999999
03776,0,426,8.3,5.78,0.0,0.0,4.16,276.21,6.2,8,101200.0,9999999
03776,0,427,7.8,5.99,0.0,0.0,4.16,275.79,6.7,8,101100.0,9999999
03776,0,428,8.1,6.04,0.0,0.0,4.16,276.21,8.2,8,101100.0,9999999
03776,0,429,8.1,6.21,0.0,0.0,4.16,276.21,7.7,8,101100.0,9999999
03776,0,430,8.0,6.25,0.0,0.0,4.16,276.21,6.7,9,101100.0,9999999
03776,0,431,6.7,5.54,0.0,0.0,4.16,274.52,4.1,12,101200.0,9999999
03776,0,432,6.0,5.5,0.0,0.0,4.16,273.87,2.6,11,101200.0,9999999
03776,0,433,5.7,5.46,0.0,0.0,4.16,273.44,2.6,10,101300.0,9999999
03776,0,434,5.6,5.34,0.0,0.0,4.16,273.23,2.6,11,101400.0,9999999
03776,0,435,5.6,4.89,0.0,0.0,4.16,273.01,2.1,11,101500.0,9999999
03776,0,436,4.8,5.15,0.0,0.0,4.16,270.6,2.6,10,101600.0,9999999
03776,0,437,3.8,4.58,0.0,0.0,4.16,262.69,2.6,10,101700.0,9999999
03776,0,438,3.3,4.61,0.0,0.0,4.16,262.2,2.1,12,101800.0,9999999
03776,0,439,2.1,4.09,0.0,0.0,4.16,260.72,0.5,9,101900.0,9999999
03776,0,440,2.4,4.25,34.0,25.0,4.16,261.22,1.0,10,102000.0,9999999
03776,0,441,4.3,4.65,128.0,92.0,4.16,263.18,2.1,12,102200.0,9999999
03776,0,442,6.2,4.44,217.0,55.0,4.16,264.85,2.6,13,102300.0,9999999
03776,0,443,7.0,4.58,269.0,70.0,4.16,265.8,3.1,14,102300.0,9999999
03776,0,444,7.6,4.48,278.0,71.0,4.16,266.27,2.1,13,102300.0,9999999
03776,0,445,7.8,4.41,240.0,67.0,4.16,266.5,3.1,13,102300.0,9999999
03776,0,446,8.0,4.22,163.0,51.0,4.16,266.5,3.6,12,102400.0,9999999
03776,0,447,6.2,4.31,63.0,37.0,4.16,264.85,3.1,11,102500.0,9999999
03776,0,448,6.0,4.31,4.0,4.0,4.16,264.62,3.1,11,102600.0,9999999
03776,0,449,2.5,3.82,0.0,0.0,4.16,260.97,2.1,9,102700.0,9999999
03776,0,450,2.1,3.76,0.0,0.0,4.16,259.22,1.5,8,102700.0,9999999
03776,0,451,1.7,3.76,0.0,0.0,4.16,258.96,1.5,8,102800.0,9999999
03776,0,452,1.7,3.88,0.0,0.0,4.16,258.96,1.5,9,102800.0,9999999
03776,0,453,2.1,4.03,0.0,0.0,4.16,259.47,1.0,8,102800.0,9999999
03776,0,454,1.5,4.0,0.0,0.0,4.16,258.96,2.1,9,102800.0,9999999
03776,0,455,1.5,4.0,0.0,0.0,4.16,258.96,1.5,9,102800.0,9999999
03776,0,456,2.1,4.18,0.0,0.0,4.16,259.72,2.6,9,102800.0,9999999
03776,0,457,2.9,4.44,0.0,0.0,4.16,270.15,2.1,9,102800.0,9999999
03776,0,458,4.3,4.97,0.0,0.0,4.16,271.7,2.6,9,102800.0,9999999
03776,0,459,5.2,5.11,0.0,0.0,4.16,266.5,3.1,10,102800.0,9999999
03776,0,460,5.5,5.19,0.0,0.0,4.16,264.85,3.1,10,102800.0,9999999
03776,0,461,5.3,5.23,0.0,0.0,4.16,268.57,2.6,10,102800.0,9999999
03776,0,462,5.4,5.34,0.0,0.0,4.16,264.85,2.6,10,102800.0,9999999
03776,0,463,6.0,5.58,0.0,0.0,4.16,265.33,3.1,10,102800.0,9999999
03776,0,464,6.4,5.66,7.0,7.0,4.16,265.8,2.6,8,102800.0,9999999
03776,0,465,7.5,6.04,26.0,26.0,4.16,270.37,2.6,9,102800.0,9999999
03776,0,466,8.3,6.3,111.0,103.0,4.16,271.92,3.6,11,102900.0,9999999
03776,0,467,9.1,6.3,138.0,130.0,4.16,271.92,3.6,10,102800.0,9999999
03776,0,468,9.4,6.04,143.0,134.0,4.16,272.14,3.6,11,102800.0,9999999
03776,0,469,9.3,5.62,124.0,117.0,4.16,272.58,4.1,11,102700.0,9999999
03776,0,470,8.8,5.66,120.0,89.0,4.16,270.82,4.1,11,102700.0,9999999
03776,0,471,8.7,5.54,34.0,34.0,4.16,271.26,3.6,11,102800.0,9999999
03776,0,472,8.1,5.66,2.0,2.0,4.16,274.09,3.1,10,102800.0,9999999
03776,0,473,8.1,5.54,0.0,0.0,4.16,273.87,3.1,10,102800.0,9999999
03776,0,474,8.0,5.62,0.0,0.0,4.16,273.87,3.1,9,102800.0,9999999
03776,0,475,8.2,5.58,0.0,0.0,4.16,276.0,4.1,10,102800.0,9999999
03776,0,476,8.0,5.58,0.0,0.0,4.16,275.79,2.6,10,102800.0,9999999
03776,0,477,7.9,5.62,0.0,0.0,4.16,273.87,2.6,10,102800.0,9999999
03776,0,478,7.8,5.62,0.0,0.0,4.16,275.58,2.6,12,102900.0,9999999
03776,0,479,7.9,5.74,0.0,0.0,4.16,275.79,3.6,11,102900.0,9999999
03776,0,480,7.5,5.78,0.0,0.0,4.16,275.36,3.1,11,102800.0,9999999
03776,0,481,7.3,5.78,0.0,0.0,4.16,275.15,2.1,11,102800.0,9999999
03776,0,482,6.6,5.66,0.0,0.0,4.16,269.93,2.1,11,102800.0,9999999
03776,0,483,6.8,5.78,0.0,0.0,4.16,272.8,1.5,11,102800.0,9999999
03776,0,484,7.9,6.04,0.0,0.0,4.16,274.09,3.1,13,102800.0,9999999
03776,0,485,8.1,5.99,0.0,0.0,4.16,274.09,3.6,14,102900.0,9999999
03776,0,486,7.9,6.08,0.0,0.0,4.16,274.09,3.1,14,102900.0,9999999
03776,0,487,7.5,5.99,0.0,0.0,4.16,269.25,2.6,14,102900.0,9999999
03776,0,488,7.2,5.82,34.0,26.0,4.16,269.25,3.1,14,102900.0,9999999
03776,0,489,7.7,5.74,124.0,75.0,4.16,269.7,4.1,15,103000.0,9999999
03776,0,490,8.0,5.34,221.0,54.0,4.16,268.12,4.1,16,103000.0,9999999
03776,0,491,8.7,4.51,276.0,60.0,4.16,267.43,4.6,16,103000.0,9999999
03776,0,492,9.0,4.25,285.0,72.0,4.16,267.43,5.1,1,103000.0,9999999
03776,0,493,9.0,4.25,247.0,69.0,4.16,268.34,5.1,1,103000.0,9999999
03776,0,494,8.0,4.31,147.0,73.0,4.16,269.7,5.7,1,103000.0,9999999
03776,0,495,7.6,3.97,50.0,45.0,4.16,269.93,5.7,1,103100.0,9999999
03776,0,496,6.9,4.03,4.0,4.0,4.16,269.25,4.6,1,103100.0,9999999
03776,0,497,6.6,3.85,0.0,0.0,4.16,271.26,5.1,1,103200.0,9999999
03776,0,498,5.6,3.48,0.0,0.0,4.16,264.62,4.1,1,103200.0,9999999
03776,0,499,4.8,3.82,0.0,0.0,4.16,263.18,4.1,1,103300.0,9999999
03776,0,500,4.3,3.79,0.0,0.0,4.16,263.42,3.6,16,103300.0,9999999
03776,0,501,4.6,3.51,0.0,0.0,4.16,265.8,4.1,16,103300.0,9999999
03776,0,502,4.2,3.35,0.0,0.0,4.16,264.14,3.6,16,103300.0,9999999
03776,0,503,3.8,3.37,0.0,0.0,4.16,261.71,3.6,16,103300.0,9999999
03776,0,504,3.6,3.4,0.0,0.0,4.16,261.71,3.1,1,103300.0,9999999
03776,0,505,3.3,3.56,0.0,0.0,4.16,261.47,2.6,16,103300.0,9999999
03776,0,506,2.9,3.7,0.0,0.0,4.16,264.38,2.1,16,103300.0,9999999
03776,0,507,3.0,3.79,0.0,0.0,4.16,265.33,3.1,16,103300.0,9999999
03776,0,508,3.4,3.94,0.0,0.0,4.16,265.8,4.1,1,103300.0,9999999
03776,0,509,3.3,3.79,0.0,0.0,4.16,265.56,4.1,1,103200.0,9999999
03776,0,510,3.4,3.82,0.0,0.0,4.16,264.85,4.1,16,103300.0,9999999
03776,0,511,3.2,3.94,0.0,0.0,4.16,264.85,3.6,16,103300.0,9999999
03776,0,512,3.3,3.97,27.0,26.0,4.16,265.8,4.6,16,103300.0,9999999
03776,0,513,4.0,3.97,70.0,59.0,4.16,268.8,5.7,1,103300.0,9999999
03776,0,514,4.5,4.0,116.0,109.0,4.16,269.48,5.7,1,103300.0,9999999
03776,0,515,5.1,4.0,144.0,133.0,4.16,269.93,8.7,1,103300.0,9999999
03776,0,516,5.2,4.03,148.0,139.0,4.16,270.15,7.2,1,103200.0,9999999
03776,0,517,5.1,4.18,51.0,51.0,4.16,271.92,5.7,1,103200.0,9999999
03776,0,518,4.7,4.51,35.0,35.0,4.16,271.92,5.1,2,103200.0,9999999
03776,0,519,4.7,4.65,15.0,15.0,4.16,271.92,4.6,2,103200.0,9999999
03776,0,520,4.9,4.51,3.0,3.0,4.16,270.15,4.6,2,103300.0,9999999
03776,0,521,4.8,4.61,0.0,0.0,4.16,270.15,4.1,2,103300.0,9999999
03776,0,522,4.8,4.41,0.0,0.0,4.16,271.92,3.6,3,103300.0,9999999
03776,0,523,4.7,4.38,0.0,0.0,4.16,269.93,2.6,4,103300.0,9999999
03776,0,524,4.5,4.31,0.0,0.0,4.16,269.7,2.6,3,103400.0,9999999
03776,0,525,4.4,4.18,0.0,0.0,4.16,269.48,1.5,4,103400.0,9999999
03776,0,526,4.2,4.22,0.0,0.0,4.16,271.26,1.0,4,103400.0,9999999
03776,0,527,4.3,3.97,0.0,0.0,4.16,271.04,2.1,3,103400.0,9999999
03776,0,528,4.3,3.88,0.0,0.0,4.16,271.04,1.0,3,103400.0,9999999
03776,0,529,4.3,3.73,0.0,0.0,4.16,270.82,1.0,3,103400.0,9999999
03776,0,530,4.3,3.65,0.0,0.0,4.16,270.82,1.5,3,103400.0,9999999
03776,0,531,4.2,3.7,0.0,0.0,4.16,268.8,1.5,4,103300.0,9999999
03776,0,532,4.0,3.62,0.0,0.0,4.16,268.57,1.0,3,103400.0,9999999
03776,0,533,3.9,3.76,0.0,0.0,4.16,268.57,1.0,4,103300.0,9999999
03776,0,534,3.4,3.67,0.0,0.0,4.16,268.12,1.0,14,103300.0,9999999
03776,0,535,3.1,3.82,0.0,0.0,4.16,267.89,1.0,16,103400.0,9999999
03776,0,536,3.0,3.97,20.0,20.0,4.16,267.89,0.0,0,103400.0,9999999
03776,0,537,3.6,4.25,71.0,66.0,4.16,268.8,1.0,16,103400.0,9999999
03776,0,538,4.7,3.67,118.0,111.0,4.16,269.25,1.0,4,103400.0,9999999
03776,0,539,5.1,3.32,146.0,135.0,4.16,269.48,1.0,1,103300.0,9999999
03776,0,540,5.6,3.22,151.0,140.0,4.16,269.7,0.0,0,103200.0,9999999
03776,0,541,5.3,3.35,132.0,123.0,4.16,269.7,1.0,13,103200.0,9999999
03776,0,542,5.3,3.62,92.0,87.0,4.16,269.93,1.0,14,103100.0,9999999
03776,0,543,5.0,3.7,39.0,39.0,4.16,269.7,2.1,14,103100.0,9999999
03776,0,544,4.5,3.43,4.0,4.0,4.16,269.03,1.0,14,103100.0,9999999
03776,0,545,4.2,3.43,0.0,0.0,4.16,268.57,2.1,15,103100.0,9999999
03776,0,546,3.8,3.29,0.0,0.0,4.16,268.12,3.1,14,103100.0,9999999
03776,0,547,3.6,3.32,0.0,0.0,4.16,267.89,3.1,15,103100.0,9999999
03776,0,548,3.3,3.22,0.0,0.0,4.16,265.09,2.1,15,103100.0,9999999
03776,0,549,2.6,3.32,0.0,0.0,4.16,264.62,1.5,15,103100.0,9999999
03776,0,550,2.0,3.32,0.0,0.0,4.16,266.5,0.0,0,103100.0,9999999
03776,0,551,2.1,3.29,0.0,0.0,4.16,266.5,1.0,14,103000.0,9999999
03776,0,552,1.3,3.27,0.0,0.0,4.16,263.18,1.0,13,103000.0,9999999
03776,0,553,0.5,3.12,0.0,0.0,4.16,259.22,1.5,14,103000.0,9999999
03776,0,554,0.3,2.99,0.0,0.0,4.16,261.96,0.0,0,103000.0,9999999
03776,0,555,0.0,3.22,0.0,0.0,4.16,264.38,0.0,0,103000.0,9999999
03776,0,556,0.1,3.24,0.0,0.0,4.16,264.38,0.0,0,103000.0,9999999
03776,0,557,0.9,3.09,0.0,0.0,4.16,265.09,1.0,1,103000.0,9999999
03776,0,558,0.4,3.35,0.0,0.0,4.16,264.85,1.0,1,103000.0,9999999
03776,0,559,1.3,3.29,0.0,0.0,4.16,267.66,1.5,1,103000.0,9999999
03776,0,560,2.0,3.17,21.0,21.0,4.16,266.27,2.6,3,103000.0,9999999
03776,0,561,2.3,3.17,73.0,60.0,4.16,266.5,2.1,4,103100.0,9999999
03776,0,562,2.7,3.19,47.0,47.0,4.16,268.8,1.0,4,103000.0,9999999
03776,0,563,3.2,3.62,58.0,58.0,4.16,269.7,1.0,4,103000.0,9999999
03776,0,564,3.6,3.73,60.0,60.0,4.16,270.15,2.1,4,103000.0,9999999
03776,0,565,3.8,3.91,52.0,52.0,4.16,270.6,1.5,4,102900.0,9999999
03776,0,566,3.6,3.65,37.0,37.0,4.16,270.15,3.1,4,102900.0,9999999
03776,0,567,3.7,3.51,41.0,41.0,4.16,268.12,2.6,4,102900.0,9999999
03776,0,568,3.5,3.53,2.0,2.0,4.16,269.93,3.6,4,103000.0,9999999
03776,0,569,2.7,3.19,0.0,0.0,4.16,268.8,4.1,4,103000.0,9999999
03776,0,570,2.5,3.17,0.0,0.0,4.16,268.57,3.1,4,103000.0,9999999
03776,0,571,2.0,3.17,0.0,0.0,4.16,268.12,4.1,4,103000.0,9999999
03776,0,572,1.9,3.04,0.0,0.0,4.16,267.89,3.1,4,103000.0,9999999
03776,0,573,1.8,3.17,0.0,0.0,4.16,267.89,3.6,4,103000.0,9999999
03776,0,574,1.6,3.12,0.0,0.0,4.16,267.66,3.1,4,103000.0,9999999
03776,0,575,1.6,3.04,0.0,0.0,4.16,267.66,3.1,4,103000.0,9999999
03776,0,576,1.3,2.95,0.0,0.0,4.16,267.2,2.6,4,102900.0,9999999
03776,0,577,1.0,2.95,0.0,0.0,4.16,266.96,1.5,4,102900.0,9999999
03776,0,578,0.9,3.07,0.0,0.0,4.16,266.96,2.6,5,102900.0,9999999
03776,0,579,0.7,3.09,0.0,0.0,4.16,266.73,2.1,5,102900.0,9999999
03776,0,580,0.6,3.07,0.0,0.0,4.16,266.73,2.1,4,102900.0,9999999
03776,0,581,0.4,3.02,0.0,0.0,4.16,266.5,1.0,4,102900.0,9999999
03776,0,582,0.4,3.02,0.0,0.0,4.16,266.5,2.1,3,102900.0,9999999
03776,0,583,0.4,3.09,0.0,0.0,4.16,266.5,1.0,5,102900.0,9999999
03776,0,584,0.1,3.56,8.0,8.0,4.16,266.73,1.0,3,102900.0,9999999
03776,0,585,0.0,2.99,29.0,29.0,4.16,266.03,1.5,3,102900.0,9999999
03776,0,586,0.2,3.12,48.0,48.0,4.16,266.27,1.0,2,102900.0,9999999
03776,0,587,0.3,3.02,59.0,59.0,4.16,266.27,0.0,0,102900.0,9999999
03776,0,588,0.5,2.99,61.0,61.0,4.16,266.5,2.1,4,102800.0,9999999
03776,0,589,0.5,3.09,53.0,53.0,4.16,266.5,1.5,3,102800.0,9999999
03776,0,590,0.8,3.17,38.0,38.0,4.16,266.96,0.0,0,102800.0,9999999
03776,0,591,1.0,3.17,17.0,17.0,4.16,267.2,0.0,0,102700.0,9999999
03776,0,592,1.3,3.12,2.0,2.0,4.16,267.43,2.1,2,102700.0,9999999
03776,0,593,0.8,3.24,0.0,0.0,4.16,265.09,2.6,2,102700.0,9999999
03776,0,594,1.0,3.27,0.0,0.0,4.16,267.2,3.1,3,102800.0,9999999
03776,0,595,1.4,3.29,0.0,0.0,4.16,267.66,2.6,2,102800.0,9999999
03776,0,596,1.6,3.45,0.0,0.0,4.16,267.89,1.5,1,102800.0,9999999
03776,0,597,1.7,3.48,0.0,0.0,4.16,268.12,2.1,4,102800.0,9999999
03776,0,598,1.6,3.48,0.0,0.0,4.16,268.12,2.6,2,102800.0,9999999
03776,0,599,1.7,3.4,0.0,0.0,4.16,268.12,2.1,3,102800.0,9999999
03776,0,600,1.7,3.22,0.0,0.0,4.16,267.89,2.1,1,102700.0,9999999
03776,0,601,1.7,3.22,0.0,0.0,4.16,267.89,2.6,2,102700.0,9999999
03776,0,602,1.8,3.17,0.0,0.0,4.16,267.89,2.1,2,102700.0,9999999
03776,0,603,1.7,3.29,0.0,0.0,4.16,267.89,1.0,16,102700.0,9999999
03776,0,604,1.7,3.29,0.0,0.0,4.16,267.89,1.0,16,102700.0,9999999
03776,0,605,2.0,3.48,0.0,0.0,4.16,268.34,0.5,16,102700.0,9999999
03776,0,606,2.1,3.51,0.0,0.0,4.16,268.57,2.1,1,102700.0,9999999
03776,0,607,2.6,3.67,0.0,0.0,4.16,269.25,2.6,1,102700.0,9999999
03776,0,608,2.9,3.73,9.0,9.0,4.16,269.48,2.6,1,102700.0,9999999
03776,0,609,3.2,3.85,30.0,30.0,4.16,269.93,2.1,2,102700.0,9999999
03776,0,610,3.3,3.97,48.0,48.0,4.16,270.15,2.1,16,102800.0,9999999
03776,0,611,3.7,4.03,59.0,59.0,4.16,270.6,2.1,16,102800.0,9999999
03776,0,612,3.8,4.06,61.0,61.0,4.16,270.6,2.6,16,102700.0,9999999
03776,0,613,3.8,4.15,54.0,54.0,4.16,270.82,2.6,1,102700.0,9999999
03776,0,614,3.7,4.18,38.0,38.0,4.16,270.6,3.1,1,102700.0,9999999
03776,0,615,3.4,4.18,17.0,17.0,4.16,270.37,3.6,1,102700.0,9999999
03776,0,616,3.1,4.25,2.0,2.0,4.16,270.15,3.6,1,102700.0,9999999
03776,0,617,3.0,4.22,0.0,0.0,4.16,269.93,3.1,1,102800.0,9999999
03776,0,618,2.9,4.15,0.0,0.0,4.16,269.93,3.6,1,102800.0,9999999
03776,0,619,2.8,4.22,0.0,0.0,4.16,269.7,3.1,1,102800.0,9999999
03776,0,620,2.8,4.22,0.0,0.0,4.16,269.7,2.6,1,102800.0,9999999
03776,0,621,2.8,4.22,0.0,0.0,4.16,269.7,2.6,2,102800.0,9999999
03776,0,622,2.7,4.25,0.0,0.0,4.16,269.7,2.6,1,102800.0,9999999
03776,0,623,2.7,4.18,0.0,0.0,4.16,269.7,3.1,1,102800.0,9999999
03776,0,624,2.6,4.18,0.0,0.0,4.16,269.48,3.1,1,102800.0,9999999
03776,0,625,2.6,4.18,0.0,0.0,4.16,269.48,2.6,1,102800.0,9999999
03776,0,626,2.6,4.25,0.0,0.0,4.16,269.7,2.6,1,102800.0,9999999
03776,0,627,2.5,4.22,0.0,0.0,4.16,269.48,2.6,2,102800.0,9999999
03776,0,628,2.5,4.22,0.0,0.0,4.16,269.48,2.1,1,102800.0,9999999
03776,0,629,2.5,4.22,0.0,0.0,4.16,269.48,2.1,1,102800.0,9999999
03776,0,630,2.6,4.25,0.0,0.0,4.16,269.7,2.1,2,102900.0,9999999
03776,0,631,2.6,4.25,0.0,0.0,4.16,269.7,2.6,2,102900.0,9999999
03776,0,632,2.7,4.22,9.0,9.0,4.16,269.7,2.6,3,102900.0,9999999
03776,0,633,2.6,4.25,30.0,30.0,4.16,269.7,3.1,3,102900.0,9999999
03776,0,634,2.8,4.22,49.0,49.0,4.16,269.7,2.6,2,103000.0,9999999
03776,0,635,2.9,4.18,60.0,60.0,4.16,269.93,2.6,2,102900.0,9999999
03776,0,636,3.2,4.12,62.0,62.0,4.16,270.15,2.6,3,102900.0,9999999
03776,0,637,3.4,4.09,55.0,55.0,4.16,270.37,2.6,2,102900.0,9999999
03776,0,638,3.3,4.15,39.0,39.0,4.16,270.15,2.6,3,102800.0,9999999
03776,0,639,3.5,3.7,46.0,46.0,4.16,268.12,1.5,4,102800.0,9999999
03776,0,640,3.3,3.76,6.0,6.0,4.16,268.12,2.1,3,102900.0,9999999
03776,0,641,3.2,3.62,0.0,0.0,4.16,269.7,2.6,3,102900.0,9999999
03776,0,642,3.0,3.62,0.0,0.0,4.16,269.48,3.6,3,102800.0,9999999
03776,0,643,3.1,3.65,0.0,0.0,4.16,269.7,3.1,3,102900.0,9999999
03776,0,644,3.1,3.91,0.0,0.0,4.16,269.93,3.6,2,102800.0,9999999
03776,0,645,2.8,3.97,0.0,0.0,4.16,269.7,2.1,3,102800.0,9999999
03776,0,646,2.8,3.73,0.0,0.0,4.16,269.48,2.1,3,102800.0,9999999
03776,0,647,2.9,3.51,0.0,0.0,4.16,269.25,1.5,3,102700.0,9999999
03776,0,648,2.8,3.56,0.0,0.0,4.16,269.25,1.0,3,102700.0,9999999
03776,0,649,2.9,3.51,0.0,0.0,4.16,269.25,1.5,3,102700.0,9999999
03776,0,650,3.1,3.51,0.0,0.0,4.16,269.48,1.0,4,102600.0,9999999
03776,0,651,3.0,3.59,0.0,0.0,4.16,269.48,1.5,3,102600.0,9999999
03776,0,652,2.9,3.67,0.0,0.0,4.16,269.48,1.5,3,102500.0,9999999
03776,0,653,3.2,3.62,0.0,0.0,4.16,269.7,1.0,4,102500.0,9999999
03776,0,654,3.2,3.62,0.0,0.0,4.16,269.7,1.5,4,102500.0,9999999
03776,0,655,3.4,3.51,0.0,0.0,4.16,269.7,2.6,5,102500.0,9999999
03776,0,656,3.5,3.37,10.0,10.0,4.16,269.7,1.0,4,102500.0,9999999
03776,0,657,3.5,3.37,80.0,78.0,4.16,267.89,1.5,4,102500.0,9999999
03776,0,658,3.7,3.43,50.0,50.0,4.16,269.93,1.0,5,102400.0,9999999
03776,0,659,3.8,3.48,61.0,61.0,4.16,270.15,1.5,5,102400.0,9999999
03776,0,660,3.7,3.43,63.0,63.0,4.16,269.93,3.1,5,102300.0,9999999
03776,0,661,3.4,3.35,56.0,56.0,4.16,269.7,2.1,5,102300.0,9999999
03776,0,662,3.4,3.32,40.0,40.0,4.16,269.7,2.1,4,102200.0,9999999
03776,0,663,2.9,3.27,19.0,19.0,4.16,269.03,2.1,5,102200.0,9999999
03776,0,664,2.7,3.29,3.0,3.0,4.16,269.03,1.5,5,102300.0,9999999
03776,0,665,2.5,3.14,0.0,0.0,4.16,268.57,1.5,5,102300.0,9999999
03776,0,666,2.2,3.22,0.0,0.0,4.16,268.34,2.1,5,102300.0,9999999
03776,0,667,2.0,3.17,0.0,0.0,4.16,268.12,2.1,6,102200.0,9999999
03776,0,668,1.8,3.19,0.0,0.0,4.16,267.89,2.1,5,102200.0,9999999
03776,0,669,1.6,3.19,0.0,0.0,4.16,267.66,1.5,7,102200.0,9999999
03776,0,670,1.5,3.17,0.0,0.0,4.16,267.66,2.1,6,102200.0,9999999
03776,0,671,1.3,3.14,0.0,0.0,4.16,267.43,2.1,6,102100.0,9999999
03776,0,672,1.3,3.12,0.0,0.0,4.16,267.43,2.1,7,102100.0,9999999
03776,0,673,1.1,3.14,0.0,0.0,4.16,267.2,2.1,6,102100.0,9999999
03776,0,674,1.1,3.04,0.0,0.0,4.16,267.2,2.1,6,102000.0,9999999
03776,0,675,1.1,2.97,0.0,0.0,4.16,266.96,2.1,5,102000.0,9999999
03776,0,676,1.0,3.04,0.0,0.0,4.16,266.96,1.5,5,102000.0,9999999
03776,0,677,1.0,3.04,0.0,0.0,4.16,266.96,1.0,7,101900.0,9999999
03776,0,678,0.9,3.02,0.0,0.0,4.16,266.96,1.0,7,101900.0,9999999
03776,0,679,1.0,3.04,0.0,0.0,4.16,266.96,2.6,7,101900.0,9999999
03776,0,680,1.3,2.95,10.0,10.0,4.16,267.2,2.1,5,101900.0,9999999
03776,0,681,1.2,3.09,32.0,32.0,4.16,267.2,1.5,4,101900.0,9999999
03776,0,682,1.3,3.04,51.0,51.0,4.16,267.43,2.1,6,101900.0,9999999
03776,0,683,1.5,2.97,62.0,62.0,4.16,267.43,2.1,5,101800.0,9999999
03776,0,684,1.4,2.97,65.0,65.0,4.16,267.43,2.1,5,101800.0,9999999
03776,0,685,1.4,2.97,57.0,57.0,4.16,267.43,1.5,6,101800.0,9999999
03776,0,686,1.3,3.04,41.0,41.0,4.16,267.43,1.0,4,101700.0,9999999
03776,0,687,1.2,2.99,20.0,20.0,4.16,267.2,1.0,6,101800.0,9999999
03776,0,688,1.1,3.04,3.0,3.0,4.16,267.2,1.0,4,101800.0,9999999
03776,0,689,1.2,3.09,0.0,0.0,4.16,267.2,1.0,4,101800.0,9999999
03776,0,690,1.2,3.09,0.0,0.0,4.16,267.2,1.0,4,101800.0,9999999
03776,0,691,1.2,3.09,0.0,0.0,4.16,267.2,1.0,4,101800.0,9999999
03776,0,692,1.0,3.17,0.0,0.0,4.16,267.2,1.0,4,101800.0,9999999
03776,0,693,0.9,3.32,0.0,0.0,4.16,267.2,0.0,0,101800.0,9999999
03776,0,694,0.8,3.37,0.0,0.0,4.16,267.2,0.0,0,101800.0,9999999
03776,0,695,0.9,3.4,0.0,0.0,4.16,267.2,0.0,0,101800.0,9999999
03776,0,696,0.6,3.35,0.0,0.0,4.16,266.96,0.0,0,101800.0,9999999
03776,0,697,0.7,3.07,0.0,0.0,4.16,266.73,0.0,0,101700.0,9999999
03776,0,698,0.6,3.14,0.0,0.0,4.16,266.73,1.0,14,101700.0,9999999
03776,0,699,0.8,3.14,0.0,0.0,4.16,266.96,0.0,0,101700.0,9999999
03776,0,700,0.8,3.19,0.0,0.0,4.16,266.96,0.0,0,101700.0,9999999
03776,0,701,0.8,2.9,0.0,0.0,4.16,266.73,1.5,3,101700.0,9999999
03776,0,702,0.7,3.17,0.0,0.0,4.16,266.96,0.0,0,101700.0,9999999
03776,0,703,0.7,3.43,0.0,0.0,4.16,267.2,1.0,2,101700.0,9999999
03776,0,704,0.8,2.92,11.0,11.0,4.16,266.73,1.0,16,101800.0,9999999
03776,0,705,0.8,2.63,33.0,33.0,4.16,266.5,1.0,1,101800.0,9999999
03776,0,706,0.9,2.81,52.0,52.0,4.16,266.73,1.0,4,101800.0,9999999
03776,0,707,1.0,2.76,63.0,63.0,4.16,266.73,2.1,3,101700.0,9999999
03776,0,708,1.2,2.9,66.0,66.0,4.16,266.96,1.0,1,101700.0,9999999
03776,0,709,1.4,2.97,149.0,141.0,4.16,265.56,2.1,16,101700.0,9999999
03776,0,710,1.6,2.95,42.0,42.0,4.16,267.43,1.5,1,101600.0,9999999
03776,0,711,1.4,2.81,21.0,21.0,4.16,267.2,2.6,2,101600.0,9999999
03776,0,712,1.2,3.07,3.0,3.0,4.16,267.2,2.1,3,101700.0,9999999
03776,0,713,1.2,2.99,0.0,0.0,4.16,267.2,2.1,2,101700.0,9999999
03776,0,714,1.1,2.95,0.0,0.0,4.16,266.96,1.5,4,101700.0,9999999
03776,0,715,1.1,3.04,0.0,0.0,4.16,267.2,1.0,1,101700.0,9999999
03776,0,716,1.1,2.95,0.0,0.0,4.16,265.09,2.1,16,101600.0,9999999
03776,0,717,0.9,2.97,0.0,0.0,4.16,266.96,2.1,1,101600.0,9999999
03776,0,718,0.7,2.85,0.0,0.0,4.16,266.5,2.1,1,101600.0,9999999
03776,0,719,0.6,2.95,0.0,0.0,4.16,266.5,2.1,3,101600.0,9999999
03776,0,720,0.4,2.9,0.0,0.0,4.16,266.27,2.1,3,101600.0,9999999
03776,0,721,0.2,2.99,0.0,0.0,4.16,266.27,2.1,3,101600.0,9999999
03776,0,722,0.1,3.04,0.0,0.0,4.16,266.27,1.5,4,101600.0,9999999
03776,0,723,0.0,2.99,0.0,0.0,4.16,266.03,2.1,3,101600.0,9999999
03776,0,724,-0.1,3.12,0.0,0.0,4.16,266.03,1.0,3,101600.0,9999999
03776,0,725,-0.1,3.12,0.0,0.0,4.16,266.03,1.2,3,101600.0,9999999
03776,0,726,0.0,3.09,0.0,0.0,4.16,266.03,1.5,4,101600.0,9999999
03776,0,727,0.3,3.24,0.0,0.0,4.16,266.5,2.6,2,101600.0,9999999
03776,0,728,0.3,3.09,11.0,11.0,4.16,266.5,3.6,3,101600.0,9999999
03776,0,729,0.6,3.02,34.0,34.0,4.16,266.5,3.1,3,101600.0,9999999
03776,0,730,1.0,2.99,53.0,53.0,4.16,266.96,3.1,3,101600.0,9999999
03776,0,731,1.3,3.09,64.0,64.0,4.16,267.43,2.6,4,101600.0,9999999
03776,0,732,1.8,3.48,66.0,66.0,4.16,268.12,2.6,4,101600.0,9999999
03776,0,733,1.8,3.32,59.0,59.0,4.16,268.12,3.6,4,101500.0,9999999
03776,0,734,1.7,3.56,43.0,43.0,4.16,268.12,2.1,5,101500.0,9999999
03776,0,735,2.0,3.82,54.0,54.0,4.16,266.73,1.0,4,101600.0,9999999
03776,0,736,1.9,3.82,9.0,9.0,4.16,266.73,1.5,4,101600.0,9999999
03776,0,737,1.6,3.76,0.0,0.0,4.16,268.34,1.5,4,101600.0,9999999
03776,0,738,1.0,3.7,0.0,0.0,4.16,265.8,1.5,4,101700.0,9999999
03776,0,739,1.3,3.79,0.0,0.0,4.16,267.89,1.0,4,101600.0,9999999
03776,0,740,1.6,3.88,0.0,0.0,4.16,268.34,2.1,3,101600.0,9999999
03776,0,741,2.0,3.97,0.0,0.0,4.16,268.8,2.6,4,101500.0,9999999
03776,0,742,2.6,4.06,0.0,0.0,4.16,269.48,3.1,3,101500.0,9999999
03776,0,743,3.5,4.22,0.0,0.0,4.16,268.57,2.6,6,101300.0,9999999
03776,0,744,4.4,4.38,0.0,0.0,5.3,269.48,4.1,9,101200.0,9999999
03776,0,745,5.3,4.58,0.0,0.0,5.3,270.6,3.6,9,101000.0,9999999
03776,0,746,6.0,4.79,0.0,0.0,5.3,271.48,5.1,9,100900.0,9999999
03776,0,747,6.5,5.04,0.0,0.0,5.3,272.14,4.6,8,100800.0,9999999
03776,0,748,6.9,5.23,0.0,0.0,5.3,274.52,6.2,9,100600.0,9999999
03776,0,749,7.3,5.46,0.0,0.0,5.3,274.94,7.2,9,100500.0,9999999
03776,0,750,7.6,4.97,0.0,0.0,5.3,274.94,7.2,9,100400.0,9999999
03776,0,751,7.8,5.11,0.0,0.0,5.3,275.36,8.2,9,100300.0,9999999
03776,0,752,7.9,5.19,10.0,10.0,5.3,275.36,8.2,9,100300.0,9999999
03776,0,753,7.9,5.27,32.0,32.0,5.3,275.58,7.7,9,100200.0,9999999
03776,0,754,8.1,5.34,51.0,51.0,5.3,275.79,9.8,9,100100.0,9999999
03776,0,755,8.2,5.42,62.0,62.0,5.3,275.79,9.8,9,100000.0,9999999
03776,0,756,8.2,5.7,64.0,64.0,5.3,276.0,10.3,9,99900.0,9999999
03776,0,757,8.0,5.95,57.0,57.0,5.3,276.0,8.7,9,99800.0,9999999
03776,0,758,8.3,6.3,41.0,41.0,5.3,276.41,9.3,9,99700.0,9999999
03776,0,759,8.5,6.48,20.0,20.0,5.3,276.83,10.3,10,99600.0,9999999
03776,0,760,8.5,6.21,8.0,8.0,5.3,274.73,6.2,11,99800.0,9999999
03776,0,761,8.1,5.38,0.0,0.0,5.3,270.6,7.2,11,99900.0,9999999
03776,0,762,6.6,4.18,0.0,0.0,5.3,265.09,9.3,12,100100.0,9999999
03776,0,763,5.8,4.0,0.0,0.0,5.3,262.93,8.2,12,100200.0,9999999
03776,0,764,5.0,3.7,0.0,0.0,5.3,261.96,7.2,12,100300.0,9999999
03776,0,765,4.0,3.73,0.0,0.0,5.3,260.97,6.7,12,100400.0,9999999
03776,0,766,2.8,3.67,0.0,0.0,5.3,259.97,3.6,11,100600.0,9999999
03776,0,767,2.2,3.62,0.0,0.0,5.3,259.22,2.6,11,100700.0,9999999
03776,0,768,2.0,3.37,0.0,0.0,5.3,258.96,3.1,11,100800.0,9999999
03776,0,769,1.0,3.19,0.0,0.0,5.3,257.69,2.1,11,100900.0,9999999
03776,0,770,0.3,3.29,0.0,0.0,5.3,257.17,3.1,11,100900.0,9999999
03776,0,771,0.3,3.35,0.0,0.0,5.3,258.45,0.0,0,100900.0,9999999
03776,0,772,0.3,3.4,0.0,0.0,5.3,261.71,2.6,10,100900.0,9999999
03776,0,773,0.8,3.45,0.0,0.0,5.3,262.2,0.5,6,100900.0,9999999
03776,0,774,0.7,3.35,0.0,0.0,5.3,259.72,0.0,0,100900.0,9999999
03776,0,775,0.3,3.4,2.0,2.0,5.3,259.47,0.5,4,100900.0,9999999
03776,0,776,0.7,3.32,28.0,28.0,5.3,260.97,1.0,8,100900.0,9999999
03776,0,777,2.3,3.59,119.0,95.0,5.3,261.47,1.0,9,100900.0,9999999
03776,0,778,3.1,3.67,133.0,128.0,5.3,265.33,1.0,3,100900.0,9999999
03776,0,779,6.3,3.7,274.0,153.0,5.3,265.33,1.0,5,100800.0,9999999
03776,0,780,6.7,3.35,169.0,161.0,5.3,267.2,2.1,7,100700.0,9999999
03776,0,781,6.7,2.92,151.0,141.0,5.3,267.2,1.0,4,100700.0,9999999
03776,0,782,6.4,3.14,110.0,105.0,5.3,267.89,1.0,6,100600.0,9999999
03776,0,783,6.3,3.37,76.0,68.0,5.3,266.73,2.6,6,100500.0,9999999
03776,0,784,5.4,3.51,17.0,17.0,5.3,264.38,2.1,4,100500.0,9999999
03776,0,785,4.2,3.48,0.0,0.0,5.3,262.2,3.1,4,100400.0,9999999
03776,0,786,3.2,3.59,0.0,0.0,5.3,261.47,3.6,4,100300.0,9999999
03776,0,787,2.9,3.59,0.0,0.0,5.3,261.96,1.5,4,100400.0,9999999
03776,0,788,1.9,3.65,0.0,0.0,5.3,258.96,2.6,4,100300.0,9999999
03776,0,789,0.9,3.56,0.0,0.0,5.3,257.94,2.1,4,100200.0,9999999
03776,0,790,0.9,3.56,0.0,0.0,5.3,257.94,1.5,4,100100.0,9999999
03776,0,791,1.0,3.51,0.0,0.0,5.3,259.22,2.1,5,99900.0,9999999
03776,0,792,1.8,3.27,0.0,0.0,5.3,259.72,3.6,5,99800.0,9999999
03776,0,793,2.1,3.43,0.0,0.0,5.3,266.5,3.6,4,99600.0,9999999
03776,0,794,2.7,3.7,0.0,0.0,5.3,267.43,4.1,4,99400.0,9999999
03776,0,795,3.3,3.91,0.0,0.0,5.3,268.12,5.7,5,99200.0,9999999
03776,0,796,3.4,3.85,0.0,0.0,5.3,268.12,5.1,5,99000.0,9999999
03776,0,797,3.4,4.18,0.0,0.0,5.3,270.37,5.7,5,98800.0,9999999
03776,0,798,3.6,4.51,0.0,0.0,5.3,270.82,5.7,5,98600.0,9999999
03776,0,799,4.3,4.86,1.0,1.0,5.3,271.7,4.6,5,98400.0,9999999
03776,0,800,5.4,5.19,11.0,11.0,5.3,273.01,4.6,5,98300.0,9999999
03776,0,801,6.8,5.74,33.0,33.0,5.3,274.73,4.6,6,98200.0,9999999
03776,0,802,8.5,6.71,52.0,52.0,5.3,272.36,5.1,7,98100.0,9999999
03776,0,803,9.4,6.85,64.0,64.0,5.3,273.44,5.1,8,98100.0,9999999
03776,0,804,9.6,6.57,66.0,66.0,5.3,276.0,5.1,8,98000.0,9999999
03776,0,805,10.3,6.39,151.0,129.0,5.3,272.14,6.2,8,98000.0,9999999
03776,0,806,10.6,5.74,111.0,107.0,5.3,269.93,6.7,8,98000.0,9999999
03776,0,807,9.6,5.34,56.0,56.0,5.3,271.92,6.7,8,98000.0,9999999
03776,0,808,9.1,5.74,10.0,10.0,5.3,272.58,4.6,8,98000.0,9999999
03776,0,809,8.9,5.38,0.0,0.0,5.3,270.15,5.7,8,98000.0,9999999
03776,0,810,8.5,5.27,0.0,0.0,5.3,267.66,5.7,8,98100.0,9999999
03776,0,811,8.0,5.23,0.0,0.0,5.3,267.2,4.6,8,98100.0,9999999
03776,0,812,8.6,4.44,0.0,0.0,5.3,269.25,6.7,8,98100.0,9999999
03776,0,813,7.9,4.35,0.0,0.0,5.3,268.57,6.2,8,98100.0,9999999
03776,0,814,7.6,4.51,0.0,0.0,5.3,268.8,6.2,8,98200.0,9999999
03776,0,815,7.7,4.35,0.0,0.0,5.3,272.8,7.7,8,98200.0,9999999
03776,0,816,7.6,4.38,0.0,0.0,5.3,272.8,6.7,8,98200.0,9999999
03776,0,817,7.6,4.51,0.0,0.0,5.3,272.8,6.2,8,98200.0,9999999
03776,0,818,7.3,4.65,0.0,0.0,5.3,272.58,7.7,8,98200.0,9999999
03776,0,819,7.0,4.61,0.0,0.0,5.3,268.34,6.7,9,98200.0,9999999
03776,0,820,7.0,4.61,0.0,0.0,5.3,266.73,5.7,8,98300.0,9999999
03776,0,821,6.9,4.75,0.0,0.0,5.3,268.34,4.1,8,98400.0,9999999
03776,0,822,7.2,4.89,0.0,0.0,5.3,272.58,3.6,8,98500.0,9999999
03776,0,823,6.8,4.89,2.0,2.0,5.3,268.34,5.1,8,98600.0,9999999
03776,0,824,7.0,5.0,31.0,31.0,5.3,268.57,4.1,8,98700.0,9999999
03776,0,825,7.5,5.0,88.0,86.0,5.3,270.6,3.6,8,98800.0,9999999
03776,0,826,7.9,5.08,137.0,133.0,5.3,273.44,4.1,8,98800.0,9999999
03776,0,827,8.1,5.08,167.0,154.0,5.3,273.66,3.6,9,98900.0,9999999
03776,0,828,8.3,4.61,174.0,159.0,5.3,273.44,4.6,8,98900.0,9999999
03776,0,829,8.0,5.0,155.0,143.0,5.3,273.44,4.1,8,99000.0,9999999
03776,0,830,7.7,4.72,114.0,110.0,5.3,273.01,2.6,8,99000.0,9999999
03776,0,831,7.6,4.86,58.0,58.0,5.3,273.01,3.6,7,99100.0,9999999
03776,0,832,7.4,4.89,10.0,10.0,5.3,272.8,3.1,7,99200.0,9999999
03776,0,833,6.8,5.0,0.0,0.0,5.3,268.34,1.5,7,99300.0,9999999
03776,0,834,6.2,4.97,0.0,0.0,5.3,266.27,1.0,6,99300.0,9999999
03776,0,835,5.5,4.93,0.0,0.0,5.3,264.62,1.0,8,99400.0,9999999
03776,0,836,5.1,4.97,0.0,0.0,5.3,265.09,1.0,7,99400.0,9999999
03776,0,837,4.8,4.93,0.0,0.0,5.3,270.37,1.0,8,99400.0,9999999
03776,0,838,4.6,4.97,0.0,0.0,5.3,270.15,1.0,9,99500.0,9999999
03776,0,839,4.4,4.89,0.0,0.0,5.3,263.42,1.0,8,99500.0,9999999
03776,0,840,4.3,4.82,0.0,0.0,5.3,263.42,1.0,8,99600.0,9999999
03776,0,841,3.6,4.61,0.0,0.0,5.3,262.69,1.0,7,99600.0,9999999
03776,0,842,3.1,4.51,0.0,0.0,5.3,260.72,0.0,0,99600.0,9999999
03776,0,843,0.1,3.65,0.0,0.0,5.3,257.43,0.0,0,99700.0,9999999
03776,0,844,-0.7,3.51,0.0,0.0,5.3,256.39,0.0,0,99700.0,9999999
03776,0,845,-1.8,3.17,0.0,0.0,5.3,255.07,0.0,0,99800.0,9999999
03776,0,846,-1.3,3.29,0.0,0.0,5.3,255.6,0.0,0,99800.0,9999999
03776,0,847,-1.6,3.22,4.0,4.0,5.3,255.33,0.0,0,99900.0,9999999
03776,0,848,-0.5,3.32,63.0,44.0,5.3,257.69,0.0,0,100000.0,9999999
03776,0,849,1.2,3.73,173.0,89.0,5.3,259.72,0.5,12,100000.0,9999999
03776,0,850,5.5,4.79,268.0,81.0,5.3,264.38,1.0,3,100100.0,9999999
03776,0,851,9.5,5.54,311.0,104.0,5.3,269.7,2.1,9,100100.0,9999999
03776,0,852,8.8,5.19,323.0,134.0,5.3,268.8,2.6,11,100100.0,9999999
03776,0,853,8.8,5.08,288.0,124.0,5.3,269.93,2.1,11,100100.0,9999999
03776,0,854,10.2,5.42,221.0,100.0,5.3,270.15,3.1,10,100100.0,9999999
03776,0,855,8.4,5.3,117.0,57.0,5.3,268.57,3.1,9,100100.0,9999999
03776,0,856,7.9,5.5,19.0,19.0,5.3,270.37,1.5,8,100200.0,9999999
03776,0,857,6.3,5.42,0.0,0.0,5.3,265.56,1.5,9,100200.0,9999999
03776,0,858,4.9,5.19,0.0,0.0,5.3,265.09,1.5,10,100300.0,9999999
03776,0,859,4.6,5.15,0.0,0.0,5.3,264.85,1.5,9,100300.0,9999999
03776,0,860,3.7,4.82,0.0,0.0,5.3,262.69,1.0,9,100300.0,9999999
03776,0,861,3.1,4.61,0.0,0.0,5.3,260.97,1.0,8,100300.0,9999999
03776,0,862,2.7,4.48,0.0,0.0,5.3,260.47,2.1,10,100400.0,9999999
03776,0,863,1.6,4.15,0.0,0.0,5.3,259.22,1.8,10,100400.0,9999999
03776,0,864,0.5,3.85,0.0,0.0,5.3,257.94,1.5,8,100400.0,9999999
03776,0,865,-0.9,3.45,0.0,0.0,5.3,258.2,0.0,0,100400.0,9999999
03776,0,866,-0.8,3.48,0.0,0.0,5.3,263.9,0.0,0,100400.0,9999999
03776,0,867,-1.2,3.37,0.0,0.0,5.3,259.22,0.0,0,100400.0,9999999
03776,0,868,-1.5,3.24,0.0,0.0,5.3,256.65,0.0,0,100400.0,9999999
03776,0,869,-1.4,3.19,0.0,0.0,5.3,259.22,0.0,0,100400.0,9999999
03776,0,870,1.4,3.97,0.0,0.0,5.3,259.97,1.0,8,100400.0,9999999
03776,0,871,1.8,4.12,4.0,4.0,5.3,263.18,1.0,9,100400.0,9999999
03776,0,872,5.2,4.72,60.0,47.0,5.3,264.14,2.6,8,100400.0,9999999
03776,0,873,6.5,5.08,155.0,85.0,5.3,265.56,2.1,8,100400.0,9999999
03776,0,874,7.6,5.3,222.0,125.0,5.3,270.82,4.1,9,100400.0,9999999
03776,0,875,8.2,5.3,244.0,170.0,5.3,271.26,5.1,9,100300.0,9999999
03776,0,876,8.6,5.04,220.0,175.0,5.3,269.7,6.2,9,100200.0,9999999
03776,0,877,8.8,5.3,160.0,148.0,5.3,270.6,5.1,8,100200.0,9999999
03776,0,878,8.4,5.19,119.0,114.0,5.3,268.34,6.2,9,100200.0,9999999
03776,0,879,8.0,5.19,62.0,62.0,5.3,268.12,4.6,9,100200.0,9999999
03776,0,880,7.8,5.19,12.0,12.0,5.3,273.44,4.6,8,100100.0,9999999
03776,0,881,7.2,5.82,0.0,0.0,5.3,275.15,4.1,8,100100.0,9999999
03776,0,882,7.2,5.74,0.0,0.0,5.3,275.15,4.6,8,100100.0,9999999
03776,0,883,7.2,5.82,0.0,0.0,5.3,275.15,5.7,8,100000.0,9999999
03776,0,884,7.3,5.87,0.0,0.0,5.3,275.15,6.2,8,100000.0,9999999
03776,0,885,7.4,5.99,0.0,0.0,5.3,275.36,5.1,8,100000.0,9999999
03776,0,886,7.8,6.16,0.0,0.0,5.3,276.0,4.6,9,99900.0,9999999
03776,0,887,8.0,6.16,0.0,0.0,5.3,276.21,5.7,9,99900.0,9999999
03776,0,888,7.3,6.04,0.0,0.0,5.3,273.44,3.1,10,100000.0,9999999
03776,0,889,5.5,5.3,0.0,0.0,5.3,266.96,2.6,10,100000.0,9999999
03776,0,890,4.5,5.11,0.0,0.0,5.3,270.15,1.5,9,100000.0,9999999
03776,0,891,3.6,4.79,0.0,0.0,5.3,262.69,1.5,10,100000.0,9999999
03776,0,892,3.0,4.54,0.0,0.0,5.3,265.09,1.5,9,100000.0,9999999
03776,0,893,5.0,5.04,0.0,0.0,5.3,266.73,2.6,9,100100.0,9999999
03776,0,894,4.9,4.97,0.0,0.0,5.3,267.89,1.5,9,100100.0,9999999
03776,0,895,2.7,4.44,5.0,5.0,5.3,261.71,1.5,10,100200.0,9999999
03776,0,896,3.6,4.51,70.0,47.0,5.3,262.45,1.5,9,100200.0,9999999
03776,0,897,6.0,4.79,185.0,73.0,5.3,264.85,2.6,11,100300.0,9999999
03776,0,898,7.4,4.61,283.0,78.0,5.3,266.27,4.1,11,100300.0,9999999
03776,0,899,8.4,4.38,340.0,81.0,5.3,266.96,3.6,11,100300.0,9999999
03776,0,900,8.5,4.03,349.0,84.0,5.3,268.8,4.1,11,100400.0,9999999
03776,0,901,7.7,4.18,300.0,108.0,5.3,268.34,4.1,12,100300.0,9999999
03776,0,902,6.5,4.51,233.0,86.0,5.3,267.43,1.0,12,100400.0,9999999
03776,0,903,7.7,4.35,126.0,59.0,5.3,267.2,3.1,13,100400.0,9999999
03776,0,904,5.6,4.09,25.0,24.0,5.3,265.09,1.5,10,100500.0,9999999
03776,0,905,4.1,4.0,0.0,0.0,5.3,264.62,3.1,10,100500.0,9999999
03776,0,906,3.4,4.18,0.0,0.0,5.3,262.93,2.1,10,100600.0,9999999
03776,0,907,2.6,4.18,0.0,0.0,5.3,261.22,1.5,9,100700.0,9999999
03776,0,908,1.4,3.97,0.0,0.0,5.3,258.71,1.0,9,100800.0,9999999
03776,0,909,1.2,3.85,0.0,0.0,5.3,258.45,0.0,0,100800.0,9999999
03776,0,910,-1.3,3.22,0.0,0.0,5.3,255.6,0.0,0,100900.0,9999999
03776,0,911,-1.6,3.14,0.0,0.0,5.3,255.33,0.0,0,101000.0,9999999
03776,0,912,-1.9,3.12,0.0,0.0,5.3,255.07,0.0,0,101000.0,9999999
03776,0,913,-1.3,3.24,0.0,0.0,5.3,255.6,0.0,0,101000.0,9999999
03776,0,914,-2.4,2.99,0.0,0.0,5.3,254.27,0.0,0,101100.0,9999999
03776,0,915,-2.3,3.02,0.0,0.0,5.3,254.54,0.0,0,101100.0,9999999
03776,0,916,-2.1,2.99,0.0,0.0,5.3,254.8,0.0,0,101200.0,9999999
03776,0,917,-2.4,2.92,0.0,0.0,5.3,254.27,0.0,0,101200.0,9999999
03776,0,918,-3.0,2.83,0.0,0.0,5.3,253.73,0.0,0,101300.0,9999999
03776,0,919,-2.7,2.9,6.0,6.0,5.3,254.0,0.0,0,101300.0,9999999
03776,0,920,-0.2,2.95,74.0,49.0,5.3,256.39,0.0,0,101400.0,9999999
03776,0,921,3.8,4.15,191.0,83.0,5.3,261.22,0.5,11,101400.0,9999999
03776,0,922,6.1,4.44,290.0,76.0,5.3,263.66,3.1,11,101400.0,9999999
03776,0,923,7.6,4.51,349.0,77.0,5.3,266.27,2.6,11,101400.0,9999999
03776,0,924,8.3,4.41,360.0,78.0,5.3,266.96,3.1,10,101400.0,9999999
03776,0,925,7.5,4.44,318.0,87.0,5.3,266.96,4.1,10,101400.0,9999999
03776,0,926,7.8,4.58,176.0,120.0,5.3,269.03,2.1,9,101400.0,9999999
03776,0,927,7.4,4.68,67.0,67.0,5.3,268.34,4.6,9,101400.0,9999999
03776,0,928,7.1,4.93,14.0,14.0,5.3,268.12,4.1,9,101400.0,9999999
03776,0,929,7.1,5.23,0.0,0.0,5.3,269.48,3.1,9,101400.0,9999999
03776,0,930,7.1,5.23,0.0,0.0,5.3,270.15,4.1,10,101300.0,9999999
03776,0,931,7.3,5.5,0.0,0.0,5.3,273.23,4.6,10,101300.0,9999999
03776,0,932,7.3,5.66,0.0,0.0,5.3,275.15,5.1,9,101300.0,9999999
03776,0,933,7.2,5.91,0.0,0.0,5.3,275.15,4.6,9,101300.0,9999999
03776,0,934,7.2,6.12,0.0,0.0,5.3,275.36,4.1,9,101300.0,9999999
03776,0,935,7.4,6.21,0.0,0.0,5.3,275.58,3.6,9,101200.0,9999999
03776,0,936,7.6,6.3,0.0,0.0,5.3,275.79,2.6,10,101200.0,9999999
03776,0,937,7.6,6.39,0.0,0.0,5.3,275.79,1.5,11,101300.0,9999999
03776,0,938,7.1,6.04,0.0,0.0,5.3,268.8,3.1,12,101300.0,9999999
03776,0,939,6.0,5.58,0.0,0.0,5.3,265.33,2.1,12,101300.0,9999999
03776,0,940,5.9,5.54,0.0,0.0,5.3,264.14,3.1,13,101400.0,9999999
03776,0,941,5.5,5.3,0.0,0.0,5.3,263.66,2.1,13,101500.0,9999999
03776,0,942,4.7,5.19,0.0,0.0,5.3,263.9,1.5,13,101500.0,9999999
03776,0,943,1.2,3.97,7.0,7.0,5.3,259.72,1.0,9,101600.0,9999999
03776,0,944,2.9,4.61,77.0,50.0,5.3,262.69,1.0,10,101700.0,9999999
03776,0,945,5.9,5.11,186.0,77.0,5.3,263.9,1.0,12,101700.0,9999999
03776,0,946,7.4,4.97,242.0,129.0,5.3,265.09,2.6,13,101700.0,9999999
03776,0,947,8.3,4.68,182.0,151.0,5.3,265.8,3.6,12,101600.0,9999999
03776,0,948,7.7,4.09,189.0,172.0,5.3,266.96,4.6,13,101700.0,9999999
03776,0,949,8.4,3.62,240.0,163.0,5.3,267.2,5.7,13,101600.0,9999999
03776,0,950,7.8,3.4,215.0,124.0,5.3,267.66,5.1,13,101600.0,9999999
03776,0,951,7.8,3.22,118.0,77.0,5.3,268.12,5.1,14,101600.0,9999999
03776,0,952,7.3,3.56,15.0,15.0,5.3,269.25,3.1,14,101600.0,9999999
03776,0,953,6.5,3.53,0.0,0.0,5.3,271.04,2.1,13,101600.0,9999999
03776,0,954,5.3,3.53,0.0,0.0,5.3,264.38,3.1,13,101600.0,9999999
03776,0,955,4.6,3.56,0.0,0.0,5.3,261.47,2.6,13,101700.0,9999999
03776,0,956,4.1,3.4,0.0,0.0,5.3,260.97,3.1,13,101700.0,9999999
03776,0,957,3.4,3.48,0.0,0.0,5.3,260.22,2.1,13,101700.0,9999999
03776,0,958,2.2,3.48,0.0,0.0,5.3,259.22,1.5,12,101700.0,9999999
03776,0,959,0.9,3.32,0.0,0.0,5.3,257.69,2.6,12,101700.0,9999999
03776,0,960,2.3,3.45,0.0,0.0,5.3,259.22,3.6,12,101700.0,9999999
03776,0,961,0.9,3.4,0.0,0.0,5.3,257.94,2.6,12,101700.0,9999999
03776,0,962,2.4,3.59,0.0,0.0,5.3,259.47,2.1,14,101700.0,9999999
03776,0,963,2.1,3.67,0.0,0.0,5.3,259.22,2.6,14,101700.0,9999999
03776,0,964,2.2,3.7,0.0,0.0,5.3,259.22,3.1,14,101700.0,9999999
03776,0,965,1.9,3.7,0.0,0.0,5.3,258.96,3.6,14,101700.0,9999999
03776,0,966,1.9,3.79,0.0,0.0,5.3,259.22,3.6,15,101700.0,9999999
03776,0,967,1.4,3.82,8.0,8.0,5.3,258.71,1.5,16,101800.0,9999999
03776,0,968,3.4,4.0,81.0,53.0,5.3,260.72,1.0,15,101800.0,9999999
03776,0,969,4.7,4.12,201.0,86.0,5.3,263.18,2.6,14,101900.0,9999999
03776,0,970,5.9,4.28,300.0,79.0,5.3,263.18,2.6,15,101900.0,9999999
03776,0,971,7.3,4.38,360.0,78.0,5.3,266.03,2.6,15,101800.0,9999999
03776,0,972,8.5,3.94,373.0,78.0,5.3,267.66,2.6,14,101900.0,9999999
03776,0,973,8.1,3.91,173.0,123.0,5.3,267.2,2.6,14,101800.0,9999999
03776,0,974,8.0,3.97,130.0,124.0,5.3,267.2,2.6,15,101800.0,9999999
03776,0,975,7.5,4.09,102.0,83.0,5.3,268.57,1.5,15,101800.0,9999999
03776,0,976,6.5,4.06,27.0,26.0,5.3,266.96,1.0,13,101800.0,9999999
03776,0,977,5.6,3.82,0.0,0.0,5.3,266.96,1.0,12,101800.0,9999999
03776,0,978,3.0,4.06,0.0,0.0,5.3,264.14,0.0,0,101800.0,9999999
03776,0,979,1.6,3.76,0.0,0.0,5.3,259.97,0.0,0,101800.0,9999999
03776,0,980,1.5,3.82,0.0,0.0,5.3,259.97,0.5,9,101800.0,9999999
03776,0,981,1.6,3.76,0.0,0.0,5.3,262.69,0.0,0,101800.0,9999999
03776,0,982,0.7,3.67,0.0,0.0,5.3,262.2,0.0,0,101700.0,9999999
03776,0,983,0.4,3.65,0.0,0.0,5.3,265.09,0.0,0,101700.0,9999999
03776,0,984,0.7,3.73,0.0,0.0,5.3,265.56,0.0,0,101700.0,9999999
03776,0,985,2.1,3.94,0.0,0.0,5.3,260.72,0.0,0,101600.0,9999999
03776,0,986,2.0,3.94,0.0,0.0,5.3,266.96,1.0,5,101500.0,9999999
03776,0,987,2.3,4.0,0.0,0.0,5.3,264.14,1.0,5,101500.0,9999999
03776,0,988,2.7,4.28,0.0,0.0,5.3,263.42,2.1,4,101400.0,9999999
03776,0,989,2.9,4.44,0.0,0.0,5.3,262.69,0.5,4,101300.0,9999999
03776,0,990,4.1,4.61,0.0,0.0,5.3,262.93,2.6,6,101300.0,9999999
03776,0,991,4.4,4.61,2.0,2.0,5.3,271.7,3.1,6,101200.0,9999999
03776,0,992,4.6,4.86,17.0,17.0,5.3,271.92,2.6,7,101200.0,9999999
03776,0,993,4.6,4.86,41.0,41.0,5.3,267.66,3.6,7,101300.0,9999999
03776,0,994,4.6,4.79,61.0,61.0,5.3,267.66,3.1,6,101300.0,9999999
03776,0,995,5.0,4.82,73.0,73.0,5.3,267.2,2.6,6,101300.0,9999999
03776,0,996,5.5,4.97,76.0,76.0,5.3,267.2,2.6,6,101300.0,9999999
03776,0,997,6.3,4.61,68.0,68.0,5.3,267.66,4.6,6,101300.0,9999999
03776,0,998,6.3,4.44,133.0,124.0,5.3,269.03,4.1,6,101300.0,9999999
03776,0,999,6.2,4.48,29.0,29.0,5.3,273.23,3.6,5,101300.0,9999999
03776,0,1000,5.7,4.35,12.0,12.0,5.3,270.82,9.3,5,101400.0,9999999
03776,0,1001,5.3,4.22,0.0,0.0,5.3,267.89,3.1,4,101400.0,9999999
03776,0,1002,4.7,4.38,0.0,0.0,5.3,269.93,3.1,4,101500.0,9999999
03776,0,1003,4.7,4.38,0.0,0.0,5.3,269.93,3.6,4,101600.0,9999999
03776,0,1004,4.1,4.25,0.0,0.0,5.3,269.25,3.6,4,101600.0,9999999
03776,0,1005,3.3,3.97,0.0,0.0,5.3,262.69,3.1,4,101600.0,9999999
03776,0,1006,2.3,3.73,0.0,0.0,5.3,259.47,3.1,4,101700.0,9999999
03776,0,1007,1.2,3.65,0.0,0.0,5.3,258.45,2.6,4,101700.0,9999999
03776,0,1008,0.7,3.59,0.0,0.0,5.3,257.94,3.1,3,101800.0,9999999
03776,0,1009,0.5,3.53,0.0,0.0,5.3,257.69,3.1,4,101800.0,9999999
03776,0,1010,0.3,3.45,0.0,0.0,5.3,257.43,1.5,4,101800.0,9999999
03776,0,1011,0.1,3.32,0.0,0.0,5.3,257.17,2.6,4,101800.0,9999999
03776,0,1012,-0.5,3.24,0.0,0.0,5.3,256.39,2.6,4,101800.0,9999999
03776,0,1013,-0.3,3.22,0.0,0.0,5.3,256.65,2.6,4,101900.0,9999999
03776,0,1014,-0.2,3.24,0.0,0.0,5.3,256.65,2.6,4,101900.0,9999999
03776,0,1015,0.0,3.24,10.0,10.0,5.3,256.91,2.6,4,101900.0,9999999
03776,0,1016,1.0,3.14,90.0,81.0,5.3,257.69,2.1,4,102000.0,9999999
03776,0,1017,2.4,3.43,212.0,96.0,5.3,259.22,2.6,4,102000.0,9999999
03776,0,1018,4.7,3.97,312.0,81.0,5.3,261.96,2.6,4,102000.0,9999999
03776,0,1019,5.4,3.85,374.0,77.0,5.3,263.66,4.1,4,102000.0,9999999
03776,0,1020,6.0,3.82,386.0,77.0,5.3,264.38,5.1,4,102000.0,9999999
03776,0,1021,6.3,3.73,348.0,77.0,5.3,264.38,3.6,4,101900.0,9999999
03776,0,1022,6.3,3.48,265.0,77.0,5.3,265.09,5.1,4,101900.0,9999999
03776,0,1023,5.6,3.4,151.0,75.0,5.3,263.42,5.1,4,101900.0,9999999
03776,0,1024,4.3,3.43,35.0,32.0,5.3,262.45,5.1,4,102000.0,9999999
03776,0,1025,3.2,3.4,0.0,0.0,5.3,261.22,2.1,4,102000.0,9999999
03776,0,1026,2.1,3.43,0.0,0.0,5.3,258.96,2.6,4,102000.0,9999999
03776,0,1027,1.5,3.32,0.0,0.0,5.3,260.47,1.5,3,102000.0,9999999
03776,0,1028,1.1,3.22,0.0,0.0,5.3,261.71,1.0,4,102000.0,9999999
03776,0,1029,1.5,3.24,0.0,0.0,5.3,265.8,1.5,4,102000.0,9999999
03776,0,1030,1.8,3.27,0.0,0.0,5.3,266.27,2.1,4,102000.0,9999999
03776,0,1031,1.2,3.17,0.0,0.0,5.3,262.2,1.5,4,102000.0,9999999
03776,0,1032,0.5,3.04,0.0,0.0,5.3,260.47,2.6,4,102000.0,9999999
03776,0,1033,0.7,2.79,0.0,0.0,5.3,259.22,2.6,3,102000.0,9999999
03776,0,1034,1.1,2.81,0.0,0.0,5.3,262.69,2.1,3,102000.0,9999999
03776,0,1035,1.4,2.74,0.0,0.0,5.3,265.33,2.1,3,102000.0,9999999
03776,0,1036,1.3,2.79,0.0,0.0,5.3,265.09,2.1,3,101900.0,9999999
03776,0,1037,1.5,2.85,0.0,0.0,5.3,265.56,2.1,2,101900.0,9999999
03776,0,1038,1.7,2.83,0.0,0.0,5.3,265.56,3.1,3,101900.0,9999999
03776,0,1039,1.7,2.9,2.0,2.0,5.3,267.66,3.1,2,101900.0,9999999
03776,0,1040,1.6,2.9,48.0,48.0,5.3,265.56,3.6,4,101800.0,9999999
03776,0,1041,2.0,2.9,112.0,110.0,5.3,266.03,4.1,4,101800.0,9999999
03776,0,1042,2.7,2.9,164.0,146.0,5.3,266.73,6.7,4,101800.0,9999999
03776,0,1043,3.6,2.83,196.0,188.0,5.3,267.43,6.7,3,101800.0,9999999
03776,0,1044,2.7,3.12,202.0,194.0,5.3,266.96,6.7,3,101700.0,9999999
03776,0,1045,2.0,3.19,182.0,176.0,5.3,266.27,7.7,3,101700.0,9999999
03776,0,1046,0.7,3.53,139.0,131.0,5.3,265.33,7.2,3,101600.0,9999999
03776,0,1047,0.9,3.32,80.0,79.0,5.3,265.33,8.7,3,101600.0,9999999
03776,0,1048,-0.1,2.95,35.0,32.0,5.3,260.22,7.7,3,101500.0,9999999
03776,0,1049,-0.8,2.63,0.0,0.0,5.3,260.47,7.7,3,101500.0,9999999
03776,0,1050,-0.5,2.19,0.0,0.0,5.3,262.69,7.7,3,101500.0,9999999
03776,0,1051,-0.8,2.1,0.0,0.0,5.3,262.45,9.8,3,101500.0,9999999
03776,0,1052,-1.2,2.0,0.0,0.0,5.3,261.71,7.7,4,101500.0,9999999
03776,0,1053,-1.9,2.1,0.0,0.0,5.3,263.18,6.2,4,101400.0,9999999
03776,0,1054,-2.5,2.1,0.0,0.0,5.3,262.45,6.7,4,101400.0,9999999
03776,0,1055,-2.7,1.66,0.0,0.0,5.3,259.72,6.2,4,101400.0,9999999
03776,0,1056,-3.1,1.97,0.0,0.0,5.3,261.71,7.2,4,101300.0,9999999
03776,0,1057,-3.1,1.84,0.0,0.0,5.3,261.47,8.2,4,101300.0,9999999
03776,0,1058,-3.4,1.84,0.0,0.0,5.3,261.22,8.5,4,101200.0,9999999
03776,0,1059,-3.7,1.84,0.0,0.0,5.3,260.97,8.7,4,101100.0,9999999
03776,0,1060,-3.8,1.95,0.0,0.0,5.3,260.97,7.7,4,101100.0,9999999
03776,0,1061,-4.0,1.9,0.0,0.0,5.3,260.72,8.7,4,101000.0,9999999
03776,0,1062,-4.4,1.82,0.0,0.0,5.3,260.22,5.1,4,101000.0,9999999
03776,0,1063,-4.2,1.98,2.0,2.0,5.3,260.72,5.7,4,101000.0,9999999
03776,0,1064,-4.7,1.77,86.0,32.0,5.3,252.92,5.7,4,101000.0,9999999
03776,0,1065,-4.4,1.71,180.0,103.0,5.3,254.54,5.7,4,100900.0,9999999
03776,0,1066,-4.1,1.66,239.0,157.0,5.3,256.12,5.7,4,100900.0,9999999
03776,0,1067,-3.3,1.98,200.0,189.0,5.3,259.72,5.1,4,100900.0,9999999
03776,0,1068,-2.8,1.9,207.0,198.0,5.3,260.22,6.2,4,100800.0,9999999
03776,0,1069,-2.6,1.95,187.0,180.0,5.3,260.47,8.7,4,100700.0,9999999
03776,0,1070,-2.0,2.09,203.0,156.0,5.3,258.71,9.8,4,100600.0,9999999
03776,0,1071,-1.6,1.98,118.0,99.0,5.3,258.96,6.2,4,100600.0,9999999
03776,0,1072,-1.3,2.19,30.0,30.0,5.3,256.65,6.2,4,100500.0,9999999
03776,0,1073,-1.1,2.38,0.0,0.0,5.3,262.45,6.7,4,100500.0,9999999
03776,0,1074,-1.1,2.18,0.0,0.0,5.3,259.72,6.2,4,100400.0,9999999
03776,0,1075,-1.3,2.35,0.0,0.0,5.3,256.91,6.2,4,100400.0,9999999
03776,0,1076,-1.1,2.55,0.0,0.0,5.3,258.96,5.7,4,100400.0,9999999
03776,0,1077,-1.0,2.21,0.0,0.0,5.3,259.97,5.7,4,100300.0,9999999
03776,0,1078,-0.6,2.44,0.0,0.0,5.3,264.85,4.1,4,100200.0,9999999
03776,0,1079,-2.3,2.88,0.0,0.0,5.3,263.66,4.1,4,100200.0,9999999
03776,0,1080,-2.3,2.95,0.0,0.0,5.3,263.66,4.1,4,100200.0,9999999
03776,0,1081,-2.1,2.92,0.0,0.0,5.3,263.9,3.6,4,100100.0,9999999
03776,0,1082,-1.7,3.12,0.0,0.0,5.3,264.38,3.6,4,100100.0,9999999
03776,0,1083,-1.5,3.09,0.0,0.0,5.3,264.62,4.1,4,100000.0,9999999
03776,0,1084,-1.3,3.24,0.0,0.0,5.3,265.09,3.1,4,100000.0,9999999
03776,0,1085,-0.7,3.32,0.0,0.0,5.3,265.56,2.6,4,100000.0,9999999
03776,0,1086,0.2,3.37,0.0,0.0,5.3,260.97,2.6,7,100000.0,9999999
03776,0,1087,0.6,3.37,7.0,7.0,5.3,262.69,3.1,7,100100.0,9999999
03776,0,1088,0.9,3.04,53.0,53.0,5.3,261.96,3.1,7,100200.0,9999999
03776,0,1089,1.4,2.99,117.0,116.0,5.3,265.56,2.6,7,100200.0,9999999
03776,0,1090,2.5,3.24,170.0,164.0,5.3,266.73,3.1,7,100300.0,9999999
03776,0,1091,2.9,3.53,201.0,193.0,5.3,267.43,1.5,7,100300.0,9999999
03776,0,1092,3.0,3.62,81.0,81.0,5.3,269.48,1.0,5,100400.0,9999999
03776,0,1093,3.1,3.91,73.0,73.0,5.3,269.93,0.0,0,100400.0,9999999
03776,0,1094,3.5,4.31,56.0,56.0,5.3,270.6,0.5,5,100500.0,9999999
03776,0,1095,3.6,4.44,33.0,33.0,5.3,270.82,0.5,4,100500.0,9999999
03776,0,1096,3.1,4.51,9.0,9.0,5.3,270.37,2.1,4,100600.0,9999999
03776,0,1097,2.8,4.51,0.0,0.0,5.3,269.93,0.5,4,100700.0,9999999
03776,0,1098,3.3,4.61,0.0,0.0,5.3,270.6,0.5,4,100800.0,9999999
03776,0,1099,3.6,4.65,0.0,0.0,5.3,270.82,0.5,4,100800.0,9999999
03776,0,1100,5.1,5.08,0.0,0.0,5.3,272.58,2.6,6,100800.0,9999999
03776,0,1101,5.6,5.27,0.0,0.0,5.3,271.26,3.1,6,100800.0,9999999
03776,0,1102,5.8,5.34,0.0,0.0,5.3,273.44,2.1,6,100900.0,9999999
03776,0,1103,4.5,5.0,0.0,0.0,5.3,270.15,2.6,6,101000.0,9999999
03776,0,1104,6.0,5.3,0.0,0.0,5.3,271.7,2.6,7,101000.0,9999999
03776,0,1105,6.0,5.42,0.0,0.0,5.3,269.25,1.5,6,101000.0,9999999
03776,0,1106,5.2,5.19,0.0,0.0,5.3,270.82,1.0,5,101100.0,9999999
03776,0,1107,4.8,5.0,0.0,0.0,5.3,272.36,1.0,4,101100.0,9999999
03776,0,1108,4.9,5.19,0.0,0.0,5.3,270.6,1.0,4,101100.0,9999999
03776,0,1109,4.0,4.82,0.0,0.0,5.3,269.48,1.0,3,101200.0,9999999
03776,0,1110,3.8,4.82,0.0,0.0,5.3,266.73,2.1,7,101200.0,9999999
03776,0,1111,2.1,4.25,8.0,8.0,5.3,265.8,1.0,1,101200.0,9999999
03776,0,1112,3.4,4.68,55.0,55.0,5.3,268.8,0.5,16,101300.0,9999999
03776,0,1113,4.2,5.0,46.0,46.0,5.3,271.7,0.5,16,101300.0,9999999
03776,0,1114,4.8,5.23,67.0,67.0,5.3,272.36,0.5,2,101300.0,9999999
03776,0,1115,6.9,5.78,202.0,166.0,5.3,272.8,0.5,6,101400.0,9999999
03776,0,1116,7.3,5.78,209.0,190.0,5.3,273.23,0.5,10,101400.0,9999999
03776,0,1117,7.3,5.87,74.0,74.0,5.3,275.15,1.0,12,101400.0,9999999
03776,0,1118,6.9,5.87,57.0,57.0,5.3,274.94,1.0,13,101400.0,9999999
03776,0,1119,6.9,5.87,34.0,34.0,5.3,274.94,0.0,0,101400.0,9999999
03776,0,1120,6.7,5.78,9.0,9.0,5.3,274.52,0.5,1,101400.0,9999999
03776,0,1121,6.3,5.62,0.0,0.0,5.3,274.09,2.6,12,101400.0,9999999
03776,0,1122,5.9,5.54,0.0,0.0,5.3,273.66,1.0,12,101500.0,9999999
03776,0,1123,6.2,5.3,0.0,0.0,5.3,273.87,0.0,0,101500.0,9999999
03776,0,1124,6.0,5.19,0.0,0.0,5.3,273.66,0.5,11,101500.0,9999999
03776,0,1125,5.5,5.23,0.0,0.0,5.3,273.01,0.0,0,101500.0,9999999
03776,0,1126,5.6,5.19,0.0,0.0,5.3,273.23,0.5,13,101500.0,9999999
03776,0,1127,5.3,5.04,0.0,0.0,5.3,272.8,0.0,0,101500.0,9999999
03776,0,1128,5.1,5.0,0.0,0.0,5.3,272.58,0.0,0,101500.0,9999999
03776,0,1129,4.8,4.97,0.0,0.0,5.3,272.36,0.0,0,101500.0,9999999
03776,0,1130,4.8,4.97,0.0,0.0,5.3,272.36,0.0,0,101400.0,9999999
03776,0,1131,4.4,4.93,0.0,0.0,5.3,271.92,0.0,0,101300.0,9999999
03776,0,1132,4.1,4.82,0.0,0.0,5.3,271.48,0.0,0,101300.0,9999999
03776,0,1133,3.8,4.82,0.0,0.0,5.3,271.26,0.5,11,101300.0,9999999
03776,0,1134,3.4,4.68,0.0,0.0,5.3,270.6,0.5,11,101300.0,9999999
03776,0,1135,3.3,4.58,3.0,3.0,5.3,270.6,0.5,11,101300.0,9999999
03776,0,1136,3.3,4.58,22.0,22.0,5.3,270.6,0.0,0,101300.0,9999999
03776,0,1137,4.0,4.75,47.0,47.0,5.3,271.26,1.0,9,101200.0,9999999
03776,0,1138,5.0,4.65,68.0,68.0,5.3,272.14,1.0,8,101200.0,9999999
03776,0,1139,5.7,4.75,81.0,81.0,5.3,273.01,2.1,8,101200.0,9999999
03776,0,1140,7.3,4.65,213.0,174.0,5.3,269.25,1.5,7,101100.0,9999999
03776,0,1141,7.8,4.86,273.0,176.0,5.3,270.6,1.5,12,101000.0,9999999
03776,0,1142,7.1,4.75,150.0,128.0,5.3,272.36,2.6,10,101000.0,9999999
03776,0,1143,6.6,4.82,90.0,88.0,5.3,271.92,1.5,10,101000.0,9999999
03776,0,1144,6.4,4.65,26.0,26.0,5.3,271.7,1.0,12,101000.0,9999999
03776,0,1145,5.9,4.93,1.0,1.0,5.3,268.8,1.5,4,100900.0,9999999
03776,0,1146,5.3,4.86,0.0,0.0,5.3,270.82,1.5,5,100900.0,9999999
03776,0,1147,5.3,4.97,0.0,0.0,5.3,270.82,1.0,6,100900.0,9999999
03776,0,1148,5.1,4.79,0.0,0.0,5.3,270.6,0.5,8,100900.0,9999999
03776,0,1149,5.4,4.89,0.0,0.0,5.3,272.8,1.0,6,100900.0,9999999
03776,0,1150,5.1,4.79,0.0,0.0,5.3,272.36,1.5,7,100800.0,9999999
03776,0,1151,4.9,4.61,0.0,0.0,5.3,272.14,2.6,6,100800.0,9999999
03776,0,1152,4.7,4.48,0.0,0.0,5.3,271.92,3.6,6,100800.0,9999999
03776,0,1153,4.6,4.44,0.0,0.0,5.3,271.7,2.1,5,100700.0,9999999
03776,0,1154,4.3,4.41,0.0,0.0,5.3,271.48,2.6,5,100700.0,9999999
03776,0,1155,3.7,4.28,0.0,0.0,5.3,270.82,2.1,5,100700.0,9999999
03776,0,1156,3.7,4.28,0.0,0.0,5.3,270.82,2.1,4,100700.0,9999999
03776,0,1157,3.8,4.31,0.0,0.0,5.3,270.82,2.6,5,100700.0,9999999
03776,0,1158,3.8,4.31,0.0,0.0,5.3,270.82,3.1,4,100700.0,9999999
03776,0,1159,3.5,4.12,4.0,4.0,5.3,270.37,2.6,4,100700.0,9999999
03776,0,1160,3.6,4.15,23.0,23.0,5.3,270.6,2.6,5,100800.0,9999999
03776,0,1161,3.7,4.22,49.0,49.0,5.3,270.6,3.1,4,100900.0,9999999
03776,0,1162,4.1,4.25,69.0,69.0,5.3,271.04,2.6,4,100900.0,9999999
03776,0,1163,4.5,4.22,82.0,82.0,5.3,271.48,3.1,4,101000.0,9999999
03776,0,1164,4.9,4.18,216.0,176.0,5.3,266.73,3.6,4,101000.0,9999999
03776,0,1165,5.8,4.18,197.0,180.0,5.3,266.5,3.1,4,101000.0,9999999
03776,0,1166,6.2,3.88,153.0,149.0,5.3,264.62,3.1,4,101000.0,9999999
03776,0,1167,6.3,4.0,92.0,91.0,5.3,265.56,3.6,4,101100.0,9999999
03776,0,1168,5.9,3.76,28.0,28.0,5.3,265.09,3.6,4,101100.0,9999999
03776,0,1169,4.3,3.73,1.0,1.0,5.3,263.42,3.1,3,101200.0,9999999
03776,0,1170,3.2,3.29,0.0,0.0,5.3,261.22,3.1,3,101300.0,9999999
03776,0,1171,2.5,3.22,0.0,0.0,5.3,260.47,2.6,3,101400.0,9999999
03776,0,1172,1.9,3.22,0.0,0.0,5.3,259.97,2.1,4,101400.0,9999999
03776,0,1173,0.8,3.29,0.0,0.0,5.3,258.96,1.0,4,101500.0,9999999
03776,0,1174,0.5,3.19,0.0,0.0,5.3,264.85,1.0,4,101500.0,9999999
03776,0,1175,0.9,3.4,0.0,0.0,5.3,265.33,0.0,0,101500.0,9999999
03776,0,1176,0.6,3.48,0.0,0.0,5.3,261.47,0.0,0,101500.0,9999999
03776,0,1177,-1.2,3.14,0.0,0.0,5.3,260.72,0.0,0,101500.0,9999999
03776,0,1178,-1.4,3.12,0.0,0.0,5.3,262.93,0.0,0,101500.0,9999999
03776,0,1179,-1.8,3.02,0.0,0.0,5.3,262.45,0.0,0,101500.0,9999999
03776,0,1180,-1.8,3.17,0.0,0.0,5.3,256.39,0.0,0,101500.0,9999999
03776,0,1181,-2.4,2.99,0.0,0.0,5.3,255.6,0.0,0,101500.0,9999999
03776,0,1182,-2.8,2.88,0.0,0.0,5.3,255.07,0.0,0,101400.0,9999999
03776,0,1183,-3.3,2.76,17.0,17.0,5.3,254.54,0.0,0,101500.0,9999999
03776,0,1184,0.1,3.27,114.0,82.0,5.3,259.22,1.0,1,101500.0,9999999
03776,0,1185,0.9,3.09,249.0,108.0,5.3,258.71,1.0,3,101500.0,9999999
03776,0,1186,2.5,3.73,352.0,85.0,5.3,259.72,1.5,4,101400.0,9999999
03776,0,1187,4.2,3.94,401.0,98.0,5.3,261.47,1.5,4,101400.0,9999999
03776,0,1188,4.9,4.12,368.0,171.0,5.3,265.56,1.0,4,101300.0,9999999
03776,0,1189,5.9,4.12,283.0,189.0,5.3,266.96,2.1,4,101200.0,9999999
03776,0,1190,6.0,4.15,286.0,115.0,5.3,266.5,1.5,7,101100.0,9999999
03776,0,1191,5.4,4.18,184.0,89.0,5.3,263.9,1.0,5,101000.0,9999999
03776,0,1192,4.4,4.18,54.0,44.0,5.3,263.9,2.6,4,101000.0,9999999
03776,0,1193,3.3,4.09,2.0,2.0,5.3,262.69,1.0,4,101000.0,9999999
03776,0,1194,3.5,4.12,0.0,0.0,5.3,268.57,2.1,4,100900.0,9999999
03776,0,1195,3.7,4.18,0.0,0.0,5.3,266.27,1.5,4,100900.0,9999999
03776,0,1196,3.9,4.35,0.0,0.0,5.3,269.03,1.5,5,100800.0,9999999
03776,0,1197,3.4,4.28,0.0,0.0,5.3,262.93,2.6,4,100700.0,9999999
03776,0,1198,2.6,4.25,0.0,0.0,5.3,262.2,1.5,4,100700.0,9999999
03776,0,1199,2.1,4.0,0.0,0.0,5.3,263.18,1.0,4,100700.0,9999999
03776,0,1200,1.6,3.94,0.0,0.0,5.3,262.69,2.6,4,100600.0,9999999
03776,0,1201,1.6,4.09,0.0,0.0,5.3,262.45,2.6,4,100500.0,9999999
03776,0,1202,1.9,4.03,0.0,0.0,5.3,262.69,2.6,4,100400.0,9999999
03776,0,1203,2.7,4.03,0.0,0.0,5.3,267.66,2.6,4,100300.0,9999999
03776,0,1204,2.6,3.82,0.0,0.0,5.3,267.43,3.4,4,100300.0,9999999
03776,0,1205,2.5,3.65,0.0,0.0,5.3,269.03,4.1,4,100200.0,9999999
03776,0,1206,2.1,2.95,0.0,0.0,5.3,259.72,4.1,4,100200.0,9999999
03776,0,1207,1.8,2.7,4.0,4.0,5.3,267.43,5.1,4,100300.0,9999999
03776,0,1208,1.4,2.97,25.0,25.0,5.3,267.43,5.7,4,100300.0,9999999
03776,0,1209,1.5,2.36,51.0,51.0,5.3,266.73,6.2,4,100300.0,9999999
03776,0,1210,1.4,2.59,73.0,73.0,5.3,266.96,8.2,3,100300.0,9999999
03776,0,1211,1.3,3.27,85.0,85.0,5.3,267.43,8.2,3,100300.0,9999999
03776,0,1212,1.5,1.93,226.0,213.0,5.3,264.38,7.7,3,100300.0,9999999
03776,0,1213,1.4,2.59,290.0,193.0,5.3,260.72,7.2,3,100400.0,9999999
03776,0,1214,1.7,2.35,308.0,132.0,5.3,258.71,7.2,3,100400.0,9999999
03776,0,1215,1.2,1.92,193.0,69.0,5.3,256.39,8.7,3,100500.0,9999999
03776,0,1216,0.6,2.59,62.0,45.0,5.3,257.94,7.2,3,100500.0,9999999
03776,0,1217,0.3,2.16,3.0,3.0,5.3,257.17,5.1,2,100600.0,9999999
03776,0,1218,-0.4,2.33,0.0,0.0,5.3,255.6,3.6,1,100700.0,9999999
03776,0,1219,-0.8,2.12,0.0,0.0,5.3,254.8,3.1,1,100700.0,9999999
03776,0,1220,-1.3,2.19,0.0,0.0,5.3,254.54,2.1,16,100800.0,9999999
03776,0,1221,-1.5,2.21,0.0,0.0,5.3,254.27,2.1,16,100800.0,9999999
03776,0,1222,-2.0,2.29,0.0,0.0,5.3,256.12,3.1,15,100800.0,9999999
03776,0,1223,-2.0,2.29,0.0,0.0,5.3,255.33,2.6,16,100800.0,9999999
03776,0,1224,-3.9,2.27,0.0,0.0,5.3,255.33,2.1,13,100800.0,9999999
03776,0,1225,-2.2,2.61,0.0,0.0,5.3,257.43,2.6,12,100800.0,9999999
03776,0,1226,-1.6,2.76,0.0,0.0,5.3,258.71,1.5,13,100800.0,9999999
03776,0,1227,-1.6,2.83,0.0,0.0,5.3,259.97,1.0,13,100700.0,9999999
03776,0,1228,-1.7,2.97,0.0,0.0,5.3,259.97,1.5,12,100700.0,9999999
03776,0,1229,-1.8,2.92,0.0,0.0,5.3,259.22,1.0,12,100700.0,9999999
03776,0,1230,-1.5,2.95,0.0,0.0,5.3,259.47,2.1,14,100700.0,9999999
03776,0,1231,-1.8,2.92,12.0,12.0,5.3,259.97,1.5,14,100800.0,9999999
03776,0,1232,-1.7,2.53,131.0,88.0,5.3,256.65,3.1,1,100800.0,9999999
03776,0,1233,-1.2,2.51,262.0,83.0,5.3,256.12,3.6,1,100800.0,9999999
03776,0,1234,-0.1,2.53,369.0,82.0,5.3,257.17,2.6,1,100700.0,9999999
03776,0,1235,1.3,2.79,431.0,79.0,5.3,257.69,1.0,3,100700.0,9999999
03776,0,1236,2.2,2.02,447.0,77.0,5.3,257.69,1.5,1,100600.0,9999999
03776,0,1237,2.4,2.23,407.0,76.0,5.3,257.94,1.0,3,100600.0,9999999
03776,0,1238,3.0,3.19,318.0,83.0,5.3,259.72,1.0,7,100600.0,9999999
03776,0,1239,2.5,1.93,198.0,70.0,5.3,258.96,0.5,8,100600.0,9999999
03776,0,1240,1.6,1.93,66.0,47.0,5.3,258.2,1.0,8,100600.0,9999999
03776,0,1241,0.1,2.09,4.0,4.0,5.3,256.91,1.0,7,100500.0,9999999
03776,0,1242,-0.7,2.42,0.0,0.0,5.3,257.43,1.0,7,100500.0,9999999
03776,0,1243,-0.7,2.42,0.0,0.0,5.3,262.93,1.0,6,100500.0,9999999
03776,0,1244,-0.6,2.61,0.0,0.0,5.3,263.18,1.0,5,100500.0,9999999
03776,0,1245,-0.7,2.57,0.0,0.0,5.3,259.22,1.0,4,100500.0,9999999
03776,0,1246,-1.3,2.63,0.0,0.0,5.3,258.71,2.1,4,100400.0,9999999
03776,0,1247,-0.8,2.76,0.0,0.0,5.3,263.18,1.5,4,100400.0,9999999
03776,0,1248,-0.9,2.97,0.0,0.0,5.3,257.94,2.1,4,100300.0,9999999
03776,0,1249,-0.5,3.09,0.0,0.0,5.3,259.97,2.6,4,100300.0,9999999
03776,0,1250,-0.5,3.32,0.0,0.0,5.3,265.8,2.1,4,100200.0,9999999
03776,0,1251,-1.1,3.22,0.0,0.0,5.3,265.09,1.5,4,100200.0,9999999
03776,0,1252,-1.1,3.22,0.0,0.0,5.3,265.09,2.1,4,100100.0,9999999
03776,0,1253,-1.1,3.22,0.0,0.0,5.3,265.09,3.1,3,100100.0,9999999
03776,0,1254,-1.2,3.19,0.0,0.0,5.3,265.09,3.1,3,100100.0,9999999
03776,0,1255,-0.9,3.19,5.0,5.0,5.3,265.33,3.1,3,100200.0,9999999
03776,0,1256,-0.4,3.27,27.0,27.0,5.3,265.8,2.6,2,100200.0,9999999
03776,0,1257,0.3,3.32,53.0,53.0,5.3,266.5,3.6,2,100100.0,9999999
03776,0,1258,0.5,3.32,75.0,75.0,5.3,266.73,2.6,3,100200.0,9999999
03776,0,1259,0.7,3.29,87.0,87.0,5.3,266.96,3.1,3,100200.0,9999999
03776,0,1260,1.2,3.56,90.0,90.0,5.3,267.66,2.6,3,100100.0,9999999
03776,0,1261,1.5,3.56,82.0,82.0,5.3,267.89,2.1,4,100100.0,9999999
03776,0,1262,1.6,3.76,64.0,64.0,5.3,268.34,3.1,3,100100.0,9999999
03776,0,1263,1.4,3.88,40.0,40.0,5.3,268.12,4.1,3,100000.0,9999999
03776,0,1264,1.4,3.97,14.0,14.0,5.3,268.34,3.1,4,100000.0,9999999
03776,0,1265,1.5,3.91,1.0,1.0,5.3,266.5,3.6,4,100000.0,9999999
03776,0,1266,1.4,3.97,0.0,0.0,5.3,268.34,3.6,4,100100.0,9999999
03776,0,1267,1.3,3.85,0.0,0.0,5.3,268.12,4.1,4,100100.0,9999999
03776,0,1268,1.3,3.85,0.0,0.0,5.3,268.12,4.6,4,100000.0,9999999
03776,0,1269,1.3,3.85,0.0,0.0,5.3,268.12,4.6,4,100000.0,9999999
03776,0,1270,1.3,3.85,0.0,0.0,5.3,268.12,4.1,4,99900.0,9999999
03776,0,1271,1.4,3.85,0.0,0.0,5.3,268.12,4.1,4,99900.0,9999999
03776,0,1272,1.5,3.88,0.0,0.0,5.3,268.34,3.6,4,99900.0,9999999
03776,0,1273,1.6,3.94,0.0,0.0,5.3,268.34,4.1,4,99800.0,9999999
03776,0,1274,1.8,4.0,0.0,0.0,5.3,268.57,3.6,4,99700.0,9999999
03776,0,1275,1.8,4.12,0.0,0.0,5.3,268.8,5.1,4,99600.0,9999999
03776,0,1276,2.0,4.06,0.0,0.0,5.3,268.8,3.6,4,99600.0,9999999
03776,0,1277,2.0,4.06,0.0,0.0,5.3,268.8,4.6,4,99500.0,9999999
03776,0,1278,2.0,4.06,0.0,0.0,5.3,268.8,3.1,4,99400.0,9999999
03776,0,1279,2.1,4.09,5.0,5.0,5.3,269.03,2.6,4,99400.0,9999999
03776,0,1280,2.5,4.22,28.0,28.0,5.3,269.48,2.1,4,99400.0,9999999
03776,0,1281,2.7,4.28,54.0,54.0,5.3,269.7,2.1,4,99400.0,9999999
03776,0,1282,3.0,4.48,75.0,75.0,5.3,270.15,3.1,4,99300.0,9999999
03776,0,1283,3.2,4.44,88.0,88.0,5.3,270.37,2.1,4,99300.0,9999999
03776,0,1284,3.8,4.68,90.0,90.0,5.3,271.04,3.1,4,99200.0,9999999
03776,0,1285,4.1,4.79,82.0,82.0,5.3,271.48,1.0,5,99200.0,9999999
03776,0,1286,4.4,4.89,65.0,65.0,5.3,271.92,1.0,4,99200.0,9999999
03776,0,1287,4.8,4.93,41.0,41.0,5.3,272.14,1.0,4,99200.0,9999999
03776,0,1288,4.7,5.0,14.0,14.0,5.3,272.14,0.5,4,99200.0,9999999
03776,0,1289,4.6,5.04,1.0,1.0,5.3,272.14,0.0,0,99100.0,9999999
03776,0,1290,4.4,5.08,0.0,0.0,5.3,271.92,0.5,7,99200.0,9999999
03776,0,1291,4.3,5.08,0.0,0.0,5.3,271.92,0.2,7,99200.0,9999999
03776,0,1292,4.3,5.04,0.0,0.0,5.3,271.92,0.0,0,99200.0,9999999
03776,0,1293,4.2,5.0,0.0,0.0,5.3,271.7,0.0,0,99200.0,9999999
03776,0,1294,3.9,4.86,0.0,0.0,5.3,271.26,2.6,3,99100.0,9999999
03776,0,1295,3.7,4.89,0.0,0.0,5.3,271.04,3.1,3,99100.0,9999999
03776,0,1296,3.5,4.82,0.0,0.0,5.3,270.82,3.6,4,99100.0,9999999
03776,0,1297,3.5,4.72,0.0,0.0,5.3,270.82,2.6,4,99100.0,9999999
03776,0,1298,3.2,4.72,0.0,0.0,5.3,270.6,3.1,3,99000.0,9999999
03776,0,1299,3.2,4.61,0.0,0.0,5.3,270.37,3.1,3,99000.0,9999999
03776,0,1300,3.3,4.65,0.0,0.0,5.3,270.6,3.1,4,99000.0,9999999
03776,0,1301,3.5,4.82,0.0,0.0,5.3,270.82,3.6,3,99000.0,9999999
03776,0,1302,3.8,4.93,0.0,0.0,5.3,271.26,3.6,3,99100.0,9999999
03776,0,1303,4.0,4.89,6.0,6.0,5.3,271.48,3.6,3,99100.0,9999999
03776,0,1304,3.5,4.82,29.0,29.0,5.3,270.82,3.6,3,99000.0,9999999
03776,0,1305,4.0,4.82,55.0,55.0,5.3,271.48,4.1,3,99300.0,9999999
03776,0,1306,4.1,4.86,76.0,76.0,5.3,271.48,4.6,2,99400.0,9999999
03776,0,1307,4.2,4.89,89.0,89.0,5.3,271.7,5.1,2,99500.0,9999999
03776,0,1308,4.4,4.79,92.0,92.0,5.3,271.7,5.1,2,99600.0,9999999
03776,0,1309,4.0,4.75,84.0,84.0,5.3,271.26,4.6,2,99600.0,9999999
03776,0,1310,3.8,4.58,66.0,66.0,5.3,271.04,5.1,2,99700.0,9999999
03776,0,1311,3.6,4.41,42.0,42.0,5.3,270.82,5.1,2,99800.0,9999999
03776,0,1312,3.2,4.38,15.0,15.0,5.3,270.37,4.1,2,99900.0,9999999
03776,0,1313,3.2,4.28,1.0,1.0,5.3,270.15,3.6,2,100000.0,9999999
03776,0,1314,3.0,4.22,0.0,0.0,5.3,269.93,3.6,3,100000.0,9999999
03776,0,1315,2.8,4.15,0.0,0.0,5.3,269.7,3.6,3,100100.0,9999999
03776,0,1316,2.7,4.12,0.0,0.0,5.3,269.7,3.6,2,100200.0,9999999
03776,0,1317,2.6,4.0,0.0,0.0,5.3,269.48,3.1,2,100300.0,9999999
03776,0,1318,2.3,3.91,0.0,0.0,5.3,269.03,3.1,3,100300.0,9999999
03776,0,1319,2.2,3.88,0.0,0.0,5.3,269.03,1.5,4,100400.0,9999999
03776,0,1320,2.2,3.88,0.0,0.0,5.3,269.03,2.1,2,100400.0,9999999
03776,0,1321,2.1,3.85,0.0,0.0,5.3,266.96,1.5,1,100500.0,9999999
03776,0,1322,2.1,3.85,0.0,0.0,5.3,268.8,1.0,2,100400.0,9999999
03776,0,1323,2.1,3.85,0.0,0.0,5.3,268.8,1.5,3,100500.0,9999999
03776,0,1324,2.0,3.82,0.0,0.0,5.3,268.8,1.0,2,100600.0,9999999
03776,0,1325,1.8,3.82,0.0,0.0,5.3,268.57,1.5,3,100500.0,9999999
03776,0,1326,1.9,3.82,0.0,0.0,5.3,268.57,1.5,3,100600.0,9999999
03776,0,1327,2.1,3.85,6.0,6.0,5.3,268.8,1.5,3,100700.0,9999999
03776,0,1328,2.7,3.88,30.0,30.0,5.3,269.48,2.1,4,100700.0,9999999
03776,0,1329,3.2,4.12,57.0,57.0,5.3,270.15,2.1,5,100700.0,9999999
03776,0,1330,4.0,4.22,78.0,78.0,5.3,271.04,1.5,5,100700.0,9999999
03776,0,1331,4.6,4.51,91.0,91.0,5.3,271.7,2.1,5,100700.0,9999999
03776,0,1332,5.3,4.79,93.0,93.0,5.3,272.58,2.6,6,100600.0,9999999
03776,0,1333,6.0,4.86,85.0,85.0,5.3,273.44,3.6,6,100600.0,9999999
03776,0,1334,5.9,4.89,68.0,68.0,5.3,273.23,2.6,6,100600.0,9999999
03776,0,1335,5.1,5.15,43.0,43.0,5.3,272.58,2.1,5,100600.0,9999999
03776,0,1336,5.2,5.19,16.0,16.0,5.3,272.8,2.6,5,100500.0,9999999
03776,0,1337,5.3,5.3,1.0,1.0,5.3,273.01,1.5,5,100500.0,9999999
03776,0,1338,5.7,5.46,0.0,0.0,5.3,273.44,2.1,5,100500.0,9999999
03776,0,1339,6.3,5.74,0.0,0.0,5.3,274.3,2.6,6,100500.0,9999999
03776,0,1340,6.9,5.99,0.0,0.0,5.3,274.94,2.1,6,100400.0,9999999
03776,0,1341,7.3,6.16,0.0,0.0,5.3,275.36,2.6,7,100300.0,9999999
03776,0,1342,8.1,6.3,0.0,0.0,5.3,271.04,4.1,7,100300.0,9999999
03776,0,1343,8.2,6.25,0.0,0.0,5.3,270.6,3.6,7,100200.0,9999999
03776,0,1344,8.3,6.39,0.0,0.0,5.3,274.52,3.6,8,100200.0,9999999
03776,0,1345,8.4,6.43,0.0,0.0,5.3,276.62,3.1,7,100200.0,9999999
03776,0,1346,8.7,6.61,0.0,0.0,5.3,277.04,2.6,8,100100.0,9999999
03776,0,1347,8.9,6.71,0.0,0.0,5.3,277.25,2.1,8,100000.0,9999999
03776,0,1348,8.8,6.66,0.0,0.0,5.3,277.25,2.1,7,100000.0,9999999
03776,0,1349,8.5,6.61,0.0,0.0,5.3,276.83,2.1,8,100000.0,9999999
03776,0,1350,8.4,6.43,0.0,0.0,5.3,270.37,1.5,7,100000.0,9999999
03776,0,1351,8.7,6.39,16.0,16.0,5.3,270.6,0.5,5,100000.0,9999999
03776,0,1352,9.0,6.43,79.0,78.0,5.3,268.8,2.1,7,99900.0,9999999
03776,0,1353,9.6,6.71,146.0,142.0,5.3,269.48,2.1,6,99900.0,9999999
03776,0,1354,10.1,6.8,78.0,78.0,5.3,269.93,1.0,8,99800.0,9999999
03776,0,1355,10.5,6.9,91.0,91.0,5.3,270.37,2.1,7,99800.0,9999999
03776,0,1356,10.8,6.94,93.0,93.0,5.3,271.7,2.6,7,99700.0,9999999
03776,0,1357,10.9,6.9,85.0,85.0,5.3,271.7,2.1,6,99600.0,9999999
03776,0,1358,10.9,6.9,68.0,68.0,5.3,270.82,2.1,6,99600.0,9999999
03776,0,1359,10.7,6.75,44.0,44.0,5.3,270.6,2.1,6,99500.0,9999999
03776,0,1360,9.8,6.43,17.0,17.0,5.3,278.07,2.1,6,99500.0,9999999
03776,0,1361,9.5,6.3,4.0,4.0,5.3,275.79,2.1,5,99400.0,9999999
03776,0,1362,9.3,6.21,0.0,0.0,5.3,275.58,3.6,6,99400.0,9999999
03776,0,1363,9.6,6.25,0.0,0.0,5.3,277.66,1.5,7,99400.0,9999999
03776,0,1364,9.1,6.21,0.0,0.0,5.3,277.25,1.0,8,99400.0,9999999
03776,0,1365,9.3,6.3,0.0,0.0,5.3,277.45,1.5,8,99400.0,9999999
03776,0,1366,9.1,6.21,0.0,0.0,5.3,271.26,1.0,8,99400.0,9999999
03776,0,1367,9.2,6.04,0.0,0.0,5.3,270.82,1.0,9,99400.0,9999999
03776,0,1368,9.5,6.3,0.0,0.0,5.3,270.15,4.6,10,99400.0,9999999
03776,0,1369,8.6,6.08,0.0,0.0,5.3,270.37,2.6,10,99400.0,9999999
03776,0,1370,7.6,5.78,0.0,0.0,5.3,269.7,2.1,9,99400.0,9999999
03776,0,1371,7.7,5.95,0.0,0.0,5.3,267.2,1.5,8,99400.0,9999999
03776,0,1372,8.7,6.3,0.0,0.0,5.3,268.34,3.6,8,99400.0,9999999
03776,0,1373,8.7,6.21,0.0,0.0,5.3,269.25,4.1,9,99300.0,9999999
03776,0,1374,8.6,6.25,0.0,0.0,5.3,274.73,4.1,9,99300.0,9999999
03776,0,1375,8.8,6.34,17.0,17.0,5.3,275.15,3.6,9,99300.0,9999999
03776,0,1376,9.1,6.48,81.0,80.0,5.3,269.7,3.6,9,99400.0,9999999
03776,0,1377,9.8,6.52,150.0,145.0,5.3,270.37,4.6,8,99300.0,9999999
03776,0,1378,10.4,6.66,80.0,80.0,5.3,272.8,6.7,9,99300.0,9999999
03776,0,1379,10.5,6.66,92.0,92.0,5.3,276.83,6.2,9,99300.0,9999999
03776,0,1380,10.6,6.71,95.0,95.0,5.3,274.52,6.7,9,99300.0,9999999
03776,0,1381,10.6,6.75,222.0,183.0,5.3,277.04,5.1,9,99200.0,9999999
03776,0,1382,10.6,6.75,177.0,164.0,5.3,274.52,4.6,9,99200.0,9999999
03776,0,1383,11.0,6.75,114.0,112.0,5.3,274.09,4.6,9,99200.0,9999999
03776,0,1384,10.1,6.43,45.0,45.0,5.3,273.01,5.1,10,99200.0,9999999
03776,0,1385,9.4,6.48,4.0,4.0,5.3,272.36,5.1,10,99200.0,9999999
03776,0,1386,8.9,6.3,0.0,0.0,5.3,270.6,3.6,10,99200.0,9999999
03776,0,1387,9.1,6.43,0.0,0.0,5.3,272.8,4.1,10,99300.0,9999999
03776,0,1388,7.9,6.21,0.0,0.0,5.3,270.15,3.6,9,99300.0,9999999
03776,0,1389,8.0,6.16,0.0,0.0,5.3,271.7,3.6,9,99300.0,9999999
03776,0,1390,7.6,6.08,0.0,0.0,5.3,271.26,3.1,9,99300.0,9999999
03776,0,1391,7.5,6.08,0.0,0.0,5.3,272.14,2.6,9,99300.0,9999999
03776,0,1392,7.4,6.08,0.0,0.0,5.3,273.66,2.1,10,99300.0,9999999
03776,0,1393,7.7,6.21,0.0,0.0,5.3,273.87,2.1,9,99300.0,9999999
03776,0,1394,8.0,6.25,0.0,0.0,5.3,274.3,2.1,9,99300.0,9999999
03776,0,1395,7.9,6.3,0.0,0.0,5.3,274.09,1.0,9,99300.0,9999999
03776,0,1396,8.0,6.39,0.0,0.0,5.3,276.21,2.1,8,99300.0,9999999
03776,0,1397,8.1,6.34,0.0,0.0,5.3,276.21,2.1,9,99300.0,9999999
03776,0,1398,7.9,6.34,0.0,0.0,5.3,274.09,2.1,8,99400.0,9999999
03776,0,1399,8.3,6.43,7.0,7.0,5.3,276.62,2.6,8,99400.0,9999999
03776,0,1400,8.5,6.39,33.0,33.0,5.3,276.62,3.1,9,99500.0,9999999
03776,0,1401,8.5,6.48,153.0,133.0,5.3,272.36,2.6,8,99500.0,9999999
03776,0,1402,9.4,6.52,207.0,190.0,5.3,275.79,2.6,8,99500.0,9999999
03776,0,1403,10.0,6.66,239.0,218.0,5.3,276.41,3.6,10,99500.0,9999999
03776,0,1404,10.3,6.48,246.0,224.0,5.3,274.09,3.6,9,99500.0,9999999
03776,0,1405,10.4,6.25,225.0,206.0,5.3,274.09,3.6,10,99500.0,9999999
03776,0,1406,10.0,6.85,180.0,167.0,5.3,273.23,3.1,11,99600.0,9999999
03776,0,1407,10.8,6.71,117.0,114.0,5.3,274.73,2.6,9,99600.0,9999999
03776,0,1408,9.8,6.34,47.0,47.0,5.3,272.14,2.6,9,99700.0,9999999
03776,0,1409,8.2,5.95,5.0,5.0,5.3,274.3,0.5,9,99700.0,9999999
03776,0,1410,7.9,6.04,0.0,0.0,5.3,274.09,2.1,11,99800.0,9999999
03776,0,1411,7.4,5.78,0.0,0.0,5.3,273.44,1.5,12,99900.0,9999999
03776,0,1412,6.9,5.54,0.0,0.0,5.3,272.8,3.1,12,99900.0,9999999
03776,0,1413,6.2,5.11,0.0,0.0,5.3,271.92,1.5,12,100000.0,9999999
03776,0,1414,5.3,4.48,0.0,0.0,5.3,270.6,1.5,12,100000.0,9999999
03776,0,1415,4.2,3.73,0.0,0.0,5.3,268.8,1.5,10,100100.0,9999999
03776,0,1416,3.0,3.07,0.0,0.0,7.51,264.62,5.7,14,100100.0,9999999
03776,0,1417,1.9,2.59,0.0,0.0,7.51,263.18,6.2,14,100100.0,9999999
03776,0,1418,1.0,2.31,0.0,0.0,7.51,256.91,5.1,14,100100.0,9999999
03776,0,1419,0.3,2.21,0.0,0.0,7.51,256.12,5.1,14,100100.0,9999999
03776,0,1420,-0.2,2.21,0.0,0.0,7.51,255.6,3.1,13,100100.0,9999999
03776,0,1421,-0.8,2.23,0.0,0.0,7.51,256.39,4.6,14,100100.0,9999999
03776,0,1422,-1.0,2.35,1.0,1.0,7.51,256.12,5.1,14,100100.0,9999999
03776,0,1423,-0.7,2.33,43.0,38.0,7.51,256.39,4.6,14,100100.0,9999999
03776,0,1424,0.4,2.31,187.0,104.0,7.51,257.43,5.1,15,100200.0,9999999
03776,0,1425,2.0,2.27,326.0,104.0,7.51,259.72,7.2,15,100200.0,9999999
03776,0,1426,3.1,2.29,375.0,191.0,7.51,263.18,8.2,15,100200.0,9999999
03776,0,1427,2.5,2.4,256.0,240.0,7.51,265.8,6.7,15,100300.0,9999999
03776,0,1428,3.1,2.51,102.0,102.0,7.51,268.57,6.2,15,100300.0,9999999
03776,0,1429,4.0,2.7,240.0,226.0,7.51,267.66,5.7,15,100300.0,9999999
03776,0,1430,4.3,2.72,194.0,187.0,7.51,268.12,5.7,15,100400.0,9999999
03776,0,1431,5.0,2.19,130.0,122.0,7.51,268.12,8.7,15,100400.0,9999999
03776,0,1432,4.4,2.48,79.0,70.0,7.51,265.33,7.7,15,100500.0,9999999
03776,0,1433,3.6,2.65,9.0,9.0,7.51,264.85,7.2,15,100600.0,9999999
03776,0,1434,4.0,2.36,0.0,0.0,7.51,267.43,6.2,15,100600.0,9999999
03776,0,1435,3.7,2.53,0.0,0.0,7.51,267.2,4.6,15,100700.0,9999999
03776,0,1436,3.0,2.46,0.0,0.0,7.51,262.69,4.6,15,100800.0,9999999
03776,0,1437,2.0,2.7,0.0,0.0,7.51,260.22,3.6,14,100900.0,9999999
03776,0,1438,1.1,2.63,0.0,0.0,7.51,257.43,3.6,14,100900.0,9999999
03776,0,1439,0.4,2.63,0.0,0.0,7.51,256.65,3.1,14,100900.0,9999999
03776,0,1440,0.3,2.44,0.0,0.0,7.51,256.39,5.1,15,101000.0,9999999
03776,0,1441,-0.3,2.44,0.0,0.0,7.51,255.86,4.1,15,101000.0,9999999
03776,0,1442,-0.7,2.51,0.0,0.0,7.51,256.65,2.6,14,101000.0,9999999
03776,0,1443,-0.9,2.44,0.0,0.0,7.51,255.33,2.1,14,101000.0,9999999
03776,0,1444,-1.9,2.4,0.0,0.0,7.51,254.27,2.1,14,101100.0,9999999
03776,0,1445,-2.4,2.4,0.0,0.0,7.51,253.73,2.1,13,101100.0,9999999
03776,0,1446,-2.8,2.38,1.0,1.0,7.51,253.46,1.5,11,101100.0,9999999
03776,0,1447,-1.3,2.48,54.0,40.0,7.51,254.8,1.5,14,101200.0,9999999
03776,0,1448,0.8,2.55,193.0,90.0,7.51,258.2,1.0,13,101200.0,9999999
03776,0,1449,2.7,2.46,333.0,104.0,7.51,258.71,3.6,14,101200.0,9999999
03776,0,1450,4.5,2.63,441.0,81.0,7.51,260.47,2.6,14,101200.0,9999999
03776,0,1451,5.6,2.36,506.0,78.0,7.51,262.45,4.1,11,101100.0,9999999
03776,0,1452,6.0,2.25,518.0,79.0,7.51,262.69,3.6,12,101100.0,9999999
03776,0,1453,6.5,1.9,478.0,75.0,7.51,262.69,4.6,12,101000.0,9999999
03776,0,1454,5.1,2.29,385.0,79.0,7.51,262.69,4.6,11,101000.0,9999999
03776,0,1455,5.1,2.29,253.0,82.0,7.51,262.69,4.6,11,100900.0,9999999
03776,0,1456,4.5,2.21,97.0,68.0,7.51,261.22,3.6,11,100800.0,9999999
03776,0,1457,3.5,2.48,7.0,7.0,7.51,263.66,3.1,10,100800.0,9999999
03776,0,1458,3.3,2.7,0.0,0.0,7.51,268.8,3.1,10,100800.0,9999999
03776,0,1459,3.2,2.79,0.0,0.0,7.51,268.8,3.1,9,100800.0,9999999
03776,0,1460,3.2,2.76,0.0,0.0,7.51,268.8,2.6,10,100700.0,9999999
03776,0,1461,3.2,2.95,0.0,0.0,7.51,267.2,3.1,9,100600.0,9999999
03776,0,1462,3.1,3.09,0.0,0.0,7.51,267.2,3.1,10,100500.0,9999999
03776,0,1463,2.2,3.56,0.0,0.0,7.51,261.22,2.6,9,100400.0,9999999
03776,0,1464,2.2,3.56,0.0,0.0,7.51,261.22,2.6,9,100400.0,9999999
03776,0,1465,2.0,3.48,0.0,0.0,7.51,260.97,3.6,9,100300.0,9999999
03776,0,1466,2.0,3.37,0.0,0.0,7.51,263.18,4.1,9,100200.0,9999999
03776,0,1467,3.0,3.4,0.0,0.0,7.51,267.43,3.1,9,100100.0,9999999
03776,0,1468,3.6,3.59,0.0,0.0,7.51,270.15,4.1,9,100000.0,9999999
03776,0,1469,4.3,4.25,0.0,0.0,7.51,271.26,4.1,9,99900.0,9999999
03776,0,1470,4.4,4.79,0.0,0.0,7.51,271.7,4.6,10,99800.0,9999999
03776,0,1471,4.9,4.97,12.0,12.0,7.51,272.36,5.1,10,99800.0,9999999
03776,0,1472,5.6,5.19,39.0,39.0,7.51,273.23,5.1,10,99700.0,9999999
03776,0,1473,5.9,5.46,67.0,67.0,7.51,273.66,5.7,10,99700.0,9999999
03776,0,1474,6.5,5.34,88.0,88.0,7.51,274.09,6.2,10,99600.0,9999999
03776,0,1475,6.9,5.7,101.0,101.0,7.51,274.73,6.7,10,99600.0,9999999
03776,0,1476,5.7,4.68,265.0,212.0,7.51,266.73,5.7,13,99600.0,9999999
03776,0,1477,7.4,4.97,409.0,214.0,7.51,269.03,3.6,12,99600.0,9999999
03776,0,1478,9.2,4.51,280.0,187.0,7.51,271.7,5.1,12,99500.0,9999999
03776,0,1479,8.0,4.12,189.0,127.0,7.51,270.37,3.6,12,99500.0,9999999
03776,0,1480,7.2,4.51,84.0,73.0,7.51,269.03,2.6,14,99500.0,9999999
03776,0,1481,5.8,4.41,13.0,13.0,7.51,267.2,1.5,12,99500.0,9999999
03776,0,1482,3.8,4.15,0.0,0.0,7.51,266.27,1.0,9,99500.0,9999999
03776,0,1483,4.8,4.58,0.0,0.0,7.51,270.15,4.6,16,99600.0,9999999
03776,0,1484,3.8,4.31,0.0,0.0,7.51,270.82,4.1,2,99600.0,9999999
03776,0,1485,2.1,3.94,0.0,0.0,7.51,268.8,4.1,2,99700.0,9999999
03776,0,1486,1.1,3.79,0.0,0.0,7.51,267.89,4.1,2,99700.0,9999999
03776,0,1487,1.3,3.85,0.0,0.0,7.51,268.12,1.5,16,99700.0,9999999
03776,0,1488,1.6,3.94,0.0,0.0,7.51,268.34,1.5,2,99700.0,9999999
03776,0,1489,2.0,3.48,0.0,0.0,7.51,268.34,2.1,16,99700.0,9999999
03776,0,1490,2.2,3.22,0.0,0.0,7.51,268.34,3.6,16,99700.0,9999999
03776,0,1491,2.0,2.99,0.0,0.0,7.51,262.93,3.6,16,99700.0,9999999
03776,0,1492,1.6,2.72,0.0,0.0,7.51,265.33,3.6,16,99700.0,9999999
03776,0,1493,1.1,2.65,0.0,0.0,7.51,262.45,4.1,16,99700.0,9999999
03776,0,1494,0.4,2.79,1.0,1.0,7.51,260.47,2.6,16,99800.0,9999999
03776,0,1495,0.7,2.79,32.0,32.0,7.51,259.22,3.1,16,99900.0,9999999
03776,0,1496,1.2,2.92,105.0,104.0,7.51,258.96,4.1,15,99900.0,9999999
03776,0,1497,1.9,2.97,343.0,143.0,7.51,259.72,4.1,16,100000.0,9999999
03776,0,1498,3.4,2.53,455.0,83.0,7.51,260.47,6.2,16,100000.0,9999999
03776,0,1499,4.5,2.36,519.0,80.0,7.51,261.47,5.7,15,100000.0,9999999
03776,0,1500,4.8,1.84,533.0,80.0,7.51,260.97,5.7,16,100000.0,9999999
03776,0,1501,5.5,1.61,490.0,77.0,7.51,262.2,6.2,16,100000.0,9999999
03776,0,1502,4.5,1.48,393.0,84.0,7.51,262.2,6.7,15,100000.0,9999999
03776,0,1503,4.3,1.9,232.0,130.0,7.51,263.66,4.6,16,100000.0,9999999
03776,0,1504,3.7,1.88,122.0,65.0,7.51,259.97,5.1,15,100100.0,9999999
03776,0,1505,3.0,2.25,16.0,16.0,7.51,260.72,4.6,15,100100.0,9999999
03776,0,1506,2.5,2.59,0.0,0.0,7.51,266.03,2.6,15,100200.0,9999999
03776,0,1507,1.5,2.7,0.0,0.0,7.51,265.33,2.1,13,100200.0,9999999
03776,0,1508,0.4,2.63,0.0,0.0,7.51,257.94,1.5,12,100300.0,9999999
03776,0,1509,-2.0,2.4,0.0,0.0,7.51,255.33,1.0,12,100300.0,9999999
03776,0,1510,-0.8,2.4,0.0,0.0,7.51,256.39,2.1,13,100300.0,9999999
03776,0,1511,-0.6,2.31,0.0,0.0,7.51,255.33,2.6,14,100400.0,9999999
03776,0,1512,-1.1,2.46,0.0,0.0,7.51,255.07,2.6,14,100400.0,9999999
03776,0,1513,-2.4,2.42,0.0,0.0,7.51,253.73,1.0,12,100400.0,9999999
03776,0,1514,-3.6,2.25,0.0,0.0,7.51,252.37,1.0,8,100400.0,9999999
03776,0,1515,-4.3,2.31,0.0,0.0,7.51,251.82,0.5,9,100400.0,9999999
03776,0,1516,-4.5,2.27,0.0,0.0,7.51,252.92,0.5,8,100400.0,9999999
03776,0,1517,-5.1,2.19,0.0,0.0,7.51,252.92,0.5,10,100500.0,9999999
03776,0,1518,-3.6,2.4,2.0,2.0,7.51,259.97,1.0,8,100500.0,9999999
03776,0,1519,-2.2,2.61,49.0,46.0,7.51,259.22,1.0,11,100500.0,9999999
03776,0,1520,0.0,2.7,108.0,105.0,7.51,261.47,1.0,9,100500.0,9999999
03776,0,1521,2.3,2.76,302.0,166.0,7.51,262.45,1.5,11,100600.0,9999999
03776,0,1522,4.2,2.67,433.0,161.0,7.51,263.66,3.1,13,100600.0,9999999
03776,0,1523,4.8,2.53,380.0,260.0,7.51,265.8,3.6,13,100600.0,9999999
03776,0,1524,4.9,2.48,534.0,179.0,7.51,261.96,3.6,14,100600.0,9999999
03776,0,1525,5.2,2.25,254.0,164.0,7.51,264.38,6.2,14,100600.0,9999999
03776,0,1526,6.0,2.18,207.0,199.0,7.51,262.69,4.6,13,100500.0,9999999
03776,0,1527,5.2,2.42,140.0,136.0,7.51,262.2,5.1,13,100500.0,9999999
03776,0,1528,4.5,2.61,25.0,25.0,7.51,269.93,4.6,13,100600.0,9999999
03776,0,1529,4.5,2.61,4.0,4.0,7.51,263.66,4.1,12,100600.0,9999999
03776,0,1530,3.7,3.09,0.0,0.0,7.51,265.33,2.1,10,100600.0,9999999
03776,0,1531,4.4,3.19,0.0,0.0,7.51,270.37,4.6,11,100600.0,9999999
03776,0,1532,4.7,3.62,0.0,0.0,7.51,271.26,4.6,12,100600.0,9999999
03776,0,1533,5.1,3.91,0.0,0.0,7.51,269.93,4.6,12,100600.0,9999999
03776,0,1534,5.6,4.28,0.0,0.0,7.51,270.6,6.2,12,100600.0,9999999
03776,0,1535,6.0,5.0,0.0,0.0,7.51,271.48,5.7,13,100600.0,9999999
03776,0,1536,6.3,4.48,0.0,0.0,7.51,271.48,5.1,13,100600.0,9999999
03776,0,1537,6.6,4.65,0.0,0.0,7.51,273.87,4.6,13,100600.0,9999999
03776,0,1538,6.7,4.68,0.0,0.0,7.51,271.92,5.7,13,100600.0,9999999
03776,0,1539,6.9,4.58,0.0,0.0,7.51,272.14,4.6,12,100700.0,9999999
03776,0,1540,6.6,4.75,0.0,0.0,7.51,271.92,4.6,12,100700.0,9999999
03776,0,1541,6.4,4.75,0.0,0.0,7.51,271.7,4.1,12,100800.0,9999999
03776,0,1542,5.9,4.68,2.0,2.0,7.51,271.26,4.6,12,100800.0,9999999
03776,0,1543,6.4,4.54,52.0,47.0,7.51,268.34,5.1,12,100800.0,9999999
03776,0,1544,7.1,4.58,184.0,116.0,7.51,268.57,5.7,12,100800.0,9999999
03776,0,1545,7.4,4.68,181.0,151.0,7.51,270.15,6.2,12,100800.0,9999999
03776,0,1546,8.5,5.08,92.0,92.0,7.51,269.7,5.7,11,100700.0,9999999
03776,0,1547,8.9,4.97,105.0,105.0,7.51,270.37,7.2,12,100700.0,9999999
03776,0,1548,9.0,5.19,107.0,107.0,7.51,270.15,7.7,12,100600.0,9999999
03776,0,1549,8.4,5.5,98.0,98.0,7.51,271.7,6.2,11,100600.0,9999999
03776,0,1550,9.2,5.19,81.0,81.0,7.51,270.82,8.2,12,100500.0,9999999
03776,0,1551,9.1,5.23,55.0,55.0,7.51,272.14,6.7,11,100400.0,9999999
03776,0,1552,8.9,5.34,26.0,26.0,7.51,276.41,7.7,12,100500.0,9999999
03776,0,1553,8.8,5.3,4.0,4.0,7.51,274.52,8.2,12,100500.0,9999999
03776,0,1554,8.2,4.93,0.0,0.0,7.51,271.04,5.7,13,100600.0,9999999
03776,0,1555,7.5,5.0,0.0,0.0,7.51,273.01,5.7,13,100600.0,9999999
03776,0,1556,7.6,4.58,0.0,0.0,7.51,272.8,6.2,13,100600.0,9999999
03776,0,1557,6.6,5.04,0.0,0.0,7.51,272.14,4.1,14,100700.0,9999999
03776,0,1558,6.4,4.41,0.0,0.0,7.51,265.09,7.2,13,100700.0,9999999
03776,0,1559,6.2,4.06,0.0,0.0,7.51,271.04,8.2,13,100700.0,9999999
03776,0,1560,6.6,3.94,0.0,0.0,7.51,271.48,8.7,13,100700.0,9999999
03776,0,1561,6.2,3.88,0.0,0.0,7.51,267.66,8.2,14,100800.0,9999999
03776,0,1562,6.0,3.88,0.0,0.0,7.51,270.82,8.2,15,100800.0,9999999
03776,0,1563,5.7,3.94,0.0,0.0,7.51,270.6,7.2,14,100900.0,9999999
03776,0,1564,5.4,3.94,0.0,0.0,7.51,270.15,6.2,14,100900.0,9999999
03776,0,1565,5.3,3.91,0.0,0.0,7.51,267.66,5.7,15,101000.0,9999999
03776,0,1566,4.7,3.94,4.0,4.0,7.51,266.27,3.6,14,101100.0,9999999
03776,0,1567,5.5,3.97,55.0,51.0,7.51,267.89,4.1,14,101200.0,9999999
03776,0,1568,6.3,3.65,114.0,110.0,7.51,270.82,5.1,15,101300.0,9999999
03776,0,1569,6.9,3.43,186.0,164.0,7.51,266.96,5.7,15,101300.0,9999999
03776,0,1570,7.3,3.29,242.0,232.0,7.51,268.12,5.7,15,101400.0,9999999
03776,0,1571,8.2,3.48,274.0,262.0,7.51,266.96,5.7,14,101400.0,9999999
03776,0,1572,8.8,3.79,279.0,267.0,7.51,266.96,5.7,14,101400.0,9999999
03776,0,1573,8.4,3.53,258.0,247.0,7.51,266.27,6.2,14,101400.0,9999999
03776,0,1574,8.6,3.62,211.0,202.0,7.51,266.5,6.2,14,101400.0,9999999
03776,0,1575,8.3,3.67,144.0,136.0,7.51,266.27,4.6,14,101400.0,9999999
03776,0,1576,7.7,3.53,68.0,68.0,7.51,265.56,5.1,14,101500.0,9999999
03776,0,1577,7.1,4.38,10.0,10.0,7.51,265.8,3.6,14,101500.0,9999999
03776,0,1578,6.6,3.94,0.0,0.0,7.51,264.85,2.6,14,101600.0,9999999
03776,0,1579,6.1,4.03,0.0,0.0,7.51,271.04,1.5,14,101600.0,9999999
03776,0,1580,6.0,4.35,0.0,0.0,7.51,273.01,2.1,14,101600.0,9999999
03776,0,1581,5.6,4.54,0.0,0.0,7.51,270.82,2.1,14,101600.0,9999999
03776,0,1582,4.1,4.28,0.0,0.0,7.51,266.03,2.1,13,101700.0,9999999
03776,0,1583,3.4,4.25,0.0,0.0,7.51,268.57,1.5,12,101700.0,9999999
03776,0,1584,4.1,4.31,0.0,0.0,7.51,269.25,2.1,14,101700.0,9999999
03776,0,1585,4.3,4.31,0.0,0.0,7.51,271.26,2.1,14,101700.0,9999999
03776,0,1586,4.1,4.35,0.0,0.0,7.51,271.26,2.1,14,101700.0,9999999
03776,0,1587,4.2,4.31,0.0,0.0,7.51,271.26,1.0,13,101700.0,9999999
03776,0,1588,3.8,4.38,0.0,0.0,7.51,270.82,1.0,11,101700.0,9999999
03776,0,1589,3.4,4.44,0.0,0.0,7.51,270.6,1.0,12,101700.0,9999999
03776,0,1590,3.3,4.41,1.0,1.0,7.51,270.37,1.0,11,101700.0,9999999
03776,0,1591,3.9,4.61,41.0,41.0,7.51,269.25,1.0,11,101800.0,9999999
03776,0,1592,5.6,4.72,45.0,45.0,7.51,268.57,2.1,13,101800.0,9999999
03776,0,1593,6.4,4.75,188.0,156.0,7.51,269.25,2.6,15,101800.0,9999999
03776,0,1594,7.2,4.89,243.0,220.0,7.51,272.58,1.0,14,101800.0,9999999
03776,0,1595,8.0,4.86,275.0,248.0,7.51,273.44,0.5,11,101800.0,9999999
03776,0,1596,8.7,4.86,280.0,253.0,7.51,274.09,1.0,14,101800.0,9999999
03776,0,1597,8.8,5.08,258.0,234.0,7.51,274.3,1.5,15,101800.0,9999999
03776,0,1598,8.9,4.86,212.0,193.0,7.51,274.3,1.5,15,101800.0,9999999
03776,0,1599,9.0,5.0,146.0,139.0,7.51,274.52,2.1,14,101800.0,9999999
03776,0,1600,8.5,5.08,70.0,70.0,7.51,274.09,1.0,14,101800.0,9999999
03776,0,1601,7.7,5.19,4.0,4.0,7.51,275.15,0.5,13,101800.0,9999999
03776,0,1602,7.0,5.19,0.0,0.0,7.51,274.52,1.0,12,101800.0,9999999
03776,0,1603,6.7,5.15,0.0,0.0,7.51,274.3,1.0,9,101800.0,9999999
03776,0,1604,6.3,5.19,0.0,0.0,7.51,273.87,1.0,9,101900.0,9999999
03776,0,1605,6.6,5.38,0.0,0.0,7.51,274.3,1.0,10,101900.0,9999999
03776,0,1606,6.2,5.3,0.0,0.0,7.51,273.87,1.0,10,101900.0,9999999
03776,0,1607,5.7,5.19,0.0,0.0,7.51,273.23,1.5,10,101900.0,9999999
03776,0,1608,5.5,5.3,0.0,0.0,7.51,273.23,1.0,11,101900.0,9999999
03776,0,1609,5.9,5.46,0.0,0.0,7.51,273.66,0.5,12,101900.0,9999999
03776,0,1610,5.5,5.38,0.0,0.0,7.51,271.26,0.5,10,101900.0,9999999
03776,0,1611,6.5,5.27,0.0,0.0,7.51,274.09,2.1,13,101900.0,9999999
03776,0,1612,6.7,5.27,0.0,0.0,7.51,274.3,4.1,14,101900.0,9999999
03776,0,1613,5.7,5.19,0.0,0.0,7.51,271.48,1.0,10,101900.0,9999999
03776,0,1614,5.3,5.04,3.0,3.0,7.51,270.82,0.5,11,102000.0,9999999
03776,0,1615,5.0,4.82,85.0,54.0,7.51,264.14,1.5,9,102000.0,9999999
03776,0,1616,7.9,5.04,232.0,96.0,7.51,266.96,1.5,11,102000.0,9999999
03776,0,1617,10.1,4.68,372.0,100.0,7.51,268.8,3.6,12,102000.0,9999999
03776,0,1618,10.3,4.31,415.0,190.0,7.51,268.8,4.1,12,102000.0,9999999
03776,0,1619,11.0,4.25,469.0,224.0,7.51,269.25,4.6,13,102000.0,9999999
03776,0,1620,12.1,4.48,402.0,265.0,7.51,270.6,3.6,10,101900.0,9999999
03776,0,1621,11.3,4.48,262.0,211.0,7.51,270.6,3.6,11,101900.0,9999999
03776,0,1622,11.2,4.65,215.0,196.0,7.51,270.82,4.1,11,101900.0,9999999
03776,0,1623,11.1,4.61,149.0,139.0,7.51,270.6,4.1,10,101900.0,9999999
03776,0,1624,9.9,4.61,72.0,72.0,7.51,270.6,4.1,10,101800.0,9999999
03776,0,1625,8.1,4.61,17.0,17.0,7.51,266.73,3.1,10,101900.0,9999999
03776,0,1626,6.2,4.48,0.0,0.0,7.51,263.66,3.1,10,101900.0,9999999
03776,0,1627,5.9,4.82,0.0,0.0,7.51,264.85,3.1,9,101900.0,9999999
03776,0,1628,5.3,5.04,0.0,0.0,7.51,263.18,2.6,9,101900.0,9999999
03776,0,1629,6.1,5.46,0.0,0.0,7.51,273.87,2.1,10,101800.0,9999999
03776,0,1630,6.7,5.7,0.0,0.0,7.51,274.52,2.6,10,101800.0,9999999
03776,0,1631,6.6,5.95,0.0,0.0,7.51,274.52,2.1,9,101800.0,9999999
03776,0,1632,6.5,5.82,0.0,0.0,7.51,269.93,2.6,9,101700.0,9999999
03776,0,1633,6.9,5.87,0.0,0.0,7.51,273.01,2.1,9,101700.0,9999999
03776,0,1634,6.9,6.08,0.0,0.0,7.51,274.94,2.1,10,101700.0,9999999
03776,0,1635,7.1,6.08,0.0,0.0,7.51,275.15,3.1,11,101700.0,9999999
03776,0,1636,6.6,5.38,0.0,0.0,7.51,274.3,6.2,14,101800.0,9999999
03776,0,1637,5.2,4.75,0.0,0.0,7.51,272.58,3.6,14,101900.0,9999999
03776,0,1638,5.1,4.72,2.0,2.0,7.51,272.36,3.6,14,102000.0,9999999
03776,0,1639,5.3,4.61,46.0,46.0,7.51,270.6,3.1,14,102000.0,9999999
03776,0,1640,5.5,4.61,122.0,118.0,7.51,266.5,4.1,14,102100.0,9999999
03776,0,1641,6.2,4.58,76.0,76.0,7.51,265.09,5.1,14,102200.0,9999999
03776,0,1642,7.2,4.54,250.0,202.0,7.51,266.03,6.2,14,102200.0,9999999
03776,0,1643,8.6,4.54,282.0,255.0,7.51,267.2,5.1,14,102200.0,9999999
03776,0,1644,9.1,4.48,287.0,259.0,7.51,267.66,4.6,14,102100.0,9999999
03776,0,1645,9.8,4.18,266.0,240.0,7.51,268.12,5.1,13,102100.0,9999999
03776,0,1646,9.7,4.18,219.0,199.0,7.51,268.12,6.7,13,102100.0,9999999
03776,0,1647,9.4,4.03,215.0,149.0,7.51,268.57,5.7,12,102200.0,9999999
03776,0,1648,9.0,4.06,106.0,90.0,7.51,269.93,4.6,13,102200.0,9999999
03776,0,1649,8.5,4.22,18.0,18.0,7.51,270.82,4.1,12,102200.0,9999999
03776,0,1650,8.1,4.22,0.0,0.0,7.51,270.6,3.6,12,102200.0,9999999
03776,0,1651,7.2,4.18,0.0,0.0,7.51,267.66,3.6,12,102300.0,9999999
03776,0,1652,6.3,4.18,0.0,0.0,7.51,263.66,3.6,12,102300.0,9999999
03776,0,1653,5.8,4.25,0.0,0.0,7.51,266.5,1.5,9,102300.0,9999999
03776,0,1654,6.4,4.35,0.0,0.0,7.51,269.03,3.1,12,102300.0,9999999
03776,0,1655,4.9,4.35,0.0,0.0,7.51,270.15,2.6,12,102300.0,9999999
03776,0,1656,5.3,4.31,0.0,0.0,7.51,266.5,2.6,12,102300.0,9999999
03776,0,1657,5.2,4.31,0.0,0.0,7.51,266.5,3.1,12,102300.0,9999999
03776,0,1658,5.0,4.31,0.0,0.0,7.51,263.66,3.1,13,102200.0,9999999
03776,0,1659,3.7,4.12,0.0,0.0,7.51,260.97,1.0,8,102200.0,9999999
03776,0,1660,2.3,3.94,0.0,0.0,7.51,259.72,2.1,9,102200.0,9999999
03776,0,1661,1.7,3.91,0.0,0.0,7.51,261.22,2.1,10,102200.0,9999999
03776,0,1662,1.3,3.85,4.0,4.0,7.51,259.72,3.1,11,102200.0,9999999
03776,0,1663,4.3,4.48,49.0,49.0,7.51,263.18,3.6,11,102200.0,9999999
03776,0,1664,7.0,4.79,125.0,121.0,7.51,269.93,4.1,11,102200.0,9999999
03776,0,1665,7.3,4.86,198.0,189.0,7.51,272.8,3.6,11,102100.0,9999999
03776,0,1666,8.0,4.93,253.0,229.0,7.51,269.48,4.6,11,102000.0,9999999
03776,0,1667,8.8,5.38,284.0,257.0,7.51,270.15,5.1,12,102000.0,9999999
03776,0,1668,11.0,5.7,289.0,251.0,7.51,274.3,7.2,12,101900.0,9999999
03776,0,1669,10.4,5.42,104.0,104.0,7.51,278.07,6.7,12,101800.0,9999999
03776,0,1670,10.3,5.3,86.0,86.0,7.51,277.86,7.7,12,102100.0,9999999
03776,0,1671,10.6,5.34,153.0,132.0,7.51,276.21,6.7,12,101700.0,9999999
03776,0,1672,10.0,5.34,76.0,76.0,7.51,275.58,5.7,12,101600.0,9999999
03776,0,1673,10.0,5.08,13.0,13.0,7.51,273.01,4.6,12,101600.0,9999999
03776,0,1674,9.6,4.89,0.0,0.0,7.51,274.94,6.2,13,101600.0,9999999
03776,0,1675,9.5,5.23,0.0,0.0,7.51,275.15,6.7,12,101600.0,9999999
03776,0,1676,8.7,5.54,0.0,0.0,7.51,271.92,5.7,12,101600.0,9999999
03776,0,1677,8.4,5.7,0.0,0.0,7.51,269.93,4.6,12,101600.0,9999999
03776,0,1678,8.6,5.66,0.0,0.0,7.51,276.41,5.1,12,101500.0,9999999
03776,0,1679,8.6,5.66,0.0,0.0,7.51,276.41,6.2,11,101500.0,9999999
03776,0,1680,8.6,5.58,0.0,0.0,7.51,271.04,7.2,12,101400.0,9999999
03776,0,1681,8.6,5.58,0.0,0.0,7.51,274.52,7.7,12,101400.0,9999999
03776,0,1682,8.4,5.5,0.0,0.0,7.51,269.7,7.2,13,101300.0,9999999
03776,0,1683,8.5,5.34,0.0,0.0,7.51,268.57,6.7,12,101200.0,9999999
03776,0,1684,8.4,5.23,0.0,0.0,7.51,274.09,5.7,12,101200.0,9999999
03776,0,1685,8.2,5.04,0.0,0.0,7.51,273.66,5.1,12,101200.0,9999999
03776,0,1686,8.0,4.97,5.0,5.0,7.51,273.44,5.7,12,101200.0,9999999
03776,0,1687,8.1,4.89,51.0,51.0,7.51,271.04,5.7,12,101100.0,9999999
03776,0,1688,8.9,4.93,129.0,124.0,7.51,270.37,4.1,12,101200.0,9999999
03776,0,1689,9.7,5.3,201.0,192.0,7.51,272.8,6.7,13,101100.0,9999999
03776,0,1690,9.9,5.38,256.0,232.0,7.51,275.58,7.2,13,101100.0,9999999
03776,0,1691,10.3,5.66,287.0,260.0,7.51,276.21,6.2,13,101100.0,9999999
03776,0,1692,10.1,5.5,114.0,114.0,7.51,277.86,6.7,13,101100.0,9999999
03776,0,1693,10.2,5.7,270.0,218.0,7.51,276.0,5.7,12,101100.0,9999999
03776,0,1694,10.3,5.58,87.0,87.0,7.51,278.07,5.1,12,101000.0,9999999
03776,0,1695,10.1,5.58,61.0,61.0,7.51,277.86,5.1,12,101000.0,9999999
03776,0,1696,9.9,5.58,31.0,31.0,7.51,277.66,4.1,13,101000.0,9999999
03776,0,1697,8.9,5.91,5.0,5.0,7.51,276.83,1.5,15,101000.0,9999999
03776,0,1698,8.4,5.78,0.0,0.0,7.51,276.21,1.0,16,101000.0,9999999
03776,0,1699,7.9,5.74,0.0,0.0,7.51,275.79,1.0,14,101000.0,9999999
03776,0,1700,8.3,5.27,0.0,0.0,7.51,275.79,3.6,12,101000.0,9999999
03776,0,1701,8.4,5.19,0.0,0.0,7.51,276.0,4.1,12,101000.0,9999999
03776,0,1702,8.1,5.15,0.0,0.0,7.51,273.66,4.1,11,100900.0,9999999
03776,0,1703,4.9,4.65,0.0,0.0,7.51,263.9,2.6,10,100900.0,9999999
03776,0,1704,4.4,4.68,0.0,0.0,7.51,263.42,2.6,10,100900.0,9999999
03776,0,1705,5.2,5.08,0.0,0.0,7.51,270.82,2.1,9,100900.0,9999999
03776,0,1706,6.1,5.46,0.0,0.0,7.51,271.92,2.6,10,100800.0,9999999
03776,0,1707,6.3,5.54,0.0,0.0,7.51,272.14,3.1,11,100700.0,9999999
03776,0,1708,6.6,5.58,0.0,0.0,7.51,272.58,3.1,10,100700.0,9999999
03776,0,1709,6.9,5.5,0.0,0.0,7.51,272.8,4.1,11,100600.0,9999999
03776,0,1710,6.9,5.42,6.0,6.0,7.51,272.8,4.6,11,100600.0,9999999
03776,0,1711,7.3,5.5,54.0,54.0,7.51,269.25,4.6,11,100600.0,9999999
03776,0,1712,7.9,5.5,131.0,127.0,7.51,271.26,6.2,12,100500.0,9999999
03776,0,1713,8.6,5.3,204.0,195.0,7.51,274.3,7.2,12,100500.0,9999999
03776,0,1714,9.3,5.3,101.0,101.0,7.51,276.83,7.2,12,100400.0,9999999
03776,0,1715,10.1,5.38,291.0,258.0,7.51,275.79,7.2,12,100400.0,9999999
03776,0,1716,10.1,5.62,295.0,257.0,7.51,276.0,6.7,12,100300.0,9999999
03776,0,1717,9.4,6.16,272.0,247.0,7.51,275.58,5.1,11,100200.0,9999999
03776,0,1718,9.9,5.04,88.0,88.0,7.51,277.25,7.7,12,100200.0,9999999
03776,0,1719,10.1,5.3,159.0,136.0,7.51,275.79,6.7,12,100100.0,9999999
03776,0,1720,9.9,5.11,32.0,32.0,7.51,277.45,7.7,12,100100.0,9999999
03776,0,1721,9.1,5.27,6.0,6.0,7.51,276.62,5.7,12,100100.0,9999999
03776,0,1722,8.1,5.58,0.0,0.0,7.51,275.79,6.7,12,100100.0,9999999
03776,0,1723,7.3,5.62,0.0,0.0,7.51,275.15,5.7,11,100100.0,9999999
03776,0,1724,7.1,5.58,0.0,0.0,7.51,274.94,5.1,11,100000.0,9999999
03776,0,1725,6.8,5.58,0.0,0.0,7.51,274.52,5.1,11,100000.0,9999999
03776,0,1726,6.7,5.66,0.0,0.0,7.51,274.52,3.1,11,100000.0,9999999
03776,0,1727,6.6,5.74,0.0,0.0,7.51,274.52,3.6,11,99900.0,9999999
03776,0,1728,6.9,5.78,0.0,0.0,7.51,274.73,4.1,11,99900.0,9999999
03776,0,1729,7.1,5.91,0.0,0.0,7.51,275.15,5.1,11,99900.0,9999999
03776,0,1730,7.1,5.91,0.0,0.0,7.51,275.15,4.1,11,99800.0,9999999
03776,0,1731,7.2,5.91,0.0,0.0,7.51,275.15,4.1,11,99800.0,9999999
03776,0,1732,7.4,5.91,0.0,0.0,7.51,275.36,3.6,11,99800.0,9999999
03776,0,1733,7.3,5.95,0.0,0.0,7.51,275.36,4.1,11,99800.0,9999999
03776,0,1734,7.2,5.91,3.0,3.0,7.51,270.82,3.6,11,99900.0,9999999
03776,0,1735,7.7,6.12,22.0,22.0,7.51,271.26,4.1,11,99900.0,9999999
03776,0,1736,8.2,6.34,52.0,52.0,7.51,271.26,4.6,12,99900.0,9999999
03776,0,1737,8.8,6.52,81.0,81.0,7.51,272.58,4.6,12,100000.0,9999999
03776,0,1738,9.0,6.52,102.0,102.0,7.51,272.8,4.1,12,100000.0,9999999
03776,0,1739,9.4,6.61,114.0,114.0,7.51,277.66,3.6,10,100000.0,9999999
03776,0,1740,8.8,6.66,116.0,116.0,7.51,277.25,4.1,10,100100.0,9999999
03776,0,1741,9.1,6.71,107.0,107.0,7.51,277.45,4.1,10,100000.0,9999999
03776,0,1742,9.9,7.09,89.0,89.0,7.51,278.48,4.1,11,100000.0,9999999
03776,0,1743,9.7,6.99,63.0,63.0,7.51,278.27,4.1,10,100000.0,9999999
03776,0,1744,9.4,6.61,32.0,32.0,7.51,277.66,4.1,10,100000.0,9999999
03776,0,1745,9.2,6.43,6.0,6.0,7.51,277.45,3.6,10,100000.0,9999999
03776,0,1746,9.0,6.48,0.0,0.0,7.51,277.25,3.6,10,100100.0,9999999
03776,0,1747,8.6,6.48,0.0,0.0,7.51,276.83,4.6,10,100100.0,9999999
03776,0,1748,8.7,6.52,0.0,0.0,7.51,277.04,4.1,10,100000.0,9999999
03776,0,1749,8.7,6.39,0.0,0.0,7.51,276.83,5.1,10,100000.0,9999999
03776,0,1750,8.7,6.39,0.0,0.0,7.51,276.83,5.7,10,100000.0,9999999
03776,0,1751,8.7,6.39,0.0,0.0,7.51,276.83,5.7,10,99900.0,9999999
03776,0,1752,8.8,6.34,0.0,0.0,7.51,277.04,5.7,10,99900.0,9999999
03776,0,1753,8.7,6.3,0.0,0.0,7.51,276.83,4.1,9,99900.0,9999999
03776,0,1754,8.5,6.16,0.0,0.0,7.51,276.62,5.1,9,99800.0,9999999
03776,0,1755,8.1,6.3,0.0,0.0,7.51,276.21,6.7,9,99700.0,9999999
03776,0,1756,8.0,6.25,0.0,0.0,7.51,276.21,6.7,9,99600.0,9999999
03776,0,1757,7.9,6.3,0.0,0.0,7.51,276.0,7.2,9,99400.0,9999999
03776,0,1758,8.2,6.48,3.0,3.0,7.51,276.41,6.7,10,99300.0,9999999
03776,0,1759,8.5,6.61,23.0,23.0,7.51,276.83,7.2,10,99300.0,9999999
03776,0,1760,8.8,6.75,54.0,54.0,7.51,277.25,7.7,9,99200.0,9999999
03776,0,1761,9.2,6.85,82.0,82.0,7.51,277.66,8.2,9,99100.0,9999999
03776,0,1762,9.3,6.9,103.0,103.0,7.51,277.66,8.7,9,98900.0,9999999
03776,0,1763,9.9,6.94,115.0,115.0,7.51,278.27,8.7,9,98700.0,9999999
03776,0,1764,9.7,6.99,117.0,117.0,7.51,278.27,10.3,8,98500.0,9999999
03776,0,1765,9.9,7.19,108.0,108.0,7.51,278.48,11.3,9,98200.0,9999999
03776,0,1766,10.8,6.66,326.0,221.0,7.51,273.23,8.2,10,98200.0,9999999
03776,0,1767,9.9,5.5,275.0,141.0,7.51,272.36,9.8,10,98100.0,9999999
03776,0,1768,9.5,5.62,156.0,91.0,7.51,270.82,9.3,10,98100.0,9999999
03776,0,1769,8.3,5.74,30.0,27.0,7.51,270.37,8.7,11,98200.0,9999999
03776,0,1770,7.5,4.86,0.0,0.0,7.51,268.57,9.3,11,98300.0,9999999
03776,0,1771,7.0,5.0,0.0,0.0,7.51,266.96,6.7,10,98300.0,9999999
03776,0,1772,7.3,5.3,0.0,0.0,7.51,270.6,6.7,10,98300.0,9999999
03776,0,1773,6.8,5.19,0.0,0.0,7.51,268.12,7.2,10,98300.0,9999999
03776,0,1774,5.8,5.19,0.0,0.0,7.51,266.03,6.2,10,98300.0,9999999
03776,0,1775,6.1,5.46,0.0,0.0,7.51,265.56,7.2,10,98200.0,9999999
03776,0,1776,6.7,5.62,0.0,0.0,7.51,268.12,4.6,10,98100.0,9999999
03776,0,1777,7.2,5.82,0.0,0.0,7.51,270.6,5.7,9,97900.0,9999999
03776,0,1778,6.2,5.11,0.0,0.0,7.51,269.25,5.7,10,97900.0,9999999
03776,0,1779,5.6,5.04,0.0,0.0,7.51,271.26,5.1,9,97700.0,9999999
03776,0,1780,6.2,5.5,0.0,0.0,7.51,273.87,4.1,9,97600.0,9999999
03776,0,1781,6.8,5.66,0.0,0.0,7.51,270.15,5.1,9,97500.0,9999999
03776,0,1782,6.7,5.62,8.0,8.0,7.51,272.58,4.1,9,97400.0,9999999
03776,0,1783,7.0,5.82,62.0,62.0,7.51,273.01,4.1,10,97400.0,9999999
03776,0,1784,7.1,5.7,55.0,55.0,7.51,274.94,7.7,12,97500.0,9999999
03776,0,1785,7.6,5.82,214.0,176.0,7.51,273.66,6.7,12,97600.0,9999999
03776,0,1786,8.7,5.7,269.0,244.0,7.51,274.52,6.2,12,97700.0,9999999
03776,0,1787,9.8,5.82,300.0,261.0,7.51,275.79,6.7,13,97900.0,9999999
03776,0,1788,10.4,5.46,431.0,250.0,7.51,272.8,7.7,14,98100.0,9999999
03776,0,1789,11.4,5.3,474.0,218.0,7.51,273.01,9.8,13,98200.0,9999999
03776,0,1790,10.2,5.27,234.0,191.0,7.51,275.79,6.7,13,98300.0,9999999
03776,0,1791,9.9,4.44,167.0,155.0,7.51,274.94,7.2,13,98500.0,9999999
03776,0,1792,9.3,4.65,88.0,87.0,7.51,274.52,7.7,13,98700.0,9999999
03776,0,1793,8.7,4.68,17.0,17.0,7.51,273.87,6.7,14,98900.0,9999999
03776,0,1794,8.1,4.25,0.0,0.0,7.51,274.94,6.7,15,99100.0,9999999
03776,0,1795,7.4,4.51,0.0,0.0,7.51,274.52,4.6,15,99200.0,9999999
03776,0,1796,6.9,4.54,0.0,0.0,7.51,272.14,2.6,15,99300.0,9999999
03776,0,1797,6.5,4.82,0.0,0.0,7.51,271.92,1.5,14,99400.0,9999999
03776,0,1798,6.4,4.58,0.0,0.0,7.51,271.7,1.5,15,99500.0,9999999
03776,0,1799,6.1,4.38,0.0,0.0,7.51,273.23,2.1,16,99600.0,9999999
03776,0,1800,5.6,4.44,0.0,0.0,7.51,272.8,1.5,2,99700.0,9999999
03776,0,1801,5.0,4.41,0.0,0.0,7.51,272.14,1.0,16,99700.0,9999999
03776,0,1802,4.8,4.41,0.0,0.0,7.51,271.92,0.5,1,99700.0,9999999
03776,0,1803,4.7,3.94,0.0,0.0,7.51,271.48,2.6,1,99800.0,9999999
03776,0,1804,4.6,3.82,0.0,0.0,7.51,271.26,1.5,16,99800.0,9999999
03776,0,1805,4.6,4.0,0.0,0.0,7.51,271.48,2.1,16,99900.0,9999999
03776,0,1806,4.5,4.12,3.0,3.0,7.51,271.48,1.5,1,100000.0,9999999
03776,0,1807,4.6,4.15,26.0,26.0,7.51,271.48,1.0,16,100000.0,9999999
03776,0,1808,5.2,3.97,57.0,57.0,7.51,271.92,1.5,14,100100.0,9999999
03776,0,1809,5.8,3.73,219.0,207.0,7.51,270.37,2.1,15,100200.0,9999999
03776,0,1810,7.1,3.29,275.0,264.0,7.51,266.96,1.5,4,100200.0,9999999
03776,0,1811,8.7,3.73,433.0,258.0,7.51,266.73,1.0,12,100200.0,9999999
03776,0,1812,8.7,3.32,440.0,293.0,7.51,266.5,1.5,6,100200.0,9999999
03776,0,1813,8.6,3.62,288.0,271.0,7.51,268.57,2.1,8,100200.0,9999999
03776,0,1814,8.3,3.51,94.0,94.0,7.51,267.2,1.5,6,100100.0,9999999
03776,0,1815,7.6,3.32,67.0,67.0,7.51,265.33,2.6,8,100100.0,9999999
03776,0,1816,6.6,3.85,35.0,35.0,7.51,267.43,3.6,8,100100.0,9999999
03776,0,1817,5.9,3.32,7.0,7.0,7.51,266.96,2.6,8,100100.0,9999999
03776,0,1818,5.3,3.37,0.0,0.0,7.51,271.48,2.1,7,100100.0,9999999
03776,0,1819,5.0,3.51,0.0,0.0,7.51,271.26,2.1,7,100100.0,9999999
03776,0,1820,4.9,3.76,0.0,0.0,7.51,265.8,2.1,6,100100.0,9999999
03776,0,1821,4.9,3.76,0.0,0.0,7.51,265.8,2.1,5,100000.0,9999999
03776,0,1822,4.9,3.76,0.0,0.0,7.51,265.8,2.1,4,100000.0,9999999
03776,0,1823,4.8,4.15,0.0,0.0,7.51,267.43,2.6,4,100000.0,9999999
03776,0,1824,4.3,4.41,0.0,0.0,7.51,269.48,3.6,3,100000.0,9999999
03776,0,1825,4.1,4.41,0.0,0.0,7.51,269.25,4.1,3,100100.0,9999999
03776,0,1826,4.0,4.48,0.0,0.0,7.51,266.73,3.6,3,100100.0,9999999
03776,0,1827,4.1,4.41,0.0,0.0,7.51,271.26,3.1,3,100100.0,9999999
03776,0,1828,4.0,4.38,0.0,0.0,7.51,271.04,3.1,3,100200.0,9999999
03776,0,1829,4.0,4.48,0.0,0.0,7.51,271.04,2.6,2,100300.0,9999999
03776,0,1830,4.5,4.15,10.0,10.0,7.51,266.96,2.6,3,100400.0,9999999
03776,0,1831,5.2,4.12,114.0,80.0,7.51,263.66,3.6,3,100500.0,9999999
03776,0,1832,6.0,3.97,210.0,147.0,7.51,264.38,3.6,4,100600.0,9999999
03776,0,1833,7.8,4.06,373.0,177.0,7.51,266.27,4.6,4,100700.0,9999999
03776,0,1834,8.7,4.22,277.0,223.0,7.51,267.2,4.1,4,100700.0,9999999
03776,0,1835,9.1,3.73,121.0,121.0,7.51,267.2,4.6,5,100800.0,9999999
03776,0,1836,9.0,3.97,122.0,122.0,7.51,267.2,3.6,4,100800.0,9999999
03776,0,1837,8.6,3.73,113.0,113.0,7.51,266.73,4.6,4,100800.0,9999999
03776,0,1838,8.3,3.67,94.0,94.0,7.51,266.27,3.6,5,100800.0,9999999
03776,0,1839,8.2,3.65,68.0,68.0,7.51,266.27,3.6,6,100800.0,9999999
03776,0,1840,7.9,4.06,36.0,36.0,7.51,268.34,3.1,6,100800.0,9999999
03776,0,1841,6.9,4.68,8.0,8.0,7.51,267.89,3.1,6,100800.0,9999999
03776,0,1842,6.1,4.89,0.0,0.0,7.51,269.03,2.1,4,100900.0,9999999
03776,0,1843,5.6,5.08,0.0,0.0,7.51,267.43,2.1,5,100900.0,9999999
03776,0,1844,6.1,5.38,0.0,0.0,7.51,266.27,3.6,6,100800.0,9999999
03776,0,1845,6.5,5.62,0.0,0.0,7.51,274.3,3.6,6,100800.0,9999999
03776,0,1846,7.0,5.91,0.0,0.0,7.51,274.94,4.6,6,100700.0,9999999
03776,0,1847,7.4,6.08,0.0,0.0,7.51,273.66,4.1,7,100700.0,9999999
03776,0,1848,7.5,6.25,0.0,0.0,7.51,275.58,3.6,7,100600.0,9999999
03776,0,1849,7.6,6.39,0.0,0.0,7.51,275.79,2.1,8,100500.0,9999999
03776,0,1850,8.3,6.8,0.0,0.0,7.51,276.62,3.1,8,100400.0,9999999
03776,0,1851,8.7,6.9,0.0,0.0,7.51,277.25,2.6,8,100400.0,9999999
03776,0,1852,9.3,7.19,0.0,0.0,7.51,277.86,3.6,9,100400.0,9999999
03776,0,1853,9.2,7.14,0.0,0.0,7.51,277.86,4.6,9,100400.0,9999999
03776,0,1854,9.5,7.19,4.0,4.0,7.51,278.07,4.6,9,100400.0,9999999
03776,0,1855,9.4,7.24,27.0,27.0,7.51,278.07,4.6,9,100400.0,9999999
03776,0,1856,9.7,7.39,58.0,58.0,7.51,278.48,4.6,9,100500.0,9999999
03776,0,1857,10.0,7.34,87.0,87.0,7.51,278.68,4.6,9,100500.0,9999999
03776,0,1858,10.0,7.34,108.0,108.0,7.51,278.68,6.7,9,100400.0,9999999
03776,0,1859,10.2,7.65,120.0,120.0,7.51,279.09,5.1,9,100400.0,9999999
03776,0,1860,10.2,7.34,122.0,122.0,7.51,278.89,7.7,9,100400.0,9999999
03776,0,1861,10.4,6.99,113.0,113.0,7.51,278.89,7.2,9,100300.0,9999999
03776,0,1862,11.4,7.09,94.0,94.0,7.51,279.9,7.2,9,100200.0,9999999
03776,0,1863,11.3,6.8,68.0,68.0,7.51,279.7,6.2,9,100200.0,9999999
03776,0,1864,10.9,6.52,37.0,37.0,7.51,279.09,5.1,8,100100.0,9999999
03776,0,1865,10.5,6.66,8.0,8.0,7.51,278.89,5.7,9,100100.0,9999999
03776,0,1866,10.0,7.14,0.0,0.0,7.51,278.48,7.7,9,100000.0,9999999
03776,0,1867,9.8,7.24,0.0,0.0,7.51,278.48,8.2,9,100000.0,9999999
03776,0,1868,10.0,7.34,0.0,0.0,7.51,278.68,8.7,9,99900.0,9999999
03776,0,1869,10.1,7.29,0.0,0.0,7.51,278.68,7.7,9,99900.0,9999999
03776,0,1870,10.2,7.34,0.0,0.0,7.51,278.89,7.2,10,99800.0,9999999
03776,0,1871,10.3,7.19,0.0,0.0,7.51,278.89,7.2,10,99700.0,9999999
03776,0,1872,10.1,7.19,0.0,0.0,7.51,278.68,6.2,10,99800.0,9999999
03776,0,1873,9.6,6.04,0.0,0.0,7.51,273.23,9.3,12,99900.0,9999999
03776,0,1874,8.8,5.95,0.0,0.0,7.51,269.25,6.2,12,100000.0,9999999
03776,0,1875,8.0,5.99,0.0,0.0,7.51,268.57,3.6,11,100100.0,9999999
03776,0,1876,7.0,5.87,0.0,0.0,7.51,267.43,2.1,10,100200.0,9999999
03776,0,1877,7.7,6.21,0.0,0.0,7.51,271.48,2.1,10,100300.0,9999999
03776,0,1878,8.5,6.39,12.0,12.0,7.51,271.48,3.1,10,100300.0,9999999
03776,0,1879,9.2,6.43,104.0,85.0,7.51,272.14,3.1,9,100300.0,9999999
03776,0,1880,10.0,6.61,217.0,159.0,7.51,273.87,5.7,10,100400.0,9999999
03776,0,1881,10.9,6.75,226.0,207.0,7.51,274.73,4.6,9,100300.0,9999999
03776,0,1882,12.2,6.52,281.0,255.0,7.51,275.15,4.6,9,100300.0,9999999
03776,0,1883,11.1,6.48,122.0,122.0,7.51,279.29,5.7,9,100400.0,9999999
03776,0,1884,11.3,6.3,123.0,123.0,7.51,279.49,5.7,10,100400.0,9999999
03776,0,1885,11.0,6.3,114.0,114.0,7.51,274.52,5.1,10,100400.0,9999999
03776,0,1886,10.1,6.99,95.0,95.0,7.51,274.09,4.6,9,100300.0,9999999
03776,0,1887,9.8,7.04,69.0,69.0,7.51,273.87,3.1,8,100300.0,9999999
03776,0,1888,9.3,6.99,37.0,37.0,7.51,273.23,3.1,8,100200.0,9999999
03776,0,1889,9.3,6.9,9.0,9.0,7.51,272.58,2.6,5,100100.0,9999999
03776,0,1890,9.2,6.8,0.0,0.0,7.51,273.23,2.6,4,100000.0,9999999
03776,0,1891,9.2,6.8,0.0,0.0,7.51,273.23,4.6,5,99800.0,9999999
03776,0,1892,9.5,6.99,0.0,0.0,7.51,273.44,5.7,7,99700.0,9999999
03776,0,1893,10.1,7.39,0.0,0.0,7.51,278.68,5.1,9,99600.0,9999999
03776,0,1894,10.1,7.49,0.0,0.0,7.51,278.89,4.6,9,99600.0,9999999
03776,0,1895,9.6,7.34,0.0,0.0,7.51,278.27,4.1,9,99500.0,9999999
03776,0,1896,9.3,7.19,0.0,0.0,7.51,277.86,3.6,9,99500.0,9999999
03776,0,1897,9.2,7.14,0.0,0.0,7.51,277.86,3.6,11,99500.0,9999999
03776,0,1898,8.5,6.52,0.0,0.0,7.51,276.83,7.7,13,99600.0,9999999
03776,0,1899,8.4,6.16,0.0,0.0,7.51,276.41,7.7,13,99700.0,9999999
03776,0,1900,8.3,6.04,0.0,0.0,7.51,276.41,6.2,13,99900.0,9999999
03776,0,1901,8.2,6.08,0.0,0.0,7.51,276.21,3.6,13,100000.0,9999999
03776,0,1902,7.9,6.04,18.0,18.0,7.51,270.6,3.6,13,100000.0,9999999
03776,0,1903,8.8,6.34,30.0,30.0,7.51,277.04,4.6,12,100100.0,9999999
03776,0,1904,9.3,6.39,157.0,136.0,7.51,275.58,4.6,12,100100.0,9999999
03776,0,1905,9.7,6.34,230.0,220.0,7.51,276.0,4.1,11,100200.0,9999999
03776,0,1906,10.4,6.43,284.0,249.0,7.51,276.62,5.7,12,100200.0,9999999
03776,0,1907,10.9,6.39,315.0,275.0,7.51,277.04,5.1,12,100300.0,9999999
03776,0,1908,11.8,6.21,451.0,265.0,7.51,275.36,6.2,12,100300.0,9999999
03776,0,1909,12.2,5.91,296.0,263.0,7.51,274.09,5.1,12,100300.0,9999999
03776,0,1910,12.2,5.42,248.0,226.0,7.51,273.44,5.7,12,100300.0,9999999
03776,0,1911,12.6,5.11,179.0,166.0,7.51,272.36,6.2,11,100300.0,9999999
03776,0,1912,11.9,5.08,139.0,111.0,7.51,271.7,5.7,12,100300.0,9999999
03776,0,1913,11.0,5.15,35.0,35.0,7.51,269.93,4.1,11,100400.0,9999999
03776,0,1914,9.4,5.08,1.0,1.0,7.51,268.34,4.1,11,100400.0,9999999
03776,0,1915,8.9,4.75,0.0,0.0,7.51,267.66,4.6,12,100500.0,9999999
03776,0,1916,7.5,4.82,0.0,0.0,7.51,266.5,3.6,11,100600.0,9999999
03776,0,1917,5.6,4.82,0.0,0.0,7.51,264.62,3.1,11,100600.0,9999999
03776,0,1918,6.0,4.89,0.0,0.0,7.51,263.66,2.6,12,100600.0,9999999
03776,0,1919,5.7,4.93,0.0,0.0,7.51,263.42,3.6,12,100700.0,9999999
03776,0,1920,5.3,5.11,0.0,0.0,7.51,263.18,3.6,11,100700.0,9999999
03776,0,1921,4.1,4.68,0.0,0.0,7.51,261.96,1.5,9,100700.0,9999999
03776,0,1922,3.3,4.58,0.0,0.0,7.51,260.97,1.0,8,100700.0,9999999
03776,0,1923,4.2,4.89,0.0,0.0,7.51,261.96,1.5,8,100700.0,9999999
03776,0,1924,3.7,4.72,0.0,0.0,7.51,261.47,2.6,9,100700.0,9999999
03776,0,1925,4.6,4.97,0.0,0.0,7.51,270.15,4.6,10,100700.0,9999999
03776,0,1926,5.8,5.42,14.0,14.0,7.51,271.7,3.6,10,100800.0,9999999
03776,0,1927,7.2,5.82,79.0,79.0,7.51,270.6,4.6,10,100800.0,9999999
03776,0,1928,7.7,6.04,160.0,155.0,7.51,271.26,3.6,10,100800.0,9999999
03776,0,1929,9.8,6.43,233.0,223.0,7.51,271.7,5.1,11,100800.0,9999999
03776,0,1930,11.8,6.34,483.0,236.0,7.51,274.09,5.1,11,100800.0,9999999
03776,0,1931,12.3,5.95,319.0,283.0,7.51,273.87,4.6,11,100700.0,9999999
03776,0,1932,11.3,6.08,322.0,281.0,7.51,272.8,4.6,10,100700.0,9999999
03776,0,1933,10.5,6.25,299.0,261.0,7.51,273.23,4.6,11,100600.0,9999999
03776,0,1934,11.7,6.08,250.0,228.0,7.51,273.87,5.7,10,100600.0,9999999
03776,0,1935,12.2,6.21,181.0,167.0,7.51,273.87,6.7,10,100600.0,9999999
03776,0,1936,10.1,6.21,100.0,99.0,7.51,271.7,5.1,10,100600.0,9999999
03776,0,1937,9.4,6.25,26.0,26.0,7.51,271.7,4.6,9,100500.0,9999999
03776,0,1938,9.1,6.3,0.0,0.0,7.51,269.7,4.6,9,100500.0,9999999
03776,0,1939,9.1,6.21,0.0,0.0,7.51,272.8,5.7,9,100400.0,9999999
03776,0,1940,8.6,6.34,0.0,0.0,7.51,276.83,5.1,9,100400.0,9999999
03776,0,1941,8.5,6.52,0.0,0.0,7.51,276.83,4.6,9,100300.0,9999999
03776,0,1942,8.5,6.61,0.0,0.0,7.51,276.83,4.1,10,100300.0,9999999
03776,0,1943,8.0,6.3,0.0,0.0,7.51,267.66,4.6,11,100300.0,9999999
03776,0,1944,7.4,5.95,0.0,0.0,7.51,265.8,5.1,12,100300.0,9999999
03776,0,1945,6.6,5.46,0.0,0.0,7.51,264.62,5.1,11,100300.0,9999999
03776,0,1946,6.0,5.23,0.0,0.0,7.51,263.9,5.7,11,100400.0,9999999
03776,0,1947,5.8,5.08,0.0,0.0,7.51,267.43,5.1,11,100400.0,9999999
03776,0,1948,5.6,5.08,0.0,0.0,7.51,265.56,4.1,11,100400.0,9999999
03776,0,1949,6.0,5.3,0.0,0.0,7.51,271.7,3.1,10,100400.0,9999999
03776,0,1950,6.0,5.23,27.0,26.0,7.51,267.89,3.6,10,100300.0,9999999
03776,0,1951,7.4,5.82,32.0,32.0,7.51,275.36,5.7,9,100300.0,9999999
03776,0,1952,8.8,5.87,275.0,229.0,7.51,270.82,7.2,10,100200.0,9999999
03776,0,1953,10.1,5.19,336.0,228.0,7.51,273.23,9.8,12,100300.0,9999999
03776,0,1954,10.1,4.82,114.0,114.0,7.51,272.14,10.3,12,100300.0,9999999
03776,0,1955,7.7,5.38,323.0,287.0,7.51,270.82,9.3,12,100400.0,9999999
03776,0,1956,9.4,5.66,623.0,348.0,7.51,269.7,6.2,10,100300.0,9999999
03776,0,1957,12.4,5.11,508.0,231.0,7.51,273.44,10.3,12,100300.0,9999999
03776,0,1958,11.7,4.0,428.0,242.0,7.51,270.82,9.3,12,100300.0,9999999
03776,0,1959,10.8,3.51,186.0,177.0,7.51,269.48,8.7,12,100400.0,9999999
03776,0,1960,9.9,4.35,103.0,102.0,7.51,268.34,6.2,12,100400.0,9999999
03776,0,1961,9.1,4.75,28.0,28.0,7.51,268.8,7.2,12,100500.0,9999999
03776,0,1962,8.0,4.86,1.0,1.0,7.51,266.96,6.2,11,100700.0,9999999
03776,0,1963,7.4,5.08,0.0,0.0,7.51,266.5,5.7,12,100800.0,9999999
03776,0,1964,7.4,5.15,0.0,0.0,7.51,267.43,3.6,11,100800.0,9999999
03776,0,1965,7.8,5.3,0.0,0.0,7.51,270.15,4.1,11,100900.0,9999999
03776,0,1966,7.1,5.87,0.0,0.0,7.51,270.6,4.1,10,100800.0,9999999
03776,0,1967,7.0,5.91,0.0,0.0,7.51,268.57,2.1,9,100800.0,9999999
03776,0,1968,7.5,6.04,0.0,0.0,7.51,273.66,3.1,10,100800.0,9999999
03776,0,1969,7.6,5.99,0.0,0.0,7.51,273.66,3.6,9,100700.0,9999999
03776,0,1970,8.1,6.04,0.0,0.0,7.51,274.3,4.1,9,100600.0,9999999
03776,0,1971,8.5,6.21,0.0,0.0,7.51,274.73,5.7,10,100500.0,9999999
03776,0,1972,8.6,6.34,0.0,0.0,7.51,274.94,4.6,9,100400.0,9999999
03776,0,1973,8.6,6.75,0.0,0.0,7.51,277.04,5.1,9,100400.0,9999999
03776,0,1974,9.0,6.94,6.0,6.0,7.51,277.45,5.7,10,100300.0,9999999
03776,0,1975,9.9,7.29,33.0,33.0,7.51,278.48,5.7,10,100300.0,9999999
03776,0,1976,10.6,7.14,65.0,65.0,7.51,279.09,6.7,10,100200.0,9999999
03776,0,1977,10.4,4.86,341.0,231.0,7.51,271.26,11.8,12,100300.0,9999999
03776,0,1978,11.8,4.61,498.0,227.0,7.51,270.37,11.3,12,100300.0,9999999
03776,0,1979,11.2,4.61,549.0,202.0,7.51,269.7,9.3,12,100400.0,9999999
03776,0,1980,12.8,4.48,642.0,158.0,7.51,271.26,8.7,11,100400.0,9999999
03776,0,1981,13.1,3.76,435.0,262.0,7.51,271.92,9.8,12,100400.0,9999999
03776,0,1982,13.0,3.91,258.0,244.0,7.51,273.01,11.3,12,100400.0,9999999
03776,0,1983,11.5,4.09,187.0,173.0,7.51,276.21,9.8,12,100400.0,9999999
03776,0,1984,10.9,4.31,106.0,104.0,7.51,273.23,10.3,11,100300.0,9999999
03776,0,1985,10.5,4.61,29.0,29.0,7.51,273.23,9.8,11,100300.0,9999999
03776,0,1986,8.7,4.97,1.0,1.0,7.51,274.09,6.2,11,100400.0,9999999
03776,0,1987,7.9,5.62,0.0,0.0,7.51,268.12,5.1,10,100400.0,9999999
03776,0,1988,7.8,5.5,0.0,0.0,7.51,268.12,5.1,10,100300.0,9999999
03776,0,1989,8.4,5.58,0.0,0.0,7.51,271.7,5.7,10,100300.0,9999999
03776,0,1990,8.2,5.42,0.0,0.0,7.51,269.48,4.1,9,100200.0,9999999
03776,0,1991,7.9,5.66,0.0,0.0,7.51,268.12,4.1,9,100100.0,9999999
03776,0,1992,7.9,5.95,0.0,0.0,7.51,271.48,5.1,9,100000.0,9999999
03776,0,1993,7.0,5.74,0.0,0.0,7.51,274.94,5.1,9,99700.0,9999999
03776,0,1994,6.2,5.3,0.0,0.0,7.51,268.57,4.1,8,99400.0,9999999
03776,0,1995,6.7,5.82,0.0,0.0,7.51,274.73,5.1,8,99200.0,9999999
03776,0,1996,6.8,5.95,0.0,0.0,7.51,274.73,5.1,9,99000.0,9999999
03776,0,1997,7.9,6.25,0.0,0.0,7.51,271.7,5.1,10,98900.0,9999999
03776,0,1998,9.2,6.04,24.0,24.0,7.51,272.8,8.2,11,98800.0,9999999
03776,0,1999,9.3,5.91,88.0,87.0,7.51,275.36,7.2,11,98800.0,9999999
03776,0,2000,8.3,6.04,170.0,164.0,7.51,274.3,7.7,11,98900.0,9999999
03776,0,2001,8.9,5.82,243.0,233.0,7.51,274.94,8.7,12,99000.0,9999999
03776,0,2002,10.3,6.08,298.0,260.0,7.51,276.41,7.2,11,99200.0,9999999
03776,0,2003,10.0,6.25,328.0,286.0,7.51,276.21,8.2,13,99400.0,9999999
03776,0,2004,11.1,5.08,470.0,274.0,7.51,274.09,7.7,14,99700.0,9999999
03776,0,2005,11.4,4.44,601.0,178.0,7.51,270.82,8.2,12,99800.0,9999999
03776,0,2006,11.3,4.44,495.0,110.0,7.51,271.92,8.3,12,99800.0,9999999
03776,0,2007,10.7,4.54,365.0,98.0,7.51,270.82,7.0,12,99900.0,9999999
03776,0,2008,10.6,4.48,210.0,82.0,7.51,269.93,7.6,12,99900.0,9999999
03776,0,2009,9.8,4.75,61.0,48.0,7.51,268.57,6.7,12,100000.0,9999999
03776,0,2010,8.3,4.75,2.0,2.0,7.51,268.12,4.7,12,100100.0,9999999
03776,0,2011,6.4,5.19,0.0,0.0,7.51,265.56,4.0,12,100200.0,9999999
03776,0,2012,6.7,5.08,0.0,0.0,7.51,266.73,3.5,12,100200.0,9999999
03776,0,2013,6.9,5.08,0.0,0.0,7.51,266.96,4.9,12,100300.0,9999999
03776,0,2014,5.9,4.97,0.0,0.0,7.51,265.09,3.1,12,100300.0,9999999
03776,0,2015,5.4,4.97,0.0,0.0,7.51,263.18,3.5,12,100300.0,9999999
03776,0,2016,5.3,5.08,0.0,0.0,7.51,266.03,4.0,12,100200.0,9999999
03776,0,2017,4.8,4.89,0.0,0.0,7.51,266.03,3.9,12,100200.0,9999999
03776,0,2018,4.4,4.61,0.0,0.0,7.51,264.85,3.4,12,100000.0,9999999
03776,0,2019,4.8,4.86,0.0,0.0,7.51,267.89,4.5,12,100000.0,9999999
03776,0,2020,5.1,4.82,0.0,0.0,7.51,266.27,4.4,12,99900.0,9999999
03776,0,2021,5.7,5.0,0.0,0.0,7.51,267.43,4.4,12,99900.0,9999999
03776,0,2022,7.0,5.04,32.0,32.0,7.51,269.25,6.0,12,99900.0,9999999
03776,0,2023,7.7,5.11,139.0,106.0,7.51,270.82,6.1,12,99900.0,9999999
03776,0,2024,7.6,5.11,259.0,176.0,7.51,270.6,7.1,12,100000.0,9999999
03776,0,2025,8.3,4.93,360.0,279.0,7.51,271.26,8.3,12,100200.0,9999999
03776,0,2026,9.4,5.0,428.0,261.0,7.51,272.36,7.6,12,100400.0,9999999
03776,0,2027,9.6,5.0,457.0,292.0,7.51,273.66,7.6,12,100600.0,9999999
03776,0,2028,10.6,4.09,548.0,269.0,7.51,272.14,8.0,12,100800.0,9999999
03776,0,2029,10.9,3.73,592.0,166.0,7.51,271.04,7.8,12,100900.0,9999999
03776,0,2030,10.8,3.73,467.0,212.0,7.51,271.26,7.9,12,100900.0,9999999
03776,0,2031,10.2,3.82,351.0,178.0,7.51,270.82,6.6,12,101000.0,9999999
03776,0,2032,10.0,3.76,210.0,87.0,7.51,270.15,7.2,12,101000.0,9999999
03776,0,2033,9.3,4.03,64.0,50.0,7.51,269.03,6.3,12,101100.0,9999999
03776,0,2034,7.7,4.03,3.0,3.0,7.51,268.12,4.3,12,101200.0,9999999
03776,0,2035,5.9,4.51,0.0,0.0,7.51,266.27,3.6,12,101300.0,9999999
03776,0,2036,6.2,4.38,0.0,0.0,7.51,266.96,3.1,12,101300.0,9999999
03776,0,2037,6.3,4.35,0.0,0.0,7.51,266.96,4.5,12,101400.0,9999999
03776,0,2038,5.4,4.25,0.0,0.0,7.51,264.85,2.7,12,101400.0,9999999
03776,0,2039,4.8,4.28,0.0,0.0,7.51,263.42,3.1,12,101400.0,9999999
03776,0,2040,4.8,4.35,0.0,0.0,7.51,265.56,3.6,12,101400.0,9999999
03776,0,2041,4.3,4.18,0.0,0.0,7.51,266.03,3.5,12,101300.0,9999999
03776,0,2042,3.8,3.91,0.0,0.0,7.51,264.85,3.0,12,101200.0,9999999
03776,0,2043,4.3,4.12,0.0,0.0,7.51,269.25,4.1,12,101100.0,9999999
03776,0,2044,4.5,4.09,0.0,0.0,7.51,266.27,3.9,12,101000.0,9999999
03776,0,2045,5.2,4.31,0.0,0.0,7.51,267.89,4.0,12,101000.0,9999999
03776,0,2046,6.5,4.35,27.0,27.0,7.51,269.03,5.6,12,101000.0,9999999
03776,0,2047,7.2,4.41,94.0,93.0,7.51,272.36,5.7,13,101000.0,9999999
03776,0,2048,7.9,4.41,178.0,171.0,7.51,273.01,7.0,13,101100.0,9999999
03776,0,2049,8.7,4.41,251.0,240.0,7.51,273.87,8.2,13,101200.0,9999999
03776,0,2050,9.4,4.41,306.0,266.0,7.51,274.52,8.2,13,101300.0,9999999
03776,0,2051,10.0,4.38,336.0,292.0,7.51,274.94,7.2,13,101300.0,9999999
03776,0,2052,11.0,3.85,481.0,297.0,7.51,273.01,8.2,14,101400.0,9999999
03776,0,2053,11.1,3.94,446.0,344.0,7.51,273.23,7.2,14,101400.0,9999999
03776,0,2054,11.0,3.91,266.0,251.0,7.51,275.58,5.7,14,101400.0,9999999
03776,0,2055,11.2,4.06,276.0,190.0,7.51,273.44,4.6,14,101400.0,9999999
03776,0,2056,11.5,3.82,206.0,115.0,7.51,272.14,5.1,14,101400.0,9999999
03776,0,2057,10.4,4.22,67.0,52.0,7.51,268.8,3.6,14,101500.0,9999999
03776,0,2058,9.0,4.0,3.0,3.0,7.51,267.2,3.1,13,101500.0,9999999
03776,0,2059,6.1,4.38,0.0,0.0,7.51,267.89,2.6,12,101500.0,9999999
03776,0,2060,6.7,4.41,0.0,0.0,7.51,268.57,1.5,11,101600.0,9999999
03776,0,2061,6.4,4.41,0.0,0.0,7.51,267.2,3.6,12,101600.0,9999999
03776,0,2062,4.7,4.48,0.0,0.0,7.51,263.42,1.5,9,101600.0,9999999
03776,0,2063,3.8,4.41,0.0,0.0,7.51,261.47,2.1,10,101600.0,9999999
03776,0,2064,3.7,4.41,0.0,0.0,7.51,262.45,1.9,10,101500.0,9999999
03776,0,2065,3.5,4.44,0.0,0.0,7.51,263.18,1.7,10,101500.0,9999999
03776,0,2066,3.4,4.44,0.0,0.0,7.51,263.18,1.5,8,101400.0,9999999
03776,0,2067,3.7,4.48,0.0,0.0,7.51,266.5,2.6,9,101400.0,9999999
03776,0,2068,4.1,4.41,0.0,0.0,7.51,262.93,2.1,9,101300.0,9999999
03776,0,2069,4.2,4.65,0.0,0.0,7.51,265.8,2.1,9,101300.0,9999999
03776,0,2070,5.5,5.04,9.0,9.0,7.51,267.89,2.1,9,101200.0,9999999
03776,0,2071,6.8,5.46,38.0,38.0,7.51,270.15,3.1,9,101200.0,9999999
03776,0,2072,7.2,5.66,70.0,70.0,7.51,271.7,4.1,9,101100.0,9999999
03776,0,2073,7.7,5.87,99.0,99.0,7.51,273.66,5.1,10,101100.0,9999999
03776,0,2074,7.9,6.04,120.0,120.0,7.51,274.09,6.2,10,101000.0,9999999
03776,0,2075,7.7,5.95,132.0,132.0,7.51,275.79,5.1,10,101000.0,9999999
03776,0,2076,8.6,5.95,133.0,133.0,7.51,276.62,5.1,10,100900.0,9999999
03776,0,2077,8.8,5.95,123.0,123.0,7.51,276.83,6.2,10,100800.0,9999999
03776,0,2078,8.2,5.82,104.0,104.0,7.51,276.21,5.1,9,100800.0,9999999
03776,0,2079,8.5,5.91,76.0,76.0,7.51,276.41,5.1,10,100800.0,9999999
03776,0,2080,8.1,5.87,44.0,44.0,7.51,276.0,3.6,10,100700.0,9999999
03776,0,2081,8.0,5.91,14.0,14.0,7.51,276.0,3.6,9,100700.0,9999999
03776,0,2082,7.8,5.91,2.0,2.0,7.51,273.87,3.6,10,100700.0,9999999
03776,0,2083,7.5,5.95,0.0,0.0,7.51,273.66,3.1,10,100600.0,9999999
03776,0,2084,7.5,6.04,0.0,0.0,7.51,275.58,3.6,9,100600.0,9999999
03776,0,2085,7.4,6.08,0.0,0.0,7.51,275.36,3.6,9,100600.0,9999999
03776,0,2086,7.0,5.87,0.0,0.0,7.51,269.25,2.6,11,100500.0,9999999
03776,0,2087,5.9,5.19,0.0,0.0,7.51,273.44,2.6,11,100500.0,9999999
03776,0,2088,5.4,5.0,0.0,0.0,7.51,272.8,2.1,10,100400.0,9999999
03776,0,2089,5.7,5.04,0.0,0.0,7.51,273.23,3.1,10,100300.0,9999999
03776,0,2090,5.8,4.97,0.0,0.0,7.51,267.43,3.6,10,100300.0,9999999
03776,0,2091,5.7,5.19,0.0,0.0,7.51,268.8,3.1,10,100300.0,9999999
03776,0,2092,5.4,5.08,0.0,0.0,7.51,268.57,2.6,10,100200.0,9999999
03776,0,2093,4.9,4.89,0.0,0.0,7.51,264.85,2.6,10,100200.0,9999999
03776,0,2094,5.2,5.08,10.0,10.0,7.51,266.5,2.6,9,100100.0,9999999
03776,0,2095,6.0,5.54,168.0,119.0,7.51,267.43,3.1,9,100100.0,9999999
03776,0,2096,7.1,5.58,183.0,156.0,7.51,273.01,3.6,9,100000.0,9999999
03776,0,2097,7.7,5.78,256.0,234.0,7.51,269.7,3.6,9,100000.0,9999999
03776,0,2098,7.4,5.54,121.0,121.0,7.51,273.23,2.1,8,99900.0,9999999
03776,0,2099,7.4,5.78,133.0,133.0,7.51,273.44,3.6,9,99800.0,9999999
03776,0,2100,7.3,5.46,134.0,134.0,7.51,273.01,4.1,9,99800.0,9999999
03776,0,2101,7.0,5.58,124.0,124.0,7.51,272.8,3.1,10,99700.0,9999999
03776,0,2102,7.1,5.7,105.0,105.0,7.51,273.01,2.1,9,99600.0,9999999
03776,0,2103,7.1,5.78,77.0,77.0,7.51,274.94,2.1,8,99600.0,9999999
03776,0,2104,6.5,5.5,45.0,45.0,7.51,272.36,2.6,11,99500.0,9999999
03776,0,2105,6.1,5.54,15.0,15.0,7.51,273.87,1.0,11,99500.0,9999999
03776,0,2106,6.2,5.62,1.0,1.0,7.51,274.09,0.0,0,99500.0,9999999
03776,0,2107,6.3,5.54,0.0,0.0,7.51,274.09,1.0,15,99500.0,9999999
03776,0,2108,6.0,5.5,0.0,0.0,7.51,273.87,1.5,3,99500.0,9999999
03776,0,2109,6.0,5.42,0.0,0.0,7.51,267.43,2.6,16,99400.0,9999999
03776,0,2110,5.8,5.34,0.0,0.0,7.51,273.44,2.6,16,99400.0,9999999
03776,0,2111,5.8,5.34,0.0,0.0,7.51,273.44,3.6,16,99300.0,9999999
03776,0,2112,5.7,5.38,0.0,0.0,7.51,273.44,4.1,16,99200.0,9999999
03776,0,2113,5.7,5.38,0.0,0.0,7.51,273.44,3.6,1,99200.0,9999999
03776,0,2114,5.6,5.19,0.0,0.0,7.51,273.23,3.6,16,99100.0,9999999
03776,0,2115,5.4,5.19,0.0,0.0,7.51,273.01,4.1,16,99100.0,9999999
03776,0,2116,5.3,4.93,0.0,0.0,7.51,272.8,4.1,16,99100.0,9999999
03776,0,2117,5.1,4.79,0.0,0.0,7.51,270.6,5.7,16,99100.0,9999999
03776,0,2118,5.3,4.97,11.0,11.0,7.51,268.34,4.6,16,99100.0,9999999
03776,0,2119,5.2,4.93,40.0,40.0,7.51,270.82,3.1,16,99100.0,9999999
03776,0,2120,5.7,4.93,73.0,73.0,7.51,267.89,2.6,15,99100.0,9999999
03776,0,2121,5.9,5.11,102.0,102.0,7.51,267.66,5.1,14,99200.0,9999999
03776,0,2122,6.3,5.0,123.0,123.0,7.51,269.25,4.6,14,99200.0,9999999
03776,0,2123,7.5,4.93,135.0,135.0,7.51,268.57,4.6,14,99200.0,9999999
03776,0,2124,8.5,4.61,347.0,308.0,7.51,268.12,4.6,14,99200.0,9999999
03776,0,2125,9.1,4.41,323.0,281.0,7.51,269.7,4.1,14,99200.0,9999999
03776,0,2126,8.4,4.44,273.0,247.0,7.51,273.44,2.6,14,99200.0,9999999
03776,0,2127,9.0,4.22,202.0,186.0,7.51,273.87,4.1,13,99300.0,9999999
03776,0,2128,9.1,4.0,119.0,117.0,7.51,273.87,2.6,14,99300.0,9999999
03776,0,2129,9.0,4.15,72.0,48.0,7.51,269.48,2.1,14,99300.0,9999999
03776,0,2130,5.8,4.61,5.0,5.0,7.51,266.73,2.6,11,99400.0,9999999
03776,0,2131,5.1,4.72,0.0,0.0,7.51,266.73,2.1,12,99500.0,9999999
03776,0,2132,5.6,4.48,0.0,0.0,7.51,266.5,2.1,13,99600.0,9999999
03776,0,2133,4.7,4.48,0.0,0.0,7.51,263.42,2.1,12,99600.0,9999999
03776,0,2134,3.8,4.35,0.0,0.0,7.51,262.69,1.8,12,99600.0,9999999
03776,0,2135,2.9,4.22,0.0,0.0,7.51,261.71,1.5,12,99700.0,9999999
03776,0,2136,2.3,4.06,0.0,0.0,7.51,260.97,1.0,9,99700.0,9999999
03776,0,2137,3.7,4.48,0.0,0.0,7.51,262.69,2.1,13,99700.0,9999999
03776,0,2138,4.2,4.54,0.0,0.0,7.51,265.56,1.0,12,99800.0,9999999
03776,0,2139,4.9,4.82,0.0,0.0,7.51,270.37,3.1,13,99800.0,9999999
03776,0,2140,5.0,4.75,0.0,0.0,7.51,270.37,3.1,13,99900.0,9999999
03776,0,2141,5.0,4.79,0.0,0.0,7.51,272.36,2.1,14,100000.0,9999999
03776,0,2142,5.2,4.72,12.0,12.0,7.51,272.58,2.1,14,100100.0,9999999
03776,0,2143,5.5,4.68,106.0,103.0,7.51,270.82,4.1,14,100200.0,9999999
03776,0,2144,5.9,4.82,190.0,183.0,7.51,271.26,3.6,14,100200.0,9999999
03776,0,2145,6.7,4.86,264.0,240.0,7.51,272.14,2.6,15,100300.0,9999999
03776,0,2146,8.1,4.72,318.0,277.0,7.51,273.44,4.1,14,100400.0,9999999
03776,0,2147,8.6,4.89,583.0,269.0,7.51,270.6,3.6,15,100400.0,9999999
03776,0,2148,9.5,3.97,644.0,245.0,7.51,270.37,4.6,15,100500.0,9999999
03776,0,2149,9.8,4.09,461.0,269.0,7.51,272.14,3.6,15,100500.0,9999999
03776,0,2150,10.9,3.45,529.0,198.0,7.51,270.6,4.6,15,100500.0,9999999
03776,0,2151,10.4,3.7,290.0,200.0,7.51,272.36,2.6,15,100600.0,9999999
03776,0,2152,10.0,4.41,171.0,140.0,7.51,272.58,4.1,13,100600.0,9999999
03776,0,2153,7.5,4.38,69.0,62.0,7.51,269.25,3.6,12,100700.0,9999999
03776,0,2154,5.6,4.58,4.0,4.0,7.51,268.34,2.6,12,100800.0,9999999
03776,0,2155,4.7,4.48,0.0,0.0,7.51,263.42,1.0,10,100800.0,9999999
03776,0,2156,3.9,4.38,0.0,0.0,7.51,262.69,1.5,10,100800.0,9999999
03776,0,2157,3.2,4.25,0.0,0.0,7.51,260.72,1.0,10,100900.0,9999999
03776,0,2158,2.4,4.09,0.0,0.0,7.51,259.72,1.5,8,100900.0,9999999
03776,0,2159,1.7,3.94,0.0,0.0,7.51,258.96,0.0,0,100900.0,9999999
03776,0,2160,1.0,3.76,0.0,0.0,9.61,258.2,1.0,10,100900.0,9999999
03776,0,2161,0.3,3.62,0.0,0.0,9.61,261.71,1.0,8,100900.0,9999999
03776,0,2162,-0.3,3.51,0.0,0.0,9.61,256.91,0.0,0,100900.0,9999999
03776,0,2163,-0.8,3.43,0.0,0.0,9.61,256.39,0.0,0,100800.0,9999999
03776,0,2164,-1.2,3.37,0.0,0.0,9.61,255.86,0.0,0,100800.0,9999999
03776,0,2165,-1.5,3.29,3.0,3.0,9.61,255.6,0.0,0,100800.0,9999999
03776,0,2166,-1.1,3.4,63.0,51.0,9.61,257.17,0.0,0,100800.0,9999999
03776,0,2167,2.0,4.06,213.0,89.0,9.61,260.72,1.0,9,100800.0,9999999
03776,0,2168,7.7,4.86,376.0,112.0,9.61,266.73,3.1,10,100800.0,9999999
03776,0,2169,9.1,4.28,520.0,102.0,9.61,267.66,4.6,11,100800.0,9999999
03776,0,2170,10.2,4.58,625.0,97.0,9.61,268.8,4.1,11,100700.0,9999999
03776,0,2171,10.0,4.28,672.0,116.0,9.61,269.25,4.6,11,100700.0,9999999
03776,0,2172,10.6,4.38,500.0,333.0,9.61,271.7,4.6,10,100600.0,9999999
03776,0,2173,11.1,4.35,464.0,284.0,9.61,272.14,4.6,10,100600.0,9999999
03776,0,2174,10.6,4.93,277.0,225.0,9.61,272.14,5.7,9,100500.0,9999999
03776,0,2175,9.6,4.79,206.0,190.0,9.61,271.04,5.7,9,100500.0,9999999
03776,0,2176,8.3,4.89,123.0,120.0,9.61,271.26,5.1,10,100500.0,9999999
03776,0,2177,7.9,4.89,17.0,17.0,9.61,273.44,3.6,10,100500.0,9999999
03776,0,2178,7.8,5.23,1.0,1.0,9.61,275.36,3.1,9,100500.0,9999999
03776,0,2179,7.6,5.34,0.0,0.0,9.61,275.15,3.1,8,100500.0,9999999
03776,0,2180,7.5,5.46,0.0,0.0,9.61,273.23,3.1,8,100500.0,9999999
03776,0,2181,7.5,5.58,0.0,0.0,9.61,273.44,2.6,8,100500.0,9999999
03776,0,2182,7.5,5.58,0.0,0.0,9.61,275.36,3.1,8,100500.0,9999999
03776,0,2183,7.2,5.82,0.0,0.0,9.61,275.15,2.1,8,100500.0,9999999
03776,0,2184,7.1,5.7,0.0,0.0,9.61,273.01,2.1,7,100500.0,9999999
03776,0,2185,7.3,5.78,0.0,0.0,9.61,273.23,2.6,8,100400.0,9999999
03776,0,2186,7.3,5.87,0.0,0.0,9.61,275.15,2.6,8,100400.0,9999999
03776,0,2187,7.2,5.82,0.0,0.0,9.61,275.15,2.1,7,100400.0,9999999
03776,0,2188,7.4,5.91,0.0,0.0,9.61,275.36,2.6,7,100400.0,9999999
03776,0,2189,7.6,5.87,1.0,1.0,9.61,275.58,2.1,7,100400.0,9999999
03776,0,2190,7.7,5.95,34.0,34.0,9.61,273.87,2.1,7,100500.0,9999999
03776,0,2191,8.4,5.99,112.0,109.0,9.61,274.52,3.1,8,100500.0,9999999
03776,0,2192,8.8,5.78,196.0,188.0,9.61,274.73,4.1,7,100500.0,9999999
03776,0,2193,9.6,5.66,269.0,245.0,9.61,275.36,3.1,8,100600.0,9999999
03776,0,2194,10.4,5.54,323.0,282.0,9.61,276.21,4.1,8,100600.0,9999999
03776,0,2195,11.0,5.11,353.0,307.0,9.61,276.41,3.6,7,100700.0,9999999
03776,0,2196,12.0,5.0,355.0,309.0,9.61,277.45,4.1,8,100700.0,9999999
03776,0,2197,11.4,4.54,330.0,288.0,9.61,272.58,3.1,8,100700.0,9999999
03776,0,2198,12.2,4.03,397.0,256.0,9.61,272.36,3.6,8,100700.0,9999999
03776,0,2199,11.8,3.65,352.0,197.0,9.61,271.7,3.1,6,100700.0,9999999
03776,0,2200,11.9,4.28,125.0,119.0,9.61,272.36,2.6,7,100800.0,9999999
03776,0,2201,11.0,3.97,45.0,45.0,9.61,269.03,2.6,6,100800.0,9999999
03776,0,2202,9.4,3.94,4.0,4.0,9.61,267.66,2.1,6,100900.0,9999999
03776,0,2203,8.9,4.22,0.0,0.0,9.61,266.03,1.5,4,100900.0,9999999
03776,0,2204,7.7,4.18,0.0,0.0,9.61,264.85,2.1,3,101000.0,9999999
03776,0,2205,7.6,4.03,0.0,0.0,9.61,264.62,1.5,4,101100.0,9999999
03776,0,2206,6.5,4.25,0.0,0.0,9.61,263.9,1.5,3,101100.0,9999999
03776,0,2207,6.0,4.35,0.0,0.0,9.61,263.42,2.1,3,101200.0,9999999
03776,0,2208,5.7,4.31,0.0,0.0,9.61,263.18,1.5,2,101200.0,9999999
03776,0,2209,5.3,4.25,0.0,0.0,9.61,262.69,1.5,2,101200.0,9999999
03776,0,2210,3.4,4.03,0.0,0.0,9.61,260.72,1.5,2,101200.0,9999999
03776,0,2211,2.9,4.06,0.0,0.0,9.61,260.22,1.0,16,101300.0,9999999
03776,0,2212,1.0,3.7,0.0,0.0,9.61,258.2,1.0,13,101300.0,9999999
03776,0,2213,0.8,3.79,4.0,4.0,9.61,258.2,0.0,0,101300.0,9999999
03776,0,2214,1.8,4.0,71.0,57.0,9.61,259.22,1.0,16,101400.0,9999999
03776,0,2215,5.6,4.65,225.0,92.0,9.61,263.18,1.5,16,101400.0,9999999
03776,0,2216,8.7,4.86,390.0,112.0,9.61,266.27,2.1,1,101500.0,9999999
03776,0,2217,11.7,4.28,535.0,101.0,9.61,269.93,4.1,3,101500.0,9999999
03776,0,2218,13.0,4.31,640.0,95.0,9.61,271.26,4.6,3,101500.0,9999999
03776,0,2219,13.3,3.94,695.0,97.0,9.61,272.14,5.7,3,101500.0,9999999
03776,0,2220,13.9,3.82,688.0,111.0,9.61,273.87,6.7,3,101400.0,9999999
03776,0,2221,14.3,4.0,612.0,234.0,9.61,274.94,5.7,3,101400.0,9999999
03776,0,2222,13.5,3.85,553.0,174.0,9.61,271.48,6.2,2,101400.0,9999999
03776,0,2223,13.2,3.62,414.0,97.0,9.61,270.82,6.2,3,101400.0,9999999
03776,0,2224,12.6,3.53,250.0,110.0,9.61,269.03,5.7,3,101400.0,9999999
03776,0,2225,11.7,3.79,91.0,62.0,9.61,268.34,4.6,3,101400.0,9999999
03776,0,2226,10.1,4.06,8.0,8.0,9.61,266.96,4.6,2,101500.0,9999999
03776,0,2227,8.8,4.35,0.0,0.0,9.61,266.03,3.6,2,101500.0,9999999
03776,0,2228,7.8,4.38,0.0,0.0,9.61,265.09,3.1,2,101500.0,9999999
03776,0,2229,6.8,4.44,0.0,0.0,9.61,264.14,1.5,2,101600.0,9999999
03776,0,2230,6.7,4.51,0.0,0.0,9.61,264.14,3.1,1,101500.0,9999999
03776,0,2231,5.5,4.48,0.0,0.0,9.61,262.93,1.0,1,101500.0,9999999
03776,0,2232,5.4,4.48,0.0,0.0,9.61,262.93,2.1,16,101500.0,9999999
03776,0,2233,5.2,4.82,0.0,0.0,9.61,268.12,2.6,2,101500.0,9999999
03776,0,2234,6.1,5.27,0.0,0.0,9.61,273.66,4.6,2,101500.0,9999999
03776,0,2235,6.0,4.97,0.0,0.0,9.61,273.44,4.6,1,101500.0,9999999
03776,0,2236,5.8,4.97,0.0,0.0,9.61,273.23,4.6,2,101500.0,9999999
03776,0,2237,5.8,5.08,1.0,1.0,9.61,273.23,4.1,1,101500.0,9999999
03776,0,2238,6.5,4.97,39.0,39.0,9.61,271.92,6.2,1,101600.0,9999999
03776,0,2239,7.0,4.93,118.0,115.0,9.61,272.58,7.2,2,101500.0,9999999
03776,0,2240,7.5,4.75,79.0,79.0,9.61,274.73,8.2,2,101600.0,9999999
03776,0,2241,7.2,4.82,108.0,108.0,9.61,274.52,7.7,2,101600.0,9999999
03776,0,2242,7.1,4.75,129.0,129.0,9.61,274.3,8.2,2,101600.0,9999999
03776,0,2243,8.1,4.79,359.0,319.0,9.61,273.44,8.7,2,101600.0,9999999
03776,0,2244,8.2,4.79,361.0,314.0,9.61,273.66,10.8,2,101700.0,9999999
03776,0,2245,8.5,4.65,335.0,292.0,9.61,273.66,10.3,2,101600.0,9999999
03776,0,2246,8.5,4.65,478.0,236.0,9.61,270.37,10.3,2,101600.0,9999999
03776,0,2247,8.3,4.61,408.0,123.0,9.61,269.03,9.3,2,101600.0,9999999
03776,0,2248,8.0,4.48,252.0,92.0,9.61,267.66,10.3,2,101600.0,9999999
03776,0,2249,7.3,4.48,48.0,48.0,9.61,269.93,9.8,2,101600.0,9999999
03776,0,2250,6.8,4.65,4.0,4.0,9.61,272.14,7.7,2,101700.0,9999999
03776,0,2251,6.4,4.54,0.0,0.0,9.61,271.7,8.7,2,101700.0,9999999
03776,0,2252,6.4,4.54,0.0,0.0,9.61,271.7,8.2,2,101800.0,9999999
03776,0,2253,6.1,4.54,0.0,0.0,9.61,271.26,6.7,2,101800.0,9999999
03776,0,2254,5.8,4.41,0.0,0.0,9.61,271.04,7.2,2,101900.0,9999999
03776,0,2255,5.6,4.41,0.0,0.0,9.61,270.82,7.2,2,101900.0,9999999
03776,0,2256,5.4,4.44,0.0,0.0,9.61,272.58,7.2,1,101900.0,9999999
03776,0,2257,5.3,4.51,0.0,0.0,9.61,272.36,6.7,1,101900.0,9999999
03776,0,2258,5.5,4.58,0.0,0.0,9.61,272.8,7.2,2,101800.0,9999999
03776,0,2259,5.6,4.61,0.0,0.0,9.61,272.8,6.7,1,101800.0,9999999
03776,0,2260,5.6,4.54,0.0,0.0,9.61,272.8,7.2,1,101800.0,9999999
03776,0,2261,5.8,4.54,1.0,1.0,9.61,273.01,7.2,1,101800.0,9999999
03776,0,2262,5.8,4.41,16.0,16.0,9.61,272.8,6.7,1,101900.0,9999999
03776,0,2263,5.9,4.22,47.0,47.0,9.61,272.8,8.2,2,101900.0,9999999
03776,0,2264,5.7,3.94,81.0,81.0,9.61,272.36,7.7,1,101900.0,9999999
03776,0,2265,6.5,4.06,109.0,109.0,9.61,273.23,8.2,1,101900.0,9999999
03776,0,2266,7.2,4.35,130.0,130.0,9.61,274.09,8.2,2,101900.0,9999999
03776,0,2267,7.6,4.31,142.0,142.0,9.61,274.52,7.2,2,101900.0,9999999
03776,0,2268,8.0,4.31,364.0,323.0,9.61,273.01,7.7,1,101900.0,9999999
03776,0,2269,8.5,4.06,339.0,295.0,9.61,273.23,8.7,1,101800.0,9999999
03776,0,2270,8.6,4.18,287.0,251.0,9.61,273.44,9.3,2,101800.0,9999999
03776,0,2271,8.6,4.09,216.0,198.0,9.61,273.44,8.2,2,101700.0,9999999
03776,0,2272,7.9,4.35,132.0,129.0,9.61,273.01,8.2,2,101700.0,9999999
03776,0,2273,7.3,4.18,50.0,50.0,9.61,272.36,7.7,2,101700.0,9999999
03776,0,2274,6.9,4.22,5.0,5.0,9.61,271.92,5.7,2,101800.0,9999999
03776,0,2275,6.1,4.09,0.0,0.0,9.61,271.04,6.7,2,101800.0,9999999
03776,0,2276,6.1,3.91,0.0,0.0,9.61,270.82,7.2,2,101800.0,9999999
03776,0,2277,5.8,4.06,0.0,0.0,9.61,270.6,7.7,2,101800.0,9999999
03776,0,2278,5.8,4.0,0.0,0.0,9.61,270.6,7.7,1,101800.0,9999999
03776,0,2279,5.6,4.06,0.0,0.0,9.61,270.6,6.7,1,101800.0,9999999
03776,0,2280,5.6,4.18,0.0,0.0,9.61,270.6,7.2,1,101700.0,9999999
03776,0,2281,5.5,4.12,0.0,0.0,9.61,270.37,5.7,1,101700.0,9999999
03776,0,2282,5.5,4.22,0.0,0.0,9.61,272.36,6.2,1,101700.0,9999999
03776,0,2283,5.4,4.28,0.0,0.0,9.61,272.36,7.7,1,101600.0,9999999
03776,0,2284,5.4,4.18,0.0,0.0,9.61,272.36,7.7,1,101600.0,9999999
03776,0,2285,5.4,4.18,1.0,1.0,9.61,272.36,7.7,1,101600.0,9999999
03776,0,2286,5.6,4.28,17.0,17.0,9.61,272.58,8.7,1,101600.0,9999999
03776,0,2287,6.0,4.51,124.0,119.0,9.61,271.26,8.7,2,101600.0,9999999
03776,0,2288,6.8,4.48,209.0,201.0,9.61,271.92,9.3,1,101600.0,9999999
03776,0,2289,7.7,4.44,283.0,247.0,9.61,272.8,8.2,2,101500.0,9999999
03776,0,2290,9.1,4.54,564.0,263.0,9.61,271.04,9.0,2,101500.0,9999999
03776,0,2291,10.6,4.65,697.0,189.0,9.61,271.26,9.8,2,101500.0,9999999
03776,0,2292,11.5,4.86,699.0,125.0,9.61,272.36,8.2,1,101500.0,9999999
03776,0,2293,12.5,4.82,664.0,101.0,9.61,271.26,9.3,2,101400.0,9999999
03776,0,2294,13.0,4.68,565.0,92.0,9.61,271.48,9.8,2,101300.0,9999999
03776,0,2295,12.9,4.65,425.0,97.0,9.61,271.48,8.7,2,101300.0,9999999
03776,0,2296,11.7,4.79,261.0,93.0,9.61,270.37,8.7,2,101300.0,9999999
03776,0,2297,11.0,4.65,100.0,63.0,9.61,268.34,7.7,1,101300.0,9999999
03776,0,2298,9.5,4.54,10.0,10.0,9.61,266.96,6.2,2,101300.0,9999999
03776,0,2299,8.2,4.48,0.0,0.0,9.61,265.56,5.7,1,101400.0,9999999
03776,0,2300,7.4,4.06,0.0,0.0,9.61,264.62,7.2,1,101400.0,9999999
03776,0,2301,6.0,4.25,0.0,0.0,9.61,263.42,6.2,1,101400.0,9999999
03776,0,2302,5.2,4.28,0.0,0.0,9.61,262.69,5.7,1,101400.0,9999999
03776,0,2303,4.8,4.25,0.0,0.0,9.61,264.38,4.6,1,101300.0,9999999
03776,0,2304,4.5,4.31,0.0,0.0,9.61,266.27,5.7,1,101300.0,9999999
03776,0,2305,4.4,4.35,0.0,0.0,9.61,266.27,3.6,16,101200.0,9999999
03776,0,2306,4.5,4.38,0.0,0.0,9.61,271.48,5.1,1,101200.0,9999999
03776,0,2307,4.5,4.38,0.0,0.0,9.61,271.48,4.1,16,101100.0,9999999
03776,0,2308,4.5,4.48,0.0,0.0,9.61,271.7,4.6,16,101100.0,9999999
03776,0,2309,4.5,4.58,2.0,2.0,9.61,271.7,4.6,16,101100.0,9999999
03776,0,2310,4.5,4.65,18.0,18.0,9.61,271.7,4.1,16,101100.0,9999999
03776,0,2311,4.8,4.79,50.0,50.0,9.61,272.14,4.6,1,101100.0,9999999
03776,0,2312,5.5,4.86,83.0,83.0,9.61,272.8,5.1,1,101100.0,9999999
03776,0,2313,6.0,5.0,111.0,111.0,9.61,273.44,5.7,1,101000.0,9999999
03776,0,2314,6.6,4.93,132.0,132.0,9.61,274.09,5.7,16,101000.0,9999999
03776,0,2315,7.9,5.15,143.0,143.0,9.61,275.36,6.2,1,100900.0,9999999
03776,0,2316,9.7,5.11,368.0,327.0,9.61,272.8,5.7,1,100900.0,9999999
03776,0,2317,11.9,5.15,342.0,298.0,9.61,273.01,6.2,16,100800.0,9999999
03776,0,2318,12.7,5.54,291.0,255.0,9.61,274.52,4.6,1,100800.0,9999999
03776,0,2319,13.0,5.3,219.0,202.0,9.61,275.15,5.7,2,100800.0,9999999
03776,0,2320,12.8,5.19,135.0,132.0,9.61,278.27,4.6,1,100700.0,9999999
03776,0,2321,11.9,5.04,53.0,53.0,9.61,277.25,6.2,1,100800.0,9999999
03776,0,2322,11.5,5.0,6.0,6.0,9.61,276.83,6.2,1,100800.0,9999999
03776,0,2323,10.8,4.82,0.0,0.0,9.61,276.21,5.1,1,100800.0,9999999
03776,0,2324,9.0,4.89,0.0,0.0,9.61,269.93,5.7,16,100900.0,9999999
03776,0,2325,7.4,4.89,0.0,0.0,9.61,269.48,5.1,16,100900.0,9999999
03776,0,2326,6.1,4.61,0.0,0.0,9.61,265.8,4.6,16,100900.0,9999999
03776,0,2327,5.3,4.54,0.0,0.0,9.61,266.27,4.1,16,100900.0,9999999
03776,0,2328,5.4,4.65,0.0,0.0,9.61,270.82,3.6,16,100900.0,9999999
03776,0,2329,5.7,4.82,0.0,0.0,9.61,271.04,4.1,16,100900.0,9999999
03776,0,2330,5.6,4.72,0.0,0.0,9.61,271.04,3.6,16,100900.0,9999999
03776,0,2331,5.1,4.51,0.0,0.0,9.61,270.37,4.6,16,100900.0,9999999
03776,0,2332,4.8,4.51,0.0,0.0,9.61,267.66,3.6,16,100900.0,9999999
03776,0,2333,4.8,4.51,5.0,5.0,9.61,270.15,2.6,16,100900.0,9999999
03776,0,2334,5.2,4.54,19.0,19.0,9.61,272.36,4.6,16,100900.0,9999999
03776,0,2335,6.0,4.51,130.0,124.0,9.61,271.26,4.6,1,101000.0,9999999
03776,0,2336,7.4,4.61,361.0,204.0,9.61,269.25,4.1,1,101000.0,9999999
03776,0,2337,8.8,5.11,288.0,257.0,9.61,274.3,5.1,2,101100.0,9999999
03776,0,2338,9.1,4.75,341.0,298.0,9.61,274.52,4.6,1,101100.0,9999999
03776,0,2339,10.6,4.93,620.0,288.0,9.61,272.58,4.6,2,101000.0,9999999
03776,0,2340,11.4,5.11,524.0,343.0,9.61,274.3,4.1,2,101000.0,9999999
03776,0,2341,11.8,5.11,578.0,261.0,9.61,273.87,4.1,4,101000.0,9999999
03776,0,2342,12.7,4.86,493.0,201.0,9.61,274.52,4.1,3,101000.0,9999999
03776,0,2343,12.3,5.19,222.0,185.0,9.61,277.86,4.6,2,101000.0,9999999
03776,0,2344,11.7,5.38,194.0,144.0,9.61,274.73,4.1,1,101000.0,9999999
03776,0,2345,10.3,5.99,54.0,54.0,9.61,276.41,2.6,16,101000.0,9999999
03776,0,2346,9.9,5.91,6.0,6.0,9.61,276.0,3.6,4,101000.0,9999999
03776,0,2347,9.3,5.42,0.0,0.0,9.61,274.94,2.6,4,101100.0,9999999
03776,0,2348,8.9,5.27,0.0,0.0,9.61,276.41,1.0,4,101100.0,9999999
03776,0,2349,8.0,5.11,0.0,0.0,9.61,273.66,2.1,4,101100.0,9999999
03776,0,2350,7.7,5.58,0.0,0.0,9.61,275.58,1.5,5,101100.0,9999999
03776,0,2351,7.5,5.62,0.0,0.0,9.61,275.36,3.1,3,101200.0,9999999
03776,0,2352,7.2,5.54,0.0,0.0,9.61,274.94,2.1,4,101100.0,9999999
03776,0,2353,7.2,5.54,0.0,0.0,9.61,274.94,1.5,3,101100.0,9999999
03776,0,2354,7.1,5.58,0.0,0.0,9.61,274.94,2.1,2,101100.0,9999999
03776,0,2355,6.6,5.74,0.0,0.0,9.61,274.52,2.6,2,101100.0,9999999
03776,0,2356,5.1,5.0,0.0,0.0,9.61,272.58,5.1,3,101100.0,9999999
03776,0,2357,4.1,4.72,2.0,2.0,9.61,271.48,6.7,2,101200.0,9999999
03776,0,2358,3.4,4.31,20.0,20.0,9.61,270.37,6.2,2,101200.0,9999999
03776,0,2359,2.5,4.15,52.0,52.0,9.61,269.48,6.7,2,101300.0,9999999
03776,0,2360,2.1,3.91,85.0,85.0,9.61,268.8,6.7,2,101400.0,9999999
03776,0,2361,2.4,3.97,114.0,114.0,9.61,269.25,6.2,2,101400.0,9999999
03776,0,2362,2.5,3.97,135.0,135.0,9.61,269.25,6.7,2,101500.0,9999999
03776,0,2363,3.0,4.0,146.0,146.0,9.61,269.93,7.7,2,101500.0,9999999
03776,0,2364,3.5,3.97,146.0,146.0,9.61,270.37,6.7,2,101500.0,9999999
03776,0,2365,4.8,3.82,136.0,136.0,9.61,271.48,5.7,2,101400.0,9999999
03776,0,2366,5.6,3.56,298.0,267.0,9.61,270.15,5.7,1,101400.0,9999999
03776,0,2367,5.5,3.29,226.0,218.0,9.61,267.2,4.6,1,101400.0,9999999
03776,0,2368,5.9,3.14,141.0,130.0,9.61,267.43,4.6,2,101400.0,9999999
03776,0,2369,5.7,3.17,57.0,57.0,9.61,263.42,4.1,1,101500.0,9999999
03776,0,2370,5.4,3.22,7.0,7.0,9.61,265.33,3.1,2,101500.0,9999999
03776,0,2371,4.0,3.37,0.0,0.0,9.61,261.96,1.0,4,101600.0,9999999
03776,0,2372,3.3,3.22,0.0,0.0,9.61,261.22,1.0,4,101600.0,9999999
03776,0,2373,1.0,3.27,0.0,0.0,9.61,257.94,0.0,0,101700.0,9999999
03776,0,2374,-0.7,3.17,0.0,0.0,9.61,257.43,0.0,0,101700.0,9999999
03776,0,2375,-1.6,2.97,0.0,0.0,9.61,255.07,0.5,9,101700.0,9999999
03776,0,2376,-1.6,3.12,0.0,0.0,9.61,255.33,0.0,0,101700.0,9999999
03776,0,2377,-2.6,2.88,0.0,0.0,9.61,254.0,0.0,0,101700.0,9999999
03776,0,2378,-2.7,2.92,0.0,0.0,9.61,254.0,0.0,0,101700.0,9999999
03776,0,2379,-3.1,2.74,0.0,0.0,9.61,253.46,0.0,0,101700.0,9999999
03776,0,2380,-3.4,2.74,0.0,0.0,9.61,253.19,0.0,0,101700.0,9999999
03776,0,2381,-3.4,2.74,11.0,11.0,9.61,254.54,0.0,0,101700.0,9999999
03776,0,2382,-1.2,3.27,98.0,59.0,9.61,255.86,0.0,0,101700.0,9999999
03776,0,2383,3.7,3.53,250.0,134.0,9.61,260.72,1.5,10,101700.0,9999999
03776,0,2384,6.3,4.09,424.0,147.0,9.61,264.85,2.6,10,101700.0,9999999
03776,0,2385,7.7,3.45,566.0,147.0,9.61,265.56,4.1,12,101700.0,9999999
03776,0,2386,8.8,3.35,668.0,109.0,9.61,266.5,4.1,10,101700.0,9999999
03776,0,2387,9.6,3.53,633.0,331.0,9.61,267.43,4.6,10,101600.0,9999999
03776,0,2388,10.8,3.62,722.0,193.0,9.61,268.57,4.6,10,101600.0,9999999
03776,0,2389,11.5,3.73,683.0,97.0,9.61,269.48,4.6,10,101500.0,9999999
03776,0,2390,11.4,3.73,583.0,90.0,9.61,269.25,4.6,10,101500.0,9999999
03776,0,2391,11.3,4.28,443.0,99.0,9.61,268.34,5.1,10,101400.0,9999999
03776,0,2392,10.3,4.35,277.0,103.0,9.61,267.43,4.6,10,101400.0,9999999
03776,0,2393,9.0,4.44,114.0,68.0,9.61,266.27,3.6,9,101400.0,9999999
03776,0,2394,6.9,4.28,14.0,14.0,9.61,264.14,3.1,9,101500.0,9999999
03776,0,2395,5.1,4.25,0.0,0.0,9.61,262.45,3.1,9,101500.0,9999999
03776,0,2396,3.8,4.0,0.0,0.0,9.61,260.97,2.6,9,101500.0,9999999
03776,0,2397,3.1,3.91,0.0,0.0,9.61,260.47,1.0,8,101500.0,9999999
03776,0,2398,3.3,4.06,0.0,0.0,9.61,260.72,0.0,0,101500.0,9999999
03776,0,2399,2.1,3.97,0.0,0.0,9.61,259.47,1.0,10,101500.0,9999999
03776,0,2400,2.0,4.0,0.0,0.0,9.61,259.47,1.0,8,101400.0,9999999
03776,0,2401,0.4,3.59,0.0,0.0,9.61,257.43,1.0,8,101400.0,9999999
03776,0,2402,-0.2,3.43,0.0,0.0,9.61,256.91,0.0,0,101400.0,9999999
03776,0,2403,-1.4,3.19,0.0,0.0,9.61,255.6,0.0,0,101400.0,9999999
03776,0,2404,-1.3,3.22,0.0,0.0,9.61,255.6,0.0,0,101400.0,9999999
03776,0,2405,-1.4,3.27,12.0,12.0,9.61,255.6,0.0,0,101400.0,9999999
03776,0,2406,0.4,3.51,109.0,81.0,9.61,257.43,0.0,0,101400.0,9999999
03776,0,2407,4.5,4.65,270.0,109.0,9.61,262.2,0.5,12,101400.0,9999999
03776,0,2408,8.9,4.75,437.0,119.0,9.61,266.5,0.5,16,101400.0,9999999
03776,0,2409,11.3,4.61,580.0,111.0,9.61,268.57,1.5,15,101300.0,9999999
03776,0,2410,12.8,4.09,684.0,102.0,9.61,270.82,1.5,1,101300.0,9999999
03776,0,2411,13.9,4.35,738.0,109.0,9.61,272.14,1.5,8,101200.0,9999999
03776,0,2412,14.5,4.35,740.0,110.0,9.61,272.8,2.1,1,101200.0,9999999
03776,0,2413,15.4,4.68,684.0,108.0,9.61,274.73,1.5,12,101100.0,9999999
03776,0,2414,14.1,5.23,573.0,128.0,9.61,275.15,3.6,9,101100.0,9999999
03776,0,2415,13.4,4.89,437.0,112.0,9.61,274.09,3.1,7,101000.0,9999999
03776,0,2416,12.2,5.08,280.0,98.0,9.61,271.04,4.1,9,101000.0,9999999
03776,0,2417,11.4,4.41,117.0,69.0,9.61,269.93,3.1,7,100900.0,9999999
03776,0,2418,10.1,4.06,15.0,15.0,9.61,266.96,1.5,6,100900.0,9999999
03776,0,2419,9.2,4.03,0.0,0.0,9.61,266.27,1.0,4,100900.0,9999999
03776,0,2420,8.2,4.09,0.0,0.0,9.61,265.33,1.5,4,100900.0,9999999
03776,0,2421,7.3,4.0,0.0,0.0,9.61,264.38,0.5,2,100900.0,9999999
03776,0,2422,6.5,4.06,0.0,0.0,9.61,263.66,2.1,3,100800.0,9999999
03776,0,2423,5.6,4.15,0.0,0.0,9.61,262.93,2.6,3,100800.0,9999999
03776,0,2424,5.2,3.97,0.0,0.0,9.61,262.45,4.1,3,100700.0,9999999
03776,0,2425,5.1,3.82,0.0,0.0,9.61,262.2,3.6,3,100700.0,9999999
03776,0,2426,4.4,3.85,0.0,0.0,9.61,261.47,1.0,4,100600.0,9999999
03776,0,2427,2.7,3.7,0.0,0.0,9.61,259.72,1.0,16,100600.0,9999999
03776,0,2428,4.1,3.91,0.0,0.0,9.61,261.22,0.5,3,100600.0,9999999
03776,0,2429,5.7,4.38,14.0,14.0,9.61,264.38,3.1,3,100600.0,9999999
03776,0,2430,6.8,4.54,113.0,80.0,9.61,264.38,3.6,3,100600.0,9999999
03776,0,2431,9.4,4.89,276.0,111.0,9.61,266.96,6.2,3,100500.0,9999999
03776,0,2432,10.8,4.54,441.0,121.0,9.61,268.12,6.7,2,100500.0,9999999
03776,0,2433,12.5,4.44,573.0,111.0,9.61,270.82,10.8,3,100500.0,9999999
03776,0,2434,12.6,4.22,675.0,121.0,9.61,270.82,11.3,3,100500.0,9999999
03776,0,2435,13.2,3.59,641.0,336.0,9.61,270.82,10.3,3,100500.0,9999999
03776,0,2436,13.1,3.37,733.0,195.0,9.61,270.6,11.3,3,100600.0,9999999
03776,0,2437,13.8,3.79,652.0,252.0,9.61,271.7,9.8,3,100600.0,9999999
03776,0,2438,13.1,3.56,558.0,136.0,9.61,270.82,10.3,3,100600.0,9999999
03776,0,2439,13.2,3.82,425.0,204.0,9.61,271.04,9.8,3,100600.0,9999999
03776,0,2440,12.2,3.32,208.0,152.0,9.61,269.7,9.8,3,100700.0,9999999
03776,0,2441,11.5,3.7,88.0,79.0,9.61,268.12,8.7,3,100700.0,9999999
03776,0,2442,9.9,4.75,15.0,15.0,9.61,267.43,7.2,2,100800.0,9999999
03776,0,2443,8.8,4.89,0.0,0.0,9.61,267.66,6.2,2,100900.0,9999999
03776,0,2444,7.5,3.85,0.0,0.0,9.61,265.8,6.7,2,101000.0,9999999
03776,0,2445,6.4,3.88,0.0,0.0,9.61,263.42,6.2,1,101100.0,9999999
03776,0,2446,5.7,3.67,0.0,0.0,9.61,262.69,6.7,1,101200.0,9999999
03776,0,2447,4.7,3.94,0.0,0.0,9.61,261.96,6.2,1,101200.0,9999999
03776,0,2448,4.1,3.94,0.0,0.0,9.61,261.22,5.1,1,101300.0,9999999
03776,0,2449,3.7,3.82,0.0,0.0,9.61,262.2,5.7,1,101400.0,9999999
03776,0,2450,3.6,3.82,0.0,0.0,9.61,261.96,3.1,2,101500.0,9999999
03776,0,2451,3.1,3.65,0.0,0.0,9.61,260.22,4.1,1,101500.0,9999999
03776,0,2452,2.7,3.53,0.0,0.0,9.61,260.97,4.6,16,101600.0,9999999
03776,0,2453,2.7,3.45,15.0,15.0,9.61,260.72,4.1,1,101700.0,9999999
03776,0,2454,4.0,3.37,118.0,87.0,9.61,261.96,5.1,2,101800.0,9999999
03776,0,2455,5.4,3.32,282.0,132.0,9.61,263.18,6.2,2,101900.0,9999999
03776,0,2456,6.7,3.27,442.0,113.0,9.61,265.33,8.2,3,102000.0,9999999
03776,0,2457,7.4,3.17,558.0,134.0,9.61,267.66,7.2,2,102000.0,9999999
03776,0,2458,7.9,3.27,655.0,154.0,9.61,268.12,7.2,2,102000.0,9999999
03776,0,2459,8.9,3.02,750.0,228.0,9.61,267.2,6.2,3,102100.0,9999999
03776,0,2460,9.1,3.09,751.0,103.0,9.61,267.43,4.6,3,102100.0,9999999
03776,0,2461,9.2,2.97,699.0,97.0,9.61,266.5,5.7,3,102100.0,9999999
03776,0,2462,9.7,3.14,598.0,89.0,9.61,267.2,3.6,3,102100.0,9999999
03776,0,2463,9.3,2.9,459.0,101.0,9.61,266.5,5.1,3,102100.0,9999999
03776,0,2464,8.6,2.63,292.0,133.0,9.61,265.56,6.2,3,102100.0,9999999
03776,0,2465,7.7,2.88,125.0,80.0,9.61,265.09,4.1,3,102200.0,9999999
03776,0,2466,6.1,2.88,17.0,17.0,9.61,262.2,3.6,3,102200.0,9999999
03776,0,2467,5.0,3.07,0.0,0.0,9.61,261.47,3.1,4,102200.0,9999999
03776,0,2468,4.3,3.37,0.0,0.0,9.61,260.97,2.6,4,102300.0,9999999
03776,0,2469,3.7,3.43,0.0,0.0,9.61,260.47,2.6,3,102200.0,9999999
03776,0,2470,2.9,3.43,0.0,0.0,9.61,259.72,1.5,3,102200.0,9999999
03776,0,2471,1.4,3.29,0.0,0.0,9.61,258.2,1.0,2,102300.0,9999999
03776,0,2472,1.0,3.35,0.0,0.0,9.61,257.94,1.5,3,102200.0,9999999
03776,0,2473,0.9,3.29,0.0,0.0,9.61,257.69,2.1,3,102100.0,9999999
03776,0,2474,0.3,3.32,0.0,0.0,9.61,257.17,2.1,3,102100.0,9999999
03776,0,2475,0.1,3.22,0.0,0.0,9.61,256.91,3.1,3,102000.0,9999999
03776,0,2476,0.9,3.48,0.0,0.0,9.61,259.22,2.6,4,101900.0,9999999
03776,0,2477,1.0,3.51,12.0,12.0,9.61,259.22,2.6,4,101900.0,9999999
03776,0,2478,1.4,3.62,63.0,63.0,9.61,259.72,2.6,3,101800.0,9999999
03776,0,2479,4.2,3.94,147.0,145.0,9.61,262.69,2.6,3,101800.0,9999999
03776,0,2480,7.9,4.09,233.0,223.0,9.61,265.09,3.1,6,101800.0,9999999
03776,0,2481,9.3,3.62,307.0,291.0,9.61,267.2,3.6,8,101700.0,9999999
03776,0,2482,9.1,3.37,360.0,341.0,9.61,266.73,5.1,7,101600.0,9999999
03776,0,2483,9.4,3.12,152.0,151.0,9.61,275.36,4.1,7,101600.0,9999999
03776,0,2484,9.3,3.17,152.0,152.0,9.61,269.93,3.6,7,101500.0,9999999
03776,0,2485,9.0,2.9,141.0,141.0,9.61,274.73,3.6,5,101500.0,9999999
03776,0,2486,9.0,2.88,121.0,121.0,9.61,274.73,2.6,7,101400.0,9999999
03776,0,2487,8.7,3.22,92.0,92.0,9.61,269.48,2.1,7,101300.0,9999999
03776,0,2488,8.3,3.79,59.0,59.0,9.61,269.03,2.1,8,101300.0,9999999
03776,0,2489,8.4,3.45,26.0,26.0,9.61,267.2,3.1,8,101200.0,9999999
03776,0,2490,7.9,3.62,4.0,4.0,9.61,267.89,1.5,6,101200.0,9999999
03776,0,2491,7.6,3.88,0.0,0.0,9.61,274.3,1.5,7,101100.0,9999999
03776,0,2492,7.5,3.91,0.0,0.0,9.61,266.73,1.5,6,101100.0,9999999
03776,0,2493,7.5,4.09,0.0,0.0,9.61,267.89,1.0,6,101000.0,9999999
03776,0,2494,7.6,4.31,0.0,0.0,9.61,269.25,0.0,0,101000.0,9999999
03776,0,2495,7.7,4.18,0.0,0.0,9.61,274.52,1.5,7,101000.0,9999999
03776,0,2496,7.9,4.35,0.0,0.0,9.61,274.94,0.5,6,100900.0,9999999
03776,0,2497,8.0,4.65,0.0,0.0,9.61,275.15,1.0,6,100800.0,9999999
03776,0,2498,7.7,4.72,0.0,0.0,9.61,274.94,1.0,3,100700.0,9999999
03776,0,2499,7.7,4.93,0.0,0.0,9.61,275.15,1.5,7,100700.0,9999999
03776,0,2500,7.7,5.19,0.0,0.0,9.61,270.82,2.1,7,100600.0,9999999
03776,0,2501,8.2,5.38,9.0,9.0,9.61,273.87,1.5,8,100600.0,9999999
03776,0,2502,9.0,5.58,65.0,65.0,9.61,274.73,1.5,7,100600.0,9999999
03776,0,2503,9.9,5.99,58.0,58.0,9.61,276.0,2.1,8,100600.0,9999999
03776,0,2504,11.3,6.8,233.0,195.0,9.61,277.66,3.1,8,100600.0,9999999
03776,0,2505,12.0,6.61,305.0,268.0,9.61,278.27,4.1,8,100600.0,9999999
03776,0,2506,11.6,6.8,139.0,139.0,9.61,279.9,4.6,8,100600.0,9999999
03776,0,2507,12.3,7.19,150.0,150.0,9.61,280.9,3.6,9,100500.0,9999999
03776,0,2508,11.2,7.34,150.0,150.0,9.61,279.9,4.1,8,100500.0,9999999
03776,0,2509,11.1,7.75,139.0,139.0,9.61,279.9,3.1,8,100400.0,9999999
03776,0,2510,11.6,7.65,119.0,119.0,9.61,280.3,3.6,8,100400.0,9999999
03776,0,2511,11.4,7.86,92.0,92.0,9.61,280.3,3.6,8,100300.0,9999999
03776,0,2512,11.2,7.97,59.0,59.0,9.61,280.1,3.1,8,100300.0,9999999
03776,0,2513,11.0,7.97,26.0,26.0,9.61,279.9,3.6,8,100300.0,9999999
03776,0,2514,10.7,7.8,4.0,4.0,9.61,279.49,3.6,9,100300.0,9999999
03776,0,2515,10.7,7.7,0.0,0.0,9.61,279.49,2.6,8,100300.0,9999999
03776,0,2516,10.7,7.7,0.0,0.0,9.61,279.49,2.6,8,100300.0,9999999
03776,0,2517,11.1,8.02,0.0,0.0,9.61,280.1,3.1,8,100200.0,9999999
03776,0,2518,11.5,8.24,0.0,0.0,9.61,280.5,3.1,8,100200.0,9999999
03776,0,2519,11.8,8.41,0.0,0.0,9.61,280.9,3.1,9,100200.0,9999999
03776,0,2520,11.6,8.41,0.0,0.0,9.61,280.7,2.1,8,100100.0,9999999
03776,0,2521,11.5,8.24,0.0,0.0,9.61,280.5,2.6,8,100100.0,9999999
03776,0,2522,11.3,8.24,0.0,0.0,9.61,280.3,2.1,8,100000.0,9999999
03776,0,2523,11.1,8.13,0.0,0.0,9.61,280.1,2.6,8,100000.0,9999999
03776,0,2524,11.1,7.91,0.0,0.0,9.61,279.9,3.6,8,99900.0,9999999
03776,0,2525,11.5,8.02,4.0,4.0,9.61,280.5,3.1,8,99900.0,9999999
03776,0,2526,11.7,8.24,26.0,26.0,9.61,280.7,2.1,8,99900.0,9999999
03776,0,2527,12.5,8.7,59.0,59.0,9.61,279.7,2.6,8,99900.0,9999999
03776,0,2528,13.0,8.81,92.0,92.0,9.61,280.3,3.6,8,99800.0,9999999
03776,0,2529,12.8,8.75,120.0,120.0,9.61,280.1,3.9,8,99800.0,9999999
03776,0,2530,12.7,8.7,140.0,140.0,9.61,281.89,4.3,8,99800.0,9999999
03776,0,2531,12.5,8.58,150.0,150.0,9.61,281.69,4.6,8,99800.0,9999999
03776,0,2532,12.9,8.46,278.0,271.0,9.61,280.1,5.1,8,99800.0,9999999
03776,0,2533,13.4,8.3,358.0,333.0,9.61,280.5,5.7,9,99700.0,9999999
03776,0,2534,12.4,8.35,120.0,120.0,9.61,281.49,5.7,9,99700.0,9999999
03776,0,2535,12.2,8.07,92.0,92.0,9.61,281.1,5.1,10,99700.0,9999999
03776,0,2536,12.0,8.02,59.0,59.0,9.61,280.9,5.1,9,99700.0,9999999
03776,0,2537,11.5,7.97,26.0,26.0,9.61,280.5,4.6,9,99700.0,9999999
03776,0,2538,11.1,7.91,4.0,4.0,9.61,279.9,5.7,9,99800.0,9999999
03776,0,2539,11.0,7.86,0.0,0.0,9.61,279.9,3.6,9,99800.0,9999999
03776,0,2540,10.9,7.91,0.0,0.0,9.61,279.7,3.6,9,99800.0,9999999
03776,0,2541,10.6,7.86,0.0,0.0,9.61,279.49,4.6,9,99800.0,9999999
03776,0,2542,10.7,7.75,0.0,0.0,9.61,279.49,3.6,9,99900.0,9999999
03776,0,2543,9.9,7.29,0.0,0.0,9.61,276.62,1.5,10,99900.0,9999999
03776,0,2544,10.3,7.59,0.0,0.0,9.61,279.09,3.1,9,99900.0,9999999
03776,0,2545,10.7,7.7,0.0,0.0,9.61,279.49,2.6,9,99900.0,9999999
03776,0,2546,10.5,7.8,0.0,0.0,9.61,279.29,2.1,9,99900.0,9999999
03776,0,2547,10.2,7.54,0.0,0.0,9.61,277.04,2.1,10,99900.0,9999999
03776,0,2548,10.1,7.29,0.0,0.0,9.61,278.68,2.6,9,99900.0,9999999
03776,0,2549,10.2,7.44,4.0,4.0,9.61,278.89,2.1,9,99900.0,9999999
03776,0,2550,10.4,7.54,27.0,27.0,9.61,279.09,3.1,10,100000.0,9999999
03776,0,2551,10.5,7.59,60.0,60.0,9.61,279.29,2.6,9,100000.0,9999999
03776,0,2552,10.9,7.49,238.0,199.0,9.61,277.66,2.6,9,100100.0,9999999
03776,0,2553,12.4,7.49,310.0,272.0,9.61,275.79,3.6,8,100100.0,9999999
03776,0,2554,14.3,7.59,511.0,310.0,9.61,277.04,2.1,9,100100.0,9999999
03776,0,2555,14.7,6.71,550.0,346.0,9.61,277.04,3.1,9,100100.0,9999999
03776,0,2556,16.2,7.49,652.0,302.0,9.61,278.27,4.6,9,100200.0,9999999
03776,0,2557,16.4,6.85,664.0,220.0,9.61,278.07,3.6,9,100200.0,9999999
03776,0,2558,15.7,7.09,521.0,254.0,9.61,276.41,4.1,9,100100.0,9999999
03776,0,2559,15.8,7.04,401.0,189.0,9.61,275.58,3.6,8,100100.0,9999999
03776,0,2560,15.2,6.71,259.0,143.0,9.61,274.73,3.6,8,100100.0,9999999
03776,0,2561,14.3,7.04,99.0,84.0,9.61,274.09,2.6,8,100200.0,9999999
03776,0,2562,13.4,6.94,15.0,15.0,9.61,273.23,2.1,8,100200.0,9999999
03776,0,2563,12.4,6.85,0.0,0.0,9.61,270.82,0.0,0,100300.0,9999999
03776,0,2564,10.9,6.8,0.0,0.0,9.61,269.48,0.0,0,100300.0,9999999
03776,0,2565,10.7,6.99,0.0,0.0,9.61,269.25,0.0,0,100300.0,9999999
03776,0,2566,10.4,7.14,0.0,0.0,9.61,269.25,1.0,3,100300.0,9999999
03776,0,2567,9.7,6.85,0.0,0.0,9.61,276.21,1.5,3,100300.0,9999999
03776,0,2568,10.0,7.04,0.0,0.0,9.61,276.62,2.1,2,100300.0,9999999
03776,0,2569,9.2,6.85,0.0,0.0,9.61,271.26,2.6,3,100300.0,9999999
03776,0,2570,8.7,6.66,0.0,0.0,9.61,271.7,2.6,3,100300.0,9999999
03776,0,2571,8.7,6.66,0.0,0.0,9.61,271.26,2.1,3,100300.0,9999999
03776,0,2572,9.0,6.8,0.0,0.0,9.61,271.04,2.1,3,100200.0,9999999
03776,0,2573,9.6,7.04,11.0,11.0,9.61,273.66,1.5,3,100200.0,9999999
03776,0,2574,10.5,7.39,71.0,71.0,9.61,274.73,1.5,4,100300.0,9999999
03776,0,2575,12.7,7.97,156.0,154.0,9.61,275.58,2.6,7,100200.0,9999999
03776,0,2576,15.4,8.7,240.0,226.0,9.61,279.9,4.6,7,100200.0,9999999
03776,0,2577,16.0,8.87,311.0,292.0,9.61,280.7,3.1,6,100300.0,9999999
03776,0,2578,16.6,8.93,362.0,339.0,9.61,283.84,4.1,8,100300.0,9999999
03776,0,2579,16.7,9.05,388.0,364.0,9.61,284.03,4.6,8,100300.0,9999999
03776,0,2580,17.8,9.05,388.0,364.0,9.61,280.9,4.6,8,100200.0,9999999
03776,0,2581,17.7,9.11,362.0,339.0,9.61,281.49,4.6,8,100200.0,9999999
03776,0,2582,17.7,9.29,311.0,292.0,9.61,280.5,4.1,8,100200.0,9999999
03776,0,2583,16.8,8.81,240.0,233.0,9.61,279.49,3.6,8,100200.0,9999999
03776,0,2584,17.1,9.36,61.0,61.0,9.61,277.66,3.6,8,100200.0,9999999
03776,0,2585,16.2,9.61,28.0,28.0,9.61,279.7,3.1,8,100200.0,9999999
03776,0,2586,15.3,9.86,4.0,4.0,9.61,282.87,2.6,6,100100.0,9999999
03776,0,2587,15.0,9.74,0.0,0.0,9.61,282.48,1.5,6,100100.0,9999999
03776,0,2588,14.7,9.86,0.0,0.0,9.61,284.22,1.5,4,100100.0,9999999
03776,0,2589,14.2,9.54,0.0,0.0,9.61,281.69,4.1,11,100200.0,9999999
03776,0,2590,14.3,9.61,0.0,0.0,9.61,281.89,2.1,7,100100.0,9999999
03776,0,2591,13.0,8.93,0.0,0.0,9.61,274.52,2.1,8,100100.0,9999999
03776,0,2592,11.9,8.24,0.0,0.0,9.61,271.04,1.0,7,100100.0,9999999
03776,0,2593,11.8,8.3,0.0,0.0,9.61,276.41,0.0,0,100100.0,9999999
03776,0,2594,11.2,8.13,0.0,0.0,9.61,278.27,1.0,12,100100.0,9999999
03776,0,2595,11.6,8.3,0.0,0.0,9.61,278.68,1.5,14,100100.0,9999999
03776,0,2596,11.1,8.13,0.0,0.0,9.61,278.07,1.0,10,100100.0,9999999
03776,0,2597,11.1,8.13,12.0,12.0,9.61,278.07,1.0,9,100100.0,9999999
03776,0,2598,11.6,8.41,74.0,74.0,9.61,278.68,1.0,11,100100.0,9999999
03776,0,2599,12.2,8.58,158.0,152.0,9.61,279.49,1.5,12,100100.0,9999999
03776,0,2600,13.2,8.58,242.0,229.0,9.61,280.3,1.0,10,100100.0,9999999
03776,0,2601,13.9,8.46,123.0,123.0,9.61,283.06,1.0,9,100100.0,9999999
03776,0,2602,14.2,8.52,143.0,143.0,9.61,283.25,2.1,12,100000.0,9999999
03776,0,2603,14.8,8.41,153.0,153.0,9.61,283.84,1.5,12,100000.0,9999999
03776,0,2604,14.9,8.46,153.0,153.0,9.61,284.03,2.1,12,100000.0,9999999
03776,0,2605,15.0,8.35,365.0,307.0,9.61,282.08,1.0,8,100000.0,9999999
03776,0,2606,15.2,8.7,122.0,122.0,9.61,284.41,1.0,12,99900.0,9999999
03776,0,2607,15.2,8.02,95.0,95.0,9.61,284.03,2.6,14,99900.0,9999999
03776,0,2608,14.4,8.41,62.0,62.0,9.61,283.45,1.5,12,99900.0,9999999
03776,0,2609,12.9,8.41,28.0,28.0,9.61,281.89,4.1,12,100000.0,9999999
03776,0,2610,12.2,8.3,5.0,5.0,9.61,279.29,3.6,12,100000.0,9999999
03776,0,2611,11.6,8.18,0.0,0.0,9.61,276.0,3.1,12,100000.0,9999999
03776,0,2612,11.7,8.02,0.0,0.0,9.61,280.7,2.1,11,100000.0,9999999
03776,0,2613,11.4,8.07,0.0,0.0,9.61,280.3,2.1,11,100000.0,9999999
03776,0,2614,11.3,8.13,0.0,0.0,9.61,280.3,1.5,10,100100.0,9999999
03776,0,2615,11.1,7.91,0.0,0.0,9.61,279.9,2.6,10,100100.0,9999999
03776,0,2616,10.5,7.59,0.0,0.0,9.61,279.29,2.6,10,100100.0,9999999
03776,0,2617,9.7,7.19,0.0,0.0,9.61,273.87,1.5,9,100100.0,9999999
03776,0,2618,9.9,7.19,0.0,0.0,9.61,276.62,3.6,10,100100.0,9999999
03776,0,2619,9.5,6.9,0.0,0.0,9.61,276.0,3.1,10,100200.0,9999999
03776,0,2620,8.4,6.57,0.0,0.0,9.61,272.14,3.1,10,100200.0,9999999
03776,0,2621,9.3,6.8,13.0,13.0,9.61,275.79,3.6,10,100300.0,9999999
03776,0,2622,9.8,6.94,76.0,76.0,9.61,273.87,3.6,11,100300.0,9999999
03776,0,2623,11.7,7.39,161.0,159.0,9.61,278.48,3.1,10,100400.0,9999999
03776,0,2624,12.5,6.99,413.0,236.0,9.61,275.58,5.1,10,100400.0,9999999
03776,0,2625,14.2,6.9,607.0,182.0,9.61,276.0,5.7,10,100500.0,9999999
03776,0,2626,13.6,6.12,707.0,139.0,9.61,275.15,5.1,10,100500.0,9999999
03776,0,2627,15.6,6.61,725.0,216.0,9.61,277.86,5.7,10,100500.0,9999999
03776,0,2628,15.9,6.57,756.0,168.0,9.61,277.45,6.2,10,100600.0,9999999
03776,0,2629,15.4,6.39,705.0,139.0,9.61,277.04,6.2,11,100600.0,9999999
03776,0,2630,15.6,6.48,581.0,194.0,9.61,277.66,6.7,10,100600.0,9999999
03776,0,2631,14.9,6.3,469.0,120.0,9.61,276.41,6.7,9,100600.0,9999999
03776,0,2632,14.5,6.08,294.0,131.0,9.61,273.87,6.7,10,100700.0,9999999
03776,0,2633,13.3,6.3,143.0,80.0,9.61,272.8,5.7,10,100700.0,9999999
03776,0,2634,11.4,6.52,24.0,24.0,9.61,271.04,4.1,10,100700.0,9999999
03776,0,2635,10.7,6.8,0.0,0.0,9.61,270.6,3.1,9,100800.0,9999999
03776,0,2636,9.7,6.8,0.0,0.0,9.61,269.7,2.1,8,100900.0,9999999
03776,0,2637,9.1,6.75,0.0,0.0,9.61,272.14,1.5,8,100900.0,9999999
03776,0,2638,8.8,6.61,0.0,0.0,9.61,272.58,1.5,10,100900.0,9999999
03776,0,2639,9.2,6.8,0.0,0.0,9.61,275.58,3.1,10,101000.0,9999999
03776,0,2640,9.4,6.85,0.0,0.0,9.61,276.0,3.6,10,101000.0,9999999
03776,0,2641,9.4,6.75,0.0,0.0,9.61,275.79,2.6,9,101000.0,9999999
03776,0,2642,8.7,6.52,0.0,0.0,9.61,275.15,2.6,10,101000.0,9999999
03776,0,2643,9.2,6.75,0.0,0.0,9.61,275.58,2.6,10,101000.0,9999999
03776,0,2644,9.0,6.52,0.0,0.0,9.61,272.8,2.6,11,101000.0,9999999
03776,0,2645,8.7,6.52,14.0,14.0,9.61,275.15,2.1,11,101100.0,9999999
03776,0,2646,10.0,6.75,78.0,78.0,9.61,276.41,3.1,11,101100.0,9999999
03776,0,2647,11.1,6.75,164.0,162.0,9.61,277.45,3.1,10,101100.0,9999999
03776,0,2648,13.0,6.94,249.0,238.0,9.61,276.0,5.1,10,101100.0,9999999
03776,0,2649,14.2,7.19,320.0,281.0,9.61,280.7,5.1,10,101100.0,9999999
03776,0,2650,13.8,7.19,145.0,145.0,9.61,282.28,4.1,11,101100.0,9999999
03776,0,2651,13.9,6.61,155.0,155.0,9.61,282.08,3.6,11,101100.0,9999999
03776,0,2652,13.8,6.85,397.0,350.0,9.61,280.1,3.1,10,101100.0,9999999
03776,0,2653,14.2,6.75,370.0,324.0,9.61,280.5,3.1,10,101100.0,9999999
03776,0,2654,14.5,6.61,319.0,280.0,9.61,280.7,3.6,9,101100.0,9999999
03776,0,2655,15.0,7.24,247.0,226.0,9.61,281.49,2.6,9,101100.0,9999999
03776,0,2656,14.5,7.39,162.0,157.0,9.61,281.1,2.6,10,101100.0,9999999
03776,0,2657,13.7,7.24,76.0,76.0,9.61,280.3,2.6,9,101100.0,9999999
03776,0,2658,13.1,7.24,13.0,13.0,9.61,279.7,2.1,9,101100.0,9999999
03776,0,2659,12.5,7.19,0.0,0.0,9.61,279.09,1.5,9,101100.0,9999999
03776,0,2660,11.0,6.75,0.0,0.0,9.61,273.01,1.5,9,101200.0,9999999
03776,0,2661,10.0,6.71,0.0,0.0,9.61,268.57,1.0,8,101200.0,9999999
03776,0,2662,9.0,6.43,0.0,0.0,9.61,267.43,1.0,8,101200.0,9999999
03776,0,2663,7.4,6.08,0.0,0.0,9.61,265.8,0.0,0,101200.0,9999999
03776,0,2664,6.9,5.91,0.0,0.0,9.61,266.5,0.0,0,101200.0,9999999
03776,0,2665,5.4,5.27,0.0,0.0,9.61,263.42,0.0,0,101200.0,9999999
03776,0,2666,5.4,5.54,0.0,0.0,9.61,264.85,0.0,0,101200.0,9999999
03776,0,2667,5.6,5.54,0.0,0.0,9.61,269.03,0.0,0,101200.0,9999999
03776,0,2668,6.9,6.08,0.0,0.0,9.61,270.6,0.0,0,101200.0,9999999
03776,0,2669,7.6,6.39,6.0,6.0,9.61,275.79,1.5,1,101200.0,9999999
03776,0,2670,9.3,7.09,81.0,81.0,9.61,276.0,2.6,3,101200.0,9999999
03776,0,2671,10.1,7.09,65.0,65.0,9.61,278.68,3.6,3,101200.0,9999999
03776,0,2672,10.1,6.94,98.0,98.0,9.61,278.48,4.1,3,101300.0,9999999
03776,0,2673,10.3,6.99,126.0,126.0,9.61,278.89,3.1,3,101300.0,9999999
03776,0,2674,9.9,6.94,146.0,146.0,9.61,278.27,4.6,3,101300.0,9999999
03776,0,2675,10.3,6.75,156.0,156.0,9.61,278.68,5.7,3,101300.0,9999999
03776,0,2676,10.6,6.71,156.0,156.0,9.61,278.89,7.2,3,101200.0,9999999
03776,0,2677,10.0,6.43,146.0,146.0,9.61,278.27,5.1,3,101200.0,9999999
03776,0,2678,10.0,6.34,125.0,125.0,9.61,278.07,6.2,3,101200.0,9999999
03776,0,2679,10.1,5.91,98.0,98.0,9.61,278.07,6.7,3,101200.0,9999999
03776,0,2680,9.5,5.62,64.0,64.0,9.61,277.25,6.2,3,101200.0,9999999
03776,0,2681,8.8,4.93,112.0,94.0,9.61,271.7,7.2,2,101200.0,9999999
03776,0,2682,7.6,4.72,27.0,27.0,9.61,266.5,6.7,2,101200.0,9999999
03776,0,2683,6.6,4.48,0.0,0.0,9.61,265.33,6.2,2,101300.0,9999999
03776,0,2684,6.1,4.25,0.0,0.0,9.61,264.62,6.2,2,101300.0,9999999
03776,0,2685,5.7,4.31,0.0,0.0,9.61,264.38,5.1,2,101400.0,9999999
03776,0,2686,5.6,4.44,0.0,0.0,9.61,263.18,4.6,2,101300.0,9999999
03776,0,2687,5.5,4.41,0.0,0.0,9.61,262.93,5.7,2,101300.0,9999999
03776,0,2688,5.3,4.35,0.0,0.0,9.61,263.9,6.2,3,101300.0,9999999
03776,0,2689,5.2,4.06,0.0,0.0,9.61,264.62,6.2,3,101300.0,9999999
03776,0,2690,5.0,3.97,0.0,0.0,9.61,263.42,5.1,3,101300.0,9999999
03776,0,2691,4.7,3.85,0.0,0.0,9.61,263.9,4.1,3,101300.0,9999999
03776,0,2692,5.2,3.79,0.0,0.0,9.61,267.43,5.1,3,101300.0,9999999
03776,0,2693,5.5,3.62,29.0,29.0,9.61,266.27,5.7,3,101400.0,9999999
03776,0,2694,6.1,3.62,119.0,104.0,9.61,268.12,5.7,3,101400.0,9999999
03776,0,2695,6.8,3.56,171.0,160.0,9.61,271.26,7.2,3,101400.0,9999999
03776,0,2696,7.4,3.35,257.0,227.0,9.61,271.7,8.2,3,101400.0,9999999
03776,0,2697,7.2,3.35,329.0,313.0,9.61,271.48,6.2,4,101500.0,9999999
03776,0,2698,7.0,3.29,381.0,362.0,9.61,271.26,8.2,3,101500.0,9999999
03776,0,2699,7.7,3.02,685.0,312.0,9.61,268.34,7.7,3,101500.0,9999999
03776,0,2700,8.1,3.07,747.0,245.0,9.61,268.12,8.7,3,101400.0,9999999
03776,0,2701,7.5,3.12,638.0,340.0,9.61,268.34,9.3,3,101400.0,9999999
03776,0,2702,7.5,2.95,627.0,174.0,9.61,266.96,8.7,3,101400.0,9999999
03776,0,2703,7.3,2.85,498.0,101.0,9.61,264.62,9.3,3,101400.0,9999999
03776,0,2704,6.7,2.83,329.0,130.0,9.61,264.14,9.3,3,101400.0,9999999
03776,0,2705,6.3,2.7,159.0,95.0,9.61,263.42,8.7,2,101400.0,9999999
03776,0,2706,5.4,2.97,28.0,28.0,9.61,261.71,8.7,3,101400.0,9999999
03776,0,2707,4.7,3.24,0.0,0.0,9.61,261.22,5.1,2,101400.0,9999999
03776,0,2708,4.3,3.35,0.0,0.0,9.61,260.97,5.1,2,101400.0,9999999
03776,0,2709,4.1,3.56,0.0,0.0,9.61,260.97,4.6,2,101400.0,9999999
03776,0,2710,4.0,3.7,0.0,0.0,9.61,260.97,4.1,2,101400.0,9999999
03776,0,2711,4.1,3.7,0.0,0.0,9.61,261.22,3.1,2,101400.0,9999999
03776,0,2712,2.1,3.59,0.0,0.0,9.61,259.22,1.0,13,101400.0,9999999
03776,0,2713,1.8,3.59,0.0,0.0,9.61,258.96,1.0,16,101300.0,9999999
03776,0,2714,1.8,3.27,0.0,0.0,9.61,258.71,1.5,3,101300.0,9999999
03776,0,2715,1.6,2.95,0.0,0.0,9.61,258.2,2.6,3,101300.0,9999999
03776,0,2716,1.6,2.81,0.0,0.0,9.61,257.94,2.1,3,101200.0,9999999
03776,0,2717,2.2,2.72,34.0,33.0,9.61,258.45,2.6,3,101300.0,9999999
03776,0,2718,3.7,2.92,159.0,96.0,9.61,259.97,3.1,3,101300.0,9999999
03776,0,2719,6.0,3.02,333.0,155.0,9.61,262.2,3.1,4,101300.0,9999999
03776,0,2720,7.1,2.88,498.0,162.0,9.61,264.38,4.1,4,101200.0,9999999
03776,0,2721,8.4,2.74,647.0,151.0,9.61,264.38,4.6,4,101200.0,9999999
03776,0,2722,9.2,2.76,750.0,101.0,9.61,265.09,3.6,4,101200.0,9999999
03776,0,2723,10.1,2.67,803.0,115.0,9.61,265.8,7.2,3,101100.0,9999999
03776,0,2724,10.6,2.7,801.0,115.0,9.61,266.27,5.7,3,101100.0,9999999
03776,0,2725,10.9,2.59,748.0,100.0,9.61,266.5,5.1,3,101000.0,9999999
03776,0,2726,10.6,2.83,644.0,92.0,9.61,266.5,6.2,3,101000.0,9999999
03776,0,2727,9.9,2.95,502.0,109.0,9.61,265.8,6.2,3,101000.0,9999999
03776,0,2728,8.7,3.02,333.0,131.0,9.61,264.85,6.2,2,101000.0,9999999
03776,0,2729,7.6,2.81,162.0,97.0,9.61,263.66,6.2,2,100900.0,9999999
03776,0,2730,6.3,2.61,30.0,30.0,9.61,262.2,5.7,3,101000.0,9999999
03776,0,2731,5.2,2.92,0.0,0.0,9.61,261.47,4.1,2,101000.0,9999999
03776,0,2732,4.4,2.99,0.0,0.0,9.61,260.72,2.6,1,101000.0,9999999
03776,0,2733,4.0,3.12,0.0,0.0,9.61,260.47,2.6,1,101100.0,9999999
03776,0,2734,3.2,3.29,0.0,0.0,9.61,259.97,1.5,16,101100.0,9999999
03776,0,2735,1.2,3.32,0.0,0.0,9.61,258.2,1.0,16,101100.0,9999999
03776,0,2736,0.9,3.24,0.0,0.0,9.61,257.69,1.0,15,101100.0,9999999
03776,0,2737,0.3,3.4,0.0,0.0,9.61,257.43,0.0,0,101100.0,9999999
03776,0,2738,-1.1,3.17,0.0,0.0,9.61,255.86,0.0,0,101100.0,9999999
03776,0,2739,0.4,3.51,0.0,0.0,9.61,257.43,0.0,0,101100.0,9999999
03776,0,2740,0.6,3.51,1.0,1.0,9.61,258.96,1.0,16,101100.0,9999999
03776,0,2741,1.5,3.65,36.0,35.0,9.61,259.97,1.5,1,101100.0,9999999
03776,0,2742,3.0,3.88,148.0,115.0,9.61,260.22,2.6,1,101100.0,9999999
03776,0,2743,5.5,4.12,295.0,156.0,9.61,264.14,4.1,1,101100.0,9999999
03776,0,2744,7.3,4.31,261.0,215.0,9.61,266.73,6.2,2,101200.0,9999999
03776,0,2745,8.8,3.76,333.0,317.0,9.61,269.03,6.2,2,101200.0,9999999
03776,0,2746,10.0,3.73,384.0,365.0,9.61,270.15,5.1,3,101100.0,9999999
03776,0,2747,10.3,3.76,411.0,394.0,9.61,269.25,5.7,3,101200.0,9999999
03776,0,2748,9.8,3.73,410.0,394.0,9.61,268.8,6.2,2,101200.0,9999999
03776,0,2749,10.2,3.73,541.0,341.0,9.61,268.12,4.6,3,101200.0,9999999
03776,0,2750,10.1,3.67,330.0,297.0,9.61,268.12,5.7,3,101200.0,9999999
03776,0,2751,10.2,3.91,257.0,248.0,9.61,268.34,6.2,3,101100.0,9999999
03776,0,2752,9.3,3.82,172.0,157.0,9.61,267.43,7.2,2,101200.0,9999999
03776,0,2753,9.0,3.43,120.0,105.0,9.61,265.56,6.2,3,101200.0,9999999
03776,0,2754,7.1,3.67,23.0,23.0,9.61,263.9,3.6,3,101200.0,9999999
03776,0,2755,5.7,3.7,0.0,0.0,9.61,262.69,3.6,3,101300.0,9999999
03776,0,2756,5.5,3.79,0.0,0.0,9.61,262.45,3.1,2,101300.0,9999999
03776,0,2757,5.2,3.85,0.0,0.0,9.61,263.42,3.6,2,101300.0,9999999
03776,0,2758,5.1,3.82,0.0,0.0,9.61,263.42,3.6,2,101300.0,9999999
03776,0,2759,4.8,3.85,0.0,0.0,9.61,263.18,3.1,2,101300.0,9999999
03776,0,2760,4.3,3.85,0.0,0.0,9.61,262.69,2.6,1,101300.0,9999999
03776,0,2761,3.3,3.79,0.0,0.0,9.61,260.47,1.0,16,101300.0,9999999
03776,0,2762,2.6,3.85,0.0,0.0,9.61,259.72,0.0,0,101300.0,9999999
03776,0,2763,2.2,3.7,0.0,0.0,9.61,259.22,0.5,16,101300.0,9999999
03776,0,2764,0.7,3.59,1.0,1.0,9.61,257.94,0.0,0,101300.0,9999999
03776,0,2765,1.6,3.85,40.0,37.0,9.61,258.96,1.0,16,101300.0,9999999
03776,0,2766,4.6,4.18,176.0,107.0,9.61,263.18,1.0,16,101400.0,9999999
03776,0,2767,7.3,4.48,326.0,139.0,9.61,266.96,1.5,3,101400.0,9999999
03776,0,2768,8.7,4.38,503.0,144.0,9.61,267.2,2.1,2,101400.0,9999999
03776,0,2769,10.4,4.38,639.0,141.0,9.61,268.8,2.1,2,101400.0,9999999
03776,0,2770,11.6,4.82,747.0,142.0,9.61,270.37,2.1,3,101300.0,9999999
03776,0,2771,12.9,4.41,786.0,140.0,9.61,272.14,2.1,14,101300.0,9999999
03776,0,2772,13.6,4.75,784.0,141.0,9.61,273.01,2.6,16,101300.0,9999999
03776,0,2773,13.3,4.65,642.0,293.0,9.61,275.15,1.5,4,101200.0,9999999
03776,0,2774,13.6,4.48,331.0,295.0,9.61,278.68,1.0,6,101200.0,9999999
03776,0,2775,14.3,4.82,365.0,253.0,9.61,275.58,1.0,7,101100.0,9999999
03776,0,2776,13.1,5.27,244.0,192.0,9.61,275.36,3.6,8,101100.0,9999999
03776,0,2777,11.0,5.5,121.0,106.0,9.61,272.36,3.6,9,101100.0,9999999
03776,0,2778,9.5,5.11,18.0,18.0,9.61,272.58,3.1,9,101200.0,9999999
03776,0,2779,8.6,5.3,0.0,0.0,9.61,274.3,2.6,9,101200.0,9999999
03776,0,2780,8.2,5.3,0.0,0.0,9.61,275.79,2.6,9,101300.0,9999999
03776,0,2781,7.9,5.38,0.0,0.0,9.61,275.58,1.0,9,101300.0,9999999
03776,0,2782,6.7,5.23,0.0,0.0,9.61,266.73,1.5,9,101300.0,9999999
03776,0,2783,6.9,5.3,0.0,0.0,9.61,272.58,1.5,8,101200.0,9999999
03776,0,2784,7.1,5.3,0.0,0.0,9.61,272.8,1.0,11,101200.0,9999999
03776,0,2785,7.0,5.34,0.0,0.0,9.61,272.8,1.0,10,101200.0,9999999
03776,0,2786,6.7,5.42,0.0,0.0,9.61,268.57,0.0,0,101200.0,9999999
03776,0,2787,6.6,5.46,0.0,0.0,9.61,269.93,0.0,0,101200.0,9999999
03776,0,2788,6.5,5.42,0.0,0.0,9.61,268.34,0.0,0,101100.0,9999999
03776,0,2789,6.8,5.74,22.0,22.0,9.61,269.48,1.0,15,101200.0,9999999
03776,0,2790,7.8,6.08,92.0,92.0,9.61,270.6,2.1,15,101200.0,9999999
03776,0,2791,8.8,5.99,179.0,176.0,9.61,270.37,1.5,2,101200.0,9999999
03776,0,2792,9.4,5.87,264.0,252.0,9.61,271.48,2.1,1,101200.0,9999999
03776,0,2793,10.0,5.46,335.0,294.0,9.61,271.7,2.6,1,101200.0,9999999
03776,0,2794,10.0,5.62,151.0,150.0,9.61,273.23,2.1,4,101200.0,9999999
03776,0,2795,10.5,5.87,411.0,362.0,9.61,273.01,2.1,4,101200.0,9999999
03776,0,2796,9.5,6.08,160.0,160.0,9.61,277.45,2.1,8,101100.0,9999999
03776,0,2797,7.4,5.91,149.0,149.0,9.61,271.04,2.1,5,101100.0,9999999
03776,0,2798,7.8,5.78,129.0,129.0,9.61,269.25,1.5,1,101100.0,9999999
03776,0,2799,8.3,6.04,259.0,214.0,9.61,269.93,2.1,3,101100.0,9999999
03776,0,2800,9.5,5.99,291.0,179.0,9.61,271.04,1.5,4,101100.0,9999999
03776,0,2801,9.7,5.82,136.0,107.0,9.61,271.26,1.0,3,101100.0,9999999
03776,0,2802,8.8,5.87,26.0,26.0,9.61,272.36,2.6,2,101100.0,9999999
03776,0,2803,7.2,4.79,0.0,0.0,9.61,270.15,3.1,12,101200.0,9999999
03776,0,2804,6.2,5.23,0.0,0.0,9.61,271.92,2.1,14,101200.0,9999999
03776,0,2805,4.3,4.68,0.0,0.0,9.61,266.5,1.0,11,101200.0,9999999
03776,0,2806,4.8,5.04,0.0,0.0,9.61,270.37,0.0,0,101200.0,9999999
03776,0,2807,5.1,5.23,0.0,0.0,9.61,268.34,0.0,0,101200.0,9999999
03776,0,2808,4.9,5.19,0.0,0.0,9.61,268.12,1.0,13,101100.0,9999999
03776,0,2809,5.6,5.42,0.0,0.0,9.61,268.12,2.1,15,101100.0,9999999
03776,0,2810,4.6,4.97,0.0,0.0,9.61,266.96,2.1,14,101100.0,9999999
03776,0,2811,3.3,4.48,0.0,0.0,9.61,263.18,1.0,12,101100.0,9999999
03776,0,2812,3.7,4.79,1.0,1.0,9.61,269.25,1.5,14,101100.0,9999999
03776,0,2813,3.5,4.72,45.0,41.0,9.61,264.62,0.0,0,101100.0,9999999
03776,0,2814,4.8,5.23,94.0,94.0,9.61,270.6,1.0,1,101100.0,9999999
03776,0,2815,6.2,5.11,257.0,180.0,9.61,269.25,2.1,15,101100.0,9999999
03776,0,2816,7.7,5.19,447.0,225.0,9.61,269.93,2.1,16,101000.0,9999999
03776,0,2817,8.6,5.19,337.0,302.0,9.61,274.3,2.6,15,101000.0,9999999
03776,0,2818,9.7,5.11,742.0,420.0,9.61,270.82,1.5,16,101000.0,9999999
03776,0,2819,10.6,5.04,585.0,379.0,9.61,273.44,3.1,15,101000.0,9999999
03776,0,2820,10.5,5.27,413.0,363.0,9.61,276.21,3.1,15,101000.0,9999999
03776,0,2821,11.8,5.0,737.0,417.0,9.61,272.8,1.5,3,100900.0,9999999
03776,0,2822,11.7,4.86,612.0,201.0,9.61,273.01,2.6,15,100800.0,9999999
03776,0,2823,12.3,4.65,370.0,247.0,9.61,274.94,2.6,13,100800.0,9999999
03776,0,2824,11.8,4.72,296.0,158.0,9.61,273.66,2.6,13,100800.0,9999999
03776,0,2825,11.3,4.97,170.0,102.0,9.61,272.14,1.5,14,100700.0,9999999
03776,0,2826,10.1,5.38,39.0,35.0,9.61,270.15,2.1,15,100700.0,9999999
03776,0,2827,7.5,5.19,1.0,1.0,9.61,267.66,0.0,0,100800.0,9999999
03776,0,2828,7.1,5.42,0.0,0.0,9.61,272.8,1.5,9,100800.0,9999999
03776,0,2829,7.2,5.42,0.0,0.0,9.61,266.5,0.0,0,100700.0,9999999
03776,0,2830,4.9,4.97,0.0,0.0,9.61,264.14,1.0,13,100700.0,9999999
03776,0,2831,3.8,4.58,0.0,0.0,9.61,264.85,0.0,0,100600.0,9999999
03776,0,2832,5.2,5.27,0.0,0.0,9.61,264.62,2.1,2,100600.0,9999999
03776,0,2833,5.7,5.11,0.0,0.0,9.61,271.26,1.0,4,100500.0,9999999
03776,0,2834,5.4,5.08,0.0,0.0,9.61,264.62,1.0,3,100500.0,9999999
03776,0,2835,5.5,5.11,0.0,0.0,9.61,267.2,1.0,3,100400.0,9999999
03776,0,2836,5.7,5.38,0.0,0.0,9.61,273.44,2.1,4,100400.0,9999999
03776,0,2837,6.0,5.5,10.0,10.0,9.61,273.87,2.1,4,100400.0,9999999
03776,0,2838,6.4,5.58,38.0,38.0,9.61,274.3,2.6,4,100400.0,9999999
03776,0,2839,6.8,5.66,72.0,72.0,9.61,274.73,3.6,4,100400.0,9999999
03776,0,2840,7.8,5.7,105.0,105.0,9.61,271.26,2.6,4,100400.0,9999999
03776,0,2841,7.9,5.66,132.0,132.0,9.61,273.87,2.6,4,100300.0,9999999
03776,0,2842,8.1,5.62,152.0,152.0,9.61,276.0,3.6,4,100300.0,9999999
03776,0,2843,8.8,5.99,162.0,162.0,9.61,276.83,3.1,4,100300.0,9999999
03776,0,2844,9.0,6.08,161.0,161.0,9.61,277.04,3.1,4,100200.0,9999999
03776,0,2845,9.9,5.78,386.0,345.0,9.61,273.23,3.6,4,100200.0,9999999
03776,0,2846,10.8,5.82,131.0,131.0,9.61,278.68,3.1,3,100200.0,9999999
03776,0,2847,10.6,5.95,102.0,102.0,9.61,278.48,3.1,3,100100.0,9999999
03776,0,2848,10.8,6.04,69.0,69.0,9.61,278.68,3.1,3,100100.0,9999999
03776,0,2849,10.5,6.12,35.0,35.0,9.61,278.48,4.1,3,100200.0,9999999
03776,0,2850,9.7,5.99,8.0,8.0,9.61,277.66,4.6,3,100200.0,9999999
03776,0,2851,9.2,5.87,0.0,0.0,9.61,277.04,4.6,3,100200.0,9999999
03776,0,2852,9.0,6.08,0.0,0.0,9.61,277.04,4.1,3,100200.0,9999999
03776,0,2853,8.8,6.21,0.0,0.0,9.61,276.83,3.6,3,100200.0,9999999
03776,0,2854,8.5,6.39,0.0,0.0,9.61,276.62,3.1,3,100200.0,9999999
03776,0,2855,8.2,6.43,0.0,0.0,9.61,276.41,4.1,3,100200.0,9999999
03776,0,2856,8.5,6.48,0.0,0.0,9.61,276.83,2.6,3,100100.0,9999999
03776,0,2857,8.7,6.57,0.0,0.0,9.61,277.04,2.6,4,100100.0,9999999
03776,0,2858,8.7,6.71,0.0,0.0,9.61,277.04,1.5,3,100100.0,9999999
03776,0,2859,8.8,6.71,0.0,0.0,9.61,277.25,1.5,3,100000.0,9999999
03776,0,2860,9.0,6.8,0.0,0.0,9.61,277.45,1.5,3,100000.0,9999999
03776,0,2861,9.3,6.99,10.0,10.0,9.61,277.86,1.0,4,100000.0,9999999
03776,0,2862,10.2,7.39,38.0,38.0,9.61,276.83,2.6,6,100100.0,9999999
03776,0,2863,11.0,7.44,185.0,160.0,9.61,277.66,2.6,7,100100.0,9999999
03776,0,2864,12.0,7.24,380.0,256.0,9.61,276.0,4.1,6,100100.0,9999999
03776,0,2865,13.0,6.94,570.0,272.0,9.61,276.0,5.1,6,100000.0,9999999
03776,0,2866,13.9,5.87,656.0,258.0,9.61,276.41,5.7,7,100000.0,9999999
03776,0,2867,14.3,6.39,588.0,363.0,9.61,277.86,5.1,8,100000.0,9999999
03776,0,2868,13.0,6.21,415.0,365.0,9.61,279.09,5.1,7,100000.0,9999999
03776,0,2869,12.3,6.61,387.0,339.0,9.61,278.68,6.2,7,99900.0,9999999
03776,0,2870,13.4,6.85,335.0,294.0,9.61,279.9,4.6,7,99900.0,9999999
03776,0,2871,13.0,6.94,263.0,241.0,9.61,279.49,5.1,8,99800.0,9999999
03776,0,2872,13.5,7.14,178.0,172.0,9.61,280.1,6.2,8,99800.0,9999999
03776,0,2873,13.0,7.24,91.0,91.0,9.61,279.7,4.6,8,99800.0,9999999
03776,0,2874,11.9,7.29,22.0,22.0,9.61,278.48,3.6,8,99700.0,9999999
03776,0,2875,11.5,7.14,1.0,1.0,9.61,275.58,2.6,7,99700.0,9999999
03776,0,2876,11.2,6.99,0.0,0.0,9.61,277.66,2.6,7,99800.0,9999999
03776,0,2877,10.8,6.75,0.0,0.0,9.61,274.73,3.1,7,99900.0,9999999
03776,0,2878,10.0,6.48,0.0,0.0,9.61,276.21,3.1,7,100200.0,9999999
03776,0,2879,8.8,6.12,0.0,0.0,9.61,276.83,4.1,8,100700.0,9999999
03776,0,2880,7.5,5.74,0.0,0.0,13.58,265.8,0.0,0,101200.0,9999999
03776,0,2881,6.2,5.42,0.0,0.0,13.58,264.38,0.0,0,101700.0,9999999
03776,0,2882,5.2,5.23,0.0,0.0,13.58,263.18,0.0,0,102000.0,9999999
03776,0,2883,4.6,5.11,0.0,0.0,13.58,262.69,0.0,0,102200.0,9999999
03776,0,2884,4.5,5.11,2.0,2.0,13.58,262.45,0.0,0,102300.0,9999999
03776,0,2885,4.5,5.15,46.0,43.0,13.58,262.45,0.0,0,102400.0,9999999
03776,0,2886,9.0,6.25,139.0,111.0,13.58,267.43,0.0,0,102300.0,9999999
03776,0,2887,13.8,6.57,185.0,173.0,13.58,272.14,0.0,0,102300.0,9999999
03776,0,2888,16.3,6.66,269.0,258.0,13.58,274.52,2.6,9,102300.0,9999999
03776,0,2889,17.7,6.3,340.0,299.0,13.58,275.58,2.6,8,102300.0,9999999
03776,0,2890,18.5,7.14,389.0,341.0,13.58,278.07,2.6,8,102300.0,9999999
03776,0,2891,19.4,7.14,414.0,399.0,13.58,279.09,2.1,8,102200.0,9999999
03776,0,2892,20.0,7.29,413.0,398.0,13.58,279.7,2.6,9,102200.0,9999999
03776,0,2893,20.1,7.75,545.0,334.0,13.58,278.68,2.6,8,102100.0,9999999
03776,0,2894,20.5,7.29,473.0,301.0,13.58,278.89,2.6,8,102100.0,9999999
03776,0,2895,19.8,7.04,442.0,226.0,13.58,278.07,2.6,8,102000.0,9999999
03776,0,2896,19.2,7.14,327.0,136.0,13.58,277.45,3.1,8,102000.0,9999999
03776,0,2897,18.2,6.94,168.0,98.0,13.58,276.41,2.6,8,102000.0,9999999
03776,0,2898,17.1,6.85,43.0,40.0,13.58,275.36,2.1,8,102000.0,9999999
03776,0,2899,14.7,6.94,1.0,1.0,13.58,273.23,1.0,9,102000.0,9999999
03776,0,2900,12.5,6.57,0.0,0.0,13.58,270.82,1.0,8,102100.0,9999999
03776,0,2901,10.2,6.52,0.0,0.0,13.58,268.57,1.0,13,102100.0,9999999
03776,0,2902,8.2,6.16,0.0,0.0,13.58,266.5,0.0,0,102100.0,9999999
03776,0,2903,7.8,5.99,0.0,0.0,13.58,266.03,1.0,14,102100.0,9999999
03776,0,2904,6.4,5.5,0.0,0.0,13.58,264.62,0.0,0,102100.0,9999999
03776,0,2905,6.0,5.58,0.0,0.0,13.58,264.14,0.0,0,102000.0,9999999
03776,0,2906,7.0,5.78,0.0,0.0,13.58,265.33,1.0,15,102000.0,9999999
03776,0,2907,4.7,5.19,0.0,0.0,13.58,262.69,0.0,0,102000.0,9999999
03776,0,2908,5.2,5.38,3.0,3.0,13.58,263.42,0.0,0,102000.0,9999999
03776,0,2909,6.5,5.62,54.0,47.0,13.58,264.62,1.0,15,102000.0,9999999
03776,0,2910,10.0,6.43,195.0,97.0,13.58,268.34,0.0,0,102000.0,9999999
03776,0,2911,15.5,7.44,363.0,128.0,13.58,274.09,1.0,2,102000.0,9999999
03776,0,2912,19.3,7.65,527.0,144.0,13.58,277.86,1.5,9,101900.0,9999999
03776,0,2913,20.6,7.34,666.0,137.0,13.58,278.89,3.1,8,101900.0,9999999
03776,0,2914,21.6,7.91,762.0,133.0,13.58,280.1,3.6,7,101800.0,9999999
03776,0,2915,22.5,6.61,814.0,130.0,13.58,280.3,3.6,9,101700.0,9999999
03776,0,2916,23.0,6.25,813.0,128.0,13.58,280.7,3.6,8,101700.0,9999999
03776,0,2917,23.6,5.46,762.0,124.0,13.58,280.7,3.6,8,101600.0,9999999
03776,0,2918,23.6,5.82,660.0,114.0,13.58,280.9,3.6,8,101600.0,9999999
03776,0,2919,23.3,5.27,520.0,115.0,13.58,280.3,2.6,8,101500.0,9999999
03776,0,2920,23.1,5.27,353.0,122.0,13.58,280.1,2.1,7,101400.0,9999999
03776,0,2921,22.2,4.35,184.0,93.0,13.58,278.68,2.6,7,101400.0,9999999
03776,0,2922,20.7,5.78,45.0,39.0,13.58,278.27,2.1,7,101400.0,9999999
03776,0,2923,19.2,6.43,2.0,2.0,13.58,277.25,1.0,7,101400.0,9999999
03776,0,2924,14.0,6.9,0.0,0.0,13.58,272.36,0.0,0,101400.0,9999999
03776,0,2925,11.8,6.61,0.0,0.0,13.58,270.15,0.0,0,101400.0,9999999
03776,0,2926,9.9,6.39,0.0,0.0,13.58,268.34,0.0,0,101300.0,9999999
03776,0,2927,13.6,6.75,0.0,0.0,13.58,271.92,1.5,3,101300.0,9999999
03776,0,2928,12.5,6.9,0.0,0.0,13.58,271.04,1.5,3,101200.0,9999999
03776,0,2929,12.0,6.85,0.0,0.0,13.58,270.6,1.0,2,101100.0,9999999
03776,0,2930,7.7,6.04,0.0,0.0,13.58,266.03,0.0,0,101100.0,9999999
03776,0,2931,6.4,5.5,0.0,0.0,13.58,264.62,0.0,0,101000.0,9999999
03776,0,2932,6.2,5.7,3.0,3.0,13.58,264.38,0.0,0,101000.0,9999999
03776,0,2933,7.6,6.08,57.0,49.0,13.58,266.03,0.0,0,101000.0,9999999
03776,0,2934,11.2,6.94,186.0,105.0,13.58,269.7,0.0,0,100900.0,9999999
03776,0,2935,15.3,7.65,317.0,185.0,13.58,274.09,0.0,0,100900.0,9999999
03776,0,2936,19.4,8.46,384.0,279.0,13.58,278.27,1.0,11,100800.0,9999999
03776,0,2937,22.1,8.18,484.0,338.0,13.58,280.7,1.5,11,100800.0,9999999
03776,0,2938,24.1,7.29,393.0,346.0,13.58,282.28,3.6,10,100700.0,9999999
03776,0,2939,23.1,7.19,418.0,402.0,13.58,282.48,4.1,10,100700.0,9999999
03776,0,2940,24.6,6.9,417.0,401.0,13.58,287.24,3.6,10,100700.0,9999999
03776,0,2941,23.6,6.9,390.0,342.0,13.58,286.31,3.1,10,100600.0,9999999
03776,0,2942,22.0,6.99,132.0,132.0,13.58,290.36,3.6,9,100600.0,9999999
03776,0,2943,20.2,7.7,104.0,104.0,13.58,288.9,3.6,9,100600.0,9999999
03776,0,2944,18.0,9.29,70.0,70.0,13.58,287.43,1.5,11,100600.0,9999999
03776,0,2945,17.2,9.42,94.0,94.0,13.58,284.6,1.5,9,100600.0,9999999
03776,0,2946,16.8,8.93,41.0,40.0,13.58,280.7,3.6,9,100500.0,9999999
03776,0,2947,14.7,8.7,2.0,2.0,13.58,275.15,3.6,10,100600.0,9999999
03776,0,2948,13.8,8.07,0.0,0.0,13.58,274.09,3.6,10,100500.0,9999999
03776,0,2949,12.7,8.07,0.0,0.0,13.58,273.01,4.1,9,100500.0,9999999
03776,0,2950,11.8,8.07,0.0,0.0,13.58,272.14,2.6,9,100500.0,9999999
03776,0,2951,11.5,7.8,0.0,0.0,13.58,271.7,2.6,10,100500.0,9999999
03776,0,2952,11.6,7.86,0.0,0.0,13.58,271.92,2.6,10,100400.0,9999999
03776,0,2953,11.8,8.07,0.0,0.0,13.58,278.89,1.0,8,100300.0,9999999
03776,0,2954,12.2,8.24,0.0,0.0,13.58,279.29,3.1,9,100200.0,9999999
03776,0,2955,12.6,8.58,0.0,0.0,13.58,279.7,4.1,9,100100.0,9999999
03776,0,2956,13.1,8.52,1.0,1.0,13.58,282.28,4.1,9,100000.0,9999999
03776,0,2957,12.6,8.87,12.0,12.0,13.58,281.89,3.1,9,100000.0,9999999
03776,0,2958,13.1,9.17,40.0,40.0,13.58,282.48,4.6,9,99900.0,9999999
03776,0,2959,13.6,9.42,74.0,74.0,13.58,283.06,5.1,9,99800.0,9999999
03776,0,2960,13.7,9.36,107.0,107.0,13.58,283.06,6.2,10,99700.0,9999999
03776,0,2961,13.8,9.42,134.0,134.0,13.58,283.25,6.2,10,99700.0,9999999
03776,0,2962,14.2,9.42,153.0,153.0,13.58,283.64,6.2,10,99600.0,9999999
03776,0,2963,13.9,9.36,163.0,162.0,13.58,283.25,6.2,10,99600.0,9999999
03776,0,2964,14.6,9.36,416.0,332.0,13.58,282.08,6.2,10,99500.0,9999999
03776,0,2965,16.5,8.75,756.0,333.0,13.58,277.86,6.7,9,99400.0,9999999
03776,0,2966,15.9,7.75,659.0,125.0,13.58,276.83,7.7,10,99300.0,9999999
03776,0,2967,15.1,7.75,514.0,132.0,13.58,276.83,6.2,10,99300.0,9999999
03776,0,2968,15.0,7.54,344.0,141.0,13.58,277.25,6.2,10,99200.0,9999999
03776,0,2969,14.5,7.59,173.0,103.0,13.58,277.25,8.2,10,99200.0,9999999
03776,0,2970,13.6,7.7,43.0,42.0,13.58,276.41,7.2,10,99100.0,9999999
03776,0,2971,13.5,7.86,1.0,1.0,13.58,280.3,5.1,10,99100.0,9999999
03776,0,2972,12.7,7.75,0.0,0.0,13.58,275.58,5.7,10,99000.0,9999999
03776,0,2973,12.2,7.7,0.0,0.0,13.58,275.58,4.6,10,99000.0,9999999
03776,0,2974,12.4,7.8,0.0,0.0,13.58,276.62,3.6,9,98900.0,9999999
03776,0,2975,12.2,7.91,0.0,0.0,13.58,279.09,4.6,9,98800.0,9999999
03776,0,2976,11.9,8.13,0.0,0.0,13.58,280.9,3.6,9,98700.0,9999999
03776,0,2977,12.2,8.13,0.0,0.0,13.58,279.29,3.6,9,98600.0,9999999
03776,0,2978,12.2,7.8,0.0,0.0,13.58,281.1,5.1,10,98500.0,9999999
03776,0,2979,11.7,7.91,0.0,0.0,13.58,280.5,3.6,10,98400.0,9999999
03776,0,2980,11.7,7.91,2.0,2.0,13.58,278.68,3.1,10,98400.0,9999999
03776,0,2981,11.7,7.91,32.0,32.0,13.58,278.68,2.1,10,98400.0,9999999
03776,0,2982,12.1,8.07,41.0,41.0,13.58,281.1,3.1,9,98400.0,9999999
03776,0,2983,13.0,8.02,192.0,167.0,13.58,279.9,3.6,10,98400.0,9999999
03776,0,2984,13.9,7.04,277.0,268.0,13.58,280.3,3.1,9,98300.0,9999999
03776,0,2985,14.8,7.44,346.0,305.0,13.58,278.07,5.7,11,98300.0,9999999
03776,0,2986,15.7,6.9,560.0,323.0,13.58,278.68,5.1,10,98300.0,9999999
03776,0,2987,16.8,7.34,706.0,285.0,13.58,277.45,6.7,10,98200.0,9999999
03776,0,2988,15.2,7.04,594.0,369.0,13.58,277.04,6.2,10,98200.0,9999999
03776,0,2989,15.0,7.54,392.0,346.0,13.58,279.09,5.7,9,98200.0,9999999
03776,0,2990,15.7,7.19,341.0,300.0,13.58,278.89,7.2,9,98100.0,9999999
03776,0,2991,16.6,7.09,269.0,239.0,13.58,279.09,6.7,9,98100.0,9999999
03776,0,2992,15.6,7.24,185.0,179.0,13.58,277.66,4.1,9,98000.0,9999999
03776,0,2993,14.8,7.24,98.0,97.0,13.58,277.86,5.7,10,98000.0,9999999
03776,0,2994,13.8,7.39,27.0,27.0,13.58,277.86,3.6,8,98000.0,9999999
03776,0,2995,12.8,7.7,1.0,1.0,13.58,279.7,4.1,9,97900.0,9999999
03776,0,2996,12.5,7.54,0.0,0.0,13.58,279.29,4.6,10,97900.0,9999999
03776,0,2997,11.8,7.91,0.0,0.0,13.58,280.7,3.6,10,98000.0,9999999
03776,0,2998,7.2,5.74,0.0,0.0,13.58,275.15,7.2,16,98200.0,9999999
03776,0,2999,5.6,5.15,0.0,0.0,13.58,273.23,7.2,16,98300.0,9999999
03776,0,3000,4.6,4.86,0.0,0.0,13.58,271.92,7.2,16,98300.0,9999999
03776,0,3001,4.5,4.82,0.0,0.0,13.58,271.92,4.6,16,98400.0,9999999
03776,0,3002,4.4,4.89,0.0,0.0,13.58,271.92,4.1,16,98400.0,9999999
03776,0,3003,3.7,4.54,0.0,0.0,13.58,270.82,4.1,16,98400.0,9999999
03776,0,3004,4.3,4.68,1.0,1.0,13.58,271.48,5.1,16,98500.0,9999999
03776,0,3005,3.8,4.51,13.0,13.0,13.58,271.04,6.7,16,98600.0,9999999
03776,0,3006,4.5,4.65,42.0,42.0,13.58,267.43,5.1,16,98600.0,9999999
03776,0,3007,5.1,4.44,197.0,169.0,13.58,270.37,6.7,16,98700.0,9999999
03776,0,3008,6.1,4.44,281.0,272.0,13.58,267.89,6.2,16,98800.0,9999999
03776,0,3009,6.7,4.06,352.0,308.0,13.58,268.34,6.7,16,98900.0,9999999
03776,0,3010,7.9,3.79,403.0,387.0,13.58,269.25,6.7,15,98900.0,9999999
03776,0,3011,9.0,3.88,428.0,411.0,13.58,270.37,8.2,16,99000.0,9999999
03776,0,3012,8.5,3.85,603.0,406.0,13.58,269.25,6.2,15,99000.0,9999999
03776,0,3013,7.0,3.91,399.0,369.0,13.58,269.25,6.7,15,99100.0,9999999
03776,0,3014,7.6,3.67,347.0,330.0,13.58,267.66,5.7,15,99200.0,9999999
03776,0,3015,7.8,3.22,389.0,316.0,13.58,268.57,7.2,15,99200.0,9999999
03776,0,3016,8.0,3.22,362.0,171.0,13.58,266.5,3.6,15,99200.0,9999999
03776,0,3017,8.1,3.17,185.0,116.0,13.58,267.66,3.6,15,99300.0,9999999
03776,0,3018,6.3,3.12,54.0,49.0,13.58,264.85,2.8,15,99300.0,9999999
03776,0,3019,4.6,3.22,3.0,3.0,13.58,262.45,2.1,13,99400.0,9999999
03776,0,3020,1.1,3.14,0.0,0.0,13.58,258.96,1.5,11,99500.0,9999999
03776,0,3021,1.3,3.04,0.0,0.0,13.58,259.22,2.1,11,99500.0,9999999
03776,0,3022,1.2,3.24,0.0,0.0,13.58,257.94,1.5,12,99500.0,9999999
03776,0,3023,0.8,3.29,0.0,0.0,13.58,258.96,1.0,9,99500.0,9999999
03776,0,3024,0.1,3.32,0.0,0.0,13.58,258.2,1.0,8,99500.0,9999999
03776,0,3025,-0.6,3.29,0.0,0.0,13.58,257.69,1.0,9,99500.0,9999999
03776,0,3026,-0.9,3.22,0.0,0.0,13.58,256.12,1.0,8,99500.0,9999999
03776,0,3027,-0.9,3.14,0.0,0.0,13.58,257.17,0.0,0,99400.0,9999999
03776,0,3028,-0.9,3.22,5.0,5.0,13.58,256.12,1.0,8,99500.0,9999999
03776,0,3029,0.1,3.48,50.0,50.0,13.58,258.45,0.0,0,99500.0,9999999
03776,0,3030,2.9,3.76,215.0,110.0,13.58,261.22,1.0,11,99500.0,9999999
03776,0,3031,6.0,3.62,381.0,171.0,13.58,264.14,1.0,11,99500.0,9999999
03776,0,3032,7.4,3.62,543.0,196.0,13.58,266.27,2.1,13,99500.0,9999999
03776,0,3033,9.0,3.43,596.0,319.0,13.58,269.48,3.1,13,99500.0,9999999
03776,0,3034,10.0,3.37,743.0,286.0,13.58,270.37,2.6,10,99400.0,9999999
03776,0,3035,10.5,3.19,723.0,408.0,13.58,271.26,3.1,11,99400.0,9999999
03776,0,3036,9.5,2.36,610.0,376.0,13.58,270.15,4.1,12,99400.0,9999999
03776,0,3037,10.7,3.27,736.0,265.0,13.58,270.37,3.6,9,99400.0,9999999
03776,0,3038,11.4,4.06,638.0,171.0,13.58,272.14,4.1,9,99400.0,9999999
03776,0,3039,6.0,4.35,275.0,237.0,13.58,271.04,6.2,11,99500.0,9999999
03776,0,3040,5.9,4.54,190.0,183.0,13.58,271.26,6.7,14,99500.0,9999999
03776,0,3041,7.2,4.89,198.0,118.0,13.58,266.27,2.1,8,99500.0,9999999
03776,0,3042,5.8,4.72,56.0,45.0,13.58,264.62,2.1,8,99500.0,9999999
03776,0,3043,4.4,4.54,3.0,3.0,13.58,263.18,2.1,10,99500.0,9999999
03776,0,3044,3.8,4.06,0.0,0.0,13.58,262.45,2.1,9,99500.0,9999999
03776,0,3045,4.2,4.12,0.0,0.0,13.58,262.69,1.5,9,99400.0,9999999
03776,0,3046,4.9,4.28,0.0,0.0,13.58,266.03,2.6,9,99400.0,9999999
03776,0,3047,5.5,4.75,0.0,0.0,13.58,268.34,3.1,10,99300.0,9999999
03776,0,3048,6.0,4.68,0.0,0.0,13.58,271.26,4.1,10,99200.0,9999999
03776,0,3049,5.7,5.04,0.0,0.0,13.58,271.26,3.6,10,99200.0,9999999
03776,0,3050,5.5,5.04,0.0,0.0,13.58,273.01,4.6,10,99100.0,9999999
03776,0,3051,5.4,5.19,0.0,0.0,13.58,273.01,4.1,10,99000.0,9999999
03776,0,3052,5.2,4.93,3.0,3.0,13.58,270.82,3.1,10,99000.0,9999999
03776,0,3053,6.0,5.34,36.0,36.0,13.58,271.7,3.1,10,99000.0,9999999
03776,0,3054,6.8,5.38,111.0,110.0,13.58,268.57,4.1,11,99000.0,9999999
03776,0,3055,7.6,5.34,78.0,78.0,13.58,269.03,4.1,10,99000.0,9999999
03776,0,3056,8.6,5.19,111.0,111.0,13.58,270.37,4.6,11,99000.0,9999999
03776,0,3057,9.6,4.89,354.0,317.0,13.58,271.7,5.1,11,99000.0,9999999
03776,0,3058,10.7,4.61,404.0,389.0,13.58,272.58,5.7,11,99000.0,9999999
03776,0,3059,12.2,5.11,606.0,395.0,13.58,273.66,6.7,10,99000.0,9999999
03776,0,3060,8.5,5.91,426.0,376.0,13.58,271.92,2.6,12,98900.0,9999999
03776,0,3061,10.9,5.66,399.0,384.0,13.58,276.83,5.1,9,98900.0,9999999
03776,0,3062,9.8,6.34,346.0,304.0,13.58,272.8,6.2,10,98900.0,9999999
03776,0,3063,10.5,6.3,275.0,244.0,13.58,273.44,4.1,9,98800.0,9999999
03776,0,3064,10.8,6.12,190.0,184.0,13.58,273.44,4.6,9,98800.0,9999999
03776,0,3065,10.3,6.16,40.0,40.0,13.58,271.92,3.6,9,98700.0,9999999
03776,0,3066,8.7,6.21,22.0,22.0,13.58,271.04,2.1,8,98600.0,9999999
03776,0,3067,8.3,6.3,2.0,2.0,13.58,270.15,1.5,8,98600.0,9999999
03776,0,3068,8.0,6.25,0.0,0.0,13.58,274.3,1.5,9,98600.0,9999999
03776,0,3069,8.2,6.25,0.0,0.0,13.58,270.6,2.6,9,98500.0,9999999
03776,0,3070,8.1,6.3,0.0,0.0,13.58,274.3,3.1,10,98500.0,9999999
03776,0,3071,7.3,5.95,0.0,0.0,13.58,267.89,2.6,9,98500.0,9999999
03776,0,3072,6.7,5.7,0.0,0.0,13.58,270.15,3.1,10,98500.0,9999999
03776,0,3073,6.8,5.74,0.0,0.0,13.58,272.8,3.6,10,98600.0,9999999
03776,0,3074,7.0,5.82,0.0,0.0,13.58,273.01,3.1,11,98600.0,9999999
03776,0,3075,6.6,5.46,0.0,0.0,13.58,272.36,3.6,12,98700.0,9999999
03776,0,3076,5.9,5.38,3.0,3.0,13.58,271.7,1.5,11,98800.0,9999999
03776,0,3077,7.0,5.66,38.0,38.0,13.58,273.01,3.1,12,98800.0,9999999
03776,0,3078,7.9,5.74,207.0,138.0,13.58,269.93,4.1,12,98900.0,9999999
03776,0,3079,9.4,5.95,337.0,194.0,13.58,272.14,4.1,13,98900.0,9999999
03776,0,3080,11.0,5.11,404.0,298.0,13.58,273.23,5.1,13,99000.0,9999999
03776,0,3081,11.8,4.72,356.0,340.0,13.58,272.58,4.6,12,99100.0,9999999
03776,0,3082,11.3,5.46,404.0,389.0,13.58,277.04,4.1,12,99100.0,9999999
03776,0,3083,11.9,5.15,430.0,413.0,13.58,274.73,4.6,12,99200.0,9999999
03776,0,3084,13.2,5.91,427.0,411.0,13.58,275.15,4.1,13,99200.0,9999999
03776,0,3085,13.8,5.08,401.0,386.0,13.58,275.15,4.6,11,99200.0,9999999
03776,0,3086,12.0,5.7,348.0,306.0,13.58,273.44,5.7,10,99300.0,9999999
03776,0,3087,12.8,4.89,278.0,246.0,13.58,274.09,6.2,10,99400.0,9999999
03776,0,3088,12.2,5.5,323.0,196.0,13.58,273.44,4.6,11,99400.0,9999999
03776,0,3089,10.8,5.54,192.0,118.0,13.58,272.58,4.1,9,99500.0,9999999
03776,0,3090,10.2,5.95,60.0,52.0,13.58,271.7,3.6,10,99500.0,9999999
03776,0,3091,9.2,6.25,4.0,4.0,13.58,269.7,2.6,10,99500.0,9999999
03776,0,3092,8.0,5.91,0.0,0.0,13.58,271.48,2.1,9,99600.0,9999999
03776,0,3093,8.4,6.25,0.0,0.0,13.58,270.15,2.1,9,99700.0,9999999
03776,0,3094,8.9,6.39,0.0,0.0,13.58,275.15,1.5,9,99700.0,9999999
03776,0,3095,8.9,6.39,0.0,0.0,13.58,271.26,3.1,10,99700.0,9999999
03776,0,3096,8.5,6.3,0.0,0.0,13.58,270.82,2.1,9,99700.0,9999999
03776,0,3097,8.3,6.43,0.0,0.0,13.58,270.15,2.1,9,99700.0,9999999
03776,0,3098,8.0,6.25,0.0,0.0,13.58,270.37,2.1,9,99700.0,9999999
03776,0,3099,8.7,6.52,0.0,0.0,13.58,275.15,1.5,8,99600.0,9999999
03776,0,3100,8.1,5.95,5.0,5.0,13.58,270.15,2.1,9,99600.0,9999999
03776,0,3101,9.0,6.25,48.0,48.0,13.58,272.58,2.6,9,99600.0,9999999
03776,0,3102,9.5,6.71,114.0,113.0,13.58,276.0,2.6,9,99600.0,9999999
03776,0,3103,10.9,6.66,202.0,195.0,13.58,277.25,3.6,8,99600.0,9999999
03776,0,3104,11.4,6.71,286.0,277.0,13.58,277.86,4.6,8,99600.0,9999999
03776,0,3105,12.5,6.8,355.0,312.0,13.58,278.89,6.2,8,99500.0,9999999
03776,0,3106,11.5,6.99,158.0,158.0,13.58,275.36,6.2,8,99500.0,9999999
03776,0,3107,11.5,7.29,428.0,378.0,13.58,278.07,6.7,8,99500.0,9999999
03776,0,3108,10.8,7.65,426.0,410.0,13.58,277.66,5.1,9,99400.0,9999999
03776,0,3109,12.8,7.8,399.0,384.0,13.58,279.7,5.7,9,99400.0,9999999
03776,0,3110,14.1,6.94,349.0,307.0,13.58,277.86,7.2,9,99400.0,9999999
03776,0,3111,14.1,6.08,278.0,246.0,13.58,276.0,5.7,9,99400.0,9999999
03776,0,3112,13.2,5.7,194.0,187.0,13.58,273.23,8.2,9,99400.0,9999999
03776,0,3113,12.7,6.08,106.0,105.0,13.58,273.01,7.2,9,99400.0,9999999
03776,0,3114,11.8,6.21,33.0,33.0,13.58,272.14,6.2,9,99500.0,9999999
03776,0,3115,10.7,6.16,4.0,4.0,13.58,270.15,4.1,9,99500.0,9999999
03776,0,3116,10.5,6.3,0.0,0.0,13.58,272.14,4.6,9,99600.0,9999999
03776,0,3117,9.3,6.21,0.0,0.0,13.58,269.03,3.6,9,99600.0,9999999
03776,0,3118,9.2,6.25,0.0,0.0,13.58,268.8,2.6,9,99600.0,9999999
03776,0,3119,8.9,6.12,0.0,0.0,13.58,268.57,2.6,9,99700.0,9999999
03776,0,3120,8.4,6.08,0.0,0.0,13.58,267.89,2.1,8,99700.0,9999999
03776,0,3121,8.7,5.82,0.0,0.0,13.58,270.15,2.6,8,99700.0,9999999
03776,0,3122,8.5,6.21,0.0,0.0,13.58,268.12,2.6,8,99700.0,9999999
03776,0,3123,9.2,6.52,0.0,0.0,13.58,269.93,3.6,8,99600.0,9999999
03776,0,3124,9.7,6.57,8.0,8.0,13.58,271.7,3.1,8,99600.0,9999999
03776,0,3125,10.2,6.52,75.0,49.0,13.58,272.14,4.1,8,99600.0,9999999
03776,0,3126,10.7,6.08,213.0,115.0,13.58,272.8,4.6,9,99600.0,9999999
03776,0,3127,11.8,6.43,360.0,170.0,13.58,274.73,6.7,9,99600.0,9999999
03776,0,3128,12.2,5.7,484.0,215.0,13.58,274.09,9.3,9,99600.0,9999999
03776,0,3129,13.3,5.95,357.0,320.0,13.58,276.62,6.7,8,99600.0,9999999
03776,0,3130,13.2,5.62,407.0,392.0,13.58,276.41,10.3,9,99600.0,9999999
03776,0,3131,13.6,5.7,432.0,415.0,13.58,276.83,10.3,9,99600.0,9999999
03776,0,3132,14.8,6.04,430.0,414.0,13.58,277.25,9.8,9,99700.0,9999999
03776,0,3133,14.4,5.7,403.0,388.0,13.58,277.66,8.2,9,99700.0,9999999
03776,0,3134,14.4,5.82,351.0,309.0,13.58,277.66,9.3,9,99700.0,9999999
03776,0,3135,14.4,6.12,279.0,248.0,13.58,277.86,8.2,9,99700.0,9999999
03776,0,3136,13.1,5.87,195.0,188.0,13.58,275.58,8.2,9,99800.0,9999999
03776,0,3137,12.4,6.12,152.0,126.0,13.58,274.52,6.7,9,99900.0,9999999
03776,0,3138,11.6,6.34,34.0,34.0,13.58,273.87,7.2,9,99900.0,9999999
03776,0,3139,11.1,6.48,4.0,4.0,13.58,274.09,6.2,9,100000.0,9999999
03776,0,3140,10.3,6.39,0.0,0.0,13.58,269.93,5.1,9,100100.0,9999999
03776,0,3141,9.9,6.48,0.0,0.0,13.58,269.7,4.6,9,100200.0,9999999
03776,0,3142,9.4,6.43,0.0,0.0,13.58,271.26,3.6,10,100200.0,9999999
03776,0,3143,9.1,6.3,0.0,0.0,13.58,269.7,3.1,9,100300.0,9999999
03776,0,3144,8.8,6.25,0.0,0.0,13.58,268.57,4.1,9,100300.0,9999999
03776,0,3145,8.4,6.16,0.0,0.0,13.58,266.73,3.6,9,100400.0,9999999
03776,0,3146,7.8,6.16,0.0,0.0,13.58,267.43,3.1,9,100400.0,9999999
03776,0,3147,8.5,6.21,0.0,0.0,13.58,268.12,3.1,9,100500.0,9999999
03776,0,3148,8.7,6.12,8.0,8.0,13.58,269.25,3.1,9,100500.0,9999999
03776,0,3149,9.7,6.3,81.0,48.0,13.58,269.25,3.1,9,100600.0,9999999
03776,0,3150,11.4,6.34,229.0,108.0,13.58,271.92,6.2,9,100600.0,9999999
03776,0,3151,10.9,5.87,346.0,176.0,13.58,272.8,6.7,9,100700.0,9999999
03776,0,3152,12.8,6.04,486.0,235.0,13.58,274.3,7.7,9,100700.0,9999999
03776,0,3153,13.8,5.3,509.0,340.0,13.58,275.36,7.7,9,100800.0,9999999
03776,0,3154,13.8,5.7,577.0,434.0,13.58,276.21,9.3,9,100900.0,9999999
03776,0,3155,13.1,6.3,432.0,381.0,13.58,276.62,7.7,9,100900.0,9999999
03776,0,3156,14.6,6.25,609.0,400.0,13.58,277.25,7.2,9,100900.0,9999999
03776,0,3157,14.4,6.12,677.0,270.0,13.58,277.04,7.2,9,100900.0,9999999
03776,0,3158,14.1,5.46,647.0,220.0,13.58,275.79,7.7,10,101000.0,9999999
03776,0,3159,14.8,6.16,537.0,127.0,13.58,276.21,6.7,9,101000.0,9999999
03776,0,3160,13.4,5.42,383.0,119.0,13.58,273.23,6.2,9,101000.0,9999999
03776,0,3161,13.2,5.62,212.0,103.0,13.58,272.36,5.1,9,101000.0,9999999
03776,0,3162,12.2,5.62,68.0,58.0,13.58,271.26,5.1,9,101100.0,9999999
03776,0,3163,10.8,5.82,6.0,6.0,13.58,270.15,3.6,9,101100.0,9999999
03776,0,3164,9.6,6.12,0.0,0.0,13.58,269.25,3.6,9,101200.0,9999999
03776,0,3165,8.7,6.21,0.0,0.0,13.58,267.2,2.1,9,101300.0,9999999
03776,0,3166,8.3,6.12,0.0,0.0,13.58,266.73,2.1,8,101300.0,9999999
03776,0,3167,8.1,6.12,0.0,0.0,13.58,266.5,2.6,8,101300.0,9999999
03776,0,3168,7.6,6.08,0.0,0.0,13.58,266.03,2.1,8,101300.0,9999999
03776,0,3169,6.9,5.87,0.0,0.0,13.58,269.7,1.0,8,101200.0,9999999
03776,0,3170,6.6,5.87,0.0,0.0,13.58,266.96,1.0,8,101200.0,9999999
03776,0,3171,6.4,5.66,0.0,0.0,13.58,267.89,1.0,12,101200.0,9999999
03776,0,3172,4.4,4.97,9.0,9.0,13.58,264.38,0.0,0,101300.0,9999999
03776,0,3173,8.9,6.39,78.0,52.0,13.58,268.57,1.5,8,101300.0,9999999
03776,0,3174,11.4,6.85,228.0,112.0,13.58,271.26,1.5,7,101300.0,9999999
03776,0,3175,13.6,6.57,347.0,178.0,13.58,273.23,3.6,9,101300.0,9999999
03776,0,3176,14.4,6.12,291.0,262.0,13.58,276.41,4.6,8,101300.0,9999999
03776,0,3177,14.7,5.66,361.0,317.0,13.58,274.73,5.1,8,101300.0,9999999
03776,0,3178,15.3,5.78,409.0,394.0,13.58,276.62,4.6,8,101300.0,9999999
03776,0,3179,15.5,6.43,433.0,417.0,13.58,278.27,5.1,8,101300.0,9999999
03776,0,3180,15.1,6.43,432.0,416.0,13.58,277.25,4.1,9,101300.0,9999999
03776,0,3181,15.3,6.21,405.0,390.0,13.58,276.83,5.7,8,101200.0,9999999
03776,0,3182,16.0,5.66,354.0,311.0,13.58,276.0,5.7,9,101200.0,9999999
03776,0,3183,15.7,5.99,283.0,250.0,13.58,277.04,5.1,9,101200.0,9999999
03776,0,3184,15.1,5.66,301.0,193.0,13.58,275.15,5.1,9,101200.0,9999999
03776,0,3185,15.1,6.21,198.0,113.0,13.58,274.52,4.1,9,101200.0,9999999
03776,0,3186,13.4,6.04,69.0,59.0,13.58,272.8,3.1,10,101200.0,9999999
03776,0,3187,12.8,6.21,6.0,6.0,13.58,272.36,2.6,8,101200.0,9999999
03776,0,3188,10.2,6.12,0.0,0.0,13.58,269.7,2.1,9,101300.0,9999999
03776,0,3189,9.6,6.34,0.0,0.0,13.58,269.25,1.0,10,101300.0,9999999
03776,0,3190,9.2,6.25,0.0,0.0,13.58,267.66,2.1,14,101300.0,9999999
03776,0,3191,8.7,6.3,0.0,0.0,13.58,269.25,1.5,9,101300.0,9999999
03776,0,3192,6.5,5.62,0.0,0.0,13.58,266.03,2.1,9,101300.0,9999999
03776,0,3193,5.9,5.54,0.0,0.0,13.58,264.14,0.0,0,101300.0,9999999
03776,0,3194,5.6,5.42,0.0,0.0,13.58,263.66,0.0,0,101300.0,9999999
03776,0,3195,4.0,5.0,0.0,0.0,13.58,261.96,0.0,0,101300.0,9999999
03776,0,3196,6.1,5.82,10.0,10.0,13.58,264.38,1.0,10,101300.0,9999999
03776,0,3197,6.2,5.87,86.0,66.0,13.58,264.62,0.0,0,101400.0,9999999
03776,0,3198,7.2,6.3,121.0,117.0,13.58,273.44,1.0,12,101400.0,9999999
03776,0,3199,9.4,7.14,381.0,308.0,13.58,272.14,1.5,12,101400.0,9999999
03776,0,3200,13.3,7.24,566.0,171.0,13.58,274.09,1.0,8,101400.0,9999999
03776,0,3201,15.0,6.39,690.0,148.0,13.58,276.62,1.5,10,101400.0,9999999
03776,0,3202,16.1,6.12,797.0,155.0,13.58,276.21,3.6,10,101400.0,9999999
03776,0,3203,16.8,5.87,846.0,142.0,13.58,276.83,4.1,10,101400.0,9999999
03776,0,3204,16.6,5.78,830.0,164.0,13.58,277.86,3.6,11,101400.0,9999999
03776,0,3205,18.5,6.34,776.0,156.0,13.58,279.9,3.6,10,101400.0,9999999
03776,0,3206,17.5,6.3,689.0,128.0,13.58,277.66,3.6,9,101400.0,9999999
03776,0,3207,17.3,6.61,551.0,131.0,13.58,277.66,3.1,8,101400.0,9999999
03776,0,3208,16.7,6.71,387.0,132.0,13.58,276.21,4.1,8,101400.0,9999999
03776,0,3209,16.2,6.61,217.0,102.0,13.58,275.79,3.6,9,101400.0,9999999
03776,0,3210,15.2,6.39,73.0,61.0,13.58,274.73,2.1,9,101400.0,9999999
03776,0,3211,13.0,6.34,7.0,7.0,13.58,272.58,1.5,11,101500.0,9999999
03776,0,3212,10.9,6.48,0.0,0.0,13.58,269.25,0.0,0,101500.0,9999999
03776,0,3213,8.7,5.82,0.0,0.0,13.58,266.96,1.0,8,101500.0,9999999
03776,0,3214,8.1,6.12,0.0,0.0,13.58,266.5,0.0,0,101500.0,9999999
03776,0,3215,7.2,5.62,0.0,0.0,13.58,266.5,1.0,15,101500.0,9999999
03776,0,3216,4.8,4.93,0.0,0.0,13.58,263.9,0.0,0,101500.0,9999999
03776,0,3217,4.6,5.04,0.0,0.0,13.58,263.9,0.0,0,101500.0,9999999
03776,0,3218,6.6,5.58,0.0,0.0,13.58,269.25,2.1,3,101400.0,9999999
03776,0,3219,6.8,5.58,0.0,0.0,13.58,268.8,2.1,3,101400.0,9999999
03776,0,3220,6.9,5.62,10.0,10.0,13.58,266.27,2.6,3,101400.0,9999999
03776,0,3221,8.6,6.08,64.0,60.0,13.58,269.03,2.6,3,101400.0,9999999
03776,0,3222,10.7,6.08,122.0,120.0,13.58,270.15,3.1,3,101400.0,9999999
03776,0,3223,11.6,6.43,210.0,202.0,13.58,273.87,2.6,3,101400.0,9999999
03776,0,3224,13.1,7.14,292.0,283.0,13.58,276.21,2.6,3,101400.0,9999999
03776,0,3225,15.0,7.8,361.0,318.0,13.58,275.15,3.6,3,101400.0,9999999
03776,0,3226,16.4,7.65,409.0,394.0,13.58,276.41,5.7,2,101300.0,9999999
03776,0,3227,15.8,7.04,170.0,169.0,13.58,275.58,5.1,4,101300.0,9999999
03776,0,3228,15.1,6.75,169.0,169.0,13.58,275.58,5.1,4,101300.0,9999999
03776,0,3229,14.5,6.08,159.0,159.0,13.58,273.87,5.7,3,101200.0,9999999
03776,0,3230,13.9,6.94,139.0,139.0,13.58,275.79,7.7,3,101100.0,9999999
03776,0,3231,13.0,7.04,111.0,111.0,13.58,276.83,7.2,3,101100.0,9999999
03776,0,3232,12.6,7.04,78.0,78.0,13.58,279.09,5.7,3,101100.0,9999999
03776,0,3233,13.0,7.14,81.0,81.0,13.58,279.49,5.1,2,101100.0,9999999
03776,0,3234,12.6,7.14,38.0,38.0,13.58,279.09,6.2,2,101100.0,9999999
03776,0,3235,12.6,7.29,4.0,4.0,13.58,279.29,5.7,2,101100.0,9999999
03776,0,3236,12.3,7.29,0.0,0.0,13.58,278.89,4.6,1,101100.0,9999999
03776,0,3237,12.1,7.65,0.0,0.0,13.58,278.89,4.6,1,101000.0,9999999
03776,0,3238,11.9,7.75,0.0,0.0,13.58,278.68,4.1,2,101000.0,9999999
03776,0,3239,11.6,7.65,0.0,0.0,13.58,274.52,3.1,2,100900.0,9999999
03776,0,3240,11.4,7.65,0.0,0.0,13.58,278.27,3.6,1,100900.0,9999999
03776,0,3241,11.0,7.65,0.0,0.0,13.58,277.86,2.1,16,100900.0,9999999
03776,0,3242,11.0,7.65,0.0,0.0,13.58,273.44,2.1,16,100800.0,9999999
03776,0,3243,11.1,7.7,0.0,0.0,13.58,273.44,2.6,16,100800.0,9999999
03776,0,3244,11.0,7.75,2.0,2.0,13.58,272.14,2.6,16,100800.0,9999999
03776,0,3245,11.5,7.8,18.0,18.0,13.58,280.3,2.6,16,100700.0,9999999
03776,0,3246,12.2,8.02,123.0,119.0,13.58,275.79,3.1,1,100700.0,9999999
03776,0,3247,13.4,8.35,210.0,200.0,13.58,280.5,3.1,3,100800.0,9999999
03776,0,3248,14.2,8.64,293.0,279.0,13.58,281.29,3.1,2,100800.0,9999999
03776,0,3249,14.6,8.87,361.0,339.0,13.58,281.89,3.1,3,100800.0,9999999
03776,0,3250,16.0,9.54,408.0,374.0,13.58,283.45,3.1,4,100800.0,9999999
03776,0,3251,18.7,10.4,432.0,396.0,13.58,283.06,3.1,4,100700.0,9999999
03776,0,3252,20.4,10.4,431.0,394.0,13.58,282.28,4.6,2,100600.0,9999999
03776,0,3253,22.3,10.88,403.0,369.0,13.58,283.25,4.6,4,100600.0,9999999
03776,0,3254,23.2,10.74,675.0,305.0,13.58,286.31,4.6,4,100500.0,9999999
03776,0,3255,22.7,11.24,283.0,235.0,13.58,283.64,4.6,3,100400.0,9999999
03776,0,3256,22.2,9.36,200.0,191.0,13.58,282.67,4.1,4,100400.0,9999999
03776,0,3257,21.4,10.53,113.0,112.0,13.58,289.09,4.6,3,100300.0,9999999
03776,0,3258,20.1,11.39,39.0,39.0,13.58,282.28,3.1,3,100500.0,9999999
03776,0,3259,17.7,11.53,4.0,4.0,13.58,282.28,4.1,4,100400.0,9999999
03776,0,3260,17.0,10.74,0.0,0.0,13.58,279.09,3.6,4,100500.0,9999999
03776,0,3261,15.6,10.4,0.0,0.0,13.58,276.62,2.1,4,100500.0,9999999
03776,0,3262,14.9,10.13,0.0,0.0,13.58,277.45,1.5,3,100500.0,9999999
03776,0,3263,14.3,9.86,0.0,0.0,13.58,277.45,1.5,4,100500.0,9999999
03776,0,3264,14.1,9.8,0.0,0.0,13.58,274.94,0.0,0,100500.0,9999999
03776,0,3265,12.0,8.41,0.0,0.0,13.58,272.58,0.0,0,100500.0,9999999
03776,0,3266,13.0,9.36,0.0,0.0,13.58,282.48,0.0,0,100400.0,9999999
03776,0,3267,12.9,9.29,0.0,0.0,13.58,282.28,0.0,0,100400.0,9999999
03776,0,3268,12.9,9.29,2.0,2.0,13.58,282.28,0.0,0,100400.0,9999999
03776,0,3269,12.8,9.23,18.0,18.0,13.58,282.28,0.0,0,100400.0,9999999
03776,0,3270,12.9,9.29,48.0,48.0,13.58,282.28,1.0,1,100400.0,9999999
03776,0,3271,14.5,10.19,211.0,197.0,13.58,282.28,1.0,1,100500.0,9999999
03776,0,3272,17.7,11.17,559.0,259.0,13.58,277.66,2.6,1,100400.0,9999999
03776,0,3273,21.4,11.46,660.0,201.0,13.58,282.48,2.6,1,100400.0,9999999
03776,0,3274,23.0,11.39,685.0,300.0,13.58,286.31,3.6,3,100400.0,9999999
03776,0,3275,24.0,9.93,728.0,380.0,13.58,286.68,2.6,6,100300.0,9999999
03776,0,3276,24.8,10.6,611.0,367.0,13.58,286.5,3.1,7,100300.0,9999999
03776,0,3277,24.3,9.23,406.0,325.0,13.58,284.6,3.6,7,100300.0,9999999
03776,0,3278,24.3,9.36,356.0,334.0,13.58,284.6,3.6,7,100200.0,9999999
03776,0,3279,23.6,9.74,285.0,269.0,13.58,284.03,3.6,7,100200.0,9999999
03776,0,3280,22.8,10.13,202.0,192.0,13.58,283.45,3.1,6,100200.0,9999999
03776,0,3281,22.8,9.48,115.0,114.0,13.58,283.25,3.1,8,100200.0,9999999
03776,0,3282,21.2,10.53,41.0,41.0,13.58,282.08,2.1,7,100200.0,9999999
03776,0,3283,20.3,10.74,4.0,4.0,13.58,284.03,2.1,7,100200.0,9999999
03776,0,3284,19.2,10.74,0.0,0.0,13.58,282.87,1.0,8,100300.0,9999999
03776,0,3285,15.7,10.33,0.0,0.0,13.58,278.89,4.1,11,100300.0,9999999
03776,0,3286,15.9,10.33,0.0,0.0,13.58,279.09,1.0,8,100300.0,9999999
03776,0,3287,15.5,10.33,0.0,0.0,13.58,279.9,1.0,10,100300.0,9999999
03776,0,3288,15.4,10.13,0.0,0.0,13.58,279.09,1.0,7,100200.0,9999999
03776,0,3289,15.3,10.06,0.0,0.0,13.58,278.89,1.0,8,100200.0,9999999
03776,0,3290,15.2,9.86,0.0,0.0,13.58,282.87,2.6,8,100200.0,9999999
03776,0,3291,14.4,9.8,0.0,0.0,13.58,284.03,3.1,9,100200.0,9999999
03776,0,3292,14.2,9.8,2.0,2.0,13.58,283.84,2.6,9,100200.0,9999999
03776,0,3293,14.7,9.86,19.0,19.0,13.58,284.22,2.6,9,100300.0,9999999
03776,0,3294,14.7,9.67,49.0,49.0,13.58,284.22,3.1,9,100300.0,9999999
03776,0,3295,15.0,9.48,212.0,199.0,13.58,282.48,2.1,9,100300.0,9999999
03776,0,3296,14.5,9.17,115.0,115.0,13.58,283.84,2.1,9,100300.0,9999999
03776,0,3297,14.6,9.23,363.0,307.0,13.58,282.08,2.1,9,100400.0,9999999
03776,0,3298,15.2,9.05,161.0,160.0,13.58,284.41,2.1,8,100400.0,9999999
03776,0,3299,16.4,9.23,435.0,348.0,13.58,283.84,3.1,9,100400.0,9999999
03776,0,3300,17.8,9.36,434.0,397.0,13.58,282.48,3.1,11,100300.0,9999999
03776,0,3301,18.2,9.17,407.0,373.0,13.58,285.55,4.1,9,100300.0,9999999
03776,0,3302,17.5,9.05,357.0,335.0,13.58,284.79,3.1,8,100300.0,9999999
03776,0,3303,18.6,8.02,288.0,255.0,13.58,281.89,3.6,9,100300.0,9999999
03776,0,3304,18.3,8.64,389.0,259.0,13.58,280.7,3.1,10,100200.0,9999999
03776,0,3305,17.3,8.58,223.0,102.0,13.58,278.48,3.6,8,100200.0,9999999
03776,0,3306,15.6,8.52,81.0,61.0,13.58,276.0,3.1,10,100300.0,9999999
03776,0,3307,13.9,8.46,9.0,9.0,13.58,275.15,1.5,9,100300.0,9999999
03776,0,3308,13.3,8.18,0.0,0.0,13.58,274.52,2.1,8,100300.0,9999999
03776,0,3309,11.9,8.24,0.0,0.0,13.58,274.52,0.0,0,100300.0,9999999
03776,0,3310,11.3,8.24,0.0,0.0,13.58,280.3,1.5,8,100300.0,9999999
03776,0,3311,11.4,8.3,0.0,0.0,13.58,280.5,1.5,9,100300.0,9999999
03776,0,3312,11.3,8.02,0.0,0.0,13.58,280.3,1.0,8,100300.0,9999999
03776,0,3313,11.1,7.91,0.0,0.0,13.58,279.9,1.0,8,100200.0,9999999
03776,0,3314,11.3,8.02,0.0,0.0,13.58,280.3,1.0,8,100100.0,9999999
03776,0,3315,10.8,7.97,0.0,0.0,13.58,279.7,1.0,7,100100.0,9999999
03776,0,3316,10.7,7.91,3.0,3.0,13.58,279.7,1.0,5,100100.0,9999999
03776,0,3317,10.6,7.75,50.0,50.0,13.58,277.45,1.0,4,100100.0,9999999
03776,0,3318,11.3,7.91,50.0,50.0,13.58,280.1,2.1,3,100000.0,9999999
03776,0,3319,12.2,8.13,84.0,84.0,13.58,279.29,2.6,3,100000.0,9999999
03776,0,3320,14.6,8.87,296.0,253.0,13.58,281.89,2.6,3,100000.0,9999999
03776,0,3321,16.1,9.42,142.0,142.0,13.58,277.66,3.6,3,99900.0,9999999
03776,0,3322,17.3,9.29,161.0,160.0,13.58,280.1,2.6,8,99900.0,9999999
03776,0,3323,15.4,9.54,170.0,169.0,13.58,278.89,4.1,7,99900.0,9999999
03776,0,3324,15.6,9.99,170.0,168.0,13.58,283.25,3.1,6,99800.0,9999999
03776,0,3325,15.8,9.67,295.0,288.0,13.58,280.7,2.6,6,99800.0,9999999
03776,0,3326,16.5,9.67,358.0,334.0,13.58,281.49,4.1,8,99800.0,9999999
03776,0,3327,17.5,9.05,288.0,272.0,13.58,280.7,4.6,9,99800.0,9999999
03776,0,3328,17.0,8.81,205.0,195.0,13.58,280.1,4.1,9,99800.0,9999999
03776,0,3329,17.3,8.7,198.0,115.0,13.58,278.68,3.1,9,99800.0,9999999
03776,0,3330,16.3,8.13,84.0,70.0,13.58,276.41,1.5,9,99800.0,9999999
03776,0,3331,15.5,7.97,10.0,10.0,13.58,275.58,1.5,8,99800.0,9999999
03776,0,3332,14.0,8.18,0.0,0.0,13.58,275.15,1.0,8,99800.0,9999999
03776,0,3333,12.8,7.8,0.0,0.0,13.58,273.01,1.0,8,99900.0,9999999
03776,0,3334,12.0,7.8,0.0,0.0,13.58,275.58,1.0,9,99900.0,9999999
03776,0,3335,12.1,8.3,0.0,0.0,13.58,272.58,1.0,8,99900.0,9999999
03776,0,3336,11.9,8.07,0.0,0.0,13.58,273.23,1.0,8,99800.0,9999999
03776,0,3337,10.3,7.59,0.0,0.0,13.58,270.6,0.0,0,99800.0,9999999
03776,0,3338,9.3,7.19,0.0,0.0,13.58,269.48,1.0,14,99700.0,9999999
03776,0,3339,8.2,6.57,0.0,0.0,13.58,268.12,0.0,0,99700.0,9999999
03776,0,3340,7.1,6.16,13.0,13.0,13.58,267.66,0.0,0,99700.0,9999999
03776,0,3341,11.1,7.49,85.0,72.0,13.58,274.52,0.0,0,99700.0,9999999
03776,0,3342,11.9,8.13,128.0,124.0,13.58,278.89,1.0,8,99700.0,9999999
03776,0,3343,12.1,8.35,84.0,84.0,13.58,281.1,1.0,7,99700.0,9999999
03776,0,3344,12.1,8.18,116.0,116.0,13.58,281.1,2.6,7,99700.0,9999999
03776,0,3345,12.5,8.52,143.0,143.0,13.58,275.15,1.0,8,99600.0,9999999
03776,0,3346,13.1,8.41,162.0,161.0,13.58,280.3,1.0,4,99600.0,9999999
03776,0,3347,13.0,8.46,171.0,170.0,13.58,280.1,2.6,7,99600.0,9999999
03776,0,3348,12.8,8.35,171.0,169.0,13.58,277.25,2.1,8,99600.0,9999999
03776,0,3349,13.2,7.91,411.0,364.0,13.58,280.1,2.1,8,99500.0,9999999
03776,0,3350,13.6,7.7,361.0,318.0,13.58,277.04,1.5,8,99500.0,9999999
03776,0,3351,14.4,7.75,290.0,258.0,13.58,277.25,1.5,7,99400.0,9999999
03776,0,3352,14.8,8.13,207.0,200.0,13.58,278.27,2.6,8,99400.0,9999999
03776,0,3353,13.8,7.97,120.0,118.0,13.58,277.25,3.6,9,99500.0,9999999
03776,0,3354,12.8,7.91,44.0,44.0,13.58,277.04,3.1,8,99500.0,9999999
03776,0,3355,12.5,7.75,5.0,5.0,13.58,276.83,3.1,8,99500.0,9999999
03776,0,3356,12.1,7.97,0.0,0.0,13.58,276.41,2.6,8,99500.0,9999999
03776,0,3357,11.8,8.07,0.0,0.0,13.58,280.7,1.5,8,99500.0,9999999
03776,0,3358,11.7,8.13,0.0,0.0,13.58,280.7,1.0,8,99500.0,9999999
03776,0,3359,11.5,8.24,0.0,0.0,13.58,274.52,0.0,0,99500.0,9999999
03776,0,3360,11.3,8.24,0.0,0.0,13.58,274.3,1.0,4,99500.0,9999999
03776,0,3361,11.4,8.18,0.0,0.0,13.58,274.52,0.0,0,99500.0,9999999
03776,0,3362,11.1,8.13,0.0,0.0,13.58,278.07,1.0,15,99500.0,9999999
03776,0,3363,11.1,8.13,0.0,0.0,13.58,278.07,1.0,14,99600.0,9999999
03776,0,3364,11.3,8.24,3.0,3.0,13.58,278.27,2.1,15,99600.0,9999999
03776,0,3365,11.7,8.13,20.0,20.0,13.58,280.7,4.1,16,99700.0,9999999
03776,0,3366,11.5,7.8,51.0,51.0,13.58,280.3,4.1,16,99800.0,9999999
03776,0,3367,12.1,7.97,85.0,85.0,13.58,281.1,4.1,16,99900.0,9999999
03776,0,3368,11.7,7.59,117.0,117.0,13.58,280.5,4.1,16,99900.0,9999999
03776,0,3369,13.4,7.7,368.0,330.0,13.58,280.3,4.6,16,100000.0,9999999
03776,0,3370,14.2,7.65,416.0,401.0,13.58,280.9,4.1,15,100100.0,9999999
03776,0,3371,14.5,7.49,441.0,424.0,13.58,281.1,4.6,16,100100.0,9999999
03776,0,3372,13.6,7.49,439.0,423.0,13.58,280.3,5.1,15,100200.0,9999999
03776,0,3373,13.5,7.54,161.0,161.0,13.58,282.28,4.1,15,100300.0,9999999
03776,0,3374,12.9,6.99,142.0,142.0,13.58,281.29,4.1,16,100300.0,9999999
03776,0,3375,12.6,6.75,114.0,114.0,13.58,280.9,3.1,16,100300.0,9999999
03776,0,3376,12.5,6.8,82.0,82.0,13.58,280.9,3.1,16,100400.0,9999999
03776,0,3377,12.2,6.34,48.0,48.0,13.58,280.3,2.6,16,100400.0,9999999
03776,0,3378,11.9,6.25,18.0,18.0,13.58,279.9,3.6,16,100500.0,9999999
03776,0,3379,11.6,6.12,2.0,2.0,13.58,279.7,2.1,16,100600.0,9999999
03776,0,3380,11.3,5.87,0.0,0.0,13.58,279.09,2.1,16,100600.0,9999999
03776,0,3381,11.1,5.87,0.0,0.0,13.58,278.89,1.0,1,100700.0,9999999
03776,0,3382,10.8,5.91,0.0,0.0,13.58,278.68,1.0,1,100700.0,9999999
03776,0,3383,10.3,5.78,0.0,0.0,13.58,276.21,1.5,1,100700.0,9999999
03776,0,3384,10.0,5.74,0.0,0.0,13.58,271.92,2.1,2,100700.0,9999999
03776,0,3385,9.1,5.82,0.0,0.0,13.58,275.15,2.1,15,100700.0,9999999
03776,0,3386,8.9,5.42,0.0,0.0,13.58,270.82,2.1,16,100700.0,9999999
03776,0,3387,8.0,5.78,0.0,0.0,13.58,270.6,1.0,16,100700.0,9999999
03776,0,3388,8.5,5.74,8.0,8.0,13.58,271.92,1.0,16,100800.0,9999999
03776,0,3389,8.9,5.62,53.0,53.0,13.58,271.48,1.5,16,100800.0,9999999
03776,0,3390,9.6,5.54,132.0,130.0,13.58,275.36,2.1,16,100900.0,9999999
03776,0,3391,9.4,5.54,220.0,212.0,13.58,275.15,2.1,16,100900.0,9999999
03776,0,3392,9.8,5.34,303.0,293.0,13.58,271.04,2.6,16,101000.0,9999999
03776,0,3393,10.6,5.54,145.0,145.0,13.58,273.01,2.1,1,101000.0,9999999
03776,0,3394,12.1,5.66,420.0,370.0,13.58,273.87,2.1,16,101000.0,9999999
03776,0,3395,13.0,5.42,445.0,428.0,13.58,278.68,2.6,1,101000.0,9999999
03776,0,3396,13.0,5.82,443.0,426.0,13.58,278.89,1.5,1,101000.0,9999999
03776,0,3397,13.5,5.54,416.0,400.0,13.58,279.29,1.0,5,101000.0,9999999
03776,0,3398,13.4,5.62,365.0,321.0,13.58,279.09,1.0,4,101000.0,9999999
03776,0,3399,13.2,5.91,115.0,115.0,13.58,281.1,1.5,12,101000.0,9999999
03776,0,3400,13.3,6.16,82.0,82.0,13.58,281.29,1.0,11,101000.0,9999999
03776,0,3401,13.8,5.91,123.0,120.0,13.58,279.7,1.0,8,101000.0,9999999
03776,0,3402,13.3,5.74,18.0,18.0,13.58,281.1,1.5,16,101000.0,9999999
03776,0,3403,12.7,5.87,6.0,6.0,13.58,278.68,2.6,3,101000.0,9999999
03776,0,3404,12.2,6.04,0.0,0.0,13.58,278.27,2.1,4,101100.0,9999999
03776,0,3405,11.0,6.34,0.0,0.0,13.58,277.25,2.6,4,101100.0,9999999
03776,0,3406,10.7,6.39,0.0,0.0,13.58,276.83,1.5,4,101100.0,9999999
03776,0,3407,10.5,6.3,0.0,0.0,13.58,276.62,1.5,4,101100.0,9999999
03776,0,3408,10.4,6.43,0.0,0.0,13.58,278.68,1.0,4,101200.0,9999999
03776,0,3409,10.3,6.39,0.0,0.0,13.58,278.48,2.6,3,101200.0,9999999
03776,0,3410,9.6,6.34,0.0,0.0,13.58,277.86,3.6,2,101200.0,9999999
03776,0,3411,9.3,6.39,0.0,0.0,13.58,277.45,3.1,2,101200.0,9999999
03776,0,3412,9.3,6.3,3.0,3.0,13.58,277.45,2.6,2,101300.0,9999999
03776,0,3413,9.1,6.48,21.0,21.0,13.58,277.45,2.6,2,101300.0,9999999
03776,0,3414,9.5,6.21,52.0,52.0,13.58,277.66,4.1,2,101300.0,9999999
03776,0,3415,10.2,6.04,220.0,188.0,13.58,276.21,3.6,2,101400.0,9999999
03776,0,3416,10.6,5.82,303.0,294.0,13.58,276.62,3.6,2,101400.0,9999999
03776,0,3417,11.9,5.34,373.0,327.0,13.58,277.45,4.6,3,101500.0,9999999
03776,0,3418,12.8,5.3,421.0,405.0,13.58,278.27,4.6,2,101400.0,9999999
03776,0,3419,14.0,5.7,445.0,428.0,13.58,276.41,5.1,3,101400.0,9999999
03776,0,3420,13.3,5.54,444.0,427.0,13.58,279.09,4.6,4,101400.0,9999999
03776,0,3421,13.7,5.46,417.0,402.0,13.58,279.29,5.1,3,101400.0,9999999
03776,0,3422,13.9,5.27,367.0,322.0,13.58,279.49,3.1,3,101500.0,9999999
03776,0,3423,14.2,5.42,296.0,262.0,13.58,277.25,5.1,3,101500.0,9999999
03776,0,3424,12.7,5.04,213.0,205.0,13.58,278.07,5.1,3,101500.0,9999999
03776,0,3425,12.4,4.89,189.0,146.0,13.58,275.15,4.1,3,101500.0,9999999
03776,0,3426,11.4,4.72,86.0,68.0,13.58,272.58,5.1,3,101600.0,9999999
03776,0,3427,10.1,4.89,12.0,12.0,13.58,269.93,4.1,4,101700.0,9999999
03776,0,3428,9.2,5.0,0.0,0.0,13.58,268.12,3.1,3,101700.0,9999999
03776,0,3429,8.7,4.68,0.0,0.0,13.58,267.43,4.6,2,101800.0,9999999
03776,0,3430,8.2,4.09,0.0,0.0,13.58,266.5,4.6,1,101800.0,9999999
03776,0,3431,7.6,4.06,0.0,0.0,13.58,266.03,4.6,1,101800.0,9999999
03776,0,3432,6.8,4.28,0.0,0.0,13.58,266.27,4.6,1,101800.0,9999999
03776,0,3433,6.6,4.38,0.0,0.0,13.58,265.33,4.1,1,101900.0,9999999
03776,0,3434,6.3,4.35,0.0,0.0,13.58,266.96,3.6,2,101900.0,9999999
03776,0,3435,5.9,4.48,0.0,0.0,13.58,264.62,2.6,2,101900.0,9999999
03776,0,3436,6.2,4.51,16.0,16.0,13.58,265.8,2.6,1,101900.0,9999999
03776,0,3437,7.0,4.44,107.0,77.0,13.58,267.2,3.1,2,102000.0,9999999
03776,0,3438,8.5,4.68,259.0,123.0,13.58,268.8,4.6,2,102000.0,9999999
03776,0,3439,10.1,4.51,426.0,141.0,13.58,269.48,6.2,1,102000.0,9999999
03776,0,3440,11.2,4.65,513.0,246.0,13.58,272.36,6.7,3,102000.0,9999999
03776,0,3441,11.7,4.28,688.0,248.0,13.58,272.58,6.7,2,102100.0,9999999
03776,0,3442,12.5,4.15,811.0,203.0,13.58,272.8,6.2,3,102100.0,9999999
03776,0,3443,13.0,4.09,872.0,161.0,13.58,271.92,7.2,3,102100.0,9999999
03776,0,3444,13.8,4.09,856.0,161.0,13.58,274.09,6.7,4,102100.0,9999999
03776,0,3445,13.5,4.54,803.0,154.0,13.58,274.09,6.2,3,102100.0,9999999
03776,0,3446,13.7,4.75,717.0,128.0,13.58,273.23,7.2,3,102100.0,9999999
03776,0,3447,13.9,4.54,582.0,129.0,13.58,272.36,7.2,3,102100.0,9999999
03776,0,3448,13.4,4.68,418.0,135.0,13.58,271.92,6.7,3,102100.0,9999999
03776,0,3449,12.6,4.79,246.0,113.0,13.58,271.26,6.7,3,102200.0,9999999
03776,0,3450,11.6,4.72,96.0,74.0,13.58,270.15,7.7,3,102200.0,9999999
03776,0,3451,10.2,4.68,13.0,13.0,13.58,268.8,5.1,3,102200.0,9999999
03776,0,3452,9.3,4.75,0.0,0.0,13.58,268.12,4.6,2,102300.0,9999999
03776,0,3453,8.8,4.72,0.0,0.0,13.58,266.27,4.1,2,102300.0,9999999
03776,0,3454,8.0,4.93,0.0,0.0,13.58,265.8,2.6,1,102300.0,9999999
03776,0,3455,7.6,5.04,0.0,0.0,13.58,265.33,2.6,1,102300.0,9999999
03776,0,3456,7.0,5.0,0.0,0.0,13.58,264.85,2.1,1,102300.0,9999999
03776,0,3457,6.9,5.04,0.0,0.0,13.58,264.62,1.0,2,102300.0,9999999
03776,0,3458,5.9,4.93,0.0,0.0,13.58,263.66,2.1,1,102300.0,9999999
03776,0,3459,5.2,4.93,0.0,0.0,13.58,264.38,1.5,16,102300.0,9999999
03776,0,3460,4.7,4.82,17.0,17.0,13.58,262.45,1.5,16,102300.0,9999999
03776,0,3461,6.7,5.34,109.0,78.0,13.58,264.62,1.5,16,102300.0,9999999
03776,0,3462,9.7,5.7,263.0,122.0,13.58,267.66,2.1,1,102300.0,9999999
03776,0,3463,12.2,6.12,434.0,138.0,13.58,271.7,4.6,2,102300.0,9999999
03776,0,3464,13.2,5.91,593.0,136.0,13.58,273.44,5.1,2,102300.0,9999999
03776,0,3465,13.5,5.54,727.0,151.0,13.58,273.44,5.1,2,102300.0,9999999
03776,0,3466,14.7,5.34,822.0,138.0,13.58,274.52,5.7,2,102300.0,9999999
03776,0,3467,15.7,5.46,864.0,155.0,13.58,274.52,5.1,2,102200.0,9999999
03776,0,3468,16.4,5.42,853.0,169.0,13.58,275.15,5.1,2,102200.0,9999999
03776,0,3469,17.2,4.93,420.0,208.0,13.58,275.79,4.6,3,102100.0,9999999
03776,0,3470,17.3,5.19,369.0,324.0,13.58,276.0,5.1,4,102100.0,9999999
03776,0,3471,16.9,5.38,584.0,332.0,13.58,275.79,4.6,2,102100.0,9999999
03776,0,3472,16.7,5.82,420.0,136.0,13.58,274.52,4.6,3,102000.0,9999999
03776,0,3473,16.4,6.08,248.0,114.0,13.58,274.3,4.6,3,102000.0,9999999
03776,0,3474,14.9,5.99,97.0,75.0,13.58,272.8,4.1,4,102000.0,9999999
03776,0,3475,13.3,5.87,14.0,14.0,13.58,271.26,4.1,3,102100.0,9999999
03776,0,3476,11.7,5.66,0.0,0.0,13.58,269.7,3.1,3,102100.0,9999999
03776,0,3477,10.6,5.91,0.0,0.0,13.58,268.8,3.1,3,102100.0,9999999
03776,0,3478,9.8,6.34,0.0,0.0,13.58,268.12,3.1,2,102100.0,9999999
03776,0,3479,8.5,6.12,0.0,0.0,13.58,266.73,1.0,4,102100.0,9999999
03776,0,3480,6.4,5.87,0.0,0.0,13.58,264.62,0.0,0,102100.0,9999999
03776,0,3481,5.0,5.19,0.0,0.0,13.58,262.93,0.0,0,102100.0,9999999
03776,0,3482,5.4,5.34,0.0,0.0,13.58,263.42,1.0,15,102100.0,9999999
03776,0,3483,4.7,5.08,0.0,0.0,13.58,262.69,1.0,7,102000.0,9999999
03776,0,3484,3.7,4.82,16.0,16.0,13.58,262.69,1.0,9,102000.0,9999999
03776,0,3485,5.9,5.54,104.0,79.0,13.58,264.14,1.0,16,102000.0,9999999
03776,0,3486,9.3,6.48,259.0,127.0,13.58,267.89,1.0,16,102000.0,9999999
03776,0,3487,11.7,6.48,434.0,161.0,13.58,271.26,1.0,16,102000.0,9999999
03776,0,3488,14.3,7.14,593.0,139.0,13.58,274.09,2.1,14,102000.0,9999999
03776,0,3489,15.9,5.91,716.0,153.0,13.58,274.94,2.1,14,101900.0,9999999
03776,0,3490,17.4,5.46,810.0,161.0,13.58,274.94,2.6,14,101900.0,9999999
03776,0,3491,18.3,5.11,872.0,167.0,13.58,275.58,2.1,12,101800.0,9999999
03776,0,3492,20.2,4.79,875.0,139.0,13.58,278.48,3.1,16,101800.0,9999999
03776,0,3493,21.0,5.62,820.0,134.0,13.58,279.7,2.6,1,101700.0,9999999
03776,0,3494,21.6,6.25,720.0,130.0,13.58,280.7,3.1,15,101600.0,9999999
03776,0,3495,22.4,6.57,581.0,136.0,13.58,280.3,3.1,15,101600.0,9999999
03776,0,3496,22.2,7.04,420.0,122.0,13.58,280.3,3.6,15,101600.0,9999999
03776,0,3497,22.6,7.54,249.0,116.0,13.58,282.28,3.6,15,101600.0,9999999
03776,0,3498,21.3,8.07,99.0,76.0,13.58,282.28,3.1,14,101600.0,9999999
03776,0,3499,19.0,8.75,14.0,14.0,13.58,281.49,2.1,16,101600.0,9999999
03776,0,3500,19.0,8.3,0.0,0.0,13.58,279.09,2.1,16,101600.0,9999999
03776,0,3501,19.0,8.52,0.0,0.0,13.58,283.45,1.5,1,101600.0,9999999
03776,0,3502,18.6,8.64,0.0,0.0,13.58,285.74,3.1,1,101600.0,9999999
03776,0,3503,16.9,7.59,0.0,0.0,13.58,279.09,3.1,4,101700.0,9999999
03776,0,3504,14.9,6.94,0.0,0.0,13.58,281.29,5.1,2,101700.0,9999999
03776,0,3505,14.6,7.34,0.0,0.0,13.58,283.25,1.5,4,101700.0,9999999
03776,0,3506,14.4,7.34,0.0,0.0,13.58,281.1,2.6,2,101700.0,9999999
03776,0,3507,14.1,7.49,0.0,0.0,13.58,280.7,3.6,3,101700.0,9999999
03776,0,3508,13.2,7.39,17.0,17.0,13.58,275.36,3.1,1,101800.0,9999999
03776,0,3509,13.3,6.99,105.0,80.0,13.58,273.23,4.1,1,101800.0,9999999
03776,0,3510,13.0,6.94,228.0,152.0,13.58,276.0,5.7,2,101900.0,9999999
03776,0,3511,12.0,6.52,410.0,180.0,13.58,274.3,6.2,1,101900.0,9999999
03776,0,3512,13.6,6.66,585.0,174.0,13.58,275.36,5.1,1,101900.0,9999999
03776,0,3513,14.8,6.25,729.0,155.0,13.58,274.09,4.1,3,101900.0,9999999
03776,0,3514,16.2,6.61,821.0,145.0,13.58,275.79,4.6,1,101900.0,9999999
03776,0,3515,16.8,5.99,871.0,151.0,13.58,276.0,5.1,3,101900.0,9999999
03776,0,3516,18.1,6.08,868.0,150.0,13.58,277.25,5.7,2,101900.0,9999999
03776,0,3517,18.7,6.12,817.0,142.0,13.58,277.86,4.6,1,101800.0,9999999
03776,0,3518,19.0,5.87,720.0,133.0,13.58,278.07,5.7,3,101800.0,9999999
03776,0,3519,19.2,5.99,584.0,135.0,13.58,278.27,6.2,3,101800.0,9999999
03776,0,3520,18.2,6.48,421.0,140.0,13.58,277.45,5.1,4,101800.0,9999999
03776,0,3521,16.4,6.75,251.0,117.0,13.58,276.0,5.1,4,101800.0,9999999
03776,0,3522,14.5,6.3,101.0,77.0,13.58,272.58,6.2,3,101900.0,9999999
03776,0,3523,12.1,6.25,15.0,15.0,13.58,271.7,4.6,3,101900.0,9999999
03776,0,3524,11.0,6.21,0.0,0.0,13.58,270.6,3.6,3,102000.0,9999999
03776,0,3525,10.1,6.16,0.0,0.0,13.58,269.7,4.1,3,102000.0,9999999
03776,0,3526,9.3,6.08,0.0,0.0,13.58,268.8,3.1,3,102100.0,9999999
03776,0,3527,9.6,5.74,0.0,0.0,13.58,269.03,3.6,2,102100.0,9999999
03776,0,3528,8.9,5.54,0.0,0.0,13.58,269.03,4.1,2,102100.0,9999999
03776,0,3529,8.0,5.3,0.0,0.0,13.58,268.12,2.6,2,102200.0,9999999
03776,0,3530,7.8,5.23,0.0,0.0,13.58,267.89,3.1,1,102100.0,9999999
03776,0,3531,7.8,5.15,0.0,0.0,13.58,267.89,4.6,1,102200.0,9999999
03776,0,3532,8.3,5.15,18.0,18.0,13.58,268.34,5.7,1,102200.0,9999999
03776,0,3533,8.9,4.86,114.0,81.0,13.58,267.66,5.1,2,102200.0,9999999
03776,0,3534,9.9,4.93,268.0,124.0,13.58,269.7,6.2,2,102200.0,9999999
03776,0,3535,10.5,4.89,226.0,192.0,13.58,275.79,6.2,2,102300.0,9999999
03776,0,3536,10.8,4.86,309.0,299.0,13.58,276.21,6.7,2,102300.0,9999999
03776,0,3537,12.3,4.97,377.0,331.0,13.58,277.66,5.1,3,102300.0,9999999
03776,0,3538,12.3,4.97,426.0,410.0,13.58,277.66,5.7,3,102300.0,9999999
03776,0,3539,14.2,5.3,682.0,397.0,13.58,277.25,6.2,4,102300.0,9999999
03776,0,3540,13.9,5.27,804.0,315.0,13.58,275.36,6.2,2,102300.0,9999999
03776,0,3541,14.6,5.42,807.0,210.0,13.58,275.58,5.1,3,102200.0,9999999
03776,0,3542,15.2,5.42,723.0,132.0,13.58,274.09,5.7,3,102200.0,9999999
03776,0,3543,15.1,5.34,590.0,131.0,13.58,273.87,6.2,3,102200.0,9999999
03776,0,3544,14.8,5.19,428.0,119.0,13.58,272.36,5.1,3,102200.0,9999999
03776,0,3545,14.2,5.3,256.0,115.0,13.58,271.7,5.1,3,102200.0,9999999
03776,0,3546,13.1,5.46,104.0,78.0,13.58,270.82,4.6,3,102200.0,9999999
03776,0,3547,11.6,5.62,16.0,16.0,13.58,269.48,4.1,3,102200.0,9999999
03776,0,3548,10.1,5.78,0.0,0.0,13.58,268.12,3.6,3,102200.0,9999999
03776,0,3549,9.1,5.82,0.0,0.0,13.58,267.2,4.1,3,102300.0,9999999
03776,0,3550,8.1,5.82,0.0,0.0,13.58,266.27,4.1,3,102300.0,9999999
03776,0,3551,7.8,5.78,0.0,0.0,13.58,266.03,2.6,3,102300.0,9999999
03776,0,3552,7.4,5.82,0.0,0.0,13.58,265.56,2.6,3,102200.0,9999999
03776,0,3553,7.0,5.74,0.0,0.0,13.58,265.33,2.1,3,102200.0,9999999
03776,0,3554,6.9,5.7,0.0,0.0,13.58,265.09,2.6,2,102200.0,9999999
03776,0,3555,6.9,5.78,0.0,0.0,13.58,265.09,1.5,2,102200.0,9999999
03776,0,3556,6.8,5.82,19.0,19.0,13.58,266.27,1.5,3,102200.0,9999999
03776,0,3557,8.4,6.34,23.0,23.0,13.58,276.62,2.1,3,102200.0,9999999
03776,0,3558,10.5,7.09,138.0,128.0,13.58,277.04,1.0,4,102200.0,9999999
03776,0,3559,12.8,7.29,437.0,219.0,13.58,272.8,2.1,3,102200.0,9999999
03776,0,3560,15.2,7.44,597.0,141.0,13.58,275.15,2.6,2,102200.0,9999999
03776,0,3561,17.3,7.04,730.0,158.0,13.58,277.04,2.1,2,102200.0,9999999
03776,0,3562,18.3,6.66,824.0,146.0,13.58,277.66,2.6,2,102200.0,9999999
03776,0,3563,19.6,6.94,856.0,179.0,13.58,277.86,3.1,3,102100.0,9999999
03776,0,3564,20.8,6.66,870.0,154.0,13.58,278.68,3.6,3,102100.0,9999999
03776,0,3565,20.8,7.04,818.0,146.0,13.58,278.89,2.1,3,102100.0,9999999
03776,0,3566,21.2,6.94,721.0,138.0,13.58,279.29,3.1,3,102000.0,9999999
03776,0,3567,21.5,7.39,586.0,140.0,13.58,279.7,4.1,3,102000.0,9999999
03776,0,3568,21.5,6.9,427.0,123.0,13.58,279.49,3.6,4,102000.0,9999999
03776,0,3569,20.8,6.8,257.0,117.0,13.58,278.89,4.1,3,102000.0,9999999
03776,0,3570,19.0,5.78,106.0,79.0,13.58,276.62,3.6,4,102000.0,9999999
03776,0,3571,17.4,4.51,16.0,16.0,13.58,274.3,3.1,4,102000.0,9999999
03776,0,3572,16.0,4.68,0.0,0.0,13.58,273.01,2.1,3,102000.0,9999999
03776,0,3573,14.4,4.68,0.0,0.0,13.58,271.48,2.6,3,102100.0,9999999
03776,0,3574,13.2,4.89,0.0,0.0,13.58,270.6,3.6,3,102100.0,9999999
03776,0,3575,12.1,5.08,0.0,0.0,13.58,269.7,1.0,4,102100.0,9999999
03776,0,3576,11.3,5.19,0.0,0.0,13.58,269.03,1.5,2,102100.0,9999999
03776,0,3577,10.4,5.34,0.0,0.0,13.58,268.12,1.0,13,102100.0,9999999
03776,0,3578,9.0,5.19,0.0,0.0,13.58,266.73,0.0,0,102100.0,9999999
03776,0,3579,6.0,5.04,0.0,0.0,13.58,263.9,1.0,15,102100.0,9999999
03776,0,3580,9.4,4.89,19.0,19.0,13.58,266.96,1.0,3,102100.0,9999999
03776,0,3581,12.0,4.51,117.0,82.0,13.58,269.25,2.1,4,102100.0,9999999
03776,0,3582,14.0,4.58,273.0,124.0,13.58,271.04,3.1,3,102100.0,9999999
03776,0,3583,16.5,4.75,445.0,137.0,13.58,273.66,3.6,3,102200.0,9999999
03776,0,3584,18.7,5.11,605.0,132.0,13.58,276.0,3.1,3,102200.0,9999999
03776,0,3585,19.9,6.3,736.0,152.0,13.58,277.66,3.6,4,102200.0,9999999
03776,0,3586,20.6,6.08,831.0,138.0,13.58,278.27,4.1,4,102100.0,9999999
03776,0,3587,21.8,7.09,876.0,151.0,13.58,279.9,5.1,3,102100.0,9999999
03776,0,3588,22.1,7.44,873.0,152.0,13.58,280.3,4.6,4,102100.0,9999999
03776,0,3589,22.4,8.02,820.0,145.0,13.58,280.9,5.1,4,102000.0,9999999
03776,0,3590,23.0,8.35,723.0,133.0,13.58,281.69,5.1,3,102000.0,9999999
03776,0,3591,22.6,8.41,588.0,126.0,13.58,281.29,5.1,3,102000.0,9999999
03776,0,3592,21.6,6.94,429.0,123.0,13.58,279.7,6.7,3,101900.0,9999999
03776,0,3593,20.1,7.04,259.0,118.0,13.58,278.27,5.7,3,101900.0,9999999
03776,0,3594,18.9,6.04,107.0,81.0,13.58,276.62,4.6,3,101900.0,9999999
03776,0,3595,17.1,5.62,17.0,17.0,13.58,274.73,4.6,3,101900.0,9999999
03776,0,3596,15.2,5.11,0.0,0.0,13.58,272.58,3.6,3,101900.0,9999999
03776,0,3597,12.9,6.8,0.0,0.0,13.58,271.26,3.6,3,102000.0,9999999
03776,0,3598,12.2,6.94,0.0,0.0,13.58,270.82,3.1,3,101900.0,9999999
03776,0,3599,11.5,7.09,0.0,0.0,13.58,270.15,2.6,3,101900.0,9999999
03776,0,3600,11.2,7.04,0.0,0.0,13.58,269.93,2.6,3,101900.0,9999999
03776,0,3601,8.6,6.57,0.0,0.0,13.58,267.2,1.0,1,101900.0,9999999
03776,0,3602,9.0,6.43,0.0,0.0,13.58,267.43,1.0,16,101900.0,9999999
03776,0,3603,9.0,6.52,0.0,0.0,13.58,267.43,1.0,16,101900.0,9999999
03776,0,3604,9.1,6.3,20.0,20.0,13.58,267.43,1.0,2,101800.0,9999999
03776,0,3605,11.7,6.21,117.0,83.0,13.58,269.93,2.9,2,101800.0,9999999
03776,0,3606,14.3,6.08,270.0,127.0,13.58,272.36,4.8,2,101800.0,9999999
03776,0,3607,16.9,5.95,435.0,146.0,13.58,274.73,6.7,3,101800.0,9999999
03776,0,3608,18.5,5.46,593.0,150.0,13.58,276.0,6.2,3,101800.0,9999999
03776,0,3609,19.8,5.38,736.0,153.0,13.58,277.04,6.2,3,101700.0,9999999
03776,0,3610,21.2,5.3,834.0,135.0,13.58,278.48,6.2,4,101700.0,9999999
03776,0,3611,21.2,4.75,884.0,141.0,13.58,278.07,7.7,3,101700.0,9999999
03776,0,3612,20.8,3.62,762.0,312.0,13.58,278.07,7.7,3,101700.0,9999999
03776,0,3613,20.8,3.4,818.0,268.0,13.58,277.86,8.7,3,101700.0,9999999
03776,0,3614,20.1,3.65,734.0,119.0,13.58,277.45,8.2,3,101700.0,9999999
03776,0,3615,19.9,4.18,599.0,128.0,13.58,276.41,9.8,3,101600.0,9999999
03776,0,3616,18.7,4.48,435.0,136.0,13.58,275.58,8.7,2,101600.0,9999999
03776,0,3617,17.9,4.54,263.0,117.0,13.58,274.73,8.7,3,101600.0,9999999
03776,0,3618,16.6,4.61,110.0,82.0,13.58,273.66,9.3,3,101600.0,9999999
03776,0,3619,15.8,4.82,17.0,17.0,13.58,273.01,8.7,3,101600.0,9999999
03776,0,3620,14.9,5.11,0.0,0.0,13.58,272.36,7.2,2,101600.0,9999999
03776,0,3621,14.2,5.46,0.0,0.0,13.58,271.92,7.2,2,101600.0,9999999
03776,0,3622,13.4,5.87,0.0,0.0,13.58,271.26,6.7,2,101600.0,9999999
03776,0,3623,12.7,6.25,0.0,0.0,13.58,270.82,5.1,2,101500.0,9999999
03776,0,3624,12.0,6.52,0.0,0.0,15.67,278.27,2.1,14,101400.0,9999999
03776,0,3625,11.4,6.71,0.0,0.0,15.67,272.14,1.5,14,101400.0,9999999
03776,0,3626,10.8,6.8,0.0,0.0,15.67,273.23,1.5,14,101300.0,9999999
03776,0,3627,10.4,6.8,0.0,0.0,15.67,272.8,1.0,13,101300.0,9999999
03776,0,3628,10.0,6.9,20.0,20.0,15.67,270.82,0.0,0,101200.0,9999999
03776,0,3629,9.8,7.04,115.0,84.0,15.67,269.7,1.5,13,101200.0,9999999
03776,0,3630,11.9,6.94,255.0,138.0,15.67,271.7,2.6,15,101200.0,9999999
03776,0,3631,13.8,6.99,226.0,193.0,15.67,273.66,1.5,14,101200.0,9999999
03776,0,3632,14.5,6.52,519.0,277.0,15.67,274.94,3.1,14,101200.0,9999999
03776,0,3633,15.1,6.43,377.0,338.0,15.67,281.29,3.6,15,101200.0,9999999
03776,0,3634,15.3,6.21,426.0,410.0,15.67,281.29,2.6,13,101200.0,9999999
03776,0,3635,16.2,6.3,450.0,434.0,15.67,282.28,1.0,12,101100.0,9999999
03776,0,3636,15.7,6.08,450.0,433.0,15.67,281.69,2.6,12,101100.0,9999999
03776,0,3637,16.5,6.25,423.0,408.0,15.67,282.48,2.1,12,101100.0,9999999
03776,0,3638,16.1,6.43,373.0,329.0,15.67,282.28,2.1,12,101100.0,9999999
03776,0,3639,16.8,6.12,305.0,270.0,15.67,279.29,1.0,8,101000.0,9999999
03776,0,3640,17.4,6.57,372.0,225.0,15.67,277.66,1.5,12,101000.0,9999999
03776,0,3641,16.7,6.34,256.0,118.0,15.67,278.27,2.1,11,101000.0,9999999
03776,0,3642,15.7,6.9,56.0,56.0,15.67,282.08,1.0,10,101000.0,9999999
03776,0,3643,14.6,6.8,9.0,9.0,15.67,280.9,1.0,10,101000.0,9999999
03776,0,3644,13.6,6.94,0.0,0.0,15.67,280.1,1.0,11,101100.0,9999999
03776,0,3645,13.4,6.94,0.0,0.0,15.67,279.9,1.0,13,101100.0,9999999
03776,0,3646,12.1,7.29,0.0,0.0,15.67,278.68,0.0,0,101100.0,9999999
03776,0,3647,11.4,7.24,0.0,0.0,15.67,278.07,0.0,0,101000.0,9999999
03776,0,3648,11.4,7.24,0.0,0.0,15.67,278.07,0.0,0,101000.0,9999999
03776,0,3649,11.3,7.19,0.0,0.0,15.67,277.86,1.0,12,101000.0,9999999
03776,0,3650,11.1,7.19,0.0,0.0,15.67,273.23,2.1,14,101000.0,9999999
03776,0,3651,10.2,7.04,0.0,0.0,15.67,272.8,0.0,0,101000.0,9999999
03776,0,3652,10.4,6.94,10.0,10.0,15.67,276.83,1.0,15,101000.0,9999999
03776,0,3653,11.4,7.04,61.0,61.0,15.67,277.86,0.0,0,101000.0,9999999
03776,0,3654,13.3,6.8,140.0,138.0,15.67,279.7,1.0,14,101000.0,9999999
03776,0,3655,13.8,7.09,227.0,219.0,15.67,276.41,1.0,15,101000.0,9999999
03776,0,3656,15.7,7.09,309.0,299.0,15.67,276.41,1.5,10,101000.0,9999999
03776,0,3657,15.1,6.52,534.0,331.0,15.67,276.83,2.6,14,101000.0,9999999
03776,0,3658,16.5,6.57,602.0,456.0,15.67,276.83,1.0,13,101000.0,9999999
03776,0,3659,16.2,6.43,637.0,423.0,15.67,279.7,3.1,14,101000.0,9999999
03776,0,3660,16.6,6.25,756.0,317.0,15.67,279.29,1.5,14,100900.0,9999999
03776,0,3661,16.7,6.75,599.0,376.0,15.67,280.3,1.0,15,100900.0,9999999
03776,0,3662,17.2,6.43,460.0,361.0,15.67,280.7,1.5,10,100900.0,9999999
03776,0,3663,16.1,6.57,305.0,292.0,15.67,282.28,2.1,11,100900.0,9999999
03776,0,3664,16.9,6.94,222.0,214.0,15.67,283.25,2.1,9,100800.0,9999999
03776,0,3665,16.6,6.94,135.0,133.0,15.67,283.06,2.1,9,100800.0,9999999
03776,0,3666,15.9,7.34,57.0,57.0,15.67,279.9,1.0,9,100800.0,9999999
03776,0,3667,13.9,6.9,16.0,16.0,15.67,274.52,2.6,10,100900.0,9999999
03776,0,3668,11.8,7.04,0.0,0.0,15.67,273.87,1.5,10,100900.0,9999999
03776,0,3669,13.2,7.59,0.0,0.0,15.67,279.9,1.5,9,100900.0,9999999
03776,0,3670,13.0,7.29,0.0,0.0,15.67,279.7,1.5,9,100900.0,9999999
03776,0,3671,12.9,6.99,0.0,0.0,15.67,279.29,1.5,9,100900.0,9999999
03776,0,3672,12.6,6.94,0.0,0.0,15.67,275.15,1.0,9,100800.0,9999999
03776,0,3673,12.3,6.99,0.0,0.0,15.67,276.21,1.0,8,100800.0,9999999
03776,0,3674,11.8,7.14,0.0,0.0,15.67,275.79,1.5,10,100800.0,9999999
03776,0,3675,11.6,7.24,0.0,0.0,15.67,274.94,1.5,9,100700.0,9999999
03776,0,3676,12.1,7.19,11.0,11.0,15.67,274.73,1.0,8,100700.0,9999999
03776,0,3677,12.5,6.99,61.0,61.0,15.67,279.09,1.0,9,100700.0,9999999
03776,0,3678,13.3,7.75,140.0,138.0,15.67,277.45,2.6,9,100700.0,9999999
03776,0,3679,14.1,7.14,227.0,219.0,15.67,276.0,3.1,9,100700.0,9999999
03776,0,3680,12.4,8.07,120.0,120.0,15.67,281.29,2.1,9,100700.0,9999999
03776,0,3681,12.7,8.64,147.0,147.0,15.67,281.89,3.1,9,100700.0,9999999
03776,0,3682,13.3,8.99,165.0,164.0,15.67,282.67,2.6,9,100600.0,9999999
03776,0,3683,13.8,9.17,175.0,173.0,15.67,283.25,3.6,8,100600.0,9999999
03776,0,3684,14.4,9.42,174.0,173.0,15.67,283.84,3.1,9,100600.0,9999999
03776,0,3685,14.2,9.36,164.0,163.0,15.67,278.27,2.1,10,100600.0,9999999
03776,0,3686,14.6,9.36,145.0,145.0,15.67,278.68,3.6,10,100500.0,9999999
03776,0,3687,13.4,9.11,119.0,119.0,15.67,276.83,3.1,10,100600.0,9999999
03776,0,3688,13.4,8.58,222.0,207.0,15.67,276.0,3.1,10,100500.0,9999999
03776,0,3689,13.7,8.93,135.0,132.0,15.67,278.48,2.6,10,100600.0,9999999
03776,0,3690,12.4,8.18,58.0,58.0,15.67,276.83,2.1,10,100500.0,9999999
03776,0,3691,12.5,8.64,10.0,10.0,15.67,273.01,1.5,8,100500.0,9999999
03776,0,3692,12.4,8.64,0.0,0.0,15.67,275.15,1.5,9,100600.0,9999999
03776,0,3693,12.5,8.52,0.0,0.0,15.67,277.04,1.5,9,100600.0,9999999
03776,0,3694,12.0,8.3,0.0,0.0,15.67,281.1,3.1,10,100600.0,9999999
03776,0,3695,11.8,8.52,0.0,0.0,15.67,280.9,1.5,9,100600.0,9999999
03776,0,3696,11.8,8.52,0.0,0.0,15.67,278.89,1.0,9,100500.0,9999999
03776,0,3697,11.9,8.46,0.0,0.0,15.67,279.09,1.5,9,100500.0,9999999
03776,0,3698,12.2,8.64,0.0,0.0,15.67,279.49,2.1,9,100500.0,9999999
03776,0,3699,12.4,8.64,0.0,0.0,15.67,279.7,1.5,9,100500.0,9999999
03776,0,3700,12.4,8.64,11.0,11.0,15.67,277.04,2.1,9,100500.0,9999999
03776,0,3701,12.8,8.7,61.0,61.0,15.67,276.62,1.5,10,100500.0,9999999
03776,0,3702,14.1,9.17,198.0,156.0,15.67,277.45,1.5,10,100500.0,9999999
03776,0,3703,15.1,9.11,320.0,237.0,15.67,278.48,3.1,10,100500.0,9999999
03776,0,3704,13.2,8.81,308.0,288.0,15.67,277.86,4.1,11,100500.0,9999999
03776,0,3705,14.6,8.99,376.0,353.0,15.67,281.89,3.1,12,100600.0,9999999
03776,0,3706,13.1,8.46,424.0,388.0,15.67,280.3,5.1,14,100600.0,9999999
03776,0,3707,14.7,8.52,449.0,411.0,15.67,279.29,4.6,15,100700.0,9999999
03776,0,3708,12.2,7.8,449.0,433.0,15.67,279.09,6.2,13,100700.0,9999999
03776,0,3709,14.0,8.3,423.0,387.0,15.67,277.66,4.1,14,100800.0,9999999
03776,0,3710,14.8,7.09,375.0,331.0,15.67,281.29,5.1,13,100800.0,9999999
03776,0,3711,14.6,6.8,306.0,272.0,15.67,280.9,4.6,14,100800.0,9999999
03776,0,3712,14.9,6.71,224.0,216.0,15.67,281.29,5.1,13,100900.0,9999999
03776,0,3713,14.3,6.85,137.0,134.0,15.67,280.7,6.2,13,100900.0,9999999
03776,0,3714,13.6,6.43,59.0,59.0,15.67,279.7,5.1,13,101000.0,9999999
03776,0,3715,13.0,6.52,10.0,10.0,15.67,279.29,3.6,13,101000.0,9999999
03776,0,3716,13.2,5.78,0.0,0.0,15.67,279.09,5.1,14,101100.0,9999999
03776,0,3717,12.5,5.99,0.0,0.0,15.67,278.48,5.1,14,101100.0,9999999
03776,0,3718,11.2,5.99,0.0,0.0,15.67,273.87,3.1,14,101200.0,9999999
03776,0,3719,11.0,6.12,0.0,0.0,15.67,277.04,2.1,13,101200.0,9999999
03776,0,3720,10.7,6.04,0.0,0.0,15.67,276.83,3.6,14,101200.0,9999999
03776,0,3721,10.7,6.25,0.0,0.0,15.67,276.83,3.1,14,101200.0,9999999
03776,0,3722,10.6,6.3,0.0,0.0,15.67,276.83,3.1,14,101200.0,9999999
03776,0,3723,10.7,6.66,0.0,0.0,15.67,279.09,3.1,13,101300.0,9999999
03776,0,3724,10.7,6.99,4.0,4.0,15.67,279.09,3.1,13,101300.0,9999999
03776,0,3725,10.7,7.29,24.0,24.0,15.67,279.29,3.1,15,101400.0,9999999
03776,0,3726,11.7,7.19,141.0,130.0,15.67,278.27,4.6,15,101400.0,9999999
03776,0,3727,12.1,7.19,228.0,220.0,15.67,278.68,4.6,15,101500.0,9999999
03776,0,3728,12.9,7.34,310.0,300.0,15.67,279.49,4.1,15,101500.0,9999999
03776,0,3729,13.7,7.09,378.0,333.0,15.67,280.3,3.1,15,101600.0,9999999
03776,0,3730,14.9,7.09,426.0,411.0,15.67,278.89,3.1,15,101600.0,9999999
03776,0,3731,16.1,6.94,451.0,435.0,15.67,279.09,4.1,14,101600.0,9999999
03776,0,3732,17.5,7.09,450.0,434.0,15.67,279.29,4.1,16,101600.0,9999999
03776,0,3733,16.6,6.9,425.0,409.0,15.67,277.25,3.1,14,101600.0,9999999
03776,0,3734,17.8,7.04,376.0,331.0,15.67,278.27,2.1,14,101600.0,9999999
03776,0,3735,17.3,6.99,307.0,272.0,15.67,277.86,2.6,16,101600.0,9999999
03776,0,3736,17.6,6.66,225.0,217.0,15.67,279.29,3.6,13,101600.0,9999999
03776,0,3737,17.2,6.9,263.0,148.0,15.67,276.83,3.6,14,101600.0,9999999
03776,0,3738,16.9,7.24,114.0,86.0,15.67,277.66,2.6,14,101600.0,9999999
03776,0,3739,14.9,7.14,19.0,19.0,15.67,275.58,2.1,14,101600.0,9999999
03776,0,3740,14.5,7.14,0.0,0.0,15.67,275.36,1.5,14,101700.0,9999999
03776,0,3741,13.3,7.14,0.0,0.0,15.67,273.23,1.0,13,101700.0,9999999
03776,0,3742,13.4,6.9,0.0,0.0,15.67,279.9,1.0,14,101700.0,9999999
03776,0,3743,12.7,6.99,0.0,0.0,15.67,276.62,1.0,13,101700.0,9999999
03776,0,3744,12.2,7.04,0.0,0.0,15.67,278.68,1.0,14,101700.0,9999999
03776,0,3745,11.8,6.71,0.0,0.0,15.67,280.1,1.0,14,101700.0,9999999
03776,0,3746,11.4,6.43,0.0,0.0,15.67,271.92,1.0,13,101700.0,9999999
03776,0,3747,11.1,6.43,0.0,0.0,15.67,270.82,3.1,15,101700.0,9999999
03776,0,3748,11.3,6.61,11.0,11.0,15.67,277.66,1.5,14,101700.0,9999999
03776,0,3749,11.5,6.39,63.0,63.0,15.67,277.66,2.1,12,101700.0,9999999
03776,0,3750,12.4,6.71,142.0,140.0,15.67,273.01,1.0,12,101700.0,9999999
03776,0,3751,13.6,6.99,228.0,220.0,15.67,280.1,1.5,13,101700.0,9999999
03776,0,3752,15.0,7.14,310.0,301.0,15.67,274.73,2.1,14,101700.0,9999999
03776,0,3753,15.6,7.14,378.0,334.0,15.67,278.07,1.5,13,101700.0,9999999
03776,0,3754,16.4,7.09,167.0,166.0,15.67,278.89,2.6,12,101700.0,9999999
03776,0,3755,16.7,7.49,176.0,176.0,15.67,283.25,4.6,12,101700.0,9999999
03776,0,3756,16.3,6.94,176.0,176.0,15.67,284.6,5.7,12,101600.0,9999999
03776,0,3757,16.1,7.49,166.0,166.0,15.67,284.79,3.6,12,101600.0,9999999
03776,0,3758,16.6,7.54,376.0,338.0,15.67,283.25,4.1,12,101600.0,9999999
03776,0,3759,17.1,8.13,307.0,272.0,15.67,281.29,4.6,13,101500.0,9999999
03776,0,3760,16.5,8.13,225.0,217.0,15.67,283.45,3.1,12,101500.0,9999999
03776,0,3761,16.3,8.41,138.0,135.0,15.67,283.25,3.1,11,101500.0,9999999
03776,0,3762,16.2,8.3,60.0,60.0,15.67,280.5,3.6,12,101500.0,9999999
03776,0,3763,15.3,8.75,10.0,10.0,15.67,282.48,2.1,11,101400.0,9999999
03776,0,3764,15.1,8.75,0.0,0.0,15.67,282.28,1.0,9,101400.0,9999999
03776,0,3765,14.4,8.99,0.0,0.0,15.67,281.69,1.0,9,101400.0,9999999
03776,0,3766,14.4,8.99,0.0,0.0,15.67,281.69,1.5,10,101300.0,9999999
03776,0,3767,14.6,8.99,0.0,0.0,15.67,281.89,2.1,10,101300.0,9999999
03776,0,3768,14.2,9.11,0.0,0.0,15.67,278.89,2.6,11,101200.0,9999999
03776,0,3769,14.1,9.17,0.0,0.0,15.67,281.49,3.6,11,101200.0,9999999
03776,0,3770,13.4,9.05,0.0,0.0,15.67,280.7,2.6,10,101100.0,9999999
03776,0,3771,13.5,9.11,0.0,0.0,15.67,278.27,2.6,10,101100.0,9999999
03776,0,3772,13.9,9.11,11.0,11.0,15.67,281.29,4.1,11,101000.0,9999999
03776,0,3773,14.3,9.36,24.0,24.0,15.67,281.69,3.1,11,101000.0,9999999
03776,0,3774,14.8,9.36,55.0,55.0,15.67,284.22,3.6,12,101000.0,9999999
03776,0,3775,14.9,9.11,89.0,89.0,15.67,284.22,4.6,13,101000.0,9999999
03776,0,3776,14.0,9.11,121.0,121.0,15.67,278.68,5.7,14,101000.0,9999999
03776,0,3777,14.9,8.64,377.0,320.0,15.67,279.49,4.6,13,101000.0,9999999
03776,0,3778,15.2,7.7,426.0,411.0,15.67,281.89,5.7,14,101000.0,9999999
03776,0,3779,15.7,7.75,451.0,434.0,15.67,282.48,4.6,14,101000.0,9999999
03776,0,3780,15.9,7.91,450.0,434.0,15.67,282.67,4.1,13,101000.0,9999999
03776,0,3781,16.6,7.09,426.0,410.0,15.67,280.5,4.6,14,100900.0,9999999
03776,0,3782,17.5,6.52,634.0,315.0,15.67,277.86,4.1,14,100900.0,9999999
03776,0,3783,19.1,6.04,592.0,193.0,15.67,279.09,4.1,13,100900.0,9999999
03776,0,3784,16.9,6.48,416.0,177.0,15.67,278.48,5.1,2,100900.0,9999999
03776,0,3785,16.1,6.66,256.0,135.0,15.67,278.27,3.1,2,101000.0,9999999
03776,0,3786,15.4,6.39,102.0,86.0,15.67,278.07,2.6,3,101000.0,9999999
03776,0,3787,14.7,5.99,15.0,15.0,15.67,278.07,3.6,2,101000.0,9999999
03776,0,3788,13.4,6.34,0.0,0.0,15.67,277.04,1.5,5,101100.0,9999999
03776,0,3789,13.3,6.08,0.0,0.0,15.67,276.62,0.0,0,101100.0,9999999
03776,0,3790,11.9,7.54,0.0,0.0,15.67,276.0,1.0,9,101100.0,9999999
03776,0,3791,11.6,6.43,0.0,0.0,15.67,275.36,3.1,14,101100.0,9999999
03776,0,3792,10.4,5.74,0.0,0.0,15.67,271.92,3.6,14,101100.0,9999999
03776,0,3793,8.6,5.66,0.0,0.0,15.67,267.89,3.6,13,101000.0,9999999
03776,0,3794,8.1,5.54,0.0,0.0,15.67,267.43,3.6,14,101000.0,9999999
03776,0,3795,7.1,5.5,0.0,0.0,15.67,266.5,1.0,13,101100.0,9999999
03776,0,3796,6.1,5.46,22.0,22.0,15.67,265.56,0.0,0,101100.0,9999999
03776,0,3797,8.8,5.87,124.0,87.0,15.67,268.34,3.1,14,101100.0,9999999
03776,0,3798,10.4,6.04,278.0,130.0,15.67,269.93,4.6,15,101100.0,9999999
03776,0,3799,11.4,5.91,448.0,145.0,15.67,270.82,6.2,15,101200.0,9999999
03776,0,3800,12.3,5.87,607.0,142.0,15.67,272.58,5.1,15,101100.0,9999999
03776,0,3801,13.1,5.04,742.0,156.0,15.67,272.8,5.1,15,101100.0,9999999
03776,0,3802,14.0,4.18,839.0,140.0,15.67,273.01,5.1,15,101100.0,9999999
03776,0,3803,13.9,4.75,871.0,174.0,15.67,274.52,5.1,14,101100.0,9999999
03776,0,3804,14.7,4.44,766.0,319.0,15.67,276.21,5.7,14,101100.0,9999999
03776,0,3805,15.1,4.54,430.0,380.0,15.67,277.45,4.6,15,101100.0,9999999
03776,0,3806,16.1,5.19,380.0,334.0,15.67,278.07,4.1,15,101100.0,9999999
03776,0,3807,14.9,4.72,312.0,276.0,15.67,276.0,5.1,15,101100.0,9999999
03776,0,3808,14.4,5.62,228.0,220.0,15.67,277.45,3.6,15,101100.0,9999999
03776,0,3809,13.9,5.15,141.0,138.0,15.67,274.73,3.6,14,101100.0,9999999
03776,0,3810,13.6,5.5,114.0,83.0,15.67,272.58,2.1,14,101100.0,9999999
03776,0,3811,13.3,5.23,18.0,18.0,15.67,274.3,2.6,15,101200.0,9999999
03776,0,3812,10.0,5.78,0.0,0.0,15.67,270.37,1.5,12,101200.0,9999999
03776,0,3813,8.6,5.38,0.0,0.0,15.67,268.8,1.0,13,101200.0,9999999
03776,0,3814,9.1,5.27,0.0,0.0,15.67,269.03,1.5,13,101300.0,9999999
03776,0,3815,7.8,5.23,0.0,0.0,15.67,266.96,0.5,12,101300.0,9999999
03776,0,3816,8.1,5.38,0.0,0.0,15.67,267.43,1.0,12,101300.0,9999999
03776,0,3817,8.2,5.54,0.0,0.0,15.67,267.43,1.0,13,101200.0,9999999
03776,0,3818,6.7,5.3,0.0,0.0,15.67,266.73,2.1,12,101200.0,9999999
03776,0,3819,6.2,5.34,0.0,0.0,15.67,266.5,1.5,10,101200.0,9999999
03776,0,3820,6.8,5.58,16.0,16.0,15.67,266.27,1.0,12,101200.0,9999999
03776,0,3821,8.7,5.78,64.0,64.0,15.67,268.12,2.6,12,101200.0,9999999
03776,0,3822,10.0,6.12,56.0,56.0,15.67,269.48,3.6,13,101200.0,9999999
03776,0,3823,10.6,6.12,90.0,90.0,15.67,270.15,4.1,14,101200.0,9999999
03776,0,3824,11.2,6.52,122.0,122.0,15.67,273.01,4.1,14,101200.0,9999999
03776,0,3825,12.5,6.34,380.0,341.0,15.67,275.36,5.1,14,101200.0,9999999
03776,0,3826,12.5,6.08,429.0,413.0,15.67,278.48,5.7,14,101200.0,9999999
03776,0,3827,13.1,6.16,454.0,437.0,15.67,279.09,4.1,13,101200.0,9999999
03776,0,3828,14.1,6.21,453.0,437.0,15.67,280.1,4.6,14,101200.0,9999999
03776,0,3829,16.0,6.3,428.0,412.0,15.67,279.49,2.6,14,101200.0,9999999
03776,0,3830,16.0,5.78,537.0,332.0,15.67,277.66,3.1,14,101100.0,9999999
03776,0,3831,16.7,5.58,311.0,281.0,15.67,282.28,2.1,12,101100.0,9999999
03776,0,3832,15.9,6.25,228.0,220.0,15.67,281.89,1.0,16,101100.0,9999999
03776,0,3833,15.6,5.99,141.0,139.0,15.67,281.49,2.1,15,101100.0,9999999
03776,0,3834,14.9,5.78,24.0,24.0,15.67,282.67,2.1,15,101100.0,9999999
03776,0,3835,13.4,5.7,11.0,11.0,15.67,279.09,3.6,2,101100.0,9999999
03776,0,3836,13.0,5.91,0.0,0.0,15.67,278.89,1.5,1,101200.0,9999999
03776,0,3837,10.8,6.21,0.0,0.0,15.67,272.58,1.0,12,101200.0,9999999
03776,0,3838,8.3,6.04,0.0,0.0,15.67,267.89,0.5,12,101100.0,9999999
03776,0,3839,7.6,5.99,0.0,0.0,15.67,270.37,0.5,11,101100.0,9999999
03776,0,3840,9.2,6.04,0.0,0.0,15.67,275.36,0.5,12,101000.0,9999999
03776,0,3841,10.9,6.16,0.0,0.0,15.67,271.26,3.1,14,101000.0,9999999
03776,0,3842,9.5,6.21,0.0,0.0,15.67,269.03,3.6,15,100900.0,9999999
03776,0,3843,8.3,5.99,0.0,0.0,15.67,270.37,3.1,14,100900.0,9999999
03776,0,3844,9.0,5.58,13.0,13.0,15.67,270.82,2.6,15,100900.0,9999999
03776,0,3845,9.6,5.19,64.0,64.0,15.67,269.48,2.6,15,100900.0,9999999
03776,0,3846,9.9,4.72,143.0,142.0,15.67,272.58,5.1,16,100900.0,9999999
03776,0,3847,10.7,4.82,231.0,222.0,15.67,272.14,5.1,15,100900.0,9999999
03776,0,3848,10.5,4.72,314.0,304.0,15.67,275.79,4.6,15,100900.0,9999999
03776,0,3849,10.5,4.89,149.0,149.0,15.67,277.86,3.6,16,100900.0,9999999
03776,0,3850,10.8,5.11,168.0,168.0,15.67,278.27,3.6,16,100900.0,9999999
03776,0,3851,11.1,5.08,178.0,177.0,15.67,278.48,3.1,15,100900.0,9999999
03776,0,3852,11.5,4.97,178.0,177.0,15.67,278.89,3.1,16,100900.0,9999999
03776,0,3853,11.9,5.04,311.0,304.0,15.67,277.25,3.6,15,100900.0,9999999
03776,0,3854,13.2,5.38,381.0,364.0,15.67,276.21,3.6,16,100800.0,9999999
03776,0,3855,14.6,5.19,312.0,276.0,15.67,275.58,4.1,16,100700.0,9999999
03776,0,3856,14.1,5.15,230.0,222.0,15.67,276.21,3.6,16,100700.0,9999999
03776,0,3857,13.7,5.5,142.0,140.0,15.67,275.36,4.1,13,100700.0,9999999
03776,0,3858,13.9,5.87,63.0,63.0,15.67,274.09,2.6,13,100700.0,9999999
03776,0,3859,12.7,5.99,11.0,11.0,15.67,272.14,1.5,12,100700.0,9999999
03776,0,3860,12.1,6.04,0.0,0.0,15.67,278.07,1.5,12,100700.0,9999999
03776,0,3861,11.5,6.39,0.0,0.0,15.67,279.7,2.1,12,100700.0,9999999
03776,0,3862,11.3,6.57,0.0,0.0,15.67,279.49,1.0,10,100600.0,9999999
03776,0,3863,11.1,6.8,0.0,0.0,15.67,279.49,0.0,0,100600.0,9999999
03776,0,3864,10.9,6.94,0.0,0.0,15.67,279.29,1.0,12,100600.0,9999999
03776,0,3865,10.9,7.39,0.0,0.0,15.67,279.49,1.0,10,100500.0,9999999
03776,0,3866,10.7,7.39,0.0,0.0,15.67,279.29,1.0,10,100400.0,9999999
03776,0,3867,10.7,7.7,0.0,0.0,15.67,279.49,1.0,12,100400.0,9999999
03776,0,3868,10.9,7.91,5.0,5.0,15.67,279.7,1.0,12,100400.0,9999999
03776,0,3869,11.2,8.07,25.0,25.0,15.67,280.1,1.0,12,100400.0,9999999
03776,0,3870,12.0,8.07,55.0,55.0,15.67,280.9,1.5,14,100400.0,9999999
03776,0,3871,11.9,7.91,89.0,89.0,15.67,280.7,1.5,14,100400.0,9999999
03776,0,3872,13.2,8.02,121.0,121.0,15.67,282.08,2.6,15,100400.0,9999999
03776,0,3873,13.0,7.97,148.0,148.0,15.67,281.89,2.6,15,100400.0,9999999
03776,0,3874,12.9,8.18,167.0,165.0,15.67,281.89,2.6,15,100400.0,9999999
03776,0,3875,14.0,8.18,176.0,175.0,15.67,276.41,2.1,13,100400.0,9999999
03776,0,3876,14.7,8.18,176.0,175.0,15.67,278.27,2.1,15,100400.0,9999999
03776,0,3877,14.9,8.07,167.0,166.0,15.67,279.29,1.5,16,100300.0,9999999
03776,0,3878,13.3,8.52,148.0,147.0,15.67,277.86,2.1,16,100300.0,9999999
03776,0,3879,13.0,8.81,121.0,121.0,15.67,277.66,1.0,16,100400.0,9999999
03776,0,3880,12.2,8.41,89.0,89.0,15.67,279.29,3.6,2,100400.0,9999999
03776,0,3881,11.8,8.07,55.0,55.0,15.67,276.21,3.6,1,100500.0,9999999
03776,0,3882,11.2,7.34,25.0,25.0,15.67,279.9,4.1,1,100500.0,9999999
03776,0,3883,11.1,7.49,12.0,12.0,15.67,274.52,2.6,16,100600.0,9999999
03776,0,3884,11.1,6.9,0.0,0.0,15.67,279.49,4.1,1,100600.0,9999999
03776,0,3885,10.7,6.66,0.0,0.0,15.67,277.04,3.1,1,100700.0,9999999
03776,0,3886,10.2,6.43,0.0,0.0,15.67,276.41,4.6,1,100700.0,9999999
03776,0,3887,10.1,6.57,0.0,0.0,15.67,276.41,3.1,16,100700.0,9999999
03776,0,3888,9.9,6.66,0.0,0.0,15.67,276.21,3.1,16,100700.0,9999999
03776,0,3889,9.7,6.61,0.0,0.0,15.67,276.0,2.1,16,100700.0,9999999
03776,0,3890,9.7,6.48,0.0,0.0,15.67,276.0,3.6,16,100700.0,9999999
03776,0,3891,9.8,6.61,0.0,0.0,15.67,276.21,2.6,16,100700.0,9999999
03776,0,3892,9.9,6.66,12.0,12.0,15.67,276.21,3.1,16,100700.0,9999999
03776,0,3893,10.3,6.66,64.0,64.0,15.67,276.62,3.1,16,100700.0,9999999
03776,0,3894,11.1,6.8,143.0,141.0,15.67,277.45,4.1,16,100800.0,9999999
03776,0,3895,11.2,6.71,230.0,221.0,15.67,277.66,4.6,1,100800.0,9999999
03776,0,3896,10.3,7.19,311.0,302.0,15.67,277.04,5.1,1,100900.0,9999999
03776,0,3897,12.4,6.57,380.0,335.0,15.67,278.68,5.1,1,100900.0,9999999
03776,0,3898,12.9,5.95,429.0,414.0,15.67,278.89,4.1,1,100900.0,9999999
03776,0,3899,12.3,5.78,455.0,438.0,15.67,278.07,6.2,1,100900.0,9999999
03776,0,3900,12.2,5.3,456.0,439.0,15.67,277.86,7.2,1,101000.0,9999999
03776,0,3901,12.9,5.54,430.0,414.0,15.67,278.68,4.1,16,101000.0,9999999
03776,0,3902,13.2,5.3,382.0,336.0,15.67,278.68,3.6,16,101000.0,9999999
03776,0,3903,12.3,5.34,313.0,277.0,15.67,277.86,4.6,16,101000.0,9999999
03776,0,3904,11.7,5.46,231.0,223.0,15.67,277.45,6.2,16,101000.0,9999999
03776,0,3905,11.5,5.27,144.0,141.0,15.67,277.04,5.1,16,101000.0,9999999
03776,0,3906,11.1,5.08,65.0,65.0,15.67,276.62,5.1,16,101100.0,9999999
03776,0,3907,10.0,5.34,12.0,12.0,15.67,275.58,5.1,1,101100.0,9999999
03776,0,3908,9.5,5.42,0.0,0.0,15.67,272.58,3.6,16,101200.0,9999999
03776,0,3909,9.2,5.58,0.0,0.0,15.67,274.94,2.6,15,101200.0,9999999
03776,0,3910,9.2,5.78,0.0,0.0,15.67,275.15,2.1,16,101200.0,9999999
03776,0,3911,9.1,5.74,0.0,0.0,15.67,274.94,3.1,15,101200.0,9999999
03776,0,3912,8.7,5.7,0.0,0.0,15.67,272.14,2.1,16,101200.0,9999999
03776,0,3913,8.1,5.62,0.0,0.0,15.67,273.87,2.1,15,101200.0,9999999
03776,0,3914,8.1,5.82,0.0,0.0,15.67,276.0,2.6,14,101100.0,9999999
03776,0,3915,8.4,5.78,0.0,0.0,15.67,276.21,2.6,15,101100.0,9999999
03776,0,3916,8.7,5.54,5.0,5.0,15.67,276.41,4.1,16,101100.0,9999999
03776,0,3917,9.1,5.74,64.0,64.0,15.67,274.94,4.1,16,101100.0,9999999
03776,0,3918,9.3,5.62,143.0,142.0,15.67,275.15,4.1,16,101200.0,9999999
03776,0,3919,9.5,5.78,231.0,222.0,15.67,275.36,3.6,16,101200.0,9999999
03776,0,3920,10.4,5.91,313.0,303.0,15.67,276.41,3.6,16,101300.0,9999999
03776,0,3921,11.4,5.99,381.0,335.0,15.67,277.45,4.1,16,101300.0,9999999
03776,0,3922,11.4,5.99,429.0,414.0,15.67,277.45,4.1,16,101300.0,9999999
03776,0,3923,12.2,6.12,455.0,438.0,15.67,278.27,4.1,16,101300.0,9999999
03776,0,3924,12.5,6.21,455.0,438.0,15.67,278.68,4.6,16,101300.0,9999999
03776,0,3925,13.2,6.3,429.0,414.0,15.67,276.0,5.7,15,101300.0,9999999
03776,0,3926,13.3,5.99,381.0,336.0,15.67,279.29,4.1,16,101300.0,9999999
03776,0,3927,12.9,5.95,257.0,252.0,15.67,278.89,3.9,16,101400.0,9999999
03776,0,3928,12.6,5.91,143.0,143.0,15.67,280.5,3.8,16,101400.0,9999999
03776,0,3929,12.2,5.87,56.0,56.0,15.67,280.1,3.6,16,101400.0,9999999
03776,0,3930,11.6,6.12,25.0,25.0,15.67,279.7,3.1,16,101400.0,9999999
03776,0,3931,11.6,6.12,12.0,12.0,15.67,277.66,2.6,16,101400.0,9999999
03776,0,3932,11.4,6.3,0.0,0.0,15.67,279.49,2.1,16,101400.0,9999999
03776,0,3933,11.0,6.48,0.0,0.0,15.67,277.25,2.1,16,101500.0,9999999
03776,0,3934,10.9,6.66,0.0,0.0,15.67,279.29,2.6,16,101500.0,9999999
03776,0,3935,10.8,6.75,0.0,0.0,15.67,279.09,2.1,15,101400.0,9999999
03776,0,3936,10.7,6.66,0.0,0.0,15.67,279.09,2.6,16,101400.0,9999999
03776,0,3937,10.6,6.61,0.0,0.0,15.67,278.89,1.5,16,101400.0,9999999
03776,0,3938,10.4,6.61,0.0,0.0,15.67,278.68,1.5,15,101400.0,9999999
03776,0,3939,10.2,6.61,0.0,0.0,15.67,278.48,2.1,15,101400.0,9999999
03776,0,3940,10.2,6.61,5.0,5.0,15.67,278.48,2.6,16,101400.0,9999999
03776,0,3941,10.3,6.57,25.0,25.0,15.67,278.48,2.6,15,101400.0,9999999
03776,0,3942,10.7,5.99,143.0,132.0,15.67,276.62,4.6,15,101400.0,9999999
03776,0,3943,11.3,5.87,231.0,222.0,15.67,274.73,3.1,16,101400.0,9999999
03776,0,3944,11.6,6.12,312.0,303.0,15.67,277.66,4.1,15,101400.0,9999999
03776,0,3945,12.3,5.42,382.0,336.0,15.67,277.86,6.2,15,101400.0,9999999
03776,0,3946,13.2,5.62,430.0,414.0,15.67,278.89,4.6,15,101400.0,9999999
03776,0,3947,14.0,5.58,456.0,439.0,15.67,279.7,5.1,15,101400.0,9999999
03776,0,3948,13.4,5.5,178.0,177.0,15.67,281.1,4.6,15,101400.0,9999999
03776,0,3949,13.4,5.5,168.0,168.0,15.67,281.1,5.1,15,101400.0,9999999
03776,0,3950,14.1,5.46,277.0,272.0,15.67,279.7,4.6,15,101300.0,9999999
03776,0,3951,14.9,5.38,315.0,301.0,15.67,280.5,4.1,13,101200.0,9999999
03776,0,3952,15.0,5.62,232.0,224.0,15.67,280.7,5.1,14,101200.0,9999999
03776,0,3953,15.4,6.39,145.0,142.0,15.67,281.49,3.6,14,101200.0,9999999
03776,0,3954,14.7,6.3,66.0,66.0,15.67,280.7,3.1,13,101200.0,9999999
03776,0,3955,14.0,6.66,12.0,12.0,15.67,280.3,3.6,13,101200.0,9999999
03776,0,3956,13.7,7.04,0.0,0.0,15.67,280.1,3.6,14,101200.0,9999999
03776,0,3957,13.2,7.04,0.0,0.0,15.67,277.04,3.6,13,101200.0,9999999
03776,0,3958,12.9,6.71,0.0,0.0,15.67,275.36,3.1,14,101200.0,9999999
03776,0,3959,12.6,7.04,0.0,0.0,15.67,279.09,2.6,14,101100.0,9999999
03776,0,3960,12.9,5.54,0.0,0.0,15.67,278.68,3.6,15,101100.0,9999999
03776,0,3961,12.2,5.7,0.0,0.0,15.67,278.07,5.1,15,101100.0,9999999
03776,0,3962,11.3,5.99,0.0,0.0,15.67,270.82,2.6,15,101100.0,9999999
03776,0,3963,9.8,5.7,0.0,0.0,15.67,269.03,1.0,14,101100.0,9999999
03776,0,3964,8.7,5.7,22.0,22.0,15.67,268.12,1.0,12,101000.0,9999999
03776,0,3965,10.0,6.12,64.0,64.0,15.67,270.37,1.0,12,101100.0,9999999
03776,0,3966,11.3,6.25,143.0,142.0,15.67,273.01,2.1,14,101100.0,9999999
03776,0,3967,12.4,6.75,230.0,222.0,15.67,278.68,4.6,14,101000.0,9999999
03776,0,3968,12.4,6.66,312.0,302.0,15.67,278.68,3.6,15,101100.0,9999999
03776,0,3969,12.7,6.66,380.0,335.0,15.67,279.09,2.1,16,101000.0,9999999
03776,0,3970,13.3,6.8,428.0,413.0,15.67,279.7,1.5,14,101000.0,9999999
03776,0,3971,14.3,6.85,454.0,437.0,15.67,280.7,2.6,1,101000.0,9999999
03776,0,3972,15.2,7.04,454.0,437.0,15.67,281.69,2.1,14,101000.0,9999999
03776,0,3973,15.0,6.99,429.0,414.0,15.67,281.49,1.5,16,100900.0,9999999
03776,0,3974,15.8,7.14,381.0,367.0,15.67,282.28,1.5,15,100900.0,9999999
03776,0,3975,16.4,7.34,313.0,278.0,15.67,280.3,2.6,16,100900.0,9999999
03776,0,3976,15.6,7.59,231.0,223.0,15.67,282.28,1.5,14,100800.0,9999999
03776,0,3977,15.6,7.59,145.0,142.0,15.67,282.28,1.5,13,100800.0,9999999
03776,0,3978,15.5,7.44,66.0,66.0,15.67,279.49,1.5,12,100800.0,9999999
03776,0,3979,14.1,7.59,13.0,13.0,15.67,275.15,1.0,11,100800.0,9999999
03776,0,3980,12.0,7.65,0.0,0.0,15.67,274.3,0.0,0,100800.0,9999999
03776,0,3981,10.6,7.29,0.0,0.0,15.67,270.6,1.0,9,100800.0,9999999
03776,0,3982,10.0,7.14,0.0,0.0,15.67,271.04,1.0,10,100800.0,9999999
03776,0,3983,9.0,6.75,0.0,0.0,15.67,268.8,1.5,11,100800.0,9999999
03776,0,3984,11.1,6.8,0.0,0.0,15.67,271.04,1.0,9,100800.0,9999999
03776,0,3985,8.8,6.39,0.0,0.0,15.67,267.2,2.1,11,100800.0,9999999
03776,0,3986,9.2,6.43,0.0,0.0,15.67,269.03,2.6,12,100800.0,9999999
03776,0,3987,10.1,6.61,0.0,0.0,15.67,276.41,2.6,13,100800.0,9999999
03776,0,3988,10.6,6.85,12.0,12.0,15.67,277.04,1.5,14,100800.0,9999999
03776,0,3989,10.9,6.9,25.0,25.0,15.67,279.29,1.5,13,100800.0,9999999
03776,0,3990,11.2,6.9,56.0,56.0,15.67,279.7,2.6,14,100800.0,9999999
03776,0,3991,11.8,6.94,90.0,90.0,15.67,280.3,3.1,12,100900.0,9999999
03776,0,3992,12.6,7.09,311.0,281.0,15.67,279.09,3.1,12,100800.0,9999999
03776,0,3993,13.1,6.85,380.0,335.0,15.67,279.49,4.6,13,100900.0,9999999
03776,0,3994,15.3,6.85,670.0,376.0,15.67,278.27,3.1,13,100800.0,9999999
03776,0,3995,16.8,6.99,832.0,307.0,15.67,278.68,3.6,12,100700.0,9999999
03776,0,3996,19.0,8.02,866.0,212.0,15.67,279.9,3.6,12,100700.0,9999999
03776,0,3997,20.9,9.42,783.0,272.0,15.67,283.64,4.6,11,100600.0,9999999
03776,0,3998,21.2,9.99,724.0,167.0,15.67,282.87,3.6,11,100600.0,9999999
03776,0,3999,21.1,9.8,572.0,209.0,15.67,282.67,4.6,11,100500.0,9999999
03776,0,4000,20.6,9.93,231.0,200.0,15.67,282.28,6.2,12,100500.0,9999999
03776,0,4001,18.0,10.13,145.0,141.0,15.67,279.9,5.1,10,100500.0,9999999
03776,0,4002,16.5,9.67,26.0,26.0,15.67,277.25,4.1,10,100500.0,9999999
03776,0,4003,15.5,9.29,13.0,13.0,15.67,277.04,3.6,10,100500.0,9999999
03776,0,4004,14.4,8.87,0.0,0.0,15.67,274.94,3.1,10,100500.0,9999999
03776,0,4005,13.7,6.71,0.0,0.0,15.67,276.62,4.6,12,100500.0,9999999
03776,0,4006,13.0,6.75,0.0,0.0,15.67,272.8,3.6,12,100500.0,9999999
03776,0,4007,12.4,7.09,0.0,0.0,15.67,275.58,2.6,11,100500.0,9999999
03776,0,4008,11.9,7.19,0.0,0.0,15.67,271.92,2.6,11,100400.0,9999999
03776,0,4009,11.7,7.34,0.0,0.0,15.67,280.3,1.5,10,100400.0,9999999
03776,0,4010,11.2,7.54,0.0,0.0,15.67,279.9,2.6,10,100400.0,9999999
03776,0,4011,10.9,7.7,0.0,0.0,15.67,279.7,3.1,10,100300.0,9999999
03776,0,4012,11.2,7.97,5.0,5.0,15.67,275.58,3.6,10,100300.0,9999999
03776,0,4013,11.5,7.91,25.0,25.0,15.67,275.79,3.6,10,100300.0,9999999
03776,0,4014,12.2,8.41,56.0,56.0,15.67,276.83,3.1,10,100200.0,9999999
03776,0,4015,12.5,8.52,89.0,89.0,15.67,281.69,3.6,10,100200.0,9999999
03776,0,4016,13.1,8.75,121.0,121.0,15.67,282.28,4.1,10,100200.0,9999999
03776,0,4017,13.1,8.52,148.0,148.0,15.67,282.28,4.6,10,100100.0,9999999
03776,0,4018,13.0,8.81,167.0,165.0,15.67,282.28,5.1,10,100100.0,9999999
03776,0,4019,13.5,9.11,176.0,174.0,15.67,282.87,4.1,10,100100.0,9999999
03776,0,4020,13.3,8.99,177.0,175.0,15.67,282.67,3.6,10,100100.0,9999999
03776,0,4021,13.5,9.11,167.0,166.0,15.67,282.87,5.1,10,100000.0,9999999
03776,0,4022,13.7,9.23,148.0,148.0,15.67,283.06,5.7,10,100000.0,9999999
03776,0,4023,13.8,9.42,122.0,122.0,15.67,283.25,5.7,10,100000.0,9999999
03776,0,4024,13.7,9.36,90.0,90.0,15.67,283.06,4.6,10,99900.0,9999999
03776,0,4025,13.8,9.48,57.0,57.0,15.67,283.25,4.1,10,99900.0,9999999
03776,0,4026,13.7,9.42,26.0,26.0,15.67,283.06,3.6,10,99900.0,9999999
03776,0,4027,13.8,9.48,5.0,5.0,15.67,283.25,3.6,10,99900.0,9999999
03776,0,4028,13.8,9.61,0.0,0.0,15.67,283.25,2.6,11,100000.0,9999999
03776,0,4029,13.9,9.74,0.0,0.0,15.67,283.45,3.1,10,100000.0,9999999
03776,0,4030,13.7,9.54,0.0,0.0,15.67,281.29,2.1,11,100000.0,9999999
03776,0,4031,12.7,8.93,0.0,0.0,15.67,274.3,2.6,12,100000.0,9999999
03776,0,4032,12.9,8.99,0.0,0.0,15.67,280.3,3.6,11,100100.0,9999999
03776,0,4033,12.4,8.64,0.0,0.0,15.67,279.7,2.6,11,100200.0,9999999
03776,0,4034,12.2,8.52,0.0,0.0,15.67,279.29,2.0,11,100200.0,9999999
03776,0,4035,12.1,8.35,0.0,0.0,15.67,281.1,1.5,11,100200.0,9999999
03776,0,4036,12.2,8.41,7.0,7.0,15.67,279.29,1.5,11,100300.0,9999999
03776,0,4037,12.3,8.41,46.0,46.0,15.67,276.83,1.5,10,100300.0,9999999
03776,0,4038,13.2,8.7,123.0,123.0,15.67,277.86,1.5,10,100400.0,9999999
03776,0,4039,14.5,9.05,228.0,214.0,15.67,281.89,3.1,11,100400.0,9999999
03776,0,4040,15.2,9.23,309.0,295.0,15.67,282.67,3.1,12,100500.0,9999999
03776,0,4041,16.9,9.54,377.0,355.0,15.67,281.69,2.6,12,100600.0,9999999
03776,0,4042,18.1,9.61,425.0,390.0,15.67,280.9,2.6,11,100600.0,9999999
03776,0,4043,20.6,11.09,754.0,364.0,15.67,282.67,5.1,11,100600.0,9999999
03776,0,4044,20.9,12.3,449.0,370.0,15.67,283.25,5.1,12,100600.0,9999999
03776,0,4045,20.8,11.91,425.0,390.0,15.67,283.06,5.7,12,100600.0,9999999
03776,0,4046,21.1,12.46,377.0,329.0,15.67,283.45,5.1,12,100600.0,9999999
03776,0,4047,20.7,12.54,311.0,294.0,15.67,283.06,4.6,12,100700.0,9999999
03776,0,4048,20.7,7.44,233.0,217.0,15.67,280.3,4.6,11,100700.0,9999999
03776,0,4049,19.8,5.99,230.0,156.0,15.67,278.89,5.1,12,100700.0,9999999
03776,0,4050,18.6,6.3,124.0,99.0,15.67,277.86,4.1,11,100800.0,9999999
03776,0,4051,16.4,6.39,26.0,26.0,15.67,275.79,4.1,12,100800.0,9999999
03776,0,4052,13.9,6.21,1.0,1.0,15.67,273.23,2.6,12,100900.0,9999999
03776,0,4053,11.7,6.25,0.0,0.0,15.67,271.26,2.1,10,101000.0,9999999
03776,0,4054,11.8,6.21,0.0,0.0,15.67,271.26,2.1,11,101000.0,9999999
03776,0,4055,11.8,6.43,0.0,0.0,15.67,270.15,2.1,12,101000.0,9999999
03776,0,4056,10.1,6.48,0.0,0.0,15.67,268.57,1.0,9,101100.0,9999999
03776,0,4057,8.3,6.16,0.0,0.0,15.67,266.73,1.0,10,101000.0,9999999
03776,0,4058,7.6,6.04,0.0,0.0,15.67,267.2,2.1,9,101000.0,9999999
03776,0,4059,9.0,6.52,0.0,0.0,15.67,268.8,1.0,8,101000.0,9999999
03776,0,4060,10.1,6.71,23.0,23.0,15.67,269.93,1.0,13,101100.0,9999999
03776,0,4061,12.6,7.39,108.0,88.0,15.67,272.58,1.5,10,101100.0,9999999
03776,0,4062,13.8,7.49,142.0,137.0,15.67,273.87,1.5,10,101100.0,9999999
03776,0,4063,15.9,8.13,229.0,220.0,15.67,276.21,2.6,10,101200.0,9999999
03776,0,4064,17.5,8.58,310.0,295.0,15.67,277.86,3.6,10,101200.0,9999999
03776,0,4065,18.2,8.18,535.0,381.0,15.67,279.29,3.1,10,101200.0,9999999
03776,0,4066,20.5,7.86,817.0,280.0,15.67,280.3,4.6,10,101100.0,9999999
03776,0,4067,21.3,8.07,880.0,187.0,15.67,281.29,4.1,10,101100.0,9999999
03776,0,4068,21.2,8.87,880.0,149.0,15.67,281.49,3.6,10,101100.0,9999999
03776,0,4069,21.0,8.87,757.0,309.0,15.67,281.29,4.6,9,101100.0,9999999
03776,0,4070,20.0,9.11,380.0,323.0,15.67,280.5,5.1,9,101100.0,9999999
03776,0,4071,19.6,8.81,314.0,296.0,15.67,279.9,4.6,9,101100.0,9999999
03776,0,4072,19.2,8.52,233.0,221.0,15.67,279.49,4.1,9,101100.0,9999999
03776,0,4073,18.8,8.3,147.0,143.0,15.67,281.1,3.6,9,101100.0,9999999
03776,0,4074,17.8,7.91,68.0,68.0,15.67,280.1,3.1,10,101100.0,9999999
03776,0,4075,17.0,8.24,14.0,14.0,15.67,279.9,2.1,9,101100.0,9999999
03776,0,4076,15.5,8.41,0.0,0.0,15.67,279.09,2.1,9,101100.0,9999999
03776,0,4077,14.3,8.52,0.0,0.0,15.67,277.45,2.1,8,101100.0,9999999
03776,0,4078,13.6,8.52,0.0,0.0,15.67,274.94,2.1,9,101100.0,9999999
03776,0,4079,13.2,8.58,0.0,0.0,15.67,275.79,1.0,8,101100.0,9999999
03776,0,4080,13.0,8.58,0.0,0.0,15.67,276.21,1.0,8,101100.0,9999999
03776,0,4081,12.6,8.35,0.0,0.0,15.67,273.87,1.0,12,101100.0,9999999
03776,0,4082,11.8,8.18,0.0,0.0,15.67,273.23,1.0,9,101100.0,9999999
03776,0,4083,11.6,8.18,0.0,0.0,15.67,274.09,1.0,10,101100.0,9999999
03776,0,4084,11.8,8.41,12.0,12.0,15.67,272.36,1.0,10,101200.0,9999999
03776,0,4085,13.4,8.75,64.0,64.0,15.67,273.87,1.0,9,101200.0,9999999
03776,0,4086,14.5,8.75,184.0,153.0,15.67,274.94,2.1,11,101200.0,9999999
03776,0,4087,16.3,8.93,346.0,229.0,15.67,277.66,3.1,12,101200.0,9999999
03776,0,4088,18.3,9.36,519.0,269.0,15.67,279.9,1.5,10,101200.0,9999999
03776,0,4089,20.2,9.54,675.0,265.0,15.67,280.7,2.6,10,101200.0,9999999
03776,0,4090,21.1,9.67,794.0,249.0,15.67,281.69,3.1,12,101200.0,9999999
03776,0,4091,22.9,9.93,862.0,197.0,15.67,284.41,3.6,11,101200.0,9999999
03776,0,4092,22.9,9.8,451.0,383.0,15.67,284.41,3.6,11,101200.0,9999999
03776,0,4093,23.5,9.86,427.0,392.0,15.67,284.99,3.6,11,101200.0,9999999
03776,0,4094,24.3,10.26,380.0,348.0,15.67,284.99,3.1,11,101200.0,9999999
03776,0,4095,24.1,10.53,313.0,295.0,15.67,284.79,3.6,12,101200.0,9999999
03776,0,4096,23.9,9.8,233.0,221.0,15.67,285.37,4.1,12,101200.0,9999999
03776,0,4097,22.7,9.93,147.0,143.0,15.67,285.55,3.1,13,101200.0,9999999
03776,0,4098,21.3,10.74,68.0,68.0,15.67,284.99,3.1,10,101300.0,9999999
03776,0,4099,19.9,10.67,14.0,14.0,15.67,281.89,2.1,9,101300.0,9999999
03776,0,4100,17.4,10.53,0.0,0.0,15.67,278.48,1.5,9,101300.0,9999999
03776,0,4101,16.2,10.19,0.0,0.0,15.67,277.25,1.0,10,101400.0,9999999
03776,0,4102,15.5,10.06,0.0,0.0,15.67,276.41,1.0,9,101400.0,9999999
03776,0,4103,13.9,9.48,0.0,0.0,15.67,274.73,1.0,10,101400.0,9999999
03776,0,4104,14.0,9.29,0.0,0.0,15.67,273.44,1.0,8,101500.0,9999999
03776,0,4105,14.0,9.05,0.0,0.0,15.67,273.44,1.0,8,101500.0,9999999
03776,0,4106,14.0,8.81,0.0,0.0,15.67,273.23,1.0,15,101500.0,9999999
03776,0,4107,12.9,8.7,0.0,0.0,15.67,273.44,0.0,0,101500.0,9999999
03776,0,4108,13.3,8.87,21.0,21.0,15.67,276.62,0.5,15,101600.0,9999999
03776,0,4109,14.5,9.11,63.0,63.0,15.67,279.29,2.1,14,101700.0,9999999
03776,0,4110,15.9,9.23,141.0,138.0,15.67,279.29,2.6,1,101700.0,9999999
03776,0,4111,17.8,8.99,228.0,217.0,15.67,281.69,4.6,1,101900.0,9999999
03776,0,4112,17.5,7.97,310.0,300.0,15.67,281.69,4.6,1,101900.0,9999999
03776,0,4113,19.3,6.61,380.0,335.0,15.67,285.37,4.6,1,101900.0,9999999
03776,0,4114,19.7,6.04,429.0,414.0,15.67,282.08,4.1,1,101900.0,9999999
03776,0,4115,20.8,5.99,644.0,427.0,15.67,280.7,4.1,2,101900.0,9999999
03776,0,4116,21.1,6.39,645.0,429.0,15.67,281.29,4.1,1,101900.0,9999999
03776,0,4117,21.0,6.12,725.0,300.0,15.67,280.9,4.1,15,102000.0,9999999
03776,0,4118,21.7,5.87,544.0,341.0,15.67,281.49,3.6,16,102000.0,9999999
03776,0,4119,21.9,5.62,449.0,291.0,15.67,281.49,4.1,16,102000.0,9999999
03776,0,4120,21.7,5.08,236.0,200.0,15.67,280.1,3.6,1,102000.0,9999999
03776,0,4121,21.3,5.38,149.0,146.0,15.67,280.9,2.6,16,102000.0,9999999
03776,0,4122,20.9,5.34,69.0,69.0,15.67,281.69,4.6,3,102100.0,9999999
03776,0,4123,17.2,7.65,26.0,26.0,15.67,277.04,1.0,7,102200.0,9999999
03776,0,4124,16.7,6.52,1.0,1.0,15.67,278.27,1.5,5,102300.0,9999999
03776,0,4125,15.1,6.8,0.0,0.0,15.67,275.58,1.0,4,102300.0,9999999
03776,0,4126,13.8,6.94,0.0,0.0,15.67,272.36,1.0,4,102400.0,9999999
03776,0,4127,12.4,6.94,0.0,0.0,15.67,271.04,0.0,0,102400.0,9999999
03776,0,4128,11.9,7.09,0.0,0.0,15.67,272.8,0.5,16,102400.0,9999999
03776,0,4129,11.7,6.9,0.0,0.0,15.67,274.73,1.0,1,102400.0,9999999
03776,0,4130,10.5,6.66,0.0,0.0,15.67,272.36,0.5,16,102400.0,9999999
03776,0,4131,11.0,6.85,0.0,0.0,15.67,274.94,1.0,1,102400.0,9999999
03776,0,4132,11.4,6.39,16.0,16.0,15.67,273.23,1.0,1,102500.0,9999999
03776,0,4133,11.9,5.87,90.0,77.0,15.67,271.26,1.0,16,102500.0,9999999
03776,0,4134,13.7,5.46,202.0,158.0,15.67,271.48,2.6,1,102500.0,9999999
03776,0,4135,15.8,4.82,326.0,241.0,15.67,274.3,4.1,3,102500.0,9999999
03776,0,4136,16.3,4.31,313.0,300.0,15.67,273.01,3.6,1,102500.0,9999999
03776,0,4137,17.1,4.44,541.0,332.0,15.67,275.15,5.7,2,102500.0,9999999
03776,0,4138,18.6,4.97,609.0,402.0,15.67,277.04,5.7,3,102500.0,9999999
03776,0,4139,19.2,5.34,646.0,427.0,15.67,277.86,4.6,1,102400.0,9999999
03776,0,4140,20.5,5.0,648.0,428.0,15.67,278.89,3.6,2,102400.0,9999999
03776,0,4141,20.8,5.15,433.0,383.0,15.67,279.29,4.1,3,102300.0,9999999
03776,0,4142,21.4,5.58,385.0,371.0,15.67,280.1,5.7,1,102300.0,9999999
03776,0,4143,20.8,5.62,318.0,281.0,15.67,279.49,6.2,1,102200.0,9999999
03776,0,4144,21.2,5.54,236.0,227.0,15.67,279.9,6.7,2,102200.0,9999999
03776,0,4145,20.9,6.21,149.0,146.0,15.67,279.9,5.1,1,102200.0,9999999
03776,0,4146,20.2,5.11,69.0,69.0,15.67,278.68,4.6,2,102200.0,9999999
03776,0,4147,19.0,5.87,20.0,20.0,15.67,278.07,4.1,3,102200.0,9999999
03776,0,4148,17.6,5.38,1.0,1.0,15.67,274.94,3.6,1,102200.0,9999999
03776,0,4149,16.0,5.23,0.0,0.0,15.67,273.44,2.1,16,102200.0,9999999
03776,0,4150,14.9,5.27,0.0,0.0,15.67,272.36,2.1,1,102200.0,9999999
03776,0,4151,13.6,5.42,0.0,0.0,15.67,271.26,2.1,16,102200.0,9999999
03776,0,4152,12.7,5.38,0.0,0.0,15.67,270.37,2.6,16,102200.0,9999999
03776,0,4153,11.3,5.46,0.0,0.0,15.67,269.03,1.5,16,102200.0,9999999
03776,0,4154,10.8,5.58,0.0,0.0,15.67,268.8,3.1,15,102100.0,9999999
03776,0,4155,9.7,6.08,0.0,0.0,15.67,267.89,2.1,15,102100.0,9999999
03776,0,4156,11.1,6.66,19.0,19.0,15.67,270.82,3.1,1,102100.0,9999999
03776,0,4157,11.3,6.43,63.0,63.0,15.67,274.94,4.6,1,102100.0,9999999
03776,0,4158,11.7,6.16,142.0,140.0,15.67,274.52,6.7,2,102100.0,9999999
03776,0,4159,13.4,6.04,324.0,227.0,15.67,275.36,6.2,2,102100.0,9999999
03776,0,4160,13.9,5.87,382.0,318.0,15.67,273.01,7.2,1,102100.0,9999999
03776,0,4161,15.5,6.3,379.0,363.0,15.67,274.94,4.6,1,102000.0,9999999
03776,0,4162,17.1,5.99,720.0,321.0,15.67,276.21,5.7,1,102000.0,9999999
03776,0,4163,19.2,6.34,869.0,246.0,15.67,278.48,6.2,16,102000.0,9999999
03776,0,4164,20.3,5.99,837.0,268.0,15.67,279.29,6.2,1,101900.0,9999999
03776,0,4165,20.6,6.3,725.0,341.0,15.67,279.7,7.7,2,101900.0,9999999
03776,0,4166,21.0,6.43,747.0,193.0,15.67,280.1,6.2,1,101800.0,9999999
03776,0,4167,20.7,6.85,618.0,143.0,15.67,280.1,7.2,1,101800.0,9999999
03776,0,4168,21.1,6.75,460.0,128.0,15.67,280.5,6.2,2,101800.0,9999999
03776,0,4169,20.7,6.94,290.0,128.0,15.67,280.1,7.2,1,101800.0,9999999
03776,0,4170,19.5,7.7,135.0,96.0,15.67,279.29,6.2,1,101800.0,9999999
03776,0,4171,17.8,7.29,28.0,28.0,15.67,277.45,6.2,1,101800.0,9999999
03776,0,4172,15.5,6.85,1.0,1.0,15.67,275.15,6.7,1,101900.0,9999999
03776,0,4173,14.0,6.43,0.0,0.0,15.67,272.14,6.2,1,102000.0,9999999
03776,0,4174,12.7,5.95,0.0,0.0,15.67,270.82,6.7,1,102000.0,9999999
03776,0,4175,12.0,6.52,0.0,0.0,15.67,271.7,4.1,1,102000.0,9999999
03776,0,4176,11.7,6.9,0.0,0.0,15.67,271.48,5.1,1,101900.0,9999999
03776,0,4177,12.4,7.14,0.0,0.0,15.67,278.89,4.1,1,101900.0,9999999
03776,0,4178,12.8,7.24,0.0,0.0,15.67,281.29,5.1,1,101800.0,9999999
03776,0,4179,12.9,7.34,0.0,0.0,15.67,281.49,5.7,1,101800.0,9999999
03776,0,4180,12.9,6.94,4.0,4.0,15.67,281.29,6.2,1,101800.0,9999999
03776,0,4181,12.8,6.75,25.0,25.0,15.67,281.1,6.7,1,101800.0,9999999
03776,0,4182,13.0,6.52,141.0,131.0,15.67,279.29,6.7,1,101800.0,9999999
03776,0,4183,13.1,6.71,228.0,220.0,15.67,279.49,7.7,1,101900.0,9999999
03776,0,4184,14.2,6.75,310.0,300.0,15.67,280.5,6.2,1,101800.0,9999999
03776,0,4185,15.3,6.75,535.0,333.0,15.67,279.09,7.2,1,101800.0,9999999
03776,0,4186,16.5,6.9,605.0,459.0,15.67,280.3,7.7,1,101800.0,9999999
03776,0,4187,17.6,7.04,587.0,447.0,15.67,280.5,7.7,16,101800.0,9999999
03776,0,4188,17.6,7.39,526.0,436.0,15.67,281.49,6.7,1,101800.0,9999999
03776,0,4189,15.9,7.8,430.0,410.0,15.67,282.67,7.2,1,101800.0,9999999
03776,0,4190,16.9,7.8,383.0,369.0,15.67,283.64,7.2,16,101700.0,9999999
03776,0,4191,15.1,7.86,123.0,123.0,15.67,283.84,7.2,1,101700.0,9999999
03776,0,4192,15.1,7.86,235.0,200.0,15.67,281.89,5.1,16,101700.0,9999999
03776,0,4193,14.6,7.65,58.0,58.0,15.67,283.25,6.2,1,101700.0,9999999
03776,0,4194,14.3,7.8,69.0,69.0,15.67,281.1,5.1,2,101800.0,9999999
03776,0,4195,13.8,7.49,14.0,14.0,15.67,280.5,6.7,1,101800.0,9999999
03776,0,4196,13.6,7.65,0.0,0.0,15.67,280.3,5.1,1,101800.0,9999999
03776,0,4197,13.5,7.75,0.0,0.0,15.67,280.3,5.1,1,101800.0,9999999
03776,0,4198,13.4,7.91,0.0,0.0,15.67,280.3,4.1,1,101800.0,9999999
03776,0,4199,13.1,7.8,0.0,0.0,15.67,279.9,3.1,16,101800.0,9999999
03776,0,4200,12.8,7.91,0.0,0.0,15.67,279.7,4.6,1,101800.0,9999999
03776,0,4201,12.8,7.91,0.0,0.0,15.67,279.7,4.1,1,101800.0,9999999
03776,0,4202,12.7,7.86,0.0,0.0,15.67,279.49,4.1,16,101800.0,9999999
03776,0,4203,12.4,7.59,0.0,0.0,15.67,279.09,4.1,1,101800.0,9999999
03776,0,4204,12.1,7.49,11.0,11.0,15.67,278.89,4.6,16,101900.0,9999999
03776,0,4205,12.3,7.54,63.0,63.0,15.67,279.09,5.1,16,101900.0,9999999
03776,0,4206,12.7,7.19,141.0,139.0,15.67,279.29,4.6,1,101900.0,9999999
03776,0,4207,13.2,7.39,227.0,219.0,15.67,279.9,5.1,1,102000.0,9999999
03776,0,4208,14.0,7.44,309.0,299.0,15.67,280.7,5.1,1,102000.0,9999999
03776,0,4209,15.9,7.59,733.0,419.0,15.67,275.79,4.6,1,102000.0,9999999
03776,0,4210,18.6,7.91,828.0,157.0,15.67,278.68,4.1,1,102000.0,9999999
03776,0,4211,20.4,7.91,879.0,166.0,15.67,280.3,5.1,2,102000.0,9999999
03776,0,4212,21.8,8.18,881.0,147.0,15.67,281.69,6.2,2,101900.0,9999999
03776,0,4213,23.4,8.02,835.0,158.0,15.67,283.25,6.7,2,101900.0,9999999
03776,0,4214,23.4,7.86,744.0,143.0,15.67,283.06,6.7,3,101900.0,9999999
03776,0,4215,23.7,8.24,614.0,137.0,15.67,283.64,5.7,2,101900.0,9999999
03776,0,4216,23.7,8.87,456.0,121.0,15.67,283.84,4.6,4,101800.0,9999999
03776,0,4217,23.4,9.11,283.0,123.0,15.67,283.64,3.6,4,101900.0,9999999
03776,0,4218,22.4,9.29,126.0,90.0,15.67,282.87,3.1,4,101900.0,9999999
03776,0,4219,21.0,9.74,24.0,24.0,15.67,280.3,3.6,3,101900.0,9999999
03776,0,4220,19.3,9.8,1.0,1.0,15.67,278.68,5.1,2,102000.0,9999999
03776,0,4221,17.2,9.93,0.0,0.0,15.67,278.07,3.6,2,102000.0,9999999
03776,0,4222,15.5,9.36,0.0,0.0,15.67,277.04,4.1,2,102000.0,9999999
03776,0,4223,14.7,9.05,0.0,0.0,15.67,282.08,2.6,1,102000.0,9999999
03776,0,4224,13.6,8.58,0.0,0.0,15.67,274.94,3.1,16,102000.0,9999999
03776,0,4225,12.6,8.3,0.0,0.0,15.67,281.69,3.1,16,102000.0,9999999
03776,0,4226,12.2,7.91,0.0,0.0,15.67,279.09,3.6,1,102000.0,9999999
03776,0,4227,12.1,7.86,0.0,0.0,15.67,280.9,3.6,1,102000.0,9999999
03776,0,4228,11.8,7.65,4.0,4.0,15.67,280.5,4.1,1,102000.0,9999999
03776,0,4229,11.8,7.59,24.0,24.0,15.67,280.5,3.6,1,102000.0,9999999
03776,0,4230,12.0,7.75,55.0,55.0,15.67,280.9,4.6,16,102000.0,9999999
03776,0,4231,12.8,7.8,226.0,194.0,15.67,279.7,5.1,1,102000.0,9999999
03776,0,4232,15.5,8.07,564.0,231.0,15.67,278.48,4.1,16,102000.0,9999999
03776,0,4233,16.9,8.07,735.0,192.0,15.67,277.04,4.6,16,102000.0,9999999
03776,0,4234,19.3,8.52,830.0,132.0,15.67,278.27,4.6,1,101900.0,9999999
03776,0,4235,21.8,8.87,881.0,142.0,15.67,280.7,5.1,3,101900.0,9999999
03776,0,4236,23.0,8.81,884.0,142.0,15.67,281.89,6.2,2,101800.0,9999999
03776,0,4237,24.2,8.87,837.0,134.0,15.67,283.06,6.7,2,101800.0,9999999
03776,0,4238,25.0,8.99,746.0,123.0,15.67,283.84,6.7,3,101700.0,9999999
03776,0,4239,25.8,9.29,615.0,135.0,15.67,284.6,6.2,3,101700.0,9999999
03776,0,4240,26.0,8.99,458.0,119.0,15.67,284.79,7.2,2,101600.0,9999999
03776,0,4241,25.1,8.81,290.0,118.0,15.67,283.84,6.7,2,101600.0,9999999
03776,0,4242,24.0,9.36,135.0,89.0,15.67,283.06,5.1,2,101600.0,9999999
03776,0,4243,22.6,10.06,28.0,28.0,15.67,281.89,5.7,3,101600.0,9999999
03776,0,4244,21.2,10.13,1.0,1.0,15.67,280.5,5.1,2,101700.0,9999999
03776,0,4245,19.7,9.11,0.0,0.0,15.67,278.89,4.6,2,101700.0,9999999
03776,0,4246,18.1,8.99,0.0,0.0,15.67,277.25,5.1,1,101700.0,9999999
03776,0,4247,16.3,7.54,0.0,0.0,15.67,274.94,4.1,1,101700.0,9999999
03776,0,4248,14.6,7.34,0.0,0.0,15.67,273.23,4.1,1,101700.0,9999999
03776,0,4249,13.1,7.34,0.0,0.0,15.67,271.7,4.1,1,101700.0,9999999
03776,0,4250,12.1,7.54,0.0,0.0,15.67,274.3,5.1,1,101700.0,9999999
03776,0,4251,12.4,7.59,0.0,0.0,15.67,279.09,5.1,1,101700.0,9999999
03776,0,4252,12.9,7.75,11.0,11.0,15.67,279.7,5.1,2,101700.0,9999999
03776,0,4253,13.3,7.91,62.0,62.0,15.67,280.1,5.7,1,101700.0,9999999
03776,0,4254,14.1,8.02,218.0,150.0,15.67,278.48,5.7,2,101700.0,9999999
03776,0,4255,15.3,8.18,413.0,189.0,15.67,278.27,6.2,1,101700.0,9999999
03776,0,4256,16.8,8.46,597.0,175.0,15.67,278.07,6.7,16,101700.0,9999999
03776,0,4257,17.7,8.46,734.0,147.0,15.67,276.62,6.7,1,101600.0,9999999
03776,0,4258,19.9,8.7,829.0,133.0,15.67,278.89,6.2,16,101600.0,9999999
03776,0,4259,22.3,8.7,880.0,141.0,15.67,281.1,6.2,1,101500.0,9999999
03776,0,4260,24.2,9.11,879.0,150.0,15.67,283.06,6.7,2,101500.0,9999999
03776,0,4261,26.3,9.29,832.0,143.0,15.67,285.18,6.7,2,101400.0,9999999
03776,0,4262,26.7,9.99,728.0,167.0,15.67,287.06,8.2,2,101400.0,9999999
03776,0,4263,26.5,9.99,611.0,135.0,15.67,285.55,7.7,2,101300.0,9999999
03776,0,4264,26.4,9.99,448.0,138.0,15.67,285.55,7.7,2,101300.0,9999999
03776,0,4265,26.0,9.8,288.0,120.0,15.67,284.99,7.7,2,101200.0,9999999
03776,0,4266,24.8,9.86,134.0,89.0,15.67,283.84,6.2,3,101200.0,9999999
03776,0,4267,22.8,9.48,28.0,28.0,15.67,281.89,6.2,3,101300.0,9999999
03776,0,4268,21.5,9.23,1.0,1.0,15.67,280.5,5.7,2,101300.0,9999999
03776,0,4269,19.9,8.93,0.0,0.0,15.67,278.89,4.6,2,101400.0,9999999
03776,0,4270,18.1,8.3,0.0,0.0,15.67,277.04,3.1,16,101400.0,9999999
03776,0,4271,16.8,8.7,0.0,0.0,15.67,275.79,4.6,16,101400.0,9999999
03776,0,4272,15.4,8.58,0.0,0.0,15.67,274.52,3.6,1,101400.0,9999999
03776,0,4273,14.3,8.35,0.0,0.0,15.67,273.44,3.6,16,101400.0,9999999
03776,0,4274,13.7,8.35,0.0,0.0,15.67,272.8,3.1,16,101300.0,9999999
03776,0,4275,13.2,8.35,0.0,0.0,15.67,273.66,3.1,16,101300.0,9999999
03776,0,4276,13.5,8.52,21.0,21.0,15.67,273.87,3.1,16,101300.0,9999999
03776,0,4277,14.6,8.87,119.0,77.0,15.67,275.15,3.6,1,101300.0,9999999
03776,0,4278,16.1,9.17,269.0,132.0,15.67,276.62,4.6,1,101300.0,9999999
03776,0,4279,17.5,9.67,438.0,125.0,15.67,278.27,5.1,1,101300.0,9999999
03776,0,4280,20.0,9.99,597.0,135.0,15.67,279.49,4.1,1,101300.0,9999999
03776,0,4281,22.8,10.53,729.0,152.0,15.67,282.28,5.1,1,101300.0,9999999
03776,0,4282,25.2,10.88,825.0,140.0,15.67,284.6,5.7,2,101200.0,9999999
03776,0,4283,26.8,10.95,875.0,149.0,15.67,287.62,7.2,3,101200.0,9999999
03776,0,4284,27.8,10.46,879.0,148.0,15.67,288.35,8.2,3,101200.0,9999999
03776,0,4285,28.3,10.06,834.0,139.0,15.67,288.72,8.2,4,101200.0,9999999
03776,0,4286,27.3,10.26,743.0,127.0,15.67,287.8,6.7,4,101200.0,9999999
03776,0,4287,26.7,10.13,614.0,137.0,15.67,287.24,7.4,4,101200.0,9999999
03776,0,4288,26.1,9.99,458.0,120.0,15.67,285.18,8.0,4,101200.0,9999999
03776,0,4289,25.5,9.8,290.0,118.0,15.67,284.6,8.7,3,101200.0,9999999
03776,0,4290,24.3,8.46,135.0,89.0,15.67,282.87,7.7,3,101200.0,9999999
03776,0,4291,22.7,9.29,28.0,28.0,15.67,281.69,5.1,3,101200.0,9999999
03776,0,4292,20.8,10.26,1.0,1.0,15.67,280.3,4.6,3,101200.0,9999999
03776,0,4293,19.8,7.8,0.0,0.0,15.67,278.27,3.1,3,101300.0,9999999
03776,0,4294,18.9,7.39,0.0,0.0,15.67,277.25,2.6,3,101300.0,9999999
03776,0,4295,18.0,7.7,0.0,0.0,15.67,276.62,2.1,2,101300.0,9999999
03776,0,4296,17.8,7.86,0.0,0.0,15.67,276.41,2.6,2,101300.0,9999999
03776,0,4297,17.0,8.46,0.0,0.0,15.67,276.0,3.1,2,101200.0,9999999
03776,0,4298,15.3,8.87,0.0,0.0,15.67,274.52,2.1,16,101200.0,9999999
03776,0,4299,14.7,8.64,0.0,0.0,15.67,273.87,1.5,16,101200.0,9999999
03776,0,4300,14.5,8.35,21.0,21.0,15.67,273.66,1.5,16,101200.0,9999999
03776,0,4301,16.1,7.54,119.0,85.0,15.67,274.73,2.1,16,101200.0,9999999
03776,0,4302,18.0,6.94,270.0,129.0,15.67,276.21,3.6,2,101200.0,9999999
03776,0,4303,20.4,7.09,440.0,145.0,15.67,278.68,2.6,2,101200.0,9999999
03776,0,4304,22.2,5.95,602.0,163.0,15.67,279.7,5.1,2,101200.0,9999999
03776,0,4305,23.7,6.25,737.0,156.0,15.67,281.29,6.2,3,101200.0,9999999
03776,0,4306,24.9,4.68,838.0,157.0,15.67,281.49,6.2,2,101200.0,9999999
03776,0,4307,25.5,4.12,893.0,143.0,15.67,281.69,6.2,3,101200.0,9999999
03776,0,4308,26.3,4.82,890.0,152.0,15.67,282.87,5.1,3,101200.0,9999999
03776,0,4309,26.4,4.15,832.0,163.0,15.67,282.48,5.7,3,101100.0,9999999
03776,0,4310,26.4,4.03,742.0,147.0,15.67,282.48,5.7,3,101100.0,9999999
03776,0,4311,26.4,4.12,623.0,123.0,15.67,282.48,4.6,3,101100.0,9999999
03776,0,4312,26.1,4.68,463.0,127.0,15.67,282.67,5.1,3,101100.0,9999999
03776,0,4313,25.6,5.15,292.0,127.0,15.67,282.48,5.1,4,101000.0,9999999
03776,0,4314,24.0,5.95,136.0,97.0,15.67,281.49,2.6,4,101000.0,9999999
03776,0,4315,22.2,6.8,28.0,28.0,15.67,280.1,3.1,4,101000.0,9999999
03776,0,4316,20.0,6.9,1.0,1.0,15.67,278.07,1.5,4,101000.0,9999999
03776,0,4317,18.3,7.14,0.0,0.0,15.67,276.62,2.6,4,101000.0,9999999
03776,0,4318,16.8,7.39,0.0,0.0,15.67,275.36,2.6,3,101000.0,9999999
03776,0,4319,15.4,8.13,0.0,0.0,15.67,274.3,2.1,3,101000.0,9999999
03776,0,4320,14.3,8.46,0.0,0.0,15.67,273.44,1.0,4,101000.0,9999999
03776,0,4321,14.0,8.64,0.0,0.0,15.67,273.23,1.5,2,101000.0,9999999
03776,0,4322,11.6,7.65,0.0,0.0,15.67,270.6,0.0,0,101000.0,9999999
03776,0,4323,10.2,7.04,0.0,0.0,15.67,268.8,0.0,0,100900.0,9999999
03776,0,4324,11.9,7.29,21.0,21.0,15.67,270.6,0.0,0,101000.0,9999999
03776,0,4325,14.1,8.02,117.0,84.0,15.67,273.01,1.0,4,100900.0,9999999
03776,0,4326,16.0,8.52,268.0,130.0,15.67,275.15,1.0,3,100900.0,9999999
03776,0,4327,18.7,9.42,436.0,124.0,15.67,277.86,1.0,3,100900.0,9999999
03776,0,4328,22.1,10.19,594.0,135.0,15.67,281.49,1.0,1,100800.0,9999999
03776,0,4329,25.4,10.95,727.0,153.0,15.67,284.79,1.0,4,100800.0,9999999
03776,0,4330,27.4,9.99,825.0,136.0,15.67,286.5,1.0,8,100700.0,9999999
03776,0,4331,28.6,10.46,876.0,147.0,15.67,287.8,2.1,12,100700.0,9999999
03776,0,4332,29.6,9.67,880.0,144.0,15.67,288.35,1.0,1,100700.0,9999999
03776,0,4333,30.8,9.93,835.0,138.0,15.67,289.63,1.5,7,100600.0,9999999
03776,0,4334,31.3,8.99,745.0,123.0,15.67,289.81,1.5,11,100600.0,9999999
03776,0,4335,30.2,10.19,614.0,137.0,15.67,290.54,3.1,9,100600.0,9999999
03776,0,4336,29.0,9.54,458.0,119.0,15.67,287.8,2.6,8,100600.0,9999999
03776,0,4337,28.4,9.74,289.0,118.0,15.67,287.24,3.1,9,100500.0,9999999
03776,0,4338,26.5,9.93,135.0,89.0,15.67,285.55,2.1,11,100600.0,9999999
03776,0,4339,24.9,9.93,28.0,28.0,15.67,284.03,1.0,9,100600.0,9999999
03776,0,4340,23.2,9.99,1.0,1.0,15.67,282.48,0.0,0,100600.0,9999999
03776,0,4341,21.3,9.99,0.0,0.0,15.67,280.7,0.0,0,100600.0,9999999
03776,0,4342,19.2,9.86,0.0,0.0,15.67,278.68,0.0,0,100400.0,9999999
03776,0,4343,17.0,9.61,0.0,0.0,15.67,276.41,2.6,16,100200.0,9999999
03776,0,4344,15.1,9.29,0.0,0.0,16.24,277.86,0.0,0,100000.0,9999999
03776,0,4345,13.5,8.93,0.0,0.0,16.24,280.9,0.0,0,99800.0,9999999
03776,0,4346,12.4,8.64,0.0,0.0,16.24,279.7,1.0,10,99700.0,9999999
03776,0,4347,11.8,8.52,0.0,0.0,16.24,278.89,1.0,10,99600.0,9999999
03776,0,4348,11.4,8.41,11.0,11.0,16.24,278.48,1.0,9,99600.0,9999999
03776,0,4349,10.9,8.13,60.0,60.0,16.24,277.86,1.5,11,99600.0,9999999
03776,0,4350,12.0,8.3,54.0,54.0,16.24,281.1,1.5,10,99700.0,9999999
03776,0,4351,11.8,8.18,87.0,87.0,16.24,280.7,2.1,11,99700.0,9999999
03776,0,4352,13.2,8.35,305.0,261.0,16.24,280.3,2.6,10,99700.0,9999999
03776,0,4353,14.3,8.13,374.0,331.0,16.24,277.25,2.6,10,99700.0,9999999
03776,0,4354,15.2,7.8,424.0,409.0,16.24,277.45,2.1,10,99800.0,9999999
03776,0,4355,15.5,7.29,452.0,435.0,16.24,278.68,2.6,11,99800.0,9999999
03776,0,4356,17.6,7.49,453.0,437.0,16.24,281.49,4.6,10,99800.0,9999999
03776,0,4357,16.8,8.24,429.0,393.0,16.24,283.84,4.1,9,99800.0,9999999
03776,0,4358,16.2,6.85,384.0,370.0,16.24,279.09,4.6,9,99800.0,9999999
03776,0,4359,14.8,7.44,317.0,281.0,16.24,277.45,3.1,14,99800.0,9999999
03776,0,4360,16.4,7.19,334.0,242.0,16.24,277.04,3.6,10,99800.0,9999999
03776,0,4361,16.2,6.52,252.0,152.0,16.24,275.58,3.1,10,99800.0,9999999
03776,0,4362,15.2,6.9,125.0,101.0,16.24,274.94,4.1,9,99800.0,9999999
03776,0,4363,13.7,7.04,27.0,27.0,16.24,273.44,2.6,9,99900.0,9999999
03776,0,4364,12.4,7.24,1.0,1.0,16.24,272.36,2.6,8,99900.0,9999999
03776,0,4365,11.4,7.14,0.0,0.0,16.24,271.48,2.6,9,100000.0,9999999
03776,0,4366,10.3,7.09,0.0,0.0,16.24,270.37,1.5,9,100000.0,9999999
03776,0,4367,10.1,6.99,0.0,0.0,16.24,270.15,1.0,7,100000.0,9999999
03776,0,4368,9.6,6.94,0.0,0.0,16.24,269.48,0.0,0,100000.0,9999999
03776,0,4369,9.7,6.99,0.0,0.0,16.24,269.7,1.0,9,99900.0,9999999
03776,0,4370,9.9,7.09,0.0,0.0,16.24,270.82,1.5,8,99900.0,9999999
03776,0,4371,10.9,7.49,0.0,0.0,16.24,273.23,2.1,8,99900.0,9999999
03776,0,4372,11.6,7.44,20.0,20.0,16.24,273.23,2.1,8,99900.0,9999999
03776,0,4373,12.4,7.39,114.0,83.0,16.24,273.44,2.1,9,99900.0,9999999
03776,0,4374,13.7,7.54,230.0,167.0,16.24,276.41,3.1,9,99900.0,9999999
03776,0,4375,14.8,6.9,410.0,185.0,16.24,276.62,3.1,9,99900.0,9999999
03776,0,4376,14.7,7.19,433.0,297.0,16.24,277.25,3.1,10,99900.0,9999999
03776,0,4377,16.6,6.43,631.0,303.0,16.24,278.68,3.6,8,99900.0,9999999
03776,0,4378,16.1,6.8,601.0,379.0,16.24,278.48,4.1,10,99900.0,9999999
03776,0,4379,15.6,7.39,451.0,400.0,16.24,279.7,3.6,9,99900.0,9999999
03776,0,4380,15.8,6.61,454.0,437.0,16.24,278.07,5.1,8,99900.0,9999999
03776,0,4381,15.8,6.48,431.0,415.0,16.24,276.21,4.1,9,99800.0,9999999
03776,0,4382,14.8,6.48,384.0,370.0,16.24,276.41,3.6,8,99900.0,9999999
03776,0,4383,15.4,6.8,317.0,281.0,16.24,277.66,4.6,8,99800.0,9999999
03776,0,4384,14.4,7.09,236.0,227.0,16.24,278.27,4.6,9,99800.0,9999999
03776,0,4385,13.3,7.44,149.0,146.0,16.24,276.0,3.6,9,99800.0,9999999
03776,0,4386,12.7,7.54,70.0,70.0,16.24,276.0,2.6,8,99900.0,9999999
03776,0,4387,12.1,7.86,14.0,14.0,16.24,276.41,3.1,9,99900.0,9999999
03776,0,4388,11.4,7.65,0.0,0.0,16.24,275.58,2.1,9,99900.0,9999999
03776,0,4389,11.4,7.34,0.0,0.0,16.24,274.73,3.1,9,100000.0,9999999
03776,0,4390,11.1,7.39,0.0,0.0,16.24,277.86,2.6,8,100000.0,9999999
03776,0,4391,10.8,7.54,0.0,0.0,16.24,273.01,1.5,8,100000.0,9999999
03776,0,4392,10.6,7.24,0.0,0.0,16.24,277.25,2.1,9,100000.0,9999999
03776,0,4393,10.6,7.44,0.0,0.0,16.24,274.73,2.6,9,100000.0,9999999
03776,0,4394,10.6,7.54,0.0,0.0,16.24,277.45,2.1,9,100000.0,9999999
03776,0,4395,10.9,7.59,0.0,0.0,16.24,277.66,2.1,9,100000.0,9999999
03776,0,4396,10.9,7.7,10.0,10.0,16.24,277.66,2.6,9,100000.0,9999999
03776,0,4397,11.4,7.75,59.0,59.0,16.24,275.79,1.0,9,100000.0,9999999
03776,0,4398,12.2,7.91,136.0,135.0,16.24,276.62,2.1,8,100100.0,9999999
03776,0,4399,12.7,7.65,223.0,215.0,16.24,279.49,3.6,9,100100.0,9999999
03776,0,4400,12.0,8.18,304.0,290.0,16.24,279.09,3.6,10,100200.0,9999999
03776,0,4401,13.2,8.02,373.0,330.0,16.24,277.66,3.6,9,100200.0,9999999
03776,0,4402,14.1,8.24,423.0,387.0,16.24,278.48,4.6,10,100200.0,9999999
03776,0,4403,13.0,8.35,449.0,412.0,16.24,276.62,3.6,8,100200.0,9999999
03776,0,4404,14.6,7.97,452.0,435.0,16.24,278.07,4.1,9,100200.0,9999999
03776,0,4405,14.5,8.35,428.0,392.0,16.24,277.45,4.6,9,100300.0,9999999
03776,0,4406,15.4,8.13,382.0,368.0,16.24,277.86,5.1,9,100300.0,9999999
03776,0,4407,14.7,7.8,316.0,280.0,16.24,277.45,5.1,9,100300.0,9999999
03776,0,4408,14.3,7.7,289.0,240.0,16.24,277.04,4.6,9,100400.0,9999999
03776,0,4409,14.3,7.59,211.0,174.0,16.24,277.04,4.1,9,100400.0,9999999
03776,0,4410,13.4,7.29,117.0,98.0,16.24,273.44,3.1,10,100400.0,9999999
03776,0,4411,13.1,7.54,22.0,22.0,16.24,274.09,3.1,9,100500.0,9999999
03776,0,4412,12.6,7.8,1.0,1.0,16.24,276.0,2.1,9,100500.0,9999999
03776,0,4413,12.2,7.8,0.0,0.0,16.24,274.52,1.5,8,100600.0,9999999
03776,0,4414,12.4,7.91,0.0,0.0,16.24,276.83,1.5,9,100600.0,9999999
03776,0,4415,12.4,7.91,0.0,0.0,16.24,274.73,1.5,9,100600.0,9999999
03776,0,4416,12.3,7.75,0.0,0.0,16.24,272.58,1.0,8,100600.0,9999999
03776,0,4417,11.9,7.86,0.0,0.0,16.24,274.3,1.0,8,100700.0,9999999
03776,0,4418,11.8,7.97,0.0,0.0,16.24,274.3,0.0,0,100700.0,9999999
03776,0,4419,11.3,7.8,0.0,0.0,16.24,274.3,0.0,0,100700.0,9999999
03776,0,4420,11.2,7.86,10.0,10.0,16.24,274.09,1.0,14,100700.0,9999999
03776,0,4421,11.9,8.24,23.0,23.0,16.24,275.58,0.0,0,100700.0,9999999
03776,0,4422,13.1,8.18,53.0,53.0,16.24,276.62,1.0,9,100800.0,9999999
03776,0,4423,13.7,8.58,86.0,86.0,16.24,278.27,1.0,10,100800.0,9999999
03776,0,4424,13.9,8.99,303.0,259.0,16.24,278.68,2.1,12,100800.0,9999999
03776,0,4425,14.7,8.3,372.0,350.0,16.24,279.09,2.6,13,100900.0,9999999
03776,0,4426,15.3,8.07,422.0,407.0,16.24,282.28,2.6,14,100900.0,9999999
03776,0,4427,18.5,8.3,635.0,325.0,16.24,282.87,2.1,14,100900.0,9999999
03776,0,4428,18.1,7.91,452.0,400.0,16.24,284.99,3.1,15,100900.0,9999999
03776,0,4429,16.5,7.49,429.0,413.0,16.24,283.06,4.6,15,101000.0,9999999
03776,0,4430,16.8,7.54,382.0,369.0,16.24,280.9,2.1,16,101000.0,9999999
03776,0,4431,18.0,8.07,316.0,280.0,16.24,281.49,3.1,14,101000.0,9999999
03776,0,4432,16.8,8.35,235.0,223.0,16.24,283.84,2.6,16,101000.0,9999999
03776,0,4433,16.5,8.87,148.0,144.0,16.24,283.64,2.1,16,101100.0,9999999
03776,0,4434,16.0,8.64,69.0,69.0,16.24,280.5,2.1,15,101100.0,9999999
03776,0,4435,15.4,8.7,14.0,14.0,16.24,278.07,1.0,15,101200.0,9999999
03776,0,4436,14.9,8.64,0.0,0.0,16.24,278.68,2.1,14,101300.0,9999999
03776,0,4437,14.7,8.93,0.0,0.0,16.24,277.45,2.1,14,101300.0,9999999
03776,0,4438,14.7,8.81,0.0,0.0,16.24,275.15,2.6,15,101400.0,9999999
03776,0,4439,13.8,8.41,0.0,0.0,16.24,274.3,2.6,15,101400.0,9999999
03776,0,4440,13.0,8.46,0.0,0.0,16.24,273.44,2.6,15,101400.0,9999999
03776,0,4441,12.4,8.02,0.0,0.0,16.24,271.48,4.1,15,101500.0,9999999
03776,0,4442,12.1,8.35,0.0,0.0,16.24,272.58,2.1,15,101500.0,9999999
03776,0,4443,11.6,7.54,0.0,0.0,16.24,271.7,2.1,16,101600.0,9999999
03776,0,4444,11.1,7.59,19.0,19.0,16.24,271.26,2.6,16,101600.0,9999999
03776,0,4445,12.3,7.86,112.0,81.0,16.24,273.44,2.1,15,101600.0,9999999
03776,0,4446,12.7,7.97,259.0,128.0,16.24,274.52,2.6,16,101700.0,9999999
03776,0,4447,14.6,8.3,422.0,135.0,16.24,275.79,4.1,16,101700.0,9999999
03776,0,4448,16.7,8.52,578.0,147.0,16.24,277.86,3.6,15,101700.0,9999999
03776,0,4449,18.2,9.05,680.0,208.0,16.24,280.9,3.6,15,101800.0,9999999
03776,0,4450,18.0,8.3,708.0,309.0,16.24,280.9,3.6,16,101800.0,9999999
03776,0,4451,18.8,8.02,754.0,347.0,16.24,281.49,4.1,16,101800.0,9999999
03776,0,4452,20.4,8.3,757.0,400.0,16.24,282.67,4.1,16,101800.0,9999999
03776,0,4453,21.0,8.58,718.0,375.0,16.24,283.45,3.1,16,101900.0,9999999
03776,0,4454,20.8,8.07,641.0,288.0,16.24,282.87,3.1,16,101900.0,9999999
03776,0,4455,21.6,7.7,316.0,285.0,16.24,282.28,3.6,16,101900.0,9999999
03776,0,4456,21.5,8.13,235.0,226.0,16.24,282.48,3.6,15,101900.0,9999999
03776,0,4457,20.7,8.99,148.0,144.0,16.24,283.84,2.1,16,101900.0,9999999
03776,0,4458,20.6,9.17,69.0,69.0,16.24,283.84,1.0,16,101900.0,9999999
03776,0,4459,19.8,8.58,14.0,14.0,16.24,283.45,1.0,7,101900.0,9999999
03776,0,4460,18.1,9.48,0.0,0.0,16.24,282.08,1.0,14,102000.0,9999999
03776,0,4461,16.4,8.99,0.0,0.0,16.24,276.83,1.5,15,102100.0,9999999
03776,0,4462,14.0,8.87,0.0,0.0,16.24,274.52,1.5,13,102100.0,9999999
03776,0,4463,13.0,8.7,0.0,0.0,16.24,274.52,1.0,10,102100.0,9999999
03776,0,4464,12.2,8.24,0.0,0.0,16.24,274.73,1.0,8,102100.0,9999999
03776,0,4465,11.8,8.18,0.0,0.0,16.24,272.14,0.0,0,102100.0,9999999
03776,0,4466,11.0,7.86,0.0,0.0,16.24,272.14,1.0,8,102200.0,9999999
03776,0,4467,10.8,7.75,0.0,0.0,16.24,271.92,0.0,0,102100.0,9999999
03776,0,4468,10.5,7.7,19.0,19.0,16.24,271.7,1.0,11,102200.0,9999999
03776,0,4469,12.9,8.07,110.0,81.0,16.24,273.23,1.5,9,102200.0,9999999
03776,0,4470,14.5,7.91,189.0,152.0,16.24,278.68,2.1,15,102200.0,9999999
03776,0,4471,15.7,8.58,219.0,206.0,16.24,282.87,3.6,16,102200.0,9999999
03776,0,4472,17.8,8.75,553.0,253.0,16.24,280.3,3.6,15,102200.0,9999999
03776,0,4473,19.3,9.11,370.0,304.0,16.24,283.84,2.1,16,102200.0,9999999
03776,0,4474,21.0,9.74,419.0,384.0,16.24,284.41,4.1,15,102200.0,9999999
03776,0,4475,22.8,10.4,446.0,409.0,16.24,286.31,3.1,16,102200.0,9999999
03776,0,4476,23.8,10.13,752.0,361.0,16.24,287.24,2.6,15,102100.0,9999999
03776,0,4477,23.8,9.48,715.0,375.0,16.24,286.87,3.6,14,102100.0,9999999
03776,0,4478,23.5,9.74,537.0,324.0,16.24,287.43,4.1,15,102100.0,9999999
03776,0,4479,23.0,9.74,314.0,268.0,16.24,290.36,4.1,14,102100.0,9999999
03776,0,4480,23.1,10.13,233.0,222.0,16.24,290.72,3.1,15,102100.0,9999999
03776,0,4481,22.5,9.61,147.0,143.0,16.24,289.81,3.1,15,102100.0,9999999
03776,0,4482,22.2,10.13,68.0,68.0,16.24,289.81,2.1,15,102100.0,9999999
03776,0,4483,20.0,10.6,26.0,26.0,16.24,283.06,2.6,13,102100.0,9999999
03776,0,4484,18.7,10.53,1.0,1.0,16.24,280.7,1.5,13,102100.0,9999999
03776,0,4485,16.2,10.19,0.0,0.0,16.24,277.25,1.5,12,102200.0,9999999
03776,0,4486,15.2,9.86,0.0,0.0,16.24,276.0,1.0,9,102200.0,9999999
03776,0,4487,14.7,9.86,0.0,0.0,16.24,275.58,1.0,9,102200.0,9999999
03776,0,4488,14.3,9.61,0.0,0.0,16.24,273.87,0.0,0,102200.0,9999999
03776,0,4489,14.5,9.86,0.0,0.0,16.24,274.09,0.0,0,102200.0,9999999
03776,0,4490,15.2,9.99,0.0,0.0,16.24,274.73,0.0,0,102200.0,9999999
03776,0,4491,14.6,9.67,0.0,0.0,16.24,274.09,0.0,0,102200.0,9999999
03776,0,4492,14.8,9.74,9.0,9.0,16.24,275.58,0.0,0,102200.0,9999999
03776,0,4493,16.1,10.13,56.0,56.0,16.24,277.04,1.0,16,102200.0,9999999
03776,0,4494,17.1,10.67,186.0,148.0,16.24,278.27,1.0,16,102200.0,9999999
03776,0,4495,19.9,10.4,399.0,212.0,16.24,280.7,1.5,2,102200.0,9999999
03776,0,4496,21.8,10.13,573.0,158.0,16.24,282.48,2.1,1,102100.0,9999999
03776,0,4497,22.9,10.33,716.0,154.0,16.24,283.64,2.1,16,102100.0,9999999
03776,0,4498,24.3,10.53,813.0,143.0,16.24,284.99,2.1,14,102100.0,9999999
03776,0,4499,25.1,9.99,852.0,178.0,16.24,286.5,2.6,16,102100.0,9999999
03776,0,4500,25.3,9.67,753.0,351.0,16.24,289.09,2.1,14,102000.0,9999999
03776,0,4501,26.3,10.26,713.0,375.0,16.24,290.36,1.5,2,102000.0,9999999
03776,0,4502,25.6,9.11,638.0,332.0,16.24,289.27,3.1,2,102000.0,9999999
03776,0,4503,25.4,9.48,526.0,256.0,16.24,289.09,2.1,3,102000.0,9999999
03776,0,4504,25.4,10.4,427.0,167.0,16.24,288.9,2.1,6,101900.0,9999999
03776,0,4505,23.2,11.91,280.0,123.0,16.24,286.68,2.6,8,101900.0,9999999
03776,0,4506,21.6,10.46,132.0,87.0,16.24,283.45,2.6,8,101900.0,9999999
03776,0,4507,20.5,9.74,24.0,24.0,16.24,282.08,2.6,8,101900.0,9999999
03776,0,4508,19.3,9.99,0.0,0.0,16.24,281.1,2.1,8,101900.0,9999999
03776,0,4509,18.8,9.61,0.0,0.0,16.24,279.49,1.0,8,102000.0,9999999
03776,0,4510,17.2,9.8,0.0,0.0,16.24,278.89,0.0,0,102000.0,9999999
03776,0,4511,16.2,9.74,0.0,0.0,16.24,275.79,0.0,0,102000.0,9999999
03776,0,4512,14.4,9.54,0.0,0.0,16.24,273.87,0.0,0,101900.0,9999999
03776,0,4513,13.4,9.17,0.0,0.0,16.24,272.8,0.0,0,101900.0,9999999
03776,0,4514,13.2,9.17,0.0,0.0,16.24,272.58,0.0,0,101900.0,9999999
03776,0,4515,12.6,8.87,0.0,0.0,16.24,275.36,0.0,0,101900.0,9999999
03776,0,4516,13.3,9.29,17.0,17.0,16.24,274.09,0.0,0,101900.0,9999999
03776,0,4517,14.5,9.99,78.0,65.0,16.24,277.66,0.0,0,101900.0,9999999
03776,0,4518,17.4,10.81,240.0,148.0,16.24,279.49,0.0,0,101900.0,9999999
03776,0,4519,20.2,10.81,414.0,167.0,16.24,281.1,1.0,10,101900.0,9999999
03776,0,4520,22.1,11.24,570.0,151.0,16.24,283.06,2.1,12,101900.0,9999999
03776,0,4521,23.7,11.83,712.0,158.0,16.24,284.79,1.0,8,101800.0,9999999
03776,0,4522,24.3,11.24,797.0,170.0,16.24,287.43,2.1,10,101800.0,9999999
03776,0,4523,24.6,11.53,745.0,349.0,16.24,288.35,1.5,16,101800.0,9999999
03776,0,4524,24.6,11.76,788.0,328.0,16.24,288.54,2.8,16,101700.0,9999999
03776,0,4525,24.7,11.91,775.0,249.0,16.24,288.72,4.1,8,101700.0,9999999
03776,0,4526,24.0,11.24,634.0,283.0,16.24,287.8,3.1,8,101600.0,9999999
03776,0,4527,22.9,10.46,312.0,267.0,16.24,290.54,2.6,9,101600.0,9999999
03776,0,4528,20.0,12.86,231.0,222.0,16.24,288.54,5.1,16,101700.0,9999999
03776,0,4529,18.4,12.62,146.0,143.0,16.24,283.25,1.0,11,101600.0,9999999
03776,0,4530,19.2,12.46,67.0,67.0,16.24,282.87,0.0,0,101600.0,9999999
03776,0,4531,19.4,12.94,13.0,13.0,16.24,285.18,1.0,4,101600.0,9999999
03776,0,4532,19.0,12.94,0.0,0.0,16.24,284.79,1.0,1,101600.0,9999999
03776,0,4533,17.9,12.3,0.0,0.0,16.24,279.49,0.0,0,101600.0,9999999
03776,0,4534,18.0,12.3,0.0,0.0,16.24,286.31,0.5,6,101600.0,9999999
03776,0,4535,17.6,12.07,0.0,0.0,16.24,280.1,1.0,2,101600.0,9999999
03776,0,4536,16.3,11.39,0.0,0.0,16.24,276.41,0.0,0,101600.0,9999999
03776,0,4537,15.0,10.53,0.0,0.0,16.24,276.21,1.0,1,101600.0,9999999
03776,0,4538,15.1,9.99,0.0,0.0,16.24,277.04,1.0,3,101500.0,9999999
03776,0,4539,14.6,9.48,0.0,0.0,16.24,275.36,1.0,4,101500.0,9999999
03776,0,4540,13.9,9.23,17.0,17.0,16.24,275.58,1.0,3,101500.0,9999999
03776,0,4541,15.4,9.54,105.0,72.0,16.24,277.04,2.1,3,101500.0,9999999
03776,0,4542,17.1,9.99,253.0,127.0,16.24,278.89,1.0,3,101500.0,9999999
03776,0,4543,18.8,10.46,419.0,127.0,16.24,280.7,0.0,0,101500.0,9999999
03776,0,4544,20.7,10.81,578.0,138.0,16.24,281.69,2.6,4,101500.0,9999999
03776,0,4545,22.4,10.06,713.0,153.0,16.24,284.03,3.6,3,101500.0,9999999
03776,0,4546,23.2,10.06,797.0,166.0,16.24,286.12,4.6,4,101400.0,9999999
03776,0,4547,23.3,9.99,815.0,258.0,16.24,286.12,4.1,3,101400.0,9999999
03776,0,4548,24.2,9.67,869.0,204.0,16.24,285.55,3.6,3,101300.0,9999999
03776,0,4549,24.3,8.3,831.0,133.0,16.24,284.22,3.6,4,101300.0,9999999
03776,0,4550,24.7,9.17,740.0,122.0,16.24,284.99,4.6,3,101300.0,9999999
03776,0,4551,24.4,8.52,612.0,132.0,16.24,284.41,5.7,3,101300.0,9999999
03776,0,4552,23.7,7.97,456.0,129.0,16.24,283.45,4.6,4,101200.0,9999999
03776,0,4553,23.0,7.86,287.0,126.0,16.24,282.67,3.6,4,101200.0,9999999
03776,0,4554,22.0,7.86,131.0,94.0,16.24,281.89,4.1,4,101200.0,9999999
03776,0,4555,20.2,8.02,25.0,25.0,16.24,280.1,3.6,3,101200.0,9999999
03776,0,4556,18.0,7.86,0.0,0.0,16.24,278.07,4.1,3,101200.0,9999999
03776,0,4557,15.7,9.23,0.0,0.0,16.24,276.41,3.6,3,101300.0,9999999
03776,0,4558,14.8,9.36,0.0,0.0,16.24,278.27,3.6,2,101300.0,9999999
03776,0,4559,14.9,9.29,0.0,0.0,16.24,282.28,4.6,3,101200.0,9999999
03776,0,4560,15.1,9.23,0.0,0.0,16.24,284.41,2.6,4,101200.0,9999999
03776,0,4561,15.3,9.11,0.0,0.0,16.24,282.67,3.6,3,101200.0,9999999
03776,0,4562,15.3,9.11,0.0,0.0,16.24,282.67,3.6,3,101200.0,9999999
03776,0,4563,15.5,9.23,0.0,0.0,16.24,282.87,3.6,3,101100.0,9999999
03776,0,4564,15.4,9.05,3.0,3.0,16.24,284.6,4.1,2,101100.0,9999999
03776,0,4565,15.3,8.75,21.0,21.0,16.24,284.41,4.6,2,101100.0,9999999
03776,0,4566,15.8,8.64,51.0,51.0,16.24,284.99,4.6,2,101100.0,9999999
03776,0,4567,15.9,8.58,84.0,84.0,16.24,284.99,4.6,4,101100.0,9999999
03776,0,4568,16.0,8.41,116.0,116.0,16.24,284.99,4.1,3,101100.0,9999999
03776,0,4569,18.3,8.41,227.0,222.0,16.24,281.89,4.6,4,101100.0,9999999
03776,0,4570,18.8,8.13,343.0,334.0,16.24,283.06,5.1,2,101100.0,9999999
03776,0,4571,17.0,8.24,446.0,420.0,16.24,284.03,5.1,3,101100.0,9999999
03776,0,4572,18.4,8.35,448.0,410.0,16.24,285.37,3.6,4,101000.0,9999999
03776,0,4573,19.0,8.41,665.0,383.0,16.24,283.25,4.6,3,101000.0,9999999
03776,0,4574,20.1,8.35,695.0,257.0,16.24,282.87,4.6,3,101000.0,9999999
03776,0,4575,20.0,8.87,573.0,188.0,16.24,283.06,5.1,4,100900.0,9999999
03776,0,4576,20.0,8.75,451.0,123.0,16.24,281.29,5.1,4,100900.0,9999999
03776,0,4577,20.2,8.64,284.0,116.0,16.24,280.5,5.7,3,100900.0,9999999
03776,0,4578,19.4,8.3,130.0,86.0,16.24,279.49,4.6,3,100900.0,9999999
03776,0,4579,18.3,8.52,24.0,24.0,16.24,277.25,3.6,4,100900.0,9999999
03776,0,4580,16.0,9.23,0.0,0.0,16.24,276.62,3.1,4,100900.0,9999999
03776,0,4581,15.0,9.11,0.0,0.0,16.24,274.3,2.1,3,100900.0,9999999
03776,0,4582,13.9,8.87,0.0,0.0,16.24,273.23,1.0,3,100900.0,9999999
03776,0,4583,12.8,8.81,0.0,0.0,16.24,273.44,1.0,2,100900.0,9999999
03776,0,4584,12.6,8.7,0.0,0.0,16.24,273.23,0.0,0,100900.0,9999999
03776,0,4585,12.1,8.18,0.0,0.0,16.24,271.26,1.0,15,100900.0,9999999
03776,0,4586,11.7,8.13,0.0,0.0,16.24,272.14,1.0,16,100900.0,9999999
03776,0,4587,10.9,7.59,0.0,0.0,16.24,271.04,1.0,2,100900.0,9999999
03776,0,4588,12.9,8.75,3.0,3.0,16.24,282.08,2.1,2,100900.0,9999999
03776,0,4589,13.3,8.87,20.0,20.0,16.24,282.48,2.1,16,100900.0,9999999
03776,0,4590,14.0,9.29,50.0,50.0,16.24,283.45,1.5,1,100900.0,9999999
03776,0,4591,14.6,9.48,84.0,84.0,16.24,284.03,2.1,1,100900.0,9999999
03776,0,4592,15.8,9.54,296.0,254.0,16.24,283.25,2.1,16,100900.0,9999999
03776,0,4593,17.1,9.99,365.0,344.0,16.24,284.79,2.1,16,100900.0,9999999
03776,0,4594,19.0,10.4,807.0,368.0,16.24,280.9,2.1,16,100800.0,9999999
03776,0,4595,21.5,10.53,846.0,179.0,16.24,284.6,1.5,1,100800.0,9999999
03776,0,4596,22.5,11.17,796.0,316.0,16.24,286.31,2.1,16,100800.0,9999999
03776,0,4597,22.9,10.88,641.0,388.0,16.24,287.24,2.6,1,100800.0,9999999
03776,0,4598,23.6,10.67,376.0,320.0,16.24,287.8,1.0,16,100800.0,9999999
03776,0,4599,23.8,10.67,311.0,293.0,16.24,287.43,2.6,14,100800.0,9999999
03776,0,4600,23.7,10.46,231.0,219.0,16.24,286.68,2.1,13,100700.0,9999999
03776,0,4601,23.3,10.26,145.0,141.0,16.24,286.12,2.1,14,100700.0,9999999
03776,0,4602,21.5,11.46,65.0,65.0,16.24,283.64,2.1,10,100700.0,9999999
03776,0,4603,19.9,10.95,23.0,23.0,16.24,280.9,1.5,9,100800.0,9999999
03776,0,4604,18.7,11.17,0.0,0.0,16.24,280.9,1.5,8,100800.0,9999999
03776,0,4605,16.7,10.88,0.0,0.0,16.24,276.62,1.0,9,100800.0,9999999
03776,0,4606,15.6,10.46,0.0,0.0,16.24,278.89,1.5,9,100900.0,9999999
03776,0,4607,14.6,10.06,0.0,0.0,16.24,275.58,1.0,10,100900.0,9999999
03776,0,4608,13.9,9.67,0.0,0.0,16.24,274.73,1.0,11,100900.0,9999999
03776,0,4609,12.7,8.93,0.0,0.0,16.24,272.14,1.0,9,100900.0,9999999
03776,0,4610,13.1,9.29,0.0,0.0,16.24,282.48,1.5,9,100900.0,9999999
03776,0,4611,12.5,9.05,0.0,0.0,16.24,281.89,1.5,10,100900.0,9999999
03776,0,4612,12.9,9.29,3.0,3.0,16.24,282.28,1.5,9,100900.0,9999999
03776,0,4613,12.9,9.29,20.0,20.0,16.24,282.28,1.5,10,100900.0,9999999
03776,0,4614,13.6,9.74,50.0,50.0,16.24,283.25,1.0,9,100900.0,9999999
03776,0,4615,14.9,9.42,83.0,83.0,16.24,284.41,1.5,9,100900.0,9999999
03776,0,4616,15.6,9.8,115.0,115.0,16.24,285.18,2.1,10,101000.0,9999999
03776,0,4617,18.5,10.26,364.0,310.0,16.24,282.08,2.6,10,101000.0,9999999
03776,0,4618,20.8,10.33,414.0,380.0,16.24,281.69,2.1,10,100900.0,9999999
03776,0,4619,21.9,9.8,443.0,406.0,16.24,282.48,3.1,10,100900.0,9999999
03776,0,4620,22.5,10.53,444.0,408.0,16.24,284.22,3.1,9,100800.0,9999999
03776,0,4621,23.0,10.53,422.0,387.0,16.24,284.79,3.6,10,100800.0,9999999
03776,0,4622,22.1,9.29,377.0,355.0,16.24,282.48,4.6,10,100800.0,9999999
03776,0,4623,22.2,8.99,311.0,293.0,16.24,282.48,3.6,10,100800.0,9999999
03776,0,4624,21.1,9.8,230.0,219.0,16.24,281.69,3.1,9,100800.0,9999999
03776,0,4625,20.4,10.06,144.0,140.0,16.24,281.1,2.6,9,100800.0,9999999
03776,0,4626,19.3,10.6,65.0,65.0,16.24,280.3,2.6,9,100800.0,9999999
03776,0,4627,18.3,10.33,12.0,12.0,16.24,281.49,1.5,9,100900.0,9999999
03776,0,4628,17.0,10.13,0.0,0.0,16.24,280.1,1.5,9,100900.0,9999999
03776,0,4629,16.0,9.93,0.0,0.0,16.24,277.86,1.0,9,100900.0,9999999
03776,0,4630,15.4,9.86,0.0,0.0,16.24,278.48,1.0,9,100900.0,9999999
03776,0,4631,14.8,9.8,0.0,0.0,16.24,276.62,1.0,12,100900.0,9999999
03776,0,4632,14.1,9.36,0.0,0.0,16.24,275.79,0.0,0,100900.0,9999999
03776,0,4633,13.5,9.23,0.0,0.0,16.24,275.15,0.0,0,100900.0,9999999
03776,0,4634,13.8,9.29,0.0,0.0,16.24,277.25,0.0,0,100900.0,9999999
03776,0,4635,14.4,9.36,0.0,0.0,16.24,281.89,1.0,5,100900.0,9999999
03776,0,4636,14.4,9.54,8.0,8.0,16.24,281.89,1.0,16,100900.0,9999999
03776,0,4637,15.7,9.61,51.0,51.0,16.24,283.25,1.0,4,100900.0,9999999
03776,0,4638,17.0,9.93,126.0,124.0,16.24,284.6,1.5,10,100900.0,9999999
03776,0,4639,17.9,8.75,212.0,202.0,16.24,284.99,2.1,9,100900.0,9999999
03776,0,4640,19.2,9.74,294.0,281.0,16.24,286.68,2.1,9,100900.0,9999999
03776,0,4641,20.6,10.6,363.0,342.0,16.24,288.35,3.6,9,100900.0,9999999
03776,0,4642,21.7,11.09,693.0,328.0,16.24,286.12,4.6,9,100900.0,9999999
03776,0,4643,22.4,10.95,623.0,379.0,16.24,286.68,5.1,10,100900.0,9999999
03776,0,4644,22.4,11.39,626.0,413.0,16.24,287.62,4.1,10,100900.0,9999999
03776,0,4645,21.7,11.09,595.0,392.0,16.24,286.87,4.6,10,100900.0,9999999
03776,0,4646,20.7,10.67,630.0,306.0,16.24,284.99,4.1,10,100900.0,9999999
03776,0,4647,21.3,8.93,604.0,176.0,16.24,282.48,5.7,10,100900.0,9999999
03776,0,4648,20.8,8.46,448.0,119.0,16.24,280.9,4.6,10,100900.0,9999999
03776,0,4649,20.3,9.11,279.0,117.0,16.24,280.7,4.1,10,100900.0,9999999
03776,0,4650,19.2,9.54,125.0,85.0,16.24,280.7,3.1,9,100900.0,9999999
03776,0,4651,17.3,9.17,22.0,22.0,16.24,277.86,3.1,10,101000.0,9999999
03776,0,4652,15.7,9.61,0.0,0.0,16.24,276.41,2.1,10,101000.0,9999999
03776,0,4653,15.4,9.74,0.0,0.0,16.24,276.21,2.1,9,101100.0,9999999
03776,0,4654,14.4,9.54,0.0,0.0,16.24,275.15,2.1,10,101100.0,9999999
03776,0,4655,15.0,9.74,0.0,0.0,16.24,282.48,1.5,9,101000.0,9999999
03776,0,4656,14.5,9.74,0.0,0.0,16.24,278.68,1.0,11,101100.0,9999999
03776,0,4657,15.3,10.13,0.0,0.0,16.24,280.3,1.5,10,101100.0,9999999
03776,0,4658,14.6,9.93,0.0,0.0,16.24,279.7,1.0,9,101100.0,9999999
03776,0,4659,15.2,10.06,0.0,0.0,16.24,278.89,1.5,10,101100.0,9999999
03776,0,4660,14.1,9.74,14.0,14.0,16.24,276.0,1.0,9,101100.0,9999999
03776,0,4661,15.5,10.53,50.0,50.0,16.24,283.25,1.0,12,101200.0,9999999
03776,0,4662,16.5,10.4,124.0,122.0,16.24,284.22,3.1,12,101200.0,9999999
03776,0,4663,17.7,10.13,210.0,201.0,16.24,280.7,1.5,13,101200.0,9999999
03776,0,4664,18.4,9.93,293.0,280.0,16.24,281.89,1.5,15,101200.0,9999999
03776,0,4665,19.6,8.7,364.0,342.0,16.24,282.08,2.1,9,101200.0,9999999
03776,0,4666,21.3,9.74,413.0,379.0,16.24,282.87,3.1,10,101200.0,9999999
03776,0,4667,21.9,10.33,440.0,404.0,16.24,284.79,3.1,9,101200.0,9999999
03776,0,4668,21.8,9.74,444.0,407.0,16.24,285.18,3.6,9,101200.0,9999999
03776,0,4669,22.0,10.13,545.0,378.0,16.24,285.37,3.6,12,101200.0,9999999
03776,0,4670,21.1,9.67,569.0,354.0,16.24,284.41,3.6,10,101200.0,9999999
03776,0,4671,21.6,9.93,519.0,264.0,16.24,283.25,5.1,10,101200.0,9999999
03776,0,4672,20.5,9.42,364.0,208.0,16.24,282.67,4.5,10,101200.0,9999999
03776,0,4673,19.3,8.93,211.0,157.0,16.24,281.89,3.9,10,101200.0,9999999
03776,0,4674,18.2,8.41,86.0,84.0,16.24,281.1,3.3,10,101300.0,9999999
03776,0,4675,17.0,7.86,13.0,13.0,16.24,279.7,2.7,10,101300.0,9999999
03776,0,4676,15.9,7.34,0.0,0.0,16.24,279.09,2.1,13,101300.0,9999999
03776,0,4677,14.6,7.44,0.0,0.0,16.24,276.62,1.0,11,101300.0,9999999
03776,0,4678,13.6,7.7,0.0,0.0,16.24,277.86,1.0,11,101400.0,9999999
03776,0,4679,13.5,8.02,0.0,0.0,16.24,280.5,1.5,10,101400.0,9999999
03776,0,4680,13.8,8.07,0.0,0.0,16.24,282.67,1.0,9,101400.0,9999999
03776,0,4681,14.0,8.07,0.0,0.0,16.24,275.15,1.0,9,101400.0,9999999
03776,0,4682,14.2,8.18,0.0,0.0,16.24,277.86,1.0,10,101400.0,9999999
03776,0,4683,14.4,8.3,0.0,0.0,16.24,281.49,1.0,10,101400.0,9999999
03776,0,4684,15.0,8.81,7.0,7.0,16.24,282.28,1.0,9,101400.0,9999999
03776,0,4685,15.6,9.8,49.0,49.0,16.24,283.25,2.1,9,101400.0,9999999
03776,0,4686,15.8,10.53,123.0,121.0,16.24,283.64,2.1,9,101400.0,9999999
03776,0,4687,16.6,10.6,209.0,200.0,16.24,284.41,3.1,10,101400.0,9999999
03776,0,4688,17.7,10.53,291.0,278.0,16.24,285.55,3.6,10,101400.0,9999999
03776,0,4689,20.1,10.95,510.0,366.0,16.24,284.41,3.1,11,101400.0,9999999
03776,0,4690,20.4,10.67,553.0,340.0,16.24,284.79,3.6,10,101400.0,9999999
03776,0,4691,22.4,10.95,557.0,377.0,16.24,285.55,4.6,9,101400.0,9999999
03776,0,4692,22.1,11.17,524.0,386.0,16.24,285.93,3.6,9,101400.0,9999999
03776,0,4693,21.5,10.74,460.0,391.0,16.24,285.18,4.1,8,101300.0,9999999
03776,0,4694,20.8,10.74,374.0,323.0,16.24,285.18,4.6,9,101300.0,9999999
03776,0,4695,21.3,10.88,435.0,306.0,16.24,283.25,4.1,8,101300.0,9999999
03776,0,4696,20.6,11.02,279.0,229.0,16.24,284.99,3.9,8,101300.0,9999999
03776,0,4697,20.0,11.17,141.0,137.0,16.24,287.99,3.6,9,101300.0,9999999
03776,0,4698,18.7,11.39,63.0,63.0,16.24,286.68,3.6,9,101300.0,9999999
03776,0,4699,18.2,11.39,11.0,11.0,16.24,286.31,2.6,9,101200.0,9999999
03776,0,4700,18.0,11.39,0.0,0.0,16.24,286.12,2.6,10,101200.0,9999999
03776,0,4701,17.7,11.31,0.0,0.0,16.24,285.74,3.1,9,101200.0,9999999
03776,0,4702,17.3,10.95,0.0,0.0,16.24,285.18,3.1,10,101200.0,9999999
03776,0,4703,17.1,10.95,0.0,0.0,16.24,287.06,2.6,9,101200.0,9999999
03776,0,4704,16.8,10.95,0.0,0.0,16.24,286.68,2.6,10,101200.0,9999999
03776,0,4705,16.7,10.88,0.0,0.0,16.24,284.6,2.6,10,101200.0,9999999
03776,0,4706,16.6,9.36,0.0,0.0,16.24,284.03,3.1,13,101100.0,9999999
03776,0,4707,15.9,9.05,0.0,0.0,16.24,283.25,3.1,12,101100.0,9999999
03776,0,4708,15.6,8.7,7.0,7.0,16.24,282.87,2.6,11,101100.0,9999999
03776,0,4709,15.9,8.81,48.0,48.0,16.24,278.48,3.6,10,101100.0,9999999
03776,0,4710,16.9,9.36,122.0,121.0,16.24,280.9,4.6,11,101100.0,9999999
03776,0,4711,16.3,9.42,208.0,199.0,16.24,283.64,3.6,11,101100.0,9999999
03776,0,4712,16.7,9.67,291.0,278.0,16.24,284.22,3.1,11,101100.0,9999999
03776,0,4713,17.7,9.93,141.0,141.0,16.24,287.24,3.1,12,101100.0,9999999
03776,0,4714,18.1,9.93,161.0,160.0,16.24,287.62,3.1,12,101100.0,9999999
03776,0,4715,17.9,9.67,172.0,170.0,16.24,287.43,4.1,12,101100.0,9999999
03776,0,4716,18.9,10.26,173.0,171.0,16.24,288.54,3.1,11,101100.0,9999999
03776,0,4717,18.8,9.99,164.0,163.0,16.24,288.35,3.1,11,101100.0,9999999
03776,0,4718,20.4,10.06,373.0,317.0,16.24,287.99,3.1,14,101000.0,9999999
03776,0,4719,20.1,9.29,308.0,290.0,16.24,287.43,3.6,14,101000.0,9999999
03776,0,4720,20.0,9.36,227.0,216.0,16.24,287.24,3.1,13,101000.0,9999999
03776,0,4721,19.7,9.61,141.0,137.0,16.24,282.48,3.1,12,101000.0,9999999
03776,0,4722,20.2,10.13,62.0,62.0,16.24,281.89,2.1,12,100900.0,9999999
03776,0,4723,18.1,9.93,11.0,11.0,16.24,281.1,1.5,9,101000.0,9999999
03776,0,4724,16.4,9.74,0.0,0.0,16.24,279.29,1.5,9,101000.0,9999999
03776,0,4725,16.0,9.8,0.0,0.0,16.24,280.1,2.1,9,101000.0,9999999
03776,0,4726,15.5,9.61,0.0,0.0,16.24,276.21,2.1,13,101000.0,9999999
03776,0,4727,15.6,9.86,0.0,0.0,16.24,278.68,1.0,12,101000.0,9999999
03776,0,4728,14.7,9.42,0.0,0.0,16.24,276.41,1.0,11,100900.0,9999999
03776,0,4729,13.0,8.99,0.0,0.0,16.24,277.66,1.0,10,100900.0,9999999
03776,0,4730,14.1,9.48,0.0,0.0,16.24,281.69,1.0,9,100900.0,9999999
03776,0,4731,14.4,9.54,0.0,0.0,16.24,281.89,1.0,9,100800.0,9999999
03776,0,4732,14.5,9.61,6.0,6.0,16.24,282.08,1.0,9,100800.0,9999999
03776,0,4733,15.1,9.8,47.0,47.0,16.24,282.67,1.0,10,100800.0,9999999
03776,0,4734,15.6,9.54,121.0,119.0,16.24,283.06,1.5,10,100700.0,9999999
03776,0,4735,15.9,10.13,207.0,198.0,16.24,280.1,1.5,9,100700.0,9999999
03776,0,4736,18.1,10.81,289.0,276.0,16.24,283.25,4.1,11,100700.0,9999999
03776,0,4737,17.3,11.39,140.0,140.0,16.24,287.43,3.1,11,100600.0,9999999
03776,0,4738,17.9,11.53,160.0,159.0,16.24,287.99,3.6,11,100600.0,9999999
03776,0,4739,18.7,11.83,436.0,352.0,16.24,286.87,4.6,11,100500.0,9999999
03776,0,4740,19.4,11.68,439.0,403.0,16.24,287.62,4.1,12,100500.0,9999999
03776,0,4741,20.0,11.91,512.0,380.0,16.24,285.55,4.6,14,100500.0,9999999
03776,0,4742,20.4,10.81,526.0,385.0,16.24,285.55,6.2,16,100500.0,9999999
03776,0,4743,18.7,10.81,306.0,262.0,16.24,286.5,6.7,16,100600.0,9999999
03776,0,4744,18.8,9.86,226.0,215.0,16.24,286.31,5.1,16,100600.0,9999999
03776,0,4745,18.0,9.74,140.0,137.0,16.24,285.55,4.6,16,100600.0,9999999
03776,0,4746,17.3,9.17,61.0,61.0,16.24,284.6,5.1,15,100700.0,9999999
03776,0,4747,16.6,7.75,11.0,11.0,16.24,283.45,4.1,16,100700.0,9999999
03776,0,4748,15.8,7.49,0.0,0.0,16.24,276.62,5.1,16,100800.0,9999999
03776,0,4749,14.9,7.39,0.0,0.0,16.24,274.73,3.6,16,100900.0,9999999
03776,0,4750,13.9,7.8,0.0,0.0,16.24,274.09,3.1,15,100900.0,9999999
03776,0,4751,13.8,7.97,0.0,0.0,16.24,276.21,4.1,15,100900.0,9999999
03776,0,4752,13.4,8.13,0.0,0.0,16.24,273.66,3.1,15,100900.0,9999999
03776,0,4753,13.2,8.46,0.0,0.0,16.24,276.41,3.1,15,100900.0,9999999
03776,0,4754,13.1,8.41,0.0,0.0,16.24,276.21,3.6,15,101000.0,9999999
03776,0,4755,12.1,8.3,0.0,0.0,16.24,273.44,3.1,15,101000.0,9999999
03776,0,4756,11.9,8.13,12.0,12.0,16.24,273.23,3.1,15,101000.0,9999999
03776,0,4757,12.8,8.35,89.0,65.0,16.24,274.09,3.6,15,101100.0,9999999
03776,0,4758,14.7,8.64,234.0,121.0,16.24,275.15,4.1,16,101100.0,9999999
03776,0,4759,16.7,8.87,346.0,181.0,16.24,279.9,5.1,15,101100.0,9999999
03776,0,4760,16.7,8.64,409.0,301.0,16.24,279.7,5.1,15,101100.0,9999999
03776,0,4761,18.3,8.41,360.0,336.0,16.24,281.89,6.7,15,101100.0,9999999
03776,0,4762,17.4,8.3,411.0,376.0,16.24,284.41,8.2,15,101100.0,9999999
03776,0,4763,14.7,9.67,438.0,401.0,16.24,282.28,5.1,14,101200.0,9999999
03776,0,4764,14.6,9.8,172.0,171.0,16.24,284.22,4.6,15,101200.0,9999999
03776,0,4765,15.7,9.93,163.0,162.0,16.24,285.37,5.1,15,101200.0,9999999
03776,0,4766,15.7,9.86,145.0,145.0,16.24,285.37,4.6,15,101200.0,9999999
03776,0,4767,16.5,9.93,119.0,119.0,16.24,286.12,4.6,15,101200.0,9999999
03776,0,4768,17.2,9.8,88.0,88.0,16.24,286.68,5.1,16,101200.0,9999999
03776,0,4769,18.0,9.29,197.0,160.0,16.24,282.67,4.6,16,101200.0,9999999
03776,0,4770,18.6,9.67,111.0,84.0,16.24,282.08,3.6,16,101300.0,9999999
03776,0,4771,18.2,9.29,20.0,20.0,16.24,280.9,5.7,16,101400.0,9999999
03776,0,4772,17.5,9.05,0.0,0.0,16.24,280.7,6.2,16,101500.0,9999999
03776,0,4773,16.1,9.17,0.0,0.0,16.24,277.66,4.1,16,101600.0,9999999
03776,0,4774,15.2,9.29,0.0,0.0,16.24,275.79,2.6,16,101600.0,9999999
03776,0,4775,14.6,9.23,0.0,0.0,16.24,274.09,3.1,16,101600.0,9999999
03776,0,4776,14.3,9.17,0.0,0.0,16.24,276.0,2.1,16,101600.0,9999999
03776,0,4777,13.1,8.87,0.0,0.0,16.24,275.79,1.0,15,101700.0,9999999
03776,0,4778,13.3,8.87,0.0,0.0,16.24,276.62,2.1,15,101700.0,9999999
03776,0,4779,12.8,8.81,0.0,0.0,16.24,276.0,3.1,16,101700.0,9999999
03776,0,4780,13.4,9.17,6.0,6.0,16.24,280.9,2.1,15,101700.0,9999999
03776,0,4781,14.3,9.29,63.0,60.0,16.24,279.09,2.1,16,101800.0,9999999
03776,0,4782,15.5,9.11,200.0,118.0,16.24,279.49,3.6,1,101800.0,9999999
03776,0,4783,16.8,9.17,376.0,178.0,16.24,280.1,4.1,1,101800.0,9999999
03776,0,4784,18.3,9.23,560.0,168.0,16.24,279.7,3.6,16,101900.0,9999999
03776,0,4785,19.1,8.93,697.0,147.0,16.24,279.49,3.6,1,101900.0,9999999
03776,0,4786,20.0,8.64,797.0,134.0,16.24,280.3,4.1,16,101900.0,9999999
03776,0,4787,21.7,8.52,852.0,142.0,16.24,281.89,4.1,16,101900.0,9999999
03776,0,4788,22.8,7.8,859.0,161.0,16.24,282.48,3.6,1,101900.0,9999999
03776,0,4789,23.8,7.91,815.0,153.0,16.24,284.6,4.6,1,101900.0,9999999
03776,0,4790,23.0,8.07,725.0,146.0,16.24,283.84,3.6,16,101900.0,9999999
03776,0,4791,23.5,7.86,596.0,146.0,16.24,284.22,4.6,2,101800.0,9999999
03776,0,4792,23.8,8.58,436.0,127.0,16.24,283.84,3.1,1,101800.0,9999999
03776,0,4793,23.7,8.75,266.0,117.0,16.24,283.84,3.6,2,101800.0,9999999
03776,0,4794,23.4,8.75,114.0,81.0,16.24,283.45,3.6,1,101800.0,9999999
03776,0,4795,21.6,9.17,19.0,19.0,16.24,281.89,2.1,4,101900.0,9999999
03776,0,4796,20.3,9.36,0.0,0.0,16.24,281.69,2.1,4,102000.0,9999999
03776,0,4797,18.2,9.17,0.0,0.0,16.24,278.68,1.0,4,102000.0,9999999
03776,0,4798,16.5,9.17,0.0,0.0,16.24,275.79,1.0,3,102000.0,9999999
03776,0,4799,13.9,8.99,0.0,0.0,16.24,273.23,0.0,0,102000.0,9999999
03776,0,4800,12.7,8.64,0.0,0.0,16.24,271.92,0.0,0,102000.0,9999999
03776,0,4801,11.6,8.07,0.0,0.0,16.24,270.6,0.0,0,102000.0,9999999
03776,0,4802,10.4,7.65,0.0,0.0,16.24,269.48,0.0,0,102000.0,9999999
03776,0,4803,9.5,7.29,0.0,0.0,16.24,269.7,0.0,0,102000.0,9999999
03776,0,4804,9.6,7.34,11.0,11.0,16.24,268.57,0.0,0,102000.0,9999999
03776,0,4805,12.2,8.35,86.0,63.0,16.24,271.26,1.0,16,102000.0,9999999
03776,0,4806,16.0,8.99,229.0,120.0,16.24,275.15,1.0,16,102000.0,9999999
03776,0,4807,18.5,7.39,398.0,150.0,16.24,277.04,3.6,1,102000.0,9999999
03776,0,4808,19.9,7.59,560.0,162.0,16.24,278.27,3.6,1,101900.0,9999999
03776,0,4809,20.9,7.7,700.0,155.0,16.24,279.29,3.6,1,101900.0,9999999
03776,0,4810,21.3,8.18,796.0,132.0,16.24,281.29,3.6,2,101900.0,9999999
03776,0,4811,21.7,8.35,850.0,141.0,16.24,281.69,4.1,1,101900.0,9999999
03776,0,4812,21.8,8.58,841.0,169.0,16.24,282.87,4.6,16,101800.0,9999999
03776,0,4813,23.1,8.52,812.0,136.0,16.24,284.03,3.6,1,101800.0,9999999
03776,0,4814,23.1,8.18,723.0,142.0,16.24,284.03,3.6,1,101800.0,9999999
03776,0,4815,23.9,8.52,593.0,134.0,16.24,284.79,4.6,2,101700.0,9999999
03776,0,4816,23.6,8.52,436.0,123.0,16.24,284.6,3.6,3,101700.0,9999999
03776,0,4817,22.7,8.75,267.0,114.0,16.24,283.84,2.1,6,101700.0,9999999
03776,0,4818,21.8,8.93,115.0,80.0,16.24,283.06,2.6,9,101700.0,9999999
03776,0,4819,18.5,10.13,19.0,19.0,16.24,280.3,1.0,9,101700.0,9999999
03776,0,4820,17.4,9.93,0.0,0.0,16.24,279.09,1.0,8,101800.0,9999999
03776,0,4821,16.4,9.74,0.0,0.0,16.24,279.29,0.0,0,101800.0,9999999
03776,0,4822,16.6,9.36,0.0,0.0,16.24,277.25,1.0,2,101800.0,9999999
03776,0,4823,15.9,9.17,0.0,0.0,16.24,275.15,0.5,4,101800.0,9999999
03776,0,4824,12.9,8.41,0.0,0.0,16.24,272.14,0.0,0,101800.0,9999999
03776,0,4825,13.9,8.87,0.0,0.0,16.24,273.23,1.0,4,101700.0,9999999
03776,0,4826,11.1,8.02,0.0,0.0,16.24,270.15,0.0,0,101700.0,9999999
03776,0,4827,10.5,7.91,0.0,0.0,16.24,272.36,0.0,0,101700.0,9999999
03776,0,4828,10.0,7.65,9.0,9.0,16.24,273.44,0.0,0,101800.0,9999999
03776,0,4829,11.8,8.52,43.0,43.0,16.24,278.89,0.0,0,101800.0,9999999
03776,0,4830,14.2,9.54,213.0,131.0,16.24,274.94,0.0,0,101700.0,9999999
03776,0,4831,16.8,9.54,395.0,152.0,16.24,276.21,0.0,0,101700.0,9999999
03776,0,4832,20.4,7.91,557.0,162.0,16.24,278.89,2.6,3,101700.0,9999999
03776,0,4833,21.2,7.29,684.0,158.0,16.24,280.7,3.1,4,101700.0,9999999
03776,0,4834,22.0,7.97,794.0,168.0,16.24,281.89,3.6,1,101700.0,9999999
03776,0,4835,23.0,9.11,847.0,144.0,16.24,284.22,2.6,16,101600.0,9999999
03776,0,4836,23.0,9.36,852.0,146.0,16.24,284.41,3.1,1,101600.0,9999999
03776,0,4837,24.6,9.23,809.0,138.0,16.24,285.74,3.1,16,101600.0,9999999
03776,0,4838,24.8,8.99,723.0,139.0,16.24,284.99,1.5,3,101500.0,9999999
03776,0,4839,24.9,9.74,592.0,132.0,16.24,285.37,1.5,13,101500.0,9999999
03776,0,4840,23.8,9.11,435.0,117.0,16.24,284.03,1.5,1,101500.0,9999999
03776,0,4841,24.1,7.29,266.0,123.0,16.24,284.6,3.1,3,101400.0,9999999
03776,0,4842,21.5,9.48,113.0,79.0,16.24,282.87,2.1,8,101400.0,9999999
03776,0,4843,19.8,8.58,18.0,18.0,16.24,280.9,1.5,8,101500.0,9999999
03776,0,4844,16.8,8.35,0.0,0.0,16.24,277.04,2.1,9,101500.0,9999999
03776,0,4845,16.0,8.41,0.0,0.0,16.24,276.41,1.0,12,101500.0,9999999
03776,0,4846,14.7,8.52,0.0,0.0,16.24,275.15,0.0,0,101500.0,9999999
03776,0,4847,12.8,8.13,0.0,0.0,16.24,273.23,1.0,13,101500.0,9999999
03776,0,4848,11.6,7.86,0.0,0.0,16.24,271.92,1.0,13,101500.0,9999999
03776,0,4849,11.1,7.91,0.0,0.0,16.24,271.48,0.0,0,101500.0,9999999
03776,0,4850,10.2,7.54,0.0,0.0,16.24,270.37,0.0,0,101500.0,9999999
03776,0,4851,9.9,7.39,0.0,0.0,16.24,270.15,0.0,0,101500.0,9999999
03776,0,4852,9.6,7.14,10.0,10.0,16.24,270.6,1.0,9,101500.0,9999999
03776,0,4853,12.3,8.3,82.0,61.0,16.24,272.8,0.0,0,101500.0,9999999
03776,0,4854,16.6,9.17,225.0,117.0,16.24,277.25,0.0,0,101500.0,9999999
03776,0,4855,19.2,9.29,393.0,124.0,16.24,279.7,1.5,1,101400.0,9999999
03776,0,4856,21.0,8.87,556.0,135.0,16.24,279.9,3.1,16,101400.0,9999999
03776,0,4857,22.4,7.54,696.0,154.0,16.24,282.08,3.1,16,101400.0,9999999
03776,0,4858,23.2,8.24,794.0,128.0,16.24,283.06,2.6,1,101400.0,9999999
03776,0,4859,24.5,8.07,847.0,159.0,16.24,285.18,1.5,2,101300.0,9999999
03776,0,4860,25.1,9.48,802.0,279.0,16.24,288.17,1.5,15,101300.0,9999999
03776,0,4861,25.6,6.52,767.0,227.0,16.24,287.43,2.1,12,101300.0,9999999
03776,0,4862,25.0,9.29,676.0,207.0,16.24,287.99,3.6,10,101200.0,9999999
03776,0,4863,23.9,9.17,579.0,143.0,16.24,286.31,3.1,9,101200.0,9999999
03776,0,4864,24.1,9.36,431.0,124.0,16.24,285.37,3.6,11,101200.0,9999999
03776,0,4865,23.1,9.29,264.0,112.0,16.24,283.45,3.1,11,101200.0,9999999
03776,0,4866,20.8,9.86,111.0,78.0,16.24,281.49,2.6,10,101200.0,9999999
03776,0,4867,19.3,9.11,18.0,18.0,16.24,280.7,1.5,9,101200.0,9999999
03776,0,4868,18.5,9.74,0.0,0.0,16.24,280.1,1.0,8,101300.0,9999999
03776,0,4869,16.6,9.74,0.0,0.0,16.24,280.7,1.0,9,101300.0,9999999
03776,0,4870,15.5,9.48,0.0,0.0,16.24,278.89,0.7,9,101300.0,9999999
03776,0,4871,14.4,9.17,0.0,0.0,16.24,276.62,0.3,9,101300.0,9999999
03776,0,4872,13.3,8.87,0.0,0.0,16.24,273.87,0.0,0,101300.0,9999999
03776,0,4873,13.5,8.99,0.0,0.0,16.24,274.09,0.0,0,101300.0,9999999
03776,0,4874,12.6,8.58,0.0,0.0,16.24,274.09,1.0,15,101200.0,9999999
03776,0,4875,11.1,7.8,0.0,0.0,16.24,271.48,1.0,8,101300.0,9999999
03776,0,4876,12.1,8.18,7.0,7.0,16.24,272.58,0.0,0,101300.0,9999999
03776,0,4877,13.6,8.81,41.0,41.0,16.24,272.8,0.0,0,101300.0,9999999
03776,0,4878,15.1,9.54,114.0,112.0,16.24,276.83,0.0,0,101300.0,9999999
03776,0,4879,18.5,10.26,199.0,191.0,16.24,282.08,0.0,0,101300.0,9999999
03776,0,4880,21.3,9.86,283.0,270.0,16.24,285.37,1.0,10,101300.0,9999999
03776,0,4881,22.9,8.02,355.0,313.0,16.24,286.87,1.5,11,101200.0,9999999
03776,0,4882,23.8,7.54,407.0,392.0,16.24,283.45,1.5,11,101200.0,9999999
03776,0,4883,25.2,6.99,617.0,362.0,16.24,284.41,1.5,8,101200.0,9999999
03776,0,4884,25.7,8.02,619.0,472.0,16.24,286.31,2.1,10,101200.0,9999999
03776,0,4885,25.8,6.66,590.0,447.0,16.24,285.74,1.0,12,101200.0,9999999
03776,0,4886,26.5,7.09,679.0,285.0,16.24,286.68,3.1,8,101100.0,9999999
03776,0,4887,25.5,6.94,556.0,193.0,16.24,285.74,2.6,9,101100.0,9999999
03776,0,4888,25.2,8.13,432.0,125.0,16.24,284.99,3.1,9,101100.0,9999999
03776,0,4889,23.9,7.65,263.0,121.0,16.24,283.45,2.6,8,101000.0,9999999
03776,0,4890,22.3,7.24,95.0,77.0,16.24,281.89,2.6,9,101000.0,9999999
03776,0,4891,20.7,7.8,12.0,12.0,16.24,280.5,1.5,9,101000.0,9999999
03776,0,4892,19.4,7.97,0.0,0.0,16.24,278.07,1.5,8,101000.0,9999999
03776,0,4893,17.9,8.46,0.0,0.0,16.24,276.83,1.0,8,101000.0,9999999
03776,0,4894,16.2,8.75,0.0,0.0,16.24,276.62,1.0,8,101000.0,9999999
03776,0,4895,15.9,9.48,0.0,0.0,16.24,277.66,1.0,11,101000.0,9999999
03776,0,4896,15.8,9.8,0.0,0.0,16.24,279.29,1.0,10,101000.0,9999999
03776,0,4897,15.5,9.8,0.0,0.0,16.24,283.06,1.0,12,100900.0,9999999
03776,0,4898,15.2,9.74,0.0,0.0,16.24,279.29,0.0,0,100900.0,9999999
03776,0,4899,15.3,9.93,0.0,0.0,16.24,282.87,0.0,0,100900.0,9999999
03776,0,4900,15.2,9.99,2.0,2.0,16.24,284.79,1.0,9,100900.0,9999999
03776,0,4901,15.8,9.67,16.0,16.0,16.24,285.37,1.0,12,100800.0,9999999
03776,0,4902,16.6,9.36,44.0,44.0,16.24,285.93,1.5,9,100800.0,9999999
03776,0,4903,17.3,8.93,78.0,78.0,16.24,286.5,1.0,9,100800.0,9999999
03776,0,4904,18.7,8.58,110.0,110.0,16.24,287.8,1.0,9,100800.0,9999999
03776,0,4905,19.9,8.81,138.0,138.0,16.24,289.09,2.1,10,100700.0,9999999
03776,0,4906,20.8,9.36,158.0,157.0,16.24,290.18,2.6,9,100700.0,9999999
03776,0,4907,22.2,8.87,433.0,347.0,16.24,283.45,3.6,9,100700.0,9999999
03776,0,4908,22.2,8.52,436.0,399.0,16.24,284.41,4.1,10,100600.0,9999999
03776,0,4909,22.4,8.3,414.0,379.0,16.24,282.48,5.1,10,100600.0,9999999
03776,0,4910,22.4,9.17,367.0,345.0,16.24,282.67,6.2,9,100500.0,9999999
03776,0,4911,22.6,9.67,300.0,283.0,16.24,284.03,6.2,9,100400.0,9999999
03776,0,4912,19.8,10.74,158.0,157.0,16.24,284.99,5.7,9,100400.0,9999999
03776,0,4913,17.6,12.07,52.0,52.0,16.24,287.8,3.6,9,100400.0,9999999
03776,0,4914,16.9,11.46,21.0,21.0,16.24,287.06,4.1,10,100300.0,9999999
03776,0,4915,16.9,11.83,3.0,3.0,16.24,287.06,3.1,10,100300.0,9999999
03776,0,4916,16.9,11.91,0.0,0.0,16.24,287.06,2.6,10,100300.0,9999999
03776,0,4917,17.2,11.17,0.0,0.0,16.24,285.18,4.1,13,100300.0,9999999
03776,0,4918,16.2,9.8,0.0,0.0,16.24,280.3,3.6,12,100300.0,9999999
03776,0,4919,15.4,9.74,0.0,0.0,16.24,277.25,3.1,12,100400.0,9999999
03776,0,4920,14.1,9.48,0.0,0.0,16.24,274.94,3.1,11,100400.0,9999999
03776,0,4921,14.2,9.23,0.0,0.0,16.24,277.04,4.1,11,100400.0,9999999
03776,0,4922,14.0,9.05,0.0,0.0,16.24,274.73,4.1,11,100400.0,9999999
03776,0,4923,13.8,9.29,0.0,0.0,16.24,274.52,3.6,11,100400.0,9999999
03776,0,4924,14.1,9.23,7.0,7.0,16.24,274.73,4.1,12,100400.0,9999999
03776,0,4925,14.7,9.29,74.0,59.0,16.24,275.36,4.1,12,100400.0,9999999
03776,0,4926,16.0,9.48,213.0,117.0,16.24,276.62,4.6,12,100500.0,9999999
03776,0,4927,17.0,9.29,361.0,151.0,16.24,278.48,5.1,13,100500.0,9999999
03776,0,4928,18.2,9.17,471.0,230.0,16.24,279.7,4.1,13,100500.0,9999999
03776,0,4929,19.7,8.87,590.0,265.0,16.24,283.45,6.7,13,100500.0,9999999
03776,0,4930,20.8,7.97,679.0,304.0,16.24,283.45,5.1,12,100500.0,9999999
03776,0,4931,21.6,8.07,765.0,325.0,16.24,284.99,6.2,12,100500.0,9999999
03776,0,4932,22.1,8.41,798.0,244.0,16.24,284.99,5.1,13,100500.0,9999999
03776,0,4933,23.7,8.13,694.0,326.0,16.24,286.87,5.1,12,100400.0,9999999
03776,0,4934,23.3,7.97,367.0,330.0,16.24,286.5,4.1,14,100500.0,9999999
03776,0,4935,22.2,7.75,300.0,267.0,16.24,286.12,5.1,15,100500.0,9999999
03776,0,4936,22.4,7.75,219.0,211.0,16.24,286.31,3.6,13,100500.0,9999999
03776,0,4937,23.0,8.24,222.0,145.0,16.24,285.18,2.6,16,100500.0,9999999
03776,0,4938,20.5,9.99,99.0,77.0,16.24,283.45,3.1,11,100600.0,9999999
03776,0,4939,19.8,10.19,8.0,8.0,16.24,281.49,2.1,11,100700.0,9999999
03776,0,4940,17.2,9.93,0.0,0.0,16.24,278.89,2.1,10,100800.0,9999999
03776,0,4941,15.4,9.54,0.0,0.0,16.24,276.21,2.1,11,100800.0,9999999
03776,0,4942,16.2,8.41,0.0,0.0,16.24,276.41,1.0,15,100900.0,9999999
03776,0,4943,13.8,8.3,0.0,0.0,16.24,272.8,1.0,9,100900.0,9999999
03776,0,4944,12.6,8.46,0.0,0.0,16.24,271.7,2.1,9,100900.0,9999999
03776,0,4945,12.2,8.41,0.0,0.0,16.24,271.48,1.0,8,101000.0,9999999
03776,0,4946,12.0,8.3,0.0,0.0,16.24,271.26,0.0,0,101000.0,9999999
03776,0,4947,11.0,7.86,0.0,0.0,16.24,273.44,0.0,0,101000.0,9999999
03776,0,4948,10.9,7.7,8.0,8.0,16.24,273.23,0.0,0,101000.0,9999999
03776,0,4949,13.1,8.75,38.0,38.0,16.24,280.3,0.0,0,101000.0,9999999
03776,0,4950,16.4,9.36,110.0,109.0,16.24,283.84,0.0,0,101000.0,9999999
03776,0,4951,18.0,8.93,196.0,188.0,16.24,285.18,2.1,9,101000.0,9999999
03776,0,4952,18.6,9.8,109.0,109.0,16.24,283.45,3.6,9,101000.0,9999999
03776,0,4953,17.3,10.88,136.0,136.0,16.24,287.24,3.1,8,101000.0,9999999
03776,0,4954,16.6,10.33,156.0,156.0,16.24,286.31,4.1,8,101000.0,9999999
03776,0,4955,16.6,11.24,167.0,166.0,16.24,286.68,4.1,8,100900.0,9999999
03776,0,4956,16.6,11.09,168.0,167.0,16.24,286.68,5.1,9,100900.0,9999999
03776,0,4957,16.7,11.68,160.0,159.0,16.24,286.87,5.7,9,100800.0,9999999
03776,0,4958,17.4,12.3,141.0,141.0,16.24,287.8,5.1,9,100800.0,9999999
03776,0,4959,18.8,12.7,295.0,245.0,16.24,287.24,5.1,9,100700.0,9999999
03776,0,4960,18.6,12.54,84.0,84.0,16.24,289.09,6.7,9,100700.0,9999999
03776,0,4961,18.4,12.46,51.0,51.0,16.24,288.72,4.6,10,100600.0,9999999
03776,0,4962,18.6,12.22,21.0,21.0,16.24,288.9,6.2,10,100600.0,9999999
03776,0,4963,18.3,11.99,8.0,8.0,16.24,286.5,6.2,10,100600.0,9999999
03776,0,4964,17.9,11.68,0.0,0.0,16.24,282.67,6.7,10,100600.0,9999999
03776,0,4965,17.9,11.53,0.0,0.0,16.24,281.89,5.7,10,100700.0,9999999
03776,0,4966,17.1,11.24,0.0,0.0,16.24,279.29,4.6,10,100700.0,9999999
03776,0,4967,16.8,11.09,0.0,0.0,16.24,280.3,4.6,10,100700.0,9999999
03776,0,4968,16.1,10.6,0.0,0.0,16.24,280.5,2.6,10,100700.0,9999999
03776,0,4969,16.5,10.26,0.0,0.0,16.24,284.22,2.6,10,100700.0,9999999
03776,0,4970,16.6,10.46,0.0,0.0,16.24,280.9,3.6,10,100700.0,9999999
03776,0,4971,16.4,10.6,0.0,0.0,16.24,284.22,3.6,11,100800.0,9999999
03776,0,4972,16.6,10.13,5.0,5.0,16.24,281.69,3.6,14,100900.0,9999999
03776,0,4973,15.9,9.36,37.0,37.0,16.24,276.62,3.6,14,101000.0,9999999
03776,0,4974,16.7,8.87,109.0,108.0,16.24,277.25,5.1,14,101000.0,9999999
03776,0,4975,17.4,8.99,194.0,187.0,16.24,278.89,4.6,15,101100.0,9999999
03776,0,4976,17.8,8.64,278.0,266.0,16.24,279.09,5.1,13,101200.0,9999999
03776,0,4977,18.1,8.64,349.0,328.0,16.24,278.48,3.1,14,101200.0,9999999
03776,0,4978,19.2,8.81,643.0,348.0,16.24,280.5,4.1,14,101300.0,9999999
03776,0,4979,20.7,8.64,802.0,274.0,16.24,280.9,3.1,12,101300.0,9999999
03776,0,4980,21.6,8.18,842.0,155.0,16.24,281.49,3.6,13,101300.0,9999999
03776,0,4981,22.9,8.52,798.0,133.0,16.24,283.84,4.1,12,101300.0,9999999
03776,0,4982,24.0,8.58,696.0,165.0,16.24,286.31,4.6,13,101300.0,9999999
03776,0,4983,22.9,8.02,569.0,155.0,16.24,283.64,3.6,14,101300.0,9999999
03776,0,4984,22.8,7.8,421.0,129.0,16.24,283.45,2.6,13,101300.0,9999999
03776,0,4985,23.3,8.07,247.0,126.0,16.24,284.03,3.1,12,101300.0,9999999
03776,0,4986,21.4,8.93,87.0,70.0,16.24,281.69,1.5,10,101300.0,9999999
03776,0,4987,18.9,9.54,7.0,7.0,16.24,281.69,2.1,9,101300.0,9999999
03776,0,4988,18.2,9.99,0.0,0.0,16.24,281.1,2.1,10,101400.0,9999999
03776,0,4989,16.5,9.29,0.0,0.0,16.24,277.04,2.6,10,101500.0,9999999
03776,0,4990,15.4,8.46,0.0,0.0,16.24,274.52,1.5,9,101500.0,9999999
03776,0,4991,14.2,8.18,0.0,0.0,16.24,274.52,1.5,9,101500.0,9999999
03776,0,4992,13.6,7.97,0.0,0.0,16.24,272.58,2.1,9,101500.0,9999999
03776,0,4993,13.4,7.91,0.0,0.0,16.24,272.36,2.1,9,101500.0,9999999
03776,0,4994,13.0,7.91,0.0,0.0,16.24,271.92,1.0,8,101500.0,9999999
03776,0,4995,11.6,7.86,0.0,0.0,16.24,270.6,0.0,0,101500.0,9999999
03776,0,4996,10.2,7.44,7.0,7.0,16.24,269.03,0.0,0,101500.0,9999999
03776,0,4997,12.4,8.13,60.0,51.0,16.24,271.48,1.0,9,101500.0,9999999
03776,0,4998,15.5,9.11,152.0,122.0,16.24,276.21,1.0,13,101500.0,9999999
03776,0,4999,18.0,9.17,193.0,182.0,16.24,278.48,2.6,15,101500.0,9999999
03776,0,5000,19.4,8.93,277.0,264.0,16.24,279.7,3.1,14,101600.0,9999999
03776,0,5001,20.1,9.05,348.0,327.0,16.24,280.5,2.6,14,101600.0,9999999
03776,0,5002,21.7,9.48,399.0,366.0,16.24,282.08,2.6,12,101500.0,9999999
03776,0,5003,22.2,9.11,428.0,392.0,16.24,282.48,4.1,12,101500.0,9999999
03776,0,5004,23.1,8.81,431.0,395.0,16.24,284.22,3.6,13,101500.0,9999999
03776,0,5005,24.6,8.7,409.0,375.0,16.24,285.55,3.6,11,101500.0,9999999
03776,0,5006,24.6,8.58,363.0,341.0,16.24,287.43,3.6,13,101500.0,9999999
03776,0,5007,24.0,8.75,296.0,279.0,16.24,286.31,3.1,13,101500.0,9999999
03776,0,5008,24.1,8.41,215.0,204.0,16.24,284.99,2.6,14,101400.0,9999999
03776,0,5009,24.1,9.36,214.0,142.0,16.24,284.41,3.1,9,101400.0,9999999
03776,0,5010,21.8,11.31,96.0,73.0,16.24,282.87,2.6,9,101400.0,9999999
03776,0,5011,20.4,10.81,13.0,13.0,16.24,281.29,1.5,9,101500.0,9999999
03776,0,5012,17.8,10.26,0.0,0.0,16.24,278.68,2.1,9,101500.0,9999999
03776,0,5013,17.0,10.13,0.0,0.0,16.24,277.86,1.0,9,101500.0,9999999
03776,0,5014,16.0,10.06,0.0,0.0,16.24,275.58,0.0,0,101500.0,9999999
03776,0,5015,14.1,9.48,0.0,0.0,16.24,273.66,0.0,0,101500.0,9999999
03776,0,5016,12.3,8.46,0.0,0.0,16.24,271.48,1.5,9,101500.0,9999999
03776,0,5017,12.5,8.7,0.0,0.0,16.24,271.7,0.0,0,101500.0,9999999
03776,0,5018,12.0,8.41,0.0,0.0,16.24,271.26,0.0,0,101500.0,9999999
03776,0,5019,11.5,8.24,0.0,0.0,16.24,270.6,0.0,0,101500.0,9999999
03776,0,5020,11.0,8.07,6.0,6.0,16.24,271.48,0.0,0,101500.0,9999999
03776,0,5021,12.2,8.41,63.0,54.0,16.24,271.48,0.0,0,101500.0,9999999
03776,0,5022,14.8,9.48,177.0,121.0,16.24,274.3,0.0,0,101500.0,9999999
03776,0,5023,19.3,10.46,270.0,228.0,16.24,278.89,1.0,11,101500.0,9999999
03776,0,5024,21.8,10.46,388.0,280.0,16.24,281.29,3.1,9,101400.0,9999999
03776,0,5025,23.0,9.86,555.0,312.0,16.24,283.64,4.1,8,101400.0,9999999
03776,0,5026,23.5,9.23,693.0,274.0,16.24,283.84,4.1,9,101400.0,9999999
03776,0,5027,24.0,8.07,784.0,281.0,16.24,283.84,5.1,8,101400.0,9999999
03776,0,5028,24.1,8.18,790.0,226.0,16.24,284.03,4.6,9,101300.0,9999999
03776,0,5029,24.7,7.86,749.0,226.0,16.24,284.41,4.1,9,101300.0,9999999
03776,0,5030,25.1,7.8,512.0,320.0,16.24,284.79,4.1,9,101300.0,9999999
03776,0,5031,23.4,8.13,295.0,267.0,16.24,283.25,4.6,10,101200.0,9999999
03776,0,5032,24.2,7.49,214.0,206.0,16.24,283.84,4.1,9,101200.0,9999999
03776,0,5033,22.8,6.71,127.0,125.0,16.24,282.08,4.1,9,101200.0,9999999
03776,0,5034,21.6,6.85,50.0,50.0,16.24,280.9,3.6,9,101100.0,9999999
03776,0,5035,19.9,8.07,12.0,12.0,16.24,279.9,2.6,9,101100.0,9999999
03776,0,5036,17.9,8.02,0.0,0.0,16.24,278.07,2.1,8,101100.0,9999999
03776,0,5037,16.1,7.91,0.0,0.0,16.24,274.94,1.5,8,101100.0,9999999
03776,0,5038,15.1,8.07,0.0,0.0,16.24,276.21,1.5,9,101100.0,9999999
03776,0,5039,15.6,8.24,0.0,0.0,16.24,278.48,1.5,8,101000.0,9999999
03776,0,5040,15.5,8.75,0.0,0.0,16.24,282.67,1.5,9,101000.0,9999999
03776,0,5041,16.0,9.23,0.0,0.0,16.24,276.62,1.5,9,101000.0,9999999
03776,0,5042,15.9,9.61,0.0,0.0,16.24,283.45,1.0,9,100900.0,9999999
03776,0,5043,16.1,9.54,0.0,0.0,16.24,279.09,1.0,9,100900.0,9999999
03776,0,5044,16.8,9.74,3.0,3.0,16.24,284.41,2.1,10,100900.0,9999999
03776,0,5045,15.8,10.6,13.0,13.0,16.24,285.55,1.5,11,100900.0,9999999
03776,0,5046,16.5,11.24,104.0,103.0,16.24,284.6,2.1,10,100900.0,9999999
03776,0,5047,17.9,11.31,267.0,200.0,16.24,281.89,3.6,12,100900.0,9999999
03776,0,5048,19.5,10.4,500.0,213.0,16.24,282.67,3.6,12,101000.0,9999999
03776,0,5049,20.0,8.87,488.0,338.0,16.24,283.06,5.1,14,101000.0,9999999
03776,0,5050,20.1,7.97,398.0,353.0,16.24,282.28,5.1,13,101000.0,9999999
03776,0,5051,21.4,6.94,428.0,412.0,16.24,281.69,5.1,13,101000.0,9999999
03776,0,5052,23.0,8.07,822.0,430.0,16.24,283.84,6.7,12,101000.0,9999999
03776,0,5053,23.6,7.8,779.0,170.0,16.24,285.55,7.2,11,100900.0,9999999
03776,0,5054,21.9,7.04,691.0,157.0,16.24,283.64,7.2,12,100900.0,9999999
03776,0,5055,21.8,6.39,495.0,256.0,16.24,284.22,7.2,11,100900.0,9999999
03776,0,5056,21.4,6.94,212.0,183.0,16.24,281.69,7.2,12,101000.0,9999999
03776,0,5057,20.4,6.75,125.0,124.0,16.24,279.7,6.2,12,101000.0,9999999
03776,0,5058,19.2,6.9,48.0,48.0,16.24,278.68,6.2,12,101000.0,9999999
03776,0,5059,17.9,7.19,6.0,6.0,16.24,277.66,6.7,12,101000.0,9999999
03776,0,5060,16.9,7.39,0.0,0.0,16.24,276.83,5.1,12,101100.0,9999999
03776,0,5061,14.3,7.7,0.0,0.0,16.24,275.36,3.1,11,101100.0,9999999
03776,0,5062,14.9,7.59,0.0,0.0,16.24,274.94,4.6,11,101100.0,9999999
03776,0,5063,14.4,8.07,0.0,0.0,16.24,277.86,4.1,11,101100.0,9999999
03776,0,5064,14.4,8.3,0.0,0.0,16.24,278.89,4.6,11,101100.0,9999999
03776,0,5065,14.5,8.46,0.0,0.0,16.24,281.69,4.6,11,101000.0,9999999
03776,0,5066,14.4,8.52,0.0,0.0,16.24,281.49,5.1,11,101000.0,9999999
03776,0,5067,14.7,8.52,0.0,0.0,16.24,281.89,4.1,11,100900.0,9999999
03776,0,5068,14.3,8.58,3.0,3.0,16.24,281.49,2.6,10,100900.0,9999999
03776,0,5069,14.6,8.75,13.0,13.0,16.24,275.15,3.1,10,100900.0,9999999
03776,0,5070,14.8,8.7,103.0,102.0,16.24,275.36,3.1,11,101000.0,9999999
03776,0,5071,14.9,8.75,74.0,74.0,16.24,275.36,4.1,12,101000.0,9999999
03776,0,5072,14.6,8.99,106.0,106.0,16.24,275.15,3.6,11,101000.0,9999999
03776,0,5073,15.4,9.29,134.0,134.0,16.24,277.04,3.1,11,101000.0,9999999
03776,0,5074,15.5,8.75,155.0,154.0,16.24,278.07,5.1,12,101000.0,9999999
03776,0,5075,14.2,8.75,166.0,165.0,16.24,276.83,5.7,12,101000.0,9999999
03776,0,5076,16.1,9.54,427.0,342.0,16.24,276.83,4.1,11,101000.0,9999999
03776,0,5077,16.8,8.35,158.0,158.0,16.24,280.3,6.7,12,101000.0,9999999
03776,0,5078,15.7,9.48,140.0,140.0,16.24,285.18,3.6,12,101000.0,9999999
03776,0,5079,15.9,9.99,113.0,113.0,16.24,279.49,2.6,11,101000.0,9999999
03776,0,5080,15.0,9.61,82.0,82.0,16.24,279.09,2.1,11,100900.0,9999999
03776,0,5081,15.3,9.93,123.0,120.0,16.24,279.49,1.5,9,100900.0,9999999
03776,0,5082,15.1,9.8,18.0,18.0,16.24,278.07,1.5,10,100900.0,9999999
03776,0,5083,14.9,9.74,2.0,2.0,16.24,277.86,2.1,10,100900.0,9999999
03776,0,5084,14.7,9.67,0.0,0.0,16.24,278.27,3.6,11,100900.0,9999999
03776,0,5085,14.3,9.48,0.0,0.0,16.24,277.86,2.1,10,100900.0,9999999
03776,0,5086,13.8,9.11,0.0,0.0,16.24,276.62,2.1,10,100900.0,9999999
03776,0,5087,13.1,8.58,0.0,0.0,16.24,275.79,1.0,9,100800.0,9999999
03776,0,5088,12.3,8.07,0.0,0.0,15.18,273.66,2.6,10,100800.0,9999999
03776,0,5089,11.7,7.65,0.0,0.0,15.18,271.92,3.1,10,100800.0,9999999
03776,0,5090,11.4,7.44,0.0,0.0,15.18,271.48,2.6,10,100800.0,9999999
03776,0,5091,11.5,7.39,0.0,0.0,15.18,271.48,1.5,10,100800.0,9999999
03776,0,5092,11.9,7.49,2.0,2.0,15.18,276.0,2.1,11,100800.0,9999999
03776,0,5093,12.4,7.65,30.0,30.0,15.18,279.29,2.1,9,100800.0,9999999
03776,0,5094,15.0,8.35,100.0,100.0,15.18,282.08,2.1,10,100800.0,9999999
03776,0,5095,15.7,8.24,186.0,178.0,15.18,282.67,3.1,11,100800.0,9999999
03776,0,5096,17.3,8.46,270.0,258.0,15.18,284.41,3.1,11,100800.0,9999999
03776,0,5097,17.7,8.35,341.0,321.0,15.18,284.6,4.1,11,100900.0,9999999
03776,0,5098,18.0,8.3,393.0,360.0,15.18,284.99,4.1,12,100900.0,9999999
03776,0,5099,18.4,8.93,422.0,386.0,15.18,285.55,4.6,11,100900.0,9999999
03776,0,5100,18.9,9.05,425.0,389.0,15.18,286.12,4.6,10,100900.0,9999999
03776,0,5101,19.8,8.75,402.0,368.0,15.18,286.87,3.6,11,100900.0,9999999
03776,0,5102,20.4,8.64,355.0,334.0,15.18,287.43,4.6,11,100800.0,9999999
03776,0,5103,20.4,9.8,406.0,285.0,15.18,283.84,4.1,9,100800.0,9999999
03776,0,5104,19.5,9.23,291.0,244.0,15.18,283.25,4.6,10,100900.0,9999999
03776,0,5105,18.3,9.23,120.0,117.0,15.18,283.06,5.7,11,100900.0,9999999
03776,0,5106,18.0,9.61,44.0,44.0,15.18,282.08,4.1,10,100900.0,9999999
03776,0,5107,16.7,9.48,10.0,10.0,15.18,277.45,2.1,10,101000.0,9999999
03776,0,5108,14.7,9.42,0.0,0.0,15.18,275.36,2.6,11,101100.0,9999999
03776,0,5109,14.1,9.36,0.0,0.0,15.18,274.94,2.6,10,101100.0,9999999
03776,0,5110,13.1,8.3,0.0,0.0,15.18,273.44,2.6,12,101200.0,9999999
03776,0,5111,12.0,7.7,0.0,0.0,15.18,273.01,2.6,11,101200.0,9999999
03776,0,5112,11.2,7.54,0.0,0.0,15.18,271.26,1.0,11,101200.0,9999999
03776,0,5113,11.2,7.54,0.0,0.0,15.18,275.36,1.5,9,101300.0,9999999
03776,0,5114,10.4,7.44,0.0,0.0,15.18,270.6,0.0,0,101300.0,9999999
03776,0,5115,8.7,6.71,0.0,0.0,15.18,268.57,0.5,9,101300.0,9999999
03776,0,5116,9.3,6.99,4.0,4.0,15.18,269.25,1.0,8,101400.0,9999999
03776,0,5117,10.5,7.59,55.0,49.0,15.18,270.82,1.0,8,101400.0,9999999
03776,0,5118,13.8,8.64,191.0,110.0,15.18,274.3,1.5,11,101500.0,9999999
03776,0,5119,16.6,8.81,357.0,149.0,15.18,277.04,1.5,13,101500.0,9999999
03776,0,5120,17.8,7.7,514.0,146.0,15.18,278.68,2.1,16,101600.0,9999999
03776,0,5121,18.4,7.86,571.0,271.0,15.18,281.1,2.6,13,101600.0,9999999
03776,0,5122,18.7,7.59,393.0,348.0,15.18,285.37,4.1,13,101600.0,9999999
03776,0,5123,19.6,7.97,421.0,406.0,15.18,286.31,3.1,12,101600.0,9999999
03776,0,5124,19.4,7.75,425.0,409.0,15.18,286.12,3.6,15,101600.0,9999999
03776,0,5125,19.8,8.46,401.0,367.0,15.18,286.87,2.6,14,101600.0,9999999
03776,0,5126,20.2,8.18,354.0,333.0,15.18,287.06,2.1,14,101600.0,9999999
03776,0,5127,19.9,8.07,287.0,255.0,15.18,286.68,4.6,14,101600.0,9999999
03776,0,5128,19.9,7.7,205.0,198.0,15.18,286.5,3.1,16,101600.0,9999999
03776,0,5129,19.6,7.39,118.0,117.0,15.18,286.12,3.1,15,101700.0,9999999
03776,0,5130,19.0,8.07,43.0,43.0,15.18,285.93,2.1,15,101700.0,9999999
03776,0,5131,17.5,8.35,5.0,5.0,15.18,284.41,2.1,12,101700.0,9999999
03776,0,5132,16.5,8.24,0.0,0.0,15.18,283.45,1.5,12,101800.0,9999999
03776,0,5133,14.1,8.35,0.0,0.0,15.18,277.66,1.0,12,101800.0,9999999
03776,0,5134,12.2,8.13,0.0,0.0,15.18,274.73,1.0,12,101900.0,9999999
03776,0,5135,12.5,7.97,0.0,0.0,15.18,276.83,0.0,0,101900.0,9999999
03776,0,5136,12.5,7.86,0.0,0.0,15.18,274.94,1.5,15,101900.0,9999999
03776,0,5137,13.0,7.7,0.0,0.0,15.18,273.23,0.0,0,102000.0,9999999
03776,0,5138,10.6,7.24,0.0,0.0,15.18,269.48,0.0,0,102000.0,9999999
03776,0,5139,11.9,7.09,0.0,0.0,15.18,270.6,1.0,16,102000.0,9999999
03776,0,5140,10.9,6.9,3.0,3.0,15.18,270.82,1.0,16,102000.0,9999999
03776,0,5141,11.4,7.04,54.0,48.0,15.18,271.26,1.5,16,102100.0,9999999
03776,0,5142,13.7,7.34,190.0,101.0,15.18,273.66,1.0,16,102100.0,9999999
03776,0,5143,15.9,7.75,357.0,144.0,15.18,276.0,3.1,1,102100.0,9999999
03776,0,5144,17.6,7.59,522.0,152.0,15.18,277.45,3.1,1,102100.0,9999999
03776,0,5145,19.2,7.7,660.0,149.0,15.18,279.09,3.1,16,102100.0,9999999
03776,0,5146,20.4,7.44,759.0,146.0,15.18,280.1,2.6,1,102100.0,9999999
03776,0,5147,21.3,7.14,805.0,172.0,15.18,283.06,2.6,14,102100.0,9999999
03776,0,5148,21.9,7.04,811.0,173.0,15.18,283.64,2.1,2,102100.0,9999999
03776,0,5149,22.0,6.9,767.0,163.0,15.18,283.64,3.1,15,102100.0,9999999
03776,0,5150,22.6,6.94,677.0,153.0,15.18,284.22,2.6,15,102000.0,9999999
03776,0,5151,22.3,7.09,547.0,149.0,15.18,282.67,3.1,16,102000.0,9999999
03776,0,5152,21.9,6.8,374.0,164.0,15.18,281.29,4.6,1,102000.0,9999999
03776,0,5153,22.1,6.94,165.0,131.0,15.18,281.49,3.1,1,102000.0,9999999
03776,0,5154,21.2,6.8,81.0,68.0,15.18,280.5,3.6,1,102000.0,9999999
03776,0,5155,19.8,7.29,9.0,9.0,15.18,279.49,2.1,1,102000.0,9999999
03776,0,5156,18.6,7.44,0.0,0.0,15.18,277.04,1.5,6,102000.0,9999999
03776,0,5157,16.0,7.86,0.0,0.0,15.18,274.73,1.0,7,102000.0,9999999
03776,0,5158,14.9,7.7,0.0,0.0,15.18,273.66,1.0,4,102100.0,9999999
03776,0,5159,13.7,7.91,0.0,0.0,15.18,272.58,0.0,0,102100.0,9999999
03776,0,5160,12.9,7.97,0.0,0.0,15.18,271.92,1.0,4,102100.0,9999999
03776,0,5161,10.3,7.29,0.0,0.0,15.18,269.03,0.0,0,102000.0,9999999
03776,0,5162,9.4,6.94,0.0,0.0,15.18,268.12,0.0,0,102000.0,9999999
03776,0,5163,9.0,6.66,0.0,0.0,15.18,267.66,0.0,0,101900.0,9999999
03776,0,5164,8.7,6.8,3.0,3.0,15.18,267.43,0.0,0,101900.0,9999999
03776,0,5165,9.6,7.34,52.0,47.0,15.18,268.57,0.0,0,101900.0,9999999
03776,0,5166,13.6,8.41,185.0,105.0,15.18,272.8,3.1,3,101900.0,9999999
03776,0,5167,15.8,9.17,351.0,147.0,15.18,277.25,3.6,3,101800.0,9999999
03776,0,5168,18.0,8.7,515.0,132.0,15.18,278.27,3.6,3,101800.0,9999999
03776,0,5169,19.4,8.07,655.0,152.0,15.18,279.49,3.6,4,101700.0,9999999
03776,0,5170,21.1,7.34,759.0,140.0,15.18,281.69,3.1,5,101600.0,9999999
03776,0,5171,22.1,8.3,799.0,157.0,15.18,284.22,3.6,4,101600.0,9999999
03776,0,5172,22.0,7.97,806.0,176.0,15.18,284.03,3.1,5,101500.0,9999999
03776,0,5173,22.2,7.65,776.0,144.0,15.18,282.87,3.6,4,101400.0,9999999
03776,0,5174,23.0,7.49,687.0,132.0,15.18,282.67,2.1,5,101300.0,9999999
03776,0,5175,23.1,6.8,556.0,133.0,15.18,282.28,3.6,4,101300.0,9999999
03776,0,5176,23.1,7.29,394.0,135.0,15.18,282.67,3.6,4,101200.0,9999999
03776,0,5177,22.8,5.87,226.0,105.0,15.18,280.3,3.1,5,101100.0,9999999
03776,0,5178,22.1,6.48,78.0,65.0,15.18,279.9,2.1,4,101100.0,9999999
03776,0,5179,20.4,7.59,8.0,8.0,15.18,278.89,3.6,4,101100.0,9999999
03776,0,5180,18.6,7.91,0.0,0.0,15.18,277.25,3.1,4,101100.0,9999999
03776,0,5181,17.0,8.58,0.0,0.0,15.18,276.0,4.1,4,101100.0,9999999
03776,0,5182,16.4,8.41,0.0,0.0,15.18,275.36,2.1,4,101100.0,9999999
03776,0,5183,15.4,8.35,0.0,0.0,15.18,274.52,0.0,0,101000.0,9999999
03776,0,5184,14.6,8.3,0.0,0.0,15.18,273.66,1.5,3,101000.0,9999999
03776,0,5185,13.5,8.13,0.0,0.0,15.18,272.58,1.0,4,101000.0,9999999
03776,0,5186,12.1,7.65,0.0,0.0,15.18,271.04,1.5,3,100900.0,9999999
03776,0,5187,13.0,7.7,0.0,0.0,15.18,271.92,2.6,3,100900.0,9999999
03776,0,5188,12.9,7.75,3.0,3.0,15.18,273.01,1.5,3,100800.0,9999999
03776,0,5189,13.9,7.7,50.0,45.0,15.18,272.8,1.0,4,100800.0,9999999
03776,0,5190,15.4,8.02,183.0,116.0,15.18,274.3,2.6,3,100800.0,9999999
03776,0,5191,18.1,8.64,348.0,146.0,15.18,277.04,2.6,4,100800.0,9999999
03776,0,5192,21.4,8.52,512.0,131.0,15.18,280.1,3.6,4,100700.0,9999999
03776,0,5193,23.1,8.02,642.0,151.0,15.18,282.87,4.6,4,100600.0,9999999
03776,0,5194,23.9,6.9,744.0,158.0,15.18,283.25,5.7,4,100600.0,9999999
03776,0,5195,24.2,6.61,703.0,287.0,15.18,283.25,5.1,4,100500.0,9999999
03776,0,5196,24.6,6.16,597.0,374.0,15.18,283.45,4.1,3,100500.0,9999999
03776,0,5197,25.1,6.16,565.0,427.0,15.18,284.03,3.6,5,100400.0,9999999
03776,0,5198,24.9,6.52,497.0,320.0,15.18,284.03,4.1,6,100400.0,9999999
03776,0,5199,24.6,6.9,283.0,256.0,15.18,283.84,4.1,5,100300.0,9999999
03776,0,5200,24.4,6.75,200.0,194.0,15.18,283.64,3.6,6,100300.0,9999999
03776,0,5201,23.7,6.99,113.0,112.0,15.18,283.06,3.6,8,100200.0,9999999
03776,0,5202,23.0,7.49,39.0,39.0,15.18,283.64,2.6,7,100200.0,9999999
03776,0,5203,22.0,7.75,4.0,4.0,15.18,282.67,1.5,4,100200.0,9999999
03776,0,5204,20.5,7.91,0.0,0.0,15.18,280.5,3.6,3,100200.0,9999999
03776,0,5205,19.4,7.86,0.0,0.0,15.18,280.3,1.5,4,100200.0,9999999
03776,0,5206,18.7,7.97,0.0,0.0,15.18,279.7,1.0,3,100200.0,9999999
03776,0,5207,18.5,7.86,0.0,0.0,15.18,281.89,2.1,3,100100.0,9999999
03776,0,5208,17.1,8.99,0.0,0.0,15.18,286.31,1.0,15,100100.0,9999999
03776,0,5209,16.9,8.64,0.0,0.0,15.18,284.03,0.0,0,100100.0,9999999
03776,0,5210,17.5,8.46,0.0,0.0,15.18,286.5,1.0,3,100000.0,9999999
03776,0,5211,17.3,8.18,0.0,0.0,15.18,277.45,0.0,0,99900.0,9999999
03776,0,5212,16.9,8.75,0.0,0.0,15.18,286.12,0.0,0,99900.0,9999999
03776,0,5213,17.5,9.05,24.0,24.0,15.18,284.79,1.0,8,99900.0,9999999
03776,0,5214,17.9,9.8,154.0,100.0,15.18,280.9,2.1,9,99900.0,9999999
03776,0,5215,18.7,10.26,250.0,212.0,15.18,280.5,3.1,9,100000.0,9999999
03776,0,5216,19.7,10.67,260.0,245.0,15.18,282.87,4.6,10,99900.0,9999999
03776,0,5217,19.2,9.54,333.0,313.0,15.18,286.68,4.1,9,100000.0,9999999
03776,0,5218,17.0,10.53,384.0,352.0,15.18,281.29,4.6,9,100000.0,9999999
03776,0,5219,19.4,8.07,587.0,346.0,15.18,283.64,7.2,10,100000.0,9999999
03776,0,5220,18.4,7.65,703.0,290.0,15.18,281.69,7.7,9,100000.0,9999999
03776,0,5221,18.6,8.35,724.0,242.0,15.18,281.49,9.3,9,100000.0,9999999
03776,0,5222,17.9,8.87,663.0,159.0,15.18,280.5,7.7,9,100000.0,9999999
03776,0,5223,19.3,8.52,512.0,188.0,15.18,282.28,6.2,10,100000.0,9999999
03776,0,5224,18.8,8.87,377.0,141.0,15.18,281.29,7.7,10,100100.0,9999999
03776,0,5225,17.6,8.41,186.0,124.0,15.18,281.1,7.7,10,100100.0,9999999
03776,0,5226,16.6,8.93,37.0,37.0,15.18,281.29,4.1,9,100200.0,9999999
03776,0,5227,15.2,7.14,7.0,7.0,15.18,276.0,5.1,11,100300.0,9999999
03776,0,5228,14.5,6.94,0.0,0.0,15.18,276.83,5.7,10,100300.0,9999999
03776,0,5229,14.4,7.19,0.0,0.0,15.18,280.9,5.1,11,100400.0,9999999
03776,0,5230,14.1,7.24,0.0,0.0,15.18,278.07,5.1,10,100400.0,9999999
03776,0,5231,13.9,7.44,0.0,0.0,15.18,280.5,4.6,11,100500.0,9999999
03776,0,5232,13.9,7.44,0.0,0.0,15.18,282.48,4.6,11,100500.0,9999999
03776,0,5233,13.9,7.91,0.0,0.0,15.18,282.67,4.6,11,100500.0,9999999
03776,0,5234,13.8,7.86,0.0,0.0,15.18,280.7,2.6,11,100500.0,9999999
03776,0,5235,13.8,7.65,0.0,0.0,15.18,280.5,3.1,11,100600.0,9999999
03776,0,5236,13.5,7.54,0.0,0.0,15.18,282.28,4.1,12,100600.0,9999999
03776,0,5237,13.5,7.54,23.0,23.0,15.18,280.3,3.1,11,100700.0,9999999
03776,0,5238,13.8,7.39,36.0,36.0,15.18,282.48,4.6,12,100700.0,9999999
03776,0,5239,14.5,7.49,176.0,156.0,15.18,281.1,5.1,12,100800.0,9999999
03776,0,5240,15.6,7.7,261.0,250.0,15.18,278.27,6.7,12,100800.0,9999999
03776,0,5241,16.4,7.86,333.0,294.0,15.18,279.09,5.1,12,100800.0,9999999
03776,0,5242,18.0,8.07,544.0,320.0,15.18,280.3,5.1,11,100900.0,9999999
03776,0,5243,19.4,8.3,694.0,313.0,15.18,282.28,5.7,13,100900.0,9999999
03776,0,5244,21.4,8.75,762.0,258.0,15.18,283.84,5.1,12,100900.0,9999999
03776,0,5245,20.8,8.35,660.0,285.0,15.18,283.64,4.1,13,100800.0,9999999
03776,0,5246,21.5,7.97,612.0,238.0,15.18,284.79,4.1,13,100800.0,9999999
03776,0,5247,21.9,8.41,509.0,182.0,15.18,284.22,3.1,13,100800.0,9999999
03776,0,5248,21.4,7.8,359.0,152.0,15.18,283.45,4.1,12,100800.0,9999999
03776,0,5249,20.6,7.86,200.0,111.0,15.18,282.67,3.1,13,100800.0,9999999
03776,0,5250,20.0,7.54,60.0,53.0,15.18,282.48,3.1,11,100900.0,9999999
03776,0,5251,17.7,8.46,5.0,5.0,15.18,280.1,3.1,9,100900.0,9999999
03776,0,5252,15.7,8.13,0.0,0.0,15.18,276.83,2.6,9,100900.0,9999999
03776,0,5253,13.8,7.75,0.0,0.0,15.18,272.58,2.1,10,101000.0,9999999
03776,0,5254,13.5,7.86,0.0,0.0,15.18,272.36,1.0,10,101000.0,9999999
03776,0,5255,12.3,7.75,0.0,0.0,15.18,271.26,1.5,10,101000.0,9999999
03776,0,5256,12.7,8.07,0.0,0.0,15.18,273.01,1.5,9,101000.0,9999999
03776,0,5257,12.6,8.02,0.0,0.0,15.18,273.87,1.5,9,100900.0,9999999
03776,0,5258,11.6,7.86,0.0,0.0,15.18,272.8,1.0,10,100900.0,9999999
03776,0,5259,11.1,7.59,0.0,0.0,15.18,271.26,1.5,9,100900.0,9999999
03776,0,5260,10.2,7.34,1.0,1.0,15.18,273.01,1.5,9,100900.0,9999999
03776,0,5261,11.1,7.59,22.0,22.0,15.18,275.36,0.0,0,100900.0,9999999
03776,0,5262,13.1,8.41,89.0,89.0,15.18,277.66,1.0,8,100900.0,9999999
03776,0,5263,15.9,8.81,174.0,168.0,15.18,279.7,0.0,0,100800.0,9999999
03776,0,5264,18.0,8.7,258.0,244.0,15.18,278.27,2.6,9,100900.0,9999999
03776,0,5265,18.3,8.3,330.0,311.0,15.18,279.49,2.1,9,100900.0,9999999
03776,0,5266,18.8,8.41,383.0,360.0,15.18,281.69,3.6,8,100800.0,9999999
03776,0,5267,20.7,8.87,411.0,376.0,15.18,283.64,4.6,9,100800.0,9999999
03776,0,5268,20.7,8.64,414.0,379.0,15.18,283.06,4.1,9,100800.0,9999999
03776,0,5269,19.5,8.3,391.0,358.0,15.18,280.5,3.6,8,100700.0,9999999
03776,0,5270,20.7,8.52,344.0,323.0,15.18,280.9,4.6,9,100700.0,9999999
03776,0,5271,20.6,8.07,276.0,246.0,15.18,280.5,4.6,10,100700.0,9999999
03776,0,5272,20.0,8.13,193.0,187.0,15.18,280.1,3.1,9,100600.0,9999999
03776,0,5273,19.1,8.13,107.0,106.0,15.18,279.09,3.1,9,100700.0,9999999
03776,0,5274,18.0,8.13,34.0,34.0,15.18,279.7,2.8,9,100700.0,9999999
03776,0,5275,16.9,8.07,3.0,3.0,15.18,279.7,2.6,8,100700.0,9999999
03776,0,5276,16.4,8.07,0.0,0.0,15.18,278.68,2.1,8,100700.0,9999999
03776,0,5277,15.4,8.02,0.0,0.0,15.18,277.66,1.5,8,100700.0,9999999
03776,0,5278,15.2,8.24,0.0,0.0,15.18,277.66,1.5,7,100700.0,9999999
03776,0,5279,15.1,8.41,0.0,0.0,15.18,279.49,1.0,8,100700.0,9999999
03776,0,5280,15.0,8.46,0.0,0.0,15.18,277.45,1.0,5,100600.0,9999999
03776,0,5281,15.0,8.02,0.0,0.0,15.18,275.15,0.0,0,100600.0,9999999
03776,0,5282,14.4,7.86,0.0,0.0,15.18,275.58,1.5,4,100500.0,9999999
03776,0,5283,13.4,7.91,0.0,0.0,15.18,274.52,2.1,3,100500.0,9999999
03776,0,5284,13.5,8.24,1.0,1.0,15.18,274.73,0.0,0,100500.0,9999999
03776,0,5285,14.6,8.52,21.0,21.0,15.18,276.0,1.0,4,100500.0,9999999
03776,0,5286,15.6,8.93,87.0,87.0,15.18,277.04,1.0,7,100500.0,9999999
03776,0,5287,16.8,9.54,67.0,67.0,15.18,277.45,1.5,8,100500.0,9999999
03776,0,5288,17.6,10.19,100.0,100.0,15.18,278.48,2.1,8,100500.0,9999999
03776,0,5289,18.6,10.46,128.0,128.0,15.18,282.87,3.1,8,100500.0,9999999
03776,0,5290,17.8,11.24,148.0,148.0,15.18,279.9,2.1,8,100500.0,9999999
03776,0,5291,18.1,10.6,159.0,159.0,15.18,281.29,3.6,8,100500.0,9999999
03776,0,5292,18.1,10.67,160.0,160.0,15.18,282.48,4.6,9,100400.0,9999999
03776,0,5293,18.4,11.17,387.0,311.0,15.18,286.31,3.6,8,100400.0,9999999
03776,0,5294,18.9,10.74,340.0,320.0,15.18,284.03,4.4,8,100300.0,9999999
03776,0,5295,19.5,10.26,272.0,257.0,15.18,283.64,5.1,8,100300.0,9999999
03776,0,5296,17.3,11.24,190.0,182.0,15.18,281.89,2.6,8,100300.0,9999999
03776,0,5297,18.1,11.09,41.0,41.0,15.18,286.12,3.6,8,100200.0,9999999
03776,0,5298,17.0,11.53,13.0,13.0,15.18,287.06,3.6,8,100200.0,9999999
03776,0,5299,17.5,11.53,1.0,1.0,15.18,287.62,3.6,8,100200.0,9999999
03776,0,5300,17.7,11.76,0.0,0.0,15.18,287.8,3.1,8,100200.0,9999999
03776,0,5301,18.2,11.91,0.0,0.0,15.18,286.5,3.1,8,100100.0,9999999
03776,0,5302,18.1,11.68,0.0,0.0,15.18,286.31,3.1,8,100100.0,9999999
03776,0,5303,17.8,11.39,0.0,0.0,15.18,279.09,3.6,8,100000.0,9999999
03776,0,5304,17.8,11.09,0.0,0.0,15.18,281.69,4.1,8,99900.0,9999999
03776,0,5305,18.0,11.39,0.0,0.0,15.18,283.45,3.1,8,99900.0,9999999
03776,0,5306,16.7,11.02,0.0,0.0,15.18,284.6,4.1,9,99900.0,9999999
03776,0,5307,15.7,10.53,0.0,0.0,15.18,285.55,2.6,8,99800.0,9999999
03776,0,5308,16.6,10.81,0.0,0.0,15.18,286.5,3.6,8,99700.0,9999999
03776,0,5309,16.7,11.02,8.0,8.0,15.18,286.68,4.6,8,99700.0,9999999
03776,0,5310,16.9,11.02,33.0,33.0,15.18,286.87,5.1,8,99700.0,9999999
03776,0,5311,16.8,11.09,66.0,66.0,15.18,286.87,5.1,9,99700.0,9999999
03776,0,5312,18.2,11.53,253.0,235.0,15.18,286.31,4.1,10,99700.0,9999999
03776,0,5313,18.9,10.19,547.0,293.0,15.18,282.48,4.6,10,99800.0,9999999
03776,0,5314,20.3,8.99,725.0,217.0,15.18,281.69,6.2,11,99800.0,9999999
03776,0,5315,19.4,8.7,780.0,154.0,15.18,280.7,5.7,10,99800.0,9999999
03776,0,5316,20.5,9.36,778.0,168.0,15.18,283.25,5.1,9,99800.0,9999999
03776,0,5317,19.4,9.8,726.0,173.0,15.18,282.28,5.1,9,99800.0,9999999
03776,0,5318,19.2,9.74,630.0,183.0,15.18,282.67,5.1,9,99800.0,9999999
03776,0,5319,19.4,9.67,496.0,171.0,15.18,282.28,5.7,10,99800.0,9999999
03776,0,5320,19.1,9.67,360.0,138.0,15.18,280.7,5.1,9,99800.0,9999999
03776,0,5321,18.2,9.42,197.0,111.0,15.18,279.7,4.6,9,99800.0,9999999
03776,0,5322,17.0,9.17,60.0,50.0,15.18,277.66,3.6,10,99800.0,9999999
03776,0,5323,16.3,8.93,4.0,4.0,15.18,276.83,2.1,8,99800.0,9999999
03776,0,5324,15.7,8.93,0.0,0.0,15.18,277.25,1.5,8,99800.0,9999999
03776,0,5325,15.2,9.17,0.0,0.0,15.18,278.07,2.1,8,99700.0,9999999
03776,0,5326,14.8,9.74,0.0,0.0,15.18,277.86,3.1,7,99700.0,9999999
03776,0,5327,15.3,9.48,0.0,0.0,15.18,282.87,2.6,7,99700.0,9999999
03776,0,5328,15.0,9.86,0.0,0.0,15.18,284.6,2.6,8,99600.0,9999999
03776,0,5329,14.9,9.99,0.0,0.0,15.18,279.9,2.1,6,99500.0,9999999
03776,0,5330,15.1,9.93,0.0,0.0,15.18,282.67,2.6,7,99500.0,9999999
03776,0,5331,15.0,9.93,0.0,0.0,15.18,282.67,3.1,9,99500.0,9999999
03776,0,5332,13.9,9.48,1.0,1.0,15.18,275.58,2.1,8,99500.0,9999999
03776,0,5333,14.1,9.48,32.0,32.0,15.18,274.94,1.0,7,99500.0,9999999
03776,0,5334,15.7,9.86,141.0,103.0,15.18,276.62,2.1,8,99500.0,9999999
03776,0,5335,16.0,9.48,169.0,160.0,15.18,280.1,2.6,8,99600.0,9999999
03776,0,5336,16.6,9.48,253.0,239.0,15.18,279.49,2.1,8,99600.0,9999999
03776,0,5337,17.8,9.23,325.0,306.0,15.18,282.48,3.1,9,99600.0,9999999
03776,0,5338,18.0,9.54,377.0,354.0,15.18,281.29,2.6,9,99600.0,9999999
03776,0,5339,18.0,9.17,406.0,372.0,15.18,281.29,2.6,9,99600.0,9999999
03776,0,5340,18.2,9.67,408.0,374.0,15.18,282.28,1.5,10,99600.0,9999999
03776,0,5341,17.4,9.93,384.0,352.0,15.18,281.49,1.0,8,99600.0,9999999
03776,0,5342,19.8,10.19,336.0,317.0,15.18,282.87,0.0,0,99600.0,9999999
03776,0,5343,19.9,9.29,269.0,254.0,15.18,283.06,3.1,12,99600.0,9999999
03776,0,5344,14.3,8.58,187.0,179.0,15.18,281.49,1.0,2,99700.0,9999999
03776,0,5345,14.1,9.48,101.0,100.0,15.18,277.66,1.0,10,99700.0,9999999
03776,0,5346,14.6,10.06,29.0,29.0,15.18,282.28,0.0,0,99800.0,9999999
03776,0,5347,14.7,9.86,4.0,4.0,15.18,277.86,2.1,16,99800.0,9999999
03776,0,5348,14.8,9.8,0.0,0.0,15.18,282.48,2.6,16,99900.0,9999999
03776,0,5349,14.3,9.61,0.0,0.0,15.18,281.89,1.0,1,99900.0,9999999
03776,0,5350,14.5,9.74,0.0,0.0,15.18,279.49,1.5,15,100000.0,9999999
03776,0,5351,14.8,10.06,0.0,0.0,15.18,279.09,2.6,16,100000.0,9999999
03776,0,5352,14.7,9.99,0.0,0.0,15.18,284.41,1.0,15,100000.0,9999999
03776,0,5353,14.8,9.8,0.0,0.0,15.18,282.48,2.1,16,100000.0,9999999
03776,0,5354,14.4,9.54,0.0,0.0,15.18,281.89,2.6,16,100100.0,9999999
03776,0,5355,14.5,9.48,0.0,0.0,15.18,282.08,2.6,16,100100.0,9999999
03776,0,5356,14.3,9.48,0.0,0.0,15.18,283.84,2.6,16,100200.0,9999999
03776,0,5357,14.1,9.36,7.0,7.0,15.18,283.45,2.6,15,100200.0,9999999
03776,0,5358,14.4,9.42,83.0,83.0,15.18,278.48,2.1,16,100300.0,9999999
03776,0,5359,15.1,9.8,167.0,161.0,15.18,278.68,3.1,16,100300.0,9999999
03776,0,5360,16.4,9.74,251.0,238.0,15.18,279.9,3.6,16,100400.0,9999999
03776,0,5361,17.8,9.61,323.0,304.0,15.18,281.89,4.6,16,100400.0,9999999
03776,0,5362,17.8,9.61,375.0,353.0,15.18,281.89,3.6,16,100500.0,9999999
03776,0,5363,19.2,9.67,404.0,370.0,15.18,283.25,3.6,15,100500.0,9999999
03776,0,5364,18.1,10.6,405.0,371.0,15.18,283.25,4.1,16,100500.0,9999999
03776,0,5365,18.7,10.74,641.0,302.0,15.18,282.48,4.1,16,100500.0,9999999
03776,0,5366,20.0,10.74,334.0,284.0,15.18,287.8,5.1,15,100500.0,9999999
03776,0,5367,19.2,10.53,266.0,251.0,15.18,287.06,4.1,15,100500.0,9999999
03776,0,5368,17.6,11.09,183.0,176.0,15.18,285.55,1.5,16,100500.0,9999999
03776,0,5369,17.8,11.24,98.0,98.0,15.18,283.25,2.6,15,100600.0,9999999
03776,0,5370,17.6,11.31,28.0,28.0,15.18,281.1,2.6,15,100600.0,9999999
03776,0,5371,16.9,11.02,2.0,2.0,15.18,279.09,2.1,15,100700.0,9999999
03776,0,5372,16.5,11.02,0.0,0.0,15.18,279.9,2.1,15,100700.0,9999999
03776,0,5373,16.0,10.67,0.0,0.0,15.18,277.04,2.1,15,100700.0,9999999
03776,0,5374,15.7,10.46,0.0,0.0,15.18,279.49,1.5,15,100700.0,9999999
03776,0,5375,14.8,9.48,0.0,0.0,15.18,275.58,1.5,15,100700.0,9999999
03776,0,5376,14.6,9.11,0.0,0.0,15.18,275.15,3.6,16,100700.0,9999999
03776,0,5377,14.2,9.11,0.0,0.0,15.18,283.45,2.6,16,100700.0,9999999
03776,0,5378,14.8,9.11,0.0,0.0,15.18,282.08,3.6,15,100700.0,9999999
03776,0,5379,14.9,9.05,0.0,0.0,15.18,282.28,2.6,16,100700.0,9999999
03776,0,5380,15.2,9.05,0.0,0.0,15.18,284.41,4.1,16,100700.0,9999999
03776,0,5381,15.4,9.17,7.0,7.0,15.18,284.79,3.6,16,100700.0,9999999
03776,0,5382,14.8,9.11,32.0,32.0,15.18,284.22,3.6,15,100700.0,9999999
03776,0,5383,15.1,9.11,65.0,65.0,15.18,284.41,3.6,15,100800.0,9999999
03776,0,5384,15.9,9.17,97.0,97.0,15.18,285.18,5.1,15,100800.0,9999999
03776,0,5385,18.2,9.17,321.0,274.0,15.18,282.87,6.2,16,100700.0,9999999
03776,0,5386,19.4,9.93,373.0,351.0,15.18,281.1,7.7,16,100700.0,9999999
03776,0,5387,20.2,10.53,401.0,368.0,15.18,282.08,7.7,15,100800.0,9999999
03776,0,5388,20.5,10.74,403.0,370.0,15.18,282.48,7.7,16,100800.0,9999999
03776,0,5389,21.1,11.09,380.0,357.0,15.18,282.08,6.7,15,100800.0,9999999
03776,0,5390,21.6,10.95,332.0,312.0,15.18,282.67,7.2,16,100800.0,9999999
03776,0,5391,21.8,11.31,263.0,249.0,15.18,282.87,6.2,16,100800.0,9999999
03776,0,5392,22.2,11.39,181.0,174.0,15.18,283.25,6.2,16,100800.0,9999999
03776,0,5393,21.2,11.17,96.0,96.0,15.18,282.28,6.2,16,100800.0,9999999
03776,0,5394,20.1,10.67,26.0,26.0,15.18,281.1,5.1,1,100900.0,9999999
03776,0,5395,19.7,10.53,1.0,1.0,15.18,280.7,3.1,1,100900.0,9999999
03776,0,5396,19.3,10.33,0.0,0.0,15.18,283.45,3.1,16,101000.0,9999999
03776,0,5397,18.8,10.46,0.0,0.0,15.18,286.5,3.1,16,101000.0,9999999
03776,0,5398,18.4,10.06,0.0,0.0,15.18,285.93,4.6,16,101000.0,9999999
03776,0,5399,18.0,10.13,0.0,0.0,15.18,285.74,3.1,16,101000.0,9999999
03776,0,5400,17.5,9.86,0.0,0.0,15.18,284.99,3.6,16,101000.0,9999999
03776,0,5401,17.3,9.86,0.0,0.0,15.18,286.87,4.1,16,101000.0,9999999
03776,0,5402,17.0,9.93,0.0,0.0,15.18,286.68,3.6,16,101000.0,9999999
03776,0,5403,16.7,9.8,0.0,0.0,15.18,286.31,3.6,16,101000.0,9999999
03776,0,5404,16.3,9.8,0.0,0.0,15.18,285.93,3.1,16,101000.0,9999999
03776,0,5405,16.3,9.8,6.0,6.0,15.18,285.93,5.7,16,101100.0,9999999
03776,0,5406,16.3,9.8,31.0,31.0,15.18,285.93,4.6,16,101100.0,9999999
03776,0,5407,16.6,9.74,64.0,64.0,15.18,286.12,4.1,15,101200.0,9999999
03776,0,5408,16.8,9.74,97.0,97.0,15.18,286.31,3.6,16,101200.0,9999999
03776,0,5409,17.9,10.06,319.0,272.0,15.18,285.55,4.1,16,101200.0,9999999
03776,0,5410,19.3,10.19,371.0,349.0,15.18,286.87,4.6,16,101200.0,9999999
03776,0,5411,20.0,10.26,399.0,366.0,15.18,287.62,4.1,16,101200.0,9999999
03776,0,5412,20.7,10.81,674.0,316.0,15.18,284.99,4.6,16,101200.0,9999999
03776,0,5413,21.7,10.13,723.0,219.0,15.18,284.6,4.6,1,101200.0,9999999
03776,0,5414,21.9,10.19,642.0,134.0,15.18,283.64,4.1,1,101200.0,9999999
03776,0,5415,21.2,9.86,501.0,135.0,15.18,284.03,4.1,1,101200.0,9999999
03776,0,5416,21.0,9.74,349.0,122.0,15.18,282.48,4.1,1,101200.0,9999999
03776,0,5417,20.0,9.86,94.0,94.0,15.18,287.43,3.6,16,101200.0,9999999
03776,0,5418,19.1,9.93,25.0,25.0,15.18,286.68,4.1,1,101200.0,9999999
03776,0,5419,18.9,9.93,0.0,0.0,15.18,288.54,3.1,16,101300.0,9999999
03776,0,5420,18.6,10.06,0.0,0.0,15.18,286.31,2.6,16,101300.0,9999999
03776,0,5421,18.0,9.99,0.0,0.0,15.18,283.06,3.1,2,101300.0,9999999
03776,0,5422,17.1,9.86,0.0,0.0,15.18,278.89,2.6,1,101400.0,9999999
03776,0,5423,15.3,9.54,0.0,0.0,15.18,276.0,1.5,16,101400.0,9999999
03776,0,5424,13.8,9.17,0.0,0.0,15.18,273.23,0.0,0,101400.0,9999999
03776,0,5425,12.9,8.87,0.0,0.0,15.18,276.83,0.0,0,101400.0,9999999
03776,0,5426,13.2,9.17,0.0,0.0,15.18,280.7,1.0,9,101400.0,9999999
03776,0,5427,14.2,9.54,0.0,0.0,15.18,281.69,0.0,0,101400.0,9999999
03776,0,5428,14.5,9.74,0.0,0.0,15.18,284.03,1.0,11,101400.0,9999999
03776,0,5429,15.0,9.86,6.0,6.0,15.18,284.6,1.5,15,101400.0,9999999
03776,0,5430,15.4,9.86,30.0,30.0,15.18,284.99,1.5,15,101400.0,9999999
03776,0,5431,15.6,9.8,63.0,63.0,15.18,285.18,0.5,14,101500.0,9999999
03776,0,5432,15.9,9.74,96.0,96.0,15.18,285.37,1.0,13,101500.0,9999999
03776,0,5433,16.4,9.61,124.0,124.0,15.18,285.93,1.0,11,101500.0,9999999
03776,0,5434,17.3,9.29,370.0,314.0,15.18,284.6,1.0,2,101500.0,9999999
03776,0,5435,18.1,9.48,156.0,155.0,15.18,287.43,1.0,2,101500.0,9999999
03776,0,5436,19.5,9.48,401.0,321.0,15.18,286.87,1.0,1,101500.0,9999999
03776,0,5437,20.3,9.36,572.0,365.0,15.18,284.99,1.5,5,101500.0,9999999
03776,0,5438,20.7,9.48,589.0,234.0,15.18,284.03,1.5,1,101400.0,9999999
03776,0,5439,21.7,9.74,497.0,130.0,15.18,284.41,1.0,8,101400.0,9999999
03776,0,5440,21.7,9.23,339.0,127.0,15.18,284.22,1.5,16,101400.0,9999999
03776,0,5441,21.2,9.99,179.0,91.0,15.18,282.87,1.5,16,101400.0,9999999
03776,0,5442,19.0,10.74,46.0,42.0,15.18,280.1,1.5,10,101400.0,9999999
03776,0,5443,17.5,10.26,2.0,2.0,15.18,277.04,1.5,8,101500.0,9999999
03776,0,5444,16.1,10.26,0.0,0.0,15.18,275.79,4.1,9,101500.0,9999999
03776,0,5445,15.4,10.26,0.0,0.0,15.18,275.15,1.5,9,101500.0,9999999
03776,0,5446,15.0,10.06,0.0,0.0,15.18,274.73,1.5,8,101500.0,9999999
03776,0,5447,14.2,9.61,0.0,0.0,15.18,273.66,1.2,8,101500.0,9999999
03776,0,5448,13.4,9.17,0.0,0.0,15.18,274.09,0.9,8,101500.0,9999999
03776,0,5449,12.6,8.7,0.0,0.0,15.18,273.23,0.6,8,101500.0,9999999
03776,0,5450,11.8,8.24,0.0,0.0,15.18,273.23,0.3,8,101500.0,9999999
03776,0,5451,11.0,7.75,0.0,0.0,15.18,272.14,0.0,0,101500.0,9999999
03776,0,5452,11.3,8.02,0.0,0.0,15.18,272.58,0.0,0,101500.0,9999999
03776,0,5453,11.7,8.3,27.0,27.0,15.18,272.14,0.0,0,101500.0,9999999
03776,0,5454,12.0,8.52,149.0,93.0,15.18,271.26,0.0,0,101500.0,9999999
03776,0,5455,15.4,9.42,312.0,136.0,15.18,274.73,0.5,16,101500.0,9999999
03776,0,5456,18.8,10.33,473.0,136.0,15.18,278.27,1.0,3,101500.0,9999999
03776,0,5457,20.5,9.99,609.0,141.0,15.18,281.29,1.8,3,101500.0,9999999
03776,0,5458,22.2,9.61,704.0,161.0,15.18,282.67,2.6,8,101500.0,9999999
03776,0,5459,22.6,9.8,761.0,146.0,15.18,283.06,2.9,8,101400.0,9999999
03776,0,5460,23.0,9.93,769.0,142.0,15.18,284.6,3.2,8,101400.0,9999999
03776,0,5461,23.3,10.13,724.0,150.0,15.18,284.99,3.5,8,101400.0,9999999
03776,0,5462,23.7,10.26,632.0,134.0,15.18,285.37,3.8,8,101300.0,9999999
03776,0,5463,24.1,10.4,500.0,119.0,15.18,285.74,4.1,9,101300.0,9999999
03776,0,5464,22.9,10.33,338.0,123.0,15.18,284.6,3.1,9,101300.0,9999999
03776,0,5465,21.7,10.26,173.0,102.0,15.18,283.45,2.0,9,101300.0,9999999
03776,0,5466,20.5,10.13,42.0,39.0,15.18,282.28,1.0,9,101400.0,9999999
03776,0,5467,19.0,9.93,1.0,1.0,15.18,280.7,0.7,9,101400.0,9999999
03776,0,5468,17.6,9.74,0.0,0.0,15.18,278.27,0.3,9,101400.0,9999999
03776,0,5469,16.1,9.54,0.0,0.0,15.18,275.58,0.0,0,101400.0,9999999
03776,0,5470,15.1,9.29,0.0,0.0,15.18,274.52,0.0,0,101400.0,9999999
03776,0,5471,14.1,8.99,0.0,0.0,15.18,273.44,0.0,0,101400.0,9999999
03776,0,5472,13.2,8.7,0.0,0.0,15.18,272.36,0.0,0,101400.0,9999999
03776,0,5473,12.2,8.41,0.0,0.0,15.18,271.48,0.0,0,101500.0,9999999
03776,0,5474,11.2,7.97,0.0,0.0,15.18,270.15,0.0,0,101400.0,9999999
03776,0,5475,10.2,7.49,0.0,0.0,15.18,269.03,0.0,0,101400.0,9999999
03776,0,5476,9.2,7.04,0.0,0.0,15.18,267.89,0.0,0,101400.0,9999999
03776,0,5477,10.9,7.97,16.0,16.0,15.18,273.87,0.0,0,101500.0,9999999
03776,0,5478,12.6,8.87,29.0,29.0,15.18,281.89,0.0,0,101500.0,9999999
03776,0,5479,13.4,9.48,62.0,62.0,15.18,282.87,1.0,16,101500.0,9999999
03776,0,5480,17.0,9.8,428.0,304.0,15.18,280.5,1.0,16,101500.0,9999999
03776,0,5481,20.6,10.06,612.0,171.0,15.18,279.9,1.0,16,101500.0,9999999
03776,0,5482,23.9,9.05,673.0,207.0,15.18,284.03,2.1,9,101500.0,9999999
03776,0,5483,23.0,8.87,664.0,286.0,15.18,281.89,2.1,10,101500.0,9999999
03776,0,5484,25.4,9.99,758.0,227.0,15.18,285.93,2.1,8,101400.0,9999999
03776,0,5485,26.2,9.99,727.0,138.0,15.18,286.68,3.1,11,101400.0,9999999
03776,0,5486,26.7,10.19,632.0,127.0,15.18,287.24,3.1,11,101300.0,9999999
03776,0,5487,25.5,10.19,496.0,118.0,15.18,287.06,1.0,9,101300.0,9999999
03776,0,5488,25.7,9.42,337.0,118.0,15.18,285.93,3.6,9,101300.0,9999999
03776,0,5489,24.9,9.74,172.0,99.0,15.18,285.37,2.6,8,101300.0,9999999
03776,0,5490,23.2,9.23,40.0,38.0,15.18,282.08,2.6,9,101300.0,9999999
03776,0,5491,21.8,9.05,1.0,1.0,15.18,282.08,1.5,9,101400.0,9999999
03776,0,5492,17.9,9.23,0.0,0.0,15.18,278.48,1.0,9,101400.0,9999999
03776,0,5493,17.0,9.36,0.0,0.0,15.18,277.66,0.0,0,101400.0,9999999
03776,0,5494,15.0,9.05,0.0,0.0,15.18,274.3,0.0,0,101400.0,9999999
03776,0,5495,14.8,9.23,0.0,0.0,15.18,274.09,0.0,0,101400.0,9999999
03776,0,5496,12.9,8.3,0.0,0.0,15.18,271.92,0.0,0,101400.0,9999999
03776,0,5497,14.6,9.11,0.0,0.0,15.18,273.87,1.0,3,101400.0,9999999
03776,0,5498,12.6,8.35,0.0,0.0,15.18,273.01,1.0,3,101300.0,9999999
03776,0,5499,13.2,8.93,0.0,0.0,15.18,272.58,1.0,2,101300.0,9999999
03776,0,5500,12.7,8.52,0.0,0.0,15.18,271.92,1.0,3,101300.0,9999999
03776,0,5501,14.6,8.75,24.0,24.0,15.18,273.87,1.0,3,101300.0,9999999
03776,0,5502,16.0,9.11,143.0,93.0,15.18,275.36,1.0,3,101300.0,9999999
03776,0,5503,18.7,9.8,305.0,134.0,15.18,278.07,1.5,3,101300.0,9999999
03776,0,5504,21.8,11.17,468.0,133.0,15.18,281.49,1.5,7,101300.0,9999999
03776,0,5505,25.0,10.46,609.0,130.0,15.18,284.41,3.1,7,101300.0,9999999
03776,0,5506,26.6,8.87,714.0,139.0,15.18,285.37,3.6,8,101300.0,9999999
03776,0,5507,27.2,8.3,770.0,118.0,15.18,285.55,3.6,9,101200.0,9999999
03776,0,5508,27.4,7.91,775.0,136.0,15.18,285.55,4.6,8,101200.0,9999999
03776,0,5509,27.3,8.24,727.0,132.0,15.18,285.74,3.6,8,101200.0,9999999
03776,0,5510,27.3,8.07,632.0,125.0,15.18,285.55,3.1,8,101100.0,9999999
03776,0,5511,26.8,8.87,495.0,112.0,15.18,285.55,4.1,9,101100.0,9999999
03776,0,5512,26.1,9.67,332.0,117.0,15.18,285.18,3.6,10,101100.0,9999999
03776,0,5513,25.5,9.29,157.0,100.0,15.18,284.41,2.6,9,101000.0,9999999
03776,0,5514,24.2,8.87,36.0,35.0,15.18,283.06,2.1,7,101000.0,9999999
03776,0,5515,22.2,8.75,1.0,1.0,15.18,281.1,1.0,6,101000.0,9999999
03776,0,5516,20.3,9.23,0.0,0.0,15.18,279.49,1.0,5,101000.0,9999999
03776,0,5517,19.3,9.11,0.0,0.0,15.18,278.48,1.0,5,101100.0,9999999
03776,0,5518,18.2,9.17,0.0,0.0,15.18,277.45,1.0,3,101000.0,9999999
03776,0,5519,17.1,9.36,0.0,0.0,15.18,276.41,1.0,4,101000.0,9999999
03776,0,5520,16.8,9.17,0.0,0.0,15.18,276.0,2.6,3,101000.0,9999999
03776,0,5521,16.4,9.23,0.0,0.0,15.18,275.79,2.6,3,100900.0,9999999
03776,0,5522,16.1,9.17,0.0,0.0,15.18,275.36,1.5,3,100900.0,9999999
03776,0,5523,16.0,9.23,0.0,0.0,15.18,275.36,1.5,2,100900.0,9999999
03776,0,5524,15.9,9.36,0.0,0.0,15.18,275.36,1.0,3,100900.0,9999999
03776,0,5525,16.4,9.61,23.0,23.0,15.18,275.79,2.1,3,100900.0,9999999
03776,0,5526,18.1,9.93,140.0,91.0,15.18,277.66,2.6,4,100900.0,9999999
03776,0,5527,19.9,9.67,302.0,133.0,15.18,279.09,1.0,4,100800.0,9999999
03776,0,5528,23.6,11.31,464.0,132.0,15.18,283.25,1.0,4,100800.0,9999999
03776,0,5529,26.0,12.38,603.0,97.0,15.18,287.24,2.1,4,100800.0,9999999
03776,0,5530,27.9,9.29,708.0,140.0,15.18,287.99,3.6,7,100700.0,9999999
03776,0,5531,28.2,9.11,761.0,125.0,15.18,289.27,3.6,5,100700.0,9999999
03776,0,5532,28.6,9.36,765.0,127.0,15.18,289.63,4.1,4,100600.0,9999999
03776,0,5533,28.8,9.23,721.0,134.0,15.18,288.9,4.1,5,100600.0,9999999
03776,0,5534,28.7,8.99,625.0,123.0,15.18,288.72,2.6,7,100500.0,9999999
03776,0,5535,28.1,9.29,490.0,113.0,15.18,288.17,4.1,7,100500.0,9999999
03776,0,5536,27.6,9.29,328.0,116.0,15.18,287.8,3.1,8,100500.0,9999999
03776,0,5537,26.3,8.99,163.0,96.0,15.18,286.31,3.1,7,100500.0,9999999
03776,0,5538,25.2,9.29,34.0,34.0,15.18,285.37,1.5,6,100500.0,9999999
03776,0,5539,24.0,9.93,1.0,1.0,15.18,284.6,1.5,4,100500.0,9999999
03776,0,5540,19.3,9.99,0.0,0.0,15.18,280.1,1.5,13,100500.0,9999999
03776,0,5541,20.2,9.99,0.0,0.0,15.18,279.49,1.0,16,100500.0,9999999
03776,0,5542,16.2,9.61,0.0,0.0,15.18,275.58,1.0,16,100500.0,9999999
03776,0,5543,16.1,9.61,0.0,0.0,15.18,277.86,0.0,0,100500.0,9999999
03776,0,5544,15.0,9.48,0.0,0.0,15.18,275.79,0.0,0,100400.0,9999999
03776,0,5545,14.4,9.11,0.0,0.0,15.18,273.66,0.0,0,100400.0,9999999
03776,0,5546,13.8,9.05,0.0,0.0,15.18,273.23,0.0,0,100300.0,9999999
03776,0,5547,14.1,9.11,0.0,0.0,15.18,273.44,0.0,0,100300.0,9999999
03776,0,5548,13.2,8.81,0.0,0.0,15.18,273.87,0.0,0,100300.0,9999999
03776,0,5549,15.7,9.86,11.0,11.0,15.18,280.7,1.0,1,100300.0,9999999
03776,0,5550,17.3,10.6,70.0,70.0,15.18,281.1,1.0,11,100300.0,9999999
03776,0,5551,19.2,11.02,152.0,148.0,15.18,284.41,0.0,0,100300.0,9999999
03776,0,5552,20.7,10.95,236.0,224.0,15.18,285.93,2.1,11,100300.0,9999999
03776,0,5553,21.2,11.46,120.0,120.0,15.18,291.25,1.0,9,100300.0,9999999
03776,0,5554,21.3,11.02,140.0,140.0,15.18,291.25,1.0,8,100300.0,9999999
03776,0,5555,20.9,11.61,151.0,151.0,15.18,291.07,1.5,11,100300.0,9999999
03776,0,5556,21.0,12.38,152.0,151.0,15.18,291.25,2.1,10,100400.0,9999999
03776,0,5557,21.8,11.99,364.0,298.0,15.18,289.99,1.5,9,100300.0,9999999
03776,0,5558,23.1,11.99,316.0,298.0,15.18,284.41,3.6,9,100300.0,9999999
03776,0,5559,22.4,10.74,247.0,241.0,15.18,290.18,3.1,8,100300.0,9999999
03776,0,5560,22.3,11.17,165.0,159.0,15.18,287.62,3.6,9,100300.0,9999999
03776,0,5561,21.4,10.33,81.0,81.0,15.18,283.06,3.6,9,100300.0,9999999
03776,0,5562,20.5,11.68,16.0,16.0,15.18,282.67,3.1,8,100300.0,9999999
03776,0,5563,19.5,11.53,0.0,0.0,15.18,282.87,2.6,9,100400.0,9999999
03776,0,5564,18.4,11.02,0.0,0.0,15.18,279.49,1.5,10,100400.0,9999999
03776,0,5565,16.6,10.74,0.0,0.0,15.18,276.41,2.1,9,100400.0,9999999
03776,0,5566,16.2,10.81,0.0,0.0,15.18,280.1,1.5,10,100400.0,9999999
03776,0,5567,16.5,11.02,0.0,0.0,15.18,286.5,2.1,10,100500.0,9999999
03776,0,5568,16.7,11.17,0.0,0.0,15.18,286.68,1.5,10,100400.0,9999999
03776,0,5569,15.8,10.6,0.0,0.0,15.18,279.09,1.5,10,100400.0,9999999
03776,0,5570,14.1,9.61,0.0,0.0,15.18,274.94,2.1,10,100400.0,9999999
03776,0,5571,13.5,9.42,0.0,0.0,15.18,273.01,1.0,9,100400.0,9999999
03776,0,5572,12.8,8.99,0.0,0.0,15.18,272.14,0.0,0,100400.0,9999999
03776,0,5573,12.9,9.05,20.0,20.0,15.18,273.66,1.0,8,100400.0,9999999
03776,0,5574,15.1,9.61,126.0,81.0,15.18,276.83,2.0,8,100400.0,9999999
03776,0,5575,17.3,10.13,277.0,143.0,15.18,279.09,3.1,10,100500.0,9999999
03776,0,5576,18.0,9.74,411.0,180.0,15.18,282.08,3.6,11,100500.0,9999999
03776,0,5577,20.3,9.48,502.0,254.0,15.18,283.06,4.1,10,100500.0,9999999
03776,0,5578,21.0,8.75,532.0,336.0,15.18,282.08,4.1,11,100500.0,9999999
03776,0,5579,23.0,8.46,493.0,347.0,15.18,285.18,4.1,11,100400.0,9999999
03776,0,5580,22.4,8.75,390.0,367.0,15.18,284.79,3.6,10,100400.0,9999999
03776,0,5581,23.3,9.11,612.0,310.0,15.18,285.74,4.6,10,100400.0,9999999
03776,0,5582,22.6,9.05,613.0,171.0,15.18,283.84,4.6,10,100400.0,9999999
03776,0,5583,22.0,9.11,479.0,113.0,15.18,282.28,5.1,10,100400.0,9999999
03776,0,5584,21.4,8.75,318.0,114.0,15.18,281.69,4.1,10,100400.0,9999999
03776,0,5585,20.0,8.99,154.0,92.0,15.18,280.3,4.6,11,100400.0,9999999
03776,0,5586,18.3,9.23,29.0,29.0,15.18,278.89,3.1,10,100500.0,9999999
03776,0,5587,17.2,8.46,0.0,0.0,15.18,277.45,2.1,9,100500.0,9999999
03776,0,5588,15.8,8.3,0.0,0.0,15.18,274.73,3.1,9,100600.0,9999999
03776,0,5589,13.7,8.46,0.0,0.0,15.18,272.8,0.5,8,100600.0,9999999
03776,0,5590,13.0,8.46,0.0,0.0,15.18,272.14,2.1,9,100600.0,9999999
03776,0,5591,13.0,8.7,0.0,0.0,15.18,272.36,2.1,9,100600.0,9999999
03776,0,5592,12.5,8.52,0.0,0.0,15.18,273.01,1.0,8,100600.0,9999999
03776,0,5593,12.3,8.41,0.0,0.0,15.18,274.3,1.0,10,100600.0,9999999
03776,0,5594,11.7,8.13,0.0,0.0,15.18,274.3,1.0,9,100600.0,9999999
03776,0,5595,11.5,8.13,0.0,0.0,15.18,272.8,1.0,9,100600.0,9999999
03776,0,5596,10.8,7.65,0.0,0.0,15.18,271.04,1.0,14,100600.0,9999999
03776,0,5597,10.6,7.65,20.0,20.0,15.18,271.7,1.0,13,100600.0,9999999
03776,0,5598,13.5,8.87,130.0,87.0,15.18,274.94,0.0,0,100600.0,9999999
03776,0,5599,16.2,9.11,291.0,130.0,15.18,276.83,2.6,10,100600.0,9999999
03776,0,5600,17.7,8.7,454.0,129.0,15.18,278.07,2.6,9,100600.0,9999999
03776,0,5601,19.3,8.35,585.0,135.0,15.18,280.3,3.6,10,100600.0,9999999
03776,0,5602,20.2,7.8,698.0,153.0,15.18,280.1,3.6,10,100600.0,9999999
03776,0,5603,20.0,7.29,741.0,161.0,15.18,279.7,5.1,9,100600.0,9999999
03776,0,5604,19.4,7.75,712.0,222.0,15.18,282.08,5.1,9,100500.0,9999999
03776,0,5605,20.2,7.09,709.0,181.0,15.18,280.7,5.7,8,100500.0,9999999
03776,0,5606,20.1,6.9,611.0,125.0,15.18,279.49,5.1,8,100400.0,9999999
03776,0,5607,20.3,7.49,473.0,128.0,15.18,280.1,5.1,8,100400.0,9999999
03776,0,5608,20.0,7.29,311.0,129.0,15.18,279.7,4.1,8,100300.0,9999999
03776,0,5609,20.1,7.14,148.0,89.0,15.18,279.7,3.1,8,100200.0,9999999
03776,0,5610,19.4,7.14,13.0,13.0,15.18,279.9,3.1,7,100200.0,9999999
03776,0,5611,18.0,7.65,0.0,0.0,15.18,284.6,3.6,8,100200.0,9999999
03776,0,5612,15.4,9.29,0.0,0.0,15.18,284.79,3.1,10,100300.0,9999999
03776,0,5613,15.7,10.53,0.0,0.0,15.18,285.55,2.1,8,100200.0,9999999
03776,0,5614,16.5,11.02,0.0,0.0,15.18,286.5,2.1,8,100100.0,9999999
03776,0,5615,16.5,11.17,0.0,0.0,15.18,286.5,2.1,9,100100.0,9999999
03776,0,5616,15.8,10.53,0.0,0.0,15.18,285.55,2.1,8,100000.0,9999999
03776,0,5617,14.8,10.06,0.0,0.0,15.18,275.79,1.0,5,100000.0,9999999
03776,0,5618,14.7,10.13,0.0,0.0,15.18,276.62,1.5,4,99800.0,9999999
03776,0,5619,14.6,10.13,0.0,0.0,15.18,276.62,1.0,3,99800.0,9999999
03776,0,5620,14.7,10.13,0.0,0.0,15.18,275.79,1.5,5,99700.0,9999999
03776,0,5621,14.5,9.48,4.0,4.0,15.18,277.45,3.1,5,99600.0,9999999
03776,0,5622,14.6,9.67,26.0,26.0,15.18,277.66,2.6,6,99700.0,9999999
03776,0,5623,14.7,9.67,58.0,58.0,15.18,278.89,1.5,8,99600.0,9999999
03776,0,5624,15.1,9.8,231.0,215.0,15.18,278.68,1.5,11,99600.0,9999999
03776,0,5625,15.7,10.19,118.0,118.0,15.18,280.9,2.6,9,99700.0,9999999
03776,0,5626,16.3,10.6,138.0,138.0,15.18,286.12,3.6,8,99700.0,9999999
03776,0,5627,17.0,10.4,382.0,324.0,15.18,282.08,5.1,10,99700.0,9999999
03776,0,5628,18.2,9.67,645.0,325.0,15.18,281.69,5.1,10,99700.0,9999999
03776,0,5629,20.2,8.87,689.0,203.0,15.18,282.67,7.2,10,99700.0,9999999
03776,0,5630,18.4,8.46,570.0,199.0,15.18,281.29,6.2,10,99800.0,9999999
03776,0,5631,18.3,8.41,461.0,125.0,15.18,280.7,7.7,10,99800.0,9999999
03776,0,5632,18.3,8.64,302.0,118.0,15.18,280.7,5.1,9,99800.0,9999999
03776,0,5633,18.0,8.46,143.0,90.0,15.18,280.5,6.2,9,99700.0,9999999
03776,0,5634,17.0,8.35,24.0,24.0,15.18,278.27,5.7,10,99700.0,9999999
03776,0,5635,17.0,8.93,0.0,0.0,15.18,279.7,5.1,9,99800.0,9999999
03776,0,5636,16.4,8.64,0.0,0.0,15.18,279.49,4.1,9,99800.0,9999999
03776,0,5637,16.1,9.17,0.0,0.0,15.18,279.49,4.6,9,99800.0,9999999
03776,0,5638,15.5,8.87,0.0,0.0,15.18,276.0,5.1,9,99800.0,9999999
03776,0,5639,15.6,9.05,0.0,0.0,15.18,278.27,4.1,9,99800.0,9999999
03776,0,5640,14.9,8.99,0.0,0.0,15.18,275.58,3.6,9,99800.0,9999999
03776,0,5641,14.5,8.93,0.0,0.0,15.18,275.15,2.6,9,99700.0,9999999
03776,0,5642,13.7,8.64,0.0,0.0,15.18,274.3,1.5,9,99700.0,9999999
03776,0,5643,14.4,9.11,0.0,0.0,15.18,279.09,2.6,9,99700.0,9999999
03776,0,5644,14.0,8.99,0.0,0.0,15.18,277.25,2.6,9,99700.0,9999999
03776,0,5645,14.6,9.11,9.0,9.0,15.18,278.48,2.6,9,99700.0,9999999
03776,0,5646,14.6,9.11,64.0,64.0,15.18,276.21,3.1,9,99700.0,9999999
03776,0,5647,14.7,9.05,146.0,142.0,15.18,277.45,2.1,9,99700.0,9999999
03776,0,5648,15.3,8.75,440.0,282.0,15.18,277.86,2.6,10,99800.0,9999999
03776,0,5649,16.4,8.64,507.0,251.0,15.18,278.89,3.6,9,99800.0,9999999
03776,0,5650,17.8,7.97,678.0,212.0,15.18,280.1,4.6,10,99700.0,9999999
03776,0,5651,14.9,9.29,640.0,302.0,15.18,278.27,2.6,11,99700.0,9999999
03776,0,5652,19.7,10.26,382.0,323.0,15.18,283.84,5.1,10,99700.0,9999999
03776,0,5653,17.9,8.75,358.0,336.0,15.18,280.9,6.2,10,99700.0,9999999
03776,0,5654,17.2,8.99,120.0,120.0,15.18,279.9,6.7,10,99700.0,9999999
03776,0,5655,17.0,9.17,238.0,221.0,15.18,281.69,6.2,10,99700.0,9999999
03776,0,5656,14.6,9.23,155.0,150.0,15.18,279.49,7.2,11,99700.0,9999999
03776,0,5657,14.8,9.36,72.0,72.0,15.18,276.41,3.6,10,99700.0,9999999
03776,0,5658,14.7,9.05,12.0,12.0,15.18,277.45,3.6,10,99800.0,9999999
03776,0,5659,14.8,9.11,0.0,0.0,15.18,279.49,3.6,10,99800.0,9999999
03776,0,5660,13.8,9.05,0.0,0.0,15.18,275.36,2.6,9,99900.0,9999999
03776,0,5661,14.0,9.05,0.0,0.0,15.18,274.73,3.1,9,99900.0,9999999
03776,0,5662,13.8,8.81,0.0,0.0,15.18,274.3,3.1,9,99900.0,9999999
03776,0,5663,13.4,8.81,0.0,0.0,15.18,272.58,2.6,9,99900.0,9999999
03776,0,5664,13.9,8.87,0.0,0.0,15.18,275.36,3.1,9,99900.0,9999999
03776,0,5665,14.3,8.93,0.0,0.0,15.18,274.94,4.1,10,99900.0,9999999
03776,0,5666,14.2,8.75,0.0,0.0,15.18,275.58,4.6,10,99900.0,9999999
03776,0,5667,14.1,8.81,0.0,0.0,15.18,277.86,3.6,10,99900.0,9999999
03776,0,5668,14.5,8.81,0.0,0.0,15.18,279.09,5.1,10,99900.0,9999999
03776,0,5669,14.4,8.75,9.0,9.0,15.18,281.69,3.6,10,100000.0,9999999
03776,0,5670,14.7,8.7,105.0,78.0,15.18,277.86,3.6,10,100000.0,9999999
03776,0,5671,15.6,8.7,204.0,172.0,15.18,279.29,4.6,11,100100.0,9999999
03776,0,5672,16.8,8.93,228.0,213.0,15.18,279.49,5.1,11,100100.0,9999999
03776,0,5673,18.0,8.81,300.0,282.0,15.18,281.1,5.1,11,100100.0,9999999
03776,0,5674,18.0,8.3,352.0,331.0,15.18,280.9,4.6,11,100200.0,9999999
03776,0,5675,14.3,8.24,380.0,357.0,15.18,278.68,6.2,12,100200.0,9999999
03776,0,5676,17.0,9.8,380.0,357.0,15.18,280.5,4.1,10,100200.0,9999999
03776,0,5677,18.0,9.17,355.0,334.0,15.18,279.49,4.1,10,100200.0,9999999
03776,0,5678,16.4,7.54,307.0,271.0,15.18,280.5,6.7,13,100200.0,9999999
03776,0,5679,13.5,8.87,236.0,230.0,15.18,277.45,4.1,13,100300.0,9999999
03776,0,5680,15.3,9.11,153.0,148.0,15.18,276.0,2.6,9,100300.0,9999999
03776,0,5681,15.6,8.93,70.0,70.0,15.18,276.21,1.5,9,100300.0,9999999
03776,0,5682,15.4,8.93,11.0,11.0,15.18,276.0,1.5,9,100300.0,9999999
03776,0,5683,14.7,8.81,0.0,0.0,15.18,275.15,1.5,9,100400.0,9999999
03776,0,5684,14.1,8.35,0.0,0.0,15.18,276.62,2.1,10,100400.0,9999999
03776,0,5685,14.0,8.75,0.0,0.0,15.18,278.68,2.1,10,100400.0,9999999
03776,0,5686,13.7,8.87,0.0,0.0,15.18,277.66,2.1,10,100400.0,9999999
03776,0,5687,12.5,8.41,0.0,0.0,15.18,273.01,1.5,10,100400.0,9999999
03776,0,5688,11.8,7.97,0.0,0.0,15.18,272.14,0.5,9,100400.0,9999999
03776,0,5689,10.0,7.34,0.0,0.0,15.18,270.15,1.5,9,100400.0,9999999
03776,0,5690,10.2,7.44,0.0,0.0,15.18,269.03,1.5,9,100400.0,9999999
03776,0,5691,9.8,7.34,0.0,0.0,15.18,269.93,1.0,9,100500.0,9999999
03776,0,5692,9.7,7.29,0.0,0.0,15.18,269.93,2.1,9,100500.0,9999999
03776,0,5693,10.5,7.39,16.0,16.0,15.18,270.6,1.0,9,100500.0,9999999
03776,0,5694,12.0,8.02,119.0,81.0,15.18,272.36,1.5,9,100500.0,9999999
03776,0,5695,14.4,8.64,278.0,125.0,15.18,274.94,2.1,10,100600.0,9999999
03776,0,5696,16.3,9.05,439.0,127.0,15.18,276.83,2.6,11,100600.0,9999999
03776,0,5697,18.7,8.81,569.0,133.0,15.18,279.9,3.6,10,100600.0,9999999
03776,0,5698,19.0,7.7,682.0,149.0,15.18,278.89,4.1,10,100600.0,9999999
03776,0,5699,19.7,7.59,736.0,139.0,15.18,280.5,5.1,10,100600.0,9999999
03776,0,5700,18.6,6.85,740.0,136.0,15.18,279.09,5.1,12,100600.0,9999999
03776,0,5701,20.0,7.29,690.0,131.0,15.18,280.5,3.6,10,100600.0,9999999
03776,0,5702,18.0,7.75,511.0,264.0,15.18,281.29,4.6,12,100600.0,9999999
03776,0,5703,16.6,8.7,330.0,233.0,15.18,281.1,3.1,9,100600.0,9999999
03776,0,5704,15.9,7.75,151.0,136.0,15.18,282.67,4.1,10,100600.0,9999999
03776,0,5705,16.8,8.7,68.0,68.0,15.18,284.03,2.6,9,100600.0,9999999
03776,0,5706,14.9,7.7,10.0,10.0,15.18,281.69,1.5,9,100700.0,9999999
03776,0,5707,14.3,8.02,0.0,0.0,15.18,277.86,1.5,9,100700.0,9999999
03776,0,5708,13.9,8.24,0.0,0.0,15.18,275.15,2.1,9,100800.0,9999999
03776,0,5709,13.7,8.35,0.0,0.0,15.18,274.09,1.0,8,100800.0,9999999
03776,0,5710,12.7,8.3,0.0,0.0,15.18,273.01,1.5,9,100800.0,9999999
03776,0,5711,12.7,8.18,0.0,0.0,15.18,273.01,1.0,8,100800.0,9999999
03776,0,5712,12.2,8.24,0.0,0.0,15.18,274.73,1.5,9,100800.0,9999999
03776,0,5713,12.3,8.3,0.0,0.0,15.18,272.8,1.0,10,100800.0,9999999
03776,0,5714,12.0,8.18,0.0,0.0,15.18,279.09,1.0,10,100800.0,9999999
03776,0,5715,11.3,7.8,0.0,0.0,15.18,278.27,1.0,9,100800.0,9999999
03776,0,5716,10.6,7.54,0.0,0.0,15.18,273.44,1.0,9,100800.0,9999999
03776,0,5717,10.6,7.65,14.0,14.0,15.18,273.01,1.5,9,100800.0,9999999
03776,0,5718,11.8,8.07,113.0,80.0,15.18,273.01,1.0,10,100800.0,9999999
03776,0,5719,14.8,8.35,258.0,134.0,15.18,275.15,1.0,13,100900.0,9999999
03776,0,5720,16.5,8.24,412.0,152.0,15.18,276.62,1.0,9,100900.0,9999999
03776,0,5721,17.8,7.86,498.0,242.0,15.18,277.86,1.5,9,100900.0,9999999
03776,0,5722,18.7,7.75,585.0,244.0,15.18,279.49,3.1,9,100900.0,9999999
03776,0,5723,19.7,7.7,532.0,360.0,15.18,281.69,3.6,9,100800.0,9999999
03776,0,5724,18.2,7.97,377.0,338.0,15.18,284.99,1.5,16,100800.0,9999999
03776,0,5725,19.6,7.75,352.0,310.0,15.18,286.31,3.1,15,100800.0,9999999
03776,0,5726,15.9,7.54,302.0,267.0,15.18,282.67,4.1,9,100800.0,9999999
03776,0,5727,12.8,8.13,231.0,214.0,15.18,277.25,4.6,12,100900.0,9999999
03776,0,5728,13.4,8.7,147.0,143.0,15.18,276.62,1.0,11,100900.0,9999999
03776,0,5729,14.4,8.99,65.0,65.0,15.18,277.25,1.0,11,100900.0,9999999
03776,0,5730,15.4,9.29,10.0,10.0,15.18,278.27,1.0,6,100900.0,9999999
03776,0,5731,13.2,8.81,0.0,0.0,15.18,273.87,1.0,12,101000.0,9999999
03776,0,5732,12.3,8.7,0.0,0.0,15.18,272.8,1.0,10,101000.0,9999999
03776,0,5733,10.8,7.75,0.0,0.0,15.18,271.04,0.0,0,101000.0,9999999
03776,0,5734,10.4,7.65,0.0,0.0,15.18,270.6,1.0,12,101000.0,9999999
03776,0,5735,9.7,7.19,0.0,0.0,15.18,269.7,1.0,7,101000.0,9999999
03776,0,5736,9.2,7.04,0.0,0.0,15.18,269.25,0.0,0,101000.0,9999999
03776,0,5737,8.3,6.61,0.0,0.0,15.18,268.12,0.0,0,101000.0,9999999
03776,0,5738,7.2,6.21,0.0,0.0,15.18,267.89,0.0,0,101000.0,9999999
03776,0,5739,7.5,6.25,0.0,0.0,15.18,266.03,0.0,0,101000.0,9999999
03776,0,5740,7.0,6.12,0.0,0.0,15.18,266.73,1.0,8,101000.0,9999999
03776,0,5741,8.9,6.99,14.0,14.0,15.18,269.93,1.5,16,101100.0,9999999
03776,0,5742,10.6,7.65,111.0,78.0,15.18,271.7,1.0,15,101100.0,9999999
03776,0,5743,12.1,8.35,197.0,153.0,15.18,275.15,1.5,16,101100.0,9999999
03776,0,5744,13.5,8.75,222.0,207.0,15.18,278.07,3.1,16,101100.0,9999999
03776,0,5745,14.9,9.42,293.0,276.0,15.18,282.28,3.1,15,101100.0,9999999
03776,0,5746,16.7,8.99,345.0,324.0,15.18,281.29,2.6,16,101100.0,9999999
03776,0,5747,18.0,8.58,627.0,313.0,15.18,281.1,4.6,15,101100.0,9999999
03776,0,5748,10.5,7.91,146.0,146.0,15.18,279.49,2.6,5,101000.0,9999999
03776,0,5749,19.2,8.07,667.0,388.0,15.18,281.49,5.1,14,101000.0,9999999
03776,0,5750,19.6,7.49,582.0,119.0,15.18,279.29,5.1,15,100900.0,9999999
03776,0,5751,19.3,7.8,429.0,152.0,15.18,281.49,6.2,14,100900.0,9999999
03776,0,5752,19.3,7.8,244.0,146.0,15.18,281.89,5.1,14,100900.0,9999999
03776,0,5753,14.6,8.75,63.0,63.0,15.18,277.86,3.1,12,101000.0,9999999
03776,0,5754,13.1,8.07,17.0,17.0,15.18,273.44,2.1,10,100900.0,9999999
03776,0,5755,12.6,8.02,0.0,0.0,15.18,273.01,2.6,13,101000.0,9999999
03776,0,5756,13.0,8.02,0.0,0.0,15.18,273.23,3.1,15,101000.0,9999999
03776,0,5757,12.7,8.07,0.0,0.0,15.18,271.7,3.1,14,100900.0,9999999
03776,0,5758,12.8,7.91,0.0,0.0,15.18,271.7,3.6,14,100900.0,9999999
03776,0,5759,12.6,8.02,0.0,0.0,15.18,274.94,4.1,14,100800.0,9999999
03776,0,5760,12.7,8.18,0.0,0.0,15.18,276.41,4.6,14,100800.0,9999999
03776,0,5761,13.2,8.35,0.0,0.0,15.18,280.3,5.1,13,100800.0,9999999
03776,0,5762,13.3,8.3,0.0,0.0,15.18,277.86,5.7,14,100700.0,9999999
03776,0,5763,13.1,8.41,0.0,0.0,15.18,277.66,5.1,14,100700.0,9999999
03776,0,5764,12.7,8.3,0.0,0.0,15.18,276.41,5.7,14,100600.0,9999999
03776,0,5765,12.5,8.41,3.0,3.0,15.18,277.04,5.7,14,100600.0,9999999
03776,0,5766,12.5,8.3,22.0,22.0,15.18,276.21,6.2,14,100600.0,9999999
03776,0,5767,12.7,8.18,54.0,54.0,15.18,275.15,6.2,14,100600.0,9999999
03776,0,5768,13.1,7.86,86.0,86.0,15.18,274.3,6.7,13,100600.0,9999999
03776,0,5769,13.7,7.8,114.0,114.0,15.18,277.25,7.7,14,100600.0,9999999
03776,0,5770,14.3,7.59,135.0,135.0,15.18,277.66,6.2,14,100600.0,9999999
03776,0,5771,14.8,6.99,146.0,146.0,15.18,277.25,6.2,15,100600.0,9999999
03776,0,5772,15.3,6.99,146.0,146.0,15.18,278.27,7.2,14,100600.0,9999999
03776,0,5773,15.7,7.34,136.0,136.0,15.18,278.27,5.7,14,100600.0,9999999
03776,0,5774,15.9,6.9,116.0,116.0,15.18,276.41,5.7,14,100600.0,9999999
03776,0,5775,16.5,7.14,88.0,88.0,15.18,277.25,5.1,14,100600.0,9999999
03776,0,5776,16.7,6.94,56.0,56.0,15.18,276.41,5.7,14,100500.0,9999999
03776,0,5777,16.6,6.99,24.0,24.0,15.18,276.21,5.7,13,100500.0,9999999
03776,0,5778,16.3,7.14,8.0,8.0,15.18,276.0,6.2,14,100600.0,9999999
03776,0,5779,15.9,7.24,0.0,0.0,15.18,279.9,6.2,14,100600.0,9999999
03776,0,5780,15.4,7.24,0.0,0.0,15.18,275.15,6.2,14,100700.0,9999999
03776,0,5781,15.0,7.24,0.0,0.0,15.18,278.89,5.7,14,100700.0,9999999
03776,0,5782,14.3,7.24,0.0,0.0,15.18,276.83,6.7,14,100800.0,9999999
03776,0,5783,13.5,7.14,0.0,0.0,15.18,277.45,5.1,13,100800.0,9999999
03776,0,5784,12.9,7.09,0.0,0.0,15.18,279.49,5.7,14,100900.0,9999999
03776,0,5785,12.0,7.04,0.0,0.0,15.18,272.8,6.2,14,100900.0,9999999
03776,0,5786,11.5,6.99,0.0,0.0,15.18,271.48,4.1,14,101000.0,9999999
03776,0,5787,11.2,6.94,0.0,0.0,15.18,271.04,5.1,14,101000.0,9999999
03776,0,5788,10.9,6.8,0.0,0.0,15.18,270.82,5.1,14,101000.0,9999999
03776,0,5789,11.2,6.85,13.0,13.0,15.18,271.04,3.6,14,101100.0,9999999
03776,0,5790,11.8,6.94,107.0,75.0,15.18,271.7,4.1,14,101100.0,9999999
03776,0,5791,13.2,7.19,253.0,126.0,15.18,273.01,5.1,15,101200.0,9999999
03776,0,5792,14.2,7.29,352.0,200.0,15.18,274.09,4.6,14,101200.0,9999999
03776,0,5793,14.9,7.7,290.0,262.0,15.18,279.09,5.1,14,101300.0,9999999
03776,0,5794,17.0,7.65,342.0,302.0,15.18,282.28,5.1,14,101300.0,9999999
03776,0,5795,16.8,7.75,369.0,325.0,15.18,283.64,5.7,14,101300.0,9999999
03776,0,5796,17.1,8.3,370.0,347.0,15.18,284.03,6.2,13,101300.0,9999999
03776,0,5797,17.5,8.35,343.0,323.0,15.18,281.89,7.2,14,101300.0,9999999
03776,0,5798,17.2,8.02,293.0,260.0,15.18,284.03,6.2,14,101400.0,9999999
03776,0,5799,17.1,7.97,223.0,206.0,15.18,284.03,4.6,14,101400.0,9999999
03776,0,5800,16.5,8.24,139.0,135.0,15.18,283.45,4.1,14,101400.0,9999999
03776,0,5801,16.3,8.13,58.0,58.0,15.18,283.25,3.6,14,101500.0,9999999
03776,0,5802,16.0,8.41,7.0,7.0,15.18,283.06,2.6,15,101500.0,9999999
03776,0,5803,15.7,8.24,0.0,0.0,15.18,282.67,2.1,2,101600.0,9999999
03776,0,5804,14.8,8.46,0.0,0.0,15.18,281.89,0.0,0,101700.0,9999999
03776,0,5805,13.7,8.13,0.0,0.0,15.18,280.7,2.1,14,101700.0,9999999
03776,0,5806,13.5,7.34,0.0,0.0,15.18,280.1,3.1,14,101700.0,9999999
03776,0,5807,12.7,6.8,0.0,0.0,15.18,273.44,2.1,15,101800.0,9999999
03776,0,5808,11.3,6.39,0.0,0.0,15.18,270.82,2.1,15,101800.0,9999999
03776,0,5809,10.2,6.21,0.0,0.0,15.18,268.57,1.0,13,101800.0,9999999
03776,0,5810,9.5,6.08,0.0,0.0,15.18,267.66,1.5,11,101800.0,9999999
03776,0,5811,9.1,6.12,0.0,0.0,15.18,267.43,1.5,13,101800.0,9999999
03776,0,5812,8.5,6.08,0.0,0.0,15.18,268.12,0.7,13,101800.0,9999999
03776,0,5813,8.0,5.99,6.0,6.0,15.18,267.66,0.0,0,101900.0,9999999
03776,0,5814,9.5,6.3,53.0,53.0,15.18,269.25,2.1,14,101900.0,9999999
03776,0,5815,11.3,6.57,134.0,133.0,15.18,271.92,2.6,15,101900.0,9999999
03776,0,5816,12.3,6.9,218.0,209.0,15.18,272.14,3.6,14,102000.0,9999999
03776,0,5817,14.6,7.34,289.0,256.0,15.18,276.62,3.6,14,102000.0,9999999
03776,0,5818,15.3,7.39,340.0,300.0,15.18,278.48,3.6,15,102000.0,9999999
03776,0,5819,15.9,7.24,368.0,323.0,15.18,278.48,3.6,16,102000.0,9999999
03776,0,5820,16.7,7.49,368.0,324.0,15.18,280.7,3.6,1,102000.0,9999999
03776,0,5821,17.6,7.59,342.0,301.0,15.18,280.3,3.1,2,102000.0,9999999
03776,0,5822,17.8,7.59,291.0,257.0,15.18,279.9,3.6,16,102000.0,9999999
03776,0,5823,17.9,7.44,220.0,204.0,15.18,281.89,3.6,15,102000.0,9999999
03776,0,5824,17.5,7.29,137.0,134.0,15.18,281.49,4.1,1,102000.0,9999999
03776,0,5825,16.7,7.59,56.0,56.0,15.18,278.89,1.5,4,102000.0,9999999
03776,0,5826,14.8,7.91,7.0,7.0,15.18,274.94,1.5,5,102100.0,9999999
03776,0,5827,13.7,7.8,0.0,0.0,15.18,273.87,1.5,8,102100.0,9999999
03776,0,5828,12.6,7.7,0.0,0.0,15.18,272.8,0.0,0,102200.0,9999999
03776,0,5829,11.7,7.59,0.0,0.0,15.18,271.92,1.0,8,102200.0,9999999
03776,0,5830,10.9,7.44,0.0,0.0,15.18,271.04,1.0,9,102200.0,9999999
03776,0,5831,10.4,7.29,0.0,0.0,15.18,270.6,0.0,0,102200.0,9999999
03776,0,5832,10.0,7.14,0.0,0.0,12.74,268.8,0.0,0,102200.0,9999999
03776,0,5833,9.6,6.99,0.0,0.0,12.74,271.7,1.0,13,102200.0,9999999
03776,0,5834,9.2,6.85,0.0,0.0,12.74,269.25,0.0,0,102200.0,9999999
03776,0,5835,8.7,6.71,0.0,0.0,12.74,268.57,1.0,14,102200.0,9999999
03776,0,5836,8.2,6.57,0.0,0.0,12.74,269.03,1.0,13,102200.0,9999999
03776,0,5837,7.7,6.43,10.0,10.0,12.74,267.43,0.0,0,102200.0,9999999
03776,0,5838,10.3,7.39,91.0,72.0,12.74,271.26,1.0,9,102200.0,9999999
03776,0,5839,13.3,8.07,237.0,129.0,12.74,273.66,1.0,7,102200.0,9999999
03776,0,5840,15.6,8.13,394.0,163.0,12.74,274.52,1.0,15,102200.0,9999999
03776,0,5841,17.6,7.59,525.0,177.0,12.74,277.45,2.6,12,102200.0,9999999
03776,0,5842,18.5,6.9,339.0,291.0,12.74,280.7,2.1,10,102200.0,9999999
03776,0,5843,18.7,6.71,366.0,322.0,12.74,279.09,2.6,15,102200.0,9999999
03776,0,5844,19.3,6.61,367.0,322.0,12.74,279.7,2.1,12,102100.0,9999999
03776,0,5845,20.4,6.85,340.0,299.0,12.74,280.7,3.1,14,102100.0,9999999
03776,0,5846,20.1,7.04,289.0,255.0,12.74,280.5,2.6,16,102100.0,9999999
03776,0,5847,20.1,6.8,218.0,202.0,12.74,280.5,3.1,13,102000.0,9999999
03776,0,5848,19.6,6.8,134.0,132.0,12.74,279.9,2.1,13,102000.0,9999999
03776,0,5849,19.0,7.24,54.0,54.0,12.74,280.9,2.1,14,102000.0,9999999
03776,0,5850,17.0,8.46,6.0,6.0,12.74,279.9,2.1,9,102000.0,9999999
03776,0,5851,14.9,8.75,0.0,0.0,12.74,276.41,2.1,9,102100.0,9999999
03776,0,5852,14.4,8.52,0.0,0.0,12.74,274.73,2.6,9,102100.0,9999999
03776,0,5853,14.3,8.58,0.0,0.0,12.74,278.89,1.0,11,102100.0,9999999
03776,0,5854,14.3,8.46,0.0,0.0,12.74,281.49,1.5,9,102100.0,9999999
03776,0,5855,14.1,8.46,0.0,0.0,12.74,281.29,1.5,9,102100.0,9999999
03776,0,5856,13.6,8.58,0.0,0.0,12.74,280.7,1.0,8,102100.0,9999999
03776,0,5857,13.5,8.52,0.0,0.0,12.74,273.87,1.0,8,102000.0,9999999
03776,0,5858,13.4,8.35,0.0,0.0,12.74,282.48,1.5,12,102000.0,9999999
03776,0,5859,13.4,8.46,0.0,0.0,12.74,280.5,1.5,9,102000.0,9999999
03776,0,5860,13.2,8.35,0.0,0.0,12.74,274.52,1.0,9,102000.0,9999999
03776,0,5861,13.8,8.3,5.0,5.0,12.74,278.27,1.0,12,102000.0,9999999
03776,0,5862,14.3,8.35,50.0,50.0,12.74,281.29,1.0,11,102000.0,9999999
03776,0,5863,15.9,8.58,130.0,126.0,12.74,283.06,0.0,0,102000.0,9999999
03776,0,5864,18.3,8.18,213.0,202.0,12.74,285.18,2.1,16,102000.0,9999999
03776,0,5865,20.0,7.54,284.0,252.0,12.74,282.48,1.5,15,102000.0,9999999
03776,0,5866,20.2,7.8,336.0,296.0,12.74,284.22,2.1,12,102000.0,9999999
03776,0,5867,20.4,7.59,363.0,319.0,12.74,287.06,3.6,15,102000.0,9999999
03776,0,5868,20.2,8.18,362.0,340.0,12.74,287.06,3.1,15,101900.0,9999999
03776,0,5869,21.0,8.35,336.0,315.0,12.74,287.99,2.1,16,101900.0,9999999
03776,0,5870,20.9,8.41,285.0,268.0,12.74,287.8,1.0,16,101900.0,9999999
03776,0,5871,21.1,8.7,213.0,208.0,12.74,288.17,2.1,1,101800.0,9999999
03776,0,5872,20.7,9.11,131.0,127.0,12.74,285.18,3.1,16,101800.0,9999999
03776,0,5873,20.1,9.8,20.0,20.0,12.74,289.63,2.6,15,101800.0,9999999
03776,0,5874,19.0,10.13,2.0,2.0,12.74,288.72,2.6,16,101800.0,9999999
03776,0,5875,18.1,10.6,0.0,0.0,12.74,287.99,2.6,16,101900.0,9999999
03776,0,5876,16.7,10.88,0.0,0.0,12.74,286.68,0.0,0,101900.0,9999999
03776,0,5877,16.4,11.09,0.0,0.0,12.74,286.31,0.0,0,101800.0,9999999
03776,0,5878,16.3,10.95,0.0,0.0,12.74,286.31,1.0,4,101800.0,9999999
03776,0,5879,16.2,10.81,0.0,0.0,12.74,286.12,0.0,0,101800.0,9999999
03776,0,5880,16.5,10.88,0.0,0.0,12.74,286.5,1.0,6,101800.0,9999999
03776,0,5881,16.3,10.4,0.0,0.0,12.74,286.12,1.0,4,101800.0,9999999
03776,0,5882,16.0,10.26,0.0,0.0,12.74,285.74,1.5,3,101800.0,9999999
03776,0,5883,15.4,10.26,0.0,0.0,12.74,285.18,2.1,4,101700.0,9999999
03776,0,5884,15.3,9.93,0.0,0.0,12.74,284.99,1.0,3,101700.0,9999999
03776,0,5885,15.2,10.06,2.0,2.0,12.74,284.79,2.1,3,101700.0,9999999
03776,0,5886,15.9,9.17,48.0,48.0,12.74,283.25,1.0,5,101700.0,9999999
03776,0,5887,15.9,9.17,50.0,50.0,12.74,285.18,2.1,3,101800.0,9999999
03776,0,5888,16.6,9.74,210.0,196.0,12.74,284.22,3.1,2,101800.0,9999999
03776,0,5889,17.5,8.46,281.0,268.0,12.74,284.6,4.1,2,101800.0,9999999
03776,0,5890,19.0,8.99,558.0,286.0,12.74,282.67,5.1,2,101700.0,9999999
03776,0,5891,19.6,8.24,636.0,247.0,12.74,283.06,5.7,1,101700.0,9999999
03776,0,5892,20.4,7.7,661.0,205.0,12.74,282.87,6.2,3,101700.0,9999999
03776,0,5893,21.0,7.86,611.0,176.0,12.74,283.64,6.2,2,101700.0,9999999
03776,0,5894,20.7,7.29,550.0,127.0,12.74,281.29,6.7,2,101700.0,9999999
03776,0,5895,20.3,6.9,414.0,113.0,12.74,279.7,6.2,2,101700.0,9999999
03776,0,5896,19.7,7.34,251.0,103.0,12.74,279.29,6.7,3,101700.0,9999999
03776,0,5897,18.6,7.34,96.0,71.0,12.74,277.04,6.2,2,101700.0,9999999
03776,0,5898,17.4,7.91,10.0,10.0,12.74,276.21,4.1,2,101700.0,9999999
03776,0,5899,16.2,7.65,0.0,0.0,12.74,274.94,3.6,2,101700.0,9999999
03776,0,5900,15.7,7.65,0.0,0.0,12.74,274.3,4.1,2,101800.0,9999999
03776,0,5901,14.7,8.18,0.0,0.0,12.74,273.66,3.1,1,101800.0,9999999
03776,0,5902,14.6,8.64,0.0,0.0,12.74,273.66,4.1,1,101800.0,9999999
03776,0,5903,14.2,8.75,0.0,0.0,12.74,275.58,4.6,1,101800.0,9999999
03776,0,5904,14.0,8.87,0.0,0.0,12.74,277.25,3.1,1,101800.0,9999999
03776,0,5905,14.4,8.99,0.0,0.0,12.74,274.94,2.6,1,101800.0,9999999
03776,0,5906,14.3,9.17,0.0,0.0,12.74,276.0,3.1,1,101700.0,9999999
03776,0,5907,14.4,9.11,0.0,0.0,12.74,275.15,3.1,1,101700.0,9999999
03776,0,5908,13.6,8.93,0.0,0.0,12.74,275.15,2.1,16,101700.0,9999999
03776,0,5909,14.9,9.54,5.0,5.0,12.74,282.48,3.6,16,101700.0,9999999
03776,0,5910,15.6,9.42,47.0,47.0,12.74,283.06,5.7,1,101700.0,9999999
03776,0,5911,15.6,8.81,178.0,127.0,12.74,280.3,6.2,1,101700.0,9999999
03776,0,5912,16.8,8.46,256.0,227.0,12.74,281.29,6.7,1,101700.0,9999999
03776,0,5913,17.0,8.35,279.0,242.0,12.74,284.03,5.1,2,101700.0,9999999
03776,0,5914,17.6,8.52,467.0,329.0,12.74,282.08,5.7,2,101700.0,9999999
03776,0,5915,17.3,8.81,357.0,301.0,12.74,284.41,6.7,1,101700.0,9999999
03776,0,5916,16.7,9.11,139.0,139.0,12.74,285.93,6.2,2,101700.0,9999999
03776,0,5917,17.2,9.05,129.0,129.0,12.74,286.5,6.2,2,101700.0,9999999
03776,0,5918,17.1,8.64,109.0,109.0,12.74,286.12,5.1,3,101600.0,9999999
03776,0,5919,17.4,7.8,150.0,150.0,12.74,281.49,5.1,1,101600.0,9999999
03776,0,5920,17.2,8.02,125.0,122.0,12.74,284.03,5.1,3,101600.0,9999999
03776,0,5921,16.7,7.59,46.0,46.0,12.74,283.45,6.2,2,101600.0,9999999
03776,0,5922,15.3,7.39,9.0,9.0,12.74,276.21,5.7,2,101600.0,9999999
03776,0,5923,14.6,7.44,0.0,0.0,12.74,281.29,3.6,2,101600.0,9999999
03776,0,5924,14.6,6.66,0.0,0.0,12.74,280.9,6.2,1,101600.0,9999999
03776,0,5925,14.2,6.75,0.0,0.0,12.74,280.5,5.1,2,101600.0,9999999
03776,0,5926,14.3,6.85,0.0,0.0,12.74,280.7,6.2,2,101600.0,9999999
03776,0,5927,14.1,6.61,0.0,0.0,12.74,280.3,6.2,2,101600.0,9999999
03776,0,5928,14.0,6.75,0.0,0.0,12.74,280.3,5.7,1,101600.0,9999999
03776,0,5929,13.9,7.04,0.0,0.0,12.74,280.3,4.1,1,101600.0,9999999
03776,0,5930,14.0,7.09,0.0,0.0,12.74,280.5,3.6,16,101500.0,9999999
03776,0,5931,13.9,7.24,0.0,0.0,12.74,280.5,3.6,1,101500.0,9999999
03776,0,5932,13.9,7.7,0.0,0.0,12.74,280.7,2.6,16,101500.0,9999999
03776,0,5933,14.0,7.86,4.0,4.0,12.74,280.9,2.6,16,101500.0,9999999
03776,0,5934,14.2,8.07,45.0,45.0,12.74,281.1,2.1,16,101500.0,9999999
03776,0,5935,14.7,8.3,124.0,121.0,12.74,281.69,3.1,1,101500.0,9999999
03776,0,5936,15.9,8.7,206.0,196.0,12.74,283.06,4.1,1,101500.0,9999999
03776,0,5937,18.4,8.81,529.0,240.0,12.74,280.9,4.6,3,101500.0,9999999
03776,0,5938,19.8,7.65,634.0,146.0,12.74,279.7,5.7,3,101500.0,9999999
03776,0,5939,21.1,7.44,689.0,131.0,12.74,280.7,7.7,2,101500.0,9999999
03776,0,5940,21.2,8.41,689.0,126.0,12.74,282.28,7.2,3,101500.0,9999999
03776,0,5941,20.8,8.07,626.0,154.0,12.74,282.87,5.7,4,101400.0,9999999
03776,0,5942,21.2,8.02,537.0,113.0,12.74,282.08,6.7,3,101400.0,9999999
03776,0,5943,20.2,8.64,398.0,105.0,12.74,280.5,6.2,3,101400.0,9999999
03776,0,5944,20.0,8.41,238.0,93.0,12.74,280.1,7.2,3,101400.0,9999999
03776,0,5945,19.1,7.29,86.0,67.0,12.74,278.89,5.1,3,101400.0,9999999
03776,0,5946,17.8,7.59,8.0,8.0,12.74,277.66,5.1,2,101400.0,9999999
03776,0,5947,16.3,8.35,0.0,0.0,12.74,275.36,3.6,2,101500.0,9999999
03776,0,5948,15.4,8.58,0.0,0.0,12.74,274.52,1.5,4,101500.0,9999999
03776,0,5949,14.0,8.64,0.0,0.0,12.74,274.52,3.1,1,101500.0,9999999
03776,0,5950,12.7,8.52,0.0,0.0,12.74,273.23,1.0,12,101600.0,9999999
03776,0,5951,13.8,8.81,0.0,0.0,12.74,274.3,2.6,16,101600.0,9999999
03776,0,5952,13.5,8.64,0.0,0.0,12.74,276.62,2.6,1,101600.0,9999999
03776,0,5953,13.7,8.75,0.0,0.0,12.74,280.9,3.6,2,101600.0,9999999
03776,0,5954,13.3,8.52,0.0,0.0,12.74,280.5,5.1,2,101600.0,9999999
03776,0,5955,12.4,8.24,0.0,0.0,12.74,272.8,2.6,2,101600.0,9999999
03776,0,5956,11.3,7.91,0.0,0.0,12.74,271.7,1.5,16,101600.0,9999999
03776,0,5957,9.8,7.14,7.0,7.0,12.74,269.93,0.0,0,101600.0,9999999
03776,0,5958,10.8,7.65,82.0,48.0,12.74,271.04,1.0,1,101600.0,9999999
03776,0,5959,13.5,8.13,234.0,108.0,12.74,273.87,2.6,16,101600.0,9999999
03776,0,5960,16.0,8.41,397.0,120.0,12.74,277.25,2.6,1,101600.0,9999999
03776,0,5961,17.6,7.8,535.0,125.0,12.74,278.48,4.1,3,101600.0,9999999
03776,0,5962,18.0,7.97,634.0,122.0,12.74,278.89,3.6,3,101600.0,9999999
03776,0,5963,18.8,7.34,687.0,126.0,12.74,278.48,3.1,4,101500.0,9999999
03776,0,5964,19.7,7.24,686.0,126.0,12.74,280.3,2.6,3,101500.0,9999999
03776,0,5965,20.6,7.59,634.0,119.0,12.74,280.3,3.1,3,101500.0,9999999
03776,0,5966,20.2,7.09,535.0,108.0,12.74,279.7,3.1,1,101500.0,9999999
03776,0,5967,20.4,6.61,396.0,111.0,12.74,279.7,2.6,1,101400.0,9999999
03776,0,5968,20.5,6.71,234.0,98.0,12.74,279.9,2.1,1,101400.0,9999999
03776,0,5969,20.0,6.94,82.0,64.0,12.74,279.49,2.1,4,101400.0,9999999
03776,0,5970,18.7,7.49,7.0,7.0,12.74,279.49,3.1,1,101400.0,9999999
03776,0,5971,15.1,8.41,0.0,0.0,12.74,275.36,2.1,9,101500.0,9999999
03776,0,5972,14.3,7.91,0.0,0.0,12.74,277.86,2.6,4,101600.0,9999999
03776,0,5973,15.1,7.65,0.0,0.0,12.74,277.86,1.5,4,101600.0,9999999
03776,0,5974,14.2,7.54,0.0,0.0,12.74,276.83,2.1,1,101600.0,9999999
03776,0,5975,14.3,7.91,0.0,0.0,12.74,281.1,2.6,16,101700.0,9999999
03776,0,5976,13.7,7.24,0.0,0.0,12.74,280.3,2.6,2,101700.0,9999999
03776,0,5977,13.4,7.29,0.0,0.0,12.74,280.1,2.0,2,101700.0,9999999
03776,0,5978,13.2,7.29,0.0,0.0,12.74,279.9,1.5,16,101700.0,9999999
03776,0,5979,13.0,7.29,0.0,0.0,12.74,279.7,1.5,16,101700.0,9999999
03776,0,5980,12.9,7.24,0.0,0.0,12.74,279.49,2.1,16,101700.0,9999999
03776,0,5981,12.9,6.99,4.0,4.0,12.74,279.29,2.6,16,101800.0,9999999
03776,0,5982,12.9,7.09,43.0,43.0,12.74,279.49,2.6,16,101800.0,9999999
03776,0,5983,13.7,7.14,120.0,118.0,12.74,280.3,2.1,16,101800.0,9999999
03776,0,5984,14.6,6.99,203.0,196.0,12.74,281.1,3.6,1,101900.0,9999999
03776,0,5985,15.6,7.39,273.0,242.0,12.74,282.28,2.6,16,101900.0,9999999
03776,0,5986,16.5,7.49,324.0,285.0,12.74,280.5,3.1,4,101900.0,9999999
03776,0,5987,17.6,7.97,350.0,308.0,12.74,281.89,2.6,4,101900.0,9999999
03776,0,5988,18.6,7.91,668.0,386.0,12.74,280.7,2.6,5,101800.0,9999999
03776,0,5989,18.6,7.44,542.0,265.0,12.74,281.69,3.6,2,101800.0,9999999
03776,0,5990,19.2,7.97,517.0,167.0,12.74,281.29,1.5,4,101800.0,9999999
03776,0,5991,19.0,7.8,369.0,149.0,12.74,281.69,3.6,3,101800.0,9999999
03776,0,5992,18.8,8.13,204.0,116.0,12.74,282.28,3.1,3,101800.0,9999999
03776,0,5993,18.1,8.02,63.0,54.0,12.74,282.28,2.1,4,101800.0,9999999
03776,0,5994,17.0,8.35,4.0,4.0,12.74,280.5,1.0,5,101800.0,9999999
03776,0,5995,17.0,8.35,0.0,0.0,12.74,284.03,1.5,5,101900.0,9999999
03776,0,5996,16.4,7.86,0.0,0.0,12.74,280.5,3.1,3,101900.0,9999999
03776,0,5997,15.3,7.65,0.0,0.0,12.74,282.08,2.1,4,101900.0,9999999
03776,0,5998,15.3,7.29,0.0,0.0,12.74,281.89,2.1,3,101900.0,9999999
03776,0,5999,14.9,7.59,0.0,0.0,12.74,281.69,2.1,3,102000.0,9999999
03776,0,6000,13.7,7.7,0.0,0.0,12.74,277.04,1.5,1,102000.0,9999999
03776,0,6001,12.9,7.44,0.0,0.0,12.74,277.04,2.1,16,102000.0,9999999
03776,0,6002,12.2,7.59,0.0,0.0,12.74,278.89,1.0,16,102000.0,9999999
03776,0,6003,12.3,7.75,0.0,0.0,12.74,279.09,1.0,16,102000.0,9999999
03776,0,6004,12.7,7.97,0.0,0.0,12.74,279.7,1.5,15,102000.0,9999999
03776,0,6005,12.5,8.07,3.0,3.0,12.74,279.49,1.0,16,102000.0,9999999
03776,0,6006,13.3,8.41,41.0,41.0,12.74,280.5,2.1,16,102000.0,9999999
03776,0,6007,14.2,8.41,118.0,115.0,12.74,281.29,2.6,16,102000.0,9999999
03776,0,6008,15.2,8.24,200.0,190.0,12.74,282.28,3.6,16,102000.0,9999999
03776,0,6009,15.8,7.91,271.0,262.0,12.74,282.67,4.6,1,102000.0,9999999
03776,0,6010,16.2,8.07,321.0,283.0,12.74,283.06,4.1,1,102000.0,9999999
03776,0,6011,16.2,7.75,584.0,288.0,12.74,279.49,5.1,2,102000.0,9999999
03776,0,6012,17.8,6.71,348.0,312.0,12.74,284.03,6.2,2,102000.0,9999999
03776,0,6013,17.1,7.29,320.0,282.0,12.74,281.1,4.6,2,101900.0,9999999
03776,0,6014,18.6,6.85,379.0,265.0,12.74,281.49,4.6,2,101900.0,9999999
03776,0,6015,18.2,6.61,197.0,168.0,12.74,284.41,5.1,1,101900.0,9999999
03776,0,6016,17.7,7.09,114.0,112.0,12.74,284.03,5.1,1,101900.0,9999999
03776,0,6017,17.4,7.49,37.0,37.0,12.74,280.5,3.1,1,101900.0,9999999
03776,0,6018,16.8,7.75,3.0,3.0,12.74,283.64,4.1,16,101900.0,9999999
03776,0,6019,15.3,7.65,0.0,0.0,12.74,282.08,6.2,16,101900.0,9999999
03776,0,6020,14.9,7.59,0.0,0.0,12.74,281.69,6.7,1,101900.0,9999999
03776,0,6021,14.3,7.7,0.0,0.0,12.74,278.48,6.7,16,101900.0,9999999
03776,0,6022,13.5,7.75,0.0,0.0,12.74,275.79,5.1,16,102000.0,9999999
03776,0,6023,13.7,7.54,0.0,0.0,12.74,276.41,7.2,16,101900.0,9999999
03776,0,6024,13.5,7.75,0.0,0.0,12.74,276.41,5.7,16,101900.0,9999999
03776,0,6025,13.0,7.7,0.0,0.0,12.74,275.36,5.7,16,101900.0,9999999
03776,0,6026,13.0,7.8,0.0,0.0,12.74,276.41,4.1,16,101900.0,9999999
03776,0,6027,13.6,7.97,0.0,0.0,12.74,280.5,5.7,16,101900.0,9999999
03776,0,6028,13.6,8.07,0.0,0.0,12.74,282.48,4.6,16,101900.0,9999999
03776,0,6029,13.3,8.07,3.0,3.0,12.74,280.3,6.2,16,101900.0,9999999
03776,0,6030,13.6,7.86,56.0,53.0,12.74,277.86,7.2,16,101900.0,9999999
03776,0,6031,14.3,7.8,154.0,135.0,12.74,278.48,7.2,16,101900.0,9999999
03776,0,6032,15.0,7.7,244.0,215.0,12.74,279.09,7.2,16,101900.0,9999999
03776,0,6033,16.0,7.59,301.0,266.0,12.74,279.29,7.2,1,101900.0,9999999
03776,0,6034,15.6,7.8,319.0,306.0,12.74,282.48,5.7,1,102000.0,9999999
03776,0,6035,16.1,7.7,345.0,303.0,12.74,282.87,6.2,16,101900.0,9999999
03776,0,6036,16.3,7.59,344.0,303.0,12.74,283.06,6.7,1,101900.0,9999999
03776,0,6037,16.7,7.39,317.0,279.0,12.74,283.25,6.2,1,101900.0,9999999
03776,0,6038,16.8,7.54,265.0,243.0,12.74,283.45,5.1,1,101800.0,9999999
03776,0,6039,18.0,6.61,274.0,197.0,12.74,281.49,5.1,16,101800.0,9999999
03776,0,6040,18.1,6.52,187.0,139.0,12.74,280.7,5.1,16,101800.0,9999999
03776,0,6041,16.6,6.21,64.0,55.0,12.74,278.48,6.7,1,101800.0,9999999
03776,0,6042,15.4,6.04,4.0,4.0,12.74,275.58,5.1,1,101800.0,9999999
03776,0,6043,14.6,5.82,0.0,0.0,12.74,273.66,6.2,1,101900.0,9999999
03776,0,6044,13.3,6.16,0.0,0.0,12.74,272.8,3.6,16,101900.0,9999999
03776,0,6045,13.0,6.43,0.0,0.0,12.74,273.44,3.1,16,101900.0,9999999
03776,0,6046,11.8,6.75,0.0,0.0,12.74,274.73,2.6,16,101900.0,9999999
03776,0,6047,12.0,7.24,0.0,0.0,12.74,278.68,2.1,16,101900.0,9999999
03776,0,6048,12.6,7.49,0.0,0.0,12.74,279.29,2.6,16,101900.0,9999999
03776,0,6049,11.4,7.75,0.0,0.0,12.74,278.27,5.1,16,101800.0,9999999
03776,0,6050,11.3,7.49,0.0,0.0,12.74,278.07,3.6,16,101800.0,9999999
03776,0,6051,11.5,7.29,0.0,0.0,12.74,278.07,3.6,16,101700.0,9999999
03776,0,6052,11.0,7.34,0.0,0.0,12.74,274.3,2.6,16,101700.0,9999999
03776,0,6053,11.3,7.39,3.0,3.0,12.74,275.36,2.6,16,101700.0,9999999
03776,0,6054,11.9,7.39,38.0,38.0,12.74,278.68,3.6,16,101700.0,9999999
03776,0,6055,12.6,7.59,114.0,112.0,12.74,279.29,3.6,16,101700.0,9999999
03776,0,6056,13.4,7.49,277.0,193.0,12.74,277.45,5.1,16,101700.0,9999999
03776,0,6057,14.9,7.39,267.0,245.0,12.74,281.49,4.6,16,101700.0,9999999
03776,0,6058,15.8,7.29,317.0,279.0,12.74,282.28,3.6,16,101700.0,9999999
03776,0,6059,16.0,7.59,343.0,301.0,12.74,282.67,4.1,16,101600.0,9999999
03776,0,6060,15.7,7.34,342.0,300.0,12.74,282.28,4.6,1,101600.0,9999999
03776,0,6061,15.7,7.75,313.0,276.0,12.74,282.48,2.1,16,101600.0,9999999
03776,0,6062,16.0,7.19,262.0,240.0,12.74,282.48,2.6,16,101500.0,9999999
03776,0,6063,16.0,7.29,190.0,183.0,12.74,282.48,3.1,16,101500.0,9999999
03776,0,6064,15.9,7.24,108.0,107.0,12.74,282.48,3.1,16,101500.0,9999999
03776,0,6065,15.4,7.14,33.0,33.0,12.74,281.89,3.1,16,101500.0,9999999
03776,0,6066,14.7,7.49,2.0,2.0,12.74,281.29,2.1,15,101500.0,9999999
03776,0,6067,14.0,7.65,0.0,0.0,12.74,280.7,2.1,15,101600.0,9999999
03776,0,6068,14.0,7.29,0.0,0.0,12.74,280.7,1.5,1,101500.0,9999999
03776,0,6069,13.7,7.24,0.0,0.0,12.74,280.3,1.5,1,101500.0,9999999
03776,0,6070,13.0,7.19,0.0,0.0,12.74,275.15,2.1,16,101500.0,9999999
03776,0,6071,11.3,7.09,0.0,0.0,12.74,272.14,1.5,16,101500.0,9999999
03776,0,6072,9.2,6.75,0.0,0.0,12.74,269.03,1.0,11,101500.0,9999999
03776,0,6073,8.2,6.48,0.0,0.0,12.74,268.12,1.0,13,101500.0,9999999
03776,0,6074,9.0,6.75,0.0,0.0,12.74,269.93,2.1,16,101400.0,9999999
03776,0,6075,9.3,6.8,0.0,0.0,12.74,271.92,2.6,15,101400.0,9999999
03776,0,6076,9.3,6.8,0.0,0.0,12.74,271.26,3.1,15,101400.0,9999999
03776,0,6077,9.1,6.9,2.0,2.0,12.74,269.03,2.1,16,101400.0,9999999
03776,0,6078,9.9,7.09,14.0,14.0,12.74,269.93,1.5,16,101300.0,9999999
03776,0,6079,11.0,7.24,44.0,44.0,12.74,273.23,1.0,14,101300.0,9999999
03776,0,6080,11.9,7.09,76.0,76.0,12.74,274.52,3.6,16,101300.0,9999999
03776,0,6081,12.1,7.39,264.0,219.0,12.74,275.36,2.6,15,101300.0,9999999
03776,0,6082,13.4,7.39,314.0,277.0,12.74,276.62,2.1,15,101200.0,9999999
03776,0,6083,13.7,7.54,340.0,299.0,12.74,280.5,2.1,15,101200.0,9999999
03776,0,6084,14.3,7.49,339.0,298.0,12.74,280.9,2.1,13,101100.0,9999999
03776,0,6085,15.4,7.49,311.0,274.0,12.74,282.08,2.6,12,101100.0,9999999
03776,0,6086,17.1,7.86,365.0,256.0,12.74,280.5,3.1,11,101000.0,9999999
03776,0,6087,17.2,7.44,357.0,166.0,12.74,278.07,3.1,11,100900.0,9999999
03776,0,6088,16.3,7.59,105.0,101.0,12.74,279.49,3.1,10,100900.0,9999999
03776,0,6089,15.6,7.59,31.0,31.0,12.74,278.89,2.1,9,100800.0,9999999
03776,0,6090,15.1,7.29,1.0,1.0,12.74,281.69,2.6,10,100800.0,9999999
03776,0,6091,14.2,7.09,0.0,0.0,12.74,280.7,2.6,10,100800.0,9999999
03776,0,6092,14.0,7.19,0.0,0.0,12.74,282.48,3.1,10,100700.0,9999999
03776,0,6093,13.5,7.54,0.0,0.0,12.74,277.66,3.1,11,100700.0,9999999
03776,0,6094,12.7,7.65,0.0,0.0,12.74,279.49,2.6,12,100700.0,9999999
03776,0,6095,14.2,7.54,0.0,0.0,12.74,282.87,2.6,12,100600.0,9999999
03776,0,6096,14.1,7.7,0.0,0.0,12.74,282.87,3.6,13,100600.0,9999999
03776,0,6097,14.1,7.91,0.0,0.0,12.74,282.87,3.6,14,100500.0,9999999
03776,0,6098,13.8,7.97,0.0,0.0,12.74,282.67,3.6,12,100500.0,9999999
03776,0,6099,13.5,8.24,0.0,0.0,12.74,282.48,3.6,13,100400.0,9999999
03776,0,6100,13.4,8.13,0.0,0.0,12.74,282.28,4.1,14,100400.0,9999999
03776,0,6101,12.9,8.3,2.0,2.0,12.74,279.9,3.1,14,100400.0,9999999
03776,0,6102,13.1,8.3,14.0,14.0,12.74,282.08,3.1,15,100400.0,9999999
03776,0,6103,13.3,8.52,110.0,107.0,12.74,280.5,3.1,15,100400.0,9999999
03776,0,6104,14.2,7.75,235.0,193.0,12.74,278.48,4.0,15,100400.0,9999999
03776,0,6105,15.0,6.99,371.0,258.0,12.74,278.07,4.9,15,100400.0,9999999
03776,0,6106,15.8,6.16,490.0,272.0,12.74,277.86,5.8,15,100500.0,9999999
03776,0,6107,16.7,5.38,571.0,251.0,12.74,277.66,6.7,16,100500.0,9999999
03776,0,6108,16.5,5.38,479.0,317.0,12.74,279.49,6.7,16,100500.0,9999999
03776,0,6109,17.2,5.58,470.0,275.0,12.74,279.49,6.2,15,100500.0,9999999
03776,0,6110,16.1,5.7,412.0,214.0,12.74,278.48,5.1,16,100500.0,9999999
03776,0,6111,16.5,5.7,310.0,176.0,12.74,278.89,5.7,16,100500.0,9999999
03776,0,6112,15.8,5.42,172.0,129.0,12.74,277.86,6.2,16,100500.0,9999999
03776,0,6113,14.8,5.42,48.0,45.0,12.74,277.04,4.1,16,100500.0,9999999
03776,0,6114,14.3,5.04,2.0,2.0,12.74,275.58,5.7,16,100600.0,9999999
03776,0,6115,13.2,5.3,0.0,0.0,12.74,273.01,4.6,16,100700.0,9999999
03776,0,6116,12.6,5.0,0.0,0.0,12.74,271.26,5.1,16,100700.0,9999999
03776,0,6117,11.9,4.97,0.0,0.0,12.74,271.7,3.6,16,100700.0,9999999
03776,0,6118,10.7,4.89,0.0,0.0,12.74,270.37,4.1,16,100800.0,9999999
03776,0,6119,10.8,4.65,0.0,0.0,12.74,269.48,4.6,15,100800.0,9999999
03776,0,6120,10.0,4.79,0.0,0.0,12.74,267.43,5.1,16,100800.0,9999999
03776,0,6121,9.3,4.93,0.0,0.0,12.74,266.96,3.1,15,100800.0,9999999
03776,0,6122,8.4,4.82,0.0,0.0,12.74,266.03,3.1,14,100800.0,9999999
03776,0,6123,7.9,4.82,0.0,0.0,12.74,265.56,3.6,15,100900.0,9999999
03776,0,6124,7.4,4.79,0.0,0.0,12.74,265.09,3.1,15,100900.0,9999999
03776,0,6125,7.4,4.79,4.0,4.0,12.74,267.2,3.6,15,100900.0,9999999
03776,0,6126,8.4,4.93,66.0,53.0,12.74,267.43,4.6,15,100900.0,9999999
03776,0,6127,9.9,5.19,213.0,96.0,12.74,269.03,6.2,15,101000.0,9999999
03776,0,6128,11.9,5.46,371.0,123.0,12.74,271.92,6.7,16,101000.0,9999999
03776,0,6129,13.5,5.66,499.0,124.0,12.74,274.73,6.2,15,101000.0,9999999
03776,0,6130,14.3,5.46,596.0,137.0,12.74,275.36,6.7,16,101000.0,9999999
03776,0,6131,15.3,5.27,566.0,264.0,12.74,277.45,6.7,16,101100.0,9999999
03776,0,6132,17.0,5.46,563.0,224.0,12.74,279.09,7.2,16,101100.0,9999999
03776,0,6133,16.8,4.89,588.0,173.0,12.74,277.45,6.2,16,101100.0,9999999
03776,0,6134,16.9,4.75,487.0,120.0,12.74,277.45,5.7,16,101100.0,9999999
03776,0,6135,17.0,4.82,354.0,107.0,12.74,276.41,5.1,16,101100.0,9999999
03776,0,6136,16.5,4.54,194.0,88.0,12.74,275.79,5.1,16,101200.0,9999999
03776,0,6137,15.5,4.86,52.0,40.0,12.74,274.09,3.6,16,101200.0,9999999
03776,0,6138,14.2,4.89,2.0,2.0,12.74,272.8,2.6,16,101300.0,9999999
03776,0,6139,13.1,5.54,0.0,0.0,12.74,272.14,1.5,1,101400.0,9999999
03776,0,6140,12.3,5.66,0.0,0.0,12.74,271.48,2.1,1,101500.0,9999999
03776,0,6141,10.1,5.78,0.0,0.0,12.74,269.48,1.5,16,101500.0,9999999
03776,0,6142,6.4,5.11,0.0,0.0,12.74,264.38,1.0,11,101600.0,9999999
03776,0,6143,7.0,5.46,0.0,0.0,12.74,265.09,1.0,15,101600.0,9999999
03776,0,6144,8.0,5.5,0.0,0.0,12.74,266.03,2.1,16,101600.0,9999999
03776,0,6145,7.5,5.38,0.0,0.0,12.74,265.56,2.1,15,101600.0,9999999
03776,0,6146,7.2,5.46,0.0,0.0,12.74,265.33,1.0,15,101600.0,9999999
03776,0,6147,5.6,5.15,0.0,0.0,12.74,263.66,0.5,8,101600.0,9999999
03776,0,6148,5.1,5.08,0.0,0.0,12.74,262.93,0.5,11,101600.0,9999999
03776,0,6149,5.0,5.04,3.0,3.0,12.74,262.93,1.0,15,101700.0,9999999
03776,0,6150,6.5,5.62,63.0,51.0,12.74,264.62,1.5,15,101700.0,9999999
03776,0,6151,9.4,6.04,209.0,95.0,12.74,267.66,1.5,14,101700.0,9999999
03776,0,6152,11.9,6.48,367.0,122.0,12.74,271.48,2.6,16,101800.0,9999999
03776,0,6153,14.0,6.34,503.0,113.0,12.74,273.44,3.6,16,101800.0,9999999
03776,0,6154,14.6,6.04,599.0,109.0,12.74,273.87,3.6,1,101800.0,9999999
03776,0,6155,16.1,6.25,637.0,130.0,12.74,275.36,2.1,15,101700.0,9999999
03776,0,6156,17.4,6.25,634.0,129.0,12.74,276.62,1.5,16,101700.0,9999999
03776,0,6157,17.8,6.12,589.0,109.0,12.74,277.04,1.5,14,101700.0,9999999
03776,0,6158,18.3,5.87,479.0,122.0,12.74,276.0,2.1,13,101700.0,9999999
03776,0,6159,18.1,5.66,347.0,109.0,12.74,275.79,2.6,14,101700.0,9999999
03776,0,6160,17.7,5.87,184.0,93.0,12.74,275.36,1.5,15,101700.0,9999999
03776,0,6161,16.0,6.52,41.0,38.0,12.74,274.09,1.5,13,101700.0,9999999
03776,0,6162,11.8,6.52,1.0,1.0,12.74,270.15,1.0,10,101700.0,9999999
03776,0,6163,10.8,6.34,0.0,0.0,12.74,270.37,1.5,9,101700.0,9999999
03776,0,6164,10.0,6.34,0.0,0.0,12.74,268.34,1.0,9,101700.0,9999999
03776,0,6165,9.7,6.48,0.0,0.0,12.74,268.12,1.0,8,101800.0,9999999
03776,0,6166,8.3,6.12,0.0,0.0,12.74,266.73,0.0,0,101800.0,9999999
03776,0,6167,7.3,5.78,0.0,0.0,12.74,265.56,0.0,0,101800.0,9999999
03776,0,6168,6.3,5.62,0.0,0.0,12.74,264.38,1.0,11,101800.0,9999999
03776,0,6169,6.2,5.5,0.0,0.0,12.74,264.38,0.0,0,101800.0,9999999
03776,0,6170,5.0,5.11,0.0,0.0,12.74,262.93,0.0,0,101800.0,9999999
03776,0,6171,4.8,5.04,0.0,0.0,12.74,262.69,0.5,12,101800.0,9999999
03776,0,6172,4.7,5.0,0.0,0.0,12.74,262.69,0.0,0,101800.0,9999999
03776,0,6173,4.2,4.82,3.0,3.0,12.74,263.18,0.0,0,101800.0,9999999
03776,0,6174,5.4,5.27,60.0,49.0,12.74,263.42,0.0,0,101800.0,9999999
03776,0,6175,10.0,6.43,205.0,94.0,12.74,268.34,0.0,0,101800.0,9999999
03776,0,6176,13.9,6.71,362.0,121.0,12.74,272.36,1.0,8,101800.0,9999999
03776,0,6177,18.5,6.9,496.0,115.0,12.74,276.62,1.0,9,101800.0,9999999
03776,0,6178,19.3,6.85,593.0,110.0,12.74,278.68,1.5,13,101800.0,9999999
03776,0,6179,19.8,6.61,642.0,115.0,12.74,279.09,1.0,1,101800.0,9999999
03776,0,6180,20.2,5.91,640.0,112.0,12.74,279.09,1.0,9,101700.0,9999999
03776,0,6181,21.4,6.71,584.0,107.0,12.74,280.7,1.0,12,101700.0,9999999
03776,0,6182,21.0,6.43,482.0,107.0,12.74,280.1,1.0,12,101700.0,9999999
03776,0,6183,20.7,6.48,341.0,107.0,12.74,279.9,1.0,9,101700.0,9999999
03776,0,6184,19.1,7.54,182.0,86.0,12.74,277.66,3.1,9,101700.0,9999999
03776,0,6185,17.9,7.44,43.0,36.0,12.74,276.41,3.1,8,101700.0,9999999
03776,0,6186,15.9,6.75,1.0,1.0,12.74,274.09,2.6,8,101700.0,9999999
03776,0,6187,13.2,6.75,0.0,0.0,12.74,271.7,1.0,9,101800.0,9999999
03776,0,6188,12.7,7.09,0.0,0.0,12.74,271.26,0.0,0,101800.0,9999999
03776,0,6189,10.4,6.61,0.0,0.0,12.74,268.8,0.0,0,101800.0,9999999
03776,0,6190,8.9,6.39,0.0,0.0,12.74,267.43,1.0,12,101800.0,9999999
03776,0,6191,8.1,6.3,0.0,0.0,12.74,266.5,0.0,0,101800.0,9999999
03776,0,6192,7.4,5.99,0.0,0.0,12.74,265.8,0.0,0,101800.0,9999999
03776,0,6193,6.6,5.74,0.0,0.0,12.74,264.85,0.0,0,101800.0,9999999
03776,0,6194,6.7,5.78,0.0,0.0,12.74,264.85,0.0,0,101800.0,9999999
03776,0,6195,5.5,5.3,0.0,0.0,12.74,263.66,0.0,0,101700.0,9999999
03776,0,6196,5.5,5.3,0.0,0.0,12.74,263.66,1.0,4,101700.0,9999999
03776,0,6197,8.1,6.43,2.0,2.0,12.74,266.73,0.5,4,101700.0,9999999
03776,0,6198,7.4,5.99,57.0,47.0,12.74,265.8,1.0,3,101700.0,9999999
03776,0,6199,11.4,7.14,200.0,94.0,12.74,270.15,1.0,3,101700.0,9999999
03776,0,6200,14.4,8.07,355.0,122.0,12.74,273.44,1.5,2,101700.0,9999999
03776,0,6201,16.5,8.52,489.0,102.0,12.74,276.83,2.6,3,101700.0,9999999
03776,0,6202,18.8,6.85,588.0,125.0,12.74,278.27,3.6,4,101600.0,9999999
03776,0,6203,19.6,6.12,638.0,112.0,12.74,278.68,3.1,5,101600.0,9999999
03776,0,6204,19.6,7.04,632.0,115.0,12.74,279.09,4.1,4,101500.0,9999999
03776,0,6205,20.1,6.66,576.0,108.0,12.74,279.49,4.1,6,101500.0,9999999
03776,0,6206,19.8,6.34,473.0,111.0,12.74,279.09,4.1,6,101400.0,9999999
03776,0,6207,19.5,5.82,335.0,106.0,12.74,277.04,3.6,5,101400.0,9999999
03776,0,6208,18.5,5.78,177.0,84.0,12.74,276.21,3.1,4,101300.0,9999999
03776,0,6209,17.0,6.66,39.0,34.0,12.74,275.15,2.6,4,101300.0,9999999
03776,0,6210,15.4,6.9,0.0,0.0,12.74,273.87,3.1,4,101300.0,9999999
03776,0,6211,14.3,7.14,0.0,0.0,12.74,272.8,2.1,4,101300.0,9999999
03776,0,6212,13.3,7.34,0.0,0.0,12.74,271.92,1.5,4,101300.0,9999999
03776,0,6213,13.0,7.49,0.0,0.0,12.74,271.7,3.1,4,101300.0,9999999
03776,0,6214,12.2,7.49,0.0,0.0,12.74,271.04,1.0,3,101200.0,9999999
03776,0,6215,11.6,7.44,0.0,0.0,12.74,270.37,2.1,3,101200.0,9999999
03776,0,6216,10.9,7.29,0.0,0.0,12.74,269.7,2.1,3,101200.0,9999999
03776,0,6217,10.1,6.99,0.0,0.0,12.74,268.8,1.5,3,101200.0,9999999
03776,0,6218,10.1,6.57,0.0,0.0,12.74,268.57,1.0,4,101100.0,9999999
03776,0,6219,9.9,6.3,0.0,0.0,12.74,268.34,1.0,4,101100.0,9999999
03776,0,6220,9.2,6.25,0.0,0.0,12.74,267.66,2.1,3,101100.0,9999999
03776,0,6221,8.8,6.25,2.0,2.0,12.74,267.2,1.0,2,101100.0,9999999
03776,0,6222,9.7,6.39,54.0,45.0,12.74,268.12,2.6,3,101100.0,9999999
03776,0,6223,11.4,6.61,193.0,95.0,12.74,269.93,3.1,3,101100.0,9999999
03776,0,6224,14.1,7.14,345.0,127.0,12.74,272.58,3.1,3,101100.0,9999999
03776,0,6225,16.5,5.7,480.0,121.0,12.74,275.58,5.1,4,101100.0,9999999
03776,0,6226,17.3,5.08,577.0,131.0,12.74,275.79,6.7,4,101100.0,9999999
03776,0,6227,18.0,5.27,598.0,173.0,12.74,276.62,5.7,4,101000.0,9999999
03776,0,6228,18.1,4.89,631.0,150.0,12.74,276.62,6.7,4,101000.0,9999999
03776,0,6229,18.3,5.23,576.0,100.0,12.74,276.83,6.7,3,100900.0,9999999
03776,0,6230,17.7,5.08,471.0,105.0,12.74,276.21,6.7,4,100900.0,9999999
03776,0,6231,16.7,5.82,329.0,114.0,12.74,275.79,7.2,3,100900.0,9999999
03776,0,6232,15.7,5.58,171.0,83.0,12.74,274.73,7.2,3,100900.0,9999999
03776,0,6233,14.6,6.04,36.0,32.0,12.74,273.87,6.2,3,100900.0,9999999
03776,0,6234,13.6,6.25,0.0,0.0,12.74,271.7,3.6,3,100900.0,9999999
03776,0,6235,13.1,6.3,0.0,0.0,12.74,271.26,3.6,3,100900.0,9999999
03776,0,6236,12.8,6.04,0.0,0.0,12.74,270.82,3.1,3,100900.0,9999999
03776,0,6237,12.4,5.7,0.0,0.0,12.74,270.37,3.1,4,100900.0,9999999
03776,0,6238,11.8,5.62,0.0,0.0,12.74,269.7,2.6,4,100900.0,9999999
03776,0,6239,11.2,5.23,0.0,0.0,12.74,268.8,3.1,4,100900.0,9999999
03776,0,6240,10.7,5.27,0.0,0.0,12.74,268.34,3.6,3,100900.0,9999999
03776,0,6241,10.2,5.34,0.0,0.0,12.74,268.12,2.6,3,100900.0,9999999
03776,0,6242,9.9,5.19,0.0,0.0,12.74,267.66,1.5,3,100800.0,9999999
03776,0,6243,9.2,5.08,0.0,0.0,12.74,266.96,3.1,3,100800.0,9999999
03776,0,6244,8.9,4.97,0.0,0.0,12.74,266.5,2.1,2,100800.0,9999999
03776,0,6245,9.1,4.93,2.0,2.0,12.74,267.89,2.6,3,100800.0,9999999
03776,0,6246,9.8,5.15,52.0,44.0,12.74,268.8,2.6,3,100800.0,9999999
03776,0,6247,12.2,5.91,193.0,90.0,12.74,271.48,3.6,3,100800.0,9999999
03776,0,6248,13.6,6.12,348.0,121.0,12.74,273.87,6.2,3,100800.0,9999999
03776,0,6249,14.7,5.78,456.0,185.0,12.74,276.41,7.2,4,100800.0,9999999
03776,0,6250,15.3,6.12,546.0,149.0,12.74,277.25,6.2,3,100800.0,9999999
03776,0,6251,16.1,6.04,541.0,243.0,12.74,278.68,7.2,3,100700.0,9999999
03776,0,6252,15.7,5.46,613.0,178.0,12.74,276.83,8.2,4,100700.0,9999999
03776,0,6253,15.3,5.38,489.0,240.0,12.74,277.45,9.3,2,100600.0,9999999
03776,0,6254,15.1,5.78,336.0,233.0,12.74,278.27,8.2,2,100600.0,9999999
03776,0,6255,14.4,5.7,165.0,144.0,12.74,280.1,7.7,3,100600.0,9999999
03776,0,6256,13.9,5.87,33.0,33.0,12.74,281.69,7.2,3,100600.0,9999999
03776,0,6257,13.8,5.91,16.0,16.0,12.74,279.7,6.2,3,100600.0,9999999
03776,0,6258,13.7,6.08,0.0,0.0,12.74,279.7,6.7,2,100600.0,9999999
03776,0,6259,13.7,6.3,0.0,0.0,12.74,279.9,5.7,2,100700.0,9999999
03776,0,6260,13.7,5.46,0.0,0.0,12.74,279.29,6.2,3,100700.0,9999999
03776,0,6261,13.5,5.04,0.0,0.0,12.74,278.89,5.1,3,100700.0,9999999
03776,0,6262,13.4,5.19,0.0,0.0,12.74,278.89,6.2,2,100600.0,9999999
03776,0,6263,13.2,5.19,0.0,0.0,12.74,278.68,6.2,2,100600.0,9999999
03776,0,6264,13.0,5.82,0.0,0.0,12.74,278.89,7.2,2,100600.0,9999999
03776,0,6265,12.5,6.16,0.0,0.0,12.74,274.09,5.7,2,100500.0,9999999
03776,0,6266,12.5,6.16,0.0,0.0,12.74,272.8,5.1,2,100500.0,9999999
03776,0,6267,12.6,6.12,0.0,0.0,12.74,278.68,5.1,2,100400.0,9999999
03776,0,6268,12.4,6.43,0.0,0.0,12.74,278.68,4.6,1,100400.0,9999999
03776,0,6269,12.3,6.48,1.0,1.0,12.74,278.48,6.7,2,100400.0,9999999
03776,0,6270,11.6,6.85,25.0,25.0,12.74,278.07,5.7,1,100400.0,9999999
03776,0,6271,10.9,6.66,137.0,107.0,12.74,273.87,5.1,1,100400.0,9999999
03776,0,6272,11.5,6.8,176.0,165.0,12.74,277.86,6.2,1,100300.0,9999999
03776,0,6273,11.9,6.9,245.0,235.0,12.74,278.27,6.2,1,100300.0,9999999
03776,0,6274,12.8,6.75,294.0,259.0,12.74,279.09,6.7,1,100200.0,9999999
03776,0,6275,13.7,6.61,319.0,280.0,12.74,279.9,7.2,2,100200.0,9999999
03776,0,6276,13.7,6.39,229.0,225.0,12.74,279.9,7.7,2,100200.0,9999999
03776,0,6277,13.2,6.43,112.0,112.0,12.74,281.29,7.2,2,100100.0,9999999
03776,0,6278,11.8,7.24,91.0,91.0,12.74,280.3,6.7,2,100000.0,9999999
03776,0,6279,11.3,7.29,63.0,63.0,12.74,275.36,7.2,1,100000.0,9999999
03776,0,6280,11.2,7.44,32.0,32.0,12.74,279.9,5.7,2,100000.0,9999999
03776,0,6281,11.3,7.8,6.0,6.0,12.74,280.1,5.1,2,100000.0,9999999
03776,0,6282,12.0,8.02,0.0,0.0,12.74,280.9,4.6,2,99900.0,9999999
03776,0,6283,12.7,8.07,0.0,0.0,12.74,281.69,4.6,2,99900.0,9999999
03776,0,6284,13.0,8.02,0.0,0.0,12.74,279.9,5.1,2,99900.0,9999999
03776,0,6285,13.3,8.07,0.0,0.0,12.74,282.28,6.2,2,99900.0,9999999
03776,0,6286,13.2,8.02,0.0,0.0,12.74,277.66,5.7,2,100000.0,9999999
03776,0,6287,13.0,8.02,0.0,0.0,12.74,279.9,5.1,2,99900.0,9999999
03776,0,6288,12.8,8.02,0.0,0.0,12.74,275.79,5.1,2,99900.0,9999999
03776,0,6289,12.7,8.07,0.0,0.0,12.74,276.21,4.1,2,99800.0,9999999
03776,0,6290,12.5,8.07,0.0,0.0,12.74,274.94,3.6,2,99800.0,9999999
03776,0,6291,12.4,7.91,0.0,0.0,12.74,272.58,3.6,2,99800.0,9999999
03776,0,6292,12.3,7.86,0.0,0.0,12.74,273.44,4.1,3,99800.0,9999999
03776,0,6293,12.4,7.8,1.0,1.0,12.74,273.44,3.6,3,99800.0,9999999
03776,0,6294,13.1,7.75,37.0,37.0,12.74,275.36,5.7,3,99800.0,9999999
03776,0,6295,13.6,7.7,127.0,112.0,12.74,277.04,5.1,3,99800.0,9999999
03776,0,6296,13.7,7.91,173.0,162.0,12.74,280.5,4.6,4,99800.0,9999999
03776,0,6297,14.4,7.54,242.0,232.0,12.74,281.1,5.1,3,99900.0,9999999
03776,0,6298,14.9,7.39,291.0,256.0,12.74,281.49,5.7,3,99900.0,9999999
03776,0,6299,14.8,7.34,315.0,277.0,12.74,281.49,5.7,3,99800.0,9999999
03776,0,6300,14.4,7.19,313.0,275.0,12.74,280.9,6.2,2,99900.0,9999999
03776,0,6301,14.0,7.19,283.0,250.0,12.74,280.5,7.2,2,99900.0,9999999
03776,0,6302,13.9,7.14,230.0,211.0,12.74,280.5,6.2,2,99900.0,9999999
03776,0,6303,13.3,7.34,158.0,153.0,12.74,279.9,5.1,2,99900.0,9999999
03776,0,6304,13.1,7.34,78.0,78.0,12.74,279.7,5.1,2,99900.0,9999999
03776,0,6305,13.0,7.39,14.0,14.0,12.74,279.7,5.1,3,99900.0,9999999
03776,0,6306,12.7,7.34,0.0,0.0,12.74,279.29,5.1,2,100000.0,9999999
03776,0,6307,12.6,7.39,0.0,0.0,12.74,279.29,4.1,2,100000.0,9999999
03776,0,6308,12.6,7.39,0.0,0.0,12.74,281.29,3.6,2,100000.0,9999999
03776,0,6309,12.6,7.49,0.0,0.0,12.74,281.29,2.6,1,100000.0,9999999
03776,0,6310,12.5,7.65,0.0,0.0,12.74,281.29,2.6,2,99900.0,9999999
03776,0,6311,12.4,7.59,0.0,0.0,12.74,281.1,2.6,1,99900.0,9999999
03776,0,6312,12.6,7.49,0.0,0.0,12.74,281.29,3.1,1,100000.0,9999999
03776,0,6313,12.7,7.54,0.0,0.0,12.74,281.49,2.6,1,99900.0,9999999
03776,0,6314,12.4,7.7,0.0,0.0,12.74,279.29,2.6,1,100000.0,9999999
03776,0,6315,12.4,7.7,0.0,0.0,12.74,281.1,2.1,16,100000.0,9999999
03776,0,6316,12.9,7.97,0.0,0.0,12.74,281.69,2.6,1,99900.0,9999999
03776,0,6317,13.3,7.86,0.0,0.0,12.74,282.08,5.7,2,100000.0,9999999
03776,0,6318,13.0,7.49,22.0,22.0,12.74,279.7,6.2,2,100000.0,9999999
03776,0,6319,13.3,7.24,93.0,92.0,12.74,276.41,6.7,2,100100.0,9999999
03776,0,6320,13.5,7.04,171.0,166.0,12.74,277.45,6.7,1,100100.0,9999999
03776,0,6321,14.1,6.8,240.0,230.0,12.74,276.41,7.7,2,100100.0,9999999
03776,0,6322,14.9,6.85,289.0,254.0,12.74,277.86,7.7,2,100200.0,9999999
03776,0,6323,15.2,6.57,313.0,275.0,12.74,278.07,7.2,2,100200.0,9999999
03776,0,6324,15.0,6.57,310.0,272.0,12.74,281.29,7.2,2,100200.0,9999999
03776,0,6325,14.9,6.3,281.0,247.0,12.74,280.9,6.7,2,100200.0,9999999
03776,0,6326,15.0,5.5,322.0,224.0,12.74,278.07,7.2,1,100200.0,9999999
03776,0,6327,15.3,4.93,298.0,142.0,12.74,274.73,6.7,1,100200.0,9999999
03776,0,6328,14.3,5.58,148.0,76.0,12.74,274.3,6.7,2,100200.0,9999999
03776,0,6329,13.3,5.04,25.0,25.0,12.74,272.14,6.2,1,100300.0,9999999
03776,0,6330,12.3,5.04,0.0,0.0,12.74,271.04,4.6,1,100300.0,9999999
03776,0,6331,11.4,5.11,0.0,0.0,12.74,270.37,4.1,1,100400.0,9999999
03776,0,6332,10.9,5.38,0.0,0.0,12.74,269.93,4.6,16,100400.0,9999999
03776,0,6333,10.8,5.62,0.0,0.0,12.74,269.93,5.7,1,100400.0,9999999
03776,0,6334,10.4,5.62,0.0,0.0,12.74,268.34,5.1,16,100400.0,9999999
03776,0,6335,10.0,5.66,0.0,0.0,12.74,269.25,3.6,16,100400.0,9999999
03776,0,6336,9.7,5.78,0.0,0.0,12.74,269.03,3.6,16,100400.0,9999999
03776,0,6337,9.8,5.82,0.0,0.0,12.74,270.15,3.1,1,100500.0,9999999
03776,0,6338,9.4,5.87,0.0,0.0,12.74,268.8,4.6,16,100500.0,9999999
03776,0,6339,9.4,6.25,0.0,0.0,12.74,269.03,4.1,16,100500.0,9999999
03776,0,6340,9.4,6.52,0.0,0.0,12.74,267.89,2.6,16,100500.0,9999999
03776,0,6341,10.1,6.66,0.0,0.0,12.74,276.41,3.1,16,100500.0,9999999
03776,0,6342,10.8,6.94,21.0,21.0,12.74,277.25,3.6,16,100500.0,9999999
03776,0,6343,11.7,6.9,91.0,90.0,12.74,278.07,2.1,16,100500.0,9999999
03776,0,6344,12.3,6.71,66.0,66.0,12.74,280.7,3.6,16,100600.0,9999999
03776,0,6345,12.5,6.57,93.0,93.0,12.74,280.7,4.1,1,100600.0,9999999
03776,0,6346,12.8,6.43,112.0,112.0,12.74,280.9,4.6,1,100600.0,9999999
03776,0,6347,13.1,6.16,121.0,121.0,12.74,281.1,6.2,1,100600.0,9999999
03776,0,6348,13.5,5.66,120.0,120.0,12.74,281.29,5.1,1,100500.0,9999999
03776,0,6349,13.5,6.08,109.0,109.0,12.74,281.49,4.6,16,100500.0,9999999
03776,0,6350,13.9,5.99,224.0,187.0,12.74,279.9,5.1,16,100500.0,9999999
03776,0,6351,13.9,6.16,152.0,148.0,12.74,279.9,3.6,16,100500.0,9999999
03776,0,6352,13.9,6.3,73.0,73.0,12.74,280.1,2.6,16,100500.0,9999999
03776,0,6353,13.6,5.82,12.0,12.0,12.74,279.49,3.1,16,100500.0,9999999
03776,0,6354,13.0,6.21,0.0,0.0,12.74,279.09,2.1,16,100500.0,9999999
03776,0,6355,12.4,6.21,0.0,0.0,12.74,278.48,2.1,1,100500.0,9999999
03776,0,6356,11.4,6.21,0.0,0.0,12.74,274.94,2.1,16,100500.0,9999999
03776,0,6357,10.4,6.43,0.0,0.0,12.74,271.04,2.1,16,100500.0,9999999
03776,0,6358,9.4,6.12,0.0,0.0,12.74,269.93,2.6,15,100500.0,9999999
03776,0,6359,9.4,6.34,0.0,0.0,12.74,275.58,2.6,15,100500.0,9999999
03776,0,6360,10.2,6.52,0.0,0.0,12.74,276.41,3.1,15,100400.0,9999999
03776,0,6361,10.5,6.39,0.0,0.0,12.74,276.83,4.1,16,100400.0,9999999
03776,0,6362,10.5,6.48,0.0,0.0,12.74,278.68,2.6,16,100400.0,9999999
03776,0,6363,10.8,6.43,0.0,0.0,12.74,277.04,3.6,16,100300.0,9999999
03776,0,6364,10.4,6.43,0.0,0.0,12.74,273.23,2.1,15,100300.0,9999999
03776,0,6365,10.5,6.57,0.0,0.0,12.74,274.3,2.1,16,100300.0,9999999
03776,0,6366,10.7,6.57,19.0,19.0,12.74,277.04,2.6,15,100300.0,9999999
03776,0,6367,11.3,6.8,88.0,88.0,12.74,277.66,2.1,16,100300.0,9999999
03776,0,6368,11.9,6.9,167.0,161.0,12.74,278.27,3.1,16,100300.0,9999999
03776,0,6369,12.7,6.9,235.0,225.0,12.74,279.09,3.6,16,100300.0,9999999
03776,0,6370,12.6,6.94,283.0,249.0,12.74,279.09,2.6,16,100300.0,9999999
03776,0,6371,13.1,6.9,307.0,269.0,12.74,279.49,2.6,15,100300.0,9999999
03776,0,6372,12.7,7.44,118.0,118.0,12.74,281.29,3.1,15,100300.0,9999999
03776,0,6373,13.4,7.29,273.0,225.0,12.74,280.1,3.1,15,100300.0,9999999
03776,0,6374,13.3,7.34,220.0,202.0,12.74,279.9,2.1,16,100300.0,9999999
03776,0,6375,12.2,7.8,148.0,144.0,12.74,279.09,3.1,16,100300.0,9999999
03776,0,6376,12.2,7.8,70.0,70.0,12.74,279.09,2.6,16,100300.0,9999999
03776,0,6377,11.9,7.75,11.0,11.0,12.74,278.68,1.0,16,100400.0,9999999
03776,0,6378,10.9,7.49,0.0,0.0,12.74,275.15,1.0,15,100400.0,9999999
03776,0,6379,9.8,7.14,0.0,0.0,12.74,269.93,1.0,16,100500.0,9999999
03776,0,6380,8.9,6.71,0.0,0.0,12.74,269.7,1.5,13,100500.0,9999999
03776,0,6381,7.3,6.04,0.0,0.0,12.74,266.96,1.0,14,100500.0,9999999
03776,0,6382,6.4,5.78,0.0,0.0,12.74,266.03,0.0,0,100500.0,9999999
03776,0,6383,6.1,5.62,0.0,0.0,12.74,265.56,1.0,11,100500.0,9999999
03776,0,6384,5.8,5.5,0.0,0.0,12.74,263.9,1.0,1,100500.0,9999999
03776,0,6385,5.3,5.3,0.0,0.0,12.74,263.42,0.0,0,100500.0,9999999
03776,0,6386,3.9,4.79,0.0,0.0,12.74,261.71,0.5,9,100400.0,9999999
03776,0,6387,4.1,4.97,0.0,0.0,12.74,261.96,0.0,0,100500.0,9999999
03776,0,6388,3.4,4.72,0.0,0.0,12.74,261.22,0.0,0,100500.0,9999999
03776,0,6389,4.7,5.19,0.0,0.0,12.74,272.36,0.0,0,100500.0,9999999
03776,0,6390,5.9,5.66,7.0,7.0,12.74,273.66,0.0,0,100500.0,9999999
03776,0,6391,6.8,6.04,34.0,34.0,12.74,274.94,1.0,11,100500.0,9999999
03776,0,6392,8.1,6.52,64.0,64.0,12.74,276.41,1.0,9,100500.0,9999999
03776,0,6393,11.2,7.75,131.0,131.0,12.74,275.58,1.0,11,100500.0,9999999
03776,0,6394,15.6,7.91,202.0,200.0,12.74,275.79,1.0,10,100500.0,9999999
03776,0,6395,15.8,7.39,263.0,257.0,12.74,275.79,1.0,10,100400.0,9999999
03776,0,6396,16.6,6.99,301.0,288.0,12.74,277.25,2.1,9,100300.0,9999999
03776,0,6397,17.2,6.57,271.0,247.0,12.74,278.89,2.1,9,100300.0,9999999
03776,0,6398,16.5,6.9,217.0,200.0,12.74,278.89,3.6,9,100300.0,9999999
03776,0,6399,15.6,6.71,145.0,141.0,12.74,278.48,2.6,9,100200.0,9999999
03776,0,6400,15.0,6.9,67.0,67.0,12.74,275.58,3.6,9,100200.0,9999999
03776,0,6401,13.9,7.44,10.0,10.0,12.74,273.87,2.1,9,100200.0,9999999
03776,0,6402,13.5,7.65,0.0,0.0,12.74,274.52,2.1,9,100200.0,9999999
03776,0,6403,13.3,7.54,0.0,0.0,12.74,276.0,2.1,8,100200.0,9999999
03776,0,6404,13.0,7.49,0.0,0.0,12.74,275.79,1.0,8,100200.0,9999999
03776,0,6405,12.6,7.8,0.0,0.0,12.74,281.49,1.0,8,100100.0,9999999
03776,0,6406,12.7,7.75,0.0,0.0,12.74,279.49,1.0,8,100100.0,9999999
03776,0,6407,12.5,7.65,0.0,0.0,12.74,281.29,1.5,7,100000.0,9999999
03776,0,6408,13.1,7.65,0.0,0.0,12.74,281.89,1.0,7,100000.0,9999999
03776,0,6409,13.1,7.86,0.0,0.0,12.74,281.89,1.5,7,100000.0,9999999
03776,0,6410,12.9,7.86,0.0,0.0,12.74,279.7,1.0,7,99900.0,9999999
03776,0,6411,12.7,7.86,0.0,0.0,12.74,273.01,1.0,7,99900.0,9999999
03776,0,6412,12.5,7.97,0.0,0.0,12.74,276.83,1.0,7,99900.0,9999999
03776,0,6413,12.0,8.02,0.0,0.0,12.74,275.58,1.0,3,99900.0,9999999
03776,0,6414,12.1,7.97,17.0,17.0,12.74,276.41,0.5,4,99900.0,9999999
03776,0,6415,13.4,8.35,84.0,84.0,12.74,274.73,1.0,4,99900.0,9999999
03776,0,6416,15.7,8.99,161.0,154.0,12.74,278.89,1.0,8,100000.0,9999999
03776,0,6417,15.5,8.99,228.0,216.0,12.74,278.68,1.5,7,100000.0,9999999
03776,0,6418,18.0,8.7,276.0,260.0,12.74,282.48,1.0,8,100100.0,9999999
03776,0,6419,14.3,9.61,299.0,280.0,12.74,281.89,1.5,9,100100.0,9999999
03776,0,6420,16.0,9.48,295.0,277.0,12.74,283.45,1.0,12,100100.0,9999999
03776,0,6421,17.5,9.54,265.0,257.0,12.74,284.99,1.0,3,100200.0,9999999
03776,0,6422,19.1,8.46,356.0,207.0,12.74,282.67,2.1,9,100200.0,9999999
03776,0,6423,18.1,7.8,275.0,106.0,12.74,279.09,2.1,8,100200.0,9999999
03776,0,6424,17.0,8.35,124.0,74.0,12.74,278.27,2.6,9,100300.0,9999999
03776,0,6425,15.4,8.13,18.0,18.0,12.74,275.58,2.1,8,100400.0,9999999
03776,0,6426,13.9,8.35,0.0,0.0,12.74,274.3,1.5,8,100500.0,9999999
03776,0,6427,12.6,8.13,0.0,0.0,12.74,273.01,1.0,8,100500.0,9999999
03776,0,6428,11.4,7.86,0.0,0.0,12.74,274.94,1.0,9,100600.0,9999999
03776,0,6429,11.3,7.91,0.0,0.0,12.74,273.66,1.0,8,100600.0,9999999
03776,0,6430,10.8,7.65,0.0,0.0,12.74,275.15,0.0,0,100700.0,9999999
03776,0,6431,10.6,7.54,0.0,0.0,12.74,273.44,0.0,0,100700.0,9999999
03776,0,6432,10.7,7.59,0.0,0.0,12.74,277.45,0.0,0,100700.0,9999999
03776,0,6433,10.2,7.44,0.0,0.0,12.74,273.01,0.0,0,100700.0,9999999
03776,0,6434,8.5,6.71,0.0,0.0,12.74,268.34,0.0,0,100700.0,9999999
03776,0,6435,8.0,6.39,0.0,0.0,12.74,270.37,1.0,3,100700.0,9999999
03776,0,6436,6.4,5.78,0.0,0.0,12.74,266.73,0.0,0,100700.0,9999999
03776,0,6437,7.6,6.39,0.0,0.0,12.74,269.48,1.0,13,100700.0,9999999
03776,0,6438,8.0,6.57,15.0,15.0,12.74,267.89,0.0,0,100700.0,9999999
03776,0,6439,11.2,7.86,82.0,82.0,12.74,271.48,1.0,5,100700.0,9999999
03776,0,6440,15.4,9.29,158.0,152.0,12.74,277.04,3.1,9,100700.0,9999999
03776,0,6441,16.2,8.64,226.0,213.0,12.74,278.68,3.6,9,100600.0,9999999
03776,0,6442,16.2,8.3,274.0,265.0,12.74,279.7,5.1,9,100600.0,9999999
03776,0,6443,16.2,8.07,116.0,116.0,12.74,279.7,5.1,9,100500.0,9999999
03776,0,6444,16.1,8.35,114.0,114.0,12.74,283.06,5.7,8,100400.0,9999999
03776,0,6445,16.1,8.35,103.0,103.0,12.74,283.06,7.2,9,100400.0,9999999
03776,0,6446,15.5,8.41,82.0,82.0,12.74,282.48,6.7,8,100300.0,9999999
03776,0,6447,14.4,8.64,54.0,54.0,12.74,283.45,7.2,9,100300.0,9999999
03776,0,6448,14.2,8.3,24.0,24.0,12.74,283.25,4.1,9,100200.0,9999999
03776,0,6449,14.5,9.74,3.0,3.0,12.74,284.03,4.1,9,100100.0,9999999
03776,0,6450,14.4,9.54,0.0,0.0,12.74,283.84,5.1,9,100100.0,9999999
03776,0,6451,14.7,9.86,0.0,0.0,12.74,284.22,6.2,9,100100.0,9999999
03776,0,6452,15.1,9.99,0.0,0.0,12.74,284.79,4.1,9,100000.0,9999999
03776,0,6453,15.0,10.06,0.0,0.0,12.74,284.6,4.6,9,100000.0,9999999
03776,0,6454,15.4,10.33,0.0,0.0,12.74,285.18,5.1,9,99900.0,9999999
03776,0,6455,15.2,9.99,0.0,0.0,12.74,278.89,4.1,10,99900.0,9999999
03776,0,6456,13.4,9.05,0.0,0.0,12.74,276.21,2.1,10,100000.0,9999999
03776,0,6457,13.5,8.99,0.0,0.0,12.74,275.15,3.6,10,100000.0,9999999
03776,0,6458,13.0,8.93,0.0,0.0,12.74,276.41,3.6,10,100000.0,9999999
03776,0,6459,12.4,8.58,0.0,0.0,12.74,273.87,3.1,10,100100.0,9999999
03776,0,6460,12.3,8.41,0.0,0.0,12.74,271.48,3.1,10,100100.0,9999999
03776,0,6461,12.0,8.18,0.0,0.0,12.74,272.36,4.6,10,100100.0,9999999
03776,0,6462,12.3,8.3,29.0,28.0,12.74,272.8,2.6,10,100100.0,9999999
03776,0,6463,12.8,8.46,147.0,92.0,12.74,276.0,3.1,10,100200.0,9999999
03776,0,6464,15.2,9.17,156.0,148.0,12.74,282.48,1.5,10,100200.0,9999999
03776,0,6465,16.4,9.48,223.0,211.0,12.74,280.5,2.1,10,100200.0,9999999
03776,0,6466,17.6,9.36,454.0,256.0,12.74,280.9,4.1,11,100200.0,9999999
03776,0,6467,18.3,8.64,538.0,158.0,12.74,280.7,4.6,11,100300.0,9999999
03776,0,6468,19.6,7.65,555.0,130.0,12.74,280.3,6.7,12,100300.0,9999999
03776,0,6469,17.9,8.13,436.0,218.0,12.74,281.29,7.2,12,100400.0,9999999
03776,0,6470,15.5,8.75,206.0,191.0,12.74,282.67,5.1,12,100400.0,9999999
03776,0,6471,17.1,8.87,135.0,131.0,12.74,281.69,4.6,12,100500.0,9999999
03776,0,6472,16.3,7.24,114.0,77.0,12.74,277.04,4.6,12,100600.0,9999999
03776,0,6473,15.0,6.16,14.0,14.0,12.74,276.41,6.2,12,100700.0,9999999
03776,0,6474,13.3,6.08,0.0,0.0,12.74,272.58,5.1,12,100900.0,9999999
03776,0,6475,11.3,6.25,0.0,0.0,12.74,269.48,3.1,11,101000.0,9999999
03776,0,6476,10.1,6.16,0.0,0.0,12.74,268.34,3.1,10,101000.0,9999999
03776,0,6477,9.2,6.16,0.0,0.0,12.74,268.8,2.1,10,101100.0,9999999
03776,0,6478,9.7,6.08,0.0,0.0,12.74,269.25,2.1,9,101100.0,9999999
03776,0,6479,8.7,6.12,0.0,0.0,12.74,266.96,1.5,9,101200.0,9999999
03776,0,6480,9.4,6.52,0.0,0.0,12.74,269.25,2.6,10,101200.0,9999999
03776,0,6481,10.4,6.94,0.0,0.0,12.74,272.36,2.1,9,101200.0,9999999
03776,0,6482,9.1,6.61,0.0,0.0,12.74,269.03,2.1,9,101300.0,9999999
03776,0,6483,9.4,6.75,0.0,0.0,12.74,269.25,3.1,10,101300.0,9999999
03776,0,6484,9.6,6.94,0.0,0.0,12.74,268.34,2.6,9,101300.0,9999999
03776,0,6485,9.3,6.9,0.0,0.0,12.74,269.25,1.0,9,101300.0,9999999
03776,0,6486,10.7,7.39,14.0,14.0,12.74,271.7,2.1,9,101300.0,9999999
03776,0,6487,12.8,8.02,78.0,78.0,12.74,274.09,2.6,10,101400.0,9999999
03776,0,6488,15.2,8.46,154.0,148.0,12.74,275.58,3.1,10,101400.0,9999999
03776,0,6489,16.5,8.41,221.0,209.0,12.74,277.66,4.6,10,101400.0,9999999
03776,0,6490,16.7,7.8,269.0,245.0,12.74,280.1,6.2,10,101400.0,9999999
03776,0,6491,18.1,7.8,291.0,256.0,12.74,281.49,5.1,11,101400.0,9999999
03776,0,6492,17.0,7.8,287.0,253.0,12.74,279.7,4.1,10,101400.0,9999999
03776,0,6493,16.8,8.46,256.0,248.0,12.74,279.9,3.6,11,101400.0,9999999
03776,0,6494,17.6,8.3,202.0,197.0,12.74,279.9,6.2,10,101400.0,9999999
03776,0,6495,16.9,7.97,132.0,129.0,12.74,277.86,4.6,9,101400.0,9999999
03776,0,6496,16.0,8.07,22.0,22.0,12.74,278.27,4.6,10,101400.0,9999999
03776,0,6497,15.3,8.07,3.0,3.0,12.74,276.41,3.6,9,101400.0,9999999
03776,0,6498,14.5,8.35,0.0,0.0,12.74,275.79,4.6,9,101300.0,9999999
03776,0,6499,14.5,8.58,0.0,0.0,12.74,277.66,4.1,9,101300.0,9999999
03776,0,6500,14.7,8.52,0.0,0.0,12.74,279.29,5.1,9,101300.0,9999999
03776,0,6501,14.5,8.81,0.0,0.0,12.74,279.09,5.7,9,101200.0,9999999
03776,0,6502,15.0,8.81,0.0,0.0,12.74,282.28,6.7,9,101100.0,9999999
03776,0,6503,15.2,8.81,0.0,0.0,12.74,282.48,7.2,9,101000.0,9999999
03776,0,6504,15.4,8.35,0.0,0.0,12.74,282.48,7.2,9,101000.0,9999999
03776,0,6505,15.3,8.41,0.0,0.0,12.74,282.28,7.2,9,100900.0,9999999
03776,0,6506,15.3,8.52,0.0,0.0,12.74,284.41,6.7,9,100800.0,9999999
03776,0,6507,15.0,9.36,0.0,0.0,12.74,284.41,7.2,10,100700.0,9999999
03776,0,6508,14.8,9.74,0.0,0.0,12.74,284.41,7.2,10,100700.0,9999999
03776,0,6509,15.1,10.13,0.0,0.0,12.74,284.79,6.7,10,100700.0,9999999
03776,0,6510,15.8,10.53,5.0,5.0,12.74,285.55,7.2,10,100700.0,9999999
03776,0,6511,16.1,10.6,29.0,29.0,12.74,285.93,5.7,10,100700.0,9999999
03776,0,6512,16.2,10.81,59.0,59.0,12.74,286.12,7.7,9,100700.0,9999999
03776,0,6513,16.5,11.02,85.0,85.0,12.74,286.5,7.7,10,100700.0,9999999
03776,0,6514,16.6,11.09,103.0,103.0,12.74,286.68,6.7,9,100700.0,9999999
03776,0,6515,16.7,11.17,112.0,112.0,12.74,286.68,6.7,10,100700.0,9999999
03776,0,6516,16.7,11.31,110.0,110.0,12.74,286.68,6.7,9,100600.0,9999999
03776,0,6517,16.8,11.39,98.0,98.0,12.74,286.87,7.2,10,100600.0,9999999
03776,0,6518,16.8,11.24,77.0,77.0,12.74,286.87,7.2,10,100500.0,9999999
03776,0,6519,16.9,11.17,50.0,50.0,12.74,286.87,7.2,9,100400.0,9999999
03776,0,6520,16.8,11.24,21.0,21.0,12.74,286.87,7.7,10,100400.0,9999999
03776,0,6521,16.6,11.24,2.0,2.0,12.74,286.68,7.2,10,100400.0,9999999
03776,0,6522,16.5,11.24,0.0,0.0,12.74,286.5,7.2,10,100400.0,9999999
03776,0,6523,16.7,11.31,0.0,0.0,12.74,286.68,6.7,10,100400.0,9999999
03776,0,6524,16.9,11.31,0.0,0.0,12.74,286.87,7.2,10,100400.0,9999999
03776,0,6525,16.8,11.24,0.0,0.0,12.74,286.87,7.2,10,100400.0,9999999
03776,0,6526,16.6,11.09,0.0,0.0,12.74,284.6,4.6,10,100400.0,9999999
03776,0,6527,15.9,10.19,0.0,0.0,12.74,279.09,4.6,12,100500.0,9999999
03776,0,6528,14.6,9.48,0.0,0.0,12.74,276.21,3.6,11,100600.0,9999999
03776,0,6529,13.2,8.7,0.0,0.0,12.74,273.66,2.6,10,100500.0,9999999
03776,0,6530,13.1,8.99,0.0,0.0,12.74,277.04,3.1,10,100500.0,9999999
03776,0,6531,12.7,8.64,0.0,0.0,12.74,273.23,2.6,10,100500.0,9999999
03776,0,6532,11.3,7.91,0.0,0.0,12.74,271.7,2.1,9,100500.0,9999999
03776,0,6533,12.4,8.46,0.0,0.0,12.74,279.49,2.6,9,100500.0,9999999
03776,0,6534,12.9,8.64,13.0,13.0,12.74,280.1,1.5,10,100500.0,9999999
03776,0,6535,13.8,9.05,29.0,29.0,12.74,283.06,1.5,9,100500.0,9999999
03776,0,6536,14.6,9.23,58.0,58.0,12.74,282.08,2.1,10,100500.0,9999999
03776,0,6537,14.8,8.35,84.0,84.0,12.74,281.89,2.6,12,100500.0,9999999
03776,0,6538,15.2,8.35,103.0,103.0,12.74,278.27,1.5,9,100400.0,9999999
03776,0,6539,15.1,7.65,111.0,111.0,12.74,277.25,2.1,11,100400.0,9999999
03776,0,6540,14.8,8.02,110.0,110.0,12.74,278.27,2.6,14,100300.0,9999999
03776,0,6541,13.4,8.46,98.0,98.0,12.74,276.0,1.0,10,100300.0,9999999
03776,0,6542,12.3,7.54,77.0,77.0,12.74,273.44,2.1,15,100200.0,9999999
03776,0,6543,11.2,7.44,49.0,49.0,12.74,273.44,1.5,13,100100.0,9999999
03776,0,6544,11.3,7.7,20.0,20.0,12.74,280.1,1.0,14,100100.0,9999999
03776,0,6545,11.1,7.8,2.0,2.0,12.74,272.36,0.0,0,100100.0,9999999
03776,0,6546,11.0,7.86,0.0,0.0,12.74,271.26,1.0,11,100100.0,9999999
03776,0,6547,10.8,7.75,0.0,0.0,12.74,271.04,0.0,0,100100.0,9999999
03776,0,6548,10.6,7.65,0.0,0.0,12.74,270.82,1.0,10,100100.0,9999999
03776,0,6549,10.1,7.39,0.0,0.0,12.74,271.26,1.5,10,100200.0,9999999
03776,0,6550,9.3,6.99,0.0,0.0,12.74,277.86,1.0,9,100400.0,9999999
03776,0,6551,8.1,6.43,0.0,0.0,12.74,276.41,1.0,8,100600.0,9999999
03776,0,6552,6.7,5.82,0.0,0.0,9.69,265.09,0.0,0,100900.0,9999999
03776,0,6553,5.4,5.34,0.0,0.0,9.69,263.42,0.0,0,101200.0,9999999
03776,0,6554,4.6,5.04,0.0,0.0,9.69,262.45,0.0,0,101400.0,9999999
03776,0,6555,4.2,4.93,0.0,0.0,9.69,262.2,1.0,16,101500.0,9999999
03776,0,6556,4.3,4.97,0.0,0.0,9.69,262.2,1.0,2,101500.0,9999999
03776,0,6557,4.5,5.0,0.0,0.0,9.69,262.45,1.0,3,101500.0,9999999
03776,0,6558,2.8,4.41,23.0,23.0,9.69,261.71,1.0,4,101500.0,9999999
03776,0,6559,7.9,5.95,146.0,94.0,9.69,267.43,2.1,4,101500.0,9999999
03776,0,6560,10.2,6.12,294.0,111.0,9.69,268.34,4.1,3,101500.0,9999999
03776,0,6561,12.3,6.66,423.0,100.0,9.69,271.92,4.1,3,101500.0,9999999
03776,0,6562,14.2,6.75,515.0,107.0,9.69,272.58,3.6,3,101400.0,9999999
03776,0,6563,15.1,6.85,559.0,97.0,9.69,273.44,3.6,3,101400.0,9999999
03776,0,6564,15.7,6.8,550.0,97.0,9.69,275.36,4.6,3,101400.0,9999999
03776,0,6565,16.2,6.43,491.0,101.0,9.69,274.3,4.6,3,101400.0,9999999
03776,0,6566,16.3,6.12,385.0,98.0,9.69,274.3,4.1,4,101300.0,9999999
03776,0,6567,16.3,6.25,246.0,90.0,9.69,274.3,3.6,5,101300.0,9999999
03776,0,6568,14.5,6.66,99.0,62.0,9.69,272.8,3.6,4,101300.0,9999999
03776,0,6569,13.2,6.94,11.0,11.0,9.69,271.7,1.5,4,101400.0,9999999
03776,0,6570,11.5,6.99,0.0,0.0,9.69,270.15,3.1,3,101400.0,9999999
03776,0,6571,10.4,6.8,0.0,0.0,9.69,269.03,3.1,3,101400.0,9999999
03776,0,6572,10.0,6.8,0.0,0.0,9.69,268.57,3.1,4,101400.0,9999999
03776,0,6573,10.1,6.8,0.0,0.0,9.69,268.8,1.5,4,101400.0,9999999
03776,0,6574,8.9,6.57,0.0,0.0,9.69,267.43,2.1,3,101400.0,9999999
03776,0,6575,8.2,6.43,0.0,0.0,9.69,266.73,1.5,3,101400.0,9999999
03776,0,6576,8.2,6.52,0.0,0.0,9.69,269.03,1.5,3,101300.0,9999999
03776,0,6577,9.2,6.8,0.0,0.0,9.69,271.7,2.6,3,101300.0,9999999
03776,0,6578,9.9,7.09,0.0,0.0,9.69,276.41,1.5,3,101300.0,9999999
03776,0,6579,10.4,7.34,0.0,0.0,9.69,277.04,3.1,3,101300.0,9999999
03776,0,6580,10.9,7.49,0.0,0.0,9.69,277.66,2.6,3,101300.0,9999999
03776,0,6581,11.2,7.65,0.0,0.0,9.69,275.36,3.1,3,101300.0,9999999
03776,0,6582,11.0,7.54,22.0,22.0,9.69,273.23,2.1,4,101300.0,9999999
03776,0,6583,11.8,7.75,121.0,86.0,9.69,274.73,2.1,4,101400.0,9999999
03776,0,6584,13.4,7.97,286.0,134.0,9.69,272.36,4.1,3,101400.0,9999999
03776,0,6585,14.9,8.35,358.0,165.0,9.69,277.86,5.1,3,101400.0,9999999
03776,0,6586,15.3,8.64,367.0,248.0,9.69,279.9,3.6,3,101400.0,9999999
03776,0,6587,18.1,9.36,546.0,197.0,9.69,278.68,4.6,3,101400.0,9999999
03776,0,6588,19.0,9.11,538.0,103.0,9.69,279.49,4.6,4,101400.0,9999999
03776,0,6589,19.5,9.23,413.0,209.0,9.69,279.9,4.1,4,101300.0,9999999
03776,0,6590,18.5,9.23,323.0,153.0,9.69,282.28,3.6,4,101300.0,9999999
03776,0,6591,17.6,9.05,205.0,109.0,9.69,280.3,3.6,5,101300.0,9999999
03776,0,6592,16.8,8.46,68.0,61.0,9.69,279.9,3.6,5,101300.0,9999999
03776,0,6593,15.9,8.3,5.0,5.0,9.69,278.27,2.6,4,101400.0,9999999
03776,0,6594,15.3,8.41,0.0,0.0,9.69,284.41,2.6,4,101400.0,9999999
03776,0,6595,14.9,8.58,0.0,0.0,9.69,284.03,2.1,4,101500.0,9999999
03776,0,6596,15.0,8.7,0.0,0.0,9.69,284.22,3.1,4,101400.0,9999999
03776,0,6597,14.5,8.93,0.0,0.0,9.69,283.84,2.6,4,101500.0,9999999
03776,0,6598,14.9,8.99,0.0,0.0,9.69,278.89,2.6,4,101500.0,9999999
03776,0,6599,14.1,8.93,0.0,0.0,9.69,281.29,2.6,3,101500.0,9999999
03776,0,6600,14.0,8.81,0.0,0.0,9.69,281.29,2.1,3,101500.0,9999999
03776,0,6601,14.0,8.81,0.0,0.0,9.69,283.25,2.1,3,101500.0,9999999
03776,0,6602,13.8,8.52,0.0,0.0,9.69,280.9,2.6,3,101500.0,9999999
03776,0,6603,13.3,8.07,0.0,0.0,9.69,280.3,2.1,4,101500.0,9999999
03776,0,6604,12.7,7.97,0.0,0.0,9.69,279.7,2.1,3,101500.0,9999999
03776,0,6605,12.2,7.8,0.0,0.0,9.69,279.09,1.5,3,101500.0,9999999
03776,0,6606,12.4,7.54,11.0,11.0,9.69,279.09,2.1,3,101500.0,9999999
03776,0,6607,12.4,7.59,99.0,84.0,9.69,276.62,3.6,3,101500.0,9999999
03776,0,6608,13.0,7.49,145.0,137.0,9.69,274.09,4.6,3,101500.0,9999999
03776,0,6609,14.7,7.49,354.0,202.0,9.69,274.73,4.1,4,101400.0,9999999
03776,0,6610,16.2,7.39,432.0,226.0,9.69,276.0,5.7,3,101400.0,9999999
03776,0,6611,17.6,6.9,396.0,262.0,9.69,277.25,5.1,4,101400.0,9999999
03776,0,6612,17.5,7.19,275.0,225.0,9.69,277.25,4.1,4,101300.0,9999999
03776,0,6613,17.2,7.09,244.0,223.0,9.69,277.86,3.6,4,101300.0,9999999
03776,0,6614,17.3,6.94,190.0,176.0,9.69,277.86,4.1,3,101200.0,9999999
03776,0,6615,16.1,7.54,169.0,133.0,9.69,278.27,5.1,3,101100.0,9999999
03776,0,6616,15.0,7.75,77.0,68.0,9.69,276.0,5.1,3,101100.0,9999999
03776,0,6617,13.7,7.54,4.0,4.0,9.69,273.66,5.1,3,101000.0,9999999
03776,0,6618,12.8,7.49,0.0,0.0,9.69,274.94,4.1,3,101000.0,9999999
03776,0,6619,12.7,7.65,0.0,0.0,9.69,274.94,4.6,3,101000.0,9999999
03776,0,6620,12.6,7.91,0.0,0.0,9.69,275.58,3.1,3,101000.0,9999999
03776,0,6621,12.5,7.97,0.0,0.0,9.69,275.36,4.1,4,100900.0,9999999
03776,0,6622,12.2,8.24,0.0,0.0,9.69,281.29,2.1,4,100800.0,9999999
03776,0,6623,12.1,8.41,0.0,0.0,9.69,279.29,1.0,5,100800.0,9999999
03776,0,6624,12.4,8.52,0.0,0.0,9.69,275.58,2.1,3,100800.0,9999999
03776,0,6625,12.1,8.58,0.0,0.0,9.69,281.29,3.6,2,100700.0,9999999
03776,0,6626,12.0,8.52,0.0,0.0,9.69,281.1,3.1,3,100600.0,9999999
03776,0,6627,12.2,8.64,0.0,0.0,9.69,281.29,2.6,2,100600.0,9999999
03776,0,6628,12.2,8.64,0.0,0.0,9.69,281.29,2.1,3,100600.0,9999999
03776,0,6629,12.6,8.87,0.0,0.0,9.69,281.89,1.0,3,100600.0,9999999
03776,0,6630,12.9,9.05,4.0,4.0,9.69,282.28,2.1,1,100600.0,9999999
03776,0,6631,13.6,9.48,26.0,26.0,9.69,283.06,1.5,3,100600.0,9999999
03776,0,6632,14.2,9.74,55.0,55.0,9.69,283.84,1.5,4,100600.0,9999999
03776,0,6633,15.3,10.26,81.0,81.0,9.69,284.99,1.0,5,100600.0,9999999
03776,0,6634,17.3,10.6,252.0,232.0,9.69,285.18,3.6,8,100600.0,9999999
03776,0,6635,18.1,9.93,461.0,258.0,9.69,281.69,3.6,9,100500.0,9999999
03776,0,6636,18.1,10.06,494.0,143.0,9.69,281.69,2.6,10,100500.0,9999999
03776,0,6637,19.1,9.05,439.0,143.0,9.69,280.5,2.1,8,100500.0,9999999
03776,0,6638,18.9,8.93,263.0,186.0,9.69,279.29,2.1,8,100400.0,9999999
03776,0,6639,17.6,9.48,115.0,111.0,9.69,278.27,3.1,7,100400.0,9999999
03776,0,6640,16.9,9.61,43.0,43.0,9.69,277.66,2.1,6,100400.0,9999999
03776,0,6641,15.4,9.74,5.0,5.0,9.69,276.21,2.6,6,100500.0,9999999
03776,0,6642,15.2,9.48,0.0,0.0,9.69,282.67,1.5,4,100500.0,9999999
03776,0,6643,14.5,9.42,0.0,0.0,9.69,276.21,2.1,3,100400.0,9999999
03776,0,6644,13.6,9.29,0.0,0.0,9.69,274.3,1.0,4,100400.0,9999999
03776,0,6645,13.1,8.99,0.0,0.0,9.69,274.73,2.1,3,100400.0,9999999
03776,0,6646,13.3,9.54,0.0,0.0,9.69,282.87,1.5,3,100400.0,9999999
03776,0,6647,13.6,9.74,0.0,0.0,9.69,283.25,1.5,2,100300.0,9999999
03776,0,6648,13.5,9.67,0.0,0.0,9.69,283.06,2.1,3,100300.0,9999999
03776,0,6649,13.3,9.54,0.0,0.0,9.69,282.87,0.5,4,100300.0,9999999
03776,0,6650,13.1,9.42,0.0,0.0,9.69,277.25,1.0,4,100200.0,9999999
03776,0,6651,13.1,9.42,0.0,0.0,9.69,282.48,2.1,3,100100.0,9999999
03776,0,6652,12.8,9.23,0.0,0.0,9.69,274.52,1.0,6,100000.0,9999999
03776,0,6653,14.2,9.86,0.0,0.0,9.69,281.89,1.5,5,100000.0,9999999
03776,0,6654,14.4,9.99,10.0,10.0,9.69,282.08,1.0,8,99900.0,9999999
03776,0,6655,15.8,10.26,66.0,66.0,9.69,279.49,2.1,8,99900.0,9999999
03776,0,6656,15.8,10.13,139.0,134.0,9.69,280.9,2.1,7,99900.0,9999999
03776,0,6657,17.7,10.53,204.0,193.0,9.69,280.9,3.6,7,99900.0,9999999
03776,0,6658,17.7,10.46,249.0,242.0,9.69,282.08,4.1,8,99800.0,9999999
03776,0,6659,18.5,10.19,106.0,106.0,9.69,282.67,3.6,8,99600.0,9999999
03776,0,6660,19.1,10.46,104.0,104.0,9.69,282.28,3.6,8,99600.0,9999999
03776,0,6661,18.3,10.74,92.0,92.0,9.69,281.49,3.6,8,99500.0,9999999
03776,0,6662,18.0,10.74,71.0,71.0,9.69,281.69,2.6,8,99400.0,9999999
03776,0,6663,17.8,10.6,44.0,44.0,9.69,281.49,2.6,8,99300.0,9999999
03776,0,6664,17.0,10.74,16.0,16.0,9.69,280.3,2.6,8,99300.0,9999999
03776,0,6665,16.1,10.46,1.0,1.0,9.69,279.29,1.5,10,99200.0,9999999
03776,0,6666,15.5,10.33,0.0,0.0,9.69,278.68,1.0,10,99200.0,9999999
03776,0,6667,15.2,10.06,0.0,0.0,9.69,278.89,2.6,7,99100.0,9999999
03776,0,6668,15.2,10.19,0.0,0.0,9.69,279.49,2.1,8,99100.0,9999999
03776,0,6669,14.8,10.06,0.0,0.0,9.69,282.48,1.0,9,99000.0,9999999
03776,0,6670,15.3,10.26,0.0,0.0,9.69,279.09,2.1,9,99000.0,9999999
03776,0,6671,14.1,9.48,0.0,0.0,9.69,277.04,2.6,10,98900.0,9999999
03776,0,6672,13.2,8.7,0.0,0.0,9.69,273.66,2.1,8,98900.0,9999999
03776,0,6673,12.5,8.64,0.0,0.0,9.69,273.01,2.1,9,98900.0,9999999
03776,0,6674,12.7,8.75,0.0,0.0,9.69,276.62,2.1,9,98900.0,9999999
03776,0,6675,12.3,8.58,0.0,0.0,9.69,273.66,2.6,9,98900.0,9999999
03776,0,6676,11.7,8.24,0.0,0.0,9.69,272.14,2.6,9,98900.0,9999999
03776,0,6677,11.2,7.86,0.0,0.0,9.69,271.48,2.1,9,98900.0,9999999
03776,0,6678,11.8,8.24,9.0,9.0,9.69,276.21,2.1,9,98900.0,9999999
03776,0,6679,13.4,8.87,64.0,64.0,9.69,278.07,3.1,10,98900.0,9999999
03776,0,6680,13.3,8.58,137.0,132.0,9.69,276.41,4.1,10,98900.0,9999999
03776,0,6681,14.1,8.99,202.0,191.0,9.69,276.83,3.6,9,99000.0,9999999
03776,0,6682,15.1,8.7,350.0,241.0,9.69,278.27,4.6,10,98900.0,9999999
03776,0,6683,11.8,7.75,270.0,221.0,9.69,278.68,6.2,12,99000.0,9999999
03776,0,6684,12.3,8.35,264.0,256.0,9.69,279.49,4.6,11,99000.0,9999999
03776,0,6685,10.6,6.85,332.0,219.0,9.69,274.52,4.6,11,99000.0,9999999
03776,0,6686,12.4,7.19,302.0,158.0,9.69,274.94,4.1,11,99100.0,9999999
03776,0,6687,12.4,6.25,202.0,96.0,9.69,272.8,4.6,11,99200.0,9999999
03776,0,6688,10.9,5.58,74.0,57.0,9.69,272.14,4.1,11,99300.0,9999999
03776,0,6689,9.3,5.62,5.0,5.0,9.69,269.48,5.1,11,99400.0,9999999
03776,0,6690,7.3,5.46,0.0,0.0,9.69,266.5,3.1,11,99500.0,9999999
03776,0,6691,7.3,5.5,0.0,0.0,9.69,265.33,3.6,11,99600.0,9999999
03776,0,6692,6.6,5.46,0.0,0.0,9.69,266.03,3.1,11,99700.0,9999999
03776,0,6693,6.9,5.19,0.0,0.0,9.69,266.03,2.6,9,99800.0,9999999
03776,0,6694,6.7,5.23,0.0,0.0,9.69,265.8,3.1,10,99800.0,9999999
03776,0,6695,6.5,5.27,0.0,0.0,9.69,266.73,3.1,10,99800.0,9999999
03776,0,6696,4.8,4.86,0.0,0.0,9.69,263.9,2.1,9,99800.0,9999999
03776,0,6697,5.1,4.97,0.0,0.0,9.69,264.14,2.1,9,99800.0,9999999
03776,0,6698,5.8,5.42,0.0,0.0,9.69,266.03,1.5,9,99800.0,9999999
03776,0,6699,8.5,5.82,0.0,0.0,9.69,270.15,2.1,9,99700.0,9999999
03776,0,6700,9.5,6.16,0.0,0.0,9.69,273.01,2.6,9,99600.0,9999999
03776,0,6701,10.0,6.52,0.0,0.0,9.69,276.41,1.5,8,99500.0,9999999
03776,0,6702,10.5,7.39,3.0,3.0,9.69,277.25,2.6,8,99400.0,9999999
03776,0,6703,11.5,7.7,24.0,24.0,9.69,275.79,4.1,9,99200.0,9999999
03776,0,6704,11.7,7.8,53.0,53.0,9.69,280.5,5.7,8,99100.0,9999999
03776,0,6705,12.1,8.24,78.0,78.0,9.69,279.09,6.7,8,98900.0,9999999
03776,0,6706,12.8,8.7,96.0,96.0,9.69,277.45,6.2,8,98700.0,9999999
03776,0,6707,13.9,9.48,104.0,104.0,9.69,278.89,7.2,9,98500.0,9999999
03776,0,6708,14.6,9.93,102.0,102.0,9.69,282.28,7.2,9,98400.0,9999999
03776,0,6709,14.7,9.99,89.0,89.0,9.69,284.41,7.2,9,98300.0,9999999
03776,0,6710,14.7,10.13,68.0,68.0,9.69,282.48,7.2,9,98100.0,9999999
03776,0,6711,15.2,10.19,41.0,41.0,9.69,280.3,8.2,9,97800.0,9999999
03776,0,6712,15.5,10.26,14.0,14.0,9.69,279.9,9.8,9,97700.0,9999999
03776,0,6713,15.4,10.53,1.0,1.0,9.69,285.18,5.7,9,97500.0,9999999
03776,0,6714,15.2,10.4,0.0,0.0,9.69,280.3,6.7,9,97400.0,9999999
03776,0,6715,14.9,10.13,0.0,0.0,9.69,284.6,4.6,10,97300.0,9999999
03776,0,6716,14.2,9.67,0.0,0.0,9.69,283.84,5.7,9,97300.0,9999999
03776,0,6717,14.3,9.36,0.0,0.0,9.69,277.66,5.7,10,97300.0,9999999
03776,0,6718,12.9,8.64,0.0,0.0,9.69,275.58,4.1,10,97300.0,9999999
03776,0,6719,11.4,7.8,0.0,0.0,9.69,272.58,3.1,10,97300.0,9999999
03776,0,6720,10.8,7.54,0.0,0.0,9.69,271.04,2.6,10,97300.0,9999999
03776,0,6721,11.2,7.8,0.0,0.0,9.69,280.1,3.1,10,97300.0,9999999
03776,0,6722,11.2,7.75,0.0,0.0,9.69,280.1,4.6,11,97300.0,9999999
03776,0,6723,10.6,7.04,0.0,0.0,9.69,273.87,5.7,12,97400.0,9999999
03776,0,6724,9.4,6.34,0.0,0.0,9.69,275.58,6.7,12,97600.0,9999999
03776,0,6725,8.8,5.95,0.0,0.0,9.69,271.48,6.2,11,97700.0,9999999
03776,0,6726,8.6,5.58,16.0,16.0,9.69,267.89,7.7,12,97900.0,9999999
03776,0,6727,9.3,5.5,118.0,80.0,9.69,268.57,7.2,11,98000.0,9999999
03776,0,6728,10.0,5.19,245.0,102.0,9.69,271.7,9.3,12,98200.0,9999999
03776,0,6729,10.7,5.15,281.0,194.0,9.69,273.66,8.7,12,98300.0,9999999
03776,0,6730,11.1,4.38,470.0,182.0,9.69,270.37,9.3,12,98400.0,9999999
03776,0,6731,11.7,4.61,510.0,108.0,9.69,272.36,12.3,12,98600.0,9999999
03776,0,6732,12.3,4.65,500.0,107.0,9.69,273.01,11.3,11,98600.0,9999999
03776,0,6733,10.9,5.0,385.0,187.0,9.69,273.01,7.7,11,98800.0,9999999
03776,0,6734,11.1,4.61,335.0,114.0,9.69,270.6,9.8,11,98900.0,9999999
03776,0,6735,9.6,4.68,204.0,81.0,9.69,268.34,9.3,11,99000.0,9999999
03776,0,6736,9.2,4.44,66.0,51.0,9.69,267.66,7.2,11,99100.0,9999999
03776,0,6737,8.0,4.31,3.0,3.0,9.69,267.43,6.7,11,99200.0,9999999
03776,0,6738,6.3,4.51,0.0,0.0,9.69,265.09,5.7,10,99400.0,9999999
03776,0,6739,5.4,4.38,0.0,0.0,9.69,262.93,4.1,10,99500.0,9999999
03776,0,6740,5.3,4.44,0.0,0.0,9.69,262.93,3.6,11,99600.0,9999999
03776,0,6741,5.3,4.51,0.0,0.0,9.69,262.93,2.1,10,99700.0,9999999
03776,0,6742,5.9,4.72,0.0,0.0,9.69,271.26,2.1,9,99700.0,9999999
03776,0,6743,7.5,5.0,0.0,0.0,9.69,274.94,2.6,10,99700.0,9999999
03776,0,6744,7.8,5.5,0.0,0.0,9.69,270.37,2.1,9,99700.0,9999999
03776,0,6745,8.6,6.48,0.0,0.0,9.69,276.83,3.1,9,99600.0,9999999
03776,0,6746,9.6,7.04,0.0,0.0,9.69,273.66,3.6,9,99500.0,9999999
03776,0,6747,10.9,7.75,0.0,0.0,9.69,275.15,4.1,9,99500.0,9999999
03776,0,6748,11.3,7.75,0.0,0.0,9.69,273.66,4.6,9,99500.0,9999999
03776,0,6749,11.0,7.49,0.0,0.0,9.69,271.26,2.6,9,99500.0,9999999
03776,0,6750,11.5,7.91,8.0,8.0,9.69,274.52,3.6,9,99500.0,9999999
03776,0,6751,12.3,8.02,58.0,58.0,9.69,274.73,4.1,10,99500.0,9999999
03776,0,6752,13.0,8.24,130.0,125.0,9.69,276.62,4.1,9,99500.0,9999999
03776,0,6753,12.7,8.52,76.0,76.0,9.69,277.25,6.7,9,99500.0,9999999
03776,0,6754,13.7,8.7,239.0,220.0,9.69,276.83,6.2,9,99500.0,9999999
03776,0,6755,14.3,8.46,260.0,252.0,9.69,278.07,6.7,9,99400.0,9999999
03776,0,6756,14.5,7.97,100.0,100.0,9.69,278.89,6.7,9,99300.0,9999999
03776,0,6757,14.0,8.07,87.0,87.0,9.69,280.9,5.7,8,99300.0,9999999
03776,0,6758,14.4,8.18,66.0,66.0,9.69,281.29,6.7,9,99200.0,9999999
03776,0,6759,13.6,8.75,39.0,39.0,9.69,278.27,5.1,8,99100.0,9999999
03776,0,6760,11.9,7.91,12.0,12.0,9.69,276.21,4.6,8,99000.0,9999999
03776,0,6761,13.3,8.75,1.0,1.0,9.69,280.5,6.7,8,99000.0,9999999
03776,0,6762,13.2,8.81,0.0,0.0,9.69,276.0,5.7,8,98900.0,9999999
03776,0,6763,13.2,8.81,0.0,0.0,9.69,282.48,7.7,8,98900.0,9999999
03776,0,6764,12.9,8.81,0.0,0.0,9.69,282.08,5.1,9,98800.0,9999999
03776,0,6765,13.4,8.58,0.0,0.0,9.69,282.48,3.1,9,98700.0,9999999
03776,0,6766,14.2,8.18,0.0,0.0,9.69,281.1,5.1,8,98700.0,9999999
03776,0,6767,14.3,8.41,0.0,0.0,9.69,283.45,4.1,8,98600.0,9999999
03776,0,6768,14.1,8.3,0.0,0.0,9.69,279.7,3.9,8,98500.0,9999999
03776,0,6769,14.0,8.13,0.0,0.0,9.69,277.66,3.6,7,98400.0,9999999
03776,0,6770,13.3,8.64,0.0,0.0,9.69,282.48,3.1,7,98400.0,9999999
03776,0,6771,13.1,8.99,0.0,0.0,9.69,282.48,3.6,7,98300.0,9999999
03776,0,6772,12.9,8.93,0.0,0.0,9.69,282.08,3.6,7,98200.0,9999999
03776,0,6773,12.9,8.64,0.0,0.0,9.69,282.08,4.1,7,98200.0,9999999
03776,0,6774,12.6,8.64,3.0,3.0,9.69,277.25,4.1,7,98200.0,9999999
03776,0,6775,12.8,8.87,22.0,22.0,9.69,280.1,2.6,6,98100.0,9999999
03776,0,6776,13.3,9.05,50.0,50.0,9.69,276.62,3.6,6,98100.0,9999999
03776,0,6777,10.0,7.34,75.0,75.0,9.69,274.09,6.2,15,98200.0,9999999
03776,0,6778,8.7,6.71,93.0,93.0,9.69,277.04,6.7,15,98200.0,9999999
03776,0,6779,8.2,6.34,101.0,101.0,9.69,271.92,5.7,15,98300.0,9999999
03776,0,6780,8.2,6.34,99.0,99.0,9.69,271.92,5.1,15,98300.0,9999999
03776,0,6781,8.2,6.21,87.0,87.0,9.69,276.41,5.1,15,98300.0,9999999
03776,0,6782,7.9,5.95,66.0,66.0,9.69,275.79,6.2,16,98300.0,9999999
03776,0,6783,7.4,5.78,38.0,38.0,9.69,275.36,5.7,15,98400.0,9999999
03776,0,6784,6.9,5.7,11.0,11.0,9.69,274.73,4.6,15,98500.0,9999999
03776,0,6785,6.8,5.38,0.0,0.0,9.69,274.52,5.7,15,98500.0,9999999
03776,0,6786,6.0,5.3,0.0,0.0,9.69,273.66,6.2,15,98600.0,9999999
03776,0,6787,6.0,5.15,0.0,0.0,9.69,273.66,5.7,13,98700.0,9999999
03776,0,6788,6.0,5.23,0.0,0.0,9.69,273.66,4.6,12,98900.0,9999999
03776,0,6789,6.1,5.54,0.0,0.0,9.69,273.87,2.6,12,98900.0,9999999
03776,0,6790,6.3,5.5,0.0,0.0,9.69,274.09,3.1,10,99000.0,9999999
03776,0,6791,5.2,5.08,0.0,0.0,9.69,263.18,2.1,9,99100.0,9999999
03776,0,6792,3.1,4.51,0.0,0.0,9.69,260.72,1.5,9,99200.0,9999999
03776,0,6793,2.2,4.31,0.0,0.0,9.69,260.97,1.5,10,99200.0,9999999
03776,0,6794,2.8,4.48,0.0,0.0,9.69,261.71,1.0,9,99300.0,9999999
03776,0,6795,2.4,4.44,0.0,0.0,9.69,261.22,1.0,8,99300.0,9999999
03776,0,6796,3.0,4.38,0.0,0.0,9.69,265.8,1.5,8,99300.0,9999999
03776,0,6797,3.6,4.41,0.0,0.0,9.69,264.38,1.5,8,99300.0,9999999
03776,0,6798,4.6,4.51,12.0,12.0,9.69,266.03,2.6,8,99400.0,9999999
03776,0,6799,6.2,5.04,92.0,69.0,9.69,268.57,1.5,8,99500.0,9999999
03776,0,6800,7.6,5.7,212.0,112.0,9.69,270.15,2.6,9,99600.0,9999999
03776,0,6801,10.9,5.82,371.0,126.0,9.69,270.15,2.6,11,99600.0,9999999
03776,0,6802,11.6,5.7,458.0,95.0,9.69,270.82,3.1,9,99600.0,9999999
03776,0,6803,12.2,5.78,490.0,108.0,9.69,272.36,2.6,8,99600.0,9999999
03776,0,6804,10.4,6.21,250.0,195.0,9.69,273.23,2.1,9,99600.0,9999999
03776,0,6805,9.8,6.39,218.0,200.0,9.69,273.44,2.1,10,99600.0,9999999
03776,0,6806,10.5,6.57,164.0,153.0,9.69,276.83,1.0,8,99700.0,9999999
03776,0,6807,10.2,6.52,95.0,94.0,9.69,276.41,0.0,0,99700.0,9999999
03776,0,6808,8.5,6.04,45.0,41.0,9.69,269.03,0.5,7,99700.0,9999999
03776,0,6809,7.9,5.95,1.0,1.0,9.69,267.43,0.5,4,99700.0,9999999
03776,0,6810,7.5,5.87,0.0,0.0,9.69,266.96,0.0,0,99800.0,9999999
03776,0,6811,6.4,5.66,0.0,0.0,9.69,266.73,1.0,3,99800.0,9999999
03776,0,6812,6.9,5.95,0.0,0.0,9.69,267.43,0.0,0,99800.0,9999999
03776,0,6813,7.1,6.04,0.0,0.0,9.69,266.73,1.0,4,99800.0,9999999
03776,0,6814,6.4,5.78,0.0,0.0,9.69,266.03,0.0,0,99800.0,9999999
03776,0,6815,5.2,5.38,0.0,0.0,9.69,264.62,0.5,3,99800.0,9999999
03776,0,6816,4.1,4.97,0.0,0.0,9.69,265.8,0.0,0,99800.0,9999999
03776,0,6817,5.8,5.62,0.0,0.0,9.69,271.7,0.0,0,99800.0,9999999
03776,0,6818,6.7,5.87,0.0,0.0,9.69,269.48,1.0,2,99700.0,9999999
03776,0,6819,6.7,5.87,0.0,0.0,9.69,272.8,0.5,1,99700.0,9999999
03776,0,6820,6.8,5.91,0.0,0.0,9.69,272.8,1.0,5,99600.0,9999999
03776,0,6821,5.9,5.62,0.0,0.0,9.69,267.43,1.0,2,99700.0,9999999
03776,0,6822,3.9,4.97,12.0,12.0,9.69,263.18,0.5,7,99700.0,9999999
03776,0,6823,5.8,5.54,102.0,71.0,9.69,265.33,0.5,12,99700.0,9999999
03776,0,6824,9.5,6.8,240.0,91.0,9.69,269.48,1.5,10,99800.0,9999999
03776,0,6825,12.3,7.09,364.0,109.0,9.69,272.14,2.1,10,99800.0,9999999
03776,0,6826,13.2,7.14,449.0,97.0,9.69,274.09,3.1,11,99700.0,9999999
03776,0,6827,14.4,6.57,491.0,99.0,9.69,274.94,4.6,11,99700.0,9999999
03776,0,6828,12.8,6.21,472.0,107.0,9.69,274.3,4.1,12,99700.0,9999999
03776,0,6829,14.7,6.43,394.0,139.0,9.69,276.83,4.1,11,99700.0,9999999
03776,0,6830,13.8,6.34,295.0,112.0,9.69,276.0,3.6,11,99600.0,9999999
03776,0,6831,13.5,6.3,180.0,93.0,9.69,273.01,3.6,11,99600.0,9999999
03776,0,6832,11.5,6.08,49.0,41.0,9.69,271.04,3.6,10,99600.0,9999999
03776,0,6833,11.3,6.48,1.0,1.0,9.69,273.66,2.1,9,99600.0,9999999
03776,0,6834,9.8,6.43,0.0,0.0,9.69,269.48,1.5,7,99600.0,9999999
03776,0,6835,8.2,6.3,0.0,0.0,9.69,267.89,1.0,8,99600.0,9999999
03776,0,6836,7.1,5.95,0.0,0.0,9.69,265.33,0.0,0,99600.0,9999999
03776,0,6837,6.0,5.58,0.0,0.0,9.69,265.33,0.0,0,99500.0,9999999
03776,0,6838,7.5,6.25,0.0,0.0,9.69,268.12,0.0,0,99400.0,9999999
03776,0,6839,9.2,6.66,0.0,0.0,9.69,269.03,1.5,8,99400.0,9999999
03776,0,6840,9.2,6.94,0.0,0.0,9.69,269.25,1.0,5,99300.0,9999999
03776,0,6841,8.8,6.94,0.0,0.0,9.69,268.8,0.0,0,99300.0,9999999
03776,0,6842,8.3,6.61,0.0,0.0,9.69,269.03,1.0,4,99200.0,9999999
03776,0,6843,7.5,6.34,0.0,0.0,9.69,270.37,0.0,0,99200.0,9999999
03776,0,6844,6.9,6.08,0.0,0.0,9.69,269.25,0.0,0,99200.0,9999999
03776,0,6845,5.6,5.62,0.0,0.0,9.69,267.2,0.0,0,99200.0,9999999
03776,0,6846,6.2,5.78,8.0,8.0,9.69,268.34,1.0,9,99200.0,9999999
03776,0,6847,7.8,6.48,71.0,56.0,9.69,268.57,0.5,9,99200.0,9999999
03776,0,6848,9.6,7.04,120.0,116.0,9.69,272.8,1.5,9,99200.0,9999999
03776,0,6849,11.8,7.39,308.0,177.0,9.69,274.09,2.1,9,99200.0,9999999
03776,0,6850,12.4,7.14,323.0,221.0,9.69,276.41,4.6,10,99200.0,9999999
03776,0,6851,11.7,6.48,457.0,201.0,9.69,274.09,4.6,11,99200.0,9999999
03776,0,6852,12.8,5.7,410.0,189.0,9.69,275.15,6.2,11,99200.0,9999999
03776,0,6853,13.9,5.74,83.0,83.0,9.69,275.79,4.6,11,99200.0,9999999
03776,0,6854,12.7,5.58,308.0,157.0,9.69,272.8,4.6,10,99200.0,9999999
03776,0,6855,11.7,5.91,171.0,78.0,9.69,273.23,4.6,10,99300.0,9999999
03776,0,6856,10.7,5.99,32.0,32.0,9.69,274.09,5.1,12,99300.0,9999999
03776,0,6857,8.1,5.62,1.0,1.0,9.69,268.34,2.6,10,99400.0,9999999
03776,0,6858,6.7,5.54,0.0,0.0,9.69,266.96,2.1,10,99400.0,9999999
03776,0,6859,6.1,5.42,0.0,0.0,9.69,265.56,1.5,10,99400.0,9999999
03776,0,6860,5.4,5.27,0.0,0.0,9.69,263.42,1.0,8,99400.0,9999999
03776,0,6861,5.1,5.0,0.0,0.0,9.69,262.93,1.0,9,99500.0,9999999
03776,0,6862,5.3,5.08,0.0,0.0,9.69,263.18,0.0,0,99400.0,9999999
03776,0,6863,4.0,4.93,0.0,0.0,9.69,261.96,1.0,8,99400.0,9999999
03776,0,6864,4.9,5.34,0.0,0.0,9.69,264.38,1.0,8,99500.0,9999999
03776,0,6865,4.4,5.0,0.0,0.0,9.69,262.45,1.5,9,99400.0,9999999
03776,0,6866,4.7,5.0,0.0,0.0,9.69,262.69,0.0,0,99400.0,9999999
03776,0,6867,4.4,5.08,0.0,0.0,9.69,262.45,1.0,8,99400.0,9999999
03776,0,6868,2.9,4.61,0.0,0.0,9.69,260.72,1.0,8,99400.0,9999999
03776,0,6869,2.6,4.44,0.0,0.0,9.69,261.47,0.0,0,99400.0,9999999
03776,0,6870,3.3,4.58,10.0,10.0,9.69,262.2,0.0,0,99400.0,9999999
03776,0,6871,5.8,5.23,95.0,68.0,9.69,265.09,1.0,4,99500.0,9999999
03776,0,6872,10.2,6.34,167.0,129.0,9.69,269.93,1.5,9,99500.0,9999999
03776,0,6873,11.1,6.16,182.0,168.0,9.69,270.6,2.6,10,99400.0,9999999
03776,0,6874,11.6,5.82,226.0,207.0,9.69,271.92,2.1,10,99400.0,9999999
03776,0,6875,11.0,6.61,96.0,96.0,9.69,271.7,2.1,9,99400.0,9999999
03776,0,6876,10.0,6.94,94.0,94.0,9.69,272.14,2.1,7,99300.0,9999999
03776,0,6877,10.3,6.75,81.0,81.0,9.69,272.36,1.0,6,99100.0,9999999
03776,0,6878,10.2,6.94,60.0,60.0,9.69,274.09,1.5,4,99000.0,9999999
03776,0,6879,10.4,7.09,34.0,34.0,9.69,271.26,2.1,5,98900.0,9999999
03776,0,6880,10.4,6.21,8.0,8.0,9.69,273.23,2.6,6,98700.0,9999999
03776,0,6881,9.8,6.48,0.0,0.0,9.69,271.7,2.1,4,98500.0,9999999
03776,0,6882,9.2,6.66,0.0,0.0,9.69,272.36,3.1,4,98300.0,9999999
03776,0,6883,9.1,6.8,0.0,0.0,9.69,277.45,3.6,4,98000.0,9999999
03776,0,6884,9.1,6.8,0.0,0.0,9.69,277.45,4.1,3,97700.0,9999999
03776,0,6885,9.3,6.99,0.0,0.0,9.69,275.79,3.1,3,97500.0,9999999
03776,0,6886,9.2,7.04,0.0,0.0,9.69,273.23,1.0,8,97500.0,9999999
03776,0,6887,9.7,7.29,0.0,0.0,9.69,278.27,3.1,10,97500.0,9999999
03776,0,6888,10.1,7.04,0.0,0.0,9.69,274.09,3.6,10,97500.0,9999999
03776,0,6889,11.0,7.14,0.0,0.0,9.69,274.3,5.7,10,97600.0,9999999
03776,0,6890,9.2,5.95,0.0,0.0,9.69,268.8,6.2,11,97700.0,9999999
03776,0,6891,9.7,6.21,0.0,0.0,9.69,272.58,4.6,11,97800.0,9999999
03776,0,6892,9.1,5.62,0.0,0.0,9.69,268.34,7.2,11,97800.0,9999999
03776,0,6893,8.9,5.27,0.0,0.0,9.69,269.03,3.6,10,97900.0,9999999
03776,0,6894,8.9,5.34,7.0,7.0,9.69,268.12,5.1,10,98000.0,9999999
03776,0,6895,8.9,5.54,47.0,47.0,9.69,268.12,2.6,9,98000.0,9999999
03776,0,6896,9.6,5.82,116.0,113.0,9.69,269.03,1.5,8,98100.0,9999999
03776,0,6897,10.3,6.08,179.0,172.0,9.69,269.7,1.5,8,98000.0,9999999
03776,0,6898,11.3,6.16,223.0,204.0,9.69,270.82,1.5,7,97900.0,9999999
03776,0,6899,12.0,6.52,95.0,95.0,9.69,271.7,1.5,6,97800.0,9999999
03776,0,6900,11.5,7.29,92.0,92.0,9.69,274.09,2.6,4,97500.0,9999999
03776,0,6901,10.7,7.19,80.0,80.0,9.69,277.25,3.6,4,97300.0,9999999
03776,0,6902,10.4,7.44,59.0,59.0,9.69,277.25,4.6,3,97100.0,9999999
03776,0,6903,9.8,7.24,33.0,33.0,9.69,278.48,4.1,2,97000.0,9999999
03776,0,6904,10.0,7.44,7.0,7.0,9.69,278.68,2.6,1,96800.0,9999999
03776,0,6905,10.3,7.59,0.0,0.0,9.69,279.09,1.0,3,96700.0,9999999
03776,0,6906,10.1,7.59,0.0,0.0,9.69,278.89,1.0,13,96700.0,9999999
03776,0,6907,14.3,9.74,0.0,0.0,9.69,283.84,4.6,10,96700.0,9999999
03776,0,6908,16.7,11.09,0.0,0.0,9.69,286.68,8.2,9,96700.0,9999999
03776,0,6909,16.4,11.17,0.0,0.0,9.69,286.5,6.2,8,96700.0,9999999
03776,0,6910,16.6,11.09,0.0,0.0,9.69,286.68,7.7,8,96600.0,9999999
03776,0,6911,16.4,10.53,0.0,0.0,9.69,286.12,8.2,8,96500.0,9999999
03776,0,6912,17.2,9.86,0.0,0.0,9.69,286.68,8.2,8,96300.0,9999999
03776,0,6913,16.3,8.13,0.0,0.0,9.69,278.68,9.3,9,96200.0,9999999
03776,0,6914,15.2,6.52,0.0,0.0,9.69,281.49,14.4,8,95900.0,9999999
03776,0,6915,13.4,6.61,0.0,0.0,9.69,279.7,15.4,8,96300.0,9999999
03776,0,6916,11.6,6.66,0.0,0.0,9.69,277.86,16.5,8,96600.0,9999999
03776,0,6917,9.8,6.71,0.0,0.0,9.69,276.21,17.5,10,97000.0,9999999
03776,0,6918,9.4,5.19,7.0,7.0,9.69,271.04,12.9,11,97500.0,9999999
03776,0,6919,9.3,4.86,75.0,45.0,9.69,271.26,10.3,11,98000.0,9999999
03776,0,6920,10.7,4.89,222.0,112.0,9.69,269.48,9.3,10,98300.0,9999999
03776,0,6921,11.9,5.3,345.0,103.0,9.69,270.82,10.3,10,98500.0,9999999
03776,0,6922,13.3,5.34,431.0,91.0,9.69,272.14,9.8,10,98700.0,9999999
03776,0,6923,14.3,5.08,469.0,92.0,9.69,273.87,8.2,10,98800.0,9999999
03776,0,6924,13.1,5.66,332.0,215.0,9.69,273.23,7.7,10,98900.0,9999999
03776,0,6925,9.7,6.48,202.0,168.0,9.69,272.58,4.1,9,99000.0,9999999
03776,0,6926,10.4,6.94,148.0,139.0,9.69,273.66,2.1,8,99000.0,9999999
03776,0,6927,10.2,7.19,81.0,81.0,9.69,274.3,1.5,9,99000.0,9999999
03776,0,6928,10.0,7.24,7.0,7.0,9.69,276.62,2.6,12,99100.0,9999999
03776,0,6929,8.9,6.48,0.0,0.0,9.69,271.92,3.6,11,99300.0,9999999
03776,0,6930,9.2,6.48,0.0,0.0,9.69,269.03,5.7,11,99700.0,9999999
03776,0,6931,8.0,6.25,0.0,0.0,9.69,268.57,2.1,9,99800.0,9999999
03776,0,6932,8.9,6.21,0.0,0.0,9.69,269.48,2.6,9,99800.0,9999999
03776,0,6933,9.6,6.16,0.0,0.0,9.69,270.15,3.1,9,99900.0,9999999
03776,0,6934,9.7,6.39,0.0,0.0,9.69,270.37,3.1,9,100000.0,9999999
03776,0,6935,9.4,6.43,0.0,0.0,9.69,270.15,2.1,9,100000.0,9999999
03776,0,6936,10.1,6.57,0.0,0.0,9.69,271.92,2.1,8,100100.0,9999999
03776,0,6937,10.9,6.75,0.0,0.0,9.69,272.8,3.1,8,100100.0,9999999
03776,0,6938,10.8,6.94,0.0,0.0,9.69,274.73,2.6,8,100100.0,9999999
03776,0,6939,9.4,6.66,0.0,0.0,9.69,275.79,3.6,10,100200.0,9999999
03776,0,6940,9.1,6.48,0.0,0.0,9.69,271.48,4.1,10,100200.0,9999999
03776,0,6941,7.9,6.34,0.0,0.0,9.69,267.66,1.5,7,100300.0,9999999
03776,0,6942,9.1,6.9,7.0,7.0,9.69,269.03,1.0,5,100300.0,9999999
03776,0,6943,10.1,7.14,43.0,43.0,9.69,276.62,2.6,8,100400.0,9999999
03776,0,6944,10.0,7.14,111.0,108.0,9.69,276.62,2.6,8,100500.0,9999999
03776,0,6945,10.1,7.29,244.0,165.0,9.69,274.3,2.6,8,100600.0,9999999
03776,0,6946,13.4,8.24,395.0,180.0,9.69,276.41,3.1,9,100600.0,9999999
03776,0,6947,14.7,7.8,432.0,171.0,9.69,277.45,4.1,10,100700.0,9999999
03776,0,6948,15.0,7.44,422.0,168.0,9.69,277.66,5.7,10,100700.0,9999999
03776,0,6949,15.0,6.9,334.0,160.0,9.69,278.07,5.1,10,100800.0,9999999
03776,0,6950,14.0,7.54,205.0,147.0,9.69,277.25,4.6,10,100800.0,9999999
03776,0,6951,13.6,7.65,143.0,78.0,9.69,276.41,3.6,10,100900.0,9999999
03776,0,6952,12.5,6.99,31.0,29.0,9.69,272.36,4.1,9,101000.0,9999999
03776,0,6953,11.9,6.99,0.0,0.0,9.69,273.87,2.1,8,101000.0,9999999
03776,0,6954,11.2,6.85,0.0,0.0,9.69,271.04,2.1,7,101000.0,9999999
03776,0,6955,11.0,7.09,0.0,0.0,9.69,271.04,2.1,7,101000.0,9999999
03776,0,6956,11.9,7.19,0.0,0.0,9.69,274.09,2.6,7,101000.0,9999999
03776,0,6957,12.8,7.39,0.0,0.0,9.69,272.8,4.1,8,101000.0,9999999
03776,0,6958,13.1,7.54,0.0,0.0,9.69,276.41,4.6,8,100900.0,9999999
03776,0,6959,13.3,7.65,0.0,0.0,9.69,275.58,5.1,8,100900.0,9999999
03776,0,6960,13.0,7.7,0.0,0.0,9.69,273.23,4.6,8,100800.0,9999999
03776,0,6961,12.9,7.86,0.0,0.0,9.69,275.36,5.7,8,100900.0,9999999
03776,0,6962,12.6,7.7,0.0,0.0,9.69,272.8,4.6,8,100800.0,9999999
03776,0,6963,12.5,7.54,0.0,0.0,9.69,275.36,5.1,8,100800.0,9999999
03776,0,6964,12.5,7.34,0.0,0.0,9.69,273.44,4.6,7,100800.0,9999999
03776,0,6965,12.5,7.54,0.0,0.0,9.69,274.73,6.2,8,100700.0,9999999
03776,0,6966,12.5,7.34,6.0,6.0,9.69,272.58,4.6,8,100800.0,9999999
03776,0,6967,13.2,7.49,57.0,53.0,9.69,273.23,5.1,8,100700.0,9999999
03776,0,6968,14.2,7.44,153.0,125.0,9.69,274.09,6.2,8,100700.0,9999999
03776,0,6969,14.7,6.99,240.0,184.0,9.69,274.52,6.7,8,100700.0,9999999
03776,0,6970,15.0,6.94,214.0,196.0,9.69,274.73,7.7,7,100700.0,9999999
03776,0,6971,15.3,6.66,234.0,213.0,9.69,274.94,6.2,8,100600.0,9999999
03776,0,6972,15.6,6.39,228.0,208.0,9.69,274.94,7.2,8,100600.0,9999999
03776,0,6973,15.9,6.43,196.0,180.0,9.69,275.36,7.2,8,100600.0,9999999
03776,0,6974,15.3,6.12,143.0,137.0,9.69,274.52,6.7,7,100500.0,9999999
03776,0,6975,15.0,6.48,76.0,76.0,9.69,274.52,6.2,7,100400.0,9999999
03776,0,6976,14.1,6.8,15.0,15.0,9.69,273.87,5.1,7,100400.0,9999999
03776,0,6977,13.5,6.66,0.0,0.0,9.69,273.23,5.1,7,100500.0,9999999
03776,0,6978,13.5,7.24,0.0,0.0,9.69,277.45,4.6,6,100400.0,9999999
03776,0,6979,13.7,7.34,0.0,0.0,9.69,280.3,4.6,7,100500.0,9999999
03776,0,6980,14.0,7.29,0.0,0.0,9.69,282.48,4.6,7,100500.0,9999999
03776,0,6981,14.2,7.29,0.0,0.0,9.69,280.7,5.1,7,100500.0,9999999
03776,0,6982,14.0,7.29,0.0,0.0,9.69,280.7,4.1,7,100400.0,9999999
03776,0,6983,14.0,7.44,0.0,0.0,9.69,277.25,3.6,8,100500.0,9999999
03776,0,6984,13.7,7.65,0.0,0.0,9.69,276.0,2.6,7,100500.0,9999999
03776,0,6985,13.5,7.8,0.0,0.0,9.69,277.66,3.1,8,100500.0,9999999
03776,0,6986,12.6,7.59,0.0,0.0,9.69,276.0,1.5,7,100400.0,9999999
03776,0,6987,12.8,7.8,0.0,0.0,9.69,277.04,2.6,7,100400.0,9999999
03776,0,6988,13.1,7.86,0.0,0.0,9.69,279.9,2.6,7,100400.0,9999999
03776,0,6989,13.2,7.91,0.0,0.0,9.69,277.45,3.1,6,100400.0,9999999
03776,0,6990,12.4,7.91,6.0,6.0,9.69,272.58,1.5,6,100400.0,9999999
03776,0,6991,12.2,7.7,71.0,54.0,9.69,272.36,1.5,5,100400.0,9999999
03776,0,6992,14.1,7.91,177.0,100.0,9.69,274.3,3.1,6,100400.0,9999999
03776,0,6993,15.1,7.39,236.0,170.0,9.69,274.94,4.1,6,100400.0,9999999
03776,0,6994,16.2,7.54,210.0,193.0,9.69,276.21,4.1,6,100400.0,9999999
03776,0,6995,17.6,7.49,230.0,210.0,9.69,277.45,4.1,7,100300.0,9999999
03776,0,6996,17.4,6.8,224.0,205.0,9.69,277.04,4.6,7,100300.0,9999999
03776,0,6997,17.1,7.19,192.0,177.0,9.69,276.83,5.1,7,100300.0,9999999
03776,0,6998,15.8,7.49,54.0,54.0,9.69,276.62,3.6,7,100300.0,9999999
03776,0,6999,14.8,7.54,28.0,28.0,9.69,274.73,3.6,6,100300.0,9999999
03776,0,7000,14.1,7.54,14.0,14.0,9.69,275.15,3.1,6,100300.0,9999999
03776,0,7001,13.9,7.65,0.0,0.0,9.69,274.94,2.1,5,100300.0,9999999
03776,0,7002,13.7,7.86,0.0,0.0,9.69,274.73,2.1,6,100300.0,9999999
03776,0,7003,13.7,8.13,0.0,0.0,9.69,274.94,4.1,6,100200.0,9999999
03776,0,7004,13.6,8.3,0.0,0.0,9.69,273.87,4.6,7,100300.0,9999999
03776,0,7005,13.4,8.13,0.0,0.0,9.69,282.28,4.6,7,100300.0,9999999
03776,0,7006,13.3,7.86,0.0,0.0,9.69,275.58,3.1,6,100300.0,9999999
03776,0,7007,13.3,7.8,0.0,0.0,9.69,280.1,1.5,5,100300.0,9999999
03776,0,7008,13.0,7.59,0.0,0.0,9.69,275.15,1.0,5,100200.0,9999999
03776,0,7009,13.1,7.44,0.0,0.0,9.69,275.79,2.6,6,100200.0,9999999
03776,0,7010,12.5,7.44,0.0,0.0,9.69,273.44,0.0,0,100200.0,9999999
03776,0,7011,12.1,7.54,0.0,0.0,9.69,278.89,1.5,2,100100.0,9999999
03776,0,7012,11.7,7.59,0.0,0.0,9.69,272.8,1.5,2,100100.0,9999999
03776,0,7013,11.7,7.7,0.0,0.0,9.69,276.0,2.6,4,100100.0,9999999
03776,0,7014,11.6,7.86,3.0,3.0,9.69,276.0,2.1,3,100100.0,9999999
03776,0,7015,11.9,8.07,37.0,37.0,9.69,276.41,1.0,4,100200.0,9999999
03776,0,7016,12.5,8.46,40.0,40.0,9.69,281.69,2.1,4,100200.0,9999999
03776,0,7017,13.4,9.05,64.0,64.0,9.69,277.45,2.1,4,100100.0,9999999
03776,0,7018,13.8,9.42,81.0,81.0,9.69,278.68,2.6,4,100100.0,9999999
03776,0,7019,14.5,9.54,88.0,88.0,9.69,284.03,2.6,7,100000.0,9999999
03776,0,7020,14.3,9.48,86.0,86.0,9.69,283.84,2.6,7,100000.0,9999999
03776,0,7021,14.1,9.48,73.0,73.0,9.69,283.64,3.1,7,100000.0,9999999
03776,0,7022,14.2,9.48,53.0,53.0,9.69,283.64,2.6,7,99900.0,9999999
03776,0,7023,14.0,9.61,27.0,27.0,9.69,283.45,2.1,7,99900.0,9999999
03776,0,7024,14.1,9.74,5.0,5.0,9.69,283.64,2.1,6,99900.0,9999999
03776,0,7025,14.1,9.74,0.0,0.0,9.69,283.64,1.5,5,99900.0,9999999
03776,0,7026,14.2,9.86,0.0,0.0,9.69,283.84,1.5,5,99800.0,9999999
03776,0,7027,14.3,9.8,0.0,0.0,9.69,283.84,1.5,4,99800.0,9999999
03776,0,7028,14.2,9.74,0.0,0.0,9.69,283.84,1.0,4,99700.0,9999999
03776,0,7029,14.1,9.8,0.0,0.0,9.69,283.64,2.1,7,99700.0,9999999
03776,0,7030,14.1,9.67,0.0,0.0,9.69,283.64,2.1,5,99600.0,9999999
03776,0,7031,13.6,9.48,0.0,0.0,9.69,283.06,1.0,10,99600.0,9999999
03776,0,7032,12.6,8.99,0.0,0.0,9.69,279.9,1.5,6,99500.0,9999999
03776,0,7033,13.0,9.11,0.0,0.0,9.69,280.3,2.1,8,99500.0,9999999
03776,0,7034,13.5,9.29,0.0,0.0,9.69,282.87,2.1,7,99500.0,9999999
03776,0,7035,12.8,8.46,0.0,0.0,9.69,279.9,5.1,10,99600.0,9999999
03776,0,7036,11.6,7.86,0.0,0.0,9.69,276.0,3.6,10,99700.0,9999999
03776,0,7037,10.9,7.59,0.0,0.0,9.69,273.23,2.1,9,99700.0,9999999
03776,0,7038,11.0,7.44,3.0,3.0,9.69,275.15,3.1,9,99800.0,9999999
03776,0,7039,11.5,7.39,35.0,35.0,9.69,278.27,4.1,8,99800.0,9999999
03776,0,7040,10.9,7.39,101.0,99.0,9.69,277.66,4.6,10,99900.0,9999999
03776,0,7041,10.6,7.14,161.0,156.0,9.69,277.25,3.1,10,99900.0,9999999
03776,0,7042,11.3,7.09,289.0,190.0,9.69,274.52,2.6,8,99900.0,9999999
03776,0,7043,13.7,7.44,410.0,180.0,9.69,275.79,5.1,9,99900.0,9999999
03776,0,7044,13.4,7.39,217.0,171.0,9.69,277.45,5.7,9,99900.0,9999999
03776,0,7045,13.3,7.97,186.0,171.0,9.69,277.66,5.1,9,99900.0,9999999
03776,0,7046,12.8,7.14,133.0,128.0,9.69,276.83,4.1,10,100000.0,9999999
03776,0,7047,11.9,6.39,68.0,68.0,9.69,278.07,4.1,11,100100.0,9999999
03776,0,7048,10.6,6.12,17.0,17.0,9.69,274.09,4.1,11,100200.0,9999999
03776,0,7049,9.8,5.95,0.0,0.0,9.69,275.79,3.1,11,100400.0,9999999
03776,0,7050,8.8,5.87,0.0,0.0,9.69,272.36,2.6,10,100400.0,9999999
03776,0,7051,8.6,5.78,0.0,0.0,9.69,268.12,2.1,9,100500.0,9999999
03776,0,7052,7.1,5.58,0.0,0.0,9.69,265.33,0.0,0,100600.0,9999999
03776,0,7053,6.9,5.42,0.0,0.0,9.69,266.27,1.5,9,100700.0,9999999
03776,0,7054,6.9,5.46,0.0,0.0,9.69,266.27,2.1,9,100700.0,9999999
03776,0,7055,6.1,5.38,0.0,0.0,9.69,267.43,1.0,8,100700.0,9999999
03776,0,7056,7.0,5.66,0.0,0.0,9.69,266.5,0.5,9,100800.0,9999999
03776,0,7057,8.2,5.99,0.0,0.0,9.69,274.3,1.5,9,100800.0,9999999
03776,0,7058,8.1,6.12,0.0,0.0,9.69,267.66,1.5,8,100800.0,9999999
03776,0,7059,7.3,5.95,0.0,0.0,9.69,269.03,1.0,9,100800.0,9999999
03776,0,7060,7.6,6.21,0.0,0.0,9.69,271.26,1.0,9,100900.0,9999999
03776,0,7061,8.2,5.99,0.0,0.0,9.69,269.93,2.1,8,100900.0,9999999
03776,0,7062,7.2,5.74,3.0,3.0,9.69,267.66,1.5,8,100900.0,9999999
03776,0,7063,6.3,5.5,64.0,46.0,9.69,266.5,0.0,0,101000.0,9999999
03776,0,7064,8.1,5.91,193.0,78.0,9.69,267.66,0.5,12,101100.0,9999999
03776,0,7065,12.1,6.52,311.0,100.0,9.69,271.7,1.5,9,101100.0,9999999
03776,0,7066,12.1,6.3,371.0,120.0,9.69,273.66,2.6,9,101100.0,9999999
03776,0,7067,12.7,5.87,407.0,120.0,9.69,272.8,2.6,9,101100.0,9999999
03776,0,7068,13.6,5.38,396.0,118.0,9.69,274.73,2.6,9,101100.0,9999999
03776,0,7069,13.5,5.15,353.0,95.0,9.69,273.23,2.1,9,101100.0,9999999
03776,0,7070,12.1,5.42,240.0,95.0,9.69,273.23,2.6,10,101100.0,9999999
03776,0,7071,12.0,5.7,120.0,67.0,9.69,272.14,1.5,9,101100.0,9999999
03776,0,7072,9.7,5.42,22.0,22.0,9.69,269.7,1.5,10,101100.0,9999999
03776,0,7073,8.0,5.58,0.0,0.0,9.69,268.34,1.5,9,101200.0,9999999
03776,0,7074,7.3,5.66,0.0,0.0,9.69,266.73,0.0,0,101200.0,9999999
03776,0,7075,6.1,5.38,0.0,0.0,9.69,264.14,0.0,0,101300.0,9999999
03776,0,7076,4.4,4.89,0.0,0.0,9.69,262.2,0.0,0,101300.0,9999999
03776,0,7077,4.8,5.15,0.0,0.0,9.69,262.69,0.0,0,101300.0,9999999
03776,0,7078,3.5,4.75,0.0,0.0,9.69,261.22,0.0,0,101300.0,9999999
03776,0,7079,2.5,4.41,0.0,0.0,9.69,261.47,0.0,0,101400.0,9999999
03776,0,7080,2.0,4.25,0.0,0.0,9.69,261.71,0.0,0,101400.0,9999999
03776,0,7081,1.6,4.12,0.0,0.0,9.69,259.22,0.0,0,101400.0,9999999
03776,0,7082,0.7,3.91,0.0,0.0,9.69,258.2,0.0,0,101300.0,9999999
03776,0,7083,0.5,3.85,0.0,0.0,9.69,257.94,0.0,0,101300.0,9999999
03776,0,7084,0.3,3.79,0.0,0.0,9.69,258.96,0.0,0,101300.0,9999999
03776,0,7085,1.0,4.0,0.0,0.0,9.69,258.45,0.0,0,101300.0,9999999
03776,0,7086,1.6,4.09,2.0,2.0,9.69,258.96,0.5,16,101300.0,9999999
03776,0,7087,2.9,4.51,32.0,32.0,9.69,261.96,1.5,16,101400.0,9999999
03776,0,7088,5.0,5.19,97.0,95.0,9.69,264.38,1.5,15,101400.0,9999999
03776,0,7089,6.8,5.58,157.0,151.0,9.69,266.27,1.5,15,101400.0,9999999
03776,0,7090,8.9,5.42,78.0,78.0,9.69,268.12,2.6,1,101300.0,9999999
03776,0,7091,9.8,5.54,86.0,86.0,9.69,269.03,3.6,16,101300.0,9999999
03776,0,7092,10.5,5.58,213.0,175.0,9.69,269.7,4.1,1,101300.0,9999999
03776,0,7093,10.8,5.62,181.0,167.0,9.69,269.93,4.6,1,101300.0,9999999
03776,0,7094,10.8,5.7,50.0,50.0,9.69,271.04,4.6,1,101300.0,9999999
03776,0,7095,10.3,5.87,63.0,63.0,9.69,270.6,3.1,16,101300.0,9999999
03776,0,7096,10.0,5.95,4.0,4.0,9.69,273.44,3.6,1,101400.0,9999999
03776,0,7097,9.6,5.95,0.0,0.0,9.69,272.36,4.1,16,101400.0,9999999
03776,0,7098,8.9,5.99,0.0,0.0,9.69,270.6,3.6,16,101400.0,9999999
03776,0,7099,8.3,5.5,0.0,0.0,9.69,267.66,3.6,16,101400.0,9999999
03776,0,7100,7.7,5.3,0.0,0.0,9.69,265.56,2.6,16,101500.0,9999999
03776,0,7101,6.2,5.23,0.0,0.0,9.69,267.43,2.6,15,101500.0,9999999
03776,0,7102,5.4,5.08,0.0,0.0,9.69,264.62,1.5,15,101500.0,9999999
03776,0,7103,4.6,4.86,0.0,0.0,9.69,262.45,0.5,1,101500.0,9999999
03776,0,7104,3.6,4.65,0.0,0.0,9.69,263.42,0.0,0,101600.0,9999999
03776,0,7105,4.8,5.11,0.0,0.0,9.69,262.69,2.1,15,101600.0,9999999
03776,0,7106,4.9,5.08,0.0,0.0,9.69,265.09,1.5,15,101600.0,9999999
03776,0,7107,5.6,5.15,0.0,0.0,9.69,268.8,1.5,16,101600.0,9999999
03776,0,7108,4.1,4.72,0.0,0.0,9.69,263.18,1.0,16,101700.0,9999999
03776,0,7109,4.1,4.97,0.0,0.0,9.69,263.18,1.5,15,101700.0,9999999
03776,0,7110,3.5,4.68,3.0,3.0,9.69,262.45,0.5,15,101800.0,9999999
03776,0,7111,4.2,4.82,50.0,43.0,9.69,263.18,2.1,15,101800.0,9999999
03776,0,7112,5.6,5.34,173.0,83.0,9.69,264.85,1.5,1,101800.0,9999999
03776,0,7113,8.2,5.58,295.0,102.0,9.69,266.27,2.1,16,101800.0,9999999
03776,0,7114,10.0,5.62,331.0,160.0,9.69,269.25,2.6,16,101800.0,9999999
03776,0,7115,11.2,5.38,397.0,134.0,9.69,271.26,2.6,1,101800.0,9999999
03776,0,7116,11.5,4.97,409.0,104.0,9.69,270.37,2.6,1,101800.0,9999999
03776,0,7117,12.2,5.19,347.0,84.0,9.69,271.04,2.1,1,101800.0,9999999
03776,0,7118,12.2,5.11,246.0,77.0,9.69,271.04,2.1,16,101800.0,9999999
03776,0,7119,11.8,5.19,119.0,60.0,9.69,271.7,2.6,1,101800.0,9999999
03776,0,7120,10.5,5.19,19.0,19.0,9.69,270.37,1.0,3,101800.0,9999999
03776,0,7121,9.0,5.46,0.0,0.0,9.69,272.14,1.0,1,101900.0,9999999
03776,0,7122,6.5,5.27,0.0,0.0,9.69,267.89,0.0,0,101900.0,9999999
03776,0,7123,4.3,4.75,0.0,0.0,9.69,261.96,0.0,0,101900.0,9999999
03776,0,7124,3.4,4.51,0.0,0.0,9.69,260.97,0.0,0,101900.0,9999999
03776,0,7125,2.8,4.31,0.0,0.0,9.69,260.47,0.0,0,102000.0,9999999
03776,0,7126,2.3,4.22,0.0,0.0,9.69,261.96,0.0,0,102000.0,9999999
03776,0,7127,1.7,4.06,0.0,0.0,9.69,259.22,0.0,0,102000.0,9999999
03776,0,7128,1.1,3.85,0.0,0.0,9.69,258.45,0.0,0,102000.0,9999999
03776,0,7129,-0.1,3.67,0.0,0.0,9.69,257.17,0.0,0,102000.0,9999999
03776,0,7130,-0.4,3.51,0.0,0.0,9.69,256.65,0.0,0,102000.0,9999999
03776,0,7131,-0.6,3.53,0.0,0.0,9.69,256.65,0.0,0,102000.0,9999999
03776,0,7132,-1.0,3.37,0.0,0.0,9.69,256.12,0.0,0,102100.0,9999999
03776,0,7133,-0.9,3.43,0.0,0.0,9.69,256.12,0.0,0,102100.0,9999999
03776,0,7134,-0.3,3.45,2.0,2.0,9.69,259.97,0.0,0,102100.0,9999999
03776,0,7135,-0.2,3.48,56.0,41.0,9.69,258.2,0.0,0,102100.0,9999999
03776,0,7136,1.8,4.0,180.0,90.0,9.69,259.22,0.0,0,102100.0,9999999
03776,0,7137,5.7,5.23,296.0,95.0,9.69,263.66,1.0,3,102100.0,9999999
03776,0,7138,9.0,5.74,379.0,85.0,9.69,268.34,1.0,2,102100.0,9999999
03776,0,7139,12.8,7.04,300.0,195.0,9.69,276.83,3.1,8,102000.0,9999999
03776,0,7140,12.6,6.66,377.0,168.0,9.69,274.94,2.6,7,102000.0,9999999
03776,0,7141,13.0,6.34,320.0,138.0,9.69,274.73,2.6,7,102000.0,9999999
03776,0,7142,13.2,6.21,238.0,87.0,9.69,273.66,2.6,8,101900.0,9999999
03776,0,7143,12.0,6.12,114.0,58.0,9.69,271.48,2.6,8,101900.0,9999999
03776,0,7144,10.7,6.04,17.0,17.0,9.69,268.8,2.1,7,101900.0,9999999
03776,0,7145,9.5,5.82,0.0,0.0,9.69,267.66,1.0,5,101900.0,9999999
03776,0,7146,8.9,5.42,0.0,0.0,9.69,266.73,1.0,4,101900.0,9999999
03776,0,7147,6.9,5.42,0.0,0.0,9.69,264.85,1.0,4,101900.0,9999999
03776,0,7148,6.2,5.23,0.0,0.0,9.69,264.14,0.0,0,101800.0,9999999
03776,0,7149,5.5,5.11,0.0,0.0,9.69,268.57,1.5,3,101800.0,9999999
03776,0,7150,5.7,5.19,0.0,0.0,9.69,268.12,2.1,4,101700.0,9999999
03776,0,7151,5.3,5.23,0.0,0.0,9.69,265.56,2.6,4,101600.0,9999999
03776,0,7152,5.1,5.15,0.0,0.0,9.69,265.33,1.5,3,101600.0,9999999
03776,0,7153,4.8,5.11,0.0,0.0,9.69,270.37,1.0,3,101600.0,9999999
03776,0,7154,5.4,5.27,0.0,0.0,9.69,271.04,2.1,3,101500.0,9999999
03776,0,7155,5.2,5.19,0.0,0.0,9.69,266.5,1.0,4,101400.0,9999999
03776,0,7156,4.6,5.04,0.0,0.0,9.69,265.8,1.0,3,101400.0,9999999
03776,0,7157,5.5,5.38,0.0,0.0,9.69,266.96,1.5,3,101400.0,9999999
03776,0,7158,6.2,5.66,1.0,1.0,9.69,272.14,1.0,3,101400.0,9999999
03776,0,7159,6.9,5.87,10.0,10.0,9.69,274.94,1.0,4,101400.0,9999999
03776,0,7160,7.7,6.21,35.0,35.0,9.69,275.79,1.0,4,101400.0,9999999
03776,0,7161,8.3,6.52,58.0,58.0,9.69,276.62,1.0,4,101400.0,9999999
03776,0,7162,9.9,7.09,74.0,74.0,9.69,278.48,1.0,5,101300.0,9999999
03776,0,7163,11.3,7.65,82.0,82.0,9.69,280.1,1.0,6,101300.0,9999999
03776,0,7164,12.0,7.91,202.0,168.0,9.69,278.89,1.5,7,101300.0,9999999
03776,0,7165,12.2,7.14,67.0,67.0,9.69,280.7,2.1,8,101200.0,9999999
03776,0,7166,12.7,6.71,47.0,47.0,9.69,281.1,2.6,7,101200.0,9999999
03776,0,7167,12.2,6.85,22.0,22.0,9.69,280.5,2.1,8,101200.0,9999999
03776,0,7168,11.7,7.39,3.0,3.0,9.69,280.3,2.1,7,101200.0,9999999
03776,0,7169,11.4,7.65,0.0,0.0,9.69,280.1,1.5,6,101200.0,9999999
03776,0,7170,11.5,7.91,0.0,0.0,9.69,280.3,2.1,6,101200.0,9999999
03776,0,7171,11.7,8.13,0.0,0.0,9.69,280.7,1.5,5,101100.0,9999999
03776,0,7172,11.9,8.24,0.0,0.0,9.69,280.9,2.1,6,101100.0,9999999
03776,0,7173,12.1,8.46,0.0,0.0,9.69,281.29,2.6,5,101000.0,9999999
03776,0,7174,12.2,8.52,0.0,0.0,9.69,281.29,2.1,6,101000.0,9999999
03776,0,7175,12.0,8.41,0.0,0.0,9.69,281.1,1.5,5,101000.0,9999999
03776,0,7176,11.9,8.35,0.0,0.0,9.69,280.9,1.5,4,100900.0,9999999
03776,0,7177,11.8,8.3,0.0,0.0,9.69,280.9,2.1,4,100800.0,9999999
03776,0,7178,11.9,8.35,0.0,0.0,9.69,280.9,1.0,4,100700.0,9999999
03776,0,7179,11.7,8.13,0.0,0.0,9.69,280.7,3.1,3,100600.0,9999999
03776,0,7180,11.4,8.07,0.0,0.0,9.69,280.3,2.6,4,100500.0,9999999
03776,0,7181,11.3,8.02,0.0,0.0,9.69,280.3,3.6,3,100300.0,9999999
03776,0,7182,11.3,8.02,0.0,0.0,9.69,280.3,2.6,4,100300.0,9999999
03776,0,7183,11.4,7.97,10.0,10.0,9.69,280.3,3.6,5,100200.0,9999999
03776,0,7184,11.7,8.02,34.0,34.0,9.69,280.7,3.1,6,100200.0,9999999
03776,0,7185,12.3,8.35,57.0,57.0,9.69,281.29,2.6,6,100200.0,9999999
03776,0,7186,13.4,8.7,73.0,73.0,9.69,282.67,3.1,6,100100.0,9999999
03776,0,7187,14.3,9.05,80.0,80.0,9.69,277.66,3.1,7,100100.0,9999999
03776,0,7188,15.0,9.05,77.0,77.0,9.69,279.7,4.1,7,100000.0,9999999
03776,0,7189,15.1,9.11,65.0,65.0,9.69,282.48,4.1,7,99900.0,9999999
03776,0,7190,15.3,9.23,116.0,110.0,9.69,278.07,2.1,5,99900.0,9999999
03776,0,7191,14.9,9.29,21.0,21.0,9.69,275.58,3.1,6,99900.0,9999999
03776,0,7192,15.1,9.42,7.0,7.0,9.69,275.79,2.1,8,99900.0,9999999
03776,0,7193,14.7,9.48,0.0,0.0,9.69,279.49,3.1,8,99900.0,9999999
03776,0,7194,16.1,10.06,0.0,0.0,9.69,279.7,4.1,8,99900.0,9999999
03776,0,7195,16.1,10.13,0.0,0.0,9.69,281.1,3.6,8,100000.0,9999999
03776,0,7196,15.3,10.06,0.0,0.0,9.69,283.06,5.1,10,100000.0,9999999
03776,0,7197,14.2,9.29,0.0,0.0,9.69,281.69,2.6,9,100100.0,9999999
03776,0,7198,12.5,8.35,0.0,0.0,9.69,279.7,4.6,12,100200.0,9999999
03776,0,7199,10.8,7.34,0.0,0.0,9.69,279.49,4.6,12,100400.0,9999999
03776,0,7200,10.4,6.85,0.0,0.0,9.69,273.44,4.6,13,100400.0,9999999
03776,0,7201,9.9,6.8,0.0,0.0,9.69,276.41,3.1,12,100500.0,9999999
03776,0,7202,9.9,6.48,0.0,0.0,9.69,272.8,4.1,13,100600.0,9999999
03776,0,7203,9.4,6.43,0.0,0.0,9.69,269.03,2.6,14,100700.0,9999999
03776,0,7204,9.1,6.21,0.0,0.0,9.69,272.8,2.6,14,100800.0,9999999
03776,0,7205,8.3,6.04,0.0,0.0,9.69,268.8,3.6,14,100800.0,9999999
03776,0,7206,6.7,5.62,1.0,1.0,9.69,266.03,2.6,13,101000.0,9999999
03776,0,7207,7.1,5.7,45.0,36.0,9.69,266.5,1.5,13,101100.0,9999999
03776,0,7208,9.1,5.87,165.0,71.0,9.69,267.2,3.1,14,101200.0,9999999
03776,0,7209,10.2,5.74,280.0,74.0,9.69,269.48,3.6,14,101200.0,9999999
03776,0,7210,10.9,5.08,363.0,82.0,9.69,269.7,3.6,15,101300.0,9999999
03776,0,7211,11.3,4.48,401.0,79.0,9.69,269.7,3.6,15,101300.0,9999999
03776,0,7212,12.5,4.97,379.0,91.0,9.69,272.14,3.1,15,101300.0,9999999
03776,0,7213,12.6,4.89,319.0,88.0,9.69,272.14,3.1,14,101300.0,9999999
03776,0,7214,11.8,4.72,225.0,81.0,9.69,270.37,2.6,15,101300.0,9999999
03776,0,7215,11.8,4.72,101.0,57.0,9.69,270.37,1.5,15,101400.0,9999999
03776,0,7216,9.2,5.0,13.0,13.0,9.69,268.12,1.0,13,101400.0,9999999
03776,0,7217,6.5,4.79,0.0,0.0,9.69,264.14,0.0,0,101400.0,9999999
03776,0,7218,4.5,4.65,0.0,0.0,9.69,262.2,0.5,9,101400.0,9999999
03776,0,7219,3.5,4.48,0.0,0.0,9.69,262.45,0.0,0,101400.0,9999999
03776,0,7220,2.7,4.38,0.0,0.0,9.69,262.45,0.0,0,101400.0,9999999
03776,0,7221,2.5,4.28,0.0,0.0,9.69,261.22,0.0,0,101400.0,9999999
03776,0,7222,1.3,3.97,0.0,0.0,9.69,258.71,0.0,0,101400.0,9999999
03776,0,7223,1.5,4.09,0.0,0.0,9.69,260.22,0.0,0,101400.0,9999999
03776,0,7224,0.2,3.7,0.0,0.0,9.69,257.43,0.0,0,101400.0,9999999
03776,0,7225,0.7,3.76,0.0,0.0,9.69,259.97,0.0,0,101400.0,9999999
03776,0,7226,0.0,3.62,0.0,0.0,9.69,260.47,0.0,0,101400.0,9999999
03776,0,7227,0.0,3.62,0.0,0.0,9.69,257.17,0.0,0,101300.0,9999999
03776,0,7228,-0.7,3.43,0.0,0.0,9.69,258.45,0.0,0,101300.0,9999999
03776,0,7229,-0.1,3.59,0.0,0.0,9.69,259.22,0.0,0,101300.0,9999999
03776,0,7230,-0.5,3.45,1.0,1.0,9.69,258.71,0.0,0,101300.0,9999999
03776,0,7231,-0.2,3.56,31.0,31.0,9.69,260.22,0.0,0,101300.0,9999999
03776,0,7232,1.7,3.97,118.0,97.0,9.69,264.14,0.0,0,101300.0,9999999
03776,0,7233,4.1,4.79,200.0,134.0,9.69,267.2,1.0,16,101200.0,9999999
03776,0,7234,7.5,5.46,259.0,205.0,9.69,270.82,1.0,3,101200.0,9999999
03776,0,7235,10.6,5.91,285.0,225.0,9.69,272.58,2.1,4,101200.0,9999999
03776,0,7236,11.5,6.08,275.0,217.0,9.69,274.09,2.1,4,101100.0,9999999
03776,0,7237,11.4,5.91,275.0,137.0,9.69,271.7,2.6,3,101100.0,9999999
03776,0,7238,11.8,5.87,188.0,99.0,9.69,271.04,2.1,3,101000.0,9999999
03776,0,7239,10.8,6.12,50.0,50.0,9.69,271.26,2.6,3,101000.0,9999999
03776,0,7240,10.4,6.25,6.0,6.0,9.69,269.93,2.1,4,101000.0,9999999
03776,0,7241,9.1,6.12,0.0,0.0,9.69,268.8,2.1,3,101000.0,9999999
03776,0,7242,8.8,6.04,0.0,0.0,9.69,268.34,1.5,3,101000.0,9999999
03776,0,7243,8.3,6.12,0.0,0.0,9.69,267.89,1.5,3,101000.0,9999999
03776,0,7244,7.3,5.87,0.0,0.0,9.69,267.66,0.0,0,101100.0,9999999
03776,0,7245,7.5,6.08,0.0,0.0,9.69,268.12,2.1,3,101000.0,9999999
03776,0,7246,7.3,6.04,0.0,0.0,9.69,269.03,1.0,2,101000.0,9999999
03776,0,7247,7.1,5.95,0.0,0.0,9.69,266.73,1.0,15,101000.0,9999999
03776,0,7248,5.5,5.38,0.0,0.0,9.69,265.8,0.7,15,100900.0,9999999
03776,0,7249,4.0,4.82,0.0,0.0,9.69,265.09,0.5,1,100900.0,9999999
03776,0,7250,5.0,5.19,0.0,0.0,9.69,266.27,0.0,0,100900.0,9999999
03776,0,7251,4.2,4.89,0.0,0.0,9.69,271.7,0.0,0,100900.0,9999999
03776,0,7252,5.6,5.54,0.0,0.0,9.69,273.44,0.5,1,100900.0,9999999
03776,0,7253,7.2,6.21,0.0,0.0,9.69,275.36,0.0,0,100900.0,9999999
03776,0,7254,7.7,6.43,0.0,0.0,9.69,276.0,2.1,3,100900.0,9999999
03776,0,7255,8.2,6.66,8.0,8.0,9.69,276.62,1.5,3,100900.0,9999999
03776,0,7256,8.7,6.99,31.0,31.0,9.69,277.25,2.6,3,100900.0,9999999
03776,0,7257,9.4,7.24,54.0,54.0,9.69,276.0,2.6,3,100900.0,9999999
03776,0,7258,10.9,7.86,70.0,70.0,9.69,277.86,2.6,4,100900.0,9999999
03776,0,7259,11.7,8.07,77.0,77.0,9.69,280.7,1.5,4,100900.0,9999999
03776,0,7260,12.2,8.02,74.0,74.0,9.69,281.1,2.1,4,100900.0,9999999
03776,0,7261,12.8,8.02,62.0,62.0,9.69,281.69,2.1,4,100800.0,9999999
03776,0,7262,12.8,8.02,42.0,42.0,9.69,281.69,1.5,4,100800.0,9999999
03776,0,7263,12.8,8.13,18.0,18.0,9.69,281.69,1.5,4,100800.0,9999999
03776,0,7264,12.6,8.02,2.0,2.0,9.69,281.49,2.1,5,100800.0,9999999
03776,0,7265,12.2,8.13,0.0,0.0,9.69,281.1,2.1,4,100800.0,9999999
03776,0,7266,12.2,8.07,0.0,0.0,9.69,281.1,1.5,4,100900.0,9999999
03776,0,7267,12.2,8.02,0.0,0.0,9.69,281.1,1.0,5,100900.0,9999999
03776,0,7268,12.2,8.18,0.0,0.0,9.69,281.1,2.1,3,100900.0,9999999
03776,0,7269,12.0,8.07,0.0,0.0,9.69,280.9,1.5,5,100900.0,9999999
03776,0,7270,11.9,8.18,0.0,0.0,9.69,280.9,2.1,6,100900.0,9999999
03776,0,7271,12.1,8.13,0.0,0.0,9.69,281.1,2.6,6,100900.0,9999999
03776,0,7272,12.4,8.3,0.0,0.0,9.69,281.49,1.5,6,100900.0,9999999
03776,0,7273,12.4,8.52,0.0,0.0,9.69,281.49,0.5,8,100900.0,9999999
03776,0,7274,12.2,8.46,0.0,0.0,9.69,281.29,1.5,5,100900.0,9999999
03776,0,7275,11.7,8.18,0.0,0.0,9.69,280.7,1.0,3,100800.0,9999999
03776,0,7276,11.6,8.24,0.0,0.0,9.69,280.7,0.0,0,100800.0,9999999
03776,0,7277,11.8,8.3,0.0,0.0,9.69,280.9,1.5,5,100800.0,9999999
03776,0,7278,11.6,8.3,0.0,0.0,9.69,280.7,0.5,4,100800.0,9999999
03776,0,7279,12.1,8.46,7.0,7.0,9.69,281.29,1.5,7,100900.0,9999999
03776,0,7280,12.5,8.52,30.0,30.0,9.69,281.69,1.5,7,100900.0,9999999
03776,0,7281,12.7,8.52,52.0,52.0,9.69,281.89,2.1,6,100900.0,9999999
03776,0,7282,12.9,8.52,68.0,68.0,9.69,282.08,2.1,6,100900.0,9999999
03776,0,7283,13.1,8.52,76.0,76.0,9.69,282.28,2.6,7,100900.0,9999999
03776,0,7284,13.9,8.7,73.0,73.0,9.69,283.06,2.1,7,100800.0,9999999
03776,0,7285,14.0,8.52,61.0,61.0,9.69,283.06,1.5,8,100800.0,9999999
03776,0,7286,13.9,8.35,41.0,41.0,9.69,282.87,1.0,8,100800.0,9999999
03776,0,7287,12.9,8.52,18.0,18.0,9.69,282.08,1.5,9,100800.0,9999999
03776,0,7288,12.6,8.64,2.0,2.0,9.69,281.69,1.5,13,100800.0,9999999
03776,0,7289,11.9,8.35,0.0,0.0,9.69,279.09,0.0,0,100900.0,9999999
03776,0,7290,11.4,8.13,0.0,0.0,9.69,278.48,1.0,9,100900.0,9999999
03776,0,7291,11.4,8.13,0.0,0.0,9.69,278.48,1.5,12,100900.0,9999999
03776,0,7292,11.3,8.07,0.0,0.0,9.69,280.3,2.1,12,101000.0,9999999
03776,0,7293,10.7,7.8,0.0,0.0,9.69,279.49,1.0,11,101000.0,9999999
03776,0,7294,9.5,7.19,0.0,0.0,9.69,276.21,1.0,9,101200.0,9999999
03776,0,7295,7.8,6.39,0.0,0.0,9.69,274.09,1.0,11,101400.0,9999999
03776,0,7296,6.0,5.66,0.0,0.0,6.69,264.14,0.0,0,101600.0,9999999
03776,0,7297,4.6,5.11,0.0,0.0,6.69,262.69,0.5,8,101700.0,9999999
03776,0,7298,4.0,4.93,0.0,0.0,6.69,271.48,0.5,8,101800.0,9999999
03776,0,7299,4.2,5.0,0.0,0.0,6.69,271.7,0.5,8,101900.0,9999999
03776,0,7300,4.8,5.23,0.0,0.0,6.69,270.6,0.5,7,101900.0,9999999
03776,0,7301,5.4,5.46,0.0,0.0,6.69,271.26,0.0,0,101900.0,9999999
03776,0,7302,6.9,6.16,0.0,0.0,6.69,273.01,0.5,8,101800.0,9999999
03776,0,7303,7.8,6.48,17.0,17.0,6.69,270.15,1.0,8,101700.0,9999999
03776,0,7304,9.4,6.99,75.0,73.0,6.69,271.48,0.5,8,101700.0,9999999
03776,0,7305,10.5,7.39,131.0,128.0,6.69,270.6,1.0,13,101600.0,9999999
03776,0,7306,11.6,7.7,172.0,159.0,6.69,273.87,2.6,14,101600.0,9999999
03776,0,7307,11.7,7.65,75.0,75.0,6.69,276.0,3.6,15,101500.0,9999999
03776,0,7308,12.4,7.8,184.0,154.0,6.69,276.62,3.6,14,101400.0,9999999
03776,0,7309,13.6,8.02,153.0,143.0,6.69,274.73,3.6,14,101300.0,9999999
03776,0,7310,13.3,7.54,103.0,100.0,6.69,276.0,4.6,15,101300.0,9999999
03776,0,7311,12.7,7.34,43.0,43.0,6.69,275.36,4.1,15,101200.0,9999999
03776,0,7312,12.4,7.24,4.0,4.0,6.69,276.41,3.6,15,101300.0,9999999
03776,0,7313,11.9,6.66,0.0,0.0,6.69,278.27,4.1,1,101300.0,9999999
03776,0,7314,11.3,6.57,0.0,0.0,6.69,277.66,5.1,1,101300.0,9999999
03776,0,7315,10.4,6.21,0.0,0.0,6.69,276.62,3.1,1,101400.0,9999999
03776,0,7316,9.8,6.08,0.0,0.0,6.69,271.48,2.6,1,101400.0,9999999
03776,0,7317,7.8,5.66,0.0,0.0,6.69,266.03,1.0,16,101400.0,9999999
03776,0,7318,6.1,5.46,0.0,0.0,6.69,265.56,1.5,15,101400.0,9999999
03776,0,7319,6.1,5.38,0.0,0.0,6.69,265.33,2.1,15,101400.0,9999999
03776,0,7320,6.0,5.23,0.0,0.0,6.69,265.33,3.1,16,101400.0,9999999
03776,0,7321,5.9,5.19,0.0,0.0,6.69,263.9,3.1,16,101400.0,9999999
03776,0,7322,5.4,5.08,0.0,0.0,6.69,263.42,1.5,15,101400.0,9999999
03776,0,7323,5.2,5.11,0.0,0.0,6.69,263.18,2.1,15,101400.0,9999999
03776,0,7324,4.3,4.93,0.0,0.0,6.69,262.2,2.1,15,101400.0,9999999
03776,0,7325,3.0,4.48,0.0,0.0,6.69,260.72,1.0,8,101400.0,9999999
03776,0,7326,1.9,4.22,0.0,0.0,6.69,260.72,1.0,11,101500.0,9999999
03776,0,7327,2.5,4.41,31.0,27.0,6.69,263.42,1.0,14,101500.0,9999999
03776,0,7328,5.4,5.27,122.0,88.0,6.69,267.2,1.0,10,101500.0,9999999
03776,0,7329,6.6,5.3,203.0,129.0,6.69,269.03,1.8,10,101500.0,9999999
03776,0,7330,7.8,5.34,242.0,170.0,6.69,271.04,2.6,10,101500.0,9999999
03776,0,7331,9.1,5.34,233.0,186.0,6.69,273.23,3.3,10,101500.0,9999999
03776,0,7332,10.3,5.38,183.0,168.0,6.69,276.0,4.1,15,101500.0,9999999
03776,0,7333,10.3,5.23,152.0,141.0,6.69,275.79,3.6,15,101400.0,9999999
03776,0,7334,10.8,4.86,102.0,99.0,6.69,276.21,5.1,16,101400.0,9999999
03776,0,7335,10.2,5.04,41.0,41.0,6.69,275.58,2.6,15,101400.0,9999999
03776,0,7336,8.9,5.04,7.0,7.0,6.69,271.04,1.5,15,101400.0,9999999
03776,0,7337,4.8,4.44,0.0,0.0,6.69,263.66,1.0,12,101400.0,9999999
03776,0,7338,2.2,3.97,0.0,0.0,6.69,259.47,1.0,11,101400.0,9999999
03776,0,7339,3.0,4.35,0.0,0.0,6.69,261.71,1.0,11,101400.0,9999999
03776,0,7340,5.2,5.11,0.0,0.0,6.69,270.82,2.1,11,101400.0,9999999
03776,0,7341,6.3,5.27,0.0,0.0,6.69,271.92,2.1,11,101400.0,9999999
03776,0,7342,6.1,5.15,0.0,0.0,6.69,266.27,2.1,10,101300.0,9999999
03776,0,7343,4.3,4.65,0.0,0.0,6.69,261.96,2.1,11,101300.0,9999999
03776,0,7344,4.7,4.82,0.0,0.0,6.69,262.45,1.5,12,101200.0,9999999
03776,0,7345,6.6,5.19,0.0,0.0,6.69,264.62,2.6,14,101200.0,9999999
03776,0,7346,6.7,5.23,0.0,0.0,6.69,264.62,3.1,13,101200.0,9999999
03776,0,7347,6.2,5.15,0.0,0.0,6.69,264.14,2.1,14,101200.0,9999999
03776,0,7348,5.8,5.15,0.0,0.0,6.69,265.8,1.5,14,101200.0,9999999
03776,0,7349,5.3,5.04,0.0,0.0,6.69,265.33,1.5,14,101200.0,9999999
03776,0,7350,5.4,5.15,0.0,0.0,6.69,265.56,1.0,12,101200.0,9999999
03776,0,7351,5.8,5.3,26.0,25.0,6.69,265.09,1.0,14,101300.0,9999999
03776,0,7352,7.6,5.54,119.0,85.0,6.69,270.15,1.0,14,101300.0,9999999
03776,0,7353,8.9,5.99,214.0,105.0,6.69,270.6,4.1,14,101300.0,9999999
03776,0,7354,10.8,5.82,308.0,119.0,6.69,271.04,4.6,15,101300.0,9999999
03776,0,7355,10.7,5.38,187.0,147.0,6.69,273.87,4.6,15,101300.0,9999999
03776,0,7356,10.3,5.27,181.0,166.0,6.69,276.0,4.6,15,101300.0,9999999
03776,0,7357,10.1,4.79,287.0,145.0,6.69,271.04,4.6,16,101400.0,9999999
03776,0,7358,10.5,4.79,167.0,91.0,6.69,272.36,4.1,15,101400.0,9999999
03776,0,7359,10.1,4.72,77.0,50.0,6.69,268.8,3.1,16,101400.0,9999999
03776,0,7360,9.5,4.54,6.0,6.0,6.69,271.26,2.1,16,101500.0,9999999
03776,0,7361,9.3,4.75,0.0,0.0,6.69,274.52,4.1,16,101600.0,9999999
03776,0,7362,8.5,4.68,0.0,0.0,6.69,273.87,4.6,16,101700.0,9999999
03776,0,7363,7.2,4.72,0.0,0.0,6.69,266.03,3.1,16,101700.0,9999999
03776,0,7364,6.8,4.79,0.0,0.0,6.69,267.2,1.5,15,101800.0,9999999
03776,0,7365,5.7,4.58,0.0,0.0,6.69,264.62,2.6,15,101800.0,9999999
03776,0,7366,5.0,4.48,0.0,0.0,6.69,262.45,2.6,16,101900.0,9999999
03776,0,7367,4.3,4.31,0.0,0.0,6.69,261.71,2.1,15,101900.0,9999999
03776,0,7368,3.0,4.12,0.0,0.0,6.69,261.71,1.5,15,102000.0,9999999
03776,0,7369,1.3,3.85,0.0,0.0,6.69,259.72,1.0,13,102100.0,9999999
03776,0,7370,0.4,3.51,0.0,0.0,6.69,257.43,1.0,3,102100.0,9999999
03776,0,7371,-1.2,3.24,0.0,0.0,6.69,255.86,1.0,9,102100.0,9999999
03776,0,7372,1.1,3.73,0.0,0.0,6.69,258.45,0.5,10,102200.0,9999999
03776,0,7373,-1.8,3.07,0.0,0.0,6.69,255.07,0.0,0,102200.0,9999999
03776,0,7374,-0.9,3.37,0.0,0.0,6.69,257.43,0.0,0,102300.0,9999999
03776,0,7375,2.0,3.73,25.0,24.0,6.69,259.22,1.0,3,102400.0,9999999
03776,0,7376,4.0,4.12,97.0,77.0,6.69,261.47,1.5,15,102400.0,9999999
03776,0,7377,7.1,4.31,178.0,121.0,6.69,264.38,1.5,16,102500.0,9999999
03776,0,7378,9.1,3.65,237.0,157.0,6.69,265.8,2.6,1,102500.0,9999999
03776,0,7379,9.8,3.37,263.0,184.0,6.69,267.43,5.1,2,102500.0,9999999
03776,0,7380,10.1,3.29,254.0,178.0,6.69,267.66,4.1,3,102500.0,9999999
03776,0,7381,10.8,3.56,210.0,150.0,6.69,267.43,4.1,3,102500.0,9999999
03776,0,7382,10.4,3.43,153.0,92.0,6.69,268.12,3.1,3,102500.0,9999999
03776,0,7383,9.8,3.82,63.0,55.0,6.69,267.89,3.1,3,102600.0,9999999
03776,0,7384,8.7,3.85,6.0,6.0,6.69,266.73,1.0,3,102600.0,9999999
03776,0,7385,7.3,3.85,0.0,0.0,6.69,264.38,2.1,3,102700.0,9999999
03776,0,7386,5.2,4.18,0.0,0.0,6.69,262.45,1.0,4,102700.0,9999999
03776,0,7387,1.5,3.73,0.0,0.0,6.69,258.71,0.0,0,102800.0,9999999
03776,0,7388,1.1,3.65,0.0,0.0,6.69,258.2,0.0,0,102900.0,9999999
03776,0,7389,-0.4,3.4,0.0,0.0,6.69,256.65,0.0,0,102900.0,9999999
03776,0,7390,1.6,3.91,0.0,0.0,6.69,258.96,1.0,3,102900.0,9999999
03776,0,7391,-0.1,3.53,0.0,0.0,6.69,257.17,0.0,0,102900.0,9999999
03776,0,7392,1.4,3.94,0.0,0.0,6.69,259.97,1.0,2,102900.0,9999999
03776,0,7393,-0.3,3.45,0.0,0.0,6.69,257.94,0.5,3,102900.0,9999999
03776,0,7394,1.3,3.85,0.0,0.0,6.69,259.72,0.5,4,102800.0,9999999
03776,0,7395,1.3,3.76,0.0,0.0,6.69,258.45,1.0,2,102800.0,9999999
03776,0,7396,-1.7,3.17,0.0,0.0,6.69,255.33,0.5,14,102900.0,9999999
03776,0,7397,-0.2,3.48,0.0,0.0,6.69,258.2,1.0,4,102900.0,9999999
03776,0,7398,-1.1,3.24,0.0,0.0,6.69,257.17,1.0,2,103000.0,9999999
03776,0,7399,0.4,3.53,27.0,25.0,6.69,258.71,1.0,4,103000.0,9999999
03776,0,7400,2.8,3.82,130.0,86.0,6.69,261.22,1.0,3,103000.0,9999999
03776,0,7401,4.8,3.97,240.0,78.0,6.69,263.18,1.0,2,103000.0,9999999
03776,0,7402,7.8,3.51,321.0,79.0,6.69,265.8,2.6,1,103000.0,9999999
03776,0,7403,8.3,3.43,351.0,82.0,6.69,266.03,3.6,6,103000.0,9999999
03776,0,7404,8.9,3.73,338.0,82.0,6.69,266.96,2.6,6,102900.0,9999999
03776,0,7405,8.6,3.51,279.0,84.0,6.69,266.5,2.6,6,102900.0,9999999
03776,0,7406,7.6,3.43,183.0,70.0,6.69,264.14,2.6,6,102900.0,9999999
03776,0,7407,6.4,3.19,51.0,47.0,6.69,262.93,2.1,7,102800.0,9999999
03776,0,7408,4.6,3.4,5.0,5.0,6.69,261.47,1.0,7,102800.0,9999999
03776,0,7409,3.6,3.37,0.0,0.0,6.69,260.47,1.0,7,102800.0,9999999
03776,0,7410,2.8,3.24,0.0,0.0,6.69,259.47,1.0,4,102900.0,9999999
03776,0,7411,2.1,3.19,0.0,0.0,6.69,258.71,0.5,4,102800.0,9999999
03776,0,7412,0.9,3.17,0.0,0.0,6.69,257.69,1.0,4,102800.0,9999999
03776,0,7413,0.8,3.22,0.0,0.0,6.69,257.69,1.0,3,102900.0,9999999
03776,0,7414,-0.2,3.09,0.0,0.0,6.69,256.65,0.5,4,102800.0,9999999
03776,0,7415,-0.7,3.04,0.0,0.0,6.69,256.12,1.0,2,102800.0,9999999
03776,0,7416,-1.3,2.97,0.0,0.0,6.69,255.33,1.0,2,102800.0,9999999
03776,0,7417,-2.4,2.83,0.0,0.0,6.69,254.27,0.5,1,102800.0,9999999
03776,0,7418,-3.6,2.61,0.0,0.0,6.69,252.92,0.0,0,102800.0,9999999
03776,0,7419,-3.3,2.7,0.0,0.0,6.69,253.19,0.5,16,102800.0,9999999
03776,0,7420,-4.5,2.46,0.0,0.0,6.69,251.82,0.0,0,102700.0,9999999
03776,0,7421,-4.8,2.4,0.0,0.0,6.69,251.54,0.0,0,102700.0,9999999
03776,0,7422,-5.0,2.36,0.0,0.0,6.69,251.26,0.0,0,102700.0,9999999
03776,0,7423,-3.4,2.59,26.0,25.0,6.69,252.92,0.0,0,102700.0,9999999
03776,0,7424,-0.7,3.02,122.0,83.0,6.69,256.12,0.0,0,102700.0,9999999
03776,0,7425,2.4,2.97,217.0,119.0,6.69,258.96,0.0,0,102700.0,9999999
03776,0,7426,6.6,4.44,264.0,131.0,6.69,264.14,0.5,11,102700.0,9999999
03776,0,7427,10.3,5.11,254.0,170.0,6.69,267.89,2.6,11,102600.0,9999999
03776,0,7428,10.5,4.89,245.0,193.0,6.69,268.12,2.6,10,102500.0,9999999
03776,0,7429,11.2,4.93,239.0,115.0,6.69,268.8,1.5,9,102500.0,9999999
03776,0,7430,10.5,4.86,170.0,76.0,6.69,268.12,3.1,9,102400.0,9999999
03776,0,7431,9.0,4.72,48.0,42.0,6.69,266.5,2.1,9,102400.0,9999999
03776,0,7432,6.5,4.82,2.0,2.0,6.69,265.56,1.0,10,102400.0,9999999
03776,0,7433,5.0,4.38,0.0,0.0,6.69,263.66,0.0,0,102400.0,9999999
03776,0,7434,2.5,4.06,0.0,0.0,6.69,259.97,0.0,0,102500.0,9999999
03776,0,7435,0.6,3.62,0.0,0.0,6.69,258.96,1.0,10,102400.0,9999999
03776,0,7436,0.1,3.32,0.0,0.0,6.69,259.72,0.5,10,102400.0,9999999
03776,0,7437,-0.4,3.14,0.0,0.0,6.69,260.22,0.0,0,102400.0,9999999
03776,0,7438,-1.0,3.32,0.0,0.0,6.69,260.22,1.0,8,102400.0,9999999
03776,0,7439,-1.0,3.27,0.0,0.0,6.69,257.94,0.5,8,102300.0,9999999
03776,0,7440,-0.6,3.35,0.0,0.0,6.69,259.72,0.0,0,102300.0,9999999
03776,0,7441,-0.7,3.32,0.0,0.0,6.69,260.47,1.0,8,102300.0,9999999
03776,0,7442,-1.1,3.29,0.0,0.0,6.69,259.22,0.0,0,102300.0,9999999
03776,0,7443,-1.1,3.29,0.0,0.0,6.69,259.22,0.0,0,102200.0,9999999
03776,0,7444,-1.4,3.14,0.0,0.0,6.69,258.71,0.5,7,102100.0,9999999
03776,0,7445,-2.2,3.04,0.0,0.0,6.69,256.65,0.0,0,102100.0,9999999
03776,0,7446,-1.6,3.14,0.0,0.0,6.69,256.39,0.0,0,102100.0,9999999
03776,0,7447,-0.6,3.29,12.0,12.0,6.69,257.69,0.0,0,102200.0,9999999
03776,0,7448,1.6,3.94,63.0,63.0,6.69,260.97,0.0,0,102200.0,9999999
03776,0,7449,3.6,4.51,46.0,46.0,6.69,265.09,0.0,0,102100.0,9999999
03776,0,7450,6.5,5.34,158.0,133.0,6.69,267.89,1.0,8,102200.0,9999999
03776,0,7451,7.9,5.87,69.0,69.0,6.69,275.79,1.0,9,102100.0,9999999
03776,0,7452,9.3,6.21,66.0,66.0,6.69,277.45,1.5,12,102100.0,9999999
03776,0,7453,9.5,6.12,54.0,54.0,6.69,277.45,2.6,13,102100.0,9999999
03776,0,7454,9.8,6.25,90.0,87.0,6.69,276.0,0.0,0,102000.0,9999999
03776,0,7455,8.8,6.21,32.0,32.0,6.69,271.04,1.0,9,102000.0,9999999
03776,0,7456,7.6,6.04,2.0,2.0,6.69,271.26,0.0,0,102000.0,9999999
03776,0,7457,5.2,5.27,0.0,0.0,6.69,266.96,0.0,0,102100.0,9999999
03776,0,7458,6.5,5.7,0.0,0.0,6.69,269.93,0.0,0,102100.0,9999999
03776,0,7459,7.8,6.08,0.0,0.0,6.69,275.79,0.0,0,102000.0,9999999
03776,0,7460,7.5,6.08,0.0,0.0,6.69,275.58,0.0,0,102100.0,9999999
03776,0,7461,8.0,6.16,0.0,0.0,6.69,274.09,0.0,0,102000.0,9999999
03776,0,7462,8.0,6.39,0.0,0.0,6.69,274.3,0.5,9,102000.0,9999999
03776,0,7463,8.3,6.48,0.0,0.0,6.69,274.73,0.0,0,102000.0,9999999
03776,0,7464,8.6,6.85,0.0,0.0,6.69,277.04,1.0,7,101900.0,9999999
03776,0,7465,8.9,7.09,0.0,0.0,6.69,277.45,0.0,0,101900.0,9999999
03776,0,7466,9.1,7.19,0.0,0.0,6.69,277.66,1.0,8,101900.0,9999999
03776,0,7467,9.0,7.14,0.0,0.0,6.69,277.66,0.0,0,101800.0,9999999
03776,0,7468,9.0,7.14,0.0,0.0,6.69,277.66,1.0,9,101800.0,9999999
03776,0,7469,8.6,6.85,0.0,0.0,6.69,277.04,1.0,9,101800.0,9999999
03776,0,7470,8.7,6.99,0.0,0.0,6.69,277.25,0.5,10,101800.0,9999999
03776,0,7471,8.7,6.99,11.0,11.0,6.69,275.36,0.0,0,101800.0,9999999
03776,0,7472,9.7,7.39,60.0,60.0,6.69,276.41,0.5,11,101800.0,9999999
03776,0,7473,11.4,7.86,114.0,111.0,6.69,278.27,1.0,11,101800.0,9999999
03776,0,7474,12.9,7.97,154.0,143.0,6.69,276.41,0.5,10,101700.0,9999999
03776,0,7475,13.7,8.13,172.0,158.0,6.69,278.07,1.0,12,101700.0,9999999
03776,0,7476,14.4,8.07,166.0,153.0,6.69,281.29,2.1,11,101600.0,9999999
03776,0,7477,14.2,7.86,136.0,130.0,6.69,281.1,2.6,12,101600.0,9999999
03776,0,7478,13.8,7.54,87.0,86.0,6.69,280.5,2.6,12,101600.0,9999999
03776,0,7479,12.9,7.65,31.0,31.0,6.69,279.7,2.1,11,101600.0,9999999
03776,0,7480,12.2,7.59,2.0,2.0,6.69,278.89,2.1,11,101500.0,9999999
03776,0,7481,11.5,7.49,0.0,0.0,6.69,278.27,1.0,9,101500.0,9999999
03776,0,7482,11.4,7.65,0.0,0.0,6.69,278.27,1.0,8,101500.0,9999999
03776,0,7483,10.9,7.59,0.0,0.0,6.69,277.66,1.0,9,101500.0,9999999
03776,0,7484,10.4,7.44,0.0,0.0,6.69,277.25,1.0,9,101500.0,9999999
03776,0,7485,10.0,7.44,0.0,0.0,6.69,276.83,1.0,9,101400.0,9999999
03776,0,7486,10.3,7.59,0.0,0.0,6.69,277.04,1.0,9,101400.0,9999999
03776,0,7487,10.0,7.44,0.0,0.0,6.69,276.83,1.5,10,101300.0,9999999
03776,0,7488,9.9,7.39,0.0,0.0,6.69,276.62,1.5,10,101300.0,9999999
03776,0,7489,10.4,7.65,0.0,0.0,6.69,279.09,1.0,9,101200.0,9999999
03776,0,7490,10.4,7.75,0.0,0.0,6.69,277.25,0.5,8,101200.0,9999999
03776,0,7491,10.0,7.49,0.0,0.0,6.69,276.83,1.0,9,101100.0,9999999
03776,0,7492,9.6,7.34,0.0,0.0,6.69,276.41,1.5,10,101100.0,9999999
03776,0,7493,10.2,7.65,0.0,0.0,6.69,277.04,1.0,8,101100.0,9999999
03776,0,7494,10.2,7.54,0.0,0.0,6.69,273.66,1.0,10,101000.0,9999999
03776,0,7495,9.9,7.39,11.0,11.0,6.69,274.09,1.5,9,101000.0,9999999
03776,0,7496,10.7,7.7,58.0,58.0,6.69,274.94,1.0,10,101000.0,9999999
03776,0,7497,11.3,7.91,112.0,109.0,6.69,278.27,1.5,9,101000.0,9999999
03776,0,7498,12.3,7.75,152.0,141.0,6.69,276.62,2.1,11,100900.0,9999999
03776,0,7499,13.6,7.86,170.0,156.0,6.69,277.04,2.6,10,100800.0,9999999
03776,0,7500,13.2,7.8,163.0,151.0,6.69,277.45,2.6,11,100700.0,9999999
03776,0,7501,13.0,7.7,134.0,128.0,6.69,279.9,2.6,10,100700.0,9999999
03776,0,7502,12.8,7.7,85.0,84.0,6.69,277.04,1.5,9,100600.0,9999999
03776,0,7503,12.3,7.54,29.0,29.0,6.69,277.66,1.5,9,100600.0,9999999
03776,0,7504,11.8,7.39,1.0,1.0,6.69,278.48,1.5,9,100500.0,9999999
03776,0,7505,11.5,7.19,0.0,0.0,6.69,280.1,1.5,9,100500.0,9999999
03776,0,7506,10.5,7.7,0.0,0.0,6.69,279.29,2.1,9,100500.0,9999999
03776,0,7507,10.7,7.59,0.0,0.0,6.69,279.49,1.5,8,100500.0,9999999
03776,0,7508,10.6,7.65,0.0,0.0,6.69,279.29,2.1,8,100400.0,9999999
03776,0,7509,10.6,7.54,0.0,0.0,6.69,279.29,2.6,8,100400.0,9999999
03776,0,7510,10.2,7.54,0.0,0.0,6.69,278.89,1.0,8,100300.0,9999999
03776,0,7511,10.2,7.54,0.0,0.0,6.69,278.89,1.0,7,100200.0,9999999
03776,0,7512,10.2,7.65,0.0,0.0,6.69,279.09,1.0,7,100200.0,9999999
03776,0,7513,10.0,7.54,0.0,0.0,6.69,278.68,1.0,3,100100.0,9999999
03776,0,7514,9.7,7.39,0.0,0.0,6.69,278.48,1.5,3,100000.0,9999999
03776,0,7515,9.5,7.29,0.0,0.0,6.69,278.07,1.0,4,100000.0,9999999
03776,0,7516,9.4,7.14,0.0,0.0,6.69,272.8,1.0,5,99900.0,9999999
03776,0,7517,9.1,6.99,0.0,0.0,6.69,269.93,1.0,4,99900.0,9999999
03776,0,7518,8.6,6.85,0.0,0.0,6.69,270.6,1.0,3,99800.0,9999999
03776,0,7519,8.8,6.9,7.0,7.0,6.69,271.92,1.0,3,99800.0,9999999
03776,0,7520,9.1,6.9,56.0,56.0,6.69,275.58,1.0,4,99800.0,9999999
03776,0,7521,10.1,6.99,110.0,107.0,6.69,276.62,1.5,4,99800.0,9999999
03776,0,7522,10.3,6.8,150.0,142.0,6.69,276.83,1.5,5,99800.0,9999999
03776,0,7523,9.7,6.21,66.0,66.0,6.69,277.86,2.1,5,99700.0,9999999
03776,0,7524,9.7,6.39,63.0,63.0,6.69,277.86,1.5,4,99700.0,9999999
03776,0,7525,9.7,6.25,52.0,52.0,6.69,277.86,1.5,4,99700.0,9999999
03776,0,7526,9.6,6.43,33.0,33.0,6.69,277.86,2.1,4,99600.0,9999999
03776,0,7527,9.3,6.48,11.0,11.0,6.69,277.45,2.1,3,99700.0,9999999
03776,0,7528,8.9,6.57,0.0,0.0,6.69,277.25,1.5,5,99700.0,9999999
03776,0,7529,9.1,6.71,0.0,0.0,6.69,275.58,1.0,3,99700.0,9999999
03776,0,7530,9.3,6.61,0.0,0.0,6.69,275.79,1.5,3,99700.0,9999999
03776,0,7531,8.9,6.61,0.0,0.0,6.69,275.36,1.2,3,99700.0,9999999
03776,0,7532,8.5,6.61,0.0,0.0,6.69,276.83,1.0,4,99700.0,9999999
03776,0,7533,8.8,6.57,0.0,0.0,6.69,270.82,1.0,4,99700.0,9999999
03776,0,7534,8.7,6.48,0.0,0.0,6.69,270.6,1.0,4,99700.0,9999999
03776,0,7535,8.6,6.57,0.0,0.0,6.69,276.83,1.5,4,99700.0,9999999
03776,0,7536,8.8,6.61,0.0,0.0,6.69,277.04,2.6,3,99600.0,9999999
03776,0,7537,9.4,6.94,0.0,0.0,6.69,277.86,1.5,4,99600.0,9999999
03776,0,7538,9.9,7.19,0.0,0.0,6.69,278.48,2.1,3,99500.0,9999999
03776,0,7539,10.4,7.65,0.0,0.0,6.69,279.09,1.5,4,99500.0,9999999
03776,0,7540,10.9,7.75,0.0,0.0,6.69,279.7,2.0,4,99400.0,9999999
03776,0,7541,11.4,7.86,0.0,0.0,6.69,280.3,2.6,4,99400.0,9999999
03776,0,7542,11.5,7.91,0.0,0.0,6.69,278.48,2.6,4,99400.0,9999999
03776,0,7543,11.3,7.34,9.0,9.0,6.69,275.36,2.6,3,99400.0,9999999
03776,0,7544,12.2,7.97,21.0,21.0,6.69,279.09,1.5,4,99400.0,9999999
03776,0,7545,13.6,8.18,107.0,101.0,6.69,273.87,2.6,5,99400.0,9999999
03776,0,7546,13.9,8.24,147.0,142.0,6.69,277.45,4.6,7,99400.0,9999999
03776,0,7547,13.2,8.58,64.0,64.0,6.69,275.79,3.6,6,99400.0,9999999
03776,0,7548,13.9,8.81,158.0,147.0,6.69,277.66,2.6,5,99400.0,9999999
03776,0,7549,14.8,8.7,129.0,126.0,6.69,278.48,3.1,5,99400.0,9999999
03776,0,7550,14.6,8.35,32.0,32.0,6.69,279.09,3.1,5,99400.0,9999999
03776,0,7551,13.8,8.64,26.0,26.0,6.69,278.48,2.6,5,99400.0,9999999
03776,0,7552,13.5,8.52,0.0,0.0,6.69,278.07,2.6,5,99500.0,9999999
03776,0,7553,13.6,8.64,0.0,0.0,6.69,282.67,3.1,6,99500.0,9999999
03776,0,7554,13.8,8.52,0.0,0.0,6.69,280.9,2.6,5,99500.0,9999999
03776,0,7555,14.1,8.41,0.0,0.0,6.69,277.25,2.1,4,99500.0,9999999
03776,0,7556,12.8,8.35,0.0,0.0,6.69,275.36,2.1,3,99600.0,9999999
03776,0,7557,12.6,8.13,0.0,0.0,6.69,276.21,3.1,3,99600.0,9999999
03776,0,7558,12.7,8.02,0.0,0.0,6.69,279.7,2.6,3,99600.0,9999999
03776,0,7559,12.7,7.97,0.0,0.0,6.69,277.04,2.6,3,99600.0,9999999
03776,0,7560,12.7,7.75,0.0,0.0,6.69,279.49,1.5,3,99700.0,9999999
03776,0,7561,12.5,7.65,0.0,0.0,6.69,276.62,1.5,3,99700.0,9999999
03776,0,7562,12.2,7.7,0.0,0.0,6.69,279.09,1.5,3,99700.0,9999999
03776,0,7563,12.2,7.7,0.0,0.0,6.69,279.09,2.1,4,99700.0,9999999
03776,0,7564,11.7,7.7,0.0,0.0,6.69,278.48,1.5,3,99800.0,9999999
03776,0,7565,11.7,7.7,0.0,0.0,6.69,278.48,1.0,4,99800.0,9999999
03776,0,7566,11.5,7.65,0.0,0.0,6.69,271.7,1.5,3,99800.0,9999999
03776,0,7567,11.6,7.34,8.0,8.0,6.69,274.3,1.5,4,99800.0,9999999
03776,0,7568,11.7,7.65,52.0,52.0,6.69,274.09,2.1,2,99900.0,9999999
03776,0,7569,12.2,7.7,105.0,103.0,6.69,273.23,2.1,3,99900.0,9999999
03776,0,7570,13.1,7.86,56.0,56.0,6.69,277.45,1.0,3,100000.0,9999999
03776,0,7571,13.9,7.97,162.0,136.0,6.69,280.9,1.0,5,100000.0,9999999
03776,0,7572,14.4,7.97,156.0,145.0,6.69,276.83,2.1,5,100000.0,9999999
03776,0,7573,14.2,8.18,127.0,124.0,6.69,274.52,1.5,3,100000.0,9999999
03776,0,7574,14.0,8.18,80.0,79.0,6.69,275.15,1.0,4,100000.0,9999999
03776,0,7575,13.3,7.97,25.0,25.0,6.69,274.52,1.5,4,100000.0,9999999
03776,0,7576,12.7,7.7,1.0,1.0,6.69,272.8,1.5,4,100100.0,9999999
03776,0,7577,12.2,7.59,0.0,0.0,6.69,278.89,1.5,3,100100.0,9999999
03776,0,7578,11.9,7.49,0.0,0.0,6.69,275.36,1.0,3,100100.0,9999999
03776,0,7579,11.9,7.49,0.0,0.0,6.69,271.92,0.0,0,100200.0,9999999
03776,0,7580,11.2,7.59,0.0,0.0,6.69,272.36,0.0,0,100200.0,9999999
03776,0,7581,11.2,7.44,0.0,0.0,6.69,272.14,0.0,0,100300.0,9999999
03776,0,7582,10.7,7.39,0.0,0.0,6.69,271.7,0.0,0,100300.0,9999999
03776,0,7583,10.4,7.54,0.0,0.0,6.69,274.73,0.0,0,100300.0,9999999
03776,0,7584,10.2,7.44,0.0,0.0,6.69,278.89,0.5,7,100400.0,9999999
03776,0,7585,10.6,7.75,0.0,0.0,6.69,277.45,1.0,6,100500.0,9999999
03776,0,7586,10.7,7.91,0.0,0.0,6.69,279.7,0.0,0,100500.0,9999999
03776,0,7587,10.6,7.86,0.0,0.0,6.69,277.45,1.0,8,100600.0,9999999
03776,0,7588,11.1,8.13,0.0,0.0,6.69,280.1,1.0,8,100600.0,9999999
03776,0,7589,11.3,8.24,0.0,0.0,6.69,280.3,1.0,8,100600.0,9999999
03776,0,7590,11.3,8.24,0.0,0.0,6.69,280.3,0.0,0,100700.0,9999999
03776,0,7591,11.2,8.18,8.0,8.0,6.69,275.79,1.0,9,100800.0,9999999
03776,0,7592,11.5,8.24,50.0,50.0,6.69,274.52,1.0,9,100800.0,9999999
03776,0,7593,12.5,8.46,160.0,102.0,6.69,275.15,1.5,9,100900.0,9999999
03776,0,7594,13.6,8.64,260.0,106.0,6.69,274.94,2.1,11,100900.0,9999999
03776,0,7595,14.6,8.7,305.0,89.0,6.69,275.15,4.1,12,100900.0,9999999
03776,0,7596,14.5,8.46,258.0,129.0,6.69,277.04,3.1,11,100900.0,9999999
03776,0,7597,14.2,8.18,177.0,121.0,6.69,276.62,3.6,12,100900.0,9999999
03776,0,7598,14.1,7.97,78.0,76.0,6.69,275.15,2.1,11,101000.0,9999999
03776,0,7599,12.8,7.44,24.0,24.0,6.69,273.87,1.0,11,101000.0,9999999
03776,0,7600,9.8,7.04,1.0,1.0,6.69,269.7,1.0,11,101000.0,9999999
03776,0,7601,9.3,6.99,0.0,0.0,6.69,269.25,1.0,9,101100.0,9999999
03776,0,7602,9.1,7.09,0.0,0.0,6.69,269.25,1.0,9,101100.0,9999999
03776,0,7603,8.9,7.04,0.0,0.0,6.69,269.93,1.2,9,101100.0,9999999
03776,0,7604,8.8,6.94,0.0,0.0,6.69,269.7,1.5,10,101100.0,9999999
03776,0,7605,8.9,6.9,0.0,0.0,6.69,268.8,1.5,9,101100.0,9999999
03776,0,7606,7.5,6.43,0.0,0.0,6.69,267.43,1.0,10,101100.0,9999999
03776,0,7607,6.7,6.08,0.0,0.0,6.69,265.09,1.0,8,101100.0,9999999
03776,0,7608,5.7,5.66,0.0,0.0,6.69,263.9,1.0,8,101000.0,9999999
03776,0,7609,4.6,5.23,0.0,0.0,6.69,262.69,1.0,9,101000.0,9999999
03776,0,7610,6.1,5.82,0.0,0.0,6.69,274.09,1.0,9,101000.0,9999999
03776,0,7611,8.1,6.71,0.0,0.0,6.69,276.41,0.0,0,100900.0,9999999
03776,0,7612,8.6,6.94,0.0,0.0,6.69,277.04,0.0,0,100900.0,9999999
03776,0,7613,8.6,6.94,0.0,0.0,6.69,277.04,0.0,0,100900.0,9999999
03776,0,7614,8.4,6.85,0.0,0.0,6.69,276.83,0.0,0,100800.0,9999999
03776,0,7615,8.7,6.99,3.0,3.0,6.69,277.25,0.0,0,100800.0,9999999
03776,0,7616,9.1,7.19,19.0,19.0,6.69,277.66,0.0,0,100800.0,9999999
03776,0,7617,10.0,7.65,39.0,39.0,6.69,276.83,1.0,11,100700.0,9999999
03776,0,7618,10.2,7.75,55.0,55.0,6.69,279.09,1.0,9,100700.0,9999999
03776,0,7619,12.1,8.3,158.0,146.0,6.69,276.62,2.1,10,100600.0,9999999
03776,0,7620,12.7,7.86,255.0,142.0,6.69,275.15,2.1,10,100500.0,9999999
03776,0,7621,12.2,7.49,175.0,129.0,6.69,274.52,2.6,10,100400.0,9999999
03776,0,7622,11.8,7.14,76.0,75.0,6.69,274.3,3.1,9,100300.0,9999999
03776,0,7623,11.2,7.24,23.0,23.0,6.69,273.44,2.6,8,100300.0,9999999
03776,0,7624,11.7,7.59,0.0,0.0,6.69,278.48,2.6,8,100100.0,9999999
03776,0,7625,11.7,7.91,0.0,0.0,6.69,278.68,4.6,8,100100.0,9999999
03776,0,7626,11.9,7.91,0.0,0.0,6.69,278.89,4.1,8,99900.0,9999999
03776,0,7627,11.3,8.02,0.0,0.0,6.69,278.27,3.6,8,99800.0,9999999
03776,0,7628,12.2,8.3,0.0,0.0,6.69,279.29,4.6,8,99700.0,9999999
03776,0,7629,12.5,8.18,0.0,0.0,6.69,279.49,4.1,9,99600.0,9999999
03776,0,7630,12.1,8.3,0.0,0.0,6.69,279.09,3.6,9,99600.0,9999999
03776,0,7631,11.3,7.8,0.0,0.0,6.69,275.58,3.1,9,99500.0,9999999
03776,0,7632,10.9,7.39,0.0,0.0,6.69,273.66,2.6,9,99500.0,9999999
03776,0,7633,10.0,7.14,0.0,0.0,6.69,271.04,2.6,10,99400.0,9999999
03776,0,7634,8.3,6.61,0.0,0.0,6.69,268.12,2.1,9,99400.0,9999999
03776,0,7635,8.5,6.71,0.0,0.0,6.69,271.7,1.5,8,99300.0,9999999
03776,0,7636,8.7,6.8,0.0,0.0,6.69,271.26,1.5,10,99300.0,9999999
03776,0,7637,9.1,6.94,0.0,0.0,6.69,271.7,0.0,0,99200.0,9999999
03776,0,7638,8.7,6.66,0.0,0.0,6.69,275.15,1.0,8,99200.0,9999999
03776,0,7639,9.7,6.99,7.0,7.0,6.69,276.21,1.5,8,99200.0,9999999
03776,0,7640,10.3,7.29,46.0,46.0,6.69,274.52,1.0,8,99200.0,9999999
03776,0,7641,10.9,7.39,99.0,97.0,6.69,275.15,1.5,8,99200.0,9999999
03776,0,7642,12.4,7.7,138.0,131.0,6.69,275.15,1.5,8,99100.0,9999999
03776,0,7643,11.7,7.39,156.0,144.0,6.69,274.94,2.6,9,99100.0,9999999
03776,0,7644,13.7,7.54,212.0,139.0,6.69,276.41,4.6,9,99000.0,9999999
03776,0,7645,13.2,7.29,236.0,123.0,6.69,274.09,4.6,9,98900.0,9999999
03776,0,7646,12.0,7.19,143.0,61.0,6.69,272.8,3.6,9,98900.0,9999999
03776,0,7647,11.7,7.59,21.0,21.0,6.69,278.48,1.5,8,98800.0,9999999
03776,0,7648,11.5,7.34,0.0,0.0,6.69,278.27,1.0,8,98800.0,9999999
03776,0,7649,11.1,7.91,0.0,0.0,6.69,274.09,1.5,9,98800.0,9999999
03776,0,7650,10.9,7.49,0.0,0.0,6.69,271.92,2.1,9,98800.0,9999999
03776,0,7651,11.1,7.7,0.0,0.0,6.69,273.44,2.6,9,98800.0,9999999
03776,0,7652,10.6,7.34,0.0,0.0,6.69,272.8,1.5,9,98800.0,9999999
03776,0,7653,9.8,7.24,0.0,0.0,6.69,269.93,1.5,9,98700.0,9999999
03776,0,7654,10.4,7.54,0.0,0.0,6.69,273.23,1.5,8,98700.0,9999999
03776,0,7655,10.3,7.19,0.0,0.0,6.69,272.58,2.6,9,98700.0,9999999
03776,0,7656,10.8,7.54,0.0,0.0,6.69,274.94,5.1,11,98600.0,9999999
03776,0,7657,10.2,7.24,0.0,0.0,6.69,273.01,3.1,9,98600.0,9999999
03776,0,7658,9.9,7.09,0.0,0.0,6.69,272.58,3.1,9,98600.0,9999999
03776,0,7659,10.1,7.09,0.0,0.0,6.69,272.8,4.1,10,98500.0,9999999
03776,0,7660,10.0,7.14,0.0,0.0,6.69,273.23,3.1,10,98500.0,9999999
03776,0,7661,10.3,7.09,0.0,0.0,6.69,276.83,2.6,10,98500.0,9999999
03776,0,7662,10.4,6.94,0.0,0.0,6.69,273.01,3.1,9,98500.0,9999999
03776,0,7663,9.2,6.75,8.0,8.0,6.69,271.7,2.6,10,98500.0,9999999
03776,0,7664,10.3,6.9,45.0,45.0,6.69,274.3,3.6,11,98600.0,9999999
03776,0,7665,11.4,6.71,137.0,96.0,6.69,273.87,3.6,11,98600.0,9999999
03776,0,7666,12.0,6.43,260.0,134.0,6.69,273.66,4.6,11,98600.0,9999999
03776,0,7667,11.1,6.04,283.0,93.0,6.69,272.58,5.7,12,98600.0,9999999
03776,0,7668,11.4,6.04,149.0,125.0,6.69,277.45,5.7,12,98600.0,9999999
03776,0,7669,10.8,6.21,120.0,115.0,6.69,277.04,6.2,12,98600.0,9999999
03776,0,7670,7.9,6.08,29.0,29.0,6.69,276.0,5.1,15,98700.0,9999999
03776,0,7671,6.6,5.58,8.0,8.0,6.69,274.3,3.6,16,98900.0,9999999
03776,0,7672,6.1,5.42,0.0,0.0,6.69,273.87,2.6,16,99000.0,9999999
03776,0,7673,6.0,5.3,0.0,0.0,6.69,273.66,3.6,16,99100.0,9999999
03776,0,7674,5.7,5.19,0.0,0.0,6.69,273.23,2.1,14,99200.0,9999999
03776,0,7675,5.8,5.04,0.0,0.0,6.69,273.23,2.6,15,99200.0,9999999
03776,0,7676,5.5,5.11,0.0,0.0,6.69,273.01,2.6,15,99300.0,9999999
03776,0,7677,5.5,4.93,0.0,0.0,6.69,271.04,2.6,16,99400.0,9999999
03776,0,7678,5.3,4.79,0.0,0.0,6.69,266.27,3.6,15,99500.0,9999999
03776,0,7679,4.6,4.61,0.0,0.0,6.69,264.38,2.1,16,99500.0,9999999
03776,0,7680,3.3,4.31,0.0,0.0,6.69,261.96,1.5,14,99600.0,9999999
03776,0,7681,3.7,4.18,0.0,0.0,6.69,268.8,4.6,16,99600.0,9999999
03776,0,7682,3.1,4.15,0.0,0.0,6.69,268.12,2.6,15,99700.0,9999999
03776,0,7683,2.2,3.97,0.0,0.0,6.69,267.2,3.1,15,99700.0,9999999
03776,0,7684,1.5,3.85,0.0,0.0,6.69,261.96,1.5,15,99800.0,9999999
03776,0,7685,0.9,3.65,0.0,0.0,6.69,259.22,2.1,15,99800.0,9999999
03776,0,7686,0.8,3.53,0.0,0.0,6.69,259.97,2.6,15,99900.0,9999999
03776,0,7687,1.1,3.53,5.0,5.0,6.69,263.18,2.6,15,100000.0,9999999
03776,0,7688,1.3,3.59,73.0,68.0,6.69,259.72,3.6,15,100100.0,9999999
03776,0,7689,2.5,3.59,184.0,86.0,6.69,262.69,5.1,15,100200.0,9999999
03776,0,7690,3.1,3.65,249.0,123.0,6.69,263.9,4.6,15,100300.0,9999999
03776,0,7691,4.3,3.79,282.0,93.0,6.69,262.69,4.1,15,100400.0,9999999
03776,0,7692,4.2,3.53,272.0,91.0,6.69,264.85,5.7,16,100500.0,9999999
03776,0,7693,4.3,3.4,225.0,76.0,6.69,263.9,5.9,16,100500.0,9999999
03776,0,7694,4.5,3.35,139.0,58.0,6.69,262.45,6.2,16,100600.0,9999999
03776,0,7695,3.9,3.32,39.0,30.0,6.69,263.42,6.2,15,100700.0,9999999
03776,0,7696,3.0,3.29,0.0,0.0,6.69,261.96,3.6,14,100800.0,9999999
03776,0,7697,2.2,3.29,0.0,0.0,6.69,260.22,4.6,15,101000.0,9999999
03776,0,7698,1.9,3.29,0.0,0.0,6.69,258.71,4.6,15,101100.0,9999999
03776,0,7699,1.7,3.22,0.0,0.0,6.69,258.45,4.1,15,101200.0,9999999
03776,0,7700,1.4,3.29,0.0,0.0,6.69,258.2,3.6,15,101300.0,9999999
03776,0,7701,0.9,3.24,0.0,0.0,6.69,257.69,3.1,15,101400.0,9999999
03776,0,7702,0.8,3.19,0.0,0.0,6.69,257.69,2.6,15,101500.0,9999999
03776,0,7703,0.2,3.29,0.0,0.0,6.69,257.17,2.1,15,101600.0,9999999
03776,0,7704,0.1,3.27,0.0,0.0,6.69,256.91,3.6,15,101600.0,9999999
03776,0,7705,0.0,3.19,0.0,0.0,6.69,256.91,3.6,15,101700.0,9999999
03776,0,7706,-0.1,3.27,0.0,0.0,6.69,256.91,2.6,16,101800.0,9999999
03776,0,7707,-0.9,3.27,0.0,0.0,6.69,256.12,1.0,13,101900.0,9999999
03776,0,7708,-0.5,3.17,0.0,0.0,6.69,256.39,2.6,14,102000.0,9999999
03776,0,7709,-1.1,3.19,0.0,0.0,6.69,255.86,0.5,15,102000.0,9999999
03776,0,7710,-1.2,3.04,0.0,0.0,6.69,255.6,2.1,12,102100.0,9999999
03776,0,7711,-1.7,3.04,10.0,10.0,6.69,255.07,1.0,10,102200.0,9999999
03776,0,7712,0.4,3.22,82.0,74.0,6.69,258.45,1.5,14,102200.0,9999999
03776,0,7713,2.6,3.24,184.0,64.0,6.69,260.47,1.5,15,102200.0,9999999
03776,0,7714,4.6,3.73,260.0,67.0,6.69,261.71,1.5,15,102200.0,9999999
03776,0,7715,4.8,3.7,296.0,74.0,6.69,261.71,1.5,13,102200.0,9999999
03776,0,7716,5.9,3.85,285.0,74.0,6.69,262.93,1.5,16,102200.0,9999999
03776,0,7717,6.9,3.76,230.0,68.0,6.69,263.9,1.5,15,102200.0,9999999
03776,0,7718,6.6,3.85,138.0,55.0,6.69,263.66,1.5,15,102200.0,9999999
03776,0,7719,5.0,3.79,38.0,29.0,6.69,261.96,2.1,13,102200.0,9999999
03776,0,7720,3.1,3.51,0.0,0.0,6.69,259.97,2.1,13,102200.0,9999999
03776,0,7721,0.2,3.29,0.0,0.0,6.69,257.17,1.5,10,102300.0,9999999
03776,0,7722,-0.5,3.17,0.0,0.0,6.69,256.39,1.0,12,102300.0,9999999
03776,0,7723,-1.2,3.04,0.0,0.0,6.69,255.6,1.0,8,102300.0,9999999
03776,0,7724,-1.1,2.97,0.0,0.0,6.69,255.6,1.0,11,102300.0,9999999
03776,0,7725,-0.9,3.17,0.0,0.0,6.69,257.17,2.1,11,102200.0,9999999
03776,0,7726,0.8,3.27,0.0,0.0,6.69,258.96,2.6,11,102200.0,9999999
03776,0,7727,0.6,3.4,0.0,0.0,6.69,258.71,1.5,11,102200.0,9999999
03776,0,7728,0.8,3.37,0.0,0.0,6.69,260.97,2.6,11,102100.0,9999999
03776,0,7729,0.5,3.35,0.0,0.0,6.69,259.47,1.0,10,102100.0,9999999
03776,0,7730,1.3,3.35,0.0,0.0,6.69,259.47,2.6,12,102100.0,9999999
03776,0,7731,0.2,3.29,0.0,0.0,6.69,260.47,2.6,9,102000.0,9999999
03776,0,7732,1.7,3.4,0.0,0.0,6.69,259.97,3.6,11,102000.0,9999999
03776,0,7733,3.6,3.59,0.0,0.0,6.69,261.71,3.6,13,102000.0,9999999
03776,0,7734,3.2,3.67,0.0,0.0,6.69,260.22,2.6,11,102000.0,9999999
03776,0,7735,3.2,3.56,8.0,8.0,6.69,261.47,3.1,12,102000.0,9999999
03776,0,7736,4.5,3.88,76.0,69.0,6.69,262.93,4.1,13,102000.0,9999999
03776,0,7737,6.7,4.25,154.0,80.0,6.69,265.33,4.1,13,102000.0,9999999
03776,0,7738,7.3,4.38,254.0,90.0,6.69,266.03,5.7,13,102100.0,9999999
03776,0,7739,8.3,4.58,290.0,81.0,6.69,266.96,5.7,13,102000.0,9999999
03776,0,7740,9.0,4.72,274.0,84.0,6.69,267.66,5.7,13,102000.0,9999999
03776,0,7741,9.6,4.68,193.0,95.0,6.69,270.37,6.7,14,101900.0,9999999
03776,0,7742,9.2,4.61,116.0,66.0,6.69,268.8,6.7,14,101900.0,9999999
03776,0,7743,8.4,4.75,31.0,29.0,6.69,267.2,4.1,13,101900.0,9999999
03776,0,7744,7.3,4.65,0.0,0.0,6.69,266.96,3.6,13,102000.0,9999999
03776,0,7745,6.6,4.75,0.0,0.0,6.69,265.56,3.1,11,102000.0,9999999
03776,0,7746,6.0,4.61,0.0,0.0,6.69,263.66,3.6,13,102100.0,9999999
03776,0,7747,5.8,4.65,0.0,0.0,6.69,264.62,3.6,12,102100.0,9999999
03776,0,7748,5.7,4.68,0.0,0.0,6.69,264.62,3.1,14,102100.0,9999999
03776,0,7749,4.4,4.51,0.0,0.0,6.69,263.18,1.0,12,102100.0,9999999
03776,0,7750,1.5,4.0,0.0,0.0,6.69,260.22,1.5,12,102100.0,9999999
03776,0,7751,2.6,4.18,0.0,0.0,6.69,259.97,1.0,6,102100.0,9999999
03776,0,7752,0.3,3.7,0.0,0.0,6.69,257.43,1.5,9,102100.0,9999999
03776,0,7753,0.3,3.7,0.0,0.0,6.69,257.43,1.5,8,102100.0,9999999
03776,0,7754,0.7,3.85,0.0,0.0,6.69,257.94,1.0,4,102100.0,9999999
03776,0,7755,-2.0,3.17,0.0,0.0,6.69,254.8,0.5,8,102100.0,9999999
03776,0,7756,-1.7,3.24,0.0,0.0,6.69,255.33,0.0,0,102100.0,9999999
03776,0,7757,-2.2,3.12,0.0,0.0,6.69,254.8,0.0,0,102100.0,9999999
03776,0,7758,-2.2,3.04,0.0,0.0,6.69,254.54,0.0,0,102100.0,9999999
03776,0,7759,-2.8,2.88,8.0,8.0,6.69,254.0,0.5,12,102100.0,9999999
03776,0,7760,-0.8,3.14,70.0,47.0,6.69,257.17,0.5,1,102000.0,9999999
03776,0,7761,0.4,3.4,138.0,90.0,6.69,259.47,0.5,13,102000.0,9999999
03776,0,7762,2.9,4.38,129.0,119.0,6.69,262.69,0.0,0,102000.0,9999999
03776,0,7763,7.3,5.3,146.0,138.0,6.69,266.5,1.0,3,101900.0,9999999
03776,0,7764,10.2,5.54,141.0,133.0,6.69,269.48,3.1,7,101800.0,9999999
03776,0,7765,10.1,5.58,113.0,108.0,6.69,270.15,2.1,7,101800.0,9999999
03776,0,7766,9.9,5.7,67.0,67.0,6.69,275.79,2.6,7,101700.0,9999999
03776,0,7767,9.3,5.91,18.0,18.0,6.69,271.92,1.0,7,101700.0,9999999
03776,0,7768,8.2,5.7,0.0,0.0,6.69,268.57,1.5,7,101600.0,9999999
03776,0,7769,7.3,5.38,0.0,0.0,6.69,266.5,1.5,7,101600.0,9999999
03776,0,7770,7.6,5.23,0.0,0.0,6.69,266.73,2.1,6,101500.0,9999999
03776,0,7771,7.9,5.08,0.0,0.0,6.69,269.03,2.1,7,101500.0,9999999
03776,0,7772,7.6,5.23,0.0,0.0,6.69,267.66,2.1,7,101400.0,9999999
03776,0,7773,8.1,5.3,0.0,0.0,6.69,269.93,3.1,7,101400.0,9999999
03776,0,7774,8.4,5.42,0.0,0.0,6.69,267.66,3.1,8,101300.0,9999999
03776,0,7775,8.5,5.34,0.0,0.0,6.69,267.66,4.6,8,101300.0,9999999
03776,0,7776,8.5,5.23,0.0,0.0,6.69,274.09,4.6,8,101200.0,9999999
03776,0,7777,8.7,5.04,0.0,0.0,6.69,274.3,4.1,8,101100.0,9999999
03776,0,7778,8.5,5.19,0.0,0.0,6.69,268.57,3.6,8,101100.0,9999999
03776,0,7779,7.9,5.42,0.0,0.0,6.69,268.12,4.6,7,101000.0,9999999
03776,0,7780,7.6,5.23,0.0,0.0,6.69,266.73,3.6,7,100900.0,9999999
03776,0,7781,7.7,5.27,0.0,0.0,6.69,269.03,3.6,7,100900.0,9999999
03776,0,7782,8.1,4.93,0.0,0.0,6.69,269.25,4.6,7,100800.0,9999999
03776,0,7783,8.0,4.79,4.0,4.0,6.69,266.96,4.1,7,100800.0,9999999
03776,0,7784,8.3,4.97,36.0,36.0,6.69,273.87,4.1,7,100800.0,9999999
03776,0,7785,9.1,4.75,87.0,86.0,6.69,271.92,4.1,7,100800.0,9999999
03776,0,7786,9.4,4.89,126.0,120.0,6.69,268.34,2.6,7,100700.0,9999999
03776,0,7787,9.6,4.97,144.0,137.0,6.69,271.04,3.6,8,100800.0,9999999
03776,0,7788,9.1,5.5,139.0,132.0,6.69,271.04,3.6,7,100600.0,9999999
03776,0,7789,9.1,5.91,43.0,43.0,6.69,271.26,2.6,7,100600.0,9999999
03776,0,7790,9.3,6.12,26.0,26.0,6.69,277.45,2.6,8,100600.0,9999999
03776,0,7791,9.7,6.25,17.0,17.0,6.69,271.48,2.1,8,100600.0,9999999
03776,0,7792,9.4,6.43,0.0,0.0,6.69,271.7,1.0,7,100600.0,9999999
03776,0,7793,9.3,6.61,0.0,0.0,6.69,277.66,1.0,6,100700.0,9999999
03776,0,7794,9.3,6.66,0.0,0.0,6.69,277.66,1.0,4,100700.0,9999999
03776,0,7795,9.6,6.71,0.0,0.0,6.69,277.86,1.0,7,100700.0,9999999
03776,0,7796,9.7,6.75,0.0,0.0,6.69,278.07,1.0,7,100700.0,9999999
03776,0,7797,9.9,6.9,0.0,0.0,6.69,278.27,1.5,8,100800.0,9999999
03776,0,7798,10.0,6.99,0.0,0.0,6.69,278.48,1.0,15,100800.0,9999999
03776,0,7799,9.8,7.04,0.0,0.0,6.69,278.27,0.0,0,100800.0,9999999
03776,0,7800,9.7,7.14,0.0,0.0,6.69,278.27,1.0,11,100900.0,9999999
03776,0,7801,8.8,6.85,0.0,0.0,6.69,275.36,0.5,8,100900.0,9999999
03776,0,7802,9.6,7.24,0.0,0.0,6.69,276.21,1.0,10,100900.0,9999999
03776,0,7803,9.3,7.29,0.0,0.0,6.69,276.0,1.0,10,101000.0,9999999
03776,0,7804,9.5,7.39,0.0,0.0,6.69,278.27,1.0,8,101000.0,9999999
03776,0,7805,10.0,7.65,0.0,0.0,6.69,278.89,2.6,10,101100.0,9999999
03776,0,7806,10.1,7.7,0.0,0.0,6.69,278.89,1.0,11,101200.0,9999999
03776,0,7807,9.8,7.54,3.0,3.0,6.69,276.62,1.0,9,101300.0,9999999
03776,0,7808,10.3,7.8,34.0,34.0,6.69,277.25,1.5,10,101300.0,9999999
03776,0,7809,10.5,7.39,84.0,83.0,6.69,277.25,1.5,13,101400.0,9999999
03776,0,7810,10.5,7.39,48.0,48.0,6.69,279.09,2.6,13,101500.0,9999999
03776,0,7811,10.5,7.39,55.0,55.0,6.69,279.09,2.6,12,101500.0,9999999
03776,0,7812,11.0,7.44,136.0,126.0,6.69,277.66,1.5,10,101500.0,9999999
03776,0,7813,11.8,7.44,109.0,104.0,6.69,278.48,1.5,11,101600.0,9999999
03776,0,7814,11.4,7.04,64.0,64.0,6.69,277.86,3.6,12,101700.0,9999999
03776,0,7815,10.6,7.04,16.0,16.0,6.69,277.25,2.1,12,101700.0,9999999
03776,0,7816,10.1,7.09,0.0,0.0,6.69,276.62,1.5,10,101800.0,9999999
03776,0,7817,8.3,6.48,0.0,0.0,6.69,271.26,1.0,10,101800.0,9999999
03776,0,7818,6.6,5.95,0.0,0.0,6.69,266.27,1.5,11,101900.0,9999999
03776,0,7819,6.8,6.04,0.0,0.0,6.69,266.5,1.5,10,101900.0,9999999
03776,0,7820,5.0,5.38,0.0,0.0,6.69,264.38,1.0,9,102000.0,9999999
03776,0,7821,4.4,5.11,0.0,0.0,6.69,263.66,1.0,9,102000.0,9999999
03776,0,7822,3.8,4.82,0.0,0.0,6.69,262.93,1.0,9,102000.0,9999999
03776,0,7823,3.3,4.75,0.0,0.0,6.69,261.22,1.0,9,102000.0,9999999
03776,0,7824,3.4,4.61,0.0,0.0,6.69,261.22,1.5,9,102000.0,9999999
03776,0,7825,2.6,4.51,0.0,0.0,6.69,260.22,1.5,8,102000.0,9999999
03776,0,7826,3.1,4.68,0.0,0.0,6.69,260.97,2.1,9,102000.0,9999999
03776,0,7827,3.2,4.72,0.0,0.0,6.69,264.85,2.1,9,101900.0,9999999
03776,0,7828,3.5,4.75,0.0,0.0,6.69,262.45,1.5,9,101900.0,9999999
03776,0,7829,3.0,4.65,0.0,0.0,6.69,261.96,1.5,9,101900.0,9999999
03776,0,7830,2.9,4.51,0.0,0.0,6.69,261.96,1.5,9,101800.0,9999999
03776,0,7831,3.9,4.86,3.0,3.0,6.69,262.93,1.0,9,101800.0,9999999
03776,0,7832,5.0,5.3,33.0,33.0,6.69,265.33,1.0,12,101800.0,9999999
03776,0,7833,7.5,6.16,83.0,82.0,6.69,273.66,1.0,13,101800.0,9999999
03776,0,7834,9.8,6.61,121.0,116.0,6.69,276.21,2.1,9,101700.0,9999999
03776,0,7835,10.7,6.75,139.0,132.0,6.69,277.04,3.1,9,101600.0,9999999
03776,0,7836,11.4,6.71,135.0,128.0,6.69,277.86,2.6,10,101600.0,9999999
03776,0,7837,11.4,6.8,107.0,103.0,6.69,277.86,3.6,9,101500.0,9999999
03776,0,7838,10.7,6.9,24.0,24.0,6.69,279.09,6.2,10,101400.0,9999999
03776,0,7839,10.4,6.85,16.0,16.0,6.69,276.83,2.1,9,101400.0,9999999
03776,0,7840,10.6,6.85,0.0,0.0,6.69,277.04,2.6,9,101300.0,9999999
03776,0,7841,10.5,6.66,0.0,0.0,6.69,276.83,2.6,9,101300.0,9999999
03776,0,7842,10.9,6.99,0.0,0.0,6.69,277.45,2.6,8,101300.0,9999999
03776,0,7843,10.8,7.14,0.0,0.0,6.69,277.45,2.6,9,101200.0,9999999
03776,0,7844,11.1,6.99,0.0,0.0,6.69,277.66,3.6,9,101100.0,9999999
03776,0,7845,10.4,7.34,0.0,0.0,6.69,279.09,5.1,9,101100.0,9999999
03776,0,7846,10.4,7.24,0.0,0.0,6.69,279.09,4.1,9,101000.0,9999999
03776,0,7847,10.9,6.9,0.0,0.0,6.69,279.29,4.1,9,101000.0,9999999
03776,0,7848,11.3,6.48,0.0,0.0,6.69,277.66,5.1,9,100800.0,9999999
03776,0,7849,11.1,6.66,0.0,0.0,6.69,277.45,4.6,9,100800.0,9999999
03776,0,7850,11.4,6.3,0.0,0.0,6.69,277.66,3.6,8,100700.0,9999999
03776,0,7851,11.4,6.12,0.0,0.0,6.69,277.45,4.1,8,100600.0,9999999
03776,0,7852,11.5,6.21,0.0,0.0,6.69,277.66,4.4,8,100500.0,9999999
03776,0,7853,11.7,6.25,0.0,0.0,6.69,277.86,4.6,8,100400.0,9999999
03776,0,7854,11.7,6.25,0.0,0.0,6.69,277.86,6.2,8,100400.0,9999999
03776,0,7855,11.7,6.39,2.0,2.0,6.69,277.86,6.2,8,100300.0,9999999
03776,0,7856,11.5,6.75,32.0,32.0,6.69,277.86,6.2,8,100300.0,9999999
03776,0,7857,11.7,6.75,81.0,80.0,6.69,278.07,6.7,8,100300.0,9999999
03776,0,7858,11.9,6.8,119.0,114.0,6.69,278.27,6.7,8,100200.0,9999999
03776,0,7859,12.1,6.9,138.0,131.0,6.69,278.48,6.2,8,100100.0,9999999
03776,0,7860,11.9,6.9,133.0,126.0,6.69,278.27,6.7,9,100000.0,9999999
03776,0,7861,11.7,6.9,106.0,102.0,6.69,278.07,6.7,8,99900.0,9999999
03776,0,7862,11.5,6.61,61.0,61.0,6.69,277.86,6.2,8,99900.0,9999999
03776,0,7863,11.2,6.75,6.0,6.0,6.69,279.49,5.1,8,99800.0,9999999
03776,0,7864,10.4,7.19,0.0,0.0,6.69,278.89,4.6,8,99800.0,9999999
03776,0,7865,10.6,7.19,0.0,0.0,6.69,279.09,5.7,8,99700.0,9999999
03776,0,7866,10.6,7.14,0.0,0.0,6.69,279.09,6.2,8,99700.0,9999999
03776,0,7867,10.2,7.14,0.0,0.0,6.69,278.68,6.2,8,99700.0,9999999
03776,0,7868,10.5,7.09,0.0,0.0,6.69,279.09,5.7,8,99600.0,9999999
03776,0,7869,10.7,7.24,0.0,0.0,6.69,279.29,5.4,8,99600.0,9999999
03776,0,7870,11.0,7.34,0.0,0.0,6.69,279.7,5.1,8,99500.0,9999999
03776,0,7871,11.3,7.19,0.0,0.0,6.69,273.44,5.1,8,99500.0,9999999
03776,0,7872,11.5,7.29,0.0,0.0,6.69,274.73,4.6,8,99500.0,9999999
03776,0,7873,11.5,7.29,0.0,0.0,6.69,278.07,5.7,8,99500.0,9999999
03776,0,7874,11.7,7.29,0.0,0.0,6.69,278.27,5.1,8,99500.0,9999999
03776,0,7875,11.6,7.24,0.0,0.0,6.69,278.27,5.1,8,99500.0,9999999
03776,0,7876,11.6,7.34,0.0,0.0,6.69,278.27,4.6,8,99400.0,9999999
03776,0,7877,11.9,7.39,0.0,0.0,6.69,280.5,4.6,8,99400.0,9999999
03776,0,7878,12.0,7.44,0.0,0.0,6.69,278.68,4.1,8,99500.0,9999999
03776,0,7879,12.0,7.34,2.0,2.0,6.69,278.68,4.1,8,99500.0,9999999
03776,0,7880,11.7,7.54,30.0,30.0,6.69,278.48,4.6,8,99500.0,9999999
03776,0,7881,11.5,7.7,79.0,77.0,6.69,278.27,4.6,8,99500.0,9999999
03776,0,7882,11.5,7.86,117.0,112.0,6.69,278.48,4.1,8,99500.0,9999999
03776,0,7883,11.5,7.7,135.0,128.0,6.69,278.27,4.6,8,99500.0,9999999
03776,0,7884,11.3,7.65,131.0,124.0,6.69,278.07,4.1,8,99400.0,9999999
03776,0,7885,11.4,7.59,104.0,100.0,6.69,275.58,4.6,8,99400.0,9999999
03776,0,7886,11.3,7.59,60.0,60.0,6.69,278.07,3.1,8,99400.0,9999999
03776,0,7887,11.2,7.54,15.0,15.0,6.69,278.07,3.1,8,99400.0,9999999
03776,0,7888,10.9,7.49,0.0,0.0,6.69,277.66,3.1,8,99400.0,9999999
03776,0,7889,10.9,7.34,0.0,0.0,6.69,274.3,3.6,7,99400.0,9999999
03776,0,7890,10.9,7.34,0.0,0.0,6.69,274.94,2.1,8,99400.0,9999999
03776,0,7891,11.8,7.39,0.0,0.0,6.69,275.15,4.1,8,99400.0,9999999
03776,0,7892,11.3,7.7,0.0,0.0,6.69,280.1,4.1,7,99300.0,9999999
03776,0,7893,11.3,7.59,0.0,0.0,6.69,280.1,4.1,8,99300.0,9999999
03776,0,7894,10.2,6.85,0.0,0.0,6.69,278.68,3.1,8,99300.0,9999999
03776,0,7895,9.7,7.09,0.0,0.0,6.69,273.01,2.1,8,99300.0,9999999
03776,0,7896,9.9,7.09,0.0,0.0,6.69,276.41,1.5,7,99300.0,9999999
03776,0,7897,9.8,7.04,0.0,0.0,6.69,276.41,1.5,7,99300.0,9999999
03776,0,7898,9.9,6.66,0.0,0.0,6.69,272.36,3.1,8,99200.0,9999999
03776,0,7899,9.6,6.85,0.0,0.0,6.69,272.8,1.5,7,99200.0,9999999
03776,0,7900,9.5,7.09,0.0,0.0,6.69,278.07,2.1,7,99200.0,9999999
03776,0,7901,9.4,7.04,0.0,0.0,6.69,277.86,2.1,8,99200.0,9999999
03776,0,7902,8.8,6.71,0.0,0.0,6.69,272.8,1.5,9,99200.0,9999999
03776,0,7903,8.5,6.61,1.0,1.0,6.69,271.04,1.0,8,99200.0,9999999
03776,0,7904,8.6,6.66,11.0,11.0,6.69,270.6,1.0,7,99300.0,9999999
03776,0,7905,8.8,6.52,30.0,30.0,6.69,272.58,1.5,7,99300.0,9999999
03776,0,7906,9.0,6.61,45.0,45.0,6.69,272.8,1.0,8,99300.0,9999999
03776,0,7907,9.8,6.71,52.0,52.0,6.69,272.36,1.5,7,99300.0,9999999
03776,0,7908,9.9,6.04,130.0,120.0,6.69,273.44,2.6,8,99200.0,9999999
03776,0,7909,10.4,5.74,103.0,99.0,6.69,273.01,4.1,9,99200.0,9999999
03776,0,7910,10.5,5.38,59.0,59.0,6.69,272.14,4.1,9,99300.0,9999999
03776,0,7911,9.1,5.11,26.0,24.0,6.69,269.03,3.1,8,99300.0,9999999
03776,0,7912,8.0,5.11,0.0,0.0,6.69,267.89,1.5,8,99300.0,9999999
03776,0,7913,8.1,4.97,0.0,0.0,6.69,266.96,3.1,8,99300.0,9999999
03776,0,7914,9.4,5.15,0.0,0.0,6.69,274.94,3.6,8,99300.0,9999999
03776,0,7915,9.8,5.66,0.0,0.0,6.69,272.36,4.6,8,99300.0,9999999
03776,0,7916,9.7,5.58,0.0,0.0,6.69,271.04,5.7,8,99300.0,9999999
03776,0,7917,10.1,5.46,0.0,0.0,6.69,273.23,5.1,8,99300.0,9999999
03776,0,7918,10.0,5.62,0.0,0.0,6.69,273.23,5.9,8,99200.0,9999999
03776,0,7919,10.0,5.74,0.0,0.0,6.69,273.44,6.7,8,99200.0,9999999
03776,0,7920,9.6,6.12,0.0,0.0,6.69,275.79,5.1,8,99200.0,9999999
03776,0,7921,9.8,6.04,0.0,0.0,6.69,275.79,5.7,8,99200.0,9999999
03776,0,7922,9.9,6.04,0.0,0.0,6.69,276.0,6.2,8,99200.0,9999999
03776,0,7923,9.4,6.43,0.0,0.0,6.69,275.79,4.6,8,99200.0,9999999
03776,0,7924,9.4,6.3,0.0,0.0,6.69,271.7,5.7,8,99200.0,9999999
03776,0,7925,9.7,6.12,0.0,0.0,6.69,272.58,5.1,8,99200.0,9999999
03776,0,7926,9.4,6.43,0.0,0.0,6.69,275.79,6.7,8,99200.0,9999999
03776,0,7927,9.7,6.39,1.0,1.0,6.69,273.44,6.7,8,99200.0,9999999
03776,0,7928,9.9,6.3,28.0,28.0,6.69,276.21,6.7,8,99300.0,9999999
03776,0,7929,9.6,6.61,76.0,75.0,6.69,276.0,4.6,8,99300.0,9999999
03776,0,7930,10.1,6.39,140.0,116.0,6.69,273.87,5.6,8,99400.0,9999999
03776,0,7931,10.7,6.16,188.0,135.0,6.69,272.8,6.7,8,99400.0,9999999
03776,0,7932,11.0,5.91,182.0,138.0,6.69,273.66,5.1,8,99500.0,9999999
03776,0,7933,10.9,6.16,171.0,86.0,6.69,273.01,5.1,8,99500.0,9999999
03776,0,7934,9.9,5.99,82.0,67.0,6.69,273.44,3.6,10,99600.0,9999999
03776,0,7935,7.6,5.91,23.0,23.0,6.69,269.7,1.5,8,99700.0,9999999
03776,0,7936,7.7,5.99,0.0,0.0,6.69,269.93,2.1,8,99700.0,9999999
03776,0,7937,7.7,5.66,0.0,0.0,6.69,269.25,3.6,9,99800.0,9999999
03776,0,7938,7.4,5.82,0.0,0.0,6.69,270.15,1.5,7,99800.0,9999999
03776,0,7939,7.1,5.66,0.0,0.0,6.69,268.57,1.0,10,99900.0,9999999
03776,0,7940,6.9,5.66,0.0,0.0,6.69,267.2,0.0,0,99900.0,9999999
03776,0,7941,6.1,5.54,0.0,0.0,6.69,266.5,1.5,6,100000.0,9999999
03776,0,7942,4.9,5.19,0.0,0.0,6.69,265.09,1.0,2,100000.0,9999999
03776,0,7943,4.1,4.97,0.0,0.0,6.69,263.18,0.0,0,100000.0,9999999
03776,0,7944,2.3,4.35,0.0,0.0,6.69,261.22,0.0,0,100000.0,9999999
03776,0,7945,0.8,3.79,0.0,0.0,6.69,261.47,0.0,0,100100.0,9999999
03776,0,7946,5.1,5.34,0.0,0.0,6.69,265.33,2.6,7,100100.0,9999999
03776,0,7947,7.1,5.7,0.0,0.0,6.69,267.43,2.6,7,100100.0,9999999
03776,0,7948,7.0,5.62,0.0,0.0,6.69,266.5,2.1,6,100100.0,9999999
03776,0,7949,6.9,5.7,0.0,0.0,6.69,269.48,1.5,7,100100.0,9999999
03776,0,7950,8.7,6.3,0.0,0.0,6.69,274.94,2.6,7,100100.0,9999999
03776,0,7951,9.0,6.48,1.0,1.0,6.69,275.36,5.1,7,100200.0,9999999
03776,0,7952,9.3,6.8,26.0,26.0,6.69,275.79,2.6,7,100300.0,9999999
03776,0,7953,9.6,6.85,74.0,73.0,6.69,276.0,2.6,7,100300.0,9999999
03776,0,7954,10.1,6.57,159.0,106.0,6.69,273.87,3.6,7,100400.0,9999999
03776,0,7955,10.1,6.61,185.0,141.0,6.69,273.87,3.1,7,100400.0,9999999
03776,0,7956,10.6,6.71,179.0,137.0,6.69,274.52,3.1,7,100400.0,9999999
03776,0,7957,10.3,6.66,100.0,95.0,6.69,274.09,3.6,7,100400.0,9999999
03776,0,7958,10.1,6.57,57.0,57.0,6.69,276.41,3.1,6,100400.0,9999999
03776,0,7959,9.9,6.57,13.0,13.0,6.69,276.21,3.1,6,100400.0,9999999
03776,0,7960,9.7,6.48,0.0,0.0,6.69,276.0,2.6,6,100400.0,9999999
03776,0,7961,9.7,6.57,0.0,0.0,6.69,278.07,3.1,6,100500.0,9999999
03776,0,7962,10.0,6.34,0.0,0.0,6.69,276.21,3.1,6,100500.0,9999999
03776,0,7963,9.7,6.71,0.0,0.0,6.69,278.07,3.1,6,100600.0,9999999
03776,0,7964,9.9,6.39,0.0,0.0,6.69,276.21,4.6,6,100600.0,9999999
03776,0,7965,9.8,6.52,0.0,0.0,6.69,276.21,3.6,6,100600.0,9999999
03776,0,7966,9.6,6.71,0.0,0.0,6.69,276.0,2.6,7,100700.0,9999999
03776,0,7967,9.4,6.61,0.0,0.0,6.69,275.79,2.6,6,100700.0,9999999
03776,0,7968,9.5,6.48,0.0,0.0,6.69,275.79,2.6,6,100700.0,9999999
03776,0,7969,9.5,6.48,0.0,0.0,6.69,275.79,2.6,7,100700.0,9999999
03776,0,7970,9.6,6.34,0.0,0.0,6.69,275.79,2.6,6,100700.0,9999999
03776,0,7971,9.5,6.39,0.0,0.0,6.69,275.79,2.1,7,100800.0,9999999
03776,0,7972,9.2,6.43,0.0,0.0,6.69,275.58,1.5,8,100800.0,9999999
03776,0,7973,8.7,6.43,0.0,0.0,6.69,269.48,1.0,4,100800.0,9999999
03776,0,7974,8.7,6.39,0.0,0.0,6.69,270.6,3.1,3,100900.0,9999999
03776,0,7975,8.5,6.3,0.0,0.0,6.69,270.37,2.1,4,100900.0,9999999
03776,0,7976,8.8,6.43,25.0,25.0,6.69,270.6,2.1,4,101000.0,9999999
03776,0,7977,9.8,6.61,73.0,72.0,6.69,272.14,3.1,5,101000.0,9999999
03776,0,7978,10.8,6.43,111.0,106.0,6.69,273.01,2.6,6,101100.0,9999999
03776,0,7979,10.6,6.21,130.0,123.0,6.69,271.04,3.1,5,101100.0,9999999
03776,0,7980,10.6,6.04,178.0,116.0,6.69,270.15,2.6,6,101100.0,9999999
03776,0,7981,10.6,5.91,141.0,110.0,6.69,269.93,2.1,5,101100.0,9999999
03776,0,7982,10.4,5.74,56.0,56.0,6.69,269.7,2.6,6,101100.0,9999999
03776,0,7983,9.3,5.38,13.0,13.0,6.69,268.57,2.1,6,101100.0,9999999
03776,0,7984,8.1,5.38,0.0,0.0,6.69,267.43,1.0,4,101200.0,9999999
03776,0,7985,7.1,5.42,0.0,0.0,6.69,266.5,1.0,4,101200.0,9999999
03776,0,7986,6.8,5.38,0.0,0.0,6.69,266.03,1.5,4,101200.0,9999999
03776,0,7987,6.0,5.23,0.0,0.0,6.69,263.9,1.5,3,101200.0,9999999
03776,0,7988,5.0,4.93,0.0,0.0,6.69,264.14,1.0,4,101200.0,9999999
03776,0,7989,5.6,5.15,0.0,0.0,6.69,267.43,1.2,4,101200.0,9999999
03776,0,7990,6.3,5.38,0.0,0.0,6.69,272.14,1.5,7,101300.0,9999999
03776,0,7991,4.8,4.93,0.0,0.0,6.69,266.03,1.5,4,101200.0,9999999
03776,0,7992,4.0,4.82,0.0,0.0,6.69,263.18,1.0,4,101300.0,9999999
03776,0,7993,3.5,4.58,0.0,0.0,6.69,262.45,1.0,4,101300.0,9999999
03776,0,7994,2.6,4.35,0.0,0.0,6.69,261.47,1.5,2,101300.0,9999999
03776,0,7995,4.0,4.82,0.0,0.0,6.69,269.48,2.6,4,101300.0,9999999
03776,0,7996,5.1,4.97,0.0,0.0,6.69,272.58,3.1,5,101300.0,9999999
03776,0,7997,4.6,4.68,0.0,0.0,6.69,271.92,3.6,4,101200.0,9999999
03776,0,7998,4.7,4.82,0.0,0.0,6.69,272.14,2.6,4,101300.0,9999999
03776,0,7999,4.9,4.89,0.0,0.0,6.69,272.36,2.6,4,101300.0,9999999
03776,0,8000,5.2,4.97,9.0,9.0,6.69,272.58,2.6,5,101300.0,9999999
03776,0,8001,5.4,4.93,28.0,28.0,6.69,272.8,3.6,5,101300.0,9999999
03776,0,8002,5.9,5.0,43.0,43.0,6.69,273.44,3.1,5,101300.0,9999999
03776,0,8003,6.1,5.19,50.0,50.0,6.69,273.66,2.6,4,101300.0,9999999
03776,0,8004,6.5,5.34,49.0,49.0,6.69,274.09,3.1,5,101300.0,9999999
03776,0,8005,6.8,5.5,38.0,38.0,6.69,274.52,3.1,4,101200.0,9999999
03776,0,8006,7.2,5.54,55.0,55.0,6.69,273.01,2.6,5,101200.0,9999999
03776,0,8007,7.2,5.42,13.0,13.0,6.69,273.01,3.1,5,101200.0,9999999
03776,0,8008,7.1,5.38,0.0,0.0,6.69,272.8,2.1,4,101200.0,9999999
03776,0,8009,7.2,5.54,0.0,0.0,6.69,273.01,3.1,4,101200.0,9999999
03776,0,8010,8.0,5.74,0.0,0.0,6.69,273.87,3.6,5,101100.0,9999999
03776,0,8011,7.8,5.7,0.0,0.0,6.69,273.66,3.6,5,101200.0,9999999
03776,0,8012,7.6,5.62,0.0,0.0,6.69,273.44,3.1,5,101200.0,9999999
03776,0,8013,7.1,5.42,0.0,0.0,6.69,272.8,4.1,6,101400.0,9999999
03776,0,8014,6.1,5.11,0.0,0.0,6.69,271.7,3.1,6,101600.0,9999999
03776,0,8015,4.8,4.72,0.0,0.0,6.69,272.14,2.6,6,101900.0,9999999
03776,0,8016,3.2,4.28,0.0,0.0,4.7,265.8,0.0,0,102200.0,9999999
03776,0,8017,1.8,3.94,0.0,0.0,4.7,266.73,0.0,0,102500.0,9999999
03776,0,8018,0.8,3.7,0.0,0.0,4.7,263.18,0.0,0,102700.0,9999999
03776,0,8019,0.3,3.59,0.0,0.0,4.7,258.71,1.0,1,102800.0,9999999
03776,0,8020,0.0,3.51,0.0,0.0,4.7,258.45,1.5,3,102900.0,9999999
03776,0,8021,-0.2,3.45,0.0,0.0,4.7,258.2,1.0,4,102900.0,9999999
03776,0,8022,0.0,3.62,0.0,0.0,4.7,257.17,1.0,4,102900.0,9999999
03776,0,8023,0.0,3.53,1.0,1.0,4.7,258.45,2.1,3,103000.0,9999999
03776,0,8024,-0.1,3.51,35.0,32.0,4.7,256.91,2.1,4,103000.0,9999999
03776,0,8025,0.4,3.76,122.0,85.0,4.7,257.69,1.5,3,103100.0,9999999
03776,0,8026,1.1,3.88,168.0,103.0,4.7,259.72,1.5,1,103100.0,9999999
03776,0,8027,3.9,4.38,167.0,128.0,4.7,261.47,1.0,4,103000.0,9999999
03776,0,8028,6.4,4.35,219.0,114.0,4.7,263.9,2.1,7,103000.0,9999999
03776,0,8029,5.8,4.06,170.0,77.0,4.7,262.93,2.6,6,102900.0,9999999
03776,0,8030,4.7,3.91,90.0,57.0,4.7,261.96,2.3,6,103000.0,9999999
03776,0,8031,3.7,3.76,18.0,18.0,4.7,260.72,2.1,6,103000.0,9999999
03776,0,8032,2.6,3.67,0.0,0.0,4.7,259.72,1.0,5,103000.0,9999999
03776,0,8033,1.8,3.59,0.0,0.0,4.7,258.96,1.0,5,103000.0,9999999
03776,0,8034,1.1,3.53,0.0,0.0,4.7,258.2,0.5,4,103100.0,9999999
03776,0,8035,0.1,3.43,0.0,0.0,4.7,257.17,0.5,4,103100.0,9999999
03776,0,8036,-0.3,3.37,0.0,0.0,4.7,256.65,0.5,4,103100.0,9999999
03776,0,8037,-0.7,3.27,0.0,0.0,4.7,256.12,1.0,3,103000.0,9999999
03776,0,8038,-1.2,3.32,0.0,0.0,4.7,255.86,0.5,4,103000.0,9999999
03776,0,8039,-1.7,3.12,0.0,0.0,4.7,255.07,0.5,4,103000.0,9999999
03776,0,8040,-1.9,2.97,0.0,0.0,4.7,254.8,1.0,4,103000.0,9999999
03776,0,8041,-1.9,2.97,0.0,0.0,4.7,254.8,0.5,4,103000.0,9999999
03776,0,8042,-2.1,2.92,0.0,0.0,4.7,254.54,1.5,3,102900.0,9999999
03776,0,8043,-2.4,2.92,0.0,0.0,4.7,254.27,1.5,3,102900.0,9999999
03776,0,8044,-2.7,2.83,0.0,0.0,4.7,254.0,1.0,2,102900.0,9999999
03776,0,8045,-2.9,2.85,0.0,0.0,4.7,253.73,1.0,4,102900.0,9999999
03776,0,8046,-3.4,2.67,0.0,0.0,4.7,254.27,0.0,0,102900.0,9999999
03776,0,8047,-2.6,2.88,1.0,1.0,4.7,254.0,0.5,4,102900.0,9999999
03776,0,8048,-1.3,3.07,29.0,29.0,4.7,255.6,0.0,0,102900.0,9999999
03776,0,8049,-0.1,3.29,103.0,62.0,4.7,256.91,1.0,3,103000.0,9999999
03776,0,8050,1.7,3.45,139.0,114.0,4.7,258.71,0.0,0,102900.0,9999999
03776,0,8051,4.5,4.15,165.0,133.0,4.7,261.96,1.0,5,102900.0,9999999
03776,0,8052,6.1,4.18,160.0,129.0,4.7,263.42,2.1,8,102800.0,9999999
03776,0,8053,6.4,4.22,88.0,86.0,4.7,263.66,1.5,8,102800.0,9999999
03776,0,8054,6.2,4.03,66.0,60.0,4.7,263.42,1.5,8,102700.0,9999999
03776,0,8055,4.7,4.22,18.0,18.0,4.7,262.2,1.5,7,102700.0,9999999
03776,0,8056,3.3,4.06,0.0,0.0,4.7,260.72,1.0,6,102800.0,9999999
03776,0,8057,2.7,3.85,0.0,0.0,4.7,259.97,1.0,6,102700.0,9999999
03776,0,8058,0.3,3.45,0.0,0.0,4.7,257.43,1.0,3,102800.0,9999999
03776,0,8059,0.4,3.59,0.0,0.0,4.7,257.43,0.5,4,102800.0,9999999
03776,0,8060,-0.2,3.43,0.0,0.0,4.7,256.91,0.0,0,102800.0,9999999
03776,0,8061,-0.7,3.32,0.0,0.0,4.7,256.39,0.5,1,102800.0,9999999
03776,0,8062,-2.5,2.97,0.0,0.0,4.7,254.27,0.0,0,102700.0,9999999
03776,0,8063,-3.1,2.81,0.0,0.0,4.7,253.46,0.5,14,102700.0,9999999
03776,0,8064,-3.6,2.67,0.0,0.0,4.7,252.92,0.5,3,102700.0,9999999
03776,0,8065,-3.1,2.74,0.0,0.0,4.7,253.46,0.5,4,102700.0,9999999
03776,0,8066,-3.8,2.63,0.0,0.0,4.7,252.64,0.5,2,102700.0,9999999
03776,0,8067,-4.1,2.48,0.0,0.0,4.7,252.37,0.0,0,102600.0,9999999
03776,0,8068,-4.1,2.57,0.0,0.0,4.7,252.37,0.5,2,102600.0,9999999
03776,0,8069,-5.1,2.35,0.0,0.0,4.7,251.26,0.0,0,102600.0,9999999
03776,0,8070,-4.6,2.46,0.0,0.0,4.7,251.82,0.0,0,102600.0,9999999
03776,0,8071,-4.1,2.57,1.0,1.0,4.7,252.37,0.0,0,102700.0,9999999
03776,0,8072,-3.6,2.67,28.0,28.0,4.7,252.92,0.0,0,102700.0,9999999
03776,0,8073,-1.0,3.02,101.0,61.0,4.7,255.86,0.0,0,102700.0,9999999
03776,0,8074,2.1,3.73,137.0,113.0,4.7,259.22,0.0,0,102700.0,9999999
03776,0,8075,3.7,3.97,164.0,125.0,4.7,260.97,0.0,0,102600.0,9999999
03776,0,8076,4.5,4.03,189.0,104.0,4.7,261.71,0.5,3,102600.0,9999999
03776,0,8077,6.3,4.25,166.0,74.0,4.7,263.66,1.0,2,102500.0,9999999
03776,0,8078,6.2,4.58,90.0,56.0,4.7,263.66,0.0,0,102500.0,9999999
03776,0,8079,4.1,4.18,18.0,18.0,4.7,262.69,0.0,0,102500.0,9999999
03776,0,8080,0.8,3.62,0.0,0.0,4.7,259.22,0.0,0,102500.0,9999999
03776,0,8081,-0.5,3.4,0.0,0.0,4.7,257.69,0.0,0,102500.0,9999999
03776,0,8082,-1.5,3.24,0.0,0.0,4.7,256.65,0.0,0,102500.0,9999999
03776,0,8083,-2.0,3.07,0.0,0.0,4.7,256.12,0.0,0,102500.0,9999999
03776,0,8084,-2.5,2.9,0.0,0.0,4.7,255.33,0.0,0,102500.0,9999999
03776,0,8085,-3.2,2.79,0.0,0.0,4.7,253.46,0.0,0,102500.0,9999999
03776,0,8086,-3.4,2.74,0.0,0.0,4.7,253.19,0.0,0,102500.0,9999999
03776,0,8087,-4.1,2.57,0.0,0.0,4.7,252.37,0.0,0,102500.0,9999999
03776,0,8088,-4.9,2.38,0.0,0.0,4.7,251.26,0.0,0,102400.0,9999999
03776,0,8089,-5.2,2.31,0.0,0.0,4.7,250.99,0.0,0,102400.0,9999999
03776,0,8090,-5.4,2.27,0.0,0.0,4.7,250.71,0.0,0,102400.0,9999999
03776,0,8091,-5.4,2.27,0.0,0.0,4.7,250.71,0.0,0,102400.0,9999999
03776,0,8092,-4.6,2.44,0.0,0.0,4.7,251.82,0.0,0,102400.0,9999999
03776,0,8093,-5.5,2.25,0.0,0.0,4.7,250.71,0.0,0,102400.0,9999999
03776,0,8094,-5.1,2.35,0.0,0.0,4.7,251.26,0.0,0,102400.0,9999999
03776,0,8095,-5.5,2.25,0.0,0.0,4.7,251.82,0.0,0,102400.0,9999999
03776,0,8096,-4.3,2.44,32.0,29.0,4.7,252.09,0.0,0,102400.0,9999999
03776,0,8097,-1.8,2.85,115.0,81.0,4.7,254.8,0.0,0,102400.0,9999999
03776,0,8098,0.4,2.81,188.0,88.0,4.7,256.91,0.0,0,102400.0,9999999
03776,0,8099,6.2,4.31,223.0,101.0,4.7,263.66,0.5,9,102300.0,9999999
03776,0,8100,9.0,4.89,216.0,100.0,4.7,266.5,2.6,9,102200.0,9999999
03776,0,8101,9.2,4.61,168.0,73.0,4.7,266.5,2.1,9,102200.0,9999999
03776,0,8102,8.8,4.44,89.0,55.0,4.7,266.03,1.5,8,102100.0,9999999
03776,0,8103,7.2,4.54,18.0,18.0,4.7,264.62,1.0,9,102200.0,9999999
03776,0,8104,5.3,4.35,0.0,0.0,4.7,262.69,1.0,9,102200.0,9999999
03776,0,8105,3.2,3.94,0.0,0.0,4.7,260.47,0.5,11,102100.0,9999999
03776,0,8106,1.7,3.65,0.0,0.0,4.7,258.71,1.0,8,102200.0,9999999
03776,0,8107,-0.1,3.53,0.0,0.0,4.7,257.17,0.5,8,102200.0,9999999
03776,0,8108,-0.1,3.59,0.0,0.0,4.7,257.17,1.0,8,102100.0,9999999
03776,0,8109,-0.8,3.32,0.0,0.0,4.7,256.12,0.5,8,102100.0,9999999
03776,0,8110,-1.2,3.22,0.0,0.0,4.7,255.6,0.0,0,102100.0,9999999
03776,0,8111,-1.5,3.24,0.0,0.0,4.7,255.6,0.0,0,102000.0,9999999
03776,0,8112,-1.5,3.17,0.0,0.0,4.7,255.33,1.0,6,102000.0,9999999
03776,0,8113,-1.8,3.09,0.0,0.0,4.7,255.07,0.0,0,101900.0,9999999
03776,0,8114,-1.6,3.14,0.0,0.0,4.7,255.33,1.0,16,101900.0,9999999
03776,0,8115,-2.7,2.9,0.0,0.0,4.7,254.0,0.0,0,101900.0,9999999
03776,0,8116,-2.8,2.88,0.0,0.0,4.7,254.0,0.0,0,101900.0,9999999
03776,0,8117,-2.6,2.95,0.0,0.0,4.7,254.27,1.0,16,101900.0,9999999
03776,0,8118,-2.2,3.04,0.0,0.0,4.7,254.54,1.0,15,101800.0,9999999
03776,0,8119,-2.9,2.85,0.0,0.0,4.7,253.73,0.5,1,101900.0,9999999
03776,0,8120,-1.3,3.14,31.0,28.0,4.7,256.91,0.0,0,101900.0,9999999
03776,0,8121,1.3,3.67,110.0,79.0,4.7,258.45,0.5,12,101900.0,9999999
03776,0,8122,7.9,5.58,179.0,77.0,4.7,266.03,2.6,10,101800.0,9999999
03776,0,8123,9.3,5.99,215.0,104.0,4.7,268.8,2.6,10,101800.0,9999999
03776,0,8124,10.2,6.04,212.0,100.0,4.7,269.7,2.6,10,101700.0,9999999
03776,0,8125,10.1,6.08,120.0,92.0,4.7,273.66,2.6,9,101700.0,9999999
03776,0,8126,8.7,6.04,45.0,45.0,4.7,274.73,1.5,9,101600.0,9999999
03776,0,8127,7.8,5.78,9.0,9.0,4.7,270.37,2.6,9,101700.0,9999999
03776,0,8128,7.3,5.78,0.0,0.0,4.7,269.93,0.5,14,101700.0,9999999
03776,0,8129,6.6,5.58,0.0,0.0,4.7,274.3,1.0,10,101700.0,9999999
03776,0,8130,6.7,5.99,0.0,0.0,4.7,274.73,0.5,9,101700.0,9999999
03776,0,8131,7.1,5.95,0.0,0.0,4.7,275.15,2.1,16,101800.0,9999999
03776,0,8132,6.5,5.62,0.0,0.0,4.7,272.36,0.5,16,101800.0,9999999
03776,0,8133,5.6,5.42,0.0,0.0,4.7,267.66,0.0,0,101900.0,9999999
03776,0,8134,6.2,5.5,0.0,0.0,4.7,268.8,3.6,15,101900.0,9999999
03776,0,8135,6.2,5.3,0.0,0.0,4.7,271.92,3.6,15,102000.0,9999999
03776,0,8136,5.1,5.08,0.0,0.0,4.7,267.43,2.6,15,102000.0,9999999
03776,0,8137,4.1,4.86,0.0,0.0,4.7,266.27,1.5,15,102000.0,9999999
03776,0,8138,4.1,4.75,0.0,0.0,4.7,269.48,1.5,15,102100.0,9999999
03776,0,8139,3.3,4.58,0.0,0.0,4.7,268.57,2.6,14,102100.0,9999999
03776,0,8140,3.2,4.65,0.0,0.0,4.7,268.57,2.6,15,102200.0,9999999
03776,0,8141,2.6,4.35,0.0,0.0,4.7,261.47,2.1,15,102200.0,9999999
03776,0,8142,2.4,4.28,0.0,0.0,4.7,259.97,2.6,16,102300.0,9999999
03776,0,8143,1.9,4.18,0.0,0.0,4.7,259.47,2.1,15,102300.0,9999999
03776,0,8144,2.0,4.15,15.0,15.0,4.7,260.72,2.6,14,102400.0,9999999
03776,0,8145,2.6,4.28,56.0,56.0,4.7,261.47,3.6,14,102400.0,9999999
03776,0,8146,4.2,4.31,93.0,92.0,4.7,262.93,2.1,16,102500.0,9999999
03776,0,8147,4.9,4.18,112.0,109.0,4.7,263.42,3.6,16,102500.0,9999999
03776,0,8148,5.6,4.25,109.0,106.0,4.7,262.93,3.1,16,102400.0,9999999
03776,0,8149,5.8,4.38,142.0,97.0,4.7,263.18,2.1,15,102400.0,9999999
03776,0,8150,4.9,4.09,75.0,65.0,4.7,262.2,3.1,16,102500.0,9999999
03776,0,8151,3.6,4.12,16.0,16.0,4.7,260.97,2.1,15,102500.0,9999999
03776,0,8152,2.2,3.88,0.0,0.0,4.7,259.47,1.5,15,102600.0,9999999
03776,0,8153,1.2,3.73,0.0,0.0,4.7,258.45,2.1,15,102600.0,9999999
03776,0,8154,0.4,3.59,0.0,0.0,4.7,257.43,2.1,14,102700.0,9999999
03776,0,8155,0.3,3.62,0.0,0.0,4.7,257.43,2.1,15,102700.0,9999999
03776,0,8156,0.2,3.65,0.0,0.0,4.7,257.43,2.1,15,102800.0,9999999
03776,0,8157,-0.8,3.37,0.0,0.0,4.7,256.12,0.0,0,102800.0,9999999
03776,0,8158,-2.5,2.9,0.0,0.0,4.7,254.27,0.0,0,102800.0,9999999
03776,0,8159,-3.2,2.81,0.0,0.0,4.7,253.46,0.0,0,102800.0,9999999
03776,0,8160,-3.5,2.7,0.0,0.0,4.7,253.19,0.0,0,102800.0,9999999
03776,0,8161,-4.3,2.53,0.0,0.0,4.7,252.09,1.0,9,102800.0,9999999
03776,0,8162,-4.5,2.46,0.0,0.0,4.7,251.82,0.0,0,102800.0,9999999
03776,0,8163,-4.7,2.42,0.0,0.0,4.7,251.54,0.0,0,102800.0,9999999
03776,0,8164,-5.1,2.35,0.0,0.0,4.7,251.26,0.0,0,102800.0,9999999
03776,0,8165,-5.5,2.25,0.0,0.0,4.7,250.71,0.0,0,102900.0,9999999
03776,0,8166,-5.6,2.23,0.0,0.0,4.7,250.43,0.0,0,102900.0,9999999
03776,0,8167,-5.9,2.18,0.0,0.0,4.7,250.15,0.0,0,102900.0,9999999
03776,0,8168,-5.0,2.36,29.0,27.0,4.7,251.26,0.5,8,102900.0,9999999
03776,0,8169,-1.8,2.92,109.0,98.0,4.7,254.8,0.0,0,102900.0,9999999
03776,0,8170,0.5,3.09,181.0,85.0,4.7,257.17,0.0,0,102900.0,9999999
03776,0,8171,4.4,3.59,218.0,110.0,4.7,262.45,0.0,0,102800.0,9999999
03776,0,8172,5.5,3.7,211.0,109.0,4.7,264.62,1.5,10,102800.0,9999999
03776,0,8173,5.7,3.79,119.0,97.0,4.7,267.2,2.1,10,102800.0,9999999
03776,0,8174,4.3,3.82,44.0,44.0,4.7,262.69,1.5,9,102700.0,9999999
03776,0,8175,3.5,3.73,12.0,12.0,4.7,261.71,0.5,8,102700.0,9999999
03776,0,8176,1.3,3.53,0.0,0.0,4.7,259.47,0.0,0,102700.0,9999999
03776,0,8177,-0.7,3.19,0.0,0.0,4.7,257.43,0.0,0,102600.0,9999999
03776,0,8178,-1.2,3.12,0.0,0.0,4.7,256.91,0.0,0,102600.0,9999999
03776,0,8179,-1.2,3.24,0.0,0.0,4.7,259.97,0.0,0,102600.0,9999999
03776,0,8180,-0.4,3.43,0.0,0.0,4.7,264.14,0.0,0,102500.0,9999999
03776,0,8181,0.7,3.56,0.0,0.0,4.7,267.2,0.0,0,102500.0,9999999
03776,0,8182,1.6,3.85,0.0,0.0,4.7,263.9,2.1,9,102400.0,9999999
03776,0,8183,4.8,4.68,0.0,0.0,4.7,272.14,2.6,9,102400.0,9999999
03776,0,8184,5.4,4.61,0.0,0.0,4.7,272.58,3.1,10,102300.0,9999999
03776,0,8185,5.8,4.54,0.0,0.0,4.7,273.01,4.6,9,102200.0,9999999
03776,0,8186,5.7,4.41,0.0,0.0,4.7,272.8,5.1,9,102100.0,9999999
03776,0,8187,5.9,4.72,0.0,0.0,4.7,273.23,3.6,9,102000.0,9999999
03776,0,8188,6.6,5.46,0.0,0.0,4.7,274.3,2.6,9,101900.0,9999999
03776,0,8189,7.2,5.91,0.0,0.0,4.7,275.15,2.6,9,101900.0,9999999
03776,0,8190,7.8,6.16,0.0,0.0,4.7,276.0,3.6,10,101800.0,9999999
03776,0,8191,8.3,6.12,0.0,0.0,4.7,276.41,3.6,10,101700.0,9999999
03776,0,8192,8.6,6.3,6.0,6.0,4.7,276.83,4.1,9,101700.0,9999999
03776,0,8193,8.8,6.48,21.0,21.0,4.7,277.04,4.1,9,101600.0,9999999
03776,0,8194,9.2,6.52,35.0,35.0,4.7,277.45,5.1,10,101500.0,9999999
03776,0,8195,9.1,6.8,43.0,43.0,4.7,277.45,5.1,9,101400.0,9999999
03776,0,8196,9.2,7.04,42.0,42.0,4.7,277.66,5.7,10,101300.0,9999999
03776,0,8197,9.3,6.99,32.0,32.0,4.7,277.86,5.1,10,101200.0,9999999
03776,0,8198,9.5,6.99,17.0,17.0,4.7,278.07,5.7,10,101000.0,9999999
03776,0,8199,9.4,6.99,3.0,3.0,4.7,277.86,5.7,10,101000.0,9999999
03776,0,8200,9.4,7.14,0.0,0.0,4.7,278.07,6.2,10,100900.0,9999999
03776,0,8201,9.6,7.14,0.0,0.0,4.7,278.07,6.2,9,100700.0,9999999
03776,0,8202,9.6,7.14,0.0,0.0,4.7,278.07,6.7,10,100600.0,9999999
03776,0,8203,9.8,7.34,0.0,0.0,4.7,278.48,6.7,9,100400.0,9999999
03776,0,8204,10.0,7.44,0.0,0.0,4.7,278.68,6.7,9,100300.0,9999999
03776,0,8205,10.0,7.65,0.0,0.0,4.7,278.89,7.7,9,100100.0,9999999
03776,0,8206,10.3,7.49,0.0,0.0,4.7,279.09,7.7,9,100000.0,9999999
03776,0,8207,10.5,7.49,0.0,0.0,4.7,279.29,8.2,9,99800.0,9999999
03776,0,8208,10.2,7.44,0.0,0.0,4.7,278.89,8.2,9,99600.0,9999999
03776,0,8209,10.4,7.54,0.0,0.0,4.7,279.09,8.2,9,99400.0,9999999
03776,0,8210,10.7,7.7,0.0,0.0,4.7,279.49,7.7,9,99300.0,9999999
03776,0,8211,10.7,7.59,0.0,0.0,4.7,279.49,9.3,9,99100.0,9999999
03776,0,8212,10.8,7.65,0.0,0.0,4.7,279.49,9.8,9,98900.0,9999999
03776,0,8213,10.9,7.29,0.0,0.0,4.7,279.49,9.3,9,98700.0,9999999
03776,0,8214,9.8,6.3,0.0,0.0,4.7,272.58,9.3,10,98700.0,9999999
03776,0,8215,8.5,5.74,0.0,0.0,4.7,268.8,8.2,10,98600.0,9999999
03776,0,8216,8.5,5.62,23.0,23.0,4.7,269.93,7.7,10,98500.0,9999999
03776,0,8217,8.8,5.82,75.0,56.0,4.7,271.48,7.2,9,98400.0,9999999
03776,0,8218,9.1,5.99,89.0,88.0,4.7,272.58,7.7,9,98200.0,9999999
03776,0,8219,8.5,5.82,42.0,42.0,4.7,273.01,7.2,9,98100.0,9999999
03776,0,8220,8.3,5.91,41.0,41.0,4.7,272.8,6.2,9,98000.0,9999999
03776,0,8221,7.9,6.04,32.0,32.0,4.7,274.09,2.6,8,97900.0,9999999
03776,0,8222,8.1,5.99,17.0,17.0,4.7,274.09,2.1,6,97800.0,9999999
03776,0,8223,7.8,6.08,3.0,3.0,4.7,275.79,2.6,3,97700.0,9999999
03776,0,8224,7.5,5.95,0.0,0.0,4.7,275.58,6.2,1,97800.0,9999999
03776,0,8225,7.4,5.54,0.0,0.0,4.7,275.15,7.7,1,98000.0,9999999
03776,0,8226,7.1,5.58,0.0,0.0,4.7,274.94,8.7,16,98200.0,9999999
03776,0,8227,5.5,4.86,0.0,0.0,4.7,272.8,12.3,16,98400.0,9999999
03776,0,8228,4.8,4.68,0.0,0.0,4.7,272.14,12.9,16,98600.0,9999999
03776,0,8229,4.5,4.48,0.0,0.0,4.7,271.7,12.9,16,98900.0,9999999
03776,0,8230,4.9,4.09,0.0,0.0,4.7,271.7,12.9,16,99100.0,9999999
03776,0,8231,4.7,4.03,0.0,0.0,4.7,269.7,8.2,16,99200.0,9999999
03776,0,8232,5.2,3.17,0.0,0.0,4.7,269.25,11.3,16,99400.0,9999999
03776,0,8233,4.8,3.22,0.0,0.0,4.7,269.03,9.8,16,99500.0,9999999
03776,0,8234,4.8,3.53,0.0,0.0,4.7,266.73,9.3,16,99700.0,9999999
03776,0,8235,4.5,3.79,0.0,0.0,4.7,269.25,8.2,16,99800.0,9999999
03776,0,8236,4.2,3.7,0.0,0.0,4.7,268.8,8.2,16,99900.0,9999999
03776,0,8237,3.6,3.59,0.0,0.0,4.7,268.12,8.2,16,100100.0,9999999
03776,0,8238,3.5,3.7,0.0,0.0,4.7,268.12,8.7,16,100300.0,9999999
03776,0,8239,3.6,3.67,0.0,0.0,4.7,265.8,7.7,16,100400.0,9999999
03776,0,8240,3.3,3.56,13.0,13.0,4.7,267.89,6.7,15,100600.0,9999999
03776,0,8241,3.1,3.43,53.0,53.0,4.7,267.66,6.2,15,100700.0,9999999
03776,0,8242,2.9,3.32,90.0,89.0,4.7,264.85,5.1,15,100800.0,9999999
03776,0,8243,3.8,3.37,183.0,105.0,4.7,261.71,5.7,15,100800.0,9999999
03776,0,8244,4.0,3.09,205.0,101.0,4.7,261.71,6.2,15,100900.0,9999999
03776,0,8245,3.8,3.22,139.0,92.0,4.7,261.71,5.1,15,100900.0,9999999
03776,0,8246,3.0,2.97,43.0,43.0,4.7,260.72,5.1,15,101000.0,9999999
03776,0,8247,1.8,3.09,8.0,8.0,4.7,259.72,4.1,15,101000.0,9999999
03776,0,8248,0.7,2.95,0.0,0.0,4.7,257.17,3.6,15,101100.0,9999999
03776,0,8249,0.3,2.85,0.0,0.0,4.7,257.94,2.6,15,101100.0,9999999
03776,0,8250,0.0,2.76,0.0,0.0,4.7,256.39,3.6,14,101200.0,9999999
03776,0,8251,-0.2,2.63,0.0,0.0,4.7,256.12,2.6,14,101200.0,9999999
03776,0,8252,-1.2,2.65,0.0,0.0,4.7,255.07,1.5,12,101200.0,9999999
03776,0,8253,-2.5,2.61,0.0,0.0,4.7,254.0,1.0,10,101200.0,9999999
03776,0,8254,-3.2,2.51,0.0,0.0,4.7,253.19,1.0,9,101300.0,9999999
03776,0,8255,-3.5,2.51,0.0,0.0,4.7,252.92,1.0,10,101300.0,9999999
03776,0,8256,-3.8,2.48,0.0,0.0,4.7,252.64,1.0,10,101200.0,9999999
03776,0,8257,-5.0,2.36,0.0,0.0,4.7,251.26,1.0,10,101200.0,9999999
03776,0,8258,-4.8,2.35,0.0,0.0,4.7,251.54,1.0,9,101200.0,9999999
03776,0,8259,-4.4,2.42,0.0,0.0,4.7,253.19,1.0,9,101100.0,9999999
03776,0,8260,-5.2,2.31,0.0,0.0,4.7,253.19,0.0,0,101200.0,9999999
03776,0,8261,-5.6,2.23,0.0,0.0,4.7,254.8,0.5,8,101200.0,9999999
03776,0,8262,-5.1,2.35,0.0,0.0,4.7,258.45,0.0,0,101200.0,9999999
03776,0,8263,-5.1,2.35,0.0,0.0,4.7,252.37,0.0,0,101200.0,9999999
03776,0,8264,-4.7,2.46,13.0,13.0,4.7,258.96,0.0,0,101200.0,9999999
03776,0,8265,-3.4,2.65,52.0,52.0,4.7,260.47,0.5,9,101200.0,9999999
03776,0,8266,-1.8,2.79,89.0,88.0,4.7,262.2,0.0,0,101100.0,9999999
03776,0,8267,0.2,2.83,211.0,126.0,4.7,258.71,0.0,0,101100.0,9999999
03776,0,8268,0.9,3.09,203.0,107.0,4.7,260.72,0.0,0,101000.0,9999999
03776,0,8269,0.6,2.97,117.0,95.0,4.7,261.47,0.0,0,100900.0,9999999
03776,0,8270,1.2,2.97,61.0,57.0,4.7,262.93,0.0,0,100900.0,9999999
03776,0,8271,0.5,3.04,8.0,8.0,4.7,258.45,1.0,4,100900.0,9999999
03776,0,8272,0.1,2.99,0.0,0.0,4.7,257.94,0.5,4,100900.0,9999999
03776,0,8273,0.1,3.02,0.0,0.0,4.7,257.94,0.0,0,100800.0,9999999
03776,0,8274,-0.1,3.43,0.0,0.0,4.7,260.22,0.0,0,100800.0,9999999
03776,0,8275,-0.1,3.43,0.0,0.0,4.7,266.27,1.0,3,100800.0,9999999
03776,0,8276,-0.1,3.12,0.0,0.0,4.7,266.03,1.0,4,100800.0,9999999
03776,0,8277,-0.1,3.22,0.0,0.0,4.7,266.03,1.5,4,100700.0,9999999
03776,0,8278,0.2,3.14,0.0,0.0,4.7,266.27,0.0,0,100700.0,9999999
03776,0,8279,0.2,3.22,0.0,0.0,4.7,266.5,0.0,0,100600.0,9999999
03776,0,8280,0.5,3.27,0.0,0.0,4.7,266.73,0.0,0,100600.0,9999999
03776,0,8281,0.6,3.48,0.0,0.0,4.7,266.96,0.0,0,100600.0,9999999
03776,0,8282,0.5,3.67,0.0,0.0,4.7,267.2,1.0,5,100500.0,9999999
03776,0,8283,0.4,3.65,0.0,0.0,4.7,266.96,1.0,3,100500.0,9999999
03776,0,8284,0.7,3.73,0.0,0.0,4.7,267.43,1.0,2,100500.0,9999999
03776,0,8285,1.1,3.85,0.0,0.0,4.7,267.89,1.0,3,100500.0,9999999
03776,0,8286,1.1,3.94,0.0,0.0,4.7,267.89,0.0,0,100500.0,9999999
03776,0,8287,1.2,4.0,0.0,0.0,4.7,268.12,1.5,3,100600.0,9999999
03776,0,8288,1.3,3.97,5.0,5.0,4.7,268.12,0.0,0,100600.0,9999999
03776,0,8289,1.3,4.03,20.0,20.0,4.7,268.12,1.0,16,100700.0,9999999
03776,0,8290,1.4,4.0,34.0,34.0,4.7,268.34,1.0,15,100800.0,9999999
03776,0,8291,1.7,4.15,42.0,42.0,4.7,268.57,1.5,14,100800.0,9999999
03776,0,8292,1.8,4.12,41.0,41.0,4.7,268.8,1.0,14,100800.0,9999999
03776,0,8293,1.9,4.12,32.0,32.0,4.7,268.8,1.5,14,100900.0,9999999
03776,0,8294,2.4,4.09,17.0,17.0,4.7,269.25,2.1,15,100900.0,9999999
03776,0,8295,2.4,4.09,8.0,8.0,4.7,267.43,3.6,14,101000.0,9999999
03776,0,8296,1.5,4.0,0.0,0.0,4.7,260.22,2.6,14,101100.0,9999999
03776,0,8297,1.1,3.85,0.0,0.0,4.7,259.72,1.0,10,101100.0,9999999
03776,0,8298,-0.4,3.35,0.0,0.0,4.7,257.94,3.1,13,101200.0,9999999
03776,0,8299,-1.0,3.24,0.0,0.0,4.7,255.86,1.5,12,101300.0,9999999
03776,0,8300,-0.8,3.22,0.0,0.0,4.7,256.12,1.0,12,101300.0,9999999
03776,0,8301,-1.5,3.24,0.0,0.0,4.7,255.6,0.0,0,101400.0,9999999
03776,0,8302,-2.2,2.97,0.0,0.0,4.7,254.54,0.0,0,101400.0,9999999
03776,0,8303,-3.3,2.76,0.0,0.0,4.7,253.19,1.0,9,101400.0,9999999
03776,0,8304,-3.0,2.83,0.0,0.0,4.7,253.73,1.5,9,101500.0,9999999
03776,0,8305,-3.1,2.81,0.0,0.0,4.7,253.46,1.0,8,101500.0,9999999
03776,0,8306,-3.9,2.61,0.0,0.0,4.7,252.64,1.0,8,101500.0,9999999
03776,0,8307,-4.2,2.55,0.0,0.0,4.7,252.37,1.0,8,101500.0,9999999
03776,0,8308,-4.8,2.4,0.0,0.0,4.7,251.54,0.0,0,101500.0,9999999
03776,0,8309,-4.7,2.42,0.0,0.0,4.7,251.54,0.0,0,101500.0,9999999
03776,0,8310,-5.6,2.23,0.0,0.0,4.7,251.82,0.0,0,101500.0,9999999
03776,0,8311,-5.3,2.29,0.0,0.0,4.7,252.09,0.0,0,101500.0,9999999
03776,0,8312,-3.6,2.67,20.0,20.0,4.7,254.27,0.0,0,101500.0,9999999
03776,0,8313,-2.5,2.81,92.0,84.0,4.7,255.33,0.0,0,101500.0,9999999
03776,0,8314,-0.2,3.32,146.0,98.0,4.7,259.97,0.0,0,101500.0,9999999
03776,0,8315,6.2,4.79,194.0,85.0,4.7,265.09,2.1,9,101400.0,9999999
03776,0,8316,7.9,4.79,175.0,95.0,4.7,268.8,4.1,9,101300.0,9999999
03776,0,8317,7.3,5.23,81.0,80.0,4.7,270.37,4.1,9,101300.0,9999999
03776,0,8318,7.1,5.04,42.0,42.0,4.7,272.58,4.1,9,101300.0,9999999
03776,0,8319,6.9,4.93,8.0,8.0,4.7,269.93,3.1,8,101200.0,9999999
03776,0,8320,6.9,5.04,0.0,0.0,4.7,272.36,3.6,8,101200.0,9999999
03776,0,8321,6.9,5.04,0.0,0.0,4.7,272.36,3.1,8,101200.0,9999999
03776,0,8322,7.1,5.11,0.0,0.0,4.7,272.8,4.1,8,101200.0,9999999
03776,0,8323,7.2,5.04,0.0,0.0,4.7,272.8,4.6,9,101200.0,9999999
03776,0,8324,7.3,4.93,0.0,0.0,4.7,272.8,3.6,8,101100.0,9999999
03776,0,8325,7.2,4.89,0.0,0.0,4.7,272.58,3.6,8,101100.0,9999999
03776,0,8326,7.2,4.89,0.0,0.0,4.7,272.58,4.1,8,101100.0,9999999
03776,0,8327,7.1,4.86,0.0,0.0,4.7,272.58,4.6,8,101000.0,9999999
03776,0,8328,7.0,4.82,0.0,0.0,4.7,272.36,4.1,8,100900.0,9999999
03776,0,8329,7.0,4.54,0.0,0.0,4.7,269.7,6.2,8,100900.0,9999999
03776,0,8330,6.6,4.65,0.0,0.0,4.7,271.92,5.1,8,100900.0,9999999
03776,0,8331,6.0,4.72,0.0,0.0,4.7,271.48,5.1,8,100800.0,9999999
03776,0,8332,5.6,4.82,0.0,0.0,4.7,273.01,5.1,8,100700.0,9999999
03776,0,8333,5.4,4.72,0.0,0.0,4.7,272.58,5.1,8,100600.0,9999999
03776,0,8334,5.0,4.51,0.0,0.0,4.7,272.14,4.6,8,100600.0,9999999
03776,0,8335,4.7,4.31,0.0,0.0,4.7,266.5,5.7,8,100500.0,9999999
03776,0,8336,4.6,4.0,12.0,12.0,4.7,263.18,5.1,8,100500.0,9999999
03776,0,8337,4.7,3.79,49.0,49.0,4.7,262.93,5.7,8,100500.0,9999999
03776,0,8338,5.0,3.7,86.0,85.0,4.7,263.18,5.7,8,100400.0,9999999
03776,0,8339,5.0,3.7,41.0,41.0,4.7,263.18,5.7,8,100300.0,9999999
03776,0,8340,4.9,3.76,41.0,41.0,4.7,263.18,5.7,8,100200.0,9999999
03776,0,8341,4.8,3.62,32.0,32.0,4.7,262.93,6.7,8,100100.0,9999999
03776,0,8342,4.2,3.59,17.0,17.0,4.7,262.45,4.6,8,100100.0,9999999
03776,0,8343,4.2,3.59,3.0,3.0,4.7,262.45,5.7,7,100000.0,9999999
03776,0,8344,3.7,3.76,0.0,0.0,4.7,262.93,3.6,7,100000.0,9999999
03776,0,8345,3.6,3.82,0.0,0.0,4.7,261.96,2.6,7,99900.0,9999999
03776,0,8346,4.1,3.82,0.0,0.0,4.7,262.45,5.1,7,99800.0,9999999
03776,0,8347,4.1,4.0,0.0,0.0,4.7,262.69,4.6,8,99800.0,9999999
03776,0,8348,4.3,4.15,0.0,0.0,4.7,261.71,5.1,8,99800.0,9999999
03776,0,8349,4.8,4.35,0.0,0.0,4.7,266.03,4.6,8,99700.0,9999999
03776,0,8350,5.6,4.54,0.0,0.0,4.7,267.66,4.6,8,99600.0,9999999
03776,0,8351,5.5,4.41,0.0,0.0,4.7,264.14,4.6,8,99500.0,9999999
03776,0,8352,5.6,4.54,0.0,0.0,4.7,264.38,3.6,7,99400.0,9999999
03776,0,8353,5.8,4.72,0.0,0.0,4.7,267.2,3.6,7,99400.0,9999999
03776,0,8354,6.7,4.97,0.0,0.0,4.7,274.09,3.6,8,99300.0,9999999
03776,0,8355,7.1,5.04,0.0,0.0,4.7,274.52,5.1,8,99200.0,9999999
03776,0,8356,6.6,5.11,0.0,0.0,4.7,272.14,5.1,8,99200.0,9999999
03776,0,8357,6.3,5.42,0.0,0.0,4.7,274.09,5.1,8,99200.0,9999999
03776,0,8358,6.5,5.54,0.0,0.0,4.7,274.3,4.6,8,99200.0,9999999
03776,0,8359,6.4,5.78,0.0,0.0,4.7,272.36,4.6,8,99100.0,9999999
03776,0,8360,6.5,5.7,4.0,4.0,4.7,274.3,5.1,8,99100.0,9999999
03776,0,8361,6.6,5.66,19.0,19.0,4.7,274.52,4.1,8,99200.0,9999999
03776,0,8362,6.9,5.87,33.0,33.0,4.7,274.94,4.1,8,99100.0,9999999
03776,0,8363,7.2,5.95,41.0,41.0,4.7,275.15,2.6,9,99100.0,9999999
03776,0,8364,7.6,6.12,40.0,40.0,4.7,273.87,2.6,8,99100.0,9999999
03776,0,8365,8.1,6.21,80.0,79.0,4.7,269.93,2.6,9,99100.0,9999999
03776,0,8366,8.2,6.16,59.0,54.0,4.7,268.8,2.6,9,99100.0,9999999
03776,0,8367,7.2,5.82,16.0,16.0,4.7,266.73,1.0,9,99200.0,9999999
03776,0,8368,5.8,5.62,0.0,0.0,4.7,271.7,1.0,8,99200.0,9999999
03776,0,8369,6.1,5.74,0.0,0.0,4.7,267.66,1.5,8,99200.0,9999999
03776,0,8370,5.1,5.23,0.0,0.0,4.7,266.96,1.0,7,99200.0,9999999
03776,0,8371,5.5,5.42,0.0,0.0,4.7,268.8,0.5,4,99200.0,9999999
03776,0,8372,5.9,5.58,0.0,0.0,4.7,271.92,1.0,6,99200.0,9999999
03776,0,8373,6.1,5.66,0.0,0.0,4.7,272.14,1.5,6,99200.0,9999999
03776,0,8374,5.2,5.19,0.0,0.0,4.7,265.33,2.1,6,99200.0,9999999
03776,0,8375,4.7,5.08,0.0,0.0,4.7,264.85,1.5,6,99100.0,9999999
03776,0,8376,4.1,4.86,0.0,0.0,4.7,261.96,1.0,5,99100.0,9999999
03776,0,8377,2.9,4.54,0.0,0.0,4.7,260.72,1.0,4,99000.0,9999999
03776,0,8378,1.0,3.76,0.0,0.0,4.7,259.47,1.5,5,99000.0,9999999
03776,0,8379,1.2,3.73,0.0,0.0,4.7,266.03,1.0,4,99000.0,9999999
03776,0,8380,2.7,4.38,0.0,0.0,4.7,263.66,1.0,4,98900.0,9999999
03776,0,8381,2.4,4.31,0.0,0.0,4.7,265.09,1.0,4,98800.0,9999999
03776,0,8382,3.6,4.65,0.0,0.0,4.7,269.03,1.0,3,98800.0,9999999
03776,0,8383,3.2,4.51,0.0,0.0,4.7,268.57,1.5,4,98800.0,9999999
03776,0,8384,3.9,4.79,15.0,15.0,4.7,263.9,1.5,5,98700.0,9999999
03776,0,8385,4.8,5.04,47.0,47.0,4.7,266.5,2.1,5,98800.0,9999999
03776,0,8386,5.3,5.11,84.0,83.0,4.7,266.5,2.1,4,98700.0,9999999
03776,0,8387,6.2,5.23,104.0,101.0,4.7,268.12,2.6,5,98600.0,9999999
03776,0,8388,6.6,5.3,102.0,100.0,4.7,269.93,2.6,5,98500.0,9999999
03776,0,8389,6.8,5.27,80.0,79.0,4.7,272.58,3.6,5,98400.0,9999999
03776,0,8390,6.7,5.23,42.0,42.0,4.7,265.8,2.6,4,98400.0,9999999
03776,0,8391,6.4,5.23,8.0,8.0,4.7,272.14,3.1,5,98400.0,9999999
03776,0,8392,6.0,5.08,0.0,0.0,4.7,268.34,3.6,6,98400.0,9999999
03776,0,8393,5.2,4.89,0.0,0.0,4.7,264.38,2.6,4,98400.0,9999999
03776,0,8394,5.2,4.89,0.0,0.0,4.7,268.12,2.1,4,98400.0,9999999
03776,0,8395,5.6,4.97,0.0,0.0,4.7,267.89,2.1,4,98400.0,9999999
03776,0,8396,5.8,5.15,0.0,0.0,4.7,271.48,2.1,5,98400.0,9999999
03776,0,8397,5.5,5.0,0.0,0.0,4.7,273.01,3.1,6,98400.0,9999999
03776,0,8398,5.7,5.15,0.0,0.0,4.7,273.23,2.6,6,98400.0,9999999
03776,0,8399,6.5,5.38,0.0,0.0,4.7,272.36,2.1,6,98400.0,9999999
03776,0,8400,6.7,5.62,0.0,0.0,4.7,274.52,2.1,7,98300.0,9999999
03776,0,8401,4.8,5.04,0.0,0.0,4.7,272.36,2.1,2,98300.0,9999999
03776,0,8402,4.5,5.0,0.0,0.0,4.7,271.92,2.1,4,98300.0,9999999
03776,0,8403,4.7,5.19,0.0,0.0,4.7,272.36,0.5,4,98300.0,9999999
03776,0,8404,4.6,5.15,0.0,0.0,4.7,272.14,2.1,4,98200.0,9999999
03776,0,8405,4.6,5.15,0.0,0.0,4.7,272.14,1.5,3,98200.0,9999999
03776,0,8406,4.6,5.15,0.0,0.0,4.7,272.14,0.5,2,98300.0,9999999
03776,0,8407,4.8,5.23,0.0,0.0,4.7,268.12,1.5,5,98300.0,9999999
03776,0,8408,4.8,5.23,4.0,4.0,4.7,268.12,1.0,8,98300.0,9999999
03776,0,8409,5.0,5.3,18.0,18.0,4.7,268.34,0.0,0,98300.0,9999999
03776,0,8410,5.5,5.5,32.0,32.0,4.7,271.48,1.0,8,98300.0,9999999
03776,0,8411,6.9,5.87,40.0,40.0,4.7,269.7,1.0,8,98300.0,9999999
03776,0,8412,7.6,6.04,102.0,98.0,4.7,270.37,2.1,9,98300.0,9999999
03776,0,8413,8.0,5.78,80.0,79.0,4.7,268.34,2.1,8,98300.0,9999999
03776,0,8414,8.0,5.7,59.0,54.0,4.7,269.48,2.6,8,98400.0,9999999
03776,0,8415,6.9,5.34,15.0,15.0,4.7,266.96,2.1,8,98400.0,9999999
03776,0,8416,6.6,5.38,0.0,0.0,4.7,266.73,2.1,8,98400.0,9999999
03776,0,8417,5.7,5.11,0.0,0.0,4.7,264.85,2.1,8,98500.0,9999999
03776,0,8418,5.5,5.0,0.0,0.0,4.7,264.62,1.5,8,98500.0,9999999
03776,0,8419,4.8,4.86,0.0,0.0,4.7,266.03,1.5,7,98500.0,9999999
03776,0,8420,5.5,5.04,0.0,0.0,4.7,267.89,1.5,7,98500.0,9999999
03776,0,8421,5.7,5.27,0.0,0.0,4.7,271.48,2.1,7,98500.0,9999999
03776,0,8422,6.0,5.3,0.0,0.0,4.7,269.25,2.6,7,98500.0,9999999
03776,0,8423,5.8,5.42,0.0,0.0,4.7,271.7,2.6,9,98500.0,9999999
03776,0,8424,5.9,5.38,0.0,0.0,4.7,269.25,2.1,7,98400.0,9999999
03776,0,8425,6.6,5.38,0.0,0.0,4.7,272.36,3.1,7,98400.0,9999999
03776,0,8426,6.5,5.27,0.0,0.0,4.7,272.14,3.1,7,98300.0,9999999
03776,0,8427,6.2,5.34,0.0,0.0,4.7,271.92,2.6,6,98200.0,9999999
03776,0,8428,6.1,5.11,0.0,0.0,4.7,271.7,3.1,6,98100.0,9999999
03776,0,8429,6.0,4.97,0.0,0.0,4.7,271.48,3.1,6,98100.0,9999999
03776,0,8430,5.9,4.93,0.0,0.0,4.7,271.48,3.6,6,98000.0,9999999
03776,0,8431,5.7,4.93,0.0,0.0,4.7,273.23,3.6,6,98000.0,9999999
03776,0,8432,5.9,4.82,4.0,4.0,4.7,273.23,3.6,6,98000.0,9999999
03776,0,8433,5.7,4.82,46.0,46.0,4.7,271.04,4.1,7,98000.0,9999999
03776,0,8434,6.0,4.86,32.0,32.0,4.7,273.44,4.1,6,97900.0,9999999
03776,0,8435,6.4,4.75,103.0,99.0,4.7,271.7,5.7,6,97700.0,9999999
03776,0,8436,6.4,4.75,102.0,100.0,4.7,271.7,3.6,6,97600.0,9999999
03776,0,8437,6.4,4.65,80.0,79.0,4.7,269.25,3.6,5,97400.0,9999999
03776,0,8438,6.3,4.44,42.0,42.0,4.7,269.03,4.6,6,97400.0,9999999
03776,0,8439,5.7,4.58,3.0,3.0,4.7,267.2,4.1,5,97200.0,9999999
03776,0,8440,5.1,4.79,0.0,0.0,4.7,267.2,4.6,5,97200.0,9999999
03776,0,8441,5.1,4.82,0.0,0.0,4.7,270.6,4.1,5,97100.0,9999999
03776,0,8442,5.2,4.82,0.0,0.0,4.7,272.58,4.6,5,97000.0,9999999
03776,0,8443,5.3,5.04,0.0,0.0,4.7,272.8,3.6,5,96900.0,9999999
03776,0,8444,5.7,5.3,0.0,0.0,4.7,273.44,2.1,5,96900.0,9999999
03776,0,8445,6.2,5.58,0.0,0.0,4.7,274.09,2.1,5,96800.0,9999999
03776,0,8446,7.7,6.12,0.0,0.0,4.7,273.87,3.1,7,96800.0,9999999
03776,0,8447,8.5,6.21,0.0,0.0,4.7,271.26,4.1,8,96800.0,9999999
03776,0,8448,8.8,6.12,0.0,0.0,4.7,274.94,3.1,8,96800.0,9999999
03776,0,8449,8.6,6.08,0.0,0.0,4.7,274.73,4.1,8,96800.0,9999999
03776,0,8450,8.6,5.91,0.0,0.0,4.7,274.73,3.6,8,96800.0,9999999
03776,0,8451,8.4,5.87,0.0,0.0,4.7,274.52,4.1,8,96800.0,9999999
03776,0,8452,8.3,6.04,0.0,0.0,4.7,274.3,4.1,8,96800.0,9999999
03776,0,8453,8.1,6.04,0.0,0.0,4.7,274.3,4.1,8,96900.0,9999999
03776,0,8454,8.1,6.04,0.0,0.0,4.7,270.82,4.1,8,96900.0,9999999
03776,0,8455,8.3,5.91,0.0,0.0,4.7,274.3,3.6,8,96900.0,9999999
03776,0,8456,8.7,5.95,10.0,10.0,4.7,274.73,4.6,8,97000.0,9999999
03776,0,8457,8.9,5.82,45.0,45.0,4.7,274.94,5.1,8,97000.0,9999999
03776,0,8458,9.0,6.16,82.0,81.0,4.7,275.15,4.1,8,97000.0,9999999
03776,0,8459,9.3,6.16,102.0,100.0,4.7,275.36,6.2,8,97000.0,9999999
03776,0,8460,8.7,6.43,101.0,99.0,4.7,274.94,6.7,8,97000.0,9999999
03776,0,8461,8.9,6.48,31.0,31.0,4.7,277.25,6.2,8,97100.0,9999999
03776,0,8462,8.8,6.48,16.0,16.0,4.7,277.04,5.1,9,97100.0,9999999
03776,0,8463,8.8,6.34,8.0,8.0,4.7,271.04,4.1,8,97200.0,9999999
03776,0,8464,6.9,5.91,0.0,0.0,4.7,270.37,3.1,9,97300.0,9999999
03776,0,8465,8.0,5.99,0.0,0.0,4.7,274.09,3.6,9,97300.0,9999999
03776,0,8466,8.3,6.04,0.0,0.0,4.7,274.3,4.1,9,97300.0,9999999
03776,0,8467,8.2,5.95,0.0,0.0,4.7,274.3,3.6,9,97400.0,9999999
03776,0,8468,8.7,5.82,0.0,0.0,4.7,276.62,5.1,10,97500.0,9999999
03776,0,8469,8.5,5.34,0.0,0.0,4.7,271.7,5.1,10,97500.0,9999999
03776,0,8470,7.8,5.54,0.0,0.0,4.7,269.7,5.1,10,97700.0,9999999
03776,0,8471,7.9,5.08,0.0,0.0,4.7,269.03,5.1,10,97800.0,9999999
03776,0,8472,7.8,5.54,0.0,0.0,4.7,269.25,4.1,10,97800.0,9999999
03776,0,8473,7.8,5.54,0.0,0.0,4.7,269.7,4.1,10,97900.0,9999999
03776,0,8474,7.6,5.91,0.0,0.0,4.7,269.25,3.1,9,97900.0,9999999
03776,0,8475,8.4,6.25,0.0,0.0,4.7,272.14,3.1,8,97900.0,9999999
03776,0,8476,8.6,6.25,0.0,0.0,4.7,272.36,4.1,8,97900.0,9999999
03776,0,8477,8.6,6.08,0.0,0.0,4.7,274.73,4.1,8,97800.0,9999999
03776,0,8478,8.8,6.04,0.0,0.0,4.7,272.36,4.1,8,97800.0,9999999
03776,0,8479,8.9,5.91,0.0,0.0,4.7,274.94,6.2,8,97700.0,9999999
03776,0,8480,8.0,6.16,4.0,4.0,4.7,274.09,8.2,7,97600.0,9999999
03776,0,8481,7.8,6.25,17.0,17.0,4.7,271.48,8.2,8,97500.0,9999999
03776,0,8482,7.7,6.21,32.0,32.0,4.7,271.48,9.8,8,97300.0,9999999
03776,0,8483,8.8,5.99,102.0,98.0,4.7,274.94,7.2,8,97400.0,9999999
03776,0,8484,9.4,5.95,101.0,99.0,4.7,272.14,7.2,9,97300.0,9999999
03776,0,8485,9.5,5.74,80.0,79.0,4.7,272.8,6.7,9,97300.0,9999999
03776,0,8486,9.3,5.5,42.0,42.0,4.7,275.15,7.2,9,97300.0,9999999
03776,0,8487,9.5,5.5,8.0,8.0,4.7,275.36,6.7,9,97400.0,9999999
03776,0,8488,9.7,5.11,0.0,0.0,4.7,275.15,8.2,8,97300.0,9999999
03776,0,8489,9.4,5.15,0.0,0.0,4.7,274.94,7.7,8,97300.0,9999999
03776,0,8490,9.2,5.08,0.0,0.0,4.7,274.73,8.2,8,97300.0,9999999
03776,0,8491,7.2,5.99,0.0,0.0,4.7,268.8,10.3,9,97300.0,9999999
03776,0,8492,7.2,5.99,0.0,0.0,4.7,269.48,8.2,10,97400.0,9999999
03776,0,8493,7.4,5.62,0.0,0.0,4.7,273.23,4.6,9,97500.0,9999999
03776,0,8494,7.1,5.5,0.0,0.0,4.7,270.37,5.1,9,97500.0,9999999
03776,0,8495,8.1,5.82,0.0,0.0,4.7,274.09,6.7,9,97600.0,9999999
03776,0,8496,7.5,5.46,0.0,0.0,4.7,273.23,6.2,9,97600.0,9999999
03776,0,8497,6.8,5.74,0.0,0.0,4.7,272.8,5.1,10,97700.0,9999999
03776,0,8498,6.5,5.34,0.0,0.0,4.7,269.7,4.6,9,97800.0,9999999
03776,0,8499,6.9,5.5,0.0,0.0,4.7,270.15,3.6,11,97800.0,9999999
03776,0,8500,6.1,5.0,0.0,0.0,4.7,266.03,3.6,9,97900.0,9999999
03776,0,8501,6.3,5.34,0.0,0.0,4.7,269.48,6.2,9,97900.0,9999999
03776,0,8502,5.5,5.23,0.0,0.0,4.7,271.26,4.1,11,98000.0,9999999
03776,0,8503,5.5,5.23,0.0,0.0,4.7,268.8,2.6,8,98100.0,9999999
03776,0,8504,6.3,5.08,10.0,10.0,4.7,269.48,2.6,10,98100.0,9999999
03776,0,8505,7.2,5.46,81.0,62.0,4.7,267.43,3.1,9,98200.0,9999999
03776,0,8506,7.2,5.19,82.0,80.0,4.7,269.48,4.6,9,98200.0,9999999
03776,0,8507,7.4,5.34,102.0,100.0,4.7,269.93,4.1,9,98200.0,9999999
03776,0,8508,7.6,5.62,102.0,99.0,4.7,271.04,3.6,10,98200.0,9999999
03776,0,8509,8.4,5.78,134.0,92.0,4.7,267.89,3.6,9,98200.0,9999999
03776,0,8510,7.5,5.19,42.0,42.0,4.7,266.73,3.1,9,98300.0,9999999
03776,0,8511,6.8,5.19,9.0,9.0,4.7,266.03,2.1,9,98400.0,9999999
03776,0,8512,7.1,5.5,0.0,0.0,4.7,267.43,2.6,9,98400.0,9999999
03776,0,8513,7.1,5.5,0.0,0.0,4.7,269.03,3.1,9,98400.0,9999999
03776,0,8514,8.1,5.74,0.0,0.0,4.7,271.48,3.1,9,98400.0,9999999
03776,0,8515,8.3,5.99,0.0,0.0,4.7,274.3,4.1,8,98500.0,9999999
03776,0,8516,8.7,6.21,0.0,0.0,4.7,274.94,5.1,9,98500.0,9999999
03776,0,8517,7.0,5.74,0.0,0.0,4.7,273.01,3.6,9,98600.0,9999999
03776,0,8518,6.1,5.46,0.0,0.0,4.7,267.66,3.1,10,98700.0,9999999
03776,0,8519,4.5,5.04,0.0,0.0,4.7,263.66,2.6,10,98700.0,9999999
03776,0,8520,4.4,4.89,0.0,0.0,4.7,262.2,2.6,10,98800.0,9999999
03776,0,8521,4.4,4.89,0.0,0.0,4.7,267.43,2.6,9,98800.0,9999999
03776,0,8522,6.2,5.5,0.0,0.0,4.7,272.14,2.1,10,98900.0,9999999
03776,0,8523,7.1,5.91,0.0,0.0,4.7,273.23,2.6,9,98900.0,9999999
03776,0,8524,6.7,5.78,0.0,0.0,4.7,267.2,2.6,10,98900.0,9999999
03776,0,8525,7.5,6.04,0.0,0.0,4.7,273.66,3.1,9,98900.0,9999999
03776,0,8526,7.6,6.12,0.0,0.0,4.7,273.87,3.1,9,98900.0,9999999
03776,0,8527,8.1,6.21,0.0,0.0,4.7,274.3,2.6,9,98900.0,9999999
03776,0,8528,8.8,6.52,4.0,4.0,4.7,277.04,3.1,9,98900.0,9999999
03776,0,8529,8.6,6.61,17.0,17.0,4.7,271.7,4.1,8,98900.0,9999999
03776,0,8530,9.1,6.85,32.0,32.0,4.7,277.45,5.7,9,98800.0,9999999
03776,0,8531,9.5,7.04,40.0,40.0,4.7,278.07,5.7,9,98700.0,9999999
03776,0,8532,10.0,7.29,101.0,98.0,4.7,276.62,6.7,10,98700.0,9999999
03776,0,8533,10.5,7.49,31.0,31.0,4.7,279.29,4.1,9,98700.0,9999999
03776,0,8534,10.5,7.39,17.0,17.0,4.7,279.09,5.1,10,98700.0,9999999
03776,0,8535,8.7,5.99,15.0,15.0,4.7,270.82,4.6,10,98800.0,9999999
03776,0,8536,9.2,6.71,0.0,0.0,4.7,269.03,3.6,10,98800.0,9999999
03776,0,8537,8.5,6.52,0.0,0.0,4.7,268.34,3.6,10,98900.0,9999999
03776,0,8538,7.7,6.04,0.0,0.0,4.7,267.2,3.1,10,99000.0,9999999
03776,0,8539,6.6,5.58,0.0,0.0,4.7,264.85,2.6,9,99000.0,9999999
03776,0,8540,6.1,5.46,0.0,0.0,4.7,264.14,2.1,9,99100.0,9999999
03776,0,8541,7.0,5.54,0.0,0.0,4.7,265.09,4.1,10,99100.0,9999999
03776,0,8542,7.7,5.87,0.0,0.0,4.7,267.2,4.6,10,99100.0,9999999
03776,0,8543,8.0,5.91,0.0,0.0,4.7,267.43,4.6,10,99200.0,9999999
03776,0,8544,8.8,5.95,0.0,0.0,4.7,268.34,6.2,10,99200.0,9999999
03776,0,8545,8.5,5.78,0.0,0.0,4.7,268.8,6.7,10,99200.0,9999999
03776,0,8546,8.3,5.66,0.0,0.0,4.7,274.3,5.7,10,99300.0,9999999
03776,0,8547,8.1,5.54,0.0,0.0,4.7,271.48,4.6,11,99400.0,9999999
03776,0,8548,8.0,5.7,0.0,0.0,4.7,267.43,3.6,10,99400.0,9999999
03776,0,8549,8.6,6.25,0.0,0.0,4.7,268.34,4.1,10,99500.0,9999999
03776,0,8550,7.8,6.08,0.0,0.0,4.7,271.48,2.1,10,99600.0,9999999
03776,0,8551,8.7,6.48,0.0,0.0,4.7,272.58,2.6,9,99600.0,9999999
03776,0,8552,9.7,6.8,9.0,9.0,4.7,276.21,3.6,10,99700.0,9999999
03776,0,8553,10.2,7.04,44.0,44.0,4.7,276.83,2.6,10,99800.0,9999999
03776,0,8554,11.0,6.99,80.0,80.0,4.7,274.94,4.1,10,99800.0,9999999
03776,0,8555,10.6,6.94,101.0,99.0,4.7,277.04,3.6,10,99800.0,9999999
03776,0,8556,10.7,6.9,170.0,111.0,4.7,271.48,4.6,11,99900.0,9999999
03776,0,8557,11.3,6.9,147.0,75.0,4.7,271.26,3.6,10,99900.0,9999999
03776,0,8558,10.6,7.04,43.0,43.0,4.7,277.25,3.1,11,100000.0,9999999
03776,0,8559,10.4,6.94,3.0,3.0,4.7,272.36,2.6,9,100000.0,9999999
03776,0,8560,10.1,7.09,0.0,0.0,4.7,270.15,2.6,9,100100.0,9999999
03776,0,8561,9.7,6.99,0.0,0.0,4.7,269.7,2.1,9,100100.0,9999999
03776,0,8562,9.7,7.09,0.0,0.0,4.7,273.66,2.1,9,100100.0,9999999
03776,0,8563,9.3,6.99,0.0,0.0,4.7,273.23,1.5,9,100200.0,9999999
03776,0,8564,9.5,7.04,0.0,0.0,4.7,273.44,2.1,9,100300.0,9999999
03776,0,8565,9.4,7.09,0.0,0.0,4.7,272.58,2.1,9,100300.0,9999999
03776,0,8566,9.5,7.19,0.0,0.0,4.7,278.07,1.0,8,100300.0,9999999
03776,0,8567,9.8,7.34,0.0,0.0,4.7,278.48,1.5,9,100400.0,9999999
03776,0,8568,9.5,7.29,0.0,0.0,4.7,278.07,1.0,8,100400.0,9999999
03776,0,8569,9.5,7.29,0.0,0.0,4.7,278.07,1.0,8,100300.0,9999999
03776,0,8570,9.6,7.34,0.0,0.0,4.7,278.27,1.0,8,100300.0,9999999
03776,0,8571,11.2,8.07,0.0,0.0,4.7,280.1,5.7,10,100300.0,9999999
03776,0,8572,11.7,8.13,0.0,0.0,4.7,280.7,5.1,10,100200.0,9999999
03776,0,8573,11.3,8.02,0.0,0.0,4.7,280.3,6.7,9,100200.0,9999999
03776,0,8574,11.3,7.75,0.0,0.0,4.7,280.1,5.7,10,100200.0,9999999
03776,0,8575,11.1,7.49,0.0,0.0,4.7,277.86,5.7,9,100200.0,9999999
03776,0,8576,11.3,7.09,4.0,4.0,4.7,279.9,7.2,9,100100.0,9999999
03776,0,8577,11.4,6.94,17.0,17.0,4.7,279.9,7.2,9,100100.0,9999999
03776,0,8578,12.0,6.85,31.0,31.0,4.7,280.3,8.2,9,100100.0,9999999
03776,0,8579,12.3,6.8,40.0,40.0,4.7,280.7,9.3,10,99900.0,9999999
03776,0,8580,12.4,6.75,40.0,40.0,4.7,280.7,9.8,10,99900.0,9999999
03776,0,8581,11.9,6.8,31.0,31.0,4.7,280.3,8.2,10,99900.0,9999999
03776,0,8582,11.9,7.29,17.0,17.0,4.7,280.5,8.2,10,99800.0,9999999
03776,0,8583,11.5,7.59,4.0,4.0,4.7,280.3,7.2,10,99800.0,9999999
03776,0,8584,11.6,7.86,0.0,0.0,4.7,280.5,7.2,10,99800.0,9999999
03776,0,8585,11.7,8.13,0.0,0.0,4.7,280.7,7.2,10,99900.0,9999999
03776,0,8586,11.8,7.86,0.0,0.0,4.7,280.7,6.2,10,99900.0,9999999
03776,0,8587,11.5,7.75,0.0,0.0,4.7,280.3,6.2,10,99900.0,9999999
03776,0,8588,11.2,7.7,0.0,0.0,4.7,279.9,5.1,10,99900.0,9999999
03776,0,8589,11.0,7.65,0.0,0.0,4.7,279.7,4.6,9,99900.0,9999999
03776,0,8590,10.7,7.49,0.0,0.0,4.7,279.49,5.1,10,99900.0,9999999
03776,0,8591,10.5,7.49,0.0,0.0,4.7,279.29,4.6,10,99900.0,9999999
03776,0,8592,10.7,7.59,0.0,0.0,4.7,279.49,4.1,10,99900.0,9999999
03776,0,8593,10.4,7.65,0.0,0.0,4.7,279.09,2.6,10,99900.0,9999999
03776,0,8594,10.4,7.34,0.0,0.0,4.7,279.09,2.6,9,99900.0,9999999
03776,0,8595,10.2,7.14,0.0,0.0,4.7,276.83,2.6,9,99900.0,9999999
03776,0,8596,10.2,7.24,0.0,0.0,4.7,278.89,3.6,9,99900.0,9999999
03776,0,8597,9.9,7.09,0.0,0.0,4.7,276.41,4.1,10,99900.0,9999999
03776,0,8598,9.7,7.09,0.0,0.0,4.7,278.27,3.1,9,99900.0,9999999
03776,0,8599,9.7,7.09,0.0,0.0,4.7,278.27,3.6,10,99900.0,9999999
03776,0,8600,9.9,7.09,4.0,4.0,4.7,278.48,4.1,10,100000.0,9999999
03776,0,8601,10.3,7.09,43.0,43.0,4.7,276.83,4.1,10,100100.0,9999999
03776,0,8602,10.9,7.19,80.0,80.0,4.7,274.94,4.6,11,100200.0,9999999
03776,0,8603,11.4,7.14,101.0,99.0,4.7,276.41,4.6,10,100200.0,9999999
03776,0,8604,11.4,7.34,102.0,99.0,4.7,278.07,3.6,10,100200.0,9999999
03776,0,8605,11.5,7.29,81.0,80.0,4.7,275.58,4.1,10,100200.0,9999999
03776,0,8606,11.0,7.14,44.0,44.0,4.7,273.23,5.7,10,100300.0,9999999
03776,0,8607,10.5,7.09,9.0,9.0,4.7,270.6,5.1,10,100300.0,9999999
03776,0,8608,9.8,6.85,0.0,0.0,4.7,271.92,5.1,10,100300.0,9999999
03776,0,8609,10.1,7.19,0.0,0.0,4.7,273.44,4.1,10,100400.0,9999999
03776,0,8610,9.7,6.9,0.0,0.0,4.7,271.7,5.1,10,100300.0,9999999
03776,0,8611,9.9,6.85,0.0,0.0,4.7,273.01,4.6,10,100400.0,9999999
03776,0,8612,10.0,6.71,0.0,0.0,4.7,273.87,5.1,10,100400.0,9999999
03776,0,8613,9.9,6.48,0.0,0.0,4.7,272.8,6.2,10,100500.0,9999999
03776,0,8614,9.3,6.39,0.0,0.0,4.7,271.04,5.7,10,100500.0,9999999
03776,0,8615,9.3,6.3,0.0,0.0,4.7,269.93,6.2,10,100400.0,9999999
03776,0,8616,9.5,6.16,0.0,0.0,4.7,269.03,8.2,10,100400.0,9999999
03776,0,8617,9.9,6.16,0.0,0.0,4.7,271.48,6.2,10,100300.0,9999999
03776,0,8618,9.7,6.16,0.0,0.0,4.7,271.48,7.2,11,100400.0,9999999
03776,0,8619,8.8,4.89,0.0,0.0,4.7,267.66,8.7,12,100500.0,9999999
03776,0,8620,8.4,4.18,0.0,0.0,4.7,275.15,8.2,12,100500.0,9999999
03776,0,8621,7.5,4.38,0.0,0.0,4.7,268.12,7.7,12,100600.0,9999999
03776,0,8622,6.9,4.25,0.0,0.0,4.7,264.14,8.7,12,100700.0,9999999
03776,0,8623,6.2,4.15,0.0,0.0,4.7,264.62,8.7,12,100800.0,9999999
03776,0,8624,6.7,3.88,18.0,18.0,4.7,265.09,8.2,12,101000.0,9999999
03776,0,8625,7.0,4.15,83.0,61.0,4.7,267.66,9.8,12,101100.0,9999999
03776,0,8626,7.8,4.28,149.0,75.0,4.7,269.03,10.3,13,101400.0,9999999
03776,0,8627,8.6,4.44,197.0,77.0,4.7,269.25,8.7,14,101500.0,9999999
03776,0,8628,8.6,4.65,189.0,85.0,4.7,269.93,7.2,14,101700.0,9999999
03776,0,8629,9.0,4.72,116.0,88.0,4.7,271.7,5.7,14,101900.0,9999999
03776,0,8630,9.1,4.86,87.0,52.0,4.7,268.8,5.1,14,102000.0,9999999
03776,0,8631,7.6,4.79,19.0,19.0,4.7,266.5,3.1,13,102300.0,9999999
03776,0,8632,4.7,4.44,0.0,0.0,4.7,262.2,1.5,10,102400.0,9999999
03776,0,8633,3.7,4.48,0.0,0.0,4.7,261.22,2.1,10,102500.0,9999999
03776,0,8634,3.5,4.41,0.0,0.0,4.7,260.97,2.6,11,102600.0,9999999
03776,0,8635,2.8,4.31,0.0,0.0,4.7,260.47,1.0,10,102700.0,9999999
03776,0,8636,2.8,4.35,0.0,0.0,4.7,260.47,1.0,9,102900.0,9999999
03776,0,8637,3.9,4.72,0.0,0.0,4.7,266.03,1.0,9,102900.0,9999999
03776,0,8638,4.7,4.89,0.0,0.0,4.7,263.9,2.1,9,102900.0,9999999
03776,0,8639,5.4,5.19,0.0,0.0,4.7,264.62,2.6,10,102900.0,9999999
03776,0,8640,5.9,5.23,0.0,0.0,4.7,273.44,2.6,10,102800.0,9999999
03776,0,8641,6.5,5.34,0.0,0.0,4.7,274.09,3.1,9,102800.0,9999999
03776,0,8642,7.4,5.5,0.0,0.0,4.7,266.73,3.6,10,102800.0,9999999
03776,0,8643,8.4,5.78,0.0,0.0,4.7,268.8,4.1,10,102800.0,9999999
03776,0,8644,8.8,5.95,0.0,0.0,4.7,276.83,3.1,10,102700.0,9999999
03776,0,8645,9.3,6.21,0.0,0.0,4.7,277.45,4.1,9,102600.0,9999999
03776,0,8646,9.5,6.52,0.0,0.0,4.7,277.86,5.1,10,102600.0,9999999
03776,0,8647,9.8,6.85,0.0,0.0,4.7,278.27,4.6,10,102600.0,9999999
03776,0,8648,10.2,7.24,3.0,3.0,4.7,278.89,7.2,11,102700.0,9999999
03776,0,8649,10.5,7.39,17.0,17.0,4.7,279.09,6.2,11,102700.0,9999999
03776,0,8650,10.9,7.49,31.0,31.0,4.7,279.7,4.6,10,102600.0,9999999
03776,0,8651,11.0,7.44,40.0,40.0,4.7,279.7,5.1,10,102500.0,9999999
03776,0,8652,11.5,7.29,40.0,40.0,4.7,280.1,5.7,10,102400.0,9999999
03776,0,8653,11.3,7.34,82.0,81.0,4.7,278.07,5.1,11,102400.0,9999999
03776,0,8654,11.7,7.44,45.0,45.0,4.7,278.48,7.2,11,102300.0,9999999
03776,0,8655,11.2,7.24,10.0,10.0,4.7,277.86,5.1,11,102300.0,9999999
03776,0,8656,11.1,7.29,0.0,0.0,4.7,279.7,6.2,11,102300.0,9999999
03776,0,8657,11.0,7.24,0.0,0.0,4.7,277.66,6.2,11,102300.0,9999999
03776,0,8658,11.0,7.24,0.0,0.0,4.7,279.49,6.2,11,102300.0,9999999
03776,0,8659,10.9,7.29,0.0,0.0,4.7,277.66,6.2,10,102300.0,9999999
03776,0,8660,10.9,7.39,0.0,0.0,4.7,277.66,6.2,11,102300.0,9999999
03776,0,8661,11.0,7.34,0.0,0.0,4.7,277.66,6.7,11,102300.0,9999999
03776,0,8662,10.8,7.34,0.0,0.0,4.7,277.45,5.1,11,102400.0,9999999
03776,0,8663,10.7,7.29,0.0,0.0,4.7,277.45,5.1,10,102300.0,9999999
03776,0,8664,10.7,7.29,0.0,0.0,4.7,279.29,3.6,10,102400.0,9999999
03776,0,8665,10.7,7.19,0.0,0.0,4.7,277.25,4.6,10,102300.0,9999999
03776,0,8666,10.4,7.14,0.0,0.0,4.7,277.04,4.6,10,102300.0,9999999
03776,0,8667,10.3,7.24,0.0,0.0,4.7,277.04,4.6,10,102400.0,9999999
03776,0,8668,10.2,7.14,0.0,0.0,4.7,276.83,3.1,10,102400.0,9999999
03776,0,8669,10.2,7.14,0.0,0.0,4.7,276.83,3.6,10,102400.0,9999999
03776,0,8670,10.2,7.24,0.0,0.0,4.7,276.83,3.6,11,102400.0,9999999
03776,0,8671,10.2,7.34,0.0,0.0,4.7,276.83,3.1,10,102400.0,9999999
03776,0,8672,10.1,7.44,3.0,3.0,4.7,278.89,2.1,11,102500.0,9999999
03776,0,8673,10.1,7.29,17.0,17.0,4.7,278.68,2.1,9,102500.0,9999999
03776,0,8674,10.2,7.04,81.0,80.0,4.7,276.83,3.1,10,102600.0,9999999
03776,0,8675,10.1,6.8,102.0,100.0,4.7,276.62,3.6,10,102500.0,9999999
03776,0,8676,10.2,6.66,146.0,114.0,4.7,274.09,4.1,10,102500.0,9999999
03776,0,8677,9.9,6.48,83.0,81.0,4.7,276.21,3.6,10,102500.0,9999999
03776,0,8678,9.8,6.43,65.0,58.0,4.7,273.44,2.6,10,102500.0,9999999
03776,0,8679,9.1,6.3,14.0,14.0,4.7,272.8,2.1,10,102500.0,9999999
03776,0,8680,8.5,6.43,0.0,0.0,4.7,274.73,1.0,10,102500.0,9999999
03776,0,8681,8.7,6.04,0.0,0.0,4.7,272.36,2.6,12,102600.0,9999999
03776,0,8682,8.3,6.04,0.0,0.0,4.7,274.3,2.6,12,102600.0,9999999
03776,0,8683,8.3,6.04,0.0,0.0,4.7,274.3,2.6,12,102700.0,9999999
03776,0,8684,8.5,6.04,0.0,0.0,4.7,274.52,2.6,13,102800.0,9999999
03776,0,8685,8.3,6.04,0.0,0.0,4.7,276.41,2.6,12,102800.0,9999999
03776,0,8686,8.3,6.04,0.0,0.0,4.7,276.41,2.6,14,102800.0,9999999
03776,0,8687,8.1,6.16,0.0,0.0,4.7,276.21,1.0,12,102800.0,9999999
03776,0,8688,7.9,6.12,0.0,0.0,4.7,276.0,1.0,16,102800.0,9999999
03776,0,8689,7.5,6.16,0.0,0.0,4.7,275.58,1.0,8,102700.0,9999999
03776,0,8690,7.3,6.08,0.0,0.0,4.7,275.36,1.5,7,102800.0,9999999
03776,0,8691,6.8,5.95,0.0,0.0,4.7,274.73,1.0,8,102700.0,9999999
03776,0,8692,6.6,5.95,0.0,0.0,4.7,274.52,2.6,8,102700.0,9999999
03776,0,8693,6.4,5.95,0.0,0.0,4.7,274.52,1.5,8,102700.0,9999999
03776,0,8694,6.3,5.82,0.0,0.0,4.7,274.3,2.1,9,102700.0,9999999
03776,0,8695,6.5,5.91,0.0,0.0,4.7,274.52,2.1,8,102700.0,9999999
03776,0,8696,6.7,5.82,3.0,3.0,4.7,274.73,2.1,9,102700.0,9999999
03776,0,8697,6.8,5.82,17.0,17.0,4.7,274.73,2.1,9,102600.0,9999999
03776,0,8698,7.3,5.91,32.0,32.0,4.7,275.36,3.6,10,102700.0,9999999
03776,0,8699,7.6,5.99,40.0,40.0,4.7,275.58,2.6,9,102600.0,9999999
03776,0,8700,7.8,5.99,41.0,41.0,4.7,275.79,2.6,9,102500.0,9999999
03776,0,8701,7.9,6.04,83.0,82.0,4.7,274.09,2.1,10,102400.0,9999999
03776,0,8702,7.7,5.95,18.0,18.0,4.7,275.79,1.5,9,102300.0,9999999
03776,0,8703,7.5,5.95,10.0,10.0,4.7,273.66,2.1,9,102300.0,9999999
03776,0,8704,7.3,5.87,0.0,0.0,4.7,275.15,1.5,8,102300.0,9999999
03776,0,8705,7.2,5.91,0.0,0.0,4.7,275.15,1.5,9,102200.0,9999999
03776,0,8706,6.5,5.7,0.0,0.0,4.7,274.3,1.5,8,102200.0,9999999
03776,0,8707,6.3,5.62,0.0,0.0,4.7,274.09,1.5,8,102100.0,9999999
03776,0,8708,6.0,5.5,0.0,0.0,4.7,271.92,2.1,7,102000.0,9999999
03776,0,8709,5.5,5.3,0.0,0.0,4.7,268.8,1.5,7,101900.0,9999999
03776,0,8710,5.1,5.15,0.0,0.0,4.7,270.82,2.1,8,101900.0,9999999
03776,0,8711,4.9,5.15,0.0,0.0,4.7,272.58,1.5,8,101800.0,9999999
03776,0,8712,4.7,5.08,0.0,0.0,4.7,272.14,1.5,8,101700.0,9999999
03776,0,8713,5.2,5.46,0.0,0.0,4.7,273.01,1.5,10,101600.0,9999999
03776,0,8714,5.9,5.74,0.0,0.0,4.7,273.87,2.6,10,101600.0,9999999
03776,0,8715,5.8,5.7,0.0,0.0,4.7,273.66,1.0,11,101500.0,9999999
03776,0,8716,5.6,5.62,0.0,0.0,4.7,271.48,2.6,11,101500.0,9999999
03776,0,8717,5.1,5.34,0.0,0.0,4.7,270.82,1.5,11,101500.0,9999999
03776,0,8718,5.1,5.23,0.0,0.0,4.7,263.18,2.6,14,101600.0,9999999
03776,0,8719,4.7,5.08,0.0,0.0,4.7,263.9,1.0,13,101600.0,9999999
03776,0,8720,4.6,5.04,15.0,15.0,4.7,263.9,0.0,0,101700.0,9999999
03776,0,8721,5.9,5.27,43.0,43.0,4.7,267.2,1.0,16,101900.0,9999999
03776,0,8722,8.0,5.15,137.0,93.0,4.7,267.2,3.6,16,102000.0,9999999
03776,0,8723,8.7,5.15,202.0,79.0,4.7,267.66,3.6,15,102100.0,9999999
03776,0,8724,7.7,3.53,206.0,106.0,4.7,266.5,5.1,16,102100.0,9999999
03776,0,8725,8.3,3.97,165.0,69.0,4.7,266.5,5.1,15,102200.0,9999999
03776,0,8726,7.3,3.97,93.0,55.0,4.7,265.56,3.1,15,102300.0,9999999
03776,0,8727,5.9,3.88,21.0,21.0,4.7,264.14,2.6,14,102400.0,9999999
03776,0,8728,3.4,3.67,0.0,0.0,4.7,262.69,1.0,12,102400.0,9999999
03776,0,8729,1.5,3.56,0.0,0.0,4.7,259.72,1.0,9,102400.0,9999999
03776,0,8730,0.7,3.32,0.0,0.0,4.7,258.71,1.5,11,102500.0,9999999
03776,0,8731,-0.7,3.27,0.0,0.0,4.7,256.12,1.0,11,102500.0,9999999
03776,0,8732,0.0,3.32,0.0,0.0,4.7,256.91,1.0,11,102600.0,9999999
03776,0,8733,0.2,3.29,0.0,0.0,4.7,257.17,1.5,11,102600.0,9999999
03776,0,8734,-0.2,3.32,0.0,0.0,4.7,257.94,1.0,10,102600.0,9999999
03776,0,8735,0.4,3.43,0.0,0.0,4.7,258.71,1.5,11,102500.0,9999999
03776,0,8736,-0.8,3.24,0.0,0.0,4.7,256.12,1.5,10,102500.0,9999999
03776,0,8737,-0.3,3.37,0.0,0.0,4.7,256.65,1.5,9,102500.0,9999999
03776,0,8738,0.4,3.32,0.0,0.0,4.7,257.43,1.5,9,102400.0,9999999
03776,0,8739,-1.3,3.22,0.0,0.0,4.7,255.6,3.1,10,102400.0,9999999
03776,0,8740,-0.2,3.24,0.0,0.0,4.7,256.65,4.1,10,102300.0,9999999
03776,0,8741,-0.2,3.48,0.0,0.0,4.7,260.22,2.6,10,102300.0,9999999
03776,0,8742,1.1,3.7,0.0,0.0,4.7,263.42,2.6,9,102300.0,9999999
03776,0,8743,2.3,3.97,0.0,0.0,4.7,267.2,1.5,11,102300.0,9999999
03776,0,8744,4.3,4.35,9.0,9.0,4.7,269.48,3.6,9,102200.0,9999999
03776,0,8745,5.0,4.51,17.0,17.0,4.7,272.14,3.6,10,102200.0,9999999
03776,0,8746,6.3,4.72,82.0,81.0,4.7,271.7,4.1,10,102100.0,9999999
03776,0,8747,7.5,4.86,105.0,102.0,4.7,273.01,6.2,11,102000.0,9999999
03776,0,8748,8.0,4.75,106.0,103.0,4.7,273.44,6.2,11,101800.0,9999999
03776,0,8749,8.1,4.79,85.0,84.0,4.7,273.44,7.2,11,101800.0,9999999
03776,0,8750,8.1,4.79,48.0,48.0,4.7,273.44,5.1,10,101700.0,9999999
03776,0,8751,7.4,4.79,11.0,11.0,4.7,272.8,5.7,11,101600.0,9999999
03776,0,8752,7.1,4.86,0.0,0.0,4.7,272.58,6.2,10,101600.0,9999999
03776,0,8753,7.4,4.89,0.0,0.0,4.7,272.8,5.7,11,101600.0,9999999
03776,0,8754,7.8,5.0,0.0,0.0,4.7,273.23,6.7,11,101500.0,9999999
03776,0,8755,7.5,4.93,0.0,0.0,4.7,273.01,4.1,11,101500.0,9999999
03776,0,8756,7.2,4.89,0.0,0.0,4.7,269.25,4.6,11,101400.0,9999999
03776,0,8757,6.7,4.79,0.0,0.0,4.7,268.8,5.1,11,101300.0,9999999
03776,0,8758,5.7,4.58,0.0,0.0,4.7,268.57,7.7,11,101300.0,9999999
03776,0,8759,4.3,4.31,0.0,0.0,4.7,266.96,7.7,11,101100.0,9999999
