48698,0,0,24.7,18.38,0.0,0.0,27.55,287.43,3.2,8,100900.0,9999999
48698,0,1,24.4,18.15,0.0,0.0,27.55,287.06,4.1,16,100900.0,9999999
48698,0,2,24.2,18.15,0.0,0.0,27.55,286.87,3.1,16,100800.0,9999999
48698,0,3,24.1,18.15,0.0,0.0,27.55,286.68,2.0,16,100800.0,9999999
48698,0,4,24.1,18.15,0.0,0.0,27.55,286.68,1.0,15,100800.0,9999999
48698,0,5,24.0,18.15,0.0,0.0,27.55,286.68,0.7,15,100800.0,9999999
48698,0,6,24.2,17.82,0.0,0.0,27.55,286.87,0.3,15,100800.0,9999999
48698,0,7,24.3,17.71,18.0,18.0,27.55,286.87,0.0,0,100900.0,9999999
48698,0,8,25.5,17.6,152.0,130.0,27.55,287.99,1.5,16,100900.0,9999999
48698,0,9,26.8,17.6,318.0,252.0,27.55,289.27,3.1,16,101000.0,9999999
48698,0,10,28.0,17.49,464.0,387.0,27.55,290.36,4.6,2,101000.0,9999999
48698,0,11,26.8,17.6,571.0,471.0,27.55,289.27,3.1,2,101000.0,9999999
48698,0,12,25.5,17.6,630.0,521.0,27.55,287.99,1.5,2,100900.0,9999999
48698,0,13,24.3,17.71,637.0,526.0,27.55,286.87,0.0,0,100900.0,9999999
48698,0,14,25.4,17.71,589.0,486.0,27.55,288.9,1.5,16,100800.0,9999999
48698,0,15,26.5,17.82,493.0,424.0,27.55,291.25,3.1,16,100800.0,9999999
48698,0,16,27.6,17.82,354.0,285.0,27.55,292.85,4.6,1,100700.0,9999999
48698,0,17,27.1,17.82,190.0,159.0,27.55,292.32,3.9,1,100800.0,9999999
48698,0,18,26.6,17.93,40.0,40.0,27.55,291.96,3.3,1,100800.0,9999999
48698,0,19,26.1,17.93,0.0,0.0,27.55,291.43,2.6,16,100800.0,9999999
48698,0,20,25.8,17.82,0.0,0.0,27.55,290.54,2.4,16,100900.0,9999999
48698,0,21,25.6,17.82,0.0,0.0,27.55,289.09,2.3,16,100900.0,9999999
48698,0,22,25.3,17.71,0.0,0.0,27.55,287.8,2.1,16,101000.0,9999999
48698,0,23,25.1,17.82,0.0,0.0,27.55,288.54,2.2,16,101000.0,9999999
48698,0,24,24.8,17.93,0.0,0.0,27.55,288.35,2.3,16,100900.0,9999999
48698,0,25,24.6,18.04,0.0,0.0,27.55,288.17,2.4,16,100900.0,9999999
48698,0,26,24.6,18.15,0.0,0.0,27.55,288.17,1.5,16,100900.0,9999999
48698,0,27,24.6,18.26,0.0,0.0,27.55,288.9,0.7,16,100800.0,9999999
48698,0,28,24.6,18.38,0.0,0.0,27.55,288.9,0.0,0,100800.0,9999999
48698,0,29,24.8,18.49,0.0,0.0,27.55,289.09,0.0,0,100900.0,9999999
48698,0,30,25.0,18.61,0.0,0.0,27.55,289.45,0.0,0,100900.0,9999999
48698,0,31,25.2,18.72,18.0,18.0,27.55,288.9,0.0,0,100900.0,9999999
48698,0,32,25.9,18.61,151.0,129.0,27.55,290.36,1.0,16,100900.0,9999999
48698,0,33,26.7,18.61,316.0,251.0,27.55,291.07,2.1,16,100900.0,9999999
48698,0,34,27.4,18.49,463.0,386.0,27.55,291.79,3.1,16,100900.0,9999999
48698,0,35,28.2,18.38,571.0,471.0,27.55,292.49,4.1,16,100900.0,9999999
48698,0,36,28.9,18.38,630.0,521.0,27.55,293.72,5.2,16,100900.0,9999999
48698,0,37,29.7,18.26,637.0,442.0,27.55,294.41,6.2,3,100800.0,9999999
48698,0,38,29.1,18.26,590.0,487.0,27.55,293.89,6.3,3,100800.0,9999999
48698,0,39,28.6,18.38,494.0,425.0,27.55,292.85,6.4,3,100800.0,9999999
48698,0,40,28.0,18.38,355.0,298.0,27.55,292.32,6.4,3,100800.0,9999999
48698,0,41,27.5,18.38,192.0,160.0,27.55,291.79,6.5,3,100800.0,9999999
48698,0,42,26.9,18.49,41.0,41.0,27.55,291.25,6.6,3,100800.0,9999999
48698,0,43,26.4,18.49,0.0,0.0,27.55,289.99,6.7,2,100700.0,9999999
48698,0,44,26.2,18.61,0.0,0.0,27.55,289.81,6.5,2,100800.0,9999999
48698,0,45,26.1,18.61,0.0,0.0,27.55,289.81,6.4,2,100900.0,9999999
48698,0,46,25.9,18.72,0.0,0.0,27.55,288.54,6.2,2,100900.0,9999999
48698,0,47,25.7,18.72,0.0,0.0,27.55,289.45,5.4,2,100900.0,9999999
48698,0,48,25.6,18.61,0.0,0.0,27.55,289.27,4.6,2,100900.0,9999999
48698,0,49,25.4,18.61,0.0,0.0,27.55,289.09,3.8,2,100800.0,9999999
48698,0,50,25.2,18.61,0.0,0.0,27.55,289.63,3.1,2,100800.0,9999999
48698,0,51,25.1,18.49,0.0,0.0,27.55,289.45,2.3,2,100800.0,9999999
48698,0,52,24.9,18.49,0.0,0.0,27.55,289.81,1.5,16,100700.0,9999999
48698,0,53,25.1,18.61,0.0,0.0,27.55,289.45,1.9,16,100800.0,9999999
48698,0,54,25.3,18.84,0.0,0.0,27.55,289.81,2.2,16,100800.0,9999999
48698,0,55,25.5,18.95,17.0,17.0,27.55,289.27,2.6,16,100800.0,9999999
48698,0,56,26.8,18.61,169.0,131.0,27.55,290.36,4.0,16,100900.0,9999999
48698,0,57,28.0,18.26,389.0,223.0,27.55,291.61,5.3,16,101000.0,9999999
48698,0,58,29.3,17.93,606.0,262.0,27.55,292.67,6.7,2,101000.0,9999999
48698,0,59,30.1,17.49,782.0,286.0,27.55,293.37,6.9,2,100900.0,9999999
48698,0,60,30.8,16.96,893.0,282.0,27.55,293.89,7.0,2,100900.0,9999999
48698,0,61,31.6,16.44,925.0,246.0,27.55,294.59,7.2,2,100800.0,9999999
48698,0,62,30.9,16.96,838.0,254.0,27.55,294.07,7.2,2,100800.0,9999999
48698,0,63,30.2,17.49,679.0,225.0,27.55,293.55,7.2,2,100700.0,9999999
48698,0,64,29.5,17.93,468.0,216.0,27.55,292.85,7.2,1,100600.0,9999999
48698,0,65,28.6,18.26,238.0,156.0,27.55,292.14,6.3,1,100600.0,9999999
48698,0,66,27.6,18.49,48.0,48.0,27.55,291.25,5.5,1,100700.0,9999999
48698,0,67,26.7,18.84,0.0,0.0,27.55,290.36,4.6,1,100700.0,9999999
48698,0,68,26.5,18.84,0.0,0.0,27.55,290.18,4.8,1,100800.0,9999999
48698,0,69,26.2,18.95,0.0,0.0,27.55,289.99,4.9,1,100900.0,9999999
48698,0,70,26.0,18.95,0.0,0.0,27.55,289.63,5.1,2,101000.0,9999999
48698,0,71,25.9,18.95,0.0,0.0,27.55,289.63,5.1,2,100900.0,9999999
48698,0,72,25.9,18.95,0.0,0.0,27.55,289.63,5.1,2,100900.0,9999999
48698,0,73,25.8,18.95,0.0,0.0,27.55,289.45,5.1,1,100900.0,9999999
48698,0,74,25.7,18.95,0.0,0.0,27.55,290.72,3.9,1,100800.0,9999999
48698,0,75,25.7,19.07,0.0,0.0,27.55,291.25,2.7,1,100800.0,9999999
48698,0,76,25.6,19.07,0.0,0.0,27.55,291.79,1.5,1,100700.0,9999999
48698,0,77,25.5,19.07,0.0,0.0,27.55,291.79,2.4,1,100800.0,9999999
48698,0,78,25.5,18.95,0.0,0.0,27.55,291.07,3.2,1,100800.0,9999999
48698,0,79,25.4,18.95,6.0,6.0,27.55,290.89,4.1,1,100900.0,9999999
48698,0,80,26.6,18.95,94.0,94.0,27.55,292.14,4.3,1,100900.0,9999999
48698,0,81,27.7,18.95,263.0,222.0,27.55,293.2,4.4,1,100900.0,9999999
48698,0,82,28.9,18.95,461.0,347.0,27.55,294.41,4.6,2,101000.0,9999999
48698,0,83,29.2,18.84,570.0,470.0,27.55,294.07,5.5,2,100900.0,9999999
48698,0,84,29.4,18.72,630.0,522.0,27.55,293.72,6.3,2,100800.0,9999999
48698,0,85,29.7,18.61,638.0,443.0,27.55,293.2,7.2,1,100800.0,9999999
48698,0,86,29.2,18.72,592.0,489.0,27.55,292.85,6.6,1,100800.0,9999999
48698,0,87,28.6,18.72,496.0,427.0,27.55,292.14,6.0,1,100800.0,9999999
48698,0,88,28.1,18.84,358.0,301.0,27.55,291.79,5.4,1,100700.0,9999999
48698,0,89,27.6,18.84,194.0,162.0,27.55,291.25,4.8,1,100700.0,9999999
48698,0,90,27.0,18.95,43.0,43.0,27.55,289.63,4.2,1,100700.0,9999999
48698,0,91,26.5,18.95,0.0,0.0,27.55,289.27,3.6,2,100700.0,9999999
48698,0,92,26.3,18.95,0.0,0.0,27.55,289.99,3.4,2,100800.0,9999999
48698,0,93,26.1,18.84,0.0,0.0,27.55,290.54,3.3,2,100900.0,9999999
48698,0,94,25.9,18.84,0.0,0.0,27.55,290.89,3.1,1,100900.0,9999999
48698,0,95,25.8,18.95,0.0,0.0,27.55,290.18,3.4,1,100900.0,9999999
48698,0,96,25.7,18.95,0.0,0.0,27.55,290.18,3.8,1,100800.0,9999999
48698,0,97,25.6,19.07,0.0,0.0,27.55,289.27,4.1,1,100800.0,9999999
48698,0,98,25.5,19.07,0.0,0.0,27.55,289.27,3.8,1,100800.0,9999999
48698,0,99,25.4,18.95,0.0,0.0,27.55,289.09,3.4,1,100800.0,9999999
48698,0,100,25.3,18.95,0.0,0.0,27.55,289.09,3.1,1,100800.0,9999999
48698,0,101,25.2,18.95,0.0,0.0,27.55,288.9,2.8,1,100800.0,9999999
48698,0,102,25.1,18.84,0.0,0.0,27.55,288.9,2.4,1,100800.0,9999999
48698,0,103,25.0,18.84,17.0,17.0,27.55,288.72,2.1,16,100800.0,9999999
48698,0,104,26.4,18.49,148.0,127.0,27.55,289.99,3.5,16,100800.0,9999999
48698,0,105,27.8,18.15,314.0,249.0,27.55,291.25,4.8,16,100900.0,9999999
48698,0,106,29.2,17.82,462.0,385.0,27.55,292.67,6.2,1,100900.0,9999999
48698,0,107,29.7,17.82,571.0,471.0,27.55,293.02,6.9,1,100800.0,9999999
48698,0,108,30.1,17.71,632.0,522.0,27.55,293.37,7.5,1,100700.0,9999999
48698,0,109,30.6,17.71,640.0,443.0,27.55,293.89,8.2,2,100700.0,9999999
48698,0,110,30.2,17.82,497.0,414.0,27.55,293.55,8.4,2,100600.0,9999999
48698,0,111,29.8,17.82,315.0,299.0,27.55,293.2,8.5,2,100500.0,9999999
48698,0,112,29.4,17.93,137.0,137.0,27.55,292.85,8.7,2,100500.0,9999999
48698,0,113,28.5,18.15,124.0,124.0,27.55,291.96,7.2,2,100500.0,9999999
48698,0,114,27.5,18.49,37.0,37.0,27.55,291.07,5.6,2,100500.0,9999999
48698,0,115,26.6,18.72,0.0,0.0,27.55,289.27,4.1,2,100600.0,9999999
48698,0,116,26.4,18.72,0.0,0.0,27.55,289.09,3.8,2,100600.0,9999999
48698,0,117,26.2,18.61,0.0,0.0,27.55,288.9,3.4,2,100700.0,9999999
48698,0,118,26.0,18.61,0.0,0.0,27.55,288.72,3.1,2,100700.0,9999999
48698,0,119,25.8,18.72,0.0,0.0,27.55,289.45,2.7,2,100700.0,9999999
48698,0,120,25.6,18.72,0.0,0.0,27.55,289.27,2.2,2,100700.0,9999999
48698,0,121,25.4,18.84,0.0,0.0,27.55,289.09,1.8,2,100700.0,9999999
48698,0,122,25.2,18.84,0.0,0.0,27.55,289.63,1.4,2,100600.0,9999999
48698,0,123,25.0,18.95,0.0,0.0,27.55,289.45,0.9,2,100600.0,9999999
48698,0,124,24.8,18.95,0.0,0.0,27.55,289.81,0.5,13,100600.0,9999999
48698,0,125,24.8,18.95,0.0,0.0,27.55,289.27,0.5,13,100600.0,9999999
48698,0,126,24.9,18.84,0.0,0.0,27.55,288.54,0.5,13,100700.0,9999999
48698,0,127,24.9,18.84,17.0,17.0,27.55,287.62,0.5,15,100700.0,9999999
48698,0,128,26.4,18.95,147.0,126.0,27.55,290.18,1.5,15,100700.0,9999999
48698,0,129,28.0,19.19,313.0,248.0,27.55,291.61,2.6,15,100700.0,9999999
48698,0,130,29.5,19.3,460.0,384.0,27.55,293.2,3.6,1,100700.0,9999999
48698,0,131,29.6,18.49,570.0,470.0,27.55,293.89,4.3,1,100700.0,9999999
48698,0,132,29.8,17.71,632.0,522.0,27.55,294.41,5.0,1,100600.0,9999999
48698,0,133,29.9,16.96,641.0,443.0,27.55,294.93,5.7,1,100500.0,9999999
48698,0,134,29.7,17.38,595.0,491.0,27.55,294.24,6.5,1,100400.0,9999999
48698,0,135,29.4,17.71,500.0,430.0,27.55,292.85,7.4,1,100400.0,9999999
48698,0,136,29.2,18.15,362.0,303.0,27.55,291.61,8.2,2,100300.0,9999999
48698,0,137,28.3,18.15,198.0,165.0,27.55,290.72,7.0,2,100400.0,9999999
48698,0,138,27.4,18.04,45.0,45.0,27.55,289.99,5.8,2,100400.0,9999999
48698,0,139,26.5,18.04,0.0,0.0,27.55,289.09,4.6,2,100500.0,9999999
48698,0,140,26.2,18.26,0.0,0.0,27.55,289.81,4.3,2,100500.0,9999999
48698,0,141,26.0,18.61,0.0,0.0,27.55,289.63,3.9,2,100600.0,9999999
48698,0,142,25.7,18.84,0.0,0.0,27.55,289.45,3.6,2,100600.0,9999999
48698,0,143,25.5,18.72,0.0,0.0,27.55,289.27,3.8,2,100600.0,9999999
48698,0,144,25.2,18.61,0.0,0.0,27.55,288.9,3.9,2,100600.0,9999999
48698,0,145,25.0,18.49,0.0,0.0,27.55,287.62,4.1,2,100600.0,9999999
48698,0,146,25.0,18.49,0.0,0.0,27.55,287.62,2.7,2,100600.0,9999999
48698,0,147,25.0,18.49,0.0,0.0,27.55,287.62,1.4,2,100500.0,9999999
48698,0,148,25.0,18.49,0.0,0.0,27.55,287.62,0.0,0,100500.0,9999999
48698,0,149,25.2,18.49,0.0,0.0,27.55,287.8,1.4,16,100500.0,9999999
48698,0,150,25.5,18.61,0.0,0.0,27.55,288.17,2.7,16,100600.0,9999999
48698,0,151,25.7,18.61,16.0,16.0,27.55,288.35,4.1,1,100600.0,9999999
48698,0,152,26.8,18.49,146.0,125.0,27.55,290.36,4.6,1,100600.0,9999999
48698,0,153,27.8,18.26,312.0,248.0,27.55,291.25,5.2,1,100700.0,9999999
48698,0,154,28.9,18.15,461.0,384.0,27.55,292.32,5.7,1,100700.0,9999999
48698,0,155,29.8,18.15,571.0,470.0,27.55,293.89,5.3,1,100700.0,9999999
48698,0,156,30.7,18.15,632.0,523.0,27.55,294.76,5.0,1,100600.0,9999999
48698,0,157,31.6,18.15,641.0,444.0,27.55,296.3,4.6,1,100600.0,9999999
48698,0,158,31.0,17.93,596.0,492.0,27.55,295.1,5.6,1,100500.0,9999999
48698,0,159,30.4,17.82,501.0,431.0,27.55,293.72,6.7,1,100400.0,9999999
48698,0,160,29.8,17.6,364.0,305.0,27.55,292.14,7.7,2,100400.0,9999999
48698,0,161,28.0,17.71,199.0,166.0,27.55,291.43,7.2,2,100400.0,9999999
48698,0,162,27.3,18.15,46.0,46.0,27.55,290.89,6.1,2,100500.0,9999999
48698,0,163,26.6,18.49,0.0,0.0,27.55,290.18,5.1,2,100500.0,9999999
48698,0,164,26.4,18.61,0.0,0.0,27.55,289.99,4.6,2,100600.0,9999999
48698,0,165,26.1,18.72,0.0,0.0,27.55,289.81,4.1,2,100600.0,9999999
48698,0,166,25.9,18.84,0.0,0.0,27.55,288.54,3.6,1,100700.0,9999999
48698,0,167,25.6,18.84,0.0,0.0,27.55,289.27,2.9,1,100700.0,9999999
48698,0,168,25.4,18.95,0.0,0.0,27.55,289.81,2.2,1,100700.0,9999999
48698,0,169,25.1,18.95,0.0,0.0,27.55,290.18,1.5,15,100700.0,9999999
48698,0,170,24.8,18.72,0.0,0.0,27.55,289.27,1.9,15,100700.0,9999999
48698,0,171,24.6,18.38,0.0,0.0,27.55,288.17,2.2,15,100600.0,9999999
48698,0,172,24.3,18.15,0.0,0.0,27.55,286.87,2.6,16,100600.0,9999999
48698,0,173,24.4,18.26,0.0,0.0,27.55,287.06,2.4,16,100600.0,9999999
48698,0,174,24.6,18.49,0.0,0.0,27.55,287.24,2.3,16,100600.0,9999999
48698,0,175,24.7,18.61,16.0,16.0,27.55,287.43,2.1,1,100700.0,9999999
48698,0,176,26.1,18.72,164.0,127.0,27.55,289.81,3.3,1,100700.0,9999999
48698,0,177,27.6,18.72,383.0,221.0,27.55,291.25,4.5,1,100800.0,9999999
48698,0,178,29.0,18.84,602.0,263.0,27.55,292.67,5.7,1,100800.0,9999999
48698,0,179,29.7,18.49,781.0,287.0,27.55,293.2,6.2,1,100800.0,9999999
48698,0,180,30.3,18.15,894.0,286.0,27.55,293.72,6.7,1,100700.0,9999999
48698,0,181,31.0,17.82,929.0,252.0,27.55,294.41,7.2,1,100700.0,9999999
48698,0,182,30.8,17.82,864.0,199.0,27.55,294.93,7.2,1,100600.0,9999999
48698,0,183,30.7,17.71,727.0,183.0,27.55,294.76,7.2,1,100500.0,9999999
48698,0,184,30.5,17.71,528.0,140.0,27.55,295.1,7.2,2,100400.0,9999999
48698,0,185,29.3,17.82,298.0,109.0,27.55,293.37,7.0,2,100500.0,9999999
48698,0,186,28.1,18.04,71.0,54.0,27.55,291.61,6.9,2,100500.0,9999999
48698,0,187,26.9,18.15,1.0,1.0,27.55,289.45,6.7,2,100500.0,9999999
48698,0,188,26.6,18.38,0.0,0.0,27.55,289.27,5.5,2,100600.0,9999999
48698,0,189,26.3,18.61,0.0,0.0,27.55,288.9,4.3,2,100700.0,9999999
48698,0,190,26.0,18.84,0.0,0.0,27.55,288.72,3.1,1,100700.0,9999999
48698,0,191,26.0,18.84,0.0,0.0,27.55,288.72,3.6,1,100700.0,9999999
48698,0,192,25.7,18.72,0.0,0.0,27.55,288.35,2.8,1,100700.0,9999999
48698,0,193,25.5,18.72,0.0,0.0,27.55,288.17,2.1,1,100700.0,9999999
48698,0,194,25.3,18.61,0.0,0.0,27.55,287.99,2.4,1,100700.0,9999999
48698,0,195,25.1,18.49,0.0,0.0,27.55,287.8,2.8,1,100600.0,9999999
48698,0,196,24.9,18.38,0.0,0.0,27.55,287.62,3.1,1,100500.0,9999999
48698,0,197,24.9,18.38,0.0,0.0,27.55,287.62,3.1,1,100500.0,9999999
48698,0,198,24.8,18.26,0.0,0.0,27.55,287.43,3.1,1,100600.0,9999999
48698,0,199,24.8,18.26,16.0,16.0,27.55,287.43,3.1,16,100600.0,9999999
48698,0,200,26.4,18.38,149.0,125.0,27.55,289.09,3.9,16,100600.0,9999999
48698,0,201,27.9,18.49,330.0,241.0,27.55,290.54,4.6,16,100700.0,9999999
48698,0,202,29.5,18.61,501.0,368.0,27.55,291.96,5.4,16,100700.0,9999999
48698,0,203,29.9,18.38,637.0,461.0,27.55,292.32,5.5,16,100700.0,9999999
48698,0,204,30.4,18.26,723.0,435.0,27.55,292.85,5.6,16,100600.0,9999999
48698,0,205,30.9,18.04,749.0,411.0,27.55,293.37,5.7,16,100600.0,9999999
48698,0,206,30.8,18.04,668.0,484.0,27.55,294.24,5.5,16,100500.0,9999999
48698,0,207,30.7,18.04,534.0,402.0,27.55,294.07,5.3,16,100400.0,9999999
48698,0,208,30.6,18.04,366.0,292.0,27.55,294.07,5.1,2,100300.0,9999999
48698,0,209,29.8,18.15,228.0,176.0,27.55,293.2,4.6,2,100400.0,9999999
48698,0,210,29.0,18.26,59.0,55.0,27.55,292.49,4.1,2,100500.0,9999999
48698,0,211,28.2,18.49,1.0,1.0,27.55,291.79,3.6,2,100500.0,9999999
48698,0,212,27.5,18.61,0.0,0.0,27.55,291.07,3.1,2,100600.0,9999999
48698,0,213,26.7,18.72,0.0,0.0,27.55,289.45,2.6,2,100600.0,9999999
48698,0,214,25.9,18.84,0.0,0.0,27.55,288.54,2.1,16,100700.0,9999999
48698,0,215,25.8,18.84,0.0,0.0,27.55,289.45,1.7,16,100700.0,9999999
48698,0,216,25.6,18.72,0.0,0.0,27.55,289.27,1.4,16,100600.0,9999999
48698,0,217,25.5,18.72,0.0,0.0,27.55,289.81,1.0,16,100600.0,9999999
48698,0,218,25.4,18.72,0.0,0.0,27.55,290.36,0.7,16,100500.0,9999999
48698,0,219,25.2,18.61,0.0,0.0,27.55,290.18,0.4,16,100500.0,9999999
48698,0,220,25.1,18.61,0.0,0.0,27.55,290.54,0.0,0,100500.0,9999999
48698,0,221,25.9,18.72,0.0,0.0,27.55,290.89,0.6,16,100500.0,9999999
48698,0,222,26.6,18.84,0.0,0.0,27.55,291.61,1.2,16,100500.0,9999999
48698,0,223,27.4,18.95,10.0,10.0,27.55,291.79,1.7,16,100600.0,9999999
48698,0,224,28.6,18.95,101.0,101.0,27.55,292.32,2.8,16,100600.0,9999999
48698,0,225,29.8,19.07,240.0,212.0,27.55,293.37,3.8,16,100600.0,9999999
48698,0,226,31.0,19.07,384.0,338.0,27.55,293.55,4.9,16,100700.0,9999999
48698,0,227,30.8,18.95,510.0,407.0,27.55,293.37,5.3,16,100600.0,9999999
48698,0,228,30.5,18.84,601.0,500.0,27.55,293.02,5.8,16,100600.0,9999999
48698,0,229,30.3,18.72,643.0,539.0,27.55,292.85,6.3,16,100500.0,9999999
48698,0,230,29.8,18.72,599.0,495.0,27.55,292.32,6.6,16,100500.0,9999999
48698,0,231,29.3,18.72,504.0,435.0,27.55,291.96,6.9,16,100400.0,9999999
48698,0,232,28.8,18.72,367.0,308.0,27.55,291.43,7.2,2,100400.0,9999999
48698,0,233,28.3,18.72,203.0,169.0,27.55,290.89,6.4,2,100400.0,9999999
48698,0,234,27.8,18.72,49.0,49.0,27.55,290.36,5.5,2,100400.0,9999999
48698,0,235,27.2,18.84,1.0,1.0,27.55,289.81,4.6,2,100500.0,9999999
48698,0,236,26.7,18.84,0.0,0.0,27.55,289.45,3.8,2,100500.0,9999999
48698,0,237,26.2,18.84,0.0,0.0,27.55,288.9,2.9,2,100500.0,9999999
48698,0,238,25.7,18.84,0.0,0.0,27.55,288.35,2.1,16,100600.0,9999999
48698,0,239,25.6,18.84,0.0,0.0,27.55,289.27,2.2,16,100600.0,9999999
48698,0,240,25.6,18.84,0.0,0.0,27.55,289.27,2.3,16,100500.0,9999999
48698,0,241,25.5,18.84,0.0,0.0,27.55,289.27,2.3,16,100500.0,9999999
48698,0,242,25.4,18.84,0.0,0.0,27.55,289.81,2.4,16,100500.0,9999999
48698,0,243,25.4,18.84,0.0,0.0,27.55,289.81,2.5,16,100500.0,9999999
48698,0,244,25.3,18.84,0.0,0.0,27.55,290.36,2.6,16,100500.0,9999999
48698,0,245,26.1,18.84,0.0,0.0,27.55,291.07,2.8,16,100500.0,9999999
48698,0,246,26.8,18.84,0.0,0.0,27.55,291.25,3.1,16,100500.0,9999999
48698,0,247,27.6,18.84,15.0,15.0,27.55,291.96,3.3,16,100600.0,9999999
48698,0,248,28.4,18.72,142.0,123.0,27.55,292.67,3.6,16,100600.0,9999999
48698,0,249,29.1,18.72,310.0,246.0,27.55,293.37,3.9,16,100700.0,9999999
48698,0,250,29.9,18.72,459.0,383.0,27.55,293.37,4.1,1,100700.0,9999999
48698,0,251,28.9,18.61,571.0,471.0,27.55,293.2,3.9,1,100600.0,9999999
48698,0,252,27.9,18.49,634.0,524.0,27.55,292.85,3.6,1,100600.0,9999999
48698,0,253,26.9,18.49,644.0,447.0,27.55,292.32,3.3,1,100600.0,9999999
48698,0,254,26.0,18.38,600.0,496.0,27.55,292.14,3.1,1,100500.0,9999999
48698,0,255,25.0,18.26,506.0,436.0,27.55,291.96,2.8,1,100500.0,9999999
48698,0,256,24.0,18.15,369.0,309.0,27.55,290.89,2.6,14,100400.0,9999999
48698,0,257,24.2,18.26,219.0,187.0,27.55,290.36,2.3,14,100500.0,9999999
48698,0,258,24.3,18.38,56.0,55.0,27.55,289.81,2.1,14,100500.0,9999999
48698,0,259,24.4,18.49,1.0,1.0,27.55,289.27,1.8,14,100600.0,9999999
48698,0,260,24.6,18.61,0.0,0.0,27.55,289.09,1.5,14,100600.0,9999999
48698,0,261,24.7,18.72,0.0,0.0,27.55,288.35,1.3,14,100600.0,9999999
48698,0,262,24.9,18.84,0.0,0.0,27.55,287.62,1.0,16,100700.0,9999999
48698,0,263,24.8,18.84,0.0,0.0,27.55,288.54,0.8,16,100700.0,9999999
48698,0,264,24.7,18.95,0.0,0.0,27.55,288.54,0.6,16,100700.0,9999999
48698,0,265,24.7,18.95,0.0,0.0,27.55,288.54,0.4,16,100600.0,9999999
48698,0,266,24.6,19.07,0.0,0.0,27.55,288.35,0.2,16,100600.0,9999999
48698,0,267,24.5,19.07,0.0,0.0,27.55,288.9,0.0,16,100600.0,9999999
48698,0,268,24.4,19.19,0.0,0.0,27.55,288.9,0.0,16,100600.0,9999999
48698,0,269,25.1,19.19,0.0,0.0,27.55,289.63,0.3,16,100600.0,9999999
48698,0,270,25.9,19.19,0.0,0.0,27.55,290.89,0.9,16,100700.0,9999999
48698,0,271,26.6,19.19,15.0,15.0,27.55,291.61,1.4,16,100700.0,9999999
48698,0,272,27.3,19.3,141.0,122.0,27.55,292.32,2.0,16,100700.0,9999999
48698,0,273,28.1,19.3,309.0,245.0,27.55,293.72,2.5,16,100700.0,9999999
48698,0,274,28.8,19.3,459.0,383.0,27.55,294.41,3.1,2,100800.0,9999999
48698,0,275,28.9,19.42,570.0,471.0,27.55,294.41,3.4,2,100700.0,9999999
48698,0,276,28.9,19.42,633.0,525.0,27.55,294.41,3.8,2,100700.0,9999999
48698,0,277,29.0,19.54,644.0,448.0,27.55,294.07,4.1,2,100600.0,9999999
48698,0,278,29.1,19.66,600.0,496.0,27.55,294.07,4.4,2,100600.0,9999999
48698,0,279,29.1,19.66,507.0,437.0,27.55,294.07,4.8,2,100500.0,9999999
48698,0,280,29.2,19.78,370.0,310.0,27.55,294.24,5.1,4,100500.0,9999999
48698,0,281,28.6,19.66,253.0,172.0,27.55,293.02,4.9,4,100500.0,9999999
48698,0,282,28.0,19.54,69.0,59.0,27.55,292.49,4.6,4,100600.0,9999999
48698,0,283,27.3,19.42,1.0,1.0,27.55,291.07,4.4,4,100600.0,9999999
48698,0,284,26.7,19.19,0.0,0.0,27.55,290.36,4.1,4,100700.0,9999999
48698,0,285,26.1,19.07,0.0,0.0,27.55,289.81,3.8,4,100700.0,9999999
48698,0,286,25.5,18.95,0.0,0.0,27.55,288.17,3.6,1,100800.0,9999999
48698,0,287,25.4,19.07,0.0,0.0,27.55,288.17,3.0,1,100800.0,9999999
48698,0,288,25.3,19.07,0.0,0.0,27.55,288.17,2.4,1,100700.0,9999999
48698,0,289,25.2,19.19,0.0,0.0,27.55,287.99,1.8,1,100700.0,9999999
48698,0,290,25.0,19.19,0.0,0.0,27.55,287.8,1.2,1,100700.0,9999999
48698,0,291,24.9,19.3,0.0,0.0,27.55,287.8,0.6,1,100700.0,9999999
48698,0,292,24.8,19.3,0.0,0.0,27.55,287.62,0.0,0,100700.0,9999999
48698,0,293,25.5,19.3,0.0,0.0,27.55,289.27,0.8,16,100700.0,9999999
48698,0,294,26.2,19.42,0.0,0.0,27.55,289.99,1.5,16,100700.0,9999999
48698,0,295,26.8,19.42,18.0,18.0,27.55,291.25,2.3,16,100700.0,9999999
48698,0,296,27.5,19.42,159.0,125.0,27.55,292.49,3.1,16,100800.0,9999999
48698,0,297,28.2,19.54,329.0,247.0,27.55,293.2,3.8,16,100800.0,9999999
48698,0,298,28.9,19.54,458.0,395.0,27.55,294.41,4.6,2,100800.0,9999999
48698,0,299,29.0,19.3,570.0,471.0,27.55,294.07,5.2,2,100800.0,9999999
48698,0,300,29.1,19.07,634.0,525.0,27.55,294.07,5.8,2,100700.0,9999999
48698,0,301,29.2,18.95,645.0,449.0,27.55,293.55,6.4,2,100600.0,9999999
48698,0,302,29.3,18.72,603.0,498.0,27.55,292.85,7.0,2,100600.0,9999999
48698,0,303,29.4,18.49,509.0,438.0,27.55,292.85,7.6,2,100500.0,9999999
48698,0,304,29.5,18.26,372.0,312.0,27.55,291.96,8.2,2,100500.0,9999999
48698,0,305,28.9,18.38,208.0,172.0,27.55,291.43,7.4,2,100500.0,9999999
48698,0,306,28.3,18.49,52.0,52.0,27.55,290.89,6.5,2,100600.0,9999999
48698,0,307,27.7,18.61,1.0,1.0,27.55,290.36,5.7,2,100600.0,9999999
48698,0,308,27.2,18.72,0.0,0.0,27.55,289.81,4.8,2,100700.0,9999999
48698,0,309,26.6,18.84,0.0,0.0,27.55,289.27,4.0,2,100700.0,9999999
48698,0,310,26.0,18.95,0.0,0.0,27.55,288.72,3.1,2,100800.0,9999999
48698,0,311,25.9,18.95,0.0,0.0,27.55,288.72,3.1,2,100800.0,9999999
48698,0,312,25.9,18.95,0.0,0.0,27.55,288.72,3.1,2,100700.0,9999999
48698,0,313,25.8,19.07,0.0,0.0,27.55,288.54,3.1,2,100700.0,9999999
48698,0,314,25.7,19.07,0.0,0.0,27.55,288.54,3.1,2,100700.0,9999999
48698,0,315,25.7,19.07,0.0,0.0,27.55,288.54,3.1,2,100600.0,9999999
48698,0,316,25.6,19.07,0.0,0.0,27.55,288.35,3.1,1,100600.0,9999999
48698,0,317,25.7,19.19,0.0,0.0,27.55,289.45,3.4,1,100600.0,9999999
48698,0,318,25.8,19.3,0.0,0.0,27.55,290.36,3.6,1,100700.0,9999999
48698,0,319,25.9,19.42,11.0,11.0,27.55,291.07,3.8,1,100700.0,9999999
48698,0,320,26.0,20.03,88.0,88.0,27.55,291.79,4.1,2,100700.0,9999999
48698,0,321,26.3,19.66,158.0,158.0,27.55,292.67,5.9,2,100800.0,9999999
48698,0,322,26.6,19.78,174.0,173.0,27.55,293.72,7.7,2,100800.0,9999999
48698,0,323,26.7,19.66,292.0,280.0,27.55,293.89,7.3,2,100800.0,9999999
48698,0,324,26.8,19.54,401.0,386.0,27.55,293.02,6.8,2,100700.0,9999999
48698,0,325,26.9,19.42,478.0,429.0,27.55,292.49,6.4,2,100600.0,9999999
48698,0,326,26.9,19.19,505.0,423.0,27.55,291.96,6.0,2,100600.0,9999999
48698,0,327,27.0,19.07,471.0,394.0,27.55,291.43,5.5,2,100500.0,9999999
48698,0,328,27.1,18.95,373.0,313.0,27.55,290.72,5.1,2,100500.0,9999999
48698,0,329,26.8,18.95,209.0,173.0,27.55,291.25,4.7,2,100500.0,9999999
48698,0,330,26.5,18.95,53.0,53.0,27.55,290.89,4.3,2,100500.0,9999999
48698,0,331,26.1,19.07,1.0,1.0,27.55,290.54,3.8,2,100600.0,9999999
48698,0,332,25.8,19.07,0.0,0.0,27.55,290.18,3.4,2,100600.0,9999999
48698,0,333,25.5,19.07,0.0,0.0,27.55,290.54,3.0,2,100700.0,9999999
48698,0,334,25.2,19.07,0.0,0.0,27.55,290.18,2.6,1,100700.0,9999999
48698,0,335,25.1,18.95,0.0,0.0,27.55,290.18,3.1,1,100700.0,9999999
48698,0,336,25.0,18.84,0.0,0.0,27.55,290.54,3.6,1,100600.0,9999999
48698,0,337,24.9,18.84,0.0,0.0,27.55,290.54,4.1,1,100600.0,9999999
48698,0,338,24.9,18.72,0.0,0.0,27.55,290.36,4.7,1,100600.0,9999999
48698,0,339,24.8,18.61,0.0,0.0,27.55,290.89,5.2,1,100500.0,9999999
48698,0,340,24.7,18.49,0.0,0.0,27.55,290.89,5.7,1,100500.0,9999999
48698,0,341,25.4,18.49,0.0,0.0,27.55,291.61,6.1,1,100500.0,9999999
48698,0,342,26.1,18.61,0.0,0.0,27.55,291.61,6.5,1,100600.0,9999999
48698,0,343,26.8,18.61,14.0,14.0,27.55,291.79,6.9,1,100600.0,9999999
48698,0,344,27.5,18.61,139.0,121.0,27.55,292.32,7.4,1,100700.0,9999999
48698,0,345,28.2,18.72,308.0,244.0,27.55,292.49,7.8,1,100700.0,9999999
48698,0,346,28.9,18.72,459.0,383.0,27.55,292.49,8.2,1,100700.0,9999999
48698,0,347,28.6,18.72,571.0,471.0,27.55,292.14,8.1,1,100700.0,9999999
48698,0,348,28.4,18.61,636.0,441.0,27.55,291.96,8.0,1,100600.0,9999999
48698,0,349,28.1,18.61,648.0,450.0,27.55,291.61,7.9,1,100600.0,9999999
48698,0,350,27.9,18.61,605.0,500.0,27.55,291.43,7.9,1,100500.0,9999999
48698,0,351,27.6,18.49,512.0,441.0,27.55,291.25,7.8,1,100400.0,9999999
48698,0,352,27.4,18.49,375.0,314.0,27.55,290.89,7.7,2,100400.0,9999999
48698,0,353,27.1,18.61,194.0,167.0,27.55,291.43,7.1,2,100400.0,9999999
48698,0,354,26.8,18.72,45.0,45.0,27.55,291.07,6.5,2,100500.0,9999999
48698,0,355,26.4,18.84,1.0,1.0,27.55,291.43,5.9,2,100600.0,9999999
48698,0,356,26.1,18.84,0.0,0.0,27.55,291.07,5.3,2,100600.0,9999999
48698,0,357,25.8,18.95,0.0,0.0,27.55,291.43,4.7,2,100700.0,9999999
48698,0,358,25.5,19.07,0.0,0.0,27.55,291.07,4.1,1,100800.0,9999999
48698,0,359,25.5,18.95,0.0,0.0,27.55,291.07,3.9,1,100700.0,9999999
48698,0,360,25.5,18.84,0.0,0.0,27.55,291.07,3.6,1,100700.0,9999999
48698,0,361,25.5,18.72,0.0,0.0,27.55,291.07,3.3,1,100600.0,9999999
48698,0,362,25.5,18.61,0.0,0.0,27.55,291.07,3.1,1,100600.0,9999999
48698,0,363,25.5,18.49,0.0,0.0,27.55,290.89,2.8,1,100600.0,9999999
48698,0,364,25.5,18.38,0.0,0.0,27.55,290.89,2.6,16,100500.0,9999999
48698,0,365,25.6,18.49,0.0,0.0,27.55,291.07,2.8,16,100600.0,9999999
48698,0,366,25.7,18.61,0.0,0.0,27.55,291.25,3.1,16,100600.0,9999999
48698,0,367,25.8,18.72,5.0,5.0,27.55,291.25,3.3,16,100700.0,9999999
48698,0,368,25.9,18.72,53.0,53.0,27.55,291.43,3.6,16,100700.0,9999999
48698,0,369,26.0,18.84,117.0,117.0,27.55,291.61,3.9,16,100700.0,9999999
48698,0,370,26.1,18.95,174.0,173.0,27.55,291.61,4.1,1,100800.0,9999999
48698,0,371,26.2,18.95,217.0,214.0,27.55,291.79,4.8,1,100700.0,9999999
48698,0,372,26.2,18.84,242.0,237.0,27.55,291.79,5.5,1,100700.0,9999999
48698,0,373,26.3,18.84,246.0,241.0,27.55,291.25,6.2,1,100600.0,9999999
48698,0,374,26.4,18.84,230.0,226.0,27.55,291.43,6.8,1,100600.0,9999999
48698,0,375,26.4,18.72,195.0,193.0,27.55,291.43,7.5,1,100500.0,9999999
48698,0,376,26.5,18.72,143.0,143.0,27.55,291.43,8.2,2,100400.0,9999999
48698,0,377,26.2,18.61,109.0,109.0,27.55,290.54,7.1,2,100500.0,9999999
48698,0,378,26.0,18.49,34.0,34.0,27.55,290.36,6.0,2,100500.0,9999999
48698,0,379,25.7,18.49,1.0,1.0,27.55,289.27,4.9,2,100600.0,9999999
48698,0,380,25.5,18.38,0.0,0.0,27.55,289.09,3.7,2,100600.0,9999999
48698,0,381,25.2,18.26,0.0,0.0,27.55,288.72,2.6,2,100700.0,9999999
48698,0,382,25.0,18.15,0.0,0.0,27.55,287.62,1.5,3,100700.0,9999999
48698,0,383,25.0,18.26,0.0,0.0,27.55,287.62,1.8,3,100700.0,9999999
48698,0,384,25.0,18.38,0.0,0.0,27.55,287.62,2.0,3,100600.0,9999999
48698,0,385,25.0,18.61,0.0,0.0,27.55,287.8,2.3,3,100600.0,9999999
48698,0,386,25.1,18.72,0.0,0.0,27.55,287.8,2.6,3,100500.0,9999999
48698,0,387,25.1,18.84,0.0,0.0,27.55,287.8,2.8,3,100500.0,9999999
48698,0,388,25.1,18.95,0.0,0.0,27.55,287.8,3.1,2,100400.0,9999999
48698,0,389,25.4,18.95,0.0,0.0,27.55,289.09,3.9,2,100500.0,9999999
48698,0,390,25.8,19.07,0.0,0.0,27.55,290.18,4.6,2,100500.0,9999999
48698,0,391,26.1,19.07,10.0,10.0,27.55,291.07,5.4,2,100600.0,9999999
48698,0,392,26.5,19.07,87.0,87.0,27.55,292.14,6.2,2,100600.0,9999999
48698,0,393,26.8,19.19,157.0,157.0,27.55,293.02,6.9,2,100700.0,9999999
48698,0,394,27.2,19.19,174.0,173.0,27.55,294.24,7.7,2,100700.0,9999999
48698,0,395,27.4,19.07,423.0,359.0,27.55,294.41,6.9,2,100500.0,9999999
48698,0,396,27.7,18.95,637.0,467.0,27.55,294.76,6.2,2,100300.0,9999999
48698,0,397,27.9,18.84,650.0,452.0,27.55,294.93,6.2,2,100300.0,9999999
48698,0,398,28.2,18.72,608.0,502.0,27.55,295.1,6.2,2,100300.0,9999999
48698,0,399,28.4,18.61,515.0,443.0,27.55,295.27,6.2,2,100300.0,9999999
48698,0,400,28.7,18.49,378.0,317.0,27.55,295.61,6.2,2,100300.0,9999999
48698,0,401,28.2,18.61,213.0,176.0,27.55,295.1,5.8,2,100400.0,9999999
48698,0,402,27.8,18.72,55.0,55.0,27.55,293.89,5.3,2,100400.0,9999999
48698,0,403,27.3,18.84,1.0,1.0,27.55,292.85,4.9,2,100500.0,9999999
48698,0,404,26.8,18.84,0.0,0.0,27.55,291.79,4.5,2,100600.0,9999999
48698,0,405,26.4,18.95,0.0,0.0,27.55,290.89,4.0,2,100600.0,9999999
48698,0,406,25.9,19.07,0.0,0.0,27.55,289.63,3.6,1,100700.0,9999999
48698,0,407,25.6,18.95,0.0,0.0,27.55,289.99,4.3,1,100600.0,9999999
48698,0,408,25.4,18.84,0.0,0.0,27.55,290.36,5.0,1,100600.0,9999999
48698,0,409,25.1,18.84,0.0,0.0,27.55,290.18,5.7,1,100600.0,9999999
48698,0,410,24.9,18.72,0.0,0.0,27.55,290.36,6.3,1,100500.0,9999999
48698,0,411,24.7,18.61,0.0,0.0,27.55,290.89,7.0,1,100500.0,9999999
48698,0,412,24.4,18.49,0.0,0.0,27.55,290.54,7.7,2,100500.0,9999999
48698,0,413,24.3,18.61,0.0,0.0,27.55,290.54,6.4,2,100500.0,9999999
48698,0,414,24.3,18.61,0.0,0.0,27.55,290.54,5.1,2,100500.0,9999999
48698,0,415,24.2,18.72,5.0,5.0,27.55,290.36,3.8,2,100600.0,9999999
48698,0,416,24.1,18.72,52.0,52.0,27.55,290.36,2.6,2,100600.0,9999999
48698,0,417,24.1,18.84,116.0,116.0,27.55,290.36,1.3,2,100700.0,9999999
48698,0,418,24.0,18.84,174.0,173.0,27.55,290.18,0.0,0,100700.0,9999999
48698,0,419,24.5,18.72,302.0,289.0,27.55,290.72,0.3,16,100600.0,9999999
48698,0,420,24.9,18.61,421.0,389.0,27.55,291.07,0.6,16,100400.0,9999999
48698,0,421,25.4,18.49,402.0,373.0,27.55,291.61,1.3,16,100400.0,9999999
48698,0,422,25.8,18.38,350.0,334.0,27.55,291.96,2.0,16,100400.0,9999999
48698,0,423,26.3,18.38,273.0,264.0,27.55,292.32,2.7,16,100300.0,9999999
48698,0,424,26.7,18.26,183.0,182.0,27.55,292.67,3.4,16,100300.0,9999999
48698,0,425,26.4,18.38,93.0,93.0,27.55,292.49,3.3,16,100400.0,9999999
48698,0,426,26.0,17.71,21.0,21.0,27.55,291.25,3.1,1,100400.0,9999999
48698,0,427,25.9,18.61,1.0,1.0,27.55,291.43,3.0,1,100500.0,9999999
48698,0,428,25.7,18.72,0.0,0.0,27.55,291.25,2.8,1,100600.0,9999999
48698,0,429,25.6,18.84,0.0,0.0,27.55,290.54,2.7,1,100600.0,9999999
48698,0,430,25.5,18.95,0.0,0.0,27.55,290.54,2.6,1,100700.0,9999999
48698,0,431,25.3,18.95,0.0,0.0,27.55,290.36,2.2,1,100600.0,9999999
48698,0,432,25.0,18.95,0.0,0.0,27.55,289.45,1.7,1,100600.0,9999999
48698,0,433,24.8,18.95,0.0,0.0,27.55,289.27,1.3,1,100500.0,9999999
48698,0,434,24.6,18.95,0.0,0.0,27.55,289.09,0.9,1,100500.0,9999999
48698,0,435,24.3,18.95,0.0,0.0,27.55,288.72,0.4,1,100400.0,9999999
48698,0,436,24.1,18.95,0.0,0.0,27.55,287.8,0.0,0,100400.0,9999999
48698,0,437,24.7,18.95,0.0,0.0,27.55,289.09,0.7,16,100400.0,9999999
48698,0,438,25.3,18.95,0.0,0.0,27.55,289.81,1.4,16,100500.0,9999999
48698,0,439,25.9,18.95,10.0,10.0,27.55,290.36,2.1,16,100500.0,9999999
48698,0,440,26.5,18.95,115.0,107.0,27.55,290.89,2.7,16,100600.0,9999999
48698,0,441,27.1,18.95,282.0,233.0,27.55,292.14,3.4,16,100600.0,9999999
48698,0,442,27.7,18.95,458.0,363.0,27.55,292.67,4.1,2,100600.0,9999999
48698,0,443,28.0,18.72,573.0,473.0,27.55,292.85,4.6,2,100500.0,9999999
48698,0,444,28.3,18.61,639.0,444.0,27.55,292.67,5.1,2,100400.0,9999999
48698,0,445,28.5,18.49,652.0,453.0,27.55,292.85,5.7,2,100400.0,9999999
48698,0,446,28.8,18.26,611.0,505.0,27.55,293.02,6.2,2,100300.0,9999999
48698,0,447,29.1,18.15,518.0,427.0,27.55,293.37,6.7,2,100300.0,9999999
48698,0,448,29.4,17.71,382.0,320.0,27.55,292.85,7.2,2,100300.0,9999999
48698,0,449,28.8,18.04,216.0,178.0,27.55,292.32,6.4,2,100300.0,9999999
48698,0,450,28.2,18.04,57.0,57.0,27.55,291.61,5.7,2,100400.0,9999999
48698,0,451,27.5,18.15,1.0,1.0,27.55,291.07,4.9,2,100400.0,9999999
48698,0,452,26.9,18.15,0.0,0.0,27.55,290.36,4.1,2,100500.0,9999999
48698,0,453,26.3,18.26,0.0,0.0,27.55,288.9,3.4,2,100500.0,9999999
48698,0,454,25.7,18.26,0.0,0.0,27.55,288.35,2.6,1,100600.0,9999999
48698,0,455,25.5,18.26,0.0,0.0,27.55,288.17,2.5,1,100500.0,9999999
48698,0,456,25.3,18.26,0.0,0.0,27.55,287.99,2.4,1,100500.0,9999999
48698,0,457,25.1,18.38,0.0,0.0,27.55,287.8,2.3,1,100500.0,9999999
48698,0,458,24.9,18.38,0.0,0.0,27.55,287.62,2.3,1,100400.0,9999999
48698,0,459,24.7,18.38,0.0,0.0,27.55,287.43,2.2,1,100400.0,9999999
48698,0,460,24.5,18.38,0.0,0.0,27.55,287.24,2.1,16,100300.0,9999999
48698,0,461,25.3,18.38,0.0,0.0,27.55,288.9,2.6,16,100400.0,9999999
48698,0,462,26.0,18.49,0.0,0.0,27.55,289.63,3.1,16,100400.0,9999999
48698,0,463,26.8,18.49,14.0,14.0,27.55,290.36,3.6,16,100500.0,9999999
48698,0,464,27.6,18.49,136.0,119.0,27.55,291.96,4.1,16,100500.0,9999999
48698,0,465,28.3,18.61,306.0,243.0,27.55,292.67,4.6,16,100500.0,9999999
48698,0,466,29.1,18.61,459.0,383.0,27.55,293.89,5.1,1,100600.0,9999999
48698,0,467,29.1,18.49,574.0,473.0,27.55,293.37,5.5,1,100500.0,9999999
48698,0,468,29.1,18.49,640.0,444.0,27.55,293.37,6.0,1,100400.0,9999999
48698,0,469,29.0,18.38,653.0,454.0,27.55,292.49,6.4,1,100400.0,9999999
48698,0,470,29.0,18.26,612.0,506.0,27.55,292.49,6.8,1,100300.0,9999999
48698,0,471,29.0,18.26,520.0,428.0,27.55,292.49,7.3,1,100300.0,9999999
48698,0,472,29.0,18.15,383.0,321.0,27.55,291.43,7.7,1,100200.0,9999999
48698,0,473,28.5,18.26,218.0,179.0,27.55,291.07,6.8,1,100300.0,9999999
48698,0,474,28.0,18.49,58.0,58.0,27.55,291.61,5.8,1,100300.0,9999999
48698,0,475,27.4,18.61,1.0,1.0,27.55,291.07,4.9,1,100400.0,9999999
48698,0,476,26.9,18.72,0.0,0.0,27.55,290.54,4.0,1,100400.0,9999999
48698,0,477,26.4,18.95,0.0,0.0,27.55,290.18,3.0,1,100500.0,9999999
48698,0,478,25.9,19.07,0.0,0.0,27.55,289.63,2.1,1,100500.0,9999999
48698,0,479,25.9,18.95,0.0,0.0,27.55,290.36,2.1,1,100500.0,9999999
48698,0,480,26.0,18.84,0.0,0.0,27.55,290.36,2.1,16,100500.0,9999999
48698,0,481,25.6,18.84,0.0,0.0,27.55,289.99,1.7,16,100400.0,9999999
48698,0,482,25.2,18.72,0.0,0.0,27.55,289.63,1.3,16,100400.0,9999999
48698,0,483,24.8,18.61,0.0,0.0,27.55,289.81,0.9,16,100400.0,9999999
48698,0,484,24.4,18.49,0.0,0.0,27.55,289.27,0.5,15,100300.0,9999999
48698,0,485,24.6,18.61,0.0,0.0,27.55,289.09,0.5,15,100400.0,9999999
48698,0,486,24.7,18.72,0.0,0.0,27.55,288.35,0.5,15,100400.0,9999999
48698,0,487,24.9,18.84,13.0,13.0,27.55,287.62,0.5,14,100500.0,9999999
48698,0,488,26.2,18.84,136.0,118.0,27.55,289.81,1.0,14,100500.0,9999999
48698,0,489,27.5,18.95,305.0,243.0,27.55,291.96,1.6,14,100600.0,9999999
48698,0,490,28.8,18.95,459.0,383.0,27.55,293.72,2.1,15,100600.0,9999999
48698,0,491,29.2,18.26,574.0,474.0,27.55,294.07,2.3,15,100600.0,9999999
48698,0,492,29.6,17.6,642.0,445.0,27.55,294.24,2.4,15,100500.0,9999999
48698,0,493,30.0,16.96,656.0,454.0,27.55,294.41,2.6,1,100500.0,9999999
48698,0,494,29.2,17.38,614.0,507.0,27.55,293.72,2.2,1,100500.0,9999999
48698,0,495,28.3,17.82,521.0,429.0,27.55,292.49,1.7,1,100500.0,9999999
48698,0,496,27.5,18.26,385.0,322.0,27.55,291.79,1.3,1,100500.0,9999999
48698,0,497,26.7,18.72,219.0,180.0,27.55,291.07,0.9,1,100500.0,9999999
48698,0,498,25.8,19.07,59.0,59.0,27.55,290.18,0.4,1,100500.0,9999999
48698,0,499,25.0,19.54,1.0,1.0,27.55,288.9,0.0,0,100500.0,9999999
48698,0,500,24.9,19.42,0.0,0.0,27.55,288.72,0.2,16,100500.0,9999999
48698,0,501,24.8,19.3,0.0,0.0,27.55,288.54,0.3,16,100600.0,9999999
48698,0,502,24.7,19.19,0.0,0.0,27.55,287.62,0.5,14,100600.0,9999999
48698,0,503,24.7,19.07,0.0,0.0,27.55,287.43,0.7,14,100600.0,9999999
48698,0,504,24.7,19.07,0.0,0.0,27.55,288.54,0.8,14,100500.0,9999999
48698,0,505,24.7,18.95,0.0,0.0,27.55,288.54,1.0,14,100500.0,9999999
48698,0,506,24.6,18.84,0.0,0.0,27.55,288.35,1.2,14,100500.0,9999999
48698,0,507,24.6,18.84,0.0,0.0,27.55,288.35,1.3,14,100400.0,9999999
48698,0,508,24.6,18.72,0.0,0.0,27.55,288.35,1.5,16,100400.0,9999999
48698,0,509,25.3,18.84,0.0,0.0,27.55,289.09,2.1,16,100400.0,9999999
48698,0,510,26.1,19.07,0.0,0.0,27.55,289.81,2.7,16,100500.0,9999999
48698,0,511,26.9,19.19,13.0,13.0,27.55,290.72,3.3,16,100500.0,9999999
48698,0,512,27.6,19.3,135.0,118.0,27.55,291.25,3.9,16,100500.0,9999999
48698,0,513,28.3,19.54,305.0,243.0,27.55,292.14,4.5,16,100500.0,9999999
48698,0,514,29.1,19.66,458.0,383.0,27.55,292.85,5.1,1,100600.0,9999999
48698,0,515,29.6,19.66,574.0,474.0,27.55,294.59,5.8,1,100500.0,9999999
48698,0,516,30.1,19.78,641.0,446.0,27.55,296.3,6.5,1,100500.0,9999999
48698,0,517,30.6,19.78,654.0,456.0,27.55,297.64,7.2,2,100400.0,9999999
48698,0,518,28.2,18.95,514.0,429.0,27.55,295.27,5.5,2,100400.0,9999999
48698,0,519,25.7,18.15,330.0,309.0,27.55,292.67,3.8,2,100400.0,9999999
48698,0,520,23.3,17.28,147.0,147.0,27.55,289.27,2.1,13,100400.0,9999999
48698,0,521,23.1,17.71,103.0,103.0,27.55,289.09,2.0,13,100400.0,9999999
48698,0,522,23.0,17.71,33.0,33.0,27.55,289.09,1.9,13,100400.0,9999999
48698,0,523,22.8,17.49,1.0,1.0,27.55,288.72,1.8,13,100400.0,9999999
48698,0,524,23.1,17.82,0.0,0.0,27.55,288.54,2.0,13,100500.0,9999999
48698,0,525,23.4,18.15,0.0,0.0,27.55,288.9,2.2,13,100600.0,9999999
48698,0,526,23.7,18.49,0.0,0.0,27.55,288.72,2.4,13,100600.0,9999999
48698,0,527,24.1,18.72,0.0,0.0,27.55,289.09,2.1,13,100600.0,9999999
48698,0,528,24.5,18.84,0.0,0.0,27.55,289.45,1.8,13,100600.0,9999999
48698,0,529,24.9,18.84,0.0,0.0,27.55,289.99,1.5,16,100600.0,9999999
48698,0,530,24.8,18.49,0.0,0.0,27.55,289.81,2.0,16,100600.0,9999999
48698,0,531,24.8,18.26,0.0,0.0,27.55,289.63,2.6,16,100500.0,9999999
48698,0,532,24.7,17.93,0.0,0.0,27.55,289.45,3.1,16,100400.0,9999999
48698,0,533,24.7,17.82,0.0,0.0,27.55,288.9,3.3,16,100500.0,9999999
48698,0,534,24.6,17.82,0.0,0.0,27.55,288.17,3.4,16,100500.0,9999999
48698,0,535,24.6,17.71,13.0,13.0,27.55,287.06,3.6,15,100600.0,9999999
48698,0,536,25.5,17.82,135.0,118.0,27.55,287.99,2.9,15,100600.0,9999999
48698,0,537,26.3,18.04,306.0,243.0,27.55,288.9,2.2,15,100700.0,9999999
48698,0,538,27.2,18.15,459.0,383.0,27.55,289.81,1.5,15,100700.0,9999999
48698,0,539,27.5,18.61,575.0,474.0,27.55,291.07,3.2,15,100700.0,9999999
48698,0,540,27.9,19.19,642.0,446.0,27.55,291.61,5.0,15,100600.0,9999999
48698,0,541,28.2,19.66,655.0,457.0,27.55,291.96,6.7,2,100600.0,9999999
48698,0,542,27.7,18.95,615.0,509.0,27.55,291.43,6.2,2,100500.0,9999999
48698,0,543,27.2,18.26,524.0,431.0,27.55,290.72,5.6,2,100400.0,9999999
48698,0,544,26.7,17.6,388.0,324.0,27.55,289.09,5.1,16,100300.0,9999999
48698,0,545,26.2,17.6,222.0,182.0,27.55,289.63,5.3,16,100400.0,9999999
48698,0,546,25.7,17.71,60.0,60.0,27.55,289.27,5.5,16,100400.0,9999999
48698,0,547,25.2,17.71,1.0,1.0,27.55,288.72,5.7,1,100400.0,9999999
48698,0,548,24.8,17.6,0.0,0.0,27.55,288.35,5.9,1,100500.0,9999999
48698,0,549,24.5,17.38,0.0,0.0,27.55,287.99,6.0,1,100600.0,9999999
48698,0,550,24.1,17.28,0.0,0.0,27.55,286.5,6.2,1,100600.0,9999999
48698,0,551,23.9,17.06,0.0,0.0,27.55,286.31,5.3,1,100700.0,9999999
48698,0,552,23.8,16.96,0.0,0.0,27.55,286.31,4.5,1,100700.0,9999999
48698,0,553,23.6,16.75,0.0,0.0,27.55,285.93,3.6,16,100700.0,9999999
48698,0,554,23.6,16.54,0.0,0.0,27.55,285.93,3.5,16,100700.0,9999999
48698,0,555,23.6,16.24,0.0,0.0,27.55,285.93,3.4,16,100700.0,9999999
48698,0,556,23.5,16.04,0.0,0.0,27.55,285.74,3.3,16,100700.0,9999999
48698,0,557,23.5,15.74,0.0,0.0,27.55,285.74,3.3,16,100600.0,9999999
48698,0,558,23.5,15.54,0.0,0.0,27.55,285.55,3.2,16,100600.0,9999999
48698,0,559,23.5,15.25,13.0,13.0,27.55,285.55,3.1,16,100600.0,9999999
48698,0,560,24.8,15.64,140.0,119.0,27.55,286.87,2.8,16,100700.0,9999999
48698,0,561,26.1,16.04,327.0,237.0,27.55,288.17,2.4,16,100700.0,9999999
48698,0,562,27.4,16.44,507.0,367.0,27.55,289.63,2.1,16,100800.0,9999999
48698,0,563,28.0,17.06,617.0,485.0,27.55,291.25,3.2,16,100800.0,9999999
48698,0,564,28.7,17.71,667.0,440.0,27.55,292.14,4.3,16,100700.0,9999999
48698,0,565,29.3,18.26,658.0,552.0,27.55,292.85,5.3,16,100700.0,9999999
48698,0,566,29.0,18.15,618.0,510.0,27.55,292.49,4.9,16,100600.0,9999999
48698,0,567,28.7,17.93,526.0,433.0,27.55,292.14,4.5,16,100600.0,9999999
48698,0,568,28.4,17.71,389.0,325.0,27.55,290.89,4.1,2,100600.0,9999999
48698,0,569,27.8,17.93,223.0,183.0,27.55,290.36,3.6,2,100600.0,9999999
48698,0,570,27.1,18.15,61.0,61.0,27.55,289.63,3.1,2,100600.0,9999999
48698,0,571,26.5,18.38,1.0,1.0,27.55,289.09,2.6,2,100700.0,9999999
48698,0,572,26.2,18.38,0.0,0.0,27.55,291.07,2.6,2,100700.0,9999999
48698,0,573,25.8,18.26,0.0,0.0,27.55,291.79,2.6,2,100700.0,9999999
48698,0,574,25.5,18.26,0.0,0.0,27.55,295.1,2.6,1,100800.0,9999999
48698,0,575,25.5,18.38,0.0,0.0,27.55,291.61,3.3,1,100800.0,9999999
48698,0,576,25.5,18.61,0.0,0.0,27.55,290.54,3.9,1,100700.0,9999999
48698,0,577,25.5,18.72,0.0,0.0,27.55,288.17,4.6,2,100700.0,9999999
48698,0,578,25.3,18.61,0.0,0.0,27.55,287.99,4.3,2,100700.0,9999999
48698,0,579,25.1,18.49,0.0,0.0,27.55,287.8,3.9,2,100700.0,9999999
48698,0,580,24.9,18.38,0.0,0.0,27.55,287.62,3.6,2,100600.0,9999999
48698,0,581,25.0,18.38,0.0,0.0,27.55,287.62,3.4,2,100700.0,9999999
48698,0,582,25.0,18.26,0.0,0.0,27.55,287.62,3.3,2,100700.0,9999999
48698,0,583,25.1,18.26,13.0,13.0,27.55,287.8,3.1,2,100700.0,9999999
48698,0,584,26.2,18.26,152.0,120.0,27.55,289.81,3.8,2,100800.0,9999999
48698,0,585,27.4,18.26,376.0,217.0,27.55,290.89,4.4,2,100900.0,9999999
48698,0,586,28.5,18.26,602.0,261.0,27.55,291.96,5.1,1,100900.0,9999999
48698,0,587,29.3,18.38,710.0,365.0,27.55,293.55,5.3,1,100900.0,9999999
48698,0,588,30.0,18.38,728.0,436.0,27.55,294.24,5.5,1,100800.0,9999999
48698,0,589,30.8,18.49,659.0,460.0,27.55,295.61,5.7,1,100800.0,9999999
48698,0,590,30.5,18.26,634.0,516.0,27.55,295.27,5.9,1,100700.0,9999999
48698,0,591,30.1,18.04,552.0,440.0,27.55,294.24,6.1,1,100700.0,9999999
48698,0,592,29.8,17.93,417.0,348.0,27.55,293.89,6.3,1,100600.0,9999999
48698,0,593,29.5,18.04,244.0,191.0,27.55,293.72,6.9,1,100700.0,9999999
48698,0,594,29.1,18.15,69.0,65.0,27.55,293.89,7.5,1,100700.0,9999999
48698,0,595,28.8,18.38,2.0,2.0,27.55,293.55,7.4,1,100700.0,9999999
48698,0,596,28.8,18.38,0.0,0.0,27.55,293.02,7.6,1,100700.0,9999999
48698,0,597,28.7,18.38,0.0,0.0,27.55,292.14,7.9,1,100800.0,9999999
48698,0,598,28.7,18.26,0.0,0.0,27.55,292.14,8.1,1,100900.0,9999999
48698,0,599,28.8,18.26,0.0,0.0,27.55,292.32,7.9,1,100900.0,9999999
48698,0,600,28.9,18.26,0.0,0.0,27.55,292.32,7.6,1,100900.0,9999999
48698,0,601,29.0,18.26,0.0,0.0,27.55,292.49,7.4,1,100900.0,9999999
48698,0,602,29.0,18.26,0.0,0.0,27.55,292.49,7.1,1,100800.0,9999999
48698,0,603,29.1,18.15,0.0,0.0,27.55,292.49,6.8,1,100800.0,9999999
48698,0,604,29.1,18.04,0.0,0.0,27.55,292.49,6.5,1,100800.0,9999999
48698,0,605,29.4,17.93,0.0,0.0,27.55,292.85,6.7,1,100800.0,9999999
48698,0,606,29.6,17.82,0.0,0.0,27.55,293.02,7.0,1,100800.0,9999999
48698,0,607,29.9,17.71,17.0,17.0,27.55,293.2,7.2,2,100800.0,9999999
48698,0,608,30.9,17.71,184.0,115.0,27.55,294.24,7.4,2,100900.0,9999999
48698,0,609,31.9,17.71,432.0,175.0,27.55,295.1,7.6,2,101000.0,9999999
48698,0,610,32.8,17.71,666.0,192.0,27.55,296.13,7.8,2,101000.0,9999999
48698,0,611,33.0,17.6,827.0,205.0,27.55,296.3,7.4,2,101000.0,9999999
48698,0,612,33.1,17.49,914.0,258.0,27.55,296.3,7.1,2,100900.0,9999999
48698,0,613,33.2,17.49,921.0,292.0,27.55,296.46,6.7,2,100900.0,9999999
48698,0,614,32.1,17.28,872.0,261.0,27.55,295.27,6.3,2,100800.0,9999999
48698,0,615,31.0,17.17,748.0,194.0,27.55,294.24,6.0,2,100800.0,9999999
48698,0,616,29.9,17.06,559.0,157.0,27.55,293.2,5.7,2,100800.0,9999999
48698,0,617,28.8,17.06,323.0,126.0,27.55,291.07,5.5,2,100800.0,9999999
48698,0,618,27.7,17.17,90.0,68.0,27.55,289.99,5.3,2,100800.0,9999999
48698,0,619,26.6,17.17,2.0,2.0,27.55,288.9,4.1,1,100800.0,9999999
48698,0,620,26.2,17.49,0.0,0.0,27.55,288.72,3.9,1,100900.0,9999999
48698,0,621,25.9,17.71,0.0,0.0,27.55,288.35,3.8,1,100900.0,9999999
48698,0,622,25.5,18.04,0.0,0.0,27.55,288.17,3.6,1,101000.0,9999999
48698,0,623,25.0,17.82,0.0,0.0,27.55,287.62,2.9,1,101000.0,9999999
48698,0,624,24.6,17.49,0.0,0.0,27.55,285.74,2.2,1,101000.0,9999999
48698,0,625,24.1,17.28,0.0,0.0,27.55,285.18,1.5,16,101000.0,9999999
48698,0,626,24.0,17.28,0.0,0.0,27.55,285.18,1.5,16,101000.0,9999999
48698,0,627,23.9,17.17,0.0,0.0,27.55,284.99,1.5,16,100900.0,9999999
48698,0,628,23.8,17.17,0.0,0.0,27.55,284.99,1.5,15,100900.0,9999999
48698,0,629,23.7,17.17,0.0,0.0,27.55,284.79,1.7,15,100900.0,9999999
48698,0,630,23.6,17.17,0.0,0.0,27.55,286.12,1.9,15,100900.0,9999999
48698,0,631,23.5,17.17,13.0,13.0,27.55,285.93,2.1,15,100900.0,9999999
48698,0,632,25.1,17.17,151.0,120.0,27.55,287.43,3.3,15,101000.0,9999999
48698,0,633,26.8,17.28,376.0,216.0,27.55,289.27,4.5,15,101000.0,9999999
48698,0,634,28.4,17.28,604.0,259.0,27.55,290.72,5.7,1,101100.0,9999999
48698,0,635,29.1,17.06,713.0,362.0,27.55,292.32,5.3,1,101000.0,9999999
48698,0,636,29.7,16.96,732.0,436.0,27.55,292.85,5.0,1,101000.0,9999999
48698,0,637,30.4,16.75,663.0,461.0,27.55,293.55,4.6,2,100900.0,9999999
48698,0,638,29.7,16.85,623.0,514.0,27.55,292.85,5.0,2,100900.0,9999999
48698,0,639,29.0,17.06,531.0,436.0,27.55,292.32,5.4,2,100900.0,9999999
48698,0,640,28.4,17.17,394.0,329.0,27.55,291.61,5.9,2,100900.0,9999999
48698,0,641,27.7,17.28,227.0,185.0,27.55,291.07,6.3,2,100900.0,9999999
48698,0,642,27.0,17.71,64.0,63.0,27.55,290.36,6.7,2,100900.0,9999999
48698,0,643,26.3,17.6,1.0,1.0,27.55,289.81,5.7,1,100900.0,9999999
48698,0,644,26.1,17.6,0.0,0.0,27.55,289.63,5.5,1,100900.0,9999999
48698,0,645,25.8,17.49,0.0,0.0,27.55,288.17,5.3,1,101000.0,9999999
48698,0,646,25.6,17.49,0.0,0.0,27.55,286.68,5.1,2,101100.0,9999999
48698,0,647,25.5,17.49,0.0,0.0,27.55,286.68,4.9,2,101000.0,9999999
48698,0,648,25.3,17.6,0.0,0.0,27.55,287.8,4.8,2,101000.0,9999999
48698,0,649,25.2,17.6,0.0,0.0,27.55,287.62,4.6,1,101000.0,9999999
48698,0,650,24.8,17.49,0.0,0.0,27.55,287.24,3.6,1,101000.0,9999999
48698,0,651,24.3,17.49,0.0,0.0,27.55,286.87,2.5,1,101000.0,9999999
48698,0,652,23.9,17.38,0.0,0.0,27.55,286.5,1.5,15,100900.0,9999999
48698,0,653,23.9,17.28,0.0,0.0,27.55,286.31,1.5,15,101000.0,9999999
48698,0,654,24.0,17.17,0.0,0.0,27.55,286.5,1.5,15,101000.0,9999999
48698,0,655,24.0,17.06,13.0,13.0,27.55,286.5,1.5,15,101100.0,9999999
48698,0,656,25.3,17.38,134.0,117.0,27.55,288.72,1.9,15,101100.0,9999999
48698,0,657,26.6,17.82,305.0,242.0,27.55,290.72,2.2,15,101100.0,9999999
48698,0,658,27.9,18.15,461.0,384.0,27.55,292.67,2.6,2,101100.0,9999999
48698,0,659,28.5,17.28,579.0,477.0,27.55,292.49,3.4,2,101100.0,9999999
48698,0,660,29.1,16.44,649.0,449.0,27.55,292.85,4.3,2,101100.0,9999999
48698,0,661,29.7,15.54,666.0,460.0,27.55,292.67,5.1,2,101000.0,9999999
48698,0,662,29.0,15.64,523.0,436.0,27.55,291.96,6.2,2,100900.0,9999999
48698,0,663,28.4,15.84,337.0,315.0,27.55,291.43,5.1,2,100900.0,9999999
48698,0,664,27.9,16.04,150.0,150.0,27.55,289.99,4.1,1,100800.0,9999999
48698,0,665,27.5,16.34,117.0,117.0,27.55,289.63,3.7,1,100900.0,9999999
48698,0,666,27.2,16.54,41.0,41.0,27.55,290.36,3.2,1,100900.0,9999999
48698,0,667,26.8,16.85,1.0,1.0,27.55,289.99,2.8,1,101000.0,9999999
48698,0,668,26.4,17.06,0.0,0.0,27.55,289.81,2.4,1,101000.0,9999999
48698,0,669,26.1,17.38,0.0,0.0,27.55,289.45,1.9,1,101100.0,9999999
48698,0,670,25.7,17.6,0.0,0.0,27.55,289.09,1.5,1,101100.0,9999999
48698,0,671,25.5,17.6,0.0,0.0,27.55,288.9,1.5,1,101100.0,9999999
48698,0,672,25.4,17.6,0.0,0.0,27.55,288.9,1.5,1,101100.0,9999999
48698,0,673,25.2,17.6,0.0,0.0,27.55,287.62,1.5,16,101100.0,9999999
48698,0,674,24.9,17.49,0.0,0.0,27.55,287.43,1.2,16,101000.0,9999999
48698,0,675,24.5,17.49,0.0,0.0,27.55,287.06,0.8,16,101000.0,9999999
48698,0,676,24.2,17.38,0.0,0.0,27.55,286.68,0.5,15,101000.0,9999999
48698,0,677,24.0,17.38,0.0,0.0,27.55,286.5,0.5,15,101000.0,9999999
48698,0,678,23.9,17.28,0.0,0.0,27.55,286.31,0.5,15,101000.0,9999999
48698,0,679,23.7,17.06,12.0,12.0,27.55,286.12,0.5,15,101000.0,9999999
48698,0,680,25.2,17.17,175.0,117.0,27.55,288.54,1.7,15,101000.0,9999999
48698,0,681,26.6,17.17,442.0,161.0,27.55,290.72,2.9,15,101100.0,9999999
48698,0,682,28.1,17.06,692.0,158.0,27.55,292.67,4.1,1,101100.0,9999999
48698,0,683,28.8,16.34,871.0,152.0,27.55,293.2,4.4,1,101100.0,9999999
48698,0,684,29.5,15.64,976.0,129.0,27.55,293.72,4.8,1,101000.0,9999999
48698,0,685,30.2,14.97,1000.0,132.0,27.55,294.24,5.1,1,101000.0,9999999
48698,0,686,30.1,15.25,933.0,149.0,27.55,293.55,5.8,1,100900.0,9999999
48698,0,687,30.0,15.54,786.0,165.0,27.55,292.85,6.5,1,100900.0,9999999
48698,0,688,29.9,15.84,575.0,143.0,27.55,291.79,7.2,1,100800.0,9999999
48698,0,689,28.8,16.04,314.0,154.0,27.55,290.89,6.5,1,100800.0,9999999
48698,0,690,27.7,16.34,80.0,69.0,27.55,289.81,5.8,1,100900.0,9999999
48698,0,691,26.6,16.54,2.0,2.0,27.55,288.9,5.1,2,100900.0,9999999
48698,0,692,26.2,16.65,0.0,0.0,27.55,288.54,4.6,2,101000.0,9999999
48698,0,693,25.9,16.65,0.0,0.0,27.55,288.17,4.1,2,101000.0,9999999
48698,0,694,25.5,16.75,0.0,0.0,27.55,287.8,3.6,1,101100.0,9999999
48698,0,695,25.0,16.75,0.0,0.0,27.55,287.24,2.7,1,101100.0,9999999
48698,0,696,24.4,16.75,0.0,0.0,27.55,286.68,1.9,1,101000.0,9999999
48698,0,697,23.9,16.75,0.0,0.0,27.55,286.31,1.0,15,101000.0,9999999
48698,0,698,23.7,16.65,0.0,0.0,27.55,286.12,0.7,15,100900.0,9999999
48698,0,699,23.4,16.44,0.0,0.0,27.55,284.41,0.3,15,100900.0,9999999
48698,0,700,23.2,16.34,0.0,0.0,27.55,284.22,0.0,0,100900.0,9999999
48698,0,701,23.3,16.44,0.0,0.0,27.55,284.22,0.3,16,100900.0,9999999
48698,0,702,23.4,16.44,0.0,0.0,27.55,285.74,0.7,16,101000.0,9999999
48698,0,703,23.5,16.54,12.0,12.0,27.55,285.93,1.0,14,101000.0,9999999
48698,0,704,25.2,16.85,133.0,116.0,27.55,288.54,1.8,14,101000.0,9999999
48698,0,705,27.0,17.71,306.0,242.0,27.55,290.36,2.6,1,101100.0,9999999
48698,0,706,27.7,17.38,462.0,385.0,27.55,291.07,3.6,1,101100.0,9999999
48698,0,707,28.6,16.96,581.0,479.0,27.55,291.79,4.3,1,101000.0,9999999
48698,0,708,29.4,16.44,651.0,451.0,27.55,292.49,5.0,1,101000.0,9999999
48698,0,709,30.3,15.94,668.0,462.0,27.55,293.2,5.7,1,100900.0,9999999
48698,0,710,30.0,15.84,628.0,518.0,27.55,293.02,6.0,1,100900.0,9999999
48698,0,711,29.8,15.64,536.0,440.0,27.55,292.67,6.4,1,100800.0,9999999
48698,0,712,29.5,15.54,399.0,333.0,27.55,291.43,6.7,1,100800.0,9999999
48698,0,713,28.4,15.94,231.0,188.0,27.55,290.36,6.0,1,100800.0,9999999
48698,0,714,27.2,16.24,66.0,65.0,27.55,289.27,5.3,1,100900.0,9999999
48698,0,715,26.1,16.65,2.0,2.0,27.55,288.35,4.6,2,100900.0,9999999
48698,0,716,25.8,16.75,0.0,0.0,27.55,288.17,3.6,2,101000.0,9999999
48698,0,717,25.5,16.96,0.0,0.0,27.55,286.5,2.5,2,101000.0,9999999
48698,0,718,25.2,17.06,0.0,0.0,27.55,286.31,1.5,1,101000.0,9999999
48698,0,719,25.0,16.96,0.0,0.0,27.55,285.93,1.3,1,101000.0,9999999
48698,0,720,24.7,16.96,0.0,0.0,27.55,285.74,1.2,1,101000.0,9999999
48698,0,721,24.5,16.85,0.0,0.0,27.55,285.55,1.0,16,101000.0,9999999
48698,0,722,24.2,16.75,0.0,0.0,27.55,285.18,1.2,16,100900.0,9999999
48698,0,723,24.0,16.65,0.0,0.0,27.55,286.31,1.5,16,100900.0,9999999
48698,0,724,23.5,16.65,0.0,0.0,27.55,285.93,0.5,16,100800.0,9999999
48698,0,725,23.5,16.65,0.0,0.0,27.55,285.93,1.0,16,100900.0,9999999
48698,0,726,23.6,16.75,0.0,0.0,27.55,285.93,1.6,16,100900.0,9999999
48698,0,727,23.6,16.75,5.0,5.0,27.55,285.93,2.1,15,101000.0,9999999
48698,0,728,24.9,17.38,84.0,84.0,27.55,287.43,2.6,15,101000.0,9999999
48698,0,729,26.1,17.93,256.0,216.0,27.55,288.72,3.1,15,101000.0,9999999
48698,0,730,27.4,18.49,462.0,347.0,27.55,289.99,3.6,1,101000.0,9999999
48698,0,731,28.1,18.04,581.0,479.0,27.55,291.61,3.8,1,100900.0,9999999
48698,0,732,28.7,17.49,651.0,452.0,27.55,292.85,3.9,1,100900.0,9999999
48698,0,733,29.4,17.06,667.0,463.0,27.55,293.89,4.1,2,100800.0,9999999
48698,0,734,29.2,17.17,628.0,519.0,27.55,293.2,5.0,2,100800.0,9999999
48698,0,735,28.9,17.28,536.0,441.0,27.55,292.85,5.8,2,100700.0,9999999
48698,0,736,28.7,17.38,399.0,333.0,27.55,291.96,6.7,2,100700.0,9999999
48698,0,737,27.9,17.49,261.0,197.0,27.55,291.25,6.0,2,100700.0,9999999
48698,0,738,26.9,17.38,82.0,72.0,27.55,290.36,5.3,2,100800.0,9999999
48698,0,739,26.6,17.6,2.0,2.0,27.55,289.09,4.6,2,100900.0,9999999
48698,0,740,26.3,17.82,0.0,0.0,27.55,288.72,4.4,2,100900.0,9999999
48698,0,741,26.1,18.04,0.0,0.0,27.55,288.72,4.3,2,100900.0,9999999
48698,0,742,25.9,18.38,0.0,0.0,27.55,288.54,4.1,1,100900.0,9999999
48698,0,743,25.9,18.84,0.0,0.0,27.55,289.63,3.4,1,100900.0,9999999
48698,0,744,26.0,19.3,0.0,0.0,28.03,288.72,0.0,0,100800.0,9999999
48698,0,745,26.0,19.66,0.0,0.0,28.03,288.9,0.0,0,100800.0,9999999
48698,0,746,26.1,20.03,0.0,0.0,28.03,289.09,0.0,0,100700.0,9999999
48698,0,747,26.1,20.4,0.0,0.0,28.03,289.09,0.0,0,100700.0,9999999
48698,0,748,26.0,20.78,0.0,0.0,28.03,289.09,1.0,2,100700.0,9999999
48698,0,749,25.9,21.16,0.0,0.0,28.03,289.09,0.0,0,100700.0,9999999
48698,0,750,26.0,21.29,0.0,0.0,28.03,289.09,0.0,0,100700.0,9999999
48698,0,751,26.1,20.9,12.0,12.0,28.03,289.27,0.0,0,100700.0,9999999
48698,0,752,27.0,21.29,132.0,116.0,28.03,290.18,0.5,1,100700.0,9999999
48698,0,753,29.0,21.29,456.0,171.0,28.03,291.96,2.1,1,100800.0,9999999
48698,0,754,30.0,21.81,460.0,342.0,28.03,293.02,3.1,2,100800.0,9999999
48698,0,755,30.0,20.03,580.0,479.0,28.03,293.72,3.1,1,100800.0,9999999
48698,0,756,31.0,20.03,650.0,453.0,28.03,294.76,3.6,1,100700.0,9999999
48698,0,757,30.7,19.78,666.0,465.0,28.03,294.41,3.1,1,100700.0,9999999
48698,0,758,31.0,20.03,626.0,519.0,28.03,294.76,2.1,16,100600.0,9999999
48698,0,759,31.0,20.27,535.0,441.0,28.03,294.76,2.3,16,100500.0,9999999
48698,0,760,31.0,20.52,398.0,334.0,28.03,294.93,2.6,8,100500.0,9999999
48698,0,761,29.0,21.29,231.0,189.0,28.03,293.02,4.1,6,100500.0,9999999
48698,0,762,27.9,20.65,67.0,66.0,28.03,291.79,3.1,6,100500.0,9999999
48698,0,763,26.9,20.65,2.0,2.0,28.03,289.99,2.1,2,100600.0,9999999
48698,0,764,27.0,21.29,0.0,0.0,28.03,290.18,2.6,2,100700.0,9999999
48698,0,765,27.0,21.29,0.0,0.0,28.03,290.18,2.6,2,100700.0,9999999
48698,0,766,27.1,20.78,0.0,0.0,28.03,290.18,4.1,1,100800.0,9999999
48698,0,767,27.0,21.29,0.0,0.0,28.03,290.18,2.6,1,100800.0,9999999
48698,0,768,27.0,21.29,0.0,0.0,28.03,290.18,3.1,2,100800.0,9999999
48698,0,769,26.8,20.9,0.0,0.0,28.03,289.81,1.5,1,100700.0,9999999
48698,0,770,27.0,21.29,0.0,0.0,28.03,290.18,2.6,16,100700.0,9999999
48698,0,771,26.5,20.65,0.0,0.0,28.03,289.45,2.6,16,100600.0,9999999
48698,0,772,26.1,20.52,0.0,0.0,28.03,289.09,2.6,16,100600.0,9999999
48698,0,773,26.0,20.03,0.0,0.0,28.03,288.9,1.0,16,100600.0,9999999
48698,0,774,26.0,20.03,0.0,0.0,28.03,288.9,0.5,16,100700.0,9999999
48698,0,775,26.2,20.52,12.0,12.0,28.03,289.27,1.5,16,100700.0,9999999
48698,0,776,28.0,20.03,132.0,116.0,28.03,291.79,3.1,16,100800.0,9999999
48698,0,777,28.9,20.4,361.0,230.0,28.03,293.55,2.8,16,100800.0,9999999
48698,0,778,29.8,20.27,604.0,286.0,28.03,294.93,2.6,16,100800.0,9999999
48698,0,779,31.0,20.03,581.0,417.0,28.03,296.63,3.6,16,100800.0,9999999
48698,0,780,32.0,21.29,974.0,270.0,28.03,297.81,3.6,1,100700.0,9999999
48698,0,781,32.6,19.66,667.0,419.0,28.03,298.81,2.6,16,100600.0,9999999
48698,0,782,31.0,20.03,628.0,520.0,28.03,298.14,4.1,2,100600.0,9999999
48698,0,783,30.0,20.03,536.0,442.0,28.03,298.31,2.1,11,100600.0,9999999
48698,0,784,25.9,16.24,153.0,153.0,28.03,295.1,5.1,13,100600.0,9999999
48698,0,785,24.0,17.71,233.0,180.0,28.03,290.89,0.5,8,100700.0,9999999
48698,0,786,24.0,17.71,67.0,67.0,28.03,289.99,0.0,0,100700.0,9999999
48698,0,787,25.0,18.84,2.0,2.0,28.03,290.54,1.0,15,100700.0,9999999
48698,0,788,25.0,18.84,0.0,0.0,28.03,289.99,0.0,0,100800.0,9999999
48698,0,789,25.0,18.84,0.0,0.0,28.03,288.72,0.0,0,100800.0,9999999
48698,0,790,25.2,19.07,0.0,0.0,28.03,287.99,0.0,0,100900.0,9999999
48698,0,791,25.0,18.84,0.0,0.0,28.03,289.45,0.5,14,100900.0,9999999
48698,0,792,26.0,18.84,0.0,0.0,28.03,291.61,2.6,15,100900.0,9999999
48698,0,793,23.3,17.93,0.0,0.0,28.03,290.18,1.5,14,101000.0,9999999
48698,0,794,23.0,17.71,0.0,0.0,28.03,288.35,0.0,0,100900.0,9999999
48698,0,795,24.0,17.71,0.0,0.0,28.03,288.17,0.5,15,100800.0,9999999
48698,0,796,23.6,17.93,0.0,0.0,28.03,286.31,0.5,14,100700.0,9999999
48698,0,797,23.7,17.93,0.0,0.0,28.03,286.31,0.7,14,100700.0,9999999
48698,0,798,23.9,18.04,0.0,0.0,28.03,286.5,0.8,14,100800.0,9999999
48698,0,799,24.0,18.04,12.0,12.0,28.03,286.68,1.0,14,100800.0,9999999
48698,0,800,26.0,18.84,133.0,116.0,28.03,289.63,2.6,16,100900.0,9999999
48698,0,801,27.0,18.84,306.0,243.0,28.03,290.72,2.1,15,100900.0,9999999
48698,0,802,28.7,18.95,463.0,387.0,28.03,292.32,2.1,15,101000.0,9999999
48698,0,803,29.0,18.84,873.0,237.0,28.03,293.37,2.6,13,100900.0,9999999
48698,0,804,31.0,18.84,653.0,408.0,28.03,295.27,3.1,13,100900.0,9999999
48698,0,805,30.4,19.54,668.0,467.0,28.03,295.44,2.1,16,100800.0,9999999
48698,0,806,31.0,20.03,629.0,521.0,28.03,295.44,1.0,2,100700.0,9999999
48698,0,807,28.0,18.84,538.0,444.0,28.03,292.32,3.1,1,100600.0,9999999
48698,0,808,29.0,19.07,401.0,336.0,28.03,292.67,5.7,2,100500.0,9999999
48698,0,809,29.0,18.84,234.0,194.0,28.03,292.67,7.2,1,100600.0,9999999
48698,0,810,27.0,18.84,102.0,71.0,28.03,290.72,5.7,1,100700.0,9999999
48698,0,811,26.0,18.84,2.0,2.0,28.03,289.63,2.6,16,100700.0,9999999
48698,0,812,26.0,16.65,0.0,0.0,28.03,289.27,2.1,16,100800.0,9999999
48698,0,813,26.0,17.71,0.0,0.0,28.03,288.54,2.6,16,100900.0,9999999
48698,0,814,25.4,17.28,0.0,0.0,28.03,287.8,1.5,15,100900.0,9999999
48698,0,815,25.2,17.6,0.0,0.0,28.03,287.62,1.5,15,100900.0,9999999
48698,0,816,25.0,17.71,0.0,0.0,28.03,287.62,1.5,15,100900.0,9999999
48698,0,817,25.1,18.26,0.0,0.0,28.03,287.8,0.5,14,100900.0,9999999
48698,0,818,25.0,18.84,0.0,0.0,28.03,287.8,2.1,14,100900.0,9999999
48698,0,819,25.0,18.84,0.0,0.0,28.03,287.8,1.5,15,100900.0,9999999
48698,0,820,24.9,18.38,0.0,0.0,28.03,287.62,2.1,14,100800.0,9999999
48698,0,821,24.9,18.38,0.0,0.0,28.03,287.62,1.6,14,100800.0,9999999
48698,0,822,25.0,18.26,0.0,0.0,28.03,287.62,1.0,14,100800.0,9999999
48698,0,823,25.0,18.26,12.0,12.0,28.03,287.62,0.5,14,100900.0,9999999
48698,0,824,26.0,18.84,133.0,116.0,28.03,289.63,1.5,14,100900.0,9999999
48698,0,825,26.0,17.71,306.0,243.0,28.03,290.72,2.1,15,101000.0,9999999
48698,0,826,26.1,18.61,464.0,387.0,28.03,291.61,2.6,16,101000.0,9999999
48698,0,827,28.0,18.84,583.0,482.0,28.03,292.85,2.6,16,101000.0,9999999
48698,0,828,29.0,17.71,655.0,455.0,28.03,293.02,6.2,1,100900.0,9999999
48698,0,829,30.3,16.24,673.0,467.0,28.03,293.37,7.2,16,100800.0,9999999
48698,0,830,30.0,17.71,632.0,523.0,28.03,293.37,6.2,1,100800.0,9999999
48698,0,831,29.0,16.65,542.0,445.0,28.03,292.14,5.7,1,100700.0,9999999
48698,0,832,29.2,16.65,404.0,337.0,28.03,291.43,6.2,1,100700.0,9999999
48698,0,833,28.0,16.65,235.0,195.0,28.03,290.18,5.7,1,100700.0,9999999
48698,0,834,27.0,17.71,103.0,71.0,28.03,289.45,3.6,16,100800.0,9999999
48698,0,835,26.8,16.75,2.0,2.0,28.03,289.09,3.6,16,100800.0,9999999
48698,0,836,26.0,16.65,0.0,0.0,28.03,288.35,2.1,16,100900.0,9999999
48698,0,837,26.0,17.71,0.0,0.0,28.03,288.54,2.1,16,101000.0,9999999
48698,0,838,26.1,17.6,0.0,0.0,28.03,288.54,2.1,16,101000.0,9999999
48698,0,839,26.0,17.71,0.0,0.0,28.03,288.54,1.0,14,101000.0,9999999
48698,0,840,25.0,17.71,0.0,0.0,28.03,287.62,1.5,16,101000.0,9999999
48698,0,841,25.4,17.49,0.0,0.0,28.03,287.8,2.6,16,101000.0,9999999
48698,0,842,25.0,17.71,0.0,0.0,28.03,287.62,2.6,16,101000.0,9999999
48698,0,843,25.0,17.71,0.0,0.0,28.03,287.62,1.5,15,100900.0,9999999
48698,0,844,25.1,17.93,0.0,0.0,28.03,287.62,1.0,14,100900.0,9999999
48698,0,845,25.0,17.82,0.0,0.0,28.03,287.62,0.7,14,100900.0,9999999
48698,0,846,25.0,17.71,0.0,0.0,28.03,287.62,0.5,14,101000.0,9999999
48698,0,847,25.0,17.71,12.0,12.0,28.03,287.62,0.5,15,101000.0,9999999
48698,0,848,26.0,17.71,50.0,50.0,28.03,289.45,1.5,14,101000.0,9999999
48698,0,849,27.0,17.71,116.0,116.0,28.03,290.36,1.5,14,101100.0,9999999
48698,0,850,27.0,18.61,176.0,175.0,28.03,290.54,2.1,15,101100.0,9999999
48698,0,851,29.0,18.84,584.0,295.0,28.03,293.37,2.6,16,101100.0,9999999
48698,0,852,30.0,18.84,655.0,456.0,28.03,294.93,4.1,1,101000.0,9999999
48698,0,853,29.5,18.04,672.0,468.0,28.03,294.76,5.1,1,100900.0,9999999
48698,0,854,29.0,17.71,634.0,524.0,28.03,293.72,5.7,1,100900.0,9999999
48698,0,855,29.0,18.84,541.0,446.0,28.03,292.67,5.1,1,100800.0,9999999
48698,0,856,28.5,18.04,404.0,349.0,28.03,290.89,3.6,1,100700.0,9999999
48698,0,857,28.2,18.15,236.0,196.0,28.03,290.72,3.1,1,100800.0,9999999
48698,0,858,28.0,18.84,69.0,68.0,28.03,290.72,2.6,16,100900.0,9999999
48698,0,859,27.0,18.84,2.0,2.0,28.03,289.63,2.6,16,100900.0,9999999
48698,0,860,26.0,18.84,0.0,0.0,28.03,288.72,2.1,16,101000.0,9999999
48698,0,861,25.7,18.38,0.0,0.0,28.03,288.35,1.8,16,101000.0,9999999
48698,0,862,25.5,18.38,0.0,0.0,28.03,288.17,1.5,16,101100.0,9999999
48698,0,863,26.0,18.84,0.0,0.0,28.03,288.72,2.1,16,101100.0,9999999
48698,0,864,25.6,18.49,0.0,0.0,28.03,288.35,2.1,16,101000.0,9999999
48698,0,865,25.2,18.61,0.0,0.0,28.03,287.99,2.1,15,101000.0,9999999
48698,0,866,25.0,18.84,0.0,0.0,28.03,287.8,2.1,16,101000.0,9999999
48698,0,867,25.0,18.84,0.0,0.0,28.03,287.8,2.1,16,100900.0,9999999
48698,0,868,24.9,18.38,0.0,0.0,28.03,287.62,1.5,15,100900.0,9999999
48698,0,869,25.0,18.84,0.0,0.0,28.03,288.72,2.1,16,100900.0,9999999
48698,0,870,25.0,18.26,0.0,0.0,28.03,289.27,1.8,16,101000.0,9999999
48698,0,871,25.1,18.26,12.0,12.0,28.03,289.99,1.5,15,101000.0,9999999
48698,0,872,26.0,18.26,133.0,116.0,28.03,290.89,2.3,15,101100.0,9999999
48698,0,873,27.0,18.84,307.0,244.0,28.03,292.49,3.1,16,101100.0,9999999
48698,0,874,27.7,18.26,465.0,388.0,28.03,293.02,4.6,16,101100.0,9999999
48698,0,875,28.0,18.84,585.0,483.0,28.03,293.55,4.1,16,101100.0,9999999
48698,0,876,29.0,17.71,657.0,456.0,28.03,294.24,4.1,16,101000.0,9999999
48698,0,877,29.1,17.6,674.0,469.0,28.03,294.24,5.1,1,100900.0,9999999
48698,0,878,29.0,17.71,635.0,440.0,28.03,293.72,6.2,1,100900.0,9999999
48698,0,879,29.0,17.93,543.0,447.0,28.03,293.2,6.2,1,100800.0,9999999
48698,0,880,29.0,18.15,405.0,339.0,28.03,292.49,6.2,1,100800.0,9999999
48698,0,881,28.0,17.71,237.0,196.0,28.03,291.43,5.7,1,100800.0,9999999
48698,0,882,27.0,18.84,70.0,68.0,28.03,290.72,4.1,1,100800.0,9999999
48698,0,883,26.5,18.26,2.0,2.0,28.03,289.09,3.6,1,100900.0,9999999
48698,0,884,26.2,18.26,0.0,0.0,28.03,288.72,3.1,1,100900.0,9999999
48698,0,885,26.0,18.84,0.0,0.0,28.03,288.72,2.6,16,101000.0,9999999
48698,0,886,25.9,18.38,0.0,0.0,28.03,288.54,2.6,2,101000.0,9999999
48698,0,887,26.0,17.71,0.0,0.0,28.03,288.54,2.6,1,101000.0,9999999
48698,0,888,26.0,17.71,0.0,0.0,28.03,288.54,3.1,16,101000.0,9999999
48698,0,889,25.2,18.26,0.0,0.0,28.03,287.8,2.6,15,100900.0,9999999
48698,0,890,25.0,17.71,0.0,0.0,28.03,287.62,2.1,16,100900.0,9999999
48698,0,891,25.0,17.71,0.0,0.0,28.03,287.62,2.6,16,100900.0,9999999
48698,0,892,25.0,18.04,0.0,0.0,28.03,287.62,2.1,16,100800.0,9999999
48698,0,893,25.0,17.71,0.0,0.0,28.03,287.62,3.6,16,100900.0,9999999
48698,0,894,25.0,17.71,0.0,0.0,28.03,287.62,1.5,15,100900.0,9999999
48698,0,895,25.0,17.49,12.0,12.0,28.03,287.43,0.5,15,100900.0,9999999
48698,0,896,26.0,17.71,133.0,116.0,28.03,289.45,2.6,16,101000.0,9999999
48698,0,897,28.0,17.71,308.0,244.0,28.03,292.14,4.6,15,101000.0,9999999
48698,0,898,28.2,17.71,466.0,389.0,28.03,292.85,3.1,16,101000.0,9999999
48698,0,899,30.0,18.84,586.0,484.0,28.03,294.93,3.6,16,101000.0,9999999
48698,0,900,30.0,17.71,658.0,457.0,28.03,295.27,5.1,1,100900.0,9999999
48698,0,901,30.5,17.17,676.0,470.0,28.03,295.61,6.7,1,100800.0,9999999
48698,0,902,30.0,16.65,955.0,248.0,28.03,294.93,3.6,1,100800.0,9999999
48698,0,903,30.0,16.65,817.0,115.0,28.03,294.41,5.1,1,100700.0,9999999
48698,0,904,30.0,16.65,407.0,301.0,28.03,294.41,5.1,16,100600.0,9999999
48698,0,905,29.0,17.71,238.0,193.0,28.03,293.02,4.6,1,100700.0,9999999
48698,0,906,28.0,16.65,70.0,69.0,28.03,291.25,4.6,1,100800.0,9999999
48698,0,907,27.0,17.93,2.0,2.0,28.03,289.45,2.6,16,100800.0,9999999
48698,0,908,26.0,16.65,0.0,0.0,28.03,288.35,2.6,16,100900.0,9999999
48698,0,909,26.0,16.65,0.0,0.0,28.03,288.35,3.1,16,100900.0,9999999
48698,0,910,25.5,17.28,0.0,0.0,28.03,287.99,2.1,16,101000.0,9999999
48698,0,911,25.0,17.71,0.0,0.0,28.03,287.62,2.1,16,101000.0,9999999
48698,0,912,25.0,17.71,0.0,0.0,28.03,287.62,2.6,16,100900.0,9999999
48698,0,913,25.5,17.38,0.0,0.0,28.03,287.99,3.6,16,100900.0,9999999
48698,0,914,26.0,17.71,0.0,0.0,28.03,288.54,4.1,16,100900.0,9999999
48698,0,915,25.0,17.71,0.0,0.0,28.03,287.62,2.1,16,100800.0,9999999
48698,0,916,25.1,17.06,0.0,0.0,28.03,287.43,2.6,16,100800.0,9999999
48698,0,917,25.3,17.17,0.0,0.0,28.03,287.8,2.9,16,100800.0,9999999
48698,0,918,25.4,17.28,0.0,0.0,28.03,287.8,3.3,16,100800.0,9999999
48698,0,919,25.6,17.38,12.0,12.0,28.03,287.99,3.6,16,100800.0,9999999
48698,0,920,26.5,17.71,133.0,116.0,28.03,288.9,4.1,16,100900.0,9999999
48698,0,921,27.3,18.04,308.0,244.0,28.03,289.81,4.6,16,100900.0,9999999
48698,0,922,28.2,18.38,466.0,389.0,28.03,290.72,5.1,16,101000.0,9999999
48698,0,923,29.0,17.71,588.0,485.0,28.03,293.02,5.1,16,100900.0,9999999
48698,0,924,30.0,17.71,659.0,458.0,28.03,295.27,5.7,1,100900.0,9999999
48698,0,925,29.4,17.93,676.0,471.0,28.03,296.13,3.6,16,100900.0,9999999
48698,0,926,30.0,17.71,637.0,441.0,28.03,296.63,6.2,1,100800.0,9999999
48698,0,927,29.0,17.71,545.0,449.0,28.03,294.93,4.1,1,100700.0,9999999
48698,0,928,28.8,18.04,407.0,340.0,28.03,294.07,5.7,1,100700.0,9999999
48698,0,929,28.0,17.71,238.0,197.0,28.03,292.67,4.6,1,100700.0,9999999
48698,0,930,27.5,18.04,70.0,69.0,28.03,292.32,4.0,1,100800.0,9999999
48698,0,931,27.0,18.04,2.0,2.0,28.03,291.25,3.4,1,100900.0,9999999
48698,0,932,26.5,18.04,0.0,0.0,28.03,289.99,2.7,1,100900.0,9999999
48698,0,933,26.0,18.84,0.0,0.0,28.03,289.63,2.1,16,101000.0,9999999
48698,0,934,25.5,18.04,0.0,0.0,28.03,288.17,2.1,16,101100.0,9999999
48698,0,935,25.0,17.71,0.0,0.0,28.03,287.62,2.1,15,101100.0,9999999
48698,0,936,25.0,17.71,0.0,0.0,28.03,287.62,2.1,15,101000.0,9999999
48698,0,937,25.0,17.49,0.0,0.0,28.03,287.43,1.0,16,101000.0,9999999
48698,0,938,25.0,17.71,0.0,0.0,28.03,287.62,2.6,16,100900.0,9999999
48698,0,939,25.0,17.71,0.0,0.0,28.03,287.62,3.1,16,100800.0,9999999
48698,0,940,25.0,17.71,0.0,0.0,28.03,287.62,2.1,16,100800.0,9999999
48698,0,941,25.0,17.71,0.0,0.0,28.03,287.62,1.5,16,100800.0,9999999
48698,0,942,25.0,17.71,0.0,0.0,28.03,287.62,3.6,16,100800.0,9999999
48698,0,943,25.1,17.6,12.0,12.0,28.03,287.62,1.5,16,100800.0,9999999
48698,0,944,26.0,17.71,133.0,116.0,28.03,289.45,3.1,16,100900.0,9999999
48698,0,945,27.0,18.84,461.0,170.0,28.03,290.72,2.6,15,100900.0,9999999
48698,0,946,28.5,18.61,467.0,345.0,28.03,292.14,3.1,1,101000.0,9999999
48698,0,947,30.0,17.71,882.0,237.0,28.03,293.37,6.2,1,100900.0,9999999
48698,0,948,29.0,17.71,660.0,412.0,28.03,292.32,5.1,16,100800.0,9999999
48698,0,949,29.8,17.17,678.0,471.0,28.03,293.02,5.7,1,100800.0,9999999
48698,0,950,30.0,17.71,638.0,442.0,28.03,293.37,5.1,1,100700.0,9999999
48698,0,951,30.0,18.84,545.0,450.0,28.03,293.55,6.2,1,100600.0,9999999
48698,0,952,28.9,18.38,408.0,352.0,28.03,291.43,5.1,2,100600.0,9999999
48698,0,953,28.2,18.26,239.0,198.0,28.03,290.72,4.3,2,100600.0,9999999
48698,0,954,27.5,18.04,71.0,69.0,28.03,289.99,3.4,2,100700.0,9999999
48698,0,955,26.8,17.93,2.0,2.0,28.03,289.27,2.6,16,100700.0,9999999
48698,0,956,26.0,18.84,0.0,0.0,28.03,288.72,2.1,16,100800.0,9999999
48698,0,957,26.0,18.84,0.0,0.0,28.03,288.72,2.6,16,100800.0,9999999
48698,0,958,25.7,18.26,0.0,0.0,28.03,288.35,2.1,16,100900.0,9999999
48698,0,959,25.0,18.84,0.0,0.0,28.03,287.8,1.5,16,100900.0,9999999
48698,0,960,25.0,17.71,0.0,0.0,28.03,286.12,2.1,16,100800.0,9999999
48698,0,961,25.6,18.15,0.0,0.0,28.03,286.87,2.6,16,100800.0,9999999
48698,0,962,25.2,18.04,0.0,0.0,28.03,286.5,2.2,16,100700.0,9999999
48698,0,963,24.9,17.82,0.0,0.0,28.03,287.43,1.9,16,100700.0,9999999
48698,0,964,24.5,17.71,0.0,0.0,28.03,287.06,1.5,15,100600.0,9999999
48698,0,965,24.0,17.71,0.0,0.0,28.03,286.5,1.0,15,100700.0,9999999
48698,0,966,24.0,17.71,0.0,0.0,28.03,286.5,1.5,16,100700.0,9999999
48698,0,967,24.8,18.04,12.0,12.0,28.03,287.43,2.1,15,100700.0,9999999
48698,0,968,27.0,18.84,133.0,116.0,28.03,290.72,3.1,16,100800.0,9999999
48698,0,969,28.0,18.84,308.0,245.0,28.03,292.32,3.6,16,100900.0,9999999
48698,0,970,29.1,18.61,468.0,390.0,28.03,293.89,3.1,16,100900.0,9999999
48698,0,971,30.0,17.71,589.0,486.0,28.03,295.27,2.6,16,100900.0,9999999
48698,0,972,31.0,18.84,660.0,460.0,28.03,296.46,5.1,1,100800.0,9999999
48698,0,973,31.6,18.95,677.0,472.0,28.03,297.64,5.1,1,100700.0,9999999
48698,0,974,30.0,18.84,638.0,443.0,28.03,296.13,2.6,1,100700.0,9999999
48698,0,975,29.0,18.84,546.0,450.0,28.03,294.41,3.1,16,100600.0,9999999
48698,0,976,27.1,19.66,408.0,342.0,28.03,292.67,2.1,10,100500.0,9999999
48698,0,977,27.0,17.71,240.0,199.0,28.03,291.79,0.0,0,100600.0,9999999
48698,0,978,27.4,19.19,71.0,69.0,28.03,291.07,1.8,16,100700.0,9999999
48698,0,979,27.8,18.95,2.0,2.0,28.03,290.54,3.6,1,100700.0,9999999
48698,0,980,27.0,18.84,0.0,0.0,28.03,289.63,3.1,14,100800.0,9999999
48698,0,981,25.0,20.03,0.0,0.0,28.03,287.99,1.0,16,100800.0,9999999
48698,0,982,25.4,19.78,0.0,0.0,28.03,288.35,0.5,15,100900.0,9999999
48698,0,983,26.0,18.84,0.0,0.0,28.03,288.72,2.1,15,100800.0,9999999
48698,0,984,26.0,18.84,0.0,0.0,28.03,288.72,2.6,16,100800.0,9999999
48698,0,985,25.3,18.95,0.0,0.0,28.03,287.99,1.0,16,100700.0,9999999
48698,0,986,25.0,18.84,0.0,0.0,28.03,287.8,2.1,15,100700.0,9999999
48698,0,987,25.0,18.84,0.0,0.0,28.03,287.8,1.0,15,100700.0,9999999
48698,0,988,24.8,18.72,0.0,0.0,28.03,287.62,0.5,16,100700.0,9999999
48698,0,989,25.0,18.84,0.0,0.0,28.03,287.8,0.5,15,100700.0,9999999
48698,0,990,25.0,18.84,0.0,0.0,28.03,287.8,1.5,15,100800.0,9999999
48698,0,991,24.7,18.49,12.0,12.0,28.03,287.43,0.5,15,100800.0,9999999
48698,0,992,26.0,18.84,200.0,138.0,28.03,289.63,2.6,16,100800.0,9999999
48698,0,993,28.0,20.03,462.0,140.0,28.03,291.79,3.1,16,100900.0,9999999
48698,0,994,28.8,19.42,701.0,164.0,28.03,292.49,4.1,1,100900.0,9999999
48698,0,995,30.0,20.03,588.0,405.0,28.03,294.59,4.1,2,100900.0,9999999
48698,0,996,31.0,20.03,989.0,272.0,28.03,296.13,4.6,2,100800.0,9999999
48698,0,997,31.4,19.54,887.0,377.0,28.03,296.97,3.1,2,100700.0,9999999
48698,0,998,32.0,20.03,968.0,213.0,28.03,295.79,3.1,1,100700.0,9999999
48698,0,999,30.0,18.84,831.0,101.0,28.03,293.55,3.1,2,100600.0,9999999
48698,0,1000,29.7,20.27,409.0,304.0,28.03,295.44,1.0,7,100500.0,9999999
48698,0,1001,28.0,20.03,240.0,199.0,28.03,293.2,2.6,1,100600.0,9999999
48698,0,1002,27.0,21.29,71.0,70.0,28.03,292.32,2.1,2,100700.0,9999999
48698,0,1003,27.0,18.84,2.0,2.0,28.03,291.43,2.6,1,100800.0,9999999
48698,0,1004,27.0,20.03,0.0,0.0,28.03,290.89,2.1,16,100800.0,9999999
48698,0,1005,26.0,20.03,0.0,0.0,28.03,289.99,0.5,16,100900.0,9999999
48698,0,1006,26.2,19.91,0.0,0.0,28.03,289.09,1.0,16,101000.0,9999999
48698,0,1007,25.9,19.78,0.0,0.0,28.03,288.72,1.0,16,100900.0,9999999
48698,0,1008,25.7,19.78,0.0,0.0,28.03,288.54,1.0,16,100900.0,9999999
48698,0,1009,25.4,19.66,0.0,0.0,28.03,288.35,1.0,16,100900.0,9999999
48698,0,1010,25.0,18.84,0.0,0.0,28.03,288.72,1.0,15,100900.0,9999999
48698,0,1011,25.0,18.84,0.0,0.0,28.03,288.72,1.0,16,100900.0,9999999
48698,0,1012,25.1,19.42,0.0,0.0,28.03,288.9,0.0,0,100800.0,9999999
48698,0,1013,25.0,20.03,0.0,0.0,28.03,289.63,1.5,1,100900.0,9999999
48698,0,1014,25.0,20.03,0.0,0.0,28.03,290.18,0.0,0,101000.0,9999999
48698,0,1015,25.4,19.78,12.0,12.0,28.03,291.07,0.0,0,101000.0,9999999
48698,0,1016,27.0,20.03,133.0,116.0,28.03,292.14,0.5,2,101000.0,9999999
48698,0,1017,28.2,20.9,308.0,245.0,28.03,292.85,1.8,2,101100.0,9999999
48698,0,1018,29.4,21.42,467.0,391.0,28.03,293.37,3.1,2,101100.0,9999999
48698,0,1019,31.0,20.03,589.0,487.0,28.03,295.44,3.1,2,101000.0,9999999
48698,0,1020,31.0,20.03,661.0,461.0,28.03,296.13,1.5,16,101000.0,9999999
48698,0,1021,27.4,21.42,677.0,475.0,28.03,293.37,3.6,4,100900.0,9999999
48698,0,1022,27.0,20.52,639.0,445.0,28.03,292.85,3.4,4,100800.0,9999999
48698,0,1023,26.6,19.66,548.0,452.0,28.03,292.85,3.3,4,100800.0,9999999
48698,0,1024,26.2,18.84,410.0,354.0,28.03,292.32,3.1,1,100700.0,9999999
48698,0,1025,27.0,17.71,241.0,199.0,28.03,292.32,1.5,16,100700.0,9999999
48698,0,1026,26.0,18.84,72.0,70.0,28.03,291.61,3.6,1,100700.0,9999999
48698,0,1027,26.1,19.42,2.0,2.0,28.03,291.25,2.6,1,100800.0,9999999
48698,0,1028,27.0,20.03,0.0,0.0,28.03,291.61,3.6,1,100900.0,9999999
48698,0,1029,27.0,20.03,0.0,0.0,28.03,290.89,3.6,1,100900.0,9999999
48698,0,1030,26.3,19.66,0.0,0.0,28.03,289.09,2.1,1,101000.0,9999999
48698,0,1031,26.0,20.03,0.0,0.0,28.03,288.9,3.6,1,101000.0,9999999
48698,0,1032,26.0,20.03,0.0,0.0,28.03,288.9,3.6,1,101000.0,9999999
48698,0,1033,26.1,20.15,0.0,0.0,28.03,289.09,1.5,16,100900.0,9999999
48698,0,1034,24.9,19.07,0.0,0.0,28.03,289.45,2.0,16,100900.0,9999999
48698,0,1035,23.6,18.04,0.0,0.0,28.03,289.09,2.6,16,100900.0,9999999
48698,0,1036,22.4,16.96,0.0,0.0,28.03,289.09,3.1,13,100900.0,9999999
48698,0,1037,23.0,16.65,0.0,0.0,28.03,288.72,0.5,1,100900.0,9999999
48698,0,1038,22.9,16.96,0.0,0.0,28.03,287.62,1.3,1,100900.0,9999999
48698,0,1039,22.9,16.96,5.0,5.0,28.03,286.31,2.1,4,101000.0,9999999
48698,0,1040,23.0,17.71,134.0,117.0,28.03,286.5,0.0,0,101000.0,9999999
48698,0,1041,24.0,17.71,310.0,246.0,28.03,287.62,1.0,16,101000.0,9999999
48698,0,1042,25.0,17.49,179.0,177.0,28.03,287.43,2.1,16,101100.0,9999999
48698,0,1043,26.0,18.04,438.0,372.0,28.03,288.54,2.3,16,101000.0,9999999
48698,0,1044,27.0,18.84,663.0,487.0,28.03,289.63,2.6,1,100900.0,9999999
48698,0,1045,27.3,19.07,258.0,222.0,28.03,289.99,2.6,16,100900.0,9999999
48698,0,1046,28.0,20.03,640.0,359.0,28.03,291.79,3.6,1,100800.0,9999999
48698,0,1047,29.0,20.03,548.0,453.0,28.03,293.55,2.6,1,100700.0,9999999
48698,0,1048,28.0,19.91,411.0,354.0,28.03,293.2,5.1,1,100600.0,9999999
48698,0,1049,27.0,20.03,241.0,200.0,28.03,291.61,3.6,1,100700.0,9999999
48698,0,1050,27.0,20.03,108.0,73.0,28.03,291.61,2.6,1,100800.0,9999999
48698,0,1051,26.0,20.03,2.0,2.0,28.03,289.99,2.6,1,100800.0,9999999
48698,0,1052,26.0,19.91,0.0,0.0,28.03,289.81,2.6,1,100900.0,9999999
48698,0,1053,26.0,20.03,0.0,0.0,28.03,289.99,2.6,16,100900.0,9999999
48698,0,1054,26.0,19.91,0.0,0.0,28.03,288.9,1.5,16,101000.0,9999999
48698,0,1055,26.0,20.03,0.0,0.0,28.03,288.9,0.0,0,101000.0,9999999
48698,0,1056,26.0,20.03,0.0,0.0,28.03,288.9,0.5,16,100900.0,9999999
48698,0,1057,25.6,19.66,0.0,0.0,28.03,288.54,0.5,16,100900.0,9999999
48698,0,1058,25.8,19.66,0.0,0.0,28.03,288.72,1.0,16,100900.0,9999999
48698,0,1059,26.0,20.03,0.0,0.0,28.03,288.9,1.5,16,100900.0,9999999
48698,0,1060,25.5,19.54,0.0,0.0,28.03,288.35,1.0,16,100800.0,9999999
48698,0,1061,25.2,19.66,0.0,0.0,28.03,289.09,0.7,16,100900.0,9999999
48698,0,1062,25.0,18.84,0.0,0.0,28.03,289.99,0.5,16,100900.0,9999999
48698,0,1063,25.5,19.91,12.0,12.0,28.03,291.25,0.5,16,100900.0,9999999
48698,0,1064,28.0,20.03,134.0,117.0,28.03,293.2,4.6,1,101000.0,9999999
48698,0,1065,28.0,20.03,310.0,246.0,28.03,292.49,3.6,1,101000.0,9999999
48698,0,1066,28.5,19.78,470.0,392.0,28.03,292.32,4.6,1,101100.0,9999999
48698,0,1067,30.0,20.03,591.0,489.0,28.03,293.72,4.1,16,101000.0,9999999
48698,0,1068,30.2,19.42,663.0,463.0,28.03,293.89,5.4,16,100900.0,9999999
48698,0,1069,30.5,19.3,681.0,476.0,28.03,294.07,6.7,1,100900.0,9999999
48698,0,1070,30.0,20.03,961.0,262.0,28.03,294.59,4.6,1,100800.0,9999999
48698,0,1071,27.0,21.29,548.0,378.0,28.03,291.79,2.1,16,100800.0,9999999
48698,0,1072,26.5,20.9,411.0,355.0,28.03,291.79,1.0,1,100700.0,9999999
48698,0,1073,27.0,20.03,241.0,200.0,28.03,291.61,3.6,1,100800.0,9999999
48698,0,1074,26.0,20.03,72.0,70.0,28.03,290.72,3.6,2,100800.0,9999999
48698,0,1075,26.0,20.03,2.0,2.0,28.03,289.99,3.1,1,100900.0,9999999
48698,0,1076,26.0,20.03,0.0,0.0,28.03,289.99,4.1,2,100900.0,9999999
48698,0,1077,26.0,20.03,0.0,0.0,28.03,289.99,4.1,1,101000.0,9999999
48698,0,1078,26.1,19.42,0.0,0.0,28.03,288.9,3.1,1,101100.0,9999999
48698,0,1079,26.0,20.03,0.0,0.0,28.03,288.9,3.6,1,101100.0,9999999
48698,0,1080,26.0,20.03,0.0,0.0,28.03,288.9,2.6,1,101100.0,9999999
48698,0,1081,25.8,19.3,0.0,0.0,28.03,288.54,2.6,16,101100.0,9999999
48698,0,1082,26.0,18.84,0.0,0.0,28.03,288.72,1.5,1,101000.0,9999999
48698,0,1083,26.0,18.84,0.0,0.0,28.03,288.72,2.6,1,100900.0,9999999
48698,0,1084,25.5,19.07,0.0,0.0,28.03,288.35,2.6,1,100900.0,9999999
48698,0,1085,25.0,18.84,0.0,0.0,28.03,287.8,3.6,1,100900.0,9999999
48698,0,1086,26.0,18.84,0.0,0.0,28.03,288.72,2.6,1,101000.0,9999999
48698,0,1087,25.8,18.72,12.0,12.0,28.03,288.54,4.1,2,101000.0,9999999
48698,0,1088,27.0,18.84,135.0,117.0,28.03,290.72,4.1,2,101100.0,9999999
48698,0,1089,28.0,20.03,310.0,247.0,28.03,292.49,6.2,2,101100.0,9999999
48698,0,1090,28.5,18.72,471.0,393.0,28.03,293.37,5.7,1,101100.0,9999999
48698,0,1091,30.0,18.84,593.0,490.0,28.03,294.93,6.7,1,101100.0,9999999
48698,0,1092,29.0,18.84,665.0,463.0,28.03,293.89,3.1,1,101000.0,9999999
48698,0,1093,29.9,20.15,681.0,477.0,28.03,295.1,3.6,1,101000.0,9999999
48698,0,1094,30.0,17.71,644.0,447.0,28.03,294.07,6.2,1,100900.0,9999999
48698,0,1095,30.0,18.84,551.0,454.0,28.03,294.24,5.7,1,100900.0,9999999
48698,0,1096,29.7,18.84,413.0,356.0,28.03,293.2,6.2,1,100800.0,9999999
48698,0,1097,29.0,18.84,242.0,200.0,28.03,292.67,5.1,1,100800.0,9999999
48698,0,1098,27.0,18.84,72.0,70.0,28.03,290.72,4.1,1,100900.0,9999999
48698,0,1099,26.8,18.72,2.0,2.0,28.03,289.45,5.1,2,100900.0,9999999
48698,0,1100,26.0,18.84,0.0,0.0,28.03,288.72,4.1,1,100900.0,9999999
48698,0,1101,26.0,18.84,0.0,0.0,28.03,288.72,2.1,1,101000.0,9999999
48698,0,1102,26.3,19.3,0.0,0.0,28.03,289.09,3.1,1,101100.0,9999999
48698,0,1103,26.0,18.84,0.0,0.0,28.03,288.72,4.6,1,101000.0,9999999
48698,0,1104,26.0,18.84,0.0,0.0,28.03,288.72,3.6,1,101000.0,9999999
48698,0,1105,25.5,18.72,0.0,0.0,28.03,288.17,5.1,1,101000.0,9999999
48698,0,1106,25.0,18.84,0.0,0.0,28.03,287.8,4.1,1,101000.0,9999999
48698,0,1107,26.0,18.84,0.0,0.0,28.03,288.72,3.1,1,100900.0,9999999
48698,0,1108,25.7,18.95,0.0,0.0,28.03,288.54,2.6,16,100900.0,9999999
48698,0,1109,25.8,18.95,0.0,0.0,28.03,288.54,3.4,16,100900.0,9999999
48698,0,1110,26.0,18.84,0.0,0.0,28.03,288.72,4.1,1,101000.0,9999999
48698,0,1111,25.9,18.84,12.0,12.0,28.03,288.54,1.0,16,101000.0,9999999
48698,0,1112,27.4,19.07,135.0,117.0,28.03,291.07,2.0,16,101100.0,9999999
48698,0,1113,29.0,20.03,311.0,247.0,28.03,294.07,3.1,1,101100.0,9999999
48698,0,1114,29.3,19.54,472.0,394.0,28.03,294.93,4.6,1,101200.0,9999999
48698,0,1115,30.0,20.03,888.0,245.0,28.03,295.61,6.7,1,101100.0,9999999
48698,0,1116,31.0,18.84,998.0,149.0,28.03,295.79,6.7,1,101100.0,9999999
48698,0,1117,30.6,17.49,685.0,429.0,28.03,295.1,7.7,1,101000.0,9999999
48698,0,1118,31.0,18.84,965.0,260.0,28.03,295.27,6.7,1,100900.0,9999999
48698,0,1119,31.0,17.71,828.0,120.0,28.03,294.24,8.2,1,100900.0,9999999
48698,0,1120,30.0,15.74,629.0,107.0,28.03,291.96,6.2,1,100800.0,9999999
48698,0,1121,29.0,17.71,364.0,112.0,28.03,291.43,7.2,1,100800.0,9999999
48698,0,1122,28.0,18.84,109.0,73.0,28.03,290.72,5.7,1,100800.0,9999999
48698,0,1123,27.1,18.26,3.0,3.0,28.03,289.63,5.1,1,100700.0,9999999
48698,0,1124,27.0,18.84,0.0,0.0,28.03,289.63,4.1,1,100900.0,9999999
48698,0,1125,26.0,18.84,0.0,0.0,28.03,288.72,5.1,1,101000.0,9999999
48698,0,1126,26.2,18.84,0.0,0.0,28.03,288.9,3.6,1,101100.0,9999999
48698,0,1127,26.0,18.84,0.0,0.0,28.03,288.72,2.6,2,101100.0,9999999
48698,0,1128,26.0,18.84,0.0,0.0,28.03,288.72,1.5,1,101100.0,9999999
48698,0,1129,25.6,18.49,0.0,0.0,28.03,288.35,1.0,16,101100.0,9999999
48698,0,1130,26.0,18.84,0.0,0.0,28.03,289.63,1.5,1,101000.0,9999999
48698,0,1131,26.0,18.84,0.0,0.0,28.03,290.36,1.0,16,101000.0,9999999
48698,0,1132,25.5,18.95,0.0,0.0,28.03,290.54,3.1,2,100900.0,9999999
48698,0,1133,25.0,18.84,0.0,0.0,28.03,289.45,3.6,1,100900.0,9999999
48698,0,1134,25.0,18.84,0.0,0.0,28.03,288.72,1.5,2,100900.0,9999999
48698,0,1135,25.8,19.3,12.0,12.0,28.03,288.54,3.1,1,100900.0,9999999
48698,0,1136,27.0,18.84,135.0,118.0,28.03,290.72,3.6,1,100900.0,9999999
48698,0,1137,29.0,18.84,435.0,209.0,28.03,293.37,5.7,1,100900.0,9999999
48698,0,1138,29.0,18.84,709.0,188.0,28.03,293.89,5.1,1,100900.0,9999999
48698,0,1139,30.0,19.66,827.0,296.0,28.03,295.61,5.1,1,100900.0,9999999
48698,0,1140,31.0,18.84,667.0,418.0,28.03,296.46,5.1,1,100900.0,9999999
48698,0,1141,30.7,19.91,683.0,478.0,28.03,296.97,5.7,1,100900.0,9999999
48698,0,1142,31.0,18.84,645.0,448.0,28.03,296.46,7.2,1,100900.0,9999999
48698,0,1143,31.0,18.84,553.0,456.0,28.03,296.46,6.2,1,100800.0,9999999
48698,0,1144,29.8,18.04,414.0,357.0,28.03,294.59,6.2,1,100700.0,9999999
48698,0,1145,29.0,17.71,243.0,201.0,28.03,293.02,5.1,1,100800.0,9999999
48698,0,1146,28.0,18.15,73.0,71.0,28.03,291.43,4.1,1,100800.0,9999999
48698,0,1147,27.0,18.15,2.0,2.0,28.03,289.63,3.1,1,100900.0,9999999
48698,0,1148,26.6,18.38,0.0,0.0,28.03,289.27,2.8,1,100900.0,9999999
48698,0,1149,26.3,18.49,0.0,0.0,28.03,288.9,2.4,1,101000.0,9999999
48698,0,1150,25.9,18.72,0.0,0.0,28.03,288.54,2.1,16,101100.0,9999999
48698,0,1151,25.8,18.72,0.0,0.0,28.03,288.54,1.6,16,101000.0,9999999
48698,0,1152,25.7,18.72,0.0,0.0,28.03,288.35,1.0,16,101000.0,9999999
48698,0,1153,25.6,18.72,0.0,0.0,28.03,288.35,0.5,15,101000.0,9999999
48698,0,1154,25.3,18.61,0.0,0.0,28.03,287.99,0.3,15,100900.0,9999999
48698,0,1155,24.9,18.49,0.0,0.0,28.03,287.62,0.2,15,100900.0,9999999
48698,0,1156,24.6,18.38,0.0,0.0,28.03,287.24,0.0,0,100900.0,9999999
48698,0,1157,24.6,18.38,0.0,0.0,28.03,288.17,0.0,0,100900.0,9999999
48698,0,1158,24.7,18.49,0.0,0.0,28.03,289.09,0.0,0,101000.0,9999999
48698,0,1159,24.7,18.49,12.0,12.0,28.03,289.63,0.0,0,101000.0,9999999
48698,0,1160,26.1,18.84,136.0,118.0,28.03,291.07,0.9,16,101100.0,9999999
48698,0,1161,27.4,19.3,313.0,248.0,28.03,293.02,1.7,16,101100.0,9999999
48698,0,1162,28.8,19.66,473.0,395.0,28.03,294.41,2.6,1,101200.0,9999999
48698,0,1163,30.0,18.84,596.0,492.0,28.03,295.44,3.6,1,101100.0,9999999
48698,0,1164,30.0,18.84,668.0,466.0,28.03,294.93,4.1,1,101000.0,9999999
48698,0,1165,30.3,18.49,685.0,479.0,28.03,295.1,5.1,1,100900.0,9999999
48698,0,1166,31.0,18.84,968.0,261.0,28.03,295.27,4.6,1,100900.0,9999999
48698,0,1167,30.0,18.84,829.0,124.0,28.03,294.24,5.1,2,100800.0,9999999
48698,0,1168,29.0,18.15,415.0,307.0,28.03,292.49,5.7,1,100700.0,9999999
48698,0,1169,28.3,18.04,244.0,201.0,28.03,291.79,5.0,1,100800.0,9999999
48698,0,1170,27.7,18.04,73.0,71.0,28.03,291.25,4.3,1,100800.0,9999999
48698,0,1171,27.0,17.93,2.0,2.0,28.03,289.45,3.6,1,100800.0,9999999
48698,0,1172,26.7,18.15,0.0,0.0,28.03,289.27,3.1,1,100900.0,9999999
48698,0,1173,26.5,18.26,0.0,0.0,28.03,289.09,2.6,1,101000.0,9999999
48698,0,1174,26.2,18.49,0.0,0.0,28.03,288.9,2.1,1,101000.0,9999999
48698,0,1175,26.1,18.61,0.0,0.0,28.03,288.72,1.9,1,101100.0,9999999
48698,0,1176,25.9,18.61,0.0,0.0,28.03,288.54,1.7,1,101100.0,9999999
48698,0,1177,25.8,18.72,0.0,0.0,28.03,288.54,1.5,2,101100.0,9999999
48698,0,1178,25.6,18.72,0.0,0.0,28.03,288.35,1.9,2,101000.0,9999999
48698,0,1179,25.4,18.61,0.0,0.0,28.03,288.17,2.2,2,100900.0,9999999
48698,0,1180,25.2,18.61,0.0,0.0,28.03,287.99,2.6,1,100900.0,9999999
48698,0,1181,25.1,18.61,0.0,0.0,28.03,287.8,2.8,1,100900.0,9999999
48698,0,1182,25.0,18.84,0.0,0.0,28.03,287.8,3.1,1,100900.0,9999999
48698,0,1183,25.9,18.49,12.0,12.0,28.03,288.54,2.6,1,101000.0,9999999
48698,0,1184,26.9,18.26,136.0,118.0,28.03,290.54,2.6,1,101000.0,9999999
48698,0,1185,28.0,18.84,314.0,249.0,28.03,292.32,5.1,1,101100.0,9999999
48698,0,1186,29.2,17.82,475.0,396.0,28.03,293.89,5.7,1,101100.0,9999999
48698,0,1187,30.5,17.71,597.0,493.0,28.03,295.1,6.7,1,101100.0,9999999
48698,0,1188,31.0,17.71,670.0,466.0,28.03,295.61,4.6,1,101000.0,9999999
48698,0,1189,30.5,17.71,687.0,479.0,28.03,295.1,6.7,1,100900.0,9999999
48698,0,1190,30.7,17.71,648.0,449.0,28.03,294.76,7.2,1,100900.0,9999999
48698,0,1191,31.0,17.71,555.0,457.0,28.03,294.24,7.7,1,100800.0,9999999
48698,0,1192,30.0,17.6,416.0,358.0,28.03,292.32,4.1,1,100800.0,9999999
48698,0,1193,29.0,17.49,204.0,177.0,28.03,291.43,3.8,1,100800.0,9999999
48698,0,1194,28.1,17.49,46.0,46.0,28.03,290.54,3.4,1,100900.0,9999999
48698,0,1195,27.1,17.38,1.0,1.0,28.03,289.45,3.1,1,100900.0,9999999
48698,0,1196,27.0,17.49,0.0,0.0,28.03,289.45,3.8,1,101000.0,9999999
48698,0,1197,26.8,17.49,0.0,0.0,28.03,289.27,4.4,1,101000.0,9999999
48698,0,1198,26.7,17.6,0.0,0.0,28.03,289.09,5.1,1,101100.0,9999999
48698,0,1199,26.6,17.71,0.0,0.0,28.03,289.09,4.9,1,101000.0,9999999
48698,0,1200,26.4,17.71,0.0,0.0,28.03,288.9,4.8,1,101000.0,9999999
48698,0,1201,26.3,17.82,0.0,0.0,28.03,288.72,4.6,1,101000.0,9999999
48698,0,1202,26.0,17.71,0.0,0.0,28.03,288.54,4.1,1,100900.0,9999999
48698,0,1203,26.0,17.71,0.0,0.0,28.03,288.54,2.6,16,100800.0,9999999
48698,0,1204,25.8,18.04,0.0,0.0,28.03,288.35,1.0,16,100800.0,9999999
48698,0,1205,25.9,18.04,0.0,0.0,28.03,288.54,1.4,16,100800.0,9999999
48698,0,1206,25.9,17.93,0.0,0.0,28.03,288.35,1.7,16,100900.0,9999999
48698,0,1207,26.0,17.93,12.0,12.0,28.03,288.54,2.1,1,100900.0,9999999
48698,0,1208,27.0,17.93,137.0,119.0,28.03,290.54,2.9,1,101000.0,9999999
48698,0,1209,28.0,17.82,315.0,249.0,28.03,292.14,3.8,1,101000.0,9999999
48698,0,1210,29.0,17.82,476.0,397.0,28.03,293.72,4.6,1,101100.0,9999999
48698,0,1211,29.3,17.6,598.0,494.0,28.03,293.89,5.1,1,101000.0,9999999
48698,0,1212,29.7,17.49,671.0,467.0,28.03,294.93,5.7,1,100900.0,9999999
48698,0,1213,30.0,17.28,688.0,480.0,28.03,295.1,6.2,1,100900.0,9999999
48698,0,1214,29.8,16.85,649.0,450.0,28.03,294.24,6.0,1,100800.0,9999999
48698,0,1215,29.7,16.54,556.0,458.0,28.03,292.85,5.9,1,100800.0,9999999
48698,0,1216,29.5,16.14,417.0,359.0,28.03,291.61,5.7,1,100700.0,9999999
48698,0,1217,28.6,16.54,245.0,202.0,28.03,290.72,5.3,1,100700.0,9999999
48698,0,1218,27.7,16.96,73.0,71.0,28.03,289.99,5.0,1,100700.0,9999999
48698,0,1219,26.8,17.38,2.0,2.0,28.03,289.27,4.6,1,100800.0,9999999
48698,0,1220,26.6,17.6,0.0,0.0,28.03,289.09,4.4,1,100800.0,9999999
48698,0,1221,26.3,17.71,0.0,0.0,28.03,288.72,4.3,1,100900.0,9999999
48698,0,1222,26.1,17.93,0.0,0.0,28.03,288.72,4.1,1,101000.0,9999999
48698,0,1223,26.0,17.71,0.0,0.0,28.03,289.45,4.1,1,100900.0,9999999
48698,0,1224,25.9,17.93,0.0,0.0,28.03,289.45,4.4,1,100900.0,9999999
48698,0,1225,25.8,17.93,0.0,0.0,28.03,289.27,4.6,1,100900.0,9999999
48698,0,1226,25.7,17.93,0.0,0.0,28.03,289.27,4.1,1,100800.0,9999999
48698,0,1227,25.7,17.82,0.0,0.0,28.03,289.27,3.6,1,100800.0,9999999
48698,0,1228,25.6,17.82,0.0,0.0,28.03,288.17,3.1,1,100800.0,9999999
48698,0,1229,25.8,17.93,0.0,0.0,28.03,288.35,4.1,1,100800.0,9999999
48698,0,1230,26.0,17.71,0.0,0.0,28.03,288.54,5.1,1,100900.0,9999999
48698,0,1231,25.8,18.04,12.0,12.0,28.03,288.35,2.6,1,100900.0,9999999
48698,0,1232,26.6,18.15,137.0,119.0,28.03,290.18,3.3,1,101000.0,9999999
48698,0,1233,27.4,18.26,315.0,250.0,28.03,291.61,3.9,1,101000.0,9999999
48698,0,1234,28.2,18.38,476.0,398.0,28.03,293.02,4.6,1,101000.0,9999999
48698,0,1235,30.0,17.71,599.0,495.0,28.03,294.59,5.7,1,101000.0,9999999
48698,0,1236,31.0,17.71,672.0,468.0,28.03,295.61,5.7,1,100900.0,9999999
48698,0,1237,30.0,17.49,689.0,480.0,28.03,294.59,7.2,1,100800.0,9999999
48698,0,1238,29.8,17.28,650.0,451.0,28.03,294.41,7.2,1,100800.0,9999999
48698,0,1239,29.6,17.06,557.0,458.0,28.03,294.07,7.2,1,100800.0,9999999
48698,0,1240,29.4,16.85,417.0,359.0,28.03,293.89,7.2,1,100700.0,9999999
48698,0,1241,28.0,17.71,245.0,202.0,28.03,292.14,5.1,1,100800.0,9999999
48698,0,1242,28.0,17.71,73.0,71.0,28.03,291.43,5.1,1,100800.0,9999999
48698,0,1243,26.9,18.38,2.0,2.0,28.03,289.45,4.6,1,100900.0,9999999
48698,0,1244,27.0,18.84,0.0,0.0,28.03,289.63,3.6,1,100900.0,9999999
48698,0,1245,26.6,18.26,0.0,0.0,28.03,289.27,2.8,1,101000.0,9999999
48698,0,1246,26.3,18.15,0.0,0.0,28.03,288.9,2.1,16,101100.0,9999999
48698,0,1247,26.2,18.04,0.0,0.0,28.03,288.72,2.4,16,101000.0,9999999
48698,0,1248,26.1,18.04,0.0,0.0,28.03,288.72,2.8,16,101000.0,9999999
48698,0,1249,26.0,17.93,0.0,0.0,28.03,288.54,3.1,1,101000.0,9999999
48698,0,1250,25.9,17.93,0.0,0.0,28.03,288.35,2.8,1,100900.0,9999999
48698,0,1251,25.9,18.04,0.0,0.0,28.03,288.54,2.4,1,100900.0,9999999
48698,0,1252,25.8,18.04,0.0,0.0,28.03,288.35,2.1,16,100900.0,9999999
48698,0,1253,25.9,18.04,0.0,0.0,28.03,288.54,1.8,16,101000.0,9999999
48698,0,1254,26.0,17.71,0.0,0.0,28.03,288.54,1.5,16,101000.0,9999999
48698,0,1255,25.5,18.04,12.0,12.0,28.03,288.17,1.5,16,101100.0,9999999
48698,0,1256,26.5,18.26,138.0,120.0,28.03,289.99,2.7,16,101100.0,9999999
48698,0,1257,27.6,18.61,316.0,250.0,28.03,291.96,3.9,16,101100.0,9999999
48698,0,1258,28.6,18.84,477.0,398.0,28.03,293.55,5.1,1,101200.0,9999999
48698,0,1259,29.3,18.84,599.0,495.0,28.03,293.55,5.4,1,101100.0,9999999
48698,0,1260,30.0,17.71,672.0,468.0,28.03,293.37,5.7,1,101000.0,9999999
48698,0,1261,30.7,18.72,688.0,481.0,28.03,293.2,6.2,2,100900.0,9999999
48698,0,1262,31.0,18.84,649.0,451.0,28.03,293.55,6.2,1,100900.0,9999999
48698,0,1263,30.3,17.93,556.0,459.0,28.03,292.67,6.7,1,100900.0,9999999
48698,0,1264,29.6,17.6,417.0,359.0,28.03,291.96,7.2,1,100800.0,9999999
48698,0,1265,28.7,17.71,245.0,202.0,28.03,291.07,6.0,1,100900.0,9999999
48698,0,1266,27.9,17.82,73.0,71.0,28.03,290.36,4.8,1,100900.0,9999999
48698,0,1267,27.0,17.93,2.0,2.0,28.03,289.45,3.6,1,100900.0,9999999
48698,0,1268,26.7,18.04,0.0,0.0,28.03,289.27,3.1,1,101000.0,9999999
48698,0,1269,26.3,18.04,0.0,0.0,28.03,288.9,2.6,1,101000.0,9999999
48698,0,1270,26.0,18.15,0.0,0.0,28.03,288.54,2.1,16,101100.0,9999999
48698,0,1271,25.9,18.26,0.0,0.0,28.03,288.54,2.1,16,101100.0,9999999
48698,0,1272,25.7,18.26,0.0,0.0,28.03,288.35,2.1,16,101000.0,9999999
48698,0,1273,25.6,18.38,0.0,0.0,28.03,288.17,2.1,16,101000.0,9999999
48698,0,1274,25.6,18.49,0.0,0.0,28.03,288.35,2.3,16,101000.0,9999999
48698,0,1275,25.5,18.49,0.0,0.0,28.03,288.17,2.4,16,100900.0,9999999
48698,0,1276,25.5,18.61,0.0,0.0,28.03,288.17,2.6,16,100900.0,9999999
48698,0,1277,25.3,18.61,0.0,0.0,28.03,288.9,1.7,16,101000.0,9999999
48698,0,1278,25.2,18.49,0.0,0.0,28.03,288.9,0.9,16,101000.0,9999999
48698,0,1279,25.0,18.49,13.0,13.0,28.03,288.72,0.0,0,101100.0,9999999
48698,0,1280,26.5,18.49,193.0,142.0,28.03,290.89,1.8,16,101100.0,9999999
48698,0,1281,28.0,18.84,474.0,139.0,28.03,292.85,3.6,1,101200.0,9999999
48698,0,1282,29.7,18.61,478.0,353.0,28.03,295.1,5.7,1,101200.0,9999999
48698,0,1283,30.3,18.61,836.0,324.0,28.03,295.1,6.2,1,101100.0,9999999
48698,0,1284,31.0,18.84,1007.0,225.0,28.03,295.27,6.7,1,101000.0,9999999
48698,0,1285,30.9,18.61,689.0,434.0,28.03,294.41,5.7,1,100900.0,9999999
48698,0,1286,32.0,17.71,651.0,452.0,28.03,295.27,6.2,1,100900.0,9999999
48698,0,1287,30.8,18.38,556.0,459.0,28.03,294.24,6.7,1,100800.0,9999999
48698,0,1288,29.7,18.26,417.0,359.0,28.03,293.2,7.2,2,100700.0,9999999
48698,0,1289,28.9,18.38,245.0,202.0,28.03,292.49,6.3,2,100800.0,9999999
48698,0,1290,28.0,18.61,73.0,71.0,28.03,291.61,5.5,2,100800.0,9999999
48698,0,1291,27.2,18.72,2.0,2.0,28.03,289.81,4.6,1,100800.0,9999999
48698,0,1292,26.9,18.84,0.0,0.0,28.03,289.63,3.9,1,100900.0,9999999
48698,0,1293,26.7,19.07,0.0,0.0,28.03,289.45,3.3,1,101000.0,9999999
48698,0,1294,26.4,19.19,0.0,0.0,28.03,289.09,2.6,16,101100.0,9999999
48698,0,1295,26.3,19.19,0.0,0.0,28.03,289.09,2.9,16,101000.0,9999999
48698,0,1296,26.1,19.19,0.0,0.0,28.03,288.9,3.3,16,101000.0,9999999
48698,0,1297,26.0,19.19,0.0,0.0,28.03,288.72,3.6,16,101000.0,9999999
48698,0,1298,26.0,19.07,0.0,0.0,28.03,288.72,2.8,16,100900.0,9999999
48698,0,1299,26.0,18.84,0.0,0.0,28.03,288.72,2.1,16,100900.0,9999999
48698,0,1300,25.4,18.95,0.0,0.0,28.03,288.17,0.5,16,100800.0,9999999
48698,0,1301,25.3,18.95,0.0,0.0,28.03,287.99,0.5,16,100900.0,9999999
48698,0,1302,25.1,18.95,0.0,0.0,28.03,287.8,0.5,16,100900.0,9999999
48698,0,1303,25.0,18.95,13.0,13.0,28.03,287.8,0.5,16,101000.0,9999999
48698,0,1304,26.5,19.19,139.0,120.0,28.03,290.18,1.3,16,101000.0,9999999
48698,0,1305,28.0,20.03,317.0,251.0,28.03,292.49,2.1,1,101100.0,9999999
48698,0,1306,29.4,19.54,478.0,399.0,28.03,294.41,2.6,1,101100.0,9999999
48698,0,1307,30.0,18.84,601.0,497.0,28.03,294.24,3.1,1,101000.0,9999999
48698,0,1308,30.9,19.42,672.0,470.0,28.03,295.27,4.1,1,100900.0,9999999
48698,0,1309,31.8,19.42,689.0,483.0,28.03,295.44,5.1,2,100800.0,9999999
48698,0,1310,31.0,18.84,650.0,452.0,28.03,294.59,3.6,1,100800.0,9999999
48698,0,1311,30.0,20.03,555.0,459.0,28.03,293.72,6.2,1,100700.0,9999999
48698,0,1312,30.0,18.84,417.0,359.0,28.03,292.49,4.6,1,100600.0,9999999
48698,0,1313,29.0,19.07,244.0,202.0,28.03,291.61,4.1,1,100600.0,9999999
48698,0,1314,28.1,19.19,73.0,71.0,28.03,290.89,3.6,1,100600.0,9999999
48698,0,1315,27.1,19.42,2.0,2.0,28.03,289.81,3.1,1,100700.0,9999999
48698,0,1316,26.9,19.42,0.0,0.0,28.03,289.63,2.1,1,100800.0,9999999
48698,0,1317,26.7,19.54,0.0,0.0,28.03,289.45,1.0,1,100800.0,9999999
48698,0,1318,26.5,19.54,0.0,0.0,28.03,289.27,0.0,0,100900.0,9999999
48698,0,1319,26.4,19.66,0.0,0.0,28.03,289.27,0.5,16,100900.0,9999999
48698,0,1320,26.3,19.66,0.0,0.0,28.03,289.09,1.0,16,100900.0,9999999
48698,0,1321,26.2,19.78,0.0,0.0,28.03,289.09,1.5,16,100800.0,9999999
48698,0,1322,26.0,20.03,0.0,0.0,28.03,288.9,1.0,16,100800.0,9999999
48698,0,1323,26.0,20.03,0.0,0.0,28.03,288.9,0.0,0,100800.0,9999999
48698,0,1324,25.4,19.66,0.0,0.0,28.03,288.35,0.0,0,100700.0,9999999
48698,0,1325,25.2,19.78,0.0,0.0,28.03,288.17,0.0,0,100800.0,9999999
48698,0,1326,25.0,20.03,0.0,0.0,28.03,287.99,0.0,0,100800.0,9999999
48698,0,1327,25.3,19.91,13.0,13.0,28.03,288.17,0.0,0,100800.0,9999999
48698,0,1328,27.0,20.03,209.0,143.0,28.03,290.89,1.0,1,100900.0,9999999
48698,0,1329,28.4,21.42,442.0,165.0,28.03,293.2,2.6,1,100900.0,9999999
48698,0,1330,29.9,22.21,477.0,355.0,28.03,295.44,4.1,1,101000.0,9999999
48698,0,1331,30.6,21.55,599.0,497.0,28.03,295.96,4.3,1,100900.0,9999999
48698,0,1332,31.4,20.78,672.0,471.0,28.03,297.14,4.4,1,100800.0,9999999
48698,0,1333,32.1,20.15,689.0,483.0,28.03,297.64,4.6,1,100700.0,9999999
48698,0,1334,33.0,20.03,649.0,453.0,28.03,298.64,6.7,2,100600.0,9999999
48698,0,1335,32.0,20.03,556.0,459.0,28.03,297.64,6.2,2,100500.0,9999999
48698,0,1336,30.2,19.07,417.0,359.0,28.03,295.61,5.1,1,100500.0,9999999
48698,0,1337,29.0,18.84,244.0,202.0,28.03,293.89,5.1,1,100500.0,9999999
48698,0,1338,28.0,20.03,73.0,71.0,28.03,292.49,4.1,1,100600.0,9999999
48698,0,1339,27.6,19.91,2.0,2.0,28.03,291.43,3.6,1,100700.0,9999999
48698,0,1340,27.4,19.91,0.0,0.0,28.03,291.25,3.6,1,100800.0,9999999
48698,0,1341,27.1,19.91,0.0,0.0,28.03,290.89,3.6,1,100800.0,9999999
48698,0,1342,26.9,19.91,0.0,0.0,28.03,290.72,3.6,1,100800.0,9999999
48698,0,1343,26.7,19.91,0.0,0.0,28.03,290.54,2.9,1,100800.0,9999999
48698,0,1344,26.4,19.78,0.0,0.0,28.03,290.18,2.2,1,100800.0,9999999
48698,0,1345,26.2,19.78,0.0,0.0,28.03,289.09,1.5,1,100700.0,9999999
48698,0,1346,26.3,19.66,0.0,0.0,28.03,290.18,2.0,1,100700.0,9999999
48698,0,1347,26.3,19.54,0.0,0.0,28.03,290.89,2.6,1,100700.0,9999999
48698,0,1348,26.4,19.42,0.0,0.0,28.03,291.43,3.1,1,100600.0,9999999
48698,0,1349,26.0,18.84,0.0,0.0,28.03,290.36,3.1,1,100600.0,9999999
48698,0,1350,26.0,18.84,0.0,0.0,28.03,290.36,2.6,1,100700.0,9999999
48698,0,1351,26.1,19.42,13.0,13.0,28.03,289.81,2.6,16,100700.0,9999999
48698,0,1352,27.5,19.54,140.0,121.0,28.03,291.96,3.3,16,100800.0,9999999
48698,0,1353,29.0,19.66,319.0,252.0,28.03,294.07,3.9,16,100800.0,9999999
48698,0,1354,30.4,19.78,480.0,401.0,28.03,295.96,4.6,1,100800.0,9999999
48698,0,1355,31.0,20.03,601.0,498.0,28.03,296.63,4.1,1,100800.0,9999999
48698,0,1356,31.3,19.66,674.0,471.0,28.03,296.3,5.4,1,100700.0,9999999
48698,0,1357,31.6,19.66,690.0,484.0,28.03,296.63,6.7,1,100600.0,9999999
48698,0,1358,31.0,20.03,650.0,453.0,28.03,296.13,6.2,2,100500.0,9999999
48698,0,1359,31.0,18.84,835.0,226.0,28.03,295.79,7.2,1,100500.0,9999999
48698,0,1360,30.1,19.19,417.0,309.0,28.03,295.1,5.7,1,100400.0,9999999
48698,0,1361,29.0,18.95,244.0,202.0,28.03,293.37,4.9,1,100400.0,9999999
48698,0,1362,28.0,18.84,73.0,70.0,28.03,292.32,4.1,1,100500.0,9999999
48698,0,1363,27.7,18.61,2.0,2.0,28.03,291.25,3.1,16,100500.0,9999999
48698,0,1364,27.3,18.84,0.0,0.0,28.03,290.89,3.1,16,100600.0,9999999
48698,0,1365,26.9,19.07,0.0,0.0,28.03,290.54,3.1,16,100700.0,9999999
48698,0,1366,26.5,19.3,0.0,0.0,28.03,289.27,3.1,16,100800.0,9999999
48698,0,1367,26.3,19.3,0.0,0.0,28.03,289.09,2.2,16,100700.0,9999999
48698,0,1368,26.1,19.42,0.0,0.0,28.03,288.9,1.4,16,100700.0,9999999
48698,0,1369,25.9,19.42,0.0,0.0,28.03,288.72,0.5,15,100700.0,9999999
48698,0,1370,25.9,19.19,0.0,0.0,28.03,288.72,0.8,15,100700.0,9999999
48698,0,1371,25.8,18.84,0.0,0.0,28.03,288.54,1.2,15,100700.0,9999999
48698,0,1372,25.8,18.61,0.0,0.0,28.03,288.54,1.5,12,100600.0,9999999
48698,0,1373,26.0,18.84,0.0,0.0,28.03,288.72,0.0,0,100700.0,9999999
48698,0,1374,26.0,18.84,0.0,0.0,28.03,288.72,1.0,14,100700.0,9999999
48698,0,1375,25.9,18.49,13.0,13.0,28.03,288.54,1.0,15,100700.0,9999999
48698,0,1376,27.0,18.61,141.0,122.0,28.03,289.63,1.7,15,100800.0,9999999
48698,0,1377,28.1,18.61,320.0,253.0,28.03,290.72,2.4,15,100800.0,9999999
48698,0,1378,29.2,18.72,481.0,402.0,28.03,291.79,3.1,16,100900.0,9999999
48698,0,1379,30.0,18.84,603.0,499.0,28.03,293.55,2.6,16,100800.0,9999999
48698,0,1380,31.0,18.84,675.0,472.0,28.03,295.27,3.6,1,100700.0,9999999
48698,0,1381,32.3,18.61,692.0,484.0,28.03,297.14,5.1,1,100600.0,9999999
48698,0,1382,31.6,18.26,652.0,453.0,28.03,295.79,5.1,1,100600.0,9999999
48698,0,1383,31.0,17.71,558.0,460.0,28.03,294.24,5.1,1,100600.0,9999999
48698,0,1384,30.4,17.71,418.0,360.0,28.03,292.67,4.6,1,100500.0,9999999
48698,0,1385,29.6,17.93,245.0,202.0,28.03,291.96,4.1,1,100600.0,9999999
48698,0,1386,28.7,18.15,72.0,70.0,28.03,291.25,3.6,1,100600.0,9999999
48698,0,1387,27.9,18.38,2.0,2.0,28.03,290.54,3.1,1,100600.0,9999999
48698,0,1388,27.5,18.49,0.0,0.0,28.03,290.18,2.6,1,100700.0,9999999
48698,0,1389,27.0,18.61,0.0,0.0,28.03,289.63,2.0,1,100800.0,9999999
48698,0,1390,26.6,18.72,0.0,0.0,28.03,289.27,1.5,16,100800.0,9999999
48698,0,1391,26.5,18.61,0.0,0.0,28.03,290.18,1.3,16,100800.0,9999999
48698,0,1392,26.4,18.61,0.0,0.0,28.03,289.99,1.2,16,100800.0,9999999
48698,0,1393,26.3,18.49,0.0,0.0,28.03,289.99,1.0,15,100800.0,9999999
48698,0,1394,26.0,18.26,0.0,0.0,28.03,289.63,1.2,15,100700.0,9999999
48698,0,1395,25.8,18.15,0.0,0.0,28.03,289.45,1.3,15,100700.0,9999999
48698,0,1396,25.5,17.93,0.0,0.0,28.03,287.99,1.5,14,100700.0,9999999
48698,0,1397,25.5,17.93,0.0,0.0,28.03,287.99,1.5,14,100700.0,9999999
48698,0,1398,25.4,17.93,0.0,0.0,28.03,287.99,1.5,14,100700.0,9999999
48698,0,1399,25.4,17.93,13.0,13.0,28.03,287.99,1.5,14,100700.0,9999999
48698,0,1400,26.6,18.15,142.0,122.0,28.03,290.18,2.0,14,100800.0,9999999
48698,0,1401,27.8,18.38,321.0,254.0,28.03,292.14,2.6,14,100800.0,9999999
48698,0,1402,29.0,18.61,482.0,403.0,28.03,293.89,3.1,16,100900.0,9999999
48698,0,1403,30.0,18.72,604.0,500.0,28.03,294.93,3.3,16,100800.0,9999999
48698,0,1404,31.0,18.84,676.0,472.0,28.03,295.79,3.6,1,100700.0,9999999
48698,0,1405,30.4,18.95,692.0,485.0,28.03,295.27,4.1,1,100700.0,9999999
48698,0,1406,31.0,18.84,652.0,454.0,28.03,295.79,4.6,1,100600.0,9999999
48698,0,1407,30.0,18.95,412.0,372.0,28.03,295.44,4.1,1,100600.0,9999999
48698,0,1408,29.1,18.95,158.0,158.0,28.03,294.59,3.6,16,100500.0,9999999
48698,0,1409,29.0,18.84,244.0,187.0,28.03,293.89,4.1,1,100600.0,9999999
48698,0,1410,27.7,19.3,53.0,53.0,28.03,292.14,3.9,1,100600.0,9999999
48698,0,1411,27.0,19.19,1.0,1.0,28.03,290.72,3.6,1,100700.0,9999999
48698,0,1412,26.3,19.07,0.0,0.0,28.03,289.99,6.7,3,100700.0,9999999
48698,0,1413,25.7,19.07,0.0,0.0,28.03,289.45,4.1,2,100800.0,9999999
48698,0,1414,25.4,19.07,0.0,0.0,28.03,288.17,2.6,1,100800.0,9999999
48698,0,1415,25.4,19.3,0.0,0.0,28.03,289.27,1.5,16,100800.0,9999999
48698,0,1416,25.6,19.54,0.0,0.0,28.32,289.45,0.7,16,100800.0,9999999
48698,0,1417,25.8,19.66,0.0,0.0,28.32,289.63,0.5,15,100800.0,9999999
48698,0,1418,25.8,19.66,0.0,0.0,28.32,289.63,0.7,15,100700.0,9999999
48698,0,1419,25.7,19.66,0.0,0.0,28.32,289.63,1.0,14,100700.0,9999999
48698,0,1420,25.4,19.42,0.0,0.0,28.32,288.17,0.0,0,100700.0,9999999
48698,0,1421,25.1,19.3,0.0,0.0,28.32,287.99,0.5,16,100700.0,9999999
48698,0,1422,25.0,18.84,0.0,0.0,28.32,287.8,1.0,16,100800.0,9999999
48698,0,1423,25.5,18.95,13.0,13.0,28.32,288.17,4.6,14,100800.0,9999999
48698,0,1424,26.0,20.03,118.0,109.0,28.32,288.9,0.5,15,100900.0,9999999
48698,0,1425,26.0,20.03,202.0,194.0,28.32,288.9,1.0,16,100900.0,9999999
48698,0,1426,27.2,19.91,183.0,173.0,28.32,289.99,1.5,16,101000.0,9999999
48698,0,1427,28.0,21.29,228.0,224.0,28.32,292.14,2.6,1,100900.0,9999999
48698,0,1428,29.0,20.03,256.0,251.0,28.32,292.85,1.5,1,100900.0,9999999
48698,0,1429,29.0,20.9,262.0,256.0,28.32,293.02,3.6,2,100800.0,9999999
48698,0,1430,30.0,20.03,247.0,242.0,28.32,293.72,4.6,1,100700.0,9999999
48698,0,1431,30.0,20.03,211.0,208.0,28.32,293.72,4.6,1,100700.0,9999999
48698,0,1432,28.0,18.84,158.0,158.0,28.32,291.61,5.1,1,100700.0,9999999
48698,0,1433,28.0,20.03,92.0,92.0,28.32,291.79,4.6,1,100700.0,9999999
48698,0,1434,27.0,20.03,27.0,27.0,28.32,290.89,1.5,16,100700.0,9999999
48698,0,1435,25.4,18.95,1.0,1.0,28.32,289.09,1.5,15,100700.0,9999999
48698,0,1436,25.0,18.84,0.0,0.0,28.32,288.72,0.0,0,100800.0,9999999
48698,0,1437,26.0,18.84,0.0,0.0,28.32,289.63,1.0,13,100800.0,9999999
48698,0,1438,25.6,18.84,0.0,0.0,28.32,288.35,0.0,0,100800.0,9999999
48698,0,1439,26.0,18.84,0.0,0.0,28.32,289.63,0.0,0,100900.0,9999999
48698,0,1440,26.0,18.84,0.0,0.0,28.32,290.89,0.0,0,100900.0,9999999
48698,0,1441,25.3,19.19,0.0,0.0,28.32,290.89,0.0,0,100900.0,9999999
48698,0,1442,25.0,18.84,0.0,0.0,28.32,289.99,0.5,12,100800.0,9999999
48698,0,1443,25.0,19.07,0.0,0.0,28.32,288.72,0.2,12,100700.0,9999999
48698,0,1444,25.0,19.3,0.0,0.0,28.32,287.8,0.0,0,100700.0,9999999
48698,0,1445,25.0,20.03,0.0,0.0,28.32,288.9,0.0,0,100800.0,9999999
48698,0,1446,25.0,20.03,0.0,0.0,28.32,289.63,0.5,12,100800.0,9999999
48698,0,1447,25.3,19.91,5.0,5.0,28.32,290.54,0.0,0,100800.0,9999999
48698,0,1448,26.0,20.03,54.0,54.0,28.32,290.72,1.0,13,100900.0,9999999
48698,0,1449,26.0,20.03,122.0,122.0,28.32,289.99,0.5,13,100900.0,9999999
48698,0,1450,26.4,20.4,183.0,181.0,28.32,289.45,1.0,13,101000.0,9999999
48698,0,1451,26.0,20.03,229.0,225.0,28.32,288.9,0.5,16,100900.0,9999999
48698,0,1452,27.0,20.03,256.0,251.0,28.32,289.81,0.0,0,100900.0,9999999
48698,0,1453,26.4,20.4,262.0,256.0,28.32,289.45,0.0,0,100800.0,9999999
48698,0,1454,27.0,20.03,247.0,242.0,28.32,289.81,0.0,0,100700.0,9999999
48698,0,1455,27.0,21.29,211.0,207.0,28.32,290.18,0.0,0,100700.0,9999999
48698,0,1456,26.6,20.4,157.0,157.0,28.32,289.63,0.0,0,100600.0,9999999
48698,0,1457,27.0,21.29,91.0,91.0,28.32,291.07,1.0,9,100700.0,9999999
48698,0,1458,25.0,18.84,27.0,27.0,28.32,288.72,0.0,0,100800.0,9999999
48698,0,1459,24.4,18.95,1.0,1.0,28.32,288.17,0.0,0,100800.0,9999999
48698,0,1460,24.0,18.84,0.0,0.0,28.32,287.8,0.0,0,100900.0,9999999
48698,0,1461,24.0,18.84,0.0,0.0,28.32,287.8,0.0,0,100900.0,9999999
48698,0,1462,24.4,18.49,0.0,0.0,28.32,288.17,0.0,0,101000.0,9999999
48698,0,1463,25.0,18.84,0.0,0.0,28.32,288.72,0.0,0,100900.0,9999999
48698,0,1464,24.7,18.72,0.0,0.0,28.32,288.35,0.0,0,100900.0,9999999
48698,0,1465,24.5,18.61,0.0,0.0,28.32,287.24,0.0,0,100800.0,9999999
48698,0,1466,25.0,18.84,0.0,0.0,28.32,287.8,0.0,0,100800.0,9999999
48698,0,1467,24.0,18.84,0.0,0.0,28.32,286.87,0.0,0,100700.0,9999999
48698,0,1468,24.5,18.95,0.0,0.0,28.32,287.24,0.0,0,100600.0,9999999
48698,0,1469,24.0,18.84,0.0,0.0,28.32,286.87,0.0,0,100700.0,9999999
48698,0,1470,24.0,18.84,0.0,0.0,28.32,286.87,0.0,0,100700.0,9999999
48698,0,1471,25.0,18.49,13.0,13.0,28.32,287.62,0.0,0,100700.0,9999999
48698,0,1472,26.0,18.84,142.0,123.0,28.32,289.63,1.0,1,100800.0,9999999
48698,0,1473,27.0,18.84,322.0,255.0,28.32,291.43,1.5,14,100900.0,9999999
48698,0,1474,28.8,19.42,483.0,404.0,28.32,293.89,1.5,16,100900.0,9999999
48698,0,1475,30.0,21.29,229.0,199.0,28.32,295.27,1.5,14,100900.0,9999999
48698,0,1476,29.0,20.03,257.0,251.0,28.32,293.55,3.6,1,100900.0,9999999
48698,0,1477,30.0,20.03,1037.0,323.0,28.32,294.59,3.6,1,100700.0,9999999
48698,0,1478,30.0,18.84,247.0,215.0,28.32,294.24,3.1,1,100700.0,9999999
48698,0,1479,29.0,20.03,211.0,208.0,28.32,292.85,3.1,1,100700.0,9999999
48698,0,1480,29.0,20.03,157.0,157.0,28.32,291.79,3.1,16,100700.0,9999999
48698,0,1481,29.0,20.03,92.0,92.0,28.32,291.79,1.5,15,100700.0,9999999
48698,0,1482,28.0,20.03,27.0,27.0,28.32,290.89,1.0,16,100700.0,9999999
48698,0,1483,27.0,20.27,2.0,2.0,28.32,289.99,1.0,16,100600.0,9999999
48698,0,1484,27.0,20.03,0.0,0.0,28.32,289.81,2.1,16,100800.0,9999999
48698,0,1485,26.0,20.03,0.0,0.0,28.32,288.9,1.0,16,100900.0,9999999
48698,0,1486,26.0,20.03,0.0,0.0,28.32,288.9,1.0,16,100900.0,9999999
48698,0,1487,26.0,20.03,0.0,0.0,28.32,288.9,0.5,15,100900.0,9999999
48698,0,1488,26.0,20.03,0.0,0.0,28.32,288.9,0.5,13,100900.0,9999999
48698,0,1489,25.3,19.3,0.0,0.0,28.32,288.17,0.0,0,100800.0,9999999
48698,0,1490,25.1,19.66,0.0,0.0,28.32,287.99,0.0,0,100700.0,9999999
48698,0,1491,25.0,20.03,0.0,0.0,28.32,287.99,0.0,0,100700.0,9999999
48698,0,1492,24.9,19.42,0.0,0.0,28.32,287.8,0.0,0,100600.0,9999999
48698,0,1493,25.0,18.84,0.0,0.0,28.32,288.72,0.0,0,100700.0,9999999
48698,0,1494,25.0,18.84,0.0,0.0,28.32,288.72,0.0,0,100700.0,9999999
48698,0,1495,25.0,18.84,5.0,5.0,28.32,289.45,0.0,0,100700.0,9999999
48698,0,1496,26.0,18.84,54.0,54.0,28.32,290.36,1.5,16,100800.0,9999999
48698,0,1497,27.0,20.03,122.0,122.0,28.32,291.61,1.0,16,100900.0,9999999
48698,0,1498,29.0,20.03,184.0,182.0,28.32,292.85,2.1,16,100900.0,9999999
48698,0,1499,30.0,20.03,230.0,225.0,28.32,294.59,2.1,16,100900.0,9999999
48698,0,1500,31.0,20.03,257.0,251.0,28.32,296.13,2.6,2,100800.0,9999999
48698,0,1501,31.0,20.03,263.0,257.0,28.32,296.63,1.5,1,100800.0,9999999
48698,0,1502,31.0,20.03,247.0,242.0,28.32,296.13,3.1,1,100700.0,9999999
48698,0,1503,31.0,20.03,211.0,208.0,28.32,296.13,2.6,1,100700.0,9999999
48698,0,1504,30.2,19.78,415.0,309.0,28.32,295.27,1.5,8,100600.0,9999999
48698,0,1505,30.0,18.84,241.0,201.0,28.32,294.24,4.1,1,100600.0,9999999
48698,0,1506,28.0,18.84,70.0,69.0,28.32,292.32,4.1,1,100600.0,9999999
48698,0,1507,27.7,18.95,2.0,2.0,28.32,291.43,4.1,16,100600.0,9999999
48698,0,1508,27.0,18.84,0.0,0.0,28.32,290.72,4.1,1,100800.0,9999999
48698,0,1509,27.0,18.84,0.0,0.0,28.32,290.72,3.6,1,100800.0,9999999
48698,0,1510,26.3,18.49,0.0,0.0,28.32,289.99,1.5,16,100900.0,9999999
48698,0,1511,26.0,18.84,0.0,0.0,28.32,289.63,1.0,15,100900.0,9999999
48698,0,1512,25.0,18.84,0.0,0.0,28.32,288.72,1.0,13,100900.0,9999999
48698,0,1513,25.5,18.38,0.0,0.0,28.32,289.09,1.0,15,100800.0,9999999
48698,0,1514,25.0,18.84,0.0,0.0,28.32,288.72,1.0,15,100800.0,9999999
48698,0,1515,25.0,18.84,0.0,0.0,28.32,288.72,1.0,15,100800.0,9999999
48698,0,1516,24.9,18.38,0.0,0.0,28.32,287.62,0.5,13,100700.0,9999999
48698,0,1517,25.0,17.71,0.0,0.0,28.32,287.62,1.5,15,100800.0,9999999
48698,0,1518,25.0,18.84,0.0,0.0,28.32,287.8,1.0,15,100800.0,9999999
48698,0,1519,25.0,18.26,13.0,13.0,28.32,287.62,1.0,16,100900.0,9999999
48698,0,1520,26.0,18.84,144.0,125.0,28.32,288.72,1.0,14,100900.0,9999999
48698,0,1521,28.0,20.03,323.0,257.0,28.32,290.89,2.6,16,101000.0,9999999
48698,0,1522,29.0,19.07,485.0,406.0,28.32,291.61,5.1,1,101100.0,9999999
48698,0,1523,30.0,18.84,607.0,503.0,28.32,293.55,3.6,2,101000.0,9999999
48698,0,1524,30.5,18.61,679.0,475.0,28.32,294.76,4.4,2,101000.0,9999999
48698,0,1525,31.1,18.26,695.0,486.0,28.32,295.79,5.1,1,100900.0,9999999
48698,0,1526,31.0,17.71,654.0,455.0,28.32,295.1,6.7,2,100800.0,9999999
48698,0,1527,30.0,17.71,558.0,460.0,28.32,293.37,5.7,1,100700.0,9999999
48698,0,1528,30.0,18.26,415.0,348.0,28.32,292.49,5.7,1,100600.0,9999999
48698,0,1529,29.0,17.71,241.0,197.0,28.32,292.32,4.1,16,100700.0,9999999
48698,0,1530,28.0,16.65,70.0,68.0,28.32,291.25,2.1,16,100700.0,9999999
48698,0,1531,27.1,18.04,2.0,2.0,28.32,290.54,1.0,16,100800.0,9999999
48698,0,1532,27.0,18.84,0.0,0.0,28.32,291.43,1.0,15,100900.0,9999999
48698,0,1533,27.0,18.84,0.0,0.0,28.32,291.43,1.0,16,100900.0,9999999
48698,0,1534,26.4,18.61,0.0,0.0,28.32,291.25,1.0,14,101100.0,9999999
48698,0,1535,26.0,18.84,0.0,0.0,28.32,291.61,1.0,16,101000.0,9999999
48698,0,1536,26.0,18.84,0.0,0.0,28.32,292.14,1.0,15,100900.0,9999999
48698,0,1537,26.3,18.95,0.0,0.0,28.32,293.37,2.6,1,100900.0,9999999
48698,0,1538,26.0,18.84,0.0,0.0,28.32,292.14,1.5,16,100900.0,9999999
48698,0,1539,25.8,18.72,0.0,0.0,28.32,290.72,1.5,16,100800.0,9999999
48698,0,1540,25.6,18.49,0.0,0.0,28.32,289.27,1.5,1,100800.0,9999999
48698,0,1541,25.0,18.84,0.0,0.0,28.32,288.72,0.5,16,100900.0,9999999
48698,0,1542,25.0,18.84,0.0,0.0,28.32,288.72,0.5,16,100900.0,9999999
48698,0,1543,26.0,18.84,14.0,14.0,28.32,289.63,0.5,16,100900.0,9999999
48698,0,1544,27.0,18.84,145.0,125.0,28.32,290.72,1.0,16,100900.0,9999999
48698,0,1545,28.0,18.84,325.0,257.0,28.32,291.61,1.5,16,101000.0,9999999
48698,0,1546,28.5,19.78,485.0,406.0,28.32,292.32,2.1,1,101100.0,9999999
48698,0,1547,29.0,20.03,607.0,503.0,28.32,293.55,3.1,1,101000.0,9999999
48698,0,1548,30.0,17.71,680.0,475.0,28.32,294.07,2.6,16,100900.0,9999999
48698,0,1549,30.2,18.61,694.0,487.0,28.32,295.1,3.6,1,100800.0,9999999
48698,0,1550,31.0,18.84,653.0,455.0,28.32,295.27,5.1,1,100800.0,9999999
48698,0,1551,31.0,18.84,557.0,460.0,28.32,294.59,4.6,1,100800.0,9999999
48698,0,1552,29.8,18.61,415.0,347.0,28.32,292.32,4.6,1,100700.0,9999999
48698,0,1553,29.0,18.84,241.0,196.0,28.32,291.61,4.1,1,100700.0,9999999
48698,0,1554,28.0,20.03,69.0,68.0,28.32,290.89,3.6,2,100700.0,9999999
48698,0,1555,27.0,19.19,2.0,2.0,28.32,289.81,3.6,1,100800.0,9999999
48698,0,1556,26.5,19.66,0.0,0.0,28.32,289.27,2.3,1,100900.0,9999999
48698,0,1557,26.0,20.03,0.0,0.0,28.32,288.9,1.0,1,100900.0,9999999
48698,0,1558,26.1,19.78,0.0,0.0,28.32,288.9,1.5,1,101000.0,9999999
48698,0,1559,27.0,20.03,0.0,0.0,28.32,289.81,1.5,16,100900.0,9999999
48698,0,1560,26.6,19.78,0.0,0.0,28.32,289.45,2.5,16,100900.0,9999999
48698,0,1561,26.3,19.66,0.0,0.0,28.32,289.09,3.6,1,100900.0,9999999
48698,0,1562,26.1,19.54,0.0,0.0,28.32,288.9,2.7,1,100900.0,9999999
48698,0,1563,25.8,19.3,0.0,0.0,28.32,288.54,1.9,1,100900.0,9999999
48698,0,1564,25.6,19.19,0.0,0.0,28.32,288.35,1.0,1,100900.0,9999999
48698,0,1565,26.0,20.03,0.0,0.0,28.32,288.9,0.0,0,100900.0,9999999
48698,0,1566,26.0,20.03,0.0,0.0,28.32,288.9,0.0,0,100900.0,9999999
48698,0,1567,25.7,19.66,14.0,14.0,28.32,288.54,0.0,0,101000.0,9999999
48698,0,1568,28.0,20.03,190.0,125.0,28.32,290.89,1.0,2,101000.0,9999999
48698,0,1569,29.0,20.03,470.0,168.0,28.32,291.79,2.6,1,101000.0,9999999
48698,0,1570,29.3,20.52,728.0,175.0,28.32,292.14,2.1,16,101100.0,9999999
48698,0,1571,30.0,18.84,912.0,175.0,28.32,292.49,3.6,1,101000.0,9999999
48698,0,1572,30.7,19.3,1018.0,161.0,28.32,293.37,3.9,1,100900.0,9999999
48698,0,1573,31.4,19.78,1040.0,170.0,28.32,294.07,4.1,1,100800.0,9999999
48698,0,1574,32.0,18.84,248.0,215.0,28.32,294.59,5.1,1,100800.0,9999999
48698,0,1575,31.0,18.84,211.0,208.0,28.32,293.55,4.6,1,100700.0,9999999
48698,0,1576,30.4,18.84,157.0,157.0,28.32,293.02,4.6,1,100600.0,9999999
48698,0,1577,30.0,17.71,91.0,91.0,28.32,292.32,5.1,2,100700.0,9999999
48698,0,1578,28.0,18.84,26.0,26.0,28.32,290.72,4.6,2,100700.0,9999999
48698,0,1579,27.0,18.84,1.0,1.0,28.32,289.63,2.6,2,100800.0,9999999
48698,0,1580,27.0,18.84,0.0,0.0,28.32,289.63,1.5,2,100900.0,9999999
48698,0,1581,26.0,18.84,0.0,0.0,28.32,288.72,1.0,1,100900.0,9999999
48698,0,1582,26.4,18.95,0.0,0.0,28.32,289.09,1.5,1,101000.0,9999999
48698,0,1583,26.0,18.84,0.0,0.0,28.32,288.72,3.1,1,101000.0,9999999
48698,0,1584,26.0,18.84,0.0,0.0,28.32,288.72,1.5,16,100900.0,9999999
48698,0,1585,25.9,19.07,0.0,0.0,28.32,288.72,1.0,16,100900.0,9999999
48698,0,1586,26.0,18.84,0.0,0.0,28.32,288.72,1.0,1,100900.0,9999999
48698,0,1587,25.0,18.84,0.0,0.0,28.32,287.8,0.0,0,100900.0,9999999
48698,0,1588,25.0,18.84,0.0,0.0,28.32,287.8,0.5,16,100800.0,9999999
48698,0,1589,25.0,18.84,0.0,0.0,28.32,287.8,0.5,15,100900.0,9999999
48698,0,1590,25.0,18.84,0.0,0.0,28.32,287.8,1.5,16,100900.0,9999999
48698,0,1591,25.4,18.95,14.0,14.0,28.32,288.17,1.5,16,100900.0,9999999
48698,0,1592,26.7,19.54,146.0,126.0,28.32,290.54,2.8,16,100900.0,9999999
48698,0,1593,28.0,20.03,326.0,259.0,28.32,292.49,4.1,1,100900.0,9999999
48698,0,1594,29.5,19.66,487.0,408.0,28.32,294.59,2.6,1,101000.0,9999999
48698,0,1595,31.0,18.84,609.0,504.0,28.32,295.79,3.6,1,100900.0,9999999
48698,0,1596,31.0,18.84,680.0,476.0,28.32,295.79,3.1,16,100900.0,9999999
48698,0,1597,31.5,18.49,695.0,487.0,28.32,296.3,2.6,16,100800.0,9999999
48698,0,1598,31.0,18.84,653.0,455.0,28.32,295.27,5.1,1,100700.0,9999999
48698,0,1599,31.0,17.71,558.0,460.0,28.32,294.24,5.1,1,100600.0,9999999
48698,0,1600,30.0,17.28,415.0,347.0,28.32,292.32,3.6,1,100600.0,9999999
48698,0,1601,29.0,17.71,240.0,196.0,28.32,291.43,5.7,2,100700.0,9999999
48698,0,1602,28.0,18.84,68.0,67.0,28.32,290.72,5.1,2,100700.0,9999999
48698,0,1603,27.0,18.84,2.0,2.0,28.32,289.63,4.6,1,100700.0,9999999
48698,0,1604,27.0,18.84,0.0,0.0,28.32,289.63,3.1,2,100800.0,9999999
48698,0,1605,26.0,18.84,0.0,0.0,28.32,288.72,2.1,1,100900.0,9999999
48698,0,1606,26.0,18.84,0.0,0.0,28.32,288.72,2.6,1,100900.0,9999999
48698,0,1607,26.0,18.84,0.0,0.0,28.32,287.43,2.6,2,100900.0,9999999
48698,0,1608,26.0,18.84,0.0,0.0,28.32,287.43,1.0,1,100900.0,9999999
48698,0,1609,25.3,18.38,0.0,0.0,28.32,286.5,1.5,1,100800.0,9999999
48698,0,1610,25.0,18.84,0.0,0.0,28.32,286.31,1.0,1,100800.0,9999999
48698,0,1611,25.0,18.84,0.0,0.0,28.32,287.8,1.0,16,100800.0,9999999
48698,0,1612,24.9,18.72,0.0,0.0,28.32,287.62,0.5,16,100700.0,9999999
48698,0,1613,24.9,18.26,0.0,0.0,28.32,287.62,0.7,16,100700.0,9999999
48698,0,1614,25.0,17.71,0.0,0.0,28.32,287.62,1.0,16,100800.0,9999999
48698,0,1615,24.9,18.49,14.0,14.0,28.32,287.62,1.0,15,100800.0,9999999
48698,0,1616,27.0,18.84,56.0,56.0,28.32,289.63,2.1,16,100900.0,9999999
48698,0,1617,28.0,17.71,124.0,124.0,28.32,290.36,3.1,2,100900.0,9999999
48698,0,1618,29.1,18.04,186.0,184.0,28.32,291.61,3.6,2,101000.0,9999999
48698,0,1619,30.0,17.71,232.0,227.0,28.32,293.37,3.6,16,100900.0,9999999
48698,0,1620,31.0,17.71,259.0,253.0,28.32,294.24,4.1,1,100900.0,9999999
48698,0,1621,31.3,17.6,264.0,258.0,28.32,294.59,4.1,1,100700.0,9999999
48698,0,1622,32.0,15.64,983.0,286.0,28.32,294.76,4.1,1,100700.0,9999999
48698,0,1623,32.0,17.71,846.0,104.0,28.32,295.27,4.6,1,100600.0,9999999
48698,0,1624,30.8,17.38,621.0,118.0,28.32,293.02,5.1,1,100600.0,9999999
48698,0,1625,30.0,17.71,347.0,146.0,28.32,292.32,4.6,1,100600.0,9999999
48698,0,1626,28.0,17.71,89.0,72.0,28.32,290.36,5.7,2,100700.0,9999999
48698,0,1627,27.3,18.15,2.0,2.0,28.32,289.81,4.1,1,100700.0,9999999
48698,0,1628,27.0,17.71,0.0,0.0,28.32,289.45,3.1,2,100800.0,9999999
48698,0,1629,27.0,17.71,0.0,0.0,28.32,288.17,2.1,1,100900.0,9999999
48698,0,1630,26.4,18.26,0.0,0.0,28.32,287.62,2.6,1,100900.0,9999999
48698,0,1631,26.0,17.71,0.0,0.0,28.32,287.06,3.1,1,100900.0,9999999
48698,0,1632,26.0,18.84,0.0,0.0,28.32,288.72,4.1,2,100900.0,9999999
48698,0,1633,25.3,17.82,0.0,0.0,28.32,287.8,1.5,2,100800.0,9999999
48698,0,1634,25.1,17.93,0.0,0.0,28.32,287.62,1.0,2,100800.0,9999999
48698,0,1635,24.9,18.15,0.0,0.0,28.32,286.12,0.5,2,100700.0,9999999
48698,0,1636,24.7,18.26,0.0,0.0,28.32,285.93,0.0,0,100700.0,9999999
48698,0,1637,24.0,17.71,0.0,0.0,28.32,285.18,0.0,0,100800.0,9999999
48698,0,1638,24.0,18.84,0.0,0.0,28.32,286.87,0.0,0,100800.0,9999999
48698,0,1639,24.8,18.72,20.0,20.0,28.32,287.62,0.0,0,100900.0,9999999
48698,0,1640,27.0,18.84,203.0,151.0,28.32,290.72,0.0,0,100900.0,9999999
48698,0,1641,28.0,18.84,440.0,187.0,28.32,291.61,2.1,1,100900.0,9999999
48698,0,1642,28.9,19.07,641.0,262.0,28.32,292.49,2.1,16,101000.0,9999999
48698,0,1643,31.0,17.71,801.0,326.0,28.32,294.24,2.1,16,101000.0,9999999
48698,0,1644,31.0,18.84,891.0,357.0,28.32,294.59,1.5,16,100900.0,9999999
48698,0,1645,31.5,18.72,910.0,372.0,28.32,294.93,2.6,2,100800.0,9999999
48698,0,1646,31.0,20.03,942.0,293.0,28.32,294.76,3.1,5,100800.0,9999999
48698,0,1647,31.0,20.03,832.0,159.0,28.32,294.76,5.1,5,100700.0,9999999
48698,0,1648,30.7,19.78,625.0,111.0,28.32,293.37,5.1,5,100600.0,9999999
48698,0,1649,30.0,20.03,361.0,111.0,28.32,292.85,4.6,2,100700.0,9999999
48698,0,1650,28.0,18.84,102.0,71.0,28.32,289.27,4.1,2,100800.0,9999999
48698,0,1651,27.3,18.15,2.0,2.0,28.32,288.54,3.1,1,100800.0,9999999
48698,0,1652,27.0,18.84,0.0,0.0,28.32,288.35,3.6,2,100900.0,9999999
48698,0,1653,27.0,18.84,0.0,0.0,28.32,289.63,2.6,2,100900.0,9999999
48698,0,1654,26.5,19.07,0.0,0.0,28.32,289.27,1.5,1,101000.0,9999999
48698,0,1655,27.0,18.84,0.0,0.0,28.32,289.63,1.5,2,100900.0,9999999
48698,0,1656,26.6,18.95,0.0,0.0,28.32,289.27,1.5,2,101000.0,9999999
48698,0,1657,26.3,18.95,0.0,0.0,28.32,289.09,1.5,1,101000.0,9999999
48698,0,1658,26.2,18.95,0.0,0.0,28.32,289.99,1.2,1,100900.0,9999999
48698,0,1659,26.0,19.07,0.0,0.0,28.32,289.81,0.8,1,100900.0,9999999
48698,0,1660,25.9,19.07,0.0,0.0,28.32,289.63,0.5,1,100800.0,9999999
48698,0,1661,25.4,18.95,0.0,0.0,28.32,289.09,0.7,1,100900.0,9999999
48698,0,1662,25.0,18.84,0.0,0.0,28.32,287.8,1.0,16,100900.0,9999999
48698,0,1663,26.0,19.54,22.0,22.0,28.32,287.43,1.0,16,101000.0,9999999
48698,0,1664,27.0,20.03,224.0,152.0,28.32,290.89,2.6,1,101000.0,9999999
48698,0,1665,29.0,20.03,489.0,149.0,28.32,293.55,4.1,1,101000.0,9999999
48698,0,1666,29.3,19.78,708.0,186.0,28.32,294.93,3.1,1,101100.0,9999999
48698,0,1667,30.0,18.84,864.0,255.0,28.32,295.44,3.6,1,101000.0,9999999
48698,0,1668,31.0,18.84,932.0,332.0,28.32,295.79,3.1,1,100900.0,9999999
48698,0,1669,31.8,19.19,910.0,368.0,28.32,296.63,3.6,1,100900.0,9999999
48698,0,1670,32.0,17.71,924.0,327.0,28.32,295.96,3.1,1,100800.0,9999999
48698,0,1671,32.0,18.84,817.0,187.0,28.32,295.44,3.6,1,100700.0,9999999
48698,0,1672,31.0,20.03,617.0,126.0,28.32,293.72,4.6,1,100600.0,9999999
48698,0,1673,30.0,20.03,358.0,113.0,28.32,292.85,5.7,1,100700.0,9999999
48698,0,1674,29.0,18.84,101.0,70.0,28.32,291.61,5.7,1,100700.0,9999999
48698,0,1675,27.6,19.19,2.0,2.0,28.32,290.36,4.1,1,100800.0,9999999
48698,0,1676,27.0,18.84,0.0,0.0,28.32,289.63,3.6,2,100900.0,9999999
48698,0,1677,27.0,18.84,0.0,0.0,28.32,289.63,3.1,1,100900.0,9999999
48698,0,1678,27.0,19.54,0.0,0.0,28.32,289.81,2.6,1,101000.0,9999999
48698,0,1679,27.0,18.84,0.0,0.0,28.32,289.63,2.6,1,101000.0,9999999
48698,0,1680,26.7,19.19,0.0,0.0,28.32,289.45,1.8,1,101000.0,9999999
48698,0,1681,26.5,19.42,0.0,0.0,28.32,289.27,1.0,16,100900.0,9999999
48698,0,1682,26.3,19.42,0.0,0.0,28.32,289.09,0.8,16,100900.0,9999999
48698,0,1683,26.0,19.42,0.0,0.0,28.32,288.9,0.7,16,100800.0,9999999
48698,0,1684,25.8,19.42,0.0,0.0,28.32,288.72,0.5,16,100800.0,9999999
48698,0,1685,26.0,20.03,0.0,0.0,28.32,288.9,0.5,15,100800.0,9999999
48698,0,1686,26.0,20.03,0.0,0.0,28.32,288.9,0.5,14,100800.0,9999999
48698,0,1687,26.0,20.03,6.0,6.0,28.32,287.62,0.5,14,100900.0,9999999
48698,0,1688,27.0,18.84,57.0,57.0,28.32,290.72,1.0,14,100900.0,9999999
48698,0,1689,28.0,18.84,125.0,125.0,28.32,292.32,1.5,16,101000.0,9999999
48698,0,1690,29.0,18.84,186.0,185.0,28.32,293.89,1.5,16,101000.0,9999999
48698,0,1691,30.0,20.03,232.0,227.0,28.32,295.1,1.5,1,100900.0,9999999
48698,0,1692,31.0,20.03,258.0,252.0,28.32,296.63,1.5,2,100900.0,9999999
48698,0,1693,31.3,19.3,695.0,395.0,28.32,296.8,1.5,1,100800.0,9999999
48698,0,1694,30.0,21.29,544.0,461.0,28.32,296.46,3.6,5,100700.0,9999999
48698,0,1695,30.0,21.29,350.0,328.0,28.32,297.31,4.1,4,100600.0,9999999
48698,0,1696,25.2,17.93,157.0,157.0,28.32,292.14,4.1,11,100600.0,9999999
48698,0,1697,25.0,18.84,150.0,148.0,28.32,291.25,2.1,13,100600.0,9999999
48698,0,1698,26.0,20.03,55.0,55.0,28.32,291.79,1.0,14,100600.0,9999999
48698,0,1699,25.4,18.95,1.0,1.0,28.32,290.36,0.0,0,100700.0,9999999
48698,0,1700,26.0,18.84,0.0,0.0,28.32,290.36,0.5,13,100800.0,9999999
48698,0,1701,26.0,20.03,0.0,0.0,28.32,289.99,0.0,0,100900.0,9999999
48698,0,1702,25.9,19.54,0.0,0.0,28.32,288.72,0.0,0,100900.0,9999999
48698,0,1703,26.0,20.03,0.0,0.0,28.32,288.9,0.0,0,100900.0,9999999
48698,0,1704,25.8,19.78,0.0,0.0,28.32,288.72,0.0,0,100900.0,9999999
48698,0,1705,25.7,19.54,0.0,0.0,28.32,288.54,0.0,0,100900.0,9999999
48698,0,1706,25.6,19.3,0.0,0.0,28.32,288.35,0.3,16,100800.0,9999999
48698,0,1707,25.4,19.07,0.0,0.0,28.32,288.17,0.7,16,100800.0,9999999
48698,0,1708,25.3,18.84,0.0,0.0,28.32,287.99,1.0,16,100700.0,9999999
48698,0,1709,25.0,18.84,0.0,0.0,28.32,287.8,0.0,0,100800.0,9999999
48698,0,1710,25.0,18.84,0.0,0.0,28.32,287.8,0.0,0,100800.0,9999999
48698,0,1711,25.1,18.95,15.0,15.0,28.32,287.8,0.0,0,100800.0,9999999
48698,0,1712,27.0,18.84,151.0,129.0,28.32,290.72,1.5,1,100900.0,9999999
48698,0,1713,29.0,20.03,330.0,262.0,28.32,292.85,3.1,1,100900.0,9999999
48698,0,1714,29.2,18.15,492.0,411.0,28.32,292.67,3.6,1,100900.0,9999999
48698,0,1715,31.0,18.84,612.0,507.0,28.32,295.27,5.1,1,100900.0,9999999
48698,0,1716,31.0,18.84,682.0,478.0,28.32,295.79,4.6,1,100900.0,9999999
48698,0,1717,32.0,16.54,698.0,487.0,28.32,296.97,4.6,1,100700.0,9999999
48698,0,1718,31.0,17.71,738.0,443.0,28.32,295.61,4.1,1,100700.0,9999999
48698,0,1719,32.0,16.65,685.0,366.0,28.32,295.1,4.1,1,100700.0,9999999
48698,0,1720,31.0,16.75,541.0,236.0,28.32,293.2,4.6,1,100500.0,9999999
48698,0,1721,30.0,16.65,325.0,137.0,28.32,292.14,6.2,1,100600.0,9999999
48698,0,1722,28.0,16.65,93.0,71.0,28.32,288.9,5.1,1,100700.0,9999999
48698,0,1723,27.2,17.82,2.0,2.0,28.32,288.35,3.6,1,100700.0,9999999
48698,0,1724,27.0,18.84,0.0,0.0,28.32,290.72,2.6,1,100800.0,9999999
48698,0,1725,26.0,18.84,0.0,0.0,28.32,290.36,2.6,2,100900.0,9999999
48698,0,1726,26.5,18.38,0.0,0.0,28.32,291.96,1.0,1,100900.0,9999999
48698,0,1727,26.0,18.84,0.0,0.0,28.32,290.89,0.0,0,100900.0,9999999
48698,0,1728,26.0,18.84,0.0,0.0,28.32,290.36,0.0,0,100900.0,9999999
48698,0,1729,25.9,18.49,0.0,0.0,28.32,289.45,1.0,1,100900.0,9999999
48698,0,1730,25.9,18.72,0.0,0.0,28.32,290.36,0.7,1,100800.0,9999999
48698,0,1731,26.0,18.84,0.0,0.0,28.32,290.89,0.5,1,100800.0,9999999
48698,0,1732,25.4,18.84,0.0,0.0,28.32,290.89,0.0,0,100800.0,9999999
48698,0,1733,25.0,18.84,0.0,0.0,28.32,290.54,0.0,0,100800.0,9999999
48698,0,1734,25.0,18.84,0.0,0.0,28.32,290.54,1.0,1,100900.0,9999999
48698,0,1735,25.6,18.72,15.0,15.0,28.32,291.07,1.0,1,100900.0,9999999
48698,0,1736,27.0,18.84,152.0,130.0,28.32,292.49,2.6,2,100900.0,9999999
48698,0,1737,28.0,17.71,332.0,263.0,28.32,292.67,2.6,1,101000.0,9999999
48698,0,1738,30.0,17.71,493.0,412.0,28.32,294.59,4.1,1,101000.0,9999999
48698,0,1739,31.0,17.71,614.0,508.0,28.32,295.1,3.6,16,101000.0,9999999
48698,0,1740,31.0,17.71,683.0,478.0,28.32,295.1,4.1,2,100900.0,9999999
48698,0,1741,31.6,18.38,696.0,488.0,28.32,295.1,4.1,1,100900.0,9999999
48698,0,1742,32.0,18.84,652.0,455.0,28.32,296.3,4.1,1,100800.0,9999999
48698,0,1743,31.0,17.71,555.0,458.0,28.32,295.1,4.6,1,100800.0,9999999
48698,0,1744,30.0,17.49,412.0,344.0,28.32,294.59,5.1,1,100700.0,9999999
48698,0,1745,29.0,17.71,253.0,213.0,28.32,293.02,4.1,1,100700.0,9999999
48698,0,1746,28.0,17.71,74.0,68.0,28.32,291.43,4.1,2,100700.0,9999999
48698,0,1747,27.2,18.04,2.0,2.0,28.32,289.63,4.1,2,100800.0,9999999
48698,0,1748,27.0,17.71,0.0,0.0,28.32,289.45,3.6,2,100900.0,9999999
48698,0,1749,27.0,17.71,0.0,0.0,28.32,289.45,3.6,1,100900.0,9999999
48698,0,1750,26.4,17.93,0.0,0.0,28.32,288.9,3.1,1,101000.0,9999999
48698,0,1751,26.0,17.71,0.0,0.0,28.32,288.54,3.1,1,101000.0,9999999
48698,0,1752,26.0,17.82,0.0,0.0,28.32,287.24,3.1,1,101000.0,9999999
48698,0,1753,26.1,17.93,0.0,0.0,28.32,287.24,3.1,1,100900.0,9999999
48698,0,1754,25.9,18.04,0.0,0.0,28.32,287.06,2.6,1,100900.0,9999999
48698,0,1755,25.7,18.15,0.0,0.0,28.32,288.35,2.0,1,100900.0,9999999
48698,0,1756,25.5,18.26,0.0,0.0,28.32,288.17,1.5,1,100800.0,9999999
48698,0,1757,25.0,18.84,0.0,0.0,28.32,287.8,2.1,1,100900.0,9999999
48698,0,1758,25.0,17.71,0.0,0.0,28.32,287.62,1.0,1,100900.0,9999999
48698,0,1759,26.0,18.49,20.0,20.0,28.32,288.72,1.0,16,100900.0,9999999
48698,0,1760,28.0,18.84,200.0,129.0,28.32,290.72,2.6,2,101000.0,9999999
48698,0,1761,30.0,18.84,436.0,218.0,28.32,292.49,2.1,2,101100.0,9999999
48698,0,1762,30.0,18.26,647.0,262.0,28.32,292.49,2.1,2,101200.0,9999999
48698,0,1763,31.0,18.84,803.0,330.0,28.32,294.59,1.5,1,101100.0,9999999
48698,0,1764,32.0,18.84,893.0,359.0,28.32,296.3,3.1,1,101000.0,9999999
48698,0,1765,32.1,17.93,912.0,373.0,28.32,296.8,3.1,1,101000.0,9999999
48698,0,1766,33.0,18.84,892.0,304.0,28.32,297.81,3.1,1,100900.0,9999999
48698,0,1767,32.0,18.84,783.0,217.0,28.32,297.31,3.6,1,100800.0,9999999
48698,0,1768,31.9,19.19,593.0,165.0,28.32,297.31,3.6,1,100700.0,9999999
48698,0,1769,30.0,18.84,353.0,104.0,28.32,294.93,5.1,1,100800.0,9999999
48698,0,1770,29.0,18.84,24.0,24.0,28.32,292.67,5.1,2,100900.0,9999999
48698,0,1771,27.5,19.07,1.0,1.0,28.32,290.18,2.6,2,100900.0,9999999
48698,0,1772,27.0,18.84,0.0,0.0,28.32,290.72,2.6,2,100900.0,9999999
48698,0,1773,27.0,18.84,0.0,0.0,28.32,291.96,2.6,2,101000.0,9999999
48698,0,1774,27.0,19.42,0.0,0.0,28.32,292.67,2.0,2,101100.0,9999999
48698,0,1775,27.0,20.03,0.0,0.0,28.32,293.37,1.5,16,101100.0,9999999
48698,0,1776,27.0,20.03,0.0,0.0,28.32,294.24,2.1,16,101000.0,9999999
48698,0,1777,26.9,19.19,0.0,0.0,28.32,296.63,1.0,16,101000.0,9999999
48698,0,1778,26.0,18.84,0.0,0.0,28.32,292.14,0.0,0,100900.0,9999999
48698,0,1779,26.0,19.19,0.0,0.0,28.32,291.07,0.5,16,100900.0,9999999
48698,0,1780,26.1,19.42,0.0,0.0,28.32,288.9,1.0,16,100900.0,9999999
48698,0,1781,26.0,19.78,0.0,0.0,28.32,288.9,0.5,16,100900.0,9999999
48698,0,1782,26.0,20.03,0.0,0.0,28.32,288.9,0.0,0,100900.0,9999999
48698,0,1783,26.0,18.49,16.0,16.0,28.32,288.72,1.0,16,100900.0,9999999
48698,0,1784,27.0,19.3,154.0,131.0,28.32,290.72,1.8,16,101000.0,9999999
48698,0,1785,28.0,20.03,333.0,264.0,28.32,292.49,2.6,1,101100.0,9999999
48698,0,1786,29.7,19.54,494.0,413.0,28.32,294.76,2.1,1,101200.0,9999999
48698,0,1787,31.0,18.84,614.0,508.0,28.32,295.79,2.6,1,101100.0,9999999
48698,0,1788,31.0,18.84,682.0,478.0,28.32,295.79,3.1,16,101000.0,9999999
48698,0,1789,31.5,18.49,696.0,488.0,28.32,296.3,3.6,1,100900.0,9999999
48698,0,1790,32.0,18.84,853.0,432.0,28.32,296.3,3.1,1,100800.0,9999999
48698,0,1791,32.0,18.84,801.0,248.0,28.32,296.3,4.1,1,100700.0,9999999
48698,0,1792,31.7,18.72,614.0,124.0,28.32,295.27,4.6,1,100600.0,9999999
48698,0,1793,30.0,18.84,352.0,114.0,28.32,293.55,3.1,1,100700.0,9999999
48698,0,1794,29.0,18.84,96.0,69.0,28.32,292.67,3.1,2,100700.0,9999999
48698,0,1795,28.1,19.3,2.0,2.0,28.32,290.89,2.6,2,100800.0,9999999
48698,0,1796,28.0,20.03,0.0,0.0,28.32,290.89,2.6,2,100900.0,9999999
48698,0,1797,28.0,20.03,0.0,0.0,28.32,290.89,1.5,1,100900.0,9999999
48698,0,1798,27.3,20.4,0.0,0.0,28.32,290.18,2.1,1,101000.0,9999999
48698,0,1799,27.0,20.03,0.0,0.0,28.32,289.81,1.0,1,101000.0,9999999
48698,0,1800,27.0,21.29,0.0,0.0,28.32,290.18,0.0,0,101000.0,9999999
48698,0,1801,26.7,20.52,0.0,0.0,28.32,289.63,0.0,0,101000.0,9999999
48698,0,1802,26.0,20.03,0.0,0.0,28.32,291.25,0.0,0,100900.0,9999999
48698,0,1803,27.0,20.03,0.0,0.0,28.32,293.37,0.0,0,100900.0,9999999
48698,0,1804,26.6,20.4,0.0,0.0,28.32,296.63,0.0,0,100900.0,9999999
48698,0,1805,27.0,20.03,0.0,0.0,28.32,294.24,0.0,0,100900.0,9999999
48698,0,1806,26.0,20.03,0.0,0.0,28.32,291.79,0.5,13,100900.0,9999999
48698,0,1807,26.6,20.4,16.0,16.0,28.32,290.54,0.0,0,101000.0,9999999
48698,0,1808,28.0,20.03,155.0,132.0,28.32,291.79,0.0,0,101100.0,9999999
48698,0,1809,28.0,19.42,334.0,265.0,28.32,291.79,1.0,16,101100.0,9999999
48698,0,1810,28.0,18.84,495.0,414.0,28.32,291.61,2.1,8,101100.0,9999999
48698,0,1811,29.0,20.03,613.0,508.0,28.32,292.85,1.5,4,101000.0,9999999
48698,0,1812,31.0,21.29,680.0,479.0,28.32,294.93,2.6,1,100900.0,9999999
48698,0,1813,32.0,20.03,694.0,488.0,28.32,295.79,3.6,2,100800.0,9999999
48698,0,1814,32.0,20.03,650.0,454.0,28.32,296.46,4.1,1,100700.0,9999999
48698,0,1815,33.0,18.84,553.0,457.0,28.32,297.81,3.6,1,100600.0,9999999
48698,0,1816,30.5,19.66,408.0,342.0,28.32,296.13,2.6,14,100500.0,9999999
48698,0,1817,29.0,18.84,234.0,191.0,28.32,293.89,0.0,0,100600.0,9999999
48698,0,1818,29.0,18.84,63.0,63.0,28.32,292.67,2.6,1,100700.0,9999999
48698,0,1819,28.7,19.19,1.0,1.0,28.32,291.43,2.6,1,100800.0,9999999
48698,0,1820,28.0,20.03,0.0,0.0,28.32,290.89,1.5,1,100900.0,9999999
48698,0,1821,28.0,20.03,0.0,0.0,28.32,290.89,1.0,2,101000.0,9999999
48698,0,1822,28.0,20.03,0.0,0.0,28.32,290.89,0.0,0,101100.0,9999999
48698,0,1823,28.0,21.29,0.0,0.0,28.32,291.07,0.0,0,101100.0,9999999
48698,0,1824,27.7,20.9,0.0,0.0,28.32,290.72,0.5,16,101100.0,9999999
48698,0,1825,27.4,20.52,0.0,0.0,28.32,290.36,1.0,1,101000.0,9999999
48698,0,1826,27.0,21.29,0.0,0.0,28.32,290.18,1.0,1,100900.0,9999999
48698,0,1827,27.0,21.29,0.0,0.0,28.32,290.18,0.5,16,100900.0,9999999
48698,0,1828,26.5,20.52,0.0,0.0,28.32,289.45,0.0,0,100900.0,9999999
48698,0,1829,26.0,20.03,0.0,0.0,28.32,289.99,0.0,0,100900.0,9999999
48698,0,1830,26.0,20.03,0.0,0.0,28.32,290.72,0.0,0,100900.0,9999999
48698,0,1831,26.6,20.65,21.0,21.0,28.32,291.96,0.0,0,101000.0,9999999
48698,0,1832,28.0,21.29,203.0,131.0,28.32,293.37,0.5,15,101000.0,9999999
48698,0,1833,30.0,20.03,439.0,220.0,28.32,295.1,1.0,1,101100.0,9999999
48698,0,1834,31.1,20.65,647.0,266.0,28.32,296.3,2.1,2,101200.0,9999999
48698,0,1835,32.0,18.84,756.0,379.0,28.32,296.8,1.5,16,101100.0,9999999
48698,0,1836,33.0,21.29,769.0,468.0,28.32,298.81,3.1,4,101000.0,9999999
48698,0,1837,31.5,19.66,694.0,490.0,28.32,296.97,5.7,5,100900.0,9999999
48698,0,1838,29.0,18.84,650.0,454.0,28.32,295.1,5.7,4,100900.0,9999999
48698,0,1839,30.0,18.84,552.0,456.0,28.32,296.97,1.5,12,100800.0,9999999
48698,0,1840,27.7,19.66,408.0,342.0,28.32,294.76,1.5,13,100800.0,9999999
48698,0,1841,28.0,20.03,233.0,190.0,28.32,293.72,2.6,14,100800.0,9999999
48698,0,1842,27.0,20.03,63.0,63.0,28.32,291.61,1.0,13,100900.0,9999999
48698,0,1843,26.5,19.78,1.0,1.0,28.32,289.45,1.5,13,100900.0,9999999
48698,0,1844,26.0,18.84,0.0,0.0,28.32,288.72,1.0,13,100900.0,9999999
48698,0,1845,27.0,18.84,0.0,0.0,28.32,289.63,0.0,0,101000.0,9999999
48698,0,1846,26.4,19.66,0.0,0.0,28.32,289.27,1.0,13,101100.0,9999999
48698,0,1847,26.0,20.03,0.0,0.0,28.32,288.9,0.5,13,101100.0,9999999
48698,0,1848,26.0,20.03,0.0,0.0,28.32,288.9,0.0,0,101100.0,9999999
48698,0,1849,25.9,19.54,0.0,0.0,28.32,288.72,0.5,13,101100.0,9999999
48698,0,1850,26.0,20.03,0.0,0.0,28.32,289.99,1.0,12,101000.0,9999999
48698,0,1851,25.7,19.66,0.0,0.0,28.32,289.63,1.0,12,101000.0,9999999
48698,0,1852,25.4,19.19,0.0,0.0,28.32,289.09,1.0,13,101000.0,9999999
48698,0,1853,24.7,19.07,0.0,0.0,28.32,288.54,1.2,13,101000.0,9999999
48698,0,1854,24.0,18.84,0.0,0.0,28.32,287.8,1.5,16,101000.0,9999999
48698,0,1855,24.1,18.49,16.0,16.0,28.32,286.87,2.6,15,101200.0,9999999
48698,0,1856,25.0,17.71,157.0,133.0,28.32,288.54,2.1,15,101100.0,9999999
48698,0,1857,27.0,18.84,337.0,266.0,28.32,290.72,1.5,16,101100.0,9999999
48698,0,1858,29.4,20.03,495.0,414.0,28.32,293.2,3.1,1,101200.0,9999999
48698,0,1859,30.0,20.03,614.0,509.0,28.32,294.59,3.6,16,101100.0,9999999
48698,0,1860,32.0,17.71,684.0,478.0,28.32,295.96,4.6,1,101000.0,9999999
48698,0,1861,32.3,18.38,695.0,488.0,28.32,296.97,5.1,1,101000.0,9999999
48698,0,1862,32.0,17.71,651.0,453.0,28.32,296.63,4.6,1,100900.0,9999999
48698,0,1863,32.0,17.71,552.0,456.0,28.32,296.63,4.6,1,100900.0,9999999
48698,0,1864,30.8,17.06,408.0,341.0,28.32,295.27,4.6,1,100800.0,9999999
48698,0,1865,30.0,17.71,318.0,158.0,28.32,294.07,3.6,1,100900.0,9999999
48698,0,1866,29.0,17.71,92.0,67.0,28.32,292.32,3.6,1,100900.0,9999999
48698,0,1867,28.0,19.19,2.0,2.0,28.32,290.72,4.1,1,100900.0,9999999
48698,0,1868,28.0,18.84,0.0,0.0,28.32,290.72,3.1,1,100900.0,9999999
48698,0,1869,27.0,18.84,0.0,0.0,28.32,289.63,1.5,1,101000.0,9999999
48698,0,1870,27.3,19.3,0.0,0.0,28.32,289.99,1.5,16,101100.0,9999999
48698,0,1871,27.0,20.03,0.0,0.0,28.32,289.81,0.5,14,101100.0,9999999
48698,0,1872,26.6,19.78,0.0,0.0,28.32,289.45,0.2,14,101100.0,9999999
48698,0,1873,26.2,19.42,0.0,0.0,28.32,289.09,0.0,0,101000.0,9999999
48698,0,1874,26.1,19.54,0.0,0.0,28.32,288.9,0.3,16,101000.0,9999999
48698,0,1875,25.9,19.54,0.0,0.0,28.32,288.72,0.7,16,101000.0,9999999
48698,0,1876,25.8,19.66,0.0,0.0,28.32,288.72,1.0,15,100900.0,9999999
48698,0,1877,26.0,20.03,0.0,0.0,28.32,289.99,1.0,14,100900.0,9999999
48698,0,1878,26.0,18.84,0.0,0.0,28.32,289.63,0.0,0,100900.0,9999999
48698,0,1879,26.4,19.66,22.0,22.0,28.32,290.18,0.0,0,101000.0,9999999
48698,0,1880,28.0,20.03,206.0,132.0,28.32,291.79,1.0,15,101000.0,9999999
48698,0,1881,30.0,20.03,441.0,221.0,28.32,293.72,2.1,16,101000.0,9999999
48698,0,1882,30.6,20.78,649.0,267.0,28.32,294.59,3.1,1,101100.0,9999999
48698,0,1883,31.0,20.03,804.0,333.0,28.32,295.44,2.6,1,100900.0,9999999
48698,0,1884,32.0,20.03,892.0,361.0,28.32,296.46,3.1,1,100900.0,9999999
48698,0,1885,32.0,19.07,909.0,373.0,28.32,296.8,4.1,1,100800.0,9999999
48698,0,1886,32.0,18.84,799.0,378.0,28.32,296.8,4.1,1,100800.0,9999999
48698,0,1887,31.2,18.95,622.0,390.0,28.32,296.13,4.1,1,100700.0,9999999
48698,0,1888,30.5,18.95,406.0,307.0,28.32,295.44,3.1,1,100600.0,9999999
48698,0,1889,30.0,20.03,231.0,189.0,28.32,295.1,5.1,1,100600.0,9999999
48698,0,1890,29.0,18.84,61.0,61.0,28.32,293.37,2.6,1,100800.0,9999999
48698,0,1891,29.0,20.03,1.0,1.0,28.32,293.55,1.5,16,100800.0,9999999
48698,0,1892,28.0,20.03,0.0,0.0,28.32,292.49,2.1,16,100900.0,9999999
48698,0,1893,28.0,20.03,0.0,0.0,28.32,292.49,2.1,16,100900.0,9999999
48698,0,1894,27.4,20.4,0.0,0.0,28.32,291.25,0.5,16,100900.0,9999999
48698,0,1895,27.0,20.03,0.0,0.0,28.32,290.89,0.5,15,100900.0,9999999
48698,0,1896,27.0,20.03,0.0,0.0,28.32,290.89,1.0,16,100900.0,9999999
48698,0,1897,26.6,20.03,0.0,0.0,28.32,289.45,0.5,15,100900.0,9999999
48698,0,1898,26.0,20.03,0.0,0.0,28.32,288.9,0.0,0,100800.0,9999999
48698,0,1899,26.0,20.03,0.0,0.0,28.32,288.9,0.0,0,100800.0,9999999
48698,0,1900,25.9,19.91,0.0,0.0,28.32,288.9,0.0,0,100700.0,9999999
48698,0,1901,26.0,20.03,0.0,0.0,28.32,288.9,0.5,15,100800.0,9999999
48698,0,1902,26.0,18.84,0.0,0.0,28.32,288.72,0.0,0,100800.0,9999999
48698,0,1903,25.8,19.78,22.0,22.0,28.32,288.72,0.0,0,100900.0,9999999
48698,0,1904,28.0,20.03,195.0,136.0,28.32,291.79,0.0,0,100900.0,9999999
48698,0,1905,29.0,20.03,381.0,278.0,28.32,293.55,2.1,2,100900.0,9999999
48698,0,1906,29.8,20.03,496.0,395.0,28.32,294.93,1.5,1,101000.0,9999999
48698,0,1907,31.0,20.03,614.0,510.0,28.32,296.63,0.5,14,100900.0,9999999
48698,0,1908,32.0,20.03,682.0,479.0,28.32,298.31,1.0,14,100800.0,9999999
48698,0,1909,30.9,21.29,692.0,488.0,28.32,298.31,3.1,8,100700.0,9999999
48698,0,1910,29.0,20.03,648.0,453.0,28.32,295.27,6.2,4,100700.0,9999999
48698,0,1911,28.0,18.84,550.0,454.0,28.32,293.55,1.5,15,100600.0,9999999
48698,0,1912,28.2,18.72,406.0,340.0,28.32,293.02,1.0,16,100500.0,9999999
48698,0,1913,29.0,20.03,230.0,188.0,28.32,293.55,2.6,2,100600.0,9999999
48698,0,1914,29.0,20.03,61.0,61.0,28.32,292.85,1.5,2,100600.0,9999999
48698,0,1915,28.5,20.4,1.0,1.0,28.32,291.43,1.5,3,100600.0,9999999
48698,0,1916,28.0,20.03,0.0,0.0,28.32,290.89,1.0,1,100700.0,9999999
48698,0,1917,28.0,21.29,0.0,0.0,28.32,291.07,1.0,2,100800.0,9999999
48698,0,1918,27.5,20.65,0.0,0.0,28.32,290.54,0.0,0,100800.0,9999999
48698,0,1919,27.0,21.29,0.0,0.0,28.32,290.18,0.0,0,100800.0,9999999
48698,0,1920,27.0,21.29,0.0,0.0,28.32,290.18,0.0,0,100700.0,9999999
48698,0,1921,27.0,21.29,0.0,0.0,28.32,290.18,0.0,0,100700.0,9999999
48698,0,1922,26.7,20.78,0.0,0.0,28.32,289.81,0.0,0,100700.0,9999999
48698,0,1923,26.3,20.15,0.0,0.0,28.32,287.8,0.0,0,100700.0,9999999
48698,0,1924,26.0,19.66,0.0,0.0,28.32,287.43,0.0,0,100700.0,9999999
48698,0,1925,26.0,20.03,0.0,0.0,28.32,287.62,0.0,0,100700.0,9999999
48698,0,1926,26.0,20.03,0.0,0.0,28.32,288.9,0.0,0,100700.0,9999999
48698,0,1927,26.6,20.4,17.0,17.0,28.32,289.63,0.5,16,100800.0,9999999
48698,0,1928,29.0,21.29,196.0,136.0,28.32,293.02,1.5,1,100900.0,9999999
48698,0,1929,30.0,20.03,463.0,206.0,28.32,294.59,2.6,1,100900.0,9999999
48698,0,1930,30.5,20.78,718.0,219.0,28.32,295.79,3.1,1,100900.0,9999999
48698,0,1931,32.0,21.29,867.0,264.0,28.32,297.31,4.1,2,100900.0,9999999
48698,0,1932,32.0,20.03,933.0,337.0,28.32,297.64,4.1,2,100700.0,9999999
48698,0,1933,32.3,21.55,905.0,369.0,28.32,298.14,4.6,5,100600.0,9999999
48698,0,1934,31.0,22.62,728.0,451.0,28.32,297.14,6.2,4,100500.0,9999999
48698,0,1935,26.0,18.84,459.0,376.0,28.32,290.89,3.6,12,100600.0,9999999
48698,0,1936,24.6,18.38,154.0,154.0,28.32,289.45,0.5,1,100500.0,9999999
48698,0,1937,26.0,18.84,145.0,143.0,28.32,290.36,1.0,7,100600.0,9999999
48698,0,1938,26.0,18.84,50.0,50.0,28.32,289.63,1.0,1,100600.0,9999999
48698,0,1939,25.5,18.95,1.0,1.0,28.32,288.17,0.5,16,100600.0,9999999
48698,0,1940,25.0,18.84,0.0,0.0,28.32,287.8,0.0,0,100700.0,9999999
48698,0,1941,25.0,18.84,0.0,0.0,28.32,287.8,0.0,0,100800.0,9999999
48698,0,1942,25.1,19.3,0.0,0.0,28.32,287.99,0.0,0,100800.0,9999999
48698,0,1943,25.0,20.03,0.0,0.0,28.32,287.99,0.0,0,100800.0,9999999
48698,0,1944,25.0,20.03,0.0,0.0,28.32,287.99,0.0,0,100800.0,9999999
48698,0,1945,25.5,19.91,0.0,0.0,28.32,288.35,0.0,0,100700.0,9999999
48698,0,1946,25.7,19.91,0.0,0.0,28.32,288.54,0.0,0,100600.0,9999999
48698,0,1947,26.0,20.03,0.0,0.0,28.32,288.9,0.0,0,100600.0,9999999
48698,0,1948,26.0,20.03,0.0,0.0,28.32,288.9,0.0,0,100700.0,9999999
48698,0,1949,26.0,19.66,0.0,0.0,28.32,288.9,0.3,16,100700.0,9999999
48698,0,1950,26.0,19.19,0.0,0.0,28.32,289.81,0.7,16,100700.0,9999999
48698,0,1951,26.0,18.84,7.0,7.0,28.32,289.63,1.0,9,100700.0,9999999
48698,0,1952,27.0,18.26,61.0,61.0,28.32,291.25,2.3,9,100800.0,9999999
48698,0,1953,28.0,17.71,129.0,129.0,28.32,292.67,3.6,8,100900.0,9999999
48698,0,1954,28.6,18.04,499.0,205.0,28.32,293.89,3.6,8,100900.0,9999999
48698,0,1955,29.3,19.07,616.0,510.0,28.32,294.76,2.3,8,100800.0,9999999
48698,0,1956,30.0,20.03,681.0,479.0,28.32,295.1,1.0,6,100700.0,9999999
48698,0,1957,30.4,19.54,693.0,487.0,28.32,295.44,1.5,4,100600.0,9999999
48698,0,1958,31.0,18.84,647.0,452.0,28.32,295.79,2.6,4,100500.0,9999999
48698,0,1959,30.0,16.65,550.0,453.0,28.32,294.41,1.5,8,100400.0,9999999
48698,0,1960,29.4,17.38,404.0,338.0,28.32,294.07,1.0,9,100400.0,9999999
48698,0,1961,29.0,17.71,229.0,187.0,28.32,293.72,1.0,8,100400.0,9999999
48698,0,1962,28.0,17.71,59.0,59.0,28.32,292.67,0.5,9,100500.0,9999999
48698,0,1963,27.7,17.38,1.0,1.0,28.32,292.32,0.0,0,100500.0,9999999
48698,0,1964,28.0,20.03,0.0,0.0,28.32,292.49,1.0,2,100700.0,9999999
48698,0,1965,27.0,20.03,0.0,0.0,28.32,291.61,0.0,0,100800.0,9999999
48698,0,1966,26.8,20.27,0.0,0.0,28.32,290.72,0.0,0,100800.0,9999999
48698,0,1967,27.0,20.03,0.0,0.0,28.32,290.89,0.0,0,100900.0,9999999
48698,0,1968,26.8,19.78,0.0,0.0,28.32,290.72,0.0,0,100800.0,9999999
48698,0,1969,26.6,19.42,0.0,0.0,28.32,290.36,0.0,0,100700.0,9999999
48698,0,1970,26.3,19.66,0.0,0.0,28.32,290.18,0.0,0,100700.0,9999999
48698,0,1971,26.1,20.03,0.0,0.0,28.32,289.99,0.0,0,100600.0,9999999
48698,0,1972,25.8,20.27,0.0,0.0,28.32,288.72,0.0,0,100600.0,9999999
48698,0,1973,25.9,20.15,0.0,0.0,28.32,288.9,0.0,0,100600.0,9999999
48698,0,1974,26.0,20.03,0.0,0.0,28.32,288.9,0.0,0,100700.0,9999999
48698,0,1975,27.1,20.52,7.0,7.0,28.32,289.99,1.0,3,100700.0,9999999
48698,0,1976,29.0,21.29,241.0,161.0,28.32,293.02,2.1,3,100800.0,9999999
48698,0,1977,30.0,20.03,510.0,180.0,28.32,293.72,2.6,5,100900.0,9999999
48698,0,1978,31.1,20.52,498.0,370.0,28.32,294.93,2.1,4,100900.0,9999999
48698,0,1979,32.0,20.03,615.0,510.0,28.32,296.46,3.1,6,100900.0,9999999
48698,0,1980,32.0,20.03,681.0,479.0,28.32,296.97,2.6,6,100800.0,9999999
48698,0,1981,32.7,20.03,692.0,487.0,28.32,298.31,3.1,5,100600.0,9999999
48698,0,1982,33.0,18.84,647.0,451.0,28.32,297.81,5.1,5,100500.0,9999999
48698,0,1983,32.0,20.03,546.0,452.0,28.32,296.46,6.2,5,100400.0,9999999
48698,0,1984,31.1,20.52,402.0,337.0,28.32,294.93,5.1,4,100400.0,9999999
48698,0,1985,31.0,20.03,227.0,186.0,28.32,294.76,5.7,5,100400.0,9999999
48698,0,1986,30.0,20.03,59.0,59.0,28.32,293.72,3.6,4,100500.0,9999999
48698,0,1987,28.7,19.66,1.0,1.0,28.32,291.43,2.1,3,100500.0,9999999
48698,0,1988,28.0,21.29,0.0,0.0,28.32,291.07,1.5,2,100600.0,9999999
48698,0,1989,28.0,20.03,0.0,0.0,28.32,290.89,1.0,2,100700.0,9999999
48698,0,1990,28.0,20.65,0.0,0.0,28.32,290.89,0.5,1,100800.0,9999999
48698,0,1991,28.0,21.29,0.0,0.0,28.32,291.07,0.5,15,100900.0,9999999
48698,0,1992,27.7,21.16,0.0,0.0,28.32,290.72,0.5,15,100800.0,9999999
48698,0,1993,27.5,21.03,0.0,0.0,28.32,290.54,0.5,1,100700.0,9999999
48698,0,1994,27.1,21.16,0.0,0.0,28.32,290.18,0.3,1,100700.0,9999999
48698,0,1995,26.8,21.16,0.0,0.0,28.32,289.81,0.2,1,100700.0,9999999
48698,0,1996,26.4,21.29,0.0,0.0,28.32,289.45,0.0,0,100600.0,9999999
48698,0,1997,26.0,21.29,0.0,0.0,28.32,289.09,0.0,0,100700.0,9999999
48698,0,1998,26.0,21.29,0.0,0.0,28.32,289.09,0.0,0,100700.0,9999999
48698,0,1999,26.5,21.03,18.0,18.0,28.32,289.63,0.0,0,100800.0,9999999
48698,0,2000,28.0,18.84,162.0,137.0,28.32,291.61,0.5,16,100900.0,9999999
48698,0,2001,29.0,21.29,340.0,270.0,28.32,293.72,1.0,1,100900.0,9999999
48698,0,2002,30.6,20.9,498.0,417.0,28.32,295.79,1.0,5,100900.0,9999999
48698,0,2003,32.0,21.29,614.0,510.0,28.32,297.31,1.0,6,100900.0,9999999
48698,0,2004,31.0,20.03,681.0,479.0,28.32,296.63,6.2,3,100900.0,9999999
48698,0,2005,28.9,18.72,692.0,486.0,28.32,294.41,2.6,4,100700.0,9999999
48698,0,2006,29.0,20.03,645.0,451.0,28.32,294.76,1.5,1,100600.0,9999999
48698,0,2007,27.0,20.03,545.0,451.0,28.32,292.14,3.6,16,100600.0,9999999
48698,0,2008,27.4,18.61,402.0,336.0,28.32,292.32,0.0,0,100500.0,9999999
48698,0,2009,27.0,20.03,226.0,186.0,28.32,291.61,0.0,0,100600.0,9999999
48698,0,2010,27.0,20.03,58.0,58.0,28.32,290.89,0.0,0,100700.0,9999999
48698,0,2011,26.7,20.15,1.0,1.0,28.32,289.63,0.0,0,100600.0,9999999
48698,0,2012,27.0,20.03,0.0,0.0,28.32,289.81,0.0,0,100800.0,9999999
48698,0,2013,26.5,19.78,0.0,0.0,28.32,287.99,0.2,16,100800.0,9999999
48698,0,2014,26.1,19.42,0.0,0.0,28.32,287.62,0.5,13,100800.0,9999999
48698,0,2015,26.0,20.03,0.0,0.0,28.32,288.9,1.0,12,100900.0,9999999
48698,0,2016,25.7,19.3,0.0,0.0,28.32,289.45,1.2,12,100800.0,9999999
48698,0,2017,25.4,18.61,0.0,0.0,28.32,289.09,1.5,13,100800.0,9999999
48698,0,2018,25.4,18.61,0.0,0.0,28.32,289.09,1.0,13,100700.0,9999999
48698,0,2019,25.4,18.61,0.0,0.0,28.32,289.09,0.5,13,100700.0,9999999
48698,0,2020,25.4,18.61,0.0,0.0,28.32,289.09,0.0,0,100600.0,9999999
48698,0,2021,25.0,18.84,0.0,0.0,28.32,288.72,0.0,0,100700.0,9999999
48698,0,2022,25.0,18.84,0.0,0.0,28.32,288.72,0.0,0,100700.0,9999999
48698,0,2023,25.5,19.42,18.0,18.0,28.32,289.27,0.0,0,100700.0,9999999
48698,0,2024,27.0,20.03,163.0,138.0,28.32,291.61,0.5,14,100900.0,9999999
48698,0,2025,28.0,20.03,342.0,270.0,28.32,292.49,0.5,16,100900.0,9999999
48698,0,2026,29.3,20.27,499.0,418.0,28.32,294.41,1.0,16,100900.0,9999999
48698,0,2027,30.0,21.29,614.0,510.0,28.32,294.76,1.5,2,100900.0,9999999
48698,0,2028,31.0,21.29,680.0,479.0,28.32,295.79,2.1,2,100800.0,9999999
48698,0,2029,31.7,20.15,691.0,486.0,28.32,295.44,4.1,4,100700.0,9999999
48698,0,2030,31.0,21.29,643.0,451.0,28.32,294.93,5.1,5,100700.0,9999999
48698,0,2031,30.0,21.29,543.0,450.0,28.32,294.07,5.7,4,100600.0,9999999
48698,0,2032,28.4,20.65,399.0,335.0,28.32,292.32,3.1,3,100500.0,9999999
48698,0,2033,28.0,21.29,225.0,185.0,28.32,292.14,3.6,3,100500.0,9999999
48698,0,2034,28.0,20.03,57.0,57.0,28.32,291.79,2.6,2,100500.0,9999999
48698,0,2035,27.5,19.42,1.0,1.0,28.32,290.36,2.6,2,100600.0,9999999
48698,0,2036,27.0,20.03,0.0,0.0,28.32,290.89,1.0,2,100800.0,9999999
48698,0,2037,27.0,21.29,0.0,0.0,28.32,291.79,1.5,1,100800.0,9999999
48698,0,2038,27.1,21.03,0.0,0.0,28.32,292.49,1.0,1,100800.0,9999999
48698,0,2039,27.0,21.29,0.0,0.0,28.32,291.79,0.5,16,100900.0,9999999
48698,0,2040,26.7,21.03,0.0,0.0,28.32,290.72,0.2,16,100800.0,9999999
48698,0,2041,26.4,20.9,0.0,0.0,28.32,289.45,0.0,0,100700.0,9999999
48698,0,2042,26.2,21.03,0.0,0.0,28.32,289.27,0.0,0,100600.0,9999999
48698,0,2043,26.0,21.29,0.0,0.0,28.32,289.09,0.0,0,100600.0,9999999
48698,0,2044,26.4,21.03,0.0,0.0,28.32,289.45,0.0,0,100500.0,9999999
48698,0,2045,26.2,21.16,0.0,0.0,28.32,291.07,0.0,0,100600.0,9999999
48698,0,2046,26.0,21.29,0.0,0.0,28.32,291.96,0.0,0,100700.0,9999999
48698,0,2047,26.5,21.03,18.0,18.0,28.32,293.02,1.0,13,100700.0,9999999
48698,0,2048,27.0,20.03,164.0,135.0,28.32,292.67,1.0,13,100800.0,9999999
48698,0,2049,27.0,21.29,342.0,275.0,28.32,293.02,1.0,12,100900.0,9999999
48698,0,2050,27.0,20.9,499.0,400.0,28.32,292.32,0.5,14,100800.0,9999999
48698,0,2051,28.0,21.29,614.0,510.0,28.32,293.37,0.5,14,100800.0,9999999
48698,0,2052,27.2,20.9,680.0,478.0,28.32,292.49,0.7,14,100700.0,9999999
48698,0,2053,26.4,20.52,689.0,486.0,28.32,291.61,1.0,1,100700.0,9999999
48698,0,2054,26.0,20.03,643.0,450.0,28.32,291.79,1.0,4,100700.0,9999999
48698,0,2055,27.0,20.03,543.0,449.0,28.32,292.67,2.1,5,100600.0,9999999
48698,0,2056,27.5,20.03,399.0,334.0,28.32,293.2,0.5,4,100500.0,9999999
48698,0,2057,28.0,20.03,224.0,184.0,28.32,293.2,1.0,5,100500.0,9999999
48698,0,2058,27.0,20.03,57.0,57.0,28.32,290.89,1.0,4,100600.0,9999999
48698,0,2059,26.5,20.15,1.0,1.0,28.32,289.45,0.0,0,100600.0,9999999
48698,0,2060,26.0,20.03,0.0,0.0,28.32,288.9,0.0,0,100700.0,9999999
48698,0,2061,26.0,20.03,0.0,0.0,28.32,288.9,0.0,0,100800.0,9999999
48698,0,2062,25.8,20.15,0.0,0.0,28.32,288.72,0.0,0,100800.0,9999999
48698,0,2063,26.0,20.03,0.0,0.0,28.32,289.99,0.0,0,100800.0,9999999
48698,0,2064,26.0,20.03,0.0,0.0,28.32,290.72,0.0,0,100700.0,9999999
48698,0,2065,26.0,20.15,0.0,0.0,28.32,291.25,0.0,0,100700.0,9999999
48698,0,2066,26.0,20.15,0.0,0.0,28.32,291.25,0.0,0,100700.0,9999999
48698,0,2067,26.0,20.03,0.0,0.0,28.32,290.72,0.0,0,100700.0,9999999
48698,0,2068,26.0,20.03,0.0,0.0,28.32,290.72,0.0,0,100700.0,9999999
48698,0,2069,25.5,20.03,0.0,0.0,28.32,290.18,0.0,0,100700.0,9999999
48698,0,2070,25.0,20.03,0.0,0.0,28.32,289.63,0.0,0,100700.0,9999999
48698,0,2071,26.0,21.16,19.0,19.0,28.32,290.18,0.0,0,100700.0,9999999
48698,0,2072,27.5,20.65,215.0,126.0,28.32,292.14,0.5,16,100800.0,9999999
48698,0,2073,29.0,20.03,496.0,173.0,28.32,293.55,1.0,3,100900.0,9999999
48698,0,2074,30.2,20.9,748.0,183.0,28.32,295.44,1.5,5,100900.0,9999999
48698,0,2075,31.0,21.29,921.0,143.0,28.32,296.3,1.5,3,100900.0,9999999
48698,0,2076,31.0,20.03,1019.0,168.0,28.32,296.13,1.5,4,100800.0,9999999
48698,0,2077,32.0,18.95,1035.0,168.0,28.32,296.8,1.5,7,100600.0,9999999
48698,0,2078,31.0,18.84,931.0,266.0,28.32,295.27,3.1,5,100600.0,9999999
48698,0,2079,30.5,19.19,711.0,306.0,28.32,294.76,5.1,4,100500.0,9999999
48698,0,2080,30.0,19.54,398.0,296.0,28.32,293.72,4.6,3,100400.0,9999999
48698,0,2081,30.0,20.03,223.0,183.0,28.32,293.72,2.6,3,100400.0,9999999
48698,0,2082,29.0,20.03,56.0,56.0,28.32,292.85,3.1,2,100500.0,9999999
48698,0,2083,28.4,20.4,1.0,1.0,28.32,291.25,2.6,3,100500.0,9999999
48698,0,2084,28.0,20.03,0.0,0.0,28.32,290.89,1.5,3,100600.0,9999999
48698,0,2085,28.0,20.03,0.0,0.0,28.32,290.89,1.5,2,100700.0,9999999
48698,0,2086,27.0,20.03,0.0,0.0,28.32,289.81,0.5,2,100700.0,9999999
48698,0,2087,28.0,20.03,0.0,0.0,28.32,290.89,0.5,2,100700.0,9999999
48698,0,2088,27.0,20.03,0.0,0.0,28.32,289.81,1.0,1,100700.0,9999999
48698,0,2089,27.2,20.65,0.0,0.0,28.32,290.18,0.5,16,100600.0,9999999
48698,0,2090,27.0,21.29,0.0,0.0,28.32,290.18,0.0,0,100600.0,9999999
48698,0,2091,27.0,20.03,0.0,0.0,28.32,290.89,0.0,0,100600.0,9999999
48698,0,2092,26.8,20.52,0.0,0.0,28.32,290.72,0.5,1,100500.0,9999999
48698,0,2093,27.0,21.29,0.0,0.0,28.32,291.07,0.0,0,100600.0,9999999
48698,0,2094,26.0,20.03,0.0,0.0,28.32,289.99,0.5,16,100700.0,9999999
48698,0,2095,27.0,21.29,7.0,7.0,28.32,291.07,0.5,14,100700.0,9999999
48698,0,2096,29.0,21.29,251.0,197.0,28.32,293.02,1.5,2,100800.0,9999999
48698,0,2097,30.0,21.29,514.0,138.0,28.32,295.27,2.1,1,100800.0,9999999
48698,0,2098,31.0,21.29,758.0,168.0,28.32,294.93,2.1,2,100800.0,9999999
48698,0,2099,31.0,21.29,921.0,143.0,28.32,296.8,1.0,1,100800.0,9999999
48698,0,2100,32.0,21.29,1017.0,172.0,28.32,297.81,4.1,5,100700.0,9999999
48698,0,2101,31.7,21.16,688.0,438.0,28.32,298.14,4.1,6,100500.0,9999999
48698,0,2102,25.0,18.84,642.0,448.0,28.32,290.54,1.5,16,100500.0,9999999
48698,0,2103,26.0,20.03,541.0,448.0,28.32,291.25,0.0,0,100400.0,9999999
48698,0,2104,27.0,19.3,397.0,333.0,28.32,290.72,1.0,15,100400.0,9999999
48698,0,2105,26.0,20.03,222.0,182.0,28.32,289.99,1.0,15,100500.0,9999999
48698,0,2106,25.9,19.78,55.0,55.0,28.32,289.81,0.5,15,100500.0,9999999
48698,0,2107,25.8,19.66,1.0,1.0,28.32,288.72,0.0,0,100500.0,9999999
48698,0,2108,25.7,19.54,0.0,0.0,28.32,288.54,0.0,0,100600.0,9999999
48698,0,2109,25.6,19.42,0.0,0.0,28.32,288.35,0.0,0,100600.0,9999999
48698,0,2110,25.5,19.3,0.0,0.0,28.32,288.35,0.0,0,100700.0,9999999
48698,0,2111,25.0,18.84,0.0,0.0,28.32,287.8,1.0,13,100800.0,9999999
48698,0,2112,25.0,18.84,0.0,0.0,28.32,287.8,0.0,0,100800.0,9999999
48698,0,2113,25.0,18.26,0.0,0.0,28.32,287.62,0.0,0,100700.0,9999999
48698,0,2114,25.0,17.71,0.0,0.0,28.32,287.62,0.0,0,100700.0,9999999
48698,0,2115,25.0,18.26,0.0,0.0,28.32,287.62,0.0,0,100600.0,9999999
48698,0,2116,25.0,18.84,0.0,0.0,28.32,287.8,0.0,0,100600.0,9999999
48698,0,2117,25.0,18.84,0.0,0.0,28.32,287.8,0.5,13,100600.0,9999999
48698,0,2118,25.0,18.84,0.0,0.0,28.32,287.8,0.0,0,100700.0,9999999
48698,0,2119,25.0,18.84,7.0,7.0,28.32,287.8,0.0,0,100800.0,9999999
48698,0,2120,27.0,18.84,63.0,63.0,28.32,289.63,1.0,14,100800.0,9999999
48698,0,2121,28.0,20.03,131.0,131.0,28.32,290.89,1.5,14,100800.0,9999999
48698,0,2122,30.2,21.95,748.0,321.0,28.32,293.37,2.6,2,100800.0,9999999
48698,0,2123,31.6,21.55,888.0,217.0,28.32,294.59,2.6,2,100700.0,9999999
48698,0,2124,33.0,21.29,888.0,374.0,28.32,295.96,2.6,1,100700.0,9999999
48698,0,2125,29.2,20.9,687.0,437.0,28.32,295.1,1.0,16,100600.0,9999999
48698,0,2126,29.1,21.03,639.0,448.0,28.32,294.93,1.8,16,100500.0,9999999
48698,0,2127,29.0,21.29,539.0,446.0,28.32,294.93,2.6,3,100400.0,9999999
48698,0,2128,24.7,18.26,396.0,342.0,28.32,290.18,0.0,0,100400.0,9999999
48698,0,2129,26.0,20.03,221.0,182.0,28.32,291.25,0.0,0,100400.0,9999999
48698,0,2130,26.0,18.84,55.0,55.0,28.32,289.63,0.5,1,100400.0,9999999
48698,0,2131,26.3,20.65,1.0,1.0,28.32,289.27,0.0,0,100400.0,9999999
48698,0,2132,26.0,20.03,0.0,0.0,28.32,288.9,0.0,0,100500.0,9999999
48698,0,2133,26.0,21.29,0.0,0.0,28.32,289.09,0.0,0,100600.0,9999999
48698,0,2134,26.1,20.4,0.0,0.0,28.32,289.09,0.5,14,100700.0,9999999
48698,0,2135,26.0,20.03,0.0,0.0,28.32,288.9,0.5,13,100800.0,9999999
48698,0,2136,25.8,20.03,0.0,0.0,28.32,288.72,0.5,13,100700.0,9999999
48698,0,2137,25.7,20.15,0.0,0.0,28.32,288.72,0.5,14,100600.0,9999999
48698,0,2138,25.0,20.03,0.0,0.0,28.32,287.99,1.0,13,100600.0,9999999
48698,0,2139,25.1,19.91,0.0,0.0,28.32,287.99,0.5,13,100500.0,9999999
48698,0,2140,25.2,19.91,0.0,0.0,28.32,288.17,0.0,0,100500.0,9999999
48698,0,2141,25.1,19.91,0.0,0.0,28.32,287.99,0.0,0,100500.0,9999999
48698,0,2142,25.0,20.03,0.0,0.0,28.32,287.99,0.0,0,100600.0,9999999
48698,0,2143,25.6,20.27,20.0,20.0,28.32,288.54,0.0,0,100600.0,9999999
48698,0,2144,28.0,20.03,63.0,63.0,28.32,291.79,0.5,14,100700.0,9999999
48698,0,2145,29.0,21.29,131.0,131.0,28.32,293.72,1.0,1,100700.0,9999999
48698,0,2146,30.0,21.29,190.0,188.0,28.32,294.76,1.5,1,100800.0,9999999
48698,0,2147,32.0,22.62,233.0,228.0,28.32,297.98,3.1,2,100700.0,9999999
48698,0,2148,32.0,21.29,257.0,252.0,28.32,298.47,2.1,2,100700.0,9999999
48698,0,2149,32.0,20.03,261.0,255.0,28.32,299.14,1.5,15,100500.0,9999999
48698,0,2150,30.0,21.29,242.0,237.0,28.32,297.31,3.1,6,100500.0,9999999
48698,0,2151,28.0,21.29,204.0,201.0,28.32,296.63,3.1,5,100400.0,9999999
48698,0,2152,28.0,22.62,149.0,149.0,28.32,298.47,2.1,16,100400.0,9999999
48698,0,2153,25.0,18.84,288.0,238.0,28.32,291.96,0.0,0,100500.0,9999999
48698,0,2154,25.1,20.03,20.0,20.0,28.32,290.89,0.0,0,100600.0,9999999
48698,0,2155,25.4,20.03,1.0,1.0,28.32,290.54,0.0,0,100600.0,9999999
48698,0,2156,25.6,20.03,0.0,0.0,28.32,290.89,0.5,12,100700.0,9999999
48698,0,2157,25.8,20.03,0.0,0.0,28.32,291.61,0.0,0,100700.0,9999999
48698,0,2158,25.9,20.03,0.0,0.0,28.32,292.32,0.0,0,100700.0,9999999
48698,0,2159,26.0,20.03,0.0,0.0,28.32,292.32,0.0,0,100700.0,9999999
48698,0,2160,26.0,19.91,0.0,0.0,28.42,288.9,1.5,14,100700.0,9999999
48698,0,2161,26.0,19.78,0.0,0.0,28.42,288.9,0.5,15,100700.0,9999999
48698,0,2162,25.9,19.66,0.0,0.0,28.42,289.81,0.5,15,100600.0,9999999
48698,0,2163,25.9,19.66,0.0,0.0,28.42,289.81,0.0,0,100600.0,9999999
48698,0,2164,26.0,19.66,0.0,0.0,28.42,289.81,0.5,14,100600.0,9999999
48698,0,2165,26.0,19.78,0.0,0.0,28.42,289.81,0.5,15,100600.0,9999999
48698,0,2166,26.0,20.03,0.0,0.0,28.42,289.99,0.0,0,100700.0,9999999
48698,0,2167,25.9,20.27,21.0,21.0,28.42,288.9,0.0,0,100700.0,9999999
48698,0,2168,27.0,21.29,169.0,142.0,28.42,291.07,1.5,16,100800.0,9999999
48698,0,2169,29.0,21.29,346.0,277.0,28.42,293.72,2.1,16,100900.0,9999999
48698,0,2170,30.5,20.78,501.0,402.0,28.42,295.79,3.6,2,100800.0,9999999
48698,0,2171,31.0,20.03,616.0,429.0,28.42,296.63,3.1,1,100800.0,9999999
48698,0,2172,32.0,20.03,679.0,477.0,28.42,297.64,3.6,2,100700.0,9999999
48698,0,2173,32.2,19.91,687.0,483.0,28.42,298.47,5.1,2,100500.0,9999999
48698,0,2174,30.0,20.03,639.0,446.0,28.42,296.3,4.6,3,100600.0,9999999
48698,0,2175,27.0,18.84,539.0,445.0,28.42,292.49,5.1,8,100500.0,9999999
48698,0,2176,25.5,19.78,149.0,149.0,28.42,291.25,3.1,9,100500.0,9999999
48698,0,2177,26.0,18.84,220.0,171.0,28.42,292.14,0.0,0,100600.0,9999999
48698,0,2178,26.0,18.84,54.0,54.0,28.42,293.02,0.0,0,100700.0,9999999
48698,0,2179,25.7,19.66,0.0,0.0,28.42,292.85,2.6,3,100800.0,9999999
48698,0,2180,25.0,18.84,0.0,0.0,28.42,290.54,1.5,9,100800.0,9999999
48698,0,2181,25.0,18.84,0.0,0.0,28.42,289.45,2.1,8,100900.0,9999999
48698,0,2182,25.0,19.19,0.0,0.0,28.42,287.8,0.0,0,100900.0,9999999
48698,0,2183,25.0,18.84,0.0,0.0,28.42,287.8,0.0,0,100900.0,9999999
48698,0,2184,25.0,18.84,0.0,0.0,28.42,287.8,0.0,0,100900.0,9999999
48698,0,2185,25.1,19.42,0.0,0.0,28.42,287.99,0.0,0,100800.0,9999999
48698,0,2186,25.0,18.84,0.0,0.0,28.42,287.8,0.0,0,100800.0,9999999
48698,0,2187,25.0,20.03,0.0,0.0,28.42,287.99,0.0,0,100700.0,9999999
48698,0,2188,25.2,19.19,0.0,0.0,28.42,287.99,0.0,0,100700.0,9999999
48698,0,2189,25.0,18.84,0.0,0.0,28.42,288.72,0.0,0,100800.0,9999999
48698,0,2190,25.0,18.84,0.0,0.0,28.42,288.72,0.0,0,100800.0,9999999
48698,0,2191,25.5,19.3,22.0,22.0,28.42,289.27,0.0,0,100800.0,9999999
48698,0,2192,25.0,18.95,143.0,130.0,28.42,289.45,0.7,16,100900.0,9999999
48698,0,2193,24.6,18.49,220.0,211.0,28.42,289.63,1.4,16,101000.0,9999999
48698,0,2194,24.1,18.15,191.0,188.0,28.42,289.63,2.1,10,101100.0,9999999
48698,0,2195,25.0,18.84,234.0,230.0,28.42,290.54,0.5,12,101000.0,9999999
48698,0,2196,25.0,18.84,258.0,252.0,28.42,290.54,1.5,11,100900.0,9999999
48698,0,2197,25.6,19.19,261.0,255.0,28.42,291.25,2.6,11,100800.0,9999999
48698,0,2198,27.0,17.71,640.0,358.0,28.42,292.32,2.6,11,100700.0,9999999
48698,0,2199,29.0,17.71,539.0,445.0,28.42,294.93,2.6,11,100600.0,9999999
48698,0,2200,28.2,17.71,394.0,329.0,28.42,294.07,1.5,12,100600.0,9999999
48698,0,2201,29.0,18.84,219.0,180.0,28.42,294.41,1.5,12,100700.0,9999999
48698,0,2202,28.0,18.84,53.0,53.0,28.42,292.32,1.0,14,100700.0,9999999
48698,0,2203,27.0,19.54,1.0,1.0,28.42,289.81,1.0,13,100800.0,9999999
48698,0,2204,27.0,18.84,0.0,0.0,28.42,289.63,1.5,14,100900.0,9999999
48698,0,2205,26.0,20.03,0.0,0.0,28.42,288.9,0.0,0,100900.0,9999999
48698,0,2206,26.4,19.66,0.0,0.0,28.42,289.27,0.0,0,101000.0,9999999
48698,0,2207,26.0,20.03,0.0,0.0,28.42,288.9,0.0,0,100900.0,9999999
48698,0,2208,26.0,20.03,0.0,0.0,28.42,288.9,0.0,0,100900.0,9999999
48698,0,2209,25.6,19.66,0.0,0.0,28.42,288.54,0.0,0,100800.0,9999999
48698,0,2210,26.0,20.03,0.0,0.0,28.42,288.9,0.0,0,100800.0,9999999
48698,0,2211,26.0,20.03,0.0,0.0,28.42,288.9,0.0,0,100800.0,9999999
48698,0,2212,26.0,18.49,0.0,0.0,28.42,288.72,0.0,0,100700.0,9999999
48698,0,2213,26.0,18.84,0.0,0.0,28.42,288.72,1.5,2,100800.0,9999999
48698,0,2214,26.0,17.71,0.0,0.0,28.42,288.54,0.0,0,100800.0,9999999
48698,0,2215,25.7,18.15,22.0,22.0,28.42,288.35,0.0,0,100800.0,9999999
48698,0,2216,27.0,18.84,171.0,143.0,28.42,290.72,0.0,0,100900.0,9999999
48698,0,2217,28.0,18.84,349.0,279.0,28.42,291.61,0.0,0,100900.0,9999999
48698,0,2218,30.2,20.15,502.0,402.0,28.42,294.07,0.5,16,100900.0,9999999
48698,0,2219,32.0,20.03,615.0,429.0,28.42,295.79,0.5,15,100900.0,9999999
48698,0,2220,32.0,17.71,680.0,476.0,28.42,295.27,1.5,14,100800.0,9999999
48698,0,2221,32.4,18.49,687.0,482.0,28.42,295.79,1.5,2,100600.0,9999999
48698,0,2222,31.0,18.84,638.0,445.0,28.42,295.27,5.7,4,100600.0,9999999
48698,0,2223,32.0,15.64,540.0,444.0,28.42,295.61,4.1,4,100500.0,9999999
48698,0,2224,30.5,18.26,392.0,328.0,28.42,295.27,3.6,5,100500.0,9999999
48698,0,2225,29.0,20.03,218.0,179.0,28.42,294.76,5.7,5,100600.0,9999999
48698,0,2226,29.0,20.03,80.0,62.0,28.42,292.85,4.1,4,100700.0,9999999
48698,0,2227,28.2,20.15,1.0,1.0,28.42,295.44,3.1,4,100700.0,9999999
48698,0,2228,28.0,18.84,0.0,0.0,28.42,293.55,3.1,4,100800.0,9999999
48698,0,2229,28.0,18.84,0.0,0.0,28.42,293.55,3.6,4,100900.0,9999999
48698,0,2230,27.8,19.07,0.0,0.0,28.42,292.85,3.1,4,100900.0,9999999
48698,0,2231,28.0,18.84,0.0,0.0,28.42,292.32,2.6,4,100900.0,9999999
48698,0,2232,27.0,18.84,0.0,0.0,28.42,290.72,0.0,0,100900.0,9999999
48698,0,2233,26.6,20.27,0.0,0.0,28.42,289.63,1.0,15,100800.0,9999999
48698,0,2234,26.0,20.03,0.0,0.0,28.42,288.9,0.0,0,100800.0,9999999
48698,0,2235,26.0,20.03,0.0,0.0,28.42,288.9,0.0,0,100700.0,9999999
48698,0,2236,25.6,19.91,0.0,0.0,28.42,288.54,0.0,0,100600.0,9999999
48698,0,2237,26.0,20.03,0.0,0.0,28.42,289.99,1.0,14,100700.0,9999999
48698,0,2238,26.0,20.03,0.0,0.0,28.42,290.72,0.0,0,100700.0,9999999
48698,0,2239,25.6,19.42,23.0,23.0,28.42,290.72,0.0,0,100800.0,9999999
48698,0,2240,28.0,20.03,172.0,143.0,28.42,293.2,0.5,4,100900.0,9999999
48698,0,2241,28.9,19.91,349.0,279.0,28.42,294.59,1.3,4,100900.0,9999999
48698,0,2242,29.9,19.78,503.0,402.0,28.42,295.44,2.1,4,101000.0,9999999
48698,0,2243,32.0,18.84,616.0,428.0,28.42,296.8,1.5,6,100900.0,9999999
48698,0,2244,32.0,18.84,679.0,476.0,28.42,296.3,3.1,5,100900.0,9999999
48698,0,2245,33.3,15.74,997.0,351.0,28.42,296.13,2.1,3,100700.0,9999999
48698,0,2246,33.0,15.64,960.0,178.0,28.42,295.79,4.6,6,100600.0,9999999
48698,0,2247,32.0,18.84,803.0,122.0,28.42,295.44,4.6,4,100600.0,9999999
48698,0,2248,31.7,19.07,391.0,290.0,28.42,294.24,4.1,5,100500.0,9999999
48698,0,2249,30.0,20.03,216.0,178.0,28.42,292.85,6.2,5,100600.0,9999999
48698,0,2250,29.0,18.84,52.0,52.0,28.42,291.61,4.1,5,100700.0,9999999
48698,0,2251,28.6,19.19,0.0,0.0,28.42,291.25,2.6,4,100700.0,9999999
48698,0,2252,28.0,18.84,0.0,0.0,28.42,291.61,1.5,3,100900.0,9999999
48698,0,2253,28.0,18.84,0.0,0.0,28.42,292.32,1.0,3,100900.0,9999999
48698,0,2254,28.0,19.3,0.0,0.0,28.42,293.02,1.0,1,101000.0,9999999
48698,0,2255,28.0,20.03,0.0,0.0,28.42,292.49,0.0,0,100900.0,9999999
48698,0,2256,27.0,20.03,0.0,0.0,28.42,290.89,0.0,0,100900.0,9999999
48698,0,2257,26.9,20.27,0.0,0.0,28.42,289.81,0.0,0,100800.0,9999999
48698,0,2258,27.0,20.03,0.0,0.0,28.42,289.81,0.0,0,100800.0,9999999
48698,0,2259,27.0,20.03,0.0,0.0,28.42,289.81,0.0,0,100700.0,9999999
48698,0,2260,26.6,20.03,0.0,0.0,28.42,289.45,0.0,0,100600.0,9999999
48698,0,2261,27.0,20.03,0.0,0.0,28.42,289.81,0.0,0,100700.0,9999999
48698,0,2262,26.0,20.03,0.0,0.0,28.42,288.9,0.0,0,100700.0,9999999
48698,0,2263,27.1,19.78,23.0,23.0,28.42,289.99,0.5,16,100800.0,9999999
48698,0,2264,28.0,21.29,172.0,144.0,28.42,292.14,1.5,16,100900.0,9999999
48698,0,2265,29.0,21.29,348.0,279.0,28.42,293.72,2.1,16,100900.0,9999999
48698,0,2266,31.0,20.15,658.0,293.0,28.42,296.13,4.1,2,101000.0,9999999
48698,0,2267,31.0,18.84,616.0,452.0,28.42,295.79,2.1,1,100900.0,9999999
48698,0,2268,26.0,20.03,1027.0,266.0,28.42,289.99,3.6,16,100900.0,9999999
48698,0,2269,31.1,21.29,682.0,434.0,28.42,296.97,1.0,5,100800.0,9999999
48698,0,2270,32.0,18.84,953.0,260.0,28.42,296.8,4.6,4,100700.0,9999999
48698,0,2271,32.0,18.84,801.0,121.0,28.42,295.44,5.1,3,100700.0,9999999
48698,0,2272,30.5,19.3,389.0,289.0,28.42,293.2,4.6,4,100600.0,9999999
48698,0,2273,29.0,18.84,216.0,177.0,28.42,291.61,3.1,2,100600.0,9999999
48698,0,2274,29.0,18.84,51.0,51.0,28.42,291.61,0.5,2,100700.0,9999999
48698,0,2275,28.0,19.3,0.0,0.0,28.42,290.72,1.5,2,100700.0,9999999
48698,0,2276,28.0,20.03,0.0,0.0,28.42,290.89,0.5,16,100800.0,9999999
48698,0,2277,28.0,20.03,0.0,0.0,28.42,290.89,0.5,1,100800.0,9999999
48698,0,2278,27.5,19.78,0.0,0.0,28.42,290.36,0.5,15,100900.0,9999999
48698,0,2279,27.0,20.03,0.0,0.0,28.42,289.81,0.5,13,100900.0,9999999
48698,0,2280,27.0,20.03,0.0,0.0,28.42,289.81,0.5,13,100900.0,9999999
48698,0,2281,26.4,20.03,0.0,0.0,28.42,289.27,1.0,13,100900.0,9999999
48698,0,2282,26.0,20.03,0.0,0.0,28.42,288.9,0.0,0,100800.0,9999999
48698,0,2283,26.0,20.03,0.0,0.0,28.42,288.9,0.0,0,100700.0,9999999
48698,0,2284,25.5,19.91,0.0,0.0,28.42,288.35,0.0,0,100700.0,9999999
48698,0,2285,25.0,20.03,0.0,0.0,28.42,287.99,0.0,0,100700.0,9999999
48698,0,2286,25.0,20.03,0.0,0.0,28.42,287.99,0.0,0,100800.0,9999999
48698,0,2287,26.0,20.4,24.0,24.0,28.42,289.09,0.0,0,100800.0,9999999
48698,0,2288,29.0,21.29,173.0,144.0,28.42,293.02,0.5,3,100900.0,9999999
48698,0,2289,30.0,21.29,349.0,279.0,28.42,295.27,2.1,4,100900.0,9999999
48698,0,2290,31.4,20.52,502.0,402.0,28.42,297.14,3.1,4,100900.0,9999999
48698,0,2291,31.7,20.9,614.0,429.0,28.42,297.47,3.6,4,100900.0,9999999
48698,0,2292,32.0,21.29,675.0,475.0,28.42,298.47,4.1,5,100900.0,9999999
48698,0,2293,32.2,20.27,682.0,480.0,28.42,298.47,5.1,4,100800.0,9999999
48698,0,2294,33.0,20.03,949.0,262.0,28.42,298.64,2.6,3,100700.0,9999999
48698,0,2295,33.0,20.03,798.0,124.0,28.42,298.64,4.1,4,100500.0,9999999
48698,0,2296,32.3,19.66,388.0,289.0,28.42,297.31,4.6,4,100500.0,9999999
48698,0,2297,31.0,18.84,215.0,176.0,28.42,295.27,4.6,3,100500.0,9999999
48698,0,2298,29.0,20.03,50.0,50.0,28.42,292.85,4.1,3,100600.0,9999999
48698,0,2299,28.4,20.03,0.0,0.0,28.42,291.25,2.1,3,100600.0,9999999
48698,0,2300,28.0,20.03,0.0,0.0,28.42,290.89,2.1,3,100700.0,9999999
48698,0,2301,28.0,20.03,0.0,0.0,28.42,290.89,0.5,2,100900.0,9999999
48698,0,2302,27.8,20.03,0.0,0.0,28.42,290.72,0.0,0,100900.0,9999999
48698,0,2303,28.0,20.03,0.0,0.0,28.42,290.89,0.0,0,100900.0,9999999
48698,0,2304,27.0,20.03,0.0,0.0,28.42,289.81,0.0,0,100900.0,9999999
48698,0,2305,27.0,20.03,0.0,0.0,28.42,289.81,1.5,2,100900.0,9999999
48698,0,2306,27.0,20.03,0.0,0.0,28.42,289.81,0.5,1,100700.0,9999999
48698,0,2307,27.0,20.03,0.0,0.0,28.42,289.81,0.0,0,100700.0,9999999
48698,0,2308,27.0,20.27,0.0,0.0,28.42,289.99,0.5,2,100600.0,9999999
48698,0,2309,27.0,20.03,0.0,0.0,28.42,289.81,0.5,3,100700.0,9999999
48698,0,2310,27.0,20.03,0.0,0.0,28.42,289.81,0.5,4,100700.0,9999999
48698,0,2311,27.5,20.52,24.0,24.0,28.42,290.54,2.6,3,100700.0,9999999
48698,0,2312,29.0,20.03,66.0,66.0,28.42,292.85,2.1,3,100900.0,9999999
48698,0,2313,30.0,20.03,350.0,150.0,28.42,293.72,1.5,4,100900.0,9999999
48698,0,2314,30.9,18.61,504.0,403.0,28.42,294.41,1.5,4,101000.0,9999999
48698,0,2315,32.0,18.84,615.0,428.0,28.42,295.44,1.5,5,100900.0,9999999
48698,0,2316,32.0,17.71,678.0,474.0,28.42,295.27,2.6,5,100800.0,9999999
48698,0,2317,32.4,18.49,683.0,479.0,28.42,294.76,3.1,4,100700.0,9999999
48698,0,2318,33.0,16.65,636.0,441.0,28.42,295.96,2.1,4,100600.0,9999999
48698,0,2319,33.0,20.03,531.0,439.0,28.42,296.63,2.1,3,100500.0,9999999
48698,0,2320,32.1,19.91,386.0,324.0,28.42,295.79,1.5,4,100400.0,9999999
48698,0,2321,31.0,18.84,213.0,176.0,28.42,294.59,1.5,5,100500.0,9999999
48698,0,2322,30.0,20.03,50.0,50.0,28.42,293.72,4.6,2,100600.0,9999999
48698,0,2323,28.5,19.66,0.0,0.0,28.42,291.25,2.1,2,100700.0,9999999
48698,0,2324,28.0,20.03,0.0,0.0,28.42,290.89,1.0,2,100800.0,9999999
48698,0,2325,28.0,20.03,0.0,0.0,28.42,290.89,0.0,0,100900.0,9999999
48698,0,2326,27.7,20.03,0.0,0.0,28.42,290.54,0.0,0,100900.0,9999999
48698,0,2327,28.0,20.03,0.0,0.0,28.42,291.79,0.0,0,100900.0,9999999
48698,0,2328,27.0,20.03,0.0,0.0,28.42,291.61,0.0,0,100900.0,9999999
48698,0,2329,27.5,20.52,0.0,0.0,28.42,292.67,0.0,0,100900.0,9999999
48698,0,2330,27.0,20.03,0.0,0.0,28.42,292.67,0.0,0,100800.0,9999999
48698,0,2331,27.0,20.03,0.0,0.0,28.42,292.67,0.0,0,100700.0,9999999
48698,0,2332,26.8,20.15,0.0,0.0,28.42,293.2,0.0,0,100700.0,9999999
48698,0,2333,27.0,21.29,0.0,0.0,28.42,293.02,0.0,0,100700.0,9999999
48698,0,2334,27.0,20.03,0.0,0.0,28.42,292.14,0.0,0,100700.0,9999999
48698,0,2335,27.0,20.78,25.0,25.0,28.42,291.07,0.0,0,100800.0,9999999
48698,0,2336,29.0,20.03,175.0,145.0,28.42,292.85,1.5,1,100900.0,9999999
48698,0,2337,29.0,20.03,350.0,280.0,28.42,292.85,0.5,2,100900.0,9999999
48698,0,2338,30.1,20.4,502.0,402.0,28.42,293.02,1.5,2,100900.0,9999999
48698,0,2339,30.0,20.03,614.0,428.0,28.42,293.72,2.6,2,100900.0,9999999
48698,0,2340,26.3,18.61,500.0,455.0,28.42,291.25,2.3,2,100900.0,9999999
48698,0,2341,22.7,17.06,259.0,247.0,28.42,287.99,2.1,13,100900.0,9999999
48698,0,2342,23.0,17.71,240.0,235.0,28.42,287.8,0.0,0,100900.0,9999999
48698,0,2343,24.0,17.71,202.0,199.0,28.42,287.62,0.5,8,100800.0,9999999
48698,0,2344,24.0,18.49,146.0,146.0,28.42,286.68,0.0,0,100800.0,9999999
48698,0,2345,25.0,18.84,212.0,166.0,28.42,287.8,0.0,0,100900.0,9999999
48698,0,2346,25.0,18.84,49.0,49.0,28.42,287.8,0.0,0,100900.0,9999999
48698,0,2347,24.6,18.84,0.0,0.0,28.42,287.43,0.0,0,100900.0,9999999
48698,0,2348,25.0,18.84,0.0,0.0,28.42,287.8,0.0,0,100900.0,9999999
48698,0,2349,25.0,18.84,0.0,0.0,28.42,287.8,0.0,0,100900.0,9999999
48698,0,2350,24.7,19.19,0.0,0.0,28.42,287.62,0.0,0,101000.0,9999999
48698,0,2351,25.0,18.84,0.0,0.0,28.42,287.8,0.0,0,101000.0,9999999
48698,0,2352,25.0,18.84,0.0,0.0,28.42,287.8,0.0,0,101000.0,9999999
48698,0,2353,25.1,19.07,0.0,0.0,28.42,287.8,0.0,0,101000.0,9999999
48698,0,2354,25.0,18.84,0.0,0.0,28.42,288.72,0.0,0,100900.0,9999999
48698,0,2355,25.0,20.03,0.0,0.0,28.42,289.63,1.5,14,100900.0,9999999
48698,0,2356,25.1,19.3,0.0,0.0,28.42,290.18,1.5,13,100900.0,9999999
48698,0,2357,25.0,19.07,0.0,0.0,28.42,289.45,1.5,13,100900.0,9999999
48698,0,2358,25.0,18.84,0.0,0.0,28.42,288.72,1.5,14,100900.0,9999999
48698,0,2359,25.2,18.84,25.0,25.0,28.42,287.99,0.0,0,100900.0,9999999
48698,0,2360,27.0,18.84,176.0,146.0,28.42,289.63,0.5,1,100900.0,9999999
48698,0,2361,28.0,18.84,351.0,281.0,28.42,290.72,0.0,0,100900.0,9999999
48698,0,2362,29.0,19.54,503.0,403.0,28.42,291.79,1.0,4,100900.0,9999999
48698,0,2363,31.0,20.03,614.0,428.0,28.42,294.76,2.6,5,100900.0,9999999
48698,0,2364,32.0,18.84,675.0,473.0,28.42,296.3,1.0,9,100900.0,9999999
48698,0,2365,31.6,19.42,680.0,478.0,28.42,296.46,1.0,7,100800.0,9999999
48698,0,2366,31.0,20.03,630.0,440.0,28.42,296.13,3.1,9,100800.0,9999999
48698,0,2367,32.0,20.03,529.0,437.0,28.42,297.64,4.6,9,100700.0,9999999
48698,0,2368,30.9,18.61,384.0,322.0,28.42,296.3,3.1,9,100700.0,9999999
48698,0,2369,29.4,18.15,294.0,143.0,28.42,294.24,1.5,9,100700.0,9999999
48698,0,2370,28.0,17.71,73.0,58.0,28.42,291.43,0.0,0,100700.0,9999999
48698,0,2371,27.2,18.38,0.0,0.0,28.42,289.81,0.0,0,100800.0,9999999
48698,0,2372,27.0,20.03,0.0,0.0,28.42,289.81,0.0,0,100900.0,9999999
48698,0,2373,27.0,20.03,0.0,0.0,28.42,289.81,0.0,0,100900.0,9999999
48698,0,2374,26.7,19.19,0.0,0.0,28.42,289.45,0.0,0,101000.0,9999999
48698,0,2375,27.0,18.84,0.0,0.0,28.42,289.63,0.0,0,101000.0,9999999
48698,0,2376,27.0,18.84,0.0,0.0,28.42,289.63,0.5,15,101100.0,9999999
48698,0,2377,26.4,20.03,0.0,0.0,28.42,289.27,0.0,0,101000.0,9999999
48698,0,2378,26.0,20.03,0.0,0.0,28.42,288.9,0.0,0,100900.0,9999999
48698,0,2379,26.0,20.03,0.0,0.0,28.42,288.9,0.0,0,100900.0,9999999
48698,0,2380,26.3,20.03,0.0,0.0,28.42,289.27,0.0,0,100900.0,9999999
48698,0,2381,26.0,20.03,0.0,0.0,28.42,288.9,0.0,0,100900.0,9999999
48698,0,2382,26.0,20.03,0.0,0.0,28.42,288.9,0.0,0,100900.0,9999999
48698,0,2383,27.0,20.78,26.0,26.0,28.42,289.99,0.0,0,101000.0,9999999
48698,0,2384,28.0,20.03,176.0,146.0,28.42,291.79,2.1,2,101100.0,9999999
48698,0,2385,29.0,20.03,351.0,281.0,28.42,293.55,2.6,1,101100.0,9999999
48698,0,2386,30.2,20.03,503.0,402.0,28.42,295.27,2.6,1,101200.0,9999999
48698,0,2387,32.0,20.03,613.0,427.0,28.42,296.97,1.5,2,101100.0,9999999
48698,0,2388,30.0,17.71,1012.0,281.0,28.42,294.59,5.1,11,101100.0,9999999
48698,0,2389,26.5,18.72,680.0,429.0,28.42,291.43,2.1,10,101000.0,9999999
48698,0,2390,27.0,18.84,630.0,439.0,28.42,291.96,1.0,9,100900.0,9999999
48698,0,2391,27.0,18.84,528.0,436.0,28.42,292.49,0.5,12,100900.0,9999999
48698,0,2392,27.2,19.42,145.0,145.0,28.42,292.85,2.6,8,100800.0,9999999
48698,0,2393,28.0,20.03,210.0,164.0,28.42,293.2,0.0,0,100900.0,9999999
48698,0,2394,27.0,20.03,48.0,48.0,28.42,290.89,0.5,9,100900.0,9999999
48698,0,2395,26.9,19.07,0.0,0.0,28.42,289.63,0.0,0,100800.0,9999999
48698,0,2396,27.0,18.84,0.0,0.0,28.42,289.63,0.0,0,100900.0,9999999
48698,0,2397,27.0,18.84,0.0,0.0,28.42,289.63,0.0,0,100900.0,9999999
48698,0,2398,26.5,19.3,0.0,0.0,28.42,289.27,0.0,0,101000.0,9999999
48698,0,2399,26.0,20.03,0.0,0.0,28.42,288.9,0.0,0,101000.0,9999999
48698,0,2400,26.0,20.03,0.0,0.0,28.42,288.9,0.0,0,101000.0,9999999
48698,0,2401,25.8,19.3,0.0,0.0,28.42,288.54,0.0,0,101000.0,9999999
48698,0,2402,26.0,20.03,0.0,0.0,28.42,288.9,0.0,0,100900.0,9999999
48698,0,2403,26.0,20.03,0.0,0.0,28.42,288.9,0.0,0,100900.0,9999999
48698,0,2404,25.5,20.15,0.0,0.0,28.42,288.54,0.0,0,100900.0,9999999
48698,0,2405,26.0,20.03,0.0,0.0,28.42,288.9,0.0,0,100900.0,9999999
48698,0,2406,26.0,20.03,0.0,0.0,28.42,288.9,0.0,0,100900.0,9999999
48698,0,2407,25.8,20.27,26.0,26.0,28.42,288.72,0.0,0,101000.0,9999999
48698,0,2408,28.0,20.03,265.0,207.0,28.42,291.79,0.0,0,101000.0,9999999
48698,0,2409,29.0,20.03,526.0,152.0,28.42,293.55,0.0,0,101100.0,9999999
48698,0,2410,30.1,20.65,502.0,345.0,28.42,295.27,1.0,5,101100.0,9999999
48698,0,2411,31.0,20.03,613.0,427.0,28.42,295.44,1.5,4,101000.0,9999999
48698,0,2412,31.0,18.84,674.0,472.0,28.42,295.27,0.5,8,101000.0,9999999
48698,0,2413,31.7,18.72,679.0,476.0,28.42,295.27,2.1,8,100900.0,9999999
48698,0,2414,32.0,20.03,627.0,438.0,28.42,296.46,1.5,7,100800.0,9999999
48698,0,2415,32.0,20.03,526.0,434.0,28.42,296.46,1.5,9,100800.0,9999999
48698,0,2416,30.1,19.19,381.0,320.0,28.42,295.1,1.5,12,100700.0,9999999
48698,0,2417,26.0,17.71,209.0,172.0,28.42,290.18,4.6,16,100900.0,9999999
48698,0,2418,25.0,18.84,47.0,47.0,28.42,288.72,2.1,2,100800.0,9999999
48698,0,2419,25.9,18.72,0.0,0.0,28.42,288.54,0.0,0,100800.0,9999999
48698,0,2420,26.0,18.84,0.0,0.0,28.42,288.72,0.0,0,100900.0,9999999
48698,0,2421,26.0,18.84,0.0,0.0,28.42,288.72,0.0,0,100900.0,9999999
48698,0,2422,26.0,18.49,0.0,0.0,28.42,288.72,0.0,0,101100.0,9999999
48698,0,2423,26.0,17.71,0.0,0.0,28.42,288.54,0.0,0,101100.0,9999999
48698,0,2424,25.8,17.82,0.0,0.0,28.42,288.35,0.0,0,101100.0,9999999
48698,0,2425,25.6,17.82,0.0,0.0,28.42,288.17,0.0,0,101000.0,9999999
48698,0,2426,26.0,17.71,0.0,0.0,28.42,288.54,1.0,14,100900.0,9999999
48698,0,2427,26.0,18.84,0.0,0.0,28.42,288.72,0.0,0,100900.0,9999999
48698,0,2428,25.4,18.49,0.0,0.0,28.42,287.99,0.0,0,100800.0,9999999
48698,0,2429,25.0,18.84,0.0,0.0,28.42,287.8,0.5,14,100900.0,9999999
48698,0,2430,26.0,18.84,0.0,0.0,28.42,288.72,0.0,0,100900.0,9999999
48698,0,2431,26.3,18.49,27.0,27.0,28.42,288.9,0.0,0,101000.0,9999999
48698,0,2432,28.0,18.84,178.0,147.0,28.42,291.61,0.0,0,101000.0,9999999
48698,0,2433,29.0,20.03,352.0,281.0,28.42,294.07,0.0,0,101000.0,9999999
48698,0,2434,30.4,20.9,502.0,402.0,28.42,296.13,1.5,14,101100.0,9999999
48698,0,2435,31.0,18.84,613.0,426.0,28.42,297.14,0.0,0,101000.0,9999999
48698,0,2436,29.0,20.03,671.0,472.0,28.42,296.13,3.1,9,100900.0,9999999
48698,0,2437,27.0,19.19,257.0,220.0,28.42,296.8,2.1,9,100900.0,9999999
48698,0,2438,26.6,19.66,238.0,233.0,28.42,292.85,1.4,9,100800.0,9999999
48698,0,2439,26.2,20.03,199.0,196.0,28.42,291.43,0.7,9,100700.0,9999999
48698,0,2440,25.8,20.52,144.0,144.0,28.42,288.9,0.0,0,100600.0,9999999
48698,0,2441,26.0,18.84,208.0,163.0,28.42,288.72,1.0,5,100700.0,9999999
48698,0,2442,27.0,18.84,47.0,47.0,28.42,289.63,0.0,0,100700.0,9999999
48698,0,2443,26.1,20.03,0.0,0.0,28.42,289.09,0.0,0,100700.0,9999999
48698,0,2444,26.0,20.03,0.0,0.0,28.42,288.9,0.0,0,100900.0,9999999
48698,0,2445,26.0,20.03,0.0,0.0,28.42,288.9,0.0,0,100900.0,9999999
48698,0,2446,25.8,20.15,0.0,0.0,28.42,288.72,0.0,0,100900.0,9999999
48698,0,2447,26.0,20.03,0.0,0.0,28.42,288.9,0.5,16,100900.0,9999999
48698,0,2448,26.0,20.03,0.0,0.0,28.42,288.9,0.0,0,100900.0,9999999
48698,0,2449,25.4,20.03,0.0,0.0,28.42,288.35,0.0,0,100900.0,9999999
48698,0,2450,25.0,20.03,0.0,0.0,28.42,287.99,0.0,0,100800.0,9999999
48698,0,2451,25.0,20.03,0.0,0.0,28.42,287.99,0.0,0,100800.0,9999999
48698,0,2452,25.2,19.91,0.0,0.0,28.42,288.17,0.0,0,100700.0,9999999
48698,0,2453,25.0,20.03,0.0,0.0,28.42,288.9,0.0,0,100800.0,9999999
48698,0,2454,26.0,20.03,0.0,0.0,28.42,290.72,0.0,0,100900.0,9999999
48698,0,2455,25.8,19.07,27.0,27.0,28.42,290.89,2.6,12,101000.0,9999999
48698,0,2456,27.0,18.84,178.0,147.0,28.42,291.43,3.1,14,101000.0,9999999
48698,0,2457,27.0,18.84,352.0,281.0,28.42,290.72,0.0,0,101000.0,9999999
48698,0,2458,29.5,18.38,503.0,402.0,28.42,291.96,3.1,12,101100.0,9999999
48698,0,2459,30.0,18.84,613.0,426.0,28.42,294.24,3.1,11,101000.0,9999999
48698,0,2460,31.0,18.84,672.0,471.0,28.42,296.46,2.6,10,100900.0,9999999
48698,0,2461,30.5,20.03,675.0,474.0,28.42,296.8,4.6,9,100900.0,9999999
48698,0,2462,30.0,20.03,625.0,436.0,28.42,297.14,2.6,10,100800.0,9999999
48698,0,2463,28.0,18.84,524.0,432.0,28.42,294.93,2.1,3,100800.0,9999999
48698,0,2464,23.9,16.44,144.0,144.0,28.42,290.54,1.5,3,100800.0,9999999
48698,0,2465,26.0,20.03,206.0,162.0,28.42,292.32,0.5,14,100900.0,9999999
48698,0,2466,25.0,18.84,46.0,46.0,28.42,290.54,2.1,14,100900.0,9999999
48698,0,2467,24.7,17.93,0.0,0.0,28.42,289.45,2.6,11,101000.0,9999999
48698,0,2468,25.0,18.84,0.0,0.0,28.42,289.45,2.6,12,101000.0,9999999
48698,0,2469,25.0,18.84,0.0,0.0,28.42,288.72,0.0,0,101100.0,9999999
48698,0,2470,25.1,19.66,0.0,0.0,28.42,287.99,0.0,0,101200.0,9999999
48698,0,2471,25.0,20.03,0.0,0.0,28.42,287.99,0.0,0,101100.0,9999999
48698,0,2472,25.0,20.03,0.0,0.0,28.42,287.99,0.0,0,101000.0,9999999
48698,0,2473,25.3,19.66,0.0,0.0,28.42,288.17,0.0,0,101000.0,9999999
48698,0,2474,25.6,19.78,0.0,0.0,28.42,288.54,0.0,0,101000.0,9999999
48698,0,2475,26.0,20.03,0.0,0.0,28.42,288.9,0.0,0,100900.0,9999999
48698,0,2476,25.4,20.15,0.0,0.0,28.42,288.35,0.0,0,100900.0,9999999
48698,0,2477,25.0,20.03,0.0,0.0,28.42,287.99,0.0,0,100900.0,9999999
48698,0,2478,26.0,20.03,0.0,0.0,28.42,288.9,0.0,0,100900.0,9999999
48698,0,2479,26.0,20.78,28.0,28.0,28.42,289.09,0.0,0,101000.0,9999999
48698,0,2480,28.0,21.29,178.0,148.0,28.42,292.14,0.5,15,101100.0,9999999
48698,0,2481,29.0,20.03,352.0,282.0,28.42,293.55,1.0,14,101100.0,9999999
48698,0,2482,29.7,20.27,502.0,402.0,28.42,294.93,0.0,0,101200.0,9999999
48698,0,2483,32.0,18.84,612.0,426.0,28.42,296.3,1.0,14,101100.0,9999999
48698,0,2484,32.0,18.84,671.0,470.0,28.42,296.3,0.5,13,101000.0,9999999
48698,0,2485,31.0,19.66,674.0,473.0,28.42,294.76,2.1,2,101000.0,9999999
48698,0,2486,30.0,20.03,623.0,435.0,28.42,293.72,3.1,6,100900.0,9999999
48698,0,2487,29.0,20.03,522.0,431.0,28.42,292.85,2.1,6,100900.0,9999999
48698,0,2488,30.0,20.27,377.0,316.0,28.42,293.89,1.5,6,100900.0,9999999
48698,0,2489,30.0,20.03,205.0,170.0,28.42,293.72,3.1,5,100900.0,9999999
48698,0,2490,29.0,20.03,45.0,45.0,28.42,292.85,2.1,5,100900.0,9999999
48698,0,2491,28.1,18.61,0.0,0.0,28.42,290.72,1.5,3,101000.0,9999999
48698,0,2492,28.0,18.84,0.0,0.0,28.42,291.61,1.0,4,101000.0,9999999
48698,0,2493,28.0,20.03,0.0,0.0,28.42,293.2,2.1,6,101100.0,9999999
48698,0,2494,28.3,20.4,0.0,0.0,28.42,294.07,3.6,7,101100.0,9999999
48698,0,2495,28.0,20.03,0.0,0.0,28.42,293.2,4.1,7,101100.0,9999999
48698,0,2496,28.0,20.03,0.0,0.0,28.42,291.79,3.6,6,101100.0,9999999
48698,0,2497,27.8,19.78,0.0,0.0,28.42,290.72,1.5,8,101100.0,9999999
48698,0,2498,28.0,20.03,0.0,0.0,28.42,291.79,1.5,7,101000.0,9999999
48698,0,2499,27.0,20.03,0.0,0.0,28.42,290.89,1.0,7,100900.0,9999999
48698,0,2500,26.7,20.03,0.0,0.0,28.42,290.54,0.0,0,100900.0,9999999
48698,0,2501,27.0,20.03,0.0,0.0,28.42,290.89,0.5,8,100900.0,9999999
48698,0,2502,27.0,20.03,0.0,0.0,28.42,290.89,1.0,8,100900.0,9999999
48698,0,2503,27.4,20.52,28.0,28.0,28.42,290.36,0.0,0,101000.0,9999999
48698,0,2504,29.0,20.03,268.0,209.0,28.42,292.85,1.0,8,101000.0,9999999
48698,0,2505,30.0,20.03,528.0,135.0,28.42,295.1,3.1,8,101100.0,9999999
48698,0,2506,29.7,19.78,657.0,275.0,28.42,295.27,1.5,8,101100.0,9999999
48698,0,2507,32.0,18.84,916.0,224.0,28.42,297.31,2.1,8,101100.0,9999999
48698,0,2508,32.0,20.03,1002.0,163.0,28.42,297.64,2.6,8,101000.0,9999999
48698,0,2509,31.6,20.27,672.0,426.0,28.42,297.31,2.6,8,100900.0,9999999
48698,0,2510,28.0,21.29,930.0,260.0,28.42,293.89,2.6,10,100900.0,9999999
48698,0,2511,25.0,18.84,521.0,358.0,28.42,289.99,2.1,16,100900.0,9999999
48698,0,2512,25.0,18.95,143.0,143.0,28.42,289.99,1.0,16,100900.0,9999999
48698,0,2513,25.0,18.84,78.0,78.0,28.42,289.45,0.0,0,100900.0,9999999
48698,0,2514,24.0,18.84,45.0,45.0,28.42,287.8,3.6,15,100900.0,9999999
48698,0,2515,24.2,18.04,0.0,0.0,28.42,286.87,0.0,0,100900.0,9999999
48698,0,2516,25.0,18.84,0.0,0.0,28.42,288.72,1.5,14,101000.0,9999999
48698,0,2517,25.0,18.84,0.0,0.0,28.42,288.72,0.0,0,101000.0,9999999
48698,0,2518,24.8,18.72,0.0,0.0,28.42,288.54,0.0,0,101100.0,9999999
48698,0,2519,25.0,18.84,0.0,0.0,28.42,288.72,0.0,0,101000.0,9999999
48698,0,2520,25.0,18.84,0.0,0.0,28.42,288.72,0.0,0,101000.0,9999999
48698,0,2521,24.6,18.84,0.0,0.0,28.42,287.43,0.0,0,101000.0,9999999
48698,0,2522,25.0,18.84,0.0,0.0,28.42,287.8,0.0,0,100900.0,9999999
48698,0,2523,25.0,18.84,0.0,0.0,28.42,287.8,0.0,0,100900.0,9999999
48698,0,2524,24.5,18.72,0.0,0.0,28.42,287.24,0.0,0,100800.0,9999999
48698,0,2525,25.0,18.84,0.0,0.0,28.42,287.8,0.0,0,100900.0,9999999
48698,0,2526,25.0,18.84,0.0,0.0,28.42,287.8,0.0,0,100900.0,9999999
48698,0,2527,25.5,19.78,29.0,29.0,28.42,288.35,0.0,0,100900.0,9999999
48698,0,2528,27.0,21.29,179.0,148.0,28.42,291.79,1.0,14,101000.0,9999999
48698,0,2529,29.0,21.29,352.0,282.0,28.42,294.93,0.5,13,101000.0,9999999
48698,0,2530,29.6,19.91,502.0,402.0,28.42,295.96,0.0,0,101100.0,9999999
48698,0,2531,31.0,21.29,609.0,425.0,28.42,296.8,2.6,5,101000.0,9999999
48698,0,2532,31.0,20.03,668.0,469.0,28.42,295.44,5.1,4,100900.0,9999999
48698,0,2533,31.6,19.3,672.0,472.0,28.42,294.24,4.6,4,100800.0,9999999
48698,0,2534,32.0,17.71,623.0,433.0,28.42,295.27,3.6,4,100800.0,9999999
48698,0,2535,32.0,17.71,780.0,209.0,28.42,295.96,4.1,5,100700.0,9999999
48698,0,2536,29.7,19.19,375.0,279.0,28.42,294.59,5.1,5,100600.0,9999999
48698,0,2537,29.0,20.03,304.0,140.0,28.42,293.55,2.6,4,100700.0,9999999
48698,0,2538,29.0,18.84,66.0,52.0,28.42,292.67,1.0,1,100800.0,9999999
48698,0,2539,27.9,19.54,0.0,0.0,28.42,290.72,0.0,0,100800.0,9999999
48698,0,2540,28.0,20.03,0.0,0.0,28.42,290.89,0.0,0,100900.0,9999999
48698,0,2541,28.0,20.03,0.0,0.0,28.42,290.89,1.0,3,100900.0,9999999
48698,0,2542,27.2,20.27,0.0,0.0,28.42,290.18,0.0,0,101000.0,9999999
48698,0,2543,27.0,20.03,0.0,0.0,28.42,289.81,0.0,0,100900.0,9999999
48698,0,2544,26.0,20.03,0.0,0.0,28.42,288.9,0.0,0,100900.0,9999999
48698,0,2545,26.1,19.42,0.0,0.0,28.42,288.9,0.0,0,100900.0,9999999
48698,0,2546,26.0,20.03,0.0,0.0,28.42,288.9,0.0,0,100900.0,9999999
48698,0,2547,26.0,20.03,0.0,0.0,28.42,288.9,0.0,0,100900.0,9999999
48698,0,2548,25.4,19.66,0.0,0.0,28.42,288.35,0.0,0,100900.0,9999999
48698,0,2549,25.0,20.03,0.0,0.0,28.42,288.9,0.0,0,100900.0,9999999
48698,0,2550,26.0,20.03,0.0,0.0,28.42,290.72,0.0,0,100900.0,9999999
48698,0,2551,26.9,20.65,29.0,29.0,28.42,292.14,0.0,0,101000.0,9999999
48698,0,2552,29.0,21.29,180.0,149.0,28.42,294.41,1.0,4,101000.0,9999999
48698,0,2553,31.0,21.29,352.0,282.0,28.42,296.3,2.1,4,101100.0,9999999
48698,0,2554,31.3,19.07,502.0,402.0,28.42,296.13,3.1,4,101100.0,9999999
48698,0,2555,32.0,20.03,609.0,424.0,28.42,296.97,2.1,6,101000.0,9999999
48698,0,2556,33.0,18.84,668.0,468.0,28.42,298.31,3.6,4,101000.0,9999999
48698,0,2557,32.3,17.17,673.0,470.0,28.42,297.31,6.2,4,100900.0,9999999
48698,0,2558,32.0,18.84,620.0,432.0,28.42,296.8,4.1,4,100900.0,9999999
48698,0,2559,29.0,18.84,518.0,428.0,28.42,292.67,3.6,7,100800.0,9999999
48698,0,2560,28.9,19.07,374.0,313.0,28.42,291.61,1.0,10,100800.0,9999999
48698,0,2561,29.0,18.84,202.0,167.0,28.42,291.61,0.0,0,100900.0,9999999
48698,0,2562,27.0,17.71,44.0,44.0,28.42,289.45,2.6,13,100900.0,9999999
48698,0,2563,26.4,18.61,0.0,0.0,28.42,289.09,0.5,14,100900.0,9999999
48698,0,2564,27.0,20.03,0.0,0.0,28.42,289.81,0.0,0,100900.0,9999999
48698,0,2565,26.0,18.84,0.0,0.0,28.42,288.72,0.0,0,101000.0,9999999
48698,0,2566,26.0,18.95,0.0,0.0,28.42,288.72,2.1,14,101100.0,9999999
48698,0,2567,26.0,18.84,0.0,0.0,28.42,288.72,0.0,0,101000.0,9999999
48698,0,2568,26.0,20.03,0.0,0.0,28.42,288.9,0.0,0,101000.0,9999999
48698,0,2569,26.1,19.42,0.0,0.0,28.42,288.9,0.0,0,101000.0,9999999
48698,0,2570,26.0,20.03,0.0,0.0,28.42,288.9,0.0,0,100900.0,9999999
48698,0,2571,26.0,18.84,0.0,0.0,28.42,288.72,0.0,0,100900.0,9999999
48698,0,2572,25.6,18.84,0.0,0.0,28.42,288.35,1.5,14,100900.0,9999999
48698,0,2573,25.8,18.84,0.0,0.0,28.42,288.54,0.7,14,100900.0,9999999
48698,0,2574,26.0,18.84,0.0,0.0,28.42,288.72,0.0,0,100900.0,9999999
48698,0,2575,25.9,19.54,29.0,29.0,28.42,288.72,0.0,0,101100.0,9999999
48698,0,2576,28.0,20.03,180.0,149.0,28.42,292.49,0.5,12,101100.0,9999999
48698,0,2577,29.0,20.03,352.0,282.0,28.42,294.76,0.0,0,101200.0,9999999
48698,0,2578,29.7,19.54,501.0,401.0,28.42,295.96,2.6,9,101200.0,9999999
48698,0,2579,31.0,20.03,608.0,424.0,28.42,297.31,2.1,9,101100.0,9999999
48698,0,2580,32.0,18.84,667.0,467.0,28.42,297.31,1.5,8,101100.0,9999999
48698,0,2581,31.8,20.15,669.0,470.0,28.42,297.47,4.1,8,101000.0,9999999
48698,0,2582,29.0,18.84,619.0,431.0,28.42,293.89,4.1,9,100900.0,9999999
48698,0,2583,28.0,18.84,517.0,426.0,28.42,292.32,0.5,10,100900.0,9999999
48698,0,2584,28.3,19.19,372.0,312.0,28.42,291.96,0.0,0,100900.0,9999999
48698,0,2585,29.0,20.03,201.0,167.0,28.42,292.85,0.0,0,100900.0,9999999
48698,0,2586,28.0,21.29,43.0,43.0,28.42,292.14,1.0,4,100900.0,9999999
48698,0,2587,28.4,20.03,0.0,0.0,28.42,291.25,3.1,5,100900.0,9999999
48698,0,2588,29.0,20.03,0.0,0.0,28.42,292.85,1.5,6,101000.0,9999999
48698,0,2589,28.0,20.03,0.0,0.0,28.42,291.79,0.5,7,101000.0,9999999
48698,0,2590,28.5,20.03,0.0,0.0,28.42,292.32,3.1,6,101100.0,9999999
48698,0,2591,28.0,20.03,0.0,0.0,28.42,291.79,1.5,5,101000.0,9999999
48698,0,2592,28.0,18.84,0.0,0.0,28.42,291.61,1.5,5,100900.0,9999999
48698,0,2593,27.9,19.78,0.0,0.0,28.42,290.72,2.6,5,100900.0,9999999
48698,0,2594,28.0,18.84,0.0,0.0,28.42,290.72,2.6,6,100900.0,9999999
48698,0,2595,28.0,20.03,0.0,0.0,28.42,290.89,2.1,6,100900.0,9999999
48698,0,2596,27.5,19.66,0.0,0.0,28.42,290.36,1.5,7,100900.0,9999999
48698,0,2597,27.0,20.03,0.0,0.0,28.42,289.81,2.1,5,100900.0,9999999
48698,0,2598,28.0,20.03,0.0,0.0,28.42,290.89,3.6,5,100900.0,9999999
48698,0,2599,28.8,20.03,43.0,40.0,28.42,291.61,3.1,5,101000.0,9999999
48698,0,2600,30.0,21.29,274.0,129.0,28.42,294.07,3.6,5,101100.0,9999999
48698,0,2601,31.0,21.29,527.0,136.0,28.42,296.3,3.1,5,101100.0,9999999
48698,0,2602,31.3,18.49,657.0,272.0,28.42,296.63,3.1,5,101100.0,9999999
48698,0,2603,32.0,20.03,911.0,270.0,28.42,297.64,4.1,4,101100.0,9999999
48698,0,2604,32.0,20.03,996.0,162.0,28.42,296.97,6.7,6,101000.0,9999999
48698,0,2605,30.7,18.38,669.0,422.0,28.42,295.44,4.1,8,101000.0,9999999
48698,0,2606,31.0,17.71,927.0,248.0,28.42,295.1,7.2,5,100900.0,9999999
48698,0,2607,31.0,20.03,771.0,120.0,28.42,295.44,3.6,5,100800.0,9999999
48698,0,2608,31.0,17.93,487.0,239.0,28.42,294.41,2.1,4,100800.0,9999999
48698,0,2609,31.0,18.84,200.0,158.0,28.42,294.59,2.1,5,100800.0,9999999
48698,0,2610,30.0,18.84,43.0,43.0,28.42,293.55,4.1,5,100800.0,9999999
48698,0,2611,28.8,19.07,0.0,0.0,28.42,291.43,2.6,3,100800.0,9999999
48698,0,2612,28.4,19.54,0.0,0.0,28.42,291.25,2.0,3,100900.0,9999999
48698,0,2613,28.0,20.03,0.0,0.0,28.42,290.89,1.5,4,100900.0,9999999
48698,0,2614,27.9,20.27,0.0,0.0,28.42,290.89,1.0,3,101000.0,9999999
48698,0,2615,28.0,20.03,0.0,0.0,28.42,290.89,1.5,4,100900.0,9999999
48698,0,2616,28.0,20.03,0.0,0.0,28.42,290.89,0.5,3,100900.0,9999999
48698,0,2617,27.3,20.27,0.0,0.0,28.42,290.18,1.5,4,100900.0,9999999
48698,0,2618,27.0,20.03,0.0,0.0,28.42,290.89,0.5,4,100800.0,9999999
48698,0,2619,27.0,20.03,0.0,0.0,28.42,290.89,0.0,0,100800.0,9999999
48698,0,2620,26.5,20.15,0.0,0.0,28.42,290.36,0.0,0,100800.0,9999999
48698,0,2621,27.0,20.03,0.0,0.0,28.42,290.89,0.0,0,100800.0,9999999
48698,0,2622,27.2,20.65,0.0,0.0,28.42,291.25,0.0,0,100800.0,9999999
48698,0,2623,27.5,21.29,30.0,30.0,28.42,291.61,0.0,0,100900.0,9999999
48698,0,2624,30.0,21.29,181.0,149.0,28.42,294.76,0.0,0,100900.0,9999999
48698,0,2625,31.0,20.03,353.0,282.0,28.42,295.44,2.1,4,100900.0,9999999
48698,0,2626,32.0,20.03,500.0,401.0,28.42,296.97,1.5,7,101000.0,9999999
48698,0,2627,32.0,16.65,610.0,504.0,28.42,296.3,3.1,7,100900.0,9999999
48698,0,2628,33.0,17.71,666.0,465.0,28.42,297.64,3.1,3,100900.0,9999999
48698,0,2629,33.2,18.26,668.0,468.0,28.42,297.81,2.1,2,100800.0,9999999
48698,0,2630,33.0,18.84,616.0,429.0,28.42,297.81,4.1,6,100700.0,9999999
48698,0,2631,33.0,20.03,513.0,424.0,28.42,297.98,6.2,6,100600.0,9999999
48698,0,2632,31.5,19.19,370.0,310.0,28.42,296.46,5.1,5,100600.0,9999999
48698,0,2633,31.0,18.84,199.0,165.0,28.42,294.59,3.1,4,100600.0,9999999
48698,0,2634,28.2,19.66,42.0,42.0,28.42,291.07,1.5,2,100900.0,9999999
48698,0,2635,28.8,19.42,0.0,0.0,28.42,291.61,2.1,3,100700.0,9999999
48698,0,2636,28.0,20.03,0.0,0.0,28.42,290.89,1.0,3,100900.0,9999999
48698,0,2637,28.0,20.03,0.0,0.0,28.42,290.89,1.0,2,100900.0,9999999
48698,0,2638,28.2,19.66,0.0,0.0,28.42,291.07,1.5,2,100900.0,9999999
48698,0,2639,28.0,20.03,0.0,0.0,28.42,290.89,0.5,2,100900.0,9999999
48698,0,2640,28.0,20.03,0.0,0.0,28.42,290.89,0.0,0,100900.0,9999999
48698,0,2641,27.3,19.54,0.0,0.0,28.42,290.18,0.0,0,100800.0,9999999
48698,0,2642,27.0,18.84,0.0,0.0,28.42,289.63,0.0,0,100800.0,9999999
48698,0,2643,27.0,20.03,0.0,0.0,28.42,289.81,0.0,0,100700.0,9999999
48698,0,2644,26.4,19.3,0.0,0.0,28.42,289.27,0.0,0,100600.0,9999999
48698,0,2645,26.0,20.03,0.0,0.0,28.42,288.9,0.0,0,100700.0,9999999
48698,0,2646,26.0,20.03,0.0,0.0,28.42,288.9,0.0,0,100700.0,9999999
48698,0,2647,27.1,21.03,31.0,31.0,28.42,290.18,0.0,0,100800.0,9999999
48698,0,2648,30.0,21.29,181.0,150.0,28.42,294.07,0.0,0,100900.0,9999999
48698,0,2649,31.0,20.03,352.0,282.0,28.42,295.44,2.6,2,100900.0,9999999
48698,0,2650,31.1,19.91,500.0,400.0,28.42,296.13,1.5,2,100900.0,9999999
48698,0,2651,32.0,18.84,910.0,254.0,28.42,296.8,2.1,4,100900.0,9999999
48698,0,2652,33.0,18.84,664.0,418.0,28.42,297.81,2.6,3,100800.0,9999999
48698,0,2653,33.2,19.42,666.0,467.0,28.42,298.14,2.6,2,100600.0,9999999
48698,0,2654,33.0,20.03,614.0,428.0,28.42,297.98,3.6,5,100500.0,9999999
48698,0,2655,33.0,20.03,512.0,423.0,28.42,297.98,4.1,4,100500.0,9999999
48698,0,2656,31.8,20.15,368.0,309.0,28.42,296.8,5.1,3,100400.0,9999999
48698,0,2657,31.0,18.84,198.0,164.0,28.42,295.27,5.1,2,100500.0,9999999
48698,0,2658,30.0,18.84,42.0,42.0,28.42,293.55,3.1,2,100600.0,9999999
48698,0,2659,28.9,19.42,0.0,0.0,28.42,291.61,2.1,2,100600.0,9999999
48698,0,2660,28.0,20.03,0.0,0.0,28.42,290.89,2.6,3,100700.0,9999999
48698,0,2661,28.0,20.03,0.0,0.0,28.42,290.89,0.0,0,100800.0,9999999
48698,0,2662,28.1,20.15,0.0,0.0,28.42,290.89,1.5,2,100700.0,9999999
48698,0,2663,28.0,20.03,0.0,0.0,28.42,290.89,1.0,2,100800.0,9999999
48698,0,2664,28.0,20.03,0.0,0.0,28.42,290.89,0.5,1,100800.0,9999999
48698,0,2665,27.5,20.27,0.0,0.0,28.42,290.36,0.0,0,100700.0,9999999
48698,0,2666,27.0,20.03,0.0,0.0,28.42,290.89,0.0,0,100700.0,9999999
48698,0,2667,27.0,20.03,0.0,0.0,28.42,290.89,0.0,0,100700.0,9999999
48698,0,2668,26.8,20.52,0.0,0.0,28.42,290.72,0.0,0,100600.0,9999999
48698,0,2669,27.0,20.03,0.0,0.0,28.42,290.89,0.5,15,100600.0,9999999
48698,0,2670,26.0,20.03,0.0,0.0,28.42,289.99,0.0,0,100700.0,9999999
48698,0,2671,27.4,20.03,31.0,31.0,28.42,290.36,1.5,16,100700.0,9999999
48698,0,2672,29.0,21.29,181.0,150.0,28.42,293.02,1.5,1,100800.0,9999999
48698,0,2673,30.0,20.03,528.0,169.0,28.42,294.59,3.1,1,100800.0,9999999
48698,0,2674,31.5,19.66,500.0,343.0,28.42,296.46,2.6,2,100800.0,9999999
48698,0,2675,32.0,20.03,907.0,257.0,28.42,296.97,3.1,1,100900.0,9999999
48698,0,2676,33.0,18.84,993.0,156.0,28.42,297.81,5.1,1,100900.0,9999999
48698,0,2677,33.1,19.66,664.0,420.0,28.42,297.98,4.1,1,100700.0,9999999
48698,0,2678,33.0,18.84,919.0,249.0,28.42,297.14,4.1,1,100600.0,9999999
48698,0,2679,33.0,18.84,766.0,116.0,28.42,297.14,4.6,1,100600.0,9999999
48698,0,2680,32.5,18.84,481.0,237.0,28.42,295.96,4.6,1,100500.0,9999999
48698,0,2681,31.2,18.84,233.0,160.0,28.42,294.76,4.6,1,100500.0,9999999
48698,0,2682,30.0,18.84,41.0,41.0,28.42,293.55,4.6,2,100600.0,9999999
48698,0,2683,28.9,19.07,0.0,0.0,28.42,291.61,2.6,2,100600.0,9999999
48698,0,2684,29.0,20.03,0.0,0.0,28.42,291.79,1.5,3,100800.0,9999999
48698,0,2685,28.0,20.03,0.0,0.0,28.42,290.89,1.5,3,100900.0,9999999
48698,0,2686,28.3,19.54,0.0,0.0,28.42,291.07,0.0,0,100900.0,9999999
48698,0,2687,28.0,20.03,0.0,0.0,28.42,290.89,0.5,1,100900.0,9999999
48698,0,2688,28.0,20.03,0.0,0.0,28.42,290.89,0.0,0,100900.0,9999999
48698,0,2689,27.5,19.66,0.0,0.0,28.42,290.36,0.5,2,100800.0,9999999
48698,0,2690,28.0,20.03,0.0,0.0,28.42,290.89,1.0,2,100800.0,9999999
48698,0,2691,27.0,20.03,0.0,0.0,28.42,289.81,0.0,0,100800.0,9999999
48698,0,2692,26.9,20.65,0.0,0.0,28.42,289.99,0.0,0,100700.0,9999999
48698,0,2693,27.0,21.29,0.0,0.0,28.42,290.18,0.0,0,100700.0,9999999
48698,0,2694,27.0,21.29,0.0,0.0,28.42,290.18,0.0,0,100900.0,9999999
48698,0,2695,27.4,20.9,31.0,31.0,28.42,290.36,0.0,0,100800.0,9999999
48698,0,2696,29.0,20.03,182.0,150.0,28.42,292.85,0.0,0,100900.0,9999999
48698,0,2697,30.0,20.03,352.0,282.0,28.42,294.59,1.5,4,101000.0,9999999
48698,0,2698,31.5,19.66,499.0,400.0,28.42,296.46,2.1,2,101000.0,9999999
48698,0,2699,32.0,18.84,605.0,501.0,28.42,296.3,1.5,2,100900.0,9999999
48698,0,2700,33.0,18.84,661.0,463.0,28.42,296.46,2.1,2,100900.0,9999999
48698,0,2701,33.8,18.72,664.0,465.0,28.42,296.3,2.6,3,100800.0,9999999
48698,0,2702,32.0,20.03,611.0,426.0,28.42,295.79,4.1,4,100800.0,9999999
48698,0,2703,33.0,18.84,510.0,421.0,28.42,297.14,5.7,5,100700.0,9999999
48698,0,2704,31.6,16.96,367.0,307.0,28.42,296.13,5.1,5,100600.0,9999999
48698,0,2705,31.0,20.03,196.0,163.0,28.42,296.13,3.1,4,100700.0,9999999
48698,0,2706,30.0,20.03,41.0,41.0,28.42,295.1,4.1,3,100700.0,9999999
48698,0,2707,29.1,19.91,0.0,0.0,28.42,294.24,3.1,2,100800.0,9999999
48698,0,2708,29.0,20.03,0.0,0.0,28.42,293.55,1.5,1,100900.0,9999999
48698,0,2709,29.0,20.03,0.0,0.0,28.42,292.85,1.0,2,100900.0,9999999
48698,0,2710,28.5,20.15,0.0,0.0,28.42,291.43,0.5,2,100900.0,9999999
48698,0,2711,28.0,21.29,0.0,0.0,28.42,291.07,0.0,0,100900.0,9999999
48698,0,2712,28.0,20.03,0.0,0.0,28.42,290.89,0.5,1,100900.0,9999999
48698,0,2713,27.8,20.15,0.0,0.0,28.42,290.72,1.0,1,100800.0,9999999
48698,0,2714,28.0,18.84,0.0,0.0,28.42,290.72,0.0,0,100800.0,9999999
48698,0,2715,27.0,20.03,0.0,0.0,28.42,289.81,0.0,0,100700.0,9999999
48698,0,2716,27.3,19.3,0.0,0.0,28.42,289.99,0.5,2,100600.0,9999999
48698,0,2717,27.0,20.03,0.0,0.0,28.42,289.81,1.0,1,100700.0,9999999
48698,0,2718,28.0,20.03,0.0,0.0,28.42,290.89,0.5,1,100700.0,9999999
48698,0,2719,28.2,20.52,44.0,41.0,28.42,291.07,2.1,2,100700.0,9999999
48698,0,2720,30.0,21.29,272.0,132.0,28.42,294.76,1.5,1,100900.0,9999999
48698,0,2721,31.0,21.29,527.0,136.0,28.42,296.8,1.5,1,100900.0,9999999
48698,0,2722,30.4,21.81,745.0,144.0,28.42,296.3,2.1,1,100900.0,9999999
48698,0,2723,32.0,20.03,904.0,149.0,28.42,297.64,3.1,2,100900.0,9999999
48698,0,2724,30.0,20.03,1000.0,131.0,28.42,293.72,1.5,7,100800.0,9999999
48698,0,2725,30.0,20.27,661.0,418.0,28.42,295.1,0.0,0,100700.0,9999999
48698,0,2726,29.0,20.03,609.0,425.0,28.42,294.07,2.6,16,100600.0,9999999
48698,0,2727,29.0,20.03,770.0,195.0,28.42,292.85,1.0,12,100600.0,9999999
48698,0,2728,28.0,20.27,364.0,272.0,28.42,293.72,0.0,0,100600.0,9999999
48698,0,2729,28.0,20.03,195.0,162.0,28.42,293.2,0.0,0,100600.0,9999999
48698,0,2730,27.0,20.03,40.0,40.0,28.42,290.89,0.0,0,100700.0,9999999
48698,0,2731,26.7,20.03,0.0,0.0,28.42,289.63,0.0,0,100700.0,9999999
48698,0,2732,27.0,20.03,0.0,0.0,28.42,289.81,0.0,0,100900.0,9999999
48698,0,2733,27.2,20.03,0.0,0.0,28.42,290.18,0.0,0,100800.0,9999999
48698,0,2734,27.4,20.03,0.0,0.0,28.42,290.36,0.0,0,100800.0,9999999
48698,0,2735,27.0,20.03,0.0,0.0,28.42,289.81,2.6,5,100900.0,9999999
48698,0,2736,27.0,20.03,0.0,0.0,28.42,289.81,0.0,0,100800.0,9999999
48698,0,2737,26.9,20.27,0.0,0.0,28.42,289.81,0.0,0,100700.0,9999999
48698,0,2738,27.0,20.03,0.0,0.0,28.42,289.81,0.0,0,100700.0,9999999
48698,0,2739,27.0,20.03,0.0,0.0,28.42,289.81,0.0,0,100700.0,9999999
48698,0,2740,26.4,20.15,0.0,0.0,28.42,289.27,0.0,0,100600.0,9999999
48698,0,2741,27.0,20.03,0.0,0.0,28.42,290.89,0.0,0,100700.0,9999999
48698,0,2742,27.0,21.29,0.0,0.0,28.42,291.07,0.0,0,100700.0,9999999
48698,0,2743,27.1,20.78,32.0,32.0,28.42,291.07,0.0,0,100700.0,9999999
48698,0,2744,29.0,22.62,182.0,150.0,28.42,293.89,0.0,0,100900.0,9999999
48698,0,2745,31.0,21.29,351.0,281.0,28.42,296.3,2.1,5,100900.0,9999999
48698,0,2746,31.2,20.03,498.0,399.0,28.42,296.8,1.5,2,100800.0,9999999
48698,0,2747,30.0,21.29,901.0,258.0,28.42,295.96,1.0,4,100800.0,9999999
48698,0,2748,30.0,21.29,657.0,416.0,28.42,295.96,0.0,0,100800.0,9999999
48698,0,2749,27.2,19.78,660.0,463.0,28.42,292.85,1.5,8,100700.0,9999999
48698,0,2750,30.0,21.29,909.0,253.0,28.42,295.96,5.7,5,100600.0,9999999
48698,0,2751,29.0,21.29,767.0,102.0,28.42,293.02,4.6,6,100600.0,9999999
48698,0,2752,29.2,20.15,363.0,271.0,28.42,294.41,3.6,5,100500.0,9999999
48698,0,2753,29.0,20.03,194.0,161.0,28.42,293.55,3.6,4,100500.0,9999999
48698,0,2754,29.0,20.03,59.0,51.0,28.42,293.55,2.6,4,100600.0,9999999
48698,0,2755,28.5,20.52,0.0,0.0,28.42,292.49,1.0,5,100600.0,9999999
48698,0,2756,28.2,20.27,0.0,0.0,28.42,292.14,1.5,5,100700.0,9999999
48698,0,2757,28.0,20.03,0.0,0.0,28.42,291.79,2.1,5,100900.0,9999999
48698,0,2758,28.0,21.03,0.0,0.0,28.42,291.07,0.0,0,100800.0,9999999
48698,0,2759,27.0,21.29,0.0,0.0,28.42,290.18,0.0,0,100900.0,9999999
48698,0,2760,27.0,21.29,0.0,0.0,28.42,290.18,0.0,0,100900.0,9999999
48698,0,2761,27.0,20.03,0.0,0.0,28.42,289.81,0.0,0,100800.0,9999999
48698,0,2762,26.5,20.03,0.0,0.0,28.42,289.45,0.0,0,100700.0,9999999
48698,0,2763,26.0,20.03,0.0,0.0,28.42,288.9,0.0,0,100700.0,9999999
48698,0,2764,26.4,20.4,0.0,0.0,28.42,289.45,0.0,0,100600.0,9999999
48698,0,2765,26.0,20.03,0.0,0.0,28.42,288.9,0.0,0,100700.0,9999999
48698,0,2766,26.0,20.03,0.0,0.0,28.42,288.9,0.0,0,100700.0,9999999
48698,0,2767,27.9,19.54,32.0,32.0,28.42,290.72,2.1,7,100800.0,9999999
48698,0,2768,29.0,21.29,182.0,150.0,28.42,293.02,1.0,9,100900.0,9999999
48698,0,2769,30.0,21.29,351.0,281.0,28.42,295.27,2.1,7,100900.0,9999999
48698,0,2770,31.4,20.15,497.0,398.0,28.42,296.97,2.6,6,100900.0,9999999
48698,0,2771,32.0,20.03,602.0,499.0,28.42,297.64,3.1,8,100900.0,9999999
48698,0,2772,29.0,18.84,986.0,276.0,28.42,293.89,3.1,8,100900.0,9999999
48698,0,2773,29.4,19.3,659.0,416.0,28.42,294.41,1.0,7,100800.0,9999999
48698,0,2774,30.0,20.03,909.0,249.0,28.42,294.59,1.5,4,100800.0,9999999
48698,0,2775,31.0,18.84,758.0,115.0,28.42,295.27,2.6,5,100700.0,9999999
48698,0,2776,30.1,19.66,362.0,270.0,28.42,293.89,6.2,6,100600.0,9999999
48698,0,2777,29.0,18.84,193.0,161.0,28.42,292.67,1.0,9,100700.0,9999999
48698,0,2778,28.0,18.84,39.0,39.0,28.42,291.61,0.0,0,100700.0,9999999
48698,0,2779,28.0,18.49,0.0,0.0,28.42,290.54,0.0,0,100700.0,9999999
48698,0,2780,29.0,20.03,0.0,0.0,28.42,292.85,2.1,7,100800.0,9999999
48698,0,2781,28.0,20.03,0.0,0.0,28.42,291.79,0.0,0,100900.0,9999999
48698,0,2782,28.1,20.4,0.0,0.0,28.42,291.96,0.5,4,100900.0,9999999
48698,0,2783,28.0,21.29,0.0,0.0,28.42,292.85,0.0,0,100900.0,9999999
48698,0,2784,27.0,21.29,0.0,0.0,28.42,291.79,0.5,15,100900.0,9999999
48698,0,2785,26.5,21.03,0.0,0.0,28.42,291.79,2.6,9,100900.0,9999999
48698,0,2786,26.0,18.84,0.0,0.0,28.42,290.36,0.0,0,100900.0,9999999
48698,0,2787,26.0,20.03,0.0,0.0,28.42,290.72,0.0,0,100900.0,9999999
48698,0,2788,25.9,19.91,0.0,0.0,28.42,289.81,0.0,0,100800.0,9999999
48698,0,2789,26.0,21.29,0.0,0.0,28.42,290.18,0.0,0,100900.0,9999999
48698,0,2790,26.0,20.03,0.0,0.0,28.42,289.99,0.0,0,100900.0,9999999
48698,0,2791,26.3,20.65,33.0,33.0,28.42,289.27,0.0,0,100800.0,9999999
48698,0,2792,29.0,21.29,182.0,151.0,28.42,293.02,1.0,15,100900.0,9999999
48698,0,2793,30.0,21.29,351.0,281.0,28.42,294.76,1.5,9,100900.0,9999999
48698,0,2794,31.3,19.3,497.0,398.0,28.42,296.3,1.5,7,100900.0,9999999
48698,0,2795,32.0,20.03,900.0,255.0,28.42,296.97,2.1,6,100900.0,9999999
48698,0,2796,33.0,18.84,984.0,154.0,28.42,298.31,2.6,5,100800.0,9999999
48698,0,2797,32.2,21.03,656.0,416.0,28.42,297.98,1.5,4,100700.0,9999999
48698,0,2798,30.0,17.71,910.0,252.0,28.42,294.59,6.7,5,100700.0,9999999
48698,0,2799,29.0,21.29,502.0,346.0,28.42,293.02,3.1,6,100600.0,9999999
48698,0,2800,29.6,19.07,361.0,303.0,28.42,292.32,1.0,5,100600.0,9999999
48698,0,2801,29.0,21.29,192.0,160.0,28.42,291.96,2.1,4,100700.0,9999999
48698,0,2802,29.0,20.03,39.0,39.0,28.42,291.79,1.5,4,100700.0,9999999
48698,0,2803,28.2,20.15,0.0,0.0,28.42,291.07,0.5,3,100800.0,9999999
48698,0,2804,28.0,20.03,0.0,0.0,28.42,290.89,0.5,3,100900.0,9999999
48698,0,2805,28.0,20.03,0.0,0.0,28.42,290.89,0.0,0,100900.0,9999999
48698,0,2806,27.6,20.4,0.0,0.0,28.42,290.54,0.0,0,100900.0,9999999
48698,0,2807,28.0,21.29,0.0,0.0,28.42,291.07,0.0,0,100900.0,9999999
48698,0,2808,28.0,21.29,0.0,0.0,28.42,291.07,0.0,0,100900.0,9999999
48698,0,2809,27.1,21.03,0.0,0.0,28.42,290.18,0.0,0,100800.0,9999999
48698,0,2810,27.0,21.16,0.0,0.0,28.42,290.18,0.0,0,100700.0,9999999
48698,0,2811,27.0,21.29,0.0,0.0,28.42,290.18,0.0,0,100700.0,9999999
48698,0,2812,26.2,20.78,0.0,0.0,28.42,289.27,0.0,0,100600.0,9999999
48698,0,2813,26.0,21.29,0.0,0.0,28.42,290.18,0.0,0,100700.0,9999999
48698,0,2814,26.0,20.03,0.0,0.0,28.42,289.99,0.0,0,100700.0,9999999
48698,0,2815,27.0,21.16,33.0,33.0,28.42,291.07,1.5,14,100800.0,9999999
48698,0,2816,28.0,21.29,182.0,151.0,28.42,292.85,1.0,14,100900.0,9999999
48698,0,2817,30.0,20.03,351.0,281.0,28.42,295.1,0.0,0,100900.0,9999999
48698,0,2818,31.3,20.78,495.0,397.0,28.42,296.97,0.0,0,100900.0,9999999
48698,0,2819,32.0,18.84,601.0,497.0,28.42,297.31,1.5,1,100900.0,9999999
48698,0,2820,29.0,20.03,654.0,459.0,28.42,294.07,5.1,2,100800.0,9999999
48698,0,2821,30.2,18.38,657.0,460.0,28.42,294.93,2.1,3,100600.0,9999999
48698,0,2822,30.0,18.84,605.0,501.0,28.42,294.24,0.0,0,100700.0,9999999
48698,0,2823,30.0,18.84,503.0,415.0,28.42,294.24,0.0,0,100600.0,9999999
48698,0,2824,29.9,19.3,360.0,302.0,28.42,293.55,0.5,12,100600.0,9999999
48698,0,2825,30.0,18.84,192.0,160.0,28.42,294.93,0.0,0,100600.0,9999999
48698,0,2826,28.0,21.29,15.0,15.0,28.42,293.89,0.0,0,100600.0,9999999
48698,0,2827,27.9,21.55,0.0,0.0,28.42,294.59,1.0,11,100700.0,9999999
48698,0,2828,27.0,21.29,0.0,0.0,28.42,293.02,0.0,0,100800.0,9999999
48698,0,2829,26.0,18.84,0.0,0.0,28.42,290.89,0.0,0,100900.0,9999999
48698,0,2830,25.3,19.19,0.0,0.0,28.42,289.09,0.0,0,100900.0,9999999
48698,0,2831,26.0,18.84,0.0,0.0,28.42,289.63,0.0,0,100900.0,9999999
48698,0,2832,25.0,18.84,0.0,0.0,28.42,288.72,0.0,0,100900.0,9999999
48698,0,2833,25.1,19.3,0.0,0.0,28.42,287.99,0.0,0,100800.0,9999999
48698,0,2834,26.0,21.29,0.0,0.0,28.42,289.09,1.5,2,100800.0,9999999
48698,0,2835,26.0,21.29,0.0,0.0,28.42,289.09,0.0,0,100800.0,9999999
48698,0,2836,26.0,20.78,0.0,0.0,28.42,289.09,0.0,0,100700.0,9999999
48698,0,2837,26.0,21.29,0.0,0.0,28.42,290.18,0.0,0,100800.0,9999999
48698,0,2838,26.0,21.29,0.0,0.0,28.42,290.18,0.0,0,100900.0,9999999
48698,0,2839,26.5,20.65,33.0,33.0,28.42,290.54,0.0,0,100900.0,9999999
48698,0,2840,27.0,20.03,183.0,151.0,28.42,291.61,0.0,0,100900.0,9999999
48698,0,2841,28.0,20.03,351.0,281.0,28.42,292.49,1.5,10,100900.0,9999999
48698,0,2842,28.3,20.15,495.0,396.0,28.42,293.55,1.5,9,100900.0,9999999
48698,0,2843,29.0,20.03,599.0,496.0,28.42,294.07,0.0,0,100900.0,9999999
48698,0,2844,30.0,20.03,653.0,458.0,28.42,295.61,0.0,0,100900.0,9999999
48698,0,2845,29.4,21.16,248.0,213.0,28.42,295.27,0.5,8,100800.0,9999999
48698,0,2846,29.0,20.03,602.0,311.0,28.42,294.07,1.5,8,100700.0,9999999
48698,0,2847,29.0,21.29,190.0,175.0,28.42,294.41,1.0,8,100700.0,9999999
48698,0,2848,29.0,20.03,136.0,136.0,28.42,293.55,1.5,4,100600.0,9999999
48698,0,2849,29.0,20.03,190.0,151.0,28.42,292.85,0.0,0,100600.0,9999999
48698,0,2850,28.3,20.15,38.0,38.0,28.42,292.14,0.0,0,100600.0,9999999
48698,0,2851,27.7,20.4,0.0,0.0,28.42,290.72,0.0,0,100700.0,9999999
48698,0,2852,28.0,20.03,0.0,0.0,28.42,290.89,0.0,0,100900.0,9999999
48698,0,2853,27.5,20.15,0.0,0.0,28.42,290.36,0.0,0,100900.0,9999999
48698,0,2854,27.0,20.27,0.0,0.0,28.42,289.99,0.0,0,100900.0,9999999
48698,0,2855,27.0,20.03,0.0,0.0,28.42,290.89,0.0,0,100900.0,9999999
48698,0,2856,27.0,21.29,0.0,0.0,28.42,291.07,0.0,0,100900.0,9999999
48698,0,2857,27.0,20.78,0.0,0.0,28.42,291.07,0.0,0,100800.0,9999999
48698,0,2858,27.0,20.03,0.0,0.0,28.42,290.89,0.0,0,100800.0,9999999
48698,0,2859,26.0,20.03,0.0,0.0,28.42,289.99,0.0,0,100800.0,9999999
48698,0,2860,26.0,20.03,0.0,0.0,28.42,288.9,0.0,0,100700.0,9999999
48698,0,2861,26.0,20.03,0.0,0.0,28.42,288.9,0.0,0,100800.0,9999999
48698,0,2862,26.0,20.03,0.0,0.0,28.42,288.9,0.0,0,100900.0,9999999
48698,0,2863,26.5,20.15,33.0,33.0,28.42,289.45,0.0,0,100900.0,9999999
48698,0,2864,29.0,20.03,183.0,151.0,28.42,292.85,1.5,15,100900.0,9999999
48698,0,2865,30.0,20.03,351.0,280.0,28.42,293.72,0.5,1,100900.0,9999999
48698,0,2866,30.2,19.78,495.0,396.0,28.42,293.89,1.5,16,101000.0,9999999
48698,0,2867,32.0,16.65,601.0,496.0,28.42,295.79,1.5,1,100900.0,9999999
48698,0,2868,33.0,18.84,653.0,457.0,28.42,297.81,2.6,2,100900.0,9999999
48698,0,2869,33.3,18.84,654.0,458.0,28.42,298.64,1.5,2,100700.0,9999999
48698,0,2870,33.0,18.95,602.0,498.0,28.42,297.81,1.9,2,100700.0,9999999
48698,0,2871,32.8,19.07,500.0,413.0,28.42,296.97,2.2,2,100600.0,9999999
48698,0,2872,32.5,19.19,357.0,300.0,28.42,296.13,2.6,4,100500.0,9999999
48698,0,2873,31.0,20.03,190.0,158.0,28.42,294.76,3.6,1,100600.0,9999999
48698,0,2874,29.2,19.91,38.0,38.0,28.42,293.02,2.0,1,100700.0,9999999
48698,0,2875,28.7,19.91,0.0,0.0,28.42,291.61,0.5,16,100700.0,9999999
48698,0,2876,28.3,20.03,0.0,0.0,28.42,291.07,0.0,0,100800.0,9999999
48698,0,2877,28.0,20.03,0.0,0.0,28.42,290.89,0.0,0,100800.0,9999999
48698,0,2878,27.9,20.15,0.0,0.0,28.42,290.72,0.0,0,100800.0,9999999
48698,0,2879,28.0,20.4,0.0,0.0,28.42,290.89,0.0,0,100800.0,9999999
48698,0,2880,28.1,20.52,0.0,0.0,28.26,292.67,3.4,16,100700.0,9999999
48698,0,2881,28.2,20.65,0.0,0.0,28.26,291.25,2.6,3,100700.0,9999999
48698,0,2882,28.2,20.78,0.0,0.0,28.26,291.25,2.0,3,100600.0,9999999
48698,0,2883,28.1,20.9,0.0,0.0,28.26,291.07,1.5,3,100600.0,9999999
48698,0,2884,28.0,20.9,0.0,0.0,28.26,291.07,1.5,3,100600.0,9999999
48698,0,2885,27.8,20.9,0.0,0.0,28.26,290.89,1.0,3,100600.0,9999999
48698,0,2886,28.2,20.9,0.0,0.0,28.26,291.25,0.5,3,100600.0,9999999
48698,0,2887,28.5,20.9,28.0,28.0,28.26,291.43,0.0,0,100700.0,9999999
48698,0,2888,29.3,20.65,169.0,142.0,28.26,293.2,0.7,16,100700.0,9999999
48698,0,2889,30.0,20.27,338.0,277.0,28.26,294.59,1.4,16,100700.0,9999999
48698,0,2890,30.8,20.03,485.0,393.0,28.26,295.96,2.1,1,100800.0,9999999
48698,0,2891,28.7,19.54,494.0,417.0,28.26,293.2,2.8,1,100800.0,9999999
48698,0,2892,26.6,19.07,409.0,384.0,28.26,290.36,3.4,1,100800.0,9999999
48698,0,2893,24.5,18.61,246.0,236.0,28.26,287.24,4.1,14,100800.0,9999999
48698,0,2894,25.2,18.72,375.0,351.0,28.26,288.9,3.2,14,100700.0,9999999
48698,0,2895,26.0,18.72,410.0,346.0,28.26,290.89,2.4,14,100600.0,9999999
48698,0,2896,26.7,18.84,344.0,282.0,28.26,292.14,1.5,13,100600.0,9999999
48698,0,2897,26.6,18.95,175.0,154.0,28.26,291.61,1.0,13,100600.0,9999999
48698,0,2898,26.6,19.19,32.0,32.0,28.26,290.36,0.5,13,100600.0,9999999
48698,0,2899,26.5,19.3,0.0,0.0,28.26,289.27,0.0,0,100700.0,9999999
48698,0,2900,26.5,19.54,0.0,0.0,28.26,289.27,0.0,0,100700.0,9999999
48698,0,2901,26.5,19.66,0.0,0.0,28.26,290.36,0.0,0,100700.0,9999999
48698,0,2902,26.4,19.91,0.0,0.0,28.26,290.36,0.0,0,100700.0,9999999
48698,0,2903,26.4,20.15,0.0,0.0,28.26,290.36,0.0,0,100800.0,9999999
48698,0,2904,26.4,20.27,0.0,0.0,28.26,290.36,0.0,0,100800.0,9999999
48698,0,2905,26.4,20.52,0.0,0.0,28.26,290.36,0.0,0,100800.0,9999999
48698,0,2906,26.1,20.15,0.0,0.0,28.26,289.99,0.3,16,100800.0,9999999
48698,0,2907,25.7,19.78,0.0,0.0,28.26,289.63,0.7,16,100700.0,9999999
48698,0,2908,25.4,19.42,0.0,0.0,28.26,288.17,1.0,14,100700.0,9999999
48698,0,2909,26.2,19.66,0.0,0.0,28.26,289.99,1.2,14,100700.0,9999999
48698,0,2910,27.1,19.91,0.0,0.0,28.26,290.89,1.4,14,100800.0,9999999
48698,0,2911,27.9,20.15,28.0,28.0,28.26,292.49,1.5,14,100800.0,9999999
48698,0,2912,28.8,20.27,169.0,142.0,28.26,293.89,1.7,14,100800.0,9999999
48698,0,2913,29.6,20.52,338.0,277.0,28.26,294.76,1.9,14,100900.0,9999999
48698,0,2914,30.5,20.78,483.0,393.0,28.26,296.3,2.1,14,100900.0,9999999
48698,0,2915,30.9,20.78,589.0,491.0,28.26,296.63,3.1,14,100800.0,9999999
48698,0,2916,31.3,20.9,644.0,456.0,28.26,297.14,4.1,14,100800.0,9999999
48698,0,2917,31.7,20.9,644.0,457.0,28.26,297.47,5.1,10,100700.0,9999999
48698,0,2918,31.5,20.65,591.0,494.0,28.26,296.63,5.3,10,100600.0,9999999
48698,0,2919,31.4,20.27,488.0,407.0,28.26,295.96,5.5,10,100600.0,9999999
48698,0,2920,31.2,20.03,343.0,293.0,28.26,294.93,5.7,9,100500.0,9999999
48698,0,2921,30.1,19.91,175.0,153.0,28.26,293.89,4.3,9,100600.0,9999999
48698,0,2922,29.0,19.66,31.0,31.0,28.26,292.67,2.9,9,100600.0,9999999
48698,0,2923,27.9,19.54,0.0,0.0,28.26,291.61,1.5,15,100700.0,9999999
48698,0,2924,28.0,20.03,0.0,0.0,28.26,291.79,1.5,14,100800.0,9999999
48698,0,2925,27.5,19.42,0.0,0.0,28.26,291.25,0.7,14,100800.0,9999999
48698,0,2926,27.0,19.3,0.0,0.0,28.26,290.72,0.0,0,100900.0,9999999
48698,0,2927,26.9,19.42,0.0,0.0,28.26,290.72,0.3,16,100900.0,9999999
48698,0,2928,26.7,19.42,0.0,0.0,28.26,290.54,0.7,16,100900.0,9999999
48698,0,2929,26.6,19.54,0.0,0.0,28.26,290.36,1.0,16,100900.0,9999999
48698,0,2930,26.7,19.66,0.0,0.0,28.26,291.25,0.7,16,100900.0,9999999
48698,0,2931,26.9,19.78,0.0,0.0,28.26,291.43,0.3,16,100800.0,9999999
48698,0,2932,27.0,19.91,0.0,0.0,28.26,292.14,0.0,0,100800.0,9999999
48698,0,2933,26.9,19.78,0.0,0.0,28.26,291.43,0.3,16,100800.0,9999999
48698,0,2934,26.7,19.66,0.0,0.0,28.26,291.25,0.7,16,100900.0,9999999
48698,0,2935,26.6,19.54,29.0,29.0,28.26,290.36,1.0,12,100900.0,9999999
48698,0,2936,27.8,19.78,169.0,142.0,28.26,291.61,1.5,12,100900.0,9999999
48698,0,2937,29.1,20.15,337.0,277.0,28.26,293.02,2.1,12,100900.0,9999999
48698,0,2938,30.3,20.4,483.0,392.0,28.26,293.2,2.6,2,100900.0,9999999
48698,0,2939,31.0,20.15,588.0,491.0,28.26,294.76,2.8,2,100800.0,9999999
48698,0,2940,31.6,19.91,643.0,455.0,28.26,295.27,2.9,2,100800.0,9999999
48698,0,2941,32.3,19.66,644.0,456.0,28.26,295.96,3.1,1,100700.0,9999999
48698,0,2942,31.7,20.27,590.0,492.0,28.26,295.44,3.4,1,100600.0,9999999
48698,0,2943,31.2,21.03,486.0,406.0,28.26,295.1,3.8,1,100600.0,9999999
48698,0,2944,30.6,21.68,341.0,292.0,28.26,293.72,4.1,5,100500.0,9999999
48698,0,2945,30.1,21.03,174.0,147.0,28.26,293.02,3.8,5,100500.0,9999999
48698,0,2946,29.6,20.52,31.0,31.0,28.26,292.49,3.4,5,100600.0,9999999
48698,0,2947,29.1,19.91,0.0,0.0,28.26,291.96,3.1,2,100600.0,9999999
48698,0,2948,28.8,19.78,0.0,0.0,28.26,291.61,2.6,2,100700.0,9999999
48698,0,2949,28.4,19.54,0.0,0.0,28.26,291.25,2.0,2,100700.0,9999999
48698,0,2950,28.1,19.42,0.0,0.0,28.26,290.89,1.5,2,100800.0,9999999
48698,0,2951,28.0,19.66,0.0,0.0,28.26,290.72,1.5,2,100800.0,9999999
48698,0,2952,27.8,19.78,0.0,0.0,28.26,290.72,1.5,2,100800.0,9999999
48698,0,2953,27.7,20.03,0.0,0.0,28.26,290.54,1.5,1,100800.0,9999999
48698,0,2954,27.4,20.4,0.0,0.0,28.26,291.25,1.0,1,100700.0,9999999
48698,0,2955,27.0,20.65,0.0,0.0,28.26,291.07,0.5,1,100700.0,9999999
48698,0,2956,26.7,21.03,0.0,0.0,28.26,290.72,0.0,0,100700.0,9999999
48698,0,2957,27.0,20.27,0.0,0.0,28.26,290.89,0.3,16,100700.0,9999999
48698,0,2958,27.2,19.54,0.0,0.0,28.26,291.07,0.7,16,100800.0,9999999
48698,0,2959,27.5,18.72,29.0,29.0,28.26,291.07,1.0,2,100800.0,9999999
48698,0,2960,27.9,18.72,170.0,142.0,28.26,291.43,1.5,2,100800.0,9999999
48698,0,2961,28.4,18.72,337.0,276.0,28.26,291.96,2.0,2,100800.0,9999999
48698,0,2962,28.8,18.95,483.0,392.0,28.26,292.49,2.6,2,100700.0,9999999
48698,0,2963,29.7,18.84,588.0,490.0,28.26,294.07,3.1,2,100700.0,9999999
48698,0,2964,30.6,18.84,643.0,454.0,28.26,294.93,3.6,2,100700.0,9999999
48698,0,2965,31.5,18.84,643.0,454.0,28.26,296.3,4.1,5,100700.0,9999999
48698,0,2966,29.8,19.3,589.0,491.0,28.26,295.27,4.9,5,100600.0,9999999
48698,0,2967,28.0,19.78,485.0,405.0,28.26,293.72,5.6,12,100600.0,9999999
48698,0,2968,26.3,20.27,340.0,291.0,28.26,292.67,1.5,14,100600.0,9999999
48698,0,2969,26.5,20.03,173.0,147.0,28.26,292.32,1.2,14,100600.0,9999999
48698,0,2970,26.7,19.78,31.0,31.0,28.26,292.32,0.8,14,100600.0,9999999
48698,0,2971,26.9,19.54,0.0,0.0,28.26,291.96,0.5,11,100700.0,9999999
48698,0,2972,27.0,20.03,0.0,0.0,28.26,291.61,0.3,11,100700.0,9999999
48698,0,2973,27.2,20.52,0.0,0.0,28.26,291.07,0.2,11,100800.0,9999999
48698,0,2974,27.3,21.03,0.0,0.0,28.26,290.36,0.0,0,100900.0,9999999
48698,0,2975,27.0,21.03,0.0,0.0,28.26,289.99,0.0,0,100900.0,9999999
48698,0,2976,26.7,21.03,0.0,0.0,28.26,289.81,0.0,0,100800.0,9999999
48698,0,2977,26.4,21.03,0.0,0.0,28.26,289.45,0.0,0,100800.0,9999999
48698,0,2978,26.3,20.78,0.0,0.0,28.26,289.27,0.0,0,100800.0,9999999
48698,0,2979,26.1,20.4,0.0,0.0,28.26,289.09,0.0,0,100800.0,9999999
48698,0,2980,26.0,20.15,0.0,0.0,28.26,288.9,0.0,0,100700.0,9999999
48698,0,2981,26.1,20.27,0.0,0.0,28.26,289.09,0.2,16,100800.0,9999999
48698,0,2982,26.2,20.52,0.0,0.0,28.26,289.27,0.3,16,100800.0,9999999
48698,0,2983,26.3,20.65,42.0,42.0,28.26,289.27,0.5,15,100900.0,9999999
48698,0,2984,28.7,18.95,169.0,160.0,28.26,294.76,8.2,3,100700.0,9999999
48698,0,2985,30.1,19.91,398.0,259.0,28.26,295.1,4.9,3,100800.0,9999999
48698,0,2986,31.6,20.78,630.0,298.0,28.26,295.44,1.5,4,100900.0,9999999
48698,0,2987,30.6,20.15,721.0,388.0,28.26,295.61,3.7,4,100800.0,9999999
48698,0,2988,29.7,19.54,724.0,444.0,28.26,295.27,6.0,4,100800.0,9999999
48698,0,2989,28.7,18.95,642.0,455.0,28.26,294.76,8.2,3,100700.0,9999999
48698,0,2990,28.8,18.95,724.0,405.0,28.26,294.24,6.9,3,100700.0,9999999
48698,0,2991,28.9,19.07,663.0,251.0,28.26,294.41,5.6,3,100700.0,9999999
48698,0,2992,29.0,19.07,492.0,174.0,28.26,293.89,4.4,3,100700.0,9999999
48698,0,2993,29.2,19.07,257.0,122.0,28.26,293.55,3.1,3,100700.0,9999999
48698,0,2994,29.3,19.19,46.0,43.0,28.26,293.02,1.8,3,100600.0,9999999
48698,0,2995,29.4,19.19,0.0,0.0,28.26,292.14,0.5,16,100600.0,9999999
48698,0,2996,28.9,19.78,0.0,0.0,28.26,291.61,0.3,16,100700.0,9999999
48698,0,2997,28.4,20.52,0.0,0.0,28.26,289.99,0.2,16,100800.0,9999999
48698,0,2998,27.9,21.16,0.0,0.0,28.26,289.63,0.0,0,100900.0,9999999
48698,0,2999,27.6,21.29,0.0,0.0,28.26,289.27,0.0,0,100900.0,9999999
48698,0,3000,27.4,21.29,0.0,0.0,28.26,289.09,0.0,0,100900.0,9999999
48698,0,3001,27.1,21.42,0.0,0.0,28.26,288.9,0.0,0,100900.0,9999999
48698,0,3002,26.9,21.03,0.0,0.0,28.26,288.54,0.3,16,100800.0,9999999
48698,0,3003,26.6,20.52,0.0,0.0,28.26,289.63,0.7,16,100700.0,9999999
48698,0,3004,26.4,20.15,0.0,0.0,28.26,289.27,1.0,14,100700.0,9999999
48698,0,3005,26.2,20.03,0.0,0.0,28.26,290.18,1.2,14,100700.0,9999999
48698,0,3006,26.0,19.78,0.0,0.0,28.26,289.81,1.3,14,100800.0,9999999
48698,0,3007,25.8,19.66,29.0,29.0,28.26,289.63,1.5,12,100800.0,9999999
48698,0,3008,26.6,19.78,169.0,141.0,28.26,290.54,1.0,12,100900.0,9999999
48698,0,3009,27.3,19.91,336.0,276.0,28.26,291.07,0.5,12,100900.0,9999999
48698,0,3010,28.1,20.03,481.0,390.0,28.26,290.89,0.0,0,100900.0,9999999
48698,0,3011,29.2,20.15,719.0,407.0,28.26,293.02,1.7,16,100800.0,9999999
48698,0,3012,30.3,20.4,874.0,348.0,28.26,294.93,3.4,16,100800.0,9999999
48698,0,3013,31.4,20.52,924.0,310.0,28.26,296.46,5.1,7,100700.0,9999999
48698,0,3014,30.8,19.78,802.0,324.0,28.26,295.27,5.1,7,100700.0,9999999
48698,0,3015,30.2,19.07,595.0,333.0,28.26,294.59,5.1,7,100600.0,9999999
48698,0,3016,29.6,18.38,339.0,266.0,28.26,293.02,5.1,6,100600.0,9999999
48698,0,3017,28.8,18.72,172.0,146.0,28.26,292.32,3.6,6,100600.0,9999999
48698,0,3018,28.0,19.19,31.0,31.0,28.26,291.61,2.0,6,100600.0,9999999
48698,0,3019,27.2,19.54,0.0,0.0,28.26,291.07,0.5,16,100700.0,9999999
48698,0,3020,26.8,19.54,0.0,0.0,28.26,290.54,0.7,16,100700.0,9999999
48698,0,3021,26.5,19.42,0.0,0.0,28.26,289.27,0.8,16,100800.0,9999999
48698,0,3022,26.1,19.42,0.0,0.0,28.26,287.62,1.0,13,100900.0,9999999
48698,0,3023,25.9,19.3,0.0,0.0,28.26,287.43,1.0,13,100900.0,9999999
48698,0,3024,25.7,19.19,0.0,0.0,28.26,288.54,1.0,13,100800.0,9999999
48698,0,3025,25.5,19.07,0.0,0.0,28.26,288.35,1.0,14,100800.0,9999999
48698,0,3026,25.4,19.19,0.0,0.0,28.26,288.17,0.7,14,100800.0,9999999
48698,0,3027,25.4,19.42,0.0,0.0,28.26,288.17,0.3,14,100700.0,9999999
48698,0,3028,25.3,19.54,0.0,0.0,28.26,288.17,0.0,0,100700.0,9999999
48698,0,3029,25.5,19.78,0.0,0.0,28.26,288.35,0.2,16,100700.0,9999999
48698,0,3030,25.6,19.91,0.0,0.0,28.26,288.54,0.3,16,100800.0,9999999
48698,0,3031,25.8,20.15,44.0,41.0,28.26,288.72,0.5,14,100800.0,9999999
48698,0,3032,27.4,20.27,251.0,144.0,28.26,291.25,1.0,14,100800.0,9999999
48698,0,3033,28.9,20.52,493.0,183.0,28.26,292.85,1.6,14,100900.0,9999999
48698,0,3034,30.5,20.65,693.0,204.0,28.26,294.41,2.1,6,100900.0,9999999
48698,0,3035,31.3,20.4,844.0,255.0,28.26,295.79,1.9,6,100800.0,9999999
48698,0,3036,32.2,20.27,922.0,251.0,28.26,296.63,1.7,6,100700.0,9999999
48698,0,3037,33.0,20.03,923.0,250.0,28.26,297.98,1.5,5,100600.0,9999999
48698,0,3038,32.1,19.66,801.0,323.0,28.26,297.14,2.5,5,100600.0,9999999
48698,0,3039,31.3,19.3,593.0,332.0,28.26,296.3,3.6,5,100500.0,9999999
48698,0,3040,30.4,18.95,338.0,265.0,28.26,295.27,4.6,4,100500.0,9999999
48698,0,3041,29.5,19.42,171.0,146.0,28.26,293.89,3.1,4,100500.0,9999999
48698,0,3042,28.5,19.78,30.0,30.0,28.26,292.32,1.5,4,100600.0,9999999
48698,0,3043,27.6,20.27,0.0,0.0,28.26,290.54,0.0,0,100700.0,9999999
48698,0,3044,27.6,20.4,0.0,0.0,28.26,290.54,0.0,0,100700.0,9999999
48698,0,3045,27.5,20.52,0.0,0.0,28.26,290.54,0.0,0,100800.0,9999999
48698,0,3046,27.5,20.65,0.0,0.0,28.26,290.54,0.0,0,100800.0,9999999
48698,0,3047,27.4,20.65,0.0,0.0,28.26,290.36,0.0,0,100800.0,9999999
48698,0,3048,27.3,20.65,0.0,0.0,28.26,290.36,0.0,0,100800.0,9999999
48698,0,3049,27.2,20.65,0.0,0.0,28.26,290.18,0.0,0,100800.0,9999999
48698,0,3050,27.0,20.78,0.0,0.0,28.26,289.99,0.2,16,100700.0,9999999
48698,0,3051,26.7,20.9,0.0,0.0,28.26,289.81,0.3,16,100700.0,9999999
48698,0,3052,26.5,21.03,0.0,0.0,28.26,289.63,0.5,15,100600.0,9999999
48698,0,3053,26.6,20.9,0.0,0.0,28.26,289.63,0.5,15,100700.0,9999999
48698,0,3054,26.7,20.65,0.0,0.0,28.26,289.63,0.5,15,100700.0,9999999
48698,0,3055,26.8,20.52,29.0,29.0,28.26,289.81,0.5,16,100800.0,9999999
48698,0,3056,28.3,20.78,190.0,146.0,28.26,292.32,1.2,16,100800.0,9999999
48698,0,3057,29.9,21.03,412.0,251.0,28.26,294.59,1.9,16,100800.0,9999999
48698,0,3058,31.4,21.29,626.0,291.0,28.26,296.63,2.6,2,100800.0,9999999
48698,0,3059,31.8,21.03,716.0,380.0,28.26,297.64,3.1,2,100800.0,9999999
48698,0,3060,32.2,20.9,718.0,442.0,28.26,297.98,3.6,2,100700.0,9999999
48698,0,3061,32.6,20.65,636.0,452.0,28.26,298.97,4.1,4,100600.0,9999999
48698,0,3062,29.8,19.91,583.0,487.0,28.26,296.97,3.2,4,100600.0,9999999
48698,0,3063,26.9,19.3,481.0,401.0,28.26,294.07,2.4,4,100600.0,9999999
48698,0,3064,24.1,18.61,337.0,289.0,28.26,291.07,1.5,13,100600.0,9999999
48698,0,3065,24.4,18.95,171.0,145.0,28.26,289.99,1.0,13,100600.0,9999999
48698,0,3066,24.8,19.3,30.0,30.0,28.26,289.27,0.5,13,100700.0,9999999
48698,0,3067,25.1,19.66,0.0,0.0,28.26,287.99,0.0,0,100700.0,9999999
48698,0,3068,25.0,19.07,0.0,0.0,28.26,287.8,0.5,16,100800.0,9999999
48698,0,3069,24.9,18.49,0.0,0.0,28.26,287.62,1.0,16,100800.0,9999999
48698,0,3070,24.8,17.93,0.0,0.0,28.26,287.43,1.5,14,100900.0,9999999
48698,0,3071,25.0,18.49,0.0,0.0,28.26,287.62,1.3,14,100900.0,9999999
48698,0,3072,25.1,18.95,0.0,0.0,28.26,287.8,1.2,14,100800.0,9999999
48698,0,3073,25.3,19.54,0.0,0.0,28.26,288.17,1.0,14,100800.0,9999999
48698,0,3074,25.1,19.42,0.0,0.0,28.26,287.99,0.8,14,100800.0,9999999
48698,0,3075,25.0,19.19,0.0,0.0,28.26,287.8,0.7,14,100700.0,9999999
48698,0,3076,24.8,19.07,0.0,0.0,28.26,287.62,0.5,14,100700.0,9999999
48698,0,3077,24.9,19.07,0.0,0.0,28.26,288.72,1.7,14,100800.0,9999999
48698,0,3078,25.1,19.07,0.0,0.0,28.26,288.9,2.9,14,100800.0,9999999
48698,0,3079,25.2,19.07,29.0,29.0,28.26,288.9,4.1,14,100800.0,9999999
48698,0,3080,26.9,19.3,169.0,141.0,28.26,290.72,3.4,14,100900.0,9999999
48698,0,3081,28.5,19.42,334.0,274.0,28.26,292.14,2.8,14,100900.0,9999999
48698,0,3082,30.2,19.66,478.0,404.0,28.26,293.89,2.1,16,100900.0,9999999
48698,0,3083,30.4,19.19,487.0,411.0,28.26,294.76,2.5,16,100900.0,9999999
48698,0,3084,30.6,18.84,402.0,378.0,28.26,295.44,3.0,16,100800.0,9999999
48698,0,3085,30.7,18.38,242.0,232.0,28.26,295.96,3.4,16,100700.0,9999999
48698,0,3086,28.9,18.26,221.0,217.0,28.26,294.24,3.4,16,100700.0,9999999
48698,0,3087,27.1,18.15,182.0,180.0,28.26,292.49,3.3,16,100600.0,9999999
48698,0,3088,25.2,17.93,128.0,128.0,28.26,290.54,3.3,16,100600.0,9999999
48698,0,3089,25.0,18.15,65.0,65.0,28.26,289.81,2.4,16,100600.0,9999999
48698,0,3090,24.7,18.26,11.0,11.0,28.26,289.09,1.4,16,100700.0,9999999
48698,0,3091,24.5,18.38,0.0,0.0,28.26,287.24,0.5,15,100700.0,9999999
48698,0,3092,24.6,18.61,0.0,0.0,28.26,287.24,0.3,15,100800.0,9999999
48698,0,3093,24.7,18.84,0.0,0.0,28.26,287.43,0.2,15,100800.0,9999999
48698,0,3094,24.8,19.07,0.0,0.0,28.26,287.62,0.0,0,100800.0,9999999
48698,0,3095,24.9,18.84,0.0,0.0,28.26,287.62,0.2,16,100800.0,9999999
48698,0,3096,25.0,18.72,0.0,0.0,28.26,287.8,0.3,16,100700.0,9999999
48698,0,3097,25.1,18.49,0.0,0.0,28.26,287.8,0.5,13,100700.0,9999999
48698,0,3098,25.1,18.84,0.0,0.0,28.26,287.8,0.7,13,100700.0,9999999
48698,0,3099,25.2,19.19,0.0,0.0,28.26,287.99,0.8,13,100600.0,9999999
48698,0,3100,25.2,19.54,0.0,0.0,28.26,287.99,1.0,14,100600.0,9999999
48698,0,3101,25.3,19.54,0.0,0.0,28.26,288.17,0.7,14,100600.0,9999999
48698,0,3102,25.3,19.66,0.0,0.0,28.26,288.17,0.3,14,100600.0,9999999
48698,0,3103,25.4,19.66,38.0,38.0,28.26,288.35,0.0,0,100700.0,9999999
48698,0,3104,27.2,19.66,221.0,140.0,28.26,289.99,0.5,16,100700.0,9999999
48698,0,3105,28.9,19.78,437.0,237.0,28.26,291.61,1.0,16,100700.0,9999999
48698,0,3106,30.7,19.78,625.0,279.0,28.26,293.37,1.5,2,100800.0,9999999
48698,0,3107,31.0,19.3,715.0,384.0,28.26,294.59,1.9,2,100700.0,9999999
48698,0,3108,31.3,18.84,717.0,439.0,28.26,295.61,2.2,2,100600.0,9999999
48698,0,3109,31.6,18.38,635.0,450.0,28.26,296.3,2.6,5,100600.0,9999999
48698,0,3110,31.1,18.95,582.0,485.0,28.26,295.96,3.4,5,100500.0,9999999
48698,0,3111,30.6,19.42,478.0,416.0,28.26,295.61,4.3,5,100400.0,9999999
48698,0,3112,30.1,20.03,335.0,287.0,28.26,295.27,5.1,6,100300.0,9999999
48698,0,3113,29.6,20.15,170.0,144.0,28.26,294.07,3.7,6,100400.0,9999999
48698,0,3114,29.2,20.15,30.0,30.0,28.26,293.72,2.4,6,100500.0,9999999
48698,0,3115,28.7,20.27,0.0,0.0,28.26,292.49,1.0,4,100500.0,9999999
48698,0,3116,28.6,19.78,0.0,0.0,28.26,291.43,1.9,4,100600.0,9999999
48698,0,3117,28.6,19.19,0.0,0.0,28.26,289.99,2.7,4,100700.0,9999999
48698,0,3118,28.6,19.19,0.0,0.0,28.26,291.25,3.6,6,100700.0,9999999
48698,0,3119,28.4,19.54,0.0,0.0,28.26,291.25,3.1,6,100700.0,9999999
48698,0,3120,28.3,19.78,0.0,0.0,28.26,291.07,2.6,6,100700.0,9999999
48698,0,3121,28.1,20.15,0.0,0.0,28.26,290.89,2.1,6,100600.0,9999999
48698,0,3122,27.8,20.4,0.0,0.0,28.26,290.72,1.4,6,100600.0,9999999
48698,0,3123,27.5,20.65,0.0,0.0,28.26,290.54,0.7,6,100500.0,9999999
48698,0,3124,27.2,20.9,0.0,0.0,28.26,290.18,0.0,0,100500.0,9999999
48698,0,3125,27.2,21.03,0.0,0.0,28.26,291.25,0.0,0,100500.0,9999999
48698,0,3126,27.3,21.03,0.0,0.0,28.26,291.43,0.0,0,100600.0,9999999
48698,0,3127,27.3,21.16,38.0,38.0,28.26,291.43,0.0,0,100600.0,9999999
48698,0,3128,27.9,20.4,207.0,151.0,28.26,293.72,1.0,16,100700.0,9999999
48698,0,3129,28.6,19.66,376.0,299.0,28.26,295.79,2.1,16,100800.0,9999999
48698,0,3130,29.2,18.95,477.0,403.0,28.26,298.97,3.1,12,100800.0,9999999
48698,0,3131,28.4,18.84,580.0,483.0,28.26,295.44,2.4,12,100800.0,9999999
48698,0,3132,27.6,18.84,633.0,447.0,28.26,293.02,1.7,12,100700.0,9999999
48698,0,3133,26.8,18.72,634.0,447.0,28.26,291.79,1.0,15,100600.0,9999999
48698,0,3134,27.7,18.49,581.0,484.0,28.26,291.96,1.4,15,100600.0,9999999
48698,0,3135,28.5,18.38,478.0,416.0,28.26,292.67,1.7,15,100500.0,9999999
48698,0,3136,29.4,18.15,335.0,287.0,28.26,292.85,2.1,9,100400.0,9999999
48698,0,3137,28.6,18.61,170.0,144.0,28.26,292.14,1.4,9,100500.0,9999999
48698,0,3138,27.8,19.19,30.0,30.0,28.26,291.43,0.7,9,100500.0,9999999
48698,0,3139,27.0,19.66,0.0,0.0,28.26,289.81,0.0,0,100600.0,9999999
48698,0,3140,26.9,19.78,0.0,0.0,28.26,289.81,0.0,0,100600.0,9999999
48698,0,3141,26.8,19.91,0.0,0.0,28.26,289.63,0.0,0,100700.0,9999999
48698,0,3142,26.7,20.03,0.0,0.0,28.26,289.63,0.0,0,100800.0,9999999
48698,0,3143,26.5,20.15,0.0,0.0,28.26,289.45,0.0,0,100700.0,9999999
48698,0,3144,26.2,20.27,0.0,0.0,28.26,287.8,0.0,0,100700.0,9999999
48698,0,3145,26.0,20.4,0.0,0.0,28.26,287.62,0.0,0,100600.0,9999999
48698,0,3146,25.8,20.03,0.0,0.0,28.26,287.43,0.5,16,100600.0,9999999
48698,0,3147,25.6,19.78,0.0,0.0,28.26,288.54,1.0,16,100600.0,9999999
48698,0,3148,25.4,19.42,0.0,0.0,28.26,288.17,1.5,14,100500.0,9999999
48698,0,3149,25.6,19.66,0.0,0.0,28.26,288.54,1.0,14,100600.0,9999999
48698,0,3150,25.9,19.91,0.0,0.0,28.26,288.9,0.5,14,100600.0,9999999
48698,0,3151,26.1,20.15,29.0,29.0,28.26,289.09,0.0,0,100600.0,9999999
48698,0,3152,31.3,19.42,168.0,140.0,28.26,296.3,3.6,8,100500.0,9999999
48698,0,3153,30.9,20.15,332.0,273.0,28.26,295.44,3.6,8,100600.0,9999999
48698,0,3154,30.5,20.78,475.0,402.0,28.26,294.41,3.6,7,100700.0,9999999
48698,0,3155,30.8,20.27,578.0,482.0,28.26,295.27,3.6,7,100700.0,9999999
48698,0,3156,31.0,19.91,631.0,446.0,28.26,295.44,3.6,7,100600.0,9999999
48698,0,3157,31.3,19.42,632.0,447.0,28.26,296.3,3.6,8,100500.0,9999999
48698,0,3158,31.3,19.42,579.0,483.0,28.26,295.61,3.8,8,100500.0,9999999
48698,0,3159,31.4,19.42,476.0,414.0,28.26,295.79,3.9,8,100400.0,9999999
48698,0,3160,31.4,19.42,334.0,286.0,28.26,295.1,4.1,8,100300.0,9999999
48698,0,3161,30.8,19.42,169.0,144.0,28.26,294.41,3.8,8,100400.0,9999999
48698,0,3162,30.2,19.42,30.0,30.0,28.26,293.89,3.4,8,100400.0,9999999
48698,0,3163,29.6,19.42,0.0,0.0,28.26,292.32,3.1,7,100400.0,9999999
48698,0,3164,29.2,19.91,0.0,0.0,28.26,291.96,3.1,7,100500.0,9999999
48698,0,3165,28.9,20.4,0.0,0.0,28.26,291.79,3.1,7,100600.0,9999999
48698,0,3166,28.5,20.9,0.0,0.0,28.26,291.43,3.1,8,100700.0,9999999
48698,0,3167,28.3,20.65,0.0,0.0,28.26,291.25,2.9,8,100700.0,9999999
48698,0,3168,28.0,20.4,0.0,0.0,28.26,290.89,2.8,8,100700.0,9999999
48698,0,3169,27.8,20.15,0.0,0.0,28.26,290.72,2.6,7,100600.0,9999999
48698,0,3170,28.0,20.03,0.0,0.0,28.26,290.89,2.0,7,100600.0,9999999
48698,0,3171,27.8,20.27,0.0,0.0,28.26,290.72,1.0,7,100600.0,9999999
48698,0,3172,27.7,20.4,0.0,0.0,28.26,290.72,0.0,0,100500.0,9999999
48698,0,3173,27.9,20.52,0.0,0.0,28.26,290.89,0.5,16,100500.0,9999999
48698,0,3174,28.1,20.65,0.0,0.0,28.26,291.07,1.0,16,100600.0,9999999
48698,0,3175,28.3,20.78,38.0,38.0,28.26,291.25,1.5,7,100600.0,9999999
48698,0,3176,29.1,21.16,206.0,150.0,28.26,293.2,1.5,7,100600.0,9999999
48698,0,3177,29.8,21.55,374.0,298.0,28.26,294.59,1.5,7,100700.0,9999999
48698,0,3178,30.6,21.95,473.0,400.0,28.26,295.96,1.5,12,100700.0,9999999
48698,0,3179,30.6,21.68,575.0,481.0,28.26,296.46,3.6,12,100700.0,9999999
48698,0,3180,30.7,21.55,629.0,446.0,28.26,296.63,5.6,12,100600.0,9999999
48698,0,3181,30.7,21.29,629.0,446.0,28.26,297.14,7.7,8,100600.0,9999999
48698,0,3182,30.3,21.16,576.0,481.0,28.26,296.13,5.1,8,100500.0,9999999
48698,0,3183,29.8,20.9,474.0,413.0,28.26,295.1,2.6,8,100500.0,9999999
48698,0,3184,29.4,20.78,332.0,285.0,28.26,293.37,0.0,0,100400.0,9999999
48698,0,3185,29.1,20.9,168.0,143.0,28.26,293.02,0.3,16,100400.0,9999999
48698,0,3186,28.9,21.03,30.0,30.0,28.26,292.85,0.7,16,100400.0,9999999
48698,0,3187,28.6,21.16,0.0,0.0,28.26,291.61,1.0,6,100400.0,9999999
48698,0,3188,28.1,21.16,0.0,0.0,28.26,291.07,0.7,6,100500.0,9999999
48698,0,3189,27.6,21.29,0.0,0.0,28.26,290.72,0.3,6,100600.0,9999999
48698,0,3190,27.1,21.29,0.0,0.0,28.26,290.18,0.0,0,100600.0,9999999
48698,0,3191,26.9,21.16,0.0,0.0,28.26,289.99,0.0,0,100600.0,9999999
48698,0,3192,26.8,20.9,0.0,0.0,28.26,289.81,0.0,0,100600.0,9999999
48698,0,3193,26.6,20.78,0.0,0.0,28.26,289.63,0.0,0,100600.0,9999999
48698,0,3194,26.5,20.65,0.0,0.0,28.26,289.45,0.0,0,100600.0,9999999
48698,0,3195,26.3,20.4,0.0,0.0,28.26,289.27,0.0,0,100600.0,9999999
48698,0,3196,26.2,20.27,0.0,0.0,28.26,289.09,0.0,0,100500.0,9999999
48698,0,3197,26.5,20.65,0.0,0.0,28.26,289.45,0.0,0,100600.0,9999999
48698,0,3198,26.7,21.16,0.0,0.0,28.26,289.81,0.0,0,100600.0,9999999
48698,0,3199,27.0,21.55,42.0,42.0,28.26,290.18,0.0,0,100600.0,9999999
48698,0,3200,27.7,21.29,236.0,148.0,28.26,290.72,0.8,16,100600.0,9999999
48698,0,3201,28.4,21.16,452.0,207.0,28.26,292.49,1.7,16,100600.0,9999999
48698,0,3202,29.1,21.03,619.0,288.0,28.26,293.02,2.6,16,100600.0,9999999
48698,0,3203,29.8,20.78,707.0,375.0,28.26,293.72,3.4,16,100600.0,9999999
48698,0,3204,30.5,20.65,709.0,436.0,28.26,294.41,4.3,16,100600.0,9999999
48698,0,3205,31.2,20.4,628.0,446.0,28.26,295.1,5.1,8,100600.0,9999999
48698,0,3206,30.8,20.15,576.0,480.0,28.26,294.59,3.7,8,100500.0,9999999
48698,0,3207,30.4,19.78,474.0,412.0,28.26,294.07,2.4,8,100400.0,9999999
48698,0,3208,30.0,19.54,332.0,284.0,28.26,292.67,1.0,5,100300.0,9999999
48698,0,3209,29.4,19.91,168.0,143.0,28.26,293.2,0.7,5,100400.0,9999999
48698,0,3210,28.8,20.15,30.0,30.0,28.26,292.67,0.3,5,100500.0,9999999
48698,0,3211,28.2,20.52,0.0,0.0,28.26,292.14,0.0,0,100500.0,9999999
48698,0,3212,28.1,20.65,0.0,0.0,28.26,292.14,0.3,16,100600.0,9999999
48698,0,3213,28.1,20.9,0.0,0.0,28.26,292.14,0.7,16,100700.0,9999999
48698,0,3214,28.0,21.03,0.0,0.0,28.26,291.07,1.0,10,100700.0,9999999
48698,0,3215,27.8,21.03,0.0,0.0,28.26,290.89,0.7,10,100700.0,9999999
48698,0,3216,27.7,20.9,0.0,0.0,28.26,290.72,0.3,10,100700.0,9999999
48698,0,3217,27.5,20.9,0.0,0.0,28.26,290.54,0.0,0,100700.0,9999999
48698,0,3218,27.6,20.9,0.0,0.0,28.26,290.72,0.2,16,100600.0,9999999
48698,0,3219,27.6,20.78,0.0,0.0,28.26,290.54,0.3,16,100600.0,9999999
48698,0,3220,27.7,20.78,0.0,0.0,28.26,290.72,0.5,8,100600.0,9999999
48698,0,3221,27.6,20.9,0.0,0.0,28.26,291.61,0.3,8,100600.0,9999999
48698,0,3222,27.4,21.03,0.0,0.0,28.26,291.43,0.2,8,100700.0,9999999
48698,0,3223,27.3,21.16,29.0,29.0,28.26,291.43,0.0,0,100700.0,9999999
48698,0,3224,28.4,20.78,218.0,139.0,28.26,293.02,1.2,16,100700.0,9999999
48698,0,3225,29.4,20.27,478.0,194.0,28.26,293.89,2.4,16,100800.0,9999999
48698,0,3226,30.5,19.91,708.0,193.0,28.26,295.61,3.6,9,100800.0,9999999
48698,0,3227,30.3,20.15,830.0,226.0,28.26,295.44,4.8,9,100800.0,9999999
48698,0,3228,30.1,20.52,821.0,336.0,28.26,295.79,6.0,9,100700.0,9999999
48698,0,3229,29.9,20.78,627.0,401.0,28.26,295.61,7.2,7,100700.0,9999999
48698,0,3230,29.5,20.52,574.0,479.0,28.26,294.76,4.8,7,100600.0,9999999
48698,0,3231,29.2,20.27,473.0,411.0,28.26,293.02,2.4,7,100600.0,9999999
48698,0,3232,28.8,20.03,331.0,284.0,28.26,291.61,0.0,0,100500.0,9999999
48698,0,3233,28.2,19.91,168.0,143.0,28.26,291.07,0.0,0,100500.0,9999999
48698,0,3234,27.7,19.66,30.0,30.0,28.26,290.54,0.0,0,100600.0,9999999
48698,0,3235,27.1,19.54,0.0,0.0,28.26,289.99,0.0,0,100600.0,9999999
48698,0,3236,27.1,19.66,0.0,0.0,28.26,289.99,0.0,0,100700.0,9999999
48698,0,3237,27.2,19.78,0.0,0.0,28.26,289.99,0.0,0,100700.0,9999999
48698,0,3238,27.2,19.91,0.0,0.0,28.26,289.99,0.0,0,100800.0,9999999
48698,0,3239,27.1,20.15,0.0,0.0,28.26,289.99,0.0,0,100800.0,9999999
48698,0,3240,26.9,20.4,0.0,0.0,28.26,289.81,0.0,0,100800.0,9999999
48698,0,3241,26.8,20.65,0.0,0.0,28.26,289.81,0.0,0,100800.0,9999999
48698,0,3242,26.6,20.65,0.0,0.0,28.26,289.63,0.3,16,100700.0,9999999
48698,0,3243,26.3,20.52,0.0,0.0,28.26,289.27,0.7,16,100700.0,9999999
48698,0,3244,26.1,20.52,0.0,0.0,28.26,289.09,1.0,14,100700.0,9999999
48698,0,3245,26.4,20.65,0.0,0.0,28.26,289.45,0.7,14,100700.0,9999999
48698,0,3246,26.7,20.78,0.0,0.0,28.26,289.81,0.3,14,100700.0,9999999
48698,0,3247,27.0,20.9,29.0,29.0,28.26,289.99,0.0,0,100700.0,9999999
48698,0,3248,27.1,20.4,166.0,139.0,28.26,291.07,0.7,16,100700.0,9999999
48698,0,3249,27.2,19.91,330.0,271.0,28.26,291.07,1.4,16,100700.0,9999999
48698,0,3250,27.2,19.3,472.0,399.0,28.26,291.61,2.1,16,100700.0,9999999
48698,0,3251,27.3,18.84,574.0,478.0,28.26,292.32,2.7,16,100700.0,9999999
48698,0,3252,27.4,18.38,627.0,442.0,28.26,292.32,3.4,16,100700.0,9999999
48698,0,3253,27.5,17.82,628.0,442.0,28.26,292.85,4.1,1,100600.0,9999999
48698,0,3254,28.5,18.26,575.0,479.0,28.26,293.37,2.9,1,100600.0,9999999
48698,0,3255,29.4,18.72,473.0,411.0,28.26,293.72,1.7,1,100500.0,9999999
48698,0,3256,30.4,19.19,331.0,283.0,28.26,294.07,0.5,3,100500.0,9999999
48698,0,3257,30.2,19.66,219.0,154.0,28.26,293.89,1.7,3,100500.0,9999999
48698,0,3258,29.9,20.15,43.0,43.0,28.26,293.72,2.9,3,100600.0,9999999
48698,0,3259,29.7,20.65,0.0,0.0,28.26,292.67,4.1,3,100600.0,9999999
48698,0,3260,29.6,20.78,0.0,0.0,28.26,292.49,4.1,3,100700.0,9999999
48698,0,3261,29.5,21.03,0.0,0.0,28.26,292.49,4.1,3,100800.0,9999999
48698,0,3262,29.4,21.16,0.0,0.0,28.26,292.49,4.1,6,100900.0,9999999
48698,0,3263,29.2,21.29,0.0,0.0,28.26,292.32,3.4,6,100800.0,9999999
48698,0,3264,29.1,21.55,0.0,0.0,28.26,292.14,2.8,6,100800.0,9999999
48698,0,3265,28.9,21.68,0.0,0.0,28.26,291.96,2.1,6,100800.0,9999999
48698,0,3266,28.5,21.55,0.0,0.0,28.26,291.61,1.6,6,100800.0,9999999
48698,0,3267,28.0,21.55,0.0,0.0,28.26,291.07,1.0,6,100800.0,9999999
48698,0,3268,27.6,21.42,0.0,0.0,28.26,290.72,0.5,7,100700.0,9999999
48698,0,3269,28.1,21.16,0.0,0.0,28.26,291.07,1.0,7,100800.0,9999999
48698,0,3270,28.5,21.03,0.0,0.0,28.26,291.61,1.6,7,100800.0,9999999
48698,0,3271,29.0,20.78,44.0,41.0,28.26,291.96,2.1,5,100900.0,9999999
48698,0,3272,29.8,20.9,247.0,142.0,28.26,293.72,2.6,5,100900.0,9999999
48698,0,3273,30.7,21.16,483.0,182.0,28.26,295.44,3.1,5,100900.0,9999999
48698,0,3274,31.5,21.29,679.0,200.0,28.26,296.8,3.6,5,100900.0,9999999
48698,0,3275,30.7,20.9,782.0,296.0,28.26,296.46,2.9,5,100900.0,9999999
48698,0,3276,29.8,20.65,768.0,383.0,28.26,295.61,2.2,5,100800.0,9999999
48698,0,3277,29.0,20.27,624.0,465.0,28.26,295.44,1.5,4,100800.0,9999999
48698,0,3278,29.2,20.03,704.0,391.0,28.26,294.93,2.4,4,100700.0,9999999
48698,0,3279,29.3,19.91,645.0,247.0,28.26,293.89,3.2,4,100700.0,9999999
48698,0,3280,29.5,19.66,477.0,174.0,28.26,292.32,4.1,7,100600.0,9999999
48698,0,3281,29.2,20.03,248.0,120.0,28.26,291.96,3.1,7,100600.0,9999999
48698,0,3282,28.8,20.52,45.0,42.0,28.26,291.79,2.0,7,100700.0,9999999
48698,0,3283,28.5,20.9,0.0,0.0,28.26,291.43,1.0,7,100700.0,9999999
48698,0,3284,28.7,20.9,0.0,0.0,28.26,292.67,1.9,7,100700.0,9999999
48698,0,3285,29.0,20.78,0.0,0.0,28.26,293.02,2.7,7,100800.0,9999999
48698,0,3286,29.2,20.78,0.0,0.0,28.26,293.2,3.6,6,100800.0,9999999
48698,0,3287,29.0,20.78,0.0,0.0,28.26,293.72,3.4,6,100800.0,9999999
48698,0,3288,28.8,20.9,0.0,0.0,28.26,293.55,3.3,6,100800.0,9999999
48698,0,3289,28.6,20.9,0.0,0.0,28.26,293.89,3.1,6,100800.0,9999999
48698,0,3290,28.1,20.4,0.0,0.0,28.26,293.37,3.3,6,100800.0,9999999
48698,0,3291,27.5,19.78,0.0,0.0,28.26,293.2,3.4,6,100700.0,9999999
48698,0,3292,27.0,19.3,0.0,0.0,28.26,292.67,3.6,4,100700.0,9999999
48698,0,3293,27.4,19.78,0.0,0.0,28.26,293.02,3.3,4,100700.0,9999999
48698,0,3294,27.7,20.4,0.0,0.0,28.26,292.85,2.9,4,100700.0,9999999
48698,0,3295,28.1,20.9,29.0,29.0,28.26,293.37,2.6,5,100800.0,9999999
48698,0,3296,29.1,20.9,166.0,139.0,28.26,293.72,2.9,5,100800.0,9999999
48698,0,3297,30.0,20.78,328.0,269.0,28.26,294.59,3.3,5,100800.0,9999999
48698,0,3298,31.0,20.78,469.0,397.0,28.26,294.93,3.6,6,100900.0,9999999
48698,0,3299,30.0,20.52,570.0,476.0,28.26,294.59,4.1,6,100800.0,9999999
48698,0,3300,28.9,20.4,623.0,441.0,28.26,294.07,4.6,6,100800.0,9999999
48698,0,3301,27.9,20.15,623.0,441.0,28.26,293.55,5.1,3,100800.0,9999999
48698,0,3302,28.3,19.91,571.0,476.0,28.26,293.89,4.4,3,100700.0,9999999
48698,0,3303,28.6,19.66,470.0,409.0,28.26,293.72,3.8,3,100700.0,9999999
48698,0,3304,29.0,19.42,329.0,282.0,28.26,294.07,3.1,4,100600.0,9999999
48698,0,3305,28.0,21.29,154.0,136.0,28.26,293.37,1.5,13,100700.0,9999999
48698,0,3306,27.7,19.91,25.0,25.0,28.26,292.85,1.2,13,100700.0,9999999
48698,0,3307,27.4,20.27,0.0,0.0,28.26,292.67,0.9,13,100800.0,9999999
48698,0,3308,27.0,20.52,0.0,0.0,28.26,292.32,0.6,13,100800.0,9999999
48698,0,3309,26.7,20.78,0.0,0.0,28.26,291.96,0.3,13,100900.0,9999999
48698,0,3310,26.4,21.03,0.0,0.0,28.26,291.79,0.0,0,101000.0,9999999
48698,0,3311,26.3,21.03,0.0,0.0,28.26,291.07,0.0,0,100900.0,9999999
48698,0,3312,26.3,21.16,0.0,0.0,28.26,291.07,0.0,0,100800.0,9999999
48698,0,3313,26.2,21.16,0.0,0.0,28.26,290.36,0.0,0,100800.0,9999999
48698,0,3314,26.4,21.16,0.0,0.0,28.26,290.54,0.0,0,100800.0,9999999
48698,0,3315,26.5,21.29,0.0,0.0,28.26,290.54,0.0,0,100700.0,9999999
48698,0,3316,26.7,21.29,0.0,0.0,28.26,290.89,0.0,0,100700.0,9999999
48698,0,3317,26.9,21.42,0.0,0.0,28.26,291.07,0.0,0,100700.0,9999999
48698,0,3318,27.0,21.68,0.0,0.0,28.26,291.25,0.0,0,100700.0,9999999
48698,0,3319,27.2,21.81,29.0,29.0,28.26,290.36,0.0,0,100700.0,9999999
48698,0,3320,28.4,21.42,203.0,142.0,28.26,292.49,0.9,16,100800.0,9999999
48698,0,3321,29.6,21.03,448.0,220.0,28.26,294.93,1.7,16,100800.0,9999999
48698,0,3322,30.8,20.65,677.0,240.0,28.26,296.46,2.6,6,100800.0,9999999
48698,0,3323,30.9,20.4,823.0,247.0,28.26,295.96,2.8,6,100800.0,9999999
48698,0,3324,31.0,20.15,900.0,242.0,28.26,296.13,2.9,6,100700.0,9999999
48698,0,3325,31.1,19.91,900.0,241.0,28.26,295.61,3.1,6,100600.0,9999999
48698,0,3326,31.2,19.66,825.0,223.0,28.26,294.93,3.3,6,100600.0,9999999
48698,0,3327,31.3,19.42,679.0,198.0,28.26,294.93,3.4,6,100500.0,9999999
48698,0,3328,31.4,19.19,476.0,174.0,28.26,294.07,3.6,4,100400.0,9999999
48698,0,3329,30.8,19.3,228.0,145.0,28.26,294.41,2.7,4,100400.0,9999999
48698,0,3330,30.1,19.54,37.0,37.0,28.26,293.72,1.9,4,100400.0,9999999
48698,0,3331,29.5,19.66,0.0,0.0,28.26,293.2,1.0,3,100400.0,9999999
48698,0,3332,29.0,19.78,0.0,0.0,28.26,292.85,0.8,3,100400.0,9999999
48698,0,3333,28.6,19.91,0.0,0.0,28.26,292.49,0.7,3,100500.0,9999999
48698,0,3334,28.1,20.15,0.0,0.0,28.26,291.96,0.5,3,100500.0,9999999
48698,0,3335,27.7,20.27,0.0,0.0,28.26,291.61,0.3,3,100500.0,9999999
48698,0,3336,27.2,20.4,0.0,0.0,28.26,290.18,0.2,3,100500.0,9999999
48698,0,3337,26.8,20.52,0.0,0.0,28.26,289.81,0.0,0,100500.0,9999999
48698,0,3338,27.0,20.65,0.0,0.0,28.26,289.99,0.0,0,100500.0,9999999
48698,0,3339,27.2,20.78,0.0,0.0,28.26,290.18,0.0,0,100500.0,9999999
48698,0,3340,27.4,20.9,0.0,0.0,28.26,290.36,0.0,0,100500.0,9999999
48698,0,3341,27.6,21.03,0.0,0.0,28.26,290.72,0.0,0,100500.0,9999999
48698,0,3342,27.8,21.16,0.0,0.0,28.26,290.89,0.0,0,100500.0,9999999
48698,0,3343,28.0,21.29,42.0,42.0,28.26,291.07,0.0,0,100500.0,9999999
48698,0,3344,29.0,20.78,242.0,142.0,28.26,293.02,0.9,16,100600.0,9999999
48698,0,3345,30.0,20.15,486.0,173.0,28.26,293.89,1.7,16,100600.0,9999999
48698,0,3346,31.0,19.66,701.0,190.0,28.26,294.76,2.6,6,100600.0,9999999
48698,0,3347,31.5,19.78,836.0,195.0,28.26,295.96,2.8,6,100600.0,9999999
48698,0,3348,32.1,19.78,878.0,313.0,28.26,296.46,2.9,6,100500.0,9999999
48698,0,3349,32.6,19.91,813.0,331.0,28.26,297.64,3.1,5,100400.0,9999999
48698,0,3350,31.9,19.91,700.0,382.0,28.26,296.3,3.1,5,100400.0,9999999
48698,0,3351,31.2,19.91,529.0,383.0,28.26,295.61,3.1,5,100300.0,9999999
48698,0,3352,30.5,19.91,328.0,258.0,28.26,294.24,3.1,6,100300.0,9999999
48698,0,3353,29.8,20.03,188.0,164.0,28.26,293.55,2.4,6,100300.0,9999999
48698,0,3354,29.1,20.27,37.0,37.0,28.26,293.02,1.7,6,100400.0,9999999
48698,0,3355,28.4,20.4,0.0,0.0,28.26,291.25,1.0,1,100400.0,9999999
48698,0,3356,28.2,20.4,0.0,0.0,28.26,291.07,0.8,1,100400.0,9999999
48698,0,3357,28.0,20.52,0.0,0.0,28.26,290.89,0.7,1,100400.0,9999999
48698,0,3358,27.8,20.52,0.0,0.0,28.26,290.72,0.5,1,100500.0,9999999
48698,0,3359,27.7,20.65,0.0,0.0,28.26,290.72,0.3,1,100500.0,9999999
48698,0,3360,27.5,20.65,0.0,0.0,28.26,290.54,0.2,1,100500.0,9999999
48698,0,3361,27.3,20.78,0.0,0.0,28.26,290.36,0.0,0,100500.0,9999999
48698,0,3362,27.0,20.78,0.0,0.0,28.26,289.99,0.0,0,100500.0,9999999
48698,0,3363,26.7,20.78,0.0,0.0,28.26,289.81,0.0,0,100500.0,9999999
48698,0,3364,26.4,20.78,0.0,0.0,28.26,289.45,0.0,0,100500.0,9999999
48698,0,3365,26.5,20.9,0.0,0.0,28.26,290.54,0.5,16,100400.0,9999999
48698,0,3366,26.6,21.03,0.0,0.0,28.26,290.72,1.0,16,100400.0,9999999
48698,0,3367,26.7,21.29,43.0,41.0,28.26,290.89,1.6,16,100400.0,9999999
48698,0,3368,27.6,21.16,246.0,140.0,28.26,291.61,2.1,6,100400.0,9999999
48698,0,3369,28.5,21.03,488.0,168.0,28.26,292.49,2.1,6,100400.0,9999999
48698,0,3370,29.4,20.9,698.0,192.0,28.26,293.37,2.1,6,100400.0,9999999
48698,0,3371,30.1,21.16,849.0,190.0,28.26,294.07,2.1,6,100400.0,9999999
48698,0,3372,30.8,21.29,927.0,169.0,28.26,294.76,2.1,6,100400.0,9999999
48698,0,3373,31.5,21.55,927.0,170.0,28.26,295.44,2.1,6,100400.0,9999999
48698,0,3374,30.8,21.29,820.0,248.0,28.26,295.44,2.3,6,100400.0,9999999
48698,0,3375,30.2,21.16,611.0,307.0,28.26,295.44,2.4,6,100300.0,9999999
48698,0,3376,29.5,20.9,327.0,254.0,28.26,295.27,2.6,8,100300.0,9999999
48698,0,3377,29.3,21.03,166.0,142.0,28.26,294.59,1.7,8,100400.0,9999999
48698,0,3378,29.2,21.29,30.0,30.0,28.26,293.2,0.9,8,100400.0,9999999
48698,0,3379,29.0,21.42,0.0,0.0,28.26,292.14,0.0,0,100500.0,9999999
48698,0,3380,28.8,21.03,0.0,0.0,28.26,291.79,0.0,0,100500.0,9999999
48698,0,3381,28.6,20.65,0.0,0.0,28.26,291.61,0.0,0,100500.0,9999999
48698,0,3382,28.4,20.27,0.0,0.0,28.26,291.25,0.0,0,100500.0,9999999
48698,0,3383,28.0,19.91,0.0,0.0,28.26,291.79,0.0,0,100500.0,9999999
48698,0,3384,27.6,19.54,0.0,0.0,28.26,291.43,0.0,0,100600.0,9999999
48698,0,3385,27.2,19.07,0.0,0.0,28.26,290.89,0.0,0,100600.0,9999999
48698,0,3386,26.8,18.72,0.0,0.0,28.26,291.07,0.0,0,100500.0,9999999
48698,0,3387,26.3,18.26,0.0,0.0,28.26,290.54,0.0,0,100500.0,9999999
48698,0,3388,25.9,17.82,0.0,0.0,28.26,290.72,0.0,0,100400.0,9999999
48698,0,3389,25.9,18.04,0.0,0.0,28.26,290.18,0.0,0,100500.0,9999999
48698,0,3390,26.0,18.38,0.0,0.0,28.26,289.63,0.0,0,100600.0,9999999
48698,0,3391,26.0,18.61,29.0,29.0,28.26,288.72,0.0,0,100600.0,9999999
48698,0,3392,26.9,19.07,164.0,138.0,28.26,290.54,1.0,16,100600.0,9999999
48698,0,3393,27.8,19.42,325.0,267.0,28.26,291.61,2.1,16,100600.0,9999999
48698,0,3394,28.7,19.78,465.0,393.0,28.26,293.2,3.1,16,100600.0,9999999
48698,0,3395,29.6,20.27,566.0,472.0,28.26,294.76,4.1,16,100600.0,9999999
48698,0,3396,30.5,20.65,618.0,437.0,28.26,295.61,5.2,16,100600.0,9999999
48698,0,3397,31.4,21.03,618.0,438.0,28.26,297.14,6.2,10,100500.0,9999999
48698,0,3398,30.8,20.65,566.0,473.0,28.26,295.96,4.8,10,100500.0,9999999
48698,0,3399,30.3,20.27,467.0,406.0,28.26,294.07,3.5,10,100400.0,9999999
48698,0,3400,29.7,19.91,327.0,280.0,28.26,292.49,2.1,14,100300.0,9999999
48698,0,3401,28.9,19.66,166.0,142.0,28.26,291.61,1.6,14,100400.0,9999999
48698,0,3402,28.0,19.42,30.0,30.0,28.26,290.72,1.0,14,100500.0,9999999
48698,0,3403,27.2,19.19,0.0,0.0,28.26,289.99,0.5,16,100500.0,9999999
48698,0,3404,27.1,19.42,0.0,0.0,28.26,289.81,0.3,16,100600.0,9999999
48698,0,3405,27.1,19.66,0.0,0.0,28.26,289.99,0.2,16,100600.0,9999999
48698,0,3406,27.0,19.91,0.0,0.0,28.26,289.81,0.0,0,100700.0,9999999
48698,0,3407,26.6,20.03,0.0,0.0,28.26,290.54,0.0,0,100700.0,9999999
48698,0,3408,26.2,20.27,0.0,0.0,28.26,290.89,0.0,0,100700.0,9999999
48698,0,3409,25.7,20.4,0.0,0.0,28.26,290.89,0.0,0,100700.0,9999999
48698,0,3410,25.3,20.4,0.0,0.0,28.26,291.07,0.0,0,100700.0,9999999
48698,0,3411,24.9,19.91,0.0,0.0,28.26,290.72,0.0,0,100600.0,9999999
48698,0,3412,24.5,17.71,0.0,0.0,28.26,290.54,0.0,0,100600.0,9999999
48698,0,3413,24.9,19.91,0.0,0.0,28.26,290.72,0.0,0,100600.0,9999999
48698,0,3414,25.3,20.4,0.0,0.0,28.26,290.54,0.0,0,100600.0,9999999
48698,0,3415,25.7,20.15,11.0,11.0,28.26,289.63,0.0,0,100600.0,9999999
48698,0,3416,26.8,20.15,103.0,103.0,28.26,290.72,0.9,16,100700.0,9999999
48698,0,3417,27.9,20.27,271.0,245.0,28.26,291.79,1.7,16,100700.0,9999999
48698,0,3418,29.0,20.27,464.0,357.0,28.26,292.85,2.6,10,100700.0,9999999
48698,0,3419,29.9,19.54,565.0,471.0,28.26,293.55,2.6,10,100600.0,9999999
48698,0,3420,30.9,18.72,618.0,436.0,28.26,294.41,2.6,10,100500.0,9999999
48698,0,3421,31.8,17.93,619.0,436.0,28.26,294.07,2.6,9,100400.0,9999999
48698,0,3422,31.3,18.61,567.0,472.0,28.26,293.72,2.9,9,100400.0,9999999
48698,0,3423,30.7,19.19,466.0,406.0,28.26,293.37,3.3,9,100300.0,9999999
48698,0,3424,30.2,19.78,327.0,280.0,28.26,293.02,3.6,8,100300.0,9999999
48698,0,3425,29.7,19.54,166.0,142.0,28.26,292.49,2.4,8,100300.0,9999999
48698,0,3426,29.3,19.3,30.0,30.0,28.26,291.96,1.2,8,100300.0,9999999
48698,0,3427,28.8,19.07,0.0,0.0,28.26,291.43,0.0,0,100400.0,9999999
48698,0,3428,28.4,19.3,0.0,0.0,28.26,292.14,0.0,0,100400.0,9999999
48698,0,3429,28.0,19.54,0.0,0.0,28.26,291.79,0.0,0,100500.0,9999999
48698,0,3430,27.6,19.78,0.0,0.0,28.26,291.43,0.0,0,100600.0,9999999
48698,0,3431,27.6,19.91,0.0,0.0,28.26,291.43,0.0,0,100600.0,9999999
48698,0,3432,27.5,19.91,0.0,0.0,28.26,291.43,0.0,0,100600.0,9999999
48698,0,3433,27.5,20.03,0.0,0.0,28.26,290.36,0.0,0,100600.0,9999999
48698,0,3434,27.5,20.15,0.0,0.0,28.26,290.36,0.0,0,100600.0,9999999
48698,0,3435,27.5,20.4,0.0,0.0,28.26,290.54,0.0,0,100500.0,9999999
48698,0,3436,27.5,20.52,0.0,0.0,28.26,290.54,0.0,0,100500.0,9999999
48698,0,3437,27.3,20.03,0.0,0.0,28.26,291.25,0.5,16,100500.0,9999999
48698,0,3438,27.2,19.42,0.0,0.0,28.26,291.61,1.0,16,100500.0,9999999
48698,0,3439,27.0,18.95,28.0,28.0,28.26,291.96,1.5,10,100600.0,9999999
48698,0,3440,27.7,18.95,163.0,137.0,28.26,292.14,1.5,10,100600.0,9999999
48698,0,3441,28.4,18.84,324.0,266.0,28.26,291.96,1.5,10,100700.0,9999999
48698,0,3442,29.1,18.84,464.0,392.0,28.26,291.79,1.5,12,100700.0,9999999
48698,0,3443,29.9,19.07,564.0,470.0,28.26,292.49,2.0,12,100600.0,9999999
48698,0,3444,30.7,19.3,617.0,435.0,28.26,293.37,2.6,12,100600.0,9999999
48698,0,3445,31.5,19.54,617.0,436.0,28.26,294.24,3.1,9,100500.0,9999999
48698,0,3446,31.3,19.42,565.0,471.0,28.26,293.89,3.6,9,100400.0,9999999
48698,0,3447,31.1,19.19,466.0,405.0,28.26,293.72,4.1,9,100300.0,9999999
48698,0,3448,30.9,19.07,327.0,280.0,28.26,293.55,4.6,8,100200.0,9999999
48698,0,3449,30.3,18.49,187.0,163.0,28.26,292.85,3.1,8,100300.0,9999999
48698,0,3450,29.8,17.82,37.0,37.0,28.26,292.14,1.5,8,100300.0,9999999
48698,0,3451,29.2,17.17,0.0,0.0,28.26,291.43,0.0,0,100300.0,9999999
48698,0,3452,29.0,18.38,0.0,0.0,28.26,291.61,0.0,0,100400.0,9999999
48698,0,3453,28.7,19.66,0.0,0.0,28.26,291.43,0.0,0,100500.0,9999999
48698,0,3454,28.5,20.9,0.0,0.0,28.26,291.43,0.0,0,100600.0,9999999
48698,0,3455,28.2,20.9,0.0,0.0,28.26,291.25,0.1,16,100600.0,9999999
48698,0,3456,28.0,21.03,0.0,0.0,28.26,291.07,0.2,16,100600.0,9999999
48698,0,3457,27.7,21.03,0.0,0.0,28.26,290.72,0.2,16,100600.0,9999999
48698,0,3458,27.5,21.16,0.0,0.0,28.26,290.54,0.3,16,100500.0,9999999
48698,0,3459,27.2,21.16,0.0,0.0,28.26,290.36,0.4,16,100500.0,9999999
48698,0,3460,27.0,21.29,0.0,0.0,28.26,290.18,0.5,13,100500.0,9999999
48698,0,3461,27.2,21.16,0.0,0.0,28.26,291.96,0.8,13,100600.0,9999999
48698,0,3462,27.4,21.16,0.0,0.0,28.26,293.37,1.2,13,100600.0,9999999
48698,0,3463,27.6,21.03,28.0,28.0,28.26,294.07,1.5,13,100700.0,9999999
48698,0,3464,28.1,21.16,162.0,136.0,28.26,294.07,1.0,13,100700.0,9999999
48698,0,3465,28.5,21.42,322.0,265.0,28.26,293.89,0.5,13,100700.0,9999999
48698,0,3466,29.0,21.55,461.0,390.0,28.26,293.02,0.0,0,100800.0,9999999
48698,0,3467,29.0,21.42,518.0,441.0,28.26,293.02,0.4,16,100700.0,9999999
48698,0,3468,29.1,21.29,513.0,427.0,28.26,293.2,0.7,16,100600.0,9999999
48698,0,3469,29.1,21.16,455.0,410.0,28.26,293.2,1.0,16,100600.0,9999999
48698,0,3470,29.1,21.16,356.0,343.0,28.26,293.2,1.4,16,100500.0,9999999
48698,0,3471,29.2,21.03,238.0,231.0,28.26,292.14,1.7,16,100500.0,9999999
48698,0,3472,29.2,20.9,123.0,123.0,28.26,292.14,2.1,4,100400.0,9999999
48698,0,3473,29.0,20.9,63.0,63.0,28.26,291.96,1.9,4,100500.0,9999999
48698,0,3474,28.9,20.9,11.0,11.0,28.26,291.96,1.7,4,100500.0,9999999
48698,0,3475,28.7,20.9,0.0,0.0,28.26,291.61,1.5,6,100500.0,9999999
48698,0,3476,28.5,20.9,0.0,0.0,28.26,291.43,1.0,6,100600.0,9999999
48698,0,3477,28.4,20.9,0.0,0.0,28.26,291.43,0.5,6,100700.0,9999999
48698,0,3478,28.2,20.9,0.0,0.0,28.26,291.25,0.0,0,100800.0,9999999
48698,0,3479,28.2,20.9,0.0,0.0,28.26,291.25,0.6,16,100700.0,9999999
48698,0,3480,28.2,21.03,0.0,0.0,28.26,291.25,1.2,16,100700.0,9999999
48698,0,3481,28.3,21.03,0.0,0.0,28.26,291.25,1.8,16,100700.0,9999999
48698,0,3482,28.2,21.29,0.0,0.0,28.26,292.32,2.3,16,100700.0,9999999
48698,0,3483,28.2,21.42,0.0,0.0,28.26,292.32,2.7,16,100600.0,9999999
48698,0,3484,28.2,21.55,0.0,0.0,28.26,292.32,3.2,16,100600.0,9999999
48698,0,3485,28.0,21.29,0.0,0.0,28.26,292.85,4.5,16,100600.0,9999999
48698,0,3486,27.8,20.9,0.0,0.0,28.26,293.72,5.9,16,100700.0,9999999
48698,0,3487,27.6,20.65,28.0,28.0,28.26,294.07,7.2,6,100700.0,9999999
48698,0,3488,27.4,20.4,162.0,136.0,28.26,293.89,6.0,6,100700.0,9999999
48698,0,3489,27.3,20.15,322.0,264.0,28.26,293.02,4.8,6,100700.0,9999999
48698,0,3490,27.1,19.91,461.0,390.0,28.26,292.85,3.6,6,100700.0,9999999
48698,0,3491,27.0,19.66,562.0,468.0,28.26,292.67,2.4,6,100700.0,9999999
48698,0,3492,26.8,19.42,614.0,434.0,28.26,291.79,1.2,6,100700.0,9999999
48698,0,3493,26.7,19.19,615.0,434.0,28.26,291.79,0.0,0,100700.0,9999999
48698,0,3494,27.3,19.42,471.0,397.0,28.26,292.32,0.3,16,100700.0,9999999
48698,0,3495,28.0,19.66,293.0,280.0,28.26,293.02,0.7,16,100600.0,9999999
48698,0,3496,28.6,19.91,124.0,124.0,28.26,293.72,1.0,6,100500.0,9999999
48698,0,3497,28.2,19.91,63.0,63.0,28.26,292.67,1.0,6,100600.0,9999999
48698,0,3498,27.9,20.03,11.0,11.0,28.26,292.49,1.0,6,100600.0,9999999
48698,0,3499,27.5,20.03,0.0,0.0,28.26,291.43,1.0,7,100700.0,9999999
48698,0,3500,27.3,20.15,0.0,0.0,28.26,291.25,0.7,7,100700.0,9999999
48698,0,3501,27.2,20.27,0.0,0.0,28.26,291.07,0.3,7,100800.0,9999999
48698,0,3502,27.0,20.4,0.0,0.0,28.26,289.99,0.0,0,100800.0,9999999
48698,0,3503,27.0,20.27,0.0,0.0,28.26,289.99,0.2,16,100800.0,9999999
48698,0,3504,27.0,20.03,0.0,0.0,28.26,289.81,0.3,16,100800.0,9999999
48698,0,3505,27.0,19.91,0.0,0.0,28.26,289.81,0.5,8,100800.0,9999999
48698,0,3506,26.9,19.91,0.0,0.0,28.26,289.81,0.3,8,100800.0,9999999
48698,0,3507,26.8,20.03,0.0,0.0,28.26,289.63,0.2,8,100700.0,9999999
48698,0,3508,26.7,20.03,0.0,0.0,28.26,289.63,0.0,0,100700.0,9999999
48698,0,3509,25.8,19.3,0.0,0.0,28.26,289.63,1.4,16,100700.0,9999999
48698,0,3510,24.9,18.49,0.0,0.0,28.26,289.81,2.7,16,100800.0,9999999
48698,0,3511,24.0,17.71,28.0,28.0,28.26,289.45,4.1,12,100800.0,9999999
48698,0,3512,25.2,18.38,162.0,136.0,28.26,290.72,3.4,12,100800.0,9999999
48698,0,3513,26.4,18.95,321.0,260.0,28.26,292.67,2.8,12,100800.0,9999999
48698,0,3514,27.6,19.54,460.0,389.0,28.26,293.89,2.1,8,100800.0,9999999
48698,0,3515,28.0,19.42,561.0,467.0,28.26,294.24,2.9,8,100800.0,9999999
48698,0,3516,28.3,19.19,613.0,433.0,28.26,294.41,3.8,8,100800.0,9999999
48698,0,3517,28.7,19.07,614.0,434.0,28.26,294.93,4.6,8,100700.0,9999999
48698,0,3518,29.3,18.84,563.0,469.0,28.26,294.76,3.8,8,100600.0,9999999
48698,0,3519,29.8,18.49,464.0,404.0,28.26,294.07,2.9,8,100500.0,9999999
48698,0,3520,30.4,18.26,326.0,279.0,28.26,292.85,2.1,12,100400.0,9999999
48698,0,3521,29.8,18.61,166.0,141.0,28.26,294.07,1.4,12,100500.0,9999999
48698,0,3522,29.2,18.84,30.0,30.0,28.26,294.59,0.7,12,100600.0,9999999
48698,0,3523,28.6,19.19,0.0,0.0,28.26,294.76,0.0,0,100700.0,9999999
48698,0,3524,28.4,19.3,0.0,0.0,28.26,293.89,0.0,0,100700.0,9999999
48698,0,3525,28.2,19.54,0.0,0.0,28.26,293.89,0.0,0,100700.0,9999999
48698,0,3526,28.0,19.66,0.0,0.0,28.26,293.02,0.0,0,100700.0,9999999
48698,0,3527,27.9,19.78,0.0,0.0,28.26,292.49,0.0,0,100700.0,9999999
48698,0,3528,27.7,20.03,0.0,0.0,28.26,291.61,0.0,0,100700.0,9999999
48698,0,3529,27.5,20.15,0.0,0.0,28.26,290.36,0.0,0,100700.0,9999999
48698,0,3530,27.2,20.15,0.0,0.0,28.26,291.07,0.0,0,100700.0,9999999
48698,0,3531,26.9,20.27,0.0,0.0,28.26,290.89,0.0,0,100700.0,9999999
48698,0,3532,26.6,20.27,0.0,0.0,28.26,290.54,0.0,0,100600.0,9999999
48698,0,3533,26.9,20.65,0.0,0.0,28.26,290.89,0.0,0,100700.0,9999999
48698,0,3534,27.2,21.03,0.0,0.0,28.26,291.25,0.0,0,100700.0,9999999
48698,0,3535,27.5,21.42,28.0,28.0,28.26,290.54,0.0,0,100700.0,9999999
48698,0,3536,28.7,21.03,160.0,135.0,28.26,292.67,0.9,16,100700.0,9999999
48698,0,3537,29.8,20.78,320.0,260.0,28.26,293.72,1.7,16,100700.0,9999999
48698,0,3538,31.0,20.4,459.0,388.0,28.26,294.76,2.6,7,100700.0,9999999
48698,0,3539,31.3,20.65,559.0,466.0,28.26,295.1,2.8,7,100700.0,9999999
48698,0,3540,31.7,20.9,611.0,432.0,28.26,295.61,2.9,7,100600.0,9999999
48698,0,3541,32.0,21.16,612.0,433.0,28.26,295.96,3.1,7,100600.0,9999999
48698,0,3542,31.4,21.03,561.0,468.0,28.26,296.63,3.8,7,100500.0,9999999
48698,0,3543,30.8,21.03,462.0,403.0,28.26,297.31,4.4,7,100500.0,9999999
48698,0,3544,30.2,20.9,325.0,278.0,28.26,297.47,5.1,7,100400.0,9999999
48698,0,3545,28.2,19.66,139.0,130.0,28.26,296.46,4.8,7,100500.0,9999999
48698,0,3546,26.3,18.38,19.0,19.0,28.26,294.41,4.4,7,100500.0,9999999
48698,0,3547,24.3,17.06,0.0,0.0,28.26,293.72,4.1,3,100600.0,9999999
48698,0,3548,25.0,17.49,0.0,0.0,28.26,291.79,3.1,3,100600.0,9999999
48698,0,3549,25.8,17.93,0.0,0.0,28.26,291.07,2.0,3,100700.0,9999999
48698,0,3550,26.5,18.38,0.0,0.0,28.26,290.18,1.0,5,100700.0,9999999
48698,0,3551,26.3,18.61,0.0,0.0,28.26,289.99,0.9,5,100700.0,9999999
48698,0,3552,26.2,18.84,0.0,0.0,28.26,289.81,0.8,5,100700.0,9999999
48698,0,3553,26.0,19.19,0.0,0.0,28.26,289.81,0.7,5,100700.0,9999999
48698,0,3554,25.8,19.42,0.0,0.0,28.26,289.63,0.7,5,100600.0,9999999
48698,0,3555,25.7,19.66,0.0,0.0,28.26,289.63,0.6,5,100600.0,9999999
48698,0,3556,25.5,19.91,0.0,0.0,28.26,289.45,0.5,13,100600.0,9999999
48698,0,3557,25.4,19.42,0.0,0.0,28.26,289.27,1.2,13,100700.0,9999999
48698,0,3558,25.2,18.95,0.0,0.0,28.26,288.9,1.9,13,100700.0,9999999
48698,0,3559,25.1,18.49,27.0,27.0,28.26,287.8,2.6,11,100800.0,9999999
48698,0,3560,26.2,18.61,160.0,135.0,28.26,288.9,2.2,11,100800.0,9999999
48698,0,3561,27.3,18.84,320.0,259.0,28.26,289.99,1.9,11,100800.0,9999999
48698,0,3562,28.4,18.95,459.0,388.0,28.26,291.07,1.5,13,100800.0,9999999
48698,0,3563,28.6,18.95,467.0,394.0,28.26,292.32,1.5,13,100800.0,9999999
48698,0,3564,28.9,18.84,387.0,363.0,28.26,293.72,1.5,13,100700.0,9999999
48698,0,3565,29.1,18.84,232.0,224.0,28.26,294.59,1.5,16,100600.0,9999999
48698,0,3566,29.1,19.3,213.0,209.0,28.26,294.07,1.3,16,100600.0,9999999
48698,0,3567,29.1,19.78,175.0,174.0,28.26,292.85,1.2,16,100500.0,9999999
48698,0,3568,29.1,20.27,123.0,123.0,28.26,291.96,1.0,4,100400.0,9999999
48698,0,3569,28.5,19.78,105.0,105.0,28.26,291.25,0.5,4,100500.0,9999999
48698,0,3570,28.0,18.84,26.0,26.0,28.26,290.72,0.0,0,100500.0,9999999
48698,0,3571,27.8,18.72,0.0,0.0,28.26,290.36,0.0,0,100500.0,9999999
48698,0,3572,27.7,19.07,0.0,0.0,28.26,290.36,0.0,0,100600.0,9999999
48698,0,3573,27.5,19.3,0.0,0.0,28.26,290.18,0.0,0,100700.0,9999999
48698,0,3574,27.4,19.66,0.0,0.0,28.26,290.18,0.0,0,100700.0,9999999
48698,0,3575,27.2,19.78,0.0,0.0,28.26,291.07,0.0,0,100700.0,9999999
48698,0,3576,26.9,19.91,0.0,0.0,28.26,290.72,0.0,0,100700.0,9999999
48698,0,3577,26.7,20.03,0.0,0.0,28.26,290.54,0.0,0,100700.0,9999999
48698,0,3578,26.7,20.15,0.0,0.0,28.26,290.54,0.3,16,100600.0,9999999
48698,0,3579,26.7,20.27,0.0,0.0,28.26,290.72,0.7,16,100600.0,9999999
48698,0,3580,26.7,20.4,0.0,0.0,28.26,289.63,1.0,1,100600.0,9999999
48698,0,3581,26.9,20.4,0.0,0.0,28.26,289.81,1.0,1,100600.0,9999999
48698,0,3582,27.2,20.52,0.0,0.0,28.26,290.18,1.0,1,100600.0,9999999
48698,0,3583,27.4,20.52,35.0,35.0,28.26,290.36,1.0,1,100700.0,9999999
48698,0,3584,28.4,20.15,209.0,134.0,28.26,291.25,1.4,1,100700.0,9999999
48698,0,3585,29.5,19.91,417.0,225.0,28.26,292.32,1.7,1,100800.0,9999999
48698,0,3586,30.5,19.54,599.0,282.0,28.26,293.2,2.1,4,100800.0,9999999
48698,0,3587,30.5,19.54,829.0,274.0,28.26,293.2,2.1,4,100800.0,9999999
48698,0,3588,30.5,19.54,925.0,180.0,28.26,293.2,2.1,4,100800.0,9999999
48698,0,3589,30.5,19.54,927.0,134.0,28.26,293.2,2.1,4,100800.0,9999999
48698,0,3590,30.7,19.54,850.0,135.0,28.26,293.37,3.5,4,100700.0,9999999
48698,0,3591,30.8,19.66,700.0,142.0,28.26,293.55,4.8,4,100500.0,9999999
48698,0,3592,31.0,19.66,486.0,145.0,28.26,293.72,6.2,4,100400.0,9999999
48698,0,3593,30.4,20.03,248.0,129.0,28.26,293.2,4.8,4,100500.0,9999999
48698,0,3594,29.7,20.4,46.0,43.0,28.26,292.49,3.5,4,100500.0,9999999
48698,0,3595,29.1,20.78,0.0,0.0,28.26,292.14,2.1,4,100600.0,9999999
48698,0,3596,28.9,20.9,0.0,0.0,28.26,291.96,2.4,4,100700.0,9999999
48698,0,3597,28.8,20.9,0.0,0.0,28.26,291.79,2.8,4,100700.0,9999999
48698,0,3598,28.6,21.03,0.0,0.0,28.26,291.61,3.1,4,100800.0,9999999
48698,0,3599,28.6,20.65,0.0,0.0,28.26,291.61,2.6,4,100800.0,9999999
48698,0,3600,28.5,20.4,0.0,0.0,28.26,291.43,2.0,4,100800.0,9999999
48698,0,3601,28.5,20.03,0.0,0.0,28.26,291.43,1.5,5,100800.0,9999999
48698,0,3602,28.3,20.15,0.0,0.0,28.26,291.25,1.2,5,100800.0,9999999
48698,0,3603,28.2,20.15,0.0,0.0,28.26,291.07,1.0,5,100800.0,9999999
48698,0,3604,28.0,20.27,0.0,0.0,28.26,290.89,0.7,5,100800.0,9999999
48698,0,3605,27.8,20.4,0.0,0.0,28.26,290.72,0.5,5,100800.0,9999999
48698,0,3606,27.7,20.4,0.0,0.0,28.26,290.72,0.2,5,100800.0,9999999
48698,0,3607,27.5,20.52,27.0,27.0,28.26,290.54,0.0,0,100800.0,9999999
48698,0,3608,28.8,20.9,159.0,134.0,28.26,291.79,1.2,16,100800.0,9999999
48698,0,3609,30.0,21.29,317.0,258.0,28.26,293.02,2.4,16,100800.0,9999999
48698,0,3610,31.3,21.68,455.0,385.0,28.26,294.41,3.6,4,100800.0,9999999
48698,0,3611,32.0,21.29,555.0,463.0,28.26,295.96,4.1,4,100800.0,9999999
48698,0,3612,32.2,20.9,608.0,430.0,28.26,296.8,3.4,4,100700.0,9999999
48698,0,3613,32.5,21.81,608.0,431.0,28.26,297.81,2.6,4,100700.0,9999999
48698,0,3614,31.6,20.15,559.0,467.0,28.26,296.63,2.9,4,100600.0,9999999
48698,0,3615,30.6,19.78,461.0,402.0,28.26,295.61,3.3,4,100600.0,9999999
48698,0,3616,29.7,19.42,324.0,278.0,28.26,294.76,3.6,4,100600.0,9999999
48698,0,3617,29.5,19.3,166.0,141.0,28.26,294.41,2.4,4,100600.0,9999999
48698,0,3618,29.2,19.3,31.0,31.0,28.26,294.76,1.2,4,100600.0,9999999
48698,0,3619,29.1,19.54,0.0,0.0,28.26,294.76,0.0,0,100700.0,9999999
48698,0,3620,29.0,19.78,0.0,0.0,28.26,294.59,0.3,16,100700.0,9999999
48698,0,3621,28.9,20.15,0.0,0.0,28.26,294.07,0.7,16,100800.0,9999999
48698,0,3622,28.7,20.52,0.0,0.0,28.26,293.89,1.0,4,100800.0,9999999
48698,0,3623,28.5,20.78,0.0,0.0,28.26,293.72,0.7,4,100800.0,9999999
48698,0,3624,28.1,21.03,0.0,0.0,27.88,293.37,0.0,0,100700.0,9999999
48698,0,3625,27.7,21.16,0.0,0.0,27.88,293.55,0.0,0,100700.0,9999999
48698,0,3626,27.3,21.16,0.0,0.0,27.88,293.2,0.5,15,100700.0,9999999
48698,0,3627,27.1,21.16,0.0,0.0,27.88,293.02,0.5,13,100600.0,9999999
48698,0,3628,26.9,21.16,0.0,0.0,27.88,292.85,0.5,15,100600.0,9999999
48698,0,3629,26.8,21.29,0.0,0.0,27.88,292.67,0.0,0,100600.0,9999999
48698,0,3630,26.0,21.29,0.0,0.0,27.88,291.43,0.5,16,100700.0,9999999
48698,0,3631,26.5,21.03,28.0,28.0,27.88,291.79,1.0,15,100800.0,9999999
48698,0,3632,27.0,22.62,161.0,140.0,27.88,292.67,0.5,15,100900.0,9999999
48698,0,3633,25.0,18.84,320.0,258.0,27.88,289.99,5.1,9,100900.0,9999999
48698,0,3634,24.9,18.49,459.0,386.0,27.88,289.81,2.1,12,101000.0,9999999
48698,0,3635,27.0,20.03,557.0,464.0,27.88,291.61,1.0,11,100900.0,9999999
48698,0,3636,30.0,18.84,610.0,429.0,27.88,294.24,2.5,11,100900.0,9999999
48698,0,3637,31.0,18.72,612.0,430.0,27.88,294.59,2.6,11,100700.0,9999999
48698,0,3638,31.0,18.84,735.0,327.0,27.88,294.59,3.6,9,100700.0,9999999
48698,0,3639,31.0,18.84,608.0,274.0,27.88,294.59,2.5,9,100600.0,9999999
48698,0,3640,31.0,18.84,430.0,208.0,27.88,293.55,2.5,9,100500.0,9999999
48698,0,3641,30.0,21.29,222.0,146.0,27.88,293.02,1.5,9,100500.0,9999999
48698,0,3642,29.0,21.29,43.0,43.0,27.88,291.96,1.5,9,100500.0,9999999
48698,0,3643,28.0,20.03,0.0,0.0,27.88,289.45,1.5,10,100600.0,9999999
48698,0,3644,28.0,20.03,0.0,0.0,27.88,290.89,0.0,0,100700.0,9999999
48698,0,3645,28.0,21.29,0.0,0.0,27.88,291.07,1.0,9,100800.0,9999999
48698,0,3646,28.0,20.03,0.0,0.0,27.88,290.89,1.0,10,100800.0,9999999
48698,0,3647,27.0,18.84,0.0,0.0,27.88,290.72,0.5,11,100800.0,9999999
48698,0,3648,27.0,20.03,0.0,0.0,27.88,291.61,0.5,11,100700.0,9999999
48698,0,3649,27.0,21.29,0.0,0.0,27.88,292.32,1.5,9,100600.0,9999999
48698,0,3650,27.0,18.84,0.0,0.0,27.88,291.96,0.5,12,100600.0,9999999
48698,0,3651,27.0,21.29,0.0,0.0,27.88,291.79,1.5,9,100600.0,9999999
48698,0,3652,28.0,20.03,0.0,0.0,27.88,292.49,2.0,10,100600.0,9999999
48698,0,3653,27.0,20.03,0.0,0.0,27.88,291.61,0.0,0,100700.0,9999999
48698,0,3654,27.0,20.03,0.0,0.0,27.88,291.61,0.0,0,100700.0,9999999
48698,0,3655,27.0,21.29,10.0,10.0,27.88,291.79,0.0,0,100800.0,9999999
48698,0,3656,28.0,21.29,161.0,136.0,27.88,292.85,2.5,10,100800.0,9999999
48698,0,3657,29.0,20.03,121.0,121.0,27.88,293.55,4.6,9,100800.0,9999999
48698,0,3658,30.0,20.03,173.0,172.0,27.88,295.1,3.0,10,100700.0,9999999
48698,0,3659,31.0,20.03,211.0,207.0,27.88,296.13,2.5,9,100700.0,9999999
48698,0,3660,31.0,20.03,608.0,348.0,27.88,296.13,2.0,9,100700.0,9999999
48698,0,3661,32.0,21.29,231.0,202.0,27.88,297.31,2.5,9,100600.0,9999999
48698,0,3662,32.0,18.84,735.0,401.0,27.88,296.3,4.1,9,100500.0,9999999
48698,0,3663,32.0,18.84,608.0,273.0,27.88,296.3,3.0,8,100500.0,9999999
48698,0,3664,32.0,18.38,328.0,252.0,27.88,295.44,2.1,9,100400.0,9999999
48698,0,3665,31.0,18.84,170.0,148.0,27.88,294.59,1.0,9,100300.0,9999999
48698,0,3666,30.0,20.03,33.0,33.0,27.88,293.72,1.0,9,100500.0,9999999
48698,0,3667,29.5,21.29,0.0,0.0,27.88,292.49,1.5,8,100500.0,9999999
48698,0,3668,30.0,18.84,0.0,0.0,27.88,292.49,2.5,7,100600.0,9999999
48698,0,3669,30.0,20.03,0.0,0.0,27.88,292.85,2.5,7,100700.0,9999999
48698,0,3670,29.5,21.16,0.0,0.0,27.88,292.49,4.1,6,100700.0,9999999
48698,0,3671,29.0,21.29,0.0,0.0,27.88,293.02,5.1,5,100800.0,9999999
48698,0,3672,29.0,21.29,0.0,0.0,27.88,293.72,5.1,5,100700.0,9999999
48698,0,3673,29.1,21.68,0.0,0.0,27.88,294.59,5.7,5,100600.0,9999999
48698,0,3674,29.0,21.29,0.0,0.0,27.88,293.72,4.1,5,100600.0,9999999
48698,0,3675,29.0,22.62,0.0,0.0,27.88,293.2,3.6,6,100600.0,9999999
48698,0,3676,28.7,20.78,0.0,0.0,27.88,291.61,3.1,6,100500.0,9999999
48698,0,3677,28.0,21.29,0.0,0.0,27.88,292.14,4.1,7,100600.0,9999999
48698,0,3678,28.0,20.03,0.0,0.0,27.88,291.79,4.1,7,100600.0,9999999
48698,0,3679,28.7,19.3,27.0,27.0,27.88,292.32,3.6,7,100600.0,9999999
48698,0,3680,29.0,20.03,161.0,139.0,27.88,292.85,3.6,7,100700.0,9999999
48698,0,3681,29.0,21.29,318.0,257.0,27.88,293.02,2.5,7,100700.0,9999999
48698,0,3682,30.2,21.95,455.0,384.0,27.88,294.24,3.6,7,100600.0,9999999
48698,0,3683,31.0,20.03,555.0,462.0,27.88,295.44,3.6,7,100700.0,9999999
48698,0,3684,32.0,21.29,606.0,428.0,27.88,296.63,4.6,6,100700.0,9999999
48698,0,3685,31.6,21.16,608.0,429.0,27.88,296.8,4.1,6,100600.0,9999999
48698,0,3686,31.0,20.03,560.0,466.0,27.88,295.44,4.6,7,100500.0,9999999
48698,0,3687,31.0,20.03,463.0,402.0,27.88,294.76,5.1,6,100500.0,9999999
48698,0,3688,30.9,19.66,328.0,279.0,27.88,293.55,3.6,7,100400.0,9999999
48698,0,3689,31.0,20.03,170.0,148.0,27.88,294.76,4.1,7,100500.0,9999999
48698,0,3690,30.0,20.03,33.0,33.0,27.88,294.59,3.6,7,100600.0,9999999
48698,0,3691,30.0,19.91,0.0,0.0,27.88,295.1,2.6,3,100600.0,9999999
48698,0,3692,29.0,21.29,0.0,0.0,27.88,293.72,6.1,4,100700.0,9999999
48698,0,3693,29.0,20.03,0.0,0.0,27.88,292.85,5.1,5,100800.0,9999999
48698,0,3694,29.3,20.9,0.0,0.0,27.88,292.32,4.6,4,100700.0,9999999
48698,0,3695,29.0,21.29,0.0,0.0,27.88,291.96,3.6,4,100800.0,9999999
48698,0,3696,29.0,20.03,0.0,0.0,27.88,291.79,4.1,7,100700.0,9999999
48698,0,3697,28.0,21.29,0.0,0.0,27.88,291.07,4.1,5,100700.0,9999999
48698,0,3698,29.0,21.29,0.0,0.0,27.88,290.72,4.1,5,100600.0,9999999
48698,0,3699,29.0,21.29,0.0,0.0,27.88,290.72,4.1,6,100600.0,9999999
48698,0,3700,28.3,20.9,0.0,0.0,27.88,289.99,2.7,6,100600.0,9999999
48698,0,3701,27.7,20.4,0.0,0.0,27.88,289.27,1.4,6,100600.0,9999999
48698,0,3702,27.0,20.03,0.0,0.0,27.88,288.54,0.0,0,100600.0,9999999
48698,0,3703,27.6,20.65,35.0,35.0,27.88,290.54,1.0,8,100600.0,9999999
48698,0,3704,30.0,20.03,197.0,142.0,27.88,293.72,3.6,8,100700.0,9999999
48698,0,3705,30.0,20.03,359.0,267.0,27.88,294.59,3.6,7,100800.0,9999999
48698,0,3706,30.1,20.65,455.0,365.0,27.88,295.27,2.1,9,100800.0,9999999
48698,0,3707,31.0,20.03,554.0,461.0,27.88,296.13,2.5,6,100800.0,9999999
48698,0,3708,32.0,21.29,606.0,427.0,27.88,297.31,3.0,8,100700.0,9999999
48698,0,3709,31.3,20.4,608.0,428.0,27.88,296.46,3.6,6,100600.0,9999999
48698,0,3710,32.0,20.03,559.0,465.0,27.88,296.97,2.0,7,100600.0,9999999
48698,0,3711,32.0,20.03,463.0,402.0,27.88,296.97,2.5,9,100500.0,9999999
48698,0,3712,31.0,20.9,327.0,279.0,27.88,296.3,3.1,5,100400.0,9999999
48698,0,3713,29.0,18.84,171.0,148.0,27.88,293.37,3.0,1,100500.0,9999999
48698,0,3714,28.0,17.71,33.0,33.0,27.88,291.43,2.0,3,100500.0,9999999
48698,0,3715,27.7,18.26,0.0,0.0,27.88,290.18,1.5,4,100400.0,9999999
48698,0,3716,28.0,20.03,0.0,0.0,27.88,291.79,1.0,3,100600.0,9999999
48698,0,3717,29.0,21.29,0.0,0.0,27.88,294.41,5.6,5,100700.0,9999999
48698,0,3718,29.1,20.9,0.0,0.0,27.88,294.93,4.6,5,100700.0,9999999
48698,0,3719,29.0,21.29,0.0,0.0,27.88,294.41,4.1,5,100700.0,9999999
48698,0,3720,29.0,21.29,0.0,0.0,27.88,293.72,4.6,5,100700.0,9999999
48698,0,3721,28.7,20.78,0.0,0.0,27.88,292.67,4.6,5,100600.0,9999999
48698,0,3722,29.0,20.03,0.0,0.0,27.88,292.85,4.6,5,100600.0,9999999
48698,0,3723,29.0,20.03,0.0,0.0,27.88,292.85,4.1,6,100500.0,9999999
48698,0,3724,28.7,20.65,0.0,0.0,27.88,291.61,3.1,7,100500.0,9999999
48698,0,3725,29.0,20.03,0.0,0.0,27.88,292.85,3.0,7,100600.0,9999999
48698,0,3726,29.0,20.03,0.0,0.0,27.88,294.07,2.5,6,100600.0,9999999
48698,0,3727,28.8,21.29,27.0,27.0,27.88,294.76,1.0,10,100600.0,9999999
48698,0,3728,27.7,20.52,159.0,138.0,27.88,293.02,6.6,12,100700.0,9999999
48698,0,3729,26.6,17.71,318.0,256.0,27.88,289.99,1.0,12,100700.0,9999999
48698,0,3730,25.5,19.07,454.0,383.0,27.88,288.35,1.5,2,100700.0,9999999
48698,0,3731,27.0,18.84,554.0,461.0,27.88,289.63,1.0,9,100700.0,9999999
48698,0,3732,29.0,18.84,607.0,426.0,27.88,291.61,2.0,8,100700.0,9999999
48698,0,3733,30.4,17.93,609.0,428.0,27.88,292.85,2.1,8,100500.0,9999999
48698,0,3734,31.0,16.65,634.0,402.0,27.88,293.02,1.5,9,100500.0,9999999
48698,0,3735,32.0,16.65,572.0,309.0,27.88,294.07,1.5,9,100500.0,9999999
48698,0,3736,32.1,16.24,431.0,212.0,27.88,294.07,1.0,9,100400.0,9999999
48698,0,3737,32.0,14.69,253.0,120.0,27.88,293.55,1.0,11,100500.0,9999999
48698,0,3738,31.0,15.64,51.0,46.0,27.88,292.85,0.0,0,100500.0,9999999
48698,0,3739,28.5,15.74,0.0,0.0,27.88,290.54,0.0,0,100500.0,9999999
48698,0,3740,28.0,15.64,0.0,0.0,27.88,289.99,0.0,0,100600.0,9999999
48698,0,3741,28.0,15.64,0.0,0.0,27.88,288.54,0.0,0,100700.0,9999999
48698,0,3742,27.6,16.04,0.0,0.0,27.88,288.35,0.0,0,100700.0,9999999
48698,0,3743,27.0,16.65,0.0,0.0,27.88,287.8,0.0,0,100700.0,9999999
48698,0,3744,27.0,17.71,0.0,0.0,27.88,288.17,0.0,0,100700.0,9999999
48698,0,3745,26.6,18.72,0.0,0.0,27.88,289.27,0.0,0,100600.0,9999999
48698,0,3746,27.0,20.03,0.0,0.0,27.88,289.81,0.0,0,100600.0,9999999
48698,0,3747,26.0,20.03,0.0,0.0,27.88,288.9,0.5,14,100600.0,9999999
48698,0,3748,26.4,20.15,0.0,0.0,27.88,289.27,1.5,15,100500.0,9999999
48698,0,3749,26.0,18.84,0.0,0.0,27.88,288.72,0.0,0,100600.0,9999999
48698,0,3750,26.0,18.84,0.0,0.0,27.88,288.72,0.0,0,100600.0,9999999
48698,0,3751,26.8,19.78,40.0,37.0,27.88,289.63,0.0,0,100600.0,9999999
48698,0,3752,29.0,18.84,239.0,131.0,27.88,292.67,0.5,10,100700.0,9999999
48698,0,3753,30.0,21.29,469.0,160.0,27.88,294.76,2.0,5,100700.0,9999999
48698,0,3754,31.1,21.29,654.0,186.0,27.88,296.46,4.1,5,100700.0,9999999
48698,0,3755,32.0,21.29,755.0,279.0,27.88,297.31,3.0,4,100700.0,9999999
48698,0,3756,30.0,18.84,746.0,367.0,27.88,295.44,4.6,8,100600.0,9999999
48698,0,3757,29.0,18.26,608.0,450.0,27.88,294.41,2.1,7,100600.0,9999999
48698,0,3758,28.0,20.03,558.0,464.0,27.88,293.2,2.5,4,100600.0,9999999
48698,0,3759,27.0,20.03,462.0,401.0,27.88,290.89,1.5,16,100500.0,9999999
48698,0,3760,27.4,18.84,328.0,279.0,27.88,289.99,1.0,1,100400.0,9999999
48698,0,3761,28.0,20.03,171.0,148.0,27.88,291.79,0.0,0,100500.0,9999999
48698,0,3762,27.0,18.84,34.0,34.0,27.88,290.72,0.0,0,100500.0,9999999
48698,0,3763,27.0,20.03,0.0,0.0,27.88,291.61,0.0,0,100600.0,9999999
48698,0,3764,27.0,20.03,0.0,0.0,27.88,292.14,3.0,4,100600.0,9999999
48698,0,3765,28.0,20.03,0.0,0.0,27.88,293.2,1.5,5,100700.0,9999999
48698,0,3766,27.9,21.42,0.0,0.0,27.88,293.89,1.0,4,100700.0,9999999
48698,0,3767,28.0,21.29,0.0,0.0,27.88,293.37,0.5,10,100700.0,9999999
48698,0,3768,27.0,20.03,0.0,0.0,27.88,290.89,0.0,0,100700.0,9999999
48698,0,3769,26.9,21.03,0.0,0.0,27.88,289.99,0.0,0,100600.0,9999999
48698,0,3770,27.0,21.29,0.0,0.0,27.88,290.18,0.0,0,100700.0,9999999
48698,0,3771,27.0,21.29,0.0,0.0,27.88,290.18,0.5,13,100700.0,9999999
48698,0,3772,26.6,20.78,0.0,0.0,27.88,289.63,0.0,0,100600.0,9999999
48698,0,3773,27.0,20.03,0.0,0.0,27.88,290.89,0.5,14,100700.0,9999999
48698,0,3774,24.0,17.71,0.0,0.0,27.88,288.17,6.6,12,100900.0,9999999
48698,0,3775,23.8,17.28,26.0,26.0,27.88,288.54,3.6,13,100900.0,9999999
48698,0,3776,24.0,16.65,159.0,137.0,27.88,287.99,2.0,13,100900.0,9999999
48698,0,3777,25.0,17.71,316.0,254.0,27.88,288.54,2.5,13,100900.0,9999999
48698,0,3778,27.9,17.82,454.0,382.0,27.88,290.36,2.6,11,100800.0,9999999
48698,0,3779,29.0,16.65,682.0,372.0,27.88,291.25,1.5,12,100800.0,9999999
48698,0,3780,31.0,16.65,831.0,312.0,27.88,293.02,2.5,10,100700.0,9999999
48698,0,3781,31.6,16.96,881.0,275.0,27.88,293.72,3.1,10,100600.0,9999999
48698,0,3782,32.0,17.71,839.0,172.0,27.88,294.24,2.5,9,100600.0,9999999
48698,0,3783,32.0,17.71,702.0,136.0,27.88,294.24,2.5,10,100500.0,9999999
48698,0,3784,31.7,18.49,498.0,113.0,27.88,294.07,3.1,9,100400.0,9999999
48698,0,3785,31.0,16.65,260.0,122.0,27.88,293.02,2.0,8,100500.0,9999999
48698,0,3786,30.0,18.84,52.0,46.0,27.88,292.49,1.5,9,100500.0,9999999
48698,0,3787,29.0,17.71,0.0,0.0,27.88,291.43,1.5,9,100600.0,9999999
48698,0,3788,28.0,20.03,0.0,0.0,27.88,290.89,1.5,8,100700.0,9999999
48698,0,3789,28.0,20.03,0.0,0.0,27.88,290.89,0.5,8,100700.0,9999999
48698,0,3790,27.7,20.52,0.0,0.0,27.88,290.72,1.0,9,100700.0,9999999
48698,0,3791,28.0,21.29,0.0,0.0,27.88,291.07,0.0,0,100800.0,9999999
48698,0,3792,28.0,21.29,0.0,0.0,27.88,291.07,0.0,0,100800.0,9999999
48698,0,3793,28.0,21.55,0.0,0.0,27.88,291.07,0.0,0,100800.0,9999999
48698,0,3794,28.0,21.29,0.0,0.0,27.88,291.07,0.0,0,100700.0,9999999
48698,0,3795,28.0,21.29,0.0,0.0,27.88,291.07,0.0,0,100700.0,9999999
48698,0,3796,27.4,22.08,0.0,0.0,27.88,290.72,0.0,0,100600.0,9999999
48698,0,3797,28.0,21.29,0.0,0.0,27.88,291.07,0.0,0,100600.0,9999999
48698,0,3798,27.0,21.29,0.0,0.0,27.88,290.18,0.0,0,100700.0,9999999
48698,0,3799,28.2,21.42,26.0,26.0,27.88,291.25,0.0,0,100600.0,9999999
48698,0,3800,29.0,21.29,177.0,135.0,27.88,293.02,1.0,1,100700.0,9999999
48698,0,3801,30.0,21.29,386.0,232.0,27.88,294.76,0.5,4,100800.0,9999999
48698,0,3802,30.5,21.95,589.0,277.0,27.88,295.96,3.1,6,100700.0,9999999
48698,0,3803,32.0,20.03,754.0,293.0,27.88,296.97,2.0,9,100800.0,9999999
48698,0,3804,32.0,21.29,852.0,298.0,27.88,297.31,3.0,7,100700.0,9999999
48698,0,3805,32.5,20.65,876.0,265.0,27.88,297.64,2.6,8,100600.0,9999999
48698,0,3806,33.0,20.03,763.0,298.0,27.88,297.47,2.5,8,100600.0,9999999
48698,0,3807,33.0,18.84,569.0,326.0,27.88,296.46,2.5,7,100600.0,9999999
48698,0,3808,32.4,20.15,328.0,255.0,27.88,295.1,2.6,6,100500.0,9999999
48698,0,3809,31.0,20.03,171.0,149.0,27.88,294.76,2.0,6,100600.0,9999999
48698,0,3810,31.0,21.29,34.0,34.0,27.88,294.93,3.6,6,100600.0,9999999
48698,0,3811,30.0,21.29,0.0,0.0,27.88,294.07,4.6,7,100700.0,9999999
48698,0,3812,29.0,21.29,0.0,0.0,27.88,293.72,3.6,6,100700.0,9999999
48698,0,3813,29.0,21.29,0.0,0.0,27.88,293.72,5.6,6,100800.0,9999999
48698,0,3814,29.1,21.68,0.0,0.0,27.88,294.59,5.7,5,100800.0,9999999
48698,0,3815,29.0,21.29,0.0,0.0,27.88,293.72,5.6,5,100900.0,9999999
48698,0,3816,29.0,21.29,0.0,0.0,27.88,293.02,5.6,5,100800.0,9999999
48698,0,3817,29.0,21.16,0.0,0.0,27.88,291.96,4.6,6,100800.0,9999999
48698,0,3818,29.0,21.29,0.0,0.0,27.88,291.96,5.6,6,100800.0,9999999
48698,0,3819,29.0,21.29,0.0,0.0,27.88,291.96,5.6,6,100800.0,9999999
48698,0,3820,29.0,20.03,0.0,0.0,27.88,291.79,5.1,6,100800.0,9999999
48698,0,3821,29.0,20.03,0.0,0.0,27.88,291.79,4.1,5,100800.0,9999999
48698,0,3822,29.0,20.03,0.0,0.0,27.88,291.79,3.6,5,100800.0,9999999
48698,0,3823,29.0,21.29,34.0,34.0,27.88,291.96,4.6,6,100800.0,9999999
48698,0,3824,29.0,22.62,59.0,59.0,27.88,292.32,4.6,5,100900.0,9999999
48698,0,3825,30.0,21.29,119.0,119.0,27.88,293.02,4.6,5,100900.0,9999999
48698,0,3826,30.7,21.68,450.0,199.0,27.88,293.72,4.1,5,100900.0,9999999
48698,0,3827,31.0,21.29,549.0,457.0,27.88,294.93,4.1,6,100900.0,9999999
48698,0,3828,31.0,22.62,601.0,425.0,27.88,295.27,5.1,5,100900.0,9999999
48698,0,3829,31.5,21.81,604.0,426.0,27.88,295.61,3.6,6,100800.0,9999999
48698,0,3830,31.0,21.29,556.0,463.0,27.88,294.93,4.1,6,100700.0,9999999
48698,0,3831,31.0,21.29,461.0,401.0,27.88,294.93,4.1,7,100700.0,9999999
48698,0,3832,31.5,17.93,329.0,280.0,27.88,294.76,5.1,8,100600.0,9999999
48698,0,3833,31.0,18.84,172.0,149.0,27.88,294.59,5.1,7,100700.0,9999999
48698,0,3834,30.0,20.03,35.0,35.0,27.88,293.72,4.6,7,100700.0,9999999
48698,0,3835,30.0,20.03,0.0,0.0,27.88,292.85,4.1,7,100700.0,9999999
48698,0,3836,30.0,20.03,0.0,0.0,27.88,292.85,3.6,7,100800.0,9999999
48698,0,3837,29.0,20.03,0.0,0.0,27.88,291.79,3.6,5,100900.0,9999999
48698,0,3838,29.0,20.03,0.0,0.0,27.88,291.79,4.6,5,100900.0,9999999
48698,0,3839,29.0,21.29,0.0,0.0,27.88,291.96,4.6,5,100900.0,9999999
48698,0,3840,29.0,21.29,0.0,0.0,27.88,291.96,4.6,5,100900.0,9999999
48698,0,3841,29.0,20.15,0.0,0.0,27.88,291.79,4.6,5,100800.0,9999999
48698,0,3842,29.0,20.03,0.0,0.0,27.88,292.85,4.1,5,100800.0,9999999
48698,0,3843,29.0,20.03,0.0,0.0,27.88,292.85,3.0,5,100800.0,9999999
48698,0,3844,28.8,20.78,0.0,0.0,27.88,292.67,3.1,5,100800.0,9999999
48698,0,3845,29.0,21.29,0.0,0.0,27.88,293.02,4.1,5,100900.0,9999999
48698,0,3846,29.0,20.03,0.0,0.0,27.88,292.85,4.6,6,100900.0,9999999
48698,0,3847,29.1,21.16,25.0,25.0,27.88,293.2,3.1,5,100900.0,9999999
48698,0,3848,30.0,21.29,156.0,130.0,27.88,294.07,3.6,5,100900.0,9999999
48698,0,3849,30.0,21.29,312.0,252.0,27.88,294.07,5.1,4,100900.0,9999999
48698,0,3850,31.2,21.81,449.0,379.0,27.88,295.27,4.1,5,100900.0,9999999
48698,0,3851,32.0,22.62,547.0,456.0,27.88,296.97,4.6,4,100900.0,9999999
48698,0,3852,32.0,22.62,600.0,424.0,27.88,297.47,3.6,5,100900.0,9999999
48698,0,3853,32.5,20.9,604.0,426.0,27.88,298.31,4.1,6,100700.0,9999999
48698,0,3854,32.0,21.29,728.0,326.0,27.88,297.31,4.6,6,100800.0,9999999
48698,0,3855,33.0,20.03,668.0,202.0,27.88,296.63,5.1,6,100700.0,9999999
48698,0,3856,31.2,20.4,491.0,136.0,27.88,294.07,4.6,5,100600.0,9999999
48698,0,3857,31.0,20.03,258.0,125.0,27.88,293.72,4.6,6,100700.0,9999999
48698,0,3858,31.0,20.03,53.0,47.0,27.88,293.72,5.1,6,100700.0,9999999
48698,0,3859,30.0,20.15,0.0,0.0,27.88,292.85,5.1,7,100700.0,9999999
48698,0,3860,30.0,20.03,0.0,0.0,27.88,293.72,4.1,5,100900.0,9999999
48698,0,3861,29.0,20.03,0.0,0.0,27.88,292.85,4.6,6,100900.0,9999999
48698,0,3862,29.4,20.03,0.0,0.0,27.88,293.2,5.1,6,100900.0,9999999
48698,0,3863,29.0,20.03,0.0,0.0,27.88,292.85,4.6,5,100900.0,9999999
48698,0,3864,29.0,20.03,0.0,0.0,27.88,292.85,4.6,6,100900.0,9999999
48698,0,3865,28.7,20.4,0.0,0.0,27.88,291.61,4.1,5,100900.0,9999999
48698,0,3866,29.0,21.29,0.0,0.0,27.88,293.02,4.1,5,100800.0,9999999
48698,0,3867,28.6,21.16,0.0,0.0,27.88,292.67,3.4,5,100700.0,9999999
48698,0,3868,28.3,21.03,0.0,0.0,27.88,292.32,2.6,5,100700.0,9999999
48698,0,3869,28.0,21.29,0.0,0.0,27.88,292.85,0.0,0,100800.0,9999999
48698,0,3870,28.0,21.29,0.0,0.0,27.88,292.85,1.5,5,100800.0,9999999
48698,0,3871,28.0,22.08,25.0,25.0,27.88,293.55,1.0,13,100800.0,9999999
48698,0,3872,27.0,20.03,155.0,135.0,27.88,291.61,6.6,12,100900.0,9999999
48698,0,3873,23.0,16.65,313.0,252.0,27.88,287.06,0.5,16,101000.0,9999999
48698,0,3874,25.6,18.04,450.0,379.0,27.88,289.09,2.1,13,101000.0,9999999
48698,0,3875,29.0,18.84,549.0,457.0,27.88,292.67,2.5,14,100900.0,9999999
48698,0,3876,30.0,17.71,603.0,423.0,27.88,293.37,2.0,14,100900.0,9999999
48698,0,3877,31.0,19.42,605.0,425.0,27.88,294.59,0.5,12,100800.0,9999999
48698,0,3878,30.0,19.78,557.0,463.0,27.88,293.72,1.2,12,100700.0,9999999
48698,0,3879,29.0,20.03,462.0,401.0,27.88,292.85,2.0,8,100700.0,9999999
48698,0,3880,29.5,17.49,329.0,280.0,27.88,291.79,3.1,8,100600.0,9999999
48698,0,3881,30.0,17.71,173.0,149.0,27.88,292.32,1.0,8,100700.0,9999999
48698,0,3882,29.0,18.84,35.0,35.0,27.88,291.61,1.0,8,100700.0,9999999
48698,0,3883,27.9,18.38,0.0,0.0,27.88,290.54,0.0,0,100700.0,9999999
48698,0,3884,28.0,17.71,0.0,0.0,27.88,290.36,0.0,0,100800.0,9999999
48698,0,3885,28.0,18.84,0.0,0.0,27.88,290.72,1.5,6,100800.0,9999999
48698,0,3886,28.6,20.27,0.0,0.0,27.88,291.43,2.6,5,100800.0,9999999
48698,0,3887,29.0,21.29,0.0,0.0,27.88,291.96,2.5,5,100900.0,9999999
48698,0,3888,28.0,21.29,0.0,0.0,27.88,291.07,2.5,5,100900.0,9999999
48698,0,3889,28.0,20.65,0.0,0.0,27.88,290.89,0.5,2,100800.0,9999999
48698,0,3890,26.8,19.91,0.0,0.0,27.88,289.63,0.3,2,100800.0,9999999
48698,0,3891,25.6,19.07,0.0,0.0,27.88,288.35,0.2,2,100700.0,9999999
48698,0,3892,24.4,18.26,0.0,0.0,27.88,287.06,0.0,0,100700.0,9999999
48698,0,3893,24.6,18.15,0.0,0.0,27.88,287.24,0.2,16,100700.0,9999999
48698,0,3894,24.8,17.93,0.0,0.0,27.88,287.43,0.3,16,100800.0,9999999
48698,0,3895,25.0,17.82,25.0,25.0,27.88,287.62,0.5,16,100800.0,9999999
48698,0,3896,26.6,18.04,155.0,135.0,27.88,289.09,0.5,16,100800.0,9999999
48698,0,3897,28.1,18.26,312.0,251.0,27.88,290.72,0.5,16,100900.0,9999999
48698,0,3898,29.7,18.49,449.0,378.0,27.88,292.14,0.5,14,100900.0,9999999
48698,0,3899,31.0,21.29,547.0,455.0,27.88,294.07,1.5,8,100900.0,9999999
48698,0,3900,31.0,20.03,601.0,423.0,27.88,293.72,2.0,6,100800.0,9999999
48698,0,3901,30.7,20.52,603.0,425.0,27.88,293.55,3.6,6,100700.0,9999999
48698,0,3902,31.0,21.29,555.0,463.0,27.88,294.93,1.0,5,100700.0,9999999
48698,0,3903,31.0,20.03,462.0,401.0,27.88,296.13,2.0,8,100700.0,9999999
48698,0,3904,30.4,20.15,328.0,280.0,27.88,296.13,0.0,0,100600.0,9999999
48698,0,3905,29.0,20.03,173.0,150.0,27.88,294.07,1.0,14,100700.0,9999999
48698,0,3906,29.0,20.03,36.0,36.0,27.88,292.85,0.0,0,100700.0,9999999
48698,0,3907,28.4,19.91,0.0,0.0,27.88,291.25,0.0,0,100700.0,9999999
48698,0,3908,28.0,18.84,0.0,0.0,27.88,290.72,0.0,0,100800.0,9999999
48698,0,3909,28.0,18.84,0.0,0.0,27.88,290.72,0.0,0,100900.0,9999999
48698,0,3910,27.9,18.49,0.0,0.0,27.88,290.54,0.0,0,100800.0,9999999
48698,0,3911,28.0,20.03,0.0,0.0,27.88,291.79,0.0,0,100900.0,9999999
48698,0,3912,28.0,21.29,0.0,0.0,27.88,292.85,0.5,3,100900.0,9999999
48698,0,3913,27.5,20.9,0.0,0.0,27.88,292.85,1.5,5,100800.0,9999999
48698,0,3914,28.0,21.29,0.0,0.0,27.88,293.89,1.0,6,100700.0,9999999
48698,0,3915,28.0,21.29,0.0,0.0,27.88,295.44,1.0,5,100700.0,9999999
48698,0,3916,28.0,21.03,0.0,0.0,27.88,298.14,1.0,6,100600.0,9999999
48698,0,3917,28.0,21.29,0.0,0.0,27.88,295.44,1.0,6,100700.0,9999999
48698,0,3918,27.0,20.03,0.0,0.0,27.88,292.67,1.0,5,100800.0,9999999
48698,0,3919,28.0,21.16,24.0,24.0,27.88,291.96,1.0,4,100800.0,9999999
48698,0,3920,29.0,21.29,154.0,129.0,27.88,293.02,2.5,6,100900.0,9999999
48698,0,3921,30.0,20.03,310.0,251.0,27.88,293.72,3.0,6,100900.0,9999999
48698,0,3922,30.7,21.42,446.0,377.0,27.88,294.76,2.6,5,100900.0,9999999
48698,0,3923,31.0,21.29,672.0,372.0,27.88,294.93,2.5,5,100900.0,9999999
48698,0,3924,32.0,21.29,820.0,313.0,27.88,295.96,2.5,5,100800.0,9999999
48698,0,3925,32.0,21.16,872.0,283.0,27.88,295.96,2.1,6,100700.0,9999999
48698,0,3926,32.0,21.29,803.0,212.0,27.88,295.96,2.5,6,100700.0,9999999
48698,0,3927,31.0,21.29,667.0,190.0,27.88,294.93,4.1,7,100600.0,9999999
48698,0,3928,31.2,22.49,474.0,158.0,27.88,294.41,4.6,5,100600.0,9999999
48698,0,3929,31.0,21.29,254.0,118.0,27.88,294.07,3.0,6,100600.0,9999999
48698,0,3930,30.0,21.29,53.0,48.0,27.88,293.02,2.5,5,100600.0,9999999
48698,0,3931,29.9,21.16,0.0,0.0,27.88,292.85,4.1,7,100700.0,9999999
48698,0,3932,30.0,21.29,0.0,0.0,27.88,294.07,3.0,7,100800.0,9999999
48698,0,3933,29.0,21.29,0.0,0.0,27.88,294.41,2.0,6,100900.0,9999999
48698,0,3934,29.2,21.42,0.0,0.0,27.88,295.1,2.1,6,100900.0,9999999
48698,0,3935,29.0,21.29,0.0,0.0,27.88,294.41,2.5,5,100900.0,9999999
48698,0,3936,29.0,21.29,0.0,0.0,27.88,293.02,2.0,5,100900.0,9999999
48698,0,3937,28.8,20.9,0.0,0.0,27.88,291.79,2.6,5,100800.0,9999999
48698,0,3938,29.0,21.29,0.0,0.0,27.88,293.02,2.0,6,100800.0,9999999
48698,0,3939,29.0,21.29,0.0,0.0,27.88,293.72,1.5,5,100800.0,9999999
48698,0,3940,28.5,20.9,0.0,0.0,27.88,293.72,2.6,5,100800.0,9999999
48698,0,3941,28.0,21.29,0.0,0.0,27.88,292.85,1.5,3,100900.0,9999999
48698,0,3942,28.0,21.29,0.0,0.0,27.88,292.85,0.0,0,100900.0,9999999
48698,0,3943,27.5,20.52,24.0,24.0,27.88,291.43,3.1,2,100900.0,9999999
48698,0,3944,27.0,20.03,153.0,129.0,27.88,290.89,0.0,0,100900.0,9999999
48698,0,3945,27.0,20.03,310.0,250.0,27.88,290.89,1.5,3,100900.0,9999999
48698,0,3946,29.4,20.03,447.0,377.0,27.88,292.14,1.0,4,100900.0,9999999
48698,0,3947,30.0,21.29,671.0,372.0,27.88,294.07,1.5,6,100900.0,9999999
48698,0,3948,31.0,21.29,820.0,312.0,27.88,294.93,2.0,4,100900.0,9999999
48698,0,3949,32.2,20.65,872.0,282.0,27.88,295.96,3.1,3,100700.0,9999999
48698,0,3950,33.0,17.71,789.0,257.0,27.88,296.97,2.5,4,100700.0,9999999
48698,0,3951,32.1,18.38,634.0,236.0,27.88,296.3,3.8,4,100600.0,9999999
48698,0,3952,31.3,19.07,431.0,215.0,27.88,296.13,5.1,5,100600.0,9999999
48698,0,3953,25.0,17.71,222.0,149.0,27.88,289.27,9.2,14,100800.0,9999999
48698,0,3954,23.0,17.71,45.0,45.0,27.88,287.24,3.6,14,100900.0,9999999
48698,0,3955,24.0,17.71,0.0,0.0,27.88,287.62,0.5,11,100900.0,9999999
48698,0,3956,24.0,17.71,0.0,0.0,27.88,287.62,0.0,0,100900.0,9999999
48698,0,3957,24.0,17.71,0.0,0.0,27.88,287.62,0.0,0,100900.0,9999999
48698,0,3958,24.5,18.26,0.0,0.0,27.88,287.24,0.0,0,101000.0,9999999
48698,0,3959,25.0,17.71,0.0,0.0,27.88,287.62,0.5,13,100900.0,9999999
48698,0,3960,25.0,17.71,0.0,0.0,27.88,287.62,0.0,0,100900.0,9999999
48698,0,3961,24.3,18.04,0.0,0.0,27.88,286.87,0.0,0,100900.0,9999999
48698,0,3962,25.0,18.84,0.0,0.0,27.88,287.8,1.0,14,100900.0,9999999
48698,0,3963,25.0,17.71,0.0,0.0,27.88,287.62,0.0,0,100800.0,9999999
48698,0,3964,24.4,17.6,0.0,0.0,27.88,286.87,0.0,0,100800.0,9999999
48698,0,3965,25.0,17.71,0.0,0.0,27.88,287.62,0.0,0,100900.0,9999999
48698,0,3966,25.0,17.71,0.0,0.0,27.88,287.62,1.0,13,100900.0,9999999
48698,0,3967,25.8,19.78,34.0,34.0,27.88,288.72,0.5,15,101000.0,9999999
48698,0,3968,28.0,20.03,209.0,122.0,27.88,291.79,0.5,10,100900.0,9999999
48698,0,3969,29.0,18.84,381.0,208.0,27.88,292.67,1.0,10,101000.0,9999999
48698,0,3970,29.4,19.19,446.0,341.0,27.88,293.02,1.0,8,101000.0,9999999
48698,0,3971,30.0,20.03,546.0,454.0,27.88,295.1,1.0,2,101000.0,9999999
48698,0,3972,32.0,20.03,599.0,422.0,27.88,298.31,0.0,0,100900.0,9999999
48698,0,3973,30.4,20.9,602.0,425.0,27.88,297.64,2.6,8,100900.0,9999999
48698,0,3974,27.0,16.65,558.0,463.0,27.88,292.14,3.6,12,100900.0,9999999
48698,0,3975,25.0,17.71,463.0,402.0,27.88,289.27,2.0,16,100900.0,9999999
48698,0,3976,26.0,19.19,330.0,281.0,27.88,288.72,0.5,12,100800.0,9999999
48698,0,3977,27.0,17.71,175.0,151.0,27.88,289.45,2.0,13,100800.0,9999999
48698,0,3978,26.0,18.84,37.0,37.0,27.88,288.72,1.5,13,100900.0,9999999
48698,0,3979,25.5,18.61,0.0,0.0,27.88,288.17,3.1,13,100900.0,9999999
48698,0,3980,25.0,18.84,0.0,0.0,27.88,287.8,1.5,13,100900.0,9999999
48698,0,3981,25.0,18.84,0.0,0.0,27.88,287.8,0.0,0,101000.0,9999999
48698,0,3982,25.2,18.26,0.0,0.0,27.88,287.8,0.5,8,101000.0,9999999
48698,0,3983,25.0,17.71,0.0,0.0,27.88,289.27,0.0,0,101000.0,9999999
48698,0,3984,25.0,18.84,0.0,0.0,27.88,290.54,0.0,0,101000.0,9999999
48698,0,3985,24.8,18.38,0.0,0.0,27.88,290.89,0.0,0,101000.0,9999999
48698,0,3986,25.0,18.84,0.0,0.0,27.88,290.54,0.0,0,100900.0,9999999
48698,0,3987,25.0,18.84,0.0,0.0,27.88,289.45,0.0,0,100900.0,9999999
48698,0,3988,24.9,18.72,0.0,0.0,27.88,287.62,0.0,0,100900.0,9999999
48698,0,3989,25.0,18.84,0.0,0.0,27.88,288.72,1.5,14,100900.0,9999999
48698,0,3990,25.0,18.84,0.0,0.0,27.88,288.72,1.5,13,100900.0,9999999
48698,0,3991,25.7,19.54,31.0,31.0,27.88,289.45,1.5,14,101000.0,9999999
48698,0,3992,27.0,20.03,199.0,126.0,27.88,291.61,1.5,14,101000.0,9999999
48698,0,3993,29.0,21.29,403.0,215.0,27.88,294.41,3.0,12,101100.0,9999999
48698,0,3994,29.6,20.27,583.0,264.0,27.88,295.27,3.6,12,101100.0,9999999
48698,0,3995,31.0,20.03,714.0,294.0,27.88,296.63,3.0,12,101000.0,9999999
48698,0,3996,32.0,21.29,783.0,301.0,27.88,297.81,2.5,11,101000.0,9999999
48698,0,3997,30.3,20.65,788.0,303.0,27.88,296.13,3.1,9,101000.0,9999999
48698,0,3998,31.1,20.27,684.0,370.0,27.88,296.13,3.6,9,100900.0,9999999
48698,0,3999,32.0,20.03,522.0,376.0,27.88,296.46,4.1,9,100800.0,9999999
48698,0,4000,31.1,19.42,330.0,257.0,27.88,294.76,4.1,9,100800.0,9999999
48698,0,4001,30.0,18.84,187.0,157.0,27.88,293.55,4.1,9,100800.0,9999999
48698,0,4002,29.0,18.84,42.0,42.0,27.88,292.67,1.5,9,100800.0,9999999
48698,0,4003,28.0,20.03,0.0,0.0,27.88,291.79,0.5,15,100900.0,9999999
48698,0,4004,27.0,18.84,0.0,0.0,27.88,290.72,0.0,0,100900.0,9999999
48698,0,4005,27.0,18.84,0.0,0.0,27.88,289.63,1.0,14,100900.0,9999999
48698,0,4006,26.2,19.42,0.0,0.0,27.88,289.09,1.0,15,101000.0,9999999
48698,0,4007,26.0,20.03,0.0,0.0,27.88,288.9,0.0,0,100900.0,9999999
48698,0,4008,26.0,18.84,0.0,0.0,27.88,287.43,0.0,0,100900.0,9999999
48698,0,4009,25.9,19.19,0.0,0.0,27.88,287.24,0.0,0,100900.0,9999999
48698,0,4010,26.0,17.71,0.0,0.0,27.88,287.06,0.5,15,100900.0,9999999
48698,0,4011,26.0,18.84,0.0,0.0,27.88,288.72,0.5,14,100800.0,9999999
48698,0,4012,25.5,19.07,0.0,0.0,27.88,288.35,0.5,15,100700.0,9999999
48698,0,4013,25.7,19.3,0.0,0.0,27.88,288.54,0.2,15,100800.0,9999999
48698,0,4014,25.8,19.42,0.0,0.0,27.88,288.72,0.0,0,100900.0,9999999
48698,0,4015,26.0,19.66,30.0,30.0,27.88,288.9,0.0,0,100900.0,9999999
48698,0,4016,29.0,21.29,207.0,122.0,27.88,293.02,0.0,0,100900.0,9999999
48698,0,4017,29.0,20.03,435.0,190.0,27.88,293.55,1.5,10,100900.0,9999999
48698,0,4018,30.5,20.27,643.0,194.0,27.88,295.61,2.1,8,101000.0,9999999
48698,0,4019,30.0,20.03,745.0,272.0,27.88,295.61,2.5,9,100900.0,9999999
48698,0,4020,30.0,21.29,735.0,370.0,27.88,295.96,1.5,7,100900.0,9999999
48698,0,4021,29.3,20.15,602.0,447.0,27.88,295.61,1.5,9,100900.0,9999999
48698,0,4022,27.0,18.84,466.0,391.0,27.88,292.49,4.1,14,100900.0,9999999
48698,0,4023,27.0,20.03,292.0,278.0,27.88,292.67,0.5,16,100800.0,9999999
48698,0,4024,26.8,19.42,125.0,125.0,27.88,291.79,5.1,2,100800.0,9999999
48698,0,4025,26.0,20.03,111.0,111.0,27.88,290.72,2.0,4,100800.0,9999999
48698,0,4026,27.0,20.03,31.0,31.0,27.88,290.89,1.0,3,100800.0,9999999
48698,0,4027,26.4,19.78,0.0,0.0,27.88,289.27,1.5,4,100800.0,9999999
48698,0,4028,26.0,20.03,0.0,0.0,27.88,288.9,0.0,0,100900.0,9999999
48698,0,4029,26.0,18.84,0.0,0.0,27.88,288.72,0.5,1,100900.0,9999999
48698,0,4030,25.7,19.54,0.0,0.0,27.88,288.54,0.0,0,101100.0,9999999
48698,0,4031,26.0,20.03,0.0,0.0,27.88,288.9,1.0,14,101000.0,9999999
48698,0,4032,26.0,20.03,0.0,0.0,27.88,288.9,0.0,0,101000.0,9999999
48698,0,4033,25.6,19.54,0.0,0.0,27.88,288.54,0.5,1,101000.0,9999999
48698,0,4034,26.0,20.03,0.0,0.0,27.88,289.99,0.5,12,100900.0,9999999
48698,0,4035,26.0,20.03,0.0,0.0,27.88,291.25,1.0,14,100900.0,9999999
48698,0,4036,26.1,18.26,0.0,0.0,27.88,291.43,5.1,12,100900.0,9999999
48698,0,4037,26.0,17.71,0.0,0.0,27.88,290.72,0.0,0,100800.0,9999999
48698,0,4038,25.0,17.71,0.0,0.0,27.88,289.27,0.0,0,100900.0,9999999
48698,0,4039,26.0,18.26,23.0,23.0,27.88,289.63,2.1,12,100900.0,9999999
48698,0,4040,27.0,17.71,152.0,127.0,27.88,290.36,3.0,10,100900.0,9999999
48698,0,4041,29.0,20.03,307.0,248.0,27.88,292.85,1.5,12,100900.0,9999999
48698,0,4042,28.6,19.07,445.0,375.0,27.88,291.25,2.1,13,101000.0,9999999
48698,0,4043,31.0,18.84,616.0,374.0,27.88,294.59,2.5,11,101000.0,9999999
48698,0,4044,31.0,18.84,737.0,364.0,27.88,294.59,4.6,12,100900.0,9999999
48698,0,4045,27.5,19.42,789.0,314.0,27.88,291.25,5.1,11,100800.0,9999999
48698,0,4046,31.0,17.71,686.0,376.0,27.88,294.24,4.6,12,100800.0,9999999
48698,0,4047,31.0,17.71,524.0,376.0,27.88,294.24,4.1,12,100800.0,9999999
48698,0,4048,31.0,17.82,332.0,257.0,27.88,293.37,4.1,12,100700.0,9999999
48698,0,4049,31.0,18.84,176.0,152.0,27.88,293.55,3.6,12,100800.0,9999999
48698,0,4050,30.0,17.71,38.0,38.0,27.88,292.32,2.0,13,100800.0,9999999
48698,0,4051,29.1,18.38,0.0,0.0,27.88,291.61,0.5,12,100800.0,9999999
48698,0,4052,28.0,18.84,0.0,0.0,27.88,290.72,0.5,12,100900.0,9999999
48698,0,4053,28.0,18.84,0.0,0.0,27.88,290.72,0.0,0,100900.0,9999999
48698,0,4054,27.4,19.54,0.0,0.0,27.88,290.18,0.0,0,101000.0,9999999
48698,0,4055,27.0,20.03,0.0,0.0,27.88,290.89,1.0,13,101000.0,9999999
48698,0,4056,27.0,20.03,0.0,0.0,27.88,291.61,0.0,0,101000.0,9999999
48698,0,4057,26.8,19.3,0.0,0.0,27.88,291.79,0.0,0,100900.0,9999999
48698,0,4058,27.0,18.84,0.0,0.0,27.88,291.43,0.5,13,100900.0,9999999
48698,0,4059,27.0,20.03,0.0,0.0,27.88,290.89,0.0,0,100800.0,9999999
48698,0,4060,26.2,20.15,0.0,0.0,27.88,289.09,0.0,0,100800.0,9999999
48698,0,4061,26.0,20.03,0.0,0.0,27.88,288.9,0.0,0,100900.0,9999999
48698,0,4062,26.0,20.03,0.0,0.0,27.88,288.9,0.0,0,100900.0,9999999
48698,0,4063,26.5,20.27,23.0,23.0,27.88,289.45,0.5,14,100900.0,9999999
48698,0,4064,27.0,21.29,150.0,127.0,27.88,291.07,0.5,15,100900.0,9999999
48698,0,4065,29.0,21.29,306.0,247.0,27.88,293.72,0.5,8,100900.0,9999999
48698,0,4066,30.1,21.81,442.0,373.0,27.88,295.44,1.5,6,100900.0,9999999
48698,0,4067,31.0,21.29,543.0,452.0,27.88,295.79,1.5,14,100900.0,9999999
48698,0,4068,31.0,20.03,598.0,421.0,27.88,295.44,1.5,8,100900.0,9999999
48698,0,4069,29.8,20.27,602.0,424.0,27.88,293.72,1.5,12,100800.0,9999999
48698,0,4070,31.0,20.03,556.0,463.0,27.88,294.76,2.0,10,100800.0,9999999
48698,0,4071,31.0,17.71,464.0,403.0,27.88,294.24,3.0,9,100700.0,9999999
48698,0,4072,30.8,18.26,332.0,282.0,27.88,294.24,3.6,9,100600.0,9999999
48698,0,4073,29.0,20.03,176.0,152.0,27.88,292.85,3.0,8,100700.0,9999999
48698,0,4074,29.0,20.03,38.0,38.0,27.88,292.85,2.5,10,100800.0,9999999
48698,0,4075,29.0,20.03,0.0,0.0,27.88,292.85,0.0,0,100800.0,9999999
48698,0,4076,28.0,20.03,0.0,0.0,27.88,291.79,0.5,13,100900.0,9999999
48698,0,4077,28.0,20.03,0.0,0.0,27.88,291.79,0.5,14,100900.0,9999999
48698,0,4078,27.7,19.91,0.0,0.0,27.88,291.61,0.5,16,101000.0,9999999
48698,0,4079,27.0,20.03,0.0,0.0,27.88,290.89,0.0,0,101000.0,9999999
48698,0,4080,27.0,20.03,0.0,0.0,27.88,290.89,0.5,15,100900.0,9999999
48698,0,4081,26.8,20.27,0.0,0.0,27.88,289.81,0.0,0,100900.0,9999999
48698,0,4082,26.0,21.29,0.0,0.0,27.88,289.09,0.0,0,100900.0,9999999
48698,0,4083,26.0,21.29,0.0,0.0,27.88,289.09,0.0,0,100900.0,9999999
48698,0,4084,26.3,21.16,0.0,0.0,27.88,289.45,0.5,12,100800.0,9999999
48698,0,4085,26.0,20.03,0.0,0.0,27.88,289.99,0.0,0,100800.0,9999999
48698,0,4086,25.0,20.03,0.0,0.0,27.88,288.9,0.0,0,100800.0,9999999
48698,0,4087,25.6,18.84,22.0,22.0,27.88,289.27,0.5,9,100900.0,9999999
48698,0,4088,27.0,20.03,150.0,130.0,27.88,290.89,0.5,10,100900.0,9999999
48698,0,4089,28.0,20.03,306.0,247.0,27.88,291.79,1.5,10,100900.0,9999999
48698,0,4090,29.0,21.42,442.0,373.0,27.88,292.14,2.6,7,100900.0,9999999
48698,0,4091,30.0,21.29,542.0,452.0,27.88,294.07,3.6,9,100900.0,9999999
48698,0,4092,30.0,21.29,596.0,421.0,27.88,295.27,5.6,9,100900.0,9999999
48698,0,4093,31.1,20.52,601.0,424.0,27.88,296.8,5.1,10,100900.0,9999999
48698,0,4094,30.0,20.03,556.0,463.0,27.88,295.1,6.1,9,100800.0,9999999
48698,0,4095,30.0,20.03,463.0,402.0,27.88,294.59,3.6,9,100700.0,9999999
48698,0,4096,29.5,19.3,332.0,282.0,27.88,293.2,3.6,8,100700.0,9999999
48698,0,4097,29.0,18.84,177.0,152.0,27.88,292.67,2.5,9,100700.0,9999999
48698,0,4098,29.0,18.84,39.0,39.0,27.88,292.67,2.5,9,100800.0,9999999
48698,0,4099,28.0,18.84,0.0,0.0,27.88,291.61,2.5,9,100800.0,9999999
48698,0,4100,28.0,18.84,0.0,0.0,27.88,291.61,1.5,12,100900.0,9999999
48698,0,4101,28.0,18.84,0.0,0.0,27.88,290.72,0.5,9,100900.0,9999999
48698,0,4102,28.0,18.49,0.0,0.0,27.88,290.54,2.1,9,101000.0,9999999
48698,0,4103,28.0,18.84,0.0,0.0,27.88,290.72,0.0,0,101000.0,9999999
48698,0,4104,27.0,18.84,0.0,0.0,27.88,289.63,0.0,0,100900.0,9999999
48698,0,4105,27.0,18.84,0.0,0.0,27.88,289.63,0.0,0,100900.0,9999999
48698,0,4106,27.0,18.84,0.0,0.0,27.88,289.63,1.5,10,100900.0,9999999
48698,0,4107,27.0,17.71,0.0,0.0,27.88,289.45,1.5,10,100900.0,9999999
48698,0,4108,27.0,18.15,0.0,0.0,27.88,289.63,1.0,10,100800.0,9999999
48698,0,4109,27.0,18.84,0.0,0.0,27.88,289.63,0.5,10,100900.0,9999999
48698,0,4110,27.0,18.84,0.0,0.0,27.88,289.63,0.5,10,100900.0,9999999
48698,0,4111,27.4,19.54,22.0,22.0,27.88,290.18,1.5,11,100900.0,9999999
48698,0,4112,29.0,20.03,149.0,129.0,27.88,293.55,3.6,9,100900.0,9999999
48698,0,4113,29.0,20.03,305.0,246.0,27.88,294.76,3.6,9,101000.0,9999999
48698,0,4114,29.8,21.03,442.0,373.0,27.88,296.3,4.1,9,101000.0,9999999
48698,0,4115,31.0,21.29,542.0,451.0,27.88,297.47,4.6,10,100900.0,9999999
48698,0,4116,31.0,20.03,597.0,420.0,27.88,297.31,2.0,9,100900.0,9999999
48698,0,4117,29.2,21.29,601.0,424.0,27.88,295.79,1.5,9,100900.0,9999999
48698,0,4118,30.0,20.03,628.0,386.0,27.88,295.61,3.6,8,100800.0,9999999
48698,0,4119,30.0,20.03,570.0,312.0,27.88,295.61,5.1,8,100700.0,9999999
48698,0,4120,30.6,19.66,435.0,215.0,27.88,295.61,4.6,8,100700.0,9999999
48698,0,4121,30.0,18.84,226.0,151.0,27.88,294.24,3.6,9,100700.0,9999999
48698,0,4122,29.0,20.03,48.0,48.0,27.88,293.55,3.0,8,100700.0,9999999
48698,0,4123,29.0,20.03,0.0,0.0,27.88,292.85,3.6,8,100800.0,9999999
48698,0,4124,29.0,20.03,0.0,0.0,27.88,292.85,1.5,9,100900.0,9999999
48698,0,4125,28.0,20.03,0.0,0.0,27.88,291.79,1.0,9,100900.0,9999999
48698,0,4126,27.9,20.15,0.0,0.0,27.88,290.72,0.0,0,100900.0,9999999
48698,0,4127,28.0,20.03,0.0,0.0,27.88,290.89,0.5,9,100900.0,9999999
48698,0,4128,28.0,20.03,0.0,0.0,27.88,290.89,0.0,0,100900.0,9999999
48698,0,4129,27.5,19.66,0.0,0.0,27.88,290.36,0.0,0,100800.0,9999999
48698,0,4130,27.0,18.84,0.0,0.0,27.88,290.72,1.0,8,100800.0,9999999
48698,0,4131,27.0,18.84,0.0,0.0,27.88,291.43,2.0,8,100700.0,9999999
48698,0,4132,27.6,19.54,0.0,0.0,27.88,292.67,1.5,8,100700.0,9999999
48698,0,4133,27.0,20.03,0.0,0.0,27.88,292.14,1.5,8,100800.0,9999999
48698,0,4134,27.0,20.03,0.0,0.0,27.88,292.14,0.0,0,100800.0,9999999
48698,0,4135,27.7,20.52,22.0,22.0,27.88,293.02,0.0,0,100800.0,9999999
48698,0,4136,29.0,20.03,149.0,129.0,27.88,294.07,1.5,9,100900.0,9999999
48698,0,4137,30.0,21.29,304.0,246.0,27.88,295.96,3.6,9,100900.0,9999999
48698,0,4138,29.5,20.4,442.0,372.0,27.88,295.27,3.1,9,100900.0,9999999
48698,0,4139,30.0,20.03,542.0,451.0,27.88,295.61,2.5,10,100900.0,9999999
48698,0,4140,31.0,21.29,596.0,421.0,27.88,296.8,3.0,10,100900.0,9999999
48698,0,4141,31.5,19.91,602.0,424.0,27.88,297.14,4.1,10,100800.0,9999999
48698,0,4142,31.0,18.84,557.0,463.0,27.88,295.79,5.1,8,100800.0,9999999
48698,0,4143,31.0,17.71,465.0,403.0,27.88,294.24,5.1,9,100700.0,9999999
48698,0,4144,31.3,18.95,333.0,283.0,27.88,293.89,4.6,8,100600.0,9999999
48698,0,4145,30.0,18.84,178.0,153.0,27.88,294.24,4.6,8,100700.0,9999999
48698,0,4146,29.0,20.03,39.0,39.0,27.88,294.76,4.1,7,100700.0,9999999
48698,0,4147,28.7,20.27,0.0,0.0,27.88,295.1,4.6,8,100700.0,9999999
48698,0,4148,28.0,20.03,0.0,0.0,27.88,293.72,4.1,7,100800.0,9999999
48698,0,4149,28.0,20.03,0.0,0.0,27.88,292.49,4.1,8,100900.0,9999999
48698,0,4150,27.8,19.66,0.0,0.0,27.88,290.54,1.0,9,100900.0,9999999
48698,0,4151,28.0,20.03,0.0,0.0,27.88,291.79,1.5,9,100900.0,9999999
48698,0,4152,27.0,20.03,0.0,0.0,27.88,292.14,1.0,9,100900.0,9999999
48698,0,4153,27.5,19.07,0.0,0.0,27.88,293.02,1.5,8,100900.0,9999999
48698,0,4154,28.0,20.03,0.0,0.0,27.88,293.72,1.0,9,100800.0,9999999
48698,0,4155,27.7,19.78,0.0,0.0,27.88,293.37,3.1,9,100800.0,9999999
48698,0,4156,27.4,19.54,0.0,0.0,27.88,293.02,5.1,9,100700.0,9999999
48698,0,4157,27.0,17.71,0.0,0.0,27.88,292.32,4.1,10,100900.0,9999999
48698,0,4158,27.0,18.84,0.0,0.0,27.88,291.96,2.5,9,100900.0,9999999
48698,0,4159,26.7,18.26,21.0,21.0,27.88,291.61,2.6,9,100800.0,9999999
48698,0,4160,27.0,17.71,149.0,128.0,27.88,291.07,4.1,10,100900.0,9999999
48698,0,4161,29.0,18.84,304.0,246.0,27.88,292.67,3.6,11,100900.0,9999999
48698,0,4162,30.0,17.6,443.0,373.0,27.88,292.32,5.1,12,100800.0,9999999
48698,0,4163,30.0,15.64,546.0,452.0,27.88,291.96,4.1,12,100800.0,9999999
48698,0,4164,30.0,17.71,599.0,420.0,27.88,292.32,6.6,9,100900.0,9999999
48698,0,4165,29.8,18.72,603.0,424.0,27.88,292.32,5.1,10,100800.0,9999999
48698,0,4166,30.0,17.71,558.0,464.0,27.88,292.32,3.6,9,100700.0,9999999
48698,0,4167,31.0,18.84,465.0,403.0,27.88,293.55,3.6,9,100700.0,9999999
48698,0,4168,30.5,18.61,333.0,284.0,27.88,293.02,3.6,9,100600.0,9999999
48698,0,4169,30.0,18.84,179.0,154.0,27.88,292.49,3.6,9,100600.0,9999999
48698,0,4170,29.0,20.03,40.0,40.0,27.88,291.79,4.1,8,100700.0,9999999
48698,0,4171,29.0,18.84,0.0,0.0,27.88,291.61,2.1,8,100600.0,9999999
48698,0,4172,28.0,20.03,0.0,0.0,27.88,290.89,4.1,9,100700.0,9999999
48698,0,4173,28.0,20.03,0.0,0.0,27.88,290.89,3.6,9,100800.0,9999999
48698,0,4174,28.3,20.4,0.0,0.0,27.88,291.25,3.1,9,100800.0,9999999
48698,0,4175,28.0,20.03,0.0,0.0,27.88,291.79,2.5,9,100800.0,9999999
48698,0,4176,28.0,20.03,0.0,0.0,27.88,292.49,0.5,9,100900.0,9999999
48698,0,4177,27.7,20.4,0.0,0.0,27.88,292.85,0.5,10,100800.0,9999999
48698,0,4178,28.0,20.03,0.0,0.0,27.88,293.72,0.5,9,100800.0,9999999
48698,0,4179,27.0,20.03,0.0,0.0,27.88,292.67,0.0,0,100800.0,9999999
48698,0,4180,26.7,18.15,0.0,0.0,27.88,292.67,1.0,14,100700.0,9999999
48698,0,4181,25.0,17.71,0.0,0.0,27.88,291.79,1.5,13,100800.0,9999999
48698,0,4182,25.0,18.84,0.0,0.0,27.88,291.96,0.0,0,100800.0,9999999
48698,0,4183,23.6,17.28,8.0,8.0,27.88,290.36,3.1,9,100900.0,9999999
48698,0,4184,25.0,18.84,56.0,56.0,27.88,291.25,0.0,0,100900.0,9999999
48698,0,4185,25.0,17.71,115.0,115.0,27.88,289.81,0.0,0,100900.0,9999999
48698,0,4186,25.5,18.61,168.0,167.0,27.88,289.09,0.0,0,100900.0,9999999
48698,0,4187,26.0,17.71,206.0,203.0,27.88,289.45,0.0,0,100900.0,9999999
48698,0,4188,27.0,20.03,226.0,222.0,27.88,290.89,4.1,8,100800.0,9999999
48698,0,4189,27.0,19.54,228.0,224.0,27.88,290.72,4.1,8,100800.0,9999999
48698,0,4190,27.0,18.84,212.0,208.0,27.88,290.72,6.6,8,100700.0,9999999
48698,0,4191,27.0,18.84,177.0,175.0,27.88,290.72,3.6,8,100700.0,9999999
48698,0,4192,27.6,19.42,127.0,127.0,27.88,291.43,2.6,7,100600.0,9999999
48698,0,4193,28.0,20.03,68.0,68.0,27.88,292.49,0.5,8,100700.0,9999999
48698,0,4194,27.0,18.84,15.0,15.0,27.88,291.96,1.5,7,100700.0,9999999
48698,0,4195,26.9,20.27,0.0,0.0,27.88,292.67,2.1,7,100700.0,9999999
48698,0,4196,27.0,20.03,0.0,0.0,27.88,292.14,3.0,7,100700.0,9999999
48698,0,4197,27.0,20.03,0.0,0.0,27.88,290.89,3.6,8,100800.0,9999999
48698,0,4198,26.7,19.19,0.0,0.0,27.88,289.45,2.6,8,100800.0,9999999
48698,0,4199,27.0,18.84,0.0,0.0,27.88,290.72,2.5,8,100800.0,9999999
48698,0,4200,26.0,20.03,0.0,0.0,27.88,290.72,1.5,8,100800.0,9999999
48698,0,4201,26.8,19.3,0.0,0.0,27.88,291.79,2.6,7,100700.0,9999999
48698,0,4202,27.0,20.03,0.0,0.0,27.88,291.61,3.0,7,100700.0,9999999
48698,0,4203,27.0,20.03,0.0,0.0,27.88,291.61,1.0,6,100600.0,9999999
48698,0,4204,26.4,19.66,0.0,0.0,27.88,290.18,0.5,6,100600.0,9999999
48698,0,4205,27.0,20.03,0.0,0.0,27.88,290.89,0.5,8,100600.0,9999999
48698,0,4206,27.0,20.03,0.0,0.0,27.88,290.89,1.0,8,100700.0,9999999
48698,0,4207,27.5,19.66,21.0,21.0,27.88,290.36,3.6,7,100700.0,9999999
48698,0,4208,29.0,21.29,147.0,128.0,27.88,293.02,3.0,8,100800.0,9999999
48698,0,4209,29.0,20.03,303.0,245.0,27.88,292.85,5.1,8,100800.0,9999999
48698,0,4210,30.4,20.9,440.0,371.0,27.88,294.41,3.1,8,100800.0,9999999
48698,0,4211,30.0,20.03,542.0,451.0,27.88,294.59,3.0,7,100800.0,9999999
48698,0,4212,27.0,18.84,598.0,420.0,27.88,291.43,7.7,7,100800.0,9999999
48698,0,4213,26.6,20.03,602.0,424.0,27.88,291.79,3.1,8,100700.0,9999999
48698,0,4214,31.0,18.84,558.0,464.0,27.88,295.27,5.6,8,100600.0,9999999
48698,0,4215,31.0,18.84,466.0,404.0,27.88,295.27,4.6,7,100600.0,9999999
48698,0,4216,30.0,18.15,335.0,285.0,27.88,293.37,3.6,7,100600.0,9999999
48698,0,4217,29.0,18.84,192.0,161.0,27.88,292.67,2.5,9,100600.0,9999999
48698,0,4218,29.0,18.84,46.0,46.0,27.88,292.67,1.5,9,100600.0,9999999
48698,0,4219,28.0,18.84,1.0,1.0,27.88,291.61,1.5,8,100600.0,9999999
48698,0,4220,28.0,18.84,0.0,0.0,27.88,291.61,1.0,9,100700.0,9999999
48698,0,4221,28.0,18.84,0.0,0.0,27.88,290.72,1.5,8,100700.0,9999999
48698,0,4222,27.8,19.3,0.0,0.0,27.88,290.54,0.0,0,100700.0,9999999
48698,0,4223,28.0,20.03,0.0,0.0,27.88,290.89,0.0,0,100800.0,9999999
48698,0,4224,28.0,18.84,0.0,0.0,27.88,290.72,1.5,8,100700.0,9999999
48698,0,4225,27.5,18.95,0.0,0.0,27.88,290.18,2.1,8,100600.0,9999999
48698,0,4226,27.0,18.84,0.0,0.0,27.88,289.63,0.0,0,100700.0,9999999
48698,0,4227,27.0,18.84,0.0,0.0,27.88,288.35,0.5,9,100600.0,9999999
48698,0,4228,27.1,19.07,0.0,0.0,27.88,288.54,1.0,8,100600.0,9999999
48698,0,4229,27.0,18.84,0.0,0.0,27.88,289.63,2.0,8,100700.0,9999999
48698,0,4230,27.0,18.84,0.0,0.0,27.88,290.72,2.0,8,100700.0,9999999
48698,0,4231,28.0,19.3,21.0,21.0,27.88,293.02,3.6,8,100700.0,9999999
48698,0,4232,29.0,20.03,147.0,127.0,27.88,294.07,2.5,8,100800.0,9999999
48698,0,4233,30.0,18.84,303.0,245.0,27.88,295.44,3.0,8,100800.0,9999999
48698,0,4234,30.5,19.3,441.0,371.0,27.88,295.96,2.6,8,100800.0,9999999
48698,0,4235,31.0,22.62,539.0,450.0,27.88,297.14,3.6,5,100800.0,9999999
48698,0,4236,29.0,18.84,598.0,420.0,27.88,294.41,6.1,8,100700.0,9999999
48698,0,4237,29.4,19.19,603.0,424.0,27.88,294.93,4.1,8,100600.0,9999999
48698,0,4238,31.0,20.03,557.0,464.0,27.88,296.13,6.1,9,100600.0,9999999
48698,0,4239,31.0,16.65,468.0,405.0,27.88,294.07,4.6,8,100600.0,9999999
48698,0,4240,31.0,16.96,336.0,285.0,27.88,293.2,4.1,9,100500.0,9999999
48698,0,4241,31.0,16.65,181.0,155.0,27.88,294.07,4.1,8,100600.0,9999999
48698,0,4242,29.0,18.84,41.0,41.0,27.88,293.89,2.5,9,100600.0,9999999
48698,0,4243,29.4,19.19,0.0,0.0,27.88,294.93,4.1,8,100600.0,9999999
48698,0,4244,28.0,20.03,0.0,0.0,27.88,293.2,3.0,8,100800.0,9999999
48698,0,4245,28.0,20.03,0.0,0.0,27.88,291.79,1.0,9,100800.0,9999999
48698,0,4246,28.0,20.4,0.0,0.0,27.88,290.89,1.5,8,100800.0,9999999
48698,0,4247,28.0,18.84,0.0,0.0,27.88,290.72,2.5,7,100900.0,9999999
48698,0,4248,27.0,18.84,0.0,0.0,27.88,288.35,0.5,8,100900.0,9999999
48698,0,4249,27.6,18.72,0.0,0.0,27.88,288.9,2.1,8,100800.0,9999999
48698,0,4250,27.0,20.03,0.0,0.0,27.88,288.54,3.0,8,100800.0,9999999
48698,0,4251,27.0,20.03,0.0,0.0,27.88,289.81,2.0,7,100700.0,9999999
48698,0,4252,27.5,20.52,0.0,0.0,27.88,290.54,2.6,7,100700.0,9999999
48698,0,4253,27.0,20.03,0.0,0.0,27.88,289.81,1.5,8,100800.0,9999999
48698,0,4254,27.0,20.03,0.0,0.0,27.88,289.81,3.6,8,100800.0,9999999
48698,0,4255,27.7,20.4,29.0,29.0,27.88,290.72,2.6,8,100800.0,9999999
48698,0,4256,29.0,20.03,200.0,122.0,27.88,292.85,6.1,8,100800.0,9999999
48698,0,4257,30.0,21.29,371.0,254.0,27.88,294.76,6.6,7,100800.0,9999999
48698,0,4258,30.6,19.66,440.0,337.0,27.88,295.61,4.1,7,100800.0,9999999
48698,0,4259,32.0,20.03,541.0,450.0,27.88,296.97,4.1,7,100800.0,9999999
48698,0,4260,32.0,20.03,597.0,420.0,27.88,296.97,7.2,6,100700.0,9999999
48698,0,4261,32.2,20.52,602.0,424.0,27.88,297.31,6.7,6,100700.0,9999999
48698,0,4262,31.0,20.03,630.0,387.0,27.88,296.13,7.2,6,100600.0,9999999
48698,0,4263,30.0,18.84,575.0,313.0,27.88,295.44,5.6,7,100600.0,9999999
48698,0,4264,31.0,20.03,439.0,217.0,27.88,296.63,7.2,7,100500.0,9999999
48698,0,4265,31.0,20.03,247.0,133.0,27.88,296.13,4.6,7,100600.0,9999999
48698,0,4266,30.0,20.03,58.0,53.0,27.88,295.1,3.6,8,100600.0,9999999
48698,0,4267,29.0,20.03,1.0,1.0,27.88,293.55,3.6,7,100700.0,9999999
48698,0,4268,29.0,20.03,0.0,0.0,27.88,292.85,2.5,7,100700.0,9999999
48698,0,4269,29.0,20.03,0.0,0.0,27.88,292.85,2.5,6,100800.0,9999999
48698,0,4270,29.0,20.27,0.0,0.0,27.88,291.96,4.1,7,100800.0,9999999
48698,0,4271,29.0,20.03,0.0,0.0,27.88,291.79,4.6,7,100900.0,9999999
48698,0,4272,29.0,20.03,0.0,0.0,27.88,291.79,3.0,8,100800.0,9999999
48698,0,4273,28.1,20.52,0.0,0.0,27.88,291.07,3.1,8,100800.0,9999999
48698,0,4274,28.0,20.03,0.0,0.0,27.88,290.89,3.0,8,100800.0,9999999
48698,0,4275,28.0,21.29,0.0,0.0,27.88,291.07,2.5,8,100700.0,9999999
48698,0,4276,28.0,20.65,0.0,0.0,27.88,290.89,3.1,8,100700.0,9999999
48698,0,4277,28.0,20.03,0.0,0.0,27.88,290.89,3.0,8,100800.0,9999999
48698,0,4278,28.0,20.03,0.0,0.0,27.88,290.89,5.1,6,100800.0,9999999
48698,0,4279,28.0,20.65,29.0,29.0,27.88,290.89,3.1,7,100800.0,9999999
48698,0,4280,29.0,20.03,199.0,122.0,27.88,292.85,4.6,8,100900.0,9999999
48698,0,4281,30.0,19.91,371.0,253.0,27.88,293.72,4.4,8,100900.0,9999999
48698,0,4282,31.0,19.78,440.0,336.0,27.88,294.76,4.1,7,100900.0,9999999
48698,0,4283,31.0,20.03,541.0,450.0,27.88,294.76,4.1,7,100900.0,9999999
48698,0,4284,27.0,17.71,599.0,420.0,27.88,290.36,3.0,7,100800.0,9999999
48698,0,4285,29.1,21.55,601.0,425.0,27.88,293.2,5.7,4,100700.0,9999999
48698,0,4286,30.0,21.29,557.0,464.0,27.88,294.76,4.1,6,100700.0,9999999
48698,0,4287,30.0,20.03,467.0,405.0,27.88,294.59,4.1,7,100600.0,9999999
48698,0,4288,30.8,19.54,336.0,286.0,27.88,295.79,4.6,8,100500.0,9999999
48698,0,4289,29.0,18.84,182.0,156.0,27.88,293.89,3.0,7,100600.0,9999999
48698,0,4290,29.0,20.03,42.0,42.0,27.88,293.55,2.0,7,100600.0,9999999
48698,0,4291,29.0,20.03,0.0,0.0,27.88,293.55,2.0,8,100600.0,9999999
48698,0,4292,28.0,21.29,0.0,0.0,27.88,292.85,3.0,7,100800.0,9999999
48698,0,4293,28.0,20.03,0.0,0.0,27.88,292.49,2.0,7,100800.0,9999999
48698,0,4294,28.0,20.27,0.0,0.0,27.88,291.96,1.0,9,100800.0,9999999
48698,0,4295,29.0,20.03,0.0,0.0,27.88,293.55,2.5,6,100900.0,9999999
48698,0,4296,28.0,20.03,0.0,0.0,27.88,292.49,1.5,8,100800.0,9999999
48698,0,4297,27.5,20.03,0.0,0.0,27.88,292.67,2.6,8,100800.0,9999999
48698,0,4298,27.0,20.03,0.0,0.0,27.88,291.61,5.6,7,100700.0,9999999
48698,0,4299,26.0,18.84,0.0,0.0,27.88,289.63,1.5,8,100700.0,9999999
48698,0,4300,25.8,19.07,0.0,0.0,27.88,288.54,1.5,8,100600.0,9999999
48698,0,4301,26.0,18.84,0.0,0.0,27.88,288.72,1.0,9,100600.0,9999999
48698,0,4302,27.0,20.03,0.0,0.0,27.88,289.81,2.5,8,100600.0,9999999
48698,0,4303,26.9,19.42,20.0,20.0,27.88,289.63,1.5,9,100600.0,9999999
48698,0,4304,29.0,20.03,145.0,126.0,27.88,292.85,3.0,8,100700.0,9999999
48698,0,4305,29.0,20.03,301.0,244.0,27.88,294.07,3.6,8,100800.0,9999999
48698,0,4306,30.1,21.03,439.0,370.0,27.88,295.96,3.1,7,100800.0,9999999
48698,0,4307,30.0,21.29,540.0,450.0,27.88,295.96,4.1,5,100800.0,9999999
48698,0,4308,31.0,21.29,596.0,420.0,27.88,296.8,2.0,7,100700.0,9999999
48698,0,4309,31.0,21.29,602.0,425.0,27.88,296.3,4.1,7,100700.0,9999999
48698,0,4310,31.0,20.03,559.0,465.0,27.88,296.13,3.0,6,100600.0,9999999
48698,0,4311,30.8,20.03,467.0,406.0,27.88,295.96,3.3,6,100500.0,9999999
48698,0,4312,30.6,20.03,336.0,286.0,27.88,295.61,3.6,5,100500.0,9999999
48698,0,4313,30.0,21.29,182.0,156.0,27.88,295.27,2.0,7,100500.0,9999999
48698,0,4314,29.0,21.29,42.0,42.0,27.88,293.72,1.0,4,100600.0,9999999
48698,0,4315,29.0,20.03,1.0,1.0,27.88,293.55,2.5,2,100600.0,9999999
48698,0,4316,28.0,20.03,0.0,0.0,27.88,292.49,0.5,14,100700.0,9999999
48698,0,4317,27.0,20.03,0.0,0.0,27.88,291.61,0.5,14,100800.0,9999999
48698,0,4318,27.2,20.9,0.0,0.0,27.88,291.25,0.5,13,100800.0,9999999
48698,0,4319,27.0,18.84,0.0,0.0,27.88,291.96,1.5,9,100900.0,9999999
48698,0,4320,25.9,18.38,0.0,0.0,27.88,291.43,4.6,6,100800.0,9999999
48698,0,4321,24.8,17.93,0.0,0.0,27.88,290.89,0.5,8,100700.0,9999999
48698,0,4322,25.0,18.84,0.0,0.0,27.88,290.54,0.0,0,100700.0,9999999
48698,0,4323,25.0,18.84,0.0,0.0,27.88,289.99,0.0,0,100600.0,9999999
48698,0,4324,24.9,19.07,0.0,0.0,27.88,288.72,0.0,0,100600.0,9999999
48698,0,4325,25.0,18.84,0.0,0.0,27.88,288.72,0.0,0,100600.0,9999999
48698,0,4326,25.0,18.84,0.0,0.0,27.88,288.72,0.5,14,100700.0,9999999
48698,0,4327,26.0,18.95,19.0,19.0,27.88,288.72,1.0,13,100700.0,9999999
48698,0,4328,27.0,20.03,145.0,126.0,27.88,290.89,0.5,13,100800.0,9999999
48698,0,4329,29.0,20.03,301.0,243.0,27.88,293.55,1.5,13,100800.0,9999999
48698,0,4330,30.2,20.52,439.0,370.0,27.88,295.44,2.6,13,100800.0,9999999
48698,0,4331,31.0,21.29,540.0,450.0,27.88,296.3,2.0,7,100800.0,9999999
48698,0,4332,31.0,21.29,596.0,421.0,27.88,296.3,4.1,8,100700.0,9999999
48698,0,4333,28.0,21.29,602.0,425.0,27.88,293.37,1.5,6,100600.0,9999999
48698,0,4334,26.0,17.71,561.0,466.0,27.88,290.72,2.0,14,100500.0,9999999
48698,0,4335,26.0,18.84,468.0,406.0,27.88,290.89,2.0,14,100500.0,9999999
48698,0,4336,27.2,18.84,338.0,287.0,27.88,292.14,0.5,14,100400.0,9999999
48698,0,4337,27.0,20.03,183.0,157.0,27.88,291.61,1.0,14,100500.0,9999999
48698,0,4338,26.5,19.54,42.0,42.0,27.88,291.07,2.0,14,100600.0,9999999
48698,0,4339,26.0,19.3,1.0,1.0,27.88,289.81,1.5,15,100700.0,9999999
48698,0,4340,25.7,19.07,0.0,0.0,27.88,289.45,0.0,0,100700.0,9999999
48698,0,4341,25.5,18.95,0.0,0.0,27.88,289.27,0.0,0,100700.0,9999999
48698,0,4342,25.6,18.84,0.0,0.0,27.88,288.35,0.0,0,100800.0,9999999
48698,0,4343,25.7,18.84,0.0,0.0,27.88,288.35,0.5,14,100700.0,9999999
48698,0,4344,25.8,18.84,0.0,0.0,27.4,288.54,0.0,14,100700.0,9999999
48698,0,4345,25.9,18.84,0.0,0.0,27.4,288.54,0.0,0,100700.0,9999999
48698,0,4346,25.8,18.84,0.0,0.0,27.4,288.54,0.0,0,100600.0,9999999
48698,0,4347,25.6,18.95,0.0,0.0,27.4,288.35,0.0,0,100600.0,9999999
48698,0,4348,25.5,18.95,0.0,0.0,27.4,288.17,0.0,0,100600.0,9999999
48698,0,4349,25.4,18.95,0.0,0.0,27.4,288.17,0.3,16,100600.0,9999999
48698,0,4350,26.2,18.72,0.0,0.0,27.4,288.9,0.7,16,100700.0,9999999
48698,0,4351,26.6,18.49,22.0,22.0,27.4,289.27,1.0,10,100700.0,9999999
48698,0,4352,27.7,18.72,153.0,128.0,27.4,291.25,1.2,10,100700.0,9999999
48698,0,4353,28.9,18.95,309.0,245.0,27.4,293.89,1.3,10,100800.0,9999999
48698,0,4354,30.0,19.19,446.0,373.0,27.4,295.44,1.5,10,100800.0,9999999
48698,0,4355,31.0,18.84,546.0,452.0,27.4,295.79,2.1,9,100700.0,9999999
48698,0,4356,31.0,18.84,602.0,420.0,27.4,295.27,1.5,10,100700.0,9999999
48698,0,4357,29.9,17.49,609.0,424.0,27.4,293.2,3.6,9,100600.0,9999999
48698,0,4358,31.0,17.71,566.0,468.0,27.4,294.24,2.6,9,100600.0,9999999
48698,0,4359,32.0,17.71,476.0,410.0,27.4,295.27,3.6,9,100500.0,9999999
48698,0,4360,31.3,17.17,347.0,291.0,27.4,293.55,4.1,9,100400.0,9999999
48698,0,4361,30.4,17.82,193.0,160.0,27.4,292.85,3.1,9,100500.0,9999999
48698,0,4362,29.4,18.49,48.0,48.0,27.4,291.96,2.0,9,100500.0,9999999
48698,0,4363,28.5,19.07,1.0,1.0,27.4,291.25,1.0,9,100500.0,9999999
48698,0,4364,28.2,18.95,0.0,0.0,27.4,290.89,0.7,9,100600.0,9999999
48698,0,4365,28.0,18.84,0.0,0.0,27.4,290.72,0.5,9,100700.0,9999999
48698,0,4366,28.1,18.61,0.0,0.0,27.4,290.72,0.5,8,100700.0,9999999
48698,0,4367,28.0,19.3,0.0,0.0,27.4,291.79,0.7,8,100700.0,9999999
48698,0,4368,28.0,21.29,0.0,0.0,27.4,292.14,1.0,8,100700.0,9999999
48698,0,4369,27.3,20.78,0.0,0.0,27.4,291.25,1.5,8,100600.0,9999999
48698,0,4370,27.0,21.29,0.0,0.0,27.4,291.79,1.0,9,100600.0,9999999
48698,0,4371,25.5,18.61,0.0,0.0,27.4,289.81,2.0,9,100500.0,9999999
48698,0,4372,24.1,17.6,0.0,0.0,27.4,288.9,3.1,9,100500.0,9999999
48698,0,4373,24.2,17.71,0.0,0.0,27.4,288.35,2.1,9,100500.0,9999999
48698,0,4374,24.2,17.71,0.0,0.0,27.4,287.8,1.0,9,100600.0,9999999
48698,0,4375,24.3,17.82,21.0,21.0,27.4,286.87,0.0,0,100600.0,9999999
48698,0,4376,25.5,18.15,128.0,119.0,27.4,288.17,0.0,0,100600.0,9999999
48698,0,4377,26.8,18.61,195.0,187.0,27.4,289.45,0.0,0,100600.0,9999999
48698,0,4378,28.0,18.95,169.0,162.0,27.4,290.72,0.0,0,100600.0,9999999
48698,0,4379,29.0,20.03,545.0,279.0,27.4,292.85,0.5,9,100600.0,9999999
48698,0,4380,29.2,19.91,445.0,405.0,27.4,293.02,1.5,9,100500.0,9999999
48698,0,4381,29.5,20.4,230.0,221.0,27.4,293.37,2.6,5,100500.0,9999999
48698,0,4382,30.0,20.03,564.0,290.0,27.4,293.72,1.5,6,100400.0,9999999
48698,0,4383,30.0,20.03,475.0,410.0,27.4,293.72,3.1,6,100400.0,9999999
48698,0,4384,29.5,19.78,346.0,291.0,27.4,293.2,2.6,7,100300.0,9999999
48698,0,4385,29.0,20.03,289.0,135.0,27.4,292.85,2.6,8,100400.0,9999999
48698,0,4386,28.5,20.03,72.0,54.0,27.4,292.32,2.0,8,100400.0,9999999
48698,0,4387,28.0,21.29,1.0,1.0,27.4,292.14,1.5,9,100400.0,9999999
48698,0,4388,28.0,20.03,0.0,0.0,27.4,291.79,1.5,8,100500.0,9999999
48698,0,4389,27.7,20.4,0.0,0.0,27.4,291.61,0.7,8,100500.0,9999999
48698,0,4390,27.5,20.52,0.0,0.0,27.4,291.43,0.0,0,100600.0,9999999
48698,0,4391,28.0,20.03,0.0,0.0,27.4,291.79,0.5,8,100600.0,9999999
48698,0,4392,27.0,21.29,0.0,0.0,27.4,291.07,2.1,7,100600.0,9999999
48698,0,4393,27.0,20.03,0.0,0.0,27.4,289.81,2.1,8,100600.0,9999999
48698,0,4394,26.6,19.78,0.0,0.0,27.4,289.45,1.4,8,100500.0,9999999
48698,0,4395,26.3,19.66,0.0,0.0,27.4,289.09,0.7,8,100500.0,9999999
48698,0,4396,25.9,19.42,0.0,0.0,27.4,288.72,0.0,0,100500.0,9999999
48698,0,4397,25.9,19.91,0.0,0.0,27.4,288.9,0.0,0,100500.0,9999999
48698,0,4398,26.0,20.03,0.0,0.0,27.4,288.9,0.0,0,100600.0,9999999
48698,0,4399,26.8,20.9,21.0,21.0,27.4,289.81,0.0,0,100600.0,9999999
48698,0,4400,28.0,21.29,152.0,128.0,27.4,293.37,0.0,0,100600.0,9999999
48698,0,4401,29.0,21.29,466.0,208.0,27.4,293.02,1.0,13,100700.0,9999999
48698,0,4402,25.7,19.54,445.0,330.0,27.4,295.61,2.6,16,100700.0,9999999
48698,0,4403,24.0,18.84,546.0,452.0,27.4,290.18,1.0,10,100700.0,9999999
48698,0,4404,24.0,18.84,602.0,420.0,27.4,289.09,0.0,0,100700.0,9999999
48698,0,4405,25.3,19.91,608.0,425.0,27.4,288.17,0.0,0,100700.0,9999999
48698,0,4406,25.1,19.91,565.0,468.0,27.4,287.99,0.0,0,100600.0,9999999
48698,0,4407,25.0,20.03,475.0,410.0,27.4,287.99,0.0,0,100500.0,9999999
48698,0,4408,25.8,19.78,347.0,291.0,27.4,288.72,0.0,0,100500.0,9999999
48698,0,4409,26.0,20.03,193.0,160.0,27.4,288.9,0.0,0,100500.0,9999999
48698,0,4410,25.8,19.78,48.0,48.0,27.4,288.72,0.0,0,100500.0,9999999
48698,0,4411,25.7,19.78,1.0,1.0,27.4,288.54,0.0,0,100600.0,9999999
48698,0,4412,25.5,19.91,0.0,0.0,27.4,288.35,0.0,0,100600.0,9999999
48698,0,4413,25.4,19.91,0.0,0.0,27.4,288.35,0.0,0,100700.0,9999999
48698,0,4414,25.2,19.91,0.0,0.0,27.4,288.17,0.0,0,100700.0,9999999
48698,0,4415,25.3,20.03,0.0,0.0,27.4,288.17,0.0,0,100700.0,9999999
48698,0,4416,25.3,20.27,0.0,0.0,27.4,288.35,0.0,0,100700.0,9999999
48698,0,4417,25.4,20.4,0.0,0.0,27.4,288.35,0.0,0,100700.0,9999999
48698,0,4418,25.0,20.03,0.0,0.0,27.4,287.99,0.0,0,100700.0,9999999
48698,0,4419,25.0,20.03,0.0,0.0,27.4,287.99,0.0,0,100700.0,9999999
48698,0,4420,25.0,20.03,0.0,0.0,27.4,287.99,0.0,0,100600.0,9999999
48698,0,4421,25.0,20.03,0.0,0.0,27.4,287.99,0.0,0,100700.0,9999999
48698,0,4422,25.1,20.15,0.0,0.0,27.4,288.17,0.0,0,100700.0,9999999
48698,0,4423,25.1,20.15,21.0,21.0,27.4,288.17,0.0,0,100700.0,9999999
48698,0,4424,26.1,20.27,151.0,127.0,27.4,289.99,0.5,16,100800.0,9999999
48698,0,4425,27.1,20.27,307.0,244.0,27.4,291.07,1.0,16,100800.0,9999999
48698,0,4426,28.1,20.4,444.0,372.0,27.4,291.96,1.5,9,100800.0,9999999
48698,0,4427,29.0,20.27,545.0,452.0,27.4,293.55,2.3,9,100800.0,9999999
48698,0,4428,30.0,20.03,602.0,420.0,27.4,294.59,3.1,9,100700.0,9999999
48698,0,4429,29.0,18.84,609.0,425.0,27.4,293.37,3.6,8,100700.0,9999999
48698,0,4430,29.2,20.03,565.0,469.0,27.4,293.72,3.1,8,100600.0,9999999
48698,0,4431,29.4,19.91,476.0,411.0,27.4,294.41,2.6,8,100600.0,9999999
48698,0,4432,29.6,19.78,347.0,292.0,27.4,294.59,2.1,8,100500.0,9999999
48698,0,4433,29.0,18.84,291.0,135.0,27.4,293.37,2.6,8,100600.0,9999999
48698,0,4434,28.0,18.84,73.0,55.0,27.4,292.32,1.0,9,100600.0,9999999
48698,0,4435,27.4,19.66,1.0,1.0,27.4,291.25,1.0,9,100600.0,9999999
48698,0,4436,27.2,19.66,0.0,0.0,27.4,291.07,0.8,9,100700.0,9999999
48698,0,4437,27.1,19.78,0.0,0.0,27.4,290.89,0.7,9,100700.0,9999999
48698,0,4438,26.9,19.78,0.0,0.0,27.4,289.81,0.5,9,100800.0,9999999
48698,0,4439,26.6,19.78,0.0,0.0,27.4,289.45,0.3,9,100800.0,9999999
48698,0,4440,26.4,19.78,0.0,0.0,27.4,289.27,0.2,9,100800.0,9999999
48698,0,4441,26.1,19.78,0.0,0.0,27.4,288.9,0.0,0,100800.0,9999999
48698,0,4442,26.0,20.03,0.0,0.0,27.4,289.99,0.0,0,100800.0,9999999
48698,0,4443,25.5,18.95,0.0,0.0,27.4,289.27,0.0,0,100700.0,9999999
48698,0,4444,25.0,18.49,0.0,0.0,27.4,288.72,0.0,0,100700.0,9999999
48698,0,4445,25.1,18.84,0.0,0.0,27.4,288.9,0.0,0,100700.0,9999999
48698,0,4446,25.2,19.19,0.0,0.0,27.4,288.9,0.0,0,100700.0,9999999
48698,0,4447,25.3,19.54,21.0,21.0,27.4,288.17,0.0,0,100800.0,9999999
48698,0,4448,28.0,21.29,151.0,127.0,27.4,291.07,1.0,9,100800.0,9999999
48698,0,4449,28.5,19.78,307.0,244.0,27.4,291.25,2.3,9,100800.0,9999999
48698,0,4450,29.1,19.91,445.0,372.0,27.4,291.96,3.6,6,100800.0,9999999
48698,0,4451,29.0,20.03,546.0,452.0,27.4,292.85,3.6,6,100800.0,9999999
48698,0,4452,29.0,20.03,602.0,421.0,27.4,293.55,3.6,6,100700.0,9999999
48698,0,4453,29.9,20.15,609.0,426.0,27.4,295.1,3.1,6,100700.0,9999999
48698,0,4454,30.0,18.84,567.0,469.0,27.4,294.24,5.7,5,100700.0,9999999
48698,0,4455,31.0,18.84,478.0,412.0,27.4,295.27,5.1,5,100700.0,9999999
48698,0,4456,27.3,18.84,132.0,132.0,27.4,290.89,2.1,9,100600.0,9999999
48698,0,4457,27.1,19.07,144.0,136.0,27.4,290.72,2.6,9,100700.0,9999999
48698,0,4458,27.0,20.03,49.0,49.0,27.4,290.89,3.1,8,100700.0,9999999
48698,0,4459,26.0,18.84,1.0,1.0,27.4,289.63,0.0,0,100800.0,9999999
48698,0,4460,26.4,19.66,0.0,0.0,27.4,290.18,0.5,16,100800.0,9999999
48698,0,4461,26.7,19.78,0.0,0.0,27.4,290.54,1.0,16,100800.0,9999999
48698,0,4462,27.1,20.03,0.0,0.0,27.4,290.89,1.5,8,100900.0,9999999
48698,0,4463,26.7,19.91,0.0,0.0,27.4,290.54,1.2,8,100800.0,9999999
48698,0,4464,26.2,19.78,0.0,0.0,27.4,289.99,0.8,8,100800.0,9999999
48698,0,4465,25.8,19.66,0.0,0.0,27.4,289.63,0.5,14,100800.0,9999999
48698,0,4466,25.8,19.78,0.0,0.0,27.4,289.63,0.3,14,100700.0,9999999
48698,0,4467,25.8,19.78,0.0,0.0,27.4,289.63,0.2,14,100700.0,9999999
48698,0,4468,25.8,19.91,0.0,0.0,27.4,288.72,0.0,0,100600.0,9999999
48698,0,4469,26.0,20.03,0.0,0.0,27.4,288.9,0.0,0,100700.0,9999999
48698,0,4470,26.0,19.91,0.0,0.0,27.4,288.9,0.2,16,100800.0,9999999
48698,0,4471,26.0,19.91,20.0,20.0,27.4,288.9,0.5,14,100800.0,9999999
48698,0,4472,28.0,20.03,226.0,151.0,27.4,291.79,1.0,13,100800.0,9999999
48698,0,4473,27.5,19.54,428.0,148.0,27.4,292.49,0.5,13,100900.0,9999999
48698,0,4474,27.0,19.3,445.0,330.0,27.4,292.67,0.0,0,100900.0,9999999
48698,0,4475,29.0,20.03,546.0,452.0,27.4,294.76,2.6,11,100900.0,9999999
48698,0,4476,26.0,18.84,904.0,248.0,27.4,291.61,0.0,0,100800.0,9999999
48698,0,4477,28.9,20.27,609.0,384.0,27.4,295.27,1.0,9,100700.0,9999999
48698,0,4478,25.0,20.03,567.0,470.0,27.4,290.72,2.6,13,100700.0,9999999
48698,0,4479,25.8,19.54,478.0,412.0,27.4,290.89,1.3,13,100700.0,9999999
48698,0,4480,26.6,19.19,349.0,293.0,27.4,290.36,0.0,0,100700.0,9999999
48698,0,4481,26.6,19.19,195.0,162.0,27.4,290.36,0.2,16,100700.0,9999999
48698,0,4482,26.6,19.07,50.0,50.0,27.4,290.36,0.5,16,100700.0,9999999
48698,0,4483,26.5,19.07,1.0,1.0,27.4,290.18,0.7,16,100800.0,9999999
48698,0,4484,26.5,19.07,0.0,0.0,27.4,290.18,1.0,16,100800.0,9999999
48698,0,4485,26.5,18.95,0.0,0.0,27.4,289.27,1.2,16,100900.0,9999999
48698,0,4486,26.5,18.95,0.0,0.0,27.4,289.27,1.5,7,100900.0,9999999
48698,0,4487,26.4,19.19,0.0,0.0,27.4,290.18,1.3,7,100900.0,9999999
48698,0,4488,26.4,19.3,0.0,0.0,27.4,290.18,1.2,7,100900.0,9999999
48698,0,4489,26.3,19.54,0.0,0.0,27.4,290.18,1.0,8,100900.0,9999999
48698,0,4490,26.0,18.84,0.0,0.0,27.4,289.63,0.0,0,100900.0,9999999
48698,0,4491,25.7,19.66,0.0,0.0,27.4,289.63,0.0,0,100800.0,9999999
48698,0,4492,25.5,19.78,0.0,0.0,27.4,288.35,0.0,0,100800.0,9999999
48698,0,4493,25.2,19.91,0.0,0.0,27.4,289.09,0.0,0,100900.0,9999999
48698,0,4494,25.0,18.84,0.0,0.0,27.4,288.72,0.0,0,100900.0,9999999
48698,0,4495,26.0,20.15,20.0,20.0,27.4,289.99,0.5,14,100900.0,9999999
48698,0,4496,27.0,19.42,210.0,151.0,27.4,290.72,2.3,14,101000.0,9999999
48698,0,4497,28.0,18.84,461.0,134.0,27.4,291.61,4.1,12,101100.0,9999999
48698,0,4498,26.8,18.04,169.0,169.0,27.4,290.36,2.6,9,101200.0,9999999
48698,0,4499,25.0,18.84,547.0,279.0,27.4,288.72,1.5,11,101100.0,9999999
48698,0,4500,25.0,18.84,604.0,421.0,27.4,287.8,1.0,11,101000.0,9999999
48698,0,4501,25.6,19.66,231.0,202.0,27.4,288.54,0.0,0,100900.0,9999999
48698,0,4502,27.0,18.84,568.0,291.0,27.4,290.72,1.0,13,100800.0,9999999
48698,0,4503,27.1,19.3,479.0,413.0,27.4,290.89,0.7,13,100800.0,9999999
48698,0,4504,27.3,19.07,350.0,294.0,27.4,291.07,0.5,10,100700.0,9999999
48698,0,4505,27.0,18.95,196.0,162.0,27.4,290.72,0.4,10,100700.0,9999999
48698,0,4506,26.6,18.72,50.0,50.0,27.4,290.18,0.2,10,100800.0,9999999
48698,0,4507,26.3,18.61,1.0,1.0,27.4,289.99,0.1,10,100800.0,9999999
48698,0,4508,26.0,18.84,0.0,0.0,27.4,289.63,0.0,0,100900.0,9999999
48698,0,4509,25.9,18.26,0.0,0.0,27.4,288.54,0.2,16,100900.0,9999999
48698,0,4510,25.9,18.04,0.0,0.0,27.4,288.54,0.5,9,101000.0,9999999
48698,0,4511,25.9,18.38,0.0,0.0,27.4,289.45,0.2,9,100900.0,9999999
48698,0,4512,26.0,18.84,0.0,0.0,27.4,289.63,0.0,0,100900.0,9999999
48698,0,4513,25.4,18.95,0.0,0.0,27.4,289.09,0.0,0,100900.0,9999999
48698,0,4514,25.2,18.95,0.0,0.0,27.4,288.9,0.0,0,100800.0,9999999
48698,0,4515,25.0,18.84,0.0,0.0,27.4,288.72,0.0,0,100800.0,9999999
48698,0,4516,24.4,18.84,0.0,0.0,27.4,287.24,0.0,0,100700.0,9999999
48698,0,4517,24.0,18.84,0.0,0.0,27.4,287.8,0.0,0,100800.0,9999999
48698,0,4518,24.0,18.84,0.0,0.0,27.4,287.8,0.0,0,100800.0,9999999
48698,0,4519,24.6,19.19,29.0,29.0,27.4,288.35,0.0,0,100900.0,9999999
48698,0,4520,26.1,19.19,225.0,122.0,27.4,290.54,0.7,16,100900.0,9999999
48698,0,4521,27.5,19.19,465.0,160.0,27.4,291.96,1.4,16,100900.0,9999999
48698,0,4522,29.0,20.03,675.0,112.0,27.4,292.85,2.1,7,100800.0,9999999
48698,0,4523,30.0,20.03,819.0,132.0,27.4,295.1,2.6,9,100800.0,9999999
48698,0,4524,30.1,19.07,841.0,276.0,27.4,295.61,2.8,9,100800.0,9999999
48698,0,4525,30.3,19.07,611.0,384.0,27.4,295.79,3.1,9,100800.0,9999999
48698,0,4526,30.3,19.19,569.0,471.0,27.4,295.79,3.3,9,100700.0,9999999
48698,0,4527,30.3,19.3,479.0,414.0,27.4,295.79,3.4,9,100600.0,9999999
48698,0,4528,30.3,19.42,351.0,294.0,27.4,295.79,3.6,7,100500.0,9999999
48698,0,4529,29.7,19.07,222.0,171.0,27.4,294.59,2.9,7,100600.0,9999999
48698,0,4530,29.0,18.61,62.0,57.0,27.4,292.49,2.2,7,100700.0,9999999
48698,0,4531,28.4,18.26,1.0,1.0,27.4,290.89,1.5,8,100700.0,9999999
48698,0,4532,27.9,18.61,0.0,0.0,27.4,290.54,1.0,8,100800.0,9999999
48698,0,4533,27.4,18.84,0.0,0.0,27.4,289.99,0.5,8,100900.0,9999999
48698,0,4534,26.9,19.19,0.0,0.0,27.4,289.63,0.0,0,100900.0,9999999
48698,0,4535,26.8,19.07,0.0,0.0,27.4,289.45,0.2,16,100900.0,9999999
48698,0,4536,26.6,19.07,0.0,0.0,27.4,289.27,0.3,16,100900.0,9999999
48698,0,4537,26.5,18.95,0.0,0.0,27.4,289.27,0.5,8,100900.0,9999999
48698,0,4538,26.4,19.07,0.0,0.0,27.4,289.09,0.3,8,100900.0,9999999
48698,0,4539,26.2,19.3,0.0,0.0,27.4,289.09,0.2,8,100800.0,9999999
48698,0,4540,26.1,19.42,0.0,0.0,27.4,288.9,0.0,0,100800.0,9999999
48698,0,4541,26.0,20.03,0.0,0.0,27.4,288.9,0.0,0,100800.0,9999999
48698,0,4542,26.1,20.03,0.0,0.0,27.4,289.09,0.0,0,100800.0,9999999
48698,0,4543,26.2,20.27,28.0,28.0,27.4,289.09,0.0,0,100900.0,9999999
48698,0,4544,28.0,20.03,224.0,122.0,27.4,291.79,2.1,8,100900.0,9999999
48698,0,4545,28.8,19.07,454.0,113.0,27.4,293.2,2.6,8,100900.0,9999999
48698,0,4546,29.6,18.38,645.0,161.0,27.4,294.41,3.1,8,100900.0,9999999
48698,0,4547,30.0,18.84,821.0,198.0,27.4,294.24,1.5,8,100800.0,9999999
48698,0,4548,31.0,20.03,604.0,380.0,27.4,295.44,3.6,9,100800.0,9999999
48698,0,4549,30.0,19.07,612.0,428.0,27.4,293.55,2.6,9,100700.0,9999999
48698,0,4550,31.0,20.03,569.0,471.0,27.4,294.76,3.6,8,100600.0,9999999
48698,0,4551,30.0,18.84,480.0,415.0,27.4,293.55,2.6,8,100600.0,9999999
48698,0,4552,30.0,19.19,351.0,295.0,27.4,292.67,3.1,8,100500.0,9999999
48698,0,4553,30.0,18.84,197.0,163.0,27.4,292.49,3.1,6,100500.0,9999999
48698,0,4554,30.0,18.84,51.0,51.0,27.4,292.49,3.1,6,100500.0,9999999
48698,0,4555,28.6,19.19,1.0,1.0,27.4,291.25,4.1,7,100500.0,9999999
48698,0,4556,28.5,19.42,0.0,0.0,27.4,292.14,3.8,7,100600.0,9999999
48698,0,4557,28.4,19.66,0.0,0.0,27.4,292.14,3.4,7,100700.0,9999999
48698,0,4558,28.3,19.91,0.0,0.0,27.4,292.14,3.1,6,100700.0,9999999
48698,0,4559,27.9,19.78,0.0,0.0,27.4,291.79,2.4,6,100700.0,9999999
48698,0,4560,27.5,19.78,0.0,0.0,27.4,291.25,1.7,6,100700.0,9999999
48698,0,4561,27.1,19.66,0.0,0.0,27.4,289.99,1.0,7,100700.0,9999999
48698,0,4562,26.7,19.66,0.0,0.0,27.4,289.63,0.7,7,100700.0,9999999
48698,0,4563,26.4,19.66,0.0,0.0,27.4,289.27,0.3,7,100700.0,9999999
48698,0,4564,26.0,19.66,0.0,0.0,27.4,288.9,0.0,0,100700.0,9999999
48698,0,4565,26.0,20.03,0.0,0.0,27.4,290.72,0.0,0,100700.0,9999999
48698,0,4566,26.0,20.03,0.0,0.0,27.4,291.79,0.0,0,100700.0,9999999
48698,0,4567,26.8,20.9,19.0,19.0,27.4,293.37,1.0,7,100700.0,9999999
48698,0,4568,28.0,20.65,181.0,124.0,27.4,293.89,2.2,7,100800.0,9999999
48698,0,4569,29.2,20.4,413.0,194.0,27.4,293.72,3.4,7,100800.0,9999999
48698,0,4570,30.4,20.15,635.0,191.0,27.4,293.2,4.6,8,100800.0,9999999
48698,0,4571,30.7,19.91,807.0,225.0,27.4,294.41,4.1,8,100800.0,9999999
48698,0,4572,31.0,18.84,907.0,181.0,27.4,295.27,3.6,6,100700.0,9999999
48698,0,4573,29.9,19.3,612.0,385.0,27.4,294.93,1.5,7,100700.0,9999999
48698,0,4574,30.0,17.71,867.0,218.0,27.4,293.37,2.6,6,100600.0,9999999
48698,0,4575,25.0,18.84,730.0,123.0,27.4,288.72,1.5,13,100600.0,9999999
48698,0,4576,25.5,19.54,352.0,263.0,27.4,290.54,1.5,13,100500.0,9999999
48698,0,4577,26.0,18.84,198.0,164.0,27.4,291.61,2.6,14,100600.0,9999999
48698,0,4578,25.0,18.84,19.0,19.0,27.4,290.54,5.1,8,100700.0,9999999
48698,0,4579,23.6,18.26,0.0,0.0,27.4,289.63,3.1,12,100800.0,9999999
48698,0,4580,23.4,18.04,0.0,0.0,27.4,288.9,2.1,12,100900.0,9999999
48698,0,4581,23.3,17.93,0.0,0.0,27.4,287.62,1.0,12,100900.0,9999999
48698,0,4582,23.1,17.71,0.0,0.0,27.4,285.74,0.0,0,101000.0,9999999
48698,0,4583,23.5,17.49,0.0,0.0,27.4,287.06,1.2,16,101000.0,9999999
48698,0,4584,24.0,17.38,0.0,0.0,27.4,287.43,2.4,16,100900.0,9999999
48698,0,4585,24.4,17.17,0.0,0.0,27.4,287.8,3.6,13,100900.0,9999999
48698,0,4586,24.3,17.17,0.0,0.0,27.4,287.8,2.4,13,100800.0,9999999
48698,0,4587,24.1,17.17,0.0,0.0,27.4,287.62,1.2,13,100800.0,9999999
48698,0,4588,24.0,17.17,0.0,0.0,27.4,286.5,0.0,0,100700.0,9999999
48698,0,4589,24.3,17.71,0.0,0.0,27.4,286.87,0.0,0,100700.0,9999999
48698,0,4590,24.7,18.26,0.0,0.0,27.4,287.43,0.0,0,100700.0,9999999
48698,0,4591,25.0,18.84,19.0,19.0,27.4,287.8,0.0,0,100800.0,9999999
48698,0,4592,26.1,18.84,150.0,126.0,27.4,288.9,0.9,16,100800.0,9999999
48698,0,4593,27.3,18.95,307.0,243.0,27.4,289.99,1.7,16,100800.0,9999999
48698,0,4594,28.4,18.95,446.0,373.0,27.4,291.07,2.6,9,100900.0,9999999
48698,0,4595,29.2,18.49,549.0,454.0,27.4,292.67,3.1,9,100800.0,9999999
48698,0,4596,30.0,17.71,607.0,422.0,27.4,293.37,3.6,8,100800.0,9999999
48698,0,4597,29.8,17.71,615.0,428.0,27.4,293.2,3.6,8,100700.0,9999999
48698,0,4598,30.0,16.65,573.0,474.0,27.4,293.2,3.6,8,100700.0,9999999
48698,0,4599,29.7,16.85,484.0,417.0,27.4,292.85,3.6,8,100600.0,9999999
48698,0,4600,29.5,16.34,355.0,297.0,27.4,291.61,3.6,9,100600.0,9999999
48698,0,4601,28.7,17.06,199.0,164.0,27.4,290.89,3.3,9,100600.0,9999999
48698,0,4602,28.0,17.82,52.0,52.0,27.4,290.54,2.9,9,100600.0,9999999
48698,0,4603,27.2,18.49,1.0,1.0,27.4,289.81,2.6,8,100600.0,9999999
48698,0,4604,27.1,18.61,0.0,0.0,27.4,289.81,2.4,8,100700.0,9999999
48698,0,4605,27.1,18.72,0.0,0.0,27.4,289.81,2.3,8,100800.0,9999999
48698,0,4606,27.0,18.84,0.0,0.0,27.4,289.63,2.1,8,100800.0,9999999
48698,0,4607,27.0,19.07,0.0,0.0,27.4,289.81,1.7,8,100800.0,9999999
48698,0,4608,26.9,19.3,0.0,0.0,27.4,289.63,1.4,8,100800.0,9999999
48698,0,4609,26.9,19.54,0.0,0.0,27.4,289.63,1.0,8,100800.0,9999999
48698,0,4610,26.8,19.42,0.0,0.0,27.4,290.54,1.2,8,100700.0,9999999
48698,0,4611,26.7,19.19,0.0,0.0,27.4,291.07,1.3,8,100700.0,9999999
48698,0,4612,26.6,19.07,0.0,0.0,27.4,291.61,1.5,9,100700.0,9999999
48698,0,4613,27.0,18.84,0.0,0.0,27.4,291.96,1.0,9,100700.0,9999999
48698,0,4614,26.0,18.84,0.0,0.0,27.4,290.89,1.0,8,100800.0,9999999
48698,0,4615,26.8,19.3,19.0,19.0,27.4,291.79,2.1,8,100800.0,9999999
48698,0,4616,28.0,20.03,149.0,126.0,27.4,292.49,1.5,9,100900.0,9999999
48698,0,4617,28.0,20.03,306.0,243.0,27.4,292.49,5.1,8,100900.0,9999999
48698,0,4618,28.7,19.54,446.0,373.0,27.4,292.49,3.6,9,100900.0,9999999
48698,0,4619,29.3,19.42,548.0,454.0,27.4,293.72,3.9,9,100900.0,9999999
48698,0,4620,29.9,19.42,606.0,423.0,27.4,294.24,4.3,9,100800.0,9999999
48698,0,4621,30.5,19.3,614.0,429.0,27.4,295.44,4.6,8,100800.0,9999999
48698,0,4622,31.0,18.84,572.0,474.0,27.4,295.27,5.1,8,100700.0,9999999
48698,0,4623,30.1,18.49,483.0,399.0,27.4,293.55,4.1,8,100600.0,9999999
48698,0,4624,29.3,18.15,354.0,297.0,27.4,291.79,3.1,8,100600.0,9999999
48698,0,4625,28.6,18.49,199.0,165.0,27.4,291.07,2.3,8,100600.0,9999999
48698,0,4626,28.0,18.84,52.0,52.0,27.4,290.72,1.5,10,100700.0,9999999
48698,0,4627,27.5,19.07,1.0,1.0,27.4,290.18,1.0,11,100700.0,9999999
48698,0,4628,27.4,18.95,0.0,0.0,27.4,290.18,0.7,11,100800.0,9999999
48698,0,4629,27.3,18.95,0.0,0.0,27.4,289.99,0.3,11,100800.0,9999999
48698,0,4630,27.2,18.84,0.0,0.0,27.4,289.81,0.0,0,100900.0,9999999
48698,0,4631,27.1,18.95,0.0,0.0,27.4,289.81,0.3,16,100900.0,9999999
48698,0,4632,26.9,19.19,0.0,0.0,27.4,289.63,0.7,16,100800.0,9999999
48698,0,4633,26.8,19.3,0.0,0.0,27.4,289.63,1.0,8,100800.0,9999999
48698,0,4634,26.9,19.54,0.0,0.0,27.4,289.63,1.0,8,100700.0,9999999
48698,0,4635,27.0,20.03,0.0,0.0,27.4,289.81,1.0,8,100700.0,9999999
48698,0,4636,26.5,19.91,0.0,0.0,27.4,289.45,1.0,8,100600.0,9999999
48698,0,4637,26.7,19.54,0.0,0.0,27.4,289.45,1.2,8,100700.0,9999999
48698,0,4638,26.8,19.19,0.0,0.0,27.4,289.63,1.3,8,100700.0,9999999
48698,0,4639,27.0,18.84,19.0,19.0,27.4,289.63,1.5,8,100700.0,9999999
48698,0,4640,28.0,20.03,149.0,126.0,27.4,291.79,2.6,8,100700.0,9999999
48698,0,4641,28.8,19.3,307.0,243.0,27.4,293.2,2.6,8,100800.0,9999999
48698,0,4642,29.6,19.54,446.0,373.0,27.4,294.59,2.6,8,100800.0,9999999
48698,0,4643,30.0,21.29,547.0,454.0,27.4,294.76,3.6,8,100800.0,9999999
48698,0,4644,31.0,20.03,606.0,424.0,27.4,295.44,3.1,8,100700.0,9999999
48698,0,4645,31.0,19.19,615.0,430.0,27.4,294.59,3.1,8,100700.0,9999999
48698,0,4646,31.0,20.03,572.0,474.0,27.4,295.44,3.6,9,100600.0,9999999
48698,0,4647,30.6,19.19,483.0,399.0,27.4,294.93,3.9,9,100600.0,9999999
48698,0,4648,30.3,19.19,355.0,298.0,27.4,295.27,4.1,8,100500.0,9999999
48698,0,4649,29.6,19.54,167.0,148.0,27.4,294.07,3.1,8,100500.0,9999999
48698,0,4650,29.0,20.03,33.0,33.0,27.4,292.85,2.0,8,100600.0,9999999
48698,0,4651,28.3,20.4,0.0,0.0,27.4,291.25,1.0,8,100600.0,9999999
48698,0,4652,28.1,20.52,0.0,0.0,27.4,291.96,1.2,8,100600.0,9999999
48698,0,4653,28.0,20.78,0.0,0.0,27.4,291.96,1.3,8,100700.0,9999999
48698,0,4654,27.8,20.9,0.0,0.0,27.4,291.79,1.5,9,100700.0,9999999
48698,0,4655,27.7,20.65,0.0,0.0,27.4,291.61,1.5,9,100700.0,9999999
48698,0,4656,27.5,20.27,0.0,0.0,27.4,291.43,1.5,9,100700.0,9999999
48698,0,4657,27.4,20.03,0.0,0.0,27.4,290.36,1.5,8,100700.0,9999999
48698,0,4658,27.3,20.15,0.0,0.0,27.4,290.18,1.2,8,100700.0,9999999
48698,0,4659,27.1,20.15,0.0,0.0,27.4,289.99,0.8,8,100600.0,9999999
48698,0,4660,27.0,20.27,0.0,0.0,27.4,289.99,0.5,9,100600.0,9999999
48698,0,4661,27.0,20.03,0.0,0.0,27.4,289.81,1.8,9,100600.0,9999999
48698,0,4662,27.0,20.03,0.0,0.0,27.4,289.81,3.1,8,100700.0,9999999
48698,0,4663,27.7,19.66,19.0,19.0,27.4,290.54,2.6,8,100700.0,9999999
48698,0,4664,28.8,19.78,149.0,126.0,27.4,292.49,3.9,8,100700.0,9999999
48698,0,4665,30.0,20.03,307.0,243.0,27.4,294.59,5.1,8,100800.0,9999999
48698,0,4666,30.5,19.91,446.0,373.0,27.4,295.61,4.1,8,100800.0,9999999
48698,0,4667,29.0,20.03,822.0,231.0,27.4,294.76,3.1,10,100800.0,9999999
48698,0,4668,25.0,16.65,610.0,380.0,27.4,291.61,4.6,10,100800.0,9999999
48698,0,4669,22.4,16.65,234.0,204.0,27.4,291.79,7.2,12,100800.0,9999999
48698,0,4670,22.9,17.17,218.0,214.0,27.4,288.9,5.7,12,100700.0,9999999
48698,0,4671,23.5,17.6,184.0,182.0,27.4,288.35,4.1,12,100600.0,9999999
48698,0,4672,24.0,18.04,135.0,135.0,27.4,286.68,2.6,13,100600.0,9999999
48698,0,4673,24.2,18.04,108.0,108.0,27.4,286.87,2.4,13,100600.0,9999999
48698,0,4674,24.4,18.04,36.0,36.0,27.4,287.06,2.2,13,100600.0,9999999
48698,0,4675,24.6,18.15,1.0,1.0,27.4,287.24,1.9,13,100700.0,9999999
48698,0,4676,24.8,18.15,0.0,0.0,27.4,287.43,1.7,13,100700.0,9999999
48698,0,4677,25.0,18.84,0.0,0.0,27.4,287.8,1.5,8,100800.0,9999999
48698,0,4678,24.6,18.15,0.0,0.0,27.4,287.24,0.0,0,100800.0,9999999
48698,0,4679,24.5,18.26,0.0,0.0,27.4,287.24,0.0,0,100800.0,9999999
48698,0,4680,24.4,18.26,0.0,0.0,27.4,287.06,0.0,0,100800.0,9999999
48698,0,4681,24.3,18.38,0.0,0.0,27.4,287.06,0.0,0,100700.0,9999999
48698,0,4682,24.0,18.84,0.0,0.0,27.4,286.87,0.0,0,100700.0,9999999
48698,0,4683,24.0,18.61,0.0,0.0,27.4,286.68,0.0,0,100600.0,9999999
48698,0,4684,24.0,18.72,0.0,0.0,27.4,286.68,0.0,0,100500.0,9999999
48698,0,4685,24.3,18.95,0.0,0.0,27.4,287.06,0.0,0,100600.0,9999999
48698,0,4686,24.5,19.07,0.0,0.0,27.4,287.24,0.0,0,100600.0,9999999
48698,0,4687,24.8,19.3,19.0,19.0,27.4,287.62,0.0,0,100700.0,9999999
48698,0,4688,26.1,19.66,149.0,125.0,27.4,288.9,0.5,16,100700.0,9999999
48698,0,4689,27.3,20.15,307.0,243.0,27.4,290.18,1.0,16,100800.0,9999999
48698,0,4690,28.6,20.52,446.0,373.0,27.4,291.61,1.5,8,100800.0,9999999
48698,0,4691,30.0,21.29,548.0,455.0,27.4,295.27,3.6,7,100800.0,9999999
48698,0,4692,29.0,21.29,908.0,258.0,27.4,294.93,7.2,8,100800.0,9999999
48698,0,4693,24.2,18.72,234.0,204.0,27.4,295.96,0.5,10,100800.0,9999999
48698,0,4694,24.7,19.07,218.0,214.0,27.4,293.02,1.2,10,100700.0,9999999
48698,0,4695,25.3,19.3,184.0,182.0,27.4,291.61,1.9,10,100700.0,9999999
48698,0,4696,25.8,19.66,135.0,135.0,27.4,290.89,2.6,8,100600.0,9999999
48698,0,4697,26.0,20.03,201.0,158.0,27.4,291.79,3.1,7,100700.0,9999999
48698,0,4698,25.7,18.72,48.0,48.0,27.4,291.79,3.4,7,100700.0,9999999
48698,0,4699,25.4,18.26,1.0,1.0,27.4,292.32,3.7,7,100800.0,9999999
48698,0,4700,25.2,17.82,0.0,0.0,27.4,293.2,4.0,7,100800.0,9999999
48698,0,4701,24.9,17.28,0.0,0.0,27.4,294.41,4.3,7,100900.0,9999999
48698,0,4702,24.6,16.85,0.0,0.0,27.4,295.96,4.6,13,100900.0,9999999
48698,0,4703,22.0,15.64,0.0,0.0,27.4,285.18,4.1,14,100900.0,9999999
48698,0,4704,22.0,16.65,0.0,0.0,27.4,287.24,1.5,3,100900.0,9999999
48698,0,4705,22.2,16.34,0.0,0.0,27.4,285.55,1.5,4,100900.0,9999999
48698,0,4706,22.5,16.54,0.0,0.0,27.4,285.93,1.0,4,100800.0,9999999
48698,0,4707,22.8,16.65,0.0,0.0,27.4,286.12,0.5,4,100700.0,9999999
48698,0,4708,23.1,16.85,0.0,0.0,27.4,285.55,0.0,0,100600.0,9999999
48698,0,4709,23.2,17.06,0.0,0.0,27.4,285.74,0.0,0,100600.0,9999999
48698,0,4710,23.4,17.38,0.0,0.0,27.4,285.93,0.0,0,100600.0,9999999
48698,0,4711,23.5,17.6,7.0,7.0,27.4,286.12,0.0,0,100600.0,9999999
48698,0,4712,24.7,17.6,110.0,108.0,27.4,287.24,0.5,16,100700.0,9999999
48698,0,4713,26.0,18.84,307.0,228.0,27.4,288.72,1.0,9,100700.0,9999999
48698,0,4714,27.8,17.6,448.0,374.0,27.4,290.18,3.1,9,100800.0,9999999
48698,0,4715,28.3,17.49,552.0,456.0,27.4,291.61,3.1,9,100800.0,9999999
48698,0,4716,28.8,17.38,610.0,425.0,27.4,292.14,3.1,9,100700.0,9999999
48698,0,4717,29.3,17.28,619.0,431.0,27.4,292.49,3.1,9,100700.0,9999999
48698,0,4718,30.0,16.65,578.0,477.0,27.4,293.2,3.1,10,100700.0,9999999
48698,0,4719,30.0,17.38,487.0,402.0,27.4,293.2,2.3,10,100600.0,9999999
48698,0,4720,30.1,17.38,358.0,300.0,27.4,292.32,1.5,9,100500.0,9999999
48698,0,4721,29.0,17.49,202.0,167.0,27.4,291.43,0.7,9,100500.0,9999999
48698,0,4722,28.0,17.71,53.0,53.0,27.4,290.36,0.0,0,100600.0,9999999
48698,0,4723,27.5,17.82,1.0,1.0,27.4,289.99,0.0,0,100600.0,9999999
48698,0,4724,27.3,18.61,0.0,0.0,27.4,289.99,0.7,16,100600.0,9999999
48698,0,4725,27.2,19.3,0.0,0.0,27.4,289.99,1.4,16,100700.0,9999999
48698,0,4726,27.0,20.03,0.0,0.0,27.4,289.81,2.1,7,100800.0,9999999
48698,0,4727,26.8,19.66,0.0,0.0,27.4,289.63,1.6,7,100700.0,9999999
48698,0,4728,26.5,19.19,0.0,0.0,27.4,289.27,1.0,7,100700.0,9999999
48698,0,4729,26.3,18.84,0.0,0.0,27.4,289.09,0.5,8,100700.0,9999999
48698,0,4730,26.0,20.03,0.0,0.0,27.4,288.9,1.0,8,100700.0,9999999
48698,0,4731,26.0,18.84,0.0,0.0,27.4,288.72,1.0,9,100600.0,9999999
48698,0,4732,26.4,18.95,0.0,0.0,27.4,289.09,2.1,8,100600.0,9999999
48698,0,4733,26.7,19.42,0.0,0.0,27.4,290.54,2.3,8,100700.0,9999999
48698,0,4734,27.0,20.03,0.0,0.0,27.4,290.89,2.6,7,100700.0,9999999
48698,0,4735,26.9,20.27,18.0,18.0,27.4,290.89,0.0,0,100800.0,9999999
48698,0,4736,27.9,20.15,148.0,125.0,27.4,291.79,1.0,16,100800.0,9999999
48698,0,4737,29.0,21.29,306.0,243.0,27.4,293.02,2.1,8,100800.0,9999999
48698,0,4738,29.5,20.03,447.0,374.0,27.4,293.37,2.1,8,100900.0,9999999
48698,0,4739,29.7,20.15,550.0,456.0,27.4,294.76,2.3,8,100800.0,9999999
48698,0,4740,29.9,20.15,609.0,426.0,27.4,295.61,2.4,8,100800.0,9999999
48698,0,4741,30.1,20.27,617.0,433.0,27.4,296.46,2.6,9,100700.0,9999999
48698,0,4742,30.0,21.29,574.0,477.0,27.4,295.96,4.1,9,100700.0,9999999
48698,0,4743,30.0,19.07,487.0,402.0,27.4,295.44,3.9,9,100700.0,9999999
48698,0,4744,30.0,18.49,358.0,300.0,27.4,294.76,3.6,8,100600.0,9999999
48698,0,4745,29.0,18.72,202.0,167.0,27.4,293.37,2.8,8,100600.0,9999999
48698,0,4746,28.0,18.84,53.0,53.0,27.4,291.61,2.1,8,100600.0,9999999
48698,0,4747,27.9,19.07,1.0,1.0,27.4,290.54,1.5,8,100600.0,9999999
48698,0,4748,27.7,19.54,0.0,0.0,27.4,290.54,1.3,8,100700.0,9999999
48698,0,4749,27.5,20.15,0.0,0.0,27.4,290.36,1.2,8,100800.0,9999999
48698,0,4750,27.3,20.65,0.0,0.0,27.4,290.36,1.0,8,100900.0,9999999
48698,0,4751,27.2,20.4,0.0,0.0,27.4,290.18,0.8,8,100900.0,9999999
48698,0,4752,27.0,20.03,0.0,0.0,27.4,289.81,0.7,8,100800.0,9999999
48698,0,4753,26.9,19.78,0.0,0.0,27.4,289.81,0.5,8,100800.0,9999999
48698,0,4754,26.5,19.78,0.0,0.0,27.4,289.45,0.5,8,100800.0,9999999
48698,0,4755,26.1,19.78,0.0,0.0,27.4,288.9,0.5,8,100800.0,9999999
48698,0,4756,25.7,19.78,0.0,0.0,27.4,288.54,0.5,12,100800.0,9999999
48698,0,4757,25.8,20.03,0.0,0.0,27.4,288.72,0.3,12,100800.0,9999999
48698,0,4758,25.9,20.27,0.0,0.0,27.4,288.9,0.2,12,100800.0,9999999
48698,0,4759,26.0,20.52,18.0,18.0,27.4,289.09,0.0,0,100800.0,9999999
48698,0,4760,27.2,19.91,183.0,123.0,27.4,289.99,1.0,16,100900.0,9999999
48698,0,4761,28.3,19.3,421.0,188.0,27.4,291.07,2.1,16,100900.0,9999999
48698,0,4762,29.5,18.61,648.0,193.0,27.4,291.96,3.1,9,100900.0,9999999
48698,0,4763,30.2,17.93,757.0,268.0,27.4,293.55,2.9,9,100900.0,9999999
48698,0,4764,30.9,17.17,754.0,356.0,27.4,295.44,2.8,9,100900.0,9999999
48698,0,4765,31.6,16.44,622.0,456.0,27.4,296.46,2.6,9,100800.0,9999999
48698,0,4766,32.0,18.84,865.0,243.0,27.4,296.8,3.1,9,100800.0,9999999
48698,0,4767,31.3,17.28,708.0,212.0,27.4,294.59,2.8,9,100700.0,9999999
48698,0,4768,30.6,17.71,470.0,232.0,27.4,293.02,2.6,8,100600.0,9999999
48698,0,4769,30.1,18.26,250.0,160.0,27.4,292.49,2.4,8,100700.0,9999999
48698,0,4770,29.6,18.72,61.0,55.0,27.4,292.14,2.3,8,100700.0,9999999
48698,0,4771,29.1,19.3,1.0,1.0,27.4,291.79,2.1,7,100700.0,9999999
48698,0,4772,28.8,19.3,0.0,0.0,27.4,291.43,2.4,7,100700.0,9999999
48698,0,4773,28.4,19.3,0.0,0.0,27.4,289.81,2.8,7,100800.0,9999999
48698,0,4774,28.1,19.3,0.0,0.0,27.4,289.45,3.1,7,100800.0,9999999
48698,0,4775,28.0,20.03,0.0,0.0,27.4,290.89,3.1,5,100800.0,9999999
48698,0,4776,28.0,20.03,0.0,0.0,27.4,291.79,3.6,5,100800.0,9999999
48698,0,4777,27.5,20.65,0.0,0.0,27.4,291.43,1.5,6,100700.0,9999999
48698,0,4778,27.3,20.78,0.0,0.0,27.4,291.25,1.9,6,100700.0,9999999
48698,0,4779,27.0,20.78,0.0,0.0,27.4,291.07,2.2,6,100700.0,9999999
48698,0,4780,26.8,20.9,0.0,0.0,27.4,289.81,2.6,8,100700.0,9999999
48698,0,4781,26.9,20.78,0.0,0.0,27.4,290.89,2.1,8,100700.0,9999999
48698,0,4782,27.1,20.78,0.0,0.0,27.4,291.07,1.5,8,100800.0,9999999
48698,0,4783,27.2,20.65,24.0,24.0,27.4,291.25,1.0,8,100800.0,9999999
48698,0,4784,28.3,21.03,194.0,119.0,27.4,293.02,2.0,8,100800.0,9999999
48698,0,4785,29.4,21.42,402.0,185.0,27.4,294.24,3.1,8,100800.0,9999999
48698,0,4786,30.5,21.81,585.0,250.0,27.4,295.96,4.1,7,100800.0,9999999
48698,0,4787,31.2,20.65,798.0,291.0,27.4,295.79,4.1,7,100800.0,9999999
48698,0,4788,32.0,20.03,915.0,188.0,27.4,296.46,4.1,6,100800.0,9999999
48698,0,4789,31.3,18.49,898.0,258.0,27.4,294.76,4.6,6,100700.0,9999999
48698,0,4790,31.6,18.49,856.0,164.0,27.4,295.79,4.4,6,100700.0,9999999
48698,0,4791,32.0,18.84,733.0,113.0,27.4,296.3,4.1,6,100600.0,9999999
48698,0,4792,31.7,18.38,471.0,232.0,27.4,296.46,3.6,5,100500.0,9999999
48698,0,4793,31.0,18.84,203.0,159.0,27.4,295.27,3.1,7,100600.0,9999999
48698,0,4794,30.0,20.03,54.0,54.0,27.4,293.72,3.6,7,100600.0,9999999
48698,0,4795,28.9,19.78,0.0,0.0,27.4,291.61,5.1,8,100700.0,9999999
48698,0,4796,28.7,20.03,0.0,0.0,27.4,291.61,4.6,8,100700.0,9999999
48698,0,4797,28.4,20.4,0.0,0.0,27.4,291.25,4.1,8,100800.0,9999999
48698,0,4798,28.2,20.65,0.0,0.0,27.4,291.25,3.6,6,100800.0,9999999
48698,0,4799,28.0,20.4,0.0,0.0,27.4,290.89,3.4,6,100800.0,9999999
48698,0,4800,27.8,20.15,0.0,0.0,27.4,290.72,3.3,6,100800.0,9999999
48698,0,4801,27.6,19.91,0.0,0.0,27.4,290.54,3.1,6,100700.0,9999999
48698,0,4802,28.0,20.03,0.0,0.0,27.4,291.79,3.6,6,100700.0,9999999
48698,0,4803,28.0,20.03,0.0,0.0,27.4,291.79,4.1,6,100700.0,9999999
48698,0,4804,27.4,20.52,0.0,0.0,27.4,291.43,3.6,6,100700.0,9999999
48698,0,4805,27.0,20.03,0.0,0.0,27.4,290.89,3.1,6,100800.0,9999999
48698,0,4806,27.0,20.03,0.0,0.0,27.4,290.89,2.6,7,100800.0,9999999
48698,0,4807,27.5,20.27,18.0,18.0,27.4,291.43,1.5,8,100800.0,9999999
48698,0,4808,29.0,21.29,148.0,125.0,27.4,293.72,3.6,8,100800.0,9999999
48698,0,4809,29.5,20.03,308.0,244.0,27.4,294.07,3.1,8,100800.0,9999999
48698,0,4810,30.0,20.03,448.0,375.0,27.4,295.1,2.6,9,100800.0,9999999
48698,0,4811,31.0,20.03,553.0,458.0,27.4,296.13,3.6,8,100700.0,9999999
48698,0,4812,31.0,18.84,612.0,428.0,27.4,296.46,2.6,8,100700.0,9999999
48698,0,4813,31.2,19.54,621.0,435.0,27.4,296.8,4.1,7,100700.0,9999999
48698,0,4814,32.0,18.84,579.0,480.0,27.4,296.8,5.1,9,100700.0,9999999
48698,0,4815,31.7,18.95,564.0,342.0,27.4,295.27,4.9,9,100600.0,9999999
48698,0,4816,31.4,18.72,456.0,230.0,27.4,293.89,4.6,8,100500.0,9999999
48698,0,4817,30.6,19.19,275.0,138.0,27.4,293.2,4.8,8,100600.0,9999999
48698,0,4818,29.8,19.78,76.0,62.0,27.4,292.49,4.9,8,100600.0,9999999
48698,0,4819,29.0,20.27,1.0,1.0,27.4,291.96,5.1,7,100600.0,9999999
48698,0,4820,28.8,20.52,0.0,0.0,27.4,291.79,4.8,7,100700.0,9999999
48698,0,4821,28.6,20.65,0.0,0.0,27.4,291.61,4.4,7,100800.0,9999999
48698,0,4822,28.4,20.9,0.0,0.0,27.4,291.43,4.1,6,100900.0,9999999
48698,0,4823,28.1,20.9,0.0,0.0,27.4,291.07,3.2,6,100900.0,9999999
48698,0,4824,27.9,20.78,0.0,0.0,27.4,290.89,2.4,6,100900.0,9999999
48698,0,4825,27.6,20.78,0.0,0.0,27.4,290.54,1.5,7,100900.0,9999999
48698,0,4826,27.3,20.9,0.0,0.0,27.4,290.36,2.0,7,100800.0,9999999
48698,0,4827,27.0,21.29,0.0,0.0,27.4,290.18,2.6,8,100800.0,9999999
48698,0,4828,27.3,21.16,0.0,0.0,27.4,290.36,1.5,7,100700.0,9999999
48698,0,4829,27.4,21.29,0.0,0.0,27.4,290.54,2.2,7,100800.0,9999999
48698,0,4830,27.5,21.42,0.0,0.0,27.4,290.54,2.9,7,100800.0,9999999
48698,0,4831,27.6,21.55,18.0,18.0,27.4,290.72,3.6,8,100900.0,9999999
48698,0,4832,28.8,20.65,148.0,125.0,27.4,291.79,4.9,8,100900.0,9999999
48698,0,4833,30.0,20.03,308.0,244.0,27.4,292.85,6.2,8,100900.0,9999999
48698,0,4834,30.2,18.72,651.0,233.0,27.4,292.67,5.1,9,100900.0,9999999
48698,0,4835,30.6,18.26,726.0,306.0,27.4,293.02,4.6,9,100900.0,9999999
48698,0,4836,31.0,18.84,613.0,385.0,27.4,293.55,4.1,10,100800.0,9999999
48698,0,4837,31.9,17.38,738.0,412.0,27.4,294.07,5.1,8,100700.0,9999999
48698,0,4838,31.6,17.6,761.0,326.0,27.4,293.89,4.6,8,100700.0,9999999
48698,0,4839,31.3,17.71,685.0,213.0,27.4,293.55,4.1,8,100600.0,9999999
48698,0,4840,31.0,17.93,523.0,147.0,27.4,293.37,3.6,8,100500.0,9999999
48698,0,4841,30.3,18.49,280.0,142.0,27.4,292.85,3.4,8,100500.0,9999999
48698,0,4842,29.5,19.07,67.0,59.0,27.4,292.14,3.3,8,100600.0,9999999
48698,0,4843,28.8,19.66,1.0,1.0,27.4,291.61,3.1,7,100600.0,9999999
48698,0,4844,28.9,20.03,0.0,0.0,27.4,292.67,3.6,7,100700.0,9999999
48698,0,4845,29.0,20.03,0.0,0.0,27.4,294.07,4.1,6,100700.0,9999999
48698,0,4846,28.2,20.65,0.0,0.0,27.4,294.07,3.1,6,100800.0,9999999
48698,0,4847,28.0,21.29,0.0,0.0,27.4,293.37,3.1,6,100800.0,9999999
48698,0,4848,27.7,20.52,0.0,0.0,27.4,291.61,2.8,6,100800.0,9999999
48698,0,4849,27.4,20.52,0.0,0.0,27.4,290.36,2.6,7,100700.0,9999999
48698,0,4850,27.0,20.03,0.0,0.0,27.4,290.89,2.6,7,100700.0,9999999
48698,0,4851,26.9,20.65,0.0,0.0,27.4,290.89,1.5,7,100700.0,9999999
48698,0,4852,26.8,20.65,0.0,0.0,27.4,290.72,0.5,7,100700.0,9999999
48698,0,4853,26.9,20.78,0.0,0.0,27.4,290.89,1.5,7,100700.0,9999999
48698,0,4854,27.0,21.29,0.0,0.0,27.4,291.07,2.6,8,100800.0,9999999
48698,0,4855,27.4,21.16,18.0,18.0,27.4,290.54,2.6,8,100800.0,9999999
48698,0,4856,29.0,21.29,148.0,125.0,27.4,293.02,2.6,8,100900.0,9999999
48698,0,4857,29.5,21.03,308.0,245.0,27.4,294.24,2.6,8,100900.0,9999999
48698,0,4858,30.1,21.03,449.0,376.0,27.4,295.44,2.6,9,100900.0,9999999
48698,0,4859,31.0,21.29,553.0,459.0,27.4,296.3,2.6,9,100800.0,9999999
48698,0,4860,30.7,20.9,612.0,430.0,27.4,295.96,3.4,9,100800.0,9999999
48698,0,4861,30.5,20.78,621.0,436.0,27.4,295.79,4.1,9,100700.0,9999999
48698,0,4862,31.0,20.03,580.0,481.0,27.4,295.44,4.6,9,100600.0,9999999
48698,0,4863,30.7,19.54,491.0,406.0,27.4,294.41,4.4,9,100500.0,9999999
48698,0,4864,30.4,18.95,362.0,303.0,27.4,293.02,4.1,8,100500.0,9999999
48698,0,4865,29.8,18.84,205.0,169.0,27.4,292.32,3.2,8,100500.0,9999999
48698,0,4866,29.1,18.84,55.0,55.0,27.4,291.79,2.4,8,100600.0,9999999
48698,0,4867,28.5,18.72,1.0,1.0,27.4,291.07,1.5,8,100700.0,9999999
48698,0,4868,28.4,19.3,0.0,0.0,27.4,291.07,2.2,8,100700.0,9999999
48698,0,4869,28.4,20.03,0.0,0.0,27.4,291.25,2.9,8,100700.0,9999999
48698,0,4870,28.3,20.65,0.0,0.0,27.4,291.25,3.6,7,100800.0,9999999
48698,0,4871,28.1,20.78,0.0,0.0,27.4,291.07,2.3,7,100800.0,9999999
48698,0,4872,28.0,21.29,0.0,0.0,27.4,291.07,1.0,7,100700.0,9999999
48698,0,4873,27.8,21.03,0.0,0.0,27.4,290.89,1.5,6,100700.0,9999999
48698,0,4874,27.0,21.29,0.0,0.0,27.4,290.18,2.1,7,100700.0,9999999
48698,0,4875,27.0,20.9,0.0,0.0,27.4,289.99,1.8,7,100600.0,9999999
48698,0,4876,27.0,20.78,0.0,0.0,27.4,289.99,1.5,8,100600.0,9999999
48698,0,4877,27.2,20.9,0.0,0.0,27.4,290.18,1.5,8,100600.0,9999999
48698,0,4878,27.3,20.9,0.0,0.0,27.4,290.36,1.5,8,100700.0,9999999
48698,0,4879,27.5,21.03,18.0,18.0,27.4,290.54,1.5,8,100700.0,9999999
48698,0,4880,28.3,21.03,149.0,126.0,27.4,293.02,1.9,8,100700.0,9999999
48698,0,4881,29.2,21.03,308.0,245.0,27.4,295.1,2.2,8,100800.0,9999999
48698,0,4882,30.0,21.03,449.0,377.0,27.4,296.46,2.6,8,100800.0,9999999
48698,0,4883,30.3,20.65,682.0,378.0,27.4,296.63,3.1,8,100700.0,9999999
48698,0,4884,30.6,20.4,840.0,319.0,27.4,296.3,3.6,8,100700.0,9999999
48698,0,4885,30.9,20.03,901.0,285.0,27.4,296.46,4.1,10,100600.0,9999999
48698,0,4886,31.0,18.84,873.0,171.0,27.4,295.79,5.1,9,100500.0,9999999
48698,0,4887,30.6,19.66,685.0,233.0,27.4,295.1,4.6,9,100500.0,9999999
48698,0,4888,30.3,19.54,362.0,270.0,27.4,294.07,4.1,8,100400.0,9999999
48698,0,4889,30.0,20.03,205.0,169.0,27.4,293.72,4.1,8,100500.0,9999999
48698,0,4890,29.2,19.91,55.0,55.0,27.4,293.02,3.4,8,100500.0,9999999
48698,0,4891,28.5,20.03,1.0,1.0,27.4,291.43,2.6,8,100500.0,9999999
48698,0,4892,28.2,19.78,0.0,0.0,27.4,291.07,2.3,8,100600.0,9999999
48698,0,4893,28.0,20.03,0.0,0.0,27.4,289.45,2.1,8,100700.0,9999999
48698,0,4894,27.9,19.19,0.0,0.0,27.4,289.27,1.5,8,100700.0,9999999
48698,0,4895,27.7,19.66,0.0,0.0,27.4,289.09,1.9,8,100700.0,9999999
48698,0,4896,27.6,20.03,0.0,0.0,27.4,289.09,2.2,8,100700.0,9999999
48698,0,4897,27.4,20.52,0.0,0.0,27.4,289.09,2.6,8,100700.0,9999999
48698,0,4898,27.0,21.29,0.0,0.0,27.4,288.72,3.1,8,100600.0,9999999
48698,0,4899,27.0,21.29,0.0,0.0,27.4,290.18,3.1,8,100600.0,9999999
48698,0,4900,26.9,20.4,0.0,0.0,27.4,289.81,1.5,8,100600.0,9999999
48698,0,4901,27.1,20.52,0.0,0.0,27.4,289.99,2.2,8,100600.0,9999999
48698,0,4902,27.3,20.78,0.0,0.0,27.4,290.36,2.9,8,100600.0,9999999
48698,0,4903,27.5,20.9,18.0,18.0,27.4,290.54,3.6,8,100600.0,9999999
48698,0,4904,29.0,21.29,149.0,126.0,27.4,293.72,4.1,8,100700.0,9999999
48698,0,4905,30.0,21.29,309.0,245.0,27.4,295.96,4.6,8,100700.0,9999999
48698,0,4906,29.0,20.78,450.0,377.0,27.4,295.44,3.6,8,100800.0,9999999
48698,0,4907,30.0,20.03,556.0,461.0,27.4,296.3,4.1,9,100700.0,9999999
48698,0,4908,30.5,20.65,615.0,431.0,27.4,296.3,4.9,9,100700.0,9999999
48698,0,4909,31.0,20.52,624.0,438.0,27.4,296.63,5.7,8,100600.0,9999999
48698,0,4910,31.0,18.84,583.0,483.0,27.4,295.79,5.7,9,100600.0,9999999
48698,0,4911,31.0,19.42,493.0,407.0,27.4,295.44,4.9,9,100500.0,9999999
48698,0,4912,31.1,18.95,363.0,305.0,27.4,294.59,4.1,9,100400.0,9999999
48698,0,4913,30.3,18.84,206.0,170.0,27.4,293.89,3.8,9,100400.0,9999999
48698,0,4914,29.6,18.84,55.0,55.0,27.4,293.2,3.4,9,100500.0,9999999
48698,0,4915,28.8,18.72,1.0,1.0,27.4,291.43,3.1,8,100500.0,9999999
48698,0,4916,28.5,18.72,0.0,0.0,27.4,291.07,2.1,8,100600.0,9999999
48698,0,4917,28.2,18.84,0.0,0.0,27.4,290.89,1.0,8,100700.0,9999999
48698,0,4918,27.9,18.84,0.0,0.0,27.4,290.54,0.0,0,100700.0,9999999
48698,0,4919,27.4,19.3,0.0,0.0,27.4,290.18,0.7,16,100700.0,9999999
48698,0,4920,27.0,20.03,0.0,0.0,27.4,289.81,1.5,7,100700.0,9999999
48698,0,4921,27.3,20.27,0.0,0.0,27.4,290.18,1.5,7,100700.0,9999999
48698,0,4922,27.2,20.15,0.0,0.0,27.4,290.18,1.5,7,100700.0,9999999
48698,0,4923,27.2,19.91,0.0,0.0,27.4,289.99,1.5,7,100600.0,9999999
48698,0,4924,27.1,19.78,0.0,0.0,27.4,289.99,1.5,8,100600.0,9999999
48698,0,4925,27.4,20.27,0.0,0.0,27.4,291.25,2.4,8,100600.0,9999999
48698,0,4926,27.7,20.78,0.0,0.0,27.4,291.61,3.2,8,100700.0,9999999
48698,0,4927,28.0,21.29,18.0,18.0,27.4,292.14,4.1,8,100700.0,9999999
48698,0,4928,28.0,20.03,149.0,125.0,27.4,291.79,5.7,8,100700.0,9999999
48698,0,4929,28.8,20.03,310.0,246.0,27.4,292.67,4.6,8,100800.0,9999999
48698,0,4930,29.6,19.42,452.0,378.0,27.4,293.37,3.6,9,100800.0,9999999
48698,0,4931,30.3,19.42,557.0,461.0,27.4,294.76,4.6,9,100800.0,9999999
48698,0,4932,31.0,18.84,617.0,431.0,27.4,295.27,5.7,8,100700.0,9999999
48698,0,4933,31.5,19.3,626.0,438.0,27.4,296.46,4.6,8,100700.0,9999999
48698,0,4934,32.0,18.84,876.0,247.0,27.4,296.3,5.1,8,100700.0,9999999
48698,0,4935,31.0,17.71,495.0,340.0,27.4,295.1,3.6,9,100600.0,9999999
48698,0,4936,30.9,18.61,364.0,305.0,27.4,294.41,5.1,9,100500.0,9999999
48698,0,4937,30.2,18.84,206.0,170.0,27.4,293.72,4.6,9,100600.0,9999999
48698,0,4938,29.4,18.95,55.0,55.0,27.4,293.02,4.1,9,100600.0,9999999
48698,0,4939,28.7,19.19,1.0,1.0,27.4,291.43,3.6,7,100600.0,9999999
48698,0,4940,28.6,19.3,0.0,0.0,27.4,291.25,3.6,7,100700.0,9999999
48698,0,4941,28.4,19.42,0.0,0.0,27.4,291.07,3.6,7,100800.0,9999999
48698,0,4942,28.3,19.54,0.0,0.0,27.4,291.07,3.6,7,100800.0,9999999
48698,0,4943,28.1,19.42,0.0,0.0,27.4,290.89,3.1,7,100800.0,9999999
48698,0,4944,28.0,18.84,0.0,0.0,27.4,290.72,2.6,7,100800.0,9999999
48698,0,4945,27.7,19.3,0.0,0.0,27.4,290.36,2.6,8,100800.0,9999999
48698,0,4946,27.5,19.42,0.0,0.0,27.4,290.36,2.8,8,100700.0,9999999
48698,0,4947,27.4,19.66,0.0,0.0,27.4,290.18,2.9,8,100700.0,9999999
48698,0,4948,27.2,19.78,0.0,0.0,27.4,289.99,3.1,8,100700.0,9999999
48698,0,4949,27.6,19.66,0.0,0.0,27.4,291.43,2.3,8,100700.0,9999999
48698,0,4950,28.0,20.03,0.0,0.0,27.4,291.79,1.5,8,100800.0,9999999
48698,0,4951,27.9,19.3,18.0,18.0,27.4,291.61,1.5,8,100800.0,9999999
48698,0,4952,28.9,19.07,149.0,125.0,27.4,292.49,3.3,8,100800.0,9999999
48698,0,4953,30.0,18.84,311.0,246.0,27.4,293.55,5.1,7,100900.0,9999999
48698,0,4954,30.9,18.72,453.0,379.0,27.4,294.41,4.6,7,100900.0,9999999
48698,0,4955,31.0,16.65,561.0,463.0,27.4,295.44,3.6,8,100800.0,9999999
48698,0,4956,30.9,18.61,618.0,432.0,27.4,296.3,4.1,8,100800.0,9999999
48698,0,4957,30.9,18.61,628.0,439.0,27.4,296.97,4.6,7,100700.0,9999999
48698,0,4958,31.0,17.71,586.0,485.0,27.4,296.13,4.1,8,100700.0,9999999
48698,0,4959,30.5,17.93,367.0,331.0,27.4,294.59,4.1,8,100700.0,9999999
48698,0,4960,30.0,17.6,139.0,139.0,27.4,292.32,4.1,9,100600.0,9999999
48698,0,4961,29.3,17.82,131.0,131.0,27.4,291.79,3.9,9,100600.0,9999999
48698,0,4962,28.7,17.93,46.0,46.0,27.4,291.07,3.8,9,100700.0,9999999
48698,0,4963,28.0,18.15,1.0,1.0,27.4,290.54,3.6,8,100700.0,9999999
48698,0,4964,28.0,18.38,0.0,0.0,27.4,290.54,2.5,8,100700.0,9999999
48698,0,4965,28.0,18.84,0.0,0.0,27.4,289.27,1.5,9,100800.0,9999999
48698,0,4966,27.6,18.84,0.0,0.0,27.4,288.9,2.1,8,100800.0,9999999
48698,0,4967,27.4,18.49,0.0,0.0,27.4,288.54,1.6,8,100800.0,9999999
48698,0,4968,27.1,18.04,0.0,0.0,27.4,288.17,1.0,8,100800.0,9999999
48698,0,4969,26.9,17.71,0.0,0.0,27.4,287.99,0.5,9,100800.0,9999999
48698,0,4970,26.0,17.71,0.0,0.0,27.4,287.06,0.0,0,100800.0,9999999
48698,0,4971,26.2,16.75,0.0,0.0,27.4,287.06,1.5,16,100700.0,9999999
48698,0,4972,26.4,16.24,0.0,0.0,27.4,287.24,3.1,7,100700.0,9999999
48698,0,4973,26.0,17.71,0.0,0.0,27.4,287.06,3.1,7,100800.0,9999999
48698,0,4974,26.5,18.49,0.0,0.0,27.4,289.09,2.8,7,100800.0,9999999
48698,0,4975,27.0,19.54,18.0,18.0,27.4,289.81,2.6,8,100800.0,9999999
48698,0,4976,28.0,19.42,150.0,125.0,27.4,291.79,2.8,8,100900.0,9999999
48698,0,4977,29.1,19.3,311.0,246.0,27.4,293.55,2.9,8,100900.0,9999999
48698,0,4978,30.1,19.19,454.0,379.0,27.4,295.1,3.1,10,100900.0,9999999
48698,0,4979,30.5,18.84,632.0,403.0,27.4,295.27,3.3,10,100900.0,9999999
48698,0,4980,30.9,18.38,763.0,363.0,27.4,295.61,3.4,10,100800.0,9999999
48698,0,4981,31.3,18.04,824.0,332.0,27.4,295.96,3.6,9,100800.0,9999999
48698,0,4982,31.6,18.26,849.0,274.0,27.4,295.79,3.3,9,100700.0,9999999
48698,0,4983,32.0,18.84,744.0,116.0,27.4,296.3,3.1,9,100700.0,9999999
48698,0,4984,31.0,18.84,547.0,110.0,27.4,294.59,3.1,8,100600.0,9999999
48698,0,4985,31.0,18.84,311.0,105.0,27.4,294.59,2.6,8,100600.0,9999999
48698,0,4986,29.8,17.49,77.0,61.0,27.4,293.02,2.3,8,100700.0,9999999
48698,0,4987,28.6,16.85,1.0,1.0,27.4,290.89,2.1,9,100700.0,9999999
48698,0,4988,28.4,17.49,0.0,0.0,27.4,290.72,2.8,9,100700.0,9999999
48698,0,4989,28.3,18.15,0.0,0.0,27.4,289.45,3.4,9,100700.0,9999999
48698,0,4990,28.1,18.72,0.0,0.0,27.4,289.27,4.1,8,100800.0,9999999
48698,0,4991,27.9,18.95,0.0,0.0,27.4,289.27,2.9,8,100800.0,9999999
48698,0,4992,27.7,19.07,0.0,0.0,27.4,289.09,1.7,8,100700.0,9999999
48698,0,4993,27.5,19.3,0.0,0.0,27.4,288.9,0.5,8,100700.0,9999999
48698,0,4994,27.0,18.84,0.0,0.0,27.4,288.35,0.5,8,100700.0,9999999
48698,0,4995,26.8,19.19,0.0,0.0,27.4,288.17,0.2,8,100600.0,9999999
48698,0,4996,26.7,19.07,0.0,0.0,27.4,287.99,0.0,0,100600.0,9999999
48698,0,4997,27.0,18.84,0.0,0.0,27.4,288.35,1.0,9,100600.0,9999999
48698,0,4998,27.1,19.42,0.0,0.0,27.4,289.81,1.5,9,100700.0,9999999
48698,0,4999,27.3,19.54,18.0,18.0,27.4,290.18,2.1,8,100700.0,9999999
48698,0,5000,28.2,19.78,150.0,125.0,27.4,291.07,2.8,8,100700.0,9999999
48698,0,5001,29.2,20.03,311.0,247.0,27.4,291.96,3.4,8,100700.0,9999999
48698,0,5002,30.1,20.27,454.0,380.0,27.4,293.02,4.1,8,100700.0,9999999
48698,0,5003,30.8,19.78,689.0,378.0,27.4,294.59,3.9,8,100700.0,9999999
48698,0,5004,31.6,19.42,849.0,323.0,27.4,295.27,3.8,8,100700.0,9999999
48698,0,5005,32.3,18.95,911.0,286.0,27.4,295.79,3.6,10,100600.0,9999999
48698,0,5006,32.0,18.95,864.0,182.0,27.4,296.3,3.6,10,100600.0,9999999
48698,0,5007,31.7,19.07,739.0,128.0,27.4,295.96,3.6,10,100500.0,9999999
48698,0,5008,31.4,19.07,548.0,110.0,27.4,296.3,3.6,9,100400.0,9999999
48698,0,5009,30.7,19.19,311.0,105.0,27.4,295.1,2.9,9,100500.0,9999999
48698,0,5010,29.9,19.19,83.0,61.0,27.4,293.55,2.2,9,100500.0,9999999
48698,0,5011,29.2,19.3,2.0,2.0,27.4,291.96,1.5,9,100500.0,9999999
48698,0,5012,28.8,19.42,0.0,0.0,27.4,291.61,1.3,9,100600.0,9999999
48698,0,5013,28.5,19.66,0.0,0.0,27.4,291.25,1.2,9,100600.0,9999999
48698,0,5014,28.1,19.78,0.0,0.0,27.4,290.89,1.0,9,100700.0,9999999
48698,0,5015,28.0,20.4,0.0,0.0,27.4,290.89,0.7,9,100600.0,9999999
48698,0,5016,28.0,21.29,0.0,0.0,27.4,291.07,0.5,8,100600.0,9999999
48698,0,5017,27.6,21.55,0.0,0.0,27.4,290.72,0.5,8,100600.0,9999999
48698,0,5018,27.3,21.42,0.0,0.0,27.4,290.36,0.5,8,100600.0,9999999
48698,0,5019,27.0,21.29,0.0,0.0,27.4,290.18,0.5,8,100500.0,9999999
48698,0,5020,27.3,21.29,0.0,0.0,27.4,290.36,0.5,9,100500.0,9999999
48698,0,5021,27.3,21.42,0.0,0.0,27.4,292.67,2.2,9,100600.0,9999999
48698,0,5022,27.2,21.42,0.0,0.0,27.4,294.59,4.0,9,100600.0,9999999
48698,0,5023,27.2,21.55,7.0,7.0,27.4,299.46,5.7,14,100600.0,9999999
48698,0,5024,23.0,17.71,57.0,57.0,27.4,289.81,0.0,0,100700.0,9999999
48698,0,5025,23.0,17.71,119.0,119.0,27.4,287.8,0.0,0,100700.0,9999999
48698,0,5026,24.1,18.84,173.0,172.0,27.4,286.87,0.0,0,100700.0,9999999
48698,0,5027,25.9,19.07,355.0,332.0,27.4,289.63,1.4,16,100600.0,9999999
48698,0,5028,27.6,19.3,519.0,440.0,27.4,291.25,2.7,16,100500.0,9999999
48698,0,5029,29.4,19.54,630.0,466.0,27.4,293.2,4.1,9,100400.0,9999999
48698,0,5030,29.7,19.66,588.0,488.0,27.4,293.37,3.6,9,100400.0,9999999
48698,0,5031,30.0,18.84,498.0,411.0,27.4,293.55,3.1,10,100400.0,9999999
48698,0,5032,30.5,19.91,366.0,307.0,27.4,293.2,2.1,9,100400.0,9999999
48698,0,5033,29.7,19.91,208.0,171.0,27.4,292.49,2.3,9,100400.0,9999999
48698,0,5034,29.0,20.03,56.0,56.0,27.4,291.79,2.6,8,100500.0,9999999
48698,0,5035,28.0,21.29,1.0,1.0,27.4,291.07,4.1,7,100500.0,9999999
48698,0,5036,28.0,20.03,0.0,0.0,27.4,290.89,2.6,8,100500.0,9999999
48698,0,5037,28.0,20.03,0.0,0.0,27.4,290.89,2.1,8,100600.0,9999999
48698,0,5038,27.7,19.91,0.0,0.0,27.4,290.54,2.6,7,100600.0,9999999
48698,0,5039,27.0,19.66,0.0,0.0,27.4,290.89,3.4,7,100600.0,9999999
48698,0,5040,26.3,19.3,0.0,0.0,27.4,289.99,4.1,7,100600.0,9999999
48698,0,5041,25.7,19.07,0.0,0.0,27.4,290.18,4.9,7,100500.0,9999999
48698,0,5042,25.0,16.65,0.0,0.0,27.4,289.63,5.7,12,100500.0,9999999
48698,0,5043,24.0,17.71,0.0,0.0,27.4,288.9,0.0,0,100500.0,9999999
48698,0,5044,23.7,18.15,0.0,0.0,27.4,289.09,0.5,10,100500.0,9999999
48698,0,5045,24.1,18.61,0.0,0.0,27.4,289.09,0.3,10,100500.0,9999999
48698,0,5046,24.6,19.19,0.0,0.0,27.4,288.35,0.2,10,100500.0,9999999
48698,0,5047,25.0,19.66,7.0,7.0,27.4,287.99,0.0,0,100500.0,9999999
48698,0,5048,26.3,19.66,95.0,95.0,27.4,289.09,0.9,16,100500.0,9999999
48698,0,5049,27.7,19.78,261.0,220.0,27.4,290.54,1.7,16,100600.0,9999999
48698,0,5050,29.0,19.78,456.0,344.0,27.4,291.79,2.6,9,100600.0,9999999
48698,0,5051,29.7,19.78,562.0,466.0,27.4,293.37,3.1,9,100600.0,9999999
48698,0,5052,30.3,19.78,622.0,436.0,27.4,294.07,3.6,9,100500.0,9999999
48698,0,5053,31.0,19.78,631.0,443.0,27.4,294.76,4.1,8,100500.0,9999999
48698,0,5054,31.0,20.03,882.0,253.0,27.4,294.76,5.1,9,100400.0,9999999
48698,0,5055,30.8,19.66,694.0,237.0,27.4,294.41,4.1,9,100400.0,9999999
48698,0,5056,30.6,19.54,367.0,274.0,27.4,293.37,3.1,8,100300.0,9999999
48698,0,5057,29.9,19.66,208.0,171.0,27.4,292.67,3.3,8,100400.0,9999999
48698,0,5058,29.2,19.91,56.0,56.0,27.4,291.96,3.4,8,100400.0,9999999
48698,0,5059,28.5,20.03,1.0,1.0,27.4,291.43,3.6,7,100400.0,9999999
48698,0,5060,28.2,19.78,0.0,0.0,27.4,291.07,3.1,7,100500.0,9999999
48698,0,5061,28.0,20.03,0.0,0.0,27.4,291.79,2.6,6,100500.0,9999999
48698,0,5062,26.7,19.42,0.0,0.0,27.4,290.54,2.1,6,100500.0,9999999
48698,0,5063,25.3,19.19,0.0,0.0,27.4,289.09,1.5,6,100600.0,9999999
48698,0,5064,24.0,18.84,0.0,0.0,27.4,287.8,1.0,5,100600.0,9999999
48698,0,5065,24.3,18.84,0.0,0.0,27.4,287.99,0.5,10,100700.0,9999999
48698,0,5066,24.4,19.07,0.0,0.0,27.4,288.17,0.3,10,100600.0,9999999
48698,0,5067,24.5,19.19,0.0,0.0,27.4,288.35,0.2,10,100600.0,9999999
48698,0,5068,24.6,19.42,0.0,0.0,27.4,287.43,0.0,0,100500.0,9999999
48698,0,5069,24.7,19.3,0.0,0.0,27.4,288.54,0.0,0,100600.0,9999999
48698,0,5070,24.8,19.3,0.0,0.0,27.4,289.27,0.0,0,100600.0,9999999
48698,0,5071,24.9,19.19,18.0,18.0,27.4,289.99,0.0,0,100600.0,9999999
48698,0,5072,26.9,19.54,151.0,126.0,27.4,291.96,1.8,16,100700.0,9999999
48698,0,5073,29.0,21.29,312.0,248.0,27.4,294.93,3.6,8,100700.0,9999999
48698,0,5074,29.1,20.27,456.0,382.0,27.4,294.76,4.6,8,100800.0,9999999
48698,0,5075,30.0,18.84,564.0,467.0,27.4,295.44,5.1,8,100700.0,9999999
48698,0,5076,30.0,18.84,624.0,436.0,27.4,296.13,4.6,7,100700.0,9999999
48698,0,5077,30.8,18.26,633.0,443.0,27.4,296.8,4.1,8,100600.0,9999999
48698,0,5078,32.0,17.71,592.0,490.0,27.4,297.14,5.7,8,100600.0,9999999
48698,0,5079,31.0,18.84,500.0,413.0,27.4,295.27,4.1,8,100600.0,9999999
48698,0,5080,31.2,17.38,369.0,318.0,27.4,293.37,5.1,8,100500.0,9999999
48698,0,5081,30.3,17.49,209.0,172.0,27.4,292.67,4.1,8,100600.0,9999999
48698,0,5082,29.1,17.71,56.0,56.0,27.4,291.43,3.1,8,100600.0,9999999
48698,0,5083,28.8,18.04,1.0,1.0,27.4,291.25,2.1,8,100700.0,9999999
48698,0,5084,28.5,18.49,0.0,0.0,27.4,291.07,2.3,8,100700.0,9999999
48698,0,5085,28.2,18.84,0.0,0.0,27.4,290.89,2.4,8,100700.0,9999999
48698,0,5086,27.9,19.19,0.0,0.0,27.4,290.54,2.6,7,100800.0,9999999
48698,0,5087,27.6,19.54,0.0,0.0,27.4,291.43,3.1,7,100800.0,9999999
48698,0,5088,27.2,19.66,0.0,0.0,26.92,289.99,0.5,9,100800.0,9999999
48698,0,5089,27.0,19.78,0.0,0.0,26.92,289.81,0.0,0,100700.0,9999999
48698,0,5090,26.8,19.91,0.0,0.0,26.92,289.63,0.0,0,100700.0,9999999
48698,0,5091,26.7,19.91,0.0,0.0,26.92,289.63,0.0,0,100700.0,9999999
48698,0,5092,26.7,20.03,0.0,0.0,26.92,289.63,3.6,6,100700.0,9999999
48698,0,5093,26.7,20.15,0.0,0.0,26.92,289.63,3.6,7,100700.0,9999999
48698,0,5094,27.0,20.03,0.0,0.0,26.92,289.81,1.5,7,100700.0,9999999
48698,0,5095,27.1,20.78,14.0,14.0,26.92,290.18,1.5,8,100800.0,9999999
48698,0,5096,28.0,21.29,135.0,112.0,26.92,292.14,0.0,0,100900.0,9999999
48698,0,5097,29.0,21.29,298.0,241.0,26.92,294.41,3.6,7,100900.0,9999999
48698,0,5098,29.2,21.16,445.0,379.0,26.92,295.1,3.6,8,100900.0,9999999
48698,0,5099,30.0,20.03,556.0,452.0,26.92,295.1,9.2,8,100900.0,9999999
48698,0,5100,26.0,18.84,619.0,440.0,26.92,289.63,5.1,8,100900.0,9999999
48698,0,5101,26.4,17.93,629.0,446.0,26.92,288.9,3.6,7,100700.0,9999999
48698,0,5102,26.7,17.82,585.0,489.0,26.92,289.27,2.0,7,100600.0,9999999
48698,0,5103,27.0,17.71,491.0,411.0,26.92,289.45,0.5,2,100600.0,9999999
48698,0,5104,28.4,18.95,354.0,303.0,26.92,291.07,2.1,7,100600.0,9999999
48698,0,5105,27.0,18.84,192.0,167.0,26.92,289.63,3.0,7,100600.0,9999999
48698,0,5106,27.0,17.71,46.0,46.0,26.92,289.45,2.0,7,100600.0,9999999
48698,0,5107,26.2,18.38,1.0,1.0,26.92,288.9,1.5,9,100600.0,9999999
48698,0,5108,26.0,18.84,0.0,0.0,26.92,288.72,2.5,8,100600.0,9999999
48698,0,5109,26.0,17.71,0.0,0.0,26.92,288.54,1.0,8,100700.0,9999999
48698,0,5110,26.0,18.84,0.0,0.0,26.92,288.72,0.0,0,100700.0,9999999
48698,0,5111,26.0,18.84,0.0,0.0,26.92,288.72,0.0,0,100800.0,9999999
48698,0,5112,25.0,18.84,0.0,0.0,26.92,287.8,0.0,0,100800.0,9999999
48698,0,5113,25.4,19.42,0.0,0.0,26.92,288.17,0.0,0,100700.0,9999999
48698,0,5114,25.0,20.03,0.0,0.0,26.92,287.99,0.5,14,100700.0,9999999
48698,0,5115,25.0,20.03,0.0,0.0,26.92,287.99,0.5,14,100600.0,9999999
48698,0,5116,25.0,19.3,0.0,0.0,26.92,287.8,1.0,14,100600.0,9999999
48698,0,5117,25.0,18.84,0.0,0.0,26.92,288.72,1.0,13,100600.0,9999999
48698,0,5118,25.1,19.19,0.0,0.0,26.92,288.9,0.0,0,100600.0,9999999
48698,0,5119,25.2,19.54,15.0,15.0,26.92,289.81,0.0,0,100600.0,9999999
48698,0,5120,27.1,19.78,135.0,113.0,26.92,292.14,1.5,16,100700.0,9999999
48698,0,5121,29.0,20.03,299.0,241.0,26.92,294.07,3.0,7,100800.0,9999999
48698,0,5122,29.7,20.27,447.0,380.0,26.92,295.44,3.1,7,100700.0,9999999
48698,0,5123,30.0,20.03,557.0,453.0,26.92,295.61,4.1,5,100700.0,9999999
48698,0,5124,31.0,20.03,619.0,441.0,26.92,297.31,7.7,8,100700.0,9999999
48698,0,5125,29.0,18.61,630.0,447.0,26.92,295.1,4.1,9,100600.0,9999999
48698,0,5126,28.0,18.84,585.0,490.0,26.92,293.55,4.6,7,100600.0,9999999
48698,0,5127,28.0,20.03,490.0,411.0,26.92,293.72,4.1,6,100600.0,9999999
48698,0,5128,28.3,20.27,354.0,304.0,26.92,293.55,4.1,6,100500.0,9999999
48698,0,5129,28.0,18.84,217.0,187.0,26.92,292.32,3.6,7,100600.0,9999999
48698,0,5130,28.0,18.84,56.0,56.0,26.92,291.61,3.0,6,100600.0,9999999
48698,0,5131,27.6,19.78,1.0,1.0,26.92,290.36,3.6,6,100600.0,9999999
48698,0,5132,28.0,20.03,0.0,0.0,26.92,290.89,3.0,7,100700.0,9999999
48698,0,5133,28.0,20.03,0.0,0.0,26.92,290.89,4.1,6,100800.0,9999999
48698,0,5134,27.8,20.03,0.0,0.0,26.92,290.72,4.1,5,100800.0,9999999
48698,0,5135,28.0,20.03,0.0,0.0,26.92,290.89,4.6,5,100800.0,9999999
48698,0,5136,27.0,20.03,0.0,0.0,26.92,289.81,3.0,5,100800.0,9999999
48698,0,5137,26.9,19.91,0.0,0.0,26.92,289.81,3.6,5,100600.0,9999999
48698,0,5138,27.0,20.03,0.0,0.0,26.92,289.81,2.5,6,100700.0,9999999
48698,0,5139,27.0,20.03,0.0,0.0,26.92,290.89,1.5,5,100700.0,9999999
48698,0,5140,27.0,18.84,0.0,0.0,26.92,290.72,1.5,6,100700.0,9999999
48698,0,5141,27.0,18.84,0.0,0.0,26.92,290.72,2.0,5,100700.0,9999999
48698,0,5142,26.0,20.03,0.0,0.0,26.92,289.99,1.0,14,100700.0,9999999
48698,0,5143,26.2,20.65,15.0,15.0,26.92,290.18,1.0,13,100700.0,9999999
48698,0,5144,27.0,20.03,136.0,113.0,26.92,291.61,2.0,14,100900.0,9999999
48698,0,5145,27.0,20.03,300.0,242.0,26.92,292.14,3.6,14,100900.0,9999999
48698,0,5146,28.0,19.07,448.0,381.0,26.92,293.55,3.1,14,100900.0,9999999
48698,0,5147,27.0,20.03,467.0,396.0,26.92,292.14,6.1,10,100900.0,9999999
48698,0,5148,24.0,18.84,393.0,369.0,26.92,288.54,4.1,11,100900.0,9999999
48698,0,5149,23.6,18.38,239.0,230.0,26.92,287.24,1.5,10,100900.0,9999999
48698,0,5150,26.0,20.03,370.0,347.0,26.92,289.99,2.5,10,100800.0,9999999
48698,0,5151,27.0,18.84,411.0,348.0,26.92,290.72,3.0,9,100700.0,9999999
48698,0,5152,28.1,19.66,355.0,292.0,26.92,291.96,2.6,10,100700.0,9999999
48698,0,5153,27.0,18.84,192.0,167.0,26.92,290.72,2.5,9,100700.0,9999999
48698,0,5154,27.0,18.84,46.0,46.0,26.92,290.72,2.5,9,100700.0,9999999
48698,0,5155,26.3,18.95,1.0,1.0,26.92,289.09,1.0,9,100700.0,9999999
48698,0,5156,26.0,18.84,0.0,0.0,26.92,288.72,0.5,9,100800.0,9999999
48698,0,5157,26.0,17.71,0.0,0.0,26.92,288.54,0.5,9,100900.0,9999999
48698,0,5158,25.5,18.04,0.0,0.0,26.92,288.17,0.0,0,100900.0,9999999
48698,0,5159,25.0,17.71,0.0,0.0,26.92,287.62,0.0,0,100900.0,9999999
48698,0,5160,25.0,17.71,0.0,0.0,26.92,287.62,0.0,0,100900.0,9999999
48698,0,5161,25.4,18.26,0.0,0.0,26.92,287.99,1.0,8,100800.0,9999999
48698,0,5162,25.0,18.84,0.0,0.0,26.92,287.8,1.0,9,100800.0,9999999
48698,0,5163,25.0,18.84,0.0,0.0,26.92,287.8,0.0,0,100800.0,9999999
48698,0,5164,24.7,18.84,0.0,0.0,26.92,287.43,0.5,14,100700.0,9999999
48698,0,5165,25.0,18.84,0.0,0.0,26.92,287.8,1.5,13,100800.0,9999999
48698,0,5166,24.8,18.95,0.0,0.0,26.92,287.62,0.7,13,100800.0,9999999
48698,0,5167,24.7,18.95,15.0,15.0,26.92,287.43,0.0,0,100900.0,9999999
48698,0,5168,27.0,20.03,136.0,113.0,26.92,290.89,3.0,8,100900.0,9999999
48698,0,5169,27.0,20.03,301.0,243.0,26.92,290.89,2.5,7,101000.0,9999999
48698,0,5170,28.5,20.15,449.0,382.0,26.92,292.32,3.6,6,101000.0,9999999
48698,0,5171,29.0,20.03,559.0,468.0,26.92,292.85,3.6,8,101000.0,9999999
48698,0,5172,30.0,20.03,622.0,442.0,26.92,293.72,3.6,6,100900.0,9999999
48698,0,5173,30.0,18.49,632.0,449.0,26.92,293.55,4.1,5,100800.0,9999999
48698,0,5174,30.0,18.84,588.0,491.0,26.92,293.55,5.1,5,100800.0,9999999
48698,0,5175,30.0,20.03,492.0,412.0,26.92,293.72,2.5,7,100800.0,9999999
48698,0,5176,29.7,19.78,355.0,305.0,26.92,292.49,3.6,6,100700.0,9999999
48698,0,5177,29.0,20.03,192.0,167.0,26.92,291.79,5.1,6,100800.0,9999999
48698,0,5178,29.0,18.84,46.0,46.0,26.92,291.61,4.6,7,100800.0,9999999
48698,0,5179,28.3,19.91,1.0,1.0,26.92,291.07,4.6,7,100800.0,9999999
48698,0,5180,28.0,20.03,0.0,0.0,26.92,291.79,5.6,6,100900.0,9999999
48698,0,5181,28.0,20.03,0.0,0.0,26.92,292.49,4.1,7,100900.0,9999999
48698,0,5182,28.2,20.15,0.0,0.0,26.92,293.37,4.6,6,101000.0,9999999
48698,0,5183,28.0,20.03,0.0,0.0,26.92,292.49,4.1,6,100900.0,9999999
48698,0,5184,28.0,20.03,0.0,0.0,26.92,291.79,4.1,7,100900.0,9999999
48698,0,5185,27.4,19.78,0.0,0.0,26.92,290.18,1.5,7,100900.0,9999999
48698,0,5186,27.0,20.03,0.0,0.0,26.92,290.89,0.5,8,100900.0,9999999
48698,0,5187,26.0,20.03,0.0,0.0,26.92,289.99,0.0,0,100800.0,9999999
48698,0,5188,26.4,20.03,0.0,0.0,26.92,290.36,1.0,7,100700.0,9999999
48698,0,5189,26.0,20.03,0.0,0.0,26.92,290.72,0.0,0,100900.0,9999999
48698,0,5190,27.0,20.03,0.0,0.0,26.92,292.14,4.1,4,100800.0,9999999
48698,0,5191,27.5,19.66,15.0,15.0,26.92,293.2,4.1,5,100800.0,9999999
48698,0,5192,29.0,20.03,155.0,128.0,26.92,294.76,4.6,5,100900.0,9999999
48698,0,5193,29.0,20.03,371.0,240.0,26.92,294.07,4.1,6,101000.0,9999999
48698,0,5194,29.6,19.42,590.0,311.0,26.92,294.59,4.6,5,101000.0,9999999
48698,0,5195,30.0,20.03,768.0,309.0,26.92,295.1,4.6,6,100900.0,9999999
48698,0,5196,31.0,17.71,884.0,320.0,26.92,295.61,3.0,4,100900.0,9999999
48698,0,5197,31.7,18.38,917.0,292.0,26.92,296.46,4.1,5,100800.0,9999999
48698,0,5198,31.0,20.03,874.0,195.0,26.92,296.13,4.1,5,100800.0,9999999
48698,0,5199,30.0,18.84,744.0,144.0,26.92,294.93,4.6,5,100700.0,9999999
48698,0,5200,30.7,19.19,539.0,139.0,26.92,295.61,4.6,5,100600.0,9999999
48698,0,5201,30.0,17.71,293.0,142.0,26.92,294.07,4.6,5,100700.0,9999999
48698,0,5202,29.0,17.71,69.0,61.0,26.92,292.32,5.1,5,100700.0,9999999
48698,0,5203,28.5,18.61,1.0,1.0,26.92,291.07,3.6,7,100700.0,9999999
48698,0,5204,28.0,18.84,0.0,0.0,26.92,290.72,4.6,7,100900.0,9999999
48698,0,5205,28.0,20.03,0.0,0.0,26.92,289.45,4.1,8,100900.0,9999999
48698,0,5206,27.6,20.27,0.0,0.0,26.92,289.09,3.6,8,100900.0,9999999
48698,0,5207,27.0,20.03,0.0,0.0,26.92,288.54,1.0,9,100900.0,9999999
48698,0,5208,27.0,20.03,0.0,0.0,26.92,289.81,1.5,7,100900.0,9999999
48698,0,5209,27.0,20.03,0.0,0.0,26.92,289.81,2.6,7,101000.0,9999999
48698,0,5210,27.0,20.03,0.0,0.0,26.92,289.81,1.0,7,100900.0,9999999
48698,0,5211,26.0,20.03,0.0,0.0,26.92,289.99,0.0,0,100900.0,9999999
48698,0,5212,26.0,20.03,0.0,0.0,26.92,289.99,0.0,0,100900.0,9999999
48698,0,5213,26.0,20.03,0.0,0.0,26.92,289.99,0.0,0,100900.0,9999999
48698,0,5214,27.0,20.03,0.0,0.0,26.92,290.89,2.5,6,100900.0,9999999
48698,0,5215,27.2,20.27,22.0,22.0,26.92,291.07,3.1,6,100900.0,9999999
48698,0,5216,29.0,20.03,188.0,127.0,26.92,292.85,5.1,5,101000.0,9999999
48698,0,5217,29.0,20.03,372.0,252.0,26.92,292.85,6.1,6,101000.0,9999999
48698,0,5218,30.0,20.27,451.0,350.0,26.92,292.85,5.1,6,101100.0,9999999
48698,0,5219,31.0,21.29,561.0,470.0,26.92,294.93,4.1,6,101000.0,9999999
48698,0,5220,31.0,20.03,624.0,444.0,26.92,296.13,6.6,5,100900.0,9999999
48698,0,5221,31.6,17.82,635.0,451.0,26.92,296.8,6.7,7,100900.0,9999999
48698,0,5222,31.0,17.71,667.0,391.0,26.92,295.61,4.1,6,100800.0,9999999
48698,0,5223,31.0,20.03,608.0,329.0,26.92,295.44,5.1,6,100800.0,9999999
48698,0,5224,30.7,19.42,467.0,239.0,26.92,294.41,5.1,6,100700.0,9999999
48698,0,5225,31.0,18.84,279.0,144.0,26.92,294.59,4.6,7,100700.0,9999999
48698,0,5226,30.0,17.71,68.0,60.0,26.92,293.37,4.6,8,100800.0,9999999
48698,0,5227,28.8,20.52,1.0,1.0,26.92,291.79,4.6,7,100800.0,9999999
48698,0,5228,28.0,18.84,0.0,0.0,26.92,290.72,3.6,6,100900.0,9999999
48698,0,5229,28.0,20.03,0.0,0.0,26.92,290.89,2.5,6,100900.0,9999999
48698,0,5230,28.0,20.27,0.0,0.0,26.92,290.89,4.1,6,101000.0,9999999
48698,0,5231,28.0,20.03,0.0,0.0,26.92,291.79,3.6,5,101000.0,9999999
48698,0,5232,27.7,20.03,0.0,0.0,26.92,292.32,2.8,5,101000.0,9999999
48698,0,5233,27.4,20.03,0.0,0.0,26.92,292.49,2.1,7,100900.0,9999999
48698,0,5234,27.0,20.03,0.0,0.0,26.92,292.14,2.5,5,100900.0,9999999
48698,0,5235,27.0,20.03,0.0,0.0,26.92,292.67,2.5,6,100800.0,9999999
48698,0,5236,26.8,19.42,0.0,0.0,26.92,292.49,0.5,6,100800.0,9999999
48698,0,5237,26.0,18.84,0.0,0.0,26.92,290.89,0.5,6,100900.0,9999999
48698,0,5238,27.0,20.03,0.0,0.0,26.92,291.61,3.0,6,100900.0,9999999
48698,0,5239,27.3,20.27,23.0,23.0,26.92,291.25,2.6,5,100900.0,9999999
48698,0,5240,28.0,20.03,207.0,120.0,26.92,291.79,3.6,5,101000.0,9999999
48698,0,5241,29.0,18.84,455.0,172.0,26.92,292.67,4.6,5,101000.0,9999999
48698,0,5242,29.5,18.72,679.0,194.0,26.92,292.14,5.7,5,101000.0,9999999
48698,0,5243,29.0,20.03,828.0,206.0,26.92,292.85,4.1,6,101000.0,9999999
48698,0,5244,31.0,20.03,884.0,326.0,26.92,294.76,4.1,5,100900.0,9999999
48698,0,5245,30.6,20.03,831.0,347.0,26.92,294.41,2.1,4,100900.0,9999999
48698,0,5246,31.0,16.65,729.0,374.0,26.92,294.07,2.0,7,100900.0,9999999
48698,0,5247,31.0,15.64,562.0,349.0,26.92,293.89,2.0,9,100800.0,9999999
48698,0,5248,31.4,17.6,358.0,281.0,26.92,294.76,4.1,6,100700.0,9999999
48698,0,5249,30.0,17.71,238.0,176.0,26.92,293.37,2.0,5,100800.0,9999999
48698,0,5250,29.0,18.84,62.0,59.0,26.92,292.67,4.1,6,100800.0,9999999
48698,0,5251,28.7,19.3,1.0,1.0,26.92,291.43,4.1,6,100800.0,9999999
48698,0,5252,28.0,18.84,0.0,0.0,26.92,290.72,5.1,6,100900.0,9999999
48698,0,5253,28.0,20.03,0.0,0.0,26.92,290.89,3.0,7,100900.0,9999999
48698,0,5254,27.7,19.54,0.0,0.0,26.92,290.54,5.1,5,100900.0,9999999
48698,0,5255,28.0,18.84,0.0,0.0,26.92,290.72,4.1,6,100900.0,9999999
48698,0,5256,27.0,18.84,0.0,0.0,26.92,289.63,4.1,6,100900.0,9999999
48698,0,5257,27.1,18.04,0.0,0.0,26.92,289.63,4.1,5,100800.0,9999999
48698,0,5258,27.0,17.71,0.0,0.0,26.92,289.45,3.6,5,100800.0,9999999
48698,0,5259,26.0,17.71,0.0,0.0,26.92,288.54,2.0,6,100800.0,9999999
48698,0,5260,26.3,17.82,0.0,0.0,26.92,288.72,1.5,6,100800.0,9999999
48698,0,5261,26.0,17.71,0.0,0.0,26.92,288.54,2.0,6,100900.0,9999999
48698,0,5262,26.0,17.71,0.0,0.0,26.92,288.54,1.5,6,100900.0,9999999
48698,0,5263,27.0,18.95,23.0,23.0,26.92,289.63,2.6,5,101000.0,9999999
48698,0,5264,28.0,18.84,204.0,122.0,26.92,291.61,3.6,5,101000.0,9999999
48698,0,5265,29.0,20.03,430.0,202.0,26.92,293.55,4.6,5,101000.0,9999999
48698,0,5266,29.4,19.3,595.0,292.0,26.92,294.41,3.1,6,101100.0,9999999
48698,0,5267,31.0,20.03,695.0,373.0,26.92,295.44,4.1,5,101000.0,9999999
48698,0,5268,31.0,17.71,710.0,438.0,26.92,294.24,2.5,6,100900.0,9999999
48698,0,5269,31.1,18.49,637.0,454.0,26.92,293.55,3.1,6,100900.0,9999999
48698,0,5270,31.0,17.71,670.0,392.0,26.92,293.37,3.6,8,100800.0,9999999
48698,0,5271,31.0,18.84,611.0,339.0,26.92,293.55,3.0,7,100800.0,9999999
48698,0,5272,30.8,19.19,468.0,240.0,26.92,293.37,5.1,7,100700.0,9999999
48698,0,5273,30.0,18.84,238.0,170.0,26.92,293.55,5.1,5,100700.0,9999999
48698,0,5274,29.0,18.84,51.0,51.0,26.92,292.67,3.6,6,100800.0,9999999
48698,0,5275,28.9,18.38,1.0,1.0,26.92,292.49,4.1,7,100800.0,9999999
48698,0,5276,29.0,18.84,0.0,0.0,26.92,292.67,5.1,6,100900.0,9999999
48698,0,5277,28.0,18.84,0.0,0.0,26.92,291.61,4.6,6,100900.0,9999999
48698,0,5278,27.9,19.42,0.0,0.0,26.92,290.72,3.1,5,101000.0,9999999
48698,0,5279,28.0,20.03,0.0,0.0,26.92,290.89,3.0,5,101000.0,9999999
48698,0,5280,28.0,20.03,0.0,0.0,26.92,290.89,2.0,5,101000.0,9999999
48698,0,5281,27.5,19.42,0.0,0.0,26.92,290.36,2.6,16,100900.0,9999999
48698,0,5282,27.0,20.03,0.0,0.0,26.92,289.81,1.5,7,100900.0,9999999
48698,0,5283,27.0,20.03,0.0,0.0,26.92,289.81,0.5,7,100900.0,9999999
48698,0,5284,27.0,20.03,0.0,0.0,26.92,289.81,0.0,0,100900.0,9999999
48698,0,5285,26.0,20.03,0.0,0.0,26.92,288.9,0.0,0,100900.0,9999999
48698,0,5286,26.0,20.03,0.0,0.0,26.92,288.9,0.5,8,100900.0,9999999
48698,0,5287,27.1,19.42,15.0,15.0,26.92,289.81,2.1,7,101000.0,9999999
48698,0,5288,28.0,20.03,139.0,115.0,26.92,291.79,3.6,7,101000.0,9999999
48698,0,5289,29.0,18.84,306.0,246.0,26.92,293.37,3.6,8,101000.0,9999999
48698,0,5290,29.5,19.78,455.0,387.0,26.92,294.59,3.6,5,101100.0,9999999
48698,0,5291,29.0,20.03,473.0,401.0,26.92,293.55,1.5,8,101000.0,9999999
48698,0,5292,25.0,17.71,398.0,374.0,26.92,289.27,4.6,13,101000.0,9999999
48698,0,5293,26.3,19.3,242.0,233.0,26.92,289.99,0.0,0,101000.0,9999999
48698,0,5294,27.0,18.84,375.0,353.0,26.92,290.72,1.0,10,100900.0,9999999
48698,0,5295,26.0,18.84,415.0,352.0,26.92,289.63,2.5,12,100900.0,9999999
48698,0,5296,26.3,18.95,358.0,294.0,26.92,289.99,3.6,14,100900.0,9999999
48698,0,5297,27.0,17.71,193.0,168.0,26.92,290.36,3.6,13,100900.0,9999999
48698,0,5298,26.0,17.71,45.0,45.0,26.92,289.45,0.5,11,100900.0,9999999
48698,0,5299,26.0,17.71,1.0,1.0,26.92,289.45,0.0,0,100900.0,9999999
48698,0,5300,26.0,17.71,0.0,0.0,26.92,289.45,0.0,0,100900.0,9999999
48698,0,5301,26.0,18.84,0.0,0.0,26.92,288.72,0.0,0,100900.0,9999999
48698,0,5302,25.8,18.72,0.0,0.0,26.92,288.54,0.0,0,101100.0,9999999
48698,0,5303,26.0,17.71,0.0,0.0,26.92,288.54,1.5,10,101000.0,9999999
48698,0,5304,26.0,17.71,0.0,0.0,26.92,288.54,0.5,10,101000.0,9999999
48698,0,5305,25.0,17.71,0.0,0.0,26.92,287.62,0.5,10,100900.0,9999999
48698,0,5306,26.0,18.84,0.0,0.0,26.92,288.72,0.0,0,100900.0,9999999
48698,0,5307,26.0,18.84,0.0,0.0,26.92,288.72,1.5,11,100900.0,9999999
48698,0,5308,26.0,17.93,0.0,0.0,26.92,288.54,0.5,10,100900.0,9999999
48698,0,5309,26.0,17.71,0.0,0.0,26.92,288.54,1.0,10,100900.0,9999999
48698,0,5310,26.0,17.71,0.0,0.0,26.92,288.54,2.0,10,100900.0,9999999
48698,0,5311,26.5,18.61,16.0,16.0,26.92,289.09,1.5,11,100900.0,9999999
48698,0,5312,28.0,18.84,140.0,115.0,26.92,290.72,2.0,10,100900.0,9999999
48698,0,5313,29.0,17.71,307.0,247.0,26.92,291.43,3.6,8,101000.0,9999999
48698,0,5314,29.2,16.96,458.0,388.0,26.92,291.43,4.1,9,101000.0,9999999
48698,0,5315,29.0,18.84,568.0,475.0,26.92,291.61,4.1,10,101000.0,9999999
48698,0,5316,30.0,18.84,631.0,448.0,26.92,292.49,4.1,9,100900.0,9999999
48698,0,5317,27.8,17.71,640.0,454.0,26.92,290.18,4.1,9,100900.0,9999999
48698,0,5318,31.0,17.71,595.0,421.0,26.92,293.37,4.6,8,100800.0,9999999
48698,0,5319,31.0,16.65,499.0,417.0,26.92,293.02,3.6,9,100700.0,9999999
48698,0,5320,30.5,16.65,359.0,308.0,26.92,292.67,3.1,9,100700.0,9999999
48698,0,5321,30.0,17.71,193.0,168.0,26.92,292.32,2.0,8,100700.0,9999999
48698,0,5322,29.0,17.71,45.0,45.0,26.92,291.43,1.5,8,100700.0,9999999
48698,0,5323,28.7,18.15,1.0,1.0,26.92,291.25,3.1,8,100800.0,9999999
48698,0,5324,28.0,20.03,0.0,0.0,26.92,290.89,4.6,8,100900.0,9999999
48698,0,5325,28.0,20.03,0.0,0.0,26.92,290.89,4.1,7,100900.0,9999999
48698,0,5326,27.8,19.42,0.0,0.0,26.92,290.54,3.1,7,101000.0,9999999
48698,0,5327,28.0,20.03,0.0,0.0,26.92,290.89,1.5,8,100900.0,9999999
48698,0,5328,27.0,20.03,0.0,0.0,26.92,289.81,0.0,0,100900.0,9999999
48698,0,5329,26.8,19.78,0.0,0.0,26.92,289.63,0.0,0,100900.0,9999999
48698,0,5330,27.0,20.03,0.0,0.0,26.92,289.81,0.0,0,100900.0,9999999
48698,0,5331,27.0,20.03,0.0,0.0,26.92,289.81,0.5,9,100900.0,9999999
48698,0,5332,26.4,19.3,0.0,0.0,26.92,289.27,0.5,9,100800.0,9999999
48698,0,5333,26.0,20.03,0.0,0.0,26.92,288.9,0.0,0,100900.0,9999999
48698,0,5334,26.0,20.03,0.0,0.0,26.92,288.9,0.0,0,100900.0,9999999
48698,0,5335,26.0,20.03,16.0,16.0,26.92,288.9,0.0,0,100900.0,9999999
48698,0,5336,28.0,20.03,141.0,115.0,26.92,291.79,5.1,7,100900.0,9999999
48698,0,5337,29.0,20.03,308.0,248.0,26.92,294.07,3.6,7,100900.0,9999999
48698,0,5338,29.3,20.15,457.0,389.0,26.92,294.93,3.6,5,101000.0,9999999
48698,0,5339,31.0,21.29,568.0,476.0,26.92,296.8,5.1,5,100900.0,9999999
48698,0,5340,31.0,20.03,631.0,449.0,26.92,296.13,4.1,6,100900.0,9999999
48698,0,5341,30.6,18.72,641.0,455.0,26.92,295.44,5.7,7,100800.0,9999999
48698,0,5342,31.0,18.84,595.0,422.0,26.92,295.79,4.1,6,100700.0,9999999
48698,0,5343,30.0,20.03,497.0,417.0,26.92,295.1,4.6,7,100700.0,9999999
48698,0,5344,28.9,16.65,360.0,308.0,26.92,293.37,4.1,8,100600.0,9999999
48698,0,5345,29.0,18.84,253.0,175.0,26.92,293.89,2.5,8,100700.0,9999999
48698,0,5346,29.0,20.03,17.0,17.0,26.92,294.07,6.1,7,100700.0,9999999
48698,0,5347,29.0,18.84,0.0,0.0,26.92,293.37,5.1,6,100800.0,9999999
48698,0,5348,29.0,18.84,0.0,0.0,26.92,293.37,4.6,5,100900.0,9999999
48698,0,5349,28.0,18.84,0.0,0.0,26.92,292.32,3.0,6,100900.0,9999999
48698,0,5350,28.0,17.71,0.0,0.0,26.92,292.14,4.6,6,100900.0,9999999
48698,0,5351,28.0,18.84,0.0,0.0,26.92,292.32,5.1,6,100900.0,9999999
48698,0,5352,28.0,18.84,0.0,0.0,26.92,292.32,5.1,6,100900.0,9999999
48698,0,5353,28.0,18.84,0.0,0.0,26.92,292.32,2.5,5,100900.0,9999999
48698,0,5354,28.0,18.84,0.0,0.0,26.92,292.85,4.1,5,100900.0,9999999
48698,0,5355,27.0,18.84,0.0,0.0,26.92,291.96,4.1,5,100900.0,9999999
48698,0,5356,27.2,18.84,0.0,0.0,26.92,292.14,3.6,5,100800.0,9999999
48698,0,5357,27.0,18.84,0.0,0.0,26.92,291.43,4.1,5,100900.0,9999999
48698,0,5358,27.0,18.84,0.0,0.0,26.92,290.72,5.1,5,100900.0,9999999
48698,0,5359,27.7,18.95,16.0,16.0,26.92,290.36,5.1,6,100900.0,9999999
48698,0,5360,29.0,18.84,142.0,116.0,26.92,291.61,5.1,6,100900.0,9999999
48698,0,5361,30.0,20.03,309.0,254.0,26.92,292.85,5.6,6,101000.0,9999999
48698,0,5362,29.4,18.84,460.0,390.0,26.92,291.96,4.1,6,101100.0,9999999
48698,0,5363,31.0,20.03,570.0,477.0,26.92,294.76,4.1,7,101000.0,9999999
48698,0,5364,30.0,18.84,633.0,450.0,26.92,294.93,5.1,6,100900.0,9999999
48698,0,5365,30.0,19.42,641.0,456.0,26.92,295.61,4.6,6,100800.0,9999999
48698,0,5366,29.0,18.84,596.0,423.0,26.92,294.41,5.1,6,100800.0,9999999
48698,0,5367,30.0,18.84,499.0,418.0,26.92,294.93,6.1,8,100700.0,9999999
48698,0,5368,29.0,20.03,358.0,307.0,26.92,294.07,5.6,7,100700.0,9999999
48698,0,5369,29.0,18.84,193.0,168.0,26.92,293.37,5.6,7,100700.0,9999999
48698,0,5370,28.0,18.84,45.0,45.0,26.92,292.32,5.1,7,100700.0,9999999
48698,0,5371,28.3,19.07,1.0,1.0,26.92,291.96,5.1,6,100700.0,9999999
48698,0,5372,28.0,18.84,0.0,0.0,26.92,291.61,4.1,7,100800.0,9999999
48698,0,5373,28.0,18.84,0.0,0.0,26.92,291.61,3.6,6,100900.0,9999999
48698,0,5374,28.0,18.84,0.0,0.0,26.92,290.72,4.1,7,101000.0,9999999
48698,0,5375,28.0,18.84,0.0,0.0,26.92,290.72,3.0,7,100900.0,9999999
48698,0,5376,27.0,18.84,0.0,0.0,26.92,289.63,3.0,7,100900.0,9999999
48698,0,5377,27.6,19.54,0.0,0.0,26.92,290.36,2.6,7,100900.0,9999999
48698,0,5378,27.0,20.03,0.0,0.0,26.92,289.81,0.0,0,100900.0,9999999
48698,0,5379,27.0,20.03,0.0,0.0,26.92,289.81,0.0,0,100900.0,9999999
48698,0,5380,26.5,19.78,0.0,0.0,26.92,289.45,1.0,8,100700.0,9999999
48698,0,5381,27.0,20.03,0.0,0.0,26.92,289.81,1.5,8,100800.0,9999999
48698,0,5382,26.0,20.03,0.0,0.0,26.92,288.9,2.0,8,100800.0,9999999
48698,0,5383,27.3,19.91,16.0,16.0,26.92,290.18,1.5,7,100800.0,9999999
48698,0,5384,28.0,18.84,143.0,116.0,26.92,290.72,4.1,8,100900.0,9999999
48698,0,5385,29.0,18.84,310.0,249.0,26.92,291.61,4.6,7,100900.0,9999999
48698,0,5386,30.2,18.95,461.0,391.0,26.92,292.85,4.1,8,101000.0,9999999
48698,0,5387,30.0,17.71,573.0,466.0,26.92,293.37,4.1,6,100900.0,9999999
48698,0,5388,31.0,18.84,635.0,451.0,26.92,295.79,4.6,7,100900.0,9999999
48698,0,5389,29.9,18.38,643.0,457.0,26.92,295.27,5.7,9,100800.0,9999999
48698,0,5390,30.0,20.03,596.0,424.0,26.92,295.61,5.1,8,100700.0,9999999
48698,0,5391,30.0,17.71,500.0,418.0,26.92,295.27,4.1,9,100700.0,9999999
48698,0,5392,30.0,17.6,360.0,308.0,26.92,295.1,4.1,8,100700.0,9999999
48698,0,5393,28.0,18.84,193.0,168.0,26.92,292.85,1.0,1,100700.0,9999999
48698,0,5394,26.0,18.84,44.0,44.0,26.92,290.36,2.0,15,100800.0,9999999
48698,0,5395,26.0,18.49,1.0,1.0,26.92,289.63,2.1,14,100800.0,9999999
48698,0,5396,25.0,18.84,0.0,0.0,26.92,288.72,4.6,14,100900.0,9999999
48698,0,5397,24.0,17.71,0.0,0.0,26.92,287.62,5.1,14,101000.0,9999999
48698,0,5398,24.0,17.17,0.0,0.0,26.92,286.5,0.0,0,101100.0,9999999
48698,0,5399,24.0,17.71,0.0,0.0,26.92,286.5,0.0,0,101100.0,9999999
48698,0,5400,24.0,17.71,0.0,0.0,26.92,286.5,0.0,0,101000.0,9999999
48698,0,5401,24.3,17.38,0.0,0.0,26.92,286.87,0.0,0,100900.0,9999999
48698,0,5402,25.0,17.71,0.0,0.0,26.92,287.62,0.0,0,100900.0,9999999
48698,0,5403,25.0,17.71,0.0,0.0,26.92,287.62,1.5,14,100900.0,9999999
48698,0,5404,24.0,18.04,0.0,0.0,26.92,286.68,0.5,13,100800.0,9999999
48698,0,5405,24.0,17.71,0.0,0.0,26.92,286.5,0.0,0,100900.0,9999999
48698,0,5406,24.0,17.71,0.0,0.0,26.92,286.5,0.0,0,100900.0,9999999
48698,0,5407,25.0,18.49,16.0,16.0,26.92,287.62,0.0,0,100900.0,9999999
48698,0,5408,26.0,18.15,143.0,117.0,26.92,288.54,1.5,16,101000.0,9999999
48698,0,5409,27.0,17.71,312.0,250.0,26.92,289.45,3.0,10,101000.0,9999999
48698,0,5410,27.7,17.82,463.0,392.0,26.92,290.18,5.7,9,101000.0,9999999
48698,0,5411,28.0,18.84,574.0,480.0,26.92,291.61,5.1,9,100900.0,9999999
48698,0,5412,29.0,20.03,635.0,452.0,26.92,292.85,4.1,8,100900.0,9999999
48698,0,5413,29.5,18.95,644.0,458.0,26.92,293.02,5.1,9,100900.0,9999999
48698,0,5414,29.0,18.84,598.0,424.0,26.92,292.67,5.6,8,100900.0,9999999
48698,0,5415,29.0,17.71,501.0,419.0,26.92,292.32,6.1,8,100800.0,9999999
48698,0,5416,28.3,16.65,361.0,309.0,26.92,290.54,4.6,8,100800.0,9999999
48698,0,5417,29.0,17.71,193.0,168.0,26.92,291.43,4.1,9,100800.0,9999999
48698,0,5418,28.0,18.84,44.0,44.0,26.92,290.72,3.6,9,100800.0,9999999
48698,0,5419,27.0,18.84,1.0,1.0,26.92,289.63,2.5,9,100800.0,9999999
48698,0,5420,27.0,18.84,0.0,0.0,26.92,289.63,2.5,9,100900.0,9999999
48698,0,5421,27.0,18.84,0.0,0.0,26.92,289.63,3.0,9,100900.0,9999999
48698,0,5422,26.8,19.07,0.0,0.0,26.92,289.45,1.0,9,100900.0,9999999
48698,0,5423,27.0,18.84,0.0,0.0,26.92,290.72,0.5,9,100900.0,9999999
48698,0,5424,27.0,18.84,0.0,0.0,26.92,290.72,1.0,9,100900.0,9999999
48698,0,5425,26.5,19.42,0.0,0.0,26.92,290.36,1.0,9,100900.0,9999999
48698,0,5426,27.0,20.03,0.0,0.0,26.92,290.89,3.0,8,100900.0,9999999
48698,0,5427,27.0,20.03,0.0,0.0,26.92,290.89,2.5,8,100900.0,9999999
48698,0,5428,26.8,19.42,0.0,0.0,26.92,289.63,0.0,0,100800.0,9999999
48698,0,5429,26.0,20.03,0.0,0.0,26.92,288.9,0.0,0,100900.0,9999999
48698,0,5430,26.0,18.84,0.0,0.0,26.92,288.72,0.0,0,100900.0,9999999
48698,0,5431,25.7,20.03,17.0,17.0,26.92,288.72,0.0,0,100900.0,9999999
48698,0,5432,28.0,18.84,144.0,127.0,26.92,291.61,3.0,8,100900.0,9999999
48698,0,5433,29.0,20.03,312.0,256.0,26.92,292.85,4.1,8,100900.0,9999999
48698,0,5434,29.3,19.07,463.0,393.0,26.92,293.02,3.6,8,101000.0,9999999
48698,0,5435,30.0,20.03,574.0,481.0,26.92,295.61,4.6,5,100900.0,9999999
48698,0,5436,30.0,18.84,637.0,453.0,26.92,296.97,3.6,6,100900.0,9999999
48698,0,5437,30.1,19.19,645.0,459.0,26.92,299.79,4.1,4,100800.0,9999999
48698,0,5438,32.0,20.03,598.0,425.0,26.92,300.28,6.1,6,100800.0,9999999
48698,0,5439,30.0,18.84,501.0,419.0,26.92,296.97,4.6,7,100800.0,9999999
48698,0,5440,27.8,18.38,360.0,308.0,26.92,293.89,4.1,11,100800.0,9999999
48698,0,5441,28.0,17.71,178.0,155.0,26.92,293.89,3.0,10,100800.0,9999999
48698,0,5442,27.0,18.84,37.0,37.0,26.92,292.49,3.6,4,100900.0,9999999
48698,0,5443,25.0,18.84,0.0,0.0,26.92,290.54,1.5,3,100900.0,9999999
48698,0,5444,25.0,18.84,0.0,0.0,26.92,290.54,1.0,12,100900.0,9999999
48698,0,5445,24.0,18.84,0.0,0.0,26.92,289.09,3.6,8,100900.0,9999999
48698,0,5446,24.1,18.61,0.0,0.0,26.92,289.09,0.0,0,101000.0,9999999
48698,0,5447,24.0,18.84,0.0,0.0,26.92,288.54,0.0,0,100900.0,9999999
48698,0,5448,25.0,18.84,0.0,0.0,26.92,288.72,0.0,0,100900.0,9999999
48698,0,5449,24.6,18.49,0.0,0.0,26.92,287.24,0.0,0,101000.0,9999999
48698,0,5450,24.0,17.71,0.0,0.0,26.92,287.62,0.0,0,100900.0,9999999
48698,0,5451,25.0,17.71,0.0,0.0,26.92,289.27,2.5,13,100900.0,9999999
48698,0,5452,24.5,17.06,0.0,0.0,26.92,289.09,2.1,14,100900.0,9999999
48698,0,5453,24.0,17.71,0.0,0.0,26.92,288.17,0.5,9,100900.0,9999999
48698,0,5454,24.0,17.71,0.0,0.0,26.92,287.62,0.0,0,100900.0,9999999
48698,0,5455,24.7,17.93,6.0,6.0,26.92,287.24,1.0,8,100900.0,9999999
48698,0,5456,25.0,17.71,92.0,92.0,26.92,288.54,4.1,8,101000.0,9999999
48698,0,5457,25.0,17.71,263.0,227.0,26.92,289.27,4.1,8,101000.0,9999999
48698,0,5458,27.5,19.66,464.0,359.0,26.92,292.67,4.6,8,101000.0,9999999
48698,0,5459,28.0,20.03,576.0,482.0,26.92,293.2,2.5,9,100900.0,9999999
48698,0,5460,29.0,18.84,639.0,454.0,26.92,294.41,6.1,8,100900.0,9999999
48698,0,5461,29.4,19.54,646.0,460.0,26.92,294.93,6.2,8,100900.0,9999999
48698,0,5462,29.0,17.71,600.0,425.0,26.92,293.72,5.6,8,100900.0,9999999
48698,0,5463,29.0,17.71,502.0,420.0,26.92,293.72,4.1,10,100800.0,9999999
48698,0,5464,29.0,17.71,360.0,309.0,26.92,293.02,5.1,9,100700.0,9999999
48698,0,5465,28.0,17.71,193.0,168.0,26.92,291.43,3.6,9,100700.0,9999999
48698,0,5466,28.0,17.71,43.0,43.0,26.92,291.43,3.0,9,100700.0,9999999
48698,0,5467,27.0,18.15,1.0,1.0,26.92,289.63,3.6,8,100700.0,9999999
48698,0,5468,27.0,18.84,0.0,0.0,26.92,289.63,4.1,8,100800.0,9999999
48698,0,5469,26.0,18.84,0.0,0.0,26.92,288.72,3.6,7,100900.0,9999999
48698,0,5470,26.4,18.61,0.0,0.0,26.92,289.09,3.6,7,100900.0,9999999
48698,0,5471,26.0,18.84,0.0,0.0,26.92,288.72,1.5,8,100900.0,9999999
48698,0,5472,26.0,18.84,0.0,0.0,26.92,288.72,0.5,8,100900.0,9999999
48698,0,5473,25.8,18.72,0.0,0.0,26.92,288.54,0.0,0,100900.0,9999999
48698,0,5474,26.0,18.84,0.0,0.0,26.92,288.72,0.5,9,100900.0,9999999
48698,0,5475,26.0,18.84,0.0,0.0,26.92,288.72,0.0,0,100900.0,9999999
48698,0,5476,25.9,19.54,0.0,0.0,26.92,288.72,1.0,8,100800.0,9999999
48698,0,5477,23.0,15.64,0.0,0.0,26.92,285.18,5.6,14,100900.0,9999999
48698,0,5478,23.0,16.65,0.0,0.0,26.92,285.37,4.6,13,100900.0,9999999
48698,0,5479,22.9,17.17,7.0,7.0,26.92,285.37,0.5,11,100900.0,9999999
48698,0,5480,24.0,17.71,55.0,55.0,26.92,286.5,3.0,9,100900.0,9999999
48698,0,5481,25.0,17.71,120.0,120.0,26.92,287.62,5.1,9,100900.0,9999999
48698,0,5482,25.3,18.15,177.0,176.0,26.92,287.99,3.6,9,101000.0,9999999
48698,0,5483,26.0,18.84,219.0,215.0,26.92,289.63,3.6,9,100900.0,9999999
48698,0,5484,26.0,20.03,242.0,237.0,26.92,290.72,3.0,8,100900.0,9999999
48698,0,5485,26.4,19.3,246.0,240.0,26.92,291.43,7.7,9,100900.0,9999999
48698,0,5486,27.0,18.84,228.0,224.0,26.92,291.96,5.1,9,100900.0,9999999
48698,0,5487,27.0,18.84,190.0,188.0,26.92,291.96,4.1,9,100800.0,9999999
48698,0,5488,27.2,18.84,137.0,137.0,26.92,292.14,4.1,9,100700.0,9999999
48698,0,5489,27.0,20.03,99.0,99.0,26.92,291.61,3.0,8,100800.0,9999999
48698,0,5490,27.0,18.84,27.0,27.0,26.92,291.43,4.1,8,100800.0,9999999
48698,0,5491,27.0,18.84,0.0,0.0,26.92,290.72,3.6,8,100900.0,9999999
48698,0,5492,27.0,18.84,0.0,0.0,26.92,290.72,2.5,8,100800.0,9999999
48698,0,5493,27.0,18.84,0.0,0.0,26.92,290.72,2.0,8,100900.0,9999999
48698,0,5494,27.0,17.93,0.0,0.0,26.92,289.45,2.6,7,100900.0,9999999
48698,0,5495,27.0,18.84,0.0,0.0,26.92,289.63,1.5,7,100900.0,9999999
48698,0,5496,27.0,18.84,0.0,0.0,26.92,289.63,3.0,7,100900.0,9999999
48698,0,5497,26.4,19.19,0.0,0.0,26.92,289.09,0.5,9,100900.0,9999999
48698,0,5498,27.0,18.84,0.0,0.0,26.92,289.63,2.5,7,100900.0,9999999
48698,0,5499,26.0,20.03,0.0,0.0,26.92,288.9,0.0,0,100800.0,9999999
48698,0,5500,26.5,18.72,0.0,0.0,26.92,289.09,4.1,8,100800.0,9999999
48698,0,5501,26.0,18.84,0.0,0.0,26.92,288.72,4.1,8,100800.0,9999999
48698,0,5502,26.0,18.84,0.0,0.0,26.92,288.72,5.1,8,100800.0,9999999
48698,0,5503,26.8,19.07,17.0,17.0,26.92,289.45,3.6,8,100900.0,9999999
48698,0,5504,27.0,20.03,147.0,129.0,26.92,290.89,3.6,8,100900.0,9999999
48698,0,5505,28.0,18.84,316.0,259.0,26.92,291.61,4.1,8,100900.0,9999999
48698,0,5506,29.3,19.42,467.0,397.0,26.92,293.02,5.1,8,100900.0,9999999
48698,0,5507,30.0,18.84,579.0,485.0,26.92,294.24,3.6,8,100900.0,9999999
48698,0,5508,30.0,18.84,641.0,456.0,26.92,294.93,4.1,8,100900.0,9999999
48698,0,5509,29.5,18.95,649.0,462.0,26.92,294.93,4.1,7,100800.0,9999999
48698,0,5510,31.0,16.65,603.0,427.0,26.92,295.44,6.6,6,100700.0,9999999
48698,0,5511,31.0,18.84,502.0,421.0,26.92,294.59,6.1,6,100600.0,9999999
48698,0,5512,29.9,18.15,361.0,309.0,26.92,292.32,3.6,6,100600.0,9999999
48698,0,5513,30.0,18.84,192.0,167.0,26.92,292.49,4.6,7,100700.0,9999999
48698,0,5514,29.0,20.03,43.0,43.0,26.92,291.79,4.1,7,100700.0,9999999
48698,0,5515,28.4,19.19,0.0,0.0,26.92,291.07,4.6,7,100700.0,9999999
48698,0,5516,28.0,20.03,0.0,0.0,26.92,290.89,3.6,8,100800.0,9999999
48698,0,5517,28.0,18.84,0.0,0.0,26.92,290.72,4.1,7,100800.0,9999999
48698,0,5518,28.3,19.42,0.0,0.0,26.92,291.07,4.1,6,100800.0,9999999
48698,0,5519,28.0,18.84,0.0,0.0,26.92,290.72,3.6,6,100900.0,9999999
48698,0,5520,28.0,18.84,0.0,0.0,26.92,290.72,3.6,6,100900.0,9999999
48698,0,5521,27.9,18.38,0.0,0.0,26.92,290.54,4.6,6,100800.0,9999999
48698,0,5522,28.0,18.84,0.0,0.0,26.92,290.72,3.6,6,100800.0,9999999
48698,0,5523,27.0,18.84,0.0,0.0,26.92,289.63,4.1,6,100800.0,9999999
48698,0,5524,27.4,19.19,0.0,0.0,26.92,290.18,4.1,6,100700.0,9999999
48698,0,5525,27.0,20.03,0.0,0.0,26.92,289.81,4.1,6,100800.0,9999999
48698,0,5526,27.0,20.03,0.0,0.0,26.92,289.81,3.0,6,100800.0,9999999
48698,0,5527,27.8,19.78,18.0,18.0,26.92,290.72,3.1,6,100800.0,9999999
48698,0,5528,29.0,20.03,148.0,129.0,26.92,292.85,3.0,8,100900.0,9999999
48698,0,5529,29.0,20.03,317.0,260.0,26.92,293.55,3.0,7,100900.0,9999999
48698,0,5530,29.3,20.27,468.0,398.0,26.92,294.41,2.6,8,100900.0,9999999
48698,0,5531,30.0,20.03,580.0,485.0,26.92,294.59,7.7,11,100900.0,9999999
48698,0,5532,25.0,18.84,642.0,457.0,26.92,289.45,1.5,11,100900.0,9999999
48698,0,5533,26.2,17.82,651.0,462.0,26.92,289.63,2.6,9,100800.0,9999999
48698,0,5534,27.0,18.84,602.0,428.0,26.92,290.72,3.6,8,100700.0,9999999
48698,0,5535,28.0,18.84,503.0,421.0,26.92,291.61,2.5,8,100600.0,9999999
48698,0,5536,27.5,18.72,360.0,309.0,26.92,290.18,4.1,9,100600.0,9999999
48698,0,5537,27.7,18.26,192.0,167.0,26.92,290.18,2.8,9,100600.0,9999999
48698,0,5538,28.0,17.71,42.0,42.0,26.92,290.36,1.5,12,100700.0,9999999
48698,0,5539,26.7,17.6,0.0,0.0,26.92,289.09,0.0,0,100700.0,9999999
48698,0,5540,26.0,17.71,0.0,0.0,26.92,288.54,1.5,9,100800.0,9999999
48698,0,5541,26.0,17.71,0.0,0.0,26.92,288.54,0.5,11,100900.0,9999999
48698,0,5542,25.8,18.38,0.0,0.0,26.92,288.35,0.5,9,100900.0,9999999
48698,0,5543,25.0,18.84,0.0,0.0,26.92,287.8,0.5,12,100900.0,9999999
48698,0,5544,25.0,18.84,0.0,0.0,26.92,287.8,0.0,0,100800.0,9999999
48698,0,5545,25.3,18.15,0.0,0.0,26.92,287.99,0.0,0,100700.0,9999999
48698,0,5546,25.0,18.84,0.0,0.0,26.92,287.8,0.0,0,100700.0,9999999
48698,0,5547,25.0,18.84,0.0,0.0,26.92,287.8,0.5,8,100700.0,9999999
48698,0,5548,25.4,18.84,0.0,0.0,26.92,288.17,0.5,9,100700.0,9999999
48698,0,5549,25.0,18.84,0.0,0.0,26.92,287.8,0.5,9,100700.0,9999999
48698,0,5550,25.0,20.03,0.0,0.0,26.92,287.99,0.5,8,100800.0,9999999
48698,0,5551,25.9,20.03,18.0,18.0,26.92,288.9,0.5,8,100800.0,9999999
48698,0,5552,28.0,21.29,148.0,130.0,26.92,292.14,1.5,7,100900.0,9999999
48698,0,5553,29.0,21.29,318.0,261.0,26.92,293.02,2.5,7,100900.0,9999999
48698,0,5554,29.1,21.55,469.0,399.0,26.92,293.2,3.6,8,100900.0,9999999
48698,0,5555,30.0,20.03,581.0,487.0,26.92,294.59,3.6,7,100900.0,9999999
48698,0,5556,30.0,20.03,643.0,458.0,26.92,294.59,3.0,10,100900.0,9999999
48698,0,5557,30.5,19.54,650.0,463.0,26.92,295.44,4.6,9,100700.0,9999999
48698,0,5558,31.0,20.03,602.0,428.0,26.92,295.44,3.0,9,100700.0,9999999
48698,0,5559,30.0,18.84,503.0,421.0,26.92,293.55,3.0,9,100600.0,9999999
48698,0,5560,29.6,19.19,360.0,309.0,26.92,292.32,2.6,9,100500.0,9999999
48698,0,5561,29.0,18.84,192.0,167.0,26.92,291.61,1.5,9,100600.0,9999999
48698,0,5562,29.0,18.84,42.0,42.0,26.92,291.61,1.0,8,100600.0,9999999
48698,0,5563,28.2,19.07,0.0,0.0,26.92,290.89,1.5,8,100600.0,9999999
48698,0,5564,28.0,20.03,0.0,0.0,26.92,290.89,1.0,8,100700.0,9999999
48698,0,5565,27.0,20.03,0.0,0.0,26.92,289.81,0.5,8,100800.0,9999999
48698,0,5566,27.3,20.03,0.0,0.0,26.92,290.18,0.0,0,100800.0,9999999
48698,0,5567,27.0,20.03,0.0,0.0,26.92,289.81,0.0,0,100800.0,9999999
48698,0,5568,27.0,20.03,0.0,0.0,26.92,289.81,0.0,0,100800.0,9999999
48698,0,5569,26.9,21.03,0.0,0.0,26.92,289.99,0.5,8,100700.0,9999999
48698,0,5570,27.0,21.29,0.0,0.0,26.92,290.18,0.0,0,100700.0,9999999
48698,0,5571,26.0,21.29,0.0,0.0,26.92,289.09,0.0,0,100700.0,9999999
48698,0,5572,26.5,21.16,0.0,0.0,26.92,289.63,0.0,0,100600.0,9999999
48698,0,5573,27.0,21.29,0.0,0.0,26.92,290.18,0.0,0,100700.0,9999999
48698,0,5574,27.0,21.29,0.0,0.0,26.92,290.18,0.0,0,100700.0,9999999
48698,0,5575,27.0,21.16,18.0,18.0,26.92,290.18,1.0,8,100800.0,9999999
48698,0,5576,28.0,17.71,150.0,131.0,26.92,292.14,1.0,7,100900.0,9999999
48698,0,5577,25.0,17.71,321.0,265.0,26.92,290.36,8.2,9,100900.0,9999999
48698,0,5578,27.0,21.29,470.0,400.0,26.92,293.55,1.5,9,100900.0,9999999
48698,0,5579,27.0,18.84,584.0,475.0,26.92,292.49,2.0,8,100900.0,9999999
48698,0,5580,29.0,20.03,644.0,459.0,26.92,293.55,2.5,8,100900.0,9999999
48698,0,5581,28.8,19.42,652.0,464.0,26.92,291.61,2.1,11,100700.0,9999999
48698,0,5582,30.0,21.29,503.0,430.0,26.92,293.02,2.5,10,100700.0,9999999
48698,0,5583,29.0,21.29,317.0,299.0,26.92,291.96,4.6,10,100700.0,9999999
48698,0,5584,28.8,21.29,136.0,136.0,26.92,291.79,3.6,9,100600.0,9999999
48698,0,5585,28.0,20.03,98.0,98.0,26.92,290.89,1.5,10,100600.0,9999999
48698,0,5586,28.0,20.03,26.0,26.0,26.92,290.89,3.0,8,100700.0,9999999
48698,0,5587,28.0,21.29,0.0,0.0,26.92,291.07,4.1,8,100700.0,9999999
48698,0,5588,27.0,21.29,0.0,0.0,26.92,290.18,3.0,9,100700.0,9999999
48698,0,5589,27.0,21.29,0.0,0.0,26.92,290.18,2.0,8,100800.0,9999999
48698,0,5590,27.3,21.16,0.0,0.0,26.92,290.36,2.1,9,100800.0,9999999
48698,0,5591,27.0,21.29,0.0,0.0,26.92,290.18,1.5,8,100900.0,9999999
48698,0,5592,27.0,21.29,0.0,0.0,26.92,290.18,1.5,8,100900.0,9999999
48698,0,5593,27.1,20.9,0.0,0.0,26.92,290.18,1.5,8,100700.0,9999999
48698,0,5594,27.0,21.29,0.0,0.0,26.92,290.18,1.0,8,100800.0,9999999
48698,0,5595,27.0,20.03,0.0,0.0,26.92,289.81,1.0,9,100700.0,9999999
48698,0,5596,26.5,20.27,0.0,0.0,26.92,289.45,1.0,8,100700.0,9999999
48698,0,5597,25.0,16.65,0.0,0.0,26.92,287.24,26.2,10,100800.0,9999999
48698,0,5598,25.0,15.64,0.0,0.0,26.92,287.06,0.0,0,100800.0,9999999
48698,0,5599,24.2,16.96,19.0,19.0,26.92,286.68,0.0,0,100800.0,9999999
48698,0,5600,27.0,16.65,151.0,131.0,26.92,289.27,0.0,0,100900.0,9999999
48698,0,5601,29.0,17.71,322.0,266.0,26.92,291.43,0.5,12,100900.0,9999999
48698,0,5602,29.5,18.95,473.0,402.0,26.92,292.14,2.6,9,100900.0,9999999
48698,0,5603,29.0,20.03,584.0,489.0,26.92,292.85,5.1,8,100900.0,9999999
48698,0,5604,30.0,21.29,645.0,460.0,26.92,294.07,4.6,9,100800.0,9999999
48698,0,5605,30.2,20.9,652.0,465.0,26.92,294.07,4.6,9,100700.0,9999999
48698,0,5606,30.0,21.29,603.0,430.0,26.92,294.07,5.6,8,100700.0,9999999
48698,0,5607,30.0,20.03,503.0,422.0,26.92,293.72,4.1,8,100600.0,9999999
48698,0,5608,29.5,20.03,360.0,309.0,26.92,292.32,4.1,9,100500.0,9999999
48698,0,5609,30.0,18.84,191.0,166.0,26.92,292.49,3.0,9,100600.0,9999999
48698,0,5610,29.0,20.03,41.0,41.0,26.92,291.79,4.6,8,100600.0,9999999
48698,0,5611,27.9,20.15,0.0,0.0,26.92,290.72,1.0,10,100700.0,9999999
48698,0,5612,27.0,20.03,0.0,0.0,26.92,289.81,1.0,9,100700.0,9999999
48698,0,5613,27.0,18.84,0.0,0.0,26.92,289.63,2.0,8,100800.0,9999999
48698,0,5614,27.2,18.49,0.0,0.0,26.92,289.81,1.5,9,100800.0,9999999
48698,0,5615,27.0,18.84,0.0,0.0,26.92,289.63,1.0,9,100800.0,9999999
48698,0,5616,27.0,18.84,0.0,0.0,26.92,289.63,2.0,9,100700.0,9999999
48698,0,5617,26.7,18.95,0.0,0.0,26.92,289.45,0.5,9,100600.0,9999999
48698,0,5618,26.0,18.84,0.0,0.0,26.92,288.72,0.0,0,100600.0,9999999
48698,0,5619,26.0,18.84,0.0,0.0,26.92,288.72,0.0,0,100700.0,9999999
48698,0,5620,25.9,17.82,0.0,0.0,26.92,288.35,0.0,0,100600.0,9999999
48698,0,5621,26.0,17.71,0.0,0.0,26.92,288.54,0.0,0,100700.0,9999999
48698,0,5622,25.0,18.84,0.0,0.0,26.92,287.8,0.0,0,100700.0,9999999
48698,0,5623,25.9,19.54,25.0,25.0,26.92,288.72,0.0,0,100800.0,9999999
48698,0,5624,28.0,21.29,186.0,137.0,26.92,292.14,0.0,0,100900.0,9999999
48698,0,5625,29.0,20.03,364.0,274.0,26.92,292.85,1.0,9,100900.0,9999999
48698,0,5626,29.5,20.4,474.0,402.0,26.92,293.37,2.6,7,100900.0,9999999
48698,0,5627,31.0,20.03,586.0,490.0,26.92,296.13,2.5,8,100900.0,9999999
48698,0,5628,31.0,20.03,647.0,461.0,26.92,297.31,2.0,5,100800.0,9999999
48698,0,5629,28.7,20.65,653.0,466.0,26.92,295.96,6.2,9,100700.0,9999999
48698,0,5630,29.0,20.03,604.0,430.0,26.92,294.76,3.6,7,100600.0,9999999
48698,0,5631,29.0,20.03,504.0,422.0,26.92,293.55,3.0,8,100600.0,9999999
48698,0,5632,28.8,20.78,360.0,309.0,26.92,291.79,3.6,8,100500.0,9999999
48698,0,5633,29.0,21.29,190.0,166.0,26.92,291.96,3.0,8,100600.0,9999999
48698,0,5634,28.0,21.29,41.0,41.0,26.92,292.14,2.5,3,100600.0,9999999
48698,0,5635,28.0,20.03,0.0,0.0,26.92,291.79,1.5,7,100700.0,9999999
48698,0,5636,28.0,20.03,0.0,0.0,26.92,291.79,3.6,6,100700.0,9999999
48698,0,5637,28.0,20.03,0.0,0.0,26.92,291.79,2.5,7,100800.0,9999999
48698,0,5638,27.7,20.4,0.0,0.0,26.92,291.61,3.1,4,100800.0,9999999
48698,0,5639,28.0,20.03,0.0,0.0,26.92,291.79,2.0,6,100900.0,9999999
48698,0,5640,27.0,20.03,0.0,0.0,26.92,290.89,1.0,6,100900.0,9999999
48698,0,5641,27.0,20.65,0.0,0.0,26.92,289.99,0.0,0,100700.0,9999999
48698,0,5642,26.0,20.03,0.0,0.0,26.92,289.99,0.0,0,100700.0,9999999
48698,0,5643,26.0,20.03,0.0,0.0,26.92,291.25,0.0,0,100700.0,9999999
48698,0,5644,26.0,20.52,0.0,0.0,26.92,291.79,0.5,11,100700.0,9999999
48698,0,5645,26.0,21.29,0.0,0.0,26.92,291.96,5.1,13,100900.0,9999999
48698,0,5646,24.0,16.65,0.0,0.0,26.92,289.09,5.1,11,100900.0,9999999
48698,0,5647,23.4,17.49,7.0,7.0,26.92,288.72,0.0,0,101000.0,9999999
48698,0,5648,23.0,17.71,97.0,97.0,26.92,287.8,0.0,0,101000.0,9999999
48698,0,5649,24.0,18.84,271.0,246.0,26.92,287.8,0.0,0,101000.0,9999999
48698,0,5650,25.4,19.3,476.0,368.0,26.92,288.17,2.1,9,101100.0,9999999
48698,0,5651,27.0,20.03,587.0,491.0,26.92,290.89,3.6,10,100900.0,9999999
48698,0,5652,27.0,20.03,648.0,462.0,26.92,290.89,3.6,9,100900.0,9999999
48698,0,5653,28.3,18.84,655.0,466.0,26.92,291.96,3.1,11,100800.0,9999999
48698,0,5654,29.0,18.84,230.0,201.0,26.92,292.67,4.1,9,100800.0,9999999
48698,0,5655,29.0,18.84,192.0,189.0,26.92,292.67,3.6,10,100700.0,9999999
48698,0,5656,29.0,17.71,137.0,137.0,26.92,291.43,3.0,11,100600.0,9999999
48698,0,5657,29.0,17.71,190.0,160.0,26.92,291.43,2.5,13,100600.0,9999999
48698,0,5658,29.0,17.71,40.0,40.0,26.92,291.43,2.0,13,100600.0,9999999
48698,0,5659,28.0,17.71,0.0,0.0,26.92,290.36,1.5,13,100700.0,9999999
48698,0,5660,27.0,17.71,0.0,0.0,26.92,289.45,0.0,0,100800.0,9999999
48698,0,5661,27.0,18.84,0.0,0.0,26.92,289.63,1.0,11,100900.0,9999999
48698,0,5662,26.8,19.07,0.0,0.0,26.92,289.45,0.0,0,100800.0,9999999
48698,0,5663,26.0,18.84,0.0,0.0,26.92,289.63,0.0,0,100900.0,9999999
48698,0,5664,26.0,18.84,0.0,0.0,26.92,290.36,0.0,0,100900.0,9999999
48698,0,5665,26.2,19.42,0.0,0.0,26.92,291.25,0.0,0,100800.0,9999999
48698,0,5666,26.0,20.03,0.0,0.0,26.92,291.79,0.0,0,100800.0,9999999
48698,0,5667,26.0,20.03,0.0,0.0,26.92,291.79,0.0,0,100800.0,9999999
48698,0,5668,26.5,19.78,0.0,0.0,26.92,292.85,3.6,10,100800.0,9999999
48698,0,5669,26.0,20.03,0.0,0.0,26.92,291.79,1.5,11,100800.0,9999999
48698,0,5670,26.0,20.03,0.0,0.0,26.92,291.25,0.0,0,100900.0,9999999
48698,0,5671,27.2,17.38,20.0,20.0,26.92,290.54,4.1,11,100900.0,9999999
48698,0,5672,28.0,17.71,154.0,134.0,26.92,291.43,2.0,12,100900.0,9999999
48698,0,5673,29.0,16.65,327.0,270.0,26.92,292.14,4.6,12,100900.0,9999999
48698,0,5674,30.4,16.24,480.0,390.0,26.92,292.49,6.2,12,100800.0,9999999
48698,0,5675,31.0,16.65,728.0,410.0,26.92,293.02,4.6,12,100900.0,9999999
48698,0,5676,32.0,17.71,892.0,362.0,26.92,294.24,4.1,11,100900.0,9999999
48698,0,5677,31.8,17.93,951.0,326.0,26.92,294.07,4.6,11,100700.0,9999999
48698,0,5678,32.0,17.71,832.0,306.0,26.92,295.27,4.1,10,100700.0,9999999
48698,0,5679,31.1,16.24,624.0,350.0,26.92,294.76,4.6,10,100600.0,9999999
48698,0,5680,30.2,14.69,362.0,283.0,26.92,294.24,5.1,11,100500.0,9999999
48698,0,5681,31.0,15.64,191.0,166.0,26.92,294.59,3.6,12,100600.0,9999999
48698,0,5682,29.0,15.64,40.0,40.0,26.92,291.96,1.0,13,100600.0,9999999
48698,0,5683,27.0,17.82,0.0,0.0,26.92,289.45,0.0,0,100600.0,9999999
48698,0,5684,27.0,17.71,0.0,0.0,26.92,289.45,0.0,0,100800.0,9999999
48698,0,5685,27.0,17.71,0.0,0.0,26.92,289.45,0.0,0,100800.0,9999999
48698,0,5686,26.0,18.61,0.0,0.0,26.92,288.72,0.0,0,100900.0,9999999
48698,0,5687,26.0,18.84,0.0,0.0,26.92,290.36,0.0,0,100900.0,9999999
48698,0,5688,26.0,18.84,0.0,0.0,26.92,291.61,0.0,0,100900.0,9999999
48698,0,5689,25.7,17.93,0.0,0.0,26.92,292.49,0.0,0,100800.0,9999999
48698,0,5690,26.0,17.71,0.0,0.0,26.92,291.25,0.0,0,100800.0,9999999
48698,0,5691,25.0,18.84,0.0,0.0,26.92,289.45,0.0,0,100800.0,9999999
48698,0,5692,25.5,18.38,0.0,0.0,26.92,288.17,0.0,0,100700.0,9999999
48698,0,5693,25.0,18.84,0.0,0.0,26.92,288.72,0.0,0,100800.0,9999999
48698,0,5694,25.0,18.84,0.0,0.0,26.92,289.45,0.0,0,100700.0,9999999
48698,0,5695,25.5,18.04,20.0,20.0,26.92,290.36,1.5,11,100800.0,9999999
48698,0,5696,27.0,18.84,155.0,134.0,26.92,291.43,3.6,12,100900.0,9999999
48698,0,5697,28.0,18.84,327.0,270.0,26.92,291.61,1.5,12,100900.0,9999999
48698,0,5698,28.6,17.82,480.0,391.0,26.92,291.07,4.1,12,100800.0,9999999
48698,0,5699,30.0,17.71,668.0,413.0,26.92,293.37,3.6,12,100800.0,9999999
48698,0,5700,29.0,20.03,801.0,401.0,26.92,292.85,3.6,10,100800.0,9999999
48698,0,5701,30.0,19.19,860.0,365.0,26.92,293.72,4.6,12,100600.0,9999999
48698,0,5702,31.0,20.03,830.0,291.0,26.92,294.76,4.1,10,100600.0,9999999
48698,0,5703,32.0,17.71,716.0,235.0,26.92,295.27,5.1,11,100500.0,9999999
48698,0,5704,31.7,17.49,522.0,173.0,26.92,293.89,3.1,12,100400.0,9999999
48698,0,5705,31.0,16.65,272.0,151.0,26.92,293.02,4.1,13,100500.0,9999999
48698,0,5706,30.0,17.71,56.0,51.0,26.92,292.32,1.5,13,100500.0,9999999
48698,0,5707,29.0,17.71,0.0,0.0,26.92,291.43,0.5,14,100600.0,9999999
48698,0,5708,28.0,18.84,0.0,0.0,26.92,290.72,0.0,0,100600.0,9999999
48698,0,5709,27.0,18.84,0.0,0.0,26.92,289.63,0.0,0,100700.0,9999999
48698,0,5710,27.3,19.07,0.0,0.0,26.92,289.99,0.0,0,100700.0,9999999
48698,0,5711,27.0,18.84,0.0,0.0,26.92,289.63,0.0,0,100800.0,9999999
48698,0,5712,27.0,18.84,0.0,0.0,26.92,289.63,0.0,0,100800.0,9999999
48698,0,5713,26.7,19.3,0.0,0.0,26.92,289.45,0.5,12,100700.0,9999999
48698,0,5714,27.0,20.03,0.0,0.0,26.92,289.81,0.0,0,100700.0,9999999
48698,0,5715,26.0,20.03,0.0,0.0,26.92,288.9,0.0,0,100600.0,9999999
48698,0,5716,26.4,20.03,0.0,0.0,26.92,289.27,0.0,0,100500.0,9999999
48698,0,5717,26.0,20.03,0.0,0.0,26.92,288.9,0.5,11,100600.0,9999999
48698,0,5718,26.0,17.71,0.0,0.0,26.92,288.54,0.5,9,100600.0,9999999
48698,0,5719,26.0,18.84,24.0,24.0,26.92,288.72,2.0,9,100700.0,9999999
48698,0,5720,27.0,20.03,176.0,140.0,26.92,289.81,2.0,9,100800.0,9999999
48698,0,5721,29.0,20.03,350.0,276.0,26.92,291.79,2.5,10,100800.0,9999999
48698,0,5722,28.9,20.27,480.0,403.0,26.92,291.79,2.6,9,100800.0,9999999
48698,0,5723,29.0,20.03,591.0,495.0,26.92,291.79,3.0,11,100800.0,9999999
48698,0,5724,30.0,17.71,654.0,464.0,26.92,292.32,4.1,12,100700.0,9999999
48698,0,5725,30.8,16.85,660.0,468.0,26.92,293.02,4.1,13,100500.0,9999999
48698,0,5726,30.4,17.17,609.0,431.0,26.92,292.67,3.6,13,100500.0,9999999
48698,0,5727,30.1,17.49,507.0,424.0,26.92,292.49,3.1,13,100500.0,9999999
48698,0,5728,29.7,17.82,360.0,309.0,26.92,292.14,2.6,13,100500.0,9999999
48698,0,5729,29.4,18.15,189.0,165.0,26.92,291.79,2.0,13,100500.0,9999999
48698,0,5730,29.0,18.38,39.0,39.0,26.92,291.61,1.5,13,100500.0,9999999
48698,0,5731,28.7,18.72,0.0,0.0,26.92,291.25,1.0,12,100500.0,9999999
48698,0,5732,28.0,18.84,0.0,0.0,26.92,290.72,0.0,0,100600.0,9999999
48698,0,5733,28.0,18.84,0.0,0.0,26.92,290.72,0.0,0,100600.0,9999999
48698,0,5734,27.6,19.19,0.0,0.0,26.92,290.36,0.0,0,100600.0,9999999
48698,0,5735,27.0,18.84,0.0,0.0,26.92,289.63,0.0,0,100700.0,9999999
48698,0,5736,27.0,20.03,0.0,0.0,26.92,289.81,0.0,0,100700.0,9999999
48698,0,5737,26.6,19.78,0.0,0.0,26.92,289.45,0.0,0,100600.0,9999999
48698,0,5738,26.0,20.03,0.0,0.0,26.92,288.9,0.0,0,100600.0,9999999
48698,0,5739,26.0,20.03,0.0,0.0,26.92,288.9,0.0,0,100600.0,9999999
48698,0,5740,26.7,20.03,0.0,0.0,26.92,289.63,0.0,0,100500.0,9999999
48698,0,5741,27.0,20.03,0.0,0.0,26.92,289.81,0.0,0,100600.0,9999999
48698,0,5742,26.0,20.03,0.0,0.0,26.92,288.9,0.0,0,100600.0,9999999
48698,0,5743,26.4,20.15,21.0,21.0,26.92,289.27,0.0,0,100600.0,9999999
48698,0,5744,27.5,19.42,157.0,136.0,26.92,290.36,0.8,16,100600.0,9999999
48698,0,5745,28.5,18.61,330.0,273.0,26.92,291.07,1.5,16,100600.0,9999999
48698,0,5746,29.6,17.82,483.0,393.0,26.92,291.96,2.3,16,100600.0,9999999
48698,0,5747,30.7,17.06,595.0,497.0,26.92,292.85,3.1,16,100600.0,9999999
48698,0,5748,31.7,16.34,657.0,465.0,26.92,293.72,3.8,16,100600.0,9999999
48698,0,5749,32.8,15.54,663.0,469.0,26.92,294.59,4.6,10,100500.0,9999999
48698,0,5750,33.0,16.65,611.0,432.0,26.92,295.1,5.1,11,100500.0,9999999
48698,0,5751,32.0,17.71,507.0,424.0,26.92,294.24,5.1,12,100500.0,9999999
48698,0,5752,31.4,16.85,361.0,309.0,26.92,293.55,3.6,12,100400.0,9999999
48698,0,5753,31.0,15.64,189.0,165.0,26.92,292.85,3.0,11,100300.0,9999999
48698,0,5754,30.0,16.65,38.0,38.0,26.92,292.14,4.1,12,100500.0,9999999
48698,0,5755,29.4,16.75,0.0,0.0,26.92,291.61,1.0,12,100500.0,9999999
48698,0,5756,29.0,17.71,0.0,0.0,26.92,291.43,0.5,12,100600.0,9999999
48698,0,5757,29.0,17.71,0.0,0.0,26.92,291.43,1.5,12,100600.0,9999999
48698,0,5758,29.0,17.71,0.0,0.0,26.92,291.43,2.5,12,100700.0,9999999
48698,0,5759,29.0,17.71,0.0,0.0,26.92,291.43,2.5,11,100700.0,9999999
48698,0,5760,28.0,17.71,0.0,0.0,26.92,290.36,0.5,12,100700.0,9999999
48698,0,5761,27.7,18.61,0.0,0.0,26.92,290.36,0.0,0,100600.0,9999999
48698,0,5762,27.0,18.84,0.0,0.0,26.92,289.63,0.0,0,100600.0,9999999
48698,0,5763,27.0,20.03,0.0,0.0,26.92,289.81,0.0,0,100600.0,9999999
48698,0,5764,27.4,19.78,0.0,0.0,26.92,290.18,0.0,0,100500.0,9999999
48698,0,5765,27.0,20.03,0.0,0.0,26.92,290.89,0.0,0,100600.0,9999999
48698,0,5766,27.0,20.03,0.0,0.0,26.92,290.89,0.0,0,100700.0,9999999
48698,0,5767,28.0,17.93,21.0,21.0,26.92,291.43,1.0,11,100600.0,9999999
48698,0,5768,29.0,17.71,159.0,137.0,26.92,292.32,4.1,12,100700.0,9999999
48698,0,5769,29.0,20.03,331.0,274.0,26.92,292.85,3.0,10,100800.0,9999999
48698,0,5770,30.0,19.07,484.0,394.0,26.92,292.67,3.1,13,100700.0,9999999
48698,0,5771,31.0,18.84,595.0,422.0,26.92,293.55,2.5,13,100700.0,9999999
48698,0,5772,32.0,17.71,657.0,466.0,26.92,294.24,4.1,13,100600.0,9999999
48698,0,5773,32.0,17.28,662.0,470.0,26.92,294.24,4.1,12,100500.0,9999999
48698,0,5774,32.0,16.65,611.0,432.0,26.92,294.07,4.6,12,100300.0,9999999
48698,0,5775,32.0,17.71,507.0,424.0,26.92,294.24,3.6,12,100200.0,9999999
48698,0,5776,31.4,16.24,361.0,309.0,26.92,293.37,4.6,12,100300.0,9999999
48698,0,5777,30.0,17.71,188.0,164.0,26.92,292.32,3.6,12,100300.0,9999999
48698,0,5778,30.0,17.71,38.0,38.0,26.92,292.32,1.5,11,100300.0,9999999
48698,0,5779,28.5,19.07,0.0,0.0,26.92,291.25,2.6,9,100400.0,9999999
48698,0,5780,28.0,20.03,0.0,0.0,26.92,290.89,0.5,10,100500.0,9999999
48698,0,5781,28.0,18.84,0.0,0.0,26.92,290.72,0.0,0,100600.0,9999999
48698,0,5782,28.2,19.42,0.0,0.0,26.92,290.89,2.1,10,100700.0,9999999
48698,0,5783,24.0,15.64,0.0,0.0,26.92,286.12,3.6,10,100800.0,9999999
48698,0,5784,24.0,16.65,0.0,0.0,26.92,286.31,2.0,11,100700.0,9999999
48698,0,5785,24.1,16.04,0.0,0.0,26.92,286.31,2.1,11,100500.0,9999999
48698,0,5786,24.0,17.71,0.0,0.0,26.92,286.5,0.0,0,100600.0,9999999
48698,0,5787,24.0,17.71,0.0,0.0,26.92,286.5,0.0,0,100500.0,9999999
48698,0,5788,24.5,17.38,0.0,0.0,26.92,287.06,1.5,14,100500.0,9999999
48698,0,5789,25.0,17.71,0.0,0.0,26.92,287.62,0.0,0,100500.0,9999999
48698,0,5790,25.0,17.71,0.0,0.0,26.92,287.62,0.0,0,100600.0,9999999
48698,0,5791,25.0,18.61,8.0,8.0,26.92,287.8,0.0,0,100600.0,9999999
48698,0,5792,27.0,20.03,101.0,101.0,26.92,289.81,0.0,0,100600.0,9999999
48698,0,5793,29.0,17.71,279.0,252.0,26.92,291.43,2.5,11,100700.0,9999999
48698,0,5794,30.2,16.85,487.0,357.0,26.92,292.32,3.1,11,100700.0,9999999
48698,0,5795,31.0,16.65,598.0,423.0,26.92,293.02,5.1,12,100700.0,9999999
48698,0,5796,32.0,16.65,659.0,467.0,26.92,294.07,3.6,11,100600.0,9999999
48698,0,5797,31.9,16.44,663.0,470.0,26.92,293.89,4.6,12,100500.0,9999999
48698,0,5798,32.0,15.64,613.0,432.0,26.92,293.89,2.0,12,100300.0,9999999
48698,0,5799,32.0,15.64,509.0,424.0,26.92,293.89,2.5,11,100200.0,9999999
48698,0,5800,32.0,16.44,360.0,308.0,26.92,294.07,1.5,12,100200.0,9999999
48698,0,5801,32.0,15.64,188.0,164.0,26.92,293.89,4.6,12,100200.0,9999999
48698,0,5802,30.0,15.64,37.0,37.0,26.92,291.96,3.6,12,100200.0,9999999
48698,0,5803,30.0,15.64,0.0,0.0,26.92,291.96,1.5,12,100300.0,9999999
48698,0,5804,29.0,16.65,0.0,0.0,26.92,291.25,1.0,12,100500.0,9999999
48698,0,5805,29.0,16.65,0.0,0.0,26.92,291.25,1.0,11,100500.0,9999999
48698,0,5806,28.3,16.96,0.0,0.0,26.92,290.54,0.0,0,100500.0,9999999
48698,0,5807,28.0,17.71,0.0,0.0,26.92,291.43,0.0,0,100600.0,9999999
48698,0,5808,28.0,17.71,0.0,0.0,26.92,291.43,0.5,11,100600.0,9999999
48698,0,5809,27.5,18.26,0.0,0.0,26.92,291.07,0.0,0,100500.0,9999999
48698,0,5810,27.0,18.84,0.0,0.0,26.92,290.72,0.0,0,100500.0,9999999
48698,0,5811,27.0,18.84,0.0,0.0,26.92,290.72,0.0,0,100300.0,9999999
48698,0,5812,27.1,19.42,0.0,0.0,26.92,289.81,0.5,14,100400.0,9999999
48698,0,5813,27.0,20.03,0.0,0.0,26.92,289.81,0.0,0,100500.0,9999999
48698,0,5814,27.0,20.03,0.0,0.0,26.92,289.81,0.0,0,100500.0,9999999
48698,0,5815,26.7,20.78,22.0,22.0,26.92,289.81,0.0,0,100500.0,9999999
48698,0,5816,29.0,21.29,160.0,138.0,26.92,293.02,1.5,9,100700.0,9999999
48698,0,5817,29.0,21.29,333.0,276.0,26.92,293.72,1.5,9,100700.0,9999999
48698,0,5818,30.2,20.4,486.0,396.0,26.92,295.27,4.6,9,100600.0,9999999
48698,0,5819,32.0,18.84,598.0,424.0,26.92,296.8,6.1,8,100700.0,9999999
48698,0,5820,31.0,20.03,657.0,468.0,26.92,296.13,5.1,8,100600.0,9999999
48698,0,5821,31.3,18.95,662.0,471.0,26.92,296.13,6.2,9,100400.0,9999999
48698,0,5822,31.0,18.84,610.0,433.0,26.92,295.27,6.1,9,100300.0,9999999
48698,0,5823,30.0,20.03,505.0,423.0,26.92,293.72,5.1,15,100200.0,9999999
48698,0,5824,28.7,19.91,358.0,307.0,26.92,291.61,1.5,15,100300.0,9999999
48698,0,5825,30.0,17.71,186.0,163.0,26.92,292.32,2.0,14,100300.0,9999999
48698,0,5826,27.5,20.9,37.0,37.0,26.92,290.54,2.0,1,100500.0,9999999
48698,0,5827,27.2,20.65,0.0,0.0,26.92,290.18,0.0,0,100600.0,9999999
48698,0,5828,26.8,20.27,0.0,0.0,26.92,289.81,0.0,0,100600.0,9999999
48698,0,5829,26.6,20.03,0.0,0.0,26.92,289.45,0.0,0,100600.0,9999999
48698,0,5830,26.6,19.66,0.0,0.0,26.92,289.45,0.0,0,100700.0,9999999
48698,0,5831,26.8,19.42,0.0,0.0,26.92,289.63,0.0,0,100700.0,9999999
48698,0,5832,27.0,19.19,0.0,0.0,26.59,289.81,2.1,7,100700.0,9999999
48698,0,5833,27.3,19.19,0.0,0.0,26.59,289.99,0.0,0,100600.0,9999999
48698,0,5834,27.5,19.3,0.0,0.0,26.59,290.18,2.1,6,100600.0,9999999
48698,0,5835,27.7,19.54,0.0,0.0,26.59,290.54,1.5,7,100600.0,9999999
48698,0,5836,27.7,19.78,0.0,0.0,26.59,290.54,1.0,5,100600.0,9999999
48698,0,5837,27.8,19.91,0.0,0.0,26.59,291.61,2.1,6,100600.0,9999999
48698,0,5838,28.0,20.03,0.0,0.0,26.59,293.2,2.6,6,100700.0,9999999
48698,0,5839,28.0,20.65,28.0,28.0,26.59,293.89,1.5,7,100800.0,9999999
48698,0,5840,29.0,21.29,177.0,147.0,26.59,294.41,1.5,8,100800.0,9999999
48698,0,5841,30.0,22.62,347.0,279.0,26.59,294.93,3.6,8,100800.0,9999999
48698,0,5842,29.2,18.95,498.0,399.0,26.59,292.85,4.6,9,100900.0,9999999
48698,0,5843,31.0,16.65,608.0,423.0,26.59,294.76,2.6,8,100800.0,9999999
48698,0,5844,31.0,18.84,664.0,467.0,26.59,295.79,2.1,10,100700.0,9999999
48698,0,5845,30.2,17.82,669.0,470.0,26.59,295.44,3.6,9,100600.0,9999999
48698,0,5846,28.0,20.03,516.0,437.0,26.59,293.72,3.6,12,100600.0,9999999
48698,0,5847,27.0,18.84,327.0,306.0,26.59,292.49,3.1,14,100600.0,9999999
48698,0,5848,25.7,18.26,142.0,142.0,26.59,291.07,2.6,12,100600.0,9999999
48698,0,5849,26.0,18.84,128.0,128.0,26.59,290.89,0.0,0,100600.0,9999999
48698,0,5850,26.0,18.84,37.0,37.0,26.59,289.63,1.0,11,100600.0,9999999
48698,0,5851,26.0,18.84,0.0,0.0,26.59,288.72,0.0,0,100600.0,9999999
48698,0,5852,26.0,18.84,0.0,0.0,26.59,288.72,0.0,0,100700.0,9999999
48698,0,5853,26.0,18.84,0.0,0.0,26.59,288.72,0.0,0,100800.0,9999999
48698,0,5854,25.4,19.66,0.0,0.0,26.59,288.35,0.0,0,100800.0,9999999
48698,0,5855,25.0,20.03,0.0,0.0,26.59,287.99,0.0,0,100800.0,9999999
48698,0,5856,25.0,18.84,0.0,0.0,26.59,287.8,1.0,13,100800.0,9999999
48698,0,5857,24.6,18.49,0.0,0.0,26.59,287.24,0.5,13,100700.0,9999999
48698,0,5858,25.0,18.84,0.0,0.0,26.59,287.8,0.0,0,100700.0,9999999
48698,0,5859,25.0,18.84,0.0,0.0,26.59,287.8,0.0,0,100700.0,9999999
48698,0,5860,24.3,18.04,0.0,0.0,26.59,286.87,0.0,0,100700.0,9999999
48698,0,5861,24.0,17.71,0.0,0.0,26.59,286.5,0.0,0,100700.0,9999999
48698,0,5862,24.0,18.84,0.0,0.0,26.59,286.87,0.0,0,100800.0,9999999
48698,0,5863,25.0,19.19,43.0,39.0,26.59,287.8,1.5,13,100800.0,9999999
48698,0,5864,26.0,20.03,233.0,142.0,26.59,288.9,1.5,12,100800.0,9999999
48698,0,5865,29.0,20.03,525.0,154.0,26.59,290.54,1.5,10,100900.0,9999999
48698,0,5866,30.0,20.03,498.0,344.0,26.59,291.43,1.5,9,100900.0,9999999
48698,0,5867,27.0,20.03,876.0,313.0,26.59,288.54,3.1,6,100800.0,9999999
48698,0,5868,29.0,21.29,251.0,215.0,26.59,291.96,2.1,8,100700.0,9999999
48698,0,5869,26.0,20.03,253.0,247.0,26.59,288.9,1.0,8,100600.0,9999999
48698,0,5870,28.0,21.29,234.0,229.0,26.59,291.07,2.6,10,100600.0,9999999
48698,0,5871,29.0,20.03,675.0,363.0,26.59,291.79,1.0,8,100600.0,9999999
48698,0,5872,28.9,19.54,373.0,278.0,26.59,291.61,1.5,8,100500.0,9999999
48698,0,5873,29.0,20.03,202.0,167.0,26.59,292.85,0.0,0,100600.0,9999999
48698,0,5874,28.0,20.03,44.0,44.0,26.59,293.2,0.5,9,100600.0,9999999
48698,0,5875,27.3,20.65,0.0,0.0,26.59,293.2,0.0,0,100600.0,9999999
48698,0,5876,28.0,18.84,0.0,0.0,26.59,293.55,1.5,7,100700.0,9999999
48698,0,5877,27.0,20.03,0.0,0.0,26.59,292.14,0.0,0,100800.0,9999999
48698,0,5878,27.3,20.27,0.0,0.0,26.59,292.49,2.6,6,100800.0,9999999
48698,0,5879,24.0,17.71,0.0,0.0,26.59,288.17,3.6,11,100800.0,9999999
48698,0,5880,23.0,17.71,0.0,0.0,26.59,287.24,1.0,14,100800.0,9999999
48698,0,5881,23.4,17.71,0.0,0.0,26.59,286.87,0.5,14,100800.0,9999999
48698,0,5882,24.0,17.71,0.0,0.0,26.59,287.62,1.5,13,100700.0,9999999
48698,0,5883,24.0,17.71,0.0,0.0,26.59,287.62,1.0,13,100700.0,9999999
48698,0,5884,23.7,17.82,0.0,0.0,26.59,286.31,1.5,13,100600.0,9999999
48698,0,5885,24.0,17.71,0.0,0.0,26.59,287.62,0.5,13,100600.0,9999999
48698,0,5886,24.0,17.71,0.0,0.0,26.59,288.17,0.5,12,100700.0,9999999
48698,0,5887,25.2,18.72,29.0,29.0,26.59,290.18,0.0,0,100700.0,9999999
48698,0,5888,27.0,20.03,179.0,148.0,26.59,291.61,1.5,11,100800.0,9999999
48698,0,5889,29.0,20.03,351.0,282.0,26.59,293.55,1.5,9,100800.0,9999999
48698,0,5890,29.0,19.42,500.0,401.0,26.59,292.67,2.6,9,100900.0,9999999
48698,0,5891,30.0,20.03,607.0,425.0,26.59,293.72,2.6,10,100800.0,9999999
48698,0,5892,30.0,18.84,666.0,469.0,26.59,293.55,4.1,9,100800.0,9999999
48698,0,5893,30.4,17.38,671.0,471.0,26.59,293.72,3.6,9,100700.0,9999999
48698,0,5894,29.0,17.71,619.0,432.0,26.59,292.32,3.1,9,100700.0,9999999
48698,0,5895,29.0,17.71,518.0,428.0,26.59,292.32,2.6,9,100600.0,9999999
48698,0,5896,30.3,17.28,373.0,313.0,26.59,293.55,2.6,10,100600.0,9999999
48698,0,5897,30.0,17.71,202.0,167.0,26.59,293.37,2.6,10,100700.0,9999999
48698,0,5898,29.0,17.71,43.0,43.0,26.59,292.32,1.0,11,100700.0,9999999
48698,0,5899,28.0,18.84,0.0,0.0,26.59,291.61,2.6,10,100800.0,9999999
48698,0,5900,28.0,20.03,0.0,0.0,26.59,292.49,1.5,8,100900.0,9999999
48698,0,5901,25.0,15.64,0.0,0.0,26.59,289.27,3.6,10,100900.0,9999999
48698,0,5902,23.6,15.94,0.0,0.0,26.59,288.54,2.1,9,101000.0,9999999
48698,0,5903,24.0,17.71,0.0,0.0,26.59,288.9,0.0,0,101000.0,9999999
48698,0,5904,25.0,15.64,0.0,0.0,26.59,289.27,0.5,11,100900.0,9999999
48698,0,5905,25.0,16.65,0.0,0.0,26.59,289.09,0.5,12,100900.0,9999999
48698,0,5906,25.0,16.65,0.0,0.0,26.59,288.35,1.0,12,100800.0,9999999
48698,0,5907,25.0,16.65,0.0,0.0,26.59,288.35,0.0,0,100800.0,9999999
48698,0,5908,25.0,16.65,0.0,0.0,26.59,287.24,0.5,13,100800.0,9999999
48698,0,5909,25.0,17.71,0.0,0.0,26.59,288.54,0.0,0,100800.0,9999999
48698,0,5910,26.0,18.84,0.0,0.0,26.59,290.89,1.5,10,100800.0,9999999
48698,0,5911,26.8,19.66,11.0,11.0,26.59,292.49,1.0,12,100900.0,9999999
48698,0,5912,27.0,20.03,68.0,68.0,26.59,292.14,2.6,12,100900.0,9999999
48698,0,5913,24.0,16.65,135.0,135.0,26.59,287.99,4.1,12,101000.0,9999999
48698,0,5914,24.0,17.17,191.0,189.0,26.59,287.43,4.1,12,101000.0,9999999
48698,0,5915,25.0,16.65,232.0,228.0,26.59,288.35,2.1,10,101000.0,9999999
48698,0,5916,24.0,17.71,253.0,248.0,26.59,287.62,1.5,8,101000.0,9999999
48698,0,5917,24.0,17.71,255.0,249.0,26.59,286.5,3.6,8,101000.0,9999999
48698,0,5918,23.0,16.65,235.0,231.0,26.59,286.31,3.6,8,100900.0,9999999
48698,0,5919,25.0,17.71,196.0,194.0,26.59,289.27,4.6,8,100900.0,9999999
48698,0,5920,24.6,16.85,142.0,142.0,26.59,289.27,2.6,8,100800.0,9999999
48698,0,5921,25.0,16.65,76.0,76.0,26.59,289.09,2.1,9,100900.0,9999999
48698,0,5922,25.0,15.64,16.0,16.0,26.59,287.99,0.5,10,100900.0,9999999
48698,0,5923,24.4,16.04,0.0,0.0,26.59,286.68,0.0,0,100900.0,9999999
48698,0,5924,24.0,15.64,0.0,0.0,26.59,286.12,0.0,0,101000.0,9999999
48698,0,5925,25.0,16.65,0.0,0.0,26.59,287.24,0.0,0,101000.0,9999999
48698,0,5926,25.3,17.17,0.0,0.0,26.59,287.8,0.0,0,101100.0,9999999
48698,0,5927,25.0,16.65,0.0,0.0,26.59,287.24,0.0,0,101000.0,9999999
48698,0,5928,24.0,17.71,0.0,0.0,26.59,286.5,0.0,0,101000.0,9999999
48698,0,5929,24.3,17.17,0.0,0.0,26.59,286.68,1.0,12,101000.0,9999999
48698,0,5930,24.0,17.71,0.0,0.0,26.59,286.5,0.0,0,101000.0,9999999
48698,0,5931,24.0,17.71,0.0,0.0,26.59,286.5,1.0,14,100900.0,9999999
48698,0,5932,24.1,17.6,0.0,0.0,26.59,286.68,1.0,12,100900.0,9999999
48698,0,5933,24.0,17.71,0.0,0.0,26.59,286.5,0.0,0,101000.0,9999999
48698,0,5934,24.0,17.71,0.0,0.0,26.59,286.5,0.0,0,101000.0,9999999
48698,0,5935,24.5,17.93,30.0,30.0,26.59,287.06,0.5,13,101000.0,9999999
48698,0,5936,27.0,18.84,182.0,150.0,26.59,289.63,1.0,11,101100.0,9999999
48698,0,5937,28.0,18.84,355.0,284.0,26.59,290.72,2.6,10,101100.0,9999999
48698,0,5938,29.4,17.93,504.0,404.0,26.59,291.79,2.6,9,101100.0,9999999
48698,0,5939,29.7,18.04,611.0,427.0,26.59,293.2,2.6,9,101100.0,9999999
48698,0,5940,30.0,18.84,668.0,470.0,26.59,293.55,2.6,8,101000.0,9999999
48698,0,5941,30.1,18.26,671.0,472.0,26.59,293.55,2.6,7,100900.0,9999999
48698,0,5942,31.0,20.03,618.0,433.0,26.59,294.76,1.5,8,100800.0,9999999
48698,0,5943,30.0,18.84,517.0,427.0,26.59,293.55,2.1,8,100800.0,9999999
48698,0,5944,30.7,19.07,372.0,312.0,26.59,294.24,2.1,8,100700.0,9999999
48698,0,5945,29.8,19.07,200.0,166.0,26.59,293.37,1.5,8,100700.0,9999999
48698,0,5946,29.0,17.71,42.0,42.0,26.59,292.32,1.0,9,100800.0,9999999
48698,0,5947,28.0,19.19,0.0,0.0,26.59,290.72,1.0,9,100800.0,9999999
48698,0,5948,28.0,20.03,0.0,0.0,26.59,290.89,2.1,8,100900.0,9999999
48698,0,5949,27.0,20.03,0.0,0.0,26.59,289.81,1.5,8,100900.0,9999999
48698,0,5950,27.2,20.15,0.0,0.0,26.59,290.18,0.5,9,101000.0,9999999
48698,0,5951,27.0,20.03,0.0,0.0,26.59,289.81,0.0,0,100900.0,9999999
48698,0,5952,27.0,20.03,0.0,0.0,26.59,289.81,0.0,0,100900.0,9999999
48698,0,5953,26.0,20.03,0.0,0.0,26.59,287.62,0.0,0,100900.0,9999999
48698,0,5954,26.0,20.03,0.0,0.0,26.59,288.9,0.0,0,100900.0,9999999
48698,0,5955,26.0,20.03,0.0,0.0,26.59,288.9,0.0,0,100900.0,9999999
48698,0,5956,26.0,20.03,0.0,0.0,26.59,288.9,0.0,0,100900.0,9999999
48698,0,5957,25.0,20.03,0.0,0.0,26.59,287.99,0.0,0,100900.0,9999999
48698,0,5958,25.0,20.03,0.0,0.0,26.59,288.9,0.0,0,100900.0,9999999
48698,0,5959,25.8,20.27,40.0,39.0,26.59,289.81,0.0,0,101000.0,9999999
48698,0,5960,27.0,21.29,239.0,150.0,26.59,291.07,0.0,0,101000.0,9999999
48698,0,5961,29.0,21.29,135.0,135.0,26.59,293.02,0.0,0,101100.0,9999999
48698,0,5962,30.0,18.84,192.0,189.0,26.59,293.55,1.5,6,101200.0,9999999
48698,0,5963,31.0,20.03,232.0,227.0,26.59,294.76,2.6,6,101100.0,9999999
48698,0,5964,31.0,17.71,254.0,249.0,26.59,294.24,3.6,6,101100.0,9999999
48698,0,5965,31.0,18.84,255.0,249.0,26.59,294.59,5.1,7,101000.0,9999999
48698,0,5966,31.0,17.71,235.0,231.0,26.59,294.24,5.7,13,101000.0,9999999
48698,0,5967,25.0,17.71,517.0,262.0,26.59,288.54,4.1,14,100900.0,9999999
48698,0,5968,25.0,17.71,141.0,141.0,26.59,287.62,0.0,0,100900.0,9999999
48698,0,5969,25.0,17.71,126.0,126.0,26.59,287.62,0.5,16,100900.0,9999999
48698,0,5970,25.0,17.71,34.0,34.0,26.59,287.62,0.0,0,100800.0,9999999
48698,0,5971,24.7,18.49,0.0,0.0,26.59,287.43,0.0,0,100800.0,9999999
48698,0,5972,25.0,17.71,0.0,0.0,26.59,288.54,0.0,0,100900.0,9999999
48698,0,5973,25.0,18.84,0.0,0.0,26.59,289.45,0.5,13,101000.0,9999999
48698,0,5974,24.6,18.49,0.0,0.0,26.59,289.63,1.5,13,101000.0,9999999
48698,0,5975,24.0,18.84,0.0,0.0,26.59,288.54,1.5,13,101000.0,9999999
48698,0,5976,24.0,18.84,0.0,0.0,26.59,287.8,1.5,13,101000.0,9999999
48698,0,5977,24.3,18.15,0.0,0.0,26.59,286.87,0.5,13,101000.0,9999999
48698,0,5978,24.0,17.71,0.0,0.0,26.59,286.5,0.0,0,101000.0,9999999
48698,0,5979,24.0,17.71,0.0,0.0,26.59,286.5,0.0,0,100900.0,9999999
48698,0,5980,24.0,17.71,0.0,0.0,26.59,286.5,1.5,13,100900.0,9999999
48698,0,5981,24.0,17.71,0.0,0.0,26.59,287.62,1.0,13,100900.0,9999999
48698,0,5982,24.0,17.71,0.0,0.0,26.59,288.17,0.5,13,101000.0,9999999
48698,0,5983,24.4,18.15,31.0,31.0,26.59,289.27,1.5,14,101000.0,9999999
48698,0,5984,26.0,18.84,184.0,152.0,26.59,290.89,1.0,14,101100.0,9999999
48698,0,5985,28.0,20.03,357.0,286.0,26.59,293.2,0.0,0,101100.0,9999999
48698,0,5986,29.7,19.54,506.0,406.0,26.59,294.76,2.1,9,101100.0,9999999
48698,0,5987,31.0,20.03,691.0,427.0,26.59,295.44,3.1,8,101100.0,9999999
48698,0,5988,31.0,18.84,825.0,393.0,26.59,295.27,3.6,9,101000.0,9999999
48698,0,5989,31.0,16.65,883.0,372.0,26.59,294.07,4.1,9,100900.0,9999999
48698,0,5990,30.0,18.84,848.0,286.0,26.59,293.55,3.6,9,100800.0,9999999
48698,0,5991,31.0,17.71,731.0,218.0,26.59,294.24,2.6,9,100800.0,9999999
48698,0,5992,29.6,17.82,537.0,151.0,26.59,291.96,1.5,8,100700.0,9999999
48698,0,5993,29.3,17.93,287.0,115.0,26.59,291.79,1.0,8,100700.0,9999999
48698,0,5994,29.0,17.71,59.0,49.0,26.59,291.43,0.5,6,100800.0,9999999
48698,0,5995,28.7,18.15,0.0,0.0,26.59,291.25,2.6,6,100800.0,9999999
48698,0,5996,28.3,18.72,0.0,0.0,26.59,290.89,3.1,7,100900.0,9999999
48698,0,5997,28.0,18.84,0.0,0.0,26.59,290.72,3.1,6,100900.0,9999999
48698,0,5998,28.2,19.91,0.0,0.0,26.59,291.07,3.1,6,101000.0,9999999
48698,0,5999,28.0,18.84,0.0,0.0,26.59,291.61,3.1,6,101000.0,9999999
48698,0,6000,27.0,20.03,0.0,0.0,26.59,290.89,0.0,0,100900.0,9999999
48698,0,6001,26.7,19.54,0.0,0.0,26.59,290.54,0.0,0,100900.0,9999999
48698,0,6002,26.8,19.78,0.0,0.0,26.59,290.72,0.0,0,100900.0,9999999
48698,0,6003,27.0,20.03,0.0,0.0,26.59,290.89,0.0,0,100900.0,9999999
48698,0,6004,26.3,20.27,0.0,0.0,26.59,289.27,0.0,0,100900.0,9999999
48698,0,6005,26.1,20.27,0.0,0.0,26.59,290.72,0.2,16,100900.0,9999999
48698,0,6006,26.0,20.03,0.0,0.0,26.59,291.79,0.5,13,101000.0,9999999
48698,0,6007,26.0,20.4,32.0,32.0,26.59,293.37,3.1,12,101000.0,9999999
48698,0,6008,21.0,15.64,187.0,153.0,26.59,286.68,5.1,12,101100.0,9999999
48698,0,6009,22.0,15.64,361.0,287.0,26.59,286.5,2.1,12,101100.0,9999999
48698,0,6010,23.4,17.38,509.0,407.0,26.59,286.87,2.6,13,101200.0,9999999
48698,0,6011,25.0,17.71,615.0,429.0,26.59,288.54,0.0,0,101100.0,9999999
48698,0,6012,27.0,18.84,671.0,473.0,26.59,290.72,2.6,10,101000.0,9999999
48698,0,6013,27.5,17.49,674.0,474.0,26.59,289.81,3.1,9,100900.0,9999999
48698,0,6014,28.0,17.71,621.0,434.0,26.59,290.36,1.0,9,100800.0,9999999
48698,0,6015,28.0,16.65,518.0,427.0,26.59,290.18,1.5,8,100800.0,9999999
48698,0,6016,28.2,17.82,371.0,311.0,26.59,290.72,3.6,8,100700.0,9999999
48698,0,6017,28.0,17.71,198.0,164.0,26.59,290.36,3.6,8,100700.0,9999999
48698,0,6018,21.0,15.64,40.0,40.0,26.59,283.25,5.1,12,100700.0,9999999
48698,0,6019,27.1,17.28,0.0,0.0,26.59,289.45,4.1,8,100700.0,9999999
48698,0,6020,27.0,17.71,0.0,0.0,26.59,289.45,3.6,8,100800.0,9999999
48698,0,6021,26.0,17.71,0.0,0.0,26.59,288.54,0.0,0,100800.0,9999999
48698,0,6022,26.0,17.82,0.0,0.0,26.59,288.54,1.5,8,100900.0,9999999
48698,0,6023,27.0,17.71,0.0,0.0,26.59,289.45,0.5,9,100900.0,9999999
48698,0,6024,25.0,17.71,0.0,0.0,26.59,287.62,0.0,0,100900.0,9999999
48698,0,6025,24.8,18.04,0.0,0.0,26.59,287.43,0.0,0,100800.0,9999999
48698,0,6026,25.0,17.71,0.0,0.0,26.59,287.62,0.0,0,100800.0,9999999
48698,0,6027,25.0,17.71,0.0,0.0,26.59,287.62,0.0,0,100800.0,9999999
48698,0,6028,24.5,18.26,0.0,0.0,26.59,287.24,0.0,0,100800.0,9999999
48698,0,6029,25.0,17.71,0.0,0.0,26.59,287.62,1.0,7,100800.0,9999999
48698,0,6030,27.0,18.84,0.0,0.0,26.59,289.63,1.5,7,100900.0,9999999
48698,0,6031,26.5,19.91,32.0,32.0,26.59,289.45,0.0,0,100900.0,9999999
48698,0,6032,28.0,20.03,255.0,148.0,26.59,290.89,3.6,8,100900.0,9999999
48698,0,6033,29.0,21.29,534.0,162.0,26.59,291.96,4.1,7,100900.0,9999999
48698,0,6034,30.1,21.03,768.0,176.0,26.59,293.02,3.1,6,101000.0,9999999
48698,0,6035,31.0,20.03,914.0,164.0,26.59,295.44,4.1,6,100900.0,9999999
48698,0,6036,31.0,20.03,918.0,356.0,26.59,296.63,5.1,6,100800.0,9999999
48698,0,6037,28.5,17.38,675.0,427.0,26.59,294.24,5.1,6,100700.0,9999999
48698,0,6038,27.0,18.84,620.0,434.0,26.59,292.49,7.2,7,100700.0,9999999
48698,0,6039,31.0,18.84,516.0,427.0,26.59,295.79,3.6,7,100600.0,9999999
48698,0,6040,29.7,19.19,369.0,310.0,26.59,293.37,5.7,7,100600.0,9999999
48698,0,6041,29.0,20.03,257.0,147.0,26.59,292.85,5.7,8,100600.0,9999999
48698,0,6042,28.0,20.03,56.0,49.0,26.59,291.79,4.1,8,100600.0,9999999
48698,0,6043,28.5,19.66,0.0,0.0,26.59,291.25,6.2,7,100600.0,9999999
48698,0,6044,29.0,20.03,0.0,0.0,26.59,291.79,3.6,6,100700.0,9999999
48698,0,6045,28.0,20.03,0.0,0.0,26.59,290.89,2.6,6,100800.0,9999999
48698,0,6046,28.2,19.07,0.0,0.0,26.59,290.89,4.1,7,100900.0,9999999
48698,0,6047,28.0,18.84,0.0,0.0,26.59,290.72,4.1,7,100900.0,9999999
48698,0,6048,28.0,20.03,0.0,0.0,26.59,291.79,3.6,6,100900.0,9999999
48698,0,6049,27.0,20.03,0.0,0.0,26.59,290.89,3.6,7,100800.0,9999999
48698,0,6050,27.0,20.03,0.0,0.0,26.59,290.89,1.5,7,100800.0,9999999
48698,0,6051,27.0,20.03,0.0,0.0,26.59,290.89,0.0,0,100800.0,9999999
48698,0,6052,26.6,20.27,0.0,0.0,26.59,290.54,0.0,0,100800.0,9999999
48698,0,6053,26.0,20.03,0.0,0.0,26.59,289.99,1.5,12,100800.0,9999999
48698,0,6054,26.0,20.03,0.0,0.0,26.59,289.99,2.6,13,100900.0,9999999
48698,0,6055,25.7,20.4,33.0,33.0,26.59,289.63,1.5,13,101000.0,9999999
48698,0,6056,25.0,16.65,158.0,143.0,26.59,288.35,5.1,13,101100.0,9999999
48698,0,6057,25.0,17.71,229.0,219.0,26.59,288.54,1.5,10,101100.0,9999999
48698,0,6058,24.3,18.38,194.0,191.0,26.59,287.99,1.5,9,101200.0,9999999
48698,0,6059,24.0,18.84,390.0,366.0,26.59,287.8,2.1,9,101100.0,9999999
48698,0,6060,27.0,20.03,562.0,478.0,26.59,290.89,4.6,7,100900.0,9999999
48698,0,6061,27.2,16.85,676.0,500.0,26.59,289.45,2.1,8,100800.0,9999999
48698,0,6062,27.1,17.06,622.0,434.0,26.59,289.45,1.8,8,100800.0,9999999
48698,0,6063,27.0,17.71,517.0,427.0,26.59,289.45,1.5,8,100700.0,9999999
48698,0,6064,27.4,17.6,370.0,310.0,26.59,289.81,0.0,0,100700.0,9999999
48698,0,6065,28.0,17.71,196.0,163.0,26.59,290.36,0.0,0,100700.0,9999999
48698,0,6066,28.0,17.71,38.0,38.0,26.59,290.36,0.5,8,100700.0,9999999
48698,0,6067,27.1,18.61,0.0,0.0,26.59,289.81,2.1,7,100700.0,9999999
48698,0,6068,27.0,18.84,0.0,0.0,26.59,290.72,2.1,8,100800.0,9999999
48698,0,6069,26.0,18.84,0.0,0.0,26.59,289.63,0.0,0,100900.0,9999999
48698,0,6070,25.9,18.72,0.0,0.0,26.59,289.63,0.0,0,100900.0,9999999
48698,0,6071,26.0,18.84,0.0,0.0,26.59,289.63,0.0,0,100900.0,9999999
48698,0,6072,26.0,18.84,0.0,0.0,26.59,289.63,0.0,0,100900.0,9999999
48698,0,6073,25.5,19.3,0.0,0.0,26.59,288.35,0.0,0,100900.0,9999999
48698,0,6074,25.0,18.84,0.0,0.0,26.59,287.8,0.0,0,100900.0,9999999
48698,0,6075,25.0,20.03,0.0,0.0,26.59,287.99,0.0,0,100900.0,9999999
48698,0,6076,25.2,19.54,0.0,0.0,26.59,287.99,0.0,0,100800.0,9999999
48698,0,6077,25.0,20.03,0.0,0.0,26.59,288.9,0.0,0,100900.0,9999999
48698,0,6078,25.0,20.03,0.0,0.0,26.59,289.63,0.0,0,100900.0,9999999
48698,0,6079,25.0,20.03,51.0,44.0,26.59,290.18,0.0,0,101000.0,9999999
48698,0,6080,27.0,21.29,273.0,142.0,26.59,292.32,0.0,0,101000.0,9999999
48698,0,6081,29.0,20.03,362.0,276.0,26.59,294.76,2.6,7,101100.0,9999999
48698,0,6082,29.0,18.84,512.0,410.0,26.59,295.1,2.6,7,101100.0,9999999
48698,0,6083,30.0,20.03,617.0,432.0,26.59,296.3,2.6,7,101000.0,9999999
48698,0,6084,31.0,20.03,255.0,218.0,26.59,297.31,2.6,6,100800.0,9999999
48698,0,6085,31.8,19.91,673.0,386.0,26.59,297.98,4.6,5,100700.0,9999999
48698,0,6086,30.0,16.65,623.0,434.0,26.59,294.93,5.1,8,100700.0,9999999
48698,0,6087,30.0,16.65,517.0,427.0,26.59,294.41,3.1,7,100600.0,9999999
48698,0,6088,29.4,18.49,368.0,309.0,26.59,292.85,3.6,6,100600.0,9999999
48698,0,6089,29.0,20.03,194.0,162.0,26.59,292.85,6.7,8,100600.0,9999999
48698,0,6090,28.5,19.66,28.0,28.0,26.59,292.32,4.1,8,100600.0,9999999
48698,0,6091,28.0,17.71,0.0,0.0,26.59,290.36,1.5,7,100600.0,9999999
48698,0,6092,28.0,18.84,0.0,0.0,26.59,290.72,3.1,7,100700.0,9999999
48698,0,6093,28.0,20.03,0.0,0.0,26.59,290.89,4.1,7,100700.0,9999999
48698,0,6094,28.0,20.03,0.0,0.0,26.59,290.89,3.6,7,100800.0,9999999
48698,0,6095,28.0,20.03,0.0,0.0,26.59,291.79,5.1,6,100800.0,9999999
48698,0,6096,28.0,20.03,0.0,0.0,26.59,292.49,4.1,7,100700.0,9999999
48698,0,6097,28.0,20.03,0.0,0.0,26.59,292.49,1.0,7,100700.0,9999999
48698,0,6098,27.0,20.03,0.0,0.0,26.59,291.61,0.0,0,100700.0,9999999
48698,0,6099,27.0,20.03,0.0,0.0,26.59,291.61,0.0,0,100600.0,9999999
48698,0,6100,27.0,20.03,0.0,0.0,26.59,291.61,1.0,6,100600.0,9999999
48698,0,6101,27.0,21.16,0.0,0.0,26.59,291.79,1.8,6,100700.0,9999999
48698,0,6102,27.0,20.03,0.0,0.0,26.59,291.61,2.6,5,100700.0,9999999
48698,0,6103,28.0,20.03,34.0,34.0,26.59,292.49,3.1,6,100700.0,9999999
48698,0,6104,29.0,21.29,72.0,72.0,26.59,293.72,3.6,7,100700.0,9999999
48698,0,6105,30.0,20.03,476.0,249.0,26.59,294.59,3.6,7,100800.0,9999999
48698,0,6106,29.9,20.52,767.0,227.0,26.59,293.72,2.6,6,100800.0,9999999
48698,0,6107,31.0,20.03,919.0,166.0,26.59,295.44,3.1,7,100700.0,9999999
48698,0,6108,32.0,20.03,990.0,223.0,26.59,296.46,4.6,6,100600.0,9999999
48698,0,6109,30.0,18.84,976.0,259.0,26.59,294.93,1.5,10,100500.0,9999999
48698,0,6110,31.0,18.84,813.0,336.0,26.59,295.27,4.1,9,100500.0,9999999
48698,0,6111,30.0,18.15,729.0,235.0,26.59,294.24,3.2,9,100400.0,9999999
48698,0,6112,29.0,17.82,541.0,130.0,26.59,292.32,2.4,9,100400.0,9999999
48698,0,6113,28.0,20.03,290.0,105.0,26.59,291.79,1.5,1,100400.0,9999999
48698,0,6114,27.0,20.03,48.0,45.0,26.59,289.81,0.0,0,100500.0,9999999
48698,0,6115,26.0,18.84,0.0,0.0,26.59,287.43,0.0,0,100500.0,9999999
48698,0,6116,26.0,18.84,0.0,0.0,26.59,287.43,1.0,14,100600.0,9999999
48698,0,6117,26.0,18.84,0.0,0.0,26.59,287.43,1.0,3,100600.0,9999999
48698,0,6118,26.0,18.84,0.0,0.0,26.59,287.43,0.0,0,100700.0,9999999
48698,0,6119,26.0,20.03,0.0,0.0,26.59,287.62,0.0,0,100700.0,9999999
48698,0,6120,26.0,20.03,0.0,0.0,26.59,288.9,0.0,0,100700.0,9999999
48698,0,6121,25.5,19.78,0.0,0.0,26.59,288.35,0.0,0,100600.0,9999999
48698,0,6122,25.0,20.03,0.0,0.0,26.59,287.99,0.0,0,100600.0,9999999
48698,0,6123,25.0,20.03,0.0,0.0,26.59,287.99,0.0,0,100600.0,9999999
48698,0,6124,25.3,19.91,0.0,0.0,26.59,288.17,0.0,0,100600.0,9999999
48698,0,6125,25.0,18.84,0.0,0.0,26.59,288.72,0.0,0,100600.0,9999999
48698,0,6126,25.0,20.03,0.0,0.0,26.59,289.63,0.0,0,100700.0,9999999
48698,0,6127,25.6,19.66,46.0,44.0,26.59,290.72,0.0,0,100700.0,9999999
48698,0,6128,28.0,21.29,250.0,155.0,26.59,293.37,1.0,3,100800.0,9999999
48698,0,6129,30.0,21.29,477.0,224.0,26.59,295.96,3.1,5,100800.0,9999999
48698,0,6130,30.2,20.4,672.0,270.0,26.59,295.96,5.7,5,100800.0,9999999
48698,0,6131,31.0,20.03,788.0,323.0,26.59,296.63,4.1,5,100800.0,9999999
48698,0,6132,31.0,20.03,830.0,384.0,26.59,296.13,3.1,6,100700.0,9999999
48698,0,6133,31.0,20.03,798.0,432.0,26.59,296.13,3.6,5,100600.0,9999999
48698,0,6134,31.0,20.03,700.0,416.0,26.59,295.44,3.6,5,100600.0,9999999
48698,0,6135,30.0,18.84,550.0,364.0,26.59,294.24,4.6,6,100500.0,9999999
48698,0,6136,29.2,17.38,368.0,293.0,26.59,292.49,6.7,5,100500.0,9999999
48698,0,6137,29.0,20.03,193.0,161.0,26.59,292.85,3.6,5,100500.0,9999999
48698,0,6138,28.0,18.84,36.0,36.0,26.59,291.61,1.5,5,100600.0,9999999
48698,0,6139,28.0,20.03,0.0,0.0,26.59,290.89,0.0,0,100600.0,9999999
48698,0,6140,28.0,20.03,0.0,0.0,26.59,290.89,2.6,4,100700.0,9999999
48698,0,6141,28.0,20.03,0.0,0.0,26.59,290.89,1.0,7,100700.0,9999999
48698,0,6142,27.9,19.91,0.0,0.0,26.59,290.72,1.0,7,100800.0,9999999
48698,0,6143,28.0,20.03,0.0,0.0,26.59,291.79,0.5,7,100700.0,9999999
48698,0,6144,28.0,20.03,0.0,0.0,26.59,293.2,0.0,0,100700.0,9999999
48698,0,6145,27.5,20.52,0.0,0.0,26.59,293.37,1.5,8,100700.0,9999999
48698,0,6146,28.0,21.29,0.0,0.0,26.59,293.89,3.1,6,100700.0,9999999
48698,0,6147,28.0,20.03,0.0,0.0,26.59,293.72,2.6,7,100700.0,9999999
48698,0,6148,27.0,20.03,0.0,0.0,26.59,292.14,3.1,7,100800.0,9999999
48698,0,6149,27.0,20.03,0.0,0.0,26.59,292.14,2.1,6,100800.0,9999999
48698,0,6150,27.0,20.03,0.0,0.0,26.59,292.14,1.5,6,100800.0,9999999
48698,0,6151,28.0,20.27,36.0,36.0,26.59,293.2,3.1,6,100800.0,9999999
48698,0,6152,29.0,20.03,193.0,158.0,26.59,293.55,4.1,5,100900.0,9999999
48698,0,6153,30.0,20.03,366.0,293.0,26.59,294.59,4.1,5,100900.0,9999999
48698,0,6154,30.3,20.65,514.0,413.0,26.59,294.24,3.1,6,100900.0,9999999
48698,0,6155,30.0,20.03,620.0,435.0,26.59,294.59,3.6,6,100800.0,9999999
48698,0,6156,32.0,18.84,676.0,476.0,26.59,296.3,3.6,5,100700.0,9999999
48698,0,6157,31.5,18.49,676.0,476.0,26.59,296.3,3.6,6,100700.0,9999999
48698,0,6158,31.0,18.84,621.0,434.0,26.59,295.27,6.7,5,100600.0,9999999
48698,0,6159,29.9,18.84,515.0,425.0,26.59,294.24,4.1,5,100600.0,9999999
48698,0,6160,28.8,18.95,366.0,307.0,26.59,292.49,1.5,6,100600.0,9999999
48698,0,6161,29.0,18.84,192.0,160.0,26.59,292.67,2.1,8,100600.0,9999999
48698,0,6162,29.0,20.03,35.0,35.0,26.59,292.85,2.1,8,100600.0,9999999
48698,0,6163,28.1,18.72,0.0,0.0,26.59,290.72,2.6,8,100700.0,9999999
48698,0,6164,28.0,20.03,0.0,0.0,26.59,290.89,2.6,8,100700.0,9999999
48698,0,6165,28.0,20.03,0.0,0.0,26.59,290.89,2.1,7,100800.0,9999999
48698,0,6166,27.0,20.03,0.0,0.0,26.59,289.81,0.0,0,100900.0,9999999
48698,0,6167,27.0,17.71,0.0,0.0,26.59,289.45,0.0,0,100800.0,9999999
48698,0,6168,27.0,20.03,0.0,0.0,26.59,289.81,0.0,0,100800.0,9999999
48698,0,6169,26.8,20.03,0.0,0.0,26.59,289.63,0.0,0,100700.0,9999999
48698,0,6170,27.0,20.03,0.0,0.0,26.59,289.81,1.5,7,100700.0,9999999
48698,0,6171,27.0,20.03,0.0,0.0,26.59,289.81,0.0,0,100700.0,9999999
48698,0,6172,26.3,20.65,0.0,0.0,26.59,289.27,0.0,0,100700.0,9999999
48698,0,6173,26.0,20.03,0.0,0.0,26.59,288.9,0.0,0,100800.0,9999999
48698,0,6174,26.0,20.03,0.0,0.0,26.59,288.9,0.0,0,100800.0,9999999
48698,0,6175,26.3,20.78,37.0,37.0,26.59,289.27,0.0,0,100900.0,9999999
48698,0,6176,28.0,21.29,194.0,159.0,26.59,292.14,0.0,0,100900.0,9999999
48698,0,6177,30.0,20.03,368.0,294.0,26.59,293.72,3.1,5,100900.0,9999999
48698,0,6178,30.5,19.91,516.0,414.0,26.59,294.24,2.6,6,100900.0,9999999
48698,0,6179,31.0,20.03,813.0,410.0,26.59,294.76,2.6,4,100900.0,9999999
48698,0,6180,31.0,17.71,257.0,220.0,26.59,294.24,3.1,5,100800.0,9999999
48698,0,6181,32.0,14.69,985.0,374.0,26.59,294.59,2.6,6,100700.0,9999999
48698,0,6182,32.0,17.71,932.0,186.0,26.59,295.27,4.6,7,100700.0,9999999
48698,0,6183,31.0,18.84,744.0,230.0,26.59,293.55,7.7,5,100600.0,9999999
48698,0,6184,31.0,14.69,482.0,235.0,26.59,292.67,4.1,6,100600.0,9999999
48698,0,6185,31.0,12.14,253.0,132.0,26.59,291.96,3.1,6,100600.0,9999999
48698,0,6186,29.0,16.65,13.0,13.0,26.59,289.81,5.1,6,100600.0,9999999
48698,0,6187,28.8,18.04,0.0,0.0,26.59,289.81,3.6,7,100600.0,9999999
48698,0,6188,28.4,18.15,0.0,0.0,26.59,289.45,3.6,7,100600.0,9999999
48698,0,6189,28.0,18.84,0.0,0.0,26.59,290.72,3.6,7,100700.0,9999999
48698,0,6190,28.3,18.26,0.0,0.0,26.59,290.89,2.6,7,100800.0,9999999
48698,0,6191,28.0,18.84,0.0,0.0,26.59,290.72,2.6,6,100800.0,9999999
48698,0,6192,28.0,18.84,0.0,0.0,26.59,290.72,3.6,5,100800.0,9999999
48698,0,6193,27.5,18.72,0.0,0.0,26.59,290.18,2.1,5,100700.0,9999999
48698,0,6194,27.0,18.84,0.0,0.0,26.59,289.63,2.1,5,100700.0,9999999
48698,0,6195,27.0,18.84,0.0,0.0,26.59,288.35,1.5,7,100700.0,9999999
48698,0,6196,27.4,17.93,0.0,0.0,26.59,288.54,2.6,6,100600.0,9999999
48698,0,6197,27.0,18.84,0.0,0.0,26.59,288.35,2.6,6,100700.0,9999999
48698,0,6198,27.0,18.84,0.0,0.0,26.59,289.63,1.5,7,100700.0,9999999
48698,0,6199,28.0,20.03,37.0,37.0,26.59,290.89,3.1,7,100700.0,9999999
48698,0,6200,29.0,20.03,195.0,160.0,26.59,292.85,3.6,7,100800.0,9999999
48698,0,6201,30.0,20.03,369.0,295.0,26.59,295.1,3.6,8,100800.0,9999999
48698,0,6202,30.2,20.03,517.0,415.0,26.59,295.79,3.6,7,100900.0,9999999
48698,0,6203,31.0,18.84,767.0,382.0,26.59,295.79,3.1,8,100800.0,9999999
48698,0,6204,32.0,20.03,926.0,377.0,26.59,296.46,4.6,7,100700.0,9999999
48698,0,6205,32.5,16.14,983.0,312.0,26.59,295.44,4.1,9,100600.0,9999999
48698,0,6206,32.0,14.69,895.0,228.0,26.59,294.59,5.1,9,100600.0,9999999
48698,0,6207,32.0,14.69,731.0,213.0,26.59,294.59,5.1,9,100600.0,9999999
48698,0,6208,32.0,14.69,511.0,176.0,26.59,294.59,4.1,8,100600.0,9999999
48698,0,6209,31.0,16.65,261.0,137.0,26.59,294.07,3.1,8,100600.0,9999999
48698,0,6210,30.0,18.84,45.0,43.0,26.59,292.49,3.1,7,100500.0,9999999
48698,0,6211,29.1,19.19,0.0,0.0,26.59,291.79,2.6,8,100500.0,9999999
48698,0,6212,29.0,18.84,0.0,0.0,26.59,291.61,2.6,8,100600.0,9999999
48698,0,6213,28.0,20.03,0.0,0.0,26.59,289.45,3.6,8,100700.0,9999999
48698,0,6214,28.4,19.19,0.0,0.0,26.59,289.63,1.5,7,100800.0,9999999
48698,0,6215,28.0,18.84,0.0,0.0,26.59,289.27,2.6,7,100700.0,9999999
48698,0,6216,28.0,20.03,0.0,0.0,26.59,289.45,2.1,7,100700.0,9999999
48698,0,6217,27.5,20.03,0.0,0.0,26.59,289.09,2.6,7,100700.0,9999999
48698,0,6218,28.0,20.03,0.0,0.0,26.59,289.45,2.1,7,100700.0,9999999
48698,0,6219,27.0,20.03,0.0,0.0,26.59,289.81,2.6,7,100600.0,9999999
48698,0,6220,27.4,19.3,0.0,0.0,26.59,290.18,1.5,7,100600.0,9999999
48698,0,6221,27.0,20.03,0.0,0.0,26.59,289.81,1.0,6,100700.0,9999999
48698,0,6222,27.0,18.84,0.0,0.0,26.59,289.63,2.1,7,100700.0,9999999
48698,0,6223,27.7,20.4,38.0,38.0,26.59,290.72,1.0,8,100700.0,9999999
48698,0,6224,29.0,20.03,222.0,154.0,26.59,292.85,2.1,7,100800.0,9999999
48698,0,6225,29.0,20.03,456.0,260.0,26.59,292.85,3.1,7,100800.0,9999999
48698,0,6226,30.7,20.27,678.0,287.0,26.59,294.59,3.1,8,100800.0,9999999
48698,0,6227,31.0,18.84,768.0,358.0,26.59,294.59,3.6,7,100700.0,9999999
48698,0,6228,31.0,18.84,766.0,467.0,26.59,294.59,5.1,6,100700.0,9999999
48698,0,6229,31.3,18.72,677.0,479.0,26.59,293.89,4.1,8,100600.0,9999999
48698,0,6230,31.0,18.84,898.0,319.0,26.59,293.55,2.6,7,100500.0,9999999
48698,0,6231,31.0,16.65,745.0,168.0,26.59,293.02,5.1,9,100500.0,9999999
48698,0,6232,31.0,17.71,527.0,141.0,26.59,293.37,4.1,8,100500.0,9999999
48698,0,6233,30.0,17.71,248.0,143.0,26.59,292.32,3.1,9,100500.0,9999999
48698,0,6234,29.0,18.84,12.0,12.0,26.59,291.61,2.6,9,100500.0,9999999
48698,0,6235,29.0,20.03,0.0,0.0,26.59,291.79,0.5,9,100400.0,9999999
48698,0,6236,29.0,20.03,0.0,0.0,26.59,291.79,0.0,0,100500.0,9999999
48698,0,6237,29.0,20.03,0.0,0.0,26.59,291.79,2.1,6,100600.0,9999999
48698,0,6238,29.0,20.03,0.0,0.0,26.59,290.54,2.6,6,100700.0,9999999
48698,0,6239,28.0,18.84,0.0,0.0,26.59,290.72,1.5,6,100600.0,9999999
48698,0,6240,28.0,20.03,0.0,0.0,26.59,290.89,0.0,0,100600.0,9999999
48698,0,6241,27.0,20.03,0.0,0.0,26.59,289.81,0.5,13,100600.0,9999999
48698,0,6242,26.0,20.03,0.0,0.0,26.59,288.9,0.0,0,100600.0,9999999
48698,0,6243,26.0,20.03,0.0,0.0,26.59,289.99,0.0,0,100500.0,9999999
48698,0,6244,25.7,19.54,0.0,0.0,26.59,290.18,0.0,0,100500.0,9999999
48698,0,6245,25.3,19.78,0.0,0.0,26.59,289.81,0.0,0,100500.0,9999999
48698,0,6246,25.0,18.84,0.0,0.0,26.59,289.45,0.0,0,100600.0,9999999
48698,0,6247,25.0,20.03,15.0,15.0,26.59,289.63,0.0,0,100600.0,9999999
48698,0,6248,28.0,18.84,75.0,75.0,26.59,292.85,0.0,0,100600.0,9999999
48698,0,6249,29.0,20.03,141.0,141.0,26.59,294.07,2.1,8,100700.0,9999999
48698,0,6250,29.4,19.54,520.0,265.0,26.59,294.93,4.1,7,100700.0,9999999
48698,0,6251,29.0,20.03,237.0,207.0,26.59,294.76,6.2,7,100700.0,9999999
48698,0,6252,29.5,20.03,257.0,251.0,26.59,295.1,4.6,7,100700.0,9999999
48698,0,6253,30.0,20.03,257.0,251.0,26.59,295.61,3.1,7,100700.0,9999999
48698,0,6254,29.0,18.84,235.0,231.0,26.59,294.41,4.1,6,100700.0,9999999
48698,0,6255,26.0,20.03,740.0,354.0,26.59,291.79,2.6,8,100700.0,9999999
48698,0,6256,25.0,18.84,138.0,138.0,26.59,290.54,3.1,7,100700.0,9999999
48698,0,6257,26.0,18.84,71.0,71.0,26.59,291.61,3.9,7,100700.0,9999999
48698,0,6258,27.0,18.84,12.0,12.0,26.59,292.49,4.6,7,100700.0,9999999
48698,0,6259,27.0,18.84,0.0,0.0,26.59,292.49,3.1,8,100700.0,9999999
48698,0,6260,28.0,17.71,0.0,0.0,26.59,293.2,2.1,7,100700.0,9999999
48698,0,6261,27.0,18.84,0.0,0.0,26.59,292.49,0.0,0,100700.0,9999999
48698,0,6262,28.0,18.84,0.0,0.0,26.59,293.55,2.6,7,100700.0,9999999
48698,0,6263,27.0,20.03,0.0,0.0,26.59,292.67,0.0,0,100700.0,9999999
48698,0,6264,28.0,20.03,0.0,0.0,26.59,293.72,0.0,0,100700.0,9999999
48698,0,6265,27.0,20.03,0.0,0.0,26.59,292.67,0.0,0,100700.0,9999999
48698,0,6266,26.0,20.03,0.0,0.0,26.59,291.79,0.0,0,100700.0,9999999
48698,0,6267,26.0,20.03,0.0,0.0,26.59,291.79,1.5,14,100700.0,9999999
48698,0,6268,26.0,20.03,0.0,0.0,26.59,291.79,3.6,13,100700.0,9999999
48698,0,6269,23.0,16.65,0.0,0.0,26.59,288.17,3.6,13,100700.0,9999999
48698,0,6270,23.0,17.71,0.0,0.0,26.59,288.35,2.6,14,100700.0,9999999
48698,0,6271,23.5,17.6,15.0,15.0,26.59,286.12,1.0,13,100700.0,9999999
48698,0,6272,24.0,17.71,76.0,76.0,26.59,287.62,0.5,12,100800.0,9999999
48698,0,6273,25.0,18.84,142.0,142.0,26.59,288.72,0.0,0,100900.0,9999999
48698,0,6274,26.6,19.42,198.0,195.0,26.59,290.36,1.5,8,100900.0,9999999
48698,0,6275,26.0,18.84,626.0,354.0,26.59,289.63,4.1,8,100900.0,9999999
48698,0,6276,26.0,18.84,258.0,220.0,26.59,289.63,4.9,8,100900.0,9999999
48698,0,6277,26.0,18.84,887.0,385.0,26.59,289.63,5.7,7,100900.0,9999999
48698,0,6278,27.0,17.71,236.0,206.0,26.59,290.36,2.6,6,100900.0,9999999
48698,0,6279,27.0,17.71,195.0,192.0,26.59,290.36,4.1,6,100900.0,9999999
48698,0,6280,27.0,17.71,363.0,271.0,26.59,290.36,0.0,0,100900.0,9999999
48698,0,6281,26.5,18.26,187.0,156.0,26.59,289.99,0.0,0,100900.0,9999999
48698,0,6282,26.0,18.84,31.0,31.0,26.59,289.63,0.0,0,100900.0,9999999
48698,0,6283,26.0,17.71,0.0,0.0,26.59,289.45,0.0,0,100900.0,9999999
48698,0,6284,25.0,18.84,0.0,0.0,26.59,288.72,0.0,0,100900.0,9999999
48698,0,6285,25.0,17.71,0.0,0.0,26.59,288.54,0.0,0,100900.0,9999999
48698,0,6286,25.0,17.71,0.0,0.0,26.59,288.54,0.0,0,100900.0,9999999
48698,0,6287,25.0,17.71,0.0,0.0,26.59,288.54,0.0,0,100900.0,9999999
48698,0,6288,25.0,18.26,0.0,0.0,26.59,288.54,0.0,0,100900.0,9999999
48698,0,6289,25.0,18.84,0.0,0.0,26.59,288.72,0.5,15,100900.0,9999999
48698,0,6290,25.0,18.84,0.0,0.0,26.59,288.72,0.0,0,100900.0,9999999
48698,0,6291,24.5,18.26,0.0,0.0,26.59,288.17,0.0,0,100900.0,9999999
48698,0,6292,24.0,17.71,0.0,0.0,26.59,287.62,0.0,0,100900.0,9999999
48698,0,6293,25.0,17.71,0.0,0.0,26.59,288.54,0.0,0,100900.0,9999999
48698,0,6294,25.0,17.71,0.0,0.0,26.59,288.54,0.0,0,100900.0,9999999
48698,0,6295,25.0,17.71,53.0,49.0,26.59,288.54,0.0,0,100900.0,9999999
48698,0,6296,27.0,18.84,200.0,169.0,26.59,290.72,0.0,0,100900.0,9999999
48698,0,6297,29.0,20.03,374.0,299.0,26.59,292.85,0.0,0,100900.0,9999999
48698,0,6298,29.9,20.03,521.0,419.0,26.59,292.67,2.6,4,100900.0,9999999
48698,0,6299,30.0,20.03,237.0,207.0,26.59,292.85,3.6,5,100900.0,9999999
48698,0,6300,30.0,20.03,258.0,252.0,26.59,292.85,2.1,5,100800.0,9999999
48698,0,6301,30.0,20.03,257.0,251.0,26.59,292.85,1.5,4,100700.0,9999999
48698,0,6302,31.0,20.03,235.0,230.0,26.59,293.72,3.6,4,100800.0,9999999
48698,0,6303,31.0,20.03,669.0,360.0,26.59,293.72,4.1,6,100800.0,9999999
48698,0,6304,30.0,20.03,472.0,214.0,26.59,292.85,5.7,7,100800.0,9999999
48698,0,6305,28.0,18.84,243.0,132.0,26.59,290.72,5.1,6,100800.0,9999999
48698,0,6306,28.0,18.84,31.0,31.0,26.59,290.72,2.6,5,100800.0,9999999
48698,0,6307,28.0,17.71,0.0,0.0,26.59,289.09,2.6,6,100800.0,9999999
48698,0,6308,28.0,20.03,0.0,0.0,26.59,289.45,2.6,7,100800.0,9999999
48698,0,6309,27.0,20.03,0.0,0.0,26.59,288.54,3.1,8,100900.0,9999999
48698,0,6310,27.0,20.03,0.0,0.0,26.59,288.54,2.6,7,100900.0,9999999
48698,0,6311,27.0,20.03,0.0,0.0,26.59,289.81,1.0,7,100900.0,9999999
48698,0,6312,27.0,20.03,0.0,0.0,26.59,290.89,1.0,6,100900.0,9999999
48698,0,6313,27.1,20.52,0.0,0.0,26.59,291.07,0.0,0,100800.0,9999999
48698,0,6314,27.0,21.29,0.0,0.0,26.59,291.07,0.0,0,100800.0,9999999
48698,0,6315,27.0,21.29,0.0,0.0,26.59,291.07,0.5,14,100800.0,9999999
48698,0,6316,26.3,20.9,0.0,0.0,26.59,289.45,0.0,0,100800.0,9999999
48698,0,6317,26.0,20.03,0.0,0.0,26.59,288.9,2.1,12,100800.0,9999999
48698,0,6318,26.0,20.03,0.0,0.0,26.59,288.9,0.0,0,100900.0,9999999
48698,0,6319,26.0,18.84,41.0,41.0,26.59,288.72,3.6,7,100900.0,9999999
48698,0,6320,27.0,17.71,202.0,164.0,26.59,289.45,0.0,0,100900.0,9999999
48698,0,6321,27.0,18.84,376.0,300.0,26.59,289.63,0.0,0,101000.0,9999999
48698,0,6322,27.8,17.93,524.0,420.0,26.59,290.36,0.0,0,101000.0,9999999
48698,0,6323,29.0,17.71,526.0,445.0,26.59,291.43,0.5,12,100900.0,9999999
48698,0,6324,29.0,17.71,431.0,404.0,26.59,291.43,1.0,9,100900.0,9999999
48698,0,6325,28.2,18.04,257.0,247.0,26.59,290.72,3.1,9,100800.0,9999999
48698,0,6326,28.0,20.03,235.0,230.0,26.59,290.89,3.1,9,100800.0,9999999
48698,0,6327,27.0,18.84,194.0,192.0,26.59,289.63,6.7,9,100800.0,9999999
48698,0,6328,25.0,18.84,137.0,137.0,26.59,287.8,4.6,8,100800.0,9999999
48698,0,6329,25.0,18.84,70.0,70.0,26.59,287.8,2.6,7,100800.0,9999999
48698,0,6330,25.0,18.84,11.0,11.0,26.59,287.8,2.1,7,100800.0,9999999
48698,0,6331,24.8,18.38,0.0,0.0,26.59,287.43,1.5,8,100800.0,9999999
48698,0,6332,24.9,18.61,0.0,0.0,26.59,287.62,0.7,8,100900.0,9999999
48698,0,6333,25.0,18.84,0.0,0.0,26.59,287.8,0.0,0,100900.0,9999999
48698,0,6334,25.1,18.95,0.0,0.0,26.59,287.8,0.0,0,101000.0,9999999
48698,0,6335,25.0,18.84,0.0,0.0,26.59,288.72,0.0,0,101000.0,9999999
48698,0,6336,25.0,20.03,0.0,0.0,26.59,289.63,0.0,0,100900.0,9999999
48698,0,6337,25.2,19.78,0.0,0.0,26.59,290.36,0.0,0,100900.0,9999999
48698,0,6338,25.0,20.03,0.0,0.0,26.59,290.18,0.0,0,100900.0,9999999
48698,0,6339,25.0,18.84,0.0,0.0,26.59,289.45,0.0,0,100900.0,9999999
48698,0,6340,25.0,18.84,0.0,0.0,26.59,289.45,0.0,0,100900.0,9999999
48698,0,6341,25.0,18.84,0.0,0.0,26.59,289.45,0.0,0,100900.0,9999999
48698,0,6342,25.0,18.84,0.0,0.0,26.59,289.45,0.0,0,100900.0,9999999
48698,0,6343,26.0,19.3,42.0,42.0,26.59,289.81,0.0,0,100900.0,9999999
48698,0,6344,27.0,18.84,77.0,77.0,26.59,290.72,0.0,0,100900.0,9999999
48698,0,6345,27.0,20.03,143.0,143.0,26.59,290.89,1.5,1,101000.0,9999999
48698,0,6346,24.0,16.65,200.0,197.0,26.59,287.24,7.2,16,101000.0,9999999
48698,0,6347,24.0,16.65,239.0,235.0,26.59,287.24,2.6,15,100900.0,9999999
48698,0,6348,26.0,17.71,259.0,253.0,26.59,289.45,2.1,12,100800.0,9999999
48698,0,6349,27.0,17.71,258.0,252.0,26.59,290.36,2.6,11,100800.0,9999999
48698,0,6350,28.0,18.84,620.0,350.0,26.59,291.61,3.6,12,100800.0,9999999
48698,0,6351,28.0,18.84,510.0,422.0,26.59,291.61,2.6,12,100800.0,9999999
48698,0,6352,28.0,18.84,359.0,302.0,26.59,291.61,1.5,12,100800.0,9999999
48698,0,6353,27.0,17.71,70.0,70.0,26.59,289.45,1.0,14,100800.0,9999999
48698,0,6354,27.0,17.71,11.0,11.0,26.59,289.45,3.1,13,100800.0,9999999
48698,0,6355,26.0,17.71,0.0,0.0,26.59,288.54,1.0,13,100800.0,9999999
48698,0,6356,26.0,18.84,0.0,0.0,26.59,288.72,0.5,13,100800.0,9999999
48698,0,6357,26.0,18.84,0.0,0.0,26.59,288.72,1.0,13,100900.0,9999999
48698,0,6358,26.0,18.84,0.0,0.0,26.59,288.72,3.1,13,100900.0,9999999
48698,0,6359,25.0,17.71,0.0,0.0,26.59,287.62,3.6,12,100900.0,9999999
48698,0,6360,25.0,17.71,0.0,0.0,26.59,288.54,2.1,13,100900.0,9999999
48698,0,6361,25.0,18.26,0.0,0.0,26.59,288.54,2.1,12,100800.0,9999999
48698,0,6362,25.0,17.71,0.0,0.0,26.59,288.54,1.5,12,100800.0,9999999
48698,0,6363,25.0,17.71,0.0,0.0,26.59,288.54,0.0,0,100700.0,9999999
48698,0,6364,24.7,18.15,0.0,0.0,26.59,287.24,2.1,13,100700.0,9999999
48698,0,6365,25.0,17.71,0.0,0.0,26.59,287.62,1.5,14,100700.0,9999999
48698,0,6366,25.0,17.71,0.0,0.0,26.59,287.62,0.0,0,100800.0,9999999
48698,0,6367,25.0,17.71,42.0,42.0,26.59,287.62,0.0,0,100800.0,9999999
48698,0,6368,26.0,17.71,204.0,166.0,26.59,288.54,1.5,12,100900.0,9999999
48698,0,6369,27.0,17.71,379.0,302.0,26.59,289.45,3.1,12,100900.0,9999999
48698,0,6370,29.0,17.71,526.0,422.0,26.59,291.43,3.6,12,101000.0,9999999
48698,0,6371,29.0,16.65,631.0,440.0,26.59,291.25,3.3,12,100900.0,9999999
48698,0,6372,30.0,16.65,684.0,480.0,26.59,292.14,3.1,12,100800.0,9999999
48698,0,6373,29.7,16.54,681.0,477.0,26.59,291.79,2.6,13,100800.0,9999999
48698,0,6374,29.0,16.65,622.0,433.0,26.59,291.25,1.5,13,100800.0,9999999
48698,0,6375,28.0,17.71,511.0,422.0,26.59,290.36,1.0,8,100800.0,9999999
48698,0,6376,29.0,17.71,359.0,301.0,26.59,291.43,2.1,8,100800.0,9999999
48698,0,6377,28.0,17.71,183.0,153.0,26.59,290.36,2.1,9,100700.0,9999999
48698,0,6378,27.0,17.71,29.0,29.0,26.59,289.45,1.5,9,100700.0,9999999
48698,0,6379,26.9,17.71,0.0,0.0,26.59,289.45,0.0,0,100700.0,9999999
48698,0,6380,27.0,17.71,0.0,0.0,26.59,289.45,0.0,0,100800.0,9999999
48698,0,6381,27.0,17.71,0.0,0.0,26.59,289.45,0.0,0,100900.0,9999999
48698,0,6382,26.5,17.6,0.0,0.0,26.59,288.9,0.0,0,100900.0,9999999
48698,0,6383,27.0,17.71,0.0,0.0,26.59,290.36,0.0,0,100900.0,9999999
48698,0,6384,26.0,18.84,0.0,0.0,26.59,289.63,0.0,0,100900.0,9999999
48698,0,6385,25.7,19.19,0.0,0.0,26.59,289.45,0.0,0,100900.0,9999999
48698,0,6386,25.0,18.84,0.0,0.0,26.59,289.45,0.0,0,100900.0,9999999
48698,0,6387,25.0,18.84,0.0,0.0,26.59,289.45,0.0,0,100900.0,9999999
48698,0,6388,25.4,19.19,0.0,0.0,26.59,290.54,1.0,16,100900.0,9999999
48698,0,6389,25.0,18.84,0.0,0.0,26.59,289.99,3.6,13,100900.0,9999999
48698,0,6390,23.0,17.71,0.0,0.0,26.59,287.8,2.6,11,100900.0,9999999
48698,0,6391,22.7,17.06,16.0,16.0,26.59,287.43,0.0,0,101000.0,9999999
48698,0,6392,23.0,17.71,130.0,130.0,26.59,287.8,0.0,0,101000.0,9999999
48698,0,6393,25.0,18.84,317.0,282.0,26.59,289.99,1.0,9,101000.0,9999999
48698,0,6394,26.5,18.38,527.0,378.0,26.59,291.43,1.5,8,101100.0,9999999
48698,0,6395,27.0,17.71,631.0,441.0,26.59,291.07,3.1,8,101000.0,9999999
48698,0,6396,29.0,18.84,682.0,481.0,26.59,293.37,3.1,8,100900.0,9999999
48698,0,6397,29.4,17.6,679.0,478.0,26.59,292.67,3.6,8,100800.0,9999999
48698,0,6398,29.0,18.84,235.0,206.0,26.59,292.67,2.6,9,100800.0,9999999
48698,0,6399,30.0,16.65,766.0,322.0,26.59,293.2,4.6,9,100800.0,9999999
48698,0,6400,30.0,16.65,538.0,109.0,26.59,293.2,5.1,8,100800.0,9999999
48698,0,6401,29.0,17.71,272.0,117.0,26.59,292.32,3.6,9,100800.0,9999999
48698,0,6402,28.0,18.38,41.0,38.0,26.59,290.54,2.5,9,100800.0,9999999
48698,0,6403,27.0,18.84,0.0,0.0,26.59,289.63,1.5,8,100800.0,9999999
48698,0,6404,27.0,17.71,0.0,0.0,26.59,289.45,1.5,8,100900.0,9999999
48698,0,6405,27.0,17.71,0.0,0.0,26.59,289.45,0.0,0,100900.0,9999999
48698,0,6406,27.0,18.84,0.0,0.0,26.59,289.63,0.0,0,101000.0,9999999
48698,0,6407,27.0,18.84,0.0,0.0,26.59,290.72,2.1,4,101000.0,9999999
48698,0,6408,26.0,19.19,0.0,0.0,26.59,289.81,0.0,0,101000.0,9999999
48698,0,6409,25.8,19.66,0.0,0.0,26.59,289.63,0.0,0,100900.0,9999999
48698,0,6410,26.0,20.03,0.0,0.0,26.59,289.99,0.0,0,100900.0,9999999
48698,0,6411,26.0,17.71,0.0,0.0,26.59,289.45,0.0,0,100900.0,9999999
48698,0,6412,25.2,18.72,0.0,0.0,26.59,287.99,0.0,0,100800.0,9999999
48698,0,6413,25.0,18.84,0.0,0.0,26.59,287.8,0.0,0,100900.0,9999999
48698,0,6414,25.0,20.03,0.0,0.0,26.59,287.99,0.0,0,100900.0,9999999
48698,0,6415,25.5,19.78,44.0,44.0,26.59,288.35,1.0,6,101000.0,9999999
48698,0,6416,27.0,20.03,269.0,164.0,26.59,290.89,0.0,0,101000.0,9999999
48698,0,6417,29.0,18.84,550.0,181.0,26.59,292.67,1.5,4,101000.0,9999999
48698,0,6418,30.0,20.03,526.0,364.0,26.59,294.59,2.6,6,101100.0,9999999
48698,0,6419,30.0,18.84,631.0,442.0,26.59,294.24,3.6,6,101000.0,9999999
48698,0,6420,31.0,20.03,985.0,371.0,26.59,295.44,3.1,6,101000.0,9999999
48698,0,6421,30.0,17.71,983.0,256.0,26.59,294.07,2.6,8,100900.0,9999999
48698,0,6422,31.0,18.84,895.0,219.0,26.59,295.27,4.1,7,100900.0,9999999
48698,0,6423,31.0,17.71,737.0,168.0,26.59,295.1,5.7,8,100800.0,9999999
48698,0,6424,30.5,17.17,357.0,267.0,26.59,293.72,3.6,8,100700.0,9999999
48698,0,6425,30.0,18.84,222.0,154.0,26.59,293.55,2.6,4,100800.0,9999999
48698,0,6426,29.0,18.84,37.0,37.0,26.59,292.67,3.6,6,100800.0,9999999
48698,0,6427,29.0,18.84,0.0,0.0,26.59,292.67,5.1,7,100900.0,9999999
48698,0,6428,29.0,18.84,0.0,0.0,26.59,292.67,4.1,7,101000.0,9999999
48698,0,6429,29.0,18.84,0.0,0.0,26.59,291.61,5.1,6,101100.0,9999999
48698,0,6430,28.2,18.49,0.0,0.0,26.59,290.72,3.6,6,101100.0,9999999
48698,0,6431,28.0,18.84,0.0,0.0,26.59,291.61,3.6,5,101100.0,9999999
48698,0,6432,28.0,18.84,0.0,0.0,26.59,291.61,3.6,5,101000.0,9999999
48698,0,6433,27.2,18.84,0.0,0.0,26.59,290.89,0.0,0,101000.0,9999999
48698,0,6434,26.0,18.84,0.0,0.0,26.59,290.36,0.0,0,101000.0,9999999
48698,0,6435,26.0,18.84,0.0,0.0,26.59,290.89,0.5,4,100900.0,9999999
48698,0,6436,26.1,19.42,0.0,0.0,26.59,291.79,0.0,0,100900.0,9999999
48698,0,6437,25.5,19.54,0.0,0.0,26.59,291.25,0.2,16,100900.0,9999999
48698,0,6438,25.0,20.03,0.0,0.0,26.59,290.18,0.5,13,101000.0,9999999
48698,0,6439,26.2,19.91,64.0,54.0,26.59,291.43,0.0,0,101100.0,9999999
48698,0,6440,28.0,20.03,283.0,146.0,26.59,293.2,1.5,2,101100.0,9999999
48698,0,6441,29.0,20.03,469.0,253.0,26.59,294.76,3.1,5,101100.0,9999999
48698,0,6442,30.3,19.78,527.0,380.0,26.59,295.96,3.6,5,101100.0,9999999
48698,0,6443,31.0,20.03,630.0,442.0,26.59,296.63,3.1,8,101100.0,9999999
48698,0,6444,26.0,15.64,686.0,480.0,26.59,290.36,7.7,9,101000.0,9999999
48698,0,6445,27.1,18.72,678.0,478.0,26.59,291.96,3.6,9,101000.0,9999999
48698,0,6446,27.0,18.84,618.0,432.0,26.59,291.43,2.6,8,100900.0,9999999
48698,0,6447,27.3,19.07,508.0,420.0,26.59,291.07,2.0,8,100800.0,9999999
48698,0,6448,27.7,19.19,355.0,299.0,26.59,290.36,1.5,9,100700.0,9999999
48698,0,6449,27.8,19.19,179.0,151.0,26.59,290.54,1.2,9,100800.0,9999999
48698,0,6450,28.0,18.84,26.0,26.0,26.59,290.72,1.0,9,100800.0,9999999
48698,0,6451,27.0,18.84,0.0,0.0,26.59,289.63,0.5,9,100900.0,9999999
48698,0,6452,27.0,17.71,0.0,0.0,26.59,289.45,0.0,0,100900.0,9999999
48698,0,6453,26.0,17.71,0.0,0.0,26.59,288.54,0.0,0,101000.0,9999999
48698,0,6454,27.6,19.42,0.0,0.0,26.59,290.36,4.1,5,101000.0,9999999
48698,0,6455,27.0,20.03,0.0,0.0,26.59,290.89,3.6,5,101000.0,9999999
48698,0,6456,27.0,20.03,0.0,0.0,26.59,290.89,0.5,3,101000.0,9999999
48698,0,6457,26.9,20.27,0.0,0.0,26.59,290.89,2.1,4,100900.0,9999999
48698,0,6458,27.0,20.03,0.0,0.0,26.59,290.89,1.0,4,100900.0,9999999
48698,0,6459,27.0,20.03,0.0,0.0,26.59,290.89,1.5,5,100900.0,9999999
48698,0,6460,27.5,19.66,0.0,0.0,26.59,290.36,1.5,5,100900.0,9999999
48698,0,6461,27.0,20.03,0.0,0.0,26.59,291.61,2.1,4,100900.0,9999999
48698,0,6462,27.0,18.84,0.0,0.0,26.59,292.49,3.6,4,100900.0,9999999
48698,0,6463,28.4,20.03,45.0,45.0,26.59,294.76,3.6,4,101000.0,9999999
48698,0,6464,25.0,17.71,174.0,156.0,26.59,290.36,3.1,7,101000.0,9999999
48698,0,6465,25.0,17.71,242.0,231.0,26.59,289.27,2.1,3,101100.0,9999999
48698,0,6466,25.9,19.91,200.0,197.0,26.59,288.9,0.5,11,101200.0,9999999
48698,0,6467,28.0,20.03,399.0,374.0,26.59,291.79,1.5,12,101100.0,9999999
48698,0,6468,29.0,20.03,570.0,485.0,26.59,292.85,1.0,13,101000.0,9999999
48698,0,6469,29.4,18.95,678.0,503.0,26.59,293.02,1.5,14,100900.0,9999999
48698,0,6470,30.0,17.71,619.0,432.0,26.59,293.37,2.1,6,100900.0,9999999
48698,0,6471,25.0,20.03,506.0,419.0,26.59,288.9,7.7,8,100800.0,9999999
48698,0,6472,24.0,18.15,355.0,298.0,26.59,287.62,2.1,13,100800.0,9999999
48698,0,6473,25.0,18.84,178.0,150.0,26.59,288.72,0.0,0,100900.0,9999999
48698,0,6474,25.0,18.84,26.0,26.0,26.59,288.72,0.0,0,100900.0,9999999
48698,0,6475,24.9,17.49,0.0,0.0,26.59,288.35,0.0,0,101000.0,9999999
48698,0,6476,25.0,17.71,0.0,0.0,26.59,288.54,2.6,14,101000.0,9999999
48698,0,6477,25.0,17.71,0.0,0.0,26.59,288.54,1.0,15,101100.0,9999999
48698,0,6478,25.0,17.71,0.0,0.0,26.59,288.54,2.6,14,101100.0,9999999
48698,0,6479,24.0,17.71,0.0,0.0,26.59,287.62,1.5,14,101100.0,9999999
48698,0,6480,24.0,17.71,0.0,0.0,26.59,287.62,2.1,13,101000.0,9999999
48698,0,6481,24.0,17.71,0.0,0.0,26.59,286.5,2.6,13,101000.0,9999999
48698,0,6482,24.0,17.71,0.0,0.0,26.59,286.5,2.1,13,100900.0,9999999
48698,0,6483,24.0,17.71,0.0,0.0,26.59,286.5,1.5,12,100900.0,9999999
48698,0,6484,23.9,17.93,0.0,0.0,26.59,286.5,0.0,0,100800.0,9999999
48698,0,6485,24.0,16.65,0.0,0.0,26.59,286.31,2.1,12,100900.0,9999999
48698,0,6486,24.2,17.6,0.0,0.0,26.59,286.68,1.8,12,101000.0,9999999
48698,0,6487,24.4,17.49,17.0,17.0,26.59,286.87,1.5,13,101000.0,9999999
48698,0,6488,25.0,18.84,132.0,132.0,26.59,287.8,0.5,14,101000.0,9999999
48698,0,6489,26.0,18.84,321.0,285.0,26.59,288.72,1.5,12,101100.0,9999999
48698,0,6490,27.8,20.03,529.0,381.0,26.59,290.72,0.0,0,101100.0,9999999
48698,0,6491,29.0,17.71,634.0,443.0,26.59,291.43,0.5,9,101000.0,9999999
48698,0,6492,29.6,18.95,683.0,482.0,26.59,292.14,1.0,9,100900.0,9999999
48698,0,6493,30.3,18.49,678.0,478.0,26.59,292.85,1.5,10,100800.0,9999999
48698,0,6494,30.0,18.84,234.0,206.0,26.59,292.49,3.6,9,100800.0,9999999
48698,0,6495,29.0,17.71,192.0,190.0,26.59,291.43,3.1,8,100800.0,9999999
48698,0,6496,29.0,17.71,134.0,134.0,26.59,291.43,1.5,9,100700.0,9999999
48698,0,6497,28.0,17.71,67.0,67.0,26.59,290.36,1.5,8,100800.0,9999999
48698,0,6498,27.0,17.71,10.0,10.0,26.59,289.45,0.0,0,100900.0,9999999
48698,0,6499,27.0,18.84,0.0,0.0,26.59,290.72,0.5,16,100900.0,9999999
48698,0,6500,27.0,18.84,0.0,0.0,26.59,290.72,0.0,0,101000.0,9999999
48698,0,6501,26.0,18.84,0.0,0.0,26.59,289.63,0.0,0,101000.0,9999999
48698,0,6502,26.0,18.84,0.0,0.0,26.59,289.63,0.0,0,101100.0,9999999
48698,0,6503,26.0,20.03,0.0,0.0,26.59,288.9,0.0,0,101000.0,9999999
48698,0,6504,26.0,20.03,0.0,0.0,26.59,288.9,0.0,0,100900.0,9999999
48698,0,6505,25.0,18.84,0.0,0.0,26.59,287.8,0.0,0,100900.0,9999999
48698,0,6506,25.0,18.84,0.0,0.0,26.59,287.8,0.0,0,100800.0,9999999
48698,0,6507,25.0,18.84,0.0,0.0,26.59,287.8,0.0,0,100800.0,9999999
48698,0,6508,25.0,18.84,0.0,0.0,26.59,287.8,0.0,0,100800.0,9999999
48698,0,6509,25.0,18.84,0.0,0.0,26.59,287.8,0.0,0,100800.0,9999999
48698,0,6510,25.0,17.71,0.0,0.0,26.59,287.62,0.0,0,100900.0,9999999
48698,0,6511,25.0,17.71,61.0,55.0,26.59,287.62,0.0,0,100900.0,9999999
48698,0,6512,27.0,17.71,275.0,154.0,26.59,289.45,0.0,0,101000.0,9999999
48698,0,6513,28.0,18.84,146.0,146.0,26.59,290.72,0.0,0,101000.0,9999999
48698,0,6514,29.0,18.84,767.0,367.0,26.59,291.61,0.0,0,101000.0,9999999
48698,0,6515,30.0,17.71,634.0,398.0,26.59,292.32,3.1,5,100900.0,9999999
48698,0,6516,31.0,17.71,896.0,471.0,26.59,293.37,2.1,5,100800.0,9999999
48698,0,6517,31.0,18.84,888.0,361.0,26.59,293.55,2.6,6,100700.0,9999999
48698,0,6518,30.0,17.71,895.0,272.0,26.59,292.32,2.6,7,100700.0,9999999
48698,0,6519,31.0,17.71,733.0,167.0,26.59,293.37,2.6,7,100700.0,9999999
48698,0,6520,30.3,17.6,353.0,264.0,26.59,292.67,3.6,7,100700.0,9999999
48698,0,6521,29.0,18.84,176.0,149.0,26.59,291.61,3.6,7,100700.0,9999999
48698,0,6522,28.0,18.84,25.0,25.0,26.59,290.72,0.0,0,100700.0,9999999
48698,0,6523,28.0,18.84,0.0,0.0,26.59,290.72,0.5,1,100700.0,9999999
48698,0,6524,27.0,18.26,0.0,0.0,26.59,289.63,0.0,0,100700.0,9999999
48698,0,6525,26.0,17.71,0.0,0.0,26.59,288.54,0.0,0,100700.0,9999999
48698,0,6526,26.0,17.71,0.0,0.0,26.59,288.54,0.0,0,100700.0,9999999
48698,0,6527,26.0,17.71,0.0,0.0,26.59,288.54,0.0,0,100700.0,9999999
48698,0,6528,26.0,18.84,0.0,0.0,26.59,288.72,0.0,0,100700.0,9999999
48698,0,6529,25.0,18.84,0.0,0.0,26.59,287.8,0.0,0,100700.0,9999999
48698,0,6530,25.0,18.84,0.0,0.0,26.59,287.8,0.0,0,100700.0,9999999
48698,0,6531,26.0,20.03,0.0,0.0,26.59,288.9,0.0,0,100700.0,9999999
48698,0,6532,25.7,19.19,0.0,0.0,26.59,288.54,0.0,0,100800.0,9999999
48698,0,6533,25.8,18.95,0.0,0.0,26.59,288.54,0.2,16,100800.0,9999999
48698,0,6534,26.0,20.03,0.0,0.0,26.59,289.99,0.5,6,100900.0,9999999
48698,0,6535,27.0,20.03,62.0,55.0,26.59,290.89,0.0,0,100900.0,9999999
48698,0,6536,28.0,20.03,80.0,80.0,26.59,291.79,3.1,4,101000.0,9999999
48698,0,6537,29.0,20.03,384.0,164.0,26.59,292.85,2.6,5,101000.0,9999999
48698,0,6538,29.0,20.03,694.0,311.0,26.59,292.85,3.1,5,101000.0,9999999
48698,0,6539,30.0,17.71,951.0,239.0,26.59,293.37,2.6,5,100900.0,9999999
48698,0,6540,31.0,17.71,991.0,300.0,26.59,294.24,2.6,7,100900.0,9999999
48698,0,6541,31.3,17.6,679.0,430.0,26.59,294.59,3.1,6,100800.0,9999999
48698,0,6542,30.0,18.84,617.0,431.0,26.59,293.55,4.1,6,100800.0,9999999
48698,0,6543,29.0,20.03,191.0,177.0,26.59,292.85,3.1,7,100800.0,9999999
48698,0,6544,27.0,18.84,133.0,133.0,26.59,290.72,2.6,8,100800.0,9999999
48698,0,6545,26.0,17.71,253.0,202.0,26.59,289.45,0.0,0,100800.0,9999999
48698,0,6546,25.9,18.04,35.0,34.0,26.59,289.45,0.0,0,100800.0,9999999
48698,0,6547,25.9,18.26,0.0,0.0,26.59,289.45,0.0,0,100800.0,9999999
48698,0,6548,25.9,18.49,0.0,0.0,26.59,289.45,0.5,16,100800.0,9999999
48698,0,6549,26.0,18.61,0.0,0.0,26.59,289.63,0.0,0,100800.0,9999999
48698,0,6550,26.1,18.72,0.0,0.0,26.59,289.81,1.0,16,100800.0,9999999
48698,0,6551,26.4,18.84,0.0,0.0,26.59,289.99,1.0,15,100800.0,9999999
48698,0,6552,26.7,19.07,0.0,0.0,26.51,289.45,3.9,15,100900.0,9999999
48698,0,6553,27.1,19.3,0.0,0.0,26.51,289.81,3.6,6,100800.0,9999999
48698,0,6554,27.3,19.54,0.0,0.0,26.51,291.07,3.4,6,100800.0,9999999
48698,0,6555,27.5,19.66,0.0,0.0,26.51,291.96,3.3,6,100800.0,9999999
48698,0,6556,27.7,19.78,0.0,0.0,26.51,292.85,3.1,6,100800.0,9999999
48698,0,6557,27.8,19.91,0.0,0.0,26.51,292.32,2.8,6,100800.0,9999999
48698,0,6558,28.2,19.91,0.0,0.0,26.51,292.67,2.4,6,100900.0,9999999
48698,0,6559,28.5,20.03,44.0,44.0,26.51,292.32,2.1,6,100900.0,9999999
48698,0,6560,29.3,19.91,204.0,170.0,26.51,293.02,2.8,6,101000.0,9999999
48698,0,6561,30.2,19.91,380.0,307.0,26.51,293.89,3.4,6,101000.0,9999999
48698,0,6562,31.0,19.78,527.0,426.0,26.51,293.72,4.1,5,101100.0,9999999
48698,0,6563,31.2,19.66,630.0,444.0,26.51,293.89,4.4,5,101000.0,9999999
48698,0,6564,31.4,19.42,681.0,482.0,26.51,294.07,4.8,5,100900.0,9999999
48698,0,6565,31.6,19.3,675.0,478.0,26.51,294.24,5.1,5,100800.0,9999999
48698,0,6566,31.5,19.3,613.0,431.0,26.51,295.1,5.5,5,100700.0,9999999
48698,0,6567,31.3,19.19,499.0,415.0,26.51,295.61,5.8,5,100700.0,9999999
48698,0,6568,31.2,19.19,344.0,292.0,26.51,296.13,6.2,8,100600.0,9999999
48698,0,6569,30.3,19.19,167.0,145.0,26.51,294.59,5.0,8,100600.0,9999999
48698,0,6570,29.5,19.19,21.0,21.0,26.51,293.2,3.8,8,100700.0,9999999
48698,0,6571,28.6,19.19,0.0,0.0,26.51,291.25,2.6,8,100700.0,9999999
48698,0,6572,28.0,18.84,0.0,0.0,26.51,291.61,2.1,8,100900.0,9999999
48698,0,6573,28.0,18.84,0.0,0.0,26.51,292.85,2.1,8,100900.0,9999999
48698,0,6574,27.9,18.84,0.0,0.0,26.51,293.37,2.1,9,100900.0,9999999
48698,0,6575,27.3,18.72,0.0,0.0,26.51,292.14,1.7,9,100900.0,9999999
48698,0,6576,26.6,18.72,0.0,0.0,26.51,290.18,1.4,9,100900.0,9999999
48698,0,6577,26.0,18.61,0.0,0.0,26.51,288.72,1.0,14,100900.0,9999999
48698,0,6578,25.7,18.95,0.0,0.0,26.51,288.54,0.7,14,100900.0,9999999
48698,0,6579,25.4,19.3,0.0,0.0,26.51,288.17,0.3,14,100800.0,9999999
48698,0,6580,25.1,19.66,0.0,0.0,26.51,287.99,0.0,0,100800.0,9999999
48698,0,6581,25.8,19.66,0.0,0.0,26.51,289.63,0.7,16,100800.0,9999999
48698,0,6582,26.4,19.78,0.0,0.0,26.51,290.18,1.4,16,100800.0,9999999
48698,0,6583,27.1,19.78,45.0,45.0,26.51,290.89,2.1,8,100800.0,9999999
48698,0,6584,28.4,20.03,205.0,170.0,26.51,293.02,2.4,8,100900.0,9999999
48698,0,6585,29.7,20.15,380.0,307.0,26.51,294.76,2.8,8,101000.0,9999999
48698,0,6586,31.0,20.4,527.0,426.0,26.51,296.63,3.1,5,101000.0,9999999
48698,0,6587,30.7,19.78,631.0,445.0,26.51,296.3,3.3,5,100900.0,9999999
48698,0,6588,30.3,19.07,681.0,482.0,26.51,295.27,3.4,5,100800.0,9999999
48698,0,6589,30.0,18.49,676.0,477.0,26.51,294.76,3.6,8,100700.0,9999999
48698,0,6590,29.2,18.61,613.0,431.0,26.51,293.55,4.1,8,100700.0,9999999
48698,0,6591,28.4,18.61,499.0,415.0,26.51,291.96,4.6,8,100600.0,9999999
48698,0,6592,27.6,18.72,343.0,292.0,26.51,290.18,5.1,5,100600.0,9999999
48698,0,6593,27.4,18.72,166.0,144.0,26.51,289.99,3.6,5,100600.0,9999999
48698,0,6594,27.2,18.61,21.0,21.0,26.51,289.81,2.0,5,100700.0,9999999
48698,0,6595,27.0,18.61,0.0,0.0,26.51,289.63,0.5,9,100700.0,9999999
48698,0,6596,27.2,18.95,0.0,0.0,26.51,289.81,0.7,9,100800.0,9999999
48698,0,6597,27.4,19.42,0.0,0.0,26.51,290.18,0.8,9,100900.0,9999999
48698,0,6598,27.6,19.78,0.0,0.0,26.51,290.36,1.0,6,101000.0,9999999
48698,0,6599,27.1,19.78,0.0,0.0,26.51,289.99,0.7,6,101000.0,9999999
48698,0,6600,26.7,19.91,0.0,0.0,26.51,289.63,0.3,6,100900.0,9999999
48698,0,6601,26.2,19.91,0.0,0.0,26.51,289.09,0.0,0,100900.0,9999999
48698,0,6602,26.0,19.91,0.0,0.0,26.51,288.9,0.2,16,100900.0,9999999
48698,0,6603,25.9,19.78,0.0,0.0,26.51,288.72,0.3,16,100800.0,9999999
48698,0,6604,25.7,19.78,0.0,0.0,26.51,288.54,0.5,13,100800.0,9999999
48698,0,6605,25.3,19.91,0.0,0.0,26.51,289.27,1.0,13,100800.0,9999999
48698,0,6606,25.0,20.03,0.0,0.0,26.51,290.18,1.5,14,100900.0,9999999
48698,0,6607,26.1,19.3,45.0,45.0,26.51,291.79,2.1,14,100900.0,9999999
48698,0,6608,26.0,20.03,270.0,152.0,26.51,292.32,1.5,14,100900.0,9999999
48698,0,6609,29.0,20.03,145.0,145.0,26.51,296.13,1.0,14,100900.0,9999999
48698,0,6610,26.0,18.84,201.0,198.0,26.51,293.02,3.6,9,101000.0,9999999
48698,0,6611,25.9,18.38,240.0,235.0,26.51,292.85,4.2,9,101000.0,9999999
48698,0,6612,25.8,18.04,259.0,253.0,26.51,292.67,4.7,9,100900.0,9999999
48698,0,6613,25.7,17.6,256.0,251.0,26.51,292.49,5.3,9,100800.0,9999999
48698,0,6614,25.4,17.49,233.0,228.0,26.51,292.14,4.2,9,100700.0,9999999
48698,0,6615,25.4,17.71,189.0,187.0,26.51,291.43,5.1,9,100700.0,9999999
48698,0,6616,25.3,17.93,130.0,130.0,26.51,290.72,5.9,9,100700.0,9999999
48698,0,6617,25.3,18.15,62.0,62.0,26.51,290.18,4.2,9,100700.0,9999999
48698,0,6618,25.3,18.38,8.0,8.0,26.51,289.63,2.4,9,100700.0,9999999
48698,0,6619,25.3,18.61,0.0,0.0,26.51,288.9,0.6,9,100700.0,9999999
48698,0,6620,25.4,18.84,0.0,0.0,26.51,289.09,0.7,9,100800.0,9999999
48698,0,6621,25.6,19.07,0.0,0.0,26.51,289.99,0.7,9,100900.0,9999999
48698,0,6622,25.7,19.3,0.0,0.0,26.51,290.18,0.8,9,101000.0,9999999
48698,0,6623,25.7,19.54,0.0,0.0,26.51,289.45,0.7,9,100900.0,9999999
48698,0,6624,25.7,19.66,0.0,0.0,26.51,288.54,0.5,9,100900.0,9999999
48698,0,6625,25.7,19.91,0.0,0.0,26.51,288.54,0.4,9,100900.0,9999999
48698,0,6626,25.8,19.91,0.0,0.0,26.51,288.72,0.5,9,100800.0,9999999
48698,0,6627,26.0,20.03,0.0,0.0,26.51,287.62,0.5,14,100800.0,9999999
48698,0,6628,26.1,20.03,0.0,0.0,26.51,287.62,0.4,14,100700.0,9999999
48698,0,6629,26.3,20.15,0.0,0.0,26.51,289.27,0.5,14,100800.0,9999999
48698,0,6630,26.5,20.27,0.0,0.0,26.51,289.45,0.6,14,100800.0,9999999
48698,0,6631,27.5,19.91,43.0,43.0,26.51,290.36,0.7,14,100800.0,9999999
48698,0,6632,28.5,20.15,249.0,163.0,26.51,292.32,0.3,14,100900.0,9999999
48698,0,6633,31.1,20.03,343.0,287.0,26.51,295.61,0.0,14,100900.0,9999999
48698,0,6634,30.6,19.07,529.0,386.0,26.51,295.44,2.6,8,101000.0,9999999
48698,0,6635,30.1,18.72,632.0,445.0,26.51,295.44,3.6,8,100900.0,9999999
48698,0,6636,29.7,18.49,682.0,482.0,26.51,295.1,4.7,8,100800.0,9999999
48698,0,6637,29.2,18.15,675.0,477.0,26.51,295.1,5.7,7,100800.0,9999999
48698,0,6638,29.0,17.71,613.0,430.0,26.51,294.93,3.1,8,100700.0,9999999
48698,0,6639,29.1,17.93,498.0,413.0,26.51,295.1,4.4,8,100700.0,9999999
48698,0,6640,29.2,18.15,341.0,290.0,26.51,295.1,5.7,7,100800.0,9999999
48698,0,6641,28.8,18.49,163.0,143.0,26.51,294.24,3.8,7,100800.0,9999999
48698,0,6642,28.4,18.95,20.0,20.0,26.51,292.85,1.9,7,100800.0,9999999
48698,0,6643,28.0,19.3,0.0,0.0,26.51,290.72,0.0,0,100700.0,9999999
48698,0,6644,27.5,19.3,0.0,0.0,26.51,291.25,0.0,0,100800.0,9999999
48698,0,6645,27.1,19.19,0.0,0.0,26.51,291.61,0.0,0,100900.0,9999999
48698,0,6646,26.6,19.19,0.0,0.0,26.51,291.61,0.0,0,100900.0,9999999
48698,0,6647,26.5,19.42,0.0,0.0,26.51,291.07,0.2,16,100900.0,9999999
48698,0,6648,26.3,19.54,0.0,0.0,26.51,290.18,0.3,16,100900.0,9999999
48698,0,6649,26.2,19.78,0.0,0.0,26.51,289.09,0.5,14,100800.0,9999999
48698,0,6650,26.1,19.78,0.0,0.0,26.51,288.9,0.5,14,100800.0,9999999
48698,0,6651,26.1,19.91,0.0,0.0,26.51,289.09,0.5,14,100800.0,9999999
48698,0,6652,26.0,19.91,0.0,0.0,26.51,288.9,0.5,13,100700.0,9999999
48698,0,6653,26.2,20.03,0.0,0.0,26.51,289.09,0.7,13,100800.0,9999999
48698,0,6654,26.5,20.27,0.0,0.0,26.51,289.45,0.8,13,100800.0,9999999
48698,0,6655,26.7,20.4,46.0,46.0,26.51,289.63,1.0,12,100800.0,9999999
48698,0,6656,28.3,20.15,207.0,172.0,26.51,292.14,1.2,12,100900.0,9999999
48698,0,6657,30.0,20.03,383.0,309.0,26.51,295.1,1.5,11,100900.0,9999999
48698,0,6658,31.5,19.3,530.0,428.0,26.51,296.97,4.6,8,100900.0,9999999
48698,0,6659,29.0,18.84,529.0,449.0,26.51,294.41,7.2,8,100900.0,9999999
48698,0,6660,28.8,18.49,431.0,405.0,26.51,293.72,4.6,8,100800.0,9999999
48698,0,6661,28.6,18.15,256.0,246.0,26.51,293.37,2.1,9,100700.0,9999999
48698,0,6662,31.0,17.71,387.0,362.0,26.51,295.1,1.5,12,100700.0,9999999
48698,0,6663,30.3,18.26,415.0,349.0,26.51,293.72,1.5,12,100600.0,9999999
48698,0,6664,29.7,18.84,340.0,276.0,26.51,292.32,1.5,9,100600.0,9999999
48698,0,6665,29.1,18.72,162.0,142.0,26.51,291.61,1.2,9,100600.0,9999999
48698,0,6666,28.6,18.61,19.0,19.0,26.51,291.25,0.8,9,100600.0,9999999
48698,0,6667,28.0,18.49,0.0,0.0,26.51,290.54,0.5,10,100600.0,9999999
48698,0,6668,27.6,18.72,0.0,0.0,26.51,290.18,0.3,10,100700.0,9999999
48698,0,6669,27.3,18.95,0.0,0.0,26.51,289.99,0.2,10,100800.0,9999999
48698,0,6670,26.9,19.19,0.0,0.0,26.51,289.63,0.0,0,100900.0,9999999
48698,0,6671,26.9,19.19,0.0,0.0,26.51,291.96,0.5,16,100900.0,9999999
48698,0,6672,26.8,19.07,0.0,0.0,26.51,293.02,1.0,16,100800.0,9999999
48698,0,6673,26.8,19.07,0.0,0.0,26.51,296.63,1.5,13,100800.0,9999999
48698,0,6674,26.5,19.3,0.0,0.0,26.51,293.55,1.0,13,100700.0,9999999
48698,0,6675,26.3,19.42,0.0,0.0,26.51,291.96,0.5,13,100700.0,9999999
48698,0,6676,26.0,19.66,0.0,0.0,26.51,289.81,0.0,0,100700.0,9999999
48698,0,6677,26.3,19.54,0.0,0.0,26.51,290.18,0.0,0,100700.0,9999999
48698,0,6678,26.6,19.54,0.0,0.0,26.51,290.36,0.0,0,100700.0,9999999
48698,0,6679,26.9,19.42,47.0,47.0,26.51,289.63,0.0,0,100800.0,9999999
48698,0,6680,28.9,19.19,209.0,173.0,26.51,291.61,1.5,16,100900.0,9999999
48698,0,6681,31.0,18.84,384.0,310.0,26.51,294.59,3.1,8,100900.0,9999999
48698,0,6682,31.0,18.84,531.0,428.0,26.51,294.59,3.6,9,100900.0,9999999
48698,0,6683,31.3,18.95,633.0,445.0,26.51,294.93,3.8,9,100900.0,9999999
48698,0,6684,31.5,18.95,681.0,482.0,26.51,295.1,3.9,9,100800.0,9999999
48698,0,6685,31.8,19.07,674.0,476.0,26.51,295.27,4.1,10,100700.0,9999999
48698,0,6686,31.6,19.54,610.0,508.0,26.51,295.27,3.9,10,100600.0,9999999
48698,0,6687,31.3,20.03,495.0,411.0,26.51,295.1,3.8,10,100600.0,9999999
48698,0,6688,31.1,20.52,338.0,288.0,26.51,293.89,3.6,11,100500.0,9999999
48698,0,6689,30.4,20.4,161.0,141.0,26.51,293.2,2.9,11,100600.0,9999999
48698,0,6690,29.7,20.27,19.0,19.0,26.51,292.49,2.2,11,100700.0,9999999
48698,0,6691,29.0,20.15,0.0,0.0,26.51,291.79,1.5,9,100700.0,9999999
48698,0,6692,28.8,20.4,0.0,0.0,26.51,291.79,1.2,9,100800.0,9999999
48698,0,6693,28.7,20.52,0.0,0.0,26.51,291.61,0.8,9,100900.0,9999999
48698,0,6694,28.5,20.78,0.0,0.0,26.51,291.43,0.5,9,100900.0,9999999
48698,0,6695,28.5,20.65,0.0,0.0,26.51,292.49,0.7,9,100900.0,9999999
48698,0,6696,28.4,20.4,0.0,0.0,26.51,293.02,0.8,9,100800.0,9999999
48698,0,6697,28.4,20.27,0.0,0.0,26.51,293.55,1.0,9,100800.0,9999999
48698,0,6698,28.1,20.4,0.0,0.0,26.51,292.67,1.0,9,100800.0,9999999
48698,0,6699,27.8,20.52,0.0,0.0,26.51,291.79,1.0,9,100700.0,9999999
48698,0,6700,27.5,20.65,0.0,0.0,26.51,290.54,1.0,10,100700.0,9999999
48698,0,6701,27.7,20.78,0.0,0.0,26.51,291.61,6.6,10,100800.0,9999999
48698,0,6702,27.9,21.03,0.0,0.0,26.51,292.67,12.3,3,100900.0,9999999
48698,0,6703,28.1,21.16,47.0,47.0,26.51,293.37,2.1,9,100900.0,9999999
48698,0,6704,28.9,21.16,209.0,173.0,26.51,294.76,2.1,9,100900.0,9999999
48698,0,6705,29.6,21.03,383.0,310.0,26.51,295.44,2.1,9,101000.0,9999999
48698,0,6706,30.4,21.03,529.0,428.0,26.51,296.8,2.1,9,101000.0,9999999
48698,0,6707,30.5,20.9,631.0,446.0,26.51,296.97,2.4,9,100900.0,9999999
48698,0,6708,30.7,20.78,680.0,482.0,26.51,296.46,2.8,9,100900.0,9999999
48698,0,6709,30.8,20.65,672.0,476.0,26.51,296.46,3.1,9,100800.0,9999999
48698,0,6710,31.0,20.65,608.0,507.0,26.51,296.8,3.4,9,100800.0,9999999
48698,0,6711,31.1,20.52,493.0,428.0,26.51,296.3,3.8,9,100700.0,9999999
48698,0,6712,31.3,20.4,337.0,287.0,26.51,296.46,4.1,7,100700.0,9999999
48698,0,6713,30.6,20.15,160.0,140.0,26.51,295.1,4.1,7,100700.0,9999999
48698,0,6714,29.9,20.03,18.0,18.0,26.51,293.72,4.1,7,100800.0,9999999
48698,0,6715,29.2,19.78,0.0,0.0,26.51,291.96,4.1,7,100800.0,9999999
48698,0,6716,29.0,20.03,0.0,0.0,26.51,291.79,3.1,7,100900.0,9999999
48698,0,6717,29.0,20.03,0.0,0.0,26.51,291.79,2.6,6,100900.0,9999999
48698,0,6718,28.8,20.15,0.0,0.0,26.51,291.61,2.6,6,101000.0,9999999
48698,0,6719,28.6,20.27,0.0,0.0,26.51,291.43,2.6,6,100900.0,9999999
48698,0,6720,28.3,20.27,0.0,0.0,26.51,291.25,2.6,6,100900.0,9999999
48698,0,6721,28.1,20.4,0.0,0.0,26.51,291.07,2.6,7,100900.0,9999999
48698,0,6722,27.9,20.4,0.0,0.0,26.51,290.89,2.6,7,100900.0,9999999
48698,0,6723,27.8,20.27,0.0,0.0,26.51,290.72,2.6,7,100900.0,9999999
48698,0,6724,27.6,20.27,0.0,0.0,26.51,290.54,2.6,6,100900.0,9999999
48698,0,6725,28.0,20.15,0.0,0.0,26.51,291.79,3.1,6,100900.0,9999999
48698,0,6726,28.5,19.91,0.0,0.0,26.51,293.02,3.6,6,101000.0,9999999
48698,0,6727,28.9,19.78,48.0,48.0,26.51,293.89,4.1,5,101000.0,9999999
48698,0,6728,29.7,19.91,210.0,174.0,26.51,294.24,3.8,5,101100.0,9999999
48698,0,6729,30.6,20.03,384.0,310.0,26.51,295.1,3.4,5,101100.0,9999999
48698,0,6730,31.4,20.15,530.0,428.0,26.51,295.1,3.1,5,101100.0,9999999
48698,0,6731,31.7,20.27,632.0,446.0,26.51,295.44,3.3,5,101100.0,9999999
48698,0,6732,31.9,20.52,680.0,482.0,26.51,295.79,3.4,5,101000.0,9999999
48698,0,6733,32.2,20.65,672.0,476.0,26.51,295.96,3.6,5,100900.0,9999999
48698,0,6734,31.6,20.65,608.0,506.0,26.51,295.44,4.6,5,100900.0,9999999
48698,0,6735,30.9,20.65,492.0,427.0,26.51,294.76,5.7,5,100800.0,9999999
48698,0,6736,30.3,20.65,336.0,275.0,26.51,294.24,6.7,5,100700.0,9999999
48698,0,6737,29.8,20.65,159.0,139.0,26.51,294.41,5.3,5,100800.0,9999999
48698,0,6738,29.3,20.78,18.0,18.0,26.51,293.89,4.0,5,100900.0,9999999
48698,0,6739,28.8,20.78,0.0,0.0,26.51,294.07,2.6,5,100900.0,9999999
48698,0,6740,28.9,20.9,0.0,0.0,26.51,293.55,2.8,5,101000.0,9999999
48698,0,6741,29.0,21.29,0.0,0.0,26.51,293.72,3.1,6,101000.0,9999999
48698,0,6742,28.9,21.03,0.0,0.0,26.51,292.85,2.6,5,101100.0,9999999
48698,0,6743,28.7,21.16,0.0,0.0,26.51,292.67,2.4,5,101000.0,9999999
48698,0,6744,28.5,21.29,0.0,0.0,26.51,292.49,2.3,5,101000.0,9999999
48698,0,6745,28.3,21.42,0.0,0.0,26.51,291.43,2.1,6,100900.0,9999999
48698,0,6746,29.0,21.29,0.0,0.0,26.51,293.02,2.6,6,100900.0,9999999
48698,0,6747,28.6,21.03,0.0,0.0,26.51,293.37,2.6,6,100900.0,9999999
48698,0,6748,28.2,20.9,0.0,0.0,26.51,293.55,2.6,6,100900.0,9999999
48698,0,6749,28.1,21.03,0.0,0.0,26.51,293.37,2.3,6,101000.0,9999999
48698,0,6750,28.0,21.29,0.0,0.0,26.51,293.89,2.1,5,101000.0,9999999
48698,0,6751,28.0,22.62,48.0,48.0,26.51,294.07,0.5,3,101000.0,9999999
48698,0,6752,30.0,21.29,210.0,174.0,26.51,295.96,1.0,6,101100.0,9999999
48698,0,6753,30.1,21.55,384.0,311.0,26.51,296.63,2.3,6,101200.0,9999999
48698,0,6754,30.2,21.95,529.0,428.0,26.51,296.8,3.6,5,101200.0,9999999
48698,0,6755,29.1,19.78,632.0,446.0,26.51,294.76,2.5,5,101100.0,9999999
48698,0,6756,28.0,17.71,682.0,481.0,26.51,292.67,1.5,12,101000.0,9999999
48698,0,6757,28.1,18.26,673.0,475.0,26.51,291.61,2.1,10,101000.0,9999999
48698,0,6758,29.0,18.84,509.0,428.0,26.51,292.67,1.5,9,100900.0,9999999
48698,0,6759,28.0,19.19,311.0,296.0,26.51,291.61,1.0,9,100900.0,9999999
48698,0,6760,27.0,19.54,127.0,127.0,26.51,289.81,0.5,8,100900.0,9999999
48698,0,6761,26.8,19.3,100.0,100.0,26.51,289.63,0.3,8,100900.0,9999999
48698,0,6762,26.7,19.19,14.0,14.0,26.51,289.45,0.2,8,100900.0,9999999
48698,0,6763,26.5,18.95,0.0,0.0,26.51,289.27,0.0,0,100900.0,9999999
48698,0,6764,26.7,18.95,0.0,0.0,26.51,290.36,0.0,0,101000.0,9999999
48698,0,6765,27.0,18.84,0.0,0.0,26.51,291.43,0.0,0,101000.0,9999999
48698,0,6766,26.4,19.3,0.0,0.0,26.51,291.43,0.0,0,101200.0,9999999
48698,0,6767,26.0,20.03,0.0,0.0,26.51,290.72,0.0,0,101100.0,9999999
48698,0,6768,26.0,20.15,0.0,0.0,26.51,289.99,0.5,16,101100.0,9999999
48698,0,6769,26.0,20.4,0.0,0.0,26.51,289.09,1.0,13,101000.0,9999999
48698,0,6770,25.7,20.27,0.0,0.0,26.51,288.72,0.7,13,101000.0,9999999
48698,0,6771,25.5,20.15,0.0,0.0,26.51,288.54,0.5,13,100900.0,9999999
48698,0,6772,25.2,20.15,0.0,0.0,26.51,288.17,0.2,13,100900.0,9999999
48698,0,6773,25.0,20.03,0.0,0.0,26.51,287.99,0.0,0,100900.0,9999999
48698,0,6774,25.2,19.42,0.0,0.0,26.51,287.99,0.7,16,100900.0,9999999
48698,0,6775,25.4,18.84,49.0,49.0,26.51,288.17,1.5,13,101000.0,9999999
48698,0,6776,27.0,20.03,211.0,175.0,26.51,290.89,0.0,0,101000.0,9999999
48698,0,6777,28.4,20.27,385.0,311.0,26.51,292.32,0.7,16,101000.0,9999999
48698,0,6778,29.9,20.52,531.0,429.0,26.51,293.72,1.5,8,101100.0,9999999
48698,0,6779,30.9,19.91,632.0,446.0,26.51,295.44,2.2,8,101000.0,9999999
48698,0,6780,31.9,19.19,681.0,481.0,26.51,296.13,2.9,8,100900.0,9999999
48698,0,6781,32.9,18.61,673.0,475.0,26.51,297.64,3.6,8,100800.0,9999999
48698,0,6782,31.3,18.95,508.0,427.0,26.51,295.61,3.8,8,100800.0,9999999
48698,0,6783,29.6,19.3,311.0,296.0,26.51,293.2,3.9,8,100800.0,9999999
48698,0,6784,28.0,19.66,127.0,127.0,26.51,290.72,4.1,6,100700.0,9999999
48698,0,6785,27.2,19.91,99.0,99.0,26.51,291.07,2.9,6,100800.0,9999999
48698,0,6786,26.3,20.03,14.0,14.0,26.51,290.89,1.7,6,100800.0,9999999
48698,0,6787,25.5,20.27,0.0,0.0,26.51,290.72,0.5,9,100900.0,9999999
48698,0,6788,25.7,20.4,0.0,0.0,26.51,290.36,0.3,9,100900.0,9999999
48698,0,6789,25.8,20.65,0.0,0.0,26.51,289.81,0.2,9,101000.0,9999999
48698,0,6790,26.0,20.78,0.0,0.0,26.51,289.09,0.0,0,101000.0,9999999
48698,0,6791,26.0,20.03,0.0,0.0,26.51,289.99,0.0,0,100900.0,9999999
48698,0,6792,25.9,20.27,0.0,0.0,26.51,290.54,0.0,0,100900.0,9999999
48698,0,6793,25.8,20.52,0.0,0.0,26.51,291.07,0.0,0,100900.0,9999999
48698,0,6794,25.8,20.65,0.0,0.0,26.51,291.07,0.0,0,100800.0,9999999
48698,0,6795,25.9,20.65,0.0,0.0,26.51,291.25,0.0,0,100800.0,9999999
48698,0,6796,25.9,20.78,0.0,0.0,26.51,291.25,0.0,0,100800.0,9999999
48698,0,6797,25.4,20.15,0.0,0.0,26.51,290.72,0.5,16,100800.0,9999999
48698,0,6798,25.0,18.84,0.0,0.0,26.51,290.54,1.0,14,100900.0,9999999
48698,0,6799,25.1,18.95,19.0,19.0,26.51,290.72,1.5,13,101000.0,9999999
48698,0,6800,25.1,18.84,80.0,80.0,26.51,290.18,1.2,13,101000.0,9999999
48698,0,6801,25.0,18.72,147.0,147.0,26.51,289.45,0.8,13,101100.0,9999999
48698,0,6802,25.0,18.61,202.0,199.0,26.51,288.72,0.5,13,101100.0,9999999
48698,0,6803,25.4,19.19,240.0,235.0,26.51,289.81,0.3,13,101000.0,9999999
48698,0,6804,25.9,19.66,258.0,252.0,26.51,290.54,0.2,13,101000.0,9999999
48698,0,6805,26.3,20.27,254.0,249.0,26.51,291.61,0.0,0,100900.0,9999999
48698,0,6806,26.3,19.54,230.0,225.0,26.51,290.89,1.0,16,100800.0,9999999
48698,0,6807,26.3,18.72,186.0,185.0,26.51,289.99,2.1,16,100700.0,9999999
48698,0,6808,26.3,17.93,127.0,127.0,26.51,288.9,3.1,7,100700.0,9999999
48698,0,6809,26.1,18.38,99.0,99.0,26.51,288.72,1.5,7,100700.0,9999999
48698,0,6810,26.0,18.84,14.0,14.0,26.51,288.72,0.0,0,100800.0,9999999
48698,0,6811,25.6,18.72,0.0,0.0,26.51,288.35,0.0,0,100900.0,9999999
48698,0,6812,25.6,18.61,0.0,0.0,26.51,288.35,0.0,0,100900.0,9999999
48698,0,6813,25.6,18.61,0.0,0.0,26.51,288.35,0.0,0,101000.0,9999999
48698,0,6814,25.6,18.49,0.0,0.0,26.51,288.35,0.0,0,101000.0,9999999
48698,0,6815,25.5,18.61,0.0,0.0,26.51,288.17,0.2,16,101000.0,9999999
48698,0,6816,25.5,18.84,0.0,0.0,26.51,288.17,0.3,16,101000.0,9999999
48698,0,6817,25.4,18.95,0.0,0.0,26.51,288.17,0.5,13,100900.0,9999999
48698,0,6818,25.3,18.95,0.0,0.0,26.51,287.99,0.3,13,100900.0,9999999
48698,0,6819,25.1,18.84,0.0,0.0,26.51,287.8,0.2,13,100900.0,9999999
48698,0,6820,25.0,18.84,0.0,0.0,26.51,287.8,0.0,0,100900.0,9999999
48698,0,6821,25.0,18.84,0.0,0.0,26.51,287.8,0.0,0,100900.0,9999999
48698,0,6822,25.2,18.95,1.0,1.0,26.51,287.99,0.0,0,100900.0,9999999
48698,0,6823,25.5,19.07,50.0,50.0,26.51,288.35,0.0,0,101000.0,9999999
48698,0,6824,27.0,19.07,212.0,175.0,26.51,289.81,0.7,16,101000.0,9999999
48698,0,6825,28.5,19.19,387.0,312.0,26.51,291.25,1.4,16,101000.0,9999999
48698,0,6826,30.0,19.19,532.0,429.0,26.51,292.67,2.1,5,101100.0,9999999
48698,0,6827,31.0,20.03,632.0,445.0,26.51,294.76,2.6,5,101000.0,9999999
48698,0,6828,28.0,18.84,680.0,481.0,26.51,291.61,1.5,9,100900.0,9999999
48698,0,6829,30.3,18.84,671.0,474.0,26.51,293.89,2.1,8,100900.0,9999999
48698,0,6830,29.9,19.19,606.0,504.0,26.51,293.55,2.3,8,100800.0,9999999
48698,0,6831,29.4,19.66,489.0,425.0,26.51,293.2,2.4,8,100700.0,9999999
48698,0,6832,29.0,20.03,332.0,272.0,26.51,292.85,2.6,7,100700.0,9999999
48698,0,6833,28.0,19.42,155.0,137.0,26.51,291.79,2.2,7,100700.0,9999999
48698,0,6834,27.1,18.84,16.0,16.0,26.51,289.81,1.9,7,100800.0,9999999
48698,0,6835,26.1,18.26,0.0,0.0,26.51,288.72,1.5,14,100900.0,9999999
48698,0,6836,25.9,18.26,0.0,0.0,26.51,288.54,1.3,14,100900.0,9999999
48698,0,6837,25.8,18.15,0.0,0.0,26.51,288.35,1.2,14,101000.0,9999999
48698,0,6838,25.6,18.15,0.0,0.0,26.51,288.17,1.0,14,101000.0,9999999
48698,0,6839,25.4,18.38,0.0,0.0,26.51,287.99,0.8,14,101000.0,9999999
48698,0,6840,25.2,18.61,0.0,0.0,26.51,287.99,0.7,14,101000.0,9999999
48698,0,6841,25.0,18.84,0.0,0.0,26.51,287.8,0.5,15,100900.0,9999999
48698,0,6842,25.0,18.84,0.0,0.0,26.51,287.8,0.0,0,100900.0,9999999
48698,0,6843,25.1,18.72,0.0,0.0,26.51,287.8,0.1,16,100900.0,9999999
48698,0,6844,25.2,18.72,0.0,0.0,26.51,287.99,0.2,16,100900.0,9999999
48698,0,6845,25.4,18.61,0.0,0.0,26.51,288.17,0.3,16,101000.0,9999999
48698,0,6846,25.5,18.61,1.0,1.0,26.51,288.17,0.4,16,101000.0,9999999
48698,0,6847,25.6,18.49,50.0,50.0,26.51,288.35,0.5,16,101000.0,9999999
48698,0,6848,27.3,18.72,213.0,176.0,26.51,290.89,0.5,16,101100.0,9999999
48698,0,6849,29.0,18.84,387.0,312.0,26.51,293.37,0.5,13,101100.0,9999999
48698,0,6850,30.3,19.78,532.0,429.0,26.51,295.27,0.5,12,101100.0,9999999
48698,0,6851,29.3,18.95,529.0,450.0,26.51,294.24,1.0,12,101100.0,9999999
48698,0,6852,28.3,18.04,430.0,404.0,26.51,293.02,1.6,12,101000.0,9999999
48698,0,6853,27.3,17.17,255.0,245.0,26.51,291.96,2.1,11,100900.0,9999999
48698,0,6854,27.8,18.04,383.0,358.0,26.51,291.96,1.9,11,100800.0,9999999
48698,0,6855,28.2,18.95,409.0,353.0,26.51,291.79,1.7,11,100800.0,9999999
48698,0,6856,28.7,19.91,331.0,266.0,26.51,291.61,1.5,2,100700.0,9999999
48698,0,6857,27.8,19.66,154.0,136.0,26.51,290.54,1.3,2,100700.0,9999999
48698,0,6858,27.0,19.54,16.0,16.0,26.51,289.81,1.2,2,100800.0,9999999
48698,0,6859,26.1,19.3,0.0,0.0,26.51,288.9,1.0,1,100800.0,9999999
48698,0,6860,25.9,19.07,0.0,0.0,26.51,288.72,0.7,1,100900.0,9999999
48698,0,6861,25.7,18.95,0.0,0.0,26.51,288.54,0.3,1,101000.0,9999999
48698,0,6862,25.5,18.72,0.0,0.0,26.51,288.17,0.0,0,101000.0,9999999
48698,0,6863,25.5,18.84,0.0,0.0,26.51,288.17,0.0,0,101000.0,9999999
48698,0,6864,25.5,18.84,0.0,0.0,26.51,288.17,0.0,0,100900.0,9999999
48698,0,6865,25.5,18.95,0.0,0.0,26.51,288.17,0.0,0,100900.0,9999999
48698,0,6866,25.2,18.95,0.0,0.0,26.51,287.99,0.5,16,100800.0,9999999
48698,0,6867,25.0,18.84,0.0,0.0,26.51,287.8,1.0,13,100800.0,9999999
48698,0,6868,25.0,18.84,0.0,0.0,26.51,287.8,0.0,0,100800.0,9999999
48698,0,6869,25.9,18.72,0.0,0.0,26.51,288.54,12.3,6,100800.0,9999999
48698,0,6870,26.8,18.61,1.0,1.0,26.51,289.45,10.0,6,100800.0,9999999
48698,0,6871,27.7,18.49,71.0,62.0,26.51,290.36,7.8,6,100900.0,9999999
48698,0,6872,28.7,18.26,280.0,170.0,26.51,291.25,5.5,6,100900.0,9999999
48698,0,6873,29.6,18.15,459.0,363.0,26.51,292.14,3.3,6,100900.0,9999999
48698,0,6874,30.5,18.04,533.0,387.0,26.51,295.27,1.0,7,101000.0,9999999
48698,0,6875,31.0,17.71,240.0,210.0,26.51,295.61,1.5,8,100900.0,9999999
48698,0,6876,30.9,17.17,259.0,253.0,26.51,295.44,1.5,8,100900.0,9999999
48698,0,6877,30.1,16.85,255.0,249.0,26.51,294.59,1.5,8,100800.0,9999999
48698,0,6878,30.1,17.38,230.0,225.0,26.51,294.76,1.1,8,100700.0,9999999
48698,0,6879,30.1,17.93,185.0,184.0,26.51,294.76,0.7,8,100700.0,9999999
48698,0,6880,30.1,18.49,170.0,168.0,26.51,294.93,0.3,8,100600.0,9999999
48698,0,6881,29.1,18.72,69.0,69.0,26.51,293.89,0.1,8,100600.0,9999999
48698,0,6882,28.0,18.84,6.0,6.0,26.51,292.85,0.0,0,100700.0,9999999
48698,0,6883,28.0,18.84,0.0,0.0,26.51,292.85,0.0,0,100800.0,9999999
48698,0,6884,27.7,19.19,0.0,0.0,26.51,292.67,0.1,16,100800.0,9999999
48698,0,6885,27.5,19.42,0.0,0.0,26.51,292.49,0.2,16,100900.0,9999999
48698,0,6886,27.2,19.78,0.0,0.0,26.51,292.32,0.4,16,100900.0,9999999
48698,0,6887,27.0,20.03,0.0,0.0,26.51,292.14,0.5,11,100900.0,9999999
48698,0,6888,26.7,20.03,0.0,0.0,26.51,291.96,0.4,11,100900.0,9999999
48698,0,6889,26.5,20.03,0.0,0.0,26.51,291.61,0.2,11,100900.0,9999999
48698,0,6890,26.2,20.03,0.0,0.0,26.51,291.43,0.1,11,100800.0,9999999
48698,0,6891,26.0,20.03,0.0,0.0,26.51,291.25,0.0,0,100800.0,9999999
48698,0,6892,25.5,19.42,0.0,0.0,26.51,290.54,0.7,16,100800.0,9999999
48698,0,6893,25.0,18.84,0.0,0.0,26.51,289.99,1.5,12,100900.0,9999999
48698,0,6894,25.0,18.84,1.0,1.0,26.51,289.99,1.8,12,100900.0,9999999
48698,0,6895,25.0,18.84,67.0,61.0,26.51,289.99,2.1,12,100900.0,9999999
48698,0,6896,25.3,18.72,241.0,179.0,26.51,290.36,2.1,12,101000.0,9999999
48698,0,6897,25.7,18.72,324.0,290.0,26.51,290.72,2.1,12,101000.0,9999999
48698,0,6898,26.0,18.61,202.0,195.0,26.51,289.63,2.1,9,101000.0,9999999
48698,0,6899,27.5,18.15,324.0,308.0,26.51,291.07,2.1,9,101000.0,9999999
48698,0,6900,29.0,17.71,430.0,401.0,26.51,292.32,2.1,9,100900.0,9999999
48698,0,6901,29.2,17.71,496.0,447.0,26.51,292.49,1.9,9,100800.0,9999999
48698,0,6902,29.5,17.82,506.0,426.0,26.51,292.85,1.8,9,100800.0,9999999
48698,0,6903,29.7,17.82,450.0,394.0,26.51,292.14,1.6,9,100700.0,9999999
48698,0,6904,30.0,17.82,330.0,285.0,26.51,292.32,1.5,9,100600.0,9999999
48698,0,6905,29.5,18.15,153.0,135.0,26.51,291.96,1.9,9,100700.0,9999999
48698,0,6906,28.9,18.49,16.0,16.0,26.51,291.43,2.2,9,100700.0,9999999
48698,0,6907,28.4,18.84,0.0,0.0,26.51,291.07,2.6,7,100800.0,9999999
48698,0,6908,27.9,18.95,0.0,0.0,26.51,291.61,2.7,7,100900.0,9999999
48698,0,6909,27.3,19.07,0.0,0.0,26.51,291.07,2.8,7,100900.0,9999999
48698,0,6910,26.8,19.19,0.0,0.0,26.51,291.25,2.9,7,101000.0,9999999
48698,0,6911,26.3,19.3,0.0,0.0,26.51,290.72,3.2,7,101000.0,9999999
48698,0,6912,25.8,19.19,0.0,0.0,26.51,290.89,3.3,7,101000.0,9999999
48698,0,6913,25.3,19.19,0.0,0.0,26.51,290.36,3.5,7,101000.0,9999999
48698,0,6914,24.9,18.84,0.0,0.0,26.51,290.54,3.7,7,101000.0,9999999
48698,0,6915,24.4,18.61,0.0,0.0,26.51,289.99,4.0,7,101000.0,9999999
48698,0,6916,23.7,18.04,0.0,0.0,26.51,289.81,4.6,7,101000.0,9999999
48698,0,6917,23.4,17.71,0.0,0.0,26.51,289.45,11.1,7,101100.0,9999999
48698,0,6918,23.3,17.6,0.0,0.0,26.51,290.18,8.7,7,101200.0,9999999
48698,0,6919,23.2,17.49,20.0,20.0,26.51,289.99,6.2,10,101200.0,9999999
48698,0,6920,23.8,17.71,81.0,81.0,26.51,289.81,4.6,10,101200.0,9999999
48698,0,6921,24.4,18.04,147.0,147.0,26.51,289.27,3.1,10,101300.0,9999999
48698,0,6922,25.0,18.26,202.0,200.0,26.51,288.54,1.5,9,101300.0,9999999
48698,0,6923,25.3,18.38,240.0,235.0,26.51,289.63,1.6,9,101200.0,9999999
48698,0,6924,25.7,18.38,258.0,252.0,26.51,289.99,1.7,9,101100.0,9999999
48698,0,6925,26.0,18.49,254.0,248.0,26.51,290.36,1.8,9,101100.0,9999999
48698,0,6926,26.4,18.49,229.0,224.0,26.51,290.72,1.9,9,101000.0,9999999
48698,0,6927,26.7,18.61,185.0,183.0,26.51,291.61,2.0,9,100900.0,9999999
48698,0,6928,27.1,18.61,125.0,125.0,26.51,291.96,2.1,8,100900.0,9999999
48698,0,6929,26.5,18.72,96.0,96.0,26.51,290.89,1.0,8,100900.0,9999999
48698,0,6930,26.0,18.84,13.0,13.0,26.51,289.63,0.0,0,100900.0,9999999
48698,0,6931,26.0,18.15,0.0,0.0,26.51,288.54,1.0,9,100900.0,9999999
48698,0,6932,25.8,18.38,0.0,0.0,26.51,288.35,0.7,9,101000.0,9999999
48698,0,6933,25.5,18.61,0.0,0.0,26.51,288.17,0.3,9,101000.0,9999999
48698,0,6934,25.3,18.84,0.0,0.0,26.51,287.99,0.0,0,101100.0,9999999
48698,0,6935,25.2,18.95,0.0,0.0,26.51,287.99,0.0,0,101100.0,9999999
48698,0,6936,25.1,19.07,0.0,0.0,26.51,287.8,0.0,0,101100.0,9999999
48698,0,6937,25.0,19.19,0.0,0.0,26.51,287.8,0.0,0,101000.0,9999999
48698,0,6938,24.9,18.95,0.0,0.0,26.51,287.62,0.2,16,101000.0,9999999
48698,0,6939,24.7,18.72,0.0,0.0,26.51,287.43,0.3,16,101000.0,9999999
48698,0,6940,24.6,18.49,0.0,0.0,26.51,287.24,0.5,14,100900.0,9999999
48698,0,6941,25.0,18.61,0.0,0.0,26.51,287.8,12.3,8,101000.0,9999999
48698,0,6942,25.4,18.61,1.0,1.0,26.51,288.17,6.6,8,101000.0,9999999
48698,0,6943,25.8,18.72,52.0,52.0,26.51,288.54,1.0,14,101100.0,9999999
48698,0,6944,28.0,20.03,264.0,165.0,26.51,291.79,1.0,12,101100.0,9999999
48698,0,6945,29.0,19.42,531.0,238.0,26.51,293.37,1.5,12,101200.0,9999999
48698,0,6946,30.0,18.84,770.0,249.0,26.51,294.93,2.1,9,101200.0,9999999
48698,0,6947,30.5,18.72,929.0,241.0,26.51,295.27,2.4,9,101100.0,9999999
48698,0,6948,31.0,18.61,1009.0,196.0,26.51,295.79,2.8,9,101000.0,9999999
48698,0,6949,31.5,18.49,1002.0,171.0,26.51,296.3,3.1,8,100900.0,9999999
48698,0,6950,31.2,18.61,871.0,253.0,26.51,295.44,3.1,8,100900.0,9999999
48698,0,6951,30.8,18.84,636.0,305.0,26.51,295.1,3.1,8,100800.0,9999999
48698,0,6952,30.5,18.95,328.0,248.0,26.51,294.07,3.1,8,100700.0,9999999
48698,0,6953,29.6,19.07,151.0,131.0,26.51,293.2,2.8,8,100800.0,9999999
48698,0,6954,28.8,19.3,16.0,16.0,26.51,292.49,2.4,8,100900.0,9999999
48698,0,6955,27.9,19.42,0.0,0.0,26.51,290.72,2.1,4,100900.0,9999999
48698,0,6956,27.3,19.54,0.0,0.0,26.51,291.07,1.6,4,101000.0,9999999
48698,0,6957,26.6,19.78,0.0,0.0,26.51,290.54,1.0,4,101000.0,9999999
48698,0,6958,26.0,19.91,0.0,0.0,26.51,289.81,0.5,16,101100.0,9999999
48698,0,6959,25.9,19.78,0.0,0.0,26.51,289.81,0.5,16,101100.0,9999999
48698,0,6960,25.9,19.78,0.0,0.0,26.51,289.81,0.5,16,101100.0,9999999
48698,0,6961,25.8,19.66,0.0,0.0,26.51,288.72,0.5,14,101000.0,9999999
48698,0,6962,25.5,19.54,0.0,0.0,26.51,288.35,0.3,14,101000.0,9999999
48698,0,6963,25.3,19.3,0.0,0.0,26.51,288.17,0.2,14,101000.0,9999999
48698,0,6964,25.0,19.19,0.0,0.0,26.51,287.8,0.0,0,100900.0,9999999
48698,0,6965,25.2,19.3,0.0,0.0,26.51,287.99,0.0,0,101000.0,9999999
48698,0,6966,25.5,19.54,1.0,1.0,26.51,288.35,0.0,0,101000.0,9999999
48698,0,6967,25.7,19.66,68.0,62.0,26.51,288.54,0.0,0,101000.0,9999999
48698,0,6968,27.3,19.78,281.0,171.0,26.51,291.07,0.5,16,101100.0,9999999
48698,0,6969,28.9,19.91,507.0,244.0,26.51,292.67,1.0,16,101100.0,9999999
48698,0,6970,30.5,20.03,696.0,287.0,26.51,294.24,1.5,6,101100.0,9999999
48698,0,6971,31.2,18.38,804.0,331.0,26.51,295.44,2.5,6,101000.0,9999999
48698,0,6972,32.0,16.65,837.0,384.0,26.51,295.79,3.6,5,100900.0,9999999
48698,0,6973,32.0,17.71,791.0,426.0,26.51,295.96,3.6,5,100900.0,9999999
48698,0,6974,29.0,18.84,679.0,424.0,26.51,293.37,2.3,5,100900.0,9999999
48698,0,6975,26.0,20.03,517.0,393.0,26.51,291.25,1.0,9,100900.0,9999999
48698,0,6976,26.0,19.19,327.0,263.0,26.51,291.07,2.6,9,100800.0,9999999
48698,0,6977,25.9,19.3,150.0,130.0,26.51,290.36,1.7,9,100800.0,9999999
48698,0,6978,25.7,19.3,15.0,15.0,26.51,289.45,0.9,9,100900.0,9999999
48698,0,6979,25.6,19.42,0.0,0.0,26.51,288.35,0.0,0,100900.0,9999999
48698,0,6980,25.5,19.3,0.0,0.0,26.51,288.35,0.0,0,101000.0,9999999
48698,0,6981,25.5,19.3,0.0,0.0,26.51,288.35,0.0,0,101100.0,9999999
48698,0,6982,25.4,19.19,0.0,0.0,26.51,288.17,0.0,0,101100.0,9999999
48698,0,6983,25.4,19.3,0.0,0.0,26.51,288.17,0.2,16,101100.0,9999999
48698,0,6984,25.4,19.42,0.0,0.0,26.51,288.17,0.3,16,101000.0,9999999
48698,0,6985,25.3,19.54,0.0,0.0,26.51,288.17,0.5,16,101000.0,9999999
48698,0,6986,25.3,19.66,0.0,0.0,26.51,288.17,0.7,16,101000.0,9999999
48698,0,6987,25.3,19.78,0.0,0.0,26.51,288.17,0.8,16,100900.0,9999999
48698,0,6988,25.3,19.91,0.0,0.0,26.51,288.17,1.0,6,100900.0,9999999
48698,0,6989,25.4,19.78,0.0,0.0,26.51,288.35,12.3,8,100900.0,9999999
48698,0,6990,25.5,19.78,1.0,1.0,26.51,288.35,6.6,8,101000.0,9999999
48698,0,6991,25.6,19.66,52.0,52.0,26.51,288.54,1.0,14,101000.0,9999999
48698,0,6992,26.6,19.78,215.0,177.0,26.51,290.54,0.8,14,101100.0,9999999
48698,0,6993,27.5,20.03,388.0,313.0,26.51,292.14,0.7,14,101100.0,9999999
48698,0,6994,28.5,20.15,531.0,429.0,26.51,293.72,0.5,3,101100.0,9999999
48698,0,6995,29.0,19.78,630.0,444.0,26.51,294.07,1.4,3,101000.0,9999999
48698,0,6996,29.6,19.54,676.0,478.0,26.51,294.59,2.2,3,101000.0,9999999
48698,0,6997,30.1,19.19,666.0,470.0,26.51,295.1,3.1,7,100900.0,9999999
48698,0,6998,29.5,19.07,600.0,499.0,26.51,293.89,2.6,7,100900.0,9999999
48698,0,6999,29.0,18.95,483.0,419.0,26.51,293.37,2.2,7,100900.0,9999999
48698,0,7000,28.4,18.84,326.0,267.0,26.51,291.96,1.8,7,100900.0,9999999
48698,0,7001,27.9,18.61,150.0,130.0,26.51,291.43,1.3,7,100900.0,9999999
48698,0,7002,27.3,18.49,15.0,15.0,26.51,290.89,0.9,7,100900.0,9999999
48698,0,7003,26.8,18.38,0.0,0.0,26.51,289.45,0.5,16,100900.0,9999999
48698,0,7004,26.3,18.26,0.0,0.0,26.51,288.9,0.3,16,100900.0,9999999
48698,0,7005,25.9,18.26,0.0,0.0,26.51,288.54,0.2,16,100900.0,9999999
48698,0,7006,25.4,18.15,0.0,0.0,26.51,287.99,0.0,0,101000.0,9999999
48698,0,7007,25.3,18.15,0.0,0.0,26.51,287.99,0.0,0,101000.0,9999999
48698,0,7008,25.2,18.26,0.0,0.0,26.51,287.8,0.0,0,100900.0,9999999
48698,0,7009,25.1,18.26,0.0,0.0,26.51,287.8,0.0,0,100900.0,9999999
48698,0,7010,25.1,18.49,0.0,0.0,26.51,287.8,0.0,0,100900.0,9999999
48698,0,7011,25.0,18.72,0.0,0.0,26.51,287.8,0.0,0,100900.0,9999999
48698,0,7012,25.0,18.95,0.0,0.0,26.51,287.8,0.0,0,100900.0,9999999
48698,0,7013,25.4,19.3,0.0,0.0,26.51,288.17,0.0,0,100900.0,9999999
48698,0,7014,25.8,19.78,1.0,1.0,26.51,288.72,0.0,0,101000.0,9999999
48698,0,7015,26.2,20.15,76.0,64.0,26.51,289.09,0.0,0,101000.0,9999999
48698,0,7016,28.1,20.78,310.0,164.0,26.51,292.14,0.5,16,101100.0,9999999
48698,0,7017,30.0,21.29,560.0,174.0,26.51,294.07,1.0,3,101100.0,9999999
48698,0,7018,30.6,20.15,768.0,216.0,26.51,294.41,2.1,6,101100.0,9999999
48698,0,7019,30.9,20.03,890.0,275.0,26.51,295.44,2.3,6,101000.0,9999999
48698,0,7020,31.1,19.91,925.0,339.0,26.51,295.61,2.4,6,100900.0,9999999
48698,0,7021,31.4,19.78,871.0,344.0,26.51,296.46,2.6,10,100800.0,9999999
48698,0,7022,30.9,19.66,737.0,402.0,26.51,296.46,1.9,10,100800.0,9999999
48698,0,7023,30.5,19.54,545.0,391.0,26.51,296.13,1.2,10,100700.0,9999999
48698,0,7024,30.0,19.42,325.0,255.0,26.51,296.13,0.5,7,100700.0,9999999
48698,0,7025,27.0,20.03,149.0,129.0,26.51,293.37,4.1,16,100900.0,9999999
48698,0,7026,24.0,18.84,15.0,15.0,26.51,289.63,4.1,13,100900.0,9999999
48698,0,7027,24.5,18.38,0.0,0.0,26.51,289.99,1.5,14,101000.0,9999999
48698,0,7028,24.5,18.26,0.0,0.0,26.51,289.45,1.0,14,101000.0,9999999
48698,0,7029,24.6,18.15,0.0,0.0,26.51,288.9,0.5,14,101000.0,9999999
48698,0,7030,24.6,18.04,0.0,0.0,26.51,288.17,0.0,0,101000.0,9999999
48698,0,7031,24.5,18.15,0.0,0.0,26.51,288.17,0.2,16,101000.0,9999999
48698,0,7032,24.5,18.15,0.0,0.0,26.51,288.17,0.3,16,100900.0,9999999
48698,0,7033,24.4,18.26,0.0,0.0,26.51,287.06,0.5,15,100900.0,9999999
48698,0,7034,24.4,18.38,0.0,0.0,26.51,287.06,0.3,15,100900.0,9999999
48698,0,7035,24.4,18.38,0.0,0.0,26.51,287.06,0.2,15,100900.0,9999999
48698,0,7036,24.4,18.49,0.0,0.0,26.51,287.06,0.0,0,100900.0,9999999
48698,0,7037,24.7,18.61,0.0,0.0,26.51,287.43,0.3,16,101000.0,9999999
48698,0,7038,24.9,18.61,1.0,1.0,26.51,287.62,0.7,16,101000.0,9999999
48698,0,7039,25.2,18.72,79.0,64.0,26.51,287.99,1.0,13,101000.0,9999999
48698,0,7040,26.9,19.19,322.0,156.0,26.51,289.63,1.4,13,101000.0,9999999
48698,0,7041,28.5,19.66,581.0,158.0,26.51,291.25,1.7,13,101100.0,9999999
48698,0,7042,30.2,20.15,795.0,167.0,26.51,293.02,2.1,1,101100.0,9999999
48698,0,7043,31.0,19.42,926.0,200.0,26.51,294.59,2.1,1,101000.0,9999999
48698,0,7044,31.7,18.72,956.0,344.0,26.51,295.96,2.1,1,100900.0,9999999
48698,0,7045,32.5,17.93,872.0,359.0,26.51,297.14,2.1,16,100800.0,9999999
48698,0,7046,31.5,18.26,847.0,317.0,26.51,295.61,2.3,16,100800.0,9999999
48698,0,7047,30.6,18.72,708.0,176.0,26.51,294.93,2.4,16,100700.0,9999999
48698,0,7048,29.6,19.07,486.0,110.0,26.51,293.2,2.6,4,100700.0,9999999
48698,0,7049,29.0,19.3,214.0,116.0,26.51,292.67,2.8,4,100800.0,9999999
48698,0,7050,28.4,19.42,20.0,20.0,26.51,292.14,2.9,4,100800.0,9999999
48698,0,7051,27.8,19.66,0.0,0.0,26.51,291.61,3.1,1,100900.0,9999999
48698,0,7052,27.1,19.42,0.0,0.0,26.51,290.89,2.4,1,100900.0,9999999
48698,0,7053,26.4,19.07,0.0,0.0,26.51,290.18,1.7,1,101000.0,9999999
48698,0,7054,25.7,18.84,0.0,0.0,26.51,288.35,1.0,14,101000.0,9999999
48698,0,7055,25.6,18.95,0.0,0.0,26.51,288.35,0.7,14,101000.0,9999999
48698,0,7056,25.6,19.19,0.0,0.0,26.51,288.35,0.3,14,101000.0,9999999
48698,0,7057,25.5,19.3,0.0,0.0,26.51,288.35,0.0,0,100900.0,9999999
48698,0,7058,25.4,19.42,0.0,0.0,26.51,288.17,0.0,0,100900.0,9999999
48698,0,7059,25.2,19.54,0.0,0.0,26.51,287.99,0.0,0,100900.0,9999999
48698,0,7060,25.1,19.66,0.0,0.0,26.51,287.99,0.0,0,100900.0,9999999
48698,0,7061,25.7,19.78,0.0,0.0,26.51,289.63,0.2,16,100900.0,9999999
48698,0,7062,26.4,19.91,1.0,1.0,26.51,291.07,0.3,16,100900.0,9999999
48698,0,7063,27.0,20.03,62.0,57.0,26.51,292.14,0.5,15,100900.0,9999999
48698,0,7064,29.0,20.03,265.0,165.0,26.51,294.76,1.5,14,101000.0,9999999
48698,0,7065,29.0,20.03,493.0,269.0,26.51,294.76,0.5,16,101100.0,9999999
48698,0,7066,30.3,19.07,696.0,299.0,26.51,296.46,0.5,3,101100.0,9999999
48698,0,7067,25.0,20.03,774.0,373.0,26.51,290.72,7.2,6,101000.0,9999999
48698,0,7068,26.8,20.27,761.0,467.0,26.51,292.49,5.4,6,101000.0,9999999
48698,0,7069,28.7,20.65,663.0,470.0,26.51,293.89,3.6,8,100900.0,9999999
48698,0,7070,28.1,20.4,441.0,399.0,26.51,292.67,3.9,8,100900.0,9999999
48698,0,7071,27.6,20.15,182.0,180.0,26.51,292.14,4.1,16,100900.0,9999999
48698,0,7072,27.0,20.03,123.0,123.0,26.51,290.89,3.1,16,100900.0,9999999
48698,0,7073,26.5,19.78,56.0,56.0,26.51,290.36,2.1,16,100900.0,9999999
48698,0,7074,25.9,19.54,6.0,6.0,26.51,289.81,1.0,16,100900.0,9999999
48698,0,7075,25.4,19.3,0.0,0.0,26.51,288.17,0.0,0,100900.0,9999999
48698,0,7076,25.3,19.42,0.0,0.0,26.51,288.17,0.0,0,100900.0,9999999
48698,0,7077,25.3,19.66,0.0,0.0,26.51,288.17,0.0,0,101000.0,9999999
48698,0,7078,25.2,19.78,0.0,0.0,26.51,288.17,0.0,0,101100.0,9999999
48698,0,7079,25.1,19.42,0.0,0.0,26.51,287.99,0.0,0,101000.0,9999999
48698,0,7080,25.1,19.19,0.0,0.0,26.51,287.99,0.0,0,101000.0,9999999
48698,0,7081,25.0,18.84,0.0,0.0,26.51,287.8,0.0,0,100900.0,9999999
48698,0,7082,24.8,18.72,0.0,0.0,26.51,288.54,0.2,16,100900.0,9999999
48698,0,7083,24.7,18.49,0.0,0.0,26.51,288.35,0.3,16,100900.0,9999999
48698,0,7084,24.5,18.38,0.0,0.0,26.51,288.17,0.5,15,100800.0,9999999
48698,0,7085,24.8,18.49,0.0,0.0,26.51,288.54,0.3,15,100900.0,9999999
48698,0,7086,25.1,18.72,1.0,1.0,26.51,288.72,0.2,15,101000.0,9999999
48698,0,7087,25.4,18.84,79.0,64.0,26.51,288.17,0.0,0,101000.0,9999999
48698,0,7088,27.2,18.95,323.0,156.0,26.51,289.81,0.5,16,101100.0,9999999
48698,0,7089,29.1,18.95,581.0,157.0,26.51,291.79,1.0,16,101100.0,9999999
48698,0,7090,30.9,19.07,796.0,165.0,26.51,293.55,1.5,4,101100.0,9999999
48698,0,7091,31.3,19.19,910.0,232.0,26.51,294.93,2.2,4,101000.0,9999999
48698,0,7092,31.8,19.19,883.0,368.0,26.51,295.44,2.9,4,100900.0,9999999
48698,0,7093,32.2,19.3,663.0,422.0,26.51,295.79,3.6,9,100900.0,9999999
48698,0,7094,31.5,19.3,597.0,496.0,26.51,295.1,3.0,9,100900.0,9999999
48698,0,7095,30.8,19.3,480.0,416.0,26.51,294.41,2.4,9,100900.0,9999999
48698,0,7096,30.0,19.42,322.0,264.0,26.51,293.72,1.8,9,100900.0,9999999
48698,0,7097,29.3,19.42,147.0,128.0,26.51,293.02,1.2,9,100900.0,9999999
48698,0,7098,28.6,19.42,15.0,15.0,26.51,291.25,0.6,9,100900.0,9999999
48698,0,7099,27.9,19.42,0.0,0.0,26.51,290.72,0.0,0,100900.0,9999999
48698,0,7100,27.4,19.78,0.0,0.0,26.51,290.18,0.0,0,101000.0,9999999
48698,0,7101,27.0,20.03,0.0,0.0,26.51,289.81,0.0,0,101000.0,9999999
48698,0,7102,27.0,20.03,0.0,0.0,26.51,289.81,0.0,0,101000.0,9999999
48698,0,7103,26.5,20.03,0.0,0.0,26.51,289.45,0.2,16,101000.0,9999999
48698,0,7104,26.0,20.03,0.0,0.0,26.51,288.9,0.5,13,101000.0,9999999
48698,0,7105,26.3,20.03,0.0,0.0,26.51,289.27,1.0,14,101000.0,9999999
48698,0,7106,26.0,20.03,0.0,0.0,26.51,289.99,0.0,0,100900.0,9999999
48698,0,7107,26.0,19.42,0.0,0.0,26.51,289.81,0.7,16,100900.0,9999999
48698,0,7108,26.0,18.84,0.0,0.0,26.51,289.63,1.5,13,100900.0,9999999
48698,0,7109,25.0,20.03,0.0,0.0,26.51,289.63,0.5,14,100900.0,9999999
48698,0,7110,25.0,20.03,1.0,1.0,26.51,289.63,1.0,14,100900.0,9999999
48698,0,7111,25.3,17.38,53.0,53.0,26.51,289.99,2.6,11,101000.0,9999999
48698,0,7112,26.7,17.82,216.0,178.0,26.51,290.89,2.8,11,101000.0,9999999
48698,0,7113,28.2,18.26,388.0,312.0,26.51,291.79,2.9,11,101100.0,9999999
48698,0,7114,29.6,18.72,531.0,428.0,26.51,292.14,3.1,11,101100.0,9999999
48698,0,7115,30.2,18.72,629.0,442.0,26.51,293.72,3.3,11,101000.0,9999999
48698,0,7116,30.9,18.61,674.0,475.0,26.51,294.41,3.4,11,100900.0,9999999
48698,0,7117,31.5,18.61,663.0,467.0,26.51,294.93,3.6,11,100800.0,9999999
48698,0,7118,30.8,18.72,596.0,496.0,26.51,294.24,2.9,11,100800.0,9999999
48698,0,7119,30.1,18.84,479.0,415.0,26.51,293.72,2.2,11,100700.0,9999999
48698,0,7120,29.4,18.95,322.0,264.0,26.51,291.96,1.5,9,100700.0,9999999
48698,0,7121,29.0,19.3,146.0,127.0,26.51,291.79,1.5,9,100700.0,9999999
48698,0,7122,28.7,19.78,15.0,15.0,26.51,291.43,1.5,9,100800.0,9999999
48698,0,7123,28.3,20.15,0.0,0.0,26.51,291.25,1.5,8,100900.0,9999999
48698,0,7124,28.3,20.27,0.0,0.0,26.51,293.55,1.3,8,100900.0,9999999
48698,0,7125,28.2,20.4,0.0,0.0,26.51,294.59,1.2,8,101000.0,9999999
48698,0,7126,28.2,20.52,0.0,0.0,26.51,298.31,1.0,7,101000.0,9999999
48698,0,7127,28.2,20.27,0.0,0.0,26.51,298.14,1.7,7,101000.0,9999999
48698,0,7128,28.2,20.15,0.0,0.0,26.51,298.14,2.4,7,101000.0,9999999
48698,0,7129,28.2,19.91,0.0,0.0,26.51,298.14,3.1,5,100900.0,9999999
48698,0,7130,28.1,19.91,0.0,0.0,26.51,294.41,1.8,5,100900.0,9999999
48698,0,7131,28.0,20.03,0.0,0.0,26.51,293.2,0.5,6,100900.0,9999999
48698,0,7132,27.1,20.03,0.0,0.0,26.51,289.99,0.0,0,100900.0,9999999
48698,0,7133,27.0,20.4,0.0,0.0,26.51,290.89,0.3,16,101000.0,9999999
48698,0,7134,27.0,20.65,1.0,1.0,26.51,291.07,0.7,16,101000.0,9999999
48698,0,7135,26.9,21.03,53.0,53.0,26.51,290.89,1.0,14,101100.0,9999999
48698,0,7136,28.0,20.03,215.0,177.0,26.51,292.49,1.0,13,101100.0,9999999
48698,0,7137,28.6,20.52,386.0,312.0,26.51,293.89,0.5,13,101200.0,9999999
48698,0,7138,29.3,20.9,529.0,427.0,26.51,295.1,0.0,0,101200.0,9999999
48698,0,7139,29.5,20.52,627.0,441.0,26.51,295.27,1.0,16,101100.0,9999999
48698,0,7140,29.8,20.15,672.0,475.0,26.51,296.13,2.1,16,101000.0,9999999
48698,0,7141,30.0,19.78,661.0,466.0,26.51,296.3,3.1,13,100900.0,9999999
48698,0,7142,29.7,19.54,594.0,495.0,26.51,295.27,2.8,13,100900.0,9999999
48698,0,7143,29.3,19.42,478.0,414.0,26.51,293.72,2.4,13,100900.0,9999999
48698,0,7144,29.0,19.19,321.0,263.0,26.51,291.61,2.1,7,100800.0,9999999
48698,0,7145,28.5,19.3,145.0,127.0,26.51,291.25,2.3,7,100800.0,9999999
48698,0,7146,28.0,19.3,15.0,15.0,26.51,290.72,2.4,7,100900.0,9999999
48698,0,7147,27.5,19.42,0.0,0.0,26.51,290.36,2.6,7,100900.0,9999999
48698,0,7148,27.5,19.07,0.0,0.0,26.51,291.25,2.4,7,100900.0,9999999
48698,0,7149,27.4,18.84,0.0,0.0,26.51,291.07,2.3,7,101000.0,9999999
48698,0,7150,27.4,18.49,0.0,0.0,26.51,290.89,2.1,4,101100.0,9999999
48698,0,7151,26.8,18.95,0.0,0.0,26.51,290.54,1.4,4,101100.0,9999999
48698,0,7152,26.2,19.54,0.0,0.0,26.51,289.99,0.7,4,101000.0,9999999
48698,0,7153,25.6,20.03,0.0,0.0,26.51,288.54,0.0,0,101000.0,9999999
48698,0,7154,25.9,19.91,0.0,0.0,26.51,287.43,0.0,0,101000.0,9999999
48698,0,7155,26.2,19.91,0.0,0.0,26.51,287.8,0.0,0,100900.0,9999999
48698,0,7156,26.1,19.78,0.0,0.0,26.51,287.62,0.0,0,100900.0,9999999
48698,0,7157,26.4,20.15,0.0,0.0,26.51,287.99,0.5,16,100900.0,9999999
48698,0,7158,26.7,20.65,1.0,1.0,26.51,289.63,1.0,16,101000.0,9999999
48698,0,7159,27.1,21.16,53.0,53.0,26.51,291.25,1.6,16,101000.0,9999999
48698,0,7160,28.5,20.52,215.0,177.0,26.51,293.2,2.4,16,101100.0,9999999
48698,0,7161,29.6,20.52,386.0,312.0,26.51,294.76,3.0,16,101100.0,9999999
48698,0,7162,30.8,20.65,528.0,427.0,26.51,296.46,3.6,5,101100.0,9999999
48698,0,7163,30.9,19.78,627.0,441.0,26.51,296.46,4.1,5,101000.0,9999999
48698,0,7164,31.0,18.84,672.0,474.0,26.51,295.79,4.6,6,100900.0,9999999
48698,0,7165,30.5,19.07,661.0,466.0,26.51,295.44,4.1,6,100900.0,9999999
48698,0,7166,29.9,19.3,594.0,494.0,26.51,294.24,3.6,6,100800.0,9999999
48698,0,7167,29.4,19.54,477.0,413.0,26.51,293.89,3.1,6,100800.0,9999999
48698,0,7168,28.9,19.78,320.0,263.0,26.51,292.67,2.6,5,100700.0,9999999
48698,0,7169,28.7,19.42,145.0,127.0,26.51,292.49,2.4,5,100800.0,9999999
48698,0,7170,28.6,19.19,14.0,14.0,26.51,292.32,2.3,5,100800.0,9999999
48698,0,7171,28.4,18.84,0.0,0.0,26.51,291.07,2.1,5,100800.0,9999999
48698,0,7172,28.1,19.19,0.0,0.0,26.51,290.89,1.9,5,100900.0,9999999
48698,0,7173,27.9,19.54,0.0,0.0,26.51,290.72,1.7,5,100900.0,9999999
48698,0,7174,27.6,19.91,0.0,0.0,26.51,290.54,1.5,3,101000.0,9999999
48698,0,7175,27.8,20.03,0.0,0.0,26.51,290.72,1.9,3,101000.0,9999999
48698,0,7176,27.9,20.27,0.0,0.0,26.51,290.89,2.2,3,100900.0,9999999
48698,0,7177,28.1,20.4,0.0,0.0,26.51,291.07,2.6,5,100900.0,9999999
48698,0,7178,27.9,20.03,0.0,0.0,26.51,290.72,2.4,5,100800.0,9999999
48698,0,7179,27.7,19.78,0.0,0.0,26.51,290.54,2.3,5,100800.0,9999999
48698,0,7180,27.5,19.42,0.0,0.0,26.51,290.36,2.1,5,100800.0,9999999
48698,0,7181,27.4,19.91,0.0,0.0,26.51,291.25,1.7,5,100800.0,9999999
48698,0,7182,27.2,20.4,1.0,1.0,26.51,291.07,1.4,5,100900.0,9999999
48698,0,7183,27.1,20.9,53.0,53.0,26.51,291.07,1.0,1,100900.0,9999999
48698,0,7184,27.9,20.52,214.0,177.0,26.51,292.49,1.5,1,101000.0,9999999
48698,0,7185,28.7,20.15,386.0,311.0,26.51,293.2,2.1,1,101000.0,9999999
48698,0,7186,29.5,19.78,528.0,426.0,26.51,294.59,2.6,3,101100.0,9999999
48698,0,7187,29.7,19.91,626.0,440.0,26.51,294.76,2.9,3,101000.0,9999999
48698,0,7188,29.8,19.91,670.0,474.0,26.51,294.93,3.3,3,100900.0,9999999
48698,0,7189,30.0,20.03,659.0,465.0,26.51,295.1,3.6,5,100800.0,9999999
48698,0,7190,29.7,20.03,592.0,493.0,26.51,294.24,3.1,5,100800.0,9999999
48698,0,7191,29.4,19.91,476.0,413.0,26.51,293.89,2.6,5,100700.0,9999999
48698,0,7192,29.1,19.91,319.0,262.0,26.51,292.85,2.1,7,100700.0,9999999
48698,0,7193,28.7,19.78,154.0,132.0,26.51,292.49,1.7,7,100800.0,9999999
48698,0,7194,28.2,19.54,16.0,16.0,26.51,291.96,1.4,7,100900.0,9999999
48698,0,7195,27.8,19.42,0.0,0.0,26.51,290.54,1.0,4,101000.0,9999999
48698,0,7196,27.3,19.66,0.0,0.0,26.51,290.18,0.7,4,101000.0,9999999
48698,0,7197,26.9,19.91,0.0,0.0,26.51,289.81,0.3,4,101000.0,9999999
48698,0,7198,26.4,20.15,0.0,0.0,26.51,289.27,0.0,0,101000.0,9999999
48698,0,7199,26.3,20.27,0.0,0.0,26.51,289.27,0.0,0,101000.0,9999999
48698,0,7200,26.3,20.4,0.0,0.0,26.51,289.27,0.0,0,100900.0,9999999
48698,0,7201,26.2,20.52,0.0,0.0,26.51,289.27,0.0,0,100900.0,9999999
48698,0,7202,26.0,21.29,0.0,0.0,26.51,289.09,0.5,14,100900.0,9999999
48698,0,7203,25.8,20.78,0.0,0.0,26.51,288.9,0.2,14,100800.0,9999999
48698,0,7204,25.6,20.4,0.0,0.0,26.51,288.54,0.0,0,100800.0,9999999
48698,0,7205,26.1,20.65,0.0,0.0,26.51,289.09,0.0,0,100800.0,9999999
48698,0,7206,26.5,21.03,1.0,1.0,26.51,289.63,0.0,0,100900.0,9999999
48698,0,7207,27.0,21.29,70.0,63.0,26.51,290.18,0.0,0,100900.0,9999999
48698,0,7208,27.8,20.9,264.0,176.0,26.51,291.79,1.4,16,101000.0,9999999
48698,0,7209,28.6,20.4,435.0,356.0,26.51,293.72,2.7,16,101000.0,9999999
48698,0,7210,29.4,20.03,528.0,384.0,26.51,295.1,4.1,4,101000.0,9999999
48698,0,7211,31.0,21.29,624.0,440.0,26.51,296.8,3.6,6,101000.0,9999999
48698,0,7212,28.0,18.84,671.0,473.0,26.51,293.55,3.6,8,100900.0,9999999
48698,0,7213,26.4,17.6,660.0,464.0,26.51,291.61,1.5,13,100800.0,9999999
48698,0,7214,27.2,18.49,593.0,493.0,26.51,292.14,1.5,13,100800.0,9999999
48698,0,7215,27.9,19.42,475.0,412.0,26.51,292.32,1.5,13,100700.0,9999999
48698,0,7216,28.7,20.4,318.0,261.0,26.51,292.67,1.5,16,100700.0,9999999
48698,0,7217,28.1,19.91,144.0,126.0,26.51,291.96,1.4,16,100700.0,9999999
48698,0,7218,27.6,19.3,14.0,14.0,26.51,291.25,1.2,16,100800.0,9999999
48698,0,7219,27.0,18.84,0.0,0.0,26.51,289.63,1.1,10,100800.0,9999999
48698,0,7220,27.0,20.03,0.0,0.0,26.51,292.14,1.0,3,100900.0,9999999
48698,0,7221,26.6,20.15,0.0,0.0,26.51,293.02,0.5,3,101000.0,9999999
48698,0,7222,26.3,20.4,0.0,0.0,26.51,296.3,0.0,0,101000.0,9999999
48698,0,7223,26.0,20.27,0.0,0.0,26.51,293.37,0.0,0,101000.0,9999999
48698,0,7224,25.8,20.03,0.0,0.0,26.51,291.61,0.0,0,101000.0,9999999
48698,0,7225,25.5,19.91,0.0,0.0,26.51,289.45,0.0,0,100900.0,9999999
48698,0,7226,25.3,19.78,0.0,0.0,26.51,289.27,0.0,0,100900.0,9999999
48698,0,7227,25.2,19.78,0.0,0.0,26.51,289.09,0.0,0,100900.0,9999999
48698,0,7228,25.0,19.66,0.0,0.0,26.51,287.99,0.0,0,100800.0,9999999
48698,0,7229,25.0,19.3,0.0,0.0,26.51,287.8,0.0,0,100800.0,9999999
48698,0,7230,25.0,18.84,1.0,1.0,26.51,287.8,0.0,0,100900.0,9999999
48698,0,7231,25.5,19.3,80.0,65.0,26.51,288.35,1.0,13,100900.0,9999999
48698,0,7232,26.8,19.07,310.0,147.0,26.51,289.45,1.7,13,101000.0,9999999
48698,0,7233,28.1,18.84,505.0,241.0,26.51,290.72,2.4,13,101000.0,9999999
48698,0,7234,29.4,18.61,528.0,382.0,26.51,291.96,3.1,16,101000.0,9999999
48698,0,7235,29.7,19.19,625.0,439.0,26.51,293.37,3.4,16,100900.0,9999999
48698,0,7236,30.1,19.66,669.0,472.0,26.51,294.59,3.8,16,100800.0,9999999
48698,0,7237,30.4,20.27,657.0,464.0,26.51,295.44,4.1,5,100700.0,9999999
48698,0,7238,30.0,20.03,591.0,491.0,26.51,295.1,3.6,5,100700.0,9999999
48698,0,7239,29.6,19.91,474.0,411.0,26.51,295.27,3.1,5,100600.0,9999999
48698,0,7240,29.2,19.66,318.0,261.0,26.51,294.76,2.6,1,100500.0,9999999
48698,0,7241,28.7,19.78,162.0,148.0,26.51,293.72,2.2,1,100600.0,9999999
48698,0,7242,28.3,19.78,18.0,18.0,26.51,293.37,1.9,1,100600.0,9999999
48698,0,7243,27.8,19.91,0.0,0.0,26.51,292.32,1.5,1,100700.0,9999999
48698,0,7244,27.4,20.03,0.0,0.0,26.51,291.25,1.2,1,100800.0,9999999
48698,0,7245,26.9,20.03,0.0,0.0,26.51,290.72,0.8,1,100800.0,9999999
48698,0,7246,26.5,20.15,0.0,0.0,26.51,289.45,0.5,14,100900.0,9999999
48698,0,7247,26.3,19.91,0.0,0.0,26.51,289.27,0.5,14,100900.0,9999999
48698,0,7248,26.2,19.78,0.0,0.0,26.51,289.09,0.5,14,100800.0,9999999
48698,0,7249,26.0,19.54,0.0,0.0,26.51,288.9,0.5,15,100800.0,9999999
48698,0,7250,26.0,19.78,0.0,0.0,26.51,288.9,0.5,15,100800.0,9999999
48698,0,7251,26.0,20.03,0.0,0.0,26.51,288.9,0.5,13,100800.0,9999999
48698,0,7252,25.1,18.72,0.0,0.0,26.51,287.8,0.5,13,100700.0,9999999
48698,0,7253,25.0,18.84,0.0,0.0,26.51,288.72,0.5,15,100800.0,9999999
48698,0,7254,25.0,18.84,1.0,1.0,26.51,289.45,0.0,0,100800.0,9999999
48698,0,7255,25.0,19.91,53.0,53.0,26.51,290.18,0.0,0,100800.0,9999999
48698,0,7256,26.3,20.03,214.0,177.0,26.51,291.43,0.5,16,100900.0,9999999
48698,0,7257,27.6,20.15,385.0,310.0,26.51,292.85,1.0,16,100900.0,9999999
48698,0,7258,28.9,20.27,526.0,425.0,26.51,294.07,1.5,16,101000.0,9999999
48698,0,7259,28.4,20.03,623.0,439.0,26.51,293.55,1.5,16,100900.0,9999999
48698,0,7260,27.8,19.78,668.0,472.0,26.51,292.85,1.5,16,100900.0,9999999
48698,0,7261,27.3,19.54,657.0,463.0,26.51,292.32,1.5,5,100800.0,9999999
48698,0,7262,27.6,20.4,493.0,415.0,26.51,293.37,1.5,5,100800.0,9999999
48698,0,7263,28.0,21.29,299.0,285.0,26.51,293.89,1.5,8,100800.0,9999999
48698,0,7264,24.8,18.95,120.0,120.0,26.51,291.07,0.0,0,100700.0,9999999
48698,0,7265,24.7,18.95,54.0,54.0,26.51,290.36,0.2,16,100800.0,9999999
48698,0,7266,24.6,19.07,5.0,5.0,26.51,289.09,0.3,16,100800.0,9999999
48698,0,7267,24.5,19.07,0.0,0.0,26.51,287.24,0.5,14,100800.0,9999999
48698,0,7268,24.5,19.19,0.0,0.0,26.51,287.24,0.3,14,100900.0,9999999
48698,0,7269,24.5,19.3,0.0,0.0,26.51,287.43,0.2,14,101000.0,9999999
48698,0,7270,24.5,19.42,0.0,0.0,26.51,287.43,0.0,0,101000.0,9999999
48698,0,7271,24.6,19.42,0.0,0.0,26.51,287.43,0.2,16,101000.0,9999999
48698,0,7272,24.7,19.3,0.0,0.0,26.51,287.62,0.3,16,101000.0,9999999
48698,0,7273,24.8,19.3,0.0,0.0,26.51,287.62,0.5,13,100900.0,9999999
48698,0,7274,24.8,19.19,0.0,0.0,26.51,288.54,0.3,13,100900.0,9999999
48698,0,7275,24.8,19.19,0.0,0.0,26.51,288.54,0.2,13,100800.0,9999999
48698,0,7276,24.8,19.07,0.0,0.0,26.51,289.27,0.0,0,100700.0,9999999
48698,0,7277,24.7,19.07,0.0,0.0,26.51,289.81,0.3,16,100800.0,9999999
48698,0,7278,24.6,19.07,1.0,1.0,26.51,289.63,0.7,16,100800.0,9999999
48698,0,7279,24.5,19.07,53.0,53.0,26.51,290.18,1.0,13,100900.0,9999999
48698,0,7280,26.2,19.54,214.0,176.0,26.51,291.79,1.0,13,100900.0,9999999
48698,0,7281,27.8,19.91,384.0,310.0,26.51,292.85,1.0,13,100900.0,9999999
48698,0,7282,29.5,20.4,525.0,424.0,26.51,294.76,1.0,11,100900.0,9999999
48698,0,7283,29.7,19.66,623.0,438.0,26.51,295.27,1.2,11,100900.0,9999999
48698,0,7284,30.0,18.84,668.0,471.0,26.51,295.44,1.5,4,100900.0,9999999
48698,0,7285,30.0,19.19,656.0,462.0,26.51,296.13,1.5,13,100800.0,9999999
48698,0,7286,29.7,19.19,590.0,490.0,26.51,295.27,1.5,13,100700.0,9999999
48698,0,7287,29.4,19.3,473.0,410.0,26.51,294.93,1.5,13,100700.0,9999999
48698,0,7288,29.1,19.3,317.0,260.0,26.51,294.07,1.5,1,100700.0,9999999
48698,0,7289,28.2,19.78,143.0,125.0,26.51,292.67,1.0,1,100700.0,9999999
48698,0,7290,27.0,20.15,14.0,14.0,26.51,290.89,0.5,1,100800.0,9999999
48698,0,7291,26.6,20.03,0.0,0.0,26.51,289.45,0.0,0,100800.0,9999999
48698,0,7292,26.3,19.78,0.0,0.0,26.51,289.27,0.0,0,100900.0,9999999
48698,0,7293,26.0,19.66,0.0,0.0,26.51,288.9,0.0,0,100900.0,9999999
48698,0,7294,25.9,19.54,0.0,0.0,26.51,288.72,0.0,0,100900.0,9999999
48698,0,7295,25.9,19.66,0.0,0.0,26.51,288.72,0.0,0,100900.0,9999999
48698,0,7296,26.0,19.78,0.0,0.0,26.68,288.9,0.0,0,101000.0,9999999
48698,0,7297,26.1,20.03,0.0,0.0,26.68,289.09,0.0,0,100900.0,9999999
48698,0,7298,26.1,20.15,0.0,0.0,26.68,289.09,0.2,16,100900.0,9999999
48698,0,7299,26.0,20.15,0.0,0.0,26.68,288.9,0.3,16,100900.0,9999999
48698,0,7300,25.9,20.15,0.0,0.0,26.68,288.9,0.5,13,100900.0,9999999
48698,0,7301,25.8,20.03,0.0,0.0,26.68,288.72,0.0,0,100900.0,9999999
48698,0,7302,26.0,20.03,1.0,1.0,26.68,288.9,0.5,14,100900.0,9999999
48698,0,7303,26.5,20.15,55.0,55.0,26.68,289.45,0.0,0,100900.0,9999999
48698,0,7304,28.2,20.03,217.0,177.0,26.68,292.85,0.5,16,101000.0,9999999
48698,0,7305,30.0,20.03,387.0,310.0,26.68,295.61,1.0,15,101100.0,9999999
48698,0,7306,29.6,19.91,528.0,424.0,26.68,295.96,2.1,15,101100.0,9999999
48698,0,7307,26.8,19.42,624.0,437.0,26.68,292.49,3.4,15,101100.0,9999999
48698,0,7308,24.0,18.84,668.0,470.0,26.68,289.63,4.6,4,101000.0,9999999
48698,0,7309,24.2,18.72,657.0,461.0,26.68,289.27,3.4,4,101000.0,9999999
48698,0,7310,24.4,18.61,591.0,490.0,26.68,288.72,2.3,4,100900.0,9999999
48698,0,7311,24.6,18.49,475.0,411.0,26.68,288.35,1.2,4,100800.0,9999999
48698,0,7312,24.8,18.38,320.0,261.0,26.68,287.43,0.0,0,100800.0,9999999
48698,0,7313,24.9,18.61,122.0,117.0,26.68,287.62,0.0,0,100900.0,9999999
48698,0,7314,25.0,18.84,9.0,9.0,26.68,287.8,0.0,0,100900.0,9999999
48698,0,7315,24.4,18.49,0.0,0.0,26.68,287.06,0.0,0,101000.0,9999999
48698,0,7316,24.6,18.61,0.0,0.0,26.68,287.24,0.5,16,101000.0,9999999
48698,0,7317,24.9,18.84,0.0,0.0,26.68,287.62,1.0,16,101100.0,9999999
48698,0,7318,25.1,18.95,0.0,0.0,26.68,287.8,1.5,16,101100.0,9999999
48698,0,7319,25.0,18.95,0.0,0.0,26.68,287.8,1.2,16,101100.0,9999999
48698,0,7320,25.0,18.84,0.0,0.0,26.68,287.8,0.8,16,101000.0,9999999
48698,0,7321,24.9,18.84,0.0,0.0,26.68,287.62,0.5,14,100900.0,9999999
48698,0,7322,24.6,18.84,0.0,0.0,26.68,287.43,0.3,14,100900.0,9999999
48698,0,7323,24.3,18.72,0.0,0.0,26.68,287.06,0.2,14,100900.0,9999999
48698,0,7324,24.0,18.72,0.0,0.0,26.68,286.68,0.0,0,100800.0,9999999
48698,0,7325,24.3,18.95,0.0,0.0,26.68,287.99,0.3,16,100900.0,9999999
48698,0,7326,24.5,19.19,1.0,1.0,26.68,288.35,0.7,16,100900.0,9999999
48698,0,7327,24.8,19.42,55.0,55.0,26.68,288.72,1.0,13,100900.0,9999999
48698,0,7328,26.6,19.66,217.0,177.0,26.68,291.79,1.5,13,101000.0,9999999
48698,0,7329,28.5,19.91,387.0,310.0,26.68,294.24,2.1,13,101100.0,9999999
48698,0,7330,30.3,20.15,527.0,423.0,26.68,296.63,2.6,1,101100.0,9999999
48698,0,7331,26.0,17.71,625.0,436.0,26.68,291.25,4.6,1,101100.0,9999999
48698,0,7332,26.8,18.61,668.0,469.0,26.68,292.32,3.4,1,101100.0,9999999
48698,0,7333,27.7,19.54,656.0,460.0,26.68,292.85,2.1,1,101000.0,9999999
48698,0,7334,28.3,19.19,590.0,489.0,26.68,293.37,2.1,1,100900.0,9999999
48698,0,7335,29.0,18.84,475.0,410.0,26.68,294.41,2.1,16,100800.0,9999999
48698,0,7336,28.6,19.54,319.0,260.0,26.68,294.24,2.1,16,100800.0,9999999
48698,0,7337,27.0,20.03,146.0,128.0,26.68,292.67,0.0,0,100900.0,9999999
48698,0,7338,26.3,19.78,15.0,15.0,26.68,291.43,0.0,0,100900.0,9999999
48698,0,7339,25.6,19.54,0.0,0.0,26.68,290.72,0.0,0,101000.0,9999999
48698,0,7340,25.5,19.54,0.0,0.0,26.68,289.99,0.0,0,101000.0,9999999
48698,0,7341,25.5,19.66,0.0,0.0,26.68,289.45,0.0,0,101100.0,9999999
48698,0,7342,25.4,19.66,0.0,0.0,26.68,288.35,0.0,0,101200.0,9999999
48698,0,7343,25.0,18.84,0.0,0.0,26.68,287.8,0.0,0,101100.0,9999999
48698,0,7344,25.0,18.72,0.0,0.0,26.68,287.8,0.2,16,101100.0,9999999
48698,0,7345,25.0,18.61,0.0,0.0,26.68,287.8,0.5,14,101000.0,9999999
48698,0,7346,24.8,18.61,0.0,0.0,26.68,287.43,0.3,14,100900.0,9999999
48698,0,7347,24.7,18.61,0.0,0.0,26.68,287.43,0.2,14,100900.0,9999999
48698,0,7348,24.5,18.61,0.0,0.0,26.68,287.24,0.0,0,100900.0,9999999
48698,0,7349,24.7,18.84,0.0,0.0,26.68,288.35,0.0,0,100900.0,9999999
48698,0,7350,24.8,19.07,1.0,1.0,26.68,288.54,0.0,0,101000.0,9999999
48698,0,7351,25.0,19.3,55.0,55.0,26.68,288.72,0.0,0,101000.0,9999999
48698,0,7352,26.1,19.19,217.0,176.0,26.68,290.54,0.2,16,101100.0,9999999
48698,0,7353,27.2,19.19,386.0,309.0,26.68,292.14,0.3,16,101100.0,9999999
48698,0,7354,28.3,19.07,527.0,423.0,26.68,293.89,0.5,2,101100.0,9999999
48698,0,7355,29.0,18.72,623.0,517.0,26.68,294.41,1.9,2,101100.0,9999999
48698,0,7356,29.8,18.26,667.0,468.0,26.68,295.1,3.2,2,101000.0,9999999
48698,0,7357,30.5,17.93,656.0,459.0,26.68,295.79,4.6,4,100900.0,9999999
48698,0,7358,28.0,18.84,493.0,413.0,26.68,293.55,3.1,2,100900.0,9999999
48698,0,7359,27.9,19.3,299.0,285.0,26.68,294.07,2.8,2,100800.0,9999999
48698,0,7360,27.9,19.78,121.0,121.0,26.68,294.24,2.6,4,100800.0,9999999
48698,0,7361,26.9,19.66,92.0,92.0,26.68,292.49,1.9,4,100900.0,9999999
48698,0,7362,26.0,19.42,12.0,12.0,26.68,291.07,1.2,4,100900.0,9999999
48698,0,7363,25.0,19.3,0.0,0.0,26.68,288.72,0.5,14,101000.0,9999999
48698,0,7364,25.0,19.19,0.0,0.0,26.68,289.45,0.5,14,101100.0,9999999
48698,0,7365,24.9,19.19,0.0,0.0,26.68,289.45,0.5,14,101200.0,9999999
48698,0,7366,24.9,19.07,0.0,0.0,26.68,289.99,0.5,13,101200.0,9999999
48698,0,7367,25.0,18.84,0.0,0.0,26.68,289.45,1.5,14,101100.0,9999999
48698,0,7368,24.9,18.49,0.0,0.0,26.68,288.54,1.2,14,101100.0,9999999
48698,0,7369,24.9,18.15,0.0,0.0,26.68,287.62,1.0,13,101100.0,9999999
48698,0,7370,25.0,18.84,0.0,0.0,26.68,287.8,0.5,14,101000.0,9999999
48698,0,7371,24.9,18.61,0.0,0.0,26.68,287.62,0.5,14,101000.0,9999999
48698,0,7372,24.9,18.38,0.0,0.0,26.68,287.62,0.5,14,101000.0,9999999
48698,0,7373,25.0,18.84,0.0,0.0,26.68,288.72,1.0,14,100900.0,9999999
48698,0,7374,25.0,18.84,1.0,1.0,26.68,288.72,0.5,12,101000.0,9999999
48698,0,7375,24.8,18.72,55.0,55.0,26.68,288.54,0.0,0,101100.0,9999999
48698,0,7376,25.0,18.84,216.0,176.0,26.68,288.72,0.0,0,101100.0,9999999
48698,0,7377,26.9,19.07,386.0,309.0,26.68,290.54,1.3,16,101200.0,9999999
48698,0,7378,28.8,19.3,526.0,422.0,26.68,291.43,2.6,1,101200.0,9999999
48698,0,7379,29.4,19.66,621.0,516.0,26.68,293.2,2.6,1,101100.0,9999999
48698,0,7380,30.0,20.03,665.0,468.0,26.68,294.59,2.6,1,101000.0,9999999
48698,0,7381,29.5,18.95,654.0,459.0,26.68,294.41,3.6,1,100900.0,9999999
48698,0,7382,29.4,19.19,588.0,488.0,26.68,293.72,3.9,1,100900.0,9999999
48698,0,7383,29.2,19.3,473.0,409.0,26.68,293.55,4.3,1,100900.0,9999999
48698,0,7384,29.1,19.54,318.0,259.0,26.68,292.85,4.6,1,100800.0,9999999
48698,0,7385,28.4,19.42,145.0,128.0,26.68,292.14,4.3,1,100900.0,9999999
48698,0,7386,27.8,19.19,15.0,15.0,26.68,291.43,3.9,1,100900.0,9999999
48698,0,7387,27.1,19.07,0.0,0.0,26.68,290.72,3.6,1,100900.0,9999999
48698,0,7388,26.6,19.07,0.0,0.0,26.68,290.36,2.5,1,101000.0,9999999
48698,0,7389,26.1,19.07,0.0,0.0,26.68,289.81,1.5,15,101100.0,9999999
48698,0,7390,26.1,19.07,0.0,0.0,26.68,289.81,1.5,15,101100.0,9999999
48698,0,7391,25.9,19.19,0.0,0.0,26.68,290.36,1.2,15,101100.0,9999999
48698,0,7392,25.7,19.19,0.0,0.0,26.68,290.18,0.8,15,101000.0,9999999
48698,0,7393,25.5,19.3,0.0,0.0,26.68,290.54,0.5,15,101000.0,9999999
48698,0,7394,25.4,19.07,0.0,0.0,26.68,289.81,0.5,15,101000.0,9999999
48698,0,7395,25.2,18.95,0.0,0.0,26.68,288.9,0.5,15,100900.0,9999999
48698,0,7396,25.1,18.72,0.0,0.0,26.68,287.8,0.5,14,100900.0,9999999
48698,0,7397,25.2,18.84,0.0,0.0,26.68,288.9,0.8,14,101000.0,9999999
48698,0,7398,25.3,19.07,1.0,1.0,26.68,289.81,1.2,14,101000.0,9999999
48698,0,7399,25.4,19.19,55.0,55.0,26.68,290.54,1.5,15,101000.0,9999999
48698,0,7400,26.1,19.54,215.0,176.0,26.68,291.79,1.0,15,101100.0,9999999
48698,0,7401,26.8,19.91,384.0,308.0,26.68,293.2,0.5,14,101100.0,9999999
48698,0,7402,27.5,20.27,524.0,421.0,26.68,294.76,0.5,15,101100.0,9999999
48698,0,7403,27.0,20.03,620.0,515.0,26.68,294.24,0.0,0,101100.0,9999999
48698,0,7404,26.0,20.03,664.0,467.0,26.68,293.2,1.5,8,101000.0,9999999
48698,0,7405,26.5,20.15,652.0,458.0,26.68,292.85,0.0,0,100900.0,9999999
48698,0,7406,26.5,19.91,491.0,412.0,26.68,292.85,0.3,16,100900.0,9999999
48698,0,7407,26.4,19.54,298.0,284.0,26.68,292.14,0.7,16,100800.0,9999999
48698,0,7408,26.4,19.3,121.0,121.0,26.68,291.96,1.0,15,100700.0,9999999
48698,0,7409,25.9,18.84,55.0,55.0,26.68,290.89,1.5,15,100800.0,9999999
48698,0,7410,25.3,18.49,6.0,6.0,26.68,288.9,2.1,15,100800.0,9999999
48698,0,7411,24.8,18.04,0.0,0.0,26.68,287.43,2.6,16,100900.0,9999999
48698,0,7412,24.0,18.84,0.0,0.0,26.68,286.87,2.1,16,100900.0,9999999
48698,0,7413,24.2,18.72,0.0,0.0,26.68,286.87,1.5,16,101000.0,9999999
48698,0,7414,24.4,18.49,0.0,0.0,26.68,287.06,1.0,15,101000.0,9999999
48698,0,7415,24.5,18.49,0.0,0.0,26.68,287.24,0.7,15,101000.0,9999999
48698,0,7416,24.6,18.49,0.0,0.0,26.68,287.24,0.3,15,100900.0,9999999
48698,0,7417,24.7,18.49,0.0,0.0,26.68,287.43,0.0,0,100900.0,9999999
48698,0,7418,24.8,18.49,0.0,0.0,26.68,287.43,0.2,16,100900.0,9999999
48698,0,7419,25.0,18.61,0.0,0.0,26.68,287.8,0.3,16,100800.0,9999999
48698,0,7420,25.1,18.61,0.0,0.0,26.68,287.8,0.5,14,100800.0,9999999
48698,0,7421,25.2,18.72,0.0,0.0,26.68,287.99,0.5,14,100800.0,9999999
48698,0,7422,25.4,18.84,1.0,1.0,26.68,288.17,0.5,14,100800.0,9999999
48698,0,7423,25.5,18.95,54.0,54.0,26.68,288.17,0.5,14,100900.0,9999999
48698,0,7424,27.2,19.54,215.0,175.0,26.68,291.07,1.0,14,100900.0,9999999
48698,0,7425,29.0,20.03,383.0,307.0,26.68,292.85,1.5,1,100900.0,9999999
48698,0,7426,31.4,20.52,523.0,420.0,26.68,295.27,2.6,4,101000.0,9999999
48698,0,7427,30.0,20.03,619.0,514.0,26.68,295.1,1.5,16,100900.0,9999999
48698,0,7428,29.8,19.78,663.0,466.0,26.68,296.13,2.0,16,100900.0,9999999
48698,0,7429,29.7,19.42,652.0,457.0,26.68,296.8,2.6,6,100800.0,9999999
48698,0,7430,28.5,19.42,586.0,486.0,26.68,295.61,2.2,6,100700.0,9999999
48698,0,7431,27.3,19.42,472.0,408.0,26.68,294.41,1.9,6,100700.0,9999999
48698,0,7432,26.1,19.42,317.0,259.0,26.68,293.2,1.5,13,100600.0,9999999
48698,0,7433,26.3,19.54,145.0,128.0,26.68,291.96,1.3,13,100700.0,9999999
48698,0,7434,26.4,19.78,15.0,15.0,26.68,290.89,1.2,13,100700.0,9999999
48698,0,7435,26.6,19.91,0.0,0.0,26.68,289.45,1.0,15,100800.0,9999999
48698,0,7436,26.3,19.66,0.0,0.0,26.68,289.09,1.2,15,100800.0,9999999
48698,0,7437,26.0,19.42,0.0,0.0,26.68,288.9,1.3,15,100900.0,9999999
48698,0,7438,25.7,19.19,0.0,0.0,26.68,288.54,1.5,15,100900.0,9999999
48698,0,7439,25.6,19.19,0.0,0.0,26.68,289.45,1.3,15,100900.0,9999999
48698,0,7440,25.6,19.3,0.0,0.0,26.68,290.18,1.2,15,100900.0,9999999
48698,0,7441,25.5,19.3,0.0,0.0,26.68,290.54,1.0,14,100900.0,9999999
48698,0,7442,25.0,18.84,0.0,0.0,26.68,289.45,1.0,15,100800.0,9999999
48698,0,7443,24.9,18.84,0.0,0.0,26.68,288.54,1.0,15,100800.0,9999999
48698,0,7444,24.9,18.72,0.0,0.0,26.68,287.62,1.0,16,100700.0,9999999
48698,0,7445,24.9,18.84,0.0,0.0,26.68,288.54,0.7,16,100800.0,9999999
48698,0,7446,25.0,18.84,1.0,1.0,26.68,288.72,0.5,14,100800.0,9999999
48698,0,7447,25.7,18.95,54.0,54.0,26.68,289.45,0.5,15,100800.0,9999999
48698,0,7448,26.8,19.19,214.0,175.0,26.68,291.25,0.7,15,100900.0,9999999
48698,0,7449,27.9,19.54,383.0,307.0,26.68,292.32,0.8,15,100900.0,9999999
48698,0,7450,29.0,19.78,522.0,420.0,26.68,294.07,1.0,16,101000.0,9999999
48698,0,7451,28.0,18.84,518.0,434.0,26.68,292.85,7.2,3,100900.0,9999999
48698,0,7452,25.0,18.84,419.0,393.0,26.68,289.99,3.1,2,100900.0,9999999
48698,0,7453,25.0,18.61,247.0,238.0,26.68,289.99,2.1,2,100900.0,9999999
48698,0,7454,25.2,18.95,222.0,218.0,26.68,289.63,2.1,2,100900.0,9999999
48698,0,7455,25.5,19.3,179.0,178.0,26.68,289.99,2.1,2,100800.0,9999999
48698,0,7456,25.7,19.66,120.0,120.0,26.68,289.63,2.1,2,100800.0,9999999
48698,0,7457,26.0,20.03,55.0,55.0,26.68,289.99,2.1,16,100800.0,9999999
48698,0,7458,25.0,18.84,6.0,6.0,26.68,288.72,1.5,16,100800.0,9999999
48698,0,7459,25.0,18.49,0.0,0.0,26.68,287.62,0.5,15,100800.0,9999999
48698,0,7460,25.0,18.72,0.0,0.0,26.68,287.8,0.5,15,100900.0,9999999
48698,0,7461,25.0,19.07,0.0,0.0,26.68,287.8,0.5,15,101000.0,9999999
48698,0,7462,25.0,19.3,0.0,0.0,26.68,287.8,0.5,16,101000.0,9999999
48698,0,7463,24.9,19.3,0.0,0.0,26.68,287.8,0.3,16,101000.0,9999999
48698,0,7464,24.8,19.19,0.0,0.0,26.68,287.62,0.2,16,101000.0,9999999
48698,0,7465,24.7,19.19,0.0,0.0,26.68,287.62,0.0,0,100900.0,9999999
48698,0,7466,24.6,19.07,0.0,0.0,26.68,287.43,0.1,16,100900.0,9999999
48698,0,7467,24.4,19.07,0.0,0.0,26.68,287.24,0.2,16,100900.0,9999999
48698,0,7468,24.3,18.95,0.0,0.0,26.68,287.06,0.3,16,100900.0,9999999
48698,0,7469,24.1,18.95,0.0,0.0,26.68,286.87,0.4,16,100900.0,9999999
48698,0,7470,24.0,18.84,1.0,1.0,26.68,286.87,0.5,14,100900.0,9999999
48698,0,7471,25.0,18.61,70.0,62.0,26.68,287.8,1.5,14,100900.0,9999999
48698,0,7472,27.0,20.03,263.0,172.0,26.68,290.89,2.1,16,100900.0,9999999
48698,0,7473,28.3,19.78,431.0,350.0,26.68,293.37,3.1,16,100900.0,9999999
48698,0,7474,29.7,19.66,522.0,377.0,26.68,295.27,4.1,1,101000.0,9999999
48698,0,7475,29.6,19.66,617.0,513.0,26.68,295.27,3.2,1,100900.0,9999999
48698,0,7476,29.5,19.66,661.0,464.0,26.68,295.79,2.4,1,100800.0,9999999
48698,0,7477,29.4,19.66,650.0,456.0,26.68,295.61,1.5,6,100800.0,9999999
48698,0,7478,27.0,20.03,584.0,485.0,26.68,292.67,0.5,3,100700.0,9999999
48698,0,7479,26.0,20.03,470.0,406.0,26.68,291.79,2.1,16,100700.0,9999999
48698,0,7480,26.1,20.03,316.0,258.0,26.68,291.25,1.7,16,100700.0,9999999
48698,0,7481,26.2,20.03,145.0,127.0,26.68,290.89,1.3,16,100700.0,9999999
48698,0,7482,26.4,20.03,15.0,15.0,26.68,290.36,0.9,16,100700.0,9999999
48698,0,7483,26.5,20.03,0.0,0.0,26.68,289.45,0.5,16,100800.0,9999999
48698,0,7484,26.2,19.91,0.0,0.0,26.68,289.09,0.7,16,100800.0,9999999
48698,0,7485,25.8,19.91,0.0,0.0,26.68,288.72,0.8,16,100900.0,9999999
48698,0,7486,25.5,19.78,0.0,0.0,26.68,288.35,1.0,14,101000.0,9999999
48698,0,7487,25.2,19.91,0.0,0.0,26.68,289.09,0.5,14,100900.0,9999999
48698,0,7488,25.0,20.03,0.0,0.0,26.68,290.18,0.0,0,100900.0,9999999
48698,0,7489,25.8,19.3,0.0,0.0,26.68,291.43,0.5,14,100800.0,9999999
48698,0,7490,25.4,19.66,0.0,0.0,26.68,291.07,0.5,14,100800.0,9999999
48698,0,7491,25.0,20.03,0.0,0.0,26.68,290.18,0.5,14,100800.0,9999999
48698,0,7492,24.9,19.54,0.0,0.0,26.68,289.99,0.5,11,100700.0,9999999
48698,0,7493,24.9,19.78,0.0,0.0,26.68,290.72,0.7,11,100700.0,9999999
48698,0,7494,25.0,20.03,1.0,1.0,26.68,290.72,1.0,13,100800.0,9999999
48698,0,7495,25.7,20.4,53.0,53.0,26.68,292.14,0.0,0,100900.0,9999999
48698,0,7496,24.0,17.71,178.0,160.0,26.68,290.89,1.0,10,100900.0,9999999
48698,0,7497,24.4,18.38,241.0,231.0,26.68,291.43,1.8,10,101000.0,9999999
48698,0,7498,24.8,19.07,198.0,195.0,26.68,291.96,2.6,16,101100.0,9999999
48698,0,7499,24.9,19.54,234.0,229.0,26.68,292.14,1.8,16,101000.0,9999999
48698,0,7500,25.0,20.03,250.0,245.0,26.68,292.32,1.0,14,100900.0,9999999
48698,0,7501,26.0,20.03,246.0,241.0,26.68,292.32,3.1,1,100800.0,9999999
48698,0,7502,26.5,19.66,369.0,345.0,26.68,292.14,2.4,1,100800.0,9999999
48698,0,7503,27.0,19.3,393.0,338.0,26.68,292.67,1.7,1,100800.0,9999999
48698,0,7504,27.5,18.95,316.0,253.0,26.68,292.49,1.0,4,100700.0,9999999
48698,0,7505,26.9,19.19,145.0,127.0,26.68,291.43,1.0,4,100800.0,9999999
48698,0,7506,26.3,19.3,15.0,15.0,26.68,289.99,1.0,4,100800.0,9999999
48698,0,7507,25.7,19.54,0.0,0.0,26.68,288.54,1.0,16,100900.0,9999999
48698,0,7508,25.8,19.78,0.0,0.0,26.68,288.72,1.0,16,101000.0,9999999
48698,0,7509,26.0,20.03,0.0,0.0,26.68,288.9,1.0,16,101000.0,9999999
48698,0,7510,25.7,19.66,0.0,0.0,26.68,288.54,0.9,16,101000.0,9999999
48698,0,7511,25.4,19.42,0.0,0.0,26.68,288.17,0.7,16,101000.0,9999999
48698,0,7512,25.2,19.07,0.0,0.0,26.68,287.99,0.6,16,101000.0,9999999
48698,0,7513,24.9,18.72,0.0,0.0,26.68,287.62,0.5,14,101000.0,9999999
48698,0,7514,24.9,18.84,0.0,0.0,26.68,287.62,0.7,14,100900.0,9999999
48698,0,7515,25.0,18.84,0.0,0.0,26.68,287.8,1.0,16,100800.0,9999999
48698,0,7516,24.2,18.72,0.0,0.0,26.68,286.87,0.0,0,100800.0,9999999
48698,0,7517,24.6,18.84,0.0,0.0,26.68,288.35,0.2,16,100800.0,9999999
48698,0,7518,25.0,18.84,1.0,1.0,26.68,289.99,0.5,14,100900.0,9999999
48698,0,7519,25.4,19.3,53.0,53.0,26.68,291.07,2.1,13,100900.0,9999999
48698,0,7520,27.0,20.03,212.0,173.0,26.68,292.67,1.5,15,101000.0,9999999
48698,0,7521,26.8,20.15,380.0,305.0,26.68,292.49,2.0,15,101000.0,9999999
48698,0,7522,26.6,20.4,519.0,417.0,26.68,292.32,2.6,1,101000.0,9999999
48698,0,7523,26.1,20.15,514.0,432.0,26.68,291.79,2.2,1,101000.0,9999999
48698,0,7524,25.6,19.91,416.0,391.0,26.68,291.25,1.9,1,100900.0,9999999
48698,0,7525,25.1,19.66,246.0,237.0,26.68,290.89,1.5,15,100900.0,9999999
48698,0,7526,26.0,20.03,368.0,345.0,26.68,291.79,2.6,2,100800.0,9999999
48698,0,7527,26.1,20.03,392.0,337.0,26.68,291.25,1.5,2,100700.0,9999999
48698,0,7528,26.2,20.15,316.0,252.0,26.68,291.43,0.5,15,100700.0,9999999
48698,0,7529,25.0,20.03,133.0,121.0,26.68,290.18,1.5,15,100800.0,9999999
48698,0,7530,25.0,18.84,13.0,13.0,26.68,289.45,1.5,16,100900.0,9999999
48698,0,7531,25.0,18.84,0.0,0.0,26.68,289.45,1.0,16,100900.0,9999999
48698,0,7532,25.0,18.84,0.0,0.0,26.68,289.45,0.5,16,101000.0,9999999
48698,0,7533,25.0,18.84,0.0,0.0,26.68,289.45,0.0,0,101000.0,9999999
48698,0,7534,24.6,19.42,0.0,0.0,26.68,288.54,0.0,0,101000.0,9999999
48698,0,7535,24.8,19.78,0.0,0.0,26.68,288.72,0.2,16,100900.0,9999999
48698,0,7536,25.0,20.03,0.0,0.0,26.68,288.9,0.5,14,100900.0,9999999
48698,0,7537,24.6,19.42,0.0,0.0,26.68,287.43,0.0,0,100800.0,9999999
48698,0,7538,24.4,19.19,0.0,0.0,26.68,288.17,0.3,16,100800.0,9999999
48698,0,7539,24.3,19.07,0.0,0.0,26.68,288.17,0.7,16,100700.0,9999999
48698,0,7540,24.1,18.84,0.0,0.0,26.68,287.8,1.0,12,100700.0,9999999
48698,0,7541,24.0,18.84,0.0,0.0,26.68,287.8,0.0,0,100800.0,9999999
48698,0,7542,24.0,18.84,1.0,1.0,26.68,287.8,0.0,0,100800.0,9999999
48698,0,7543,25.0,19.91,52.0,52.0,26.68,287.99,0.0,0,100800.0,9999999
48698,0,7544,26.5,20.27,211.0,173.0,26.68,290.36,1.0,16,100800.0,9999999
48698,0,7545,27.9,20.65,378.0,304.0,26.68,292.49,2.1,16,100800.0,9999999
48698,0,7546,29.4,21.03,517.0,416.0,26.68,294.76,3.1,2,100900.0,9999999
48698,0,7547,29.4,20.78,613.0,509.0,26.68,294.59,2.9,2,100800.0,9999999
48698,0,7548,29.4,20.52,657.0,462.0,26.68,295.1,2.8,2,100700.0,9999999
48698,0,7549,29.4,20.27,647.0,454.0,26.68,295.1,2.6,16,100600.0,9999999
48698,0,7550,29.6,19.91,582.0,483.0,26.68,294.76,3.4,16,100600.0,9999999
48698,0,7551,29.9,19.66,469.0,405.0,26.68,294.41,4.3,16,100500.0,9999999
48698,0,7552,30.1,19.3,316.0,257.0,26.68,293.72,5.1,2,100500.0,9999999
48698,0,7553,30.0,20.03,144.0,127.0,26.68,293.72,3.6,1,100500.0,9999999
48698,0,7554,29.0,20.03,15.0,15.0,26.68,292.85,3.6,2,100600.0,9999999
48698,0,7555,27.9,20.27,0.0,0.0,26.68,291.79,1.0,16,100600.0,9999999
48698,0,7556,28.0,20.03,0.0,0.0,26.68,293.2,3.6,1,100800.0,9999999
48698,0,7557,27.0,20.03,0.0,0.0,26.68,293.37,0.0,0,100900.0,9999999
48698,0,7558,26.2,20.52,0.0,0.0,26.68,293.55,2.1,16,100900.0,9999999
48698,0,7559,24.0,18.84,0.0,0.0,26.68,291.07,3.1,7,100900.0,9999999
48698,0,7560,24.0,18.84,0.0,0.0,26.68,291.07,2.6,8,100900.0,9999999
48698,0,7561,23.6,18.38,0.0,0.0,26.68,289.81,3.1,13,100800.0,9999999
48698,0,7562,23.4,18.15,0.0,0.0,26.68,289.45,2.2,13,100800.0,9999999
48698,0,7563,23.2,17.93,0.0,0.0,26.68,288.54,1.4,13,100700.0,9999999
48698,0,7564,23.0,17.71,0.0,0.0,26.68,288.35,0.5,13,100700.0,9999999
48698,0,7565,23.1,17.71,0.0,0.0,26.68,287.99,0.7,13,100700.0,9999999
48698,0,7566,23.1,17.6,1.0,1.0,26.68,286.68,0.8,13,100700.0,9999999
48698,0,7567,23.2,17.6,52.0,52.0,26.68,285.74,1.0,15,100700.0,9999999
48698,0,7568,24.0,17.71,211.0,172.0,26.68,286.5,1.0,16,100900.0,9999999
48698,0,7569,25.5,17.82,379.0,303.0,26.68,287.99,1.2,16,100800.0,9999999
48698,0,7570,27.0,17.93,519.0,416.0,26.68,289.45,1.5,14,100800.0,9999999
48698,0,7571,27.5,18.61,614.0,509.0,26.68,291.07,1.7,14,100800.0,9999999
48698,0,7572,28.0,19.3,657.0,461.0,26.68,292.49,1.9,14,100700.0,9999999
48698,0,7573,28.5,20.03,646.0,453.0,26.68,293.72,2.1,16,100700.0,9999999
48698,0,7574,28.2,19.42,487.0,408.0,26.68,292.67,2.8,16,100600.0,9999999
48698,0,7575,28.0,18.84,296.0,282.0,26.68,291.61,3.6,16,100600.0,9999999
48698,0,7576,27.0,18.26,120.0,120.0,26.68,289.63,2.6,16,100600.0,9999999
48698,0,7577,26.5,18.61,55.0,55.0,26.68,289.09,2.3,16,100600.0,9999999
48698,0,7578,26.0,18.84,6.0,6.0,26.68,288.72,2.1,16,100700.0,9999999
48698,0,7579,25.6,18.84,0.0,0.0,26.68,288.35,1.5,15,100800.0,9999999
48698,0,7580,25.5,18.72,0.0,0.0,26.68,289.27,1.5,15,100800.0,9999999
48698,0,7581,25.5,18.61,0.0,0.0,26.68,289.81,1.5,15,100900.0,9999999
48698,0,7582,25.4,18.49,0.0,0.0,26.68,290.36,1.5,14,100900.0,9999999
48698,0,7583,25.2,18.72,0.0,0.0,26.68,289.63,1.2,14,100900.0,9999999
48698,0,7584,25.0,18.84,0.0,0.0,26.68,289.45,1.0,15,100900.0,9999999
48698,0,7585,25.0,18.84,0.0,0.0,26.68,288.72,0.5,12,100800.0,9999999
48698,0,7586,24.7,18.72,0.0,0.0,26.68,288.35,0.3,12,100800.0,9999999
48698,0,7587,24.3,18.49,0.0,0.0,26.68,287.99,0.2,12,100700.0,9999999
48698,0,7588,24.0,18.38,0.0,0.0,26.68,286.68,0.0,0,100700.0,9999999
48698,0,7589,24.0,18.04,0.0,0.0,26.68,286.68,0.0,0,100700.0,9999999
48698,0,7590,24.0,17.71,1.0,1.0,26.68,286.5,0.0,0,100800.0,9999999
48698,0,7591,24.6,18.49,51.0,51.0,26.68,287.24,0.0,0,100900.0,9999999
48698,0,7592,26.1,18.84,210.0,171.0,26.68,289.81,0.7,16,100900.0,9999999
48698,0,7593,27.6,19.19,377.0,302.0,26.68,291.25,1.4,16,100900.0,9999999
48698,0,7594,29.1,19.54,516.0,414.0,26.68,292.85,2.1,1,101000.0,9999999
48698,0,7595,30.0,19.19,612.0,508.0,26.68,294.41,2.3,1,100900.0,9999999
48698,0,7596,31.0,18.84,657.0,460.0,26.68,295.27,2.6,1,100800.0,9999999
48698,0,7597,31.5,17.93,647.0,452.0,26.68,296.13,2.1,1,100700.0,9999999
48698,0,7598,31.3,18.04,583.0,482.0,26.68,295.44,3.1,1,100600.0,9999999
48698,0,7599,31.2,18.04,469.0,405.0,26.68,295.27,4.1,1,100500.0,9999999
48698,0,7600,31.0,18.15,316.0,257.0,26.68,294.41,5.1,1,100400.0,9999999
48698,0,7601,30.0,18.61,145.0,127.0,26.68,293.55,4.8,1,100600.0,9999999
48698,0,7602,29.0,19.19,15.0,15.0,26.68,292.67,4.4,1,100700.0,9999999
48698,0,7603,28.0,19.66,0.0,0.0,26.68,291.79,4.1,1,100800.0,9999999
48698,0,7604,27.0,20.03,0.0,0.0,26.68,290.89,2.1,1,100900.0,9999999
48698,0,7605,27.0,19.42,0.0,0.0,26.68,290.72,1.7,1,100900.0,9999999
48698,0,7606,27.0,18.84,0.0,0.0,26.68,289.63,1.3,16,100900.0,9999999
48698,0,7607,26.5,19.07,0.0,0.0,26.68,290.89,0.8,16,100800.0,9999999
48698,0,7608,26.1,19.42,0.0,0.0,26.68,291.79,0.4,16,100800.0,9999999
48698,0,7609,25.6,19.66,0.0,0.0,26.68,291.96,0.0,0,100700.0,9999999
48698,0,7610,26.0,20.03,0.0,0.0,26.68,291.79,0.0,0,100700.0,9999999
48698,0,7611,25.7,19.91,0.0,0.0,26.68,290.36,0.0,0,100700.0,9999999
48698,0,7612,25.4,19.78,0.0,0.0,26.68,288.35,0.0,0,100700.0,9999999
48698,0,7613,25.7,19.91,0.0,0.0,26.68,288.54,0.0,0,100700.0,9999999
48698,0,7614,26.0,20.03,1.0,1.0,26.68,288.9,0.0,0,100700.0,9999999
48698,0,7615,28.2,20.78,51.0,51.0,26.68,291.25,0.0,0,100800.0,9999999
48698,0,7616,28.8,20.52,208.0,171.0,26.68,292.67,0.7,16,100800.0,9999999
48698,0,7617,29.4,20.27,375.0,301.0,26.68,293.2,1.4,16,100800.0,9999999
48698,0,7618,30.0,20.03,515.0,413.0,26.68,294.59,2.1,1,100900.0,9999999
48698,0,7619,31.0,20.03,610.0,507.0,26.68,296.13,2.1,2,100800.0,9999999
48698,0,7620,31.4,19.54,655.0,459.0,26.68,296.3,2.8,2,101000.0,9999999
48698,0,7621,31.9,18.95,645.0,451.0,26.68,297.31,3.6,1,101200.0,9999999
48698,0,7622,31.4,18.95,581.0,481.0,26.68,296.8,3.9,1,100900.0,9999999
48698,0,7623,30.9,18.95,468.0,404.0,26.68,296.3,4.3,1,100700.0,9999999
48698,0,7624,30.4,18.95,315.0,257.0,26.68,295.79,4.6,1,100500.0,9999999
48698,0,7625,29.0,18.84,145.0,128.0,26.68,293.89,4.6,2,100600.0,9999999
48698,0,7626,28.3,19.42,15.0,15.0,26.68,291.96,4.4,2,100600.0,9999999
48698,0,7627,27.7,20.03,0.0,0.0,26.68,290.54,4.1,1,100700.0,9999999
48698,0,7628,28.0,20.03,0.0,0.0,26.68,290.89,2.1,1,100800.0,9999999
48698,0,7629,27.7,20.15,0.0,0.0,26.68,290.54,1.8,1,100800.0,9999999
48698,0,7630,27.4,20.4,0.0,0.0,26.68,290.36,1.5,1,100800.0,9999999
48698,0,7631,27.2,20.15,0.0,0.0,26.68,290.18,1.5,1,100800.0,9999999
48698,0,7632,27.0,20.03,0.0,0.0,26.68,289.81,1.5,16,100800.0,9999999
48698,0,7633,26.5,20.15,0.0,0.0,26.68,289.45,0.5,16,100700.0,9999999
48698,0,7634,26.2,20.03,0.0,0.0,26.68,289.09,0.2,16,100600.0,9999999
48698,0,7635,26.0,20.03,0.0,0.0,26.68,289.99,0.0,0,100600.0,9999999
48698,0,7636,26.1,20.27,0.0,0.0,26.68,289.99,0.4,16,100600.0,9999999
48698,0,7637,26.2,20.65,0.0,0.0,26.68,290.18,0.7,16,100600.0,9999999
48698,0,7638,26.3,20.9,1.0,1.0,26.68,290.36,1.1,16,100600.0,9999999
48698,0,7639,26.4,21.16,66.0,59.0,26.68,290.54,1.5,16,100700.0,9999999
48698,0,7640,28.0,20.03,264.0,165.0,26.68,292.49,2.6,16,100900.0,9999999
48698,0,7641,29.0,20.03,461.0,247.0,26.68,293.55,4.4,16,100900.0,9999999
48698,0,7642,30.0,20.03,608.0,344.0,26.68,295.1,6.2,1,100900.0,9999999
48698,0,7643,29.5,22.08,686.0,428.0,26.68,294.93,4.6,1,100800.0,9999999
48698,0,7644,29.0,24.03,695.0,563.0,26.68,295.27,3.1,16,100800.0,9999999
48698,0,7645,30.4,20.9,643.0,541.0,26.68,296.13,2.6,16,100600.0,9999999
48698,0,7646,30.1,20.27,579.0,480.0,26.68,295.79,2.9,16,100600.0,9999999
48698,0,7647,29.7,19.54,467.0,404.0,26.68,295.27,3.3,16,100600.0,9999999
48698,0,7648,29.4,18.95,315.0,257.0,26.68,294.93,3.6,16,100500.0,9999999
48698,0,7649,28.0,18.84,145.0,128.0,26.68,293.55,2.1,16,100700.0,9999999
48698,0,7650,27.6,19.42,15.0,15.0,26.68,292.67,1.8,16,100700.0,9999999
48698,0,7651,27.3,19.91,0.0,0.0,26.68,292.49,1.5,15,100700.0,9999999
48698,0,7652,27.0,19.66,0.0,0.0,26.68,292.67,1.5,15,100800.0,9999999
48698,0,7653,26.6,19.54,0.0,0.0,26.68,292.32,1.5,15,100900.0,9999999
48698,0,7654,26.3,19.3,0.0,0.0,26.68,292.49,1.5,15,100900.0,9999999
48698,0,7655,25.9,19.19,0.0,0.0,26.68,291.43,1.7,15,100900.0,9999999
48698,0,7656,25.5,19.19,0.0,0.0,26.68,291.07,1.9,15,100900.0,9999999
48698,0,7657,25.1,19.07,0.0,0.0,26.68,290.18,2.1,16,100800.0,9999999
48698,0,7658,25.0,18.84,0.0,0.0,26.68,289.99,2.1,16,100800.0,9999999
48698,0,7659,24.6,18.84,0.0,0.0,26.68,290.18,1.0,16,100700.0,9999999
48698,0,7660,24.2,18.72,0.0,0.0,26.68,289.81,0.0,0,100600.0,9999999
48698,0,7661,24.6,18.84,0.0,0.0,26.68,290.18,0.5,16,100700.0,9999999
48698,0,7662,25.0,18.84,1.0,1.0,26.68,291.25,1.0,15,100800.0,9999999
48698,0,7663,25.0,18.61,50.0,50.0,26.68,291.07,1.0,14,100800.0,9999999
48698,0,7664,26.0,20.03,173.0,156.0,26.68,293.2,1.5,13,100900.0,9999999
48698,0,7665,27.0,20.03,236.0,226.0,26.68,295.44,2.6,14,100900.0,9999999
48698,0,7666,27.5,19.42,195.0,192.0,26.68,297.31,2.6,1,100900.0,9999999
48698,0,7667,27.7,19.66,231.0,226.0,26.68,297.64,3.4,1,100900.0,9999999
48698,0,7668,27.8,19.78,248.0,243.0,26.68,296.13,4.3,1,100800.0,9999999
48698,0,7669,28.0,20.03,244.0,239.0,26.68,296.3,5.1,2,100800.0,9999999
48698,0,7670,27.0,20.03,220.0,216.0,26.68,295.44,3.1,16,100700.0,9999999
48698,0,7671,27.0,19.78,177.0,176.0,26.68,295.27,2.0,16,100600.0,9999999
48698,0,7672,27.0,19.66,119.0,119.0,26.68,294.24,1.0,15,100600.0,9999999
48698,0,7673,26.5,19.54,92.0,92.0,26.68,292.85,1.9,15,100600.0,9999999
48698,0,7674,26.0,19.42,13.0,13.0,26.68,291.07,2.7,15,100700.0,9999999
48698,0,7675,25.5,19.3,0.0,0.0,26.68,289.27,3.6,16,100800.0,9999999
48698,0,7676,25.4,19.19,0.0,0.0,26.68,289.81,2.9,16,100800.0,9999999
48698,0,7677,25.4,19.07,0.0,0.0,26.68,289.81,2.2,16,100900.0,9999999
48698,0,7678,25.3,18.95,0.0,0.0,26.68,290.36,1.5,16,101000.0,9999999
48698,0,7679,25.2,18.95,0.0,0.0,26.68,290.18,1.4,16,100900.0,9999999
48698,0,7680,25.1,18.95,0.0,0.0,26.68,289.63,1.2,16,100900.0,9999999
48698,0,7681,25.1,18.84,0.0,0.0,26.68,289.45,1.1,16,100800.0,9999999
48698,0,7682,25.0,18.84,0.0,0.0,26.68,289.45,1.0,14,100800.0,9999999
48698,0,7683,24.9,18.84,0.0,0.0,26.68,289.27,1.2,14,100700.0,9999999
48698,0,7684,24.9,18.84,0.0,0.0,26.68,288.54,1.5,15,100700.0,9999999
48698,0,7685,25.0,18.84,0.0,0.0,26.68,289.45,1.5,13,100700.0,9999999
48698,0,7686,25.0,18.84,1.0,1.0,26.68,289.45,1.5,14,100800.0,9999999
48698,0,7687,25.4,18.49,49.0,49.0,26.68,290.36,2.1,14,100800.0,9999999
48698,0,7688,26.2,18.84,206.0,169.0,26.68,291.25,2.1,14,100800.0,9999999
48698,0,7689,26.9,19.19,373.0,299.0,26.68,291.96,2.1,14,100900.0,9999999
48698,0,7690,27.7,19.54,511.0,410.0,26.68,292.85,2.1,13,100900.0,9999999
48698,0,7691,26.8,20.4,507.0,426.0,26.68,292.67,1.8,13,100900.0,9999999
48698,0,7692,26.0,21.29,411.0,386.0,26.68,291.96,1.5,14,100900.0,9999999
48698,0,7693,26.6,19.91,243.0,235.0,26.68,293.02,3.1,16,100800.0,9999999
48698,0,7694,26.6,19.66,366.0,342.0,26.68,292.85,2.6,16,100700.0,9999999
48698,0,7695,26.6,19.42,390.0,335.0,26.68,292.85,2.0,16,100700.0,9999999
48698,0,7696,26.6,19.19,315.0,251.0,26.68,292.85,1.5,15,100700.0,9999999
48698,0,7697,26.0,20.03,145.0,128.0,26.68,291.79,0.0,0,100700.0,9999999
48698,0,7698,25.7,19.54,15.0,15.0,26.68,290.89,0.2,16,100700.0,9999999
48698,0,7699,25.4,18.95,0.0,0.0,26.68,289.09,0.5,15,100700.0,9999999
48698,0,7700,25.4,18.95,0.0,0.0,26.68,289.09,0.7,15,100800.0,9999999
48698,0,7701,25.4,18.95,0.0,0.0,26.68,289.09,0.8,15,100800.0,9999999
48698,0,7702,25.4,18.95,0.0,0.0,26.68,288.17,1.0,15,100900.0,9999999
48698,0,7703,25.0,18.84,0.0,0.0,26.68,287.8,2.1,16,100900.0,9999999
48698,0,7704,25.0,18.84,0.0,0.0,26.68,287.8,1.8,16,100800.0,9999999
48698,0,7705,25.0,18.84,0.0,0.0,26.68,287.8,1.5,15,100800.0,9999999
48698,0,7706,24.9,18.84,0.0,0.0,26.68,287.62,1.2,15,100700.0,9999999
48698,0,7707,24.9,18.72,0.0,0.0,26.68,287.62,0.8,15,100700.0,9999999
48698,0,7708,24.8,18.72,0.0,0.0,26.68,287.62,0.5,13,100600.0,9999999
48698,0,7709,24.9,18.95,0.0,0.0,26.68,288.72,0.3,13,100700.0,9999999
48698,0,7710,25.0,19.07,1.0,1.0,26.68,288.72,0.2,13,100700.0,9999999
48698,0,7711,25.1,19.3,49.0,49.0,26.68,288.9,0.0,0,100800.0,9999999
48698,0,7712,25.9,19.42,205.0,168.0,26.68,291.07,0.5,16,100800.0,9999999
48698,0,7713,26.6,19.66,371.0,298.0,26.68,292.85,1.0,16,100900.0,9999999
48698,0,7714,27.4,19.78,510.0,409.0,26.68,294.59,1.5,16,100900.0,9999999
48698,0,7715,28.2,19.91,507.0,425.0,26.68,295.44,2.5,16,100900.0,9999999
48698,0,7716,29.0,20.03,411.0,386.0,26.68,296.13,3.6,1,100800.0,9999999
48698,0,7717,27.8,20.4,243.0,235.0,26.68,294.24,2.1,1,100700.0,9999999
48698,0,7718,27.9,20.15,219.0,216.0,26.68,293.55,2.8,1,100600.0,9999999
48698,0,7719,28.0,20.03,177.0,176.0,26.68,293.2,3.6,2,100600.0,9999999
48698,0,7720,27.1,20.03,119.0,119.0,26.68,290.89,1.5,1,100600.0,9999999
48698,0,7721,27.0,18.84,55.0,55.0,26.68,290.72,1.5,4,100700.0,9999999
48698,0,7722,26.5,19.3,6.0,6.0,26.68,290.18,0.7,4,100700.0,9999999
48698,0,7723,26.1,19.66,0.0,0.0,26.68,289.99,0.0,0,100700.0,9999999
48698,0,7724,26.0,19.66,0.0,0.0,26.68,289.81,0.3,16,100800.0,9999999
48698,0,7725,25.8,19.66,0.0,0.0,26.68,289.63,0.7,16,100900.0,9999999
48698,0,7726,25.7,19.66,0.0,0.0,26.68,288.54,1.0,14,100900.0,9999999
48698,0,7727,26.0,20.03,0.0,0.0,26.68,289.99,0.5,13,100900.0,9999999
48698,0,7728,25.5,19.78,0.0,0.0,26.68,290.18,0.2,13,100900.0,9999999
48698,0,7729,25.0,19.54,0.0,0.0,26.68,290.18,0.0,0,100900.0,9999999
48698,0,7730,25.0,18.84,0.0,0.0,26.68,290.54,0.0,0,100900.0,9999999
48698,0,7731,25.0,18.84,0.0,0.0,26.68,290.54,0.0,0,100700.0,9999999
48698,0,7732,24.6,19.19,0.0,0.0,26.68,290.89,0.0,0,100700.0,9999999
48698,0,7733,25.0,18.84,0.0,0.0,26.68,290.54,0.0,0,100800.0,9999999
48698,0,7734,25.0,19.07,0.0,0.0,26.68,289.45,0.0,0,100800.0,9999999
48698,0,7735,25.0,19.3,48.0,48.0,26.68,287.8,0.0,0,100900.0,9999999
48698,0,7736,26.1,19.54,203.0,167.0,26.68,289.99,0.5,16,100900.0,9999999
48698,0,7737,27.2,19.91,370.0,297.0,26.68,292.32,1.0,16,100900.0,9999999
48698,0,7738,28.3,20.15,508.0,426.0,26.68,294.07,1.5,1,100900.0,9999999
48698,0,7739,28.6,20.03,604.0,501.0,26.68,294.24,2.0,1,100800.0,9999999
48698,0,7740,29.0,20.03,649.0,455.0,26.68,294.76,2.6,5,100800.0,9999999
48698,0,7741,28.8,19.78,640.0,448.0,26.68,294.41,3.6,6,100700.0,9999999
48698,0,7742,29.0,19.07,578.0,479.0,26.68,293.89,3.3,6,100600.0,9999999
48698,0,7743,29.3,18.38,466.0,403.0,26.68,292.85,2.9,6,100600.0,9999999
48698,0,7744,29.5,17.71,316.0,257.0,26.68,291.79,2.6,8,100500.0,9999999
48698,0,7745,29.0,18.84,146.0,128.0,26.68,291.61,0.5,8,100600.0,9999999
48698,0,7746,27.8,18.72,16.0,16.0,26.68,290.36,0.2,8,100600.0,9999999
48698,0,7747,26.6,18.49,0.0,0.0,26.68,289.27,0.0,0,100700.0,9999999
48698,0,7748,26.5,18.95,0.0,0.0,26.68,289.27,0.5,16,100800.0,9999999
48698,0,7749,26.4,19.54,0.0,0.0,26.68,289.27,1.0,16,100800.0,9999999
48698,0,7750,26.3,20.03,0.0,0.0,26.68,289.27,1.5,1,100900.0,9999999
48698,0,7751,26.2,20.15,0.0,0.0,26.68,289.09,1.0,1,100900.0,9999999
48698,0,7752,26.1,20.27,0.0,0.0,26.68,289.09,0.5,1,100800.0,9999999
48698,0,7753,26.0,20.4,0.0,0.0,26.68,289.09,0.0,0,100800.0,9999999
48698,0,7754,25.8,20.15,0.0,0.0,26.68,288.72,0.0,0,100700.0,9999999
48698,0,7755,25.5,19.91,0.0,0.0,26.68,288.35,0.0,0,100700.0,9999999
48698,0,7756,25.3,19.66,0.0,0.0,26.68,288.17,0.0,0,100700.0,9999999
48698,0,7757,25.6,19.91,0.0,0.0,26.68,288.54,0.0,0,100700.0,9999999
48698,0,7758,26.0,20.03,0.0,0.0,26.68,288.9,0.0,0,100700.0,9999999
48698,0,7759,26.3,20.27,47.0,47.0,26.68,289.27,0.0,0,100800.0,9999999
48698,0,7760,27.5,20.52,202.0,166.0,26.68,291.43,0.7,16,100800.0,9999999
48698,0,7761,28.8,20.78,368.0,296.0,26.68,294.07,1.4,16,100800.0,9999999
48698,0,7762,30.0,21.03,507.0,425.0,26.68,295.79,2.1,1,100900.0,9999999
48698,0,7763,30.5,20.78,742.0,407.0,26.68,295.79,2.4,1,100800.0,9999999
48698,0,7764,31.0,20.52,887.0,337.0,26.68,295.61,2.8,1,100700.0,9999999
48698,0,7765,31.5,20.27,925.0,289.0,26.68,295.27,3.1,5,100600.0,9999999
48698,0,7766,32.0,21.29,833.0,207.0,26.68,296.63,5.1,5,100600.0,9999999
48698,0,7767,31.0,21.29,672.0,175.0,26.68,295.79,6.7,4,100500.0,9999999
48698,0,7768,30.3,20.9,455.0,135.0,26.68,295.61,6.7,5,100500.0,9999999
48698,0,7769,29.5,20.78,211.0,110.0,26.68,294.24,5.0,5,100500.0,9999999
48698,0,7770,28.6,20.52,23.0,23.0,26.68,292.49,3.2,5,100600.0,9999999
48698,0,7771,27.8,20.4,0.0,0.0,26.68,290.72,1.5,2,100700.0,9999999
48698,0,7772,27.6,20.4,0.0,0.0,26.68,290.54,1.5,2,100700.0,9999999
48698,0,7773,27.5,20.4,0.0,0.0,26.68,290.54,1.5,2,100700.0,9999999
48698,0,7774,27.3,20.4,0.0,0.0,26.68,290.18,1.5,2,100800.0,9999999
48698,0,7775,26.9,20.4,0.0,0.0,26.68,290.89,1.0,2,100800.0,9999999
48698,0,7776,26.5,20.52,0.0,0.0,26.68,291.25,0.5,2,100800.0,9999999
48698,0,7777,26.1,20.52,0.0,0.0,26.68,291.43,0.0,0,100700.0,9999999
48698,0,7778,25.9,20.27,0.0,0.0,26.68,290.54,0.0,0,100700.0,9999999
48698,0,7779,25.6,19.91,0.0,0.0,26.68,289.45,0.0,0,100700.0,9999999
48698,0,7780,25.4,19.66,0.0,0.0,26.68,288.35,0.0,0,100600.0,9999999
48698,0,7781,25.2,19.78,0.0,0.0,26.68,288.17,0.0,0,100700.0,9999999
48698,0,7782,25.0,20.03,1.0,1.0,26.68,287.99,0.0,0,100800.0,9999999
48698,0,7783,26.4,20.15,65.0,57.0,26.68,289.27,0.0,0,100800.0,9999999
48698,0,7784,27.6,20.03,263.0,154.0,26.68,291.43,1.0,16,100800.0,9999999
48698,0,7785,28.8,19.78,435.0,342.0,26.68,293.89,2.1,16,100900.0,9999999
48698,0,7786,30.0,19.66,506.0,403.0,26.68,295.61,3.1,1,100900.0,9999999
48698,0,7787,30.5,19.91,602.0,500.0,26.68,296.13,2.8,1,100800.0,9999999
48698,0,7788,30.9,20.03,647.0,454.0,26.68,296.46,2.4,1,100700.0,9999999
48698,0,7789,31.4,20.27,638.0,447.0,26.68,297.14,2.1,2,100600.0,9999999
48698,0,7790,33.0,18.84,577.0,478.0,26.68,297.81,4.6,1,100600.0,9999999
48698,0,7791,32.0,18.49,466.0,403.0,26.68,296.13,4.9,1,100500.0,9999999
48698,0,7792,31.0,18.15,316.0,257.0,26.68,294.41,5.1,2,100500.0,9999999
48698,0,7793,30.0,18.61,147.0,129.0,26.68,293.55,3.9,2,100500.0,9999999
48698,0,7794,29.0,19.19,16.0,16.0,26.68,292.67,2.7,2,100600.0,9999999
48698,0,7795,28.0,19.66,0.0,0.0,26.68,290.72,1.5,16,100600.0,9999999
48698,0,7796,27.6,19.78,0.0,0.0,26.68,290.36,1.0,16,100700.0,9999999
48698,0,7797,27.1,19.78,0.0,0.0,26.68,289.99,0.5,16,100800.0,9999999
48698,0,7798,26.7,19.91,0.0,0.0,26.68,289.63,0.0,0,100800.0,9999999
48698,0,7799,26.4,19.78,0.0,0.0,26.68,289.27,0.0,0,100800.0,9999999
48698,0,7800,26.1,19.78,0.0,0.0,26.68,288.9,0.0,0,100700.0,9999999
48698,0,7801,25.8,19.66,0.0,0.0,26.68,288.72,0.0,0,100700.0,9999999
48698,0,7802,25.8,19.66,0.0,0.0,26.68,289.63,0.0,0,100700.0,9999999
48698,0,7803,25.7,19.78,0.0,0.0,26.68,290.89,0.0,0,100700.0,9999999
48698,0,7804,25.7,19.78,0.0,0.0,26.68,291.43,0.0,0,100600.0,9999999
48698,0,7805,26.0,19.91,0.0,0.0,26.68,291.25,0.0,0,100700.0,9999999
48698,0,7806,26.2,20.03,0.0,0.0,26.68,290.18,0.0,0,100700.0,9999999
48698,0,7807,26.5,20.15,46.0,46.0,26.68,289.45,0.0,0,100700.0,9999999
48698,0,7808,27.7,20.03,200.0,165.0,26.68,291.61,0.7,16,100800.0,9999999
48698,0,7809,29.0,20.03,366.0,294.0,26.68,293.55,1.5,16,100900.0,9999999
48698,0,7810,26.0,20.15,504.0,423.0,26.68,291.25,2.1,1,100900.0,9999999
48698,0,7811,28.0,20.03,601.0,498.0,26.68,293.2,3.1,16,100900.0,9999999
48698,0,7812,27.5,20.03,646.0,453.0,26.68,292.67,3.1,16,100800.0,9999999
48698,0,7813,27.1,20.03,638.0,446.0,26.68,292.32,3.1,16,100800.0,9999999
48698,0,7814,26.1,19.66,482.0,403.0,26.68,291.25,3.1,16,100700.0,9999999
48698,0,7815,25.2,19.3,294.0,280.0,26.68,290.36,3.1,16,100700.0,9999999
48698,0,7816,24.2,18.95,120.0,120.0,26.68,289.27,3.1,2,100700.0,9999999
48698,0,7817,24.3,19.07,56.0,56.0,26.68,288.72,2.1,2,100700.0,9999999
48698,0,7818,24.5,19.07,6.0,6.0,26.68,288.9,1.0,2,100700.0,9999999
48698,0,7819,24.6,19.19,0.0,0.0,26.68,288.35,0.0,0,100800.0,9999999
48698,0,7820,24.8,19.07,0.0,0.0,26.68,289.27,0.0,0,100800.0,9999999
48698,0,7821,25.0,18.84,0.0,0.0,26.68,289.99,0.0,0,100900.0,9999999
48698,0,7822,25.4,19.19,0.0,0.0,26.68,291.07,0.5,1,101000.0,9999999
48698,0,7823,25.2,19.19,0.0,0.0,26.68,290.36,0.3,1,100900.0,9999999
48698,0,7824,25.0,19.3,0.0,0.0,26.68,288.72,0.2,1,100900.0,9999999
48698,0,7825,24.8,19.3,0.0,0.0,26.68,287.62,0.0,0,100900.0,9999999
48698,0,7826,24.7,19.3,0.0,0.0,26.68,287.62,0.2,16,100800.0,9999999
48698,0,7827,24.7,19.19,0.0,0.0,26.68,287.62,0.3,16,100800.0,9999999
48698,0,7828,24.6,19.19,0.0,0.0,26.68,287.43,0.5,14,100700.0,9999999
48698,0,7829,24.8,19.07,0.0,0.0,26.68,287.62,0.7,14,100700.0,9999999
48698,0,7830,25.0,18.84,0.0,0.0,26.68,287.8,1.0,13,100800.0,9999999
48698,0,7831,25.1,19.42,45.0,45.0,26.68,287.99,1.5,14,100800.0,9999999
48698,0,7832,27.0,18.84,199.0,164.0,26.68,289.63,1.0,14,100900.0,9999999
48698,0,7833,27.7,19.42,365.0,293.0,26.68,290.54,1.2,14,101000.0,9999999
48698,0,7834,28.4,19.91,503.0,422.0,26.68,291.25,1.5,1,101000.0,9999999
48698,0,7835,28.1,20.15,600.0,497.0,26.68,291.96,1.5,1,100900.0,9999999
48698,0,7836,27.7,20.27,645.0,452.0,26.68,292.32,1.5,1,100800.0,9999999
48698,0,7837,27.4,20.52,636.0,446.0,26.68,292.67,1.5,3,100800.0,9999999
48698,0,7838,29.0,20.03,575.0,477.0,26.68,294.76,2.6,1,100700.0,9999999
48698,0,7839,29.0,20.03,465.0,402.0,26.68,294.76,2.6,6,100700.0,9999999
48698,0,7840,29.3,19.54,315.0,257.0,26.68,295.61,3.1,4,100600.0,9999999
48698,0,7841,26.0,20.03,147.0,129.0,26.68,291.79,2.1,16,100700.0,9999999
48698,0,7842,25.5,19.3,16.0,16.0,26.68,291.07,2.1,16,100700.0,9999999
48698,0,7843,25.1,18.49,0.0,0.0,26.68,289.99,2.1,13,100800.0,9999999
48698,0,7844,25.1,18.72,0.0,0.0,26.68,289.45,1.4,13,100900.0,9999999
48698,0,7845,25.0,18.95,0.0,0.0,26.68,288.72,0.7,13,100900.0,9999999
48698,0,7846,25.0,19.19,0.0,0.0,26.68,287.8,0.0,0,101000.0,9999999
48698,0,7847,25.0,19.19,0.0,0.0,26.68,287.8,0.0,0,100900.0,9999999
48698,0,7848,25.1,19.07,0.0,0.0,26.68,287.8,0.0,0,100900.0,9999999
48698,0,7849,25.1,19.07,0.0,0.0,26.68,287.8,0.0,0,100800.0,9999999
48698,0,7850,24.8,18.95,0.0,0.0,26.68,287.62,0.0,0,100800.0,9999999
48698,0,7851,24.6,18.95,0.0,0.0,26.68,287.43,0.0,0,100800.0,9999999
48698,0,7852,24.3,18.84,0.0,0.0,26.68,287.06,0.0,0,100800.0,9999999
48698,0,7853,24.6,18.84,0.0,0.0,26.68,287.43,0.0,0,100800.0,9999999
48698,0,7854,25.0,18.84,0.0,0.0,26.68,287.8,0.0,0,100800.0,9999999
48698,0,7855,26.0,19.3,45.0,45.0,26.68,288.72,0.0,0,100900.0,9999999
48698,0,7856,27.0,19.42,198.0,163.0,26.68,290.72,0.3,16,100900.0,9999999
48698,0,7857,28.0,19.54,363.0,292.0,26.68,291.79,0.6,16,100800.0,9999999
48698,0,7858,29.0,19.78,502.0,421.0,26.68,293.55,0.9,16,100800.0,9999999
48698,0,7859,30.0,19.91,599.0,496.0,26.68,295.1,1.2,16,100800.0,9999999
48698,0,7860,31.0,20.03,644.0,451.0,26.68,296.13,1.5,3,100800.0,9999999
48698,0,7861,29.4,21.42,635.0,445.0,26.68,295.27,5.1,4,100700.0,9999999
48698,0,7862,29.5,20.52,574.0,476.0,26.68,294.76,3.7,4,100700.0,9999999
48698,0,7863,29.7,19.66,465.0,402.0,26.68,294.24,2.4,4,100600.0,9999999
48698,0,7864,29.8,18.72,316.0,257.0,26.68,293.37,1.0,1,100500.0,9999999
48698,0,7865,28.9,19.07,148.0,130.0,26.68,292.49,0.7,1,100600.0,9999999
48698,0,7866,27.9,19.54,16.0,16.0,26.68,291.61,0.3,1,100700.0,9999999
48698,0,7867,27.0,19.91,0.0,0.0,26.68,289.81,0.0,0,100700.0,9999999
48698,0,7868,26.5,19.78,0.0,0.0,26.68,289.45,0.0,0,100800.0,9999999
48698,0,7869,26.1,19.78,0.0,0.0,26.68,288.9,0.0,0,100800.0,9999999
48698,0,7870,25.6,19.66,0.0,0.0,26.68,288.54,0.0,0,100900.0,9999999
48698,0,7871,25.5,19.66,0.0,0.0,26.68,288.35,0.0,0,100900.0,9999999
48698,0,7872,25.4,19.66,0.0,0.0,26.68,288.35,0.0,0,100800.0,9999999
48698,0,7873,25.3,19.66,0.0,0.0,26.68,288.17,0.0,0,100800.0,9999999
48698,0,7874,25.2,19.54,0.0,0.0,26.68,287.99,0.0,0,100700.0,9999999
48698,0,7875,25.1,19.42,0.0,0.0,26.68,287.99,0.0,0,100700.0,9999999
48698,0,7876,25.0,19.3,0.0,0.0,26.68,287.8,0.0,0,100600.0,9999999
48698,0,7877,25.4,19.66,0.0,0.0,26.68,288.35,0.0,0,100700.0,9999999
48698,0,7878,25.9,19.91,0.0,0.0,26.68,288.9,0.0,0,100700.0,9999999
48698,0,7879,26.3,20.27,44.0,44.0,26.68,289.27,0.0,0,100700.0,9999999
48698,0,7880,27.5,20.65,196.0,162.0,26.68,291.43,1.0,16,100800.0,9999999
48698,0,7881,28.8,20.9,361.0,291.0,26.68,293.55,2.1,16,100800.0,9999999
48698,0,7882,30.0,21.29,500.0,419.0,26.68,295.27,3.1,1,100900.0,9999999
48698,0,7883,30.0,21.29,596.0,495.0,26.68,295.96,2.0,1,100800.0,9999999
48698,0,7884,30.0,21.29,642.0,451.0,26.68,295.96,1.0,16,100800.0,9999999
48698,0,7885,27.3,20.65,635.0,445.0,26.68,293.72,4.1,16,100600.0,9999999
48698,0,7886,28.3,20.15,574.0,476.0,26.68,294.07,3.9,16,100600.0,9999999
48698,0,7887,29.3,19.66,465.0,402.0,26.68,294.93,3.8,16,100500.0,9999999
48698,0,7888,30.3,19.19,316.0,258.0,26.68,295.27,3.6,2,100500.0,9999999
48698,0,7889,29.3,19.3,148.0,130.0,26.68,293.72,2.9,2,100500.0,9999999
48698,0,7890,28.4,19.54,17.0,17.0,26.68,292.14,2.2,2,100600.0,9999999
48698,0,7891,27.4,19.66,0.0,0.0,26.68,290.18,1.5,2,100600.0,9999999
48698,0,7892,27.2,20.03,0.0,0.0,26.68,290.18,1.2,2,100700.0,9999999
48698,0,7893,27.1,20.27,0.0,0.0,26.68,289.99,0.8,2,100700.0,9999999
48698,0,7894,26.9,20.65,0.0,0.0,26.68,289.99,0.5,16,100800.0,9999999
48698,0,7895,26.6,20.52,0.0,0.0,26.68,289.63,0.3,16,100700.0,9999999
48698,0,7896,26.3,20.52,0.0,0.0,26.68,289.27,0.2,16,100700.0,9999999
48698,0,7897,26.0,20.4,0.0,0.0,26.68,289.09,0.0,0,100700.0,9999999
48698,0,7898,25.8,20.15,0.0,0.0,26.68,288.72,0.0,0,100600.0,9999999
48698,0,7899,25.5,19.78,0.0,0.0,26.68,288.35,0.0,0,100600.0,9999999
48698,0,7900,25.3,19.54,0.0,0.0,26.68,288.17,0.0,0,100600.0,9999999
48698,0,7901,25.1,19.78,0.0,0.0,26.68,287.99,0.0,0,100600.0,9999999
48698,0,7902,25.0,20.03,0.0,0.0,26.68,287.99,0.0,0,100700.0,9999999
48698,0,7903,25.8,20.15,43.0,43.0,26.68,288.72,0.0,0,100700.0,9999999
48698,0,7904,27.4,20.78,195.0,161.0,26.68,291.43,0.7,16,100800.0,9999999
48698,0,7905,29.0,21.29,360.0,289.0,26.68,294.41,1.5,16,100900.0,9999999
48698,0,7906,30.6,21.29,499.0,418.0,26.68,296.46,4.1,1,100800.0,9999999
48698,0,7907,30.8,20.03,596.0,494.0,26.68,296.46,4.4,1,100800.0,9999999
48698,0,7908,31.0,18.84,644.0,449.0,26.68,296.46,4.6,2,100800.0,9999999
48698,0,7909,30.6,20.15,635.0,444.0,26.68,296.3,3.1,1,100600.0,9999999
48698,0,7910,30.7,19.78,574.0,476.0,26.68,295.79,3.4,1,100500.0,9999999
48698,0,7911,30.7,19.3,465.0,402.0,26.68,295.1,3.8,1,100500.0,9999999
48698,0,7912,30.8,18.95,317.0,258.0,26.68,294.41,4.1,16,100400.0,9999999
48698,0,7913,29.9,19.3,149.0,131.0,26.68,293.55,3.2,16,100500.0,9999999
48698,0,7914,29.0,19.78,17.0,17.0,26.68,292.85,2.4,16,100600.0,9999999
48698,0,7915,28.1,20.15,0.0,0.0,26.68,290.89,1.5,1,100700.0,9999999
48698,0,7916,27.7,20.4,0.0,0.0,26.68,290.72,1.3,1,100700.0,9999999
48698,0,7917,27.4,20.52,0.0,0.0,26.68,290.36,1.2,1,100800.0,9999999
48698,0,7918,27.0,20.78,0.0,0.0,26.68,289.99,1.0,16,100800.0,9999999
48698,0,7919,27.0,21.29,0.0,0.0,26.68,290.18,0.0,0,100900.0,9999999
48698,0,7920,26.7,20.9,0.0,0.0,26.68,289.81,0.2,16,100800.0,9999999
48698,0,7921,26.4,20.52,0.0,0.0,26.68,289.45,0.5,13,100700.0,9999999
48698,0,7922,26.0,20.03,0.0,0.0,26.68,288.9,0.0,0,100700.0,9999999
48698,0,7923,26.0,20.27,0.0,0.0,26.68,288.9,0.2,16,100700.0,9999999
48698,0,7924,26.0,20.52,0.0,0.0,26.68,289.09,0.5,13,100600.0,9999999
48698,0,7925,26.2,20.65,0.0,0.0,26.68,290.18,0.3,13,100700.0,9999999
48698,0,7926,26.4,20.9,0.0,0.0,26.68,290.54,0.2,13,100700.0,9999999
48698,0,7927,26.6,21.03,42.0,42.0,26.68,290.72,0.0,0,100800.0,9999999
48698,0,7928,27.7,20.78,194.0,160.0,26.68,292.49,0.5,16,100800.0,9999999
48698,0,7929,28.9,20.4,359.0,289.0,26.68,293.55,1.0,16,100800.0,9999999
48698,0,7930,30.0,20.15,498.0,417.0,26.68,295.1,1.5,1,100900.0,9999999
48698,0,7931,30.0,21.29,594.0,493.0,26.68,294.76,1.5,1,100900.0,9999999
48698,0,7932,30.0,20.03,642.0,449.0,26.68,294.59,2.1,1,100800.0,9999999
48698,0,7933,29.3,19.54,635.0,443.0,26.68,293.02,1.5,2,100600.0,9999999
48698,0,7934,31.0,18.84,575.0,476.0,26.68,294.59,2.1,4,100600.0,9999999
48698,0,7935,30.0,18.84,465.0,402.0,26.68,293.55,3.1,7,100500.0,9999999
48698,0,7936,28.0,19.66,317.0,258.0,26.68,291.79,0.0,0,100500.0,9999999
48698,0,7937,27.0,20.03,149.0,131.0,26.68,290.89,3.1,13,100600.0,9999999
48698,0,7938,26.4,19.78,17.0,17.0,26.68,290.18,1.8,13,100700.0,9999999
48698,0,7939,25.8,19.66,0.0,0.0,26.68,289.63,0.5,13,100800.0,9999999
48698,0,7940,25.6,19.78,0.0,0.0,26.68,289.45,0.3,13,100800.0,9999999
48698,0,7941,25.4,19.78,0.0,0.0,26.68,289.27,0.2,13,100900.0,9999999
48698,0,7942,25.2,19.91,0.0,0.0,26.68,289.09,0.0,0,101000.0,9999999
48698,0,7943,25.2,19.91,0.0,0.0,26.68,289.09,0.0,0,100900.0,9999999
48698,0,7944,25.1,19.78,0.0,0.0,26.68,289.09,0.0,0,100900.0,9999999
48698,0,7945,25.1,19.78,0.0,0.0,26.68,287.99,0.0,0,100800.0,9999999
48698,0,7946,25.1,19.78,0.0,0.0,26.68,287.99,0.2,16,100800.0,9999999
48698,0,7947,25.1,19.66,0.0,0.0,26.68,287.99,0.3,16,100700.0,9999999
48698,0,7948,25.1,19.66,0.0,0.0,26.68,287.99,0.5,13,100600.0,9999999
48698,0,7949,25.2,19.66,0.0,0.0,26.68,288.17,0.8,13,100700.0,9999999
48698,0,7950,25.3,19.66,0.0,0.0,26.68,288.17,1.2,13,100700.0,9999999
48698,0,7951,25.4,19.66,42.0,42.0,26.68,288.35,1.5,13,100800.0,9999999
48698,0,7952,26.6,20.03,193.0,160.0,26.68,290.54,1.5,13,100900.0,9999999
48698,0,7953,27.9,20.4,357.0,287.0,26.68,292.49,1.5,13,100900.0,9999999
48698,0,7954,29.1,20.78,496.0,416.0,26.68,294.41,1.5,13,101000.0,9999999
48698,0,7955,29.5,20.4,593.0,492.0,26.68,295.27,2.5,13,100900.0,9999999
48698,0,7956,29.8,20.15,641.0,448.0,26.68,295.44,3.6,13,100800.0,9999999
48698,0,7957,30.2,19.78,634.0,443.0,26.68,296.46,4.6,3,100700.0,9999999
48698,0,7958,29.0,20.03,573.0,475.0,26.68,294.76,3.6,1,100700.0,9999999
48698,0,7959,28.9,19.91,465.0,402.0,26.68,293.37,2.0,1,100600.0,9999999
48698,0,7960,28.9,19.78,317.0,258.0,26.68,291.61,0.5,14,100600.0,9999999
48698,0,7961,28.0,20.03,150.0,131.0,26.68,290.89,0.5,14,100700.0,9999999
48698,0,7962,27.4,19.54,17.0,17.0,26.68,290.18,0.2,14,100700.0,9999999
48698,0,7963,26.8,18.95,0.0,0.0,26.68,289.45,0.0,0,100700.0,9999999
48698,0,7964,26.5,19.19,0.0,0.0,26.68,289.27,0.0,0,100700.0,9999999
48698,0,7965,26.1,19.54,0.0,0.0,26.68,288.9,0.0,0,100800.0,9999999
48698,0,7966,25.8,19.78,0.0,0.0,26.68,288.72,0.0,0,100900.0,9999999
48698,0,7967,25.8,19.78,0.0,0.0,26.68,289.63,0.2,16,100800.0,9999999
48698,0,7968,25.7,19.66,0.0,0.0,26.68,289.63,0.3,16,100800.0,9999999
48698,0,7969,25.7,19.66,0.0,0.0,26.68,289.63,0.5,14,100700.0,9999999
48698,0,7970,25.0,18.84,0.0,0.0,26.68,288.72,0.0,0,100700.0,9999999
48698,0,7971,25.0,19.07,0.0,0.0,26.68,288.72,0.7,16,100600.0,9999999
48698,0,7972,25.1,19.3,0.0,0.0,26.68,287.99,1.5,16,100600.0,9999999
48698,0,7973,25.0,19.07,0.0,0.0,26.68,287.8,0.7,16,100700.0,9999999
48698,0,7974,25.0,18.84,0.0,0.0,26.68,287.8,0.0,0,100800.0,9999999
48698,0,7975,26.0,19.66,41.0,41.0,26.68,288.9,0.5,14,100800.0,9999999
48698,0,7976,27.2,19.91,191.0,159.0,26.68,291.07,1.2,14,100800.0,9999999
48698,0,7977,28.4,20.27,356.0,286.0,26.68,293.02,1.9,14,100900.0,9999999
48698,0,7978,29.6,20.52,495.0,415.0,26.68,294.76,2.6,1,100900.0,9999999
48698,0,7979,30.0,21.29,592.0,491.0,26.68,294.76,4.6,2,100900.0,9999999
48698,0,7980,30.2,20.65,639.0,448.0,26.68,294.76,4.1,2,100800.0,9999999
48698,0,7981,30.5,20.03,633.0,443.0,26.68,294.24,3.6,1,100700.0,9999999
48698,0,7982,30.0,19.91,573.0,475.0,26.68,293.72,3.1,1,100700.0,9999999
48698,0,7983,29.5,19.91,465.0,402.0,26.68,293.2,2.6,1,100700.0,9999999
48698,0,7984,28.9,19.78,317.0,259.0,26.68,292.67,2.1,1,100700.0,9999999
48698,0,7985,28.4,19.66,151.0,132.0,26.68,292.14,1.5,1,100700.0,9999999
48698,0,7986,27.9,19.66,17.0,17.0,26.68,290.72,1.0,1,100700.0,9999999
48698,0,7987,27.4,19.54,0.0,0.0,26.68,290.18,0.5,15,100700.0,9999999
48698,0,7988,27.0,18.84,0.0,0.0,26.68,290.72,0.0,0,100900.0,9999999
48698,0,7989,27.0,20.03,0.0,0.0,26.68,290.89,0.0,0,100900.0,9999999
48698,0,7990,26.6,19.19,0.0,0.0,26.68,290.36,0.0,0,100900.0,9999999
48698,0,7991,26.5,19.3,0.0,0.0,26.68,290.18,0.3,16,100900.0,9999999
48698,0,7992,26.3,19.3,0.0,0.0,26.68,289.99,0.7,16,100900.0,9999999
48698,0,7993,26.2,19.42,0.0,0.0,26.68,289.09,1.0,15,100900.0,9999999
48698,0,7994,25.8,19.07,0.0,0.0,26.68,288.54,0.8,15,100800.0,9999999
48698,0,7995,25.4,18.84,0.0,0.0,26.68,288.17,0.7,15,100700.0,9999999
48698,0,7996,25.0,18.49,0.0,0.0,26.68,287.62,0.5,14,100700.0,9999999
48698,0,7997,25.0,18.84,0.0,0.0,26.68,287.8,0.0,0,100700.0,9999999
48698,0,7998,25.5,18.84,0.0,0.0,26.68,288.17,0.5,16,100700.0,9999999
48698,0,7999,26.1,18.72,40.0,40.0,26.68,288.72,1.0,13,100800.0,9999999
48698,0,8000,27.4,18.84,190.0,158.0,26.68,291.07,1.0,13,100800.0,9999999
48698,0,8001,28.8,18.84,355.0,285.0,26.68,293.2,1.0,13,100900.0,9999999
48698,0,8002,30.1,18.95,495.0,414.0,26.68,294.93,1.0,15,100900.0,9999999
48698,0,8003,30.0,18.95,592.0,491.0,26.68,294.93,1.2,15,100900.0,9999999
48698,0,8004,30.0,18.84,640.0,447.0,26.68,294.93,1.5,9,100800.0,9999999
48698,0,8005,30.5,19.3,633.0,442.0,26.68,295.44,2.1,8,100700.0,9999999
48698,0,8006,28.0,21.29,572.0,474.0,26.68,293.37,6.2,3,100600.0,9999999
48698,0,8007,27.0,18.84,466.0,402.0,26.68,291.96,1.5,8,100600.0,9999999
48698,0,8008,27.6,19.54,318.0,259.0,26.68,292.67,0.0,0,100600.0,9999999
48698,0,8009,27.1,19.54,151.0,132.0,26.68,291.61,0.2,16,100600.0,9999999
48698,0,8010,26.5,19.42,18.0,18.0,26.68,290.36,0.3,16,100700.0,9999999
48698,0,8011,26.4,19.42,0.0,0.0,26.68,289.27,0.5,14,100800.0,9999999
48698,0,8012,26.2,19.42,0.0,0.0,26.68,289.09,0.5,14,100800.0,9999999
48698,0,8013,26.2,19.3,0.0,0.0,26.68,289.09,0.5,14,100800.0,9999999
48698,0,8014,26.2,19.19,0.0,0.0,26.68,288.9,0.5,15,100900.0,9999999
48698,0,8015,26.2,19.07,0.0,0.0,26.68,288.9,0.3,15,100900.0,9999999
48698,0,8016,26.3,18.95,0.0,0.0,27.05,289.09,4.1,1,100900.0,9999999
48698,0,8017,26.3,18.84,0.0,0.0,27.05,289.09,3.4,1,100900.0,9999999
48698,0,8018,26.3,18.72,0.0,0.0,27.05,288.9,2.6,1,100900.0,9999999
48698,0,8019,26.2,18.72,0.0,0.0,27.05,288.9,3.6,1,100800.0,9999999
48698,0,8020,26.1,18.72,0.0,0.0,27.05,288.72,2.6,1,100800.0,9999999
48698,0,8021,26.0,18.72,0.0,0.0,27.05,289.63,3.1,1,100800.0,9999999
48698,0,8022,26.3,18.49,0.0,0.0,27.05,289.99,3.1,1,100800.0,9999999
48698,0,8023,26.7,18.49,41.0,41.0,27.05,290.36,3.1,1,100900.0,9999999
48698,0,8024,28.0,18.84,191.0,157.0,27.05,292.85,7.2,1,100900.0,9999999
48698,0,8025,29.0,18.84,356.0,285.0,27.05,294.41,6.7,2,100900.0,9999999
48698,0,8026,28.9,18.72,495.0,414.0,27.05,294.93,6.7,1,101000.0,9999999
48698,0,8027,31.0,18.84,593.0,490.0,27.05,297.98,6.2,2,100900.0,9999999
48698,0,8028,30.0,18.84,640.0,446.0,27.05,296.97,5.7,1,100800.0,9999999
48698,0,8029,28.1,20.03,633.0,441.0,27.05,295.27,7.7,2,100800.0,9999999
48698,0,8030,29.0,20.03,707.0,382.0,27.05,295.27,7.7,1,100700.0,9999999
48698,0,8031,30.0,17.71,641.0,225.0,27.05,295.27,7.7,1,100600.0,9999999
48698,0,8032,29.0,18.61,465.0,148.0,27.05,293.89,7.2,1,100600.0,9999999
48698,0,8033,28.0,16.65,219.0,113.0,27.05,292.49,6.7,1,100600.0,9999999
48698,0,8034,28.0,17.71,25.0,25.0,27.05,292.67,4.6,1,100700.0,9999999
48698,0,8035,27.2,18.04,0.0,0.0,27.05,291.96,4.1,1,100800.0,9999999
48698,0,8036,27.0,17.71,0.0,0.0,27.05,291.07,3.1,1,100900.0,9999999
48698,0,8037,27.0,17.71,0.0,0.0,27.05,290.36,2.1,16,101000.0,9999999
48698,0,8038,26.9,18.04,0.0,0.0,27.05,289.45,5.1,1,101000.0,9999999
48698,0,8039,27.0,16.65,0.0,0.0,27.05,289.27,5.7,1,101000.0,9999999
48698,0,8040,27.0,16.65,0.0,0.0,27.05,289.27,6.2,1,101000.0,9999999
48698,0,8041,27.2,16.34,0.0,0.0,27.05,289.45,5.7,1,101000.0,9999999
48698,0,8042,27.0,16.65,0.0,0.0,27.05,289.27,3.6,1,100900.0,9999999
48698,0,8043,27.0,17.71,0.0,0.0,27.05,289.45,4.1,1,100900.0,9999999
48698,0,8044,26.7,17.49,0.0,0.0,27.05,289.09,4.1,1,100800.0,9999999
48698,0,8045,27.0,17.71,0.0,0.0,27.05,289.45,5.1,1,100900.0,9999999
48698,0,8046,27.0,17.71,0.0,0.0,27.05,289.45,6.2,1,100900.0,9999999
48698,0,8047,27.1,17.71,40.0,40.0,27.05,289.63,5.1,1,101000.0,9999999
48698,0,8048,28.0,17.71,190.0,157.0,27.05,291.43,5.1,1,101000.0,9999999
48698,0,8049,29.0,17.71,355.0,284.0,27.05,293.72,7.7,1,101000.0,9999999
48698,0,8050,29.3,16.24,496.0,413.0,27.05,294.24,7.7,1,101100.0,9999999
48698,0,8051,30.0,17.71,592.0,489.0,27.05,295.27,8.2,1,101000.0,9999999
48698,0,8052,30.0,16.65,641.0,445.0,27.05,295.61,7.2,1,101000.0,9999999
48698,0,8053,30.9,17.71,635.0,441.0,27.05,296.8,8.2,1,100900.0,9999999
48698,0,8054,30.0,17.71,576.0,475.0,27.05,295.79,8.2,1,100800.0,9999999
48698,0,8055,29.0,16.65,469.0,404.0,27.05,294.07,7.2,1,100800.0,9999999
48698,0,8056,28.9,17.17,322.0,261.0,27.05,294.07,6.2,1,100700.0,9999999
48698,0,8057,28.0,17.71,155.0,134.0,27.05,292.67,4.6,1,100800.0,9999999
48698,0,8058,27.0,17.71,19.0,19.0,27.05,290.36,5.7,1,100900.0,9999999
48698,0,8059,27.1,18.49,0.0,0.0,27.05,289.63,5.1,1,100900.0,9999999
48698,0,8060,27.0,17.71,0.0,0.0,27.05,289.45,4.1,1,101000.0,9999999
48698,0,8061,27.0,17.71,0.0,0.0,27.05,289.45,3.1,1,101000.0,9999999
48698,0,8062,26.7,17.82,0.0,0.0,27.05,289.27,3.6,16,101100.0,9999999
48698,0,8063,27.0,17.71,0.0,0.0,27.05,289.45,3.1,1,101100.0,9999999
48698,0,8064,27.0,17.71,0.0,0.0,27.05,289.45,3.6,1,101000.0,9999999
48698,0,8065,26.7,17.82,0.0,0.0,27.05,289.27,5.1,1,101000.0,9999999
48698,0,8066,27.0,17.71,0.0,0.0,27.05,289.45,4.6,1,101000.0,9999999
48698,0,8067,27.0,17.71,0.0,0.0,27.05,289.45,4.1,1,100900.0,9999999
48698,0,8068,26.4,17.6,0.0,0.0,27.05,288.9,2.1,16,100900.0,9999999
48698,0,8069,26.0,17.71,0.0,0.0,27.05,288.54,1.5,16,101000.0,9999999
48698,0,8070,26.0,17.71,0.0,0.0,27.05,288.54,2.1,16,101000.0,9999999
48698,0,8071,25.5,18.26,39.0,39.0,27.05,288.17,1.5,15,101100.0,9999999
48698,0,8072,26.0,17.71,189.0,156.0,27.05,289.45,2.1,15,101100.0,9999999
48698,0,8073,28.0,17.71,354.0,283.0,27.05,292.67,4.1,1,101100.0,9999999
48698,0,8074,29.5,18.04,493.0,412.0,27.05,294.76,6.2,16,101200.0,9999999
48698,0,8075,30.0,17.71,591.0,488.0,27.05,295.27,7.2,1,101100.0,9999999
48698,0,8076,29.0,17.71,639.0,444.0,27.05,293.72,5.7,1,101100.0,9999999
48698,0,8077,29.7,17.93,634.0,440.0,27.05,294.41,7.2,1,101000.0,9999999
48698,0,8078,29.0,17.71,650.0,406.0,27.05,293.02,4.6,1,101000.0,9999999
48698,0,8079,29.0,16.65,578.0,303.0,27.05,292.14,6.2,16,100900.0,9999999
48698,0,8080,29.2,16.96,423.0,199.0,27.05,291.43,6.7,16,100800.0,9999999
48698,0,8081,28.0,16.65,193.0,131.0,27.05,290.18,5.7,1,100900.0,9999999
48698,0,8082,27.0,17.71,22.0,22.0,27.05,289.45,4.1,1,101000.0,9999999
48698,0,8083,27.0,17.28,0.0,0.0,27.05,289.45,3.1,16,101000.0,9999999
48698,0,8084,27.0,17.71,0.0,0.0,27.05,291.07,2.1,16,101100.0,9999999
48698,0,8085,27.0,17.71,0.0,0.0,27.05,292.32,2.1,16,101200.0,9999999
48698,0,8086,26.2,17.49,0.0,0.0,27.05,293.02,2.1,16,101200.0,9999999
48698,0,8087,26.0,17.71,0.0,0.0,27.05,291.25,1.5,16,101200.0,9999999
48698,0,8088,25.0,17.71,0.0,0.0,27.05,289.27,2.1,15,101200.0,9999999
48698,0,8089,25.2,17.71,0.0,0.0,27.05,287.8,1.5,16,101200.0,9999999
48698,0,8090,25.0,17.71,0.0,0.0,27.05,287.62,1.5,14,101200.0,9999999
48698,0,8091,25.0,17.71,0.0,0.0,27.05,287.62,1.5,15,101100.0,9999999
48698,0,8092,24.9,18.04,0.0,0.0,27.05,287.43,1.0,15,101100.0,9999999
48698,0,8093,25.0,17.71,0.0,0.0,27.05,288.54,2.1,14,101100.0,9999999
48698,0,8094,25.0,17.71,0.0,0.0,27.05,289.27,1.5,14,101100.0,9999999
48698,0,8095,25.2,18.04,38.0,38.0,27.05,289.99,2.1,16,101200.0,9999999
48698,0,8096,26.0,18.84,187.0,155.0,27.05,290.36,2.1,15,101200.0,9999999
48698,0,8097,28.0,20.03,351.0,277.0,27.05,292.49,2.6,16,101300.0,9999999
48698,0,8098,29.1,17.93,492.0,411.0,27.05,292.49,5.7,1,101300.0,9999999
48698,0,8099,30.0,17.71,590.0,487.0,27.05,294.07,6.2,1,101200.0,9999999
48698,0,8100,30.5,17.71,639.0,444.0,27.05,294.59,6.2,1,101200.0,9999999
48698,0,8101,31.1,17.6,634.0,525.0,27.05,295.61,6.2,1,101100.0,9999999
48698,0,8102,29.0,17.71,576.0,475.0,27.05,293.72,4.6,16,101000.0,9999999
48698,0,8103,29.0,17.71,469.0,404.0,27.05,294.24,3.6,16,101000.0,9999999
48698,0,8104,29.1,18.38,323.0,261.0,27.05,294.41,3.6,16,100900.0,9999999
48698,0,8105,29.0,17.71,157.0,136.0,27.05,293.72,4.6,1,101000.0,9999999
48698,0,8106,28.0,17.71,20.0,20.0,27.05,291.43,3.6,16,101000.0,9999999
48698,0,8107,27.4,18.84,0.0,0.0,27.05,289.99,1.5,16,101100.0,9999999
48698,0,8108,27.0,18.84,0.0,0.0,27.05,289.63,2.6,15,101100.0,9999999
48698,0,8109,26.0,18.84,0.0,0.0,27.05,288.72,2.1,16,101200.0,9999999
48698,0,8110,26.1,18.72,0.0,0.0,27.05,288.72,2.1,16,101200.0,9999999
48698,0,8111,26.0,18.84,0.0,0.0,27.05,289.63,2.1,15,101200.0,9999999
48698,0,8112,26.0,18.84,0.0,0.0,27.05,290.89,3.1,14,101200.0,9999999
48698,0,8113,25.5,18.38,0.0,0.0,27.05,290.89,2.1,15,101100.0,9999999
48698,0,8114,25.0,17.71,0.0,0.0,27.05,290.36,0.5,14,101100.0,9999999
48698,0,8115,25.0,17.71,0.0,0.0,27.05,290.36,0.5,14,101100.0,9999999
48698,0,8116,24.9,18.15,0.0,0.0,27.05,290.36,2.1,14,101000.0,9999999
48698,0,8117,25.0,17.71,0.0,0.0,27.05,289.81,3.1,14,101000.0,9999999
48698,0,8118,25.0,17.71,0.0,0.0,27.05,289.27,0.5,16,101100.0,9999999
48698,0,8119,25.4,18.26,37.0,37.0,27.05,289.09,1.5,16,101100.0,9999999
48698,0,8120,27.0,18.84,164.0,145.0,27.05,291.43,2.6,16,101100.0,9999999
48698,0,8121,28.0,18.84,259.0,250.0,27.05,292.85,3.6,16,101100.0,9999999
48698,0,8122,27.0,17.71,282.0,270.0,27.05,291.79,4.1,16,101100.0,9999999
48698,0,8123,26.9,20.15,223.0,218.0,27.05,292.67,3.6,16,101000.0,9999999
48698,0,8124,26.0,20.03,241.0,237.0,27.05,291.79,1.5,16,101000.0,9999999
48698,0,8125,26.9,20.15,239.0,235.0,27.05,292.67,3.6,16,101000.0,9999999
48698,0,8126,26.0,18.84,363.0,340.0,27.05,291.61,5.7,1,101000.0,9999999
48698,0,8127,25.0,20.03,391.0,336.0,27.05,291.43,5.1,2,100900.0,9999999
48698,0,8128,24.9,18.38,324.0,256.0,27.05,291.07,6.7,1,100900.0,9999999
48698,0,8129,25.0,18.84,158.0,136.0,27.05,291.25,2.6,1,100900.0,9999999
48698,0,8130,26.0,18.84,20.0,20.0,27.05,291.61,2.6,16,101000.0,9999999
48698,0,8131,28.0,18.84,0.0,0.0,27.05,292.85,1.5,16,101000.0,9999999
48698,0,8132,25.0,18.84,0.0,0.0,27.05,289.99,1.0,15,101100.0,9999999
48698,0,8133,25.1,18.61,0.0,0.0,27.05,289.45,1.8,15,101100.0,9999999
48698,0,8134,25.2,18.61,0.0,0.0,27.05,288.9,2.6,15,101100.0,9999999
48698,0,8135,25.0,18.84,0.0,0.0,27.05,288.72,1.5,14,101100.0,9999999
48698,0,8136,25.0,18.84,0.0,0.0,27.05,288.72,2.1,15,101100.0,9999999
48698,0,8137,25.0,18.49,0.0,0.0,27.05,288.72,1.0,14,101100.0,9999999
48698,0,8138,25.0,18.84,0.0,0.0,27.05,289.45,1.5,13,101000.0,9999999
48698,0,8139,24.0,18.84,0.0,0.0,27.05,289.09,1.5,16,101000.0,9999999
48698,0,8140,24.2,18.72,0.0,0.0,27.05,289.81,1.0,14,100900.0,9999999
48698,0,8141,24.0,18.84,0.0,0.0,27.05,289.63,2.6,14,100900.0,9999999
48698,0,8142,24.0,18.84,0.0,0.0,27.05,289.09,1.0,14,101000.0,9999999
48698,0,8143,23.8,18.61,14.0,14.0,27.05,288.72,0.0,0,101000.0,9999999
48698,0,8144,24.0,18.84,70.0,70.0,27.05,288.54,0.0,0,101100.0,9999999
48698,0,8145,24.0,18.84,132.0,132.0,27.05,288.54,1.0,14,101100.0,9999999
48698,0,8146,24.6,19.07,185.0,184.0,27.05,288.35,2.1,15,101100.0,9999999
48698,0,8147,25.0,18.84,223.0,219.0,27.05,289.45,2.6,14,101100.0,9999999
48698,0,8148,25.0,18.84,241.0,237.0,27.05,289.99,0.5,16,101000.0,9999999
48698,0,8149,24.4,18.61,240.0,235.0,27.05,289.99,2.6,16,101000.0,9999999
48698,0,8150,24.0,18.84,218.0,215.0,27.05,289.63,0.5,12,100900.0,9999999
48698,0,8151,25.0,18.84,178.0,177.0,27.05,291.25,0.0,0,100800.0,9999999
48698,0,8152,25.6,19.19,123.0,123.0,27.05,291.79,0.5,15,100800.0,9999999
48698,0,8153,25.0,18.84,60.0,60.0,27.05,291.96,1.0,15,100800.0,9999999
48698,0,8154,25.0,18.84,8.0,8.0,27.05,291.96,1.5,15,100900.0,9999999
48698,0,8155,25.1,18.95,0.0,0.0,27.05,292.14,2.1,1,101000.0,9999999
48698,0,8156,25.0,18.84,0.0,0.0,27.05,291.25,0.0,0,101000.0,9999999
48698,0,8157,25.0,18.84,0.0,0.0,27.05,289.99,0.0,0,101000.0,9999999
48698,0,8158,25.0,18.61,0.0,0.0,27.05,288.72,1.0,15,101000.0,9999999
48698,0,8159,25.0,18.84,0.0,0.0,27.05,289.45,1.0,16,101000.0,9999999
48698,0,8160,24.0,18.84,0.0,0.0,27.05,288.54,0.5,14,101000.0,9999999
48698,0,8161,24.7,18.49,0.0,0.0,27.05,289.63,1.5,14,100900.0,9999999
48698,0,8162,25.0,18.84,0.0,0.0,27.05,289.99,1.5,14,100900.0,9999999
48698,0,8163,25.0,17.71,0.0,0.0,27.05,290.36,2.1,14,100900.0,9999999
48698,0,8164,24.0,18.04,0.0,0.0,27.05,289.45,1.5,15,100800.0,9999999
48698,0,8165,24.0,17.71,0.0,0.0,27.05,289.45,2.6,14,100800.0,9999999
48698,0,8166,24.0,17.71,0.0,0.0,27.05,288.9,2.1,14,100900.0,9999999
48698,0,8167,24.3,18.15,36.0,36.0,27.05,289.27,2.1,15,100900.0,9999999
48698,0,8168,25.0,17.71,154.0,140.0,27.05,290.36,3.1,15,100900.0,9999999
48698,0,8169,25.0,18.84,220.0,209.0,27.05,291.25,1.5,16,101000.0,9999999
48698,0,8170,25.0,18.84,185.0,176.0,27.05,291.96,3.6,14,101000.0,9999999
48698,0,8171,24.0,17.71,223.0,219.0,27.05,291.96,3.1,15,101000.0,9999999
48698,0,8172,24.0,18.84,241.0,237.0,27.05,292.14,2.6,15,100900.0,9999999
48698,0,8173,24.7,18.61,240.0,235.0,27.05,294.41,2.6,16,100900.0,9999999
48698,0,8174,25.0,18.84,218.0,215.0,27.05,291.96,4.1,16,100800.0,9999999
48698,0,8175,25.0,18.84,178.0,177.0,27.05,291.25,4.1,16,100800.0,9999999
48698,0,8176,24.1,18.26,123.0,123.0,27.05,289.63,5.1,16,100700.0,9999999
48698,0,8177,24.0,17.71,61.0,61.0,27.05,289.45,2.1,16,100800.0,9999999
48698,0,8178,24.0,17.71,8.0,8.0,27.05,289.45,2.6,16,100800.0,9999999
48698,0,8179,24.0,18.84,0.0,0.0,27.05,290.18,1.5,15,100900.0,9999999
48698,0,8180,24.0,18.84,0.0,0.0,27.05,290.18,1.5,16,100900.0,9999999
48698,0,8181,24.0,18.84,0.0,0.0,27.05,290.18,1.5,16,100900.0,9999999
48698,0,8182,24.1,18.84,0.0,0.0,27.05,290.36,2.6,13,101000.0,9999999
48698,0,8183,24.0,18.84,0.0,0.0,27.05,289.63,1.0,13,100900.0,9999999
48698,0,8184,25.0,20.03,0.0,0.0,27.05,289.63,2.6,15,100900.0,9999999
48698,0,8185,24.6,18.72,0.0,0.0,27.05,287.43,1.5,13,100800.0,9999999
48698,0,8186,25.0,18.84,0.0,0.0,27.05,288.72,1.0,14,100800.0,9999999
48698,0,8187,24.0,18.84,0.0,0.0,27.05,288.54,1.5,13,100700.0,9999999
48698,0,8188,24.1,18.49,0.0,0.0,27.05,289.09,1.5,13,100700.0,9999999
48698,0,8189,25.0,18.84,0.0,0.0,27.05,289.45,1.5,16,100700.0,9999999
48698,0,8190,24.0,17.71,0.0,0.0,27.05,287.62,0.5,15,100800.0,9999999
48698,0,8191,24.1,18.26,35.0,35.0,27.05,286.68,2.1,14,100800.0,9999999
48698,0,8192,26.0,20.03,182.0,151.0,27.05,289.99,1.5,13,100800.0,9999999
48698,0,8193,27.0,20.03,346.0,273.0,27.05,290.89,2.1,15,100800.0,9999999
48698,0,8194,29.0,18.84,486.0,406.0,27.05,292.67,3.6,16,100800.0,9999999
48698,0,8195,29.0,18.84,585.0,484.0,27.05,293.37,3.1,1,100800.0,9999999
48698,0,8196,30.0,19.19,634.0,442.0,27.05,294.41,3.6,1,100700.0,9999999
48698,0,8197,31.0,19.42,631.0,523.0,27.05,295.96,4.1,1,100700.0,9999999
48698,0,8198,29.0,20.03,480.0,401.0,27.05,295.27,3.6,1,100700.0,9999999
48698,0,8199,28.0,18.84,297.0,283.0,27.05,296.13,4.6,1,100700.0,9999999
48698,0,8200,24.6,19.54,123.0,123.0,27.05,296.63,5.7,16,100700.0,9999999
48698,0,8201,24.0,18.84,61.0,61.0,27.05,293.72,3.6,14,100700.0,9999999
48698,0,8202,25.0,18.84,8.0,8.0,27.05,291.96,3.6,16,100700.0,9999999
48698,0,8203,25.3,19.91,0.0,0.0,27.05,291.61,2.6,16,100700.0,9999999
48698,0,8204,26.0,20.03,0.0,0.0,27.05,292.32,2.6,16,100700.0,9999999
48698,0,8205,25.0,20.03,0.0,0.0,27.05,290.72,3.1,13,100800.0,9999999
48698,0,8206,25.4,19.3,0.0,0.0,27.05,291.07,2.6,16,100800.0,9999999
48698,0,8207,25.0,18.84,0.0,0.0,27.05,289.99,0.5,16,100800.0,9999999
48698,0,8208,25.0,18.84,0.0,0.0,27.05,289.45,0.5,16,100800.0,9999999
48698,0,8209,24.9,19.19,0.0,0.0,27.05,288.72,0.5,14,100800.0,9999999
48698,0,8210,25.0,18.84,0.0,0.0,27.05,288.72,1.0,16,100700.0,9999999
48698,0,8211,25.0,18.84,0.0,0.0,27.05,288.72,0.0,0,100700.0,9999999
48698,0,8212,24.6,18.84,0.0,0.0,27.05,287.43,1.0,14,100600.0,9999999
48698,0,8213,25.0,18.84,0.0,0.0,27.05,287.8,2.1,14,100700.0,9999999
48698,0,8214,25.0,18.84,0.0,0.0,27.05,287.8,1.5,14,100700.0,9999999
48698,0,8215,24.8,18.72,34.0,34.0,27.05,287.62,1.5,15,100700.0,9999999
48698,0,8216,25.0,18.84,181.0,150.0,27.05,288.72,2.1,15,100800.0,9999999
48698,0,8217,27.0,20.03,344.0,272.0,27.05,290.89,2.6,15,100800.0,9999999
48698,0,8218,29.1,19.54,484.0,405.0,27.05,292.85,2.1,1,100800.0,9999999
48698,0,8219,30.0,20.03,583.0,482.0,27.05,295.1,3.6,1,100800.0,9999999
48698,0,8220,30.0,18.84,634.0,441.0,27.05,296.13,2.6,16,100700.0,9999999
48698,0,8221,29.0,19.78,630.0,522.0,27.05,296.13,2.6,15,100600.0,9999999
48698,0,8222,30.0,20.03,860.0,238.0,27.05,295.61,3.1,1,100600.0,9999999
48698,0,8223,27.0,20.03,679.0,202.0,27.05,293.37,0.0,0,100600.0,9999999
48698,0,8224,26.0,20.03,427.0,215.0,27.05,293.2,4.1,1,100500.0,9999999
48698,0,8225,26.0,20.03,211.0,141.0,27.05,292.32,2.1,1,100600.0,9999999
48698,0,8226,26.0,17.71,32.0,32.0,27.05,291.25,5.1,1,100600.0,9999999
48698,0,8227,25.0,18.84,0.0,0.0,27.05,289.99,1.5,16,100700.0,9999999
48698,0,8228,25.0,17.71,0.0,0.0,27.05,289.27,2.6,16,100700.0,9999999
48698,0,8229,25.0,17.71,0.0,0.0,27.05,288.54,1.5,16,100800.0,9999999
48698,0,8230,24.9,18.49,0.0,0.0,27.05,287.62,1.0,14,100800.0,9999999
48698,0,8231,25.0,17.71,0.0,0.0,27.05,288.54,1.5,15,100800.0,9999999
48698,0,8232,25.0,17.71,0.0,0.0,27.05,289.27,0.0,0,100800.0,9999999
48698,0,8233,24.5,18.26,0.0,0.0,27.05,289.45,1.5,16,100800.0,9999999
48698,0,8234,24.0,18.84,0.0,0.0,27.05,289.09,1.0,15,100700.0,9999999
48698,0,8235,24.0,17.71,0.0,0.0,27.05,288.9,1.0,14,100700.0,9999999
48698,0,8236,24.0,17.71,0.0,0.0,27.05,288.9,1.0,14,100700.0,9999999
48698,0,8237,24.0,18.84,0.0,0.0,27.05,289.63,1.5,14,100700.0,9999999
48698,0,8238,24.0,18.84,0.0,0.0,27.05,289.63,1.0,13,100700.0,9999999
48698,0,8239,24.5,18.61,13.0,13.0,27.05,289.99,1.0,15,100700.0,9999999
48698,0,8240,25.0,18.84,68.0,68.0,27.05,290.54,1.5,14,100800.0,9999999
48698,0,8241,25.0,18.84,130.0,130.0,27.05,291.25,0.0,0,100800.0,9999999
48698,0,8242,25.5,19.3,183.0,182.0,27.05,291.79,0.5,1,100900.0,9999999
48698,0,8243,25.0,20.03,368.0,344.0,27.05,292.32,0.5,15,100800.0,9999999
48698,0,8244,26.0,20.03,529.0,443.0,27.05,293.2,2.6,14,100800.0,9999999
48698,0,8245,28.1,19.42,630.0,454.0,27.05,295.27,2.6,1,100700.0,9999999
48698,0,8246,27.5,19.54,575.0,475.0,27.05,294.59,3.6,1,100600.0,9999999
48698,0,8247,27.0,20.03,470.0,406.0,27.05,293.37,4.6,1,100500.0,9999999
48698,0,8248,28.4,19.91,327.0,265.0,27.05,294.07,3.6,1,100400.0,9999999
48698,0,8249,27.0,18.84,162.0,140.0,27.05,292.49,4.6,1,100500.0,9999999
48698,0,8250,27.0,18.84,23.0,23.0,27.05,291.96,3.1,1,100600.0,9999999
48698,0,8251,26.3,19.19,0.0,0.0,27.05,291.25,1.5,16,100700.0,9999999
48698,0,8252,25.0,18.84,0.0,0.0,27.05,289.99,0.0,0,100700.0,9999999
48698,0,8253,25.0,18.84,0.0,0.0,27.05,289.99,0.0,0,100800.0,9999999
48698,0,8254,24.9,19.42,0.0,0.0,27.05,289.99,0.0,0,100800.0,9999999
48698,0,8255,25.0,18.84,0.0,0.0,27.05,290.54,2.6,14,100800.0,9999999
48698,0,8256,24.0,18.84,0.0,0.0,27.05,289.63,2.1,15,100800.0,9999999
48698,0,8257,24.3,18.72,0.0,0.0,27.05,290.54,2.6,15,100700.0,9999999
48698,0,8258,24.1,18.49,0.0,0.0,27.05,289.63,3.4,15,100700.0,9999999
48698,0,8259,24.0,17.71,0.0,0.0,27.05,288.17,4.1,1,100700.0,9999999
48698,0,8260,24.0,18.15,0.0,0.0,27.05,286.68,4.6,2,100600.0,9999999
48698,0,8261,24.0,17.71,0.0,0.0,27.05,287.62,1.0,2,100700.0,9999999
48698,0,8262,24.0,17.71,0.0,0.0,27.05,288.9,1.5,16,100700.0,9999999
48698,0,8263,24.2,18.72,12.0,12.0,27.05,289.81,0.5,16,100800.0,9999999
48698,0,8264,25.0,18.84,112.0,112.0,27.05,289.99,0.5,16,100800.0,9999999
48698,0,8265,25.0,18.84,286.0,240.0,27.05,289.45,0.5,16,100900.0,9999999
48698,0,8266,26.0,19.3,482.0,363.0,27.05,289.81,2.1,16,100900.0,9999999
48698,0,8267,26.0,20.03,581.0,481.0,27.05,290.72,2.6,16,100800.0,9999999
48698,0,8268,27.0,18.84,633.0,524.0,27.05,291.96,3.1,1,100700.0,9999999
48698,0,8269,28.0,19.66,630.0,522.0,27.05,293.72,2.1,1,100600.0,9999999
48698,0,8270,28.0,20.03,574.0,475.0,27.05,293.2,1.5,2,100600.0,9999999
48698,0,8271,28.0,18.84,472.0,407.0,27.05,292.32,1.0,2,100500.0,9999999
48698,0,8272,28.0,19.91,328.0,265.0,27.05,291.79,3.6,1,100500.0,9999999
48698,0,8273,27.0,18.84,163.0,140.0,27.05,290.72,2.1,1,100600.0,9999999
48698,0,8274,26.0,18.84,24.0,24.0,27.05,289.63,3.1,1,100600.0,9999999
48698,0,8275,25.9,19.42,0.0,0.0,27.05,288.72,1.5,1,100700.0,9999999
48698,0,8276,26.0,20.03,0.0,0.0,27.05,289.99,1.0,16,100800.0,9999999
48698,0,8277,26.0,20.03,0.0,0.0,27.05,289.99,0.5,1,100900.0,9999999
48698,0,8278,25.5,19.78,0.0,0.0,27.05,289.45,0.0,0,100900.0,9999999
48698,0,8279,25.0,20.03,0.0,0.0,27.05,288.9,0.0,0,100900.0,9999999
48698,0,8280,25.0,20.03,0.0,0.0,27.05,288.9,0.0,0,100900.0,9999999
48698,0,8281,24.9,19.42,0.0,0.0,27.05,287.8,0.0,0,100800.0,9999999
48698,0,8282,25.0,20.03,0.0,0.0,27.05,287.99,0.5,14,100800.0,9999999
48698,0,8283,25.0,18.84,0.0,0.0,27.05,287.8,0.5,12,100700.0,9999999
48698,0,8284,24.4,19.19,0.0,0.0,27.05,287.24,0.5,12,100700.0,9999999
48698,0,8285,25.0,18.84,0.0,0.0,27.05,288.72,0.0,0,100700.0,9999999
48698,0,8286,24.0,18.84,0.0,0.0,27.05,289.09,0.0,0,100800.0,9999999
48698,0,8287,24.9,19.42,31.0,31.0,27.05,290.54,0.0,0,100900.0,9999999
48698,0,8288,24.0,18.84,148.0,136.0,27.05,289.63,2.1,8,100900.0,9999999
48698,0,8289,24.0,18.84,215.0,205.0,27.05,289.09,1.0,11,101000.0,9999999
48698,0,8290,23.8,18.26,183.0,175.0,27.05,288.72,2.6,8,101100.0,9999999
48698,0,8291,25.0,18.84,221.0,217.0,27.05,289.99,0.0,0,101000.0,9999999
48698,0,8292,26.0,20.03,240.0,235.0,27.05,291.79,1.0,14,101000.0,9999999
48698,0,8293,25.7,19.3,239.0,234.0,27.05,291.25,0.0,0,100900.0,9999999
48698,0,8294,26.0,18.84,218.0,215.0,27.05,290.89,0.0,0,100800.0,9999999
48698,0,8295,26.0,20.03,179.0,178.0,27.05,289.99,0.0,0,100700.0,9999999
48698,0,8296,26.2,19.42,125.0,125.0,27.05,289.09,0.0,0,100700.0,9999999
48698,0,8297,26.0,20.03,84.0,84.0,27.05,288.9,0.5,15,100700.0,9999999
48698,0,8298,26.0,18.84,15.0,15.0,27.05,289.63,0.0,0,100700.0,9999999
48698,0,8299,25.0,18.84,0.0,0.0,27.05,288.72,0.0,0,100800.0,9999999
48698,0,8300,25.0,18.84,0.0,0.0,27.05,288.72,1.0,16,100800.0,9999999
48698,0,8301,25.0,18.84,0.0,0.0,27.05,288.72,0.0,0,100900.0,9999999
48698,0,8302,24.5,18.72,0.0,0.0,27.05,288.17,0.5,16,100900.0,9999999
48698,0,8303,24.0,18.84,0.0,0.0,27.05,287.8,0.5,16,100900.0,9999999
48698,0,8304,25.0,18.84,0.0,0.0,27.05,288.72,1.5,1,100900.0,9999999
48698,0,8305,24.3,18.72,0.0,0.0,27.05,287.99,0.5,16,100900.0,9999999
48698,0,8306,24.0,17.71,0.0,0.0,27.05,287.62,0.0,0,100800.0,9999999
48698,0,8307,24.0,17.71,0.0,0.0,27.05,287.62,0.5,15,100700.0,9999999
48698,0,8308,23.7,17.71,0.0,0.0,27.05,287.24,0.5,14,100700.0,9999999
48698,0,8309,23.0,17.71,0.0,0.0,27.05,286.5,0.0,0,100700.0,9999999
48698,0,8310,23.0,17.71,0.0,0.0,27.05,286.5,0.0,0,100800.0,9999999
48698,0,8311,23.8,17.93,12.0,12.0,27.05,286.5,0.0,0,100800.0,9999999
48698,0,8312,25.0,18.84,111.0,111.0,27.05,287.8,1.0,1,100900.0,9999999
48698,0,8313,26.0,18.84,284.0,238.0,27.05,288.72,2.1,1,100900.0,9999999
48698,0,8314,27.9,18.49,480.0,362.0,27.05,290.54,1.5,2,101000.0,9999999
48698,0,8315,29.0,18.84,581.0,480.0,27.05,292.67,1.5,1,100900.0,9999999
48698,0,8316,29.0,18.84,632.0,523.0,27.05,293.89,1.5,16,100800.0,9999999
48698,0,8317,28.9,19.54,630.0,522.0,27.05,294.41,2.6,1,100800.0,9999999
48698,0,8318,28.0,18.84,576.0,476.0,27.05,292.85,2.1,3,100700.0,9999999
48698,0,8319,29.0,18.84,473.0,408.0,27.05,292.67,3.1,2,100600.0,9999999
48698,0,8320,28.8,18.04,331.0,267.0,27.05,291.25,5.7,2,100500.0,9999999
48698,0,8321,28.0,18.84,138.0,129.0,27.05,290.72,4.1,2,100600.0,9999999
48698,0,8322,27.0,18.84,16.0,16.0,27.05,289.63,5.1,1,100600.0,9999999
48698,0,8323,26.2,19.19,0.0,0.0,27.05,288.9,3.6,1,100700.0,9999999
48698,0,8324,26.0,20.03,0.0,0.0,27.05,288.9,3.1,1,100700.0,9999999
48698,0,8325,26.0,20.03,0.0,0.0,27.05,288.9,3.6,2,100800.0,9999999
48698,0,8326,26.0,19.54,0.0,0.0,27.05,288.9,2.6,1,100900.0,9999999
48698,0,8327,26.0,20.03,0.0,0.0,27.05,288.9,1.0,1,100900.0,9999999
48698,0,8328,26.0,20.03,0.0,0.0,27.05,288.9,0.0,0,100900.0,9999999
48698,0,8329,25.3,19.19,0.0,0.0,27.05,288.17,1.0,15,100800.0,9999999
48698,0,8330,25.0,18.84,0.0,0.0,27.05,287.8,0.0,0,100800.0,9999999
48698,0,8331,25.0,18.84,0.0,0.0,27.05,287.8,0.0,0,100700.0,9999999
48698,0,8332,24.7,19.19,0.0,0.0,27.05,287.62,0.0,0,100700.0,9999999
48698,0,8333,25.0,18.84,0.0,0.0,27.05,287.8,0.0,0,100700.0,9999999
48698,0,8334,25.0,18.84,0.0,0.0,27.05,287.8,0.0,0,100800.0,9999999
48698,0,8335,25.2,19.19,30.0,30.0,27.05,287.99,0.5,16,100800.0,9999999
48698,0,8336,26.0,18.84,174.0,145.0,27.05,288.72,2.1,16,100800.0,9999999
48698,0,8337,27.0,18.84,338.0,267.0,27.05,290.72,1.0,1,100800.0,9999999
48698,0,8338,28.0,18.84,479.0,400.0,27.05,291.61,2.6,16,100800.0,9999999
48698,0,8339,28.0,18.84,580.0,479.0,27.05,291.61,2.6,1,100800.0,9999999
48698,0,8340,30.0,17.71,633.0,523.0,27.05,293.37,7.2,1,100700.0,9999999
48698,0,8341,30.6,17.28,632.0,522.0,27.05,293.89,6.7,1,100700.0,9999999
48698,0,8342,31.0,16.65,578.0,477.0,27.05,294.76,7.2,1,100700.0,9999999
48698,0,8343,30.0,17.71,474.0,409.0,27.05,294.59,7.2,1,100600.0,9999999
48698,0,8344,29.7,17.38,332.0,268.0,27.05,294.93,6.7,1,100600.0,9999999
48698,0,8345,29.0,17.71,167.0,143.0,27.05,293.72,7.2,1,100600.0,9999999
48698,0,8346,27.0,17.71,26.0,26.0,27.05,290.36,5.1,1,100700.0,9999999
48698,0,8347,27.0,18.61,0.0,0.0,27.05,289.63,3.1,1,100700.0,9999999
48698,0,8348,27.0,18.84,0.0,0.0,27.05,290.72,2.6,16,100700.0,9999999
48698,0,8349,27.0,18.84,0.0,0.0,27.05,290.72,2.1,16,100800.0,9999999
48698,0,8350,25.9,19.07,0.0,0.0,27.05,289.63,1.5,16,100900.0,9999999
48698,0,8351,26.0,18.84,0.0,0.0,27.05,290.36,1.5,16,100800.0,9999999
48698,0,8352,26.0,20.03,0.0,0.0,27.05,290.72,1.5,16,100800.0,9999999
48698,0,8353,25.5,19.78,0.0,0.0,27.05,290.72,0.5,15,100800.0,9999999
48698,0,8354,25.0,20.03,0.0,0.0,27.05,290.18,1.5,15,100800.0,9999999
48698,0,8355,25.0,18.84,0.0,0.0,27.05,289.99,5.1,1,100800.0,9999999
48698,0,8356,25.0,18.84,0.0,0.0,27.05,289.99,0.5,15,100800.0,9999999
48698,0,8357,25.0,20.03,0.0,0.0,27.05,290.72,2.1,14,100800.0,9999999
48698,0,8358,25.0,20.03,0.0,0.0,27.05,290.72,0.5,14,100800.0,9999999
48698,0,8359,25.0,19.54,29.0,29.0,27.05,290.72,1.0,13,100800.0,9999999
48698,0,8360,25.0,20.03,172.0,144.0,27.05,290.72,0.5,15,100800.0,9999999
48698,0,8361,25.0,18.84,337.0,266.0,27.05,289.99,4.6,16,100900.0,9999999
48698,0,8362,27.5,20.27,477.0,399.0,27.05,292.67,3.1,16,100900.0,9999999
48698,0,8363,24.0,18.84,484.0,404.0,27.05,289.63,2.1,16,100900.0,9999999
48698,0,8364,25.0,18.84,399.0,373.0,27.05,290.54,1.5,13,100800.0,9999999
48698,0,8365,25.5,19.78,239.0,232.0,27.05,291.79,0.5,13,100800.0,9999999
48698,0,8366,26.0,20.03,364.0,340.0,27.05,293.2,2.1,12,100700.0,9999999
48698,0,8367,27.0,20.03,396.0,340.0,27.05,294.24,1.0,4,100600.0,9999999
48698,0,8368,28.3,19.91,332.0,263.0,27.05,295.44,5.1,1,100600.0,9999999
48698,0,8369,29.0,18.84,168.0,144.0,27.05,294.41,5.1,1,100600.0,9999999
48698,0,8370,27.0,20.03,26.0,26.0,27.05,291.61,4.6,1,100700.0,9999999
48698,0,8371,26.8,19.66,0.0,0.0,27.05,289.63,2.6,1,100700.0,9999999
48698,0,8372,26.4,19.66,0.0,0.0,27.05,289.27,1.5,1,100800.0,9999999
48698,0,8373,26.0,20.03,0.0,0.0,27.05,288.9,0.5,16,100900.0,9999999
48698,0,8374,26.0,19.54,0.0,0.0,27.05,288.9,0.0,0,100900.0,9999999
48698,0,8375,26.0,18.84,0.0,0.0,27.05,288.72,0.5,14,100900.0,9999999
48698,0,8376,25.0,18.84,0.0,0.0,27.05,287.8,1.0,15,100800.0,9999999
48698,0,8377,25.3,19.3,0.0,0.0,27.05,288.17,1.0,15,100800.0,9999999
48698,0,8378,25.0,20.03,0.0,0.0,27.05,288.9,1.0,13,100800.0,9999999
48698,0,8379,25.0,20.03,0.0,0.0,27.05,288.9,0.5,14,100700.0,9999999
48698,0,8380,25.0,19.66,0.0,0.0,27.05,288.9,0.0,0,100700.0,9999999
48698,0,8381,24.0,18.84,0.0,0.0,27.05,288.54,1.5,15,100700.0,9999999
48698,0,8382,24.0,18.84,0.0,0.0,27.05,289.09,0.5,16,100800.0,9999999
48698,0,8383,24.8,19.07,28.0,28.0,27.05,290.36,1.0,14,100900.0,9999999
48698,0,8384,25.0,18.84,158.0,135.0,27.05,291.25,1.5,14,100900.0,9999999
48698,0,8385,27.0,18.84,280.0,262.0,27.05,293.2,3.6,16,100900.0,9999999
48698,0,8386,27.0,18.84,353.0,333.0,27.05,294.07,3.1,15,100800.0,9999999
48698,0,8387,28.0,18.84,365.0,352.0,27.05,294.93,2.6,15,100800.0,9999999
48698,0,8388,28.0,20.03,323.0,314.0,27.05,296.3,5.7,14,100800.0,9999999
48698,0,8389,24.2,18.61,239.0,236.0,27.05,293.89,3.1,1,100800.0,9999999
48698,0,8390,24.0,18.84,219.0,215.0,27.05,291.07,2.1,1,100800.0,9999999
48698,0,8391,24.0,18.84,180.0,179.0,27.05,290.18,0.0,0,100800.0,9999999
48698,0,8392,23.9,18.72,126.0,126.0,27.05,289.45,0.5,14,100700.0,9999999
48698,0,8393,24.0,18.84,64.0,64.0,27.05,289.63,2.1,14,100800.0,9999999
48698,0,8394,24.0,18.84,10.0,10.0,27.05,289.63,2.6,16,100800.0,9999999
48698,0,8395,24.0,18.84,0.0,0.0,27.05,289.63,1.5,16,100800.0,9999999
48698,0,8396,24.0,17.71,0.0,0.0,27.05,289.45,0.5,14,100900.0,9999999
48698,0,8397,24.0,18.84,0.0,0.0,27.05,289.63,1.5,13,100900.0,9999999
48698,0,8398,23.7,18.15,0.0,0.0,27.05,289.09,2.1,14,100900.0,9999999
48698,0,8399,24.0,17.71,0.0,0.0,27.05,289.45,1.0,12,100900.0,9999999
48698,0,8400,24.0,17.71,0.0,0.0,27.05,288.9,2.6,13,100900.0,9999999
48698,0,8401,23.5,17.82,0.0,0.0,27.05,288.35,1.5,12,100900.0,9999999
48698,0,8402,23.0,17.71,0.0,0.0,27.05,287.8,2.1,12,100800.0,9999999
48698,0,8403,23.0,17.71,0.0,0.0,27.05,287.8,0.5,12,100800.0,9999999
48698,0,8404,23.3,17.6,0.0,0.0,27.05,288.17,0.5,12,100700.0,9999999
48698,0,8405,23.0,17.71,0.0,0.0,27.05,288.35,1.5,12,100800.0,9999999
48698,0,8406,23.1,17.49,0.0,0.0,27.05,289.09,1.5,12,100900.0,9999999
48698,0,8407,23.2,17.49,10.0,10.0,27.05,289.99,1.5,13,100900.0,9999999
48698,0,8408,24.0,17.71,108.0,108.0,27.05,290.89,2.6,12,100900.0,9999999
48698,0,8409,25.2,18.26,280.0,235.0,27.05,291.25,2.8,12,101000.0,9999999
48698,0,8410,26.5,18.61,476.0,358.0,27.05,291.96,3.1,14,101000.0,9999999
48698,0,8411,27.0,17.71,578.0,477.0,27.05,292.32,2.6,13,100900.0,9999999
48698,0,8412,29.0,18.84,630.0,522.0,27.05,294.41,1.0,15,100900.0,9999999
48698,0,8413,29.0,19.54,630.0,522.0,27.05,294.59,0.5,2,100800.0,9999999
48698,0,8414,29.0,18.84,483.0,403.0,27.05,295.1,1.5,6,100800.0,9999999
48698,0,8415,28.0,18.84,301.0,286.0,27.05,294.93,4.1,8,100700.0,9999999
48698,0,8416,26.2,18.26,127.0,127.0,27.05,295.79,2.6,1,100700.0,9999999
48698,0,8417,25.0,18.84,108.0,108.0,27.05,291.25,1.5,1,100700.0,9999999
48698,0,8418,26.0,18.84,23.0,23.0,27.05,290.89,2.1,1,100800.0,9999999
48698,0,8419,26.0,19.66,0.0,0.0,27.05,288.9,0.5,1,100800.0,9999999
48698,0,8420,25.0,18.84,0.0,0.0,27.05,287.8,1.5,15,100800.0,9999999
48698,0,8421,25.0,18.84,0.0,0.0,27.05,287.8,1.0,14,100900.0,9999999
48698,0,8422,25.0,18.84,0.0,0.0,27.05,287.8,1.5,14,101000.0,9999999
48698,0,8423,25.0,18.84,0.0,0.0,27.05,287.8,0.0,0,101000.0,9999999
48698,0,8424,25.0,18.84,0.0,0.0,27.05,287.8,1.5,12,101000.0,9999999
48698,0,8425,24.9,19.07,0.0,0.0,27.05,287.62,0.0,0,100900.0,9999999
48698,0,8426,25.0,18.84,0.0,0.0,27.05,287.8,0.0,0,100900.0,9999999
48698,0,8427,25.0,18.84,0.0,0.0,27.05,287.8,0.0,0,100900.0,9999999
48698,0,8428,24.8,18.95,0.0,0.0,27.05,287.62,0.5,14,100800.0,9999999
48698,0,8429,25.0,18.84,0.0,0.0,27.05,287.8,2.1,14,100800.0,9999999
48698,0,8430,25.0,18.84,0.0,0.0,27.05,287.8,0.5,14,100800.0,9999999
48698,0,8431,24.4,18.84,27.0,27.0,27.05,287.24,0.0,0,100900.0,9999999
48698,0,8432,27.0,18.84,169.0,140.0,27.05,290.72,2.1,15,100900.0,9999999
48698,0,8433,28.0,20.03,332.0,263.0,27.05,292.49,2.6,1,100900.0,9999999
48698,0,8434,28.5,20.03,474.0,396.0,27.05,293.72,4.1,1,101000.0,9999999
48698,0,8435,30.0,21.29,575.0,476.0,27.05,295.27,3.6,1,100900.0,9999999
48698,0,8436,30.0,20.03,629.0,521.0,27.05,295.1,3.1,1,100800.0,9999999
48698,0,8437,31.0,19.66,630.0,522.0,27.05,295.96,3.1,1,100700.0,9999999
48698,0,8438,30.0,18.84,578.0,477.0,27.05,295.44,1.0,2,100700.0,9999999
48698,0,8439,29.0,18.84,477.0,411.0,27.05,294.41,3.1,7,100700.0,9999999
48698,0,8440,27.4,19.19,335.0,271.0,27.05,293.55,3.6,15,100600.0,9999999
48698,0,8441,25.0,17.71,172.0,146.0,27.05,290.36,1.5,16,100700.0,9999999
48698,0,8442,25.0,18.84,28.0,28.0,27.05,290.54,0.5,16,100700.0,9999999
48698,0,8443,24.6,17.49,0.0,0.0,27.05,289.27,1.0,15,100800.0,9999999
48698,0,8444,24.0,17.71,0.0,0.0,27.05,288.17,0.0,0,100800.0,9999999
48698,0,8445,25.0,18.84,0.0,0.0,27.05,288.72,0.0,0,100900.0,9999999
48698,0,8446,24.7,18.61,0.0,0.0,27.05,287.43,0.0,0,100900.0,9999999
48698,0,8447,25.0,18.84,0.0,0.0,27.05,287.8,0.0,0,100900.0,9999999
48698,0,8448,25.0,18.84,0.0,0.0,27.05,287.8,0.0,0,100900.0,9999999
48698,0,8449,24.7,19.19,0.0,0.0,27.05,287.62,0.0,0,100900.0,9999999
48698,0,8450,25.0,18.84,0.0,0.0,27.05,287.8,0.0,0,100800.0,9999999
48698,0,8451,25.0,18.84,0.0,0.0,27.05,287.8,0.0,0,100800.0,9999999
48698,0,8452,24.6,19.19,0.0,0.0,27.05,287.43,0.0,0,100700.0,9999999
48698,0,8453,25.0,18.84,0.0,0.0,27.05,287.8,0.0,0,100800.0,9999999
48698,0,8454,24.0,18.84,0.0,0.0,27.05,286.87,0.0,0,100800.0,9999999
48698,0,8455,24.9,19.42,38.0,37.0,27.05,287.8,0.0,0,100900.0,9999999
48698,0,8456,27.0,20.03,229.0,142.0,27.05,290.89,0.5,16,100900.0,9999999
48698,0,8457,27.0,20.03,407.0,223.0,27.05,291.61,0.0,0,101000.0,9999999
48698,0,8458,27.3,20.03,473.0,357.0,27.05,292.49,0.5,1,101000.0,9999999
48698,0,8459,27.0,20.03,481.0,402.0,27.05,292.14,2.1,2,100900.0,9999999
48698,0,8460,27.0,20.03,397.0,371.0,27.05,292.67,2.1,3,100900.0,9999999
48698,0,8461,27.0,19.54,239.0,233.0,27.05,292.67,4.6,1,100800.0,9999999
48698,0,8462,27.0,20.03,365.0,341.0,27.05,292.14,4.6,1,100800.0,9999999
48698,0,8463,26.0,18.84,399.0,342.0,27.05,290.36,4.6,1,100700.0,9999999
48698,0,8464,26.4,19.3,336.0,266.0,27.05,290.18,3.1,1,100600.0,9999999
48698,0,8465,26.0,18.84,173.0,147.0,27.05,289.63,1.0,16,100700.0,9999999
48698,0,8466,26.0,18.84,29.0,29.0,27.05,289.63,1.5,16,100700.0,9999999
48698,0,8467,25.2,18.61,0.0,0.0,27.05,287.99,0.5,15,100700.0,9999999
48698,0,8468,25.0,18.84,0.0,0.0,27.05,287.8,1.5,16,100800.0,9999999
48698,0,8469,25.0,18.84,0.0,0.0,27.05,287.8,0.0,0,100900.0,9999999
48698,0,8470,24.7,18.61,0.0,0.0,27.05,287.43,1.0,16,100900.0,9999999
48698,0,8471,24.0,17.71,0.0,0.0,27.05,286.5,0.5,15,100900.0,9999999
48698,0,8472,24.0,17.71,0.0,0.0,27.05,286.5,0.0,0,100900.0,9999999
48698,0,8473,24.1,18.15,0.0,0.0,27.05,286.68,1.0,16,100900.0,9999999
48698,0,8474,24.0,17.71,0.0,0.0,27.05,286.5,0.5,16,100900.0,9999999
48698,0,8475,24.0,17.71,0.0,0.0,27.05,286.5,0.5,15,100800.0,9999999
48698,0,8476,24.0,18.04,0.0,0.0,27.05,286.68,0.5,15,100800.0,9999999
48698,0,8477,24.0,17.71,0.0,0.0,27.05,286.5,0.0,0,100800.0,9999999
48698,0,8478,24.0,18.84,0.0,0.0,27.05,286.87,0.0,0,100800.0,9999999
48698,0,8479,25.2,19.07,25.0,25.0,27.05,287.99,1.5,16,100900.0,9999999
48698,0,8480,27.0,20.03,166.0,139.0,27.05,290.89,2.1,1,100900.0,9999999
48698,0,8481,28.0,20.03,330.0,261.0,27.05,292.49,2.6,1,100900.0,9999999
48698,0,8482,29.4,20.65,471.0,394.0,27.05,294.59,4.1,1,101000.0,9999999
48698,0,8483,29.0,20.03,574.0,475.0,27.05,294.76,3.6,1,100900.0,9999999
48698,0,8484,30.0,20.03,628.0,521.0,27.05,295.61,5.1,1,100800.0,9999999
48698,0,8485,29.8,19.3,630.0,522.0,27.05,295.96,4.6,1,100800.0,9999999
48698,0,8486,30.0,18.84,579.0,478.0,27.05,295.44,3.6,1,100700.0,9999999
48698,0,8487,28.0,17.71,479.0,413.0,27.05,293.2,4.6,12,100700.0,9999999
48698,0,8488,25.0,18.95,338.0,273.0,27.05,289.99,1.5,13,100600.0,9999999
48698,0,8489,25.0,18.84,174.0,148.0,27.05,289.99,0.5,15,100700.0,9999999
48698,0,8490,26.0,20.03,30.0,30.0,27.05,291.79,0.5,1,100700.0,9999999
48698,0,8491,25.4,19.66,0.0,0.0,27.05,291.07,0.5,14,100800.0,9999999
48698,0,8492,26.0,18.84,0.0,0.0,27.05,290.89,2.6,16,100800.0,9999999
48698,0,8493,26.0,20.03,0.0,0.0,27.05,289.99,3.1,1,100900.0,9999999
48698,0,8494,25.6,19.66,0.0,0.0,27.05,288.54,0.5,15,100900.0,9999999
48698,0,8495,25.0,18.84,0.0,0.0,27.05,287.8,0.5,14,100900.0,9999999
48698,0,8496,25.0,18.84,0.0,0.0,27.05,287.8,0.0,0,100900.0,9999999
48698,0,8497,25.1,19.3,0.0,0.0,27.05,287.99,0.0,0,100800.0,9999999
48698,0,8498,25.0,18.84,0.0,0.0,27.05,287.8,0.5,15,100800.0,9999999
48698,0,8499,25.0,18.84,0.0,0.0,27.05,287.8,0.5,12,100800.0,9999999
48698,0,8500,24.5,18.72,0.0,0.0,27.05,287.24,0.5,12,100800.0,9999999
48698,0,8501,24.7,18.84,0.0,0.0,27.05,287.43,0.5,12,100800.0,9999999
48698,0,8502,25.0,18.84,0.0,0.0,27.05,287.8,0.5,12,100800.0,9999999
48698,0,8503,25.3,18.95,24.0,24.0,27.05,287.99,2.1,14,100800.0,9999999
48698,0,8504,26.0,18.84,165.0,138.0,27.05,290.36,1.0,15,100900.0,9999999
48698,0,8505,27.0,20.03,328.0,260.0,27.05,292.67,0.5,16,100900.0,9999999
48698,0,8506,28.2,19.66,471.0,394.0,27.05,294.41,1.5,16,101000.0,9999999
48698,0,8507,29.0,20.03,574.0,474.0,27.05,296.13,1.5,16,100900.0,9999999
48698,0,8508,30.0,20.03,628.0,520.0,27.05,297.14,1.0,15,100800.0,9999999
48698,0,8509,28.0,20.65,629.0,522.0,27.05,295.27,1.5,1,100700.0,9999999
48698,0,8510,28.0,20.03,579.0,478.0,27.05,295.27,4.1,1,100700.0,9999999
48698,0,8511,29.0,20.03,479.0,413.0,27.05,296.13,3.1,1,100600.0,9999999
48698,0,8512,28.5,19.42,339.0,273.0,27.05,294.76,2.6,16,100600.0,9999999
48698,0,8513,27.0,17.71,175.0,149.0,27.05,292.32,3.6,1,100600.0,9999999
48698,0,8514,26.6,18.84,31.0,31.0,27.05,291.07,2.8,1,100700.0,9999999
48698,0,8515,26.3,18.49,0.0,0.0,27.05,288.9,2.1,1,100700.0,9999999
48698,0,8516,26.0,18.84,0.0,0.0,27.05,288.72,2.6,1,100800.0,9999999
48698,0,8517,26.0,20.03,0.0,0.0,27.05,288.9,2.1,16,100900.0,9999999
48698,0,8518,25.7,19.3,0.0,0.0,27.05,288.54,3.1,16,101000.0,9999999
48698,0,8519,26.0,20.03,0.0,0.0,27.05,288.9,2.6,16,100900.0,9999999
48698,0,8520,25.0,18.84,0.0,0.0,27.05,287.8,2.1,16,100900.0,9999999
48698,0,8521,25.2,19.07,0.0,0.0,27.05,287.99,1.5,16,100900.0,9999999
48698,0,8522,25.0,18.84,0.0,0.0,27.05,287.8,2.1,16,100800.0,9999999
48698,0,8523,25.0,18.84,0.0,0.0,27.05,287.8,1.5,16,100800.0,9999999
48698,0,8524,25.0,18.95,0.0,0.0,27.05,287.8,1.5,16,100800.0,9999999
48698,0,8525,25.0,18.84,0.0,0.0,27.05,289.45,1.5,16,100800.0,9999999
48698,0,8526,25.0,18.84,0.0,0.0,27.05,290.54,0.0,0,100900.0,9999999
48698,0,8527,25.2,18.84,24.0,24.0,27.05,292.32,1.0,16,100900.0,9999999
48698,0,8528,27.0,20.03,163.0,137.0,27.05,293.37,2.1,16,100900.0,9999999
48698,0,8529,27.0,20.03,327.0,259.0,27.05,292.67,2.6,1,100900.0,9999999
48698,0,8530,28.2,18.72,471.0,393.0,27.05,293.02,6.2,1,101000.0,9999999
48698,0,8531,30.0,18.84,574.0,474.0,27.05,294.93,6.7,1,100900.0,9999999
48698,0,8532,29.0,18.84,629.0,521.0,27.05,293.89,7.7,1,100900.0,9999999
48698,0,8533,30.0,18.84,631.0,522.0,27.05,294.93,7.7,1,100800.0,9999999
48698,0,8534,30.0,20.03,579.0,479.0,27.05,294.59,6.7,1,100800.0,9999999
48698,0,8535,29.0,18.84,480.0,414.0,27.05,292.67,6.7,1,100700.0,9999999
48698,0,8536,28.6,18.04,341.0,275.0,27.05,291.07,6.2,1,100600.0,9999999
48698,0,8537,28.0,20.03,176.0,149.0,27.05,291.79,5.7,1,100700.0,9999999
48698,0,8538,27.0,17.71,32.0,32.0,27.05,291.07,4.6,16,100700.0,9999999
48698,0,8539,26.6,18.38,0.0,0.0,27.05,291.43,2.6,16,100800.0,9999999
48698,0,8540,26.0,17.71,0.0,0.0,27.05,290.18,1.5,16,100800.0,9999999
48698,0,8541,26.0,17.71,0.0,0.0,27.05,289.45,1.0,16,100900.0,9999999
48698,0,8542,25.7,18.49,0.0,0.0,27.05,288.35,1.5,16,101000.0,9999999
48698,0,8543,25.0,18.84,0.0,0.0,27.05,287.8,1.0,16,101000.0,9999999
48698,0,8544,25.0,18.84,0.0,0.0,27.05,287.8,1.0,15,101000.0,9999999
48698,0,8545,24.7,18.26,0.0,0.0,27.05,287.43,1.0,15,101000.0,9999999
48698,0,8546,25.0,17.71,0.0,0.0,27.05,287.62,1.5,15,100900.0,9999999
48698,0,8547,25.0,17.71,0.0,0.0,27.05,287.62,1.0,14,100900.0,9999999
48698,0,8548,24.4,17.93,0.0,0.0,27.05,287.06,0.5,14,100900.0,9999999
48698,0,8549,24.0,17.71,0.0,0.0,27.05,287.62,0.5,15,100900.0,9999999
48698,0,8550,25.0,17.71,0.0,0.0,27.05,288.54,2.6,16,101000.0,9999999
48698,0,8551,24.5,17.93,23.0,23.0,27.05,287.99,1.5,15,101000.0,9999999
48698,0,8552,26.0,17.71,162.0,136.0,27.05,289.45,2.1,15,101000.0,9999999
48698,0,8553,27.0,18.84,327.0,258.0,27.05,290.72,3.6,16,101100.0,9999999
48698,0,8554,27.9,18.38,470.0,392.0,27.05,290.54,5.1,1,101100.0,9999999
48698,0,8555,29.2,16.14,576.0,474.0,27.05,291.25,8.2,1,100700.0,9999999
48698,0,8556,30.0,17.71,630.0,521.0,27.05,292.32,5.7,16,100800.0,9999999
48698,0,8557,29.9,16.96,633.0,523.0,27.05,292.14,6.2,1,100900.0,9999999
48698,0,8558,29.0,17.71,582.0,480.0,27.05,291.43,7.7,1,100800.0,9999999
48698,0,8559,29.0,16.65,483.0,416.0,27.05,291.25,7.2,1,100800.0,9999999
48698,0,8560,29.2,16.14,343.0,276.0,27.05,291.25,8.2,1,100700.0,9999999
48698,0,8561,28.0,15.64,179.0,151.0,27.05,289.99,5.7,1,100800.0,9999999
48698,0,8562,27.0,16.65,33.0,33.0,27.05,289.27,4.6,16,100800.0,9999999
48698,0,8563,26.3,16.96,0.0,0.0,27.05,288.72,2.6,16,100900.0,9999999
48698,0,8564,26.0,17.71,0.0,0.0,27.05,288.54,1.5,16,100900.0,9999999
48698,0,8565,25.0,16.65,0.0,0.0,27.05,287.24,2.1,16,101000.0,9999999
48698,0,8566,25.2,16.85,0.0,0.0,27.05,287.62,1.5,15,101000.0,9999999
48698,0,8567,25.0,16.65,0.0,0.0,27.05,287.24,1.5,15,101000.0,9999999
48698,0,8568,25.0,16.65,0.0,0.0,27.05,287.24,1.0,15,101000.0,9999999
48698,0,8569,24.3,17.06,0.0,0.0,27.05,286.68,1.5,16,100900.0,9999999
48698,0,8570,24.0,17.71,0.0,0.0,27.05,286.5,2.6,15,100900.0,9999999
48698,0,8571,24.0,16.65,0.0,0.0,27.05,286.31,1.5,15,100900.0,9999999
48698,0,8572,23.1,15.35,0.0,0.0,27.05,285.18,1.0,14,100800.0,9999999
48698,0,8573,24.0,16.65,0.0,0.0,27.05,286.31,1.5,14,100900.0,9999999
48698,0,8574,23.0,16.65,0.0,0.0,27.05,285.37,1.5,14,100900.0,9999999
48698,0,8575,24.5,16.54,22.0,22.0,27.05,286.87,1.5,13,100900.0,9999999
48698,0,8576,26.0,16.65,161.0,135.0,27.05,289.27,2.1,15,100900.0,9999999
48698,0,8577,27.0,16.65,327.0,258.0,27.05,290.89,3.1,16,100900.0,9999999
48698,0,8578,28.0,16.65,471.0,392.0,27.05,292.49,3.1,16,101000.0,9999999
48698,0,8579,29.0,16.65,575.0,474.0,27.05,292.85,5.1,1,100900.0,9999999
48698,0,8580,29.0,16.65,631.0,521.0,27.05,292.85,3.6,16,100900.0,9999999
48698,0,8581,30.5,15.84,635.0,524.0,27.05,293.37,5.1,1,100800.0,9999999
48698,0,8582,30.0,16.65,584.0,481.0,27.05,293.2,5.7,1,100800.0,9999999
48698,0,8583,29.0,15.64,485.0,417.0,27.05,291.96,4.1,1,100800.0,9999999
48698,0,8584,28.4,15.74,344.0,277.0,27.05,290.36,4.1,1,100700.0,9999999
48698,0,8585,28.0,16.65,180.0,152.0,27.05,290.18,3.6,16,100800.0,9999999
48698,0,8586,27.0,16.65,33.0,33.0,27.05,289.27,3.6,1,100800.0,9999999
48698,0,8587,26.6,16.34,0.0,0.0,27.05,288.72,4.6,16,100900.0,9999999
48698,0,8588,26.0,15.64,0.0,0.0,27.05,287.99,2.1,16,100900.0,9999999
48698,0,8589,25.0,15.64,0.0,0.0,27.05,287.06,1.5,14,101000.0,9999999
48698,0,8590,24.9,15.74,0.0,0.0,27.05,287.06,1.5,14,101000.0,9999999
48698,0,8591,25.0,15.64,0.0,0.0,27.05,287.06,3.1,15,101000.0,9999999
48698,0,8592,25.0,15.64,0.0,0.0,27.05,287.06,2.1,14,101000.0,9999999
48698,0,8593,24.6,15.35,0.0,0.0,27.05,286.68,2.6,16,100900.0,9999999
48698,0,8594,24.0,15.64,0.0,0.0,27.05,286.12,1.5,15,100900.0,9999999
48698,0,8595,24.0,15.64,0.0,0.0,27.05,286.12,0.5,15,100800.0,9999999
48698,0,8596,23.3,15.64,0.0,0.0,27.05,285.37,1.5,15,100800.0,9999999
48698,0,8597,23.0,15.64,0.0,0.0,27.05,285.18,1.5,16,100800.0,9999999
48698,0,8598,23.0,15.64,0.0,0.0,27.05,285.18,1.5,15,100800.0,9999999
48698,0,8599,23.9,16.44,28.0,28.0,27.05,286.12,2.6,15,100900.0,9999999
48698,0,8600,26.0,16.65,227.0,135.0,27.05,288.35,3.6,16,100900.0,9999999
48698,0,8601,28.0,17.71,478.0,153.0,27.05,290.36,3.6,16,101000.0,9999999
48698,0,8602,29.0,17.06,704.0,161.0,27.05,291.25,3.6,16,101000.0,9999999
48698,0,8603,30.0,16.65,831.0,186.0,27.05,293.2,3.6,16,101000.0,9999999
48698,0,8604,30.0,17.71,825.0,353.0,27.05,294.07,4.1,1,100900.0,9999999
48698,0,8605,31.0,17.49,633.0,436.0,27.05,295.61,5.1,2,100900.0,9999999
48698,0,8606,31.0,16.65,585.0,482.0,27.05,294.76,5.7,2,100800.0,9999999
48698,0,8607,31.0,17.71,485.0,417.0,27.05,295.1,4.6,1,100700.0,9999999
48698,0,8608,29.6,16.75,345.0,278.0,27.05,292.67,5.1,1,100700.0,9999999
48698,0,8609,29.0,17.71,181.0,152.0,27.05,292.32,5.7,1,100700.0,9999999
48698,0,8610,27.0,17.71,34.0,34.0,27.05,290.36,6.2,1,100800.0,9999999
48698,0,8611,26.7,18.15,0.0,0.0,27.05,290.18,4.1,1,100800.0,9999999
48698,0,8612,26.0,17.71,0.0,0.0,27.05,290.18,5.1,1,100900.0,9999999
48698,0,8613,25.0,17.71,0.0,0.0,27.05,289.27,2.6,1,101000.0,9999999
48698,0,8614,25.0,18.04,0.0,0.0,27.05,289.81,1.5,16,101000.0,9999999
48698,0,8615,25.0,17.71,0.0,0.0,27.05,289.81,1.5,16,101000.0,9999999
48698,0,8616,24.0,17.71,0.0,0.0,27.05,288.9,1.0,14,101000.0,9999999
48698,0,8617,24.7,17.6,0.0,0.0,27.05,289.45,1.5,15,101000.0,9999999
48698,0,8618,25.0,17.71,0.0,0.0,27.05,289.27,2.6,15,100900.0,9999999
48698,0,8619,25.0,17.71,0.0,0.0,27.05,288.54,3.1,1,100900.0,9999999
48698,0,8620,24.7,18.26,0.0,0.0,27.05,287.43,3.6,16,100800.0,9999999
48698,0,8621,25.0,17.71,0.0,0.0,27.05,287.62,1.5,15,100800.0,9999999
48698,0,8622,25.0,17.71,0.0,0.0,27.05,287.62,1.5,16,100900.0,9999999
48698,0,8623,25.5,18.95,21.0,21.0,27.05,288.17,1.0,16,100900.0,9999999
48698,0,8624,27.0,18.84,159.0,133.0,27.05,290.72,2.1,1,101000.0,9999999
48698,0,8625,28.0,18.84,323.0,256.0,27.05,292.85,2.6,16,101000.0,9999999
48698,0,8626,29.2,18.38,468.0,390.0,27.05,294.59,4.1,16,101100.0,9999999
48698,0,8627,30.0,18.84,572.0,472.0,27.05,295.44,6.7,1,101000.0,9999999
48698,0,8628,30.0,17.71,630.0,521.0,27.05,295.27,5.1,1,101000.0,9999999
48698,0,8629,30.0,17.82,633.0,524.0,27.05,295.27,5.1,1,100900.0,9999999
48698,0,8630,30.0,17.71,584.0,482.0,27.05,294.59,6.7,1,100800.0,9999999
48698,0,8631,29.0,16.65,486.0,418.0,27.05,292.14,6.7,1,100800.0,9999999
48698,0,8632,28.7,16.96,346.0,279.0,27.05,290.89,5.7,1,100700.0,9999999
48698,0,8633,28.0,17.71,182.0,153.0,27.05,290.36,3.6,1,100800.0,9999999
48698,0,8634,28.0,17.71,35.0,35.0,27.05,290.36,5.1,1,100800.0,9999999
48698,0,8635,26.8,18.04,0.0,0.0,27.05,289.27,3.6,1,100900.0,9999999
48698,0,8636,26.0,17.71,0.0,0.0,27.05,288.54,3.6,16,100900.0,9999999
48698,0,8637,26.0,18.84,0.0,0.0,27.05,288.72,2.6,16,101000.0,9999999
48698,0,8638,25.5,18.38,0.0,0.0,27.05,288.17,1.5,15,101100.0,9999999
48698,0,8639,25.0,17.71,0.0,0.0,27.05,287.62,1.0,16,101000.0,9999999
48698,0,8640,25.0,17.71,0.0,0.0,27.05,286.12,1.5,15,101000.0,9999999
48698,0,8641,24.5,18.04,0.0,0.0,27.05,285.74,1.0,15,101000.0,9999999
48698,0,8642,25.0,17.71,0.0,0.0,27.05,286.12,1.0,16,100900.0,9999999
48698,0,8643,24.0,17.71,0.0,0.0,27.05,286.5,0.5,16,100900.0,9999999
48698,0,8644,24.3,17.82,0.0,0.0,27.05,286.87,2.1,16,100800.0,9999999
48698,0,8645,24.0,17.71,0.0,0.0,27.05,286.5,1.5,16,100900.0,9999999
48698,0,8646,24.0,17.71,0.0,0.0,27.05,286.5,1.5,16,100900.0,9999999
48698,0,8647,25.4,18.61,29.0,29.0,27.05,288.17,1.5,16,100900.0,9999999
48698,0,8648,27.0,17.71,216.0,136.0,27.05,290.36,4.1,1,101000.0,9999999
48698,0,8649,28.0,18.84,397.0,218.0,27.05,292.85,6.7,1,101000.0,9999999
48698,0,8650,28.5,18.72,467.0,351.0,27.05,293.89,4.1,1,101100.0,9999999
48698,0,8651,30.0,17.71,573.0,472.0,27.05,295.27,6.7,1,101000.0,9999999
48698,0,8652,30.0,17.71,630.0,521.0,27.05,294.59,5.7,1,100900.0,9999999
48698,0,8653,30.8,18.26,634.0,524.0,27.05,295.61,7.7,1,100800.0,9999999
48698,0,8654,31.0,17.71,585.0,483.0,27.05,295.1,7.7,1,100800.0,9999999
48698,0,8655,31.0,16.65,488.0,419.0,27.05,294.76,6.7,1,100700.0,9999999
48698,0,8656,29.4,16.85,348.0,280.0,27.05,292.67,5.7,1,100700.0,9999999
48698,0,8657,29.0,16.65,184.0,154.0,27.05,292.14,5.1,1,100700.0,9999999
48698,0,8658,28.0,17.71,36.0,36.0,27.05,291.43,4.6,1,100800.0,9999999
48698,0,8659,27.1,17.71,0.0,0.0,27.05,289.63,3.6,1,100800.0,9999999
48698,0,8660,26.0,17.71,0.0,0.0,27.05,288.54,1.5,15,100900.0,9999999
48698,0,8661,26.0,17.71,0.0,0.0,27.05,288.54,2.1,16,101000.0,9999999
48698,0,8662,25.5,18.26,0.0,0.0,27.05,288.17,2.1,16,101100.0,9999999
48698,0,8663,25.0,17.71,0.0,0.0,27.05,287.62,2.1,16,101000.0,9999999
48698,0,8664,25.0,17.71,0.0,0.0,27.05,287.62,2.1,16,101000.0,9999999
48698,0,8665,24.8,17.71,0.0,0.0,27.05,287.43,1.5,16,101000.0,9999999
48698,0,8666,24.0,17.71,0.0,0.0,27.05,286.5,1.0,16,100900.0,9999999
48698,0,8667,24.0,17.71,0.0,0.0,27.05,286.5,2.1,16,100800.0,9999999
48698,0,8668,24.2,17.6,0.0,0.0,27.05,286.68,1.5,15,100700.0,9999999
48698,0,8669,24.0,17.71,0.0,0.0,27.05,286.5,0.5,14,100800.0,9999999
48698,0,8670,24.0,17.71,0.0,0.0,27.05,286.5,0.0,0,100800.0,9999999
48698,0,8671,24.7,17.82,29.0,29.0,27.05,287.24,1.5,14,100900.0,9999999
48698,0,8672,27.0,18.84,214.0,135.0,27.05,291.43,1.5,15,100900.0,9999999
48698,0,8673,27.0,17.71,396.0,217.0,27.05,292.32,2.1,1,101000.0,9999999
48698,0,8674,27.0,19.54,465.0,351.0,27.05,293.2,2.1,16,101000.0,9999999
48698,0,8675,28.0,17.71,705.0,383.0,27.05,293.89,6.7,2,100900.0,9999999
48698,0,8676,31.0,17.71,862.0,347.0,27.05,296.13,7.7,1,100900.0,9999999
48698,0,8677,30.0,17.49,918.0,289.0,27.05,295.1,7.7,1,100800.0,9999999
48698,0,8678,31.0,17.71,848.0,194.0,27.05,295.61,7.2,2,100700.0,9999999
48698,0,8679,30.2,17.17,706.0,176.0,27.05,294.07,7.4,2,100700.0,9999999
48698,0,8680,29.4,17.06,505.0,121.0,27.05,292.67,7.7,2,100600.0,9999999
48698,0,8681,29.0,17.71,267.0,113.0,27.05,292.32,6.2,1,100700.0,9999999
48698,0,8682,28.0,17.71,53.0,46.0,27.05,291.43,4.6,1,100800.0,9999999
48698,0,8683,27.0,17.93,0.0,0.0,27.05,289.45,4.1,1,100800.0,9999999
48698,0,8684,27.0,17.71,0.0,0.0,27.05,289.45,3.6,1,100900.0,9999999
48698,0,8685,27.0,18.84,0.0,0.0,27.05,289.63,2.6,16,100900.0,9999999
48698,0,8686,26.3,18.49,0.0,0.0,27.05,288.9,2.1,1,101000.0,9999999
48698,0,8687,26.0,18.84,0.0,0.0,27.05,288.72,3.1,1,101000.0,9999999
48698,0,8688,26.0,18.84,0.0,0.0,27.05,288.72,3.1,1,101000.0,9999999
48698,0,8689,26.0,18.61,0.0,0.0,27.05,288.72,3.6,1,101000.0,9999999
48698,0,8690,26.0,18.84,0.0,0.0,27.05,288.72,2.6,1,100900.0,9999999
48698,0,8691,25.0,18.84,0.0,0.0,27.05,287.8,1.0,15,100900.0,9999999
48698,0,8692,25.0,18.26,0.0,0.0,27.05,287.62,1.0,16,100800.0,9999999
48698,0,8693,25.0,17.71,0.0,0.0,27.05,287.62,2.1,16,100900.0,9999999
48698,0,8694,25.0,17.71,0.0,0.0,27.05,287.62,1.5,15,100900.0,9999999
48698,0,8695,25.2,18.38,28.0,28.0,27.05,287.8,1.0,16,100900.0,9999999
48698,0,8696,27.0,18.84,224.0,131.0,27.05,290.72,4.1,16,101000.0,9999999
48698,0,8697,28.0,18.84,463.0,165.0,27.05,292.85,4.6,1,101000.0,9999999
48698,0,8698,28.4,19.19,672.0,166.0,27.05,293.89,5.1,1,101000.0,9999999
48698,0,8699,31.0,18.84,807.0,222.0,27.05,296.46,6.7,1,101000.0,9999999
48698,0,8700,30.0,17.71,862.0,316.0,27.05,295.79,5.1,1,101000.0,9999999
48698,0,8701,30.5,18.26,831.0,341.0,27.05,296.46,5.7,1,100900.0,9999999
48698,0,8702,30.0,17.71,803.0,280.0,27.05,295.27,7.2,1,100800.0,9999999
48698,0,8703,30.0,18.84,690.0,212.0,27.05,295.44,6.2,1,100800.0,9999999
48698,0,8704,29.5,17.71,506.0,148.0,27.05,294.24,7.2,1,100700.0,9999999
48698,0,8705,29.0,17.71,269.0,114.0,27.05,293.02,7.7,1,100700.0,9999999
48698,0,8706,28.0,17.71,55.0,47.0,27.05,291.43,6.7,1,100800.0,9999999
48698,0,8707,27.0,18.15,0.0,0.0,27.05,289.63,5.7,1,100900.0,9999999
48698,0,8708,27.0,18.84,0.0,0.0,27.05,291.96,4.1,1,100900.0,9999999
48698,0,8709,27.0,18.84,0.0,0.0,27.05,293.2,3.6,1,101000.0,9999999
48698,0,8710,26.5,18.72,0.0,0.0,27.05,296.3,1.5,16,101000.0,9999999
48698,0,8711,26.0,18.84,0.0,0.0,27.05,292.14,0.5,16,101000.0,9999999
48698,0,8712,26.0,18.84,0.0,0.0,27.05,290.89,2.6,16,101000.0,9999999
48698,0,8713,26.1,18.72,0.0,0.0,27.05,288.72,1.5,16,100900.0,9999999
48698,0,8714,26.0,18.84,0.0,0.0,27.05,289.63,1.0,16,100900.0,9999999
48698,0,8715,26.0,18.84,0.0,0.0,27.05,290.36,0.5,15,100900.0,9999999
48698,0,8716,25.8,18.72,0.0,0.0,27.05,290.72,0.5,14,100800.0,9999999
48698,0,8717,25.0,18.84,0.0,0.0,27.05,290.54,0.5,14,100900.0,9999999
48698,0,8718,25.0,18.84,0.0,0.0,27.05,290.54,1.5,15,100900.0,9999999
48698,0,8719,25.5,18.95,19.0,19.0,27.05,291.79,1.0,15,100900.0,9999999
48698,0,8720,27.0,18.84,154.0,131.0,27.05,292.49,1.5,16,101000.0,9999999
48698,0,8721,29.0,20.03,319.0,253.0,27.05,294.76,4.1,1,101000.0,9999999
48698,0,8722,29.6,18.72,464.0,388.0,27.05,294.41,5.7,1,101000.0,9999999
48698,0,8723,30.0,17.71,572.0,471.0,27.05,294.59,6.2,1,101000.0,9999999
48698,0,8724,30.0,18.84,629.0,521.0,27.05,295.44,5.7,1,100900.0,9999999
48698,0,8725,30.1,18.26,635.0,525.0,27.05,295.44,5.7,1,100900.0,9999999
48698,0,8726,30.0,18.84,587.0,485.0,27.05,294.93,7.7,1,100800.0,9999999
48698,0,8727,30.0,18.84,489.0,422.0,27.05,294.24,5.1,1,100700.0,9999999
48698,0,8728,29.4,18.49,351.0,283.0,27.05,292.85,5.1,1,100600.0,9999999
48698,0,8729,28.0,18.84,187.0,157.0,27.05,291.61,4.1,1,100700.0,9999999
48698,0,8730,27.5,18.61,39.0,39.0,27.05,291.07,3.9,1,100700.0,9999999
48698,0,8731,27.1,18.61,0.0,0.0,27.05,289.81,3.6,1,100700.0,9999999
48698,0,8732,27.0,18.72,0.0,0.0,27.05,289.63,3.6,16,100800.0,9999999
48698,0,8733,27.0,18.84,0.0,0.0,27.05,289.63,2.6,16,100900.0,9999999
48698,0,8734,26.4,18.95,0.0,0.0,27.05,289.09,1.0,16,101000.0,9999999
48698,0,8735,26.0,18.84,0.0,0.0,27.05,289.63,3.6,16,101000.0,9999999
48698,0,8736,26.0,18.84,0.0,0.0,27.05,289.63,1.5,16,100900.0,9999999
48698,0,8737,25.6,19.07,0.0,0.0,27.05,289.27,3.1,16,100900.0,9999999
48698,0,8738,25.0,18.84,0.0,0.0,27.05,288.72,1.5,1,100900.0,9999999
48698,0,8739,25.0,18.84,0.0,0.0,27.05,288.72,0.5,15,100800.0,9999999
48698,0,8740,25.0,18.61,0.0,0.0,27.05,287.8,0.5,14,100700.0,9999999
48698,0,8741,25.0,17.71,0.0,0.0,27.05,287.62,0.0,0,100700.0,9999999
48698,0,8742,25.0,17.71,0.0,0.0,27.05,287.62,0.0,0,100800.0,9999999
48698,0,8743,25.2,18.72,24.0,24.0,27.05,287.99,0.0,0,100800.0,9999999
48698,0,8744,27.0,18.84,188.0,132.0,27.05,290.72,4.1,16,100900.0,9999999
48698,0,8745,28.0,17.71,360.0,262.0,27.05,292.14,4.6,16,100900.0,9999999
48698,0,8746,29.0,19.07,464.0,368.0,27.05,293.89,6.2,1,101000.0,9999999
48698,0,8747,29.0,18.84,571.0,471.0,27.05,293.89,3.6,1,100900.0,9999999
48698,0,8748,29.0,17.71,630.0,521.0,27.05,294.24,5.1,16,100900.0,9999999
48698,0,8749,29.3,18.72,635.0,526.0,27.05,294.76,4.6,1,100800.0,9999999
48698,0,8750,27.0,18.84,588.0,485.0,27.05,292.49,8.2,1,100700.0,9999999
48698,0,8751,29.0,18.84,491.0,423.0,27.05,293.89,5.1,1,100700.0,9999999
48698,0,8752,29.0,18.49,353.0,284.0,27.05,293.89,5.1,1,100600.0,9999999
48698,0,8753,29.0,17.71,189.0,158.0,27.05,293.02,5.1,1,100600.0,9999999
48698,0,8754,26.9,18.04,40.0,40.0,27.05,291.07,2.6,16,100700.0,9999999
48698,0,8755,26.6,18.26,0.0,0.0,27.05,290.18,2.6,16,100800.0,9999999
48698,0,8756,26.3,18.49,0.0,0.0,27.05,289.99,1.5,16,100800.0,9999999
48698,0,8757,25.9,18.61,0.0,0.0,27.05,289.63,2.1,16,100800.0,9999999
48698,0,8758,25.5,18.61,0.0,0.0,27.05,288.17,1.5,16,100900.0,9999999
48698,0,8759,25.1,18.49,0.0,0.0,27.05,287.8,0.5,16,100900.0,9999999
