58321,0,0,8.2,6.08,0.0,0.0,5.82,281.1,6.7,14,101593.0,9999999
58321,0,1,7.5,5.87,0.0,0.0,5.82,280.3,7.8,14,101704.0,9999999
58321,0,2,6.8,5.7,0.0,0.0,5.82,271.48,9.0,14,101814.0,9999999
58321,0,3,6.2,5.23,0.0,0.0,5.82,276.21,7.7,14,101910.0,9999999
58321,0,4,5.6,4.86,0.0,0.0,5.82,274.94,6.3,14,102005.0,9999999
58321,0,5,5.0,4.48,0.0,0.0,5.82,271.26,5.0,14,102101.0,9999999
58321,0,6,4.8,4.09,0.0,0.0,5.82,269.25,4.3,13,102445.0,9999999
58321,0,7,4.3,3.62,0.0,0.0,5.82,259.97,3.7,13,102788.0,9999999
58321,0,8,4.1,4.03,93.0,45.0,5.82,259.47,5.0,14,102419.0,9999999
58321,0,9,4.7,3.73,228.0,95.0,5.82,259.72,5.7,14,102506.0,9999999
58321,0,10,5.2,3.45,363.0,120.0,5.82,260.47,6.3,15,102593.0,9999999
58321,0,11,5.8,3.17,481.0,134.0,5.82,257.94,7.0,15,102680.0,9999999
58321,0,12,6.3,2.95,554.0,133.0,5.82,255.33,7.0,15,102641.0,9999999
58321,0,13,6.8,1.76,554.0,117.0,5.82,254.27,7.0,15,102601.0,9999999
58321,0,14,7.3,1.82,478.0,108.0,5.82,253.73,7.0,14,102562.0,9999999
58321,0,15,6.8,1.76,347.0,92.0,5.82,253.19,6.3,15,102582.0,9999999
58321,0,16,6.4,1.7,180.0,64.0,5.82,252.64,5.7,15,102601.0,9999999
58321,0,17,5.9,1.7,47.0,25.0,5.82,253.19,5.0,15,102620.0,9999999
58321,0,18,2.9,1.77,1.0,1.0,5.82,252.09,4.3,16,102665.0,9999999
58321,0,19,2.8,2.36,0.0,0.0,5.82,250.43,3.7,1,102711.0,9999999
58321,0,20,2.6,2.02,0.0,0.0,5.82,249.3,3.0,2,102756.0,9999999
58321,0,21,2.0,1.95,0.0,0.0,5.82,248.44,3.0,2,102750.0,9999999
58321,0,22,1.4,1.88,0.0,0.0,5.82,247.57,3.0,2,102744.0,9999999
58321,0,23,0.8,1.82,0.0,0.0,5.82,246.1,3.0,2,102739.0,9999999
58321,0,24,0.2,1.76,0.0,0.0,5.82,244.91,3.0,3,102733.0,9999999
58321,0,25,-0.4,1.7,0.0,0.0,5.82,244.01,3.0,4,102727.0,9999999
58321,0,26,-1.0,1.64,0.0,0.0,5.82,243.4,3.0,4,102721.0,9999999
58321,0,27,-1.2,1.54,0.0,0.0,5.82,244.01,2.7,5,102651.0,9999999
58321,0,28,-1.4,1.81,0.0,0.0,5.82,243.7,2.3,5,102581.0,9999999
58321,0,29,-1.6,1.92,0.0,0.0,5.82,243.7,2.0,6,102511.0,9999999
58321,0,30,-2.5,1.52,0.0,0.0,5.82,244.01,2.0,6,102929.0,9999999
58321,0,31,-3.4,1.71,0.0,0.0,5.82,244.61,2.0,6,103346.0,9999999
58321,0,32,-1.5,1.82,105.0,41.0,5.82,245.21,4.0,5,102511.0,9999999
58321,0,33,0.1,2.03,266.0,79.0,5.82,246.69,4.3,6,102470.0,9999999
58321,0,34,1.0,1.57,419.0,101.0,5.82,248.72,4.7,6,102429.0,9999999
58321,0,35,4.8,1.71,526.0,112.0,5.82,250.43,5.0,7,102388.0,9999999
58321,0,36,4.2,1.49,573.0,117.0,5.82,252.09,5.0,6,102256.0,9999999
58321,0,37,5.3,1.28,542.0,117.0,5.82,254.54,5.0,6,102124.0,9999999
58321,0,38,6.3,1.34,460.0,108.0,5.82,255.07,5.0,7,101993.0,9999999
58321,0,39,6.2,1.21,337.0,90.0,5.82,256.39,4.3,6,101930.0,9999999
58321,0,40,6.2,1.33,173.0,61.0,5.82,256.12,3.7,6,101866.0,9999999
58321,0,41,6.1,1.45,46.0,22.0,5.82,258.71,3.0,6,101803.0,9999999
58321,0,42,3.9,2.07,1.0,1.0,5.82,259.72,3.3,5,101792.0,9999999
58321,0,43,3.8,2.14,0.0,0.0,5.82,258.2,3.7,5,101782.0,9999999
58321,0,44,4.1,2.31,0.0,0.0,5.82,258.2,4.0,6,101771.0,9999999
58321,0,45,4.0,1.84,0.0,0.0,5.82,262.45,3.8,5,101784.0,9999999
58321,0,46,3.9,1.95,0.0,0.0,5.82,266.96,3.7,5,101797.0,9999999
58321,0,47,3.8,2.07,0.0,0.0,5.82,274.94,3.5,5,101810.0,9999999
58321,0,48,3.6,2.18,0.0,0.0,5.82,276.41,3.3,4,101824.0,9999999
58321,0,49,3.5,2.31,0.0,0.0,5.82,275.79,3.2,4,101837.0,9999999
58321,0,50,3.4,2.42,0.0,0.0,5.82,276.21,3.0,3,101850.0,9999999
58321,0,51,3.1,2.74,0.0,0.0,5.82,275.36,2.3,4,101859.0,9999999
58321,0,52,2.9,3.12,0.0,0.0,5.82,274.52,1.7,3,101869.0,9999999
58321,0,53,2.6,3.48,0.0,0.0,5.82,275.15,1.0,3,101879.0,9999999
58321,0,54,3.0,3.43,0.0,0.0,5.82,274.73,1.7,2,102536.0,9999999
58321,0,55,2.8,3.27,0.0,0.0,5.82,274.3,2.3,2,103194.0,9999999
58321,0,56,2.2,3.88,17.0,17.0,5.82,274.3,1.0,2,102048.0,9999999
58321,0,57,1.9,3.79,39.0,39.0,5.82,274.52,2.3,2,102084.0,9999999
58321,0,58,2.6,3.73,73.0,67.0,5.82,274.73,3.7,2,102121.0,9999999
58321,0,59,2.8,3.65,88.0,80.0,5.82,274.94,5.0,2,102158.0,9999999
58321,0,60,2.9,3.7,81.0,77.0,5.82,274.94,4.0,2,102125.0,9999999
58321,0,61,3.1,3.79,79.0,76.0,5.82,274.94,3.0,1,102092.0,9999999
58321,0,62,3.2,3.85,111.0,94.0,5.82,274.73,2.0,2,102059.0,9999999
58321,0,63,3.1,4.0,113.0,93.0,5.82,274.94,2.3,2,102085.0,9999999
58321,0,64,3.1,4.12,54.0,49.0,5.82,274.09,2.7,2,102112.0,9999999
58321,0,65,3.0,4.31,15.0,14.0,5.82,274.09,3.0,3,102138.0,9999999
58321,0,66,2.9,4.28,0.0,0.0,5.82,273.87,3.0,2,102221.0,9999999
58321,0,67,2.7,4.22,0.0,0.0,5.82,272.8,3.0,1,102304.0,9999999
58321,0,68,2.6,4.18,0.0,0.0,5.82,272.36,3.0,16,102387.0,9999999
58321,0,69,2.3,4.12,0.0,0.0,5.82,271.92,3.2,16,102340.0,9999999
58321,0,70,2.0,4.06,0.0,0.0,5.82,272.8,3.3,1,102293.0,9999999
58321,0,71,1.3,3.82,0.0,0.0,5.82,273.66,3.5,1,102246.0,9999999
58321,0,72,1.5,3.91,0.0,0.0,5.82,273.66,3.7,1,102200.0,9999999
58321,0,73,1.7,4.0,0.0,0.0,5.82,273.66,3.8,3,102153.0,9999999
58321,0,74,1.8,4.06,0.0,0.0,5.82,273.66,4.0,5,102106.0,9999999
58321,0,75,2.0,4.15,0.0,0.0,5.82,270.6,3.0,2,102139.0,9999999
58321,0,76,2.0,4.12,0.0,0.0,5.82,270.6,2.0,2,102173.0,9999999
58321,0,77,2.2,4.18,0.0,0.0,5.82,271.92,1.0,2,102206.0,9999999
58321,0,78,1.8,3.76,0.0,0.0,5.82,272.36,1.3,3,102464.0,9999999
58321,0,79,1.9,3.45,0.0,0.0,5.82,272.58,1.7,2,102722.0,9999999
58321,0,80,4.7,5.04,31.0,27.0,5.82,272.58,0.0,2,102306.0,9999999
58321,0,81,3.9,4.75,73.0,65.0,5.82,273.01,0.7,3,102330.0,9999999
58321,0,82,3.2,4.15,101.0,97.0,5.82,273.44,1.3,5,102353.0,9999999
58321,0,83,3.3,4.22,119.0,116.0,5.82,274.3,2.0,4,102377.0,9999999
58321,0,84,2.7,4.31,144.0,139.0,5.82,275.36,2.0,5,102294.0,9999999
58321,0,85,3.3,4.38,136.0,130.0,5.82,275.58,2.0,1,102212.0,9999999
58321,0,86,3.8,4.48,127.0,118.0,5.82,276.0,2.0,2,102129.0,9999999
58321,0,87,4.0,4.48,121.0,114.0,5.82,276.0,2.3,16,102179.0,9999999
58321,0,88,4.1,4.48,72.0,69.0,5.82,275.36,2.7,1,102229.0,9999999
58321,0,89,4.3,4.48,22.0,22.0,5.82,273.87,3.0,13,102279.0,9999999
58321,0,90,4.3,4.54,1.0,1.0,5.82,274.52,3.0,14,102363.0,9999999
58321,0,91,4.4,4.54,0.0,0.0,5.82,275.15,3.0,14,102446.0,9999999
58321,0,92,4.4,4.61,0.0,0.0,5.82,273.23,3.0,13,102529.0,9999999
58321,0,93,3.8,4.25,0.0,0.0,5.82,272.8,3.8,13,102601.0,9999999
58321,0,94,3.2,3.88,0.0,0.0,5.82,268.12,4.7,13,102673.0,9999999
58321,0,95,2.5,3.56,0.0,0.0,5.82,265.33,5.5,13,102746.0,9999999
58321,0,96,1.9,3.22,0.0,0.0,5.82,258.96,6.3,14,102818.0,9999999
58321,0,97,2.0,2.97,0.0,0.0,5.82,258.96,7.2,15,102890.0,9999999
58321,0,98,2.2,2.7,0.0,0.0,5.82,262.93,8.0,14,102963.0,9999999
58321,0,99,1.5,2.65,0.0,0.0,5.82,256.12,7.3,15,103035.0,9999999
58321,0,100,-1.0,2.61,0.0,0.0,5.82,247.57,6.7,15,103107.0,9999999
58321,0,101,-1.9,1.93,0.0,0.0,5.82,245.51,6.0,14,103179.0,9999999
58321,0,102,-2.2,2.63,0.0,0.0,5.82,244.01,4.0,14,103006.0,9999999
58321,0,103,-2.4,2.05,0.0,0.0,5.82,242.78,2.0,14,102832.0,9999999
58321,0,104,-3.0,2.36,107.0,41.0,5.82,241.85,5.0,14,103406.0,9999999
58321,0,105,-2.4,2.18,274.0,80.0,5.82,241.54,5.0,14,103434.0,9999999
58321,0,106,-1.7,2.0,435.0,102.0,5.82,241.54,5.0,15,103461.0,9999999
58321,0,107,0.5,1.27,549.0,114.0,5.82,242.17,5.0,15,103489.0,9999999
58321,0,108,0.5,1.27,603.0,119.0,5.82,242.48,5.0,15,103400.0,9999999
58321,0,109,1.3,1.15,589.0,117.0,5.82,242.78,5.0,15,103311.0,9999999
58321,0,110,1.4,1.57,507.0,109.0,5.82,243.09,5.0,14,103222.0,9999999
58321,0,111,1.4,1.52,370.0,93.0,5.82,244.31,4.3,16,103205.0,9999999
58321,0,112,1.1,1.46,200.0,65.0,5.82,244.01,3.7,16,103188.0,9999999
58321,0,113,0.9,1.41,57.0,25.0,5.82,243.7,3.0,15,103171.0,9999999
58321,0,114,-0.3,1.35,2.0,2.0,5.82,243.09,2.0,16,103197.0,9999999
58321,0,115,-0.9,1.67,0.0,0.0,5.82,242.48,1.0,1,103223.0,9999999
58321,0,116,-1.4,1.63,0.0,0.0,5.82,242.17,0.0,2,103249.0,9999999
58321,0,117,-1.6,1.26,0.0,0.0,5.82,241.85,0.5,2,103262.0,9999999
58321,0,118,-1.8,1.29,0.0,0.0,5.82,241.54,1.0,2,103275.0,9999999
58321,0,119,-2.0,1.32,0.0,0.0,5.82,241.85,1.5,2,103288.0,9999999
58321,0,120,-2.2,1.35,0.0,0.0,5.82,242.17,2.0,2,103301.0,9999999
58321,0,121,-2.4,1.38,0.0,0.0,5.82,242.78,2.5,3,103314.0,9999999
58321,0,122,-2.6,1.41,0.0,0.0,5.82,246.4,3.0,3,103327.0,9999999
58321,0,123,-2.7,1.41,0.0,0.0,5.82,249.3,3.0,3,103327.0,9999999
58321,0,124,-2.8,1.41,0.0,0.0,5.82,246.4,3.0,3,103327.0,9999999
58321,0,125,-2.9,1.41,0.0,0.0,5.82,246.99,3.0,3,103327.0,9999999
58321,0,126,-2.9,1.5,0.0,0.0,5.82,247.86,3.0,3,103373.0,9999999
58321,0,127,-3.0,1.58,0.0,0.0,5.82,253.73,3.0,3,103420.0,9999999
58321,0,128,-3.0,1.68,67.0,53.0,5.82,258.2,3.0,3,103466.0,9999999
58321,0,129,-2.1,1.66,172.0,128.0,5.82,263.9,3.7,4,103517.0,9999999
58321,0,130,-1.2,1.61,298.0,188.0,5.82,260.97,4.3,4,103568.0,9999999
58321,0,131,0.1,1.08,353.0,218.0,5.82,261.96,5.0,3,103619.0,9999999
58321,0,132,0.0,1.07,321.0,225.0,5.82,264.62,4.7,3,103543.0,9999999
58321,0,133,0.8,1.06,244.0,195.0,5.82,265.33,4.3,3,103467.0,9999999
58321,0,134,0.7,1.53,207.0,176.0,5.82,267.2,4.0,3,103391.0,9999999
58321,0,135,0.6,1.45,209.0,161.0,5.82,265.56,4.0,3,103398.0,9999999
58321,0,136,0.5,1.38,123.0,92.0,5.82,260.97,4.0,3,103404.0,9999999
58321,0,137,0.8,1.3,29.0,24.0,5.82,261.47,4.0,3,103411.0,9999999
58321,0,138,0.0,1.36,1.0,1.0,5.82,261.47,4.0,2,103450.0,9999999
58321,0,139,-0.3,1.41,0.0,0.0,5.82,262.2,4.0,2,103490.0,9999999
58321,0,140,-0.7,1.48,0.0,0.0,5.82,261.22,4.0,2,103529.0,9999999
58321,0,141,-1.0,1.5,0.0,0.0,5.82,262.69,4.0,2,103533.0,9999999
58321,0,142,-1.4,1.53,0.0,0.0,5.82,260.97,4.0,2,103538.0,9999999
58321,0,143,-1.8,1.57,0.0,0.0,5.82,261.22,4.0,2,103543.0,9999999
58321,0,144,-2.1,1.6,0.0,0.0,5.82,258.45,4.0,2,103547.0,9999999
58321,0,145,-2.5,1.63,0.0,0.0,5.82,258.96,4.0,2,103552.0,9999999
58321,0,146,-2.8,1.66,0.0,0.0,5.82,256.39,4.0,3,103556.0,9999999
58321,0,147,-3.2,1.7,0.0,0.0,5.82,250.71,3.7,2,103566.0,9999999
58321,0,148,-3.5,1.74,0.0,0.0,5.82,252.37,3.3,3,103575.0,9999999
58321,0,149,-3.9,1.79,0.0,0.0,5.82,246.69,3.0,3,103585.0,9999999
58321,0,150,-4.0,1.84,0.0,0.0,5.82,244.31,2.7,2,103644.0,9999999
58321,0,151,-4.2,1.87,0.0,0.0,5.82,243.7,2.3,2,103704.0,9999999
58321,0,152,-4.3,1.92,106.0,41.0,5.82,243.4,2.0,3,103763.0,9999999
58321,0,153,-3.2,1.84,270.0,79.0,5.82,243.7,2.7,3,103795.0,9999999
58321,0,154,-2.1,1.77,430.0,101.0,5.82,244.31,3.3,3,103826.0,9999999
58321,0,155,-1.0,1.7,544.0,113.0,5.82,244.91,4.0,3,103857.0,9999999
58321,0,156,-0.4,1.67,596.0,118.0,5.82,245.51,4.0,2,103792.0,9999999
58321,0,157,1.2,1.63,583.0,117.0,5.82,246.4,4.0,2,103726.0,9999999
58321,0,158,1.2,1.6,504.0,109.0,5.82,246.99,4.0,2,103660.0,9999999
58321,0,159,1.3,1.6,369.0,94.0,5.82,247.28,4.3,1,103660.0,9999999
58321,0,160,1.1,1.58,201.0,66.0,5.82,247.28,4.7,1,103660.0,9999999
58321,0,161,0.7,1.58,58.0,25.0,5.82,246.99,5.0,1,103659.0,9999999
58321,0,162,-0.5,1.58,2.0,2.0,5.82,246.4,4.3,1,103702.0,9999999
58321,0,163,-1.1,1.58,0.0,0.0,5.82,245.51,3.7,1,103744.0,9999999
58321,0,164,-1.6,1.58,0.0,0.0,5.82,244.91,3.0,2,103787.0,9999999
58321,0,165,-2.1,1.58,0.0,0.0,5.82,244.31,3.0,1,103801.0,9999999
58321,0,166,-2.6,1.57,0.0,0.0,5.82,243.7,3.0,1,103816.0,9999999
58321,0,167,-3.1,1.57,0.0,0.0,5.82,243.4,3.0,1,103830.0,9999999
58321,0,168,-3.6,1.57,0.0,0.0,5.82,243.09,3.0,2,103844.0,9999999
58321,0,169,-4.1,1.56,0.0,0.0,5.82,242.78,3.0,2,103858.0,9999999
58321,0,170,-4.6,1.56,0.0,0.0,5.82,242.78,3.0,1,103873.0,9999999
58321,0,171,-5.0,1.6,0.0,0.0,5.82,243.09,2.0,2,103842.0,9999999
58321,0,172,-5.3,1.66,0.0,0.0,5.82,243.09,1.0,2,103812.0,9999999
58321,0,173,-5.7,1.7,0.0,0.0,5.82,243.7,0.0,2,103782.0,9999999
58321,0,174,-5.7,1.7,0.0,0.0,5.82,246.1,1.0,2,103805.0,9999999
58321,0,175,-5.7,1.7,0.0,0.0,5.82,246.4,2.0,2,103828.0,9999999
58321,0,176,-5.7,1.7,86.0,57.0,5.82,247.57,3.0,3,103851.0,9999999
58321,0,177,-4.2,1.73,214.0,127.0,5.82,250.15,2.7,2,103857.0,9999999
58321,0,178,-2.7,1.77,342.0,192.0,5.82,250.71,2.3,2,103862.0,9999999
58321,0,179,-1.2,1.81,446.0,230.0,5.82,252.09,2.0,6,103867.0,9999999
58321,0,180,-0.8,1.76,492.0,246.0,5.82,253.19,2.0,3,103751.0,9999999
58321,0,181,0.1,1.7,475.0,246.0,5.82,253.73,2.0,3,103636.0,9999999
58321,0,182,0.2,1.66,406.0,224.0,5.82,254.54,2.0,5,103520.0,9999999
58321,0,183,0.2,1.52,288.0,177.0,5.82,253.73,2.3,4,103487.0,9999999
58321,0,184,0.1,1.39,152.0,105.0,5.82,255.86,2.7,3,103453.0,9999999
58321,0,185,-0.3,1.9,43.0,35.0,5.82,256.65,3.0,2,103420.0,9999999
58321,0,186,-0.6,2.07,2.0,2.0,5.82,258.71,2.3,3,103409.0,9999999
58321,0,187,-1.0,2.02,0.0,0.0,5.82,257.94,1.7,4,103399.0,9999999
58321,0,188,-1.3,1.64,0.0,0.0,5.82,257.94,1.0,3,103389.0,9999999
58321,0,189,-1.5,1.68,0.0,0.0,5.82,257.94,1.0,4,103350.0,9999999
58321,0,190,-1.6,1.74,0.0,0.0,5.82,258.45,1.0,4,103312.0,9999999
58321,0,191,-1.8,1.79,0.0,0.0,5.82,258.96,1.0,4,103273.0,9999999
58321,0,192,-2.0,1.84,0.0,0.0,5.82,260.97,1.0,4,103235.0,9999999
58321,0,193,-2.1,1.9,0.0,0.0,5.82,259.22,1.0,4,103197.0,9999999
58321,0,194,-2.3,1.95,0.0,0.0,5.82,260.72,1.0,4,103158.0,9999999
58321,0,195,-2.2,2.03,0.0,0.0,5.82,260.47,1.3,4,103095.0,9999999
58321,0,196,-2.0,2.1,0.0,0.0,5.82,258.96,1.7,5,103032.0,9999999
58321,0,197,-1.9,2.19,0.0,0.0,5.82,260.97,2.0,5,102969.0,9999999
58321,0,198,-1.8,2.29,0.0,0.0,5.82,262.2,2.0,5,102973.0,9999999
58321,0,199,-1.7,2.38,0.0,0.0,5.82,259.47,2.0,5,102976.0,9999999
58321,0,200,-1.6,2.48,88.0,55.0,5.82,257.43,2.0,5,102980.0,9999999
58321,0,201,-0.6,2.63,248.0,93.0,5.82,254.54,2.3,6,102971.0,9999999
58321,0,202,0.4,2.76,414.0,105.0,5.82,250.71,2.7,7,102962.0,9999999
58321,0,203,2.8,2.21,527.0,118.0,5.82,252.37,3.0,7,102954.0,9999999
58321,0,204,2.4,2.1,582.0,121.0,5.82,252.37,2.3,9,102862.0,9999999
58321,0,205,4.3,2.03,571.0,119.0,5.82,252.92,1.7,10,102770.0,9999999
58321,0,206,4.1,2.55,495.0,111.0,5.82,252.92,1.0,8,102678.0,9999999
58321,0,207,3.9,1.9,364.0,95.0,5.82,253.73,1.7,11,102674.0,9999999
58321,0,208,3.6,1.92,200.0,66.0,5.82,253.46,2.3,11,102671.0,9999999
58321,0,209,3.4,1.74,59.0,26.0,5.82,253.19,3.0,10,102667.0,9999999
58321,0,210,1.9,2.7,3.0,2.0,5.82,252.64,2.7,7,102686.0,9999999
58321,0,211,0.7,2.65,0.0,0.0,5.82,252.37,2.3,5,102705.0,9999999
58321,0,212,1.3,2.61,0.0,0.0,5.82,252.37,2.0,6,102724.0,9999999
58321,0,213,0.8,2.63,0.0,0.0,5.82,251.82,2.2,6,102707.0,9999999
58321,0,214,0.3,2.63,0.0,0.0,5.82,251.54,2.3,6,102690.0,9999999
58321,0,215,-0.2,2.65,0.0,0.0,5.82,251.26,2.5,7,102673.0,9999999
58321,0,216,-0.7,2.67,0.0,0.0,5.82,250.99,2.7,8,102655.0,9999999
58321,0,217,-1.2,2.67,0.0,0.0,5.82,251.26,2.8,8,102638.0,9999999
58321,0,218,-1.7,2.7,0.0,0.0,5.82,250.99,3.0,7,102621.0,9999999
58321,0,219,-1.9,2.72,0.0,0.0,5.82,250.71,2.0,9,102617.0,9999999
58321,0,220,-2.2,2.74,0.0,0.0,5.82,250.71,1.0,10,102614.0,9999999
58321,0,221,-2.4,2.76,0.0,0.0,5.82,250.71,0.0,10,102610.0,9999999
58321,0,222,-2.5,2.76,0.0,0.0,5.82,250.43,0.0,11,102626.0,9999999
58321,0,223,-2.6,2.76,0.0,0.0,5.82,250.43,0.0,11,102643.0,9999999
58321,0,224,-2.7,2.76,102.0,40.0,5.82,250.71,0.0,12,102659.0,9999999
58321,0,225,-0.7,2.83,262.0,79.0,5.82,251.54,0.3,13,102685.0,9999999
58321,0,226,1.7,2.88,418.0,101.0,5.82,252.92,0.7,13,102711.0,9999999
58321,0,227,5.0,2.95,530.0,113.0,5.82,254.27,1.0,8,102737.0,9999999
58321,0,228,4.3,2.9,584.0,118.0,5.82,255.33,1.7,13,102155.0,9999999
58321,0,229,5.4,2.83,572.0,117.0,5.82,256.12,2.3,13,101573.0,9999999
58321,0,230,6.4,2.79,495.0,110.0,5.82,256.39,3.0,13,100991.0,9999999
58321,0,231,6.2,2.88,364.0,95.0,5.82,256.91,2.7,13,101514.0,9999999
58321,0,232,6.0,2.99,201.0,67.0,5.82,257.17,2.3,14,102037.0,9999999
58321,0,233,5.8,3.09,60.0,27.0,5.82,256.65,2.0,13,102560.0,9999999
58321,0,234,1.9,3.12,3.0,2.0,5.82,255.6,1.7,15,102579.0,9999999
58321,0,235,1.6,3.12,0.0,0.0,5.82,255.07,1.3,15,102597.0,9999999
58321,0,236,1.3,3.14,0.0,0.0,5.82,254.54,1.0,14,102616.0,9999999
58321,0,237,1.2,3.14,0.0,0.0,5.82,254.0,1.2,16,102617.0,9999999
58321,0,238,0.4,3.14,0.0,0.0,5.82,255.07,1.3,16,102618.0,9999999
58321,0,239,1.1,3.12,0.0,0.0,5.82,253.19,1.5,15,102619.0,9999999
58321,0,240,0.7,3.12,0.0,0.0,5.82,252.64,1.7,15,102621.0,9999999
58321,0,241,0.3,3.12,0.0,0.0,5.82,252.37,1.8,15,102622.0,9999999
58321,0,242,-0.1,3.12,0.0,0.0,5.82,251.82,2.0,13,102623.0,9999999
58321,0,243,-0.8,3.07,0.0,0.0,5.82,251.26,1.3,14,102605.0,9999999
58321,0,244,-1.4,3.04,0.0,0.0,5.82,250.99,0.7,14,102588.0,9999999
58321,0,245,-2.1,2.99,0.0,0.0,5.82,250.43,0.0,14,102570.0,9999999
58321,0,246,-2.1,2.99,0.0,0.0,5.82,250.15,0.7,14,102614.0,9999999
58321,0,247,-2.2,2.97,0.0,0.0,5.82,249.86,1.3,14,102657.0,9999999
58321,0,248,-2.2,2.97,104.0,40.0,5.82,249.58,2.0,13,102700.0,9999999
58321,0,249,-0.9,2.95,267.0,78.0,5.82,250.43,2.0,15,102702.0,9999999
58321,0,250,0.8,2.95,425.0,100.0,5.82,251.54,2.0,14,102703.0,9999999
58321,0,251,4.7,2.92,539.0,111.0,5.82,252.92,2.0,14,102705.0,9999999
58321,0,252,4.2,2.92,594.0,116.0,5.82,254.0,1.5,13,102499.0,9999999
58321,0,253,6.7,2.92,583.0,115.0,5.82,255.07,1.0,15,102292.0,9999999
58321,0,254,7.3,2.92,506.0,107.0,5.82,255.6,2.0,14,102453.0,9999999
58321,0,255,7.1,2.85,375.0,93.0,5.82,256.39,1.7,14,102399.0,9999999
58321,0,256,6.9,2.79,209.0,66.0,5.82,256.39,1.3,16,102346.0,9999999
58321,0,257,6.7,2.72,63.0,27.0,5.82,256.12,1.0,15,102292.0,9999999
58321,0,258,2.0,2.97,3.0,2.0,5.82,255.07,1.3,3,102318.0,9999999
58321,0,259,1.1,3.24,0.0,0.0,5.82,254.8,1.7,4,102343.0,9999999
58321,0,260,0.8,3.53,0.0,0.0,5.82,254.54,2.0,3,102368.0,9999999
58321,0,261,1.0,3.51,0.0,0.0,5.82,254.54,2.0,5,102356.0,9999999
58321,0,262,0.8,3.48,0.0,0.0,5.82,254.27,2.0,5,102343.0,9999999
58321,0,263,1.5,3.45,0.0,0.0,5.82,254.27,2.0,5,102331.0,9999999
58321,0,264,0.4,3.4,0.0,0.0,5.82,254.27,2.0,6,102318.0,9999999
58321,0,265,0.4,3.37,0.0,0.0,5.82,254.27,2.0,6,102306.0,9999999
58321,0,266,0.5,3.35,0.0,0.0,5.82,254.54,2.0,4,102294.0,9999999
58321,0,267,0.6,3.27,0.0,0.0,5.82,254.8,2.0,6,102260.0,9999999
58321,0,268,0.1,3.19,0.0,0.0,5.82,254.54,2.0,6,102226.0,9999999
58321,0,269,-1.6,3.12,0.0,0.0,5.82,254.54,2.0,4,102192.0,9999999
58321,0,270,-1.4,3.07,0.0,0.0,5.82,254.27,1.7,6,102219.0,9999999
58321,0,271,-1.1,3.02,0.0,0.0,5.82,254.27,1.3,6,102246.0,9999999
58321,0,272,-0.9,2.97,103.0,40.0,5.82,254.27,1.0,5,102273.0,9999999
58321,0,273,1.6,3.22,264.0,78.0,5.82,255.07,2.0,6,102273.0,9999999
58321,0,274,6.6,4.09,421.0,99.0,5.82,256.65,3.0,6,102273.0,9999999
58321,0,275,9.4,4.58,534.0,111.0,5.82,258.45,4.0,7,102272.0,9999999
58321,0,276,8.0,3.76,589.0,116.0,5.82,259.97,4.0,7,102161.0,9999999
58321,0,277,12.8,3.67,578.0,114.0,5.82,260.97,4.0,6,102050.0,9999999
58321,0,278,10.7,3.91,503.0,107.0,5.82,261.71,4.0,6,101938.0,9999999
58321,0,279,10.7,3.17,372.0,93.0,5.82,262.45,3.7,6,101915.0,9999999
58321,0,280,10.7,4.31,208.0,66.0,5.82,262.69,3.3,6,101892.0,9999999
58321,0,281,10.7,4.58,63.0,27.0,5.82,262.45,3.0,5,101868.0,9999999
58321,0,282,7.2,3.62,3.0,3.0,5.82,261.47,3.3,6,101874.0,9999999
58321,0,283,9.0,4.18,0.0,0.0,5.82,260.72,3.7,6,101880.0,9999999
58321,0,284,8.2,3.97,0.0,0.0,5.82,260.22,4.0,5,101885.0,9999999
58321,0,285,7.9,3.94,0.0,0.0,5.82,259.97,4.2,6,101857.0,9999999
58321,0,286,7.5,3.91,0.0,0.0,5.82,259.47,4.3,6,101828.0,9999999
58321,0,287,7.2,3.88,0.0,0.0,5.82,259.22,4.5,6,101800.0,9999999
58321,0,288,6.9,3.85,0.0,0.0,5.82,258.96,4.7,6,101771.0,9999999
58321,0,289,6.5,3.82,0.0,0.0,5.82,258.96,4.8,6,101742.0,9999999
58321,0,290,6.2,3.73,0.0,0.0,5.82,260.97,5.0,6,101714.0,9999999
58321,0,291,6.2,3.82,0.0,0.0,5.82,265.8,5.0,7,101674.0,9999999
58321,0,292,6.3,3.82,0.0,0.0,5.82,261.71,5.0,7,101634.0,9999999
58321,0,293,6.3,3.82,0.0,0.0,5.82,267.66,5.0,7,101594.0,9999999
58321,0,294,6.4,3.88,0.0,0.0,5.82,273.87,4.7,7,101624.0,9999999
58321,0,295,6.6,3.91,0.0,0.0,5.82,274.73,4.3,8,101654.0,9999999
58321,0,296,6.7,3.94,28.0,23.0,5.82,274.52,4.0,7,101684.0,9999999
58321,0,297,4.8,3.32,84.0,65.0,5.82,274.73,3.3,8,101726.0,9999999
58321,0,298,6.9,3.76,163.0,118.0,5.82,273.87,2.7,9,101767.0,9999999
58321,0,299,10.3,4.61,248.0,182.0,5.82,274.09,2.0,9,101808.0,9999999
58321,0,300,11.7,4.54,299.0,217.0,5.82,275.58,2.7,14,101770.0,9999999
58321,0,301,13.1,4.51,302.0,212.0,5.82,276.41,3.3,14,101732.0,9999999
58321,0,302,14.5,4.51,244.0,179.0,5.82,276.41,4.0,15,101693.0,9999999
58321,0,303,13.4,4.72,167.0,128.0,5.82,277.25,4.0,14,101755.0,9999999
58321,0,304,12.2,4.93,103.0,82.0,5.82,274.09,4.0,14,101817.0,9999999
58321,0,305,11.1,5.15,34.0,30.0,5.82,275.15,4.0,15,101879.0,9999999
58321,0,306,7.8,5.08,2.0,2.0,5.82,274.73,3.7,15,102007.0,9999999
58321,0,307,8.5,4.97,0.0,0.0,5.82,273.87,3.3,15,102135.0,9999999
58321,0,308,7.2,4.89,0.0,0.0,5.82,271.92,3.0,14,102263.0,9999999
58321,0,309,6.5,4.51,0.0,0.0,5.82,274.09,3.5,16,102324.0,9999999
58321,0,310,5.8,4.09,0.0,0.0,5.82,273.23,4.0,1,102384.0,9999999
58321,0,311,5.1,3.79,0.0,0.0,5.82,274.73,4.5,1,102445.0,9999999
58321,0,312,4.4,3.43,0.0,0.0,5.82,273.66,5.0,1,102506.0,9999999
58321,0,313,2.2,3.17,0.0,0.0,5.82,274.3,5.5,1,102566.0,9999999
58321,0,314,2.0,3.62,0.0,0.0,5.82,273.23,6.0,1,102627.0,9999999
58321,0,315,2.5,2.72,0.0,0.0,5.82,272.58,5.3,1,102646.0,9999999
58321,0,316,1.0,2.57,0.0,0.0,5.82,272.36,4.7,1,102665.0,9999999
58321,0,317,0.5,2.42,0.0,0.0,5.82,271.48,4.0,1,102685.0,9999999
58321,0,318,1.0,2.63,0.0,0.0,5.82,271.26,3.7,1,102744.0,9999999
58321,0,319,0.5,2.83,0.0,0.0,5.82,270.82,3.3,1,102803.0,9999999
58321,0,320,0.0,3.07,34.0,31.0,5.82,270.15,3.0,2,102862.0,9999999
58321,0,321,0.4,2.99,97.0,77.0,5.82,270.37,3.0,1,102876.0,9999999
58321,0,322,0.9,2.92,164.0,125.0,5.82,269.93,3.0,1,102890.0,9999999
58321,0,323,1.8,2.85,241.0,171.0,5.82,269.48,3.0,1,102904.0,9999999
58321,0,324,2.2,2.92,329.0,187.0,5.82,269.03,3.0,2,102780.0,9999999
58321,0,325,3.2,3.02,439.0,178.0,5.82,266.73,3.0,1,102657.0,9999999
58321,0,326,3.2,3.02,473.0,145.0,5.82,259.97,3.0,1,102657.0,9999999
58321,0,327,3.4,3.04,361.0,102.0,5.82,257.17,2.7,2,102650.0,9999999
58321,0,328,3.6,3.09,203.0,71.0,5.82,257.43,2.3,2,102644.0,9999999
58321,0,329,3.8,3.12,63.0,29.0,5.82,257.43,2.0,3,102638.0,9999999
58321,0,330,1.4,3.12,4.0,3.0,5.82,257.43,2.0,3,102657.0,9999999
58321,0,331,1.7,3.14,0.0,0.0,5.82,260.22,2.0,2,102676.0,9999999
58321,0,332,2.0,3.14,0.0,0.0,5.82,262.45,2.0,9,102695.0,9999999
58321,0,333,1.8,3.19,0.0,0.0,5.82,263.42,2.0,3,102668.0,9999999
58321,0,334,1.5,3.24,0.0,0.0,5.82,262.69,2.0,3,102642.0,9999999
58321,0,335,1.3,3.29,0.0,0.0,5.82,264.62,2.0,3,102615.0,9999999
58321,0,336,1.5,2.72,0.0,0.0,5.82,268.57,2.0,2,102588.0,9999999
58321,0,337,1.5,2.74,0.0,0.0,5.82,269.7,2.0,2,102561.0,9999999
58321,0,338,1.5,2.79,0.0,0.0,5.82,270.15,2.0,2,102534.0,9999999
58321,0,339,1.2,3.45,0.0,0.0,5.82,268.57,2.3,3,102524.0,9999999
58321,0,340,1.1,3.4,0.0,0.0,5.82,271.26,2.7,2,102515.0,9999999
58321,0,341,1.4,3.37,0.0,0.0,5.82,272.14,3.0,3,102505.0,9999999
58321,0,342,1.2,3.4,0.0,0.0,5.82,271.92,3.3,3,102528.0,9999999
58321,0,343,1.0,3.43,0.0,0.0,5.82,271.26,3.7,3,102551.0,9999999
58321,0,344,1.1,3.45,22.0,21.0,5.82,271.48,4.0,3,102574.0,9999999
58321,0,345,0.8,3.53,53.0,50.0,5.82,271.04,3.7,4,102558.0,9999999
58321,0,346,1.3,3.65,115.0,106.0,5.82,271.7,3.3,4,102541.0,9999999
58321,0,347,2.3,3.73,209.0,182.0,5.82,271.92,3.0,1,102525.0,9999999
58321,0,348,1.8,3.7,349.0,231.0,5.82,271.92,2.7,4,102406.0,9999999
58321,0,349,3.7,3.65,469.0,212.0,5.82,265.8,2.3,5,102287.0,9999999
58321,0,350,3.9,3.62,409.0,167.0,5.82,263.9,2.0,4,102168.0,9999999
58321,0,351,3.9,3.65,252.0,145.0,5.82,267.89,2.0,5,102131.0,9999999
58321,0,352,4.0,3.7,131.0,99.0,5.82,269.7,2.0,5,102095.0,9999999
58321,0,353,3.1,3.73,44.0,35.0,5.82,269.7,2.0,3,102059.0,9999999
58321,0,354,2.3,3.73,4.0,3.0,5.82,264.85,2.3,4,102079.0,9999999
58321,0,355,2.5,3.56,0.0,0.0,5.82,266.96,2.7,4,102099.0,9999999
58321,0,356,3.3,3.76,0.0,0.0,5.82,269.93,3.0,5,102119.0,9999999
58321,0,357,3.0,3.76,0.0,0.0,5.82,273.01,2.8,3,102115.0,9999999
58321,0,358,2.8,3.79,0.0,0.0,5.82,273.66,2.7,3,102111.0,9999999
58321,0,359,2.5,3.88,0.0,0.0,5.82,273.23,2.5,3,102108.0,9999999
58321,0,360,3.0,4.12,0.0,0.0,5.82,273.66,2.3,3,102104.0,9999999
58321,0,361,2.8,4.18,0.0,0.0,5.82,273.23,2.2,3,102100.0,9999999
58321,0,362,2.7,4.25,0.0,0.0,5.82,272.58,2.0,3,102097.0,9999999
58321,0,363,2.6,4.25,0.0,0.0,5.82,272.58,1.7,2,102064.0,9999999
58321,0,364,2.3,4.15,0.0,0.0,5.82,272.58,1.3,2,102030.0,9999999
58321,0,365,2.3,4.15,0.0,0.0,5.82,272.8,1.0,3,101997.0,9999999
58321,0,366,2.7,4.28,0.0,0.0,5.82,272.36,1.0,3,100986.0,9999999
58321,0,367,2.2,4.06,0.0,0.0,5.82,271.48,1.5,2,101552.0,9999999
58321,0,368,2.6,4.18,54.0,44.0,5.82,271.92,2.0,4,102118.0,9999999
58321,0,369,2.4,4.06,148.0,115.0,5.82,272.14,2.0,4,102138.0,9999999
58321,0,370,3.5,4.35,272.0,178.0,5.82,271.26,2.0,4,102159.0,9999999
58321,0,371,5.3,4.93,421.0,208.0,5.82,269.93,2.0,1,102179.0,9999999
58321,0,372,4.2,4.51,500.0,219.0,5.82,266.73,1.7,4,102100.0,9999999
58321,0,373,6.6,4.54,470.0,223.0,5.82,269.25,1.3,4,102021.0,9999999
58321,0,374,4.9,4.61,404.0,204.0,5.82,271.48,1.0,5,101941.0,9999999
58321,0,375,5.1,4.65,282.0,166.0,5.82,270.6,1.7,5,101935.0,9999999
58321,0,376,5.3,4.65,140.0,107.0,5.82,274.3,2.3,5,101929.0,9999999
58321,0,377,7.4,4.68,46.0,37.0,5.82,274.52,3.0,5,101922.0,9999999
58321,0,378,5.5,4.72,3.0,3.0,5.82,271.7,2.7,4,101959.0,9999999
58321,0,379,5.4,4.79,0.0,0.0,5.82,273.23,2.3,4,101995.0,9999999
58321,0,380,5.4,4.86,0.0,0.0,5.82,273.44,2.0,5,102032.0,9999999
58321,0,381,5.3,4.82,0.0,0.0,5.82,272.58,1.7,5,102005.0,9999999
58321,0,382,5.3,4.86,0.0,0.0,5.82,272.14,1.3,5,101978.0,9999999
58321,0,383,5.2,4.89,0.0,0.0,5.82,271.92,1.0,4,101952.0,9999999
58321,0,384,5.1,4.89,0.0,0.0,5.82,272.58,0.7,4,101925.0,9999999
58321,0,385,5.1,4.93,0.0,0.0,5.82,271.04,0.3,4,101898.0,9999999
58321,0,386,5.0,4.93,0.0,0.0,5.82,275.79,0.0,3,101872.0,9999999
58321,0,387,4.9,4.89,0.0,0.0,5.82,272.14,0.7,3,101862.0,9999999
58321,0,388,4.7,4.89,0.0,0.0,5.82,273.66,1.3,3,101851.0,9999999
58321,0,389,4.6,4.86,0.0,0.0,5.82,276.21,2.0,3,101841.0,9999999
58321,0,390,4.6,4.86,0.0,0.0,5.82,276.41,2.3,3,101881.0,9999999
58321,0,391,4.6,4.86,0.0,0.0,5.82,276.21,2.7,3,101921.0,9999999
58321,0,392,4.6,4.86,10.0,10.0,5.82,276.41,3.0,2,101961.0,9999999
58321,0,393,4.7,4.93,40.0,39.0,5.82,276.41,2.7,2,102001.0,9999999
58321,0,394,4.9,5.04,57.0,56.0,5.82,276.41,2.3,2,102041.0,9999999
58321,0,395,5.0,5.11,60.0,60.0,5.82,276.41,2.0,16,102081.0,9999999
58321,0,396,5.3,5.19,61.0,61.0,5.82,276.83,2.3,1,102022.0,9999999
58321,0,397,5.6,5.3,67.0,67.0,5.82,277.04,2.7,1,101962.0,9999999
58321,0,398,4.7,4.93,69.0,69.0,5.82,277.04,3.0,1,101903.0,9999999
58321,0,399,5.9,5.34,53.0,53.0,5.82,277.45,3.7,16,101959.0,9999999
58321,0,400,6.0,5.27,34.0,34.0,5.82,277.25,4.3,16,102016.0,9999999
58321,0,401,6.0,5.23,10.0,10.0,5.82,277.04,5.0,1,102072.0,9999999
58321,0,402,5.7,5.15,1.0,1.0,5.82,276.62,4.3,1,102162.0,9999999
58321,0,403,5.5,5.04,0.0,0.0,5.82,276.21,3.7,1,102251.0,9999999
58321,0,404,5.2,4.93,0.0,0.0,5.82,274.73,3.0,2,102340.0,9999999
58321,0,405,5.0,4.86,0.0,0.0,5.82,274.52,2.8,2,102367.0,9999999
58321,0,406,4.7,4.79,0.0,0.0,5.82,273.44,2.7,1,102393.0,9999999
58321,0,407,4.5,4.72,0.0,0.0,5.82,271.92,2.5,1,102419.0,9999999
58321,0,408,4.3,4.61,0.0,0.0,5.82,271.92,2.3,16,102446.0,9999999
58321,0,409,4.0,4.54,0.0,0.0,5.82,270.6,2.2,1,102472.0,9999999
58321,0,410,3.8,4.48,0.0,0.0,5.82,263.9,2.0,15,102498.0,9999999
58321,0,411,2.9,4.38,0.0,0.0,5.82,268.57,2.3,1,102485.0,9999999
58321,0,412,2.2,3.85,0.0,0.0,5.82,268.8,2.7,1,102471.0,9999999
58321,0,413,1.6,3.65,0.0,0.0,5.82,270.15,3.0,2,102458.0,9999999
58321,0,414,1.9,3.62,0.0,0.0,5.82,270.37,3.0,2,102491.0,9999999
58321,0,415,1.7,3.79,0.0,0.0,5.82,266.5,3.0,2,102524.0,9999999
58321,0,416,1.5,3.62,86.0,54.0,5.82,261.71,3.0,2,102557.0,9999999
58321,0,417,1.6,3.53,233.0,102.0,5.82,261.96,3.0,2,102580.0,9999999
58321,0,418,3.0,3.43,394.0,120.0,5.82,258.71,3.0,3,102603.0,9999999
58321,0,419,5.4,2.99,523.0,126.0,5.82,258.71,3.0,3,102627.0,9999999
58321,0,420,5.5,3.09,594.0,123.0,5.82,257.94,2.7,3,102518.0,9999999
58321,0,421,6.9,2.85,590.0,119.0,5.82,257.17,2.3,3,102410.0,9999999
58321,0,422,5.7,2.63,515.0,115.0,5.82,257.94,2.0,2,102301.0,9999999
58321,0,423,5.7,2.63,387.0,100.0,5.82,258.45,2.3,3,102288.0,9999999
58321,0,424,5.7,2.63,224.0,71.0,5.82,257.69,2.7,3,102275.0,9999999
58321,0,425,5.7,2.63,73.0,31.0,5.82,257.17,3.0,7,102261.0,9999999
58321,0,426,3.2,3.27,6.0,4.0,5.82,256.39,2.7,5,102260.0,9999999
58321,0,427,2.8,3.29,0.0,0.0,5.82,255.33,2.3,5,102260.0,9999999
58321,0,428,2.6,3.27,0.0,0.0,5.82,254.27,2.0,7,102259.0,9999999
58321,0,429,2.7,2.81,0.0,0.0,5.82,253.73,2.0,6,102214.0,9999999
58321,0,430,2.1,2.9,0.0,0.0,5.82,253.46,2.0,6,102169.0,9999999
58321,0,431,1.7,3.02,0.0,0.0,5.82,253.19,2.0,6,102123.0,9999999
58321,0,432,1.8,3.14,0.0,0.0,5.82,253.19,2.0,6,102078.0,9999999
58321,0,433,1.5,3.24,0.0,0.0,5.82,253.19,2.0,6,102033.0,9999999
58321,0,434,1.5,3.37,0.0,0.0,5.82,253.46,2.0,6,101988.0,9999999
58321,0,435,1.4,3.43,0.0,0.0,5.82,255.07,2.0,6,101958.0,9999999
58321,0,436,1.1,3.48,0.0,0.0,5.82,255.33,2.0,6,101927.0,9999999
58321,0,437,0.6,3.53,0.0,0.0,5.82,255.86,2.0,7,101897.0,9999999
58321,0,438,0.9,3.56,0.0,0.0,5.82,256.12,2.0,6,101887.0,9999999
58321,0,439,0.8,3.56,0.0,0.0,5.82,256.39,2.0,7,101877.0,9999999
58321,0,440,1.0,3.59,100.0,41.0,5.82,256.65,2.0,7,101867.0,9999999
58321,0,441,1.3,3.62,260.0,81.0,5.82,258.45,3.0,7,101885.0,9999999
58321,0,442,4.1,3.62,419.0,103.0,5.82,258.71,4.0,7,101904.0,9999999
58321,0,443,8.5,4.48,534.0,115.0,5.82,260.47,5.0,8,101922.0,9999999
58321,0,444,6.9,4.0,591.0,120.0,5.82,261.71,4.7,8,101841.0,9999999
58321,0,445,8.1,4.35,583.0,120.0,5.82,262.69,4.3,9,101759.0,9999999
58321,0,446,9.3,4.72,464.0,143.0,5.82,263.42,4.0,7,101677.0,9999999
58321,0,447,9.4,4.68,282.0,152.0,5.82,272.14,3.7,10,101648.0,9999999
58321,0,448,9.4,4.68,146.0,98.0,5.82,276.21,3.3,9,101618.0,9999999
58321,0,449,9.5,4.65,52.0,34.0,5.82,272.14,3.0,6,101588.0,9999999
58321,0,450,6.7,4.68,5.0,4.0,5.82,268.34,3.3,5,101604.0,9999999
58321,0,451,6.5,4.68,0.0,0.0,5.82,262.2,3.7,6,101620.0,9999999
58321,0,452,7.7,4.72,0.0,0.0,5.82,261.47,4.0,6,101636.0,9999999
58321,0,453,7.4,4.79,0.0,0.0,5.82,260.97,4.0,7,101614.0,9999999
58321,0,454,7.1,4.86,0.0,0.0,5.82,260.47,4.0,7,101592.0,9999999
58321,0,455,5.1,4.93,0.0,0.0,5.82,260.22,4.0,7,101570.0,9999999
58321,0,456,6.5,5.04,0.0,0.0,5.82,259.97,4.0,7,101548.0,9999999
58321,0,457,4.7,5.11,0.0,0.0,5.82,259.72,4.0,6,101526.0,9999999
58321,0,458,4.5,4.72,0.0,0.0,5.82,259.47,4.0,7,101504.0,9999999
58321,0,459,4.2,4.65,0.0,0.0,5.82,258.96,3.7,6,101484.0,9999999
58321,0,460,3.3,4.48,0.0,0.0,5.82,258.71,3.3,6,101463.0,9999999
58321,0,461,2.8,4.35,0.0,0.0,5.82,258.45,3.0,7,101443.0,9999999
58321,0,462,2.1,4.15,0.0,0.0,5.82,258.2,3.3,6,101476.0,9999999
58321,0,463,1.9,4.09,0.0,0.0,5.82,257.69,3.7,7,101509.0,9999999
58321,0,464,2.1,4.22,104.0,43.0,5.82,257.69,4.0,7,101542.0,9999999
58321,0,465,2.3,4.0,265.0,83.0,5.82,259.22,3.7,7,101538.0,9999999
58321,0,466,6.1,5.0,426.0,104.0,5.82,260.47,3.3,7,101533.0,9999999
58321,0,467,9.5,6.04,545.0,115.0,5.82,261.22,3.0,7,101528.0,9999999
58321,0,468,10.7,6.12,605.0,119.0,5.82,262.69,3.0,7,101473.0,9999999
58321,0,469,11.9,6.3,596.0,117.0,5.82,263.66,3.0,7,101418.0,9999999
58321,0,470,13.1,6.48,499.0,129.0,5.82,265.33,3.0,5,101363.0,9999999
58321,0,471,12.2,6.34,309.0,140.0,5.82,269.03,2.7,14,101405.0,9999999
58321,0,472,11.2,6.12,130.0,96.0,5.82,276.41,2.3,15,101447.0,9999999
58321,0,473,10.3,5.99,36.0,30.0,5.82,278.89,2.0,5,101489.0,9999999
58321,0,474,9.6,5.91,3.0,3.0,5.82,278.27,2.0,16,101548.0,9999999
58321,0,475,8.9,5.91,0.0,0.0,5.82,272.14,2.0,1,101607.0,9999999
58321,0,476,8.2,5.87,0.0,0.0,5.82,274.73,2.0,5,101666.0,9999999
58321,0,477,7.3,5.62,0.0,0.0,5.82,269.7,2.0,1,101723.0,9999999
58321,0,478,6.5,5.42,0.0,0.0,5.82,267.89,2.0,1,101780.0,9999999
58321,0,479,4.0,4.58,0.0,0.0,5.82,266.96,2.0,1,101838.0,9999999
58321,0,480,4.7,4.97,0.0,0.0,5.82,268.57,2.0,1,101895.0,9999999
58321,0,481,3.9,4.75,0.0,0.0,5.82,271.26,2.0,1,101952.0,9999999
58321,0,482,5.3,5.42,0.0,0.0,5.82,274.52,2.0,1,102009.0,9999999
58321,0,483,5.7,4.75,0.0,0.0,5.82,268.34,2.0,2,102057.0,9999999
58321,0,484,5.3,4.93,0.0,0.0,5.82,270.6,2.0,2,102105.0,9999999
58321,0,485,6.5,5.11,0.0,0.0,5.82,273.23,2.0,3,102153.0,9999999
58321,0,486,4.7,4.58,0.0,0.0,5.82,274.52,2.7,2,102272.0,9999999
58321,0,487,5.5,4.93,0.0,0.0,5.82,272.58,3.3,2,102391.0,9999999
58321,0,488,5.0,4.82,47.0,38.0,5.82,271.04,4.0,3,102510.0,9999999
58321,0,489,5.1,4.65,88.0,75.0,5.82,272.36,4.7,2,102573.0,9999999
58321,0,490,5.2,4.51,131.0,115.0,5.82,273.66,5.3,2,102636.0,9999999
58321,0,491,5.3,4.31,164.0,140.0,5.82,275.36,6.0,3,102699.0,9999999
58321,0,492,5.1,4.18,192.0,143.0,5.82,274.3,6.0,3,102682.0,9999999
58321,0,493,4.9,4.06,237.0,141.0,5.82,272.58,6.0,3,102666.0,9999999
58321,0,494,4.7,3.94,314.0,129.0,5.82,271.7,6.0,3,102649.0,9999999
58321,0,495,4.8,3.7,332.0,105.0,5.82,262.45,5.3,3,102695.0,9999999
58321,0,496,4.8,3.51,211.0,72.0,5.82,258.45,4.7,3,102742.0,9999999
58321,0,497,4.9,3.29,71.0,32.0,5.82,258.96,4.0,3,102789.0,9999999
58321,0,498,2.4,3.07,7.0,5.0,5.82,255.07,4.3,2,102827.0,9999999
58321,0,499,2.0,2.85,0.0,0.0,5.82,254.27,4.7,2,102866.0,9999999
58321,0,500,1.5,2.65,0.0,0.0,5.82,251.82,5.0,4,102905.0,9999999
58321,0,501,1.7,2.53,0.0,0.0,5.82,250.71,5.0,2,102911.0,9999999
58321,0,502,0.1,2.42,0.0,0.0,5.82,249.86,5.0,3,102916.0,9999999
58321,0,503,0.0,2.31,0.0,0.0,5.82,249.3,5.0,3,102922.0,9999999
58321,0,504,-0.9,2.19,0.0,0.0,5.82,248.72,5.0,3,102927.0,9999999
58321,0,505,-1.7,2.1,0.0,0.0,5.82,248.44,5.0,3,102933.0,9999999
58321,0,506,-2.6,2.0,0.0,0.0,5.82,247.86,5.0,3,102939.0,9999999
58321,0,507,-2.7,2.02,0.0,0.0,5.82,249.86,5.3,3,102879.0,9999999
58321,0,508,-2.7,2.02,0.0,0.0,5.82,248.72,5.7,4,102819.0,9999999
58321,0,509,-2.8,2.03,0.0,0.0,5.82,249.01,6.0,4,102759.0,9999999
58321,0,510,-2.7,2.07,0.0,0.0,5.82,253.73,5.3,4,102749.0,9999999
58321,0,511,-2.7,2.12,0.0,0.0,5.82,260.97,4.7,4,102739.0,9999999
58321,0,512,-2.6,2.16,71.0,55.0,5.82,260.47,4.0,5,102729.0,9999999
58321,0,513,-1.7,2.23,142.0,115.0,5.82,263.42,4.3,4,102661.0,9999999
58321,0,514,-0.7,2.33,179.0,150.0,5.82,266.27,4.7,4,102592.0,9999999
58321,0,515,0.2,2.4,190.0,168.0,5.82,268.8,5.0,4,102524.0,9999999
58321,0,516,0.6,2.42,189.0,173.0,5.82,269.7,4.3,4,102398.0,9999999
58321,0,517,0.5,2.46,178.0,158.0,5.82,270.6,3.7,4,102272.0,9999999
58321,0,518,0.9,2.48,138.0,128.0,5.82,271.04,3.0,2,102146.0,9999999
58321,0,519,1.3,2.59,110.0,107.0,5.82,271.7,2.7,3,102173.0,9999999
58321,0,520,1.2,2.7,72.0,70.0,5.82,272.14,2.3,3,102199.0,9999999
58321,0,521,1.1,2.81,19.0,19.0,5.82,271.7,2.0,1,102226.0,9999999
58321,0,522,0.5,2.83,1.0,1.0,5.82,271.48,2.3,2,102162.0,9999999
58321,0,523,0.5,2.88,0.0,0.0,5.82,272.36,2.7,2,102099.0,9999999
58321,0,524,0.6,2.9,0.0,0.0,5.82,272.14,3.0,1,102036.0,9999999
58321,0,525,0.1,2.97,0.0,0.0,5.82,271.26,3.3,16,102027.0,9999999
58321,0,526,0.2,3.07,0.0,0.0,5.82,270.37,3.7,1,102019.0,9999999
58321,0,527,0.0,3.17,0.0,0.0,5.82,270.6,4.0,1,102010.0,9999999
58321,0,528,-0.2,3.24,0.0,0.0,5.82,270.82,4.3,1,102001.0,9999999
58321,0,529,-0.4,3.32,0.0,0.0,5.82,270.82,4.7,1,101993.0,9999999
58321,0,530,-0.6,3.43,0.0,0.0,5.82,270.82,5.0,1,101984.0,9999999
58321,0,531,-0.8,3.35,0.0,0.0,5.82,270.6,4.7,16,101971.0,9999999
58321,0,532,-1.0,3.24,0.0,0.0,5.82,270.6,4.3,16,101957.0,9999999
58321,0,533,-1.2,3.17,0.0,0.0,5.82,270.6,4.0,16,101944.0,9999999
58321,0,534,-1.2,3.14,0.0,0.0,5.82,270.15,4.0,16,102027.0,9999999
58321,0,535,-1.3,3.09,0.0,0.0,5.82,269.93,4.0,1,102110.0,9999999
58321,0,536,-1.3,3.07,46.0,46.0,5.82,269.48,4.0,16,102193.0,9999999
58321,0,537,-1.2,3.07,109.0,107.0,5.82,269.48,4.3,16,102203.0,9999999
58321,0,538,-1.2,3.04,194.0,191.0,5.82,269.48,4.7,16,102213.0,9999999
58321,0,539,-1.1,3.04,280.0,272.0,5.82,269.7,5.0,1,102223.0,9999999
58321,0,540,-1.1,3.09,307.0,298.0,5.82,269.03,5.0,16,102173.0,9999999
58321,0,541,-1.1,3.14,288.0,279.0,5.82,269.93,5.0,16,102123.0,9999999
58321,0,542,-1.1,3.19,220.0,208.0,5.82,268.8,5.0,15,102073.0,9999999
58321,0,543,-1.0,3.12,141.0,136.0,5.82,270.6,4.7,16,102097.0,9999999
58321,0,544,-1.0,3.04,89.0,87.0,5.82,269.7,4.3,16,102120.0,9999999
58321,0,545,-0.9,2.97,32.0,31.0,5.82,269.7,4.0,15,102143.0,9999999
58321,0,546,-0.9,2.99,3.0,3.0,5.82,269.03,4.0,16,102200.0,9999999
58321,0,547,-0.9,3.04,0.0,0.0,5.82,268.34,4.0,15,102256.0,9999999
58321,0,548,-0.9,3.07,0.0,0.0,5.82,266.96,4.0,15,102313.0,9999999
58321,0,549,-1.0,3.02,0.0,0.0,5.82,265.33,4.0,14,102306.0,9999999
58321,0,550,-1.2,2.97,0.0,0.0,5.82,264.62,4.0,14,102299.0,9999999
58321,0,551,-1.3,2.92,0.0,0.0,5.82,264.14,4.0,14,102292.0,9999999
58321,0,552,-1.4,2.88,0.0,0.0,5.82,263.42,4.0,14,102286.0,9999999
58321,0,553,-1.6,2.83,0.0,0.0,5.82,265.33,4.0,14,102279.0,9999999
58321,0,554,-1.7,2.79,0.0,0.0,5.82,263.42,4.0,14,102272.0,9999999
58321,0,555,-2.5,2.65,0.0,0.0,5.82,262.93,3.7,14,102258.0,9999999
58321,0,556,-3.2,2.55,0.0,0.0,5.82,258.2,3.3,14,102243.0,9999999
58321,0,557,-4.0,2.42,0.0,0.0,5.82,252.09,3.0,12,102229.0,9999999
58321,0,558,-4.5,2.35,0.0,0.0,5.82,250.43,2.7,14,102278.0,9999999
58321,0,559,-4.9,2.27,0.0,0.0,5.82,248.15,2.3,14,102328.0,9999999
58321,0,560,-5.4,2.19,115.0,44.0,5.82,246.99,2.0,12,102377.0,9999999
58321,0,561,-4.3,2.25,289.0,82.0,5.82,248.72,2.7,15,102398.0,9999999
58321,0,562,-3.3,2.29,459.0,104.0,5.82,247.28,3.3,15,102419.0,9999999
58321,0,563,0.9,2.35,574.0,125.0,5.82,248.15,4.0,14,102441.0,9999999
58321,0,564,1.0,2.31,616.0,142.0,5.82,250.71,4.0,15,102379.0,9999999
58321,0,565,2.6,2.29,601.0,153.0,5.82,251.54,4.0,15,102317.0,9999999
58321,0,566,2.7,2.25,537.0,142.0,5.82,252.92,4.0,13,102255.0,9999999
58321,0,567,2.7,2.25,418.0,112.0,5.82,252.64,4.0,15,102258.0,9999999
58321,0,568,2.5,2.25,253.0,80.0,5.82,251.54,4.0,15,102262.0,9999999
58321,0,569,3.6,2.25,90.0,35.0,5.82,250.43,4.0,14,102265.0,9999999
58321,0,570,-0.2,2.33,9.0,5.0,5.82,249.86,3.0,16,102300.0,9999999
58321,0,571,-1.0,2.4,0.0,0.0,5.82,248.72,2.0,16,102336.0,9999999
58321,0,572,-1.9,2.48,0.0,0.0,5.82,247.86,1.0,12,102371.0,9999999
58321,0,573,-2.3,2.44,0.0,0.0,5.82,247.28,1.0,1,102364.0,9999999
58321,0,574,-2.7,2.42,0.0,0.0,5.82,246.99,1.0,2,102357.0,9999999
58321,0,575,-3.0,2.4,0.0,0.0,5.82,246.99,1.0,3,102350.0,9999999
58321,0,576,-3.4,2.36,0.0,0.0,5.82,246.4,1.0,2,102343.0,9999999
58321,0,577,-3.8,2.33,0.0,0.0,5.82,246.1,1.0,15,102336.0,9999999
58321,0,578,-4.2,2.31,0.0,0.0,5.82,245.81,1.0,14,102329.0,9999999
58321,0,579,-4.5,2.27,0.0,0.0,5.82,245.81,0.7,12,102321.0,9999999
58321,0,580,-4.9,2.21,0.0,0.0,5.82,245.51,0.3,11,102314.0,9999999
58321,0,581,-5.2,2.18,0.0,0.0,5.82,245.21,0.0,11,102307.0,9999999
58321,0,582,-5.1,2.19,0.0,0.0,5.82,245.21,0.3,10,102321.0,9999999
58321,0,583,-5.1,2.19,0.0,0.0,5.82,245.21,0.7,9,102334.0,9999999
58321,0,584,-5.0,2.21,121.0,44.0,5.82,245.21,1.0,9,102347.0,9999999
58321,0,585,-2.9,2.18,298.0,82.0,5.82,246.4,1.3,9,102370.0,9999999
58321,0,586,-0.9,2.16,469.0,104.0,5.82,247.28,1.7,9,102393.0,9999999
58321,0,587,2.5,2.12,593.0,115.0,5.82,248.44,2.0,9,102415.0,9999999
58321,0,588,2.2,2.18,654.0,120.0,5.82,249.3,2.3,10,102347.0,9999999
58321,0,589,4.7,2.21,647.0,119.0,5.82,250.43,2.7,11,102278.0,9999999
58321,0,590,4.3,2.27,571.0,113.0,5.82,250.99,3.0,9,102210.0,9999999
58321,0,591,4.1,2.33,436.0,99.0,5.82,252.09,3.0,10,102176.0,9999999
58321,0,592,3.9,2.36,261.0,75.0,5.82,252.37,3.0,10,102143.0,9999999
58321,0,593,3.7,2.42,93.0,36.0,5.82,252.09,3.0,9,102109.0,9999999
58321,0,594,0.9,2.51,10.0,6.0,5.82,251.26,3.0,8,102122.0,9999999
58321,0,595,0.2,2.59,0.0,0.0,5.82,250.99,3.0,7,102134.0,9999999
58321,0,596,0.5,2.67,0.0,0.0,5.82,250.43,3.0,7,102147.0,9999999
58321,0,597,0.5,2.74,0.0,0.0,5.82,250.15,2.8,8,102138.0,9999999
58321,0,598,0.9,2.79,0.0,0.0,5.82,249.86,2.7,8,102129.0,9999999
58321,0,599,0.5,2.85,0.0,0.0,5.82,249.86,2.5,8,102120.0,9999999
58321,0,600,0.1,2.92,0.0,0.0,5.82,249.86,2.3,9,102111.0,9999999
58321,0,601,-0.4,2.97,0.0,0.0,5.82,249.86,2.2,9,102103.0,9999999
58321,0,602,-0.8,3.04,0.0,0.0,5.82,251.26,2.0,7,102094.0,9999999
58321,0,603,-0.8,2.99,0.0,0.0,5.82,256.12,2.3,10,102077.0,9999999
58321,0,604,-0.9,2.97,0.0,0.0,5.82,252.37,2.7,10,102060.0,9999999
58321,0,605,-0.9,2.92,0.0,0.0,5.82,249.86,3.0,9,102044.0,9999999
58321,0,606,-1.2,2.97,0.0,0.0,5.82,249.58,3.0,10,102073.0,9999999
58321,0,607,-1.5,3.02,0.0,0.0,5.82,249.3,3.0,10,102103.0,9999999
58321,0,608,-1.8,3.07,121.0,44.0,5.82,249.3,3.0,9,102132.0,9999999
58321,0,609,-1.1,3.19,297.0,82.0,5.82,250.15,3.0,10,102153.0,9999999
58321,0,610,2.8,2.99,466.0,103.0,5.82,251.26,3.0,10,102174.0,9999999
58321,0,611,6.9,3.24,590.0,115.0,5.82,252.92,3.0,9,102195.0,9999999
58321,0,612,7.0,2.99,651.0,120.0,5.82,254.27,3.3,12,102124.0,9999999
58321,0,613,9.2,2.85,645.0,119.0,5.82,255.33,3.7,12,102054.0,9999999
58321,0,614,9.2,2.76,570.0,112.0,5.82,255.86,4.0,9,101983.0,9999999
58321,0,615,7.2,2.46,437.0,99.0,5.82,256.65,3.7,12,101954.0,9999999
58321,0,616,8.0,3.22,264.0,75.0,5.82,256.65,3.3,12,101925.0,9999999
58321,0,617,8.7,2.99,95.0,36.0,5.82,256.39,3.0,12,101896.0,9999999
58321,0,618,4.7,3.29,10.0,6.0,5.82,255.07,3.3,12,101924.0,9999999
58321,0,619,4.3,3.62,0.0,0.0,5.82,254.0,3.7,12,101953.0,9999999
58321,0,620,3.8,3.97,0.0,0.0,5.82,253.19,4.0,9,101981.0,9999999
58321,0,621,3.5,3.82,0.0,0.0,5.82,253.19,4.2,11,101986.0,9999999
58321,0,622,2.9,3.7,0.0,0.0,5.82,254.0,4.3,11,101991.0,9999999
58321,0,623,2.5,3.56,0.0,0.0,5.82,254.27,4.5,11,101995.0,9999999
58321,0,624,2.7,3.43,0.0,0.0,5.82,254.8,4.7,11,102000.0,9999999
58321,0,625,2.7,3.32,0.0,0.0,5.82,254.8,4.8,11,102004.0,9999999
58321,0,626,3.2,3.19,0.0,0.0,5.82,256.39,5.0,10,102009.0,9999999
58321,0,627,3.4,3.12,0.0,0.0,5.82,255.86,4.7,12,101940.0,9999999
58321,0,628,3.7,3.07,0.0,0.0,5.82,255.6,4.3,12,101870.0,9999999
58321,0,629,2.6,2.99,0.0,0.0,5.82,255.86,4.0,9,101801.0,9999999
58321,0,630,2.9,3.59,0.0,0.0,5.82,255.86,3.3,12,101807.0,9999999
58321,0,631,2.9,3.53,0.0,0.0,5.82,256.65,2.7,12,101814.0,9999999
58321,0,632,2.9,3.56,114.0,54.0,5.82,254.27,2.0,9,101821.0,9999999
58321,0,633,3.0,3.45,258.0,128.0,5.82,255.33,3.3,12,101820.0,9999999
58321,0,634,8.2,3.85,395.0,191.0,5.82,261.47,4.7,12,101819.0,9999999
58321,0,635,10.4,2.76,509.0,213.0,5.82,261.71,6.0,12,101818.0,9999999
58321,0,636,11.0,2.85,579.0,215.0,5.82,262.93,7.0,12,101733.0,9999999
58321,0,637,11.6,2.95,598.0,190.0,5.82,262.69,8.0,12,101647.0,9999999
58321,0,638,12.2,3.04,552.0,138.0,5.82,261.22,9.0,13,101561.0,9999999
58321,0,639,11.8,3.17,435.0,102.0,5.82,259.97,8.0,12,101551.0,9999999
58321,0,640,11.5,3.29,264.0,77.0,5.82,259.72,7.0,12,101540.0,9999999
58321,0,641,11.1,2.33,96.0,37.0,5.82,258.96,6.0,12,101530.0,9999999
58321,0,642,9.8,3.48,11.0,6.0,5.82,257.94,5.3,12,101542.0,9999999
58321,0,643,8.6,3.51,0.0,0.0,5.82,256.65,4.7,12,101554.0,9999999
58321,0,644,7.3,2.67,0.0,0.0,5.82,255.6,4.0,12,101565.0,9999999
58321,0,645,7.1,2.63,0.0,0.0,5.82,254.8,4.0,12,101565.0,9999999
58321,0,646,6.9,3.43,0.0,0.0,5.82,254.27,4.0,12,101565.0,9999999
58321,0,647,3.3,3.37,0.0,0.0,5.82,253.73,4.0,12,101565.0,9999999
58321,0,648,3.2,3.29,0.0,0.0,5.82,253.46,4.0,11,101564.0,9999999
58321,0,649,2.3,3.22,0.0,0.0,5.82,253.46,4.0,11,101564.0,9999999
58321,0,650,1.8,3.22,0.0,0.0,5.82,253.46,4.0,10,101564.0,9999999
58321,0,651,1.7,3.24,0.0,0.0,5.82,258.71,3.7,10,101530.0,9999999
58321,0,652,1.2,3.35,0.0,0.0,5.82,256.12,3.3,10,101495.0,9999999
58321,0,653,0.2,3.43,0.0,0.0,5.82,255.6,3.0,9,101461.0,9999999
58321,0,654,0.5,3.51,0.0,0.0,5.82,256.65,2.7,8,101477.0,9999999
58321,0,655,1.3,3.62,0.0,0.0,5.82,256.39,2.3,8,101493.0,9999999
58321,0,656,1.3,3.7,115.0,44.0,5.82,257.43,2.0,8,101509.0,9999999
58321,0,657,2.2,3.97,288.0,83.0,5.82,257.69,1.3,10,101545.0,9999999
58321,0,658,6.5,4.25,455.0,105.0,5.82,258.71,0.7,12,101581.0,9999999
58321,0,659,8.6,3.45,575.0,117.0,5.82,260.22,0.0,13,101617.0,9999999
58321,0,660,9.1,3.56,635.0,123.0,5.82,261.47,0.3,13,101586.0,9999999
58321,0,661,13.4,4.12,630.0,122.0,5.82,262.45,0.7,13,101555.0,9999999
58321,0,662,10.2,3.29,557.0,115.0,5.82,262.93,1.0,13,101524.0,9999999
58321,0,663,10.7,3.35,426.0,102.0,5.82,263.9,1.3,13,101493.0,9999999
58321,0,664,11.3,3.48,257.0,78.0,5.82,264.14,1.7,13,101462.0,9999999
58321,0,665,11.8,4.75,93.0,37.0,5.82,263.9,2.0,15,101431.0,9999999
58321,0,666,7.1,4.44,11.0,6.0,5.82,262.2,1.7,16,101476.0,9999999
58321,0,667,7.1,3.62,0.0,0.0,5.82,260.97,1.3,16,101521.0,9999999
58321,0,668,7.8,3.94,0.0,0.0,5.82,259.97,1.0,2,101566.0,9999999
58321,0,669,7.1,3.91,0.0,0.0,5.82,258.96,1.2,2,101595.0,9999999
58321,0,670,5.0,3.48,0.0,0.0,5.82,257.94,1.3,3,101624.0,9999999
58321,0,671,4.4,3.51,0.0,0.0,5.82,257.43,1.5,3,101653.0,9999999
58321,0,672,4.8,3.76,0.0,0.0,5.82,256.91,1.7,3,101682.0,9999999
58321,0,673,3.2,3.7,0.0,0.0,5.82,256.39,1.8,3,101711.0,9999999
58321,0,674,2.5,3.65,0.0,0.0,5.82,255.86,2.0,3,101740.0,9999999
58321,0,675,2.0,3.67,0.0,0.0,5.82,256.12,2.0,3,101757.0,9999999
58321,0,676,1.9,3.67,0.0,0.0,5.82,255.6,2.0,4,101773.0,9999999
58321,0,677,1.5,3.7,0.0,0.0,5.82,255.07,2.0,6,101790.0,9999999
58321,0,678,1.3,3.73,0.0,0.0,5.82,254.8,2.0,5,101812.0,9999999
58321,0,679,1.6,3.76,0.0,0.0,5.82,254.54,2.0,5,101834.0,9999999
58321,0,680,1.4,3.79,122.0,45.0,5.82,254.54,2.0,5,101857.0,9999999
58321,0,681,2.0,3.65,296.0,83.0,5.82,255.33,2.3,5,101850.0,9999999
58321,0,682,6.8,3.53,463.0,104.0,5.82,256.91,2.7,5,101844.0,9999999
58321,0,683,9.7,3.35,584.0,117.0,5.82,258.45,3.0,5,101837.0,9999999
58321,0,684,10.7,3.43,644.0,122.0,5.82,260.22,3.3,5,101729.0,9999999
58321,0,685,11.8,3.43,636.0,121.0,5.82,261.47,3.7,5,101621.0,9999999
58321,0,686,12.8,3.48,563.0,115.0,5.82,262.45,4.0,7,101512.0,9999999
58321,0,687,12.7,3.56,433.0,102.0,5.82,263.42,4.0,5,101455.0,9999999
58321,0,688,12.6,3.62,263.0,78.0,5.82,263.42,4.0,5,101399.0,9999999
58321,0,689,12.5,3.59,97.0,38.0,5.82,263.42,4.0,4,101342.0,9999999
58321,0,690,8.7,4.75,11.0,7.0,5.82,262.45,3.7,4,101357.0,9999999
58321,0,691,9.8,4.12,0.0,0.0,5.82,261.71,3.3,4,101372.0,9999999
58321,0,692,8.4,4.44,0.0,0.0,5.82,261.96,3.0,4,101387.0,9999999
58321,0,693,8.0,4.38,0.0,0.0,5.82,266.27,2.9,4,101361.0,9999999
58321,0,694,7.6,4.41,0.0,0.0,5.82,270.6,2.9,4,101335.0,9999999
58321,0,695,7.2,4.41,0.0,0.0,5.82,272.58,2.8,4,101309.0,9999999
58321,0,696,6.7,4.31,0.0,0.0,5.82,271.48,2.8,4,101283.0,9999999
58321,0,697,6.3,4.31,0.0,0.0,5.82,271.92,2.7,5,101258.0,9999999
58321,0,698,5.9,4.31,0.0,0.0,5.82,272.8,2.7,5,101232.0,9999999
58321,0,699,6.1,4.38,0.0,0.0,5.82,273.44,2.4,4,101193.0,9999999
58321,0,700,6.4,4.41,0.0,0.0,5.82,273.66,2.2,4,101155.0,9999999
58321,0,701,6.6,4.48,0.0,0.0,5.82,275.15,2.0,5,101116.0,9999999
58321,0,702,6.3,4.44,0.0,0.0,5.82,275.15,2.7,4,101136.0,9999999
58321,0,703,6.1,4.41,0.0,0.0,5.82,275.79,3.3,3,101155.0,9999999
58321,0,704,5.8,4.48,27.0,26.0,5.82,275.58,4.0,3,101175.0,9999999
58321,0,705,6.1,4.51,63.0,61.0,5.82,276.41,3.7,4,101195.0,9999999
58321,0,706,6.5,4.61,95.0,88.0,5.82,276.83,3.3,4,101216.0,9999999
58321,0,707,6.8,4.72,115.0,109.0,5.82,277.45,3.0,4,101236.0,9999999
58321,0,708,7.1,4.82,136.0,132.0,5.82,277.86,2.7,3,101173.0,9999999
58321,0,709,7.5,4.93,182.0,163.0,5.82,278.07,2.3,1,101110.0,9999999
58321,0,710,7.8,5.04,160.0,142.0,5.82,278.89,2.0,14,101048.0,9999999
58321,0,711,7.8,5.15,103.0,96.0,5.82,278.07,2.3,15,101108.0,9999999
58321,0,712,7.7,5.27,78.0,69.0,5.82,277.04,2.7,15,101167.0,9999999
58321,0,713,7.7,5.38,33.0,29.0,5.82,277.25,3.0,15,101227.0,9999999
58321,0,714,7.1,5.46,6.0,6.0,5.82,276.83,2.7,15,101316.0,9999999
58321,0,715,6.6,5.54,0.0,0.0,5.82,277.25,2.3,15,101405.0,9999999
58321,0,716,6.0,5.62,0.0,0.0,5.82,276.62,2.0,1,101494.0,9999999
58321,0,717,5.8,5.38,0.0,0.0,5.82,276.21,2.0,15,101567.0,9999999
58321,0,718,5.5,5.27,0.0,0.0,5.82,275.36,2.0,16,101640.0,9999999
58321,0,719,5.3,5.11,0.0,0.0,5.82,274.73,2.0,16,101713.0,9999999
58321,0,720,5.1,4.97,0.0,0.0,5.82,275.36,2.0,16,101785.0,9999999
58321,0,721,4.8,4.82,0.0,0.0,5.82,273.01,2.0,16,101858.0,9999999
58321,0,722,4.6,4.68,0.0,0.0,5.82,272.14,2.0,15,101931.0,9999999
58321,0,723,4.5,4.68,0.0,0.0,5.82,273.01,2.0,1,101938.0,9999999
58321,0,724,4.3,4.72,0.0,0.0,5.82,274.94,2.0,1,101944.0,9999999
58321,0,725,4.2,4.72,0.0,0.0,5.82,270.82,2.0,1,101950.0,9999999
58321,0,726,4.2,4.61,0.0,0.0,5.82,272.14,2.0,2,102010.0,9999999
58321,0,727,4.1,4.51,0.0,0.0,5.82,269.25,2.0,4,102070.0,9999999
58321,0,728,4.1,4.41,68.0,48.0,5.82,270.37,2.0,2,102130.0,9999999
58321,0,729,4.4,4.41,179.0,111.0,5.82,271.04,2.0,3,102190.0,9999999
58321,0,730,4.7,4.38,252.0,183.0,5.82,271.92,2.0,3,102250.0,9999999
58321,0,731,5.0,4.38,282.0,234.0,5.82,275.36,2.0,15,102310.0,9999999
58321,0,732,5.2,4.41,282.0,242.0,5.82,275.79,2.5,4,102274.0,9999999
58321,0,733,5.4,4.44,293.0,249.0,5.82,276.21,3.0,4,102238.0,9999999
58321,0,734,5.6,4.48,284.0,236.0,5.82,276.41,3.5,4,102201.0,9999999
58321,0,735,5.7,4.54,196.0,170.0,5.82,276.62,4.0,4,102165.0,9999999
58321,0,736,5.9,4.58,111.0,100.0,5.82,276.0,4.5,4,102129.0,9999999
58321,0,737,6.1,4.61,40.0,40.0,5.82,277.45,5.0,4,102092.0,9999999
58321,0,738,6.2,4.51,5.0,5.0,5.82,276.83,3.6,3,102175.0,9999999
58321,0,739,6.1,4.48,0.0,0.0,5.82,276.41,3.5,3,102182.0,9999999
58321,0,740,5.8,4.44,0.0,0.0,5.82,276.62,3.8,3,102172.0,9999999
58321,0,741,5.1,4.03,0.0,0.0,5.82,276.21,3.9,4,102341.0,9999999
58321,0,742,4.3,3.7,0.0,0.0,5.82,275.79,3.9,4,102512.0,9999999
58321,0,743,3.5,3.4,0.0,0.0,5.82,275.79,3.6,4,102683.0,9999999
58321,0,744,2.9,3.14,0.0,0.0,4.78,265.33,3.2,4,102854.0,9999999
58321,0,745,2.7,3.17,0.0,0.0,4.78,265.8,2.8,4,102826.0,9999999
58321,0,746,2.6,3.17,0.0,0.0,4.78,266.73,2.5,3,102795.0,9999999
58321,0,747,2.3,3.19,0.0,0.0,4.78,265.33,2.4,4,102766.0,9999999
58321,0,748,1.9,3.19,0.0,0.0,4.78,270.15,2.6,3,102740.0,9999999
58321,0,749,1.5,3.17,0.0,0.0,4.78,269.03,3.0,3,102719.0,9999999
58321,0,750,1.3,3.19,0.0,0.0,4.78,262.93,2.7,4,102728.0,9999999
58321,0,751,1.2,3.17,0.0,0.0,4.78,268.12,3.3,4,102711.0,9999999
58321,0,752,1.2,3.17,81.0,53.0,4.78,265.56,4.0,4,102694.0,9999999
58321,0,753,1.1,3.22,216.0,121.0,4.78,265.8,3.3,4,102708.0,9999999
58321,0,754,4.2,3.27,361.0,171.0,4.78,264.62,2.7,5,102723.0,9999999
58321,0,755,3.4,3.32,504.0,178.0,4.78,264.62,2.0,4,102737.0,9999999
58321,0,756,4.8,3.51,574.0,182.0,4.78,261.22,2.0,5,102589.0,9999999
58321,0,757,6.2,3.7,592.0,162.0,4.78,262.93,2.0,15,102441.0,9999999
58321,0,758,5.7,3.53,544.0,127.0,4.78,260.22,2.0,6,102411.0,9999999
58321,0,759,5.9,3.59,390.0,124.0,4.78,263.42,2.0,4,102421.0,9999999
58321,0,760,6.0,3.65,223.0,97.0,4.78,265.33,2.0,3,102431.0,9999999
58321,0,761,6.2,3.7,81.0,42.0,4.78,266.5,2.0,15,102441.0,9999999
58321,0,762,5.5,3.73,10.0,7.0,4.78,263.42,2.3,1,102510.0,9999999
58321,0,763,3.8,3.79,0.0,0.0,4.78,262.69,2.7,16,102579.0,9999999
58321,0,764,3.1,3.56,0.0,0.0,4.78,262.2,3.0,13,102648.0,9999999
58321,0,765,4.9,3.85,0.0,0.0,4.78,267.43,3.2,15,102682.0,9999999
58321,0,766,3.6,3.32,0.0,0.0,4.78,267.89,3.3,15,102716.0,9999999
58321,0,767,3.2,3.88,0.0,0.0,4.78,270.6,3.5,15,102750.0,9999999
58321,0,768,3.4,3.88,0.0,0.0,4.78,269.93,3.7,16,102785.0,9999999
58321,0,769,2.4,3.79,0.0,0.0,4.78,267.43,3.8,14,102819.0,9999999
58321,0,770,2.2,3.65,0.0,0.0,4.78,267.66,4.0,12,102853.0,9999999
58321,0,771,2.6,2.95,0.0,0.0,4.78,269.48,4.0,13,102857.0,9999999
58321,0,772,2.7,3.53,0.0,0.0,4.78,269.03,4.0,14,102860.0,9999999
58321,0,773,2.4,4.12,0.0,0.0,4.78,259.97,4.0,13,102864.0,9999999
58321,0,774,1.1,3.76,0.0,0.0,4.78,255.6,4.7,14,102930.0,9999999
58321,0,775,0.9,3.79,0.0,0.0,4.78,256.39,5.3,14,102996.0,9999999
58321,0,776,0.8,3.79,93.0,56.0,4.78,262.69,6.0,13,103062.0,9999999
58321,0,777,1.6,3.65,241.0,123.0,4.78,264.85,5.7,15,103103.0,9999999
58321,0,778,4.6,3.04,441.0,139.0,4.78,260.97,5.3,14,103144.0,9999999
58321,0,779,5.1,2.72,605.0,125.0,4.78,251.82,5.0,13,103185.0,9999999
58321,0,780,4.6,3.09,672.0,127.0,4.78,252.64,5.0,14,103120.0,9999999
58321,0,781,8.3,2.1,666.0,126.0,4.78,253.73,5.0,14,103056.0,9999999
58321,0,782,7.2,1.93,587.0,123.0,4.78,254.27,5.0,13,102991.0,9999999
58321,0,783,7.2,2.0,448.0,114.0,4.78,255.6,4.7,14,102324.0,9999999
58321,0,784,7.1,2.72,278.0,87.0,4.78,256.12,4.3,14,101658.0,9999999
58321,0,785,7.1,2.05,108.0,42.0,4.78,255.6,4.0,13,100992.0,9999999
58321,0,786,3.1,2.92,14.0,8.0,4.78,254.54,2.7,15,101670.0,9999999
58321,0,787,3.0,3.07,0.0,0.0,4.78,253.73,1.3,15,102348.0,9999999
58321,0,788,3.2,3.24,0.0,0.0,4.78,252.92,0.0,15,103026.0,9999999
58321,0,789,2.7,3.02,0.0,0.0,4.78,252.37,0.3,16,103048.0,9999999
58321,0,790,2.2,2.83,0.0,0.0,4.78,251.54,0.7,1,103071.0,9999999
58321,0,791,1.0,2.63,0.0,0.0,4.78,250.71,1.0,2,103093.0,9999999
58321,0,792,0.9,2.44,0.0,0.0,4.78,249.86,1.3,2,103116.0,9999999
58321,0,793,0.7,2.29,0.0,0.0,4.78,249.3,1.7,2,103139.0,9999999
58321,0,794,0.2,2.12,0.0,0.0,4.78,249.01,2.0,3,103161.0,9999999
58321,0,795,-0.6,2.19,0.0,0.0,4.78,249.01,2.3,2,103240.0,9999999
58321,0,796,-1.3,2.25,0.0,0.0,4.78,248.44,2.7,2,103319.0,9999999
58321,0,797,-2.1,2.33,0.0,0.0,4.78,248.15,3.0,3,103398.0,9999999
58321,0,798,-2.3,2.29,0.0,0.0,4.78,247.57,2.7,3,103504.0,9999999
58321,0,799,-2.5,2.25,0.0,0.0,4.78,246.99,2.3,2,103610.0,9999999
58321,0,800,-2.7,2.21,134.0,48.0,4.78,246.69,2.0,3,103716.0,9999999
58321,0,801,-1.5,2.18,316.0,87.0,4.78,246.99,3.0,2,103787.0,9999999
58321,0,802,1.2,1.67,489.0,109.0,4.78,247.28,4.0,2,103858.0,9999999
58321,0,803,1.3,2.1,616.0,121.0,4.78,247.86,5.0,16,103930.0,9999999
58321,0,804,1.5,1.98,681.0,127.0,4.78,248.44,4.7,16,103901.0,9999999
58321,0,805,3.2,1.43,678.0,126.0,4.78,248.44,4.3,16,103871.0,9999999
58321,0,806,2.7,1.74,607.0,120.0,4.78,248.44,4.0,1,103842.0,9999999
58321,0,807,2.5,1.71,475.0,106.0,4.78,247.86,4.0,16,103829.0,9999999
58321,0,808,2.4,1.7,296.0,83.0,4.78,247.28,4.0,16,103815.0,9999999
58321,0,809,2.2,1.67,115.0,43.0,4.78,246.99,4.0,15,103802.0,9999999
58321,0,810,1.3,1.66,16.0,9.0,4.78,246.4,3.3,16,103844.0,9999999
58321,0,811,0.5,1.64,0.0,0.0,4.78,245.51,2.7,16,103886.0,9999999
58321,0,812,-0.4,1.63,0.0,0.0,4.78,244.91,2.0,1,103928.0,9999999
58321,0,813,-1.0,1.67,0.0,0.0,4.78,244.31,1.7,1,103924.0,9999999
58321,0,814,-1.6,1.7,0.0,0.0,4.78,243.4,1.3,2,103920.0,9999999
58321,0,815,-2.2,1.74,0.0,0.0,4.78,242.78,1.0,2,103916.0,9999999
58321,0,816,-2.7,1.79,0.0,0.0,4.78,242.17,0.7,2,103912.0,9999999
58321,0,817,-3.3,1.82,0.0,0.0,4.78,241.85,0.3,2,103908.0,9999999
58321,0,818,-3.9,1.87,0.0,0.0,4.78,241.54,0.0,2,103904.0,9999999
58321,0,819,-4.4,1.97,0.0,0.0,4.78,241.54,0.0,3,103830.0,9999999
58321,0,820,-4.8,2.07,0.0,0.0,4.78,241.23,0.0,3,103756.0,9999999
58321,0,821,-5.3,2.18,0.0,0.0,4.78,241.23,0.0,4,103682.0,9999999
58321,0,822,-4.9,2.09,0.0,0.0,4.78,241.23,0.7,4,103683.0,9999999
58321,0,823,-4.4,2.0,0.0,0.0,4.78,241.23,1.3,5,103684.0,9999999
58321,0,824,-4.0,1.92,140.0,49.0,4.78,241.54,2.0,9,103684.0,9999999
58321,0,825,-2.4,1.84,328.0,88.0,4.78,242.78,2.0,7,103643.0,9999999
58321,0,826,1.0,1.76,502.0,109.0,4.78,244.31,2.0,8,103602.0,9999999
58321,0,827,0.9,1.68,628.0,122.0,4.78,245.51,2.0,9,103561.0,9999999
58321,0,828,1.0,1.58,692.0,127.0,4.78,246.69,2.0,7,103439.0,9999999
58321,0,829,4.1,1.49,686.0,126.0,4.78,247.86,2.0,6,103317.0,9999999
58321,0,830,3.3,1.4,611.0,119.0,4.78,248.72,2.0,8,103195.0,9999999
58321,0,831,3.6,1.56,475.0,106.0,4.78,250.43,2.3,6,103116.0,9999999
58321,0,832,3.9,1.74,296.0,83.0,4.78,250.71,2.7,6,103036.0,9999999
58321,0,833,4.2,1.93,116.0,43.0,4.78,250.71,3.0,6,102957.0,9999999
58321,0,834,0.6,1.85,16.0,9.0,4.78,250.15,3.0,6,102923.0,9999999
58321,0,835,1.0,1.79,0.0,0.0,4.78,249.86,3.0,6,102888.0,9999999
58321,0,836,1.4,1.71,0.0,0.0,4.78,249.3,3.0,6,102853.0,9999999
58321,0,837,1.3,1.79,0.0,0.0,4.78,249.01,2.8,6,102812.0,9999999
58321,0,838,0.7,1.87,0.0,0.0,4.78,249.01,2.7,7,102770.0,9999999
58321,0,839,0.5,1.95,0.0,0.0,4.78,249.01,2.5,7,102728.0,9999999
58321,0,840,0.3,2.03,0.0,0.0,4.78,249.3,2.3,7,102687.0,9999999
58321,0,841,0.2,2.12,0.0,0.0,4.78,249.3,2.2,7,102645.0,9999999
58321,0,842,0.0,2.21,0.0,0.0,4.78,249.58,2.0,6,102603.0,9999999
58321,0,843,0.4,2.35,0.0,0.0,4.78,250.43,2.7,7,102534.0,9999999
58321,0,844,0.9,2.48,0.0,0.0,4.78,252.37,3.3,7,102465.0,9999999
58321,0,845,1.3,2.63,0.0,0.0,4.78,252.37,4.0,7,102395.0,9999999
58321,0,846,1.4,2.51,0.0,0.0,4.78,251.82,3.3,7,102382.0,9999999
58321,0,847,1.5,2.4,0.0,0.0,4.78,252.37,2.7,7,102369.0,9999999
58321,0,848,1.6,2.29,113.0,70.0,4.78,254.54,2.0,7,102356.0,9999999
58321,0,849,2.6,2.44,270.0,135.0,4.78,258.45,2.7,7,102354.0,9999999
58321,0,850,5.5,2.59,433.0,169.0,4.78,262.45,3.3,7,102352.0,9999999
58321,0,851,6.2,2.76,523.0,215.0,4.78,261.71,4.0,7,102349.0,9999999
58321,0,852,6.4,2.74,513.0,267.0,4.78,266.73,3.7,8,102260.0,9999999
58321,0,853,8.8,2.25,394.0,254.0,4.78,270.82,3.3,8,102170.0,9999999
58321,0,854,8.6,2.21,307.0,222.0,4.78,273.87,3.0,5,102081.0,9999999
58321,0,855,8.2,2.16,205.0,154.0,4.78,273.01,3.0,9,102041.0,9999999
58321,0,856,7.8,2.76,87.0,64.0,4.78,275.58,3.0,8,102001.0,9999999
58321,0,857,7.7,3.09,41.0,26.0,4.78,273.66,3.0,5,101962.0,9999999
58321,0,858,6.6,3.37,5.0,4.0,4.78,275.58,2.3,8,101961.0,9999999
58321,0,859,6.8,3.35,0.0,0.0,4.78,275.36,1.7,7,101961.0,9999999
58321,0,860,6.5,3.29,0.0,0.0,4.78,275.58,1.0,6,101961.0,9999999
58321,0,861,6.2,3.32,0.0,0.0,4.78,275.15,0.8,9,101952.0,9999999
58321,0,862,6.3,3.35,0.0,0.0,4.78,276.0,0.7,9,101944.0,9999999
58321,0,863,4.2,3.32,0.0,0.0,4.78,274.94,0.5,8,101936.0,9999999
58321,0,864,4.1,3.43,0.0,0.0,4.78,271.26,0.3,9,101927.0,9999999
58321,0,865,4.0,3.45,0.0,0.0,4.78,267.66,0.2,9,101919.0,9999999
58321,0,866,3.9,3.48,0.0,0.0,4.78,264.62,0.0,10,101910.0,9999999
58321,0,867,2.8,3.51,0.0,0.0,4.78,262.45,0.7,11,101890.0,9999999
58321,0,868,1.0,3.51,0.0,0.0,4.78,259.47,1.3,11,101870.0,9999999
58321,0,869,0.7,3.53,0.0,0.0,4.78,258.2,2.0,8,101849.0,9999999
58321,0,870,0.1,3.65,0.0,0.0,4.78,257.43,2.3,10,101866.0,9999999
58321,0,871,0.3,3.73,0.0,0.0,4.78,257.17,2.7,9,101882.0,9999999
58321,0,872,1.3,3.85,133.0,49.0,4.78,257.17,3.0,8,101899.0,9999999
58321,0,873,2.2,3.59,311.0,88.0,4.78,257.94,3.0,10,101922.0,9999999
58321,0,874,8.2,3.37,480.0,109.0,4.78,259.22,3.0,10,101945.0,9999999
58321,0,875,10.9,3.14,603.0,125.0,4.78,260.72,3.0,11,101968.0,9999999
58321,0,876,12.1,3.09,668.0,132.0,4.78,261.96,3.0,11,101880.0,9999999
58321,0,877,13.4,3.04,667.0,127.0,4.78,262.93,3.0,12,101792.0,9999999
58321,0,878,14.6,2.99,597.0,119.0,4.78,263.18,3.0,14,101704.0,9999999
58321,0,879,14.6,3.17,466.0,106.0,4.78,263.9,3.0,12,101680.0,9999999
58321,0,880,14.6,3.35,293.0,83.0,4.78,263.9,3.0,12,101657.0,9999999
58321,0,881,14.6,3.51,116.0,44.0,4.78,263.66,3.0,13,101634.0,9999999
58321,0,882,8.9,4.03,17.0,9.0,4.78,262.2,2.7,12,101682.0,9999999
58321,0,883,8.2,3.14,0.0,0.0,4.78,261.96,2.3,11,101730.0,9999999
58321,0,884,8.1,3.67,0.0,0.0,4.78,262.69,2.0,8,101778.0,9999999
58321,0,885,9.6,4.25,0.0,0.0,4.78,261.71,2.0,11,101778.0,9999999
58321,0,886,7.0,3.73,0.0,0.0,4.78,259.22,2.0,11,101777.0,9999999
58321,0,887,6.2,3.62,0.0,0.0,4.78,259.97,2.0,11,101776.0,9999999
58321,0,888,7.5,4.18,0.0,0.0,4.78,259.47,2.0,11,101775.0,9999999
58321,0,889,5.4,4.15,0.0,0.0,4.78,258.45,2.0,11,101774.0,9999999
58321,0,890,6.1,4.15,0.0,0.0,4.78,258.45,2.0,9,101773.0,9999999
58321,0,891,5.6,4.09,0.0,0.0,4.78,258.2,2.0,12,101769.0,9999999
58321,0,892,5.1,4.06,0.0,0.0,4.78,257.43,2.0,12,101765.0,9999999
58321,0,893,4.6,4.03,0.0,0.0,4.78,256.91,2.0,7,101762.0,9999999
58321,0,894,3.9,4.03,0.0,0.0,4.78,256.12,1.3,12,101804.0,9999999
58321,0,895,3.2,4.03,0.0,0.0,4.78,255.33,0.7,12,101846.0,9999999
58321,0,896,4.2,4.03,144.0,50.0,4.78,254.8,0.0,12,101889.0,9999999
58321,0,897,4.2,3.67,332.0,89.0,4.78,255.33,0.7,12,101916.0,9999999
58321,0,898,13.2,4.41,506.0,110.0,4.78,256.91,1.3,12,101943.0,9999999
58321,0,899,12.9,4.61,632.0,122.0,4.78,259.22,2.0,8,101971.0,9999999
58321,0,900,14.7,4.12,695.0,127.0,4.78,261.22,2.3,12,101906.0,9999999
58321,0,901,16.6,2.81,689.0,126.0,4.78,262.45,2.7,12,101842.0,9999999
58321,0,902,18.4,3.24,614.0,120.0,4.78,263.42,3.0,9,101778.0,9999999
58321,0,903,18.0,3.43,479.0,107.0,4.78,264.62,3.7,12,101757.0,9999999
58321,0,904,17.5,3.62,301.0,84.0,4.78,264.85,4.3,11,101737.0,9999999
58321,0,905,17.1,2.9,120.0,45.0,4.78,265.09,5.0,6,101716.0,9999999
58321,0,906,12.5,3.22,18.0,10.0,4.78,263.66,4.4,7,101755.0,9999999
58321,0,907,11.2,4.25,0.0,0.0,4.78,262.93,3.9,7,101793.0,9999999
58321,0,908,12.8,4.48,0.0,0.0,4.78,262.45,3.3,7,101831.0,9999999
58321,0,909,12.1,4.44,0.0,0.0,4.78,261.96,3.1,7,101820.0,9999999
58321,0,910,11.4,4.38,0.0,0.0,4.78,261.47,2.9,8,101809.0,9999999
58321,0,911,8.2,3.62,0.0,0.0,4.78,260.72,2.7,8,101799.0,9999999
58321,0,912,10.0,4.28,0.0,0.0,4.78,260.22,2.4,8,101788.0,9999999
58321,0,913,6.9,3.62,0.0,0.0,4.78,259.72,2.2,8,101777.0,9999999
58321,0,914,6.8,3.7,0.0,0.0,4.78,258.96,2.0,7,101766.0,9999999
58321,0,915,8.0,4.25,0.0,0.0,4.78,258.71,2.3,8,101742.0,9999999
58321,0,916,5.3,4.25,0.0,0.0,4.78,258.45,2.7,8,101718.0,9999999
58321,0,917,5.2,4.28,0.0,0.0,4.78,258.45,3.0,6,101694.0,9999999
58321,0,918,7.2,4.28,0.0,0.0,4.78,258.45,3.7,8,101715.0,9999999
58321,0,919,5.9,3.76,0.0,0.0,4.78,258.2,4.3,8,101735.0,9999999
58321,0,920,6.0,3.67,145.0,51.0,4.78,258.2,5.0,7,101756.0,9999999
58321,0,921,10.5,4.44,331.0,88.0,4.78,259.22,4.0,8,101762.0,9999999
58321,0,922,12.9,3.14,503.0,109.0,4.78,260.97,3.0,8,101768.0,9999999
58321,0,923,15.4,3.7,628.0,121.0,4.78,262.93,2.0,6,101774.0,9999999
58321,0,924,17.1,5.04,690.0,126.0,4.78,264.85,3.7,8,101653.0,9999999
58321,0,925,18.9,2.99,682.0,126.0,4.78,266.73,5.3,8,101532.0,9999999
58321,0,926,20.6,3.67,603.0,119.0,4.78,268.34,7.0,7,101411.0,9999999
58321,0,927,20.3,3.76,466.0,106.0,4.78,271.04,6.3,8,101381.0,9999999
58321,0,928,20.0,5.78,291.0,85.0,4.78,271.92,5.7,8,101351.0,9999999
58321,0,929,19.7,5.87,115.0,46.0,4.78,272.14,5.0,7,101320.0,9999999
58321,0,930,18.5,6.04,17.0,10.0,4.78,272.8,4.7,7,101336.0,9999999
58321,0,931,17.2,6.25,0.0,0.0,4.78,271.92,4.3,7,101351.0,9999999
58321,0,932,16.0,6.43,0.0,0.0,4.78,270.82,4.0,8,101366.0,9999999
58321,0,933,15.4,6.43,0.0,0.0,4.78,270.37,3.7,8,101372.0,9999999
58321,0,934,14.9,6.43,0.0,0.0,4.78,270.6,3.3,8,101378.0,9999999
58321,0,935,14.4,6.48,0.0,0.0,4.78,270.37,3.0,8,101384.0,9999999
58321,0,936,13.8,6.48,0.0,0.0,4.78,270.82,2.7,8,101390.0,9999999
58321,0,937,13.2,6.48,0.0,0.0,4.78,270.6,2.3,8,101396.0,9999999
58321,0,938,12.7,6.48,0.0,0.0,4.78,270.15,2.0,8,101402.0,9999999
58321,0,939,12.7,6.66,0.0,0.0,4.78,269.48,6.7,8,101366.0,9999999
58321,0,940,12.6,6.9,0.0,0.0,4.78,269.48,11.3,8,101329.0,9999999
58321,0,941,12.6,7.09,0.0,0.0,4.78,269.48,16.0,8,101293.0,9999999
58321,0,942,12.6,7.19,0.0,0.0,4.78,269.48,12.7,7,101309.0,9999999
58321,0,943,12.7,7.24,0.0,0.0,4.78,269.7,9.3,8,101326.0,9999999
58321,0,944,12.7,7.34,137.0,51.0,4.78,270.37,6.0,7,101343.0,9999999
58321,0,945,14.8,7.59,311.0,90.0,4.78,271.48,6.0,8,101348.0,9999999
58321,0,946,17.0,7.86,472.0,111.0,4.78,273.66,6.0,8,101354.0,9999999
58321,0,947,19.1,8.13,587.0,124.0,4.78,276.0,6.0,8,101360.0,9999999
58321,0,948,20.9,7.97,649.0,130.0,4.78,277.86,6.0,8,101245.0,9999999
58321,0,949,22.8,7.86,642.0,128.0,4.78,278.07,6.0,8,101131.0,9999999
58321,0,950,24.6,7.7,570.0,122.0,4.78,278.27,6.0,9,101017.0,9999999
58321,0,951,23.7,7.7,440.0,113.0,4.78,278.68,5.7,8,100986.0,9999999
58321,0,952,22.8,7.75,258.0,85.0,4.78,280.7,5.3,8,100955.0,9999999
58321,0,953,21.9,7.75,96.0,40.0,4.78,282.28,5.0,8,100924.0,9999999
58321,0,954,21.0,7.8,16.0,9.0,4.78,279.29,5.0,8,100933.0,9999999
58321,0,955,20.2,7.91,0.0,0.0,4.78,278.89,5.0,8,100942.0,9999999
58321,0,956,19.3,7.97,0.0,0.0,4.78,278.27,5.0,8,100951.0,9999999
58321,0,957,19.0,8.13,0.0,0.0,4.78,281.89,4.8,8,100939.0,9999999
58321,0,958,18.6,8.3,0.0,0.0,4.78,279.29,4.7,8,100927.0,9999999
58321,0,959,18.3,8.52,0.0,0.0,4.78,277.66,4.5,8,100915.0,9999999
58321,0,960,18.0,8.7,0.0,0.0,4.78,277.66,4.3,8,100903.0,9999999
58321,0,961,17.6,8.87,0.0,0.0,4.78,275.79,4.2,8,100891.0,9999999
58321,0,962,17.3,9.05,0.0,0.0,4.78,275.79,4.0,6,100879.0,9999999
58321,0,963,17.5,8.99,0.0,0.0,4.78,279.49,4.0,8,100846.0,9999999
58321,0,964,17.8,8.99,0.0,0.0,4.78,279.9,4.0,8,100813.0,9999999
58321,0,965,18.0,8.93,0.0,0.0,4.78,279.49,4.0,7,100780.0,9999999
58321,0,966,17.6,8.81,0.0,0.0,4.78,279.7,5.0,8,100800.0,9999999
58321,0,967,17.2,8.7,0.0,0.0,4.78,281.69,6.0,8,100819.0,9999999
58321,0,968,16.8,8.58,85.0,36.0,4.78,279.49,7.0,7,100839.0,9999999
58321,0,969,18.8,8.99,234.0,83.0,4.78,280.9,7.0,8,100858.0,9999999
58321,0,970,20.7,9.48,340.0,135.0,4.78,279.29,7.0,9,100876.0,9999999
58321,0,971,22.7,9.93,363.0,154.0,4.78,282.67,7.0,8,100895.0,9999999
58321,0,972,23.1,9.93,400.0,156.0,4.78,284.99,6.7,9,100812.0,9999999
58321,0,973,23.4,9.99,443.0,189.0,4.78,283.64,6.3,10,100730.0,9999999
58321,0,974,23.8,9.99,381.0,174.0,4.78,285.74,6.0,8,100647.0,9999999
58321,0,975,23.5,10.06,261.0,123.0,4.78,287.06,5.3,11,100637.0,9999999
58321,0,976,23.3,10.13,167.0,88.0,4.78,284.41,4.7,13,100626.0,9999999
58321,0,977,23.0,10.19,69.0,39.0,4.78,284.6,4.0,7,100616.0,9999999
58321,0,978,22.0,10.13,13.0,9.0,4.78,282.87,3.7,2,100628.0,9999999
58321,0,979,21.1,10.06,0.0,0.0,4.78,283.84,3.3,2,100641.0,9999999
58321,0,980,20.1,9.99,0.0,0.0,4.78,282.28,3.0,8,100653.0,9999999
58321,0,981,19.2,9.99,0.0,0.0,4.78,284.03,3.3,1,100662.0,9999999
58321,0,982,18.3,9.99,0.0,0.0,4.78,282.67,3.7,2,100671.0,9999999
58321,0,983,17.4,10.06,0.0,0.0,4.78,280.3,4.0,2,100680.0,9999999
58321,0,984,16.4,10.06,0.0,0.0,4.78,279.49,4.3,3,100689.0,9999999
58321,0,985,15.5,10.06,0.0,0.0,4.78,280.7,4.7,3,100698.0,9999999
58321,0,986,14.6,10.06,0.0,0.0,4.78,280.9,5.0,13,100707.0,9999999
58321,0,987,13.6,9.42,0.0,0.0,4.78,280.5,6.0,16,100702.0,9999999
58321,0,988,12.7,8.75,0.0,0.0,4.78,283.06,7.0,14,100698.0,9999999
58321,0,989,11.7,8.18,0.0,0.0,4.78,283.25,8.0,14,100693.0,9999999
58321,0,990,10.4,7.8,0.0,0.0,4.78,284.22,8.6,14,100734.0,9999999
58321,0,991,9.1,7.19,0.0,0.0,4.78,284.6,9.1,14,100775.0,9999999
58321,0,992,10.9,8.13,20.0,19.0,4.78,284.99,9.7,14,100815.0,9999999
58321,0,993,8.9,6.99,36.0,35.0,4.78,284.99,9.2,14,100855.0,9999999
58321,0,994,10.0,7.09,60.0,56.0,4.78,284.99,8.8,14,100895.0,9999999
58321,0,995,11.1,7.24,83.0,80.0,4.78,284.79,8.3,14,100935.0,9999999
58321,0,996,10.5,6.99,83.0,83.0,4.78,284.79,7.6,14,100874.0,9999999
58321,0,997,10.0,6.8,84.0,80.0,4.78,284.99,6.8,14,100812.0,9999999
58321,0,998,9.5,6.57,81.0,76.0,4.78,284.99,6.0,14,100751.0,9999999
58321,0,999,9.2,6.57,59.0,57.0,4.78,283.64,6.0,15,100774.0,9999999
58321,0,1000,8.9,6.57,30.0,30.0,4.78,283.45,6.0,15,100797.0,9999999
58321,0,1001,8.6,6.57,8.0,8.0,4.78,283.06,6.0,14,100819.0,9999999
58321,0,1002,8.7,5.5,1.0,1.0,4.78,282.87,6.0,15,100979.0,9999999
58321,0,1003,8.8,6.61,0.0,0.0,4.78,282.28,6.0,16,101139.0,9999999
58321,0,1004,8.9,6.66,0.0,0.0,4.78,281.89,6.0,16,101298.0,9999999
58321,0,1005,8.4,6.34,0.0,0.0,4.78,281.29,6.0,16,101399.0,9999999
58321,0,1006,7.8,6.12,0.0,0.0,4.78,280.7,6.0,1,101500.0,9999999
58321,0,1007,7.3,4.25,0.0,0.0,4.78,279.7,6.0,1,101600.0,9999999
58321,0,1008,6.8,4.35,0.0,0.0,4.78,278.48,6.0,1,101701.0,9999999
58321,0,1009,6.2,4.51,0.0,0.0,4.78,277.86,6.0,1,101802.0,9999999
58321,0,1010,5.7,4.68,0.0,0.0,4.78,277.04,6.0,1,101902.0,9999999
58321,0,1011,5.4,4.65,0.0,0.0,4.78,276.41,5.3,1,101905.0,9999999
58321,0,1012,5.1,4.61,0.0,0.0,4.78,275.79,4.7,2,101908.0,9999999
58321,0,1013,4.8,4.58,0.0,0.0,4.78,275.15,4.0,1,101911.0,9999999
58321,0,1014,4.7,4.44,0.0,0.0,4.78,274.52,3.7,2,101971.0,9999999
58321,0,1015,4.7,4.35,0.0,0.0,4.78,273.66,3.3,2,102031.0,9999999
58321,0,1016,4.6,4.25,68.0,65.0,4.78,274.09,3.0,3,102090.0,9999999
58321,0,1017,5.0,4.28,167.0,153.0,4.78,274.09,3.7,3,102108.0,9999999
58321,0,1018,5.5,4.31,302.0,242.0,4.78,274.09,4.3,3,102125.0,9999999
58321,0,1019,5.9,4.35,418.0,291.0,4.78,273.87,5.0,3,102142.0,9999999
58321,0,1020,6.4,4.38,505.0,313.0,4.78,273.01,4.3,4,102056.0,9999999
58321,0,1021,6.9,4.38,547.0,315.0,4.78,271.7,3.7,4,101970.0,9999999
58321,0,1022,7.4,4.41,470.0,290.0,4.78,271.7,3.0,4,101885.0,9999999
58321,0,1023,7.4,4.44,319.0,236.0,4.78,274.52,3.0,5,101875.0,9999999
58321,0,1024,7.3,4.44,185.0,154.0,4.78,274.73,3.0,5,101865.0,9999999
58321,0,1025,7.3,4.48,80.0,71.0,4.78,274.94,3.0,3,101855.0,9999999
58321,0,1026,7.3,4.54,14.0,13.0,4.78,273.87,2.7,5,101894.0,9999999
58321,0,1027,7.4,4.61,0.0,0.0,4.78,267.66,2.3,5,101934.0,9999999
58321,0,1028,5.7,4.68,0.0,0.0,4.78,265.33,2.0,4,101974.0,9999999
58321,0,1029,7.3,4.89,0.0,0.0,4.78,267.2,2.1,6,101997.0,9999999
58321,0,1030,5.7,5.08,0.0,0.0,4.78,264.14,2.1,6,102020.0,9999999
58321,0,1031,7.2,5.27,0.0,0.0,4.78,264.62,2.2,6,102043.0,9999999
58321,0,1032,7.1,5.46,0.0,0.0,4.78,266.73,2.3,6,102066.0,9999999
58321,0,1033,7.0,5.7,0.0,0.0,4.78,266.27,2.3,7,102088.0,9999999
58321,0,1034,6.9,5.91,0.0,0.0,4.78,262.2,2.4,7,102111.0,9999999
58321,0,1035,7.1,5.91,0.0,0.0,4.78,260.72,1.8,7,102036.0,9999999
58321,0,1036,5.3,5.15,0.0,0.0,4.78,259.97,1.2,7,101961.0,9999999
58321,0,1037,5.2,5.04,0.0,0.0,4.78,261.22,0.6,6,101887.0,9999999
58321,0,1038,5.2,4.86,0.0,0.0,4.78,259.47,0.3,7,101868.0,9999999
58321,0,1039,4.8,4.48,0.0,0.0,4.78,259.22,0.1,7,101850.0,9999999
58321,0,1040,5.1,4.35,132.0,75.0,4.78,259.97,0.6,7,101800.0,9999999
58321,0,1041,5.2,4.22,275.0,153.0,4.78,264.14,1.0,7,101750.0,9999999
58321,0,1042,10.4,5.78,397.0,225.0,4.78,267.43,1.5,8,101700.0,9999999
58321,0,1043,11.2,5.82,495.0,278.0,4.78,269.25,2.0,16,101650.0,9999999
58321,0,1044,12.2,5.87,595.0,254.0,4.78,272.8,1.7,12,101595.0,9999999
58321,0,1045,13.2,5.91,645.0,187.0,4.78,270.82,1.3,12,101539.0,9999999
58321,0,1046,14.2,5.95,582.0,163.0,4.78,268.8,1.0,15,101484.0,9999999
58321,0,1047,14.4,6.08,436.0,149.0,4.78,271.48,1.3,11,101424.0,9999999
58321,0,1048,14.5,6.16,256.0,117.0,4.78,275.79,1.7,9,101365.0,9999999
58321,0,1049,14.7,6.3,96.0,61.0,4.78,278.27,2.0,5,101305.0,9999999
58321,0,1050,13.7,6.43,15.0,10.0,4.78,277.04,2.0,5,101340.0,9999999
58321,0,1051,12.7,6.57,0.0,0.0,4.78,275.36,2.0,5,101376.0,9999999
58321,0,1052,11.7,6.71,0.0,0.0,4.78,271.7,2.0,3,101411.0,9999999
58321,0,1053,11.4,6.66,0.0,0.0,4.78,270.82,2.3,4,101452.0,9999999
58321,0,1054,11.2,6.66,0.0,0.0,4.78,270.82,2.7,3,101494.0,9999999
58321,0,1055,10.9,6.61,0.0,0.0,4.78,273.44,3.0,3,101535.0,9999999
58321,0,1056,10.7,6.57,0.0,0.0,4.78,276.21,3.3,3,101576.0,9999999
58321,0,1057,10.4,6.57,0.0,0.0,4.78,279.9,3.7,3,101617.0,9999999
58321,0,1058,10.2,6.52,0.0,0.0,4.78,281.49,4.0,3,101659.0,9999999
58321,0,1059,10.1,6.43,0.0,0.0,4.78,282.08,4.3,4,101662.0,9999999
58321,0,1060,9.9,6.34,0.0,0.0,4.78,281.69,4.7,4,101665.0,9999999
58321,0,1061,9.8,6.25,0.0,0.0,4.78,281.1,5.0,3,101668.0,9999999
58321,0,1062,9.4,6.21,0.0,0.0,4.78,280.7,5.3,4,101694.0,9999999
58321,0,1063,9.1,6.12,0.0,0.0,4.78,280.5,5.7,4,101720.0,9999999
58321,0,1064,8.7,6.08,8.0,8.0,4.78,280.3,6.0,4,101747.0,9999999
58321,0,1065,8.1,5.91,21.0,21.0,4.78,279.29,7.0,4,101749.0,9999999
58321,0,1066,7.5,5.74,45.0,43.0,4.78,279.49,8.0,4,101752.0,9999999
58321,0,1067,6.9,5.58,71.0,68.0,4.78,278.89,9.0,3,101754.0,9999999
58321,0,1068,6.9,5.62,82.0,82.0,4.78,278.68,7.0,3,101754.0,9999999
58321,0,1069,7.0,5.7,80.0,76.0,4.78,278.27,5.0,3,101754.0,9999999
58321,0,1070,5.6,5.15,57.0,54.0,4.78,277.66,3.0,3,101754.0,9999999
58321,0,1071,6.6,5.5,31.0,31.0,4.78,277.66,4.7,2,101824.0,9999999
58321,0,1072,4.6,4.68,18.0,18.0,4.78,277.04,6.3,2,101893.0,9999999
58321,0,1073,5.9,5.08,8.0,8.0,4.78,276.41,8.0,2,101962.0,9999999
58321,0,1074,3.8,4.38,2.0,2.0,4.78,275.79,8.3,2,102101.0,9999999
58321,0,1075,4.4,4.61,0.0,0.0,4.78,275.36,8.7,2,102240.0,9999999
58321,0,1076,3.7,4.41,0.0,0.0,4.78,274.52,9.0,3,102378.0,9999999
58321,0,1077,3.5,4.41,0.0,0.0,4.78,273.66,8.2,3,102415.0,9999999
58321,0,1078,3.2,4.38,0.0,0.0,4.78,273.44,7.3,3,102451.0,9999999
58321,0,1079,3.0,4.35,0.0,0.0,4.78,273.44,6.5,3,102487.0,9999999
58321,0,1080,2.8,4.38,0.0,0.0,4.78,273.44,5.7,3,102523.0,9999999
58321,0,1081,2.5,4.35,0.0,0.0,4.78,273.44,4.8,2,102560.0,9999999
58321,0,1082,2.3,4.38,0.0,0.0,4.78,272.8,4.0,3,102596.0,9999999
58321,0,1083,2.3,4.31,0.0,0.0,4.78,271.7,4.0,3,102589.0,9999999
58321,0,1084,2.3,4.28,0.0,0.0,4.78,271.04,4.0,3,102583.0,9999999
58321,0,1085,2.3,4.22,0.0,0.0,4.78,271.7,4.0,3,102576.0,9999999
58321,0,1086,2.4,4.18,0.0,0.0,4.78,271.48,4.3,3,102580.0,9999999
58321,0,1087,2.6,4.12,0.0,0.0,4.78,271.48,4.7,3,102583.0,9999999
58321,0,1088,2.7,4.06,69.0,64.0,4.78,269.48,5.0,3,102586.0,9999999
58321,0,1089,2.3,3.82,137.0,130.0,4.78,270.82,5.3,4,102574.0,9999999
58321,0,1090,4.3,4.25,211.0,190.0,4.78,273.23,5.7,4,102562.0,9999999
58321,0,1091,5.1,4.35,252.0,222.0,4.78,273.44,6.0,3,102550.0,9999999
58321,0,1092,3.9,3.94,260.0,233.0,4.78,274.73,5.3,4,102500.0,9999999
58321,0,1093,6.1,4.61,312.0,265.0,4.78,273.87,4.7,4,102451.0,9999999
58321,0,1094,6.6,4.75,279.0,235.0,4.78,274.73,4.0,3,102402.0,9999999
58321,0,1095,6.7,4.82,138.0,123.0,4.78,276.21,4.0,4,102359.0,9999999
58321,0,1096,6.8,4.89,61.0,56.0,4.78,275.79,4.0,4,102316.0,9999999
58321,0,1097,6.9,4.97,33.0,32.0,4.78,275.58,4.0,3,102273.0,9999999
58321,0,1098,6.8,4.93,9.0,8.0,4.78,274.73,3.7,4,102276.0,9999999
58321,0,1099,6.6,4.86,0.0,0.0,4.78,275.58,3.3,4,102279.0,9999999
58321,0,1100,6.5,4.82,0.0,0.0,4.78,273.01,3.0,3,102282.0,9999999
58321,0,1101,6.3,4.86,0.0,0.0,4.78,275.58,3.3,4,102234.0,9999999
58321,0,1102,6.1,4.93,0.0,0.0,4.78,275.36,3.7,5,102185.0,9999999
58321,0,1103,5.9,4.97,0.0,0.0,4.78,275.15,4.0,5,102137.0,9999999
58321,0,1104,5.8,5.0,0.0,0.0,4.78,274.73,4.3,5,102089.0,9999999
58321,0,1105,5.6,5.08,0.0,0.0,4.78,273.23,4.7,5,102040.0,9999999
58321,0,1106,5.4,5.11,0.0,0.0,4.78,276.62,5.0,3,101992.0,9999999
58321,0,1107,5.4,5.11,0.0,0.0,4.78,276.83,4.0,4,101955.0,9999999
58321,0,1108,5.4,5.11,0.0,0.0,4.78,277.25,3.0,4,101919.0,9999999
58321,0,1109,5.4,5.11,0.0,0.0,4.78,277.45,2.0,4,101882.0,9999999
58321,0,1110,5.3,5.11,0.0,0.0,4.78,277.25,2.7,4,101885.0,9999999
58321,0,1111,5.2,5.08,0.0,0.0,4.78,277.25,3.3,4,101889.0,9999999
58321,0,1112,5.1,5.08,9.0,9.0,4.78,277.45,4.0,4,101892.0,9999999
58321,0,1113,5.0,5.19,25.0,25.0,4.78,277.04,2.0,5,101436.0,9999999
58321,0,1114,6.7,5.82,38.0,38.0,4.78,277.04,2.5,5,101625.0,9999999
58321,0,1115,6.2,5.54,40.0,40.0,4.78,277.25,3.0,5,101813.0,9999999
58321,0,1116,6.7,5.62,34.0,34.0,4.78,277.45,3.0,5,101701.0,9999999
58321,0,1117,7.1,5.7,37.0,36.0,4.78,277.66,3.0,5,101589.0,9999999
58321,0,1118,7.6,5.78,37.0,36.0,4.78,277.86,3.0,5,101476.0,9999999
58321,0,1119,7.5,5.91,24.0,24.0,4.78,278.48,2.7,4,101463.0,9999999
58321,0,1120,7.3,5.99,15.0,15.0,4.78,278.68,2.3,4,101449.0,9999999
58321,0,1121,7.2,6.12,7.0,7.0,4.78,278.68,2.0,5,101436.0,9999999
58321,0,1122,7.2,6.12,2.0,1.0,4.78,278.68,1.3,3,101442.0,9999999
58321,0,1123,7.1,6.08,0.0,0.0,4.78,278.68,0.7,3,101449.0,9999999
58321,0,1124,7.1,6.08,0.0,0.0,4.78,278.89,0.0,3,101456.0,9999999
58321,0,1125,7.1,6.08,0.0,0.0,4.78,278.89,0.3,2,101447.0,9999999
58321,0,1126,7.0,6.08,0.0,0.0,4.78,279.09,0.7,1,101439.0,9999999
58321,0,1127,6.9,6.08,0.0,0.0,4.78,279.09,1.0,16,101430.0,9999999
58321,0,1128,6.9,6.04,0.0,0.0,4.78,279.09,1.3,16,101422.0,9999999
58321,0,1129,6.8,6.04,0.0,0.0,4.78,279.09,1.7,15,101414.0,9999999
58321,0,1130,6.8,6.04,0.0,0.0,4.78,279.09,2.0,15,101405.0,9999999
58321,0,1131,6.7,5.95,0.0,0.0,4.78,278.68,2.3,15,101389.0,9999999
58321,0,1132,6.5,5.87,0.0,0.0,4.78,278.68,2.7,15,101372.0,9999999
58321,0,1133,6.4,5.78,0.0,0.0,4.78,278.48,3.0,15,101355.0,9999999
58321,0,1134,6.3,5.74,0.0,0.0,4.78,278.48,3.3,15,101451.0,9999999
58321,0,1135,6.3,5.74,0.0,0.0,4.78,278.27,3.7,16,101548.0,9999999
58321,0,1136,6.2,5.7,7.0,7.0,4.78,278.07,4.0,15,101644.0,9999999
58321,0,1137,6.1,5.7,13.0,13.0,4.78,277.86,4.0,16,101694.0,9999999
58321,0,1138,6.1,5.7,23.0,23.0,4.78,277.86,4.0,16,101743.0,9999999
58321,0,1139,6.0,5.7,32.0,32.0,4.78,277.66,4.0,15,101793.0,9999999
58321,0,1140,5.9,5.54,32.0,32.0,4.78,277.66,4.7,16,101793.0,9999999
58321,0,1141,5.9,5.42,31.0,31.0,4.78,277.66,5.3,16,101793.0,9999999
58321,0,1142,5.8,5.27,27.0,27.0,4.78,277.45,6.0,16,101793.0,9999999
58321,0,1143,5.4,5.11,19.0,19.0,4.78,276.62,6.3,1,101872.0,9999999
58321,0,1144,5.0,4.97,13.0,13.0,4.78,276.21,6.7,1,101951.0,9999999
58321,0,1145,4.6,4.82,6.0,6.0,4.78,275.79,7.0,1,102031.0,9999999
58321,0,1146,4.5,4.79,1.0,1.0,4.78,275.36,6.3,1,102127.0,9999999
58321,0,1147,4.3,4.72,0.0,0.0,4.78,274.94,5.7,1,102223.0,9999999
58321,0,1148,4.2,4.68,0.0,0.0,4.78,274.52,5.0,16,102319.0,9999999
58321,0,1149,3.8,4.54,0.0,0.0,4.78,274.3,4.8,1,102385.0,9999999
58321,0,1150,3.3,4.44,0.0,0.0,4.78,274.09,4.7,1,102451.0,9999999
58321,0,1151,2.9,4.31,0.0,0.0,4.78,273.87,4.5,1,102517.0,9999999
58321,0,1152,2.5,4.18,0.0,0.0,4.78,273.66,4.3,1,102583.0,9999999
58321,0,1153,2.0,4.09,0.0,0.0,4.78,273.44,4.2,1,102649.0,9999999
58321,0,1154,1.6,3.97,0.0,0.0,4.78,273.44,4.0,1,102715.0,9999999
58321,0,1155,1.9,4.06,0.0,0.0,4.78,272.58,4.3,1,102751.0,9999999
58321,0,1156,0.8,3.73,0.0,0.0,4.78,272.14,4.7,1,102787.0,9999999
58321,0,1157,0.8,3.7,0.0,0.0,4.78,271.26,5.0,16,102823.0,9999999
58321,0,1158,0.0,3.51,0.0,0.0,4.78,270.82,5.3,1,102899.0,9999999
58321,0,1159,-0.4,3.4,0.0,0.0,4.78,270.15,5.7,1,102975.0,9999999
58321,0,1160,-0.8,3.32,59.0,53.0,4.78,269.7,6.0,1,103050.0,9999999
58321,0,1161,-0.6,3.19,117.0,106.0,4.78,269.25,5.0,2,103071.0,9999999
58321,0,1162,-0.4,3.07,169.0,145.0,4.78,269.48,4.0,2,103091.0,9999999
58321,0,1163,-0.2,2.95,223.0,181.0,4.78,269.48,3.0,1,103111.0,9999999
58321,0,1164,0.1,2.99,319.0,238.0,4.78,269.48,3.0,2,103048.0,9999999
58321,0,1165,1.2,3.02,407.0,281.0,4.78,269.03,3.0,2,102985.0,9999999
58321,0,1166,1.6,3.07,348.0,250.0,4.78,267.66,3.0,2,102922.0,9999999
58321,0,1167,1.7,3.09,195.0,163.0,4.78,270.82,3.3,2,102276.0,9999999
58321,0,1168,1.6,3.12,88.0,83.0,4.78,271.92,3.7,2,101630.0,9999999
58321,0,1169,1.0,3.14,42.0,37.0,4.78,271.48,4.0,2,100984.0,9999999
58321,0,1170,0.3,3.24,11.0,9.0,4.78,270.6,3.7,2,101643.0,9999999
58321,0,1171,0.1,3.32,0.0,0.0,4.78,269.7,3.3,2,102302.0,9999999
58321,0,1172,-0.4,3.43,0.0,0.0,4.78,269.03,3.0,2,102961.0,9999999
58321,0,1173,0.1,3.4,0.0,0.0,4.78,271.04,3.5,2,102943.0,9999999
58321,0,1174,-0.5,3.37,0.0,0.0,4.78,271.7,4.0,2,102925.0,9999999
58321,0,1175,-0.5,3.37,0.0,0.0,4.78,271.48,4.5,2,102906.0,9999999
58321,0,1176,-0.5,3.35,0.0,0.0,4.78,271.7,5.0,2,102888.0,9999999
58321,0,1177,-0.6,3.32,0.0,0.0,4.78,271.04,5.5,2,102870.0,9999999
58321,0,1178,-0.6,3.29,0.0,0.0,4.78,270.6,6.0,3,102851.0,9999999
58321,0,1179,-0.9,3.22,0.0,0.0,4.78,269.93,5.3,3,102821.0,9999999
58321,0,1180,-1.3,3.14,0.0,0.0,4.78,269.93,4.7,3,102791.0,9999999
58321,0,1181,-1.6,3.07,0.0,0.0,4.78,270.15,4.0,3,102760.0,9999999
58321,0,1182,-1.7,3.09,0.0,0.0,4.78,269.7,3.3,2,102807.0,9999999
58321,0,1183,-1.7,3.14,0.0,0.0,4.78,269.93,2.7,2,102853.0,9999999
58321,0,1184,-1.8,3.17,43.0,41.0,4.78,269.7,2.0,2,102900.0,9999999
58321,0,1185,-1.4,3.12,92.0,89.0,4.78,269.93,3.3,2,102907.0,9999999
58321,0,1186,-1.1,3.04,118.0,116.0,4.78,269.93,4.7,2,102914.0,9999999
58321,0,1187,-0.7,2.99,164.0,143.0,4.78,270.15,6.0,2,102921.0,9999999
58321,0,1188,-0.5,2.99,194.0,169.0,4.78,270.82,5.7,2,102898.0,9999999
58321,0,1189,-0.4,3.02,210.0,200.0,4.78,270.6,5.3,2,102875.0,9999999
58321,0,1190,0.1,3.02,235.0,224.0,4.78,270.6,5.0,1,102852.0,9999999
58321,0,1191,0.2,3.04,176.0,170.0,4.78,270.6,4.3,1,102849.0,9999999
58321,0,1192,0.4,3.04,100.0,97.0,4.78,270.6,3.7,2,102845.0,9999999
58321,0,1193,0.4,3.07,45.0,42.0,4.78,270.82,3.0,1,102842.0,9999999
58321,0,1194,0.5,3.07,7.0,6.0,4.78,269.48,3.3,1,102895.0,9999999
58321,0,1195,0.5,3.09,0.0,0.0,4.78,270.37,3.7,1,102948.0,9999999
58321,0,1196,0.4,3.09,0.0,0.0,4.78,269.93,4.0,1,103001.0,9999999
58321,0,1197,0.5,3.09,0.0,0.0,4.78,270.37,3.7,1,103008.0,9999999
58321,0,1198,0.4,3.12,0.0,0.0,4.78,270.37,3.3,1,103014.0,9999999
58321,0,1199,0.2,3.12,0.0,0.0,4.78,270.37,3.0,1,103021.0,9999999
58321,0,1200,0.1,3.12,0.0,0.0,4.78,266.96,2.7,1,103028.0,9999999
58321,0,1201,-0.5,3.14,0.0,0.0,4.78,267.89,2.3,1,103034.0,9999999
58321,0,1202,-0.5,3.14,0.0,0.0,4.78,262.2,2.0,16,103041.0,9999999
58321,0,1203,-0.5,3.12,0.0,0.0,4.78,268.34,2.0,1,103028.0,9999999
58321,0,1204,-0.6,3.07,0.0,0.0,4.78,268.57,2.0,1,103014.0,9999999
58321,0,1205,-0.6,3.04,0.0,0.0,4.78,264.38,2.0,1,103001.0,9999999
58321,0,1206,-0.6,2.97,0.0,0.0,4.78,263.9,2.0,1,103021.0,9999999
58321,0,1207,0.0,2.9,0.0,0.0,4.78,264.62,2.0,1,103041.0,9999999
58321,0,1208,-0.6,2.83,123.0,80.0,4.78,262.45,2.0,2,103061.0,9999999
58321,0,1209,-0.3,2.88,262.0,161.0,4.78,263.9,2.0,2,103061.0,9999999
58321,0,1210,1.2,2.9,428.0,233.0,4.78,262.45,2.0,2,103062.0,9999999
58321,0,1211,1.3,2.95,537.0,298.0,4.78,262.93,2.0,1,103062.0,9999999
58321,0,1212,1.4,2.92,523.0,352.0,4.78,265.56,2.0,2,103002.0,9999999
58321,0,1213,1.9,2.88,404.0,321.0,4.78,267.89,2.0,2,102943.0,9999999
58321,0,1214,1.8,2.85,220.0,193.0,4.78,270.82,2.0,1,102883.0,9999999
58321,0,1215,1.6,2.95,95.0,89.0,4.78,270.82,2.3,1,102896.0,9999999
58321,0,1216,1.4,3.04,51.0,47.0,4.78,270.37,2.7,1,102909.0,9999999
58321,0,1217,1.6,3.14,26.0,24.0,4.78,270.37,3.0,15,102922.0,9999999
58321,0,1218,0.2,3.19,9.0,7.0,4.78,268.57,3.0,1,102945.0,9999999
58321,0,1219,0.5,3.27,0.0,0.0,4.78,268.34,3.0,1,102968.0,9999999
58321,0,1220,0.3,3.32,0.0,0.0,4.78,264.85,3.0,1,102991.0,9999999
58321,0,1221,0.4,3.29,0.0,0.0,4.78,265.33,2.8,15,102993.0,9999999
58321,0,1222,-0.5,3.27,0.0,0.0,4.78,259.72,2.7,16,102994.0,9999999
58321,0,1223,-0.6,3.27,0.0,0.0,4.78,254.54,2.5,16,102996.0,9999999
58321,0,1224,-0.8,3.24,0.0,0.0,4.78,254.54,2.3,15,102997.0,9999999
58321,0,1225,-0.9,3.22,0.0,0.0,4.78,257.17,2.2,15,102999.0,9999999
58321,0,1226,-1.0,3.19,0.0,0.0,4.78,256.12,2.0,15,103000.0,9999999
58321,0,1227,-1.4,3.09,0.0,0.0,4.78,251.82,1.3,15,102963.0,9999999
58321,0,1228,-1.8,3.02,0.0,0.0,4.78,251.26,0.7,16,102926.0,9999999
58321,0,1229,-2.2,2.92,0.0,0.0,4.78,251.26,0.0,0,102889.0,9999999
58321,0,1230,-2.0,2.99,0.0,0.0,4.78,255.33,0.0,0,102856.0,9999999
58321,0,1231,-1.9,3.04,0.0,0.0,4.78,258.71,0.0,3,102823.0,9999999
58321,0,1232,-1.7,3.12,126.0,89.0,4.78,262.93,0.0,1,102790.0,9999999
58321,0,1233,-0.9,3.22,267.0,174.0,4.78,263.9,0.7,3,102818.0,9999999
58321,0,1234,-0.2,3.29,350.0,250.0,4.78,265.33,1.3,6,102845.0,9999999
58321,0,1235,2.6,3.4,416.0,328.0,4.78,267.66,2.0,12,102873.0,9999999
58321,0,1236,2.9,3.24,430.0,340.0,4.78,270.15,1.7,6,102758.0,9999999
58321,0,1237,2.5,3.09,389.0,311.0,4.78,271.48,1.3,9,102643.0,9999999
58321,0,1238,2.6,2.95,314.0,265.0,4.78,271.92,1.0,9,102528.0,9999999
58321,0,1239,3.2,3.07,213.0,195.0,4.78,272.58,1.3,8,102484.0,9999999
58321,0,1240,3.0,3.17,141.0,129.0,4.78,272.8,1.7,9,102441.0,9999999
58321,0,1241,2.8,3.29,58.0,55.0,4.78,272.8,2.0,10,102397.0,9999999
58321,0,1242,2.6,3.37,11.0,10.0,4.78,272.58,2.3,11,102387.0,9999999
58321,0,1243,2.5,3.43,0.0,0.0,4.78,272.58,2.7,12,102377.0,9999999
58321,0,1244,2.3,3.51,0.0,0.0,4.78,271.04,3.0,8,102367.0,9999999
58321,0,1245,2.1,3.53,0.0,0.0,4.78,270.15,2.7,11,102352.0,9999999
58321,0,1246,1.9,3.62,0.0,0.0,4.78,268.34,2.3,11,102336.0,9999999
58321,0,1247,1.2,3.67,0.0,0.0,4.78,264.85,2.0,10,102321.0,9999999
58321,0,1248,0.4,3.73,0.0,0.0,4.78,259.22,1.7,10,102306.0,9999999
58321,0,1249,0.3,3.45,0.0,0.0,4.78,258.45,1.3,10,102291.0,9999999
58321,0,1250,0.4,3.62,0.0,0.0,4.78,256.12,1.0,9,102276.0,9999999
58321,0,1251,0.4,3.76,0.0,0.0,4.78,255.07,1.3,9,102212.0,9999999
58321,0,1252,0.0,3.7,0.0,0.0,4.78,254.27,1.7,9,102148.0,9999999
58321,0,1253,0.1,3.62,0.0,0.0,4.78,253.19,2.0,8,102085.0,9999999
58321,0,1254,0.4,3.56,0.0,0.0,4.78,252.64,2.3,9,102114.0,9999999
58321,0,1255,0.3,3.51,0.0,0.0,4.78,252.37,2.7,9,102144.0,9999999
58321,0,1256,0.9,3.45,131.0,102.0,4.78,256.65,3.0,9,102174.0,9999999
58321,0,1257,1.1,3.73,258.0,195.0,4.78,261.47,3.0,9,102159.0,9999999
58321,0,1258,5.3,4.03,405.0,266.0,4.78,264.14,3.0,9,102145.0,9999999
58321,0,1259,4.6,4.35,529.0,306.0,4.78,264.85,3.0,8,102130.0,9999999
58321,0,1260,6.0,4.41,591.0,320.0,4.78,265.56,3.0,10,102056.0,9999999
58321,0,1261,7.5,4.44,553.0,278.0,4.78,266.73,3.0,10,101981.0,9999999
58321,0,1262,8.9,4.54,467.0,255.0,4.78,267.89,3.0,9,101906.0,9999999
58321,0,1263,9.0,4.79,382.0,250.0,4.78,268.8,3.3,11,101860.0,9999999
58321,0,1264,9.0,5.11,262.0,180.0,4.78,268.12,3.7,11,101813.0,9999999
58321,0,1265,9.1,5.34,121.0,89.0,4.78,266.73,4.0,9,101767.0,9999999
58321,0,1266,6.0,4.48,25.0,20.0,4.78,266.73,3.7,10,101769.0,9999999
58321,0,1267,7.3,5.11,0.0,0.0,4.78,266.27,3.3,9,101771.0,9999999
58321,0,1268,6.4,4.89,0.0,0.0,4.78,266.03,3.0,8,101774.0,9999999
58321,0,1269,5.9,4.86,0.0,0.0,4.78,265.56,2.8,9,101772.0,9999999
58321,0,1270,5.5,4.75,0.0,0.0,4.78,261.71,2.7,9,101769.0,9999999
58321,0,1271,2.9,4.03,0.0,0.0,4.78,257.69,2.5,9,101767.0,9999999
58321,0,1272,2.3,3.91,0.0,0.0,4.78,256.12,2.3,9,101765.0,9999999
58321,0,1273,0.9,3.59,0.0,0.0,4.78,255.6,2.2,9,101763.0,9999999
58321,0,1274,0.9,3.67,0.0,0.0,4.78,255.33,2.0,7,101760.0,9999999
58321,0,1275,0.7,3.62,0.0,0.0,4.78,255.33,2.3,9,101776.0,9999999
58321,0,1276,0.3,3.51,0.0,0.0,4.78,255.07,2.7,8,101792.0,9999999
58321,0,1277,2.3,4.09,0.0,0.0,4.78,254.54,3.0,7,101809.0,9999999
58321,0,1278,0.5,3.65,0.0,0.0,4.78,254.54,3.3,7,101802.0,9999999
58321,0,1279,0.5,3.76,45.0,23.0,4.78,254.27,3.7,8,101795.0,9999999
58321,0,1280,1.5,4.15,182.0,75.0,4.78,255.86,4.0,8,101788.0,9999999
58321,0,1281,2.1,4.09,351.0,122.0,4.78,257.69,4.3,8,101760.0,9999999
58321,0,1282,8.8,4.79,483.0,151.0,4.78,260.72,4.7,8,101733.0,9999999
58321,0,1283,7.8,4.12,598.0,180.0,4.78,262.69,5.0,7,101706.0,9999999
58321,0,1284,7.9,3.91,631.0,250.0,4.78,266.27,4.7,7,101636.0,9999999
58321,0,1285,12.6,4.54,504.0,307.0,4.78,269.7,4.3,8,101566.0,9999999
58321,0,1286,12.4,4.79,356.0,291.0,4.78,271.48,4.0,8,101497.0,9999999
58321,0,1287,12.4,4.58,281.0,241.0,4.78,272.8,3.7,9,101427.0,9999999
58321,0,1288,8.6,5.38,206.0,170.0,4.78,271.92,3.3,8,101358.0,9999999
58321,0,1289,8.7,5.38,95.0,76.0,4.78,273.01,3.0,6,101288.0,9999999
58321,0,1290,8.1,5.38,15.0,12.0,4.78,271.48,2.3,7,101327.0,9999999
58321,0,1291,7.6,5.34,0.0,0.0,4.78,269.25,1.7,7,101366.0,9999999
58321,0,1292,7.0,5.34,0.0,0.0,4.78,263.42,1.0,7,101406.0,9999999
58321,0,1293,6.6,5.27,0.0,0.0,4.78,264.62,1.3,8,101413.0,9999999
58321,0,1294,6.1,5.19,0.0,0.0,4.78,263.18,1.7,9,101421.0,9999999
58321,0,1295,3.5,4.38,0.0,0.0,4.78,258.45,2.0,10,101429.0,9999999
58321,0,1296,3.0,4.25,0.0,0.0,4.78,257.69,2.3,10,101437.0,9999999
58321,0,1297,2.5,4.18,0.0,0.0,4.78,257.17,2.7,11,101445.0,9999999
58321,0,1298,3.0,4.41,0.0,0.0,4.78,256.91,3.0,7,101452.0,9999999
58321,0,1299,3.3,4.58,0.0,0.0,4.78,256.65,2.0,12,101504.0,9999999
58321,0,1300,3.2,4.25,0.0,0.0,4.78,256.65,1.0,13,101556.0,9999999
58321,0,1301,4.0,4.93,0.0,0.0,4.78,257.17,0.0,14,101608.0,9999999
58321,0,1302,3.3,4.72,0.0,0.0,4.78,257.94,1.3,14,101718.0,9999999
58321,0,1303,3.6,4.82,41.0,23.0,4.78,259.72,2.7,14,101828.0,9999999
58321,0,1304,4.0,4.97,150.0,87.0,4.78,261.47,4.0,13,101938.0,9999999
58321,0,1305,3.7,4.48,251.0,164.0,4.78,268.34,4.0,15,102013.0,9999999
58321,0,1306,7.3,4.54,369.0,221.0,4.78,272.8,4.0,1,102088.0,9999999
58321,0,1307,6.3,4.61,537.0,225.0,4.78,272.58,4.0,1,102162.0,9999999
58321,0,1308,6.7,4.58,681.0,182.0,4.78,268.57,3.7,1,102160.0,9999999
58321,0,1309,7.2,3.48,731.0,154.0,4.78,261.71,3.3,1,102157.0,9999999
58321,0,1310,7.6,4.41,662.0,143.0,4.78,261.71,3.0,1,102154.0,9999999
58321,0,1311,7.5,3.51,530.0,126.0,4.78,261.22,3.3,2,102147.0,9999999
58321,0,1312,7.3,3.45,355.0,99.0,4.78,260.22,3.7,2,102140.0,9999999
58321,0,1313,7.2,3.51,162.0,59.0,4.78,259.72,4.0,1,102134.0,9999999
58321,0,1314,4.9,4.35,34.0,17.0,4.78,258.71,3.7,2,102202.0,9999999
58321,0,1315,5.5,4.09,0.0,0.0,4.78,257.43,3.3,2,102271.0,9999999
58321,0,1316,4.6,3.88,0.0,0.0,4.78,256.91,3.0,2,102340.0,9999999
58321,0,1317,3.9,3.67,0.0,0.0,4.78,255.6,3.3,2,102423.0,9999999
58321,0,1318,3.1,3.48,0.0,0.0,4.78,255.33,3.7,2,102507.0,9999999
58321,0,1319,2.4,3.29,0.0,0.0,4.78,257.17,4.0,3,102591.0,9999999
58321,0,1320,2.3,3.09,0.0,0.0,4.78,261.22,4.3,3,102675.0,9999999
58321,0,1321,1.5,2.92,0.0,0.0,4.78,262.69,4.7,3,102759.0,9999999
58321,0,1322,1.2,2.76,0.0,0.0,4.78,262.45,5.0,3,102842.0,9999999
58321,0,1323,1.0,2.51,0.0,0.0,4.78,262.45,5.7,3,102816.0,9999999
58321,0,1324,-0.3,2.25,0.0,0.0,4.78,264.85,6.3,3,102789.0,9999999
58321,0,1325,-0.5,2.03,0.0,0.0,4.78,265.8,7.0,3,102762.0,9999999
58321,0,1326,-0.5,2.02,0.0,0.0,4.78,266.27,6.3,4,102782.0,9999999
58321,0,1327,-0.5,1.98,39.0,28.0,4.78,258.45,5.7,4,102802.0,9999999
58321,0,1328,-0.5,1.97,146.0,104.0,4.78,258.96,5.0,3,102822.0,9999999
58321,0,1329,-0.1,1.98,324.0,169.0,4.78,259.97,5.3,4,102849.0,9999999
58321,0,1330,1.8,1.98,523.0,185.0,4.78,257.94,5.7,4,102876.0,9999999
58321,0,1331,2.1,2.0,644.0,209.0,4.78,256.91,6.0,3,102903.0,9999999
58321,0,1332,1.6,2.02,679.0,257.0,4.78,256.65,5.3,4,102821.0,9999999
58321,0,1333,4.6,2.02,672.0,263.0,4.78,258.45,4.7,4,102739.0,9999999
58321,0,1334,4.7,2.03,617.0,222.0,4.78,259.97,4.0,4,102657.0,9999999
58321,0,1335,3.7,2.05,505.0,172.0,4.78,259.72,3.7,4,102604.0,9999999
58321,0,1336,4.1,2.07,340.0,123.0,4.78,258.2,3.3,4,102552.0,9999999
58321,0,1337,4.5,2.09,157.0,68.0,4.78,257.43,3.0,3,102499.0,9999999
58321,0,1338,2.2,2.59,36.0,17.0,4.78,254.8,2.7,5,102498.0,9999999
58321,0,1339,2.1,2.46,0.0,0.0,4.78,253.73,2.3,5,102497.0,9999999
58321,0,1340,1.9,2.67,0.0,0.0,4.78,253.19,2.0,3,102497.0,9999999
58321,0,1341,2.0,2.74,0.0,0.0,4.78,252.64,2.0,5,102481.0,9999999
58321,0,1342,1.0,2.79,0.0,0.0,4.78,252.37,2.0,4,102465.0,9999999
58321,0,1343,0.1,2.85,0.0,0.0,4.78,252.37,2.0,4,102450.0,9999999
58321,0,1344,0.2,2.92,0.0,0.0,4.78,251.82,2.0,4,102434.0,9999999
58321,0,1345,-0.1,2.97,0.0,0.0,4.78,251.82,2.0,4,102419.0,9999999
58321,0,1346,-0.6,3.04,0.0,0.0,4.78,251.82,2.0,3,102403.0,9999999
58321,0,1347,-0.6,3.04,0.0,0.0,4.78,251.54,2.0,4,102373.0,9999999
58321,0,1348,-0.7,3.02,0.0,0.0,4.78,251.26,2.0,4,102343.0,9999999
58321,0,1349,-0.7,3.02,0.0,0.0,4.78,251.26,2.0,2,102313.0,9999999
58321,0,1350,-0.5,3.07,0.0,0.0,4.78,252.09,2.3,3,102320.0,9999999
58321,0,1351,-0.4,3.09,47.0,29.0,4.78,253.19,2.7,3,102327.0,9999999
58321,0,1352,-0.2,3.14,180.0,86.0,4.78,254.54,3.0,3,102334.0,9999999
58321,0,1353,0.9,3.22,363.0,139.0,4.78,255.07,2.7,4,102352.0,9999999
58321,0,1354,3.3,3.27,549.0,160.0,4.78,257.17,2.3,4,102370.0,9999999
58321,0,1355,3.0,3.35,687.0,164.0,4.78,256.39,2.0,3,102388.0,9999999
58321,0,1356,3.3,3.32,716.0,203.0,4.78,258.2,3.0,4,102335.0,9999999
58321,0,1357,5.7,3.27,600.0,261.0,4.78,264.14,4.0,3,102282.0,9999999
58321,0,1358,5.7,3.24,419.0,279.0,4.78,269.25,5.0,3,102229.0,9999999
58321,0,1359,4.1,3.29,263.0,214.0,4.78,271.26,4.3,2,102266.0,9999999
58321,0,1360,4.4,3.35,131.0,114.0,4.78,271.48,3.7,2,102303.0,9999999
58321,0,1361,4.6,3.4,52.0,49.0,4.78,270.82,3.0,2,102340.0,9999999
58321,0,1362,4.1,3.22,15.0,13.0,4.78,271.48,3.3,2,102452.0,9999999
58321,0,1363,3.7,3.04,0.0,0.0,4.78,269.7,3.7,1,102564.0,9999999
58321,0,1364,3.2,2.88,0.0,0.0,4.78,268.34,4.0,1,102677.0,9999999
58321,0,1365,3.9,2.9,0.0,0.0,4.78,268.34,3.8,1,102736.0,9999999
58321,0,1366,3.2,2.95,0.0,0.0,4.78,267.89,3.7,1,102795.0,9999999
58321,0,1367,1.9,2.97,0.0,0.0,4.78,266.03,3.5,1,102855.0,9999999
58321,0,1368,2.3,2.99,0.0,0.0,4.78,264.85,3.3,1,102914.0,9999999
58321,0,1369,1.8,3.04,0.0,0.0,4.78,264.14,3.2,16,102973.0,9999999
58321,0,1370,1.5,3.07,0.0,0.0,4.78,260.72,3.0,15,103032.0,9999999
58321,0,1371,1.5,3.14,0.0,0.0,4.78,259.97,3.0,15,103042.0,9999999
58321,0,1372,0.6,3.22,0.0,0.0,4.78,260.97,3.0,15,103052.0,9999999
58321,0,1373,0.8,3.29,0.0,0.0,4.78,259.97,3.0,14,103062.0,9999999
58321,0,1374,0.3,3.12,0.0,0.0,4.78,256.12,3.7,14,103105.0,9999999
58321,0,1375,0.2,2.92,46.0,32.0,4.78,253.46,4.3,14,103148.0,9999999
58321,0,1376,0.2,2.76,197.0,85.0,4.78,252.09,5.0,14,103191.0,9999999
58321,0,1377,0.1,2.72,413.0,114.0,4.78,249.86,4.0,15,103196.0,9999999
58321,0,1378,5.2,2.05,604.0,126.0,4.78,249.3,3.0,15,103202.0,9999999
58321,0,1379,4.8,1.56,740.0,134.0,4.78,249.58,2.0,15,103207.0,9999999
58321,0,1380,5.4,2.19,807.0,137.0,4.78,249.58,2.7,15,103135.0,9999999
58321,0,1381,6.0,1.25,799.0,138.0,4.78,250.43,3.3,15,103062.0,9999999
58321,0,1382,6.6,1.54,719.0,131.0,4.78,250.99,4.0,15,102990.0,9999999
58321,0,1383,6.7,1.77,570.0,123.0,4.78,252.09,4.3,14,102930.0,9999999
58321,0,1384,6.7,2.05,374.0,109.0,4.78,253.46,4.7,14,102870.0,9999999
58321,0,1385,6.8,1.63,173.0,67.0,4.78,254.8,5.0,12,102811.0,9999999
58321,0,1386,3.9,2.36,38.0,19.0,4.78,255.07,4.3,13,102780.0,9999999
58321,0,1387,3.2,2.38,0.0,0.0,4.78,252.64,3.7,11,102749.0,9999999
58321,0,1388,3.4,2.4,0.0,0.0,4.78,252.64,3.0,10,102718.0,9999999
58321,0,1389,3.9,2.42,0.0,0.0,4.78,252.37,3.7,11,102679.0,9999999
58321,0,1390,3.5,2.44,0.0,0.0,4.78,252.09,4.3,11,102641.0,9999999
58321,0,1391,1.7,2.46,0.0,0.0,4.78,251.82,5.0,11,102602.0,9999999
58321,0,1392,1.6,2.51,0.0,0.0,4.78,251.54,5.7,11,102563.0,9999999
58321,0,1393,0.9,2.53,0.0,0.0,4.78,251.26,6.3,11,102524.0,9999999
58321,0,1394,0.4,2.55,0.0,0.0,4.78,250.99,7.0,9,102486.0,9999999
58321,0,1395,0.3,2.48,0.0,0.0,4.78,250.71,6.0,10,102426.0,9999999
58321,0,1396,0.0,2.42,0.0,0.0,4.78,250.43,5.0,10,102366.0,9999999
58321,0,1397,1.6,2.36,0.0,0.0,4.78,250.43,4.0,9,102306.0,9999999
58321,0,1398,0.9,2.44,0.0,0.0,4.78,250.15,4.0,10,102300.0,9999999
58321,0,1399,0.7,2.51,58.0,25.0,4.78,249.86,4.0,10,102293.0,9999999
58321,0,1400,1.3,2.59,219.0,69.0,4.78,250.15,4.0,9,102286.0,9999999
58321,0,1401,1.9,2.7,426.0,102.0,4.78,251.54,4.0,10,102253.0,9999999
58321,0,1402,10.4,2.81,608.0,122.0,4.78,253.46,4.0,10,102219.0,9999999
58321,0,1403,9.3,2.92,738.0,133.0,4.78,255.33,4.0,9,102186.0,9999999
58321,0,1404,10.6,2.83,802.0,138.0,4.78,256.91,6.0,12,102091.0,9999999
58321,0,1405,11.8,2.76,794.0,137.0,4.78,258.2,8.0,12,101996.0,9999999
58321,0,1406,13.1,2.67,715.0,130.0,4.78,258.96,10.0,11,101901.0,9999999
58321,0,1407,13.2,2.79,572.0,117.0,4.78,260.47,8.7,12,101878.0,9999999
58321,0,1408,13.2,2.9,383.0,97.0,4.78,260.97,7.3,12,101855.0,9999999
58321,0,1409,13.3,3.02,180.0,61.0,4.78,260.72,6.0,13,101832.0,9999999
58321,0,1410,8.7,3.65,40.0,19.0,4.78,260.72,3.0,12,101911.0,9999999
58321,0,1411,8.3,3.79,0.0,0.0,4.78,259.22,2.3,12,101943.0,9999999
58321,0,1412,7.5,3.85,0.0,0.0,4.78,258.96,2.0,11,101977.0,9999999
58321,0,1413,9.1,4.61,0.0,0.0,4.78,259.47,2.6,10,101680.0,9999999
58321,0,1414,10.5,5.5,0.0,0.0,4.78,259.22,3.1,9,101358.0,9999999
58321,0,1415,12.0,6.52,0.0,0.0,4.78,259.22,3.6,8,101011.0,9999999
58321,0,1416,13.5,7.75,0.0,0.0,6.62,282.87,4.0,6,100651.0,9999999
58321,0,1417,13.2,7.8,0.0,0.0,6.62,281.49,3.5,7,100610.0,9999999
58321,0,1418,13.0,7.91,0.0,0.0,6.62,281.49,3.0,7,100580.0,9999999
58321,0,1419,13.0,8.02,0.0,0.0,6.62,281.89,2.4,7,100573.0,9999999
58321,0,1420,13.0,8.02,0.0,0.0,6.62,280.9,1.9,8,100574.0,9999999
58321,0,1421,13.0,7.91,0.0,0.0,6.62,280.1,1.5,8,100585.0,9999999
58321,0,1422,13.0,8.02,0.0,0.0,6.62,280.3,1.7,8,100575.0,9999999
58321,0,1423,13.0,7.8,29.0,15.0,6.62,281.69,1.3,10,100595.0,9999999
58321,0,1424,13.0,7.65,81.0,60.0,6.62,284.79,1.0,9,100615.0,9999999
58321,0,1425,15.7,7.65,182.0,122.0,6.62,284.03,2.3,11,100631.0,9999999
58321,0,1426,18.3,7.65,280.0,175.0,6.62,286.12,3.7,12,100648.0,9999999
58321,0,1427,21.0,7.65,302.0,200.0,6.62,286.5,5.0,14,100664.0,9999999
58321,0,1428,22.0,8.02,379.0,197.0,6.62,287.8,4.7,13,100622.0,9999999
58321,0,1429,23.0,8.35,459.0,171.0,6.62,286.87,4.3,13,100580.0,9999999
58321,0,1430,24.0,8.75,504.0,149.0,6.62,286.12,4.0,15,100538.0,9999999
58321,0,1431,23.7,8.02,484.0,129.0,6.62,281.1,4.0,14,100873.0,9999999
58321,0,1432,23.3,7.29,327.0,94.0,6.62,280.1,4.0,14,101208.0,9999999
58321,0,1433,23.0,6.61,151.0,57.0,6.62,279.49,4.0,15,101543.0,9999999
58321,0,1434,21.3,9.17,35.0,18.0,6.62,278.27,4.4,15,101667.0,9999999
58321,0,1435,19.7,7.29,0.0,0.0,6.62,277.25,4.9,15,101791.0,9999999
58321,0,1436,18.0,7.65,0.0,0.0,6.62,274.94,5.3,16,101915.0,9999999
58321,0,1437,16.7,7.24,0.0,0.0,6.62,273.87,5.6,1,101846.0,9999999
58321,0,1438,15.3,6.8,0.0,0.0,6.62,277.45,5.9,1,101776.0,9999999
58321,0,1439,14.0,6.43,0.0,0.0,6.62,275.79,6.2,1,101707.0,9999999
58321,0,1440,12.7,6.08,0.0,0.0,6.62,278.48,6.4,1,101638.0,9999999
58321,0,1441,11.3,5.7,0.0,0.0,6.62,278.48,6.7,1,101568.0,9999999
58321,0,1442,10.0,5.38,0.0,0.0,6.62,275.15,7.0,2,101499.0,9999999
58321,0,1443,9.0,5.0,0.0,0.0,6.62,278.27,6.0,1,101764.0,9999999
58321,0,1444,8.0,4.68,0.0,0.0,6.62,278.07,5.0,1,102028.0,9999999
58321,0,1445,7.0,4.28,0.0,0.0,6.62,277.25,4.0,1,102293.0,9999999
58321,0,1446,4.1,3.94,0.0,0.0,6.62,276.83,4.3,1,102339.0,9999999
58321,0,1447,4.0,3.62,0.0,0.0,6.62,276.0,4.7,1,102385.0,9999999
58321,0,1448,3.8,3.29,43.0,42.0,6.62,275.79,5.0,1,102430.0,9999999
58321,0,1449,3.6,2.99,130.0,113.0,6.62,274.73,5.3,1,102476.0,9999999
58321,0,1450,4.5,2.74,294.0,218.0,6.62,272.14,5.7,16,102522.0,9999999
58321,0,1451,4.0,2.48,544.0,236.0,6.62,270.37,6.0,16,102568.0,9999999
58321,0,1452,4.3,2.16,686.0,223.0,6.62,263.18,7.0,16,102555.0,9999999
58321,0,1453,4.7,1.88,599.0,264.0,6.62,266.96,8.0,16,102542.0,9999999
58321,0,1454,5.0,2.14,412.0,238.0,6.62,267.89,9.0,16,102530.0,9999999
58321,0,1455,5.0,2.14,238.0,176.0,6.62,271.48,8.3,16,102546.0,9999999
58321,0,1456,5.0,2.09,161.0,135.0,6.62,272.14,7.7,16,102563.0,9999999
58321,0,1457,5.0,1.92,108.0,84.0,6.62,269.25,7.0,1,102579.0,9999999
58321,0,1458,4.7,2.4,31.0,24.0,6.62,264.62,6.0,16,102632.0,9999999
58321,0,1459,4.3,2.4,0.0,0.0,6.62,261.96,5.0,16,102685.0,9999999
58321,0,1460,4.0,2.51,0.0,0.0,6.62,258.2,4.0,2,102738.0,9999999
58321,0,1461,2.5,2.65,0.0,0.0,6.62,254.54,3.3,16,102765.0,9999999
58321,0,1462,1.9,2.65,0.0,0.0,6.62,253.73,2.7,16,102793.0,9999999
58321,0,1463,1.0,2.67,0.0,0.0,6.62,252.92,2.0,15,102820.0,9999999
58321,0,1464,0.9,2.42,0.0,0.0,6.62,252.37,1.3,15,102848.0,9999999
58321,0,1465,0.9,2.65,0.0,0.0,6.62,252.09,0.7,15,102876.0,9999999
58321,0,1466,0.7,2.92,0.0,0.0,6.62,251.82,0.0,15,102903.0,9999999
58321,0,1467,0.7,2.76,0.0,0.0,6.62,252.09,0.0,14,102900.0,9999999
58321,0,1468,0.3,2.63,0.0,0.0,6.62,253.19,0.0,13,102896.0,9999999
58321,0,1469,0.0,2.48,0.0,0.0,6.62,252.37,0.0,13,102892.0,9999999
58321,0,1470,0.5,2.48,0.0,0.0,6.62,255.07,0.0,13,102929.0,9999999
58321,0,1471,0.3,3.07,63.0,29.0,6.62,252.92,0.0,13,102967.0,9999999
58321,0,1472,2.0,3.37,227.0,73.0,6.62,253.19,0.0,12,103004.0,9999999
58321,0,1473,2.3,2.55,435.0,103.0,6.62,252.92,2.3,13,103000.0,9999999
58321,0,1474,6.7,2.63,617.0,121.0,6.62,254.27,4.7,13,102997.0,9999999
58321,0,1475,9.0,2.7,748.0,132.0,6.62,255.33,7.0,14,102993.0,9999999
58321,0,1476,10.3,2.44,813.0,136.0,6.62,256.39,9.0,13,102905.0,9999999
58321,0,1477,11.7,1.98,804.0,139.0,6.62,257.43,11.0,13,102817.0,9999999
58321,0,1478,13.0,1.44,703.0,154.0,6.62,258.2,13.0,14,102728.0,9999999
58321,0,1479,12.3,1.28,560.0,146.0,6.62,259.97,11.0,14,102758.0,9999999
58321,0,1480,11.7,0.88,396.0,106.0,6.62,257.69,9.0,14,102787.0,9999999
58321,0,1481,11.0,0.82,195.0,64.0,6.62,254.54,7.0,15,102816.0,9999999
58321,0,1482,7.4,1.39,45.0,20.0,6.62,254.27,5.7,15,102898.0,9999999
58321,0,1483,5.7,1.56,0.0,0.0,6.62,252.64,4.3,14,102980.0,9999999
58321,0,1484,5.6,1.71,0.0,0.0,6.62,251.54,3.0,15,103061.0,9999999
58321,0,1485,7.0,1.46,0.0,0.0,6.62,251.26,3.0,14,103115.0,9999999
58321,0,1486,6.0,1.45,0.0,0.0,6.62,250.43,3.0,15,103169.0,9999999
58321,0,1487,3.4,1.43,0.0,0.0,6.62,249.58,3.0,16,103222.0,9999999
58321,0,1488,4.0,1.4,0.0,0.0,6.62,248.44,3.0,1,103276.0,9999999
58321,0,1489,1.8,1.39,0.0,0.0,6.62,246.99,3.0,1,103329.0,9999999
58321,0,1490,0.1,1.73,0.0,0.0,6.62,245.51,3.0,16,103383.0,9999999
58321,0,1491,1.8,1.52,0.0,0.0,6.62,245.21,2.8,1,103373.0,9999999
58321,0,1492,1.7,1.67,0.0,0.0,6.62,244.31,2.7,16,103363.0,9999999
58321,0,1493,1.5,2.53,0.0,0.0,6.62,243.7,2.5,10,103352.0,9999999
58321,0,1494,1.3,2.05,0.0,0.0,6.62,243.4,2.3,10,103342.0,9999999
58321,0,1495,1.2,2.25,71.0,29.0,6.62,243.4,2.2,10,103332.0,9999999
58321,0,1496,0.2,1.63,246.0,73.0,6.62,244.01,2.0,11,103322.0,9999999
58321,0,1497,1.1,1.77,460.0,103.0,6.62,245.81,2.7,10,103271.0,9999999
58321,0,1498,5.0,1.25,644.0,121.0,6.62,247.57,3.3,10,103221.0,9999999
58321,0,1499,7.0,0.85,774.0,132.0,6.62,249.58,4.0,11,103170.0,9999999
58321,0,1500,8.3,1.08,837.0,136.0,6.62,251.26,5.0,13,103088.0,9999999
58321,0,1501,9.7,0.97,827.0,136.0,6.62,252.37,6.0,13,103007.0,9999999
58321,0,1502,11.0,1.0,746.0,130.0,6.62,253.19,7.0,15,102925.0,9999999
58321,0,1503,11.3,1.02,601.0,117.0,6.62,254.0,6.3,13,102873.0,9999999
58321,0,1504,11.7,1.21,408.0,97.0,6.62,254.54,5.7,13,102820.0,9999999
58321,0,1505,12.0,1.25,198.0,62.0,6.62,254.8,5.0,13,102767.0,9999999
58321,0,1506,6.2,2.23,47.0,20.0,6.62,254.54,3.3,13,102768.0,9999999
58321,0,1507,6.3,2.25,0.0,0.0,6.62,253.73,1.7,12,102770.0,9999999
58321,0,1508,7.0,2.92,0.0,0.0,6.62,253.46,0.0,11,102771.0,9999999
58321,0,1509,6.5,2.88,0.0,0.0,6.62,252.92,0.5,10,102772.0,9999999
58321,0,1510,6.0,2.85,0.0,0.0,6.62,252.37,1.0,9,102773.0,9999999
58321,0,1511,1.5,2.81,0.0,0.0,6.62,252.09,1.5,9,102774.0,9999999
58321,0,1512,1.6,2.76,0.0,0.0,6.62,251.82,2.0,9,102775.0,9999999
58321,0,1513,1.8,2.74,0.0,0.0,6.62,251.82,2.5,9,102776.0,9999999
58321,0,1514,2.0,2.7,0.0,0.0,6.62,251.82,3.0,9,102777.0,9999999
58321,0,1515,2.0,2.63,0.0,0.0,6.62,252.09,3.0,9,102711.0,9999999
58321,0,1516,1.6,2.55,0.0,0.0,6.62,251.82,3.0,9,102644.0,9999999
58321,0,1517,1.4,2.48,0.0,0.0,6.62,251.82,3.0,9,102577.0,9999999
58321,0,1518,3.3,2.48,0.0,0.0,6.62,251.82,2.3,9,102584.0,9999999
58321,0,1519,3.7,2.48,71.0,30.0,6.62,252.37,1.7,10,102591.0,9999999
58321,0,1520,4.0,2.48,245.0,73.0,6.62,252.37,1.0,9,102598.0,9999999
58321,0,1521,5.2,2.23,457.0,102.0,6.62,253.46,2.7,10,102579.0,9999999
58321,0,1522,10.7,1.98,634.0,132.0,6.62,255.6,4.3,10,102559.0,9999999
58321,0,1523,14.0,1.77,740.0,184.0,6.62,258.96,6.0,10,102540.0,9999999
58321,0,1524,15.7,2.07,781.0,222.0,6.62,263.42,6.3,11,102439.0,9999999
58321,0,1525,17.3,1.57,792.0,184.0,6.62,264.38,6.7,11,102338.0,9999999
58321,0,1526,19.0,1.63,738.0,134.0,6.62,262.93,7.0,13,102237.0,9999999
58321,0,1527,18.7,1.58,598.0,117.0,6.62,262.69,6.3,12,102203.0,9999999
58321,0,1528,18.3,1.56,407.0,96.0,6.62,262.93,5.7,12,102170.0,9999999
58321,0,1529,18.0,1.9,198.0,63.0,6.62,262.93,5.0,11,102136.0,9999999
58321,0,1530,12.3,3.09,47.0,21.0,6.62,262.45,5.0,11,102134.0,9999999
58321,0,1531,14.7,3.76,0.0,0.0,6.62,263.66,5.0,10,102132.0,9999999
58321,0,1532,13.0,3.43,0.0,0.0,6.62,266.27,5.0,9,102130.0,9999999
58321,0,1533,11.8,3.51,0.0,0.0,6.62,264.85,4.5,10,102129.0,9999999
58321,0,1534,10.7,3.62,0.0,0.0,6.62,263.42,4.0,10,102128.0,9999999
58321,0,1535,9.5,3.7,0.0,0.0,6.62,262.93,3.5,10,102126.0,9999999
58321,0,1536,8.3,3.79,0.0,0.0,6.62,262.93,3.0,10,102125.0,9999999
58321,0,1537,7.2,3.91,0.0,0.0,6.62,261.71,2.5,10,102123.0,9999999
58321,0,1538,6.0,3.97,0.0,0.0,6.62,260.72,2.0,9,102122.0,9999999
58321,0,1539,5.7,4.0,0.0,0.0,6.62,258.2,2.0,9,102102.0,9999999
58321,0,1540,5.3,4.0,0.0,0.0,6.62,257.94,2.0,9,102081.0,9999999
58321,0,1541,5.0,4.0,0.0,0.0,6.62,257.69,2.0,8,102061.0,9999999
58321,0,1542,5.3,4.03,0.0,0.0,6.62,257.43,2.3,9,102081.0,9999999
58321,0,1543,5.7,4.0,73.0,30.0,6.62,257.17,2.7,9,102102.0,9999999
58321,0,1544,6.0,4.0,245.0,73.0,6.62,257.69,3.0,8,102122.0,9999999
58321,0,1545,10.0,3.48,452.0,103.0,6.62,259.22,2.7,9,102123.0,9999999
58321,0,1546,14.0,2.97,631.0,122.0,6.62,261.47,2.3,9,102125.0,9999999
58321,0,1547,18.0,2.7,758.0,132.0,6.62,263.9,2.0,5,102126.0,9999999
58321,0,1548,19.0,2.7,820.0,136.0,6.62,265.8,2.7,10,102054.0,9999999
58321,0,1549,20.0,2.7,810.0,135.0,6.62,267.43,3.3,10,101982.0,9999999
58321,0,1550,21.0,2.7,732.0,128.0,6.62,268.34,4.0,9,101910.0,9999999
58321,0,1551,20.7,2.7,591.0,115.0,6.62,268.57,4.3,10,101886.0,9999999
58321,0,1552,20.3,2.7,401.0,97.0,6.62,268.57,4.7,10,101863.0,9999999
58321,0,1553,20.0,2.7,195.0,64.0,6.62,268.34,5.0,8,101839.0,9999999
58321,0,1554,18.3,5.62,47.0,21.0,6.62,267.43,5.0,9,101861.0,9999999
58321,0,1555,16.7,5.38,0.0,0.0,6.62,266.03,5.0,8,101882.0,9999999
58321,0,1556,15.0,4.06,0.0,0.0,6.62,265.09,5.0,9,101903.0,9999999
58321,0,1557,14.2,4.15,0.0,0.0,6.62,264.62,4.5,9,101896.0,9999999
58321,0,1558,13.3,4.31,0.0,0.0,6.62,265.09,4.0,9,101888.0,9999999
58321,0,1559,12.5,4.44,0.0,0.0,6.62,263.9,3.5,9,101881.0,9999999
58321,0,1560,11.7,4.65,0.0,0.0,6.62,263.18,3.0,9,101873.0,9999999
58321,0,1561,10.8,4.82,0.0,0.0,6.62,262.69,2.5,9,101865.0,9999999
58321,0,1562,10.0,5.0,0.0,0.0,6.62,261.96,2.0,9,101858.0,9999999
58321,0,1563,9.7,5.11,0.0,0.0,6.62,269.48,1.3,8,101824.0,9999999
58321,0,1564,9.3,5.27,0.0,0.0,6.62,266.73,0.7,8,101790.0,9999999
58321,0,1565,9.0,5.38,0.0,0.0,6.62,263.42,0.0,8,101757.0,9999999
58321,0,1566,9.7,5.5,0.0,0.0,6.62,262.93,0.7,7,101774.0,9999999
58321,0,1567,10.3,5.66,60.0,36.0,6.62,264.85,1.3,7,101792.0,9999999
58321,0,1568,11.0,5.74,206.0,95.0,6.62,265.56,2.0,8,101809.0,9999999
58321,0,1569,12.7,5.78,349.0,168.0,6.62,266.96,2.3,7,101801.0,9999999
58321,0,1570,14.3,5.74,434.0,243.0,6.62,272.8,2.7,7,101793.0,9999999
58321,0,1571,16.0,4.0,490.0,266.0,6.62,276.0,3.0,8,101785.0,9999999
58321,0,1572,17.3,5.38,563.0,281.0,6.62,278.68,3.7,8,101766.0,9999999
58321,0,1573,18.7,5.04,605.0,290.0,6.62,276.0,4.3,7,101748.0,9999999
58321,0,1574,20.0,4.65,599.0,233.0,6.62,275.79,5.0,8,101729.0,9999999
58321,0,1575,19.7,4.54,521.0,175.0,6.62,271.92,4.7,8,101619.0,9999999
58321,0,1576,19.3,4.38,350.0,132.0,6.62,274.52,4.3,8,101509.0,9999999
58321,0,1577,19.0,4.31,174.0,73.0,6.62,273.66,4.0,8,101399.0,9999999
58321,0,1578,17.0,6.25,44.0,22.0,6.62,270.6,3.7,7,101420.0,9999999
58321,0,1579,15.0,5.0,1.0,1.0,6.62,269.03,3.3,8,101442.0,9999999
58321,0,1580,13.0,5.38,0.0,0.0,6.62,268.12,3.0,8,101463.0,9999999
58321,0,1581,12.3,5.38,0.0,0.0,6.62,267.2,3.0,8,101447.0,9999999
58321,0,1582,11.7,5.38,0.0,0.0,6.62,266.5,3.0,8,101431.0,9999999
58321,0,1583,11.0,5.38,0.0,0.0,6.62,265.8,3.0,8,101415.0,9999999
58321,0,1584,10.3,5.38,0.0,0.0,6.62,265.33,3.0,8,101400.0,9999999
58321,0,1585,9.7,5.38,0.0,0.0,6.62,265.09,3.0,8,101384.0,9999999
58321,0,1586,9.0,5.38,0.0,0.0,6.62,265.09,3.0,7,101368.0,9999999
58321,0,1587,9.0,5.54,0.0,0.0,6.62,264.85,3.0,8,101362.0,9999999
58321,0,1588,7.1,4.97,0.0,0.0,6.62,264.62,3.0,7,101355.0,9999999
58321,0,1589,9.0,5.74,0.0,0.0,6.62,264.38,3.0,7,101348.0,9999999
58321,0,1590,7.4,5.78,0.0,0.0,6.62,263.9,2.3,7,101392.0,9999999
58321,0,1591,7.6,5.78,76.0,31.0,6.62,263.66,1.7,7,101436.0,9999999
58321,0,1592,11.0,5.78,249.0,74.0,6.62,263.9,1.0,8,101480.0,9999999
58321,0,1593,19.5,8.46,455.0,103.0,6.62,265.56,1.7,7,101480.0,9999999
58321,0,1594,17.0,6.08,634.0,121.0,6.62,267.89,2.3,7,101480.0,9999999
58321,0,1595,20.0,4.75,761.0,132.0,6.62,269.93,3.0,8,101480.0,9999999
58321,0,1596,21.0,5.78,822.0,136.0,6.62,271.7,3.0,8,101395.0,9999999
58321,0,1597,22.0,5.38,812.0,135.0,6.62,273.01,3.0,9,101310.0,9999999
58321,0,1598,23.0,5.0,730.0,130.0,6.62,274.3,3.0,8,101224.0,9999999
58321,0,1599,23.3,5.27,586.0,118.0,6.62,275.15,3.3,11,101208.0,9999999
58321,0,1600,23.7,5.62,399.0,97.0,6.62,275.58,3.7,11,101192.0,9999999
58321,0,1601,24.0,5.78,197.0,63.0,6.62,275.36,4.0,8,101176.0,9999999
58321,0,1602,22.0,6.08,49.0,22.0,6.62,274.3,3.3,12,101253.0,9999999
58321,0,1603,20.0,6.39,1.0,1.0,6.62,272.58,2.7,13,101331.0,9999999
58321,0,1604,18.0,6.66,0.0,0.0,6.62,271.7,2.0,10,101408.0,9999999
58321,0,1605,17.0,5.99,0.0,0.0,6.62,271.26,2.8,13,101520.0,9999999
58321,0,1606,16.0,5.38,0.0,0.0,6.62,271.26,3.7,14,101632.0,9999999
58321,0,1607,15.0,4.82,0.0,0.0,6.62,271.26,4.5,16,101744.0,9999999
58321,0,1608,14.0,4.31,0.0,0.0,6.62,270.15,5.3,16,101856.0,9999999
58321,0,1609,13.0,3.85,0.0,0.0,6.62,268.34,6.2,1,101967.0,9999999
58321,0,1610,12.0,3.43,0.0,0.0,6.62,266.73,7.0,2,102079.0,9999999
58321,0,1611,11.0,3.43,0.0,0.0,6.62,263.9,6.3,1,102208.0,9999999
58321,0,1612,10.0,3.43,0.0,0.0,6.62,262.2,5.7,1,102336.0,9999999
58321,0,1613,9.0,3.43,0.0,0.0,6.62,260.47,5.0,1,102465.0,9999999
58321,0,1614,8.3,2.99,0.0,0.0,6.62,258.71,4.3,1,102560.0,9999999
58321,0,1615,7.7,2.63,80.0,32.0,6.62,257.17,3.7,1,102656.0,9999999
58321,0,1616,7.0,2.29,257.0,76.0,6.62,256.91,3.0,2,102751.0,9999999
58321,0,1617,8.3,3.09,466.0,105.0,6.62,257.17,4.0,2,102753.0,9999999
58321,0,1618,9.7,2.33,645.0,123.0,6.62,257.94,5.0,2,102754.0,9999999
58321,0,1619,11.0,2.23,773.0,133.0,6.62,258.71,6.0,2,102756.0,9999999
58321,0,1620,11.7,2.25,836.0,137.0,6.62,259.97,5.3,2,102677.0,9999999
58321,0,1621,12.3,1.81,825.0,138.0,6.62,260.72,4.7,2,102598.0,9999999
58321,0,1622,13.0,1.36,743.0,135.0,6.62,261.47,4.0,3,102519.0,9999999
58321,0,1623,13.0,1.36,601.0,122.0,6.62,261.47,3.3,2,102489.0,9999999
58321,0,1624,13.0,1.36,413.0,99.0,6.62,261.47,2.7,2,102459.0,9999999
58321,0,1625,13.0,1.36,204.0,66.0,6.62,261.22,2.0,3,102429.0,9999999
58321,0,1626,12.3,2.72,51.0,23.0,6.62,260.47,2.3,3,102455.0,9999999
58321,0,1627,11.7,2.61,1.0,1.0,6.62,265.56,2.7,3,102481.0,9999999
58321,0,1628,11.0,2.1,0.0,0.0,6.62,270.37,3.0,5,102507.0,9999999
58321,0,1629,10.3,2.19,0.0,0.0,6.62,271.48,3.0,3,102506.0,9999999
58321,0,1630,9.7,2.29,0.0,0.0,6.62,271.7,3.0,3,102505.0,9999999
58321,0,1631,9.0,2.38,0.0,0.0,6.62,272.8,3.0,4,102504.0,9999999
58321,0,1632,8.3,2.48,0.0,0.0,6.62,270.15,3.0,4,102504.0,9999999
58321,0,1633,7.7,2.59,0.0,0.0,6.62,268.12,3.0,4,102503.0,9999999
58321,0,1634,7.0,2.7,0.0,0.0,6.62,263.9,3.0,5,102502.0,9999999
58321,0,1635,6.7,2.76,0.0,0.0,6.62,266.96,2.7,5,102482.0,9999999
58321,0,1636,6.3,2.85,0.0,0.0,6.62,264.38,2.3,5,102461.0,9999999
58321,0,1637,6.0,2.92,0.0,0.0,6.62,266.03,2.0,5,102441.0,9999999
58321,0,1638,6.0,2.48,0.0,0.0,6.62,263.42,2.7,5,102454.0,9999999
58321,0,1639,6.0,3.09,80.0,33.0,6.62,260.47,3.3,5,102468.0,9999999
58321,0,1640,6.0,2.72,258.0,76.0,6.62,257.43,4.0,5,102481.0,9999999
58321,0,1641,5.9,2.65,467.0,104.0,6.62,257.69,4.7,5,102476.0,9999999
58321,0,1642,9.3,2.65,649.0,122.0,6.62,258.71,5.3,5,102472.0,9999999
58321,0,1643,11.0,1.77,773.0,134.0,6.62,259.72,6.0,7,102467.0,9999999
58321,0,1644,12.0,1.73,827.0,142.0,6.62,261.22,6.3,5,102358.0,9999999
58321,0,1645,13.0,1.67,813.0,151.0,6.62,262.45,6.7,5,102250.0,9999999
58321,0,1646,14.0,2.14,732.0,145.0,6.62,264.14,7.0,7,102141.0,9999999
58321,0,1647,14.3,2.19,553.0,134.0,6.62,266.5,6.3,5,102079.0,9999999
58321,0,1648,14.7,2.46,331.0,119.0,6.62,266.27,5.7,5,102016.0,9999999
58321,0,1649,15.0,2.63,145.0,72.0,6.62,269.7,5.0,5,101953.0,9999999
58321,0,1650,14.3,3.88,30.0,21.0,6.62,273.23,4.7,5,101946.0,9999999
58321,0,1651,13.7,3.59,0.0,0.0,6.62,278.89,4.3,5,101938.0,9999999
58321,0,1652,13.0,2.92,0.0,0.0,6.62,279.9,4.0,5,101931.0,9999999
58321,0,1653,12.0,3.29,0.0,0.0,6.62,279.9,3.5,4,101956.0,9999999
58321,0,1654,11.0,3.73,0.0,0.0,6.62,279.9,3.0,4,101982.0,9999999
58321,0,1655,10.0,4.15,0.0,0.0,6.62,279.49,2.5,4,102007.0,9999999
58321,0,1656,9.0,4.65,0.0,0.0,6.62,278.89,2.0,3,102033.0,9999999
58321,0,1657,8.0,5.19,0.0,0.0,6.62,278.68,1.5,3,102058.0,9999999
58321,0,1658,7.0,5.78,0.0,0.0,6.62,278.48,1.0,1,102083.0,9999999
58321,0,1659,7.0,5.78,0.0,0.0,6.62,278.07,1.3,2,102090.0,9999999
58321,0,1660,7.0,5.78,0.0,0.0,6.62,278.07,1.7,2,102097.0,9999999
58321,0,1661,7.0,5.78,0.0,0.0,6.62,277.86,2.0,2,102103.0,9999999
58321,0,1662,6.7,5.66,0.0,0.0,6.62,277.86,1.3,3,102166.0,9999999
58321,0,1663,6.3,5.5,23.0,20.0,6.62,277.04,0.7,2,102229.0,9999999
58321,0,1664,6.0,5.38,93.0,74.0,6.62,277.04,0.0,2,102292.0,9999999
58321,0,1665,7.0,5.5,231.0,150.0,6.62,276.41,1.3,3,102356.0,9999999
58321,0,1666,8.0,5.66,448.0,222.0,6.62,271.92,2.7,3,102420.0,9999999
58321,0,1667,9.0,5.78,683.0,208.0,6.62,271.26,4.0,6,102485.0,9999999
58321,0,1668,10.0,5.66,785.0,182.0,6.62,267.66,3.3,4,102439.0,9999999
58321,0,1669,11.0,5.5,762.0,195.0,6.62,270.37,2.7,3,102394.0,9999999
58321,0,1670,12.0,5.38,585.0,232.0,6.62,269.7,2.0,6,102348.0,9999999
58321,0,1671,11.7,5.66,336.0,240.0,6.62,279.9,2.3,4,102348.0,9999999
58321,0,1672,11.3,5.91,198.0,163.0,6.62,280.9,2.7,4,102348.0,9999999
58321,0,1673,11.0,6.21,103.0,84.0,6.62,279.49,3.0,9,102347.0,9999999
58321,0,1674,10.3,6.21,28.0,23.0,6.62,277.45,3.3,6,102383.0,9999999
58321,0,1675,9.7,6.21,1.0,1.0,6.62,271.92,3.7,6,102419.0,9999999
58321,0,1676,9.0,6.21,0.0,0.0,6.62,266.27,4.0,8,102455.0,9999999
58321,0,1677,8.7,5.99,0.0,0.0,6.62,262.45,4.0,6,102466.0,9999999
58321,0,1678,8.3,5.78,0.0,0.0,6.62,262.93,4.0,6,102477.0,9999999
58321,0,1679,8.0,5.58,0.0,0.0,6.62,264.38,4.0,7,102488.0,9999999
58321,0,1680,7.7,5.38,0.0,0.0,6.62,262.93,4.0,7,102499.0,9999999
58321,0,1681,7.3,5.19,0.0,0.0,6.62,260.22,4.0,7,102511.0,9999999
58321,0,1682,7.0,5.0,0.0,0.0,6.62,259.47,4.0,6,102522.0,9999999
58321,0,1683,6.3,5.0,0.0,0.0,6.62,258.71,3.3,6,102488.0,9999999
58321,0,1684,5.7,5.0,0.0,0.0,6.62,258.45,2.7,6,102454.0,9999999
58321,0,1685,5.0,5.0,0.0,0.0,6.62,258.96,2.0,7,102420.0,9999999
58321,0,1686,5.3,5.0,0.0,0.0,6.62,259.47,3.0,5,102370.0,9999999
58321,0,1687,5.7,5.0,76.0,41.0,6.62,258.45,4.0,6,102321.0,9999999
58321,0,1688,6.0,5.0,210.0,126.0,6.62,263.42,5.0,7,102272.0,9999999
58321,0,1689,8.0,5.11,352.0,213.0,6.62,271.26,5.7,6,102204.0,9999999
58321,0,1690,10.0,5.27,535.0,236.0,6.62,272.58,6.3,6,102137.0,9999999
58321,0,1691,12.0,5.38,681.0,222.0,6.62,269.03,7.0,7,102069.0,9999999
58321,0,1692,12.3,5.66,723.0,261.0,6.62,268.12,7.3,6,101950.0,9999999
58321,0,1693,12.7,5.91,636.0,332.0,6.62,271.7,7.7,6,101831.0,9999999
58321,0,1694,13.0,6.21,342.0,249.0,6.62,277.45,8.0,7,101712.0,9999999
58321,0,1695,12.3,6.66,182.0,149.0,6.62,279.29,6.0,6,101671.0,9999999
58321,0,1696,11.7,7.14,145.0,111.0,6.62,277.86,4.0,6,101630.0,9999999
58321,0,1697,11.0,7.65,41.0,36.0,6.62,280.9,2.0,9,101590.0,9999999
58321,0,1698,10.7,7.65,8.0,7.0,6.62,282.08,1.7,4,101599.0,9999999
58321,0,1699,10.3,7.65,0.0,0.0,6.62,282.28,1.3,4,101609.0,9999999
58321,0,1700,10.0,7.65,0.0,0.0,6.62,282.08,1.0,8,101619.0,9999999
58321,0,1701,10.0,7.54,0.0,0.0,6.62,282.28,0.8,6,101607.0,9999999
58321,0,1702,10.0,7.49,0.0,0.0,6.62,282.08,0.7,7,101595.0,9999999
58321,0,1703,10.0,7.39,0.0,0.0,6.62,282.28,0.5,10,101584.0,9999999
58321,0,1704,10.0,7.29,0.0,0.0,6.62,282.28,0.3,11,101572.0,9999999
58321,0,1705,10.0,7.24,0.0,0.0,6.62,282.28,0.2,13,101560.0,9999999
58321,0,1706,10.0,7.14,0.0,0.0,6.62,282.28,0.0,13,101549.0,9999999
58321,0,1707,10.0,7.14,0.0,0.0,6.62,281.1,0.7,13,101549.0,9999999
58321,0,1708,10.0,7.14,0.0,0.0,6.62,280.3,1.3,13,101549.0,9999999
58321,0,1709,10.0,7.14,0.0,0.0,6.62,276.0,2.0,13,101549.0,9999999
58321,0,1710,10.0,7.14,0.0,0.0,6.62,271.48,2.0,14,101589.0,9999999
58321,0,1711,10.0,7.14,69.0,32.0,6.62,271.7,2.0,13,101628.0,9999999
58321,0,1712,10.0,7.14,230.0,87.0,6.62,267.66,2.0,14,101668.0,9999999
58321,0,1713,10.7,7.14,403.0,172.0,6.62,270.6,1.7,13,101682.0,9999999
58321,0,1714,11.3,7.14,560.0,220.0,6.62,274.73,1.3,12,101696.0,9999999
58321,0,1715,12.0,7.14,717.0,192.0,6.62,273.66,1.0,13,101711.0,9999999
58321,0,1716,13.3,7.29,793.0,169.0,6.62,271.7,0.7,11,101652.0,9999999
58321,0,1717,14.7,7.49,780.0,163.0,6.62,274.52,0.3,11,101594.0,9999999
58321,0,1718,16.0,7.65,670.0,178.0,6.62,273.23,0.0,12,101536.0,9999999
58321,0,1719,16.0,7.8,484.0,211.0,6.62,278.68,1.0,11,101519.0,9999999
58321,0,1720,16.0,8.02,294.0,182.0,6.62,282.48,2.0,10,101502.0,9999999
58321,0,1721,16.0,8.18,134.0,95.0,6.62,283.45,3.0,9,101486.0,9999999
58321,0,1722,15.0,8.18,36.0,26.0,6.62,280.5,3.0,5,101511.0,9999999
58321,0,1723,14.0,8.18,1.0,1.0,6.62,274.73,3.0,6,101537.0,9999999
58321,0,1724,13.0,8.18,0.0,0.0,6.62,271.04,3.0,6,101562.0,9999999
58321,0,1725,12.5,8.02,0.0,0.0,6.62,269.03,2.5,7,101580.0,9999999
58321,0,1726,12.0,7.8,0.0,0.0,6.62,268.34,2.0,7,101598.0,9999999
58321,0,1727,11.5,7.65,0.0,0.0,6.62,267.66,1.5,7,101615.0,9999999
58321,0,1728,11.0,7.49,0.0,0.0,6.62,267.43,1.0,7,101633.0,9999999
58321,0,1729,10.5,7.29,0.0,0.0,6.62,267.43,0.5,7,101651.0,9999999
58321,0,1730,10.0,7.14,0.0,0.0,6.62,267.43,0.0,7,101668.0,9999999
58321,0,1731,9.3,6.99,0.0,0.0,6.62,267.43,0.0,8,101661.0,9999999
58321,0,1732,8.7,6.8,0.0,0.0,6.62,273.23,0.0,8,101653.0,9999999
58321,0,1733,8.0,6.66,0.0,0.0,6.62,276.0,0.0,9,101646.0,9999999
58321,0,1734,8.7,6.99,0.0,0.0,6.62,278.07,0.0,8,101700.0,9999999
58321,0,1735,9.3,7.29,42.0,37.0,6.62,279.09,0.0,7,101754.0,9999999
58321,0,1736,10.0,7.65,139.0,122.0,6.62,280.3,0.0,7,101808.0,9999999
58321,0,1737,8.3,6.66,286.0,222.0,6.62,281.69,0.0,7,101836.0,9999999
58321,0,1738,12.0,8.35,478.0,297.0,6.62,281.69,0.0,6,101863.0,9999999
58321,0,1739,13.0,8.75,657.0,274.0,6.62,279.09,0.0,4,101891.0,9999999
58321,0,1740,15.0,8.58,767.0,203.0,6.62,276.41,1.0,3,101837.0,9999999
58321,0,1741,17.0,8.35,776.0,186.0,6.62,274.94,2.0,3,101783.0,9999999
58321,0,1742,19.0,8.18,570.0,212.0,6.62,277.04,3.0,3,101728.0,9999999
58321,0,1743,19.0,8.02,309.0,212.0,6.62,282.48,3.3,3,101695.0,9999999
58321,0,1744,19.0,7.8,149.0,124.0,6.62,283.84,3.7,2,101662.0,9999999
58321,0,1745,19.0,7.65,62.0,48.0,6.62,283.84,4.0,5,101629.0,9999999
58321,0,1746,18.7,8.02,25.0,17.0,6.62,281.1,3.3,3,101658.0,9999999
58321,0,1747,18.3,8.35,1.0,0.0,6.62,282.67,2.7,4,101688.0,9999999
58321,0,1748,18.0,8.75,0.0,0.0,6.62,280.5,2.0,5,101717.0,9999999
58321,0,1749,17.3,8.87,0.0,0.0,6.62,281.89,2.5,4,101725.0,9999999
58321,0,1750,16.7,8.93,0.0,0.0,6.62,283.06,3.0,4,101732.0,9999999
58321,0,1751,16.0,9.05,0.0,0.0,6.62,282.87,3.5,4,101740.0,9999999
58321,0,1752,15.3,9.17,0.0,0.0,6.62,282.87,4.0,5,101748.0,9999999
58321,0,1753,14.7,9.23,0.0,0.0,6.62,282.48,4.5,5,101755.0,9999999
58321,0,1754,14.0,9.36,0.0,0.0,6.62,281.89,5.0,3,101763.0,9999999
58321,0,1755,13.7,9.36,0.0,0.0,6.62,282.87,5.0,4,101709.0,9999999
58321,0,1756,13.3,9.36,0.0,0.0,6.62,281.49,5.0,4,101656.0,9999999
58321,0,1757,13.0,9.36,0.0,0.0,6.62,284.6,5.0,5,101602.0,9999999
58321,0,1758,12.7,8.93,0.0,0.0,6.62,284.6,4.0,4,101628.0,9999999
58321,0,1759,12.3,8.58,13.0,13.0,6.62,284.41,3.0,4,101654.0,9999999
58321,0,1760,12.0,8.18,49.0,47.0,6.62,284.41,2.0,6,101681.0,9999999
58321,0,1761,12.2,8.3,104.0,100.0,6.62,284.22,2.3,4,101599.0,9999999
58321,0,1762,12.3,8.35,132.0,129.0,6.62,284.6,2.7,4,101518.0,9999999
58321,0,1763,12.5,8.46,142.0,141.0,6.62,284.6,3.0,4,101437.0,9999999
58321,0,1764,12.7,8.58,158.0,153.0,6.62,284.41,3.3,4,101356.0,9999999
58321,0,1765,12.8,8.64,130.0,126.0,6.62,284.41,3.7,4,101275.0,9999999
58321,0,1766,13.0,8.75,83.0,83.0,6.62,284.03,4.0,5,101193.0,9999999
58321,0,1767,12.7,8.75,77.0,75.0,6.62,284.03,3.3,4,101133.0,9999999
58321,0,1768,12.3,8.75,72.0,70.0,6.62,283.84,2.7,5,101073.0,9999999
58321,0,1769,12.0,8.75,36.0,36.0,6.62,283.84,2.0,4,101013.0,9999999
58321,0,1770,11.7,8.35,7.0,7.0,6.62,284.03,2.3,4,100996.0,9999999
58321,0,1771,11.3,8.02,0.0,0.0,6.62,284.03,2.7,4,100979.0,9999999
58321,0,1772,11.0,7.65,0.0,0.0,6.62,284.03,3.0,5,100962.0,9999999
58321,0,1773,11.2,7.75,0.0,0.0,6.62,284.22,2.5,3,100964.0,9999999
58321,0,1774,11.3,7.8,0.0,0.0,6.62,284.03,2.0,3,100966.0,9999999
58321,0,1775,11.5,7.91,0.0,0.0,6.62,283.84,1.5,3,100967.0,9999999
58321,0,1776,11.7,8.02,0.0,0.0,6.62,283.45,1.0,3,100969.0,9999999
58321,0,1777,11.8,8.07,0.0,0.0,6.62,283.64,0.5,3,100971.0,9999999
58321,0,1778,12.0,8.18,0.0,0.0,6.62,283.64,0.0,3,100973.0,9999999
58321,0,1779,12.0,8.18,0.0,0.0,6.62,283.25,0.0,2,100930.0,9999999
58321,0,1780,12.0,8.18,0.0,0.0,6.62,283.45,0.0,16,100887.0,9999999
58321,0,1781,12.0,8.18,0.0,0.0,6.62,283.45,0.0,14,100843.0,9999999
58321,0,1782,11.7,8.02,0.0,0.0,6.62,283.25,2.3,14,100906.0,9999999
58321,0,1783,11.3,7.8,14.0,14.0,6.62,283.06,4.7,14,100969.0,9999999
58321,0,1784,11.0,7.65,31.0,31.0,6.62,282.87,7.0,10,101032.0,9999999
58321,0,1785,11.0,7.49,92.0,87.0,6.62,282.28,6.0,13,101055.0,9999999
58321,0,1786,11.0,7.29,167.0,158.0,6.62,282.67,5.0,13,101078.0,9999999
58321,0,1787,11.0,7.14,231.0,211.0,6.62,282.87,4.0,14,101101.0,9999999
58321,0,1788,11.0,7.14,267.0,237.0,6.62,283.25,5.3,14,101081.0,9999999
58321,0,1789,11.0,7.14,302.0,230.0,6.62,282.87,6.7,14,101061.0,9999999
58321,0,1790,11.0,7.14,342.0,248.0,6.62,283.64,8.0,14,101042.0,9999999
58321,0,1791,11.0,6.99,252.0,204.0,6.62,282.67,6.3,14,101061.0,9999999
58321,0,1792,11.0,6.8,137.0,120.0,6.62,282.48,4.7,14,101081.0,9999999
58321,0,1793,11.0,6.66,68.0,63.0,6.62,282.28,3.0,15,101101.0,9999999
58321,0,1794,10.7,6.66,15.0,14.0,6.62,281.89,2.7,16,101181.0,9999999
58321,0,1795,10.3,6.66,0.0,0.0,6.62,280.7,2.3,16,101260.0,9999999
58321,0,1796,10.0,6.66,0.0,0.0,6.62,280.3,2.0,1,101339.0,9999999
58321,0,1797,10.0,6.66,0.0,0.0,6.62,279.29,2.2,1,101359.0,9999999
58321,0,1798,10.0,6.66,0.0,0.0,6.62,270.82,2.3,1,101379.0,9999999
58321,0,1799,7.5,5.58,0.0,0.0,6.62,270.15,2.5,1,101399.0,9999999
58321,0,1800,7.3,5.5,0.0,0.0,6.62,268.12,2.7,1,101419.0,9999999
58321,0,1801,7.6,5.62,0.0,0.0,6.62,270.37,2.8,2,101439.0,9999999
58321,0,1802,7.9,5.74,0.0,0.0,6.62,270.37,3.0,2,101459.0,9999999
58321,0,1803,9.7,6.52,0.0,0.0,6.62,274.3,3.0,2,101425.0,9999999
58321,0,1804,9.3,6.34,0.0,0.0,6.62,276.0,3.0,3,101392.0,9999999
58321,0,1805,9.0,6.21,0.0,0.0,6.62,276.0,3.0,5,101358.0,9999999
58321,0,1806,9.0,6.34,0.0,0.0,6.62,277.04,2.7,4,101368.0,9999999
58321,0,1807,9.0,6.52,40.0,33.0,6.62,277.66,2.3,4,101378.0,9999999
58321,0,1808,9.0,6.66,114.0,96.0,6.62,278.07,2.0,4,101388.0,9999999
58321,0,1809,9.7,6.66,257.0,179.0,6.62,279.49,2.0,4,101379.0,9999999
58321,0,1810,10.3,6.66,422.0,252.0,6.62,279.9,2.0,5,101370.0,9999999
58321,0,1811,11.0,6.66,511.0,282.0,6.62,279.29,2.0,3,101361.0,9999999
58321,0,1812,11.0,6.8,527.0,276.0,6.62,280.9,2.3,3,101334.0,9999999
58321,0,1813,11.0,6.99,474.0,260.0,6.62,280.7,2.7,16,101307.0,9999999
58321,0,1814,11.0,7.14,269.0,179.0,6.62,282.28,3.0,15,101281.0,9999999
58321,0,1815,10.7,7.14,96.0,95.0,6.62,283.64,3.0,15,101290.0,9999999
58321,0,1816,10.3,7.14,58.0,58.0,6.62,283.06,3.0,15,101300.0,9999999
58321,0,1817,10.0,7.14,21.0,20.0,6.62,282.67,3.0,15,101310.0,9999999
58321,0,1818,9.7,6.99,5.0,5.0,6.62,282.08,2.0,15,101346.0,9999999
58321,0,1819,9.3,6.8,0.0,0.0,6.62,281.69,1.0,15,101382.0,9999999
58321,0,1820,9.0,6.66,0.0,0.0,6.62,281.89,0.0,14,101418.0,9999999
58321,0,1821,9.0,6.66,0.0,0.0,6.62,279.29,0.5,14,101458.0,9999999
58321,0,1822,9.0,6.66,0.0,0.0,6.62,281.69,1.0,14,101498.0,9999999
58321,0,1823,9.0,6.66,0.0,0.0,6.62,281.29,1.5,14,101538.0,9999999
58321,0,1824,9.0,6.66,0.0,0.0,6.62,280.5,2.0,15,101577.0,9999999
58321,0,1825,9.0,6.66,0.0,0.0,6.62,280.1,2.5,15,101617.0,9999999
58321,0,1826,9.0,6.66,0.0,0.0,6.62,279.29,3.0,15,101657.0,9999999
58321,0,1827,9.0,6.66,0.0,0.0,6.62,280.3,2.7,15,101664.0,9999999
58321,0,1828,9.0,6.66,0.0,0.0,6.62,280.5,2.3,15,101670.0,9999999
58321,0,1829,9.0,6.66,0.0,0.0,6.62,280.3,2.0,15,101677.0,9999999
58321,0,1830,9.0,6.8,0.0,0.0,6.62,280.1,2.3,15,101764.0,9999999
58321,0,1831,9.0,6.99,13.0,13.0,6.62,279.7,2.7,15,101850.0,9999999
58321,0,1832,9.0,7.14,38.0,38.0,6.62,279.9,3.0,13,101936.0,9999999
58321,0,1833,9.0,6.99,87.0,87.0,6.62,280.1,3.7,16,101943.0,9999999
58321,0,1834,9.0,6.8,143.0,142.0,6.62,280.5,4.3,16,101950.0,9999999
58321,0,1835,9.0,6.66,178.0,175.0,6.62,280.3,5.0,1,101956.0,9999999
58321,0,1836,9.7,6.99,223.0,204.0,6.62,281.1,4.0,16,101940.0,9999999
58321,0,1837,10.3,7.29,262.0,221.0,6.62,280.7,3.0,16,101925.0,9999999
58321,0,1838,11.0,7.65,197.0,170.0,6.62,281.29,2.0,1,101909.0,9999999
58321,0,1839,11.0,7.65,122.0,113.0,6.62,281.29,2.7,16,101929.0,9999999
58321,0,1840,11.0,7.65,83.0,74.0,6.62,280.9,3.3,16,101949.0,9999999
58321,0,1841,11.0,7.65,31.0,28.0,6.62,280.5,4.0,2,101969.0,9999999
58321,0,1842,10.3,7.29,9.0,8.0,6.62,279.9,2.7,1,102044.0,9999999
58321,0,1843,9.7,6.99,0.0,0.0,6.62,279.49,1.3,1,102120.0,9999999
58321,0,1844,9.0,6.66,0.0,0.0,6.62,279.49,0.0,0,102195.0,9999999
58321,0,1845,9.0,6.66,0.0,0.0,6.62,279.29,0.0,1,102219.0,9999999
58321,0,1846,9.0,6.66,0.0,0.0,6.62,278.89,0.0,15,102242.0,9999999
58321,0,1847,9.0,6.66,0.0,0.0,6.62,278.27,0.0,14,102265.0,9999999
58321,0,1848,9.0,6.66,0.0,0.0,6.62,277.86,0.0,13,102288.0,9999999
58321,0,1849,9.0,6.66,0.0,0.0,6.62,275.79,0.0,12,102312.0,9999999
58321,0,1850,9.0,6.66,0.0,0.0,6.62,277.45,0.0,11,102335.0,9999999
58321,0,1851,9.0,6.66,0.0,0.0,6.62,274.73,0.0,12,102335.0,9999999
58321,0,1852,9.0,6.66,0.0,0.0,6.62,273.44,0.0,12,102335.0,9999999
58321,0,1853,9.0,6.66,0.0,0.0,6.62,272.14,0.0,12,102335.0,9999999
58321,0,1854,9.3,6.75,0.0,0.0,6.62,269.25,0.0,11,102369.0,9999999
58321,0,1855,9.7,6.8,97.0,43.0,6.62,267.2,0.0,10,102402.0,9999999
58321,0,1856,10.0,6.9,261.0,107.0,6.62,266.03,0.0,8,102436.0,9999999
58321,0,1857,10.3,6.99,420.0,156.0,6.62,268.57,0.0,10,102469.0,9999999
58321,0,1858,10.7,7.04,543.0,196.0,6.62,269.7,0.0,7,102503.0,9999999
58321,0,1859,11.0,7.14,551.0,264.0,6.62,273.66,0.0,6,102537.0,9999999
58321,0,1860,11.7,7.19,485.0,290.0,6.62,278.89,1.0,5,102478.0,9999999
58321,0,1861,12.3,5.38,436.0,280.0,6.62,279.49,2.0,4,102419.0,9999999
58321,0,1862,13.0,5.66,340.0,262.0,6.62,279.9,3.0,5,102360.0,9999999
58321,0,1863,13.0,6.99,249.0,196.0,6.62,281.49,2.7,5,102316.0,9999999
58321,0,1864,13.0,6.8,189.0,127.0,6.62,279.09,2.3,4,102273.0,9999999
58321,0,1865,13.0,6.66,105.0,73.0,6.62,279.7,2.0,5,102230.0,9999999
58321,0,1866,12.2,6.34,31.0,24.0,6.62,275.58,1.2,5,102287.0,9999999
58321,0,1867,11.4,6.08,1.0,1.0,6.62,274.09,0.4,5,102343.0,9999999
58321,0,1868,10.7,5.78,0.0,0.0,6.62,276.62,0.0,4,102400.0,9999999
58321,0,1869,10.6,5.74,0.0,0.0,6.62,276.0,0.2,5,102404.0,9999999
58321,0,1870,10.4,5.78,0.0,0.0,6.62,271.7,0.8,4,102409.0,9999999
58321,0,1871,10.3,5.78,0.0,0.0,6.62,274.52,1.3,4,102413.0,9999999
58321,0,1872,10.2,5.78,0.0,0.0,6.62,273.44,1.9,4,102417.0,9999999
58321,0,1873,10.1,5.78,0.0,0.0,6.62,276.21,2.4,4,102422.0,9999999
58321,0,1874,10.0,5.78,0.0,0.0,6.62,275.36,3.0,5,102426.0,9999999
58321,0,1875,9.7,5.66,0.0,0.0,6.62,272.36,2.7,5,102396.0,9999999
58321,0,1876,9.3,5.5,0.0,0.0,6.62,271.92,2.3,5,102365.0,9999999
58321,0,1877,9.0,5.38,0.0,0.0,6.62,268.12,2.0,3,102335.0,9999999
58321,0,1878,9.0,5.27,0.0,0.0,6.62,262.93,2.3,5,102365.0,9999999
58321,0,1879,9.0,5.11,110.0,42.0,6.62,259.22,2.7,4,102395.0,9999999
58321,0,1880,9.0,5.0,299.0,92.0,6.62,259.47,3.0,3,102425.0,9999999
58321,0,1881,9.7,4.89,511.0,119.0,6.62,260.72,3.0,5,102430.0,9999999
58321,0,1882,10.3,4.79,695.0,130.0,6.62,260.72,3.0,5,102436.0,9999999
58321,0,1883,11.0,3.32,811.0,155.0,6.62,261.96,3.0,5,102442.0,9999999
58321,0,1884,11.7,4.54,864.0,170.0,6.62,264.38,3.0,5,102448.0,9999999
58321,0,1885,12.3,4.38,850.0,169.0,6.62,264.38,3.0,5,102453.0,9999999
58321,0,1886,13.0,4.31,658.0,227.0,6.62,265.56,3.0,5,102459.0,9999999
58321,0,1887,13.0,4.22,389.0,245.0,6.62,274.73,3.3,5,102360.0,9999999
58321,0,1888,13.0,4.12,221.0,167.0,6.62,274.09,3.7,5,102260.0,9999999
58321,0,1889,13.0,4.0,103.0,85.0,6.62,276.62,4.0,5,102160.0,9999999
58321,0,1890,12.3,4.18,25.0,22.0,6.62,276.83,3.7,5,102176.0,9999999
58321,0,1891,11.7,4.41,1.0,1.0,6.62,276.41,3.3,4,102192.0,9999999
58321,0,1892,11.0,4.65,0.0,0.0,6.62,276.62,3.0,5,102208.0,9999999
58321,0,1893,9.2,4.18,0.0,0.0,6.62,273.44,2.8,4,102004.0,9999999
58321,0,1894,10.8,4.86,0.0,0.0,6.62,275.15,2.7,4,101800.0,9999999
58321,0,1895,10.0,4.68,0.0,0.0,6.62,273.23,2.5,4,101596.0,9999999
58321,0,1896,10.4,4.86,0.0,0.0,6.62,275.79,2.3,4,101392.0,9999999
58321,0,1897,9.8,4.82,0.0,0.0,6.62,275.15,2.2,4,101187.0,9999999
58321,0,1898,9.0,4.65,0.0,0.0,6.62,269.03,2.0,8,100983.0,9999999
58321,0,1899,9.3,4.68,0.0,0.0,6.62,262.93,2.3,4,101298.0,9999999
58321,0,1900,8.8,4.41,0.0,0.0,6.62,263.42,2.7,4,101612.0,9999999
58321,0,1901,9.0,4.28,0.0,0.0,6.62,262.93,3.0,5,101926.0,9999999
58321,0,1902,8.7,4.68,0.0,0.0,6.62,268.8,2.7,4,101962.0,9999999
58321,0,1903,8.3,5.0,36.0,31.0,6.62,274.52,2.3,4,101999.0,9999999
58321,0,1904,8.0,5.38,98.0,86.0,6.62,276.41,2.0,4,102035.0,9999999
58321,0,1905,8.0,5.38,206.0,151.0,6.62,276.83,2.7,4,101688.0,9999999
58321,0,1906,8.0,5.38,285.0,212.0,6.62,277.25,3.3,5,101340.0,9999999
58321,0,1907,8.0,5.38,290.0,239.0,6.62,278.48,4.0,6,100993.0,9999999
58321,0,1908,8.3,5.27,298.0,225.0,6.62,278.68,3.7,5,101238.0,9999999
58321,0,1909,8.7,5.11,278.0,214.0,6.62,278.07,3.3,5,101482.0,9999999
58321,0,1910,9.0,5.0,207.0,186.0,6.62,279.49,3.0,6,101727.0,9999999
58321,0,1911,9.0,5.11,131.0,126.0,6.62,279.49,2.7,5,101700.0,9999999
58321,0,1912,9.0,5.27,71.0,68.0,6.62,279.49,2.3,5,101674.0,9999999
58321,0,1913,9.0,5.38,42.0,38.0,6.62,279.29,2.0,7,101647.0,9999999
58321,0,1914,9.0,5.5,18.0,15.0,6.62,278.68,2.0,5,101671.0,9999999
58321,0,1915,9.0,5.66,1.0,1.0,6.62,273.44,2.0,4,101694.0,9999999
58321,0,1916,9.0,5.78,0.0,0.0,6.62,272.36,2.0,9,101717.0,9999999
58321,0,1917,8.5,5.78,0.0,0.0,6.62,267.43,2.0,5,101716.0,9999999
58321,0,1918,8.0,5.78,0.0,0.0,6.62,265.8,2.0,6,101716.0,9999999
58321,0,1919,7.5,5.78,0.0,0.0,6.62,264.38,2.0,8,101715.0,9999999
58321,0,1920,7.0,5.78,0.0,0.0,6.62,265.09,2.0,9,101715.0,9999999
58321,0,1921,6.5,5.78,0.0,0.0,6.62,264.85,2.0,10,101714.0,9999999
58321,0,1922,6.0,5.78,0.0,0.0,6.62,263.66,2.0,11,101713.0,9999999
58321,0,1923,6.2,5.78,0.0,0.0,6.62,263.9,2.0,13,101734.0,9999999
58321,0,1924,6.3,5.78,0.0,0.0,6.62,263.66,2.0,15,101754.0,9999999
58321,0,1925,4.9,5.19,0.0,0.0,6.62,269.7,2.0,15,101774.0,9999999
58321,0,1926,6.7,5.78,0.0,0.0,6.62,265.09,2.0,2,101794.0,9999999
58321,0,1927,6.8,5.78,102.0,53.0,6.62,264.85,2.0,2,101814.0,9999999
58321,0,1928,7.0,5.78,268.0,131.0,6.62,262.93,2.0,14,101834.0,9999999
58321,0,1929,8.0,5.91,445.0,199.0,6.62,266.5,2.3,1,101830.0,9999999
58321,0,1930,9.0,6.08,610.0,239.0,6.62,267.89,2.7,16,101827.0,9999999
58321,0,1931,10.0,6.21,657.0,302.0,6.62,268.8,3.0,15,101823.0,9999999
58321,0,1932,11.0,6.34,695.0,320.0,6.62,272.14,3.3,15,101819.0,9999999
58321,0,1933,12.0,6.52,714.0,302.0,6.62,272.36,3.7,15,101815.0,9999999
58321,0,1934,13.0,6.66,602.0,279.0,6.62,272.36,4.0,16,101811.0,9999999
58321,0,1935,12.7,6.66,435.0,224.0,6.62,273.23,3.7,15,101838.0,9999999
58321,0,1936,12.3,6.66,243.0,162.0,6.62,279.49,3.3,16,101864.0,9999999
58321,0,1937,12.0,6.66,104.0,86.0,6.62,279.49,3.0,16,101890.0,9999999
58321,0,1938,11.7,6.8,29.0,27.0,6.62,280.7,3.0,1,101959.0,9999999
58321,0,1939,11.3,6.99,1.0,1.0,6.62,281.29,3.0,1,102029.0,9999999
58321,0,1940,11.0,7.14,0.0,0.0,6.62,281.1,3.0,2,102098.0,9999999
58321,0,1941,10.8,7.14,0.0,0.0,6.62,279.7,3.0,1,102121.0,9999999
58321,0,1942,10.7,7.14,0.0,0.0,6.62,280.1,3.0,16,102144.0,9999999
58321,0,1943,10.5,7.14,0.0,0.0,6.62,279.7,3.0,16,102167.0,9999999
58321,0,1944,10.3,7.14,0.0,0.0,6.62,280.7,3.0,16,102190.0,9999999
58321,0,1945,10.2,7.14,0.0,0.0,6.62,280.1,3.0,15,102213.0,9999999
58321,0,1946,10.0,7.14,0.0,0.0,6.62,279.9,3.0,16,102237.0,9999999
58321,0,1947,9.7,6.99,0.0,0.0,6.62,280.3,3.0,15,102303.0,9999999
58321,0,1948,9.3,6.8,0.0,0.0,6.62,279.49,3.0,15,102369.0,9999999
58321,0,1949,9.0,6.66,0.0,0.0,6.62,278.68,3.0,15,102435.0,9999999
58321,0,1950,7.7,6.04,0.0,0.0,6.62,278.07,4.0,15,102573.0,9999999
58321,0,1951,6.3,5.5,11.0,11.0,6.62,277.04,5.0,15,102711.0,9999999
58321,0,1952,5.0,5.0,26.0,26.0,6.62,276.41,6.0,15,102848.0,9999999
58321,0,1953,3.6,4.75,46.0,46.0,6.62,275.79,6.0,14,102898.0,9999999
58321,0,1954,3.9,4.54,98.0,98.0,6.62,275.58,6.0,14,102948.0,9999999
58321,0,1955,5.0,4.31,234.0,220.0,6.62,275.36,6.0,15,102998.0,9999999
58321,0,1956,5.7,4.09,402.0,340.0,6.62,273.44,6.0,15,102985.0,9999999
58321,0,1957,6.3,3.91,509.0,380.0,6.62,273.01,6.0,15,102973.0,9999999
58321,0,1958,7.0,2.88,561.0,334.0,6.62,271.04,6.0,15,102961.0,9999999
58321,0,1959,7.3,3.62,542.0,241.0,6.62,268.8,5.7,15,102944.0,9999999
58321,0,1960,7.7,3.51,398.0,180.0,6.62,263.66,5.3,15,102928.0,9999999
58321,0,1961,8.0,3.43,198.0,119.0,6.62,264.62,5.0,15,102912.0,9999999
58321,0,1962,7.7,3.79,56.0,40.0,6.62,264.38,5.0,14,103011.0,9999999
58321,0,1963,7.3,4.22,3.0,3.0,6.62,261.96,5.0,14,103110.0,9999999
58321,0,1964,7.0,4.65,0.0,0.0,6.62,259.97,5.0,14,103210.0,9999999
58321,0,1965,6.5,4.41,0.0,0.0,6.62,255.86,4.5,13,103231.0,9999999
58321,0,1966,6.0,3.19,0.0,0.0,6.62,253.73,4.0,13,103252.0,9999999
58321,0,1967,5.5,2.63,0.0,0.0,6.62,252.37,3.5,13,103273.0,9999999
58321,0,1968,5.0,2.25,0.0,0.0,6.62,250.99,3.0,13,103294.0,9999999
58321,0,1969,4.5,2.27,0.0,0.0,6.62,249.86,2.5,12,103315.0,9999999
58321,0,1970,4.0,2.35,0.0,0.0,6.62,248.44,2.0,11,103336.0,9999999
58321,0,1971,3.7,2.38,0.0,0.0,6.62,247.57,2.0,12,103272.0,9999999
58321,0,1972,2.5,2.36,0.0,0.0,6.62,246.1,2.0,12,103209.0,9999999
58321,0,1973,1.7,2.31,0.0,0.0,6.62,245.51,2.0,11,103145.0,9999999
58321,0,1974,3.3,2.36,0.0,0.0,6.62,244.61,2.0,11,103106.0,9999999
58321,0,1975,3.7,2.92,135.0,47.0,6.62,244.01,2.0,11,103066.0,9999999
58321,0,1976,4.0,2.7,348.0,90.0,6.62,244.91,2.0,10,103027.0,9999999
58321,0,1977,4.0,2.55,568.0,115.0,6.62,246.69,3.0,11,102937.0,9999999
58321,0,1978,7.0,2.42,750.0,131.0,6.62,249.01,4.0,11,102847.0,9999999
58321,0,1979,8.5,2.29,874.0,140.0,6.62,251.26,5.0,12,102758.0,9999999
58321,0,1980,10.0,2.16,928.0,144.0,6.62,253.73,6.0,12,102668.0,9999999
58321,0,1981,11.5,2.05,910.0,143.0,6.62,255.07,7.0,12,102579.0,9999999
58321,0,1982,13.0,2.67,820.0,137.0,6.62,256.12,8.0,14,102489.0,9999999
58321,0,1983,13.0,2.55,667.0,124.0,6.62,257.69,7.0,12,102429.0,9999999
58321,0,1984,13.0,3.35,467.0,105.0,6.62,258.45,6.0,12,102370.0,9999999
58321,0,1985,13.0,2.95,247.0,74.0,6.62,259.22,5.0,13,102310.0,9999999
58321,0,1986,12.0,4.54,71.0,30.0,6.62,259.47,4.0,11,102285.0,9999999
58321,0,1987,11.0,4.75,3.0,3.0,6.62,258.71,3.0,10,102261.0,9999999
58321,0,1988,10.0,5.0,0.0,0.0,6.62,258.2,2.0,10,102237.0,9999999
58321,0,1989,9.3,3.7,0.0,0.0,6.62,257.94,2.0,10,102212.0,9999999
58321,0,1990,8.7,4.89,0.0,0.0,6.62,257.94,2.0,10,102188.0,9999999
58321,0,1991,8.0,4.82,0.0,0.0,6.62,257.94,2.0,10,102164.0,9999999
58321,0,1992,7.3,4.79,0.0,0.0,6.62,257.94,2.0,10,102140.0,9999999
58321,0,1993,6.7,4.68,0.0,0.0,6.62,257.69,2.0,10,102116.0,9999999
58321,0,1994,6.0,4.65,0.0,0.0,6.62,257.43,2.0,8,102092.0,9999999
58321,0,1995,6.0,4.65,0.0,0.0,6.62,257.69,2.3,9,102022.0,9999999
58321,0,1996,6.0,4.65,0.0,0.0,6.62,257.43,2.7,9,101953.0,9999999
58321,0,1997,6.0,4.65,0.0,0.0,6.62,257.43,3.0,9,101883.0,9999999
58321,0,1998,6.3,4.75,0.0,0.0,6.62,257.17,2.7,8,101903.0,9999999
58321,0,1999,6.7,4.86,130.0,47.0,6.62,256.91,2.3,8,101924.0,9999999
58321,0,2000,7.0,5.0,334.0,89.0,6.62,257.69,2.0,10,101944.0,9999999
58321,0,2001,7.0,5.0,546.0,114.0,6.62,259.22,2.0,9,101944.0,9999999
58321,0,2002,12.3,5.11,724.0,130.0,6.62,261.22,2.0,9,101944.0,9999999
58321,0,2003,17.0,5.62,846.0,140.0,6.62,263.18,2.0,10,101944.0,9999999
58321,0,2004,17.2,5.46,900.0,144.0,6.62,265.09,4.0,9,101805.0,9999999
58321,0,2005,19.0,5.27,883.0,143.0,6.62,266.73,6.0,9,101666.0,9999999
58321,0,2006,17.0,4.25,796.0,136.0,6.62,267.89,8.0,8,101527.0,9999999
58321,0,2007,17.0,4.0,649.0,123.0,6.62,268.57,7.0,10,101394.0,9999999
58321,0,2008,17.0,4.0,456.0,104.0,6.62,268.8,6.0,9,101261.0,9999999
58321,0,2009,17.0,4.25,243.0,73.0,6.62,268.34,5.0,9,101128.0,9999999
58321,0,2010,16.0,6.52,71.0,30.0,6.62,267.66,6.0,8,101094.0,9999999
58321,0,2011,15.0,6.34,3.0,3.0,6.62,266.27,7.0,8,101059.0,9999999
58321,0,2012,14.0,6.21,0.0,0.0,6.62,265.09,8.0,9,101025.0,9999999
58321,0,2013,13.5,6.12,0.0,0.0,6.62,264.14,7.2,8,100998.0,9999999
58321,0,2014,13.0,6.08,0.0,0.0,6.62,263.66,6.3,8,100971.0,9999999
58321,0,2015,12.5,5.99,0.0,0.0,6.62,263.18,5.5,8,100944.0,9999999
58321,0,2016,12.0,5.91,0.0,0.0,6.62,262.93,4.7,8,100916.0,9999999
58321,0,2017,11.5,5.87,0.0,0.0,6.62,262.69,3.8,8,100889.0,9999999
58321,0,2018,11.0,5.78,0.0,0.0,6.62,262.69,3.0,9,100862.0,9999999
58321,0,2019,10.3,5.78,0.0,0.0,6.62,263.42,2.7,9,100802.0,9999999
58321,0,2020,9.7,5.78,0.0,0.0,6.62,263.42,2.3,9,100741.0,9999999
58321,0,2021,9.0,5.78,0.0,0.0,6.62,263.66,2.0,8,100680.0,9999999
58321,0,2022,10.0,5.78,0.0,0.0,6.62,263.9,2.0,9,100745.0,9999999
58321,0,2023,11.0,5.78,130.0,47.0,6.62,264.38,2.0,9,100809.0,9999999
58321,0,2024,12.0,5.78,329.0,88.0,6.62,265.56,2.0,8,100873.0,9999999
58321,0,2025,14.3,6.21,536.0,114.0,6.62,267.43,2.0,11,100949.0,9999999
58321,0,2026,16.7,6.66,708.0,130.0,6.62,269.7,2.0,12,101025.0,9999999
58321,0,2027,19.0,7.14,825.0,139.0,6.62,271.92,2.0,15,101100.0,9999999
58321,0,2028,20.3,6.8,877.0,143.0,6.62,273.87,3.3,13,101092.0,9999999
58321,0,2029,21.7,6.52,861.0,143.0,6.62,275.15,4.7,13,101083.0,9999999
58321,0,2030,23.0,6.21,779.0,136.0,6.62,275.58,6.0,15,101075.0,9999999
58321,0,2031,22.7,6.08,638.0,123.0,6.62,274.09,5.3,14,101114.0,9999999
58321,0,2032,22.3,5.91,448.0,104.0,6.62,273.66,4.7,14,101154.0,9999999
58321,0,2033,22.0,5.78,238.0,74.0,6.62,273.23,4.0,16,101193.0,9999999
58321,0,2034,16.0,6.21,70.0,30.0,6.62,272.36,3.7,16,101308.0,9999999
58321,0,2035,18.7,5.5,4.0,3.0,6.62,270.37,3.3,1,101422.0,9999999
58321,0,2036,17.0,5.38,0.0,0.0,6.62,268.34,3.0,2,101537.0,9999999
58321,0,2037,15.8,5.23,0.0,0.0,6.62,266.27,3.3,1,101595.0,9999999
58321,0,2038,14.7,5.04,0.0,0.0,6.62,263.9,3.7,2,101654.0,9999999
58321,0,2039,13.5,4.86,0.0,0.0,6.62,262.2,4.0,2,101712.0,9999999
58321,0,2040,12.3,4.65,0.0,0.0,6.62,260.97,4.3,2,101771.0,9999999
58321,0,2041,11.2,4.48,0.0,0.0,6.62,260.22,4.7,3,101829.0,9999999
58321,0,2042,10.0,4.31,0.0,0.0,6.62,259.97,5.0,4,101888.0,9999999
58321,0,2043,9.3,4.09,0.0,0.0,6.62,259.97,4.7,4,101930.0,9999999
58321,0,2044,8.7,3.91,0.0,0.0,6.62,259.22,4.3,4,101972.0,9999999
58321,0,2045,8.0,3.7,0.0,0.0,6.62,258.45,4.0,5,102015.0,9999999
58321,0,2046,8.0,3.76,0.0,0.0,6.62,257.94,3.7,5,102041.0,9999999
58321,0,2047,8.0,3.91,136.0,49.0,6.62,257.69,3.3,4,102068.0,9999999
58321,0,2048,8.0,4.0,341.0,90.0,6.62,258.2,3.0,4,102095.0,9999999
58321,0,2049,9.5,4.28,553.0,115.0,6.62,259.22,3.2,4,102045.0,9999999
58321,0,2050,11.0,4.51,730.0,131.0,6.62,260.47,3.3,4,101995.0,9999999
58321,0,2051,12.5,3.59,852.0,141.0,6.62,261.96,3.5,5,101945.0,9999999
58321,0,2052,14.0,3.88,907.0,145.0,6.62,263.42,3.7,5,101895.0,9999999
58321,0,2053,15.5,3.85,890.0,143.0,6.62,264.62,3.8,5,101846.0,9999999
58321,0,2054,17.0,4.15,802.0,137.0,6.62,265.8,4.0,5,101796.0,9999999
58321,0,2055,17.0,4.15,653.0,124.0,6.62,266.96,5.3,4,101729.0,9999999
58321,0,2056,17.0,5.5,458.0,105.0,6.62,267.66,6.7,4,101663.0,9999999
58321,0,2057,17.0,5.38,244.0,74.0,6.62,267.89,8.0,5,101597.0,9999999
58321,0,2058,16.0,5.62,72.0,30.0,6.62,268.12,7.7,4,101632.0,9999999
58321,0,2059,15.0,5.91,4.0,3.0,6.62,267.89,7.3,4,101667.0,9999999
58321,0,2060,14.0,6.25,0.0,0.0,6.62,267.89,7.0,5,101703.0,9999999
58321,0,2061,13.5,6.08,0.0,0.0,6.62,268.57,6.3,5,101696.0,9999999
58321,0,2062,13.0,5.91,0.0,0.0,6.62,269.03,5.7,5,101688.0,9999999
58321,0,2063,12.5,5.78,0.0,0.0,6.62,270.15,5.0,5,101681.0,9999999
58321,0,2064,12.0,5.66,0.0,0.0,6.62,272.14,4.3,5,101674.0,9999999
58321,0,2065,11.5,5.5,0.0,0.0,6.62,273.66,3.7,5,101667.0,9999999
58321,0,2066,11.0,5.38,0.0,0.0,6.62,273.87,3.0,5,101660.0,9999999
58321,0,2067,10.3,5.38,0.0,0.0,6.62,272.36,3.0,4,101612.0,9999999
58321,0,2068,9.7,5.42,0.0,0.0,6.62,273.66,3.0,4,101565.0,9999999
58321,0,2069,9.0,5.38,0.0,0.0,6.62,273.44,3.0,4,101518.0,9999999
58321,0,2070,9.0,4.28,0.0,0.0,6.62,274.94,2.7,4,101340.0,9999999
58321,0,2071,8.9,4.31,55.0,48.0,6.62,275.15,2.3,4,101162.0,9999999
58321,0,2072,9.2,4.48,135.0,119.0,6.62,277.04,2.0,4,100985.0,9999999
58321,0,2073,9.2,4.72,255.0,206.0,6.62,277.25,1.7,4,101181.0,9999999
58321,0,2074,9.0,5.27,418.0,254.0,6.62,277.86,1.3,4,101376.0,9999999
58321,0,2075,13.0,6.21,425.0,268.0,6.62,276.21,1.0,5,101572.0,9999999
58321,0,2076,14.0,6.34,322.0,249.0,6.62,281.49,1.3,4,101497.0,9999999
58321,0,2077,15.0,6.52,236.0,188.0,6.62,281.89,1.7,4,101422.0,9999999
58321,0,2078,16.0,6.66,147.0,130.0,6.62,282.28,2.0,3,101346.0,9999999
58321,0,2079,15.7,6.8,133.0,115.0,6.62,282.67,2.7,4,101306.0,9999999
58321,0,2080,15.3,6.99,113.0,94.0,6.62,282.67,3.3,4,101266.0,9999999
58321,0,2081,15.0,7.14,57.0,44.0,6.62,282.08,4.0,4,101226.0,9999999
58321,0,2082,14.3,7.29,15.0,14.0,6.62,281.89,3.7,3,101231.0,9999999
58321,0,2083,13.7,7.49,1.0,1.0,6.62,282.48,3.3,3,101237.0,9999999
58321,0,2084,13.0,7.65,0.0,0.0,6.62,282.87,3.0,3,101243.0,9999999
58321,0,2085,12.3,7.54,0.0,0.0,6.62,282.87,3.5,3,101251.0,9999999
58321,0,2086,11.7,7.49,0.0,0.0,6.62,281.1,4.0,3,101258.0,9999999
58321,0,2087,11.0,7.39,0.0,0.0,6.62,283.25,4.5,2,101266.0,9999999
58321,0,2088,10.3,7.29,0.0,0.0,6.62,283.25,5.0,2,101273.0,9999999
58321,0,2089,9.7,7.24,0.0,0.0,6.62,282.87,5.5,2,101281.0,9999999
58321,0,2090,9.0,7.14,0.0,0.0,6.62,282.28,6.0,3,101288.0,9999999
58321,0,2091,8.7,6.8,0.0,0.0,6.62,280.9,6.0,1,101222.0,9999999
58321,0,2092,8.3,6.52,0.0,0.0,6.62,280.3,6.0,1,101155.0,9999999
58321,0,2093,8.0,6.21,0.0,0.0,6.62,279.9,6.0,1,101088.0,9999999
58321,0,2094,8.0,6.21,0.0,0.0,6.62,279.49,5.7,1,101141.0,9999999
58321,0,2095,8.0,6.21,8.0,8.0,6.62,279.29,5.3,1,101194.0,9999999
58321,0,2096,8.0,6.21,25.0,25.0,6.62,279.29,5.0,1,101247.0,9999999
58321,0,2097,8.3,6.34,52.0,52.0,6.62,279.29,4.7,1,101291.0,9999999
58321,0,2098,8.7,6.52,83.0,81.0,6.62,279.29,4.3,16,101335.0,9999999
58321,0,2099,9.0,6.61,134.0,128.0,6.62,279.49,4.0,1,101378.0,9999999
58321,0,2100,9.0,6.61,158.0,149.0,6.62,279.7,4.0,1,101368.0,9999999
58321,0,2101,9.0,6.61,116.0,111.0,6.62,279.9,4.0,1,101358.0,9999999
58321,0,2102,9.0,6.61,64.0,64.0,6.62,279.9,4.0,16,101348.0,9999999
58321,0,2103,8.7,6.71,38.0,38.0,6.62,279.29,4.7,16,101378.0,9999999
58321,0,2104,8.3,6.66,30.0,30.0,6.62,279.09,5.3,16,101407.0,9999999
58321,0,2105,8.0,6.66,22.0,22.0,6.62,278.68,6.0,1,101437.0,9999999
58321,0,2106,8.0,6.52,10.0,10.0,6.62,278.48,5.3,1,101513.0,9999999
58321,0,2107,8.0,6.34,1.0,1.0,6.62,278.27,4.7,1,101590.0,9999999
58321,0,2108,8.0,6.21,0.0,0.0,6.62,278.27,4.0,1,101666.0,9999999
58321,0,2109,8.0,6.21,0.0,0.0,6.62,278.27,3.8,1,101694.0,9999999
58321,0,2110,8.0,6.21,0.0,0.0,6.62,278.48,3.7,16,101722.0,9999999
58321,0,2111,8.0,6.21,0.0,0.0,6.62,278.48,3.5,16,101751.0,9999999
58321,0,2112,8.0,6.21,0.0,0.0,6.62,278.48,3.3,16,101779.0,9999999
58321,0,2113,8.0,6.21,0.0,0.0,6.62,277.86,3.2,16,101807.0,9999999
58321,0,2114,8.0,6.21,0.0,0.0,6.62,277.66,3.0,1,101835.0,9999999
58321,0,2115,8.0,6.21,0.0,0.0,6.62,277.45,4.0,15,101835.0,9999999
58321,0,2116,8.0,6.21,0.0,0.0,6.62,277.45,5.0,16,101835.0,9999999
58321,0,2117,8.0,6.21,0.0,0.0,6.62,276.41,6.0,1,101835.0,9999999
58321,0,2118,8.0,6.21,0.0,0.0,6.62,273.66,4.7,1,101902.0,9999999
58321,0,2119,8.0,6.21,76.0,63.0,6.62,274.52,3.3,1,101968.0,9999999
58321,0,2120,8.0,6.21,172.0,144.0,6.62,274.3,2.0,1,102035.0,9999999
58321,0,2121,8.7,6.08,258.0,227.0,6.62,277.04,2.0,2,102055.0,9999999
58321,0,2122,9.3,5.91,380.0,319.0,6.62,277.25,2.0,2,102076.0,9999999
58321,0,2123,10.0,5.78,505.0,382.0,6.62,278.48,2.0,3,102097.0,9999999
58321,0,2124,10.7,5.91,570.0,403.0,6.62,279.7,2.0,2,102041.0,9999999
58321,0,2125,11.3,6.08,564.0,396.0,6.62,279.49,2.0,16,101986.0,9999999
58321,0,2126,12.0,6.21,456.0,330.0,6.62,279.7,2.0,1,101930.0,9999999
58321,0,2127,12.0,6.21,297.0,226.0,6.62,280.5,1.7,15,101913.0,9999999
58321,0,2128,12.0,6.21,169.0,141.0,6.62,281.49,1.3,15,101897.0,9999999
58321,0,2129,12.0,6.21,81.0,76.0,6.62,281.49,1.0,3,101880.0,9999999
58321,0,2130,11.7,6.34,23.0,22.0,6.62,280.9,0.7,16,101920.0,9999999
58321,0,2131,11.3,6.52,2.0,2.0,6.62,280.9,0.3,16,101959.0,9999999
58321,0,2132,11.0,6.66,0.0,0.0,6.62,280.5,0.0,1,101998.0,9999999
58321,0,2133,10.7,6.66,0.0,0.0,6.62,279.29,0.0,1,101986.0,9999999
58321,0,2134,10.3,6.66,0.0,0.0,6.62,278.68,0.0,1,101974.0,9999999
58321,0,2135,10.0,6.66,0.0,0.0,6.62,276.21,0.0,1,101962.0,9999999
58321,0,2136,9.7,6.66,0.0,0.0,6.62,274.52,0.0,1,101950.0,9999999
58321,0,2137,9.3,6.66,0.0,0.0,6.62,274.52,0.0,1,101938.0,9999999
58321,0,2138,9.0,6.66,0.0,0.0,6.62,271.7,0.0,10,101926.0,9999999
58321,0,2139,8.3,6.34,0.0,0.0,6.62,272.14,0.0,10,101909.0,9999999
58321,0,2140,7.7,6.08,0.0,0.0,6.62,267.66,0.0,11,101891.0,9999999
58321,0,2141,7.0,5.78,0.0,0.0,6.62,266.5,0.0,11,101874.0,9999999
58321,0,2142,7.7,6.08,0.0,0.0,6.62,265.33,0.0,12,101908.0,9999999
58321,0,2143,8.3,6.34,123.0,57.0,6.62,263.66,0.0,12,101942.0,9999999
58321,0,2144,9.0,6.66,327.0,101.0,6.62,266.96,0.0,11,101976.0,9999999
58321,0,2145,10.7,6.66,523.0,146.0,6.62,264.14,1.0,12,101965.0,9999999
58321,0,2146,12.3,6.66,631.0,181.0,6.62,266.96,2.0,13,101953.0,9999999
58321,0,2147,14.0,6.66,746.0,203.0,6.62,273.87,3.0,8,101942.0,9999999
58321,0,2148,14.7,6.66,854.0,208.0,6.62,273.66,2.0,14,101870.0,9999999
58321,0,2149,15.3,6.66,867.0,176.0,6.62,269.7,1.0,14,101797.0,9999999
58321,0,2150,16.0,6.66,796.0,157.0,6.62,269.7,0.0,13,101725.0,9999999
58321,0,2151,16.3,6.66,654.0,140.0,6.62,269.25,0.0,11,101672.0,9999999
58321,0,2152,16.7,6.66,460.0,116.0,6.62,268.8,0.0,10,101619.0,9999999
58321,0,2153,17.0,6.66,248.0,83.0,6.62,268.12,0.0,9,101567.0,9999999
58321,0,2154,14.6,7.39,77.0,33.0,6.62,267.66,1.5,7,101586.0,9999999
58321,0,2155,13.8,7.49,5.0,4.0,6.62,266.03,1.8,7,101590.0,9999999
58321,0,2156,13.0,7.54,0.0,0.0,6.62,265.09,2.0,7,101592.0,9999999
58321,0,2157,11.1,6.66,0.0,0.0,6.62,264.38,2.5,6,102075.0,9999999
58321,0,2158,9.4,5.91,0.0,0.0,6.62,263.9,2.9,5,102557.0,9999999
58321,0,2159,7.7,5.23,0.0,0.0,6.62,263.9,3.2,4,103040.0,9999999
58321,0,2160,6.2,4.61,0.0,0.0,9.5,277.66,3.6,3,103523.0,9999999
58321,0,2161,6.0,4.65,0.0,0.0,9.5,277.66,3.5,3,103523.0,9999999
58321,0,2162,5.9,4.61,0.0,0.0,9.5,277.66,3.5,2,103523.0,9999999
58321,0,2163,5.7,4.61,0.0,0.0,9.5,277.25,3.7,2,103523.0,9999999
58321,0,2164,5.6,4.58,0.0,0.0,9.5,277.04,3.8,2,103523.0,9999999
58321,0,2165,5.6,4.54,0.0,0.0,9.5,277.04,4.0,3,103523.0,9999999
58321,0,2166,5.4,4.58,0.0,0.0,9.5,276.83,3.9,3,103523.0,9999999
58321,0,2167,5.5,4.51,16.0,16.0,9.5,276.62,3.9,3,103523.0,9999999
58321,0,2168,5.6,4.48,47.0,46.0,9.5,276.83,4.3,3,103523.0,9999999
58321,0,2169,5.9,4.44,117.0,112.0,9.5,276.83,4.5,3,103523.0,9999999
58321,0,2170,6.8,4.41,161.0,150.0,9.5,277.04,4.6,4,103523.0,9999999
58321,0,2171,7.1,4.44,188.0,172.0,9.5,277.25,4.6,4,103523.0,9999999
58321,0,2172,7.7,4.58,259.0,230.0,9.5,277.04,4.4,4,103523.0,9999999
58321,0,2173,8.6,4.65,219.0,199.0,9.5,277.86,3.8,3,103523.0,9999999
58321,0,2174,8.0,4.75,97.0,96.0,9.5,277.86,3.6,2,103523.0,9999999
58321,0,2175,7.5,5.08,45.0,45.0,9.5,277.45,3.0,1,103523.0,9999999
58321,0,2176,6.8,5.15,28.0,28.0,9.5,277.25,3.4,1,103523.0,9999999
58321,0,2177,6.3,5.08,13.0,13.0,9.5,276.83,4.1,1,103523.0,9999999
58321,0,2178,5.9,4.97,4.0,4.0,9.5,276.83,3.8,1,103523.0,9999999
58321,0,2179,5.8,4.93,0.0,0.0,9.5,276.62,2.9,1,103523.0,9999999
58321,0,2180,5.7,4.97,0.0,0.0,9.5,276.41,2.2,1,103523.0,9999999
58321,0,2181,5.7,4.97,0.0,0.0,9.5,276.41,2.2,1,103523.0,9999999
58321,0,2182,5.8,5.04,0.0,0.0,9.5,276.41,2.3,2,103523.0,9999999
58321,0,2183,5.8,5.04,0.0,0.0,9.5,276.83,2.0,3,103523.0,9999999
58321,0,2184,5.8,5.11,0.0,0.0,9.5,276.83,1.5,1,103523.0,9999999
58321,0,2185,5.7,5.19,0.0,0.0,9.5,276.62,1.9,16,103523.0,9999999
58321,0,2186,5.6,5.15,0.0,0.0,9.5,276.41,2.3,16,103523.0,9999999
58321,0,2187,5.5,5.15,0.0,0.0,9.5,275.79,3.1,16,103523.0,9999999
58321,0,2188,5.3,5.11,0.0,0.0,9.5,275.58,3.0,16,103523.0,9999999
58321,0,2189,5.2,5.04,0.0,0.0,9.5,275.58,2.6,1,103523.0,9999999
58321,0,2190,4.6,4.75,0.0,0.0,9.5,274.94,2.3,1,103523.0,9999999
58321,0,2191,4.7,4.61,56.0,45.0,9.5,274.3,2.4,2,103523.0,9999999
58321,0,2192,5.3,4.54,161.0,124.0,9.5,275.15,2.0,3,103523.0,9999999
58321,0,2193,6.4,4.48,349.0,221.0,9.5,274.09,1.6,4,103523.0,9999999
58321,0,2194,8.3,4.58,587.0,265.0,9.5,274.09,1.7,6,103523.0,9999999
58321,0,2195,10.3,4.93,792.0,220.0,9.5,270.82,1.9,7,103523.0,9999999
58321,0,2196,11.7,5.34,885.0,179.0,9.5,264.38,1.9,8,103523.0,9999999
58321,0,2197,13.3,5.66,848.0,215.0,9.5,266.27,1.7,9,103523.0,9999999
58321,0,2198,13.9,5.99,749.0,240.0,9.5,271.26,1.4,9,103523.0,9999999
58321,0,2199,14.2,6.12,568.0,238.0,9.5,269.93,1.1,9,103523.0,9999999
58321,0,2200,14.2,6.12,324.0,203.0,9.5,273.66,0.9,9,103523.0,9999999
58321,0,2201,13.9,6.12,143.0,118.0,9.5,276.83,0.9,9,103523.0,9999999
58321,0,2202,12.8,6.48,45.0,40.0,9.5,278.89,0.8,8,103523.0,9999999
58321,0,2203,11.4,6.34,3.0,3.0,9.5,279.29,1.2,6,103523.0,9999999
58321,0,2204,10.9,6.21,0.0,0.0,9.5,279.09,1.5,6,103523.0,9999999
58321,0,2205,10.5,6.12,0.0,0.0,9.5,278.48,1.6,6,103523.0,9999999
58321,0,2206,10.3,6.12,0.0,0.0,9.5,279.09,1.6,6,103523.0,9999999
58321,0,2207,10.0,6.08,0.0,0.0,9.5,278.89,1.7,6,103523.0,9999999
58321,0,2208,10.0,6.16,0.0,0.0,9.5,279.49,1.4,6,103523.0,9999999
58321,0,2209,9.6,6.25,0.0,0.0,9.5,278.89,1.2,6,103523.0,9999999
58321,0,2210,9.6,6.34,0.0,0.0,9.5,279.49,1.1,7,103523.0,9999999
58321,0,2211,9.7,6.34,0.0,0.0,9.5,279.9,0.9,7,103523.0,9999999
58321,0,2212,9.5,6.34,0.0,0.0,9.5,279.7,0.7,6,103523.0,9999999
58321,0,2213,9.5,6.39,0.0,0.0,9.5,279.29,0.6,5,103523.0,9999999
58321,0,2214,9.0,6.48,0.0,0.0,9.5,279.7,1.1,5,103523.0,9999999
58321,0,2215,9.3,6.48,52.0,47.0,9.5,278.07,2.1,6,103523.0,9999999
58321,0,2216,10.4,6.61,146.0,115.0,9.5,279.09,2.3,6,103523.0,9999999
58321,0,2217,11.6,6.61,282.0,188.0,9.5,278.89,2.9,7,103523.0,9999999
58321,0,2218,12.8,6.12,359.0,249.0,9.5,279.29,3.2,7,103523.0,9999999
58321,0,2219,13.2,5.99,309.0,257.0,9.5,278.48,2.8,7,103523.0,9999999
58321,0,2220,13.1,6.08,356.0,288.0,9.5,281.49,2.3,7,103523.0,9999999
58321,0,2221,14.1,6.08,406.0,311.0,9.5,281.29,1.8,7,103523.0,9999999
58321,0,2222,14.2,6.04,309.0,260.0,9.5,281.69,1.4,7,103523.0,9999999
58321,0,2223,14.1,6.08,230.0,210.0,9.5,281.69,1.0,7,103523.0,9999999
58321,0,2224,14.3,5.82,186.0,168.0,9.5,281.49,1.1,7,103523.0,9999999
58321,0,2225,13.9,5.99,114.0,104.0,9.5,281.49,1.4,6,103523.0,9999999
58321,0,2226,13.0,6.12,31.0,30.0,9.5,281.29,1.8,5,103523.0,9999999
58321,0,2227,12.0,5.91,3.0,3.0,9.5,280.3,2.4,5,103523.0,9999999
58321,0,2228,11.4,5.74,0.0,0.0,9.5,277.86,2.7,5,103523.0,9999999
58321,0,2229,10.9,5.58,0.0,0.0,9.5,276.41,2.9,5,103523.0,9999999
58321,0,2230,10.7,5.5,0.0,0.0,9.5,276.83,2.8,5,103523.0,9999999
58321,0,2231,10.0,5.46,0.0,0.0,9.5,273.87,2.7,5,103523.0,9999999
58321,0,2232,9.6,5.46,0.0,0.0,9.5,273.66,2.5,5,103523.0,9999999
58321,0,2233,9.4,5.46,0.0,0.0,9.5,274.52,2.4,5,103523.0,9999999
58321,0,2234,9.2,5.46,0.0,0.0,9.5,274.52,2.5,5,103523.0,9999999
58321,0,2235,8.8,5.54,0.0,0.0,9.5,273.87,2.7,5,103523.0,9999999
58321,0,2236,8.1,5.5,0.0,0.0,9.5,271.04,2.7,6,103523.0,9999999
58321,0,2237,7.7,5.58,0.0,0.0,9.5,268.8,2.6,6,103523.0,9999999
58321,0,2238,7.5,5.58,0.0,0.0,9.5,267.66,2.4,5,103523.0,9999999
58321,0,2239,8.7,5.78,144.0,55.0,9.5,265.09,3.2,5,103523.0,9999999
58321,0,2240,11.1,6.08,340.0,100.0,9.5,267.2,3.1,5,103523.0,9999999
58321,0,2241,13.1,6.39,531.0,128.0,9.5,267.66,3.1,5,103523.0,9999999
58321,0,2242,14.8,6.61,706.0,141.0,9.5,269.7,3.0,5,103523.0,9999999
58321,0,2243,16.5,6.66,801.0,171.0,9.5,269.7,2.8,6,103523.0,9999999
58321,0,2244,17.7,6.52,818.0,217.0,9.5,275.36,2.9,7,103523.0,9999999
58321,0,2245,18.6,6.61,754.0,264.0,9.5,276.62,2.4,7,103523.0,9999999
58321,0,2246,19.1,6.71,568.0,298.0,9.5,280.5,1.8,7,103523.0,9999999
58321,0,2247,19.5,6.75,452.0,262.0,9.5,282.67,1.9,7,103523.0,9999999
58321,0,2248,19.6,6.8,325.0,189.0,9.5,281.49,1.6,6,103523.0,9999999
58321,0,2249,19.2,7.49,157.0,111.0,9.5,284.79,1.8,5,103523.0,9999999
58321,0,2250,16.6,7.75,58.0,37.0,9.5,279.29,2.1,4,103523.0,9999999
58321,0,2251,14.0,7.19,5.0,4.0,9.5,273.23,2.6,4,103523.0,9999999
58321,0,2252,13.1,7.04,0.0,0.0,9.5,272.8,2.6,4,103523.0,9999999
58321,0,2253,12.3,6.85,0.0,0.0,9.5,271.7,2.8,4,103523.0,9999999
58321,0,2254,12.2,6.8,0.0,0.0,9.5,273.01,3.2,4,103523.0,9999999
58321,0,2255,11.9,6.66,0.0,0.0,9.5,272.8,3.6,5,103523.0,9999999
58321,0,2256,11.4,6.66,0.0,0.0,9.5,270.37,3.8,5,103523.0,9999999
58321,0,2257,10.8,6.66,0.0,0.0,9.5,269.25,3.7,5,103523.0,9999999
58321,0,2258,10.4,6.61,0.0,0.0,9.5,271.04,3.5,5,103523.0,9999999
58321,0,2259,10.1,6.66,0.0,0.0,9.5,268.12,3.2,5,103523.0,9999999
58321,0,2260,9.7,6.66,0.0,0.0,9.5,269.03,3.3,5,103523.0,9999999
58321,0,2261,9.2,6.66,0.0,0.0,9.5,267.89,3.5,5,103523.0,9999999
58321,0,2262,9.1,6.75,0.0,0.0,9.5,270.15,3.8,5,103523.0,9999999
58321,0,2263,10.2,6.94,131.0,55.0,9.5,270.6,4.1,5,103523.0,9999999
58321,0,2264,12.1,7.29,274.0,114.0,9.5,275.15,4.1,5,103523.0,9999999
58321,0,2265,13.9,7.75,426.0,169.0,9.5,277.86,3.9,5,103523.0,9999999
58321,0,2266,16.0,8.24,545.0,219.0,9.5,278.68,3.6,5,103523.0,9999999
58321,0,2267,17.6,8.75,634.0,243.0,9.5,279.9,3.5,5,103523.0,9999999
58321,0,2268,19.1,9.11,735.0,242.0,9.5,278.48,3.4,5,103523.0,9999999
58321,0,2269,20.5,9.67,789.0,205.0,9.5,280.1,3.3,5,103523.0,9999999
58321,0,2270,21.5,9.93,688.0,173.0,9.5,278.48,3.2,5,103523.0,9999999
58321,0,2271,21.7,10.06,539.0,160.0,9.5,280.9,3.3,5,103523.0,9999999
58321,0,2272,21.5,10.26,399.0,127.0,9.5,282.28,3.5,5,103523.0,9999999
58321,0,2273,20.9,10.46,206.0,83.0,9.5,281.29,3.4,4,103523.0,9999999
58321,0,2274,19.0,10.33,60.0,31.0,9.5,280.3,2.9,4,103523.0,9999999
58321,0,2275,17.4,10.19,5.0,3.0,9.5,280.1,3.3,4,103523.0,9999999
58321,0,2276,16.9,10.13,0.0,0.0,9.5,280.1,3.9,4,103523.0,9999999
58321,0,2277,16.3,9.93,0.0,0.0,9.5,278.48,4.1,4,103523.0,9999999
58321,0,2278,16.0,9.74,0.0,0.0,9.5,280.7,4.3,4,103523.0,9999999
58321,0,2279,15.4,9.48,0.0,0.0,9.5,279.7,4.6,4,103523.0,9999999
58321,0,2280,14.9,9.11,0.0,0.0,9.5,280.3,4.9,4,103523.0,9999999
58321,0,2281,14.6,8.81,0.0,0.0,9.5,282.28,5.1,4,103523.0,9999999
58321,0,2282,14.2,8.58,0.0,0.0,9.5,283.06,4.9,4,103523.0,9999999
58321,0,2283,13.7,8.3,0.0,0.0,9.5,283.45,4.7,4,103523.0,9999999
58321,0,2284,13.0,8.13,0.0,0.0,9.5,282.28,4.4,4,103523.0,9999999
58321,0,2285,12.4,8.07,0.0,0.0,9.5,278.68,4.1,4,103523.0,9999999
58321,0,2286,12.4,8.07,0.0,0.0,9.5,282.28,4.0,4,103523.0,9999999
58321,0,2287,12.7,8.3,94.0,63.0,9.5,278.89,3.8,4,103523.0,9999999
58321,0,2288,13.8,8.81,237.0,132.0,9.5,281.69,3.7,4,103523.0,9999999
58321,0,2289,15.4,9.29,422.0,198.0,9.5,279.7,4.3,4,103523.0,9999999
58321,0,2290,17.7,9.99,594.0,222.0,9.5,281.29,4.3,4,103523.0,9999999
58321,0,2291,19.7,10.46,621.0,203.0,9.5,282.48,4.6,4,103523.0,9999999
58321,0,2292,20.3,10.88,616.0,197.0,9.5,282.67,4.9,4,103523.0,9999999
58321,0,2293,21.4,11.17,692.0,185.0,9.5,283.84,5.1,5,103523.0,9999999
58321,0,2294,22.6,11.68,675.0,161.0,9.5,283.64,5.1,5,103523.0,9999999
58321,0,2295,23.0,11.91,549.0,135.0,9.5,284.03,5.2,5,103523.0,9999999
58321,0,2296,22.9,12.07,397.0,112.0,9.5,283.84,5.4,5,103523.0,9999999
58321,0,2297,22.1,12.14,227.0,81.0,9.5,282.48,5.1,5,103523.0,9999999
58321,0,2298,19.8,11.46,70.0,32.0,9.5,281.69,4.5,5,103523.0,9999999
58321,0,2299,18.5,11.02,5.0,4.0,9.5,280.9,4.3,5,103523.0,9999999
58321,0,2300,18.0,10.88,0.0,0.0,9.5,281.29,4.3,5,103523.0,9999999
58321,0,2301,17.8,10.6,0.0,0.0,9.5,282.28,4.4,5,103523.0,9999999
58321,0,2302,17.3,10.26,0.0,0.0,9.5,282.87,4.5,5,103523.0,9999999
58321,0,2303,16.4,9.93,0.0,0.0,9.5,280.5,4.4,5,103523.0,9999999
58321,0,2304,15.9,9.61,0.0,0.0,9.5,280.7,4.4,5,103523.0,9999999
58321,0,2305,15.5,9.42,0.0,0.0,9.5,279.7,4.4,5,103523.0,9999999
58321,0,2306,15.2,9.36,0.0,0.0,9.5,279.49,4.4,5,103523.0,9999999
58321,0,2307,14.9,9.23,0.0,0.0,9.5,280.9,4.2,5,103523.0,9999999
58321,0,2308,14.8,9.11,0.0,0.0,9.5,280.9,4.2,6,103523.0,9999999
58321,0,2309,14.8,9.11,0.0,0.0,9.5,281.49,4.2,6,103523.0,9999999
58321,0,2310,15.1,9.11,0.0,0.0,9.5,281.49,4.2,6,103523.0,9999999
58321,0,2311,15.7,9.29,97.0,80.0,9.5,279.9,4.2,6,103523.0,9999999
58321,0,2312,17.5,9.74,196.0,159.0,9.5,281.69,4.2,6,103523.0,9999999
58321,0,2313,18.8,10.46,241.0,194.0,9.5,283.25,4.2,7,103523.0,9999999
58321,0,2314,19.2,11.17,237.0,200.0,9.5,284.22,3.8,7,103523.0,9999999
58321,0,2315,19.5,11.91,270.0,216.0,9.5,285.55,3.6,7,103523.0,9999999
58321,0,2316,20.3,12.22,261.0,204.0,9.5,286.31,3.6,7,103523.0,9999999
58321,0,2317,19.7,12.22,169.0,147.0,9.5,287.8,4.1,7,103523.0,9999999
58321,0,2318,18.8,11.83,139.0,113.0,9.5,288.54,3.9,7,103523.0,9999999
58321,0,2319,18.6,11.68,114.0,94.0,9.5,289.27,4.2,6,103523.0,9999999
58321,0,2320,18.5,11.61,53.0,50.0,9.5,289.09,4.4,6,103523.0,9999999
58321,0,2321,18.8,11.53,21.0,20.0,9.5,288.72,4.4,6,103523.0,9999999
58321,0,2322,18.0,11.76,8.0,8.0,9.5,288.35,4.0,6,103523.0,9999999
58321,0,2323,17.9,11.68,1.0,1.0,9.5,288.17,4.1,6,103523.0,9999999
58321,0,2324,17.8,11.61,0.0,0.0,9.5,287.99,4.1,6,103523.0,9999999
58321,0,2325,17.7,11.68,0.0,0.0,9.5,287.62,3.8,6,103523.0,9999999
58321,0,2326,17.5,11.53,0.0,0.0,9.5,285.74,3.5,7,103523.0,9999999
58321,0,2327,17.4,11.46,0.0,0.0,9.5,285.55,3.3,7,103523.0,9999999
58321,0,2328,17.2,11.31,0.0,0.0,9.5,284.22,2.8,6,103523.0,9999999
58321,0,2329,17.2,11.31,0.0,0.0,9.5,286.31,2.4,6,103523.0,9999999
58321,0,2330,17.0,11.17,0.0,0.0,9.5,286.12,2.7,6,103523.0,9999999
58321,0,2331,17.1,11.24,0.0,0.0,9.5,288.72,2.3,7,103523.0,9999999
58321,0,2332,17.1,11.24,0.0,0.0,9.5,288.72,0.6,9,103523.0,9999999
58321,0,2333,17.0,11.09,0.0,0.0,9.5,288.54,1.7,13,103523.0,9999999
58321,0,2334,15.4,10.74,0.0,0.0,9.5,286.87,3.5,14,103523.0,9999999
58321,0,2335,14.1,9.86,33.0,32.0,9.5,286.31,4.7,14,103523.0,9999999
58321,0,2336,12.7,8.99,63.0,62.0,9.5,286.31,5.1,14,103523.0,9999999
58321,0,2337,11.7,8.35,84.0,83.0,9.5,284.99,5.1,14,103523.0,9999999
58321,0,2338,11.1,7.91,93.0,93.0,9.5,284.22,5.1,14,103523.0,9999999
58321,0,2339,10.9,7.8,85.0,85.0,9.5,283.84,5.3,14,103523.0,9999999
58321,0,2340,10.8,7.65,61.0,61.0,9.5,283.25,5.2,14,103523.0,9999999
58321,0,2341,10.6,7.49,55.0,55.0,9.5,282.87,5.2,15,103523.0,9999999
58321,0,2342,10.6,7.44,56.0,56.0,9.5,282.48,5.2,15,103523.0,9999999
58321,0,2343,10.5,7.34,52.0,52.0,9.5,281.1,5.1,15,103523.0,9999999
58321,0,2344,10.3,7.24,40.0,40.0,9.5,280.7,4.9,15,103523.0,9999999
58321,0,2345,10.0,7.19,20.0,20.0,9.5,280.7,4.9,15,103523.0,9999999
58321,0,2346,9.0,6.39,6.0,6.0,9.5,280.3,4.8,15,103523.0,9999999
58321,0,2347,8.9,6.3,1.0,1.0,9.5,280.1,4.5,15,103523.0,9999999
58321,0,2348,8.9,6.3,0.0,0.0,9.5,279.9,4.0,15,103523.0,9999999
58321,0,2349,8.9,6.25,0.0,0.0,9.5,279.9,3.8,15,103523.0,9999999
58321,0,2350,9.0,6.16,0.0,0.0,9.5,279.7,3.6,15,103523.0,9999999
58321,0,2351,9.0,6.16,0.0,0.0,9.5,279.7,3.6,15,103523.0,9999999
58321,0,2352,8.9,6.08,0.0,0.0,9.5,279.49,3.8,14,103523.0,9999999
58321,0,2353,8.9,6.08,0.0,0.0,9.5,279.29,3.9,14,103523.0,9999999
58321,0,2354,8.8,6.04,0.0,0.0,9.5,279.29,4.2,14,103523.0,9999999
58321,0,2355,8.7,5.91,0.0,0.0,9.5,278.27,4.2,14,103523.0,9999999
58321,0,2356,8.6,5.87,0.0,0.0,9.5,278.07,4.2,14,103523.0,9999999
58321,0,2357,8.4,5.74,0.0,0.0,9.5,277.66,4.2,14,103523.0,9999999
58321,0,2358,7.4,5.19,0.0,0.0,9.5,277.04,4.0,15,103523.0,9999999
58321,0,2359,7.5,5.04,51.0,50.0,9.5,277.45,3.6,15,103523.0,9999999
58321,0,2360,7.9,4.97,144.0,133.0,9.5,277.45,3.7,15,103523.0,9999999
58321,0,2361,8.7,5.08,264.0,231.0,9.5,276.83,3.7,15,103523.0,9999999
58321,0,2362,9.6,5.15,377.0,307.0,9.5,276.21,3.7,15,103523.0,9999999
58321,0,2363,10.7,5.3,514.0,368.0,9.5,278.07,3.7,15,103523.0,9999999
58321,0,2364,11.9,5.54,608.0,395.0,9.5,278.89,3.8,15,103523.0,9999999
58321,0,2365,12.9,5.7,541.0,376.0,9.5,278.68,3.7,15,103523.0,9999999
58321,0,2366,13.1,5.78,426.0,333.0,9.5,280.5,3.5,15,103523.0,9999999
58321,0,2367,13.2,5.74,317.0,264.0,9.5,281.49,3.1,16,103523.0,9999999
58321,0,2368,13.1,5.78,181.0,166.0,9.5,281.49,2.9,16,103523.0,9999999
58321,0,2369,12.7,5.7,86.0,82.0,9.5,281.89,2.7,16,103523.0,9999999
58321,0,2370,12.7,6.21,28.0,27.0,9.5,281.1,2.0,1,103523.0,9999999
58321,0,2371,11.9,6.12,2.0,2.0,9.5,280.3,1.7,1,103523.0,9999999
58321,0,2372,11.7,6.21,0.0,0.0,9.5,281.29,1.5,2,103523.0,9999999
58321,0,2373,11.3,6.21,0.0,0.0,9.5,279.9,1.6,2,103523.0,9999999
58321,0,2374,10.9,6.3,0.0,0.0,9.5,278.89,1.9,3,103523.0,9999999
58321,0,2375,10.8,6.3,0.0,0.0,9.5,280.3,2.0,3,103523.0,9999999
58321,0,2376,10.6,6.3,0.0,0.0,9.5,280.1,2.0,3,103523.0,9999999
58321,0,2377,10.4,6.34,0.0,0.0,9.5,279.49,1.9,4,103523.0,9999999
58321,0,2378,10.2,6.34,0.0,0.0,9.5,279.9,1.9,4,103523.0,9999999
58321,0,2379,10.1,6.34,0.0,0.0,9.5,278.27,1.8,4,103523.0,9999999
58321,0,2380,9.7,6.3,0.0,0.0,9.5,278.48,1.9,4,103523.0,9999999
58321,0,2381,9.6,6.3,0.0,0.0,9.5,279.49,2.2,4,103523.0,9999999
58321,0,2382,9.5,6.25,0.0,0.0,9.5,278.89,2.4,4,103523.0,9999999
58321,0,2383,10.0,6.25,93.0,62.0,9.5,277.86,2.8,5,103523.0,9999999
58321,0,2384,10.9,6.04,219.0,140.0,9.5,277.45,3.4,5,103523.0,9999999
58321,0,2385,11.8,5.82,312.0,222.0,9.5,277.25,3.3,5,103523.0,9999999
58321,0,2386,12.3,5.82,359.0,292.0,9.5,278.68,3.0,6,103523.0,9999999
58321,0,2387,12.8,5.95,334.0,289.0,9.5,280.3,2.7,6,103523.0,9999999
58321,0,2388,12.8,5.95,252.0,228.0,9.5,281.29,2.6,5,103523.0,9999999
58321,0,2389,12.8,6.04,247.0,223.0,9.5,281.69,2.6,5,103523.0,9999999
58321,0,2390,13.2,6.12,223.0,203.0,9.5,281.89,2.5,5,103523.0,9999999
58321,0,2391,13.2,6.12,158.0,144.0,9.5,281.89,2.3,5,103523.0,9999999
58321,0,2392,13.1,6.08,105.0,95.0,9.5,282.08,2.0,5,103523.0,9999999
58321,0,2393,12.9,6.39,48.0,48.0,9.5,281.89,1.2,5,103523.0,9999999
58321,0,2394,12.5,6.85,16.0,16.0,9.5,282.08,0.7,4,103523.0,9999999
58321,0,2395,11.6,6.9,1.0,1.0,9.5,281.89,0.6,2,103523.0,9999999
58321,0,2396,11.0,6.94,0.0,0.0,9.5,281.1,1.7,3,103523.0,9999999
58321,0,2397,10.7,7.04,0.0,0.0,9.5,280.7,1.5,3,103523.0,9999999
58321,0,2398,10.6,7.19,0.0,0.0,9.5,280.7,1.2,2,103523.0,9999999
58321,0,2399,10.6,7.24,0.0,0.0,9.5,280.7,0.9,1,103523.0,9999999
58321,0,2400,10.6,7.24,0.0,0.0,9.5,280.7,0.9,2,103523.0,9999999
58321,0,2401,10.6,7.24,0.0,0.0,9.5,280.9,1.0,2,103523.0,9999999
58321,0,2402,10.5,7.24,0.0,0.0,9.5,280.1,0.7,16,103523.0,9999999
58321,0,2403,10.2,7.19,0.0,0.0,9.5,279.49,1.4,15,103523.0,9999999
58321,0,2404,10.2,7.24,0.0,0.0,9.5,280.3,1.5,15,103523.0,9999999
58321,0,2405,10.1,7.19,0.0,0.0,9.5,280.3,1.5,16,103523.0,9999999
58321,0,2406,9.9,7.04,0.0,0.0,9.5,280.3,1.1,16,103523.0,9999999
58321,0,2407,10.4,7.24,107.0,79.0,9.5,278.48,0.9,1,103523.0,9999999
58321,0,2408,11.8,7.44,261.0,175.0,9.5,276.62,1.1,15,103523.0,9999999
58321,0,2409,13.3,7.34,430.0,236.0,9.5,277.66,1.5,15,103523.0,9999999
58321,0,2410,14.5,7.29,587.0,276.0,9.5,276.21,1.4,15,103523.0,9999999
58321,0,2411,15.8,7.39,674.0,302.0,9.5,279.09,1.3,14,103523.0,9999999
58321,0,2412,16.6,7.39,703.0,320.0,9.5,277.25,1.3,13,103523.0,9999999
58321,0,2413,17.5,7.09,628.0,362.0,9.5,280.9,1.9,14,103523.0,9999999
58321,0,2414,17.9,7.14,448.0,344.0,9.5,284.79,2.1,14,103523.0,9999999
58321,0,2415,18.2,7.04,353.0,283.0,9.5,284.6,1.4,14,103523.0,9999999
58321,0,2416,18.1,7.09,262.0,207.0,9.5,282.87,0.9,15,103523.0,9999999
58321,0,2417,17.9,7.14,113.0,99.0,9.5,283.84,0.6,16,103523.0,9999999
58321,0,2418,16.5,8.41,28.0,26.0,9.5,284.79,0.7,16,103523.0,9999999
58321,0,2419,15.3,7.8,3.0,3.0,9.5,284.41,0.8,4,103523.0,9999999
58321,0,2420,14.9,7.49,0.0,0.0,9.5,283.84,1.1,5,103523.0,9999999
58321,0,2421,14.7,7.39,0.0,0.0,9.5,283.84,1.4,5,103523.0,9999999
58321,0,2422,13.5,7.39,0.0,0.0,9.5,279.9,1.6,6,103523.0,9999999
58321,0,2423,12.3,7.29,0.0,0.0,9.5,275.15,2.0,7,103523.0,9999999
58321,0,2424,11.7,7.24,0.0,0.0,9.5,273.01,1.7,8,103523.0,9999999
58321,0,2425,11.6,7.34,0.0,0.0,9.5,274.52,1.7,8,103523.0,9999999
58321,0,2426,11.0,7.29,0.0,0.0,9.5,273.66,1.6,8,103523.0,9999999
58321,0,2427,12.0,7.49,0.0,0.0,9.5,274.52,2.0,8,103523.0,9999999
58321,0,2428,11.5,7.49,0.0,0.0,9.5,273.66,2.4,8,103523.0,9999999
58321,0,2429,11.2,7.54,0.0,0.0,9.5,269.7,2.5,8,103523.0,9999999
58321,0,2430,9.0,6.61,0.0,0.0,9.5,267.66,2.5,8,103523.0,9999999
58321,0,2431,11.9,7.65,180.0,62.0,9.5,267.2,1.9,8,103523.0,9999999
58321,0,2432,15.1,8.35,371.0,118.0,9.5,268.57,1.3,8,103523.0,9999999
58321,0,2433,17.0,8.07,566.0,154.0,9.5,272.14,1.2,9,103523.0,9999999
58321,0,2434,18.2,7.54,680.0,188.0,9.5,272.14,0.7,11,103523.0,9999999
58321,0,2435,19.0,7.09,663.0,255.0,9.5,276.83,0.6,11,103523.0,9999999
58321,0,2436,19.5,7.19,624.0,319.0,9.5,282.48,0.6,11,103523.0,9999999
58321,0,2437,19.9,7.09,668.0,338.0,9.5,282.67,0.5,10,103523.0,9999999
58321,0,2438,20.5,7.04,663.0,288.0,9.5,282.08,0.4,10,103523.0,9999999
58321,0,2439,20.7,7.14,553.0,204.0,9.5,278.89,0.5,11,103523.0,9999999
58321,0,2440,20.6,7.09,434.0,135.0,9.5,279.7,0.5,10,103523.0,9999999
58321,0,2441,20.2,7.19,266.0,85.0,9.5,274.52,0.5,8,103523.0,9999999
58321,0,2442,17.9,8.58,91.0,37.0,9.5,271.7,1.0,6,103523.0,9999999
58321,0,2443,14.2,7.54,8.0,6.0,9.5,270.37,2.1,6,103523.0,9999999
58321,0,2444,13.4,7.54,0.0,0.0,9.5,269.25,2.2,6,103523.0,9999999
58321,0,2445,12.8,7.49,0.0,0.0,9.5,268.57,2.5,6,103523.0,9999999
58321,0,2446,12.2,7.54,0.0,0.0,9.5,267.66,2.6,7,103523.0,9999999
58321,0,2447,11.9,7.44,0.0,0.0,9.5,267.43,2.8,7,103523.0,9999999
58321,0,2448,11.7,7.39,0.0,0.0,9.5,267.89,2.9,7,103523.0,9999999
58321,0,2449,11.5,7.34,0.0,0.0,9.5,268.57,2.5,7,103523.0,9999999
58321,0,2450,11.1,7.19,0.0,0.0,9.5,269.25,2.3,7,103523.0,9999999
58321,0,2451,10.7,7.09,0.0,0.0,9.5,266.5,2.2,7,103523.0,9999999
58321,0,2452,10.6,7.14,0.0,0.0,9.5,266.03,2.1,7,103523.0,9999999
58321,0,2453,10.3,6.99,0.0,0.0,9.5,265.8,2.1,7,103523.0,9999999
58321,0,2454,9.4,6.66,0.0,0.0,9.5,265.56,2.2,7,103523.0,9999999
58321,0,2455,12.1,7.49,190.0,62.0,9.5,266.03,2.5,7,103523.0,9999999
58321,0,2456,15.3,8.24,399.0,98.0,9.5,267.2,2.0,8,103523.0,9999999
58321,0,2457,18.0,8.75,576.0,156.0,9.5,269.25,2.1,8,103523.0,9999999
58321,0,2458,19.7,8.87,692.0,242.0,9.5,273.01,2.0,9,103523.0,9999999
58321,0,2459,21.0,8.7,807.0,259.0,9.5,276.83,1.5,9,103523.0,9999999
58321,0,2460,21.8,8.35,894.0,207.0,9.5,276.41,1.1,9,103523.0,9999999
58321,0,2461,22.4,8.13,879.0,166.0,9.5,276.21,0.9,9,103523.0,9999999
58321,0,2462,22.6,8.07,794.0,156.0,9.5,276.0,1.1,8,103523.0,9999999
58321,0,2463,22.6,8.07,646.0,173.0,9.5,277.45,1.2,8,103523.0,9999999
58321,0,2464,22.3,7.91,444.0,169.0,9.5,277.04,1.5,7,103523.0,9999999
58321,0,2465,21.3,8.99,245.0,116.0,9.5,277.66,1.4,7,103523.0,9999999
58321,0,2466,19.2,9.74,82.0,47.0,9.5,275.79,1.8,7,103523.0,9999999
58321,0,2467,16.3,8.58,8.0,7.0,9.5,274.52,2.2,6,103523.0,9999999
58321,0,2468,15.4,8.18,0.0,0.0,9.5,273.44,2.3,6,103523.0,9999999
58321,0,2469,14.9,8.07,0.0,0.0,9.5,274.09,2.5,7,103523.0,9999999
58321,0,2470,14.3,8.02,0.0,0.0,9.5,273.44,2.5,7,103523.0,9999999
58321,0,2471,14.1,8.02,0.0,0.0,9.5,274.09,2.5,7,103523.0,9999999
58321,0,2472,13.8,8.13,0.0,0.0,9.5,273.44,2.4,7,103523.0,9999999
58321,0,2473,13.3,8.07,0.0,0.0,9.5,272.58,2.3,7,103523.0,9999999
58321,0,2474,13.3,8.07,0.0,0.0,9.5,273.66,2.2,7,103523.0,9999999
58321,0,2475,13.0,8.02,0.0,0.0,9.5,271.92,2.1,7,103523.0,9999999
58321,0,2476,12.4,7.91,0.0,0.0,9.5,270.82,2.1,7,103523.0,9999999
58321,0,2477,12.1,7.8,0.0,0.0,9.5,269.7,2.2,7,103523.0,9999999
58321,0,2478,10.9,7.39,46.0,21.0,9.5,269.25,2.3,7,103523.0,9999999
58321,0,2479,13.7,8.3,190.0,63.0,9.5,269.48,2.3,7,103523.0,9999999
58321,0,2480,16.8,9.17,398.0,97.0,9.5,270.6,1.5,8,103523.0,9999999
58321,0,2481,19.5,9.74,600.0,120.0,9.5,272.36,1.5,8,103523.0,9999999
58321,0,2482,21.4,9.86,764.0,138.0,9.5,274.3,1.8,8,103523.0,9999999
58321,0,2483,22.8,9.86,875.0,149.0,9.5,275.79,2.4,8,103523.0,9999999
58321,0,2484,23.8,9.54,923.0,151.0,9.5,277.04,2.8,8,103523.0,9999999
58321,0,2485,24.4,9.74,906.0,144.0,9.5,277.66,3.0,8,103523.0,9999999
58321,0,2486,24.8,9.54,820.0,137.0,9.5,278.07,3.3,8,103523.0,9999999
58321,0,2487,24.8,9.61,672.0,126.0,9.5,278.48,3.9,8,103523.0,9999999
58321,0,2488,24.5,9.61,481.0,107.0,9.5,278.48,4.1,8,103523.0,9999999
58321,0,2489,23.8,10.67,271.0,79.0,9.5,278.68,3.4,8,103523.0,9999999
58321,0,2490,21.5,10.6,91.0,37.0,9.5,278.27,3.6,8,103523.0,9999999
58321,0,2491,19.4,10.13,9.0,6.0,9.5,277.25,3.6,8,103523.0,9999999
58321,0,2492,18.4,9.93,0.0,0.0,9.5,276.21,3.7,8,103523.0,9999999
58321,0,2493,17.9,9.86,0.0,0.0,9.5,277.86,3.5,9,103523.0,9999999
58321,0,2494,17.4,9.8,0.0,0.0,9.5,278.48,3.1,10,103523.0,9999999
58321,0,2495,16.5,9.74,0.0,0.0,9.5,276.41,2.8,10,103523.0,9999999
58321,0,2496,15.8,9.61,0.0,0.0,9.5,275.79,2.4,11,103523.0,9999999
58321,0,2497,15.1,9.54,0.0,0.0,9.5,274.94,2.2,11,103523.0,9999999
58321,0,2498,14.7,9.42,0.0,0.0,9.5,274.52,2.3,10,103523.0,9999999
58321,0,2499,14.4,9.17,0.0,0.0,9.5,273.01,2.5,10,103523.0,9999999
58321,0,2500,14.0,9.11,0.0,0.0,9.5,272.58,2.5,10,103523.0,9999999
58321,0,2501,13.6,8.93,0.0,0.0,9.5,272.8,2.3,10,103523.0,9999999
58321,0,2502,13.4,8.87,39.0,28.0,9.5,273.23,2.3,10,103523.0,9999999
58321,0,2503,15.5,9.61,157.0,93.0,9.5,275.36,2.8,9,103523.0,9999999
58321,0,2504,18.1,10.4,349.0,153.0,9.5,276.83,2.7,10,103523.0,9999999
58321,0,2505,20.7,10.81,552.0,198.0,9.5,277.25,3.1,10,103523.0,9999999
58321,0,2506,22.9,11.17,729.0,209.0,9.5,279.09,3.6,11,103523.0,9999999
58321,0,2507,24.9,11.39,868.0,175.0,9.5,279.09,4.0,11,103523.0,9999999
58321,0,2508,26.2,11.53,932.0,150.0,9.5,279.29,4.4,12,103523.0,9999999
58321,0,2509,27.1,10.95,914.0,143.0,9.5,279.7,4.5,12,103523.0,9999999
58321,0,2510,27.4,10.74,826.0,137.0,9.5,280.1,4.6,12,103523.0,9999999
58321,0,2511,27.3,10.19,679.0,125.0,9.5,280.9,4.6,12,103523.0,9999999
58321,0,2512,26.9,10.6,489.0,108.0,9.5,280.5,4.2,12,103523.0,9999999
58321,0,2513,25.8,11.39,277.0,80.0,9.5,280.1,3.3,11,103523.0,9999999
58321,0,2514,23.6,11.68,95.0,38.0,9.5,279.09,2.8,11,103523.0,9999999
58321,0,2515,21.0,10.74,10.0,6.0,9.5,277.45,2.9,10,103523.0,9999999
58321,0,2516,20.3,10.46,0.0,0.0,9.5,276.41,3.2,10,103523.0,9999999
58321,0,2517,20.0,10.26,0.0,0.0,9.5,276.41,3.5,10,103523.0,9999999
58321,0,2518,19.7,10.19,0.0,0.0,9.5,276.0,3.7,10,103523.0,9999999
58321,0,2519,19.2,10.26,0.0,0.0,9.5,275.15,3.8,10,103523.0,9999999
58321,0,2520,18.6,10.33,0.0,0.0,9.5,274.09,3.8,10,103523.0,9999999
58321,0,2521,18.3,10.4,0.0,0.0,9.5,273.66,3.7,10,103523.0,9999999
58321,0,2522,18.0,10.67,0.0,0.0,9.5,273.66,3.5,10,103523.0,9999999
58321,0,2523,17.7,10.74,0.0,0.0,9.5,273.44,3.3,10,103523.0,9999999
58321,0,2524,17.3,10.53,0.0,0.0,9.5,273.23,3.1,10,103523.0,9999999
58321,0,2525,16.9,10.26,0.0,0.0,9.5,272.58,3.0,10,103523.0,9999999
58321,0,2526,15.9,9.67,50.0,23.0,9.5,271.92,2.7,9,103523.0,9999999
58321,0,2527,17.8,9.93,203.0,65.0,9.5,271.48,3.0,9,103523.0,9999999
58321,0,2528,20.7,10.6,416.0,99.0,9.5,272.14,3.0,9,103523.0,9999999
58321,0,2529,23.5,10.88,623.0,119.0,9.5,273.44,3.2,9,103523.0,9999999
58321,0,2530,25.9,10.88,788.0,138.0,9.5,275.15,3.7,9,103523.0,9999999
58321,0,2531,27.7,11.17,875.0,188.0,9.5,277.45,4.1,9,103523.0,9999999
58321,0,2532,28.8,11.17,889.0,249.0,9.5,280.7,4.5,9,103523.0,9999999
58321,0,2533,29.4,11.02,824.0,292.0,9.5,283.06,4.7,10,103523.0,9999999
58321,0,2534,29.4,11.02,715.0,286.0,9.5,284.6,4.8,10,103523.0,9999999
58321,0,2535,29.2,11.39,559.0,256.0,9.5,284.6,4.5,10,103523.0,9999999
58321,0,2536,27.6,12.07,350.0,216.0,9.5,286.5,3.5,10,103523.0,9999999
58321,0,2537,25.1,12.22,167.0,129.0,9.5,286.31,2.9,10,103523.0,9999999
58321,0,2538,24.2,12.3,49.0,45.0,9.5,286.31,2.7,9,103523.0,9999999
58321,0,2539,22.4,11.53,7.0,6.0,9.5,284.79,2.6,9,103523.0,9999999
58321,0,2540,20.8,11.09,0.0,0.0,9.5,280.5,2.7,9,103523.0,9999999
58321,0,2541,19.4,10.74,0.0,0.0,9.5,277.04,2.5,9,103523.0,9999999
58321,0,2542,18.7,10.4,0.0,0.0,9.5,276.21,2.4,9,103523.0,9999999
58321,0,2543,18.5,10.13,0.0,0.0,9.5,276.41,2.4,9,103523.0,9999999
58321,0,2544,18.5,9.99,0.0,0.0,9.5,276.41,2.4,9,103523.0,9999999
58321,0,2545,18.3,10.13,0.0,0.0,9.5,276.21,2.6,9,103523.0,9999999
58321,0,2546,17.8,10.33,0.0,0.0,9.5,275.79,2.7,9,103523.0,9999999
58321,0,2547,17.0,10.4,0.0,0.0,9.5,276.21,2.5,9,103523.0,9999999
58321,0,2548,16.4,10.26,0.0,0.0,9.5,276.21,2.2,9,103523.0,9999999
58321,0,2549,15.9,10.19,0.0,0.0,9.5,274.09,2.2,9,103523.0,9999999
58321,0,2550,14.7,9.61,52.0,24.0,9.5,272.8,2.2,9,103523.0,9999999
58321,0,2551,17.5,10.74,204.0,66.0,9.5,272.8,2.5,9,103523.0,9999999
58321,0,2552,21.0,12.14,406.0,104.0,9.5,274.09,2.0,9,103523.0,9999999
58321,0,2553,23.8,13.19,605.0,127.0,9.5,276.62,2.1,9,103523.0,9999999
58321,0,2554,26.1,13.53,774.0,137.0,9.5,279.49,2.4,10,103523.0,9999999
58321,0,2555,27.7,13.97,880.0,143.0,9.5,281.89,2.3,11,103523.0,9999999
58321,0,2556,28.7,14.15,918.0,150.0,9.5,284.41,2.7,12,103523.0,9999999
58321,0,2557,29.2,14.24,859.0,160.0,9.5,286.31,3.3,13,103523.0,9999999
58321,0,2558,29.1,14.42,757.0,160.0,9.5,287.24,3.6,14,103523.0,9999999
58321,0,2559,28.7,14.33,644.0,138.0,9.5,288.9,3.9,14,103523.0,9999999
58321,0,2560,27.7,14.51,453.0,109.0,9.5,287.99,3.8,15,103523.0,9999999
58321,0,2561,26.6,14.69,231.0,79.0,9.5,288.35,3.4,15,103523.0,9999999
58321,0,2562,25.1,14.78,75.0,37.0,9.5,287.62,3.1,16,103523.0,9999999
58321,0,2563,23.2,14.51,10.0,6.0,9.5,285.93,2.7,16,103523.0,9999999
58321,0,2564,21.9,14.06,0.0,0.0,9.5,283.64,2.9,1,103523.0,9999999
58321,0,2565,21.2,13.62,0.0,0.0,9.5,282.87,3.3,2,103523.0,9999999
58321,0,2566,20.7,13.11,0.0,0.0,9.5,281.69,3.8,3,103523.0,9999999
58321,0,2567,20.1,12.38,0.0,0.0,9.5,280.9,4.2,3,103523.0,9999999
58321,0,2568,19.3,11.09,0.0,0.0,9.5,279.49,4.2,3,103523.0,9999999
58321,0,2569,18.5,9.48,0.0,0.0,9.5,278.48,4.4,4,103523.0,9999999
58321,0,2570,17.5,8.13,0.0,0.0,9.5,275.15,4.8,4,103523.0,9999999
58321,0,2571,16.8,7.39,0.0,0.0,9.5,283.45,5.4,4,103523.0,9999999
58321,0,2572,16.3,7.24,0.0,0.0,9.5,285.74,5.9,4,103523.0,9999999
58321,0,2573,15.6,7.29,0.0,0.0,9.5,286.31,6.1,4,103523.0,9999999
58321,0,2574,16.9,6.94,31.0,25.0,9.5,284.03,6.3,5,103523.0,9999999
58321,0,2575,16.8,7.29,116.0,77.0,9.5,284.79,6.4,5,103523.0,9999999
58321,0,2576,17.2,7.34,261.0,156.0,9.5,283.84,6.3,5,103523.0,9999999
58321,0,2577,18.3,7.59,493.0,190.0,9.5,282.67,6.8,5,103523.0,9999999
58321,0,2578,20.2,7.97,727.0,171.0,9.5,278.89,6.6,6,103523.0,9999999
58321,0,2579,21.8,8.46,870.0,160.0,9.5,277.04,6.3,6,103523.0,9999999
58321,0,2580,23.1,9.17,923.0,159.0,9.5,277.25,6.2,6,103523.0,9999999
58321,0,2581,24.1,9.74,889.0,182.0,9.5,279.29,6.0,6,103523.0,9999999
58321,0,2582,24.7,10.13,754.0,249.0,9.5,280.3,5.8,6,103523.0,9999999
58321,0,2583,24.8,10.53,541.0,289.0,9.5,283.06,5.5,6,103523.0,9999999
58321,0,2584,24.5,10.74,337.0,234.0,9.5,283.84,5.3,6,103523.0,9999999
58321,0,2585,23.7,11.17,140.0,110.0,9.5,284.79,4.7,5,103523.0,9999999
58321,0,2586,21.9,10.53,22.0,19.0,9.5,285.37,4.7,5,103523.0,9999999
58321,0,2587,21.0,9.93,5.0,4.0,9.5,284.6,5.1,5,103523.0,9999999
58321,0,2588,20.2,9.61,0.0,0.0,9.5,282.08,5.4,5,103523.0,9999999
58321,0,2589,19.6,9.54,0.0,0.0,9.5,280.9,5.2,5,103523.0,9999999
58321,0,2590,19.1,9.54,0.0,0.0,9.5,280.1,5.2,5,103523.0,9999999
58321,0,2591,18.9,9.86,0.0,0.0,9.5,280.3,4.9,6,103523.0,9999999
58321,0,2592,18.9,10.19,0.0,0.0,9.5,280.9,4.5,6,103523.0,9999999
58321,0,2593,18.7,10.67,0.0,0.0,9.5,281.29,4.2,6,103523.0,9999999
58321,0,2594,18.4,10.95,0.0,0.0,9.5,281.1,3.9,7,103523.0,9999999
58321,0,2595,18.0,11.31,0.0,0.0,9.5,281.69,3.6,6,103523.0,9999999
58321,0,2596,17.9,11.53,0.0,0.0,9.5,281.49,3.3,6,103523.0,9999999
58321,0,2597,17.8,11.76,0.0,0.0,9.5,281.29,3.2,6,103523.0,9999999
58321,0,2598,18.4,12.38,49.0,24.0,9.5,281.89,3.2,6,103523.0,9999999
58321,0,2599,20.1,13.03,189.0,66.0,9.5,282.28,3.8,6,103523.0,9999999
58321,0,2600,22.3,13.79,379.0,111.0,9.5,283.64,3.9,7,103523.0,9999999
58321,0,2601,24.1,14.33,534.0,150.0,9.5,286.12,4.8,7,103523.0,9999999
58321,0,2602,25.7,14.69,563.0,218.0,9.5,287.8,5.6,8,103523.0,9999999
58321,0,2603,26.2,14.97,465.0,276.0,9.5,291.07,5.1,8,103523.0,9999999
58321,0,2604,26.0,14.97,526.0,338.0,9.5,293.72,4.9,8,103523.0,9999999
58321,0,2605,26.5,15.06,501.0,340.0,9.5,292.49,5.0,9,103523.0,9999999
58321,0,2606,24.9,15.06,289.0,246.0,9.5,294.59,4.4,9,103523.0,9999999
58321,0,2607,24.2,15.35,198.0,178.0,9.5,291.61,3.1,9,103523.0,9999999
58321,0,2608,23.9,15.35,137.0,129.0,9.5,291.25,2.2,8,103523.0,9999999
58321,0,2609,23.4,15.54,79.0,77.0,9.5,291.07,2.5,6,103523.0,9999999
58321,0,2610,22.6,15.35,27.0,26.0,9.5,291.61,2.5,6,103523.0,9999999
58321,0,2611,21.8,15.06,3.0,3.0,9.5,291.61,2.5,6,103523.0,9999999
58321,0,2612,21.2,15.06,0.0,0.0,9.5,290.89,3.3,6,103523.0,9999999
58321,0,2613,21.0,14.97,0.0,0.0,9.5,290.89,3.7,6,103523.0,9999999
58321,0,2614,20.9,15.06,0.0,0.0,9.5,290.72,3.5,6,103523.0,9999999
58321,0,2615,21.0,14.97,0.0,0.0,9.5,292.85,3.3,5,103523.0,9999999
58321,0,2616,20.9,14.88,0.0,0.0,9.5,292.14,2.8,5,103523.0,9999999
58321,0,2617,20.7,14.69,0.0,0.0,9.5,292.49,2.2,5,103523.0,9999999
58321,0,2618,20.5,14.69,0.0,0.0,9.5,291.96,1.5,3,103523.0,9999999
58321,0,2619,20.4,14.6,0.0,0.0,9.5,292.49,3.5,16,103523.0,9999999
58321,0,2620,20.5,14.69,0.0,0.0,9.5,291.61,5.8,16,103523.0,9999999
58321,0,2621,20.5,14.6,0.0,0.0,9.5,289.09,6.6,15,103523.0,9999999
58321,0,2622,13.2,8.99,0.0,0.0,9.5,286.31,6.6,16,103523.0,9999999
58321,0,2623,13.1,8.81,12.0,12.0,9.5,285.37,6.5,15,103523.0,9999999
58321,0,2624,13.1,8.75,30.0,30.0,9.5,284.99,6.7,15,103523.0,9999999
58321,0,2625,13.1,8.64,64.0,62.0,9.5,284.79,6.4,15,103523.0,9999999
58321,0,2626,13.4,8.64,82.0,79.0,9.5,284.6,6.2,15,103523.0,9999999
58321,0,2627,13.7,8.7,91.0,90.0,9.5,284.6,5.9,15,103523.0,9999999
58321,0,2628,14.2,8.7,88.0,87.0,9.5,284.6,5.7,15,103523.0,9999999
58321,0,2629,14.3,8.75,96.0,94.0,9.5,284.99,4.7,15,103523.0,9999999
58321,0,2630,15.0,8.81,184.0,175.0,9.5,285.18,4.6,16,103523.0,9999999
58321,0,2631,15.7,8.81,193.0,178.0,9.5,285.37,4.2,16,103523.0,9999999
58321,0,2632,16.5,8.93,178.0,122.0,9.5,285.18,3.4,16,103523.0,9999999
58321,0,2633,16.9,8.81,182.0,97.0,9.5,281.1,3.2,16,103523.0,9999999
58321,0,2634,16.9,9.23,83.0,43.0,9.5,277.86,1.3,16,103523.0,9999999
58321,0,2635,15.7,9.05,11.0,7.0,9.5,274.09,1.5,1,103523.0,9999999
58321,0,2636,15.3,8.87,0.0,0.0,9.5,271.48,1.3,2,103523.0,9999999
58321,0,2637,14.4,8.81,0.0,0.0,9.5,270.37,0.9,3,103523.0,9999999
58321,0,2638,13.7,8.75,0.0,0.0,9.5,269.7,0.8,3,103523.0,9999999
58321,0,2639,13.1,8.64,0.0,0.0,9.5,269.25,0.5,6,103523.0,9999999
58321,0,2640,11.3,8.13,0.0,0.0,9.5,268.8,0.8,9,103523.0,9999999
58321,0,2641,10.4,7.7,0.0,0.0,9.5,268.12,1.0,9,103523.0,9999999
58321,0,2642,10.2,7.59,0.0,0.0,9.5,267.66,1.4,9,103523.0,9999999
58321,0,2643,10.3,7.75,0.0,0.0,9.5,268.8,1.6,8,103523.0,9999999
58321,0,2644,9.3,7.29,0.0,0.0,9.5,274.52,1.7,7,103523.0,9999999
58321,0,2645,9.0,7.04,0.0,0.0,9.5,277.45,1.9,6,103523.0,9999999
58321,0,2646,10.2,7.59,39.0,31.0,9.5,279.09,2.5,6,103523.0,9999999
58321,0,2647,11.8,8.3,120.0,102.0,9.5,280.3,2.6,6,103523.0,9999999
58321,0,2648,13.1,9.05,263.0,197.0,9.5,283.06,3.2,6,103523.0,9999999
58321,0,2649,15.5,8.87,491.0,236.0,9.5,282.28,4.1,6,103523.0,9999999
58321,0,2650,17.6,8.93,743.0,183.0,9.5,276.0,4.4,6,103523.0,9999999
58321,0,2651,19.4,9.29,893.0,156.0,9.5,271.92,4.6,6,103523.0,9999999
58321,0,2652,20.8,9.54,917.0,181.0,9.5,274.73,4.9,6,103523.0,9999999
58321,0,2653,22.2,9.36,848.0,237.0,9.5,277.04,5.4,6,103523.0,9999999
58321,0,2654,22.7,8.93,755.0,235.0,9.5,280.5,5.7,6,103523.0,9999999
58321,0,2655,22.5,9.23,657.0,164.0,9.5,276.83,5.5,6,103523.0,9999999
58321,0,2656,22.2,9.23,482.0,122.0,9.5,276.83,5.1,6,103523.0,9999999
58321,0,2657,21.5,9.61,278.0,87.0,9.5,276.83,4.2,6,103523.0,9999999
58321,0,2658,19.6,8.99,100.0,41.0,9.5,276.0,3.3,6,103523.0,9999999
58321,0,2659,17.4,8.7,12.0,7.0,9.5,274.52,3.0,5,103523.0,9999999
58321,0,2660,16.8,8.7,0.0,0.0,9.5,273.87,3.6,5,103523.0,9999999
58321,0,2661,16.2,8.52,0.0,0.0,9.5,272.8,3.9,5,103523.0,9999999
58321,0,2662,15.9,8.3,0.0,0.0,9.5,273.87,4.0,5,103523.0,9999999
58321,0,2663,15.1,7.91,0.0,0.0,9.5,272.14,4.0,5,103523.0,9999999
58321,0,2664,14.2,7.59,0.0,0.0,9.5,270.37,3.8,5,103523.0,9999999
58321,0,2665,13.5,7.34,0.0,0.0,9.5,269.7,3.8,5,103523.0,9999999
58321,0,2666,12.8,6.99,0.0,0.0,9.5,268.57,3.6,5,103523.0,9999999
58321,0,2667,12.4,6.71,0.0,0.0,9.5,268.12,3.5,5,103523.0,9999999
58321,0,2668,12.1,6.48,0.0,0.0,9.5,268.34,3.3,5,103523.0,9999999
58321,0,2669,12.5,6.3,0.0,0.0,9.5,268.8,3.4,5,103523.0,9999999
58321,0,2670,11.5,6.85,56.0,26.0,9.5,269.93,3.4,5,103523.0,9999999
58321,0,2671,13.2,7.19,197.0,71.0,9.5,271.04,3.6,5,103523.0,9999999
58321,0,2672,15.2,7.34,348.0,102.0,9.5,275.58,3.5,5,103523.0,9999999
58321,0,2673,16.7,7.59,440.0,148.0,9.5,277.45,3.7,5,103523.0,9999999
58321,0,2674,17.8,7.59,529.0,202.0,9.5,281.49,3.8,6,103523.0,9999999
58321,0,2675,18.8,7.86,631.0,234.0,9.5,283.06,4.1,6,103523.0,9999999
58321,0,2676,19.6,8.07,622.0,285.0,9.5,281.49,4.4,6,103523.0,9999999
58321,0,2677,19.6,8.24,431.0,287.0,9.5,285.74,4.3,6,103523.0,9999999
58321,0,2678,18.0,8.93,253.0,215.0,9.5,286.12,4.6,6,103523.0,9999999
58321,0,2679,16.8,9.48,188.0,158.0,9.5,286.5,4.4,6,103523.0,9999999
58321,0,2680,16.5,9.61,165.0,141.0,9.5,284.41,4.5,6,103523.0,9999999
58321,0,2681,16.7,9.61,148.0,116.0,9.5,283.25,4.3,6,103523.0,9999999
58321,0,2682,16.2,9.48,75.0,50.0,9.5,280.5,3.9,6,103523.0,9999999
58321,0,2683,15.2,9.29,10.0,7.0,9.5,277.86,3.6,6,103523.0,9999999
58321,0,2684,15.1,9.29,0.0,0.0,9.5,279.7,3.6,6,103523.0,9999999
58321,0,2685,14.9,9.36,0.0,0.0,9.5,279.49,3.7,6,103523.0,9999999
58321,0,2686,14.7,9.29,0.0,0.0,9.5,278.27,3.4,6,103523.0,9999999
58321,0,2687,14.7,9.29,0.0,0.0,9.5,279.49,3.5,6,103523.0,9999999
58321,0,2688,14.6,9.36,0.0,0.0,9.5,279.49,3.2,6,103523.0,9999999
58321,0,2689,14.3,9.36,0.0,0.0,9.5,278.68,2.6,6,103523.0,9999999
58321,0,2690,14.1,9.36,0.0,0.0,9.5,279.49,2.1,6,103523.0,9999999
58321,0,2691,14.0,9.42,0.0,0.0,9.5,282.67,2.0,6,103523.0,9999999
58321,0,2692,14.7,9.54,0.0,0.0,9.5,281.69,1.9,6,103523.0,9999999
58321,0,2693,14.7,9.61,0.0,0.0,9.5,283.06,2.2,6,103523.0,9999999
58321,0,2694,14.9,9.74,48.0,28.0,9.5,283.64,3.0,6,103523.0,9999999
58321,0,2695,16.3,10.19,187.0,76.0,9.5,280.5,3.5,6,103523.0,9999999
58321,0,2696,18.4,10.88,378.0,111.0,9.5,280.5,3.7,7,103523.0,9999999
58321,0,2697,20.4,11.61,532.0,157.0,9.5,281.49,3.8,7,103523.0,9999999
58321,0,2698,22.0,12.14,662.0,178.0,9.5,283.84,4.1,7,103523.0,9999999
58321,0,2699,23.6,12.94,722.0,182.0,9.5,285.37,4.4,7,103523.0,9999999
58321,0,2700,24.4,13.45,713.0,207.0,9.5,287.06,4.9,7,103523.0,9999999
58321,0,2701,24.8,13.79,634.0,226.0,9.5,288.9,5.1,7,103523.0,9999999
58321,0,2702,24.1,14.33,503.0,241.0,9.5,290.54,5.5,7,103523.0,9999999
58321,0,2703,23.1,14.51,329.0,212.0,9.5,291.61,5.2,8,103523.0,9999999
58321,0,2704,22.6,14.51,159.0,146.0,9.5,291.07,4.2,8,103523.0,9999999
58321,0,2705,22.3,14.51,84.0,83.0,9.5,290.36,4.0,8,103523.0,9999999
58321,0,2706,22.4,14.42,32.0,32.0,9.5,289.99,3.0,8,103523.0,9999999
58321,0,2707,21.2,14.06,6.0,6.0,9.5,288.54,2.6,8,103523.0,9999999
58321,0,2708,20.5,13.79,0.0,0.0,9.5,287.99,2.4,8,103523.0,9999999
58321,0,2709,20.1,13.71,0.0,0.0,9.5,286.87,2.7,8,103523.0,9999999
58321,0,2710,19.8,13.62,0.0,0.0,9.5,286.87,1.7,7,103523.0,9999999
58321,0,2711,19.6,13.45,0.0,0.0,9.5,287.62,1.4,7,103523.0,9999999
58321,0,2712,19.5,13.53,0.0,0.0,9.5,289.09,1.0,13,103523.0,9999999
58321,0,2713,19.2,13.45,0.0,0.0,9.5,287.8,1.8,13,103523.0,9999999
58321,0,2714,19.1,13.45,0.0,0.0,9.5,289.09,3.2,12,103523.0,9999999
58321,0,2715,19.4,13.45,0.0,0.0,9.5,291.61,4.1,12,103523.0,9999999
58321,0,2716,19.7,13.71,0.0,0.0,9.5,289.99,4.1,12,103523.0,9999999
58321,0,2717,20.1,13.88,0.0,0.0,9.5,289.09,4.5,13,103523.0,9999999
58321,0,2718,19.9,13.71,40.0,27.0,9.5,289.81,3.9,14,103523.0,9999999
58321,0,2719,20.2,13.36,194.0,73.0,9.5,285.93,4.0,14,103523.0,9999999
58321,0,2720,21.0,11.99,417.0,112.0,9.5,278.27,4.8,15,103523.0,9999999
58321,0,2721,21.3,8.7,580.0,167.0,9.5,276.41,6.0,16,103523.0,9999999
58321,0,2722,21.4,6.94,738.0,225.0,9.5,277.66,6.2,16,103523.0,9999999
58321,0,2723,22.1,6.25,856.0,293.0,9.5,273.44,5.8,1,103523.0,9999999
58321,0,2724,22.5,6.08,905.0,293.0,9.5,274.73,5.5,1,103523.0,9999999
58321,0,2725,23.0,5.91,934.0,202.0,9.5,272.8,5.0,1,103523.0,9999999
58321,0,2726,23.2,5.99,867.0,147.0,9.5,271.04,4.4,1,103523.0,9999999
58321,0,2727,23.1,5.95,708.0,137.0,9.5,271.7,3.7,2,103523.0,9999999
58321,0,2728,22.7,6.16,509.0,127.0,9.5,272.14,3.2,3,103523.0,9999999
58321,0,2729,21.9,7.34,295.0,96.0,9.5,272.58,2.4,3,103523.0,9999999
58321,0,2730,19.9,8.81,107.0,48.0,9.5,272.14,1.6,4,103523.0,9999999
58321,0,2731,16.7,8.07,14.0,9.0,9.5,271.48,2.1,4,103523.0,9999999
58321,0,2732,16.4,7.91,0.0,0.0,9.5,271.04,2.5,5,103523.0,9999999
58321,0,2733,16.0,7.97,0.0,0.0,9.5,270.82,2.9,5,103523.0,9999999
58321,0,2734,16.0,8.3,0.0,0.0,9.5,271.48,3.5,5,103523.0,9999999
58321,0,2735,16.3,8.7,0.0,0.0,9.5,272.8,4.4,5,103523.0,9999999
58321,0,2736,16.1,8.3,0.0,0.0,9.5,273.87,4.8,5,103523.0,9999999
58321,0,2737,15.6,7.04,0.0,0.0,9.5,275.58,4.9,5,103523.0,9999999
58321,0,2738,15.6,6.16,0.0,0.0,9.5,280.5,5.0,5,103523.0,9999999
58321,0,2739,16.0,5.74,0.0,0.0,9.5,287.99,5.0,5,103523.0,9999999
58321,0,2740,16.0,5.62,0.0,0.0,9.5,287.8,5.2,5,103523.0,9999999
58321,0,2741,15.9,5.58,0.0,0.0,9.5,286.5,5.3,5,103523.0,9999999
58321,0,2742,16.0,5.82,34.0,22.0,9.5,284.99,5.5,5,103523.0,9999999
58321,0,2743,15.5,6.75,105.0,83.0,9.5,283.45,5.6,5,103523.0,9999999
58321,0,2744,15.0,8.18,164.0,136.0,9.5,283.64,5.6,5,103523.0,9999999
58321,0,2745,15.3,9.11,201.0,164.0,9.5,283.25,5.4,6,103523.0,9999999
58321,0,2746,16.3,9.93,312.0,228.0,9.5,284.41,5.3,6,103523.0,9999999
58321,0,2747,18.6,11.31,471.0,283.0,9.5,284.99,5.2,6,103523.0,9999999
58321,0,2748,21.5,12.54,572.0,261.0,9.5,287.8,5.4,7,103523.0,9999999
58321,0,2749,24.2,14.06,550.0,253.0,9.5,287.8,5.9,7,103523.0,9999999
58321,0,2750,26.1,15.35,515.0,275.0,9.5,290.89,6.2,8,103523.0,9999999
58321,0,2751,27.0,16.65,488.0,230.0,9.5,292.67,5.7,8,103523.0,9999999
58321,0,2752,26.8,17.28,344.0,152.0,9.5,292.67,4.1,9,103523.0,9999999
58321,0,2753,26.3,17.49,175.0,98.0,9.5,292.67,2.4,9,103523.0,9999999
58321,0,2754,24.9,16.85,56.0,44.0,9.5,293.37,1.6,12,103523.0,9999999
58321,0,2755,22.5,15.84,5.0,5.0,9.5,291.96,2.3,14,103523.0,9999999
58321,0,2756,20.7,14.69,0.0,0.0,9.5,292.49,3.2,15,103523.0,9999999
58321,0,2757,18.7,13.11,0.0,0.0,9.5,290.18,4.8,14,103523.0,9999999
58321,0,2758,17.4,11.99,0.0,0.0,9.5,290.36,5.8,14,103523.0,9999999
58321,0,2759,16.9,11.53,0.0,0.0,9.5,288.9,4.4,14,103523.0,9999999
58321,0,2760,16.6,11.24,0.0,0.0,9.5,288.35,4.7,14,103523.0,9999999
58321,0,2761,16.3,11.02,0.0,0.0,9.5,288.9,4.5,14,103523.0,9999999
58321,0,2762,15.9,10.81,0.0,0.0,9.5,288.35,4.1,14,103523.0,9999999
58321,0,2763,15.4,10.53,0.0,0.0,9.5,286.68,4.2,14,103523.0,9999999
58321,0,2764,15.0,10.26,0.0,0.0,9.5,286.31,4.6,15,103523.0,9999999
58321,0,2765,14.7,9.99,0.0,0.0,9.5,285.74,4.5,15,103523.0,9999999
58321,0,2766,13.5,8.99,16.0,16.0,9.5,285.37,3.1,15,103523.0,9999999
58321,0,2767,13.6,8.81,60.0,58.0,9.5,284.6,3.2,15,103523.0,9999999
58321,0,2768,14.0,8.87,138.0,132.0,9.5,285.37,2.8,15,103523.0,9999999
58321,0,2769,14.7,8.99,238.0,218.0,9.5,285.18,2.6,16,103523.0,9999999
58321,0,2770,15.6,9.23,343.0,298.0,9.5,286.31,2.2,16,103523.0,9999999
58321,0,2771,16.6,9.48,506.0,397.0,9.5,286.12,1.7,16,103523.0,9999999
58321,0,2772,18.2,10.06,620.0,457.0,9.5,285.74,1.1,2,103523.0,9999999
58321,0,2773,19.4,10.26,705.0,376.0,9.5,287.99,1.3,3,103523.0,9999999
58321,0,2774,21.3,10.74,663.0,328.0,9.5,284.03,1.5,4,103523.0,9999999
58321,0,2775,21.9,10.81,491.0,296.0,9.5,287.06,1.8,5,103523.0,9999999
58321,0,2776,22.0,10.88,363.0,197.0,9.5,284.22,2.1,6,103523.0,9999999
58321,0,2777,21.4,10.81,178.0,110.0,9.5,283.25,2.3,6,103523.0,9999999
58321,0,2778,19.6,10.88,48.0,38.0,9.5,282.87,2.0,7,103523.0,9999999
58321,0,2779,17.9,10.53,12.0,9.0,9.5,278.68,2.0,6,103523.0,9999999
58321,0,2780,16.8,10.53,0.0,0.0,9.5,276.41,2.3,6,103523.0,9999999
58321,0,2781,16.6,10.53,0.0,0.0,9.5,278.07,2.8,6,103523.0,9999999
58321,0,2782,16.2,10.46,0.0,0.0,9.5,276.41,3.1,6,103523.0,9999999
58321,0,2783,15.7,10.4,0.0,0.0,9.5,275.36,3.1,6,103523.0,9999999
58321,0,2784,15.1,10.19,0.0,0.0,9.5,274.09,3.1,7,103523.0,9999999
58321,0,2785,14.2,9.74,0.0,0.0,9.5,271.92,2.7,6,103523.0,9999999
58321,0,2786,13.7,9.61,0.0,0.0,9.5,271.04,2.1,6,103523.0,9999999
58321,0,2787,13.4,9.42,0.0,0.0,9.5,273.44,2.0,5,103523.0,9999999
58321,0,2788,13.2,9.36,0.0,0.0,9.5,275.58,2.0,4,103523.0,9999999
58321,0,2789,12.8,9.11,0.0,0.0,9.5,274.3,1.9,4,103523.0,9999999
58321,0,2790,13.8,9.67,52.0,41.0,9.5,276.0,1.9,5,103523.0,9999999
58321,0,2791,15.3,10.33,193.0,109.0,9.5,275.79,1.9,5,103523.0,9999999
58321,0,2792,17.5,11.02,390.0,161.0,9.5,276.21,1.6,5,103523.0,9999999
58321,0,2793,19.5,11.46,567.0,214.0,9.5,277.66,1.3,5,103523.0,9999999
58321,0,2794,21.0,11.68,727.0,237.0,9.5,279.09,1.4,4,103523.0,9999999
58321,0,2795,22.7,11.91,849.0,235.0,9.5,279.9,2.2,2,103523.0,9999999
58321,0,2796,24.0,11.91,848.0,267.0,9.5,281.29,3.2,2,103523.0,9999999
58321,0,2797,24.6,11.24,706.0,310.0,9.5,286.68,3.9,2,103523.0,9999999
58321,0,2798,24.3,11.46,499.0,313.0,9.5,288.9,4.2,3,103523.0,9999999
58321,0,2799,23.7,11.24,357.0,259.0,9.5,291.96,4.8,3,103523.0,9999999
58321,0,2800,22.8,11.31,258.0,197.0,9.5,289.45,4.8,3,103523.0,9999999
58321,0,2801,22.0,11.24,138.0,124.0,9.5,287.62,5.1,3,103523.0,9999999
58321,0,2802,21.3,11.91,42.0,40.0,9.5,289.27,5.1,3,103523.0,9999999
58321,0,2803,20.7,11.68,4.0,4.0,9.5,290.18,5.0,3,103523.0,9999999
58321,0,2804,20.4,11.39,0.0,0.0,9.5,289.81,4.9,3,103523.0,9999999
58321,0,2805,20.1,11.31,0.0,0.0,9.5,289.81,4.8,3,103523.0,9999999
58321,0,2806,19.5,11.09,0.0,0.0,9.5,288.54,4.6,4,103523.0,9999999
58321,0,2807,19.0,10.81,0.0,0.0,9.5,288.17,4.2,4,103523.0,9999999
58321,0,2808,18.3,10.53,0.0,0.0,9.5,287.06,3.8,3,103523.0,9999999
58321,0,2809,17.4,9.93,0.0,0.0,9.5,284.99,4.1,2,103523.0,9999999
58321,0,2810,16.7,9.42,0.0,0.0,9.5,284.79,4.5,2,103523.0,9999999
58321,0,2811,15.9,9.05,0.0,0.0,9.5,286.5,4.6,2,103523.0,9999999
58321,0,2812,15.4,8.75,0.0,0.0,9.5,285.55,4.8,2,103523.0,9999999
58321,0,2813,14.8,8.52,0.0,0.0,9.5,283.06,4.9,2,103523.0,9999999
58321,0,2814,14.6,8.46,44.0,38.0,9.5,280.7,4.3,2,103523.0,9999999
58321,0,2815,14.7,8.35,153.0,114.0,9.5,278.48,4.6,3,103523.0,9999999
58321,0,2816,15.4,8.18,313.0,203.0,9.5,277.66,5.1,3,103523.0,9999999
58321,0,2817,16.6,8.24,504.0,266.0,9.5,279.09,4.5,4,103523.0,9999999
58321,0,2818,17.9,8.18,674.0,308.0,9.5,276.62,3.6,4,103523.0,9999999
58321,0,2819,19.0,7.91,775.0,355.0,9.5,274.94,3.3,4,103523.0,9999999
58321,0,2820,19.8,7.91,816.0,371.0,9.5,277.25,3.3,4,103523.0,9999999
58321,0,2821,20.4,7.75,802.0,341.0,9.5,277.04,3.3,3,103523.0,9999999
58321,0,2822,20.8,7.65,758.0,263.0,9.5,277.25,3.4,4,103523.0,9999999
58321,0,2823,20.8,7.49,644.0,217.0,9.5,276.41,3.4,4,103523.0,9999999
58321,0,2824,20.6,7.44,432.0,205.0,9.5,277.04,3.4,5,103523.0,9999999
58321,0,2825,20.0,7.59,229.0,136.0,9.5,277.66,2.9,6,103523.0,9999999
58321,0,2826,18.9,8.58,87.0,54.0,9.5,277.86,2.5,7,103523.0,9999999
58321,0,2827,16.1,8.35,15.0,10.0,9.5,272.8,2.0,6,103523.0,9999999
58321,0,2828,15.0,8.41,0.0,0.0,9.5,271.48,2.1,6,103523.0,9999999
58321,0,2829,14.5,8.46,0.0,0.0,9.5,271.7,2.5,6,103523.0,9999999
58321,0,2830,13.8,8.46,0.0,0.0,9.5,270.6,2.6,6,103523.0,9999999
58321,0,2831,13.4,8.41,0.0,0.0,9.5,271.26,2.2,6,103523.0,9999999
58321,0,2832,12.6,8.18,0.0,0.0,9.5,268.8,2.0,5,103523.0,9999999
58321,0,2833,12.2,8.07,0.0,0.0,9.5,266.96,2.3,4,103523.0,9999999
58321,0,2834,11.6,7.86,0.0,0.0,9.5,265.09,2.3,5,103523.0,9999999
58321,0,2835,11.2,7.65,0.0,0.0,9.5,263.9,2.3,5,103523.0,9999999
58321,0,2836,10.9,7.44,0.0,0.0,9.5,263.18,2.5,5,103523.0,9999999
58321,0,2837,10.6,7.34,0.0,0.0,9.5,262.69,2.6,6,103523.0,9999999
58321,0,2838,10.7,7.44,76.0,32.0,9.5,262.45,2.8,6,103523.0,9999999
58321,0,2839,12.9,7.97,250.0,75.0,9.5,262.69,3.0,6,103523.0,9999999
58321,0,2840,15.2,8.07,467.0,106.0,9.5,264.14,2.9,7,103523.0,9999999
58321,0,2841,17.4,8.07,667.0,127.0,9.5,265.8,2.5,7,103523.0,9999999
58321,0,2842,19.6,7.97,831.0,143.0,9.5,267.66,2.4,6,103523.0,9999999
58321,0,2843,21.5,7.97,938.0,160.0,9.5,269.48,2.5,6,103523.0,9999999
58321,0,2844,22.9,7.8,981.0,164.0,9.5,271.48,2.6,6,103523.0,9999999
58321,0,2845,23.9,7.34,960.0,151.0,9.5,272.14,2.6,6,103523.0,9999999
58321,0,2846,24.4,7.19,869.0,144.0,9.5,272.58,2.5,6,103523.0,9999999
58321,0,2847,24.4,7.04,714.0,144.0,9.5,273.01,2.5,6,103523.0,9999999
58321,0,2848,24.1,7.29,505.0,149.0,9.5,273.66,2.6,5,103523.0,9999999
58321,0,2849,23.2,8.52,282.0,129.0,9.5,274.52,2.2,5,103523.0,9999999
58321,0,2850,20.7,9.61,102.0,64.0,9.5,274.52,1.9,6,103523.0,9999999
58321,0,2851,17.8,8.75,15.0,11.0,9.5,274.09,2.2,5,103523.0,9999999
58321,0,2852,16.8,8.58,0.0,0.0,9.5,272.14,2.5,5,103523.0,9999999
58321,0,2853,16.0,8.52,0.0,0.0,9.5,270.37,2.8,6,103523.0,9999999
58321,0,2854,15.5,8.58,0.0,0.0,9.5,269.25,3.0,6,103523.0,9999999
58321,0,2855,15.0,8.52,0.0,0.0,9.5,268.8,3.1,6,103523.0,9999999
58321,0,2856,14.4,8.46,0.0,0.0,9.5,269.48,2.8,7,103523.0,9999999
58321,0,2857,13.8,8.41,0.0,0.0,9.5,269.7,2.5,7,103523.0,9999999
58321,0,2858,13.4,8.35,0.0,0.0,9.5,269.93,2.3,6,103523.0,9999999
58321,0,2859,13.1,8.3,0.0,0.0,9.5,267.2,2.3,6,103523.0,9999999
58321,0,2860,12.6,8.07,0.0,0.0,9.5,267.66,2.2,6,103523.0,9999999
58321,0,2861,12.5,8.07,0.0,0.0,9.5,269.7,2.2,5,103523.0,9999999
58321,0,2862,12.6,7.86,66.0,46.0,9.5,267.66,2.0,5,103523.0,9999999
58321,0,2863,15.3,8.52,220.0,114.0,9.5,269.25,2.5,5,103523.0,9999999
58321,0,2864,17.9,8.99,419.0,179.0,9.5,269.25,2.2,5,103523.0,9999999
58321,0,2865,20.0,8.75,598.0,246.0,9.5,272.36,2.5,5,103523.0,9999999
58321,0,2866,21.5,8.3,746.0,282.0,9.5,274.09,2.9,6,103523.0,9999999
58321,0,2867,22.7,7.91,814.0,336.0,9.5,274.94,3.3,5,103523.0,9999999
58321,0,2868,23.3,7.65,808.0,399.0,9.5,276.41,3.5,6,103523.0,9999999
58321,0,2869,23.8,7.54,726.0,426.0,9.5,277.86,3.4,6,103523.0,9999999
58321,0,2870,23.7,7.65,656.0,388.0,9.5,278.68,3.3,6,103523.0,9999999
58321,0,2871,23.3,8.02,569.0,315.0,9.5,278.27,3.2,6,103523.0,9999999
58321,0,2872,22.9,8.7,378.0,257.0,9.5,278.27,2.9,6,103523.0,9999999
58321,0,2873,21.7,9.42,204.0,165.0,9.5,278.27,2.3,6,103523.0,9999999
58321,0,2874,18.7,8.93,74.0,66.0,9.5,278.07,2.6,5,103523.0,9999999
58321,0,2875,17.9,8.75,11.0,10.0,9.5,277.45,2.8,6,103523.0,9999999
58321,0,2876,17.4,8.75,0.0,0.0,9.5,277.04,2.9,6,103523.0,9999999
58321,0,2877,16.2,8.81,0.0,0.0,9.5,276.21,2.7,8,102811.0,9999999
58321,0,2878,15.1,8.81,0.0,0.0,9.5,276.21,2.5,10,102099.0,9999999
58321,0,2879,14.0,8.81,0.0,0.0,9.5,276.0,2.3,12,101387.0,9999999
58321,0,2880,13.0,8.81,0.0,0.0,17.02,282.87,2.0,14,100675.0,9999999
58321,0,2881,13.0,8.75,0.0,0.0,17.02,282.28,2.0,14,100675.0,9999999
58321,0,2882,13.0,8.75,0.0,0.0,17.02,278.68,2.0,14,100675.0,9999999
58321,0,2883,13.2,8.81,0.0,0.0,17.02,273.44,2.2,13,100681.0,9999999
58321,0,2884,13.5,8.87,0.0,0.0,17.02,270.6,2.5,13,100693.0,9999999
58321,0,2885,14.0,9.05,0.0,0.0,17.02,269.03,3.0,13,100711.0,9999999
58321,0,2886,13.7,8.93,73.0,35.0,17.02,267.43,2.7,12,100699.0,9999999
58321,0,2887,14.3,9.17,237.0,82.0,17.02,266.96,3.3,13,100723.0,9999999
58321,0,2888,15.0,9.36,448.0,115.0,17.02,267.89,4.0,11,100747.0,9999999
58321,0,2889,16.3,9.36,650.0,136.0,17.02,269.03,4.0,12,100775.0,9999999
58321,0,2890,17.7,9.36,809.0,152.0,17.02,270.37,4.0,13,100803.0,9999999
58321,0,2891,19.0,9.36,911.0,165.0,17.02,272.14,4.0,15,100831.0,9999999
58321,0,2892,19.7,9.36,947.0,171.0,17.02,274.3,4.3,13,100805.0,9999999
58321,0,2893,20.3,9.36,848.0,229.0,17.02,275.58,4.7,14,100780.0,9999999
58321,0,2894,21.0,9.36,596.0,248.0,17.02,282.48,5.0,14,100754.0,9999999
58321,0,2895,21.3,9.17,459.0,196.0,17.02,285.74,3.7,14,100741.0,9999999
58321,0,2896,21.7,8.93,421.0,154.0,17.02,281.49,2.3,14,100728.0,9999999
58321,0,2897,22.0,8.75,274.0,102.0,17.02,278.89,1.0,14,100715.0,9999999
58321,0,2898,21.0,9.36,108.0,49.0,17.02,277.45,0.7,15,100812.0,9999999
58321,0,2899,20.0,9.99,16.0,10.0,17.02,273.66,0.3,16,100909.0,9999999
58321,0,2900,19.0,10.67,0.0,0.0,17.02,272.14,0.0,1,101006.0,9999999
58321,0,2901,18.5,10.67,0.0,0.0,17.02,271.92,0.2,2,100994.0,9999999
58321,0,2902,18.0,10.67,0.0,0.0,17.02,273.01,0.3,3,100983.0,9999999
58321,0,2903,17.5,10.67,0.0,0.0,17.02,275.36,0.5,3,100972.0,9999999
58321,0,2904,17.0,10.67,0.0,0.0,17.02,275.15,0.7,4,100960.0,9999999
58321,0,2905,16.5,10.67,0.0,0.0,17.02,276.41,0.8,5,100949.0,9999999
58321,0,2906,16.0,10.67,0.0,0.0,17.02,275.58,1.0,2,100938.0,9999999
58321,0,2907,15.7,10.46,0.0,0.0,17.02,277.45,0.7,6,100957.0,9999999
58321,0,2908,15.3,10.19,0.0,0.0,17.02,276.41,0.3,6,100977.0,9999999
58321,0,2909,15.0,9.99,0.0,0.0,17.02,276.62,0.0,4,100996.0,9999999
58321,0,2910,16.0,9.8,56.0,47.0,17.02,276.21,0.7,2,101041.0,9999999
58321,0,2911,17.0,9.54,173.0,131.0,17.02,276.41,1.3,3,101085.0,9999999
58321,0,2912,18.0,9.36,332.0,219.0,17.02,276.41,2.0,3,101129.0,9999999
58321,0,2913,19.3,9.54,497.0,272.0,17.02,278.68,2.0,4,101107.0,9999999
58321,0,2914,20.7,9.8,522.0,288.0,17.02,279.09,2.0,4,101086.0,9999999
58321,0,2915,22.0,9.99,582.0,357.0,17.02,281.89,2.0,6,101064.0,9999999
58321,0,2916,22.7,9.54,678.0,413.0,17.02,282.48,2.0,5,101021.0,9999999
58321,0,2917,23.3,9.17,632.0,403.0,17.02,284.03,2.0,6,100979.0,9999999
58321,0,2918,24.0,8.75,512.0,369.0,17.02,285.18,2.0,5,100936.0,9999999
58321,0,2919,23.3,9.17,316.0,268.0,17.02,287.62,2.3,5,100892.0,9999999
58321,0,2920,22.7,9.54,156.0,151.0,17.02,287.62,2.7,4,100848.0,9999999
58321,0,2921,22.0,9.99,72.0,71.0,17.02,287.43,3.0,1,100805.0,9999999
58321,0,2922,21.0,10.88,22.0,22.0,17.02,287.06,2.7,1,100863.0,9999999
58321,0,2923,20.0,11.91,3.0,3.0,17.02,286.87,2.3,1,100922.0,9999999
58321,0,2924,19.0,12.94,0.0,0.0,17.02,286.5,2.0,15,100981.0,9999999
58321,0,2925,18.7,12.7,0.0,0.0,17.02,286.12,1.7,1,100954.0,9999999
58321,0,2926,18.3,12.38,0.0,0.0,17.02,286.12,1.3,2,100927.0,9999999
58321,0,2927,18.0,12.14,0.0,0.0,17.02,285.74,1.0,2,100900.0,9999999
58321,0,2928,17.7,11.91,0.0,0.0,17.02,284.99,0.7,2,100873.0,9999999
58321,0,2929,17.3,11.61,0.0,0.0,17.02,285.93,0.3,4,100846.0,9999999
58321,0,2930,17.0,11.39,0.0,0.0,17.02,284.79,0.0,4,100819.0,9999999
58321,0,2931,17.0,11.39,0.0,0.0,17.02,280.3,1.0,4,100812.0,9999999
58321,0,2932,17.0,11.39,0.0,0.0,17.02,281.49,2.0,1,100806.0,9999999
58321,0,2933,17.0,11.39,0.0,0.0,17.02,283.06,3.0,15,100799.0,9999999
58321,0,2934,17.3,10.88,56.0,48.0,17.02,276.62,2.7,14,100839.0,9999999
58321,0,2935,17.7,10.46,187.0,129.0,17.02,276.41,2.3,14,100880.0,9999999
58321,0,2936,18.0,9.99,365.0,206.0,17.02,276.21,2.0,1,100920.0,9999999
58321,0,2937,19.0,9.99,553.0,258.0,17.02,277.45,1.3,16,100928.0,9999999
58321,0,2938,20.0,9.99,661.0,302.0,17.02,278.48,0.7,1,100935.0,9999999
58321,0,2939,21.0,9.99,713.0,372.0,17.02,280.7,0.0,1,100943.0,9999999
58321,0,2940,21.7,9.8,711.0,430.0,17.02,281.69,0.0,2,100911.0,9999999
58321,0,2941,22.3,9.54,603.0,418.0,17.02,284.22,0.0,2,100878.0,9999999
58321,0,2942,23.0,9.36,428.0,339.0,17.02,285.74,0.0,2,100845.0,9999999
58321,0,2943,22.7,9.17,303.0,272.0,17.02,288.9,1.0,2,100792.0,9999999
58321,0,2944,22.3,8.93,256.0,215.0,17.02,287.62,2.0,3,100738.0,9999999
58321,0,2945,22.0,8.75,178.0,137.0,17.02,286.12,3.0,15,100685.0,9999999
58321,0,2946,21.7,9.36,73.0,58.0,17.02,283.45,2.3,6,100688.0,9999999
58321,0,2947,21.3,9.99,10.0,9.0,17.02,282.48,1.7,6,100691.0,9999999
58321,0,2948,21.0,10.67,0.0,0.0,17.02,282.67,1.0,5,100694.0,9999999
58321,0,2949,20.3,10.67,0.0,0.0,17.02,281.69,1.2,6,100701.0,9999999
58321,0,2950,19.7,10.67,0.0,0.0,17.02,281.1,1.3,6,100709.0,9999999
58321,0,2951,19.0,10.67,0.0,0.0,17.02,281.89,1.5,6,100717.0,9999999
58321,0,2952,18.3,10.67,0.0,0.0,17.02,281.29,1.7,6,100724.0,9999999
58321,0,2953,17.7,10.67,0.0,0.0,17.02,280.1,1.8,6,100732.0,9999999
58321,0,2954,17.0,10.67,0.0,0.0,17.02,279.9,2.0,7,100739.0,9999999
58321,0,2955,16.7,10.67,0.0,0.0,17.02,281.69,1.3,6,100742.0,9999999
58321,0,2956,16.3,10.67,0.0,0.0,17.02,280.1,0.7,6,100745.0,9999999
58321,0,2957,16.0,10.67,0.0,0.0,17.02,279.49,0.0,6,100748.0,9999999
58321,0,2958,16.7,10.67,62.0,47.0,17.02,276.83,0.7,5,100785.0,9999999
58321,0,2959,17.3,10.67,206.0,117.0,17.02,275.15,1.3,5,100823.0,9999999
58321,0,2960,18.0,10.67,406.0,160.0,17.02,275.36,2.0,7,100860.0,9999999
58321,0,2961,19.0,10.88,599.0,192.0,17.02,277.25,2.3,6,100858.0,9999999
58321,0,2962,20.0,11.17,770.0,201.0,17.02,277.45,2.7,4,100856.0,9999999
58321,0,2963,21.0,11.39,894.0,193.0,17.02,277.66,3.0,7,100853.0,9999999
58321,0,2964,21.3,11.17,928.0,193.0,17.02,279.49,2.3,4,100834.0,9999999
58321,0,2965,21.7,10.88,886.0,213.0,17.02,281.1,1.7,4,100814.0,9999999
58321,0,2966,22.0,10.67,742.0,284.0,17.02,279.49,1.0,6,100795.0,9999999
58321,0,2967,22.3,10.67,538.0,282.0,17.02,287.06,0.7,5,100745.0,9999999
58321,0,2968,22.7,10.67,376.0,205.0,17.02,283.45,0.3,6,100696.0,9999999
58321,0,2969,23.0,10.67,215.0,132.0,17.02,283.45,0.0,7,100646.0,9999999
58321,0,2970,22.0,10.88,74.0,54.0,17.02,281.49,0.0,7,100665.0,9999999
58321,0,2971,21.0,11.17,15.0,11.0,17.02,280.3,0.0,7,100684.0,9999999
58321,0,2972,20.0,11.39,0.0,0.0,17.02,280.3,0.0,8,100703.0,9999999
58321,0,2973,19.7,11.39,0.0,0.0,17.02,280.7,0.2,9,100722.0,9999999
58321,0,2974,19.3,11.39,0.0,0.0,17.02,280.9,0.3,9,100742.0,9999999
58321,0,2975,19.0,11.39,0.0,0.0,17.02,279.49,0.5,9,100761.0,9999999
58321,0,2976,18.7,11.39,0.0,0.0,17.02,280.5,0.7,10,100781.0,9999999
58321,0,2977,18.3,11.39,0.0,0.0,17.02,280.7,0.8,11,100801.0,9999999
58321,0,2978,18.0,11.39,0.0,0.0,17.02,280.5,1.0,11,100820.0,9999999
58321,0,2979,17.3,10.88,0.0,0.0,17.02,280.7,2.0,16,100853.0,9999999
58321,0,2980,16.7,10.46,0.0,0.0,17.02,280.9,3.0,16,100885.0,9999999
58321,0,2981,16.0,9.99,0.0,0.0,17.02,279.7,4.0,1,100918.0,9999999
58321,0,2982,16.0,9.99,62.0,40.0,17.02,278.07,3.7,1,101004.0,9999999
58321,0,2983,16.0,9.99,178.0,120.0,17.02,278.68,3.3,1,101090.0,9999999
58321,0,2984,16.0,9.99,326.0,195.0,17.02,282.67,3.0,1,101177.0,9999999
58321,0,2985,17.0,9.36,531.0,230.0,17.02,281.29,3.3,1,101178.0,9999999
58321,0,2986,18.0,8.75,724.0,251.0,17.02,278.68,3.7,1,101179.0,9999999
58321,0,2987,19.0,8.18,812.0,317.0,17.02,278.68,4.0,3,101180.0,9999999
58321,0,2988,19.3,7.8,795.0,356.0,17.02,278.48,2.7,1,101151.0,9999999
58321,0,2989,19.7,7.49,586.0,234.0,17.02,279.9,1.3,16,101121.0,9999999
58321,0,2990,20.0,7.14,532.0,229.0,17.02,279.09,0.0,16,101091.0,9999999
58321,0,2991,20.3,6.52,599.0,282.0,17.02,279.7,0.7,15,101075.0,9999999
58321,0,2992,20.7,5.91,453.0,203.0,17.02,278.07,1.3,15,101059.0,9999999
58321,0,2993,21.0,5.38,263.0,144.0,17.02,276.62,2.0,13,101043.0,9999999
58321,0,2994,20.0,8.46,98.0,70.0,17.02,276.62,2.0,15,101058.0,9999999
58321,0,2995,19.0,6.8,16.0,13.0,17.02,274.3,2.0,15,101074.0,9999999
58321,0,2996,18.0,7.65,0.0,0.0,17.02,275.15,2.0,12,101089.0,9999999
58321,0,2997,17.5,7.75,0.0,0.0,17.02,276.21,2.2,14,101094.0,9999999
58321,0,2998,17.0,7.8,0.0,0.0,17.02,273.23,2.3,12,101098.0,9999999
58321,0,2999,16.5,7.91,0.0,0.0,17.02,274.09,2.5,11,101103.0,9999999
58321,0,3000,16.0,8.02,0.0,0.0,17.02,272.36,2.7,10,101107.0,9999999
58321,0,3001,15.5,8.07,0.0,0.0,17.02,270.15,2.8,11,101111.0,9999999
58321,0,3002,15.0,8.18,0.0,0.0,17.02,268.8,3.0,12,101116.0,9999999
58321,0,3003,15.0,7.14,0.0,0.0,17.02,271.92,3.0,11,101113.0,9999999
58321,0,3004,15.0,6.21,0.0,0.0,17.02,271.26,3.0,11,101109.0,9999999
58321,0,3005,15.0,5.38,0.0,0.0,17.02,265.56,3.0,13,101106.0,9999999
58321,0,3006,15.3,5.27,86.0,37.0,17.02,264.14,3.3,13,101169.0,9999999
58321,0,3007,15.7,5.15,264.0,82.0,17.02,264.62,3.7,14,101233.0,9999999
58321,0,3008,16.0,5.04,479.0,113.0,17.02,265.09,4.0,15,101296.0,9999999
58321,0,3009,17.3,6.75,682.0,134.0,17.02,265.33,4.5,16,101301.0,9999999
58321,0,3010,18.7,4.75,848.0,147.0,17.02,266.27,5.0,16,101306.0,9999999
58321,0,3011,20.0,4.65,958.0,155.0,17.02,266.96,5.5,15,101311.0,9999999
58321,0,3012,20.7,4.54,1002.0,158.0,17.02,267.66,6.0,14,101275.0,9999999
58321,0,3013,21.3,4.35,975.0,157.0,17.02,268.34,6.5,13,101239.0,9999999
58321,0,3014,22.0,4.38,883.0,149.0,17.02,269.03,7.0,13,101203.0,9999999
58321,0,3015,22.0,4.38,733.0,137.0,17.02,269.48,6.3,13,101163.0,9999999
58321,0,3016,22.0,4.54,540.0,119.0,17.02,269.48,5.7,13,101124.0,9999999
58321,0,3017,22.0,4.72,325.0,92.0,17.02,269.48,5.0,13,101084.0,9999999
58321,0,3018,20.7,8.7,129.0,49.0,17.02,269.03,3.3,12,101092.0,9999999
58321,0,3019,19.3,8.81,21.0,11.0,17.02,267.89,1.7,12,101101.0,9999999
58321,0,3020,18.0,7.14,0.0,0.0,17.02,266.73,0.0,12,101109.0,9999999
58321,0,3021,17.5,7.24,0.0,0.0,17.02,265.8,0.5,11,101112.0,9999999
58321,0,3022,17.0,7.29,0.0,0.0,17.02,265.09,1.0,11,101115.0,9999999
58321,0,3023,12.3,7.39,0.0,0.0,17.02,264.38,1.5,11,101118.0,9999999
58321,0,3024,12.3,7.49,0.0,0.0,17.02,265.09,2.0,10,101120.0,9999999
58321,0,3025,11.9,7.54,0.0,0.0,17.02,263.9,2.5,10,101123.0,9999999
58321,0,3026,11.2,7.65,0.0,0.0,17.02,263.66,3.0,9,101126.0,9999999
58321,0,3027,11.2,7.65,0.0,0.0,17.02,263.9,2.7,10,101122.0,9999999
58321,0,3028,10.8,7.65,0.0,0.0,17.02,263.42,2.3,9,101118.0,9999999
58321,0,3029,13.0,7.65,0.0,0.0,17.02,263.18,2.0,9,101114.0,9999999
58321,0,3030,14.0,7.65,90.0,38.0,17.02,262.93,2.7,9,101145.0,9999999
58321,0,3031,15.0,7.65,272.0,83.0,17.02,263.42,3.3,9,101176.0,9999999
58321,0,3032,16.0,7.65,489.0,113.0,17.02,265.09,4.0,10,101207.0,9999999
58321,0,3033,18.3,6.8,690.0,134.0,17.02,267.2,2.7,9,101216.0,9999999
58321,0,3034,20.7,6.08,851.0,148.0,17.02,269.03,1.3,10,101225.0,9999999
58321,0,3035,23.0,5.38,957.0,156.0,17.02,270.6,0.0,10,101234.0,9999999
58321,0,3036,24.0,4.97,998.0,159.0,17.02,271.7,0.7,11,101189.0,9999999
58321,0,3037,25.0,4.48,972.0,158.0,17.02,272.58,1.3,11,101143.0,9999999
58321,0,3038,26.0,6.04,880.0,151.0,17.02,273.44,2.0,11,101098.0,9999999
58321,0,3039,26.0,6.04,731.0,137.0,17.02,273.66,2.0,11,101068.0,9999999
58321,0,3040,26.0,4.75,539.0,118.0,17.02,273.87,2.0,11,101038.0,9999999
58321,0,3041,26.0,4.97,326.0,91.0,17.02,274.09,2.0,9,101008.0,9999999
58321,0,3042,24.3,11.99,130.0,49.0,17.02,273.87,2.0,9,101026.0,9999999
58321,0,3043,22.7,10.53,21.0,12.0,17.02,272.8,2.0,8,101044.0,9999999
58321,0,3044,21.0,8.75,0.0,0.0,17.02,271.92,2.0,9,101063.0,9999999
58321,0,3045,20.2,8.93,0.0,0.0,17.02,271.04,1.7,8,101053.0,9999999
58321,0,3046,19.3,9.17,0.0,0.0,17.02,270.6,1.3,8,101043.0,9999999
58321,0,3047,18.5,9.36,0.0,0.0,17.02,270.15,1.0,8,101032.0,9999999
58321,0,3048,17.7,9.54,0.0,0.0,17.02,269.93,0.7,9,101022.0,9999999
58321,0,3049,16.8,9.8,0.0,0.0,17.02,269.7,0.3,9,101012.0,9999999
58321,0,3050,16.0,9.99,0.0,0.0,17.02,269.7,0.0,10,101002.0,9999999
58321,0,3051,15.3,9.8,0.0,0.0,17.02,269.48,0.0,11,101070.0,9999999
58321,0,3052,14.7,9.54,0.0,0.0,17.02,269.25,0.0,12,101137.0,9999999
58321,0,3053,14.0,9.36,0.0,0.0,17.02,269.03,0.0,14,101204.0,9999999
58321,0,3054,16.0,9.54,88.0,38.0,17.02,268.8,0.0,15,101250.0,9999999
58321,0,3055,18.0,9.8,258.0,90.0,17.02,269.48,0.0,16,101295.0,9999999
58321,0,3056,20.0,9.99,467.0,124.0,17.02,271.26,0.0,1,101341.0,9999999
58321,0,3057,21.7,9.54,667.0,141.0,17.02,273.01,1.0,2,101352.0,9999999
58321,0,3058,23.3,9.17,826.0,156.0,17.02,275.15,2.0,4,101364.0,9999999
58321,0,3059,25.0,8.75,933.0,163.0,17.02,276.62,3.0,6,101376.0,9999999
58321,0,3060,25.7,8.18,975.0,163.0,17.02,277.45,2.7,6,101337.0,9999999
58321,0,3061,26.3,7.65,945.0,167.0,17.02,278.07,2.3,6,101298.0,9999999
58321,0,3062,27.0,7.14,847.0,177.0,17.02,278.27,2.0,7,101258.0,9999999
58321,0,3063,26.7,6.66,676.0,198.0,17.02,279.7,1.3,6,101215.0,9999999
58321,0,3064,26.3,6.16,462.0,195.0,17.02,280.9,0.7,6,101171.0,9999999
58321,0,3065,26.0,5.82,275.0,138.0,17.02,281.49,0.0,6,101128.0,9999999
58321,0,3066,21.9,9.48,117.0,62.0,17.02,279.49,0.0,6,101091.0,9999999
58321,0,3067,20.9,9.54,20.0,14.0,17.02,277.45,0.0,6,101055.0,9999999
58321,0,3068,20.9,9.42,0.0,0.0,17.02,277.25,0.0,6,101018.0,9999999
58321,0,3069,21.6,9.36,0.0,0.0,17.02,280.7,0.3,5,101049.0,9999999
58321,0,3070,19.9,9.74,0.0,0.0,17.02,280.9,0.7,5,101079.0,9999999
58321,0,3071,19.1,9.67,0.0,0.0,17.02,280.3,1.0,5,101110.0,9999999
58321,0,3072,23.7,12.46,0.0,0.0,17.02,279.49,1.3,5,101140.0,9999999
58321,0,3073,21.8,11.17,0.0,0.0,17.02,281.29,1.7,5,101171.0,9999999
58321,0,3074,20.0,8.75,0.0,0.0,17.02,281.29,2.0,5,101201.0,9999999
58321,0,3075,19.3,9.36,0.0,0.0,17.02,282.08,2.3,4,101197.0,9999999
58321,0,3076,18.7,9.99,0.0,0.0,17.02,282.87,2.7,4,101193.0,9999999
58321,0,3077,18.0,10.67,0.0,0.0,17.02,282.87,3.0,4,101189.0,9999999
58321,0,3078,18.7,10.67,39.0,37.0,17.02,282.48,2.7,5,101243.0,9999999
58321,0,3079,19.3,10.67,114.0,106.0,17.02,282.67,2.3,5,101297.0,9999999
58321,0,3080,20.0,10.67,217.0,183.0,17.02,283.84,2.0,6,101351.0,9999999
58321,0,3081,21.7,10.46,377.0,277.0,17.02,283.64,2.7,5,101342.0,9999999
58321,0,3082,23.3,10.19,467.0,342.0,17.02,284.99,3.3,5,101334.0,9999999
58321,0,3083,25.0,9.99,511.0,370.0,17.02,286.31,4.0,7,101326.0,9999999
58321,0,3084,25.0,10.19,553.0,395.0,17.02,286.68,4.7,6,101270.0,9999999
58321,0,3085,25.0,10.46,471.0,324.0,17.02,287.99,5.3,6,101213.0,9999999
58321,0,3086,25.0,10.67,343.0,249.0,17.02,287.62,6.0,7,101157.0,9999999
58321,0,3087,25.0,10.88,228.0,208.0,17.02,290.18,4.7,6,101107.0,9999999
58321,0,3088,25.0,11.17,142.0,138.0,17.02,289.63,3.3,5,101057.0,9999999
58321,0,3089,25.0,11.39,86.0,85.0,17.02,289.81,2.0,6,101007.0,9999999
58321,0,3090,24.3,10.88,34.0,34.0,17.02,289.27,1.3,16,101023.0,9999999
58321,0,3091,23.7,10.46,5.0,5.0,17.02,289.27,0.7,16,101039.0,9999999
58321,0,3092,23.0,9.99,0.0,0.0,17.02,288.72,0.0,1,101055.0,9999999
58321,0,3093,22.5,10.33,0.0,0.0,17.02,288.35,0.3,1,101076.0,9999999
58321,0,3094,22.0,10.67,0.0,0.0,17.02,288.17,0.7,16,101097.0,9999999
58321,0,3095,21.5,11.02,0.0,0.0,17.02,287.43,1.0,14,101118.0,9999999
58321,0,3096,21.0,11.39,0.0,0.0,17.02,286.87,1.3,13,101139.0,9999999
58321,0,3097,20.5,11.76,0.0,0.0,17.02,286.68,1.7,14,101160.0,9999999
58321,0,3098,20.0,12.14,0.0,0.0,17.02,286.68,2.0,16,101181.0,9999999
58321,0,3099,19.3,12.14,0.0,0.0,17.02,286.12,1.7,2,101181.0,9999999
58321,0,3100,18.7,12.14,0.0,0.0,17.02,285.55,1.3,5,101180.0,9999999
58321,0,3101,18.0,12.14,0.0,0.0,17.02,279.09,1.0,5,101179.0,9999999
58321,0,3102,19.0,12.14,40.0,29.0,17.02,282.87,1.7,7,101213.0,9999999
58321,0,3103,20.0,12.14,115.0,82.0,17.02,284.41,2.3,7,101248.0,9999999
58321,0,3104,21.0,12.14,227.0,145.0,17.02,284.6,3.0,7,101282.0,9999999
58321,0,3105,22.0,11.39,301.0,199.0,17.02,285.55,3.3,7,101270.0,9999999
58321,0,3106,23.0,10.67,369.0,232.0,17.02,286.31,3.7,7,101257.0,9999999
58321,0,3107,24.0,9.99,407.0,270.0,17.02,287.06,4.0,8,101245.0,9999999
58321,0,3108,24.3,9.8,355.0,273.0,17.02,288.54,3.7,6,101196.0,9999999
58321,0,3109,24.7,9.54,357.0,263.0,17.02,289.27,3.3,6,101146.0,9999999
58321,0,3110,25.0,12.7,330.0,244.0,17.02,288.17,3.0,9,101097.0,9999999
58321,0,3111,25.0,9.8,269.0,205.0,17.02,289.63,3.0,5,101077.0,9999999
58321,0,3112,25.0,10.19,233.0,186.0,17.02,288.72,3.0,5,101057.0,9999999
58321,0,3113,25.0,10.67,139.0,124.0,17.02,288.17,3.0,7,101037.0,9999999
58321,0,3114,24.3,11.17,53.0,48.0,17.02,287.24,2.7,5,101040.0,9999999
58321,0,3115,23.7,11.61,13.0,10.0,17.02,285.37,2.3,5,101042.0,9999999
58321,0,3116,23.0,12.14,0.0,0.0,17.02,283.64,2.0,6,101045.0,9999999
58321,0,3117,22.5,12.3,0.0,0.0,17.02,286.31,2.0,6,101041.0,9999999
58321,0,3118,22.0,12.38,0.0,0.0,17.02,286.12,2.0,6,101037.0,9999999
58321,0,3119,21.5,12.54,0.0,0.0,17.02,287.62,2.0,5,101033.0,9999999
58321,0,3120,21.0,12.7,0.0,0.0,17.02,287.8,2.0,5,101029.0,9999999
58321,0,3121,20.5,12.78,0.0,0.0,17.02,286.68,2.0,5,101026.0,9999999
58321,0,3122,20.0,12.94,0.0,0.0,17.02,286.5,2.0,5,101022.0,9999999
58321,0,3123,19.7,12.94,0.0,0.0,17.02,285.37,2.3,6,101005.0,9999999
58321,0,3124,19.3,12.94,0.0,0.0,17.02,283.84,2.7,5,100988.0,9999999
58321,0,3125,19.0,12.94,0.0,0.0,17.02,286.5,3.0,5,100971.0,9999999
58321,0,3126,19.7,12.94,28.0,28.0,17.02,286.12,3.0,4,100975.0,9999999
58321,0,3127,20.3,12.94,67.0,65.0,17.02,287.06,3.0,6,100979.0,9999999
58321,0,3128,21.0,12.94,132.0,128.0,17.02,288.17,3.0,6,100983.0,9999999
58321,0,3129,20.8,13.11,156.0,153.0,17.02,287.8,3.2,6,100958.0,9999999
58321,0,3130,20.7,13.19,128.0,126.0,17.02,287.99,3.3,7,100933.0,9999999
58321,0,3131,20.5,13.36,119.0,118.0,17.02,288.72,3.5,9,100908.0,9999999
58321,0,3132,20.3,13.53,110.0,109.0,17.02,289.45,3.7,15,100882.0,9999999
58321,0,3133,20.2,13.62,100.0,100.0,17.02,289.81,3.8,15,100857.0,9999999
58321,0,3134,20.0,13.79,76.0,76.0,17.02,289.81,4.0,2,100832.0,9999999
58321,0,3135,19.7,13.79,47.0,46.0,17.02,290.36,2.7,14,100795.0,9999999
58321,0,3136,19.3,13.79,36.0,36.0,17.02,289.99,1.3,15,100758.0,9999999
58321,0,3137,19.0,13.79,24.0,24.0,17.02,289.99,0.0,15,100722.0,9999999
58321,0,3138,19.0,13.79,9.0,9.0,17.02,289.63,0.3,15,100768.0,9999999
58321,0,3139,19.0,13.79,2.0,2.0,17.02,289.27,0.7,14,100815.0,9999999
58321,0,3140,19.0,13.79,0.0,0.0,17.02,288.17,1.0,1,100861.0,9999999
58321,0,3141,18.8,13.62,0.0,0.0,17.02,284.6,1.3,15,100866.0,9999999
58321,0,3142,18.7,13.53,0.0,0.0,17.02,281.89,1.7,14,100871.0,9999999
58321,0,3143,18.5,13.36,0.0,0.0,17.02,282.28,2.0,13,100876.0,9999999
58321,0,3144,18.3,13.19,0.0,0.0,17.02,281.29,2.3,13,100880.0,9999999
58321,0,3145,18.2,13.11,0.0,0.0,17.02,285.37,2.7,13,100885.0,9999999
58321,0,3146,18.0,12.94,0.0,0.0,17.02,284.99,3.0,12,100890.0,9999999
58321,0,3147,17.7,12.7,0.0,0.0,17.02,281.29,3.0,13,100906.0,9999999
58321,0,3148,17.3,12.38,0.0,0.0,17.02,284.6,3.0,13,100922.0,9999999
58321,0,3149,17.0,12.14,0.0,0.0,17.02,284.6,3.0,15,100939.0,9999999
58321,0,3150,17.7,12.38,55.0,46.0,17.02,284.79,2.7,12,100989.0,9999999
58321,0,3151,18.3,12.7,181.0,124.0,17.02,284.41,2.3,11,101040.0,9999999
58321,0,3152,19.0,12.94,393.0,173.0,17.02,284.41,2.0,9,101090.0,9999999
58321,0,3153,20.7,13.19,635.0,163.0,17.02,280.9,2.0,11,101106.0,9999999
58321,0,3154,22.3,13.53,814.0,152.0,17.02,277.45,2.0,12,101121.0,9999999
58321,0,3155,24.0,13.79,916.0,158.0,17.02,279.7,2.0,13,101136.0,9999999
58321,0,3156,24.7,13.79,954.0,162.0,17.02,281.49,2.3,14,101100.0,9999999
58321,0,3157,25.3,13.79,929.0,162.0,17.02,282.87,2.7,15,101064.0,9999999
58321,0,3158,26.0,13.79,749.0,257.0,17.02,283.64,3.0,9,101028.0,9999999
58321,0,3159,26.0,13.79,482.0,319.0,17.02,289.81,3.0,14,100998.0,9999999
58321,0,3160,26.0,13.79,261.0,216.0,17.02,290.54,3.0,13,100968.0,9999999
58321,0,3161,26.0,13.79,116.0,112.0,17.02,289.99,3.0,13,100938.0,9999999
58321,0,3162,25.0,14.06,46.0,46.0,17.02,289.09,2.0,12,100977.0,9999999
58321,0,3163,24.0,14.42,8.0,8.0,17.02,288.72,1.0,12,101016.0,9999999
58321,0,3164,23.0,14.69,0.0,0.0,17.02,287.43,0.0,11,101055.0,9999999
58321,0,3165,22.5,14.42,0.0,0.0,17.02,286.68,0.2,10,101059.0,9999999
58321,0,3166,22.0,14.06,0.0,0.0,17.02,283.06,0.3,10,101064.0,9999999
58321,0,3167,21.5,13.79,0.0,0.0,17.02,278.27,0.5,11,101068.0,9999999
58321,0,3168,21.0,13.53,0.0,0.0,17.02,276.83,0.7,12,101073.0,9999999
58321,0,3169,20.5,13.19,0.0,0.0,17.02,276.41,0.8,13,101077.0,9999999
58321,0,3170,20.0,12.94,0.0,0.0,17.02,275.36,1.0,13,101082.0,9999999
58321,0,3171,19.3,12.7,0.0,0.0,17.02,273.87,1.3,12,101091.0,9999999
58321,0,3172,18.7,12.38,0.0,0.0,17.02,272.36,1.7,12,101100.0,9999999
58321,0,3173,18.0,12.14,0.0,0.0,17.02,271.7,2.0,13,101109.0,9999999
58321,0,3174,19.0,12.38,94.0,41.0,17.02,271.48,2.0,13,101157.0,9999999
58321,0,3175,20.0,12.7,271.0,85.0,17.02,271.92,2.0,13,101204.0,9999999
58321,0,3176,21.0,12.94,478.0,116.0,17.02,273.44,2.0,11,101252.0,9999999
58321,0,3177,22.3,11.61,669.0,138.0,17.02,275.79,3.0,14,101283.0,9999999
58321,0,3178,23.7,10.46,825.0,151.0,17.02,277.86,4.0,14,101315.0,9999999
58321,0,3179,25.0,9.36,929.0,160.0,17.02,278.48,5.0,13,101346.0,9999999
58321,0,3180,25.0,9.54,970.0,163.0,17.02,279.09,5.0,14,101339.0,9999999
58321,0,3181,25.0,9.8,945.0,159.0,17.02,279.9,5.0,15,101333.0,9999999
58321,0,3182,25.0,9.99,855.0,153.0,17.02,280.5,5.0,13,101326.0,9999999
58321,0,3183,24.7,9.8,712.0,140.0,17.02,279.29,5.3,15,101329.0,9999999
58321,0,3184,24.3,9.54,529.0,121.0,17.02,278.68,5.7,16,101332.0,9999999
58321,0,3185,24.0,9.36,324.0,93.0,17.02,277.66,6.0,1,101335.0,9999999
58321,0,3186,23.0,9.36,133.0,52.0,17.02,276.41,4.0,16,101371.0,9999999
58321,0,3187,22.0,9.36,24.0,13.0,17.02,274.52,2.0,16,101406.0,9999999
58321,0,3188,21.0,9.36,0.0,0.0,17.02,272.36,0.0,1,101441.0,9999999
58321,0,3189,20.2,9.36,0.0,0.0,17.02,271.04,0.0,1,101450.0,9999999
58321,0,3190,19.3,9.36,0.0,0.0,17.02,269.93,0.0,2,101460.0,9999999
58321,0,3191,14.5,9.36,0.0,0.0,17.02,269.25,0.0,2,101469.0,9999999
58321,0,3192,17.7,9.36,0.0,0.0,17.02,268.8,0.0,3,101478.0,9999999
58321,0,3193,13.3,9.36,0.0,0.0,17.02,268.12,0.0,4,101487.0,9999999
58321,0,3194,16.0,9.36,0.0,0.0,17.02,267.43,0.0,4,101496.0,9999999
58321,0,3195,15.7,9.36,0.0,0.0,17.02,267.2,0.7,4,101499.0,9999999
58321,0,3196,15.3,9.36,0.0,0.0,17.02,266.96,1.3,5,101502.0,9999999
58321,0,3197,15.0,9.36,0.0,0.0,17.02,266.96,2.0,6,101505.0,9999999
58321,0,3198,16.0,8.75,93.0,45.0,17.02,266.96,2.3,5,101576.0,9999999
58321,0,3199,17.0,8.18,265.0,101.0,17.02,268.12,2.7,5,101646.0,9999999
58321,0,3200,18.0,7.65,468.0,145.0,17.02,269.25,3.0,5,101717.0,9999999
58321,0,3201,19.7,7.65,653.0,187.0,17.02,271.7,3.3,6,101699.0,9999999
58321,0,3202,21.3,7.65,792.0,234.0,17.02,273.66,3.7,6,101681.0,9999999
58321,0,3203,23.0,7.65,892.0,244.0,17.02,275.79,4.0,5,101663.0,9999999
58321,0,3204,24.0,7.24,928.0,259.0,17.02,277.25,4.0,6,101588.0,9999999
58321,0,3205,25.0,6.9,854.0,322.0,17.02,278.89,4.0,6,101512.0,9999999
58321,0,3206,26.0,6.66,789.0,264.0,17.02,281.29,4.0,6,101437.0,9999999
58321,0,3207,26.0,6.9,700.0,172.0,17.02,278.68,3.3,5,101400.0,9999999
58321,0,3208,26.0,7.34,485.0,169.0,17.02,279.49,2.7,5,101364.0,9999999
58321,0,3209,26.0,7.65,274.0,134.0,17.02,282.08,2.0,4,101327.0,9999999
58321,0,3210,25.0,12.54,110.0,65.0,17.02,281.1,2.0,5,101329.0,9999999
58321,0,3211,24.0,11.76,17.0,14.0,17.02,283.25,2.0,5,101332.0,9999999
58321,0,3212,23.0,9.36,0.0,0.0,17.02,282.67,2.0,5,101334.0,9999999
58321,0,3213,22.5,9.36,0.0,0.0,17.02,282.67,2.0,5,101320.0,9999999
58321,0,3214,22.0,9.36,0.0,0.0,17.02,280.5,2.0,5,101306.0,9999999
58321,0,3215,21.5,9.36,0.0,0.0,17.02,281.1,2.0,5,101292.0,9999999
58321,0,3216,21.0,9.36,0.0,0.0,17.02,280.3,2.0,5,101279.0,9999999
58321,0,3217,20.5,9.36,0.0,0.0,17.02,281.29,2.0,5,101265.0,9999999
58321,0,3218,20.0,9.36,0.0,0.0,17.02,282.08,2.0,3,101251.0,9999999
58321,0,3219,19.3,9.54,0.0,0.0,17.02,278.27,2.0,5,101247.0,9999999
58321,0,3220,18.7,9.8,0.0,0.0,17.02,277.04,2.0,5,101243.0,9999999
58321,0,3221,18.0,9.99,0.0,0.0,17.02,276.41,2.0,7,101239.0,9999999
58321,0,3222,19.3,9.99,88.0,47.0,17.02,276.0,2.3,5,101247.0,9999999
58321,0,3223,20.7,9.99,258.0,96.0,17.02,274.52,2.7,5,101255.0,9999999
58321,0,3224,22.0,9.99,459.0,134.0,17.02,276.0,3.0,5,101263.0,9999999
58321,0,3225,23.0,10.19,636.0,174.0,17.02,278.27,3.7,6,101251.0,9999999
58321,0,3226,24.0,10.46,752.0,232.0,17.02,280.5,4.3,6,101239.0,9999999
58321,0,3227,25.0,10.67,717.0,325.0,17.02,283.84,5.0,7,101226.0,9999999
58321,0,3228,26.0,10.88,519.0,339.0,17.02,287.8,5.3,7,101158.0,9999999
58321,0,3229,27.0,11.17,413.0,293.0,17.02,289.81,5.7,7,101089.0,9999999
58321,0,3230,28.0,11.39,508.0,323.0,17.02,289.63,6.0,8,101020.0,9999999
58321,0,3231,27.3,11.91,489.0,320.0,17.02,288.54,6.3,8,100936.0,9999999
58321,0,3232,26.7,12.38,322.0,244.0,17.02,288.17,6.7,8,100853.0,9999999
58321,0,3233,26.0,12.94,168.0,143.0,17.02,288.35,7.0,8,100769.0,9999999
58321,0,3234,25.0,12.7,55.0,51.0,17.02,288.54,7.3,8,100768.0,9999999
58321,0,3235,24.0,12.38,12.0,12.0,17.02,288.9,7.7,8,100767.0,9999999
58321,0,3236,23.0,12.14,0.0,0.0,17.02,287.24,8.0,9,100766.0,9999999
58321,0,3237,22.8,11.76,0.0,0.0,17.02,287.06,7.7,8,100742.0,9999999
58321,0,3238,22.7,11.39,0.0,0.0,17.02,286.5,7.3,8,100719.0,9999999
58321,0,3239,22.5,11.02,0.0,0.0,17.02,286.68,7.0,8,100695.0,9999999
58321,0,3240,22.3,10.67,0.0,0.0,17.02,286.87,6.7,8,100672.0,9999999
58321,0,3241,22.2,10.33,0.0,0.0,17.02,286.87,6.3,8,100649.0,9999999
58321,0,3242,22.0,9.99,0.0,0.0,17.02,286.87,6.0,9,100625.0,9999999
58321,0,3243,21.7,10.67,0.0,0.0,17.02,287.06,5.3,8,100585.0,9999999
58321,0,3244,21.3,11.39,0.0,0.0,17.02,287.43,4.7,8,100545.0,9999999
58321,0,3245,21.0,12.14,0.0,0.0,17.02,287.8,4.0,9,100504.0,9999999
58321,0,3246,21.0,12.38,44.0,39.0,17.02,287.8,5.0,8,100538.0,9999999
58321,0,3247,21.0,12.7,157.0,122.0,17.02,287.62,6.0,8,100571.0,9999999
58321,0,3248,21.0,12.94,306.0,196.0,17.02,286.12,7.0,9,100604.0,9999999
58321,0,3249,22.0,13.11,488.0,254.0,17.02,286.5,6.0,8,100565.0,9999999
58321,0,3250,23.0,13.19,650.0,310.0,17.02,286.87,5.0,9,100526.0,9999999
58321,0,3251,24.0,13.36,677.0,348.0,17.02,288.17,4.0,9,100488.0,9999999
58321,0,3252,25.0,13.53,603.0,357.0,17.02,289.81,3.0,10,100449.0,9999999
58321,0,3253,26.0,13.62,568.0,300.0,17.02,292.32,2.0,10,100410.0,9999999
58321,0,3254,27.0,13.79,532.0,248.0,17.02,291.43,1.0,9,100371.0,9999999
58321,0,3255,26.7,14.06,478.0,246.0,17.02,292.49,1.7,10,100354.0,9999999
58321,0,3256,26.3,14.42,367.0,207.0,17.02,291.79,2.3,9,100337.0,9999999
58321,0,3257,26.0,14.69,187.0,130.0,17.02,291.61,3.0,9,100320.0,9999999
58321,0,3258,25.0,14.69,73.0,60.0,17.02,291.07,2.7,9,100359.0,9999999
58321,0,3259,24.0,14.69,15.0,13.0,17.02,290.18,2.3,10,100398.0,9999999
58321,0,3260,23.0,14.69,0.0,0.0,17.02,289.09,2.0,9,100437.0,9999999
58321,0,3261,22.8,14.69,0.0,0.0,17.02,287.62,2.3,9,100465.0,9999999
58321,0,3262,22.7,14.69,0.0,0.0,17.02,285.74,2.7,10,100493.0,9999999
58321,0,3263,22.5,14.69,0.0,0.0,17.02,285.37,3.0,10,100521.0,9999999
58321,0,3264,22.3,14.69,0.0,0.0,17.02,284.41,3.3,11,100549.0,9999999
58321,0,3265,22.2,14.69,0.0,0.0,17.02,285.18,3.7,14,100577.0,9999999
58321,0,3266,22.0,14.69,0.0,0.0,17.02,285.37,4.0,2,100605.0,9999999
58321,0,3267,21.3,12.7,0.0,0.0,17.02,284.79,3.7,1,100688.0,9999999
58321,0,3268,20.7,10.88,0.0,0.0,17.02,283.64,3.3,2,100770.0,9999999
58321,0,3269,20.0,9.36,0.0,0.0,17.02,276.21,3.0,2,100852.0,9999999
58321,0,3270,20.0,6.99,95.0,42.0,17.02,274.73,4.0,1,100952.0,9999999
58321,0,3271,20.0,7.59,271.0,86.0,17.02,272.8,5.0,1,101052.0,9999999
58321,0,3272,20.0,8.18,470.0,119.0,17.02,273.44,6.0,3,101151.0,9999999
58321,0,3273,21.0,9.54,661.0,139.0,17.02,273.44,6.0,3,101172.0,9999999
58321,0,3274,22.0,8.58,828.0,150.0,17.02,274.52,6.0,3,101193.0,9999999
58321,0,3275,23.0,7.65,935.0,158.0,17.02,276.83,6.0,2,101214.0,9999999
58321,0,3276,24.0,7.49,975.0,159.0,17.02,276.62,5.3,3,101192.0,9999999
58321,0,3277,25.0,7.29,950.0,156.0,17.02,277.45,4.7,3,101170.0,9999999
58321,0,3278,26.0,7.14,861.0,149.0,17.02,277.86,4.0,5,101148.0,9999999
58321,0,3279,26.0,6.99,718.0,138.0,17.02,278.27,3.3,4,101098.0,9999999
58321,0,3280,26.0,6.8,534.0,120.0,17.02,278.27,2.7,4,101048.0,9999999
58321,0,3281,26.0,6.66,330.0,94.0,17.02,278.07,2.0,5,100998.0,9999999
58321,0,3282,24.7,11.09,139.0,53.0,17.02,277.45,2.0,6,101007.0,9999999
58321,0,3283,23.3,8.02,26.0,14.0,17.02,276.21,2.0,6,101015.0,9999999
58321,0,3284,22.0,8.75,0.0,0.0,17.02,274.73,2.0,5,101024.0,9999999
58321,0,3285,21.5,8.64,0.0,0.0,17.02,274.09,2.3,6,100998.0,9999999
58321,0,3286,21.0,8.58,0.0,0.0,17.02,273.44,2.7,5,100973.0,9999999
58321,0,3287,20.5,8.46,0.0,0.0,17.02,274.73,3.0,6,100947.0,9999999
58321,0,3288,20.0,8.35,0.0,0.0,17.02,274.09,3.3,6,100922.0,9999999
58321,0,3289,19.5,8.3,0.0,0.0,17.02,274.94,3.7,6,100897.0,9999999
58321,0,3290,19.0,8.18,0.0,0.0,17.02,275.15,4.0,7,100871.0,9999999
58321,0,3291,18.7,8.35,0.0,0.0,17.02,275.79,3.7,5,100838.0,9999999
58321,0,3292,18.3,8.58,0.0,0.0,17.02,274.3,3.3,5,100804.0,9999999
58321,0,3293,18.0,8.75,0.0,0.0,17.02,273.66,3.0,5,100770.0,9999999
58321,0,3294,19.0,9.17,92.0,49.0,17.02,274.73,4.0,6,100785.0,9999999
58321,0,3295,20.0,9.54,259.0,103.0,17.02,277.25,5.0,6,100799.0,9999999
58321,0,3296,21.0,9.99,463.0,130.0,17.02,278.27,6.0,6,100813.0,9999999
58321,0,3297,22.7,10.67,642.0,162.0,17.02,280.3,6.7,6,100775.0,9999999
58321,0,3298,24.3,11.39,763.0,229.0,17.02,282.87,7.3,6,100737.0,9999999
58321,0,3299,26.0,12.14,842.0,273.0,17.02,286.31,8.0,7,100699.0,9999999
58321,0,3300,26.7,11.91,879.0,276.0,17.02,288.72,7.7,6,100617.0,9999999
58321,0,3301,27.3,11.61,837.0,266.0,17.02,290.54,7.3,7,100534.0,9999999
58321,0,3302,28.0,11.39,715.0,256.0,17.02,292.32,7.0,8,100452.0,9999999
58321,0,3303,28.0,12.7,545.0,241.0,17.02,293.55,6.0,7,100352.0,9999999
58321,0,3304,28.0,14.06,319.0,175.0,17.02,294.24,5.0,7,100253.0,9999999
58321,0,3305,28.0,15.64,175.0,106.0,17.02,294.76,4.0,8,100153.0,9999999
58321,0,3306,27.7,15.94,98.0,58.0,17.02,292.85,4.0,7,100079.0,9999999
58321,0,3307,27.3,16.34,18.0,15.0,17.02,292.32,4.0,7,100006.0,9999999
58321,0,3308,27.0,16.65,0.0,0.0,17.02,293.2,4.0,7,99932.0,9999999
58321,0,3309,26.3,16.65,0.0,0.0,17.02,293.37,4.2,7,99867.0,9999999
58321,0,3310,25.7,16.65,0.0,0.0,17.02,293.02,4.3,7,99801.0,9999999
58321,0,3311,25.0,16.65,0.0,0.0,17.02,293.02,4.5,8,99736.0,9999999
58321,0,3312,24.3,16.65,0.0,0.0,17.02,292.49,4.7,8,99671.0,9999999
58321,0,3313,23.7,16.65,0.0,0.0,17.02,292.49,4.8,8,99605.0,9999999
58321,0,3314,23.0,16.65,0.0,0.0,17.02,292.85,5.0,8,99540.0,9999999
58321,0,3315,23.0,16.65,0.0,0.0,17.02,294.76,4.0,11,99573.0,9999999
58321,0,3316,23.0,16.65,0.0,0.0,17.02,294.59,3.0,11,99606.0,9999999
58321,0,3317,23.0,16.65,0.0,0.0,17.02,294.24,2.0,8,99639.0,9999999
58321,0,3318,23.0,16.65,15.0,15.0,17.02,293.37,3.3,12,99702.0,9999999
58321,0,3319,23.0,16.65,62.0,56.0,17.02,293.2,4.7,12,99766.0,9999999
58321,0,3320,23.0,16.65,105.0,84.0,17.02,292.67,6.0,13,99829.0,9999999
58321,0,3321,23.5,16.44,285.0,144.0,17.02,292.49,5.8,13,99861.0,9999999
58321,0,3322,24.0,16.34,465.0,235.0,17.02,290.89,5.7,13,99893.0,9999999
58321,0,3323,24.5,16.14,461.0,296.0,17.02,292.49,5.5,13,99925.0,9999999
58321,0,3324,25.0,15.94,422.0,323.0,17.02,293.89,5.3,13,99957.0,9999999
58321,0,3325,25.5,15.84,356.0,294.0,17.02,295.61,5.2,14,99989.0,9999999
58321,0,3326,26.0,15.64,361.0,283.0,17.02,295.61,5.0,13,100021.0,9999999
58321,0,3327,26.0,14.97,403.0,281.0,17.02,293.72,4.7,14,100031.0,9999999
58321,0,3328,26.0,14.42,374.0,218.0,17.02,291.43,4.3,14,100041.0,9999999
58321,0,3329,26.0,13.79,262.0,138.0,17.02,288.54,4.0,14,100051.0,9999999
58321,0,3330,25.0,13.53,108.0,67.0,17.02,288.72,3.7,15,100146.0,9999999
58321,0,3331,24.0,13.19,20.0,14.0,17.02,289.45,3.3,15,100242.0,9999999
58321,0,3332,23.0,12.94,0.0,0.0,17.02,289.27,3.0,14,100337.0,9999999
58321,0,3333,22.1,12.62,0.0,0.0,17.02,286.87,3.6,16,100351.0,9999999
58321,0,3334,21.2,12.22,0.0,0.0,17.02,285.55,4.2,1,100365.0,9999999
58321,0,3335,20.3,11.91,0.0,0.0,17.02,284.6,4.8,1,100379.0,9999999
58321,0,3336,19.4,11.53,0.0,0.0,17.02,281.29,5.4,1,100393.0,9999999
58321,0,3337,18.6,11.24,0.0,0.0,17.02,281.49,6.1,1,100407.0,9999999
58321,0,3338,17.7,10.88,0.0,0.0,17.02,281.69,6.7,1,100421.0,9999999
58321,0,3339,17.4,10.6,0.0,0.0,17.02,280.9,6.1,1,100534.0,9999999
58321,0,3340,17.2,10.26,0.0,0.0,17.02,282.48,5.6,1,100647.0,9999999
58321,0,3341,17.0,9.99,0.0,0.0,17.02,286.5,5.0,2,100759.0,9999999
58321,0,3342,16.7,9.8,43.0,37.0,17.02,285.18,4.3,2,100795.0,9999999
58321,0,3343,16.3,9.54,130.0,107.0,17.02,285.74,3.7,2,100832.0,9999999
58321,0,3344,16.0,9.36,248.0,182.0,17.02,285.37,3.0,3,100868.0,9999999
58321,0,3345,16.3,9.36,402.0,267.0,17.02,284.99,2.7,2,100951.0,9999999
58321,0,3346,16.7,9.36,461.0,334.0,17.02,284.6,2.3,2,101035.0,9999999
58321,0,3347,17.0,9.36,449.0,363.0,17.02,287.99,2.0,1,101118.0,9999999
58321,0,3348,17.7,9.54,466.0,384.0,17.02,288.9,1.3,2,101036.0,9999999
58321,0,3349,18.3,9.8,453.0,388.0,17.02,289.27,0.7,1,100953.0,9999999
58321,0,3350,19.0,9.99,380.0,332.0,17.02,289.09,0.0,1,100871.0,9999999
58321,0,3351,19.3,9.99,294.0,250.0,17.02,288.54,1.3,1,100838.0,9999999
58321,0,3352,19.7,9.99,217.0,183.0,17.02,288.9,2.7,2,100805.0,9999999
58321,0,3353,20.0,9.99,120.0,108.0,17.02,288.72,4.0,16,100772.0,9999999
58321,0,3354,19.3,9.99,46.0,44.0,17.02,288.54,4.0,1,100802.0,9999999
58321,0,3355,18.7,9.99,8.0,8.0,17.02,288.17,4.0,1,100831.0,9999999
58321,0,3356,18.0,9.99,0.0,0.0,17.02,287.24,4.0,2,100860.0,9999999
58321,0,3357,17.8,9.99,0.0,0.0,17.02,287.8,3.7,1,100860.0,9999999
58321,0,3358,17.7,9.99,0.0,0.0,17.02,287.43,3.3,1,100860.0,9999999
58321,0,3359,17.5,9.99,0.0,0.0,17.02,286.87,3.0,1,100859.0,9999999
58321,0,3360,17.3,9.99,0.0,0.0,17.02,287.06,2.7,1,100859.0,9999999
58321,0,3361,17.2,9.99,0.0,0.0,17.02,287.06,2.3,1,100859.0,9999999
58321,0,3362,17.0,9.99,0.0,0.0,17.02,286.68,2.0,16,100859.0,9999999
58321,0,3363,17.0,9.99,0.0,0.0,17.02,286.5,1.3,16,100859.0,9999999
58321,0,3364,17.0,9.99,0.0,0.0,17.02,284.03,0.7,16,100859.0,9999999
58321,0,3365,17.0,9.99,0.0,0.0,17.02,284.79,0.0,16,100859.0,9999999
58321,0,3366,17.3,9.99,23.0,21.0,17.02,285.18,1.0,15,100899.0,9999999
58321,0,3367,17.7,9.99,59.0,56.0,17.02,285.37,2.0,16,100939.0,9999999
58321,0,3368,18.0,9.99,162.0,109.0,17.02,285.37,3.0,16,100980.0,9999999
58321,0,3369,18.7,9.99,402.0,162.0,17.02,284.22,3.3,16,100997.0,9999999
58321,0,3370,19.3,9.99,533.0,247.0,17.02,281.49,3.7,16,101014.0,9999999
58321,0,3371,20.0,9.99,470.0,325.0,17.02,287.43,4.0,1,101032.0,9999999
58321,0,3372,20.7,9.99,477.0,363.0,17.02,289.09,4.0,16,101009.0,9999999
58321,0,3373,21.3,9.99,511.0,378.0,17.02,289.45,4.0,16,100987.0,9999999
58321,0,3374,22.0,9.99,396.0,309.0,17.02,289.45,4.0,16,100964.0,9999999
58321,0,3375,21.8,10.19,258.0,215.0,17.02,290.18,3.3,16,100961.0,9999999
58321,0,3376,21.7,10.46,185.0,160.0,17.02,290.18,2.7,1,100957.0,9999999
58321,0,3377,21.5,10.67,116.0,109.0,17.02,289.99,2.0,1,100954.0,9999999
58321,0,3378,21.3,10.88,52.0,49.0,17.02,289.63,1.3,16,100950.0,9999999
58321,0,3379,21.2,11.17,9.0,9.0,17.02,289.45,0.7,16,100947.0,9999999
58321,0,3380,21.0,11.39,0.0,0.0,17.02,287.99,0.0,0,100943.0,9999999
58321,0,3381,20.5,11.53,0.0,0.0,17.02,287.99,0.3,16,100956.0,9999999
58321,0,3382,20.0,11.61,0.0,0.0,17.02,286.87,0.7,16,100969.0,9999999
58321,0,3383,19.5,11.76,0.0,0.0,17.02,283.06,1.0,15,100981.0,9999999
58321,0,3384,19.0,11.91,0.0,0.0,17.02,281.49,1.3,15,100994.0,9999999
58321,0,3385,18.5,11.99,0.0,0.0,17.02,280.5,1.7,16,101007.0,9999999
58321,0,3386,18.0,12.14,0.0,0.0,17.02,278.89,2.0,15,101020.0,9999999
58321,0,3387,18.0,12.14,0.0,0.0,17.02,279.7,2.0,1,101023.0,9999999
58321,0,3388,18.0,12.14,0.0,0.0,17.02,283.25,2.0,16,101026.0,9999999
58321,0,3389,18.0,12.14,0.0,0.0,17.02,282.67,2.0,15,101029.0,9999999
58321,0,3390,19.3,12.14,62.0,49.0,17.02,284.22,2.0,15,101051.0,9999999
58321,0,3391,20.7,12.14,183.0,115.0,17.02,283.84,2.0,16,101072.0,9999999
58321,0,3392,22.0,12.14,313.0,182.0,17.02,282.28,2.0,2,101094.0,9999999
58321,0,3393,22.7,11.61,484.0,241.0,17.02,284.41,2.0,1,101094.0,9999999
58321,0,3394,23.3,11.17,715.0,235.0,17.02,285.55,2.0,1,101095.0,9999999
58321,0,3395,24.0,10.67,885.0,191.0,17.02,283.06,2.0,16,101096.0,9999999
58321,0,3396,24.7,10.46,834.0,238.0,17.02,283.25,1.3,2,101023.0,9999999
58321,0,3397,25.3,10.19,722.0,287.0,17.02,290.89,0.7,3,100951.0,9999999
58321,0,3398,26.0,9.99,633.0,243.0,17.02,289.09,0.0,3,100879.0,9999999
58321,0,3399,26.0,9.54,542.0,207.0,17.02,288.9,0.7,3,100829.0,9999999
58321,0,3400,26.0,9.17,459.0,175.0,17.02,286.31,1.3,4,100779.0,9999999
58321,0,3401,26.0,8.75,292.0,128.0,17.02,284.03,2.0,3,100729.0,9999999
58321,0,3402,25.0,13.71,124.0,70.0,17.02,283.64,2.0,5,100741.0,9999999
58321,0,3403,24.0,10.88,25.0,17.0,17.02,284.6,2.0,5,100753.0,9999999
58321,0,3404,23.0,12.14,0.0,0.0,17.02,282.67,2.0,9,100766.0,9999999
58321,0,3405,22.7,12.14,0.0,0.0,17.02,282.67,2.2,6,100735.0,9999999
58321,0,3406,22.3,12.14,0.0,0.0,17.02,283.84,2.3,7,100705.0,9999999
58321,0,3407,22.0,12.14,0.0,0.0,17.02,283.25,2.5,7,100675.0,9999999
58321,0,3408,21.7,12.14,0.0,0.0,17.02,284.99,2.7,7,100645.0,9999999
58321,0,3409,21.3,12.14,0.0,0.0,17.02,282.28,2.8,7,100614.0,9999999
58321,0,3410,21.0,12.14,0.0,0.0,17.02,281.49,3.0,7,100584.0,9999999
58321,0,3411,20.7,12.14,0.0,0.0,17.02,283.25,2.0,7,100607.0,9999999
58321,0,3412,20.3,12.14,0.0,0.0,17.02,282.08,1.0,7,100630.0,9999999
58321,0,3413,20.0,12.14,0.0,0.0,17.02,282.28,0.0,6,100653.0,9999999
58321,0,3414,20.3,12.14,43.0,35.0,17.02,284.03,0.7,6,100660.0,9999999
58321,0,3415,20.7,12.14,102.0,85.0,17.02,284.99,1.3,6,100667.0,9999999
58321,0,3416,21.0,12.14,205.0,166.0,17.02,285.93,2.0,1,100674.0,9999999
58321,0,3417,22.0,12.14,404.0,249.0,17.02,285.93,3.3,6,100658.0,9999999
58321,0,3418,23.0,12.14,555.0,310.0,17.02,283.84,4.7,6,100643.0,9999999
58321,0,3419,24.0,12.14,592.0,289.0,17.02,284.41,6.0,7,100627.0,9999999
58321,0,3420,24.3,11.39,675.0,239.0,17.02,284.41,5.7,6,100538.0,9999999
58321,0,3421,24.7,10.67,781.0,244.0,17.02,285.93,5.3,6,100448.0,9999999
58321,0,3422,25.0,9.99,772.0,232.0,17.02,283.64,5.0,7,100359.0,9999999
58321,0,3423,25.0,9.54,680.0,176.0,17.02,282.87,4.3,6,100356.0,9999999
58321,0,3424,25.0,9.17,535.0,122.0,17.02,280.5,3.7,6,100352.0,9999999
58321,0,3425,25.0,8.75,335.0,94.0,17.02,280.3,3.0,7,100349.0,9999999
58321,0,3426,24.0,11.76,146.0,55.0,17.02,279.7,2.7,6,100361.0,9999999
58321,0,3427,23.0,8.75,30.0,15.0,17.02,278.48,2.3,6,100374.0,9999999
58321,0,3428,22.0,8.75,0.0,0.0,17.02,277.25,2.0,6,100386.0,9999999
58321,0,3429,20.7,9.8,0.0,0.0,17.02,275.79,2.3,6,100368.0,9999999
58321,0,3430,19.3,10.88,0.0,0.0,17.02,274.94,2.7,6,100350.0,9999999
58321,0,3431,18.0,12.14,0.0,0.0,17.02,274.09,3.0,6,100332.0,9999999
58321,0,3432,18.0,12.14,0.0,0.0,17.02,273.23,3.0,6,100332.0,9999999
58321,0,3433,18.0,12.14,0.0,0.0,17.02,272.58,3.0,6,100332.0,9999999
58321,0,3434,18.0,12.14,0.0,0.0,17.02,272.14,3.0,6,100332.0,9999999
58321,0,3435,17.7,11.91,0.0,0.0,17.02,272.58,2.7,6,100345.0,9999999
58321,0,3436,17.3,11.61,0.0,0.0,17.02,272.36,2.3,6,100358.0,9999999
58321,0,3437,17.0,11.39,0.0,0.0,17.02,272.14,2.0,5,100370.0,9999999
58321,0,3438,18.7,11.61,104.0,45.0,17.02,272.14,2.3,5,100409.0,9999999
58321,0,3439,20.3,11.91,283.0,89.0,17.02,272.8,2.7,5,100447.0,9999999
58321,0,3440,22.0,12.14,491.0,115.0,17.02,273.87,3.0,7,100486.0,9999999
58321,0,3441,23.3,12.14,683.0,133.0,17.02,275.58,2.0,6,100490.0,9999999
58321,0,3442,24.7,12.14,838.0,147.0,17.02,277.25,1.0,5,100495.0,9999999
58321,0,3443,26.0,12.14,939.0,157.0,17.02,278.89,0.0,5,100500.0,9999999
58321,0,3444,26.7,12.14,979.0,161.0,17.02,280.3,1.3,5,100447.0,9999999
58321,0,3445,27.3,9.54,956.0,158.0,17.02,281.29,2.7,5,100395.0,9999999
58321,0,3446,28.0,8.99,869.0,152.0,17.02,281.69,4.0,6,100342.0,9999999
58321,0,3447,28.0,8.99,724.0,142.0,17.02,281.89,4.0,5,100296.0,9999999
58321,0,3448,28.0,10.67,534.0,128.0,17.02,282.67,4.0,5,100249.0,9999999
58321,0,3449,28.0,9.99,321.0,109.0,17.02,283.64,4.0,6,100203.0,9999999
58321,0,3450,26.7,14.24,133.0,67.0,17.02,285.55,3.3,5,100225.0,9999999
58321,0,3451,25.3,10.88,27.0,19.0,17.02,285.93,2.7,5,100246.0,9999999
58321,0,3452,24.0,11.39,0.0,0.0,17.02,285.74,2.0,6,100268.0,9999999
58321,0,3453,23.3,11.53,0.0,0.0,17.02,284.99,2.0,5,100249.0,9999999
58321,0,3454,22.7,11.61,0.0,0.0,17.02,284.03,2.0,5,100230.0,9999999
58321,0,3455,22.0,11.76,0.0,0.0,17.02,283.64,2.0,5,100211.0,9999999
58321,0,3456,21.3,11.91,0.0,0.0,17.02,283.06,2.0,5,100192.0,9999999
58321,0,3457,20.7,11.99,0.0,0.0,17.02,282.67,2.0,5,100173.0,9999999
58321,0,3458,20.0,12.14,0.0,0.0,17.02,282.67,2.0,5,100154.0,9999999
58321,0,3459,19.7,12.14,0.0,0.0,17.02,281.1,1.3,5,100141.0,9999999
58321,0,3460,19.3,12.14,0.0,0.0,17.02,280.9,0.7,5,100127.0,9999999
58321,0,3461,19.0,12.14,0.0,0.0,17.02,280.3,0.0,5,100114.0,9999999
58321,0,3462,20.3,12.38,101.0,44.0,17.02,280.1,0.7,5,100132.0,9999999
58321,0,3463,21.7,12.7,273.0,87.0,17.02,280.3,1.3,5,100150.0,9999999
58321,0,3464,23.0,12.94,472.0,117.0,17.02,281.49,2.0,7,100168.0,9999999
58321,0,3465,24.3,13.19,660.0,137.0,17.02,282.87,1.3,6,100152.0,9999999
58321,0,3466,25.7,13.53,812.0,150.0,17.02,284.41,0.7,6,100137.0,9999999
58321,0,3467,27.0,13.79,913.0,159.0,17.02,285.74,0.0,6,100122.0,9999999
58321,0,3468,28.3,12.7,953.0,164.0,17.02,286.87,1.0,16,100077.0,9999999
58321,0,3469,29.7,11.61,931.0,161.0,17.02,287.43,2.0,1,100032.0,9999999
58321,0,3470,31.0,10.67,848.0,155.0,17.02,288.17,3.0,15,99986.0,9999999
58321,0,3471,31.3,10.67,708.0,146.0,17.02,287.62,2.0,3,99957.0,9999999
58321,0,3472,31.7,10.67,533.0,123.0,17.02,287.62,1.0,3,99927.0,9999999
58321,0,3473,32.0,10.67,339.0,94.0,17.02,286.87,0.0,4,99898.0,9999999
58321,0,3474,30.0,16.85,149.0,56.0,17.02,286.31,0.7,5,99919.0,9999999
58321,0,3475,28.0,16.44,31.0,16.0,17.02,285.55,1.3,5,99940.0,9999999
58321,0,3476,26.0,12.94,0.0,0.0,17.02,284.79,2.0,1,99961.0,9999999
58321,0,3477,25.3,13.19,0.0,0.0,17.02,284.99,2.0,5,99964.0,9999999
58321,0,3478,24.7,13.53,0.0,0.0,17.02,284.6,2.0,5,99967.0,9999999
58321,0,3479,24.0,13.79,0.0,0.0,17.02,284.6,2.0,4,99969.0,9999999
58321,0,3480,23.3,14.06,0.0,0.0,17.02,283.25,2.0,4,99972.0,9999999
58321,0,3481,22.7,14.42,0.0,0.0,17.02,282.67,2.0,4,99975.0,9999999
58321,0,3482,22.0,14.69,0.0,0.0,17.02,282.28,2.0,2,99977.0,9999999
58321,0,3483,22.5,14.88,0.0,0.0,17.02,281.89,2.0,4,100014.0,9999999
58321,0,3484,23.0,14.97,0.0,0.0,17.02,281.69,2.0,3,100051.0,9999999
58321,0,3485,23.5,15.16,0.0,0.0,17.02,281.49,2.0,3,100088.0,9999999
58321,0,3486,24.0,15.35,102.0,44.0,17.02,281.49,2.0,3,100125.0,9999999
58321,0,3487,24.5,15.45,277.0,87.0,17.02,281.89,2.0,3,100162.0,9999999
58321,0,3488,25.0,15.64,477.0,116.0,17.02,283.06,2.0,3,100200.0,9999999
58321,0,3489,25.7,14.97,663.0,138.0,17.02,284.41,2.3,4,100204.0,9999999
58321,0,3490,26.3,14.42,783.0,174.0,17.02,285.93,2.7,4,100208.0,9999999
58321,0,3491,27.0,13.79,848.0,203.0,17.02,288.9,3.0,3,100212.0,9999999
58321,0,3492,27.7,13.19,860.0,238.0,17.02,290.18,4.7,4,100189.0,9999999
58321,0,3493,28.3,12.7,814.0,258.0,17.02,293.55,6.3,4,100166.0,9999999
58321,0,3494,29.0,12.14,660.0,284.0,17.02,290.89,8.0,4,100144.0,9999999
58321,0,3495,28.7,12.94,499.0,303.0,17.02,294.07,7.3,4,100120.0,9999999
58321,0,3496,28.3,13.79,385.0,220.0,17.02,292.32,6.7,4,100097.0,9999999
58321,0,3497,28.0,14.69,231.0,133.0,17.02,293.89,6.0,4,100073.0,9999999
58321,0,3498,27.0,14.42,106.0,71.0,17.02,292.85,6.0,4,100095.0,9999999
58321,0,3499,26.0,14.06,28.0,18.0,17.02,287.62,6.0,4,100118.0,9999999
58321,0,3500,25.0,13.79,0.0,0.0,17.02,287.8,6.0,3,100140.0,9999999
58321,0,3501,24.5,13.97,0.0,0.0,17.02,286.68,6.0,3,100138.0,9999999
58321,0,3502,24.0,14.06,0.0,0.0,17.02,285.74,6.0,3,100135.0,9999999
58321,0,3503,23.5,14.24,0.0,0.0,17.02,284.79,6.0,4,100133.0,9999999
58321,0,3504,23.0,14.42,0.0,0.0,17.02,284.79,6.0,4,100131.0,9999999
58321,0,3505,22.5,14.51,0.0,0.0,17.02,284.41,6.0,4,100129.0,9999999
58321,0,3506,22.0,14.69,0.0,0.0,17.02,285.18,6.0,3,100127.0,9999999
58321,0,3507,21.7,14.42,0.0,0.0,17.02,285.93,6.0,4,100113.0,9999999
58321,0,3508,21.3,14.06,0.0,0.0,17.02,287.43,6.0,3,100099.0,9999999
58321,0,3509,21.0,13.79,0.0,0.0,17.02,288.54,6.0,3,100086.0,9999999
58321,0,3510,21.0,13.79,27.0,26.0,17.02,289.45,5.3,3,100119.0,9999999
58321,0,3511,21.0,13.79,81.0,78.0,17.02,289.99,4.7,4,100152.0,9999999
58321,0,3512,21.0,13.79,115.0,107.0,17.02,289.09,4.0,3,100185.0,9999999
58321,0,3513,21.3,13.53,139.0,111.0,17.02,290.18,4.7,3,100196.0,9999999
58321,0,3514,21.7,13.19,217.0,165.0,17.02,290.36,5.3,3,100206.0,9999999
58321,0,3515,22.0,12.94,216.0,174.0,17.02,290.89,6.0,4,100216.0,9999999
58321,0,3516,22.7,12.7,230.0,177.0,17.02,291.61,5.0,3,100177.0,9999999
58321,0,3517,23.3,12.38,233.0,177.0,17.02,291.79,4.0,3,100138.0,9999999
58321,0,3518,24.0,12.14,170.0,154.0,17.02,291.96,3.0,5,100099.0,9999999
58321,0,3519,24.0,12.14,143.0,138.0,17.02,291.79,3.7,3,100066.0,9999999
58321,0,3520,24.0,12.14,95.0,91.0,17.02,291.25,4.3,3,100032.0,9999999
58321,0,3521,24.0,12.14,60.0,59.0,17.02,290.36,5.0,4,99999.0,9999999
58321,0,3522,23.3,12.14,27.0,27.0,17.02,289.81,4.7,3,100018.0,9999999
58321,0,3523,22.7,12.14,6.0,6.0,17.02,289.63,4.3,3,100038.0,9999999
58321,0,3524,22.0,12.14,0.0,0.0,17.02,289.45,4.0,3,100057.0,9999999
58321,0,3525,21.5,11.76,0.0,0.0,17.02,288.72,4.0,3,100050.0,9999999
58321,0,3526,21.0,11.39,0.0,0.0,17.02,288.9,4.0,3,100043.0,9999999
58321,0,3527,20.5,11.02,0.0,0.0,17.02,288.72,4.0,3,100035.0,9999999
58321,0,3528,20.0,10.67,0.0,0.0,17.02,288.35,4.0,3,100028.0,9999999
58321,0,3529,19.5,10.33,0.0,0.0,17.02,288.17,4.0,3,100021.0,9999999
58321,0,3530,19.0,9.99,0.0,0.0,17.02,287.62,4.0,3,100014.0,9999999
58321,0,3531,18.7,9.8,0.0,0.0,17.02,287.43,4.3,3,100004.0,9999999
58321,0,3532,18.3,9.54,0.0,0.0,17.02,287.06,4.7,3,99993.0,9999999
58321,0,3533,18.0,9.36,0.0,0.0,17.02,287.8,5.0,1,99983.0,9999999
58321,0,3534,18.3,9.54,15.0,15.0,17.02,287.8,4.3,3,100000.0,9999999
58321,0,3535,18.7,9.8,42.0,40.0,17.02,288.17,3.7,3,100017.0,9999999
58321,0,3536,19.0,9.99,72.0,70.0,17.02,288.72,3.0,3,100034.0,9999999
58321,0,3537,20.0,10.67,84.0,80.0,17.02,289.09,3.3,2,100041.0,9999999
58321,0,3538,21.0,11.39,105.0,88.0,17.02,289.27,3.7,1,100049.0,9999999
58321,0,3539,22.0,12.14,128.0,112.0,17.02,289.27,4.0,3,100057.0,9999999
58321,0,3540,22.0,12.38,144.0,135.0,17.02,289.63,3.3,1,100034.0,9999999
58321,0,3541,22.0,12.7,134.0,125.0,17.02,289.09,2.7,1,100010.0,9999999
58321,0,3542,22.0,12.94,77.0,73.0,17.02,289.99,2.0,3,99987.0,9999999
58321,0,3543,22.0,12.94,41.0,40.0,17.02,289.45,2.3,1,99937.0,9999999
58321,0,3544,22.0,12.94,32.0,32.0,17.02,289.63,2.7,2,99887.0,9999999
58321,0,3545,22.0,12.94,24.0,24.0,17.02,289.81,3.0,2,99838.0,9999999
58321,0,3546,21.3,13.19,13.0,13.0,17.02,289.99,3.3,1,99850.0,9999999
58321,0,3547,20.7,13.53,3.0,3.0,17.02,289.99,3.7,1,99863.0,9999999
58321,0,3548,20.0,13.79,0.0,0.0,17.02,289.99,4.0,1,99875.0,9999999
58321,0,3549,20.0,13.97,0.0,0.0,17.02,290.54,3.8,1,99859.0,9999999
58321,0,3550,20.0,14.06,0.0,0.0,17.02,290.89,3.7,16,99842.0,9999999
58321,0,3551,20.0,14.24,0.0,0.0,17.02,291.07,3.5,1,99825.0,9999999
58321,0,3552,20.0,14.42,0.0,0.0,17.02,291.25,3.3,16,99809.0,9999999
58321,0,3553,20.0,14.51,0.0,0.0,17.02,291.25,3.2,16,99792.0,9999999
58321,0,3554,20.0,14.69,0.0,0.0,17.02,291.25,3.0,2,99776.0,9999999
58321,0,3555,20.0,14.42,0.0,0.0,17.02,291.07,3.3,16,99766.0,9999999
58321,0,3556,20.0,14.06,0.0,0.0,17.02,291.07,3.7,16,99756.0,9999999
58321,0,3557,20.0,13.79,0.0,0.0,17.02,291.07,4.0,1,99746.0,9999999
58321,0,3558,19.7,13.53,7.0,7.0,17.02,291.07,3.7,16,99789.0,9999999
58321,0,3559,19.3,13.19,22.0,21.0,17.02,290.89,3.3,16,99831.0,9999999
58321,0,3560,19.0,12.94,46.0,45.0,17.02,291.07,3.0,1,99874.0,9999999
58321,0,3561,19.3,13.19,64.0,64.0,17.02,290.89,3.0,16,99901.0,9999999
58321,0,3562,19.7,13.53,79.0,79.0,17.02,290.89,3.0,15,99928.0,9999999
58321,0,3563,20.0,13.79,90.0,90.0,17.02,290.89,3.0,1,99955.0,9999999
58321,0,3564,19.7,13.53,106.0,105.0,17.02,291.25,3.3,16,99945.0,9999999
58321,0,3565,19.3,13.19,127.0,121.0,17.02,291.25,3.7,15,99934.0,9999999
58321,0,3566,19.0,12.94,126.0,122.0,17.02,291.07,4.0,1,99924.0,9999999
58321,0,3567,19.0,12.7,107.0,105.0,17.02,291.07,3.7,15,99927.0,9999999
58321,0,3568,19.0,12.38,81.0,78.0,17.02,290.72,3.3,15,99931.0,9999999
58321,0,3569,19.0,12.14,49.0,47.0,17.02,290.72,3.0,16,99934.0,9999999
58321,0,3570,18.7,11.91,17.0,16.0,17.02,290.54,3.0,16,99974.0,9999999
58321,0,3571,18.3,11.61,4.0,3.0,17.02,289.99,3.0,16,100013.0,9999999
58321,0,3572,18.0,11.39,0.0,0.0,17.02,289.09,3.0,1,100053.0,9999999
58321,0,3573,17.8,11.39,0.0,0.0,17.02,289.09,2.5,1,100071.0,9999999
58321,0,3574,17.7,11.39,0.0,0.0,17.02,288.72,2.0,16,100089.0,9999999
58321,0,3575,17.5,11.39,0.0,0.0,17.02,288.54,1.5,16,100107.0,9999999
58321,0,3576,17.3,11.39,0.0,0.0,17.02,288.35,1.0,16,100125.0,9999999
58321,0,3577,17.2,11.39,0.0,0.0,17.02,288.35,0.5,16,100143.0,9999999
58321,0,3578,17.0,11.39,0.0,0.0,17.02,287.99,0.0,16,100161.0,9999999
58321,0,3579,17.0,11.39,0.0,0.0,17.02,287.99,0.0,16,100168.0,9999999
58321,0,3580,17.0,11.39,0.0,0.0,17.02,287.99,0.0,15,100174.0,9999999
58321,0,3581,17.0,11.39,0.0,0.0,17.02,287.8,0.0,15,100181.0,9999999
58321,0,3582,17.3,11.61,27.0,25.0,17.02,287.62,0.7,15,100261.0,9999999
58321,0,3583,17.7,11.91,102.0,75.0,17.02,287.62,1.3,15,100341.0,9999999
58321,0,3584,18.0,12.14,200.0,145.0,17.02,285.55,2.0,16,100421.0,9999999
58321,0,3585,19.0,12.3,309.0,224.0,17.02,287.62,2.0,15,100418.0,9999999
58321,0,3586,20.0,12.38,516.0,298.0,17.02,287.06,2.0,15,100414.0,9999999
58321,0,3587,21.0,12.54,748.0,275.0,17.02,285.74,2.0,15,100410.0,9999999
58321,0,3588,22.0,12.7,885.0,203.0,17.02,284.41,2.0,16,100406.0,9999999
58321,0,3589,23.0,12.78,909.0,187.0,17.02,282.87,2.0,16,100402.0,9999999
58321,0,3590,24.0,12.94,639.0,235.0,17.02,283.84,2.0,15,100398.0,9999999
58321,0,3591,24.3,12.94,342.0,264.0,17.02,291.96,2.0,15,100365.0,9999999
58321,0,3592,24.7,12.94,256.0,215.0,17.02,292.14,2.0,14,100332.0,9999999
58321,0,3593,25.0,12.94,182.0,146.0,17.02,291.79,2.0,12,100299.0,9999999
58321,0,3594,24.0,11.39,94.0,69.0,17.02,289.63,1.7,10,100308.0,9999999
58321,0,3595,23.0,9.99,22.0,17.0,17.02,287.62,1.3,10,100317.0,9999999
58321,0,3596,22.0,12.62,0.0,0.0,17.02,283.45,1.0,11,100326.0,9999999
58321,0,3597,21.7,13.03,0.0,0.0,17.02,280.3,0.7,10,100334.0,9999999
58321,0,3598,21.3,10.19,0.0,0.0,17.02,279.09,0.4,10,100342.0,9999999
58321,0,3599,21.0,11.02,0.0,0.0,17.02,278.48,0.2,10,100350.0,9999999
58321,0,3600,20.7,11.91,0.0,0.0,17.02,278.07,0.0,10,100358.0,9999999
58321,0,3601,20.3,12.78,0.0,0.0,17.02,277.86,0.0,9,100366.0,9999999
58321,0,3602,20.0,13.79,0.0,0.0,17.02,277.66,0.0,9,100374.0,9999999
58321,0,3603,19.3,13.53,0.0,0.0,17.02,277.66,0.0,9,100360.0,9999999
58321,0,3604,18.7,13.19,0.0,0.0,17.02,277.25,0.0,8,100346.0,9999999
58321,0,3605,18.0,12.94,0.0,0.0,17.02,277.04,0.0,8,100332.0,9999999
58321,0,3606,19.3,13.19,108.0,44.0,17.02,277.04,0.7,8,100336.0,9999999
58321,0,3607,20.7,13.53,285.0,85.0,17.02,277.66,1.3,8,100341.0,9999999
58321,0,3608,22.0,13.79,485.0,114.0,17.02,278.89,2.0,8,100346.0,9999999
58321,0,3609,23.3,13.19,667.0,140.0,17.02,280.7,2.7,8,100341.0,9999999
58321,0,3610,24.7,12.7,795.0,202.0,17.02,282.28,3.3,8,100335.0,9999999
58321,0,3611,26.0,12.14,853.0,283.0,17.02,284.22,4.0,8,100330.0,9999999
58321,0,3612,26.3,12.14,862.0,329.0,17.02,286.12,3.3,7,100311.0,9999999
58321,0,3613,26.7,12.14,847.0,321.0,17.02,287.62,2.7,7,100291.0,9999999
58321,0,3614,27.0,12.14,815.0,225.0,17.02,287.62,2.0,8,100271.0,9999999
58321,0,3615,27.3,12.38,715.0,143.0,17.02,286.31,2.3,7,100235.0,9999999
58321,0,3616,27.7,12.7,539.0,126.0,17.02,286.5,2.7,7,100199.0,9999999
58321,0,3617,28.0,12.94,342.0,97.0,17.02,285.93,3.0,8,100163.0,9999999
58321,0,3618,25.7,14.88,155.0,58.0,17.02,285.55,2.3,6,100168.0,9999999
58321,0,3619,25.0,15.25,34.0,17.0,17.02,284.79,2.2,6,100168.0,9999999
58321,0,3620,24.5,15.45,0.0,0.0,17.02,283.45,2.2,6,100167.0,9999999
58321,0,3621,23.6,15.35,0.0,0.0,17.02,283.06,1.8,8,100248.0,9999999
58321,0,3622,22.8,15.35,0.0,0.0,17.02,282.87,1.2,10,100326.0,9999999
58321,0,3623,21.9,15.35,0.0,0.0,17.02,282.67,0.6,11,100401.0,9999999
58321,0,3624,21.1,15.35,0.0,0.0,22.83,292.49,0.4,13,100475.0,9999999
58321,0,3625,20.9,15.25,0.0,0.0,22.83,292.49,1.2,13,100464.0,9999999
58321,0,3626,20.7,15.06,0.0,0.0,22.83,292.14,2.5,12,100455.0,9999999
58321,0,3627,20.5,14.78,0.0,0.0,22.83,291.96,3.8,13,100459.0,9999999
58321,0,3628,20.2,14.51,0.0,0.0,22.83,291.96,4.6,13,100475.0,9999999
58321,0,3629,19.8,14.15,0.0,0.0,22.83,291.61,5.0,13,100503.0,9999999
58321,0,3630,20.0,14.33,11.0,11.0,22.83,291.79,5.0,13,100483.0,9999999
58321,0,3631,19.7,13.97,45.0,45.0,22.83,291.43,5.0,13,100523.0,9999999
58321,0,3632,19.3,13.53,102.0,99.0,22.83,291.61,5.0,13,100562.0,9999999
58321,0,3633,19.5,13.45,167.0,158.0,22.83,291.43,5.3,13,100579.0,9999999
58321,0,3634,19.8,13.36,210.0,195.0,22.83,291.79,5.7,13,100596.0,9999999
58321,0,3635,20.0,13.28,211.0,198.0,22.83,292.49,6.0,13,100613.0,9999999
58321,0,3636,19.9,13.19,228.0,213.0,22.83,292.85,5.7,13,100606.0,9999999
58321,0,3637,19.8,13.11,306.0,249.0,22.83,292.67,5.3,13,100599.0,9999999
58321,0,3638,19.7,13.03,294.0,217.0,22.83,292.49,5.0,12,100593.0,9999999
58321,0,3639,19.6,13.19,200.0,156.0,22.83,290.72,5.0,13,100566.0,9999999
58321,0,3640,19.5,13.28,115.0,102.0,22.83,289.63,5.0,12,100539.0,9999999
58321,0,3641,19.4,13.45,48.0,48.0,22.83,289.63,5.0,12,100513.0,9999999
58321,0,3642,19.1,13.28,26.0,26.0,22.83,288.9,2.5,12,100497.0,9999999
58321,0,3643,18.9,13.03,8.0,8.0,22.83,288.17,0.0,12,100482.0,9999999
58321,0,3644,19.2,13.28,0.0,0.0,22.83,287.43,3.0,12,100562.0,9999999
58321,0,3645,19.1,13.28,0.0,0.0,22.83,286.31,2.5,12,100549.0,9999999
58321,0,3646,19.1,13.19,0.0,0.0,22.83,284.79,2.0,12,100536.0,9999999
58321,0,3647,19.0,13.11,0.0,0.0,22.83,282.08,1.5,12,100522.0,9999999
58321,0,3648,19.0,13.11,0.0,0.0,22.83,282.48,1.0,12,100509.0,9999999
58321,0,3649,19.0,13.03,0.0,0.0,22.83,280.5,0.5,12,100496.0,9999999
58321,0,3650,18.9,13.03,0.0,0.0,22.83,279.7,0.0,13,100482.0,9999999
58321,0,3651,18.5,12.78,0.0,0.0,22.83,279.29,0.3,13,100469.0,9999999
58321,0,3652,18.1,12.54,0.0,0.0,22.83,277.25,0.7,13,100455.0,9999999
58321,0,3653,17.7,12.3,0.0,0.0,22.83,276.21,1.0,12,100441.0,9999999
58321,0,3654,18.5,12.38,108.0,47.0,22.83,275.36,1.3,13,100445.0,9999999
58321,0,3655,19.3,12.46,285.0,90.0,22.83,275.36,1.7,13,100449.0,9999999
58321,0,3656,20.1,12.54,490.0,120.0,22.83,276.21,2.0,14,100454.0,9999999
58321,0,3657,21.4,12.54,682.0,137.0,22.83,277.45,1.7,13,100435.0,9999999
58321,0,3658,22.6,12.46,836.0,148.0,22.83,278.89,1.3,13,100416.0,9999999
58321,0,3659,23.9,12.46,938.0,156.0,22.83,280.3,1.0,8,100398.0,9999999
58321,0,3660,25.2,11.68,980.0,158.0,22.83,281.29,1.3,11,100336.0,9999999
58321,0,3661,26.4,10.95,958.0,156.0,22.83,281.89,1.7,11,100274.0,9999999
58321,0,3662,27.7,10.26,872.0,152.0,22.83,282.48,2.0,8,100212.0,9999999
58321,0,3663,27.8,10.19,735.0,140.0,22.83,282.87,2.3,10,100156.0,9999999
58321,0,3664,28.0,10.13,560.0,120.0,22.83,282.48,2.7,9,100100.0,9999999
58321,0,3665,28.1,10.06,359.0,95.0,22.83,282.08,3.0,9,100043.0,9999999
58321,0,3666,26.9,15.64,165.0,59.0,22.83,281.29,2.7,9,100042.0,9999999
58321,0,3667,25.7,11.68,38.0,18.0,22.83,279.9,2.3,9,100041.0,9999999
58321,0,3668,24.5,12.54,0.0,0.0,22.83,278.07,2.0,7,100040.0,9999999
58321,0,3669,23.9,12.7,0.0,0.0,22.83,277.04,2.0,8,100047.0,9999999
58321,0,3670,23.2,12.86,0.0,0.0,22.83,276.83,2.0,8,100055.0,9999999
58321,0,3671,22.5,13.03,0.0,0.0,22.83,277.45,2.0,8,100062.0,9999999
58321,0,3672,21.9,13.19,0.0,0.0,22.83,278.27,2.0,8,100070.0,9999999
58321,0,3673,21.2,13.36,0.0,0.0,22.83,277.04,2.0,9,100078.0,9999999
58321,0,3674,20.6,13.53,0.0,0.0,22.83,277.04,2.0,2,100085.0,9999999
58321,0,3675,20.5,13.36,0.0,0.0,22.83,276.41,1.3,9,100069.0,9999999
58321,0,3676,20.5,13.11,0.0,0.0,22.83,276.41,0.7,9,100052.0,9999999
58321,0,3677,20.4,12.94,0.0,0.0,22.83,276.21,0.0,9,100035.0,9999999
58321,0,3678,21.0,13.19,110.0,45.0,22.83,276.62,1.0,11,100036.0,9999999
58321,0,3679,21.5,13.36,287.0,86.0,22.83,277.86,2.0,12,100036.0,9999999
58321,0,3680,22.1,13.62,487.0,114.0,22.83,279.7,3.0,9,100037.0,9999999
58321,0,3681,24.1,12.86,674.0,133.0,22.83,281.29,3.3,12,100032.0,9999999
58321,0,3682,26.0,12.22,827.0,146.0,22.83,282.48,3.7,12,100028.0,9999999
58321,0,3683,28.0,11.53,930.0,154.0,22.83,283.45,4.0,12,100023.0,9999999
58321,0,3684,28.7,11.68,970.0,158.0,22.83,284.41,4.3,13,99991.0,9999999
58321,0,3685,29.4,11.76,945.0,157.0,22.83,285.55,4.7,13,99958.0,9999999
58321,0,3686,30.1,11.91,865.0,150.0,22.83,286.31,5.0,13,99926.0,9999999
58321,0,3687,30.4,11.68,729.0,139.0,22.83,285.55,4.3,13,99879.0,9999999
58321,0,3688,30.8,11.53,546.0,123.0,22.83,285.74,3.7,14,99833.0,9999999
58321,0,3689,31.1,11.31,339.0,99.0,22.83,285.37,3.0,12,99787.0,9999999
58321,0,3690,29.8,11.61,146.0,59.0,22.83,286.5,3.0,16,99829.0,9999999
58321,0,3691,28.6,11.83,32.0,16.0,22.83,285.18,3.0,15,99871.0,9999999
58321,0,3692,27.3,12.14,0.0,0.0,22.83,282.08,3.0,14,99913.0,9999999
58321,0,3693,26.4,12.38,0.0,0.0,22.83,280.5,3.0,4,99935.0,9999999
58321,0,3694,25.5,12.62,0.0,0.0,22.83,278.27,3.0,6,99957.0,9999999
58321,0,3695,24.5,12.86,0.0,0.0,22.83,277.25,3.0,7,99980.0,9999999
58321,0,3696,23.6,13.11,0.0,0.0,22.83,276.83,3.0,9,100002.0,9999999
58321,0,3697,22.7,13.36,0.0,0.0,22.83,276.0,3.0,10,100024.0,9999999
58321,0,3698,21.8,13.62,0.0,0.0,22.83,275.36,3.0,8,100047.0,9999999
58321,0,3699,21.0,13.53,0.0,0.0,22.83,275.58,2.7,9,100056.0,9999999
58321,0,3700,20.2,13.53,0.0,0.0,22.83,274.94,2.3,9,100065.0,9999999
58321,0,3701,19.4,13.45,0.0,0.0,22.83,274.52,2.0,10,100074.0,9999999
58321,0,3702,20.9,10.19,115.0,44.0,22.83,274.52,1.3,12,100122.0,9999999
58321,0,3703,22.3,12.62,297.0,84.0,22.83,275.36,0.7,14,100170.0,9999999
58321,0,3704,23.8,12.22,500.0,110.0,22.83,276.83,0.0,14,100218.0,9999999
58321,0,3705,25.8,11.24,682.0,133.0,22.83,278.68,0.0,15,100234.0,9999999
58321,0,3706,27.7,10.33,805.0,168.0,22.83,280.7,0.0,0,100249.0,9999999
58321,0,3707,29.7,9.48,854.0,195.0,22.83,284.99,0.0,1,100264.0,9999999
58321,0,3708,30.2,9.42,881.0,205.0,22.83,285.93,0.7,1,100248.0,9999999
58321,0,3709,30.6,9.42,882.0,202.0,22.83,286.5,1.3,2,100232.0,9999999
58321,0,3710,31.1,9.36,834.0,170.0,22.83,287.06,2.0,16,100216.0,9999999
58321,0,3711,31.0,9.29,729.0,138.0,22.83,284.6,2.3,2,100206.0,9999999
58321,0,3712,30.9,9.29,554.0,120.0,22.83,284.99,2.7,2,100196.0,9999999
58321,0,3713,30.8,9.23,355.0,96.0,22.83,284.6,3.0,15,100186.0,9999999
58321,0,3714,29.4,15.74,165.0,59.0,22.83,283.84,2.0,1,100217.0,9999999
58321,0,3715,27.9,11.91,38.0,19.0,22.83,282.48,1.0,2,100249.0,9999999
58321,0,3716,26.5,13.45,0.0,0.0,22.83,280.5,0.0,2,100281.0,9999999
58321,0,3717,25.7,13.53,0.0,0.0,22.83,279.09,0.0,3,100315.0,9999999
58321,0,3718,24.9,13.62,0.0,0.0,22.83,278.27,0.0,4,100349.0,9999999
58321,0,3719,24.1,13.71,0.0,0.0,22.83,278.48,0.0,4,100383.0,9999999
58321,0,3720,23.4,13.71,0.0,0.0,22.83,279.09,0.0,5,100417.0,9999999
58321,0,3721,22.6,13.79,0.0,0.0,22.83,278.48,0.0,5,100451.0,9999999
58321,0,3722,21.8,13.88,0.0,0.0,22.83,277.25,0.0,6,100485.0,9999999
58321,0,3723,21.4,13.36,0.0,0.0,22.83,276.41,0.0,7,100521.0,9999999
58321,0,3724,20.9,12.86,0.0,0.0,22.83,276.21,0.0,8,100557.0,9999999
58321,0,3725,20.5,12.38,0.0,0.0,22.83,276.0,0.0,9,100594.0,9999999
58321,0,3726,22.1,11.68,113.0,44.0,22.83,275.79,1.0,16,100648.0,9999999
58321,0,3727,23.7,11.09,293.0,86.0,22.83,276.62,2.0,1,100703.0,9999999
58321,0,3728,25.3,10.46,496.0,113.0,22.83,278.07,3.0,3,100758.0,9999999
58321,0,3729,26.9,15.54,685.0,132.0,22.83,279.7,2.0,2,100753.0,9999999
58321,0,3730,28.4,12.62,837.0,144.0,22.83,281.1,1.0,2,100748.0,9999999
58321,0,3731,30.0,13.03,937.0,153.0,22.83,282.48,0.0,3,100743.0,9999999
58321,0,3732,30.6,12.94,977.0,157.0,22.83,283.64,0.7,4,100697.0,9999999
58321,0,3733,31.2,8.52,954.0,155.0,22.83,284.6,1.3,5,100651.0,9999999
58321,0,3734,31.8,8.3,875.0,146.0,22.83,284.99,2.0,1,100605.0,9999999
58321,0,3735,31.8,8.02,741.0,134.0,22.83,284.03,2.7,5,100572.0,9999999
58321,0,3736,31.8,7.7,563.0,117.0,22.83,284.03,3.3,5,100539.0,9999999
58321,0,3737,31.8,9.99,362.0,94.0,22.83,284.03,4.0,6,100506.0,9999999
58321,0,3738,30.5,15.64,168.0,59.0,22.83,283.45,3.3,5,100554.0,9999999
58321,0,3739,29.2,14.24,39.0,19.0,22.83,282.28,2.7,5,100603.0,9999999
58321,0,3740,27.9,10.95,0.0,0.0,22.83,280.9,2.0,5,100651.0,9999999
58321,0,3741,27.2,10.81,0.0,0.0,22.83,280.1,2.2,5,100667.0,9999999
58321,0,3742,26.5,10.67,0.0,0.0,22.83,279.7,2.3,5,100683.0,9999999
58321,0,3743,25.8,13.97,0.0,0.0,22.83,279.09,2.5,5,100699.0,9999999
58321,0,3744,25.1,10.33,0.0,0.0,22.83,278.48,2.7,5,100715.0,9999999
58321,0,3745,24.4,13.79,0.0,0.0,22.83,277.86,2.8,5,100731.0,9999999
58321,0,3746,23.7,10.06,0.0,0.0,22.83,277.45,3.0,4,100747.0,9999999
58321,0,3747,22.9,10.81,0.0,0.0,22.83,277.66,2.7,5,100752.0,9999999
58321,0,3748,22.2,11.68,0.0,0.0,22.83,277.25,2.3,5,100758.0,9999999
58321,0,3749,21.4,12.54,0.0,0.0,22.83,277.04,2.0,4,100764.0,9999999
58321,0,3750,22.4,12.46,113.0,44.0,22.83,276.83,2.0,5,100785.0,9999999
58321,0,3751,23.5,12.3,291.0,85.0,22.83,277.25,2.0,5,100806.0,9999999
58321,0,3752,24.5,12.22,491.0,115.0,22.83,278.48,2.0,4,100827.0,9999999
58321,0,3753,26.2,11.91,673.0,151.0,22.83,280.1,2.7,5,100816.0,9999999
58321,0,3754,27.8,11.61,808.0,195.0,22.83,282.48,3.3,5,100804.0,9999999
58321,0,3755,29.5,11.31,902.0,220.0,22.83,284.41,4.0,5,100792.0,9999999
58321,0,3756,30.4,11.09,951.0,208.0,22.83,285.74,3.7,5,100747.0,9999999
58321,0,3757,31.4,10.88,936.0,186.0,22.83,286.31,3.3,6,100701.0,9999999
58321,0,3758,32.3,10.67,860.0,168.0,22.83,286.87,3.0,5,100656.0,9999999
58321,0,3759,32.5,10.26,732.0,144.0,22.83,286.31,3.0,5,100609.0,9999999
58321,0,3760,32.6,13.28,559.0,120.0,22.83,285.74,3.0,5,100563.0,9999999
58321,0,3761,32.8,13.71,360.0,95.0,22.83,285.74,3.0,5,100517.0,9999999
58321,0,3762,31.6,17.82,167.0,59.0,22.83,285.37,3.0,5,100549.0,9999999
58321,0,3763,30.3,17.17,39.0,19.0,22.83,284.6,3.0,5,100581.0,9999999
58321,0,3764,29.1,12.86,1.0,1.0,22.83,283.45,3.0,5,100613.0,9999999
58321,0,3765,28.4,13.11,0.0,0.0,22.83,282.87,2.8,5,100602.0,9999999
58321,0,3766,27.6,13.45,0.0,0.0,22.83,282.48,2.7,5,100591.0,9999999
58321,0,3767,26.9,13.79,0.0,0.0,22.83,282.08,2.5,5,100580.0,9999999
58321,0,3768,26.1,14.06,0.0,0.0,22.83,281.89,2.3,5,100570.0,9999999
58321,0,3769,25.4,14.33,0.0,0.0,22.83,281.69,2.2,5,100559.0,9999999
58321,0,3770,24.6,14.69,0.0,0.0,22.83,281.29,2.0,4,100548.0,9999999
58321,0,3771,24.2,14.69,0.0,0.0,22.83,285.37,2.3,5,100544.0,9999999
58321,0,3772,23.9,14.69,0.0,0.0,22.83,286.31,2.7,5,100541.0,9999999
58321,0,3773,23.5,14.69,0.0,0.0,22.83,287.8,3.0,5,100537.0,9999999
58321,0,3774,24.1,15.16,46.0,43.0,22.83,287.8,2.7,5,100587.0,9999999
58321,0,3775,24.8,15.54,124.0,110.0,22.83,287.99,2.3,5,100638.0,9999999
58321,0,3776,25.4,16.04,259.0,207.0,22.83,288.35,2.0,5,100688.0,9999999
58321,0,3777,26.1,16.24,427.0,304.0,22.83,289.45,2.0,6,100699.0,9999999
58321,0,3778,26.8,16.54,577.0,363.0,22.83,289.81,2.0,6,100710.0,9999999
58321,0,3779,27.5,16.75,697.0,400.0,22.83,291.25,2.0,9,100721.0,9999999
58321,0,3780,29.0,16.85,751.0,414.0,22.83,291.96,1.3,8,100662.0,9999999
58321,0,3781,30.4,16.85,721.0,395.0,22.83,293.2,0.7,9,100604.0,9999999
58321,0,3782,31.9,16.96,709.0,325.0,22.83,292.85,0.0,6,100546.0,9999999
58321,0,3783,32.4,14.78,658.0,241.0,22.83,291.61,1.0,5,100506.0,9999999
58321,0,3784,33.0,12.94,496.0,179.0,22.83,291.61,2.0,5,100467.0,9999999
58321,0,3785,33.5,15.25,321.0,125.0,22.83,290.89,3.0,6,100428.0,9999999
58321,0,3786,32.0,20.15,156.0,72.0,22.83,289.63,2.7,6,100436.0,9999999
58321,0,3787,30.5,18.49,39.0,20.0,22.83,287.62,2.3,6,100444.0,9999999
58321,0,3788,29.0,14.69,1.0,1.0,22.83,285.55,2.0,6,100453.0,9999999
58321,0,3789,28.3,14.97,0.0,0.0,22.83,284.6,1.7,6,100444.0,9999999
58321,0,3790,27.5,15.25,0.0,0.0,22.83,284.41,1.3,6,100435.0,9999999
58321,0,3791,26.8,15.54,0.0,0.0,22.83,283.84,1.0,6,100426.0,9999999
58321,0,3792,26.1,15.84,0.0,0.0,22.83,283.06,0.7,6,100417.0,9999999
58321,0,3793,25.3,16.14,0.0,0.0,22.83,282.67,0.3,6,100408.0,9999999
58321,0,3794,24.6,16.44,0.0,0.0,22.83,282.67,0.0,6,100399.0,9999999
58321,0,3795,24.6,16.65,0.0,0.0,22.83,284.03,0.7,6,100405.0,9999999
58321,0,3796,24.7,16.96,0.0,0.0,22.83,284.6,1.3,6,100412.0,9999999
58321,0,3797,24.7,17.17,0.0,0.0,22.83,284.99,2.0,7,100419.0,9999999
58321,0,3798,25.7,17.28,107.0,44.0,22.83,285.37,3.3,6,100426.0,9999999
58321,0,3799,26.7,17.28,278.0,85.0,22.83,286.5,4.7,7,100434.0,9999999
58321,0,3800,27.7,17.38,473.0,113.0,22.83,287.99,6.0,8,100442.0,9999999
58321,0,3801,29.1,16.75,654.0,134.0,22.83,289.63,5.3,8,100410.0,9999999
58321,0,3802,30.6,16.14,800.0,149.0,22.83,291.25,4.7,8,100378.0,9999999
58321,0,3803,32.0,15.54,899.0,156.0,22.83,292.49,4.0,9,100346.0,9999999
58321,0,3804,33.0,15.54,940.0,158.0,22.83,293.72,3.3,9,100277.0,9999999
58321,0,3805,33.9,15.64,919.0,155.0,22.83,294.76,2.7,9,100209.0,9999999
58321,0,3806,34.9,15.64,837.0,148.0,22.83,295.61,2.0,9,100140.0,9999999
58321,0,3807,34.6,16.34,677.0,139.0,22.83,295.79,2.7,9,100100.0,9999999
58321,0,3808,34.2,17.17,487.0,120.0,22.83,296.63,3.3,9,100059.0,9999999
58321,0,3809,33.9,17.93,313.0,91.0,22.83,297.47,4.0,7,100019.0,9999999
58321,0,3810,33.0,18.04,148.0,57.0,22.83,296.97,4.0,8,100045.0,9999999
58321,0,3811,32.1,18.26,37.0,19.0,22.83,294.93,4.0,8,100071.0,9999999
58321,0,3812,31.2,18.38,1.0,1.0,22.83,293.89,4.0,8,100096.0,9999999
58321,0,3813,30.8,18.38,0.0,0.0,22.83,293.2,4.2,8,100096.0,9999999
58321,0,3814,30.3,18.38,0.0,0.0,22.83,292.49,4.3,9,100095.0,9999999
58321,0,3815,29.9,18.38,0.0,0.0,22.83,291.96,4.5,9,100095.0,9999999
58321,0,3816,29.4,18.38,0.0,0.0,22.83,291.25,4.7,9,100094.0,9999999
58321,0,3817,29.0,18.38,0.0,0.0,22.83,291.25,4.8,9,100094.0,9999999
58321,0,3818,28.5,18.38,0.0,0.0,22.83,290.72,5.0,8,100094.0,9999999
58321,0,3819,28.2,18.26,0.0,0.0,22.83,290.72,5.0,9,100097.0,9999999
58321,0,3820,27.8,18.15,0.0,0.0,22.83,290.89,5.0,9,100099.0,9999999
58321,0,3821,27.5,18.04,0.0,0.0,22.83,290.89,5.0,8,100102.0,9999999
58321,0,3822,28.1,18.26,104.0,44.0,22.83,290.72,4.3,8,100146.0,9999999
58321,0,3823,28.6,18.49,272.0,85.0,22.83,291.07,3.7,8,100190.0,9999999
58321,0,3824,29.2,18.72,465.0,115.0,22.83,292.14,3.0,9,100234.0,9999999
58321,0,3825,30.5,18.72,646.0,135.0,22.83,293.37,3.7,9,100219.0,9999999
58321,0,3826,31.8,18.72,775.0,149.0,22.83,294.59,4.3,9,100203.0,9999999
58321,0,3827,33.1,18.72,810.0,174.0,22.83,295.96,5.0,10,100188.0,9999999
58321,0,3828,33.4,18.84,723.0,220.0,22.83,297.14,5.0,10,100132.0,9999999
58321,0,3829,33.6,18.95,700.0,225.0,22.83,298.14,5.0,10,100075.0,9999999
58321,0,3830,33.9,19.07,680.0,227.0,22.83,296.97,5.0,9,100019.0,9999999
58321,0,3831,33.4,19.07,559.0,227.0,22.83,298.97,4.7,10,99962.0,9999999
58321,0,3832,32.9,19.07,388.0,165.0,22.83,298.64,4.3,10,99905.0,9999999
58321,0,3833,32.4,19.07,236.0,104.0,22.83,299.14,4.0,9,99848.0,9999999
58321,0,3834,31.9,18.72,136.0,61.0,22.83,297.31,4.0,6,99854.0,9999999
58321,0,3835,31.5,18.49,34.0,22.0,22.83,295.61,4.0,6,99861.0,9999999
58321,0,3836,31.0,18.15,1.0,1.0,22.83,294.41,4.0,8,99867.0,9999999
58321,0,3837,30.5,18.15,0.0,0.0,22.83,293.37,4.2,7,99865.0,9999999
58321,0,3838,30.0,18.04,0.0,0.0,22.83,292.49,4.3,8,99862.0,9999999
58321,0,3839,29.5,17.93,0.0,0.0,22.83,291.79,4.5,8,99860.0,9999999
58321,0,3840,28.9,17.93,0.0,0.0,22.83,290.72,4.7,8,99858.0,9999999
58321,0,3841,28.4,17.82,0.0,0.0,22.83,290.18,4.8,9,99856.0,9999999
58321,0,3842,27.9,17.82,0.0,0.0,22.83,289.99,5.0,9,99854.0,9999999
58321,0,3843,27.4,17.82,0.0,0.0,22.83,290.18,3.3,9,99837.0,9999999
58321,0,3844,27.0,17.93,0.0,0.0,22.83,290.18,1.7,9,99819.0,9999999
58321,0,3845,26.5,17.93,0.0,0.0,22.83,291.07,0.0,9,99802.0,9999999
58321,0,3846,27.5,17.71,92.0,50.0,22.83,290.36,1.0,9,99820.0,9999999
58321,0,3847,28.4,17.6,223.0,98.0,22.83,291.25,2.0,8,99838.0,9999999
58321,0,3848,29.4,17.38,383.0,147.0,22.83,293.72,3.0,10,99855.0,9999999
58321,0,3849,30.5,16.85,552.0,187.0,22.83,293.2,3.3,9,99850.0,9999999
58321,0,3850,31.7,16.24,680.0,210.0,22.83,295.61,3.7,9,99844.0,9999999
58321,0,3851,32.8,15.74,689.0,240.0,22.83,295.61,4.0,10,99839.0,9999999
58321,0,3852,33.4,15.64,662.0,293.0,22.83,297.31,2.7,11,99783.0,9999999
58321,0,3853,33.9,15.45,600.0,311.0,22.83,298.97,1.3,11,99727.0,9999999
58321,0,3854,34.5,15.35,440.0,281.0,22.83,299.96,0.0,12,99671.0,9999999
58321,0,3855,33.8,16.04,291.0,231.0,22.83,298.64,1.0,13,99663.0,9999999
58321,0,3856,33.1,16.75,214.0,184.0,22.83,298.81,2.0,14,99656.0,9999999
58321,0,3857,32.4,17.49,153.0,134.0,22.83,297.81,3.0,8,99649.0,9999999
58321,0,3858,31.5,17.6,69.0,62.0,22.83,296.8,3.7,1,99658.0,9999999
58321,0,3859,30.6,17.71,17.0,15.0,22.83,296.13,4.3,1,99667.0,9999999
58321,0,3860,29.7,17.82,0.0,0.0,22.83,295.27,5.0,1,99676.0,9999999
58321,0,3861,29.1,17.82,0.0,0.0,22.83,294.76,4.3,2,99685.0,9999999
58321,0,3862,28.4,17.82,0.0,0.0,22.83,293.37,3.7,2,99695.0,9999999
58321,0,3863,27.8,17.82,0.0,0.0,22.83,293.89,3.0,2,99704.0,9999999
58321,0,3864,27.2,17.82,0.0,0.0,22.83,293.37,2.3,2,99713.0,9999999
58321,0,3865,26.5,17.82,0.0,0.0,22.83,293.2,1.7,2,99723.0,9999999
58321,0,3866,25.9,17.82,0.0,0.0,22.83,294.76,1.0,1,99732.0,9999999
58321,0,3867,25.7,17.93,0.0,0.0,22.83,294.76,1.7,1,99748.0,9999999
58321,0,3868,25.4,18.15,0.0,0.0,22.83,294.59,2.3,1,99765.0,9999999
58321,0,3869,25.2,18.26,0.0,0.0,22.83,294.76,3.0,14,99781.0,9999999
58321,0,3870,25.3,18.26,12.0,12.0,22.83,294.93,3.0,1,99841.0,9999999
58321,0,3871,25.3,18.26,26.0,24.0,22.83,294.59,3.0,1,99901.0,9999999
58321,0,3872,25.4,18.26,67.0,53.0,22.83,295.1,3.0,14,99961.0,9999999
58321,0,3873,26.3,18.15,128.0,95.0,22.83,294.93,2.7,2,99948.0,9999999
58321,0,3874,27.1,17.93,214.0,153.0,22.83,295.27,2.3,2,99936.0,9999999
58321,0,3875,28.0,17.82,317.0,199.0,22.83,296.13,2.0,14,99924.0,9999999
58321,0,3876,28.0,17.93,358.0,200.0,22.83,295.44,2.3,1,99907.0,9999999
58321,0,3877,28.1,18.15,368.0,223.0,22.83,296.46,2.7,16,99890.0,9999999
58321,0,3878,28.1,18.26,374.0,247.0,22.83,297.14,3.0,12,99874.0,9999999
58321,0,3879,28.0,18.49,300.0,204.0,22.83,296.8,3.0,16,99860.0,9999999
58321,0,3880,27.8,18.61,219.0,151.0,22.83,296.63,3.0,16,99847.0,9999999
58321,0,3881,27.7,18.84,154.0,104.0,22.83,295.96,3.0,10,99834.0,9999999
58321,0,3882,27.2,18.95,77.0,55.0,22.83,296.13,2.0,1,99893.0,9999999
58321,0,3883,26.8,19.19,26.0,21.0,22.83,295.96,1.0,1,99952.0,9999999
58321,0,3884,26.3,19.3,1.0,1.0,22.83,294.59,0.0,1,100012.0,9999999
58321,0,3885,26.0,19.19,0.0,0.0,22.83,294.93,0.0,2,99996.0,9999999
58321,0,3886,25.8,19.07,0.0,0.0,22.83,295.1,0.0,2,99981.0,9999999
58321,0,3887,25.5,18.95,0.0,0.0,22.83,296.63,0.0,2,99966.0,9999999
58321,0,3888,25.3,18.84,0.0,0.0,22.83,296.63,0.0,3,99951.0,9999999
58321,0,3889,25.0,18.72,0.0,0.0,22.83,296.3,0.0,4,99935.0,9999999
58321,0,3890,24.8,18.61,0.0,0.0,22.83,296.13,0.0,4,99920.0,9999999
58321,0,3891,24.6,18.49,0.0,0.0,22.83,293.72,0.7,2,99920.0,9999999
58321,0,3892,24.4,18.49,0.0,0.0,22.83,294.93,1.3,1,99920.0,9999999
58321,0,3893,24.2,18.38,0.0,0.0,22.83,295.1,2.0,16,99920.0,9999999
58321,0,3894,23.9,18.04,29.0,29.0,22.83,294.93,2.7,16,99992.0,9999999
58321,0,3895,23.6,17.71,63.0,62.0,22.83,294.76,3.3,1,100065.0,9999999
58321,0,3896,23.3,17.38,128.0,121.0,22.83,295.79,4.0,15,100138.0,9999999
58321,0,3897,23.3,16.96,132.0,125.0,22.83,295.96,3.8,1,100141.0,9999999
58321,0,3898,23.4,16.54,104.0,100.0,22.83,295.96,3.7,1,100145.0,9999999
58321,0,3899,23.4,16.14,107.0,103.0,22.83,295.96,3.5,1,100148.0,9999999
58321,0,3900,23.4,15.74,82.0,81.0,22.83,295.27,3.3,16,100151.0,9999999
58321,0,3901,23.5,15.35,68.0,68.0,22.83,295.61,3.2,16,100155.0,9999999
58321,0,3902,23.5,14.97,68.0,68.0,22.83,295.44,3.0,13,100158.0,9999999
58321,0,3903,23.6,15.54,82.0,81.0,22.83,295.1,3.0,1,100155.0,9999999
58321,0,3904,23.7,16.24,67.0,66.0,22.83,294.59,3.0,1,100152.0,9999999
58321,0,3905,23.8,16.85,33.0,32.0,22.83,294.41,3.0,15,100148.0,9999999
58321,0,3906,23.4,16.54,19.0,17.0,22.83,293.89,2.7,1,100158.0,9999999
58321,0,3907,23.0,16.14,5.0,5.0,22.83,293.72,2.3,1,100168.0,9999999
58321,0,3908,22.6,15.84,0.0,0.0,22.83,293.2,2.0,1,100177.0,9999999
58321,0,3909,22.5,15.84,0.0,0.0,22.83,292.49,2.0,3,100185.0,9999999
58321,0,3910,22.5,15.84,0.0,0.0,22.83,291.61,2.0,4,100194.0,9999999
58321,0,3911,22.5,15.84,0.0,0.0,22.83,290.54,2.0,3,100202.0,9999999
58321,0,3912,22.4,15.84,0.0,0.0,22.83,291.25,2.0,16,100210.0,9999999
58321,0,3913,22.4,15.84,0.0,0.0,22.83,290.89,2.0,16,100218.0,9999999
58321,0,3914,22.3,15.84,0.0,0.0,22.83,290.54,2.0,2,100227.0,9999999
58321,0,3915,22.0,15.74,0.0,0.0,22.83,290.36,2.0,1,100236.0,9999999
58321,0,3916,21.6,15.54,0.0,0.0,22.83,287.8,2.0,16,100246.0,9999999
58321,0,3917,21.3,15.45,0.0,0.0,22.83,286.12,2.0,16,100256.0,9999999
58321,0,3918,21.5,15.35,77.0,57.0,22.83,288.17,1.7,15,100332.0,9999999
58321,0,3919,21.7,15.25,206.0,125.0,22.83,290.54,1.3,15,100409.0,9999999
58321,0,3920,21.9,15.16,374.0,167.0,22.83,292.32,1.0,15,100485.0,9999999
58321,0,3921,22.8,15.16,566.0,198.0,22.83,287.8,0.7,16,100496.0,9999999
58321,0,3922,23.8,15.25,759.0,203.0,22.83,288.54,0.3,16,100507.0,9999999
58321,0,3923,24.7,15.25,879.0,194.0,22.83,287.06,0.0,1,100518.0,9999999
58321,0,3924,25.8,13.79,885.0,242.0,22.83,288.72,0.0,2,100473.0,9999999
58321,0,3925,26.9,12.46,824.0,268.0,22.83,289.45,0.0,1,100428.0,9999999
58321,0,3926,28.0,11.24,656.0,253.0,22.83,291.07,0.0,2,100382.0,9999999
58321,0,3927,28.4,11.24,448.0,219.0,22.83,292.14,0.3,2,100363.0,9999999
58321,0,3928,28.8,11.17,361.0,165.0,22.83,293.37,0.7,2,100343.0,9999999
58321,0,3929,29.2,14.78,290.0,124.0,22.83,291.43,1.0,15,100324.0,9999999
58321,0,3930,28.4,17.82,148.0,75.0,22.83,290.54,0.7,1,100356.0,9999999
58321,0,3931,27.6,18.15,33.0,25.0,22.83,291.07,0.3,4,100388.0,9999999
58321,0,3932,26.8,13.45,1.0,1.0,22.83,289.81,0.0,4,100421.0,9999999
58321,0,3933,26.3,13.79,0.0,0.0,22.83,288.72,0.0,5,100400.0,9999999
58321,0,3934,25.7,14.15,0.0,0.0,22.83,288.17,0.0,5,100380.0,9999999
58321,0,3935,25.2,14.51,0.0,0.0,22.83,287.62,0.0,6,100359.0,9999999
58321,0,3936,24.7,14.88,0.0,0.0,22.83,287.24,0.0,6,100339.0,9999999
58321,0,3937,24.1,15.25,0.0,0.0,22.83,286.5,0.0,6,100318.0,9999999
58321,0,3938,23.6,15.64,0.0,0.0,22.83,286.12,0.0,7,100298.0,9999999
58321,0,3939,23.6,15.94,0.0,0.0,22.83,286.68,0.0,7,100328.0,9999999
58321,0,3940,23.6,16.14,0.0,0.0,22.83,285.74,0.0,6,100358.0,9999999
58321,0,3941,23.6,16.44,0.0,0.0,22.83,285.37,0.0,5,100388.0,9999999
58321,0,3942,24.8,16.04,103.0,44.0,22.83,285.37,0.7,5,100419.0,9999999
58321,0,3943,26.0,15.64,269.0,89.0,22.83,285.74,1.3,5,100450.0,9999999
58321,0,3944,27.2,15.25,463.0,121.0,22.83,286.68,2.0,8,100481.0,9999999
58321,0,3945,28.3,19.19,640.0,157.0,22.83,287.8,2.0,5,100459.0,9999999
58321,0,3946,29.4,13.11,779.0,194.0,22.83,288.72,2.0,5,100437.0,9999999
58321,0,3947,30.5,12.14,851.0,223.0,22.83,289.99,2.0,5,100415.0,9999999
58321,0,3948,30.7,12.14,869.0,238.0,22.83,291.79,2.7,5,100372.0,9999999
58321,0,3949,30.9,12.14,857.0,222.0,22.83,291.43,3.3,5,100329.0,9999999
58321,0,3950,31.1,12.14,783.0,178.0,22.83,291.25,4.0,5,100286.0,9999999
58321,0,3951,31.0,12.14,667.0,157.0,22.83,291.61,4.3,6,100246.0,9999999
58321,0,3952,30.8,12.07,522.0,138.0,22.83,290.36,4.7,6,100206.0,9999999
58321,0,3953,30.7,12.07,347.0,96.0,22.83,290.89,5.0,8,100166.0,9999999
58321,0,3954,30.0,12.38,169.0,61.0,22.83,289.81,4.0,6,100181.0,9999999
58321,0,3955,29.2,12.7,41.0,20.0,22.83,288.54,3.0,6,100197.0,9999999
58321,0,3956,28.5,13.03,1.0,1.0,22.83,289.27,2.0,6,100213.0,9999999
58321,0,3957,28.0,13.19,0.0,0.0,22.83,288.35,2.2,6,100193.0,9999999
58321,0,3958,27.6,13.36,0.0,0.0,22.83,287.43,2.3,6,100172.0,9999999
58321,0,3959,27.1,13.45,0.0,0.0,22.83,286.68,2.5,6,100152.0,9999999
58321,0,3960,26.6,13.62,0.0,0.0,22.83,286.12,2.7,6,100131.0,9999999
58321,0,3961,26.2,13.79,0.0,0.0,22.83,286.87,2.8,6,100111.0,9999999
58321,0,3962,25.7,13.97,0.0,0.0,22.83,287.8,3.0,6,100091.0,9999999
58321,0,3963,25.4,14.42,0.0,0.0,22.83,289.63,2.0,6,100104.0,9999999
58321,0,3964,25.0,14.97,0.0,0.0,22.83,288.9,1.0,6,100117.0,9999999
58321,0,3965,24.7,15.45,0.0,0.0,22.83,288.35,0.0,7,100129.0,9999999
58321,0,3966,24.8,15.84,101.0,45.0,22.83,287.06,0.7,7,100159.0,9999999
58321,0,3967,24.9,16.14,265.0,88.0,22.83,287.24,1.3,8,100190.0,9999999
58321,0,3968,25.0,16.54,445.0,121.0,22.83,288.35,2.0,8,100220.0,9999999
58321,0,3969,25.6,16.44,606.0,154.0,22.83,289.63,1.7,11,100200.0,9999999
58321,0,3970,26.1,16.44,750.0,168.0,22.83,290.72,1.3,11,100181.0,9999999
58321,0,3971,26.7,16.34,790.0,196.0,22.83,291.96,1.0,13,100161.0,9999999
58321,0,3972,27.6,15.84,692.0,226.0,22.83,294.07,0.7,9,100119.0,9999999
58321,0,3973,28.6,15.35,675.0,229.0,22.83,294.93,0.3,8,100077.0,9999999
58321,0,3974,29.5,14.88,659.0,202.0,22.83,294.24,0.0,8,100035.0,9999999
58321,0,3975,29.8,14.33,524.0,173.0,22.83,295.79,1.0,8,99985.0,9999999
58321,0,3976,30.2,13.79,412.0,168.0,22.83,294.93,2.0,8,99936.0,9999999
58321,0,3977,30.5,13.28,277.0,127.0,22.83,294.59,3.0,9,99886.0,9999999
58321,0,3978,29.7,20.27,122.0,66.0,22.83,293.55,3.0,7,99909.0,9999999
58321,0,3979,28.8,15.54,29.0,19.0,22.83,293.37,3.0,7,99931.0,9999999
58321,0,3980,28.0,16.75,1.0,1.0,22.83,293.72,3.0,7,99953.0,9999999
58321,0,3981,27.5,16.96,0.0,0.0,22.83,291.96,2.8,7,99956.0,9999999
58321,0,3982,27.1,17.17,0.0,0.0,22.83,291.43,2.7,7,99959.0,9999999
58321,0,3983,26.6,17.38,0.0,0.0,22.83,291.61,2.5,7,99962.0,9999999
58321,0,3984,26.1,17.6,0.0,0.0,22.83,291.07,2.3,7,99965.0,9999999
58321,0,3985,25.7,17.82,0.0,0.0,22.83,290.72,2.2,7,99968.0,9999999
58321,0,3986,25.2,18.04,0.0,0.0,22.83,290.18,2.0,7,99971.0,9999999
58321,0,3987,25.1,18.04,0.0,0.0,22.83,290.89,2.0,8,99954.0,9999999
58321,0,3988,25.1,18.15,0.0,0.0,22.83,291.25,2.0,9,99937.0,9999999
58321,0,3989,25.0,18.15,0.0,0.0,22.83,291.43,2.0,8,99920.0,9999999
58321,0,3990,25.4,18.15,89.0,53.0,22.83,289.09,2.3,7,99954.0,9999999
58321,0,3991,25.8,18.26,241.0,108.0,22.83,289.63,2.7,8,99988.0,9999999
58321,0,3992,26.2,18.26,404.0,153.0,22.83,290.54,3.0,8,100021.0,9999999
58321,0,3993,27.2,17.82,573.0,200.0,22.83,292.14,2.0,10,100009.0,9999999
58321,0,3994,28.2,17.28,627.0,283.0,22.83,292.67,1.0,10,99997.0,9999999
58321,0,3995,29.2,16.85,584.0,337.0,22.83,296.46,0.0,10,99985.0,9999999
58321,0,3996,30.0,16.65,654.0,306.0,22.83,296.13,0.3,11,99972.0,9999999
58321,0,3997,30.8,16.34,716.0,248.0,22.83,295.79,0.7,12,99960.0,9999999
58321,0,3998,31.6,16.14,583.0,242.0,22.83,295.61,1.0,8,99947.0,9999999
58321,0,3999,31.6,16.14,521.0,215.0,22.83,297.47,1.7,12,99911.0,9999999
58321,0,4000,31.6,16.14,483.0,171.0,22.83,295.27,2.3,12,99874.0,9999999
58321,0,4001,31.6,16.14,269.0,153.0,22.83,295.44,3.0,13,99837.0,9999999
58321,0,4002,31.0,16.65,96.0,80.0,22.83,296.46,3.0,14,99890.0,9999999
58321,0,4003,30.3,17.28,18.0,17.0,22.83,296.63,3.0,14,99943.0,9999999
58321,0,4004,29.7,17.82,0.0,0.0,22.83,295.79,3.0,12,99995.0,9999999
58321,0,4005,28.9,17.6,0.0,0.0,22.83,295.27,3.3,15,100017.0,9999999
58321,0,4006,28.0,17.28,0.0,0.0,22.83,295.79,3.7,16,100040.0,9999999
58321,0,4007,27.1,17.06,0.0,0.0,22.83,294.76,4.0,16,100062.0,9999999
58321,0,4008,26.3,16.75,0.0,0.0,22.83,294.41,4.3,1,100085.0,9999999
58321,0,4009,25.5,16.54,0.0,0.0,22.83,293.89,4.7,1,100107.0,9999999
58321,0,4010,24.6,16.24,0.0,0.0,22.83,293.55,5.0,3,100129.0,9999999
58321,0,4011,24.2,16.04,0.0,0.0,22.83,292.85,4.3,1,100192.0,9999999
58321,0,4012,23.8,15.94,0.0,0.0,22.83,291.96,3.7,1,100255.0,9999999
58321,0,4013,23.4,15.74,0.0,0.0,22.83,291.79,3.0,1,100318.0,9999999
58321,0,4014,23.3,15.54,21.0,20.0,22.83,292.49,3.0,1,100354.0,9999999
58321,0,4015,23.3,15.35,72.0,70.0,22.83,292.14,3.0,2,100390.0,9999999
58321,0,4016,23.2,15.16,150.0,144.0,22.83,291.43,3.0,2,100427.0,9999999
58321,0,4017,23.7,15.25,193.0,180.0,22.83,291.25,2.8,3,100424.0,9999999
58321,0,4018,24.2,15.45,238.0,194.0,22.83,290.89,2.7,2,100421.0,9999999
58321,0,4019,24.6,15.54,289.0,236.0,22.83,291.79,2.5,1,100418.0,9999999
58321,0,4020,25.1,15.64,303.0,271.0,22.83,293.02,2.3,16,100416.0,9999999
58321,0,4021,25.6,15.84,345.0,285.0,22.83,291.25,2.2,16,100413.0,9999999
58321,0,4022,26.1,15.94,409.0,311.0,22.83,291.25,2.0,14,100410.0,9999999
58321,0,4023,26.1,15.94,353.0,281.0,22.83,291.96,2.3,1,100380.0,9999999
58321,0,4024,26.1,15.94,246.0,213.0,22.83,291.43,2.7,2,100350.0,9999999
58321,0,4025,26.1,15.94,183.0,146.0,22.83,291.25,3.0,11,100320.0,9999999
58321,0,4026,25.6,16.24,90.0,61.0,22.83,289.45,2.3,5,100363.0,9999999
58321,0,4027,25.2,16.54,20.0,15.0,22.83,287.8,1.7,7,100406.0,9999999
58321,0,4028,24.7,16.85,1.0,1.0,22.83,284.79,1.0,10,100449.0,9999999
58321,0,4029,24.5,16.75,0.0,0.0,22.83,284.79,0.8,7,100463.0,9999999
58321,0,4030,24.3,16.65,0.0,0.0,22.83,285.37,0.7,7,100478.0,9999999
58321,0,4031,24.1,16.65,0.0,0.0,22.83,287.43,0.5,7,100493.0,9999999
58321,0,4032,24.0,16.54,0.0,0.0,22.83,287.8,0.3,7,100508.0,9999999
58321,0,4033,23.8,16.44,0.0,0.0,22.83,287.8,0.2,6,100522.0,9999999
58321,0,4034,23.6,16.34,0.0,0.0,22.83,286.31,0.0,6,100537.0,9999999
58321,0,4035,23.4,16.44,0.0,0.0,22.83,288.72,0.0,6,100537.0,9999999
58321,0,4036,23.1,16.44,0.0,0.0,22.83,287.8,0.0,5,100537.0,9999999
58321,0,4037,22.9,16.54,0.0,0.0,22.83,288.17,0.0,5,100536.0,9999999
58321,0,4038,23.4,16.44,65.0,49.0,22.83,286.87,0.0,5,100567.0,9999999
58321,0,4039,23.9,16.34,154.0,110.0,22.83,286.68,0.0,6,100597.0,9999999
58321,0,4040,24.4,16.24,172.0,122.0,22.83,289.45,0.0,7,100628.0,9999999
58321,0,4041,25.0,16.24,188.0,130.0,22.83,291.25,0.7,7,100625.0,9999999
58321,0,4042,25.7,16.14,295.0,195.0,22.83,290.89,1.3,7,100622.0,9999999
58321,0,4043,26.3,16.14,280.0,194.0,22.83,291.07,2.0,7,100620.0,9999999
58321,0,4044,26.7,16.14,276.0,219.0,22.83,292.67,2.3,7,100617.0,9999999
58321,0,4045,27.1,16.24,330.0,267.0,22.83,291.79,2.7,7,100614.0,9999999
58321,0,4046,27.5,16.24,296.0,248.0,22.83,292.67,3.0,7,100611.0,9999999
58321,0,4047,27.1,15.84,292.0,253.0,22.83,293.55,3.3,7,100610.0,9999999
58321,0,4048,26.6,15.54,231.0,204.0,22.83,292.14,3.7,8,100610.0,9999999
58321,0,4049,26.2,15.16,97.0,88.0,22.83,291.79,4.0,7,100610.0,9999999
58321,0,4050,25.7,15.16,29.0,28.0,22.83,291.25,3.3,8,100632.0,9999999
58321,0,4051,25.3,15.06,15.0,15.0,22.83,289.99,2.7,8,100655.0,9999999
58321,0,4052,24.8,15.06,0.0,0.0,22.83,289.45,2.0,7,100678.0,9999999
58321,0,4053,24.6,15.16,0.0,0.0,22.83,289.63,2.2,7,100679.0,9999999
58321,0,4054,24.3,15.35,0.0,0.0,22.83,289.63,2.3,7,100681.0,9999999
58321,0,4055,24.1,15.54,0.0,0.0,22.83,289.99,2.5,7,100682.0,9999999
58321,0,4056,23.9,15.64,0.0,0.0,22.83,290.18,2.7,7,100684.0,9999999
58321,0,4057,23.6,15.74,0.0,0.0,22.83,289.81,2.8,7,100685.0,9999999
58321,0,4058,23.4,15.94,0.0,0.0,22.83,288.9,3.0,7,100686.0,9999999
58321,0,4059,23.3,15.64,0.0,0.0,22.83,290.18,3.0,6,100690.0,9999999
58321,0,4060,23.1,15.35,0.0,0.0,22.83,290.18,3.0,7,100693.0,9999999
58321,0,4061,23.0,15.06,0.0,0.0,22.83,288.72,3.0,7,100696.0,9999999
58321,0,4062,23.0,15.35,25.0,22.0,22.83,289.09,2.0,7,100736.0,9999999
58321,0,4063,23.0,15.54,78.0,71.0,22.83,289.45,1.0,8,100776.0,9999999
58321,0,4064,23.0,15.84,140.0,119.0,22.83,290.89,0.0,9,100816.0,9999999
58321,0,4065,23.6,15.35,250.0,194.0,22.83,291.25,1.0,9,100816.0,9999999
58321,0,4066,24.2,14.78,357.0,287.0,22.83,289.63,2.0,9,100817.0,9999999
58321,0,4067,24.8,14.33,406.0,329.0,22.83,290.18,3.0,8,100817.0,9999999
58321,0,4068,24.8,13.97,402.0,333.0,22.83,289.81,2.0,8,100821.0,9999999
58321,0,4069,24.7,13.62,351.0,315.0,22.83,290.36,1.0,8,100824.0,9999999
58321,0,4070,24.7,13.28,258.0,244.0,22.83,289.81,0.0,8,100827.0,9999999
58321,0,4071,23.9,13.79,136.0,135.0,22.83,290.54,1.7,8,100807.0,9999999
58321,0,4072,23.2,14.42,79.0,79.0,22.83,290.18,3.3,8,100786.0,9999999
58321,0,4073,22.4,14.97,57.0,57.0,22.83,289.99,5.0,9,100765.0,9999999
58321,0,4074,21.6,14.15,29.0,29.0,22.83,289.81,3.7,7,100781.0,9999999
58321,0,4075,20.9,13.28,8.0,8.0,22.83,289.09,2.3,7,100797.0,9999999
58321,0,4076,20.1,12.54,1.0,1.0,22.83,287.43,1.0,10,100812.0,9999999
58321,0,4077,20.0,12.62,0.0,0.0,22.83,287.43,0.8,7,100797.0,9999999
58321,0,4078,19.9,12.78,0.0,0.0,22.83,285.93,0.7,8,100782.0,9999999
58321,0,4079,19.8,12.86,0.0,0.0,22.83,286.31,0.5,7,100767.0,9999999
58321,0,4080,19.6,12.94,0.0,0.0,22.83,286.68,0.3,7,100752.0,9999999
58321,0,4081,19.5,13.11,0.0,0.0,22.83,285.55,0.2,4,100737.0,9999999
58321,0,4082,19.4,13.19,0.0,0.0,22.83,286.31,0.0,4,100722.0,9999999
58321,0,4083,19.4,12.86,0.0,0.0,22.83,285.55,1.0,4,100682.0,9999999
58321,0,4084,19.3,12.62,0.0,0.0,22.83,284.6,2.0,3,100642.0,9999999
58321,0,4085,19.3,12.3,0.0,0.0,22.83,285.18,3.0,4,100602.0,9999999
58321,0,4086,19.7,12.54,38.0,37.0,22.83,285.18,3.0,3,100589.0,9999999
58321,0,4087,20.0,12.7,82.0,80.0,22.83,285.74,3.0,4,100576.0,9999999
58321,0,4088,20.4,12.94,136.0,127.0,22.83,286.31,3.0,3,100564.0,9999999
58321,0,4089,20.4,13.11,238.0,182.0,22.83,286.31,2.8,4,100549.0,9999999
58321,0,4090,20.4,13.28,489.0,258.0,22.83,286.31,2.7,5,100534.0,9999999
58321,0,4091,20.4,13.45,743.0,311.0,22.83,286.5,2.5,5,100519.0,9999999
58321,0,4092,20.3,13.62,735.0,334.0,22.83,288.72,2.3,5,100504.0,9999999
58321,0,4093,20.3,13.79,549.0,333.0,22.83,289.99,2.2,5,100489.0,9999999
58321,0,4094,20.3,13.97,277.0,214.0,22.83,293.37,2.0,3,100474.0,9999999
58321,0,4095,20.4,13.88,106.0,105.0,22.83,293.72,2.0,5,100434.0,9999999
58321,0,4096,20.5,13.79,80.0,79.0,22.83,293.55,2.0,5,100394.0,9999999
58321,0,4097,20.6,13.71,45.0,45.0,22.83,293.37,2.0,5,100354.0,9999999
58321,0,4098,20.4,13.79,21.0,21.0,22.83,293.02,1.3,5,100358.0,9999999
58321,0,4099,20.1,13.79,5.0,5.0,22.83,292.67,0.7,5,100361.0,9999999
58321,0,4100,19.9,13.88,0.0,0.0,22.83,292.49,0.0,5,100364.0,9999999
58321,0,4101,19.9,13.88,0.0,0.0,22.83,292.32,0.0,5,100365.0,9999999
58321,0,4102,19.9,13.88,0.0,0.0,22.83,291.96,0.0,5,100367.0,9999999
58321,0,4103,19.9,13.79,0.0,0.0,22.83,289.81,0.0,4,100369.0,9999999
58321,0,4104,19.8,13.79,0.0,0.0,22.83,287.62,0.0,4,100370.0,9999999
58321,0,4105,19.8,13.79,0.0,0.0,22.83,289.63,0.0,4,100372.0,9999999
58321,0,4106,19.8,13.79,0.0,0.0,22.83,288.35,0.0,4,100374.0,9999999
58321,0,4107,19.8,13.88,0.0,0.0,22.83,290.36,0.0,4,100380.0,9999999
58321,0,4108,19.8,13.88,0.0,0.0,22.83,290.18,0.0,2,100387.0,9999999
58321,0,4109,19.8,13.97,0.0,0.0,22.83,290.89,0.0,2,100393.0,9999999
58321,0,4110,20.2,14.24,31.0,29.0,22.83,290.54,0.0,2,100444.0,9999999
58321,0,4111,20.7,14.6,104.0,91.0,22.83,291.43,0.0,1,100494.0,9999999
58321,0,4112,21.1,14.88,187.0,161.0,22.83,292.14,0.0,2,100544.0,9999999
58321,0,4113,21.8,14.78,270.0,225.0,22.83,292.49,1.0,1,100559.0,9999999
58321,0,4114,22.6,14.78,321.0,274.0,22.83,293.2,2.0,2,100573.0,9999999
58321,0,4115,23.3,14.69,397.0,311.0,22.83,294.07,3.0,16,100587.0,9999999
58321,0,4116,23.9,14.6,417.0,329.0,22.83,294.24,2.7,3,100561.0,9999999
58321,0,4117,24.4,14.6,369.0,311.0,22.83,294.76,2.3,3,100535.0,9999999
58321,0,4118,25.0,14.51,321.0,264.0,22.83,294.41,2.0,1,100509.0,9999999
58321,0,4119,25.0,14.6,280.0,228.0,22.83,294.93,2.3,3,100502.0,9999999
58321,0,4120,24.9,14.6,238.0,188.0,22.83,294.24,2.7,4,100495.0,9999999
58321,0,4121,24.9,14.69,140.0,120.0,22.83,293.89,3.0,3,100489.0,9999999
58321,0,4122,24.4,14.88,71.0,66.0,22.83,293.72,3.0,4,100521.0,9999999
58321,0,4123,24.0,14.97,23.0,22.0,22.83,290.89,3.0,4,100554.0,9999999
58321,0,4124,23.5,15.16,1.0,1.0,22.83,290.18,3.0,4,100587.0,9999999
58321,0,4125,23.0,13.62,0.0,0.0,22.83,287.8,3.0,5,100583.0,9999999
58321,0,4126,22.5,12.14,0.0,0.0,22.83,287.62,3.0,5,100579.0,9999999
58321,0,4127,22.0,14.97,0.0,0.0,22.83,287.8,3.0,5,100575.0,9999999
58321,0,4128,21.6,14.6,0.0,0.0,22.83,286.87,3.0,5,100571.0,9999999
58321,0,4129,21.1,14.42,0.0,0.0,22.83,287.62,3.0,5,100568.0,9999999
58321,0,4130,20.6,13.88,0.0,0.0,22.83,288.17,3.0,5,100564.0,9999999
58321,0,4131,20.4,13.45,0.0,0.0,22.83,286.5,2.3,4,100560.0,9999999
58321,0,4132,20.3,10.88,0.0,0.0,22.83,284.41,1.7,4,100557.0,9999999
58321,0,4133,20.1,12.86,0.0,0.0,22.83,286.5,1.0,5,100553.0,9999999
58321,0,4134,20.2,12.94,69.0,49.0,22.83,286.87,1.7,4,100593.0,9999999
58321,0,4135,20.4,13.11,199.0,120.0,22.83,286.87,2.3,5,100633.0,9999999
58321,0,4136,20.5,13.19,360.0,181.0,22.83,288.72,3.0,3,100673.0,9999999
58321,0,4137,20.8,13.19,493.0,244.0,22.83,287.99,3.7,5,100785.0,9999999
58321,0,4138,21.1,13.28,446.0,274.0,22.83,290.54,4.3,5,100897.0,9999999
58321,0,4139,21.4,13.28,417.0,311.0,22.83,292.32,5.0,4,101008.0,9999999
58321,0,4140,22.1,13.53,418.0,319.0,22.83,294.59,4.7,5,100818.0,9999999
58321,0,4141,22.8,13.71,288.0,232.0,22.83,295.27,4.3,5,100628.0,9999999
58321,0,4142,23.5,13.97,198.0,172.0,22.83,293.89,4.0,4,100437.0,9999999
58321,0,4143,23.2,14.24,128.0,120.0,22.83,294.59,3.7,5,100400.0,9999999
58321,0,4144,23.0,14.51,71.0,68.0,22.83,294.41,3.3,5,100364.0,9999999
58321,0,4145,22.7,14.78,65.0,60.0,22.83,294.07,3.0,3,100327.0,9999999
58321,0,4146,22.6,14.69,44.0,39.0,22.83,291.96,3.0,4,100554.0,9999999
58321,0,4147,22.5,14.69,6.0,6.0,22.83,292.32,3.0,4,100782.0,9999999
58321,0,4148,22.4,14.6,0.0,0.0,22.83,292.32,3.0,5,101009.0,9999999
58321,0,4149,22.2,14.69,0.0,0.0,22.83,291.96,3.0,4,100829.0,9999999
58321,0,4150,22.0,14.78,0.0,0.0,22.83,291.96,3.0,4,100648.0,9999999
58321,0,4151,21.9,14.88,0.0,0.0,22.83,291.79,3.0,5,100468.0,9999999
58321,0,4152,21.7,14.97,0.0,0.0,22.83,291.25,3.0,5,100287.0,9999999
58321,0,4153,21.5,15.06,0.0,0.0,22.83,290.54,3.0,4,100107.0,9999999
58321,0,4154,21.3,15.16,0.0,0.0,22.83,289.99,3.0,4,99927.0,9999999
58321,0,4155,21.0,14.97,0.0,0.0,22.83,291.61,3.3,3,99880.0,9999999
58321,0,4156,20.7,14.78,0.0,0.0,22.83,291.79,3.7,3,99833.0,9999999
58321,0,4157,20.4,14.6,0.0,0.0,22.83,291.96,4.0,3,99786.0,9999999
58321,0,4158,20.5,14.69,8.0,8.0,22.83,292.14,3.7,3,99773.0,9999999
58321,0,4159,20.5,14.88,23.0,23.0,22.83,292.14,3.3,3,99760.0,9999999
58321,0,4160,20.6,14.97,42.0,42.0,22.83,292.49,3.0,2,99746.0,9999999
58321,0,4161,20.9,15.16,58.0,57.0,22.83,292.85,3.3,2,99727.0,9999999
58321,0,4162,21.1,15.35,105.0,103.0,22.83,292.67,3.7,3,99707.0,9999999
58321,0,4163,21.4,15.54,203.0,185.0,22.83,292.85,4.0,16,99687.0,9999999
58321,0,4164,21.6,15.64,233.0,202.0,22.83,292.85,4.7,2,99654.0,9999999
58321,0,4165,21.7,15.84,197.0,165.0,22.83,293.72,5.3,2,99621.0,9999999
58321,0,4166,21.9,15.94,165.0,133.0,22.83,293.72,6.0,16,99588.0,9999999
58321,0,4167,21.6,15.54,178.0,113.0,22.83,293.2,5.3,2,99598.0,9999999
58321,0,4168,21.4,15.25,143.0,89.0,22.83,293.02,4.7,1,99608.0,9999999
58321,0,4169,21.1,14.88,56.0,48.0,22.83,293.55,4.0,1,99617.0,9999999
58321,0,4170,20.9,14.78,28.0,24.0,22.83,292.85,3.8,1,99654.0,9999999
58321,0,4171,20.7,14.69,9.0,8.0,22.83,292.49,3.6,1,99690.0,9999999
58321,0,4172,20.5,14.6,1.0,1.0,22.83,291.96,3.3,1,99726.0,9999999
58321,0,4173,20.5,14.6,0.0,0.0,22.83,291.25,3.1,1,99725.0,9999999
58321,0,4174,20.5,14.51,0.0,0.0,22.83,289.81,2.9,16,99723.0,9999999
58321,0,4175,20.5,14.51,0.0,0.0,22.83,288.9,2.7,16,99721.0,9999999
58321,0,4176,20.4,14.42,0.0,0.0,22.83,289.09,2.4,15,99720.0,9999999
58321,0,4177,20.4,14.33,0.0,0.0,22.83,287.06,2.2,15,99718.0,9999999
58321,0,4178,20.4,14.33,0.0,0.0,22.83,286.12,2.0,15,99716.0,9999999
58321,0,4179,20.4,14.33,0.0,0.0,22.83,284.22,2.3,15,99730.0,9999999
58321,0,4180,20.4,14.24,0.0,0.0,22.83,284.79,2.7,15,99743.0,9999999
58321,0,4181,20.4,14.24,0.0,0.0,22.83,285.74,3.0,14,99756.0,9999999
58321,0,4182,20.8,14.33,83.0,49.0,22.83,284.03,3.0,16,99773.0,9999999
58321,0,4183,21.2,14.33,228.0,107.0,22.83,285.93,3.0,16,99790.0,9999999
58321,0,4184,21.6,14.42,394.0,176.0,22.83,285.37,3.0,15,99807.0,9999999
58321,0,4185,22.4,14.24,547.0,247.0,22.83,288.54,3.0,15,99818.0,9999999
58321,0,4186,23.2,13.97,665.0,292.0,22.83,290.18,3.0,15,99829.0,9999999
58321,0,4187,24.0,13.79,706.0,308.0,22.83,291.61,3.0,14,99840.0,9999999
58321,0,4188,24.7,13.88,650.0,367.0,22.83,293.02,3.0,16,99810.0,9999999
58321,0,4189,25.3,14.06,520.0,377.0,22.83,295.1,3.0,16,99781.0,9999999
58321,0,4190,26.0,14.15,462.0,302.0,22.83,293.89,3.0,14,99752.0,9999999
58321,0,4191,26.4,13.88,429.0,261.0,22.83,291.79,2.7,16,99732.0,9999999
58321,0,4192,26.7,13.71,358.0,203.0,22.83,293.37,2.3,16,99713.0,9999999
58321,0,4193,27.1,13.45,271.0,134.0,22.83,293.89,2.0,14,99693.0,9999999
58321,0,4194,26.5,13.79,139.0,78.0,22.83,291.43,1.3,1,99726.0,9999999
58321,0,4195,25.8,14.06,40.0,25.0,22.83,288.72,0.7,3,99758.0,9999999
58321,0,4196,25.2,14.42,1.0,1.0,22.83,286.87,0.0,4,99791.0,9999999
58321,0,4197,24.6,14.51,0.0,0.0,22.83,285.55,0.2,4,99800.0,9999999
58321,0,4198,23.9,14.69,0.0,0.0,22.83,286.5,0.3,4,99810.0,9999999
58321,0,4199,23.3,14.78,0.0,0.0,22.83,287.24,0.5,4,99819.0,9999999
58321,0,4200,22.7,14.88,0.0,0.0,22.83,286.5,0.7,4,99828.0,9999999
58321,0,4201,22.0,15.06,0.0,0.0,22.83,285.74,0.8,3,99838.0,9999999
58321,0,4202,21.4,15.16,0.0,0.0,22.83,285.55,1.0,3,99847.0,9999999
58321,0,4203,21.1,14.88,0.0,0.0,22.83,284.41,1.3,3,99883.0,9999999
58321,0,4204,20.9,14.51,0.0,0.0,22.83,283.45,1.7,3,99919.0,9999999
58321,0,4205,20.6,14.24,0.0,0.0,22.83,283.06,2.0,3,99956.0,9999999
58321,0,4206,21.3,14.33,87.0,52.0,22.83,283.45,2.3,4,99993.0,9999999
58321,0,4207,22.0,14.42,211.0,128.0,22.83,285.18,2.7,4,100030.0,9999999
58321,0,4208,22.7,14.51,350.0,204.0,22.83,287.24,3.0,3,100068.0,9999999
58321,0,4209,23.7,14.42,433.0,263.0,22.83,290.18,3.0,4,100062.0,9999999
58321,0,4210,24.6,14.42,451.0,309.0,22.83,292.67,3.0,4,100056.0,9999999
58321,0,4211,25.6,14.33,457.0,335.0,22.83,294.07,3.0,3,100051.0,9999999
58321,0,4212,26.3,14.06,488.0,353.0,22.83,294.59,3.7,4,99985.0,9999999
58321,0,4213,27.0,13.88,491.0,351.0,22.83,294.07,4.3,4,99919.0,9999999
58321,0,4214,27.7,13.62,427.0,305.0,22.83,295.44,5.0,3,99853.0,9999999
58321,0,4215,27.6,13.88,392.0,252.0,22.83,294.93,4.3,4,99853.0,9999999
58321,0,4216,27.6,14.24,359.0,216.0,22.83,294.59,3.7,4,99853.0,9999999
58321,0,4217,27.5,14.51,270.0,152.0,22.83,292.49,3.0,3,99853.0,9999999
58321,0,4218,26.6,14.6,143.0,73.0,22.83,290.72,3.0,4,99869.0,9999999
58321,0,4219,25.8,14.6,37.0,22.0,22.83,287.99,3.0,4,99885.0,9999999
58321,0,4220,24.9,14.69,1.0,1.0,22.83,286.68,3.0,3,99900.0,9999999
58321,0,4221,24.4,14.69,0.0,0.0,22.83,285.55,2.8,4,99920.0,9999999
58321,0,4222,23.9,14.6,0.0,0.0,22.83,284.03,2.7,4,99939.0,9999999
58321,0,4223,23.4,14.6,0.0,0.0,22.83,284.99,2.5,4,99959.0,9999999
58321,0,4224,22.8,14.6,0.0,0.0,22.83,285.18,2.3,4,99978.0,9999999
58321,0,4225,22.3,14.51,0.0,0.0,22.83,284.99,2.2,4,99997.0,9999999
58321,0,4226,21.8,14.51,0.0,0.0,22.83,283.06,2.0,2,100017.0,9999999
58321,0,4227,21.5,14.51,0.0,0.0,22.83,283.06,2.3,3,100026.0,9999999
58321,0,4228,21.2,14.51,0.0,0.0,22.83,283.64,2.7,3,100036.0,9999999
58321,0,4229,20.9,14.51,0.0,0.0,22.83,284.22,3.0,3,100046.0,9999999
58321,0,4230,21.6,14.78,98.0,47.0,22.83,283.25,3.0,4,100080.0,9999999
58321,0,4231,22.3,14.97,251.0,111.0,22.83,282.67,3.0,4,100114.0,9999999
58321,0,4232,23.0,15.25,433.0,161.0,22.83,283.84,3.0,3,100148.0,9999999
58321,0,4233,23.9,14.97,616.0,192.0,22.83,285.18,3.3,4,100159.0,9999999
58321,0,4234,24.7,14.78,748.0,200.0,22.83,286.31,3.7,4,100169.0,9999999
58321,0,4235,25.6,14.51,717.0,254.0,22.83,288.72,4.0,2,100180.0,9999999
58321,0,4236,26.4,14.15,611.0,350.0,22.83,291.79,3.0,4,100158.0,9999999
58321,0,4237,27.1,13.71,588.0,380.0,22.83,293.72,2.0,3,100135.0,9999999
58321,0,4238,27.9,13.36,525.0,359.0,22.83,294.59,1.0,2,100113.0,9999999
58321,0,4239,27.7,13.62,437.0,315.0,22.83,294.93,2.0,3,100099.0,9999999
58321,0,4240,27.5,13.88,329.0,235.0,22.83,295.1,3.0,3,100086.0,9999999
58321,0,4241,27.3,14.15,173.0,141.0,22.83,295.61,4.0,3,100072.0,9999999
58321,0,4242,26.4,14.33,76.0,68.0,22.83,295.27,3.0,3,100088.0,9999999
58321,0,4243,25.4,14.42,23.0,20.0,22.83,293.2,2.0,4,100104.0,9999999
58321,0,4244,24.5,14.6,1.0,1.0,22.83,293.37,1.0,3,100119.0,9999999
58321,0,4245,24.0,14.6,0.0,0.0,22.83,291.43,0.8,4,100127.0,9999999
58321,0,4246,23.5,14.6,0.0,0.0,22.83,285.93,0.7,4,100135.0,9999999
58321,0,4247,23.0,14.69,0.0,0.0,22.83,284.6,0.5,4,100143.0,9999999
58321,0,4248,22.4,14.69,0.0,0.0,22.83,284.6,0.3,5,100150.0,9999999
58321,0,4249,21.9,14.69,0.0,0.0,22.83,284.22,0.2,5,100158.0,9999999
58321,0,4250,21.4,14.69,0.0,0.0,22.83,283.84,0.0,4,100166.0,9999999
58321,0,4251,21.2,14.6,0.0,0.0,22.83,283.84,0.7,4,100172.0,9999999
58321,0,4252,20.9,14.6,0.0,0.0,22.83,283.64,1.3,3,100179.0,9999999
58321,0,4253,20.7,14.51,0.0,0.0,22.83,283.45,2.0,3,100185.0,9999999
58321,0,4254,21.2,14.78,95.0,44.0,22.83,283.84,2.3,3,100235.0,9999999
58321,0,4255,21.8,14.97,258.0,89.0,22.83,284.6,2.7,4,100286.0,9999999
58321,0,4256,22.3,15.25,445.0,124.0,22.83,285.37,3.0,3,100336.0,9999999
58321,0,4257,23.3,15.45,609.0,153.0,22.83,287.43,2.7,4,100327.0,9999999
58321,0,4258,24.3,15.54,705.0,215.0,22.83,289.09,2.3,4,100318.0,9999999
58321,0,4259,25.3,15.74,708.0,265.0,22.83,291.43,2.0,3,100310.0,9999999
58321,0,4260,26.1,15.84,679.0,268.0,22.83,293.89,2.3,4,100284.0,9999999
58321,0,4261,27.0,15.94,673.0,240.0,22.83,294.41,2.7,4,100258.0,9999999
58321,0,4262,27.8,16.04,629.0,224.0,22.83,293.2,3.0,4,100232.0,9999999
58321,0,4263,28.0,16.04,542.0,213.0,22.83,295.1,3.0,4,100199.0,9999999
58321,0,4264,28.1,15.94,377.0,154.0,22.83,294.07,3.0,4,100166.0,9999999
58321,0,4265,28.3,15.94,224.0,104.0,22.83,293.55,3.0,3,100133.0,9999999
58321,0,4266,27.8,16.14,131.0,65.0,22.83,294.07,2.7,4,100427.0,9999999
58321,0,4267,27.2,16.24,35.0,21.0,22.83,291.43,2.3,4,100720.0,9999999
58321,0,4268,26.7,16.44,1.0,1.0,22.83,291.07,2.0,3,101014.0,9999999
58321,0,4269,26.2,16.54,0.0,0.0,22.83,290.18,2.2,4,100876.0,9999999
58321,0,4270,25.8,16.54,0.0,0.0,22.83,291.43,2.3,4,100739.0,9999999
58321,0,4271,25.4,16.65,0.0,0.0,22.83,293.37,2.5,4,100601.0,9999999
58321,0,4272,24.9,16.75,0.0,0.0,22.83,293.72,2.7,4,100464.0,9999999
58321,0,4273,24.5,16.75,0.0,0.0,22.83,293.72,2.8,5,100326.0,9999999
58321,0,4274,24.0,16.85,0.0,0.0,22.83,289.99,3.0,4,100189.0,9999999
58321,0,4275,23.8,16.75,0.0,0.0,22.83,289.45,3.0,5,100185.0,9999999
58321,0,4276,23.7,16.65,0.0,0.0,22.83,288.72,3.0,5,100182.0,9999999
58321,0,4277,23.5,16.54,0.0,0.0,22.83,287.99,3.0,4,100178.0,9999999
58321,0,4278,23.8,16.65,69.0,54.0,22.83,288.17,2.7,4,100198.0,9999999
58321,0,4279,24.2,16.65,167.0,134.0,22.83,289.27,2.3,5,100219.0,9999999
58321,0,4280,24.5,16.75,309.0,224.0,22.83,290.36,2.0,4,100239.0,9999999
58321,0,4281,25.9,16.96,502.0,267.0,22.83,290.72,1.7,5,100250.0,9999999
58321,0,4282,27.2,17.06,651.0,297.0,22.83,291.61,1.3,5,100262.0,9999999
58321,0,4283,28.6,17.28,723.0,353.0,22.83,293.37,1.0,5,100273.0,9999999
58321,0,4284,29.1,17.6,768.0,360.0,22.83,293.72,1.3,4,100230.0,9999999
58321,0,4285,29.7,17.93,762.0,301.0,22.83,295.1,1.7,4,100188.0,9999999
58321,0,4286,30.2,18.26,619.0,278.0,22.83,295.27,2.0,3,100145.0,9999999
58321,0,4287,29.9,18.38,455.0,231.0,22.83,297.64,2.7,3,100105.0,9999999
58321,0,4288,29.6,18.61,337.0,161.0,22.83,295.1,3.3,3,100065.0,9999999
58321,0,4289,29.3,18.72,193.0,131.0,22.83,295.79,4.0,3,100025.0,9999999
58321,0,4290,28.6,18.49,86.0,74.0,22.83,295.1,3.7,3,100034.0,9999999
58321,0,4291,27.8,18.26,24.0,23.0,22.83,294.59,3.3,3,100043.0,9999999
58321,0,4292,27.1,18.04,1.0,1.0,22.83,293.89,3.0,4,100052.0,9999999
58321,0,4293,26.6,18.04,0.0,0.0,22.83,294.59,2.8,4,100047.0,9999999
58321,0,4294,26.2,17.93,0.0,0.0,22.83,293.89,2.7,4,100041.0,9999999
58321,0,4295,25.7,17.93,0.0,0.0,22.83,293.72,2.5,4,100036.0,9999999
58321,0,4296,25.2,17.93,0.0,0.0,22.83,293.89,2.3,4,100030.0,9999999
58321,0,4297,24.8,17.82,0.0,0.0,22.83,293.2,2.2,4,100025.0,9999999
58321,0,4298,24.3,17.82,0.0,0.0,22.83,293.02,2.0,3,100019.0,9999999
58321,0,4299,24.2,17.93,0.0,0.0,22.83,293.2,2.0,5,100016.0,9999999
58321,0,4300,24.1,18.04,0.0,0.0,22.83,292.85,2.0,4,100013.0,9999999
58321,0,4301,24.0,18.15,0.0,0.0,22.83,293.72,2.0,3,100009.0,9999999
58321,0,4302,24.2,18.26,24.0,24.0,22.83,294.07,2.3,5,100016.0,9999999
58321,0,4303,24.3,18.49,52.0,52.0,22.83,294.59,2.7,5,100023.0,9999999
58321,0,4304,24.5,18.61,91.0,86.0,22.83,295.1,3.0,6,100030.0,9999999
58321,0,4305,24.5,18.61,85.0,80.0,22.83,295.27,3.0,4,100016.0,9999999
58321,0,4306,24.5,18.72,52.0,52.0,22.83,295.96,3.0,4,100003.0,9999999
58321,0,4307,24.5,18.72,48.0,47.0,22.83,296.46,3.0,4,99990.0,9999999
58321,0,4308,24.5,18.72,58.0,57.0,22.83,296.46,3.0,5,99950.0,9999999
58321,0,4309,24.6,18.72,66.0,66.0,22.83,296.46,3.0,5,99910.0,9999999
58321,0,4310,24.6,18.72,62.0,62.0,22.83,296.46,3.0,4,99870.0,9999999
58321,0,4311,24.5,18.49,51.0,51.0,22.83,296.63,2.7,3,99857.0,9999999
58321,0,4312,24.5,18.38,30.0,30.0,22.83,296.46,2.3,3,99844.0,9999999
58321,0,4313,24.4,18.15,17.0,17.0,22.83,296.63,2.0,4,99830.0,9999999
58321,0,4314,24.2,18.15,7.0,7.0,22.83,296.8,1.3,1,99850.0,9999999
58321,0,4315,24.0,18.15,2.0,2.0,22.83,296.63,0.7,16,99870.0,9999999
58321,0,4316,23.8,18.15,0.0,0.0,22.83,296.46,0.0,0,99889.0,9999999
58321,0,4317,23.7,17.93,0.0,0.0,22.83,295.96,0.7,1,99897.0,9999999
58321,0,4318,23.6,17.82,0.0,0.0,22.83,295.44,1.3,2,99906.0,9999999
58321,0,4319,23.5,17.71,0.0,0.0,22.83,295.44,2.0,2,99914.0,9999999
58321,0,4320,23.3,17.49,0.0,0.0,22.83,295.61,2.7,14,99922.0,9999999
58321,0,4321,23.2,17.28,0.0,0.0,22.83,295.44,3.3,12,99930.0,9999999
58321,0,4322,23.1,17.17,0.0,0.0,22.83,295.79,4.0,12,99938.0,9999999
58321,0,4323,22.9,16.96,0.0,0.0,22.83,294.93,3.0,14,99951.0,9999999
58321,0,4324,22.6,16.85,0.0,0.0,22.83,295.27,2.0,15,99965.0,9999999
58321,0,4325,22.4,16.65,0.0,0.0,22.83,295.27,1.0,13,99978.0,9999999
58321,0,4326,22.5,16.75,10.0,10.0,22.83,295.27,0.7,16,100011.0,9999999
58321,0,4327,22.7,16.96,37.0,35.0,22.83,295.1,0.3,1,100044.0,9999999
58321,0,4328,22.8,17.06,78.0,76.0,22.83,294.93,0.0,3,100078.0,9999999
58321,0,4329,23.1,17.28,153.0,137.0,22.83,295.61,0.0,6,100085.0,9999999
58321,0,4330,23.5,17.38,307.0,239.0,22.83,295.96,0.0,7,100092.0,9999999
58321,0,4331,23.8,17.6,526.0,337.0,22.83,296.3,0.0,8,100099.0,9999999
58321,0,4332,24.4,17.6,706.0,357.0,22.83,296.63,1.0,8,100089.0,9999999
58321,0,4333,25.1,17.6,749.0,267.0,22.83,295.44,2.0,8,100080.0,9999999
58321,0,4334,25.7,17.6,693.0,199.0,22.83,295.1,3.0,8,100071.0,9999999
58321,0,4335,26.2,17.49,620.0,185.0,22.83,293.2,2.7,7,100031.0,9999999
58321,0,4336,26.6,17.49,492.0,145.0,22.83,292.67,2.3,7,99992.0,9999999
58321,0,4337,27.1,17.38,322.0,108.0,22.83,292.14,2.0,7,99953.0,9999999
58321,0,4338,25.7,17.71,158.0,67.0,22.83,290.89,2.0,6,99990.0,9999999
58321,0,4339,25.2,17.82,38.0,22.0,22.83,291.25,2.0,6,99999.0,9999999
58321,0,4340,24.9,17.82,1.0,1.0,22.83,288.9,2.0,6,100006.0,9999999
58321,0,4341,25.8,18.04,0.0,0.0,22.83,288.54,2.2,7,100259.0,9999999
58321,0,4342,26.5,18.26,0.0,0.0,22.83,287.62,2.2,7,100512.0,9999999
58321,0,4343,27.6,18.26,0.0,0.0,22.83,287.62,2.8,8,100544.0,9999999
58321,0,4344,28.7,18.26,0.0,0.0,26.75,294.07,2.8,8,100795.0,9999999
58321,0,4345,28.7,17.93,0.0,0.0,26.75,293.72,2.8,8,100795.0,9999999
58321,0,4346,28.8,17.6,0.0,0.0,26.75,293.2,3.5,8,100580.0,9999999
58321,0,4347,28.9,17.28,0.0,0.0,26.75,293.55,3.2,8,100800.0,9999999
58321,0,4348,29.1,17.06,0.0,0.0,26.75,293.37,3.8,8,100801.0,9999999
58321,0,4349,29.5,16.96,0.0,0.0,26.75,293.37,5.0,9,100613.0,9999999
58321,0,4350,29.0,16.65,86.0,52.0,26.75,292.85,3.0,8,101016.0,9999999
58321,0,4351,30.0,16.65,235.0,111.0,26.75,292.85,4.0,8,101017.0,9999999
58321,0,4352,30.4,17.28,411.0,156.0,26.75,293.37,8.0,9,100265.0,9999999
58321,0,4353,31.0,17.71,548.0,217.0,26.75,294.41,5.0,8,101018.0,9999999
58321,0,4354,31.0,17.71,681.0,265.0,26.75,295.61,5.0,8,101018.0,9999999
58321,0,4355,32.6,18.04,776.0,312.0,26.75,296.3,8.0,9,100327.0,9999999
58321,0,4356,33.0,17.71,727.0,366.0,26.75,297.47,6.0,8,101020.0,9999999
58321,0,4357,33.0,17.71,681.0,373.0,26.75,298.81,5.0,8,101020.0,9999999
58321,0,4358,33.3,17.06,709.0,285.0,26.75,298.64,8.0,9,100188.0,9999999
58321,0,4359,34.0,17.71,644.0,182.0,26.75,299.14,6.0,8,101021.0,9999999
58321,0,4360,34.0,17.71,453.0,148.0,26.75,298.81,6.0,8,101021.0,9999999
58321,0,4361,33.0,17.71,280.0,111.0,26.75,298.47,6.0,9,101020.0,9999999
58321,0,4362,32.0,17.71,148.0,66.0,26.75,297.31,5.0,8,101019.0,9999999
58321,0,4363,31.0,17.71,41.0,23.0,26.75,297.14,5.0,8,101018.0,9999999
58321,0,4364,30.1,17.71,1.0,1.0,26.75,296.13,6.0,8,100145.0,9999999
58321,0,4365,30.0,17.71,0.0,0.0,26.75,295.44,3.0,8,101017.0,9999999
58321,0,4366,29.0,17.71,0.0,0.0,26.75,295.27,3.0,9,101016.0,9999999
58321,0,4367,29.0,17.71,0.0,0.0,26.75,295.1,2.0,8,101016.0,9999999
58321,0,4368,29.0,17.71,0.0,0.0,26.75,294.59,2.0,8,101016.0,9999999
58321,0,4369,28.0,17.71,0.0,0.0,26.75,294.59,2.0,8,101015.0,9999999
58321,0,4370,28.3,17.93,0.0,0.0,26.75,294.41,4.0,8,100053.0,9999999
58321,0,4371,28.0,17.71,0.0,0.0,26.75,293.72,1.0,7,101015.0,9999999
58321,0,4372,28.0,17.71,0.0,0.0,26.75,294.24,1.0,7,101015.0,9999999
58321,0,4373,27.9,17.06,0.0,0.0,26.75,293.72,3.0,8,100053.0,9999999
58321,0,4374,28.0,16.65,91.0,43.0,26.75,293.2,2.0,8,101015.0,9999999
58321,0,4375,29.0,17.71,249.0,91.0,26.75,292.85,3.0,8,101016.0,9999999
58321,0,4376,30.5,18.15,431.0,133.0,26.75,293.37,7.0,9,100125.0,9999999
58321,0,4377,31.0,18.84,603.0,165.0,26.75,294.41,5.0,8,101018.0,9999999
58321,0,4378,32.0,18.84,748.0,188.0,26.75,295.44,4.0,8,101019.0,9999999
58321,0,4379,33.1,18.84,842.0,222.0,26.75,296.46,8.0,9,100158.0,9999999
58321,0,4380,34.0,18.84,819.0,264.0,26.75,297.64,6.0,8,101021.0,9999999
58321,0,4381,34.0,18.84,723.0,276.0,26.75,299.96,6.0,8,101021.0,9999999
58321,0,4382,33.5,18.26,682.0,271.0,26.75,300.12,8.0,9,100009.0,9999999
58321,0,4383,34.0,17.71,578.0,247.0,26.75,299.63,6.0,8,101021.0,9999999
58321,0,4384,33.0,17.71,439.0,193.0,26.75,299.3,6.0,8,101020.0,9999999
58321,0,4385,32.6,18.04,311.0,148.0,26.75,298.64,6.0,9,99988.0,9999999
58321,0,4386,32.0,17.71,149.0,88.0,26.75,297.64,6.0,9,101019.0,9999999
58321,0,4387,31.0,17.71,41.0,26.0,26.75,297.31,5.0,9,101018.0,9999999
58321,0,4388,30.4,17.82,1.0,1.0,26.75,295.61,7.0,9,100046.0,9999999
58321,0,4389,30.0,18.84,0.0,0.0,26.75,295.1,3.0,8,101017.0,9999999
58321,0,4390,30.0,18.84,0.0,0.0,26.75,294.59,4.0,8,101017.0,9999999
58321,0,4391,29.0,17.71,0.0,0.0,26.75,294.24,4.0,8,101016.0,9999999
58321,0,4392,29.0,17.71,0.0,0.0,26.75,293.89,3.0,8,101016.0,9999999
58321,0,4393,29.0,17.71,0.0,0.0,26.75,293.72,3.0,8,101016.0,9999999
58321,0,4394,28.3,17.71,0.0,0.0,26.75,293.55,4.0,9,99964.0,9999999
58321,0,4395,28.0,17.71,0.0,0.0,26.75,293.37,3.0,8,101015.0,9999999
58321,0,4396,28.0,17.71,0.0,0.0,26.75,293.37,3.0,8,101015.0,9999999
58321,0,4397,28.0,17.71,0.0,0.0,26.75,293.2,3.0,9,101015.0,9999999
58321,0,4398,28.0,17.71,83.0,54.0,26.75,293.02,2.0,8,101015.0,9999999
58321,0,4399,28.0,18.84,220.0,121.0,26.75,293.37,2.0,8,101015.0,9999999
58321,0,4400,30.5,18.49,403.0,165.0,26.75,293.89,6.0,9,100046.0,9999999
58321,0,4401,32.0,18.84,600.0,175.0,26.75,294.93,4.0,8,101019.0,9999999
58321,0,4402,33.0,18.84,754.0,186.0,26.75,295.96,3.0,8,101020.0,9999999
58321,0,4403,33.5,18.26,814.0,227.0,26.75,297.31,5.0,9,100029.0,9999999
58321,0,4404,34.0,20.03,797.0,263.0,26.75,298.97,4.0,8,101021.0,9999999
58321,0,4405,35.0,18.84,797.0,238.0,26.75,299.46,4.0,8,101022.0,9999999
58321,0,4406,34.7,19.54,738.0,207.0,26.75,299.96,6.0,9,99870.0,9999999
58321,0,4407,35.0,20.03,620.0,197.0,26.75,299.46,3.0,9,101022.0,9999999
58321,0,4408,36.0,15.64,460.0,161.0,26.75,299.46,6.0,11,101023.0,9999999
58321,0,4409,35.1,15.25,272.0,115.0,26.75,300.28,6.0,11,99841.0,9999999
58321,0,4410,35.0,15.64,136.0,67.0,26.75,298.81,4.0,10,101022.0,9999999
58321,0,4411,32.0,20.03,36.0,22.0,26.75,297.64,3.0,8,101019.0,9999999
58321,0,4412,30.6,15.16,1.0,1.0,26.75,297.31,3.0,10,99996.0,9999999
58321,0,4413,31.0,18.84,0.0,0.0,26.75,297.64,3.0,9,101018.0,9999999
58321,0,4414,30.0,18.84,0.0,0.0,26.75,296.63,2.0,9,101017.0,9999999
58321,0,4415,30.0,18.84,0.0,0.0,26.75,295.61,2.0,9,101017.0,9999999
58321,0,4416,29.0,18.84,0.0,0.0,26.75,295.1,2.0,9,101016.0,9999999
58321,0,4417,29.0,18.84,0.0,0.0,26.75,294.93,2.0,10,101016.0,9999999
58321,0,4418,28.0,18.84,0.0,0.0,26.75,294.41,3.0,10,99894.0,9999999
58321,0,4419,28.0,18.84,0.0,0.0,26.75,294.24,1.0,10,101015.0,9999999
58321,0,4420,28.0,18.84,0.0,0.0,26.75,293.55,1.0,9,101015.0,9999999
58321,0,4421,26.7,19.07,0.0,0.0,26.75,294.07,1.0,9,99942.0,9999999
58321,0,4422,27.0,15.45,87.0,41.0,26.75,294.07,1.0,8,101014.0,9999999
58321,0,4423,29.0,20.03,237.0,91.0,26.75,293.72,1.0,9,101016.0,9999999
58321,0,4424,31.0,19.07,402.0,126.0,26.75,294.93,4.0,9,100016.0,9999999
58321,0,4425,33.0,18.84,524.0,160.0,26.75,296.13,3.0,9,101020.0,9999999
58321,0,4426,35.0,17.71,670.0,178.0,26.75,298.31,4.0,10,101022.0,9999999
58321,0,4427,35.1,17.06,810.0,184.0,26.75,298.31,7.0,11,99970.0,9999999
58321,0,4428,36.0,16.65,792.0,226.0,26.75,299.63,6.0,11,101023.0,9999999
58321,0,4429,36.0,20.03,697.0,274.0,26.75,300.93,4.0,8,101023.0,9999999
58321,0,4430,37.2,15.16,542.0,265.0,26.75,301.42,6.0,10,99833.0,9999999
58321,0,4431,38.0,16.65,425.0,223.0,26.75,302.06,6.0,11,101025.0,9999999
58321,0,4432,38.0,16.65,323.0,171.0,26.75,300.77,6.0,11,101025.0,9999999
58321,0,4433,36.9,15.35,215.0,121.0,26.75,299.79,7.0,11,99743.0,9999999
58321,0,4434,35.0,21.29,138.0,77.0,26.75,300.28,3.0,9,101022.0,9999999
58321,0,4435,33.0,21.29,36.0,25.0,26.75,298.47,2.0,8,101020.0,9999999
58321,0,4436,31.6,20.27,1.0,1.0,26.75,297.47,3.0,10,99847.0,9999999
58321,0,4437,32.0,20.03,0.0,0.0,26.75,297.31,3.0,9,101019.0,9999999
58321,0,4438,31.0,20.03,0.0,0.0,26.75,296.63,4.0,9,101018.0,9999999
58321,0,4439,31.0,20.03,0.0,0.0,26.75,295.79,2.0,9,101018.0,9999999
58321,0,4440,30.0,20.03,0.0,0.0,26.75,295.61,2.0,9,101017.0,9999999
58321,0,4441,30.0,20.03,0.0,0.0,26.75,295.44,1.0,11,101017.0,9999999
58321,0,4442,29.2,20.27,0.0,0.0,26.75,295.61,2.0,11,99755.0,9999999
58321,0,4443,29.0,20.03,0.0,0.0,26.75,295.44,1.0,11,101016.0,9999999
58321,0,4444,29.0,20.03,0.0,0.0,26.75,295.61,2.0,10,101016.0,9999999
58321,0,4445,27.8,19.78,0.0,0.0,26.75,294.76,2.0,9,99794.0,9999999
58321,0,4446,29.0,18.84,66.0,38.0,26.75,295.1,2.0,9,101016.0,9999999
58321,0,4447,30.0,20.03,189.0,101.0,26.75,295.44,1.0,9,101017.0,9999999
58321,0,4448,31.2,19.78,290.0,153.0,26.75,296.97,2.0,10,99887.0,9999999
58321,0,4449,34.0,17.71,350.0,176.0,26.75,298.47,3.0,11,101021.0,9999999
58321,0,4450,35.0,17.71,483.0,255.0,26.75,298.81,4.0,11,101022.0,9999999
58321,0,4451,35.1,16.75,652.0,309.0,26.75,300.12,7.0,11,99841.0,9999999
58321,0,4452,35.0,16.65,581.0,279.0,26.75,300.93,6.0,11,101022.0,9999999
58321,0,4453,36.0,17.71,393.0,250.0,26.75,302.85,5.0,12,101023.0,9999999
58321,0,4454,30.0,15.16,332.0,253.0,26.75,302.22,5.0,16,99836.0,9999999
58321,0,4455,30.0,17.71,241.0,213.0,26.75,299.46,5.0,16,101017.0,9999999
58321,0,4456,30.0,17.71,189.0,155.0,26.75,299.14,5.0,1,101017.0,9999999
58321,0,4457,30.5,15.94,176.0,120.0,26.75,297.64,3.0,2,99826.0,9999999
58321,0,4458,30.0,22.62,99.0,63.0,26.75,297.31,3.0,4,101017.0,9999999
58321,0,4459,29.0,15.64,27.0,20.0,26.75,296.13,1.0,4,101016.0,9999999
58321,0,4460,28.4,16.04,1.0,1.0,26.75,295.79,4.0,2,99934.0,9999999
58321,0,4461,27.0,15.64,0.0,0.0,26.75,295.79,3.0,1,101014.0,9999999
58321,0,4462,27.0,14.69,0.0,0.0,26.75,295.61,1.0,1,101014.0,9999999
58321,0,4463,25.0,16.65,0.0,0.0,26.75,294.59,2.0,1,101012.0,9999999
58321,0,4464,25.0,17.71,0.0,0.0,26.75,295.27,1.0,7,101012.0,9999999
58321,0,4465,25.0,17.71,0.0,0.0,26.75,295.44,1.0,6,101012.0,9999999
58321,0,4466,25.0,18.15,0.0,0.0,26.75,295.61,1.0,8,99891.0,9999999
58321,0,4467,25.0,18.84,0.0,0.0,26.75,296.3,1.0,3,101012.0,9999999
58321,0,4468,25.0,18.84,0.0,0.0,26.75,295.79,1.0,7,101012.0,9999999
58321,0,4469,25.6,18.61,0.0,0.0,26.75,295.27,1.0,3,99881.0,9999999
58321,0,4470,26.0,18.84,25.0,24.0,26.75,294.76,1.0,2,101013.0,9999999
58321,0,4471,25.0,18.84,58.0,56.0,26.75,295.44,3.0,2,101012.0,9999999
58321,0,4472,23.0,16.44,101.0,96.0,26.75,295.27,5.0,2,100078.0,9999999
58321,0,4473,23.0,16.65,160.0,149.0,26.75,295.44,3.0,16,101010.0,9999999
58321,0,4474,22.0,15.64,241.0,219.0,26.75,296.3,3.0,4,101009.0,9999999
58321,0,4475,22.3,15.74,319.0,279.0,26.75,296.63,2.0,5,100267.0,9999999
58321,0,4476,21.0,14.69,366.0,302.0,26.75,297.98,3.0,5,101008.0,9999999
58321,0,4477,21.0,14.69,346.0,282.0,26.75,299.3,4.0,5,101008.0,9999999
58321,0,4478,22.4,15.35,341.0,290.0,26.75,299.79,1.0,2,100187.0,9999999
58321,0,4479,23.0,15.64,296.0,264.0,26.75,294.59,2.0,4,101010.0,9999999
58321,0,4480,23.0,14.69,217.0,197.0,26.75,295.1,2.0,2,101010.0,9999999
58321,0,4481,22.9,15.06,178.0,145.0,26.75,293.89,2.0,3,100058.0,9999999
58321,0,4482,22.0,14.69,89.0,69.0,26.75,294.59,2.0,3,101009.0,9999999
58321,0,4483,22.0,14.69,20.0,18.0,26.75,293.89,1.0,2,101009.0,9999999
58321,0,4484,22.7,15.45,1.0,1.0,26.75,293.89,1.0,5,100088.0,9999999
58321,0,4485,23.0,15.64,0.0,0.0,26.75,293.89,2.0,4,101010.0,9999999
58321,0,4486,23.0,15.64,0.0,0.0,26.75,293.37,2.0,16,101010.0,9999999
58321,0,4487,23.0,15.64,0.0,0.0,26.75,292.32,3.0,2,101010.0,9999999
58321,0,4488,23.0,15.64,0.0,0.0,26.75,292.67,2.0,3,101010.0,9999999
58321,0,4489,23.0,16.65,0.0,0.0,26.75,293.37,3.0,5,101010.0,9999999
58321,0,4490,23.7,16.75,0.0,0.0,26.75,293.72,2.0,5,99839.0,9999999
58321,0,4491,24.0,17.71,0.0,0.0,26.75,294.24,1.0,13,101011.0,9999999
58321,0,4492,24.0,17.71,0.0,0.0,26.75,294.24,2.0,16,101011.0,9999999
58321,0,4493,22.2,15.16,0.0,0.0,26.75,294.59,3.0,1,99898.0,9999999
58321,0,4494,22.0,15.64,11.0,11.0,26.75,294.76,3.0,2,101009.0,9999999
58321,0,4495,22.0,15.64,51.0,49.0,26.75,295.1,3.0,4,101009.0,9999999
58321,0,4496,22.7,15.84,81.0,78.0,26.75,295.1,2.0,1,100137.0,9999999
58321,0,4497,23.0,15.64,107.0,102.0,26.75,295.61,0.0,2,101010.0,9999999
58321,0,4498,24.0,16.65,142.0,137.0,26.75,295.44,1.0,4,101011.0,9999999
58321,0,4499,24.9,17.06,216.0,195.0,26.75,295.61,2.0,2,100090.0,9999999
58321,0,4500,26.0,17.71,275.0,238.0,26.75,296.3,2.0,3,101013.0,9999999
58321,0,4501,27.0,18.84,254.0,230.0,26.75,297.31,2.0,3,101014.0,9999999
58321,0,4502,28.1,18.95,256.0,235.0,26.75,296.97,2.0,3,99974.0,9999999
58321,0,4503,29.0,20.03,250.0,225.0,26.75,297.81,2.0,4,101016.0,9999999
58321,0,4504,29.0,20.03,214.0,194.0,26.75,297.98,2.0,4,101016.0,9999999
58321,0,4505,29.3,20.65,147.0,135.0,26.75,297.98,2.0,3,99885.0,9999999
58321,0,4506,29.0,21.29,63.0,61.0,26.75,298.31,2.0,1,101016.0,9999999
58321,0,4507,28.0,20.03,17.0,17.0,26.75,297.64,2.0,2,101015.0,9999999
58321,0,4508,27.4,20.03,1.0,1.0,26.75,297.31,2.0,3,99983.0,9999999
58321,0,4509,27.0,20.03,0.0,0.0,26.75,297.14,2.0,2,101014.0,9999999
58321,0,4510,27.0,20.03,0.0,0.0,26.75,296.63,3.0,3,101014.0,9999999
58321,0,4511,27.0,20.03,0.0,0.0,26.75,296.97,3.0,4,101014.0,9999999
58321,0,4512,27.0,20.03,0.0,0.0,26.75,294.76,2.0,6,101014.0,9999999
58321,0,4513,27.0,20.03,0.0,0.0,26.75,294.07,3.0,6,101014.0,9999999
58321,0,4514,27.3,20.9,0.0,0.0,26.75,294.59,2.0,7,99803.0,9999999
58321,0,4515,27.0,21.29,0.0,0.0,26.75,295.61,2.0,7,101014.0,9999999
58321,0,4516,27.0,20.03,0.0,0.0,26.75,294.93,2.0,6,101014.0,9999999
58321,0,4517,27.4,20.52,0.0,0.0,26.75,294.59,2.0,7,99843.0,9999999
58321,0,4518,27.0,20.03,45.0,39.0,26.75,295.1,2.0,6,101014.0,9999999
58321,0,4519,28.0,20.03,145.0,105.0,26.75,295.44,0.0,8,101015.0,9999999
58321,0,4520,28.7,20.4,218.0,165.0,26.75,295.1,2.0,8,99884.0,9999999
58321,0,4521,30.0,21.29,220.0,188.0,26.75,296.63,1.0,8,101017.0,9999999
58321,0,4522,31.0,21.29,277.0,248.0,26.75,296.8,1.0,8,101018.0,9999999
58321,0,4523,31.7,21.03,351.0,313.0,26.75,297.31,5.0,8,99838.0,9999999
58321,0,4524,32.0,21.29,433.0,368.0,26.75,297.81,3.0,7,101019.0,9999999
58321,0,4525,31.0,21.29,524.0,406.0,26.75,298.31,2.0,8,101018.0,9999999
58321,0,4526,31.7,21.95,468.0,358.0,26.75,298.81,4.0,9,99808.0,9999999
58321,0,4527,32.0,21.29,367.0,282.0,26.75,299.3,3.0,8,101019.0,9999999
58321,0,4528,32.0,21.29,263.0,206.0,26.75,299.3,2.0,8,101019.0,9999999
58321,0,4529,31.1,20.65,138.0,130.0,26.75,299.3,5.0,8,99687.0,9999999
58321,0,4530,31.0,20.03,67.0,64.0,26.75,299.14,2.0,8,101018.0,9999999
58321,0,4531,30.0,21.29,19.0,19.0,26.75,299.14,1.0,8,101017.0,9999999
58321,0,4532,29.0,21.03,1.0,1.0,26.75,298.31,2.0,16,99785.0,9999999
58321,0,4533,27.0,20.03,0.0,0.0,26.75,297.98,2.0,14,101014.0,9999999
58321,0,4534,27.0,20.03,0.0,0.0,26.75,297.64,2.0,14,101014.0,9999999
58321,0,4535,27.0,20.03,0.0,0.0,26.75,297.81,0.0,14,101014.0,9999999
58321,0,4536,27.0,18.84,0.0,0.0,26.75,297.14,1.0,13,101014.0,9999999
58321,0,4537,27.0,18.84,0.0,0.0,26.75,296.97,2.0,14,101014.0,9999999
58321,0,4538,26.5,19.07,0.0,0.0,26.75,296.63,1.0,15,99763.0,9999999
58321,0,4539,25.0,18.84,0.0,0.0,26.75,296.8,2.0,15,101012.0,9999999
58321,0,4540,26.0,18.84,0.0,0.0,26.75,295.79,2.0,13,101013.0,9999999
58321,0,4541,26.0,18.49,0.0,0.0,26.75,294.76,2.0,15,99872.0,9999999
58321,0,4542,26.0,17.71,26.0,26.0,26.75,294.41,1.0,16,101013.0,9999999
58321,0,4543,26.0,17.71,65.0,62.0,26.75,294.24,2.0,14,101013.0,9999999
58321,0,4544,26.2,18.26,145.0,128.0,26.75,295.27,1.0,16,100021.0,9999999
58321,0,4545,26.0,17.71,272.0,213.0,26.75,295.27,2.0,1,101013.0,9999999
58321,0,4546,27.0,17.71,342.0,238.0,26.75,296.3,2.0,3,101014.0,9999999
58321,0,4547,26.3,18.15,344.0,253.0,26.75,297.47,2.0,6,100021.0,9999999
58321,0,4548,26.0,17.71,284.0,235.0,26.75,297.98,2.0,2,101013.0,9999999
58321,0,4549,26.0,17.71,262.0,223.0,26.75,297.98,3.0,15,101013.0,9999999
58321,0,4550,24.6,17.17,230.0,203.0,26.75,296.63,2.0,16,99970.0,9999999
58321,0,4551,25.0,16.65,126.0,121.0,26.75,297.64,2.0,13,101012.0,9999999
58321,0,4552,26.0,16.65,124.0,121.0,26.75,296.63,0.0,5,101013.0,9999999
58321,0,4553,26.1,17.71,135.0,131.0,26.75,295.79,3.0,8,99981.0,9999999
58321,0,4554,26.0,17.71,78.0,76.0,26.75,295.96,1.0,7,101013.0,9999999
58321,0,4555,26.0,17.71,22.0,21.0,26.75,296.3,2.0,7,101013.0,9999999
58321,0,4556,25.8,18.04,1.0,1.0,26.75,296.13,2.0,6,99981.0,9999999
58321,0,4557,25.0,18.84,0.0,0.0,26.75,296.13,1.0,5,101012.0,9999999
58321,0,4558,26.0,18.84,0.0,0.0,26.75,296.46,2.0,1,101013.0,9999999
58321,0,4559,25.0,17.71,0.0,0.0,26.75,295.96,2.0,1,101012.0,9999999
58321,0,4560,25.0,17.71,0.0,0.0,26.75,296.3,2.0,3,101012.0,9999999
58321,0,4561,25.0,17.71,0.0,0.0,26.75,296.13,2.0,3,101012.0,9999999
58321,0,4562,25.2,18.04,0.0,0.0,26.75,296.13,2.0,3,99951.0,9999999
58321,0,4563,25.0,17.71,0.0,0.0,26.75,295.96,1.0,2,101012.0,9999999
58321,0,4564,25.0,18.84,0.0,0.0,26.75,295.44,1.0,4,101012.0,9999999
58321,0,4565,26.9,19.07,0.0,0.0,26.75,294.93,3.0,8,99912.0,9999999
58321,0,4566,27.0,18.84,44.0,39.0,26.75,294.24,3.0,7,101014.0,9999999
58321,0,4567,27.0,18.84,98.0,90.0,26.75,294.41,3.0,8,101014.0,9999999
58321,0,4568,28.1,18.72,175.0,163.0,26.75,295.1,6.0,9,99934.0,9999999
58321,0,4569,28.0,18.84,258.0,239.0,26.75,295.1,5.0,8,101015.0,9999999
58321,0,4570,29.0,18.84,371.0,318.0,26.75,296.13,6.0,8,101016.0,9999999
58321,0,4571,29.6,18.84,452.0,369.0,26.75,296.3,6.0,9,99915.0,9999999
58321,0,4572,31.0,18.84,447.0,376.0,26.75,297.31,5.0,8,101018.0,9999999
58321,0,4573,30.0,18.84,419.0,364.0,26.75,297.81,3.0,8,101017.0,9999999
58321,0,4574,30.5,18.72,386.0,332.0,26.75,298.47,7.0,9,99846.0,9999999
58321,0,4575,30.0,18.84,300.0,262.0,26.75,298.81,4.0,8,101017.0,9999999
58321,0,4576,30.0,18.84,182.0,170.0,26.75,299.14,4.0,9,101017.0,9999999
58321,0,4577,27.4,19.66,98.0,96.0,26.75,299.3,3.0,14,99853.0,9999999
58321,0,4578,25.0,17.71,36.0,36.0,26.75,298.47,6.0,13,101012.0,9999999
58321,0,4579,25.0,16.65,9.0,9.0,26.75,297.64,5.0,13,101012.0,9999999
58321,0,4580,24.1,17.06,0.0,0.0,26.75,296.3,3.0,14,100059.0,9999999
58321,0,4581,24.0,16.65,0.0,0.0,26.75,295.61,5.0,13,101011.0,9999999
58321,0,4582,24.0,16.65,0.0,0.0,26.75,295.27,4.0,13,101011.0,9999999
58321,0,4583,23.0,16.65,0.0,0.0,26.75,294.59,3.0,14,101010.0,9999999
58321,0,4584,23.0,16.65,0.0,0.0,26.75,294.07,3.0,13,101010.0,9999999
58321,0,4585,23.0,16.65,0.0,0.0,26.75,293.37,3.0,13,101010.0,9999999
58321,0,4586,23.0,16.44,0.0,0.0,26.75,293.72,1.0,13,100128.0,9999999
58321,0,4587,23.0,16.65,0.0,0.0,26.75,293.55,1.0,13,101010.0,9999999
58321,0,4588,22.0,15.64,0.0,0.0,26.75,293.2,3.0,13,101009.0,9999999
58321,0,4589,22.6,16.04,0.0,0.0,26.75,291.96,2.0,14,100187.0,9999999
58321,0,4590,22.0,15.64,17.0,16.0,26.75,291.43,3.0,12,101009.0,9999999
58321,0,4591,23.0,15.64,59.0,56.0,26.75,291.25,3.0,12,101010.0,9999999
58321,0,4592,22.9,16.04,127.0,107.0,26.75,291.43,2.0,14,100407.0,9999999
58321,0,4593,23.0,16.65,173.0,148.0,26.75,290.89,3.0,12,101010.0,9999999
58321,0,4594,24.0,16.65,208.0,194.0,26.75,291.79,2.0,12,101011.0,9999999
58321,0,4595,24.6,16.54,294.0,266.0,26.75,292.14,2.0,12,100528.0,9999999
58321,0,4596,26.0,17.71,416.0,325.0,26.75,292.49,1.0,11,101013.0,9999999
58321,0,4597,26.0,16.65,388.0,294.0,26.75,292.85,1.0,9,101013.0,9999999
58321,0,4598,26.9,17.17,336.0,273.0,26.75,293.02,2.0,9,100481.0,9999999
58321,0,4599,27.0,17.71,367.0,280.0,26.75,292.49,2.0,8,101014.0,9999999
58321,0,4600,27.0,17.71,287.0,223.0,26.75,292.49,3.0,7,101014.0,9999999
58321,0,4601,26.5,17.49,167.0,144.0,26.75,292.49,4.0,8,100460.0,9999999
58321,0,4602,26.0,17.71,81.0,73.0,26.75,292.14,2.0,8,101013.0,9999999
58321,0,4603,25.0,16.65,22.0,21.0,26.75,290.89,2.0,8,101012.0,9999999
58321,0,4604,24.3,16.65,1.0,1.0,26.75,290.54,3.0,8,100528.0,9999999
58321,0,4605,24.0,15.64,0.0,0.0,26.75,289.99,2.0,8,101011.0,9999999
58321,0,4606,24.0,16.65,0.0,0.0,26.75,289.45,1.0,8,101011.0,9999999
58321,0,4607,24.0,16.65,0.0,0.0,26.75,288.35,2.0,7,101011.0,9999999
58321,0,4608,24.0,15.64,0.0,0.0,26.75,289.09,1.0,7,101011.0,9999999
58321,0,4609,23.0,15.64,0.0,0.0,26.75,289.63,1.0,8,101010.0,9999999
58321,0,4610,23.3,16.34,0.0,0.0,26.75,290.54,2.0,8,100497.0,9999999
58321,0,4611,23.0,16.65,0.0,0.0,26.75,289.09,2.0,7,101010.0,9999999
58321,0,4612,23.0,15.64,0.0,0.0,26.75,289.27,1.0,8,101010.0,9999999
58321,0,4613,23.1,16.14,0.0,0.0,26.75,290.72,2.0,8,100457.0,9999999
58321,0,4614,23.0,16.65,25.0,25.0,26.75,290.89,3.0,6,101010.0,9999999
58321,0,4615,24.0,16.65,80.0,72.0,26.75,291.07,1.0,7,101011.0,9999999
58321,0,4616,23.6,16.14,167.0,136.0,26.75,291.07,3.0,8,100577.0,9999999
58321,0,4617,24.0,16.65,230.0,193.0,26.75,292.14,3.0,7,101011.0,9999999
58321,0,4618,25.0,16.65,296.0,260.0,26.75,292.67,4.0,7,101012.0,9999999
58321,0,4619,26.3,16.85,398.0,322.0,26.75,293.37,4.0,8,100590.0,9999999
58321,0,4620,27.0,17.71,472.0,359.0,26.75,293.72,3.0,8,101014.0,9999999
58321,0,4621,27.0,16.65,476.0,358.0,26.75,294.24,5.0,7,101014.0,9999999
58321,0,4622,26.8,15.94,456.0,344.0,26.75,294.41,7.0,8,100471.0,9999999
58321,0,4623,27.0,16.65,416.0,313.0,26.75,294.93,3.0,7,101014.0,9999999
58321,0,4624,26.0,16.65,279.0,221.0,26.75,294.59,4.0,7,101013.0,9999999
58321,0,4625,26.7,16.14,138.0,128.0,26.75,294.76,5.0,7,100411.0,9999999
58321,0,4626,26.0,16.65,66.0,61.0,26.75,294.07,2.0,7,101013.0,9999999
58321,0,4627,26.0,16.65,19.0,16.0,26.75,292.85,2.0,8,101013.0,9999999
58321,0,4628,25.1,16.44,1.0,1.0,26.75,292.32,3.0,8,100479.0,9999999
58321,0,4629,25.0,16.65,0.0,0.0,26.75,291.43,2.0,7,101012.0,9999999
58321,0,4630,25.0,16.65,0.0,0.0,26.75,290.72,2.0,7,101012.0,9999999
58321,0,4631,24.0,16.65,0.0,0.0,26.75,289.81,2.0,8,101011.0,9999999
58321,0,4632,24.0,16.65,0.0,0.0,26.75,288.17,1.0,7,101011.0,9999999
58321,0,4633,24.0,16.65,0.0,0.0,26.75,286.87,1.0,8,101011.0,9999999
58321,0,4634,23.0,15.94,0.0,0.0,26.75,286.5,1.0,8,100467.0,9999999
58321,0,4635,23.0,15.64,0.0,0.0,26.75,287.24,0.0,8,101010.0,9999999
58321,0,4636,23.0,15.64,0.0,0.0,26.75,287.62,2.0,7,101010.0,9999999
58321,0,4637,23.0,16.14,0.0,0.0,26.75,287.24,2.0,8,100507.0,9999999
58321,0,4638,23.0,15.64,65.0,53.0,26.75,287.8,2.0,7,101010.0,9999999
58321,0,4639,24.0,16.65,204.0,124.0,26.75,287.62,3.0,7,101011.0,9999999
58321,0,4640,25.2,16.54,390.0,176.0,26.75,287.24,4.0,8,100609.0,9999999
58321,0,4641,26.0,16.65,590.0,188.0,26.75,288.54,4.0,7,101013.0,9999999
58321,0,4642,27.0,17.71,764.0,183.0,26.75,288.54,4.0,7,101014.0,9999999
58321,0,4643,28.1,17.28,868.0,199.0,26.75,289.27,4.0,7,100612.0,9999999
58321,0,4644,28.0,17.71,895.0,240.0,26.75,290.54,5.0,7,101015.0,9999999
58321,0,4645,28.0,17.71,866.0,261.0,26.75,291.79,4.0,7,101015.0,9999999
58321,0,4646,28.5,17.38,813.0,208.0,26.75,292.85,5.0,7,100522.0,9999999
58321,0,4647,29.0,17.71,712.0,149.0,26.75,291.79,4.0,6,101016.0,9999999
58321,0,4648,29.0,17.71,546.0,128.0,26.75,291.79,4.0,6,101016.0,9999999
58321,0,4649,29.5,17.38,352.0,105.0,26.75,291.43,3.0,6,100443.0,9999999
58321,0,4650,29.0,17.71,168.0,67.0,26.75,290.89,4.0,6,101016.0,9999999
58321,0,4651,28.0,17.71,43.0,23.0,26.75,289.99,4.0,6,101015.0,9999999
58321,0,4652,27.2,18.49,1.0,1.0,26.75,289.09,3.0,6,100501.0,9999999
58321,0,4653,26.0,18.84,0.0,0.0,26.75,288.54,3.0,6,101013.0,9999999
58321,0,4654,26.0,18.84,0.0,0.0,26.75,288.17,2.0,6,101013.0,9999999
58321,0,4655,26.0,17.71,0.0,0.0,26.75,288.17,2.0,7,101013.0,9999999
58321,0,4656,25.0,17.71,0.0,0.0,26.75,288.17,2.0,7,101012.0,9999999
58321,0,4657,24.0,16.65,0.0,0.0,26.75,287.99,2.0,6,101011.0,9999999
58321,0,4658,25.1,17.49,0.0,0.0,26.75,287.8,2.0,7,100519.0,9999999
58321,0,4659,24.0,16.65,0.0,0.0,26.75,287.43,2.0,6,101011.0,9999999
58321,0,4660,24.0,17.71,0.0,0.0,26.75,287.43,1.0,8,101011.0,9999999
58321,0,4661,24.0,17.28,0.0,0.0,26.75,287.8,1.0,8,100607.0,9999999
58321,0,4662,24.0,17.71,80.0,38.0,26.75,288.17,1.0,6,101011.0,9999999
58321,0,4663,25.0,17.71,228.0,84.0,26.75,288.9,1.0,8,101012.0,9999999
58321,0,4664,25.8,18.61,407.0,121.0,26.75,291.25,1.0,10,100779.0,9999999
58321,0,4665,29.0,18.84,557.0,144.0,26.75,292.85,1.0,10,101016.0,9999999
58321,0,4666,29.0,18.84,628.0,210.0,26.75,294.76,1.0,6,101016.0,9999999
58321,0,4667,28.0,17.93,676.0,268.0,26.75,295.79,4.0,8,100811.0,9999999
58321,0,4668,28.0,18.84,721.0,241.0,26.75,296.97,4.0,8,101015.0,9999999
58321,0,4669,28.0,18.84,713.0,235.0,26.75,296.8,3.0,8,101015.0,9999999
58321,0,4670,28.6,19.07,664.0,217.0,26.75,297.47,5.0,8,100682.0,9999999
58321,0,4671,29.0,18.84,580.0,180.0,26.75,296.3,4.0,7,101016.0,9999999
58321,0,4672,30.0,20.03,443.0,166.0,26.75,295.79,4.0,7,101017.0,9999999
58321,0,4673,29.9,19.42,287.0,123.0,26.75,296.13,4.0,8,100583.0,9999999
58321,0,4674,29.0,20.03,138.0,71.0,26.75,295.79,3.0,7,101016.0,9999999
58321,0,4675,28.0,20.03,31.0,24.0,26.75,295.96,3.0,6,101015.0,9999999
58321,0,4676,27.8,20.27,1.0,1.0,26.75,295.44,2.0,6,100661.0,9999999
58321,0,4677,28.0,20.03,0.0,0.0,26.75,296.13,2.0,6,101015.0,9999999
58321,0,4678,27.0,20.03,0.0,0.0,26.75,295.1,3.0,6,101014.0,9999999
58321,0,4679,27.0,20.03,0.0,0.0,26.75,294.59,2.0,6,101014.0,9999999
58321,0,4680,27.0,20.03,0.0,0.0,26.75,294.07,2.0,6,101014.0,9999999
58321,0,4681,27.0,20.03,0.0,0.0,26.75,295.1,2.0,6,101014.0,9999999
58321,0,4682,27.2,19.78,0.0,0.0,26.75,295.27,2.0,6,100700.0,9999999
58321,0,4683,27.0,20.03,0.0,0.0,26.75,293.89,2.0,7,101014.0,9999999
58321,0,4684,27.0,20.03,0.0,0.0,26.75,295.44,1.0,7,101014.0,9999999
58321,0,4685,26.8,20.03,0.0,0.0,26.75,295.96,2.0,7,100700.0,9999999
58321,0,4686,27.0,20.03,44.0,34.0,26.75,294.59,2.0,6,101014.0,9999999
58321,0,4687,28.0,21.29,163.0,92.0,26.75,295.1,2.0,5,101015.0,9999999
58321,0,4688,28.5,20.4,346.0,136.0,26.75,295.44,2.0,6,100821.0,9999999
58321,0,4689,29.0,21.29,523.0,169.0,26.75,295.44,3.0,7,101016.0,9999999
58321,0,4690,30.0,21.29,650.0,193.0,26.75,297.14,4.0,6,101017.0,9999999
58321,0,4691,31.1,20.9,715.0,213.0,26.75,298.14,4.0,6,100884.0,9999999
58321,0,4692,31.0,21.29,690.0,223.0,26.75,298.14,5.0,6,101018.0,9999999
58321,0,4693,32.0,22.62,560.0,244.0,26.75,298.97,4.0,6,101019.0,9999999
58321,0,4694,32.2,21.29,393.0,237.0,26.75,299.14,4.0,6,100715.0,9999999
58321,0,4695,31.0,21.29,306.0,217.0,26.75,297.47,4.0,6,101018.0,9999999
58321,0,4696,30.0,22.62,264.0,205.0,26.75,297.47,2.0,9,101017.0,9999999
58321,0,4697,28.5,20.9,192.0,144.0,26.75,297.47,2.0,8,100622.0,9999999
58321,0,4698,27.0,18.84,102.0,75.0,26.75,296.46,2.0,10,101014.0,9999999
58321,0,4699,27.0,20.03,27.0,20.0,26.75,296.63,1.0,13,101014.0,9999999
58321,0,4700,26.9,19.66,1.0,1.0,26.75,295.96,1.0,16,100780.0,9999999
58321,0,4701,27.0,18.84,0.0,0.0,26.75,295.61,3.0,4,101014.0,9999999
58321,0,4702,26.0,17.71,0.0,0.0,26.75,295.61,1.0,6,101013.0,9999999
58321,0,4703,26.0,17.71,0.0,0.0,26.75,295.27,0.0,6,101013.0,9999999
58321,0,4704,26.0,17.71,0.0,0.0,26.75,295.1,2.0,6,101013.0,9999999
58321,0,4705,25.0,17.71,0.0,0.0,26.75,294.76,2.0,5,101012.0,9999999
58321,0,4706,25.5,16.85,0.0,0.0,26.75,294.41,1.0,9,100709.0,9999999
58321,0,4707,25.0,16.65,0.0,0.0,26.75,293.2,1.0,6,101012.0,9999999
58321,0,4708,25.0,16.65,0.0,0.0,26.75,292.85,2.0,4,101012.0,9999999
58321,0,4709,25.0,16.75,0.0,0.0,26.75,292.67,2.0,5,100678.0,9999999
58321,0,4710,25.0,17.71,79.0,37.0,26.75,292.49,1.0,5,101012.0,9999999
58321,0,4711,27.0,17.71,233.0,81.0,26.75,292.85,2.0,5,101014.0,9999999
58321,0,4712,28.5,18.38,415.0,115.0,26.75,294.24,2.0,6,100771.0,9999999
58321,0,4713,29.0,20.03,591.0,138.0,26.75,295.1,3.0,7,101016.0,9999999
58321,0,4714,30.0,20.03,744.0,154.0,26.75,296.13,3.0,7,101017.0,9999999
58321,0,4715,31.7,19.19,851.0,165.0,26.75,297.31,4.0,8,100755.0,9999999
58321,0,4716,32.0,20.03,894.0,175.0,26.75,298.14,3.0,7,101019.0,9999999
58321,0,4717,33.0,21.29,874.0,180.0,26.75,299.3,4.0,6,101020.0,9999999
58321,0,4718,34.2,21.42,702.0,214.0,26.75,299.63,4.0,6,100568.0,9999999
58321,0,4719,34.0,22.62,437.0,223.0,26.75,300.61,3.0,6,101021.0,9999999
58321,0,4720,34.0,22.62,248.0,165.0,26.75,300.12,3.0,7,101021.0,9999999
58321,0,4721,28.9,17.06,122.0,100.0,26.75,299.14,5.0,14,100493.0,9999999
58321,0,4722,29.0,17.71,44.0,42.0,26.75,297.98,3.0,2,101016.0,9999999
58321,0,4723,29.0,18.84,9.0,9.0,26.75,297.47,2.0,3,101016.0,9999999
58321,0,4724,28.8,16.44,1.0,1.0,26.75,296.3,1.0,16,100513.0,9999999
58321,0,4725,28.0,16.65,0.0,0.0,26.75,295.61,2.0,15,101015.0,9999999
58321,0,4726,28.0,18.84,0.0,0.0,26.75,294.24,2.0,2,101015.0,9999999
58321,0,4727,28.0,18.84,0.0,0.0,26.75,293.89,3.0,3,101015.0,9999999
58321,0,4728,27.0,18.84,0.0,0.0,26.75,294.24,2.0,3,101014.0,9999999
58321,0,4729,27.0,18.84,0.0,0.0,26.75,294.07,1.0,3,101014.0,9999999
58321,0,4730,27.1,19.54,0.0,0.0,26.75,293.89,1.0,5,100401.0,9999999
58321,0,4731,27.0,20.03,0.0,0.0,26.75,293.37,1.0,4,101014.0,9999999
58321,0,4732,27.0,20.03,0.0,0.0,26.75,293.2,1.0,4,101014.0,9999999
58321,0,4733,26.7,20.15,0.0,0.0,26.75,292.85,1.0,5,100351.0,9999999
58321,0,4734,27.0,20.03,78.0,37.0,26.75,292.32,2.0,4,101014.0,9999999
58321,0,4735,28.0,21.29,232.0,84.0,26.75,292.32,2.0,4,101015.0,9999999
58321,0,4736,29.6,21.29,420.0,114.0,26.75,292.85,2.0,5,100483.0,9999999
58321,0,4737,31.0,21.29,604.0,135.0,26.75,293.72,3.0,6,101018.0,9999999
58321,0,4738,32.0,22.62,757.0,154.0,26.75,294.76,2.0,7,101019.0,9999999
58321,0,4739,33.2,21.95,860.0,165.0,26.75,295.96,4.0,6,100517.0,9999999
58321,0,4740,34.0,22.62,906.0,165.0,26.75,296.97,3.0,6,101021.0,9999999
58321,0,4741,34.0,24.03,893.0,165.0,26.75,297.64,3.0,7,101021.0,9999999
58321,0,4742,35.1,21.81,793.0,179.0,26.75,297.98,3.0,6,100349.0,9999999
58321,0,4743,35.0,22.62,651.0,167.0,26.75,298.97,4.0,5,101022.0,9999999
58321,0,4744,35.0,22.62,499.0,131.0,26.75,299.14,3.0,5,101022.0,9999999
58321,0,4745,34.8,21.16,288.0,99.0,26.75,298.47,3.0,5,100190.0,9999999
58321,0,4746,35.0,26.95,119.0,59.0,26.75,297.64,4.0,4,101022.0,9999999
58321,0,4747,33.0,21.29,37.0,19.0,26.75,296.13,3.0,4,101020.0,9999999
58321,0,4748,31.4,21.81,1.0,1.0,26.75,294.24,2.0,3,100376.0,9999999
58321,0,4749,30.0,20.03,0.0,0.0,26.75,292.67,3.0,4,101017.0,9999999
58321,0,4750,29.0,20.03,0.0,0.0,26.75,291.96,3.0,4,101016.0,9999999
58321,0,4751,29.0,20.03,0.0,0.0,26.75,291.43,2.0,3,101016.0,9999999
58321,0,4752,28.0,20.03,0.0,0.0,26.75,290.72,3.0,4,101015.0,9999999
58321,0,4753,28.0,20.03,0.0,0.0,26.75,290.72,2.0,4,101015.0,9999999
58321,0,4754,27.1,19.3,0.0,0.0,26.75,289.45,2.0,3,100411.0,9999999
58321,0,4755,27.0,18.84,0.0,0.0,26.75,290.54,2.0,4,101014.0,9999999
58321,0,4756,27.0,18.84,0.0,0.0,26.75,289.09,4.0,4,101014.0,9999999
58321,0,4757,26.4,18.49,0.0,0.0,26.75,289.09,2.0,3,100420.0,9999999
58321,0,4758,26.0,18.84,74.0,37.0,26.75,288.72,3.0,4,101013.0,9999999
58321,0,4759,28.0,18.84,227.0,84.0,26.75,289.45,3.0,4,101015.0,9999999
58321,0,4760,29.1,19.07,415.0,126.0,26.75,289.63,2.0,5,100623.0,9999999
58321,0,4761,30.0,18.84,578.0,179.0,26.75,291.07,6.0,4,101017.0,9999999
58321,0,4762,32.0,18.84,722.0,216.0,26.75,292.67,6.0,4,101019.0,9999999
58321,0,4763,32.5,19.19,811.0,236.0,26.75,293.89,4.0,4,100666.0,9999999
58321,0,4764,33.0,18.84,797.0,267.0,26.75,295.27,7.0,5,101020.0,9999999
58321,0,4765,34.0,18.84,735.0,237.0,26.75,296.8,7.0,5,101021.0,9999999
58321,0,4766,33.8,17.93,689.0,211.0,26.75,296.46,5.0,5,100518.0,9999999
58321,0,4767,34.0,18.84,606.0,211.0,26.75,297.47,6.0,4,101021.0,9999999
58321,0,4768,34.0,17.71,470.0,171.0,26.75,297.64,6.0,4,101021.0,9999999
58321,0,4769,33.2,18.26,293.0,127.0,26.75,296.63,4.0,4,100437.0,9999999
58321,0,4770,33.0,18.84,122.0,71.0,26.75,295.79,4.0,4,101020.0,9999999
58321,0,4771,32.0,18.84,30.0,22.0,26.75,295.96,4.0,3,101019.0,9999999
58321,0,4772,29.5,17.93,1.0,1.0,26.75,294.41,4.0,4,100563.0,9999999
58321,0,4773,29.0,17.71,0.0,0.0,26.75,293.89,2.0,3,101016.0,9999999
58321,0,4774,28.0,17.71,0.0,0.0,26.75,292.67,4.0,3,101015.0,9999999
58321,0,4775,28.0,17.71,0.0,0.0,26.75,292.14,4.0,3,101015.0,9999999
58321,0,4776,27.0,17.71,0.0,0.0,26.75,291.07,3.0,3,101014.0,9999999
58321,0,4777,27.0,18.84,0.0,0.0,26.75,290.36,4.0,2,101014.0,9999999
58321,0,4778,26.9,18.84,0.0,0.0,26.75,290.36,4.0,2,100521.0,9999999
58321,0,4779,27.0,18.84,0.0,0.0,26.75,290.72,4.0,3,101014.0,9999999
58321,0,4780,27.0,18.84,0.0,0.0,26.75,290.18,4.0,3,101014.0,9999999
58321,0,4781,26.7,18.84,0.0,0.0,26.75,290.36,4.0,3,100540.0,9999999
58321,0,4782,27.0,18.84,60.0,36.0,26.75,291.43,4.0,3,101014.0,9999999
58321,0,4783,28.0,18.84,178.0,88.0,26.75,291.61,4.0,3,101015.0,9999999
58321,0,4784,28.8,18.72,315.0,151.0,26.75,293.72,6.0,3,100592.0,9999999
58321,0,4785,30.0,18.84,462.0,190.0,26.75,294.93,4.0,4,101017.0,9999999
58321,0,4786,31.0,18.84,605.0,210.0,26.75,295.44,5.0,3,101018.0,9999999
58321,0,4787,31.4,18.84,729.0,212.0,26.75,294.41,5.0,3,100595.0,9999999
58321,0,4788,32.0,18.84,779.0,209.0,26.75,296.13,6.0,3,101019.0,9999999
58321,0,4789,32.0,18.84,749.0,219.0,26.75,296.46,6.0,3,101019.0,9999999
58321,0,4790,33.1,18.15,620.0,221.0,26.75,297.31,6.0,3,100417.0,9999999
58321,0,4791,32.0,18.84,459.0,213.0,26.75,297.64,6.0,3,101019.0,9999999
58321,0,4792,32.0,18.84,353.0,190.0,26.75,294.93,6.0,3,101019.0,9999999
58321,0,4793,31.7,17.71,224.0,142.0,26.75,295.61,5.0,4,100366.0,9999999
58321,0,4794,24.0,16.65,100.0,73.0,26.75,294.93,2.0,3,101011.0,9999999
58321,0,4795,25.0,17.71,24.0,20.0,26.75,293.89,2.0,2,101012.0,9999999
58321,0,4796,25.0,17.6,1.0,1.0,26.75,292.67,2.0,3,100489.0,9999999
58321,0,4797,25.0,17.71,0.0,0.0,26.75,292.14,6.0,5,101012.0,9999999
58321,0,4798,25.0,17.71,0.0,0.0,26.75,291.79,2.0,2,101012.0,9999999
58321,0,4799,25.0,16.65,0.0,0.0,26.75,291.25,3.0,3,101012.0,9999999
58321,0,4800,26.0,15.64,0.0,0.0,26.75,291.61,3.0,3,101013.0,9999999
58321,0,4801,25.0,16.65,0.0,0.0,26.75,292.14,4.0,1,101012.0,9999999
58321,0,4802,25.6,18.26,0.0,0.0,26.75,292.85,3.0,2,100250.0,9999999
58321,0,4803,26.0,18.84,0.0,0.0,26.75,293.89,5.0,2,101013.0,9999999
58321,0,4804,26.0,18.84,0.0,0.0,26.75,293.2,5.0,3,101013.0,9999999
58321,0,4805,25.7,17.93,0.0,0.0,26.75,291.79,5.0,3,100230.0,9999999
58321,0,4806,26.0,17.71,67.0,39.0,26.75,291.07,4.0,2,101013.0,9999999
58321,0,4807,26.0,17.71,190.0,95.0,26.75,291.07,5.0,2,101013.0,9999999
58321,0,4808,26.1,17.93,289.0,132.0,26.75,292.32,4.0,2,100231.0,9999999
58321,0,4809,26.0,18.84,278.0,157.0,26.75,294.07,5.0,2,101013.0,9999999
58321,0,4810,26.0,18.84,216.0,176.0,26.75,294.59,4.0,2,101013.0,9999999
58321,0,4811,25.9,18.38,169.0,158.0,26.75,295.61,3.0,2,100171.0,9999999
58321,0,4812,28.0,18.84,124.0,122.0,26.75,296.13,6.0,1,101015.0,9999999
58321,0,4813,28.0,17.71,132.0,128.0,26.75,296.3,6.0,2,101015.0,9999999
58321,0,4814,22.8,15.54,161.0,153.0,26.75,295.96,6.0,4,100147.0,9999999
58321,0,4815,23.0,15.64,148.0,144.0,26.75,295.96,4.0,4,101010.0,9999999
58321,0,4816,23.0,15.64,118.0,114.0,26.75,296.13,6.0,4,101010.0,9999999
58321,0,4817,24.5,16.85,80.0,76.0,26.75,295.96,3.0,2,99910.0,9999999
58321,0,4818,26.0,18.84,37.0,37.0,26.75,295.79,3.0,2,101013.0,9999999
58321,0,4819,26.0,18.84,9.0,9.0,26.75,295.79,3.0,2,101013.0,9999999
58321,0,4820,26.5,19.19,0.0,0.0,26.75,295.79,5.0,2,99912.0,9999999
58321,0,4821,27.0,18.84,0.0,0.0,26.75,295.61,4.0,2,101014.0,9999999
58321,0,4822,27.0,18.84,0.0,0.0,26.75,294.93,4.0,2,101014.0,9999999
58321,0,4823,27.0,18.84,0.0,0.0,26.75,295.1,6.0,4,101014.0,9999999
58321,0,4824,27.0,17.71,0.0,0.0,26.75,295.44,5.0,4,101014.0,9999999
58321,0,4825,27.0,18.84,0.0,0.0,26.75,295.27,4.0,4,101014.0,9999999
58321,0,4826,27.0,18.26,0.0,0.0,26.75,294.76,4.0,4,99743.0,9999999
58321,0,4827,27.0,18.84,0.0,0.0,26.75,293.37,5.0,4,101014.0,9999999
58321,0,4828,27.0,17.71,0.0,0.0,26.75,294.24,5.0,4,101014.0,9999999
58321,0,4829,26.6,18.26,0.0,0.0,26.75,295.79,3.0,4,99773.0,9999999
58321,0,4830,27.0,18.84,35.0,26.0,26.75,294.76,4.0,4,101014.0,9999999
58321,0,4831,27.0,17.71,124.0,72.0,26.75,294.41,4.0,4,101014.0,9999999
58321,0,4832,26.8,18.26,298.0,124.0,26.75,293.55,3.0,4,99922.0,9999999
58321,0,4833,28.0,18.84,493.0,165.0,26.75,293.37,3.0,4,101015.0,9999999
58321,0,4834,28.0,18.84,566.0,210.0,26.75,294.59,5.0,4,101015.0,9999999
58321,0,4835,28.8,18.95,621.0,230.0,26.75,296.13,3.0,5,99934.0,9999999
58321,0,4836,30.0,18.84,672.0,234.0,26.75,295.96,7.0,5,101017.0,9999999
58321,0,4837,31.0,18.84,568.0,278.0,26.75,297.98,9.0,5,101018.0,9999999
58321,0,4838,30.6,18.84,478.0,262.0,26.75,298.97,6.0,6,99807.0,9999999
58321,0,4839,31.0,18.84,494.0,216.0,26.75,296.46,7.0,5,101018.0,9999999
58321,0,4840,32.0,18.84,387.0,173.0,26.75,295.96,7.0,5,101019.0,9999999
58321,0,4841,30.3,19.42,206.0,119.0,26.75,297.64,3.0,4,99776.0,9999999
58321,0,4842,30.0,20.03,96.0,69.0,26.75,295.79,5.0,4,101017.0,9999999
58321,0,4843,29.0,20.03,23.0,17.0,26.75,294.76,3.0,4,101016.0,9999999
58321,0,4844,28.5,19.42,0.0,0.0,26.75,295.61,2.0,3,99884.0,9999999
58321,0,4845,29.0,18.84,0.0,0.0,26.75,295.1,3.0,4,101016.0,9999999
58321,0,4846,28.0,18.84,0.0,0.0,26.75,294.93,4.0,4,101015.0,9999999
58321,0,4847,28.0,18.84,0.0,0.0,26.75,294.07,4.0,4,101015.0,9999999
58321,0,4848,28.0,18.84,0.0,0.0,26.75,294.24,3.0,4,101015.0,9999999
58321,0,4849,27.0,18.84,0.0,0.0,26.75,293.37,2.0,4,101014.0,9999999
58321,0,4850,27.0,19.42,0.0,0.0,26.75,293.55,1.0,5,99992.0,9999999
58321,0,4851,27.0,20.03,0.0,0.0,26.75,293.37,2.0,4,101014.0,9999999
58321,0,4852,26.0,20.03,0.0,0.0,26.75,293.37,3.0,4,101013.0,9999999
58321,0,4853,26.4,19.54,0.0,0.0,26.75,293.2,1.0,4,100052.0,9999999
58321,0,4854,26.0,20.03,56.0,35.0,26.75,293.89,2.0,4,101013.0,9999999
58321,0,4855,27.0,20.03,193.0,87.0,26.75,293.89,2.0,4,101014.0,9999999
58321,0,4856,27.2,19.78,368.0,134.0,26.75,293.2,2.0,3,100152.0,9999999
58321,0,4857,28.6,19.91,541.0,160.0,26.75,294.59,2.5,6,100585.0,9999999
58321,0,4858,30.0,20.03,680.0,200.0,26.75,294.76,3.0,4,101017.0,9999999
58321,0,4859,31.3,19.3,770.0,214.0,26.75,295.79,4.0,7,100226.0,9999999
58321,0,4860,32.0,18.84,822.0,192.0,26.75,296.3,3.0,7,101019.0,9999999
58321,0,4861,32.0,18.84,778.0,210.0,26.75,296.8,3.0,7,101019.0,9999999
58321,0,4862,33.2,19.3,695.0,218.0,26.75,297.47,3.0,6,100108.0,9999999
58321,0,4863,33.0,18.84,617.0,185.0,26.75,297.64,4.0,6,101020.0,9999999
58321,0,4864,33.0,18.84,468.0,152.0,26.75,297.31,4.0,6,101020.0,9999999
58321,0,4865,32.3,19.54,253.0,111.0,26.75,296.8,3.0,8,100018.0,9999999
58321,0,4866,31.0,20.03,95.0,61.0,26.75,297.14,2.0,6,101018.0,9999999
58321,0,4867,31.0,20.03,28.0,20.0,26.75,296.3,2.0,5,101018.0,9999999
58321,0,4868,29.3,20.9,0.0,0.0,26.75,295.96,1.0,9,100164.0,9999999
58321,0,4869,29.0,20.03,0.0,0.0,26.75,295.1,0.0,6,101016.0,9999999
58321,0,4870,29.0,20.03,0.0,0.0,26.75,295.44,1.0,5,101016.0,9999999
58321,0,4871,29.0,20.03,0.0,0.0,26.75,294.76,1.0,4,101016.0,9999999
58321,0,4872,29.0,21.29,0.0,0.0,26.75,294.59,3.0,4,101016.0,9999999
58321,0,4873,28.0,20.03,0.0,0.0,26.75,294.41,2.0,4,101015.0,9999999
58321,0,4874,27.5,19.91,0.0,0.0,26.75,294.07,2.0,4,100232.0,9999999
58321,0,4875,27.0,20.03,0.0,0.0,26.75,293.37,1.0,4,101014.0,9999999
58321,0,4876,27.0,20.03,0.0,0.0,26.75,293.37,2.0,4,101014.0,9999999
58321,0,4877,26.9,19.66,0.0,0.0,26.75,293.2,1.0,4,100251.0,9999999
58321,0,4878,27.0,20.03,64.0,42.0,26.75,293.02,2.0,5,101014.0,9999999
58321,0,4879,28.0,20.03,195.0,103.0,26.75,293.37,2.0,4,101015.0,9999999
58321,0,4880,29.4,20.78,377.0,141.0,26.75,294.07,2.0,7,100344.0,9999999
58321,0,4881,30.0,21.29,568.0,155.0,26.75,294.76,2.0,7,101017.0,9999999
58321,0,4882,31.0,20.03,716.0,174.0,26.75,295.79,3.0,7,101018.0,9999999
58321,0,4883,32.6,19.54,775.0,187.0,26.75,296.97,3.0,6,100307.0,9999999
58321,0,4884,33.0,20.03,744.0,186.0,26.75,297.31,2.0,7,101020.0,9999999
58321,0,4885,33.0,20.03,763.0,198.0,26.75,298.14,3.0,8,101020.0,9999999
58321,0,4886,33.6,20.03,770.0,195.0,26.75,298.97,3.0,8,100208.0,9999999
58321,0,4887,34.0,21.29,652.0,162.0,26.75,298.47,2.0,7,101021.0,9999999
58321,0,4888,34.0,21.29,438.0,125.0,26.75,298.31,2.0,8,101021.0,9999999
58321,0,4889,33.3,19.78,245.0,99.0,26.75,298.47,3.0,8,100088.0,9999999
58321,0,4890,33.0,20.03,128.0,65.0,26.75,297.47,2.0,7,101020.0,9999999
58321,0,4891,32.0,20.03,32.0,19.0,26.75,296.46,2.0,7,101019.0,9999999
58321,0,4892,30.9,19.78,0.0,0.0,26.75,295.79,1.0,4,100196.0,9999999
58321,0,4893,30.0,20.03,0.0,0.0,26.75,295.1,1.0,6,101017.0,9999999
58321,0,4894,30.0,20.03,0.0,0.0,26.75,294.93,1.0,5,101017.0,9999999
58321,0,4895,30.0,21.29,0.0,0.0,26.75,294.76,1.0,7,101017.0,9999999
58321,0,4896,29.0,21.29,0.0,0.0,26.75,294.41,1.0,6,101016.0,9999999
58321,0,4897,29.0,21.29,0.0,0.0,26.75,294.24,1.0,7,101016.0,9999999
58321,0,4898,28.2,21.03,0.0,0.0,26.75,293.89,2.0,9,100173.0,9999999
58321,0,4899,28.0,21.29,0.0,0.0,26.75,293.72,1.0,6,101015.0,9999999
58321,0,4900,27.0,20.03,0.0,0.0,26.75,293.55,1.0,6,101014.0,9999999
58321,0,4901,27.1,20.15,0.0,0.0,26.75,293.72,2.0,10,100212.0,9999999
58321,0,4902,27.0,20.03,66.0,35.0,26.75,293.37,1.0,11,101014.0,9999999
58321,0,4903,28.0,21.29,204.0,80.0,26.75,293.55,0.0,6,101015.0,9999999
58321,0,4904,30.0,20.9,390.0,119.0,26.75,294.93,2.0,9,100284.0,9999999
58321,0,4905,31.0,21.29,580.0,147.0,26.75,295.27,1.0,8,101018.0,9999999
58321,0,4906,32.0,22.62,725.0,171.0,26.75,296.13,1.0,9,101019.0,9999999
58321,0,4907,32.8,21.16,807.0,190.0,26.75,296.97,2.0,9,100267.0,9999999
58321,0,4908,34.0,21.29,827.0,199.0,26.75,297.81,2.0,7,101021.0,9999999
58321,0,4909,34.0,20.03,824.0,188.0,26.75,299.79,2.0,8,101021.0,9999999
58321,0,4910,34.6,20.15,758.0,170.0,26.75,298.97,3.0,9,100130.0,9999999
58321,0,4911,36.0,18.84,633.0,155.0,26.75,299.14,1.0,11,101023.0,9999999
58321,0,4912,35.0,20.03,478.0,131.0,26.75,299.46,2.0,2,101022.0,9999999
58321,0,4913,34.0,19.78,283.0,103.0,26.75,299.14,1.0,4,99999.0,9999999
58321,0,4914,34.0,20.03,117.0,57.0,26.75,299.3,2.0,4,101021.0,9999999
58321,0,4915,29.0,17.71,24.0,15.0,26.75,298.31,3.0,14,101016.0,9999999
58321,0,4916,31.1,20.65,0.0,0.0,26.75,296.8,2.0,15,100076.0,9999999
58321,0,4917,31.0,20.03,0.0,0.0,26.75,297.64,3.0,16,101018.0,9999999
58321,0,4918,30.0,21.29,0.0,0.0,26.75,296.3,2.0,16,101017.0,9999999
58321,0,4919,30.0,21.29,0.0,0.0,26.75,296.63,2.0,1,101017.0,9999999
58321,0,4920,30.0,20.03,0.0,0.0,26.75,295.61,2.0,1,101017.0,9999999
58321,0,4921,29.0,20.03,0.0,0.0,26.75,295.1,2.0,1,101016.0,9999999
58321,0,4922,28.8,20.52,0.0,0.0,26.75,293.89,3.0,1,100114.0,9999999
58321,0,4923,24.0,17.71,0.0,0.0,26.75,294.59,7.0,12,101011.0,9999999
58321,0,4924,25.0,17.71,0.0,0.0,26.75,294.76,2.0,16,101012.0,9999999
58321,0,4925,25.2,18.15,0.0,0.0,26.75,294.07,2.0,8,100200.0,9999999
58321,0,4926,25.0,18.84,54.0,34.0,26.75,294.24,1.0,14,101012.0,9999999
58321,0,4927,25.0,17.71,169.0,94.0,26.75,294.41,2.0,12,101012.0,9999999
58321,0,4928,26.0,17.82,283.0,159.0,26.75,294.59,2.0,12,100260.0,9999999
58321,0,4929,26.0,18.84,392.0,229.0,26.75,295.44,2.0,13,101013.0,9999999
58321,0,4930,28.0,20.03,467.0,269.0,26.75,296.8,2.0,14,101015.0,9999999
58321,0,4931,28.7,20.15,492.0,308.0,26.75,298.14,2.0,15,100263.0,9999999
58321,0,4932,29.0,20.03,467.0,334.0,26.75,297.64,3.0,13,101016.0,9999999
58321,0,4933,29.0,20.03,413.0,299.0,26.75,298.81,5.0,13,101016.0,9999999
58321,0,4934,30.1,19.66,421.0,289.0,26.75,298.31,4.0,15,100165.0,9999999
58321,0,4935,30.0,20.03,397.0,266.0,26.75,297.98,4.0,14,101017.0,9999999
58321,0,4936,29.0,20.03,273.0,191.0,26.75,297.31,4.0,15,101016.0,9999999
58321,0,4937,29.1,19.07,122.0,98.0,26.75,296.46,3.0,14,100064.0,9999999
58321,0,4938,28.0,18.84,40.0,35.0,26.75,296.97,4.0,15,101015.0,9999999
58321,0,4939,28.0,18.84,16.0,13.0,26.75,295.79,3.0,15,101015.0,9999999
58321,0,4940,27.9,17.82,0.0,0.0,26.75,295.1,2.0,14,100163.0,9999999
58321,0,4941,27.0,17.71,0.0,0.0,26.75,295.1,2.0,15,101014.0,9999999
58321,0,4942,27.0,18.84,0.0,0.0,26.75,294.41,2.0,13,101014.0,9999999
58321,0,4943,26.0,17.71,0.0,0.0,26.75,293.55,2.0,12,101013.0,9999999
58321,0,4944,26.0,18.84,0.0,0.0,26.75,293.37,2.0,12,101013.0,9999999
58321,0,4945,26.0,17.71,0.0,0.0,26.75,293.37,2.0,13,101013.0,9999999
58321,0,4946,25.5,17.71,0.0,0.0,26.75,293.72,1.0,14,100130.0,9999999
58321,0,4947,25.0,17.71,0.0,0.0,26.75,292.49,2.0,13,101012.0,9999999
58321,0,4948,25.0,17.71,0.0,0.0,26.75,291.96,1.0,13,101012.0,9999999
58321,0,4949,25.5,18.15,0.0,0.0,26.75,293.02,1.0,13,100150.0,9999999
58321,0,4950,25.0,17.71,58.0,33.0,26.75,292.32,1.0,12,101012.0,9999999
58321,0,4951,26.0,18.84,188.0,85.0,26.75,292.49,2.0,11,101013.0,9999999
58321,0,4952,26.6,18.95,361.0,129.0,26.75,293.2,1.0,12,100261.0,9999999
58321,0,4953,28.0,18.84,524.0,160.0,26.75,294.07,2.0,13,101015.0,9999999
58321,0,4954,29.0,18.84,645.0,180.0,26.75,295.1,1.0,11,101016.0,9999999
58321,0,4955,30.2,18.38,693.0,197.0,26.75,296.63,2.0,11,100165.0,9999999
58321,0,4956,31.0,17.71,723.0,219.0,26.75,296.63,2.0,12,101018.0,9999999
58321,0,4957,32.0,18.84,696.0,216.0,26.75,297.47,2.0,12,101019.0,9999999
58321,0,4958,31.6,17.6,572.0,195.0,26.75,297.98,3.0,13,99977.0,9999999
58321,0,4959,32.0,17.71,500.0,177.0,26.75,298.31,3.0,13,101019.0,9999999
58321,0,4960,32.0,17.71,432.0,148.0,26.75,297.98,3.0,13,101019.0,9999999
58321,0,4961,32.0,17.06,265.0,99.0,26.75,297.47,2.0,13,99888.0,9999999
58321,0,4962,31.0,17.71,109.0,52.0,26.75,296.63,2.0,14,101018.0,9999999
58321,0,4963,30.0,17.71,29.0,17.0,26.75,295.96,1.0,14,101017.0,9999999
58321,0,4964,29.3,18.04,0.0,0.0,26.75,295.96,1.0,3,99985.0,9999999
58321,0,4965,29.0,18.84,0.0,0.0,26.75,295.27,0.0,9,101016.0,9999999
58321,0,4966,29.0,17.71,0.0,0.0,26.75,294.76,1.0,3,101016.0,9999999
58321,0,4967,29.0,18.84,0.0,0.0,26.75,294.76,0.0,9,101016.0,9999999
58321,0,4968,29.0,18.84,0.0,0.0,26.75,295.27,0.0,9,101016.0,9999999
58321,0,4969,29.0,18.84,0.0,0.0,26.75,294.59,0.0,8,101016.0,9999999
58321,0,4970,28.3,18.95,0.0,0.0,26.75,294.41,1.0,3,99964.0,9999999
58321,0,4971,28.0,20.03,0.0,0.0,26.75,293.89,1.0,5,101015.0,9999999
58321,0,4972,28.0,18.84,0.0,0.0,26.75,293.2,1.0,4,101015.0,9999999
58321,0,4973,27.3,19.3,0.0,0.0,26.75,293.72,1.0,6,99963.0,9999999
58321,0,4974,27.0,18.84,54.0,28.0,26.75,293.2,1.0,4,101014.0,9999999
58321,0,4975,28.0,20.03,187.0,73.0,26.75,294.24,1.0,5,101015.0,9999999
58321,0,4976,29.7,20.52,355.0,122.0,26.75,294.59,3.0,8,100005.0,9999999
58321,0,4977,31.0,21.29,495.0,152.0,26.75,295.1,2.0,8,101018.0,9999999
58321,0,4978,32.0,22.62,657.0,173.0,26.75,296.3,2.0,7,101019.0,9999999
58321,0,4979,32.7,22.21,788.0,189.0,26.75,297.81,3.0,8,99938.0,9999999
58321,0,4980,33.0,22.62,819.0,205.0,26.75,298.31,2.0,8,101020.0,9999999
58321,0,4981,34.0,21.29,747.0,208.0,26.75,298.97,2.0,7,101021.0,9999999
58321,0,4982,34.3,21.29,669.0,213.0,26.75,299.46,3.0,6,99740.0,9999999
58321,0,4983,33.0,21.29,587.0,196.0,26.75,299.46,3.0,7,101020.0,9999999
58321,0,4984,29.0,17.71,363.0,142.0,26.75,298.81,1.0,10,101016.0,9999999
58321,0,4985,29.2,19.19,158.0,94.0,26.75,296.63,2.0,4,99805.0,9999999
58321,0,4986,29.0,18.84,64.0,49.0,26.75,297.47,2.0,6,101016.0,9999999
58321,0,4987,28.0,18.84,15.0,14.0,26.75,296.63,1.0,4,101015.0,9999999
58321,0,4988,28.3,19.91,0.0,0.0,26.75,297.31,1.0,1,99844.0,9999999
58321,0,4989,28.0,20.03,0.0,0.0,26.75,296.97,0.0,5,101015.0,9999999
58321,0,4990,28.0,20.03,0.0,0.0,26.75,297.64,2.0,2,101015.0,9999999
58321,0,4991,28.0,20.03,0.0,0.0,26.75,297.14,3.0,2,101015.0,9999999
58321,0,4992,27.0,20.03,0.0,0.0,26.75,296.13,2.0,2,101014.0,9999999
58321,0,4993,27.0,18.84,0.0,0.0,26.75,295.79,4.0,15,101014.0,9999999
58321,0,4994,26.9,18.84,0.0,0.0,26.75,295.96,2.0,3,99753.0,9999999
58321,0,4995,27.0,18.84,0.0,0.0,26.75,296.46,1.0,16,101014.0,9999999
58321,0,4996,27.0,20.03,0.0,0.0,26.75,296.46,0.0,12,101014.0,9999999
58321,0,4997,26.5,19.66,0.0,0.0,26.75,296.46,1.0,3,99862.0,9999999
58321,0,4998,26.0,20.03,17.0,17.0,26.75,296.3,2.0,4,101013.0,9999999
58321,0,4999,26.0,20.03,60.0,60.0,26.75,296.3,0.0,14,101013.0,9999999
58321,0,5000,26.8,19.42,119.0,116.0,26.75,296.13,1.0,15,99972.0,9999999
58321,0,5001,27.0,18.84,179.0,172.0,26.75,296.3,1.0,13,101014.0,9999999
58321,0,5002,27.0,18.84,233.0,224.0,26.75,296.46,2.0,12,101014.0,9999999
58321,0,5003,26.8,19.42,302.0,277.0,26.75,297.31,2.0,11,100102.0,9999999
58321,0,5004,28.0,18.84,304.0,280.0,26.75,298.31,2.0,12,101015.0,9999999
58321,0,5005,28.0,18.84,289.0,274.0,26.75,298.47,1.0,13,101015.0,9999999
58321,0,5006,28.1,18.49,225.0,211.0,26.75,298.64,2.0,8,99964.0,9999999
58321,0,5007,28.0,18.84,125.0,120.0,26.75,298.81,1.0,8,101015.0,9999999
58321,0,5008,28.0,18.84,186.0,147.0,26.75,298.47,1.0,8,101015.0,9999999
58321,0,5009,27.1,19.3,220.0,138.0,26.75,296.13,2.0,8,99943.0,9999999
58321,0,5010,26.0,18.84,116.0,62.0,26.75,295.61,2.0,6,101013.0,9999999
58321,0,5011,27.0,18.84,24.0,16.0,26.75,294.93,1.0,9,101014.0,9999999
58321,0,5012,26.4,19.3,0.0,0.0,26.75,295.1,1.0,4,100002.0,9999999
58321,0,5013,27.0,20.03,0.0,0.0,26.75,295.79,0.0,3,101014.0,9999999
58321,0,5014,27.0,18.84,0.0,0.0,26.75,294.41,2.0,7,101014.0,9999999
58321,0,5015,26.0,18.84,0.0,0.0,26.75,294.59,2.0,5,101013.0,9999999
58321,0,5016,26.0,18.84,0.0,0.0,26.75,294.07,2.0,4,101013.0,9999999
58321,0,5017,25.0,18.84,0.0,0.0,26.75,294.07,1.0,4,101012.0,9999999
58321,0,5018,25.3,18.49,0.0,0.0,26.75,293.72,1.0,3,99971.0,9999999
58321,0,5019,25.0,18.84,0.0,0.0,26.75,294.07,1.0,4,101012.0,9999999
58321,0,5020,25.0,18.84,0.0,0.0,26.75,293.37,1.0,3,101012.0,9999999
58321,0,5021,25.2,18.15,0.0,0.0,26.75,294.59,2.0,4,100010.0,9999999
58321,0,5022,26.0,18.84,54.0,32.0,26.75,294.59,1.0,8,101013.0,9999999
58321,0,5023,26.0,18.84,162.0,83.0,26.75,294.59,2.0,4,101013.0,9999999
58321,0,5024,26.4,18.95,311.0,125.0,26.75,294.41,1.0,6,100171.0,9999999
58321,0,5025,27.0,18.84,472.0,175.0,26.75,296.13,0.0,6,101014.0,9999999
58321,0,5026,28.0,18.84,618.0,197.0,26.75,298.31,0.0,6,101015.0,9999999
58321,0,5027,30.0,19.07,747.0,204.0,26.75,298.31,2.0,10,100155.0,9999999
58321,0,5028,32.0,20.03,743.0,251.0,26.75,298.47,1.0,6,101019.0,9999999
58321,0,5029,32.0,21.29,631.0,248.0,26.75,299.3,2.0,7,101019.0,9999999
58321,0,5030,32.8,19.78,556.0,230.0,26.75,299.46,3.0,7,100048.0,9999999
58321,0,5031,32.3,20.52,477.0,232.0,26.75,299.3,2.3,6,100034.0,9999999
58321,0,5032,31.7,21.16,336.0,177.0,26.75,299.63,1.7,7,100020.0,9999999
58321,0,5033,31.2,21.95,156.0,93.0,26.75,298.47,1.0,9,100007.0,9999999
58321,0,5034,30.0,22.62,41.0,35.0,26.75,298.31,2.0,9,101017.0,9999999
58321,0,5035,28.6,21.29,10.0,10.0,26.75,296.46,2.0,1,100605.0,9999999
58321,0,5036,27.3,20.15,0.0,0.0,26.75,295.61,2.0,10,100192.0,9999999
58321,0,5037,27.1,19.42,0.0,0.0,26.75,295.44,1.5,4,100603.0,9999999
58321,0,5038,27.0,18.84,0.0,0.0,26.75,294.93,1.0,9,101014.0,9999999
58321,0,5039,27.0,18.84,0.0,0.0,26.75,294.76,2.0,8,101014.0,9999999
58321,0,5040,27.0,20.03,0.0,0.0,26.75,294.59,0.0,5,101014.0,9999999
58321,0,5041,26.8,19.07,0.0,0.0,26.75,293.72,0.5,6,100558.0,9999999
58321,0,5042,26.5,18.15,0.0,0.0,26.75,293.55,1.0,5,100101.0,9999999
58321,0,5043,26.0,18.84,0.0,0.0,26.75,292.85,1.0,5,101013.0,9999999
58321,0,5044,26.0,18.84,0.0,0.0,26.75,291.79,1.0,3,101013.0,9999999
58321,0,5045,26.3,18.84,0.0,0.0,26.75,291.43,1.0,6,100121.0,9999999
58321,0,5046,27.0,18.84,59.0,35.0,26.75,291.25,1.0,5,101014.0,9999999
58321,0,5047,28.0,21.29,190.0,99.0,26.75,292.14,3.0,6,101015.0,9999999
58321,0,5048,29.4,22.08,365.0,160.0,26.75,292.85,4.0,8,100244.0,9999999
58321,0,5049,30.0,22.62,538.0,215.0,26.75,294.76,3.0,7,101017.0,9999999
58321,0,5050,32.0,22.62,685.0,242.0,26.75,296.3,4.0,6,101019.0,9999999
58321,0,5051,31.8,21.81,799.0,239.0,26.75,297.81,4.0,7,100236.0,9999999
58321,0,5052,33.0,22.62,807.0,253.0,26.75,298.97,3.0,7,101020.0,9999999
58321,0,5053,34.0,22.62,757.0,262.0,26.75,299.79,3.0,7,101021.0,9999999
58321,0,5054,34.4,22.08,678.0,257.0,26.75,299.46,3.0,7,100070.0,9999999
58321,0,5055,35.0,22.62,542.0,227.0,26.75,299.3,3.0,7,101022.0,9999999
58321,0,5056,35.0,22.62,371.0,190.0,26.75,299.3,2.0,8,101022.0,9999999
58321,0,5057,34.3,20.52,179.0,131.0,26.75,299.14,4.0,8,99920.0,9999999
58321,0,5058,33.0,21.29,54.0,49.0,26.75,298.47,3.0,7,101020.0,9999999
58321,0,5059,32.0,21.29,9.0,9.0,26.75,298.47,3.0,6,101019.0,9999999
58321,0,5060,31.5,20.52,0.0,0.0,26.75,297.81,3.0,8,100116.0,9999999
58321,0,5061,31.0,21.29,0.0,0.0,26.75,297.31,4.0,6,101018.0,9999999
58321,0,5062,29.0,20.03,0.0,0.0,26.75,296.8,5.0,5,101016.0,9999999
58321,0,5063,28.0,20.03,0.0,0.0,26.75,296.3,4.0,5,101015.0,9999999
58321,0,5064,28.0,20.03,0.0,0.0,26.75,295.61,4.0,5,101015.0,9999999
58321,0,5065,28.0,18.84,0.0,0.0,26.75,295.61,4.0,5,101015.0,9999999
58321,0,5066,27.7,19.42,0.0,0.0,26.75,295.61,3.0,6,100113.0,9999999
58321,0,5067,28.0,20.03,0.0,0.0,26.75,295.27,3.0,6,101015.0,9999999
58321,0,5068,28.0,20.03,0.0,0.0,26.75,294.41,3.0,7,101015.0,9999999
58321,0,5069,28.3,20.15,0.0,0.0,26.75,294.59,3.0,8,100083.0,9999999
58321,0,5070,28.0,20.03,51.0,39.0,26.75,294.93,3.0,8,101015.0,9999999
58321,0,5071,29.0,20.03,158.0,117.0,26.75,294.59,2.0,8,101016.0,9999999
58321,0,5072,30.2,20.03,326.0,184.0,26.75,295.1,6.0,9,100185.0,9999999
58321,0,5073,32.0,21.29,505.0,238.0,26.75,295.61,3.0,8,101019.0,9999999
58321,0,5074,32.0,21.29,599.0,295.0,26.75,296.13,3.0,8,101019.0,9999999
58321,0,5075,32.9,20.27,685.0,331.0,26.75,297.31,8.0,9,100178.0,9999999
58321,0,5076,34.0,20.03,781.0,328.0,26.75,298.14,5.0,9,101021.0,9999999
58321,0,5077,34.0,20.03,753.0,305.0,26.75,298.47,4.0,8,101021.0,9999999
58321,0,5078,33.4,20.52,632.0,286.0,26.75,298.97,8.0,9,100088.0,9999999
58321,0,5079,34.0,21.29,526.0,264.0,26.75,299.63,4.0,8,101021.0,9999999
58321,0,5080,33.0,20.03,392.0,230.0,26.75,299.46,5.0,8,101020.0,9999999
58321,0,5081,32.3,20.52,225.0,160.0,26.75,299.14,6.0,9,99918.0,9999999
58321,0,5082,30.8,19.91,98.0,74.0,26.75,299.46,3.5,9,100762.0,9999999
58321,0,5083,30.3,19.91,25.0,17.0,26.75,298.64,3.2,9,100762.0,9999999
58321,0,5084,30.0,19.91,0.0,0.0,26.75,297.98,3.0,9,100762.0,9999999
58321,0,5085,29.9,19.91,0.0,0.0,26.75,297.64,2.4,8,100783.0,9999999
58321,0,5086,29.5,19.78,0.0,0.0,26.75,297.81,2.4,7,100554.0,9999999
58321,0,5087,29.0,19.42,0.0,0.0,26.75,297.64,2.6,6,100331.0,9999999
58321,0,5088,28.4,19.07,0.0,0.0,27.94,291.79,3.0,5,100106.0,9999999
58321,0,5089,27.7,18.84,0.0,0.0,27.94,290.54,3.2,5,100115.0,9999999
58321,0,5090,27.2,18.72,0.0,0.0,27.94,289.63,3.5,4,100117.0,9999999
58321,0,5091,27.0,18.72,0.0,0.0,27.94,288.72,3.9,5,100121.0,9999999
58321,0,5092,27.1,18.61,0.0,0.0,27.94,287.8,4.4,4,100133.0,9999999
58321,0,5093,27.5,18.49,0.0,0.0,27.94,286.87,5.0,5,100153.0,9999999
58321,0,5094,27.2,18.61,66.0,35.0,27.94,286.5,4.7,5,100139.0,9999999
58321,0,5095,27.7,18.49,202.0,88.0,27.94,286.5,5.3,5,100166.0,9999999
58321,0,5096,28.3,18.38,378.0,150.0,27.94,287.43,6.0,5,100193.0,9999999
58321,0,5097,29.4,18.38,564.0,186.0,27.94,291.07,5.3,5,100204.0,9999999
58321,0,5098,30.4,18.49,728.0,190.0,27.94,292.49,4.7,5,100215.0,9999999
58321,0,5099,31.5,18.49,814.0,228.0,27.94,292.67,4.0,5,100226.0,9999999
58321,0,5100,32.0,18.72,835.0,240.0,27.94,294.76,4.3,5,100213.0,9999999
58321,0,5101,32.6,18.84,811.0,212.0,27.94,295.61,4.7,4,100201.0,9999999
58321,0,5102,33.1,19.07,696.0,215.0,27.94,297.47,5.0,5,100188.0,9999999
58321,0,5103,33.0,19.54,568.0,215.0,27.94,296.3,5.3,4,100155.0,9999999
58321,0,5104,33.0,20.03,448.0,178.0,27.94,296.97,5.7,4,100121.0,9999999
58321,0,5105,32.9,20.52,291.0,120.0,27.94,296.3,6.0,4,100088.0,9999999
58321,0,5106,32.2,20.78,134.0,60.0,27.94,296.3,5.0,4,100114.0,9999999
58321,0,5107,31.4,21.03,30.0,16.0,27.94,295.61,4.0,3,100140.0,9999999
58321,0,5108,30.7,21.29,0.0,0.0,27.94,295.44,3.0,3,100166.0,9999999
58321,0,5109,30.1,21.16,0.0,0.0,27.94,294.59,3.3,3,100162.0,9999999
58321,0,5110,29.6,21.03,0.0,0.0,27.94,294.07,3.7,3,100158.0,9999999
58321,0,5111,29.0,20.78,0.0,0.0,27.94,293.02,4.0,3,100154.0,9999999
58321,0,5112,28.5,20.65,0.0,0.0,27.94,293.72,4.3,3,100150.0,9999999
58321,0,5113,28.0,20.52,0.0,0.0,27.94,292.49,4.7,3,100146.0,9999999
58321,0,5114,27.4,20.4,0.0,0.0,27.94,292.14,5.0,3,100142.0,9999999
58321,0,5115,27.1,20.27,0.0,0.0,27.94,293.2,4.3,2,100115.0,9999999
58321,0,5116,26.9,20.03,0.0,0.0,27.94,295.79,3.7,2,100089.0,9999999
58321,0,5117,26.6,19.91,0.0,0.0,27.94,297.64,3.0,2,100062.0,9999999
58321,0,5118,27.2,20.03,24.0,23.0,27.94,297.31,3.7,2,100076.0,9999999
58321,0,5119,27.7,20.15,91.0,80.0,27.94,297.98,4.3,2,100089.0,9999999
58321,0,5120,28.3,20.27,202.0,136.0,27.94,297.98,5.0,3,100103.0,9999999
58321,0,5121,28.8,20.4,364.0,166.0,27.94,297.31,5.7,3,100094.0,9999999
58321,0,5122,29.4,20.4,528.0,186.0,27.94,297.64,6.3,3,100084.0,9999999
58321,0,5123,29.9,20.52,603.0,218.0,27.94,297.98,7.0,3,100075.0,9999999
58321,0,5124,30.6,20.65,599.0,278.0,27.94,298.64,7.0,4,100033.0,9999999
58321,0,5125,31.4,20.65,564.0,299.0,27.94,298.47,7.0,3,99990.0,9999999
58321,0,5126,32.1,20.78,501.0,246.0,27.94,299.79,7.0,4,99948.0,9999999
58321,0,5127,31.8,20.65,465.0,181.0,27.94,298.81,7.3,3,99924.0,9999999
58321,0,5128,31.5,20.52,421.0,130.0,27.94,298.47,7.7,3,99901.0,9999999
58321,0,5129,31.2,20.4,282.0,95.0,27.94,297.81,8.0,4,99877.0,9999999
58321,0,5130,30.7,20.27,124.0,56.0,27.94,297.14,7.7,4,99886.0,9999999
58321,0,5131,30.1,20.27,28.0,15.0,27.94,296.46,7.3,4,99896.0,9999999
58321,0,5132,29.6,20.15,0.0,0.0,27.94,295.44,7.0,3,99905.0,9999999
58321,0,5133,29.4,20.03,0.0,0.0,27.94,295.44,6.8,4,99878.0,9999999
58321,0,5134,29.1,19.78,0.0,0.0,27.94,295.1,6.7,4,99852.0,9999999
58321,0,5135,28.9,19.66,0.0,0.0,27.94,294.24,6.5,4,99825.0,9999999
58321,0,5136,28.6,19.54,0.0,0.0,27.94,293.55,6.3,4,99798.0,9999999
58321,0,5137,28.4,19.3,0.0,0.0,27.94,293.55,6.2,4,99771.0,9999999
58321,0,5138,28.1,19.19,0.0,0.0,27.94,293.72,6.0,4,99744.0,9999999
58321,0,5139,27.8,19.3,0.0,0.0,27.94,294.07,6.3,4,99701.0,9999999
58321,0,5140,27.6,19.42,0.0,0.0,27.94,294.24,6.7,4,99657.0,9999999
58321,0,5141,27.3,19.54,0.0,0.0,27.94,296.3,7.0,4,99614.0,9999999
58321,0,5142,27.6,19.42,15.0,14.0,27.94,296.46,7.0,4,99621.0,9999999
58321,0,5143,27.8,19.42,36.0,35.0,27.94,296.8,7.0,4,99628.0,9999999
58321,0,5144,28.1,19.3,116.0,106.0,27.94,296.8,7.0,4,99635.0,9999999
58321,0,5145,28.9,19.3,161.0,145.0,27.94,296.63,7.3,4,99632.0,9999999
58321,0,5146,29.7,19.19,196.0,176.0,27.94,296.8,7.7,4,99629.0,9999999
58321,0,5147,30.5,19.19,295.0,255.0,27.94,296.97,8.0,4,99627.0,9999999
58321,0,5148,30.5,19.42,386.0,298.0,27.94,297.31,8.0,4,99617.0,9999999
58321,0,5149,30.5,19.78,525.0,292.0,27.94,297.64,8.0,4,99607.0,9999999
58321,0,5150,30.5,20.03,606.0,266.0,27.94,297.47,8.0,4,99597.0,9999999
58321,0,5151,30.7,20.65,473.0,250.0,27.94,298.47,8.0,4,99574.0,9999999
58321,0,5152,30.9,21.16,286.0,206.0,27.94,299.63,8.0,4,99551.0,9999999
58321,0,5153,31.1,21.81,151.0,121.0,27.94,299.46,8.0,4,99528.0,9999999
58321,0,5154,30.8,21.42,62.0,49.0,27.94,299.79,7.0,4,99557.0,9999999
58321,0,5155,30.4,21.03,23.0,15.0,27.94,298.14,6.0,4,99587.0,9999999
58321,0,5156,30.1,20.65,0.0,0.0,27.94,296.97,5.0,4,99617.0,9999999
58321,0,5157,29.9,20.27,0.0,0.0,27.94,297.14,5.0,5,99635.0,9999999
58321,0,5158,29.8,19.91,0.0,0.0,27.94,296.97,5.0,5,99653.0,9999999
58321,0,5159,29.6,19.54,0.0,0.0,27.94,296.8,5.0,5,99671.0,9999999
58321,0,5160,29.4,19.3,0.0,0.0,27.94,296.46,5.0,5,99689.0,9999999
58321,0,5161,29.3,18.95,0.0,0.0,27.94,295.96,5.0,5,99707.0,9999999
58321,0,5162,29.1,18.61,0.0,0.0,27.94,296.13,5.0,5,99725.0,9999999
58321,0,5163,28.8,18.61,0.0,0.0,27.94,295.61,5.7,6,99728.0,9999999
58321,0,5164,28.4,18.61,0.0,0.0,27.94,295.96,6.3,6,99731.0,9999999
58321,0,5165,28.1,18.61,0.0,0.0,27.94,294.93,7.0,5,99734.0,9999999
58321,0,5166,28.6,18.72,35.0,21.0,27.94,294.24,7.0,5,99781.0,9999999
58321,0,5167,29.0,18.84,131.0,69.0,27.94,294.76,7.0,5,99828.0,9999999
58321,0,5168,29.5,18.95,268.0,135.0,27.94,294.76,7.0,5,99875.0,9999999
58321,0,5169,30.5,19.07,389.0,186.0,27.94,295.1,7.0,6,99906.0,9999999
58321,0,5170,31.4,19.19,468.0,226.0,27.94,295.1,7.0,6,99937.0,9999999
58321,0,5171,32.4,19.3,490.0,273.0,27.94,296.3,7.0,5,99968.0,9999999
58321,0,5172,32.7,19.42,439.0,284.0,27.94,297.31,5.7,6,99988.0,9999999
58321,0,5173,33.0,19.66,339.0,262.0,27.94,297.64,4.3,6,100008.0,9999999
58321,0,5174,33.3,19.78,233.0,217.0,27.94,297.98,3.0,8,100029.0,9999999
58321,0,5175,32.6,19.66,181.0,178.0,27.94,297.64,3.0,6,100028.0,9999999
58321,0,5176,31.8,19.66,145.0,143.0,27.94,298.14,3.0,6,100027.0,9999999
58321,0,5177,31.1,19.54,93.0,92.0,27.94,298.31,3.0,7,100026.0,9999999
58321,0,5178,30.8,19.78,48.0,48.0,27.94,298.14,2.7,6,100053.0,9999999
58321,0,5179,30.5,20.03,11.0,11.0,27.94,297.64,2.3,5,100079.0,9999999
58321,0,5180,30.2,20.27,0.0,0.0,27.94,297.47,2.0,6,100105.0,9999999
58321,0,5181,30.0,20.52,0.0,0.0,27.94,297.14,2.7,5,100113.0,9999999
58321,0,5182,29.9,20.65,0.0,0.0,27.94,296.3,3.3,5,100122.0,9999999
58321,0,5183,29.8,20.78,0.0,0.0,27.94,296.46,4.0,5,100130.0,9999999
58321,0,5184,29.6,21.03,0.0,0.0,27.94,296.46,4.7,6,100138.0,9999999
58321,0,5185,29.5,21.29,0.0,0.0,27.94,296.3,5.3,6,100146.0,9999999
58321,0,5186,29.3,21.42,0.0,0.0,27.94,295.61,6.0,5,100154.0,9999999
58321,0,5187,29.0,21.16,0.0,0.0,27.94,296.3,5.0,6,100154.0,9999999
58321,0,5188,28.8,21.03,0.0,0.0,27.94,296.13,4.0,6,100154.0,9999999
58321,0,5189,28.5,20.78,0.0,0.0,27.94,295.44,3.0,6,100153.0,9999999
58321,0,5190,29.2,20.9,53.0,39.0,27.94,294.76,3.0,6,100177.0,9999999
58321,0,5191,29.9,21.03,183.0,99.0,27.94,294.76,3.0,6,100201.0,9999999
58321,0,5192,30.6,21.16,343.0,164.0,27.94,295.1,3.0,6,100225.0,9999999
58321,0,5193,31.2,20.65,497.0,215.0,27.94,296.63,3.3,6,100490.0,9999999
58321,0,5194,31.8,20.03,618.0,247.0,27.94,297.31,3.7,7,100755.0,9999999
58321,0,5195,32.4,19.42,699.0,265.0,27.94,297.98,4.0,8,101020.0,9999999
58321,0,5196,33.2,18.95,770.0,240.0,27.94,298.64,5.0,7,100746.0,9999999
58321,0,5197,34.1,18.38,803.0,204.0,27.94,299.3,6.0,7,100473.0,9999999
58321,0,5198,34.9,17.93,756.0,199.0,27.94,298.97,7.0,9,100200.0,9999999
58321,0,5199,34.8,18.72,642.0,182.0,27.94,298.81,6.7,7,100163.0,9999999
58321,0,5200,34.8,19.54,454.0,144.0,27.94,298.81,6.3,7,100126.0,9999999
58321,0,5201,34.7,20.4,266.0,113.0,27.94,298.47,6.0,9,100090.0,9999999
58321,0,5202,33.6,20.4,125.0,62.0,27.94,297.64,5.0,7,100125.0,9999999
58321,0,5203,32.4,20.52,26.0,15.0,27.94,296.8,4.0,6,100161.0,9999999
58321,0,5204,31.3,20.52,0.0,0.0,27.94,296.63,3.0,7,100196.0,9999999
58321,0,5205,30.9,20.65,0.0,0.0,27.94,295.96,3.0,6,100187.0,9999999
58321,0,5206,30.6,20.65,0.0,0.0,27.94,296.13,3.0,6,100179.0,9999999
58321,0,5207,30.2,20.78,0.0,0.0,27.94,295.61,3.0,6,100170.0,9999999
58321,0,5208,29.8,20.9,0.0,0.0,27.94,296.13,3.0,7,100161.0,9999999
58321,0,5209,29.5,20.9,0.0,0.0,27.94,295.1,3.0,7,100153.0,9999999
58321,0,5210,29.1,21.03,0.0,0.0,27.94,294.93,3.0,6,100144.0,9999999
58321,0,5211,28.8,21.16,0.0,0.0,27.94,294.59,3.0,6,100134.0,9999999
58321,0,5212,28.6,21.29,0.0,0.0,27.94,294.24,3.0,6,100123.0,9999999
58321,0,5213,28.3,21.42,0.0,0.0,27.94,293.55,3.0,6,100113.0,9999999
58321,0,5214,28.9,21.55,56.0,35.0,27.94,293.89,3.3,6,100134.0,9999999
58321,0,5215,29.4,21.55,194.0,84.0,27.94,293.89,3.7,6,100154.0,9999999
58321,0,5216,30.0,21.68,382.0,124.0,27.94,294.24,4.0,6,100175.0,9999999
58321,0,5217,31.1,21.55,568.0,151.0,27.94,295.44,4.7,7,100153.0,9999999
58321,0,5218,32.2,21.55,721.0,167.0,27.94,296.46,5.3,7,100130.0,9999999
58321,0,5219,33.3,21.42,821.0,176.0,27.94,297.64,6.0,7,100108.0,9999999
58321,0,5220,33.8,21.55,865.0,181.0,27.94,298.14,5.3,8,100056.0,9999999
58321,0,5221,34.4,21.55,856.0,189.0,27.94,298.47,4.7,8,100003.0,9999999
58321,0,5222,34.9,21.68,750.0,189.0,27.94,298.97,4.0,9,99950.0,9999999
58321,0,5223,34.8,21.55,610.0,169.0,27.94,299.14,4.7,7,99907.0,9999999
58321,0,5224,34.8,21.42,447.0,138.0,27.94,298.97,5.3,7,99864.0,9999999
58321,0,5225,34.7,21.29,270.0,107.0,27.94,298.31,6.0,7,99821.0,9999999
58321,0,5226,34.0,21.16,126.0,62.0,27.94,297.81,5.3,7,99826.0,9999999
58321,0,5227,33.2,20.9,25.0,16.0,27.94,297.31,4.7,6,99832.0,9999999
58321,0,5228,32.5,20.78,0.0,0.0,27.94,296.46,4.0,7,99838.0,9999999
58321,0,5229,32.0,21.03,0.0,0.0,27.94,295.61,3.8,7,99840.0,9999999
58321,0,5230,31.6,21.29,0.0,0.0,27.94,295.1,3.7,7,99841.0,9999999
58321,0,5231,31.1,21.55,0.0,0.0,27.94,294.76,3.5,7,99842.0,9999999
58321,0,5232,30.7,21.81,0.0,0.0,27.94,294.24,3.3,7,99843.0,9999999
58321,0,5233,30.2,22.08,0.0,0.0,27.94,294.07,3.2,7,99844.0,9999999
58321,0,5234,29.8,22.35,0.0,0.0,27.94,294.07,3.0,7,99846.0,9999999
58321,0,5235,29.5,21.81,0.0,0.0,27.94,293.37,3.3,7,99825.0,9999999
58321,0,5236,29.2,21.42,0.0,0.0,27.94,293.2,3.7,7,99805.0,9999999
58321,0,5237,28.9,20.9,0.0,0.0,27.94,292.85,4.0,7,99785.0,9999999
58321,0,5238,29.4,21.16,58.0,33.0,27.94,292.67,4.0,7,99799.0,9999999
58321,0,5239,30.0,21.55,201.0,81.0,27.94,292.49,4.0,7,99813.0,9999999
58321,0,5240,30.5,21.81,392.0,115.0,27.94,293.2,4.0,6,99826.0,9999999
58321,0,5241,31.5,21.55,580.0,137.0,27.94,294.24,4.3,7,99814.0,9999999
58321,0,5242,32.4,21.29,736.0,153.0,27.94,295.27,4.7,7,99802.0,9999999
58321,0,5243,33.4,21.03,844.0,160.0,27.94,296.3,5.0,9,99789.0,9999999
58321,0,5244,34.2,21.03,889.0,163.0,27.94,297.14,4.7,8,99740.0,9999999
58321,0,5245,35.0,21.16,859.0,165.0,27.94,297.81,4.3,8,99691.0,9999999
58321,0,5246,35.8,21.16,783.0,159.0,27.94,298.64,4.0,7,99642.0,9999999
58321,0,5247,35.7,20.9,629.0,153.0,27.94,298.97,4.0,7,99599.0,9999999
58321,0,5248,35.7,20.78,452.0,132.0,27.94,298.64,4.0,7,99556.0,9999999
58321,0,5249,35.6,20.52,297.0,94.0,27.94,299.14,4.0,8,99512.0,9999999
58321,0,5250,34.8,20.65,129.0,53.0,27.94,297.47,3.3,7,99528.0,9999999
58321,0,5251,34.0,20.78,26.0,14.0,27.94,296.46,2.7,7,99544.0,9999999
58321,0,5252,33.2,20.9,0.0,0.0,27.94,295.1,2.0,7,99560.0,9999999
58321,0,5253,32.9,20.9,0.0,0.0,27.94,294.24,2.0,7,99578.0,9999999
58321,0,5254,32.5,20.9,0.0,0.0,27.94,294.07,2.0,7,99596.0,9999999
58321,0,5255,32.2,21.03,0.0,0.0,27.94,294.07,2.0,7,99614.0,9999999
58321,0,5256,31.9,21.03,0.0,0.0,27.94,293.89,2.0,7,99632.0,9999999
58321,0,5257,31.5,21.03,0.0,0.0,27.94,293.72,2.0,7,99650.0,9999999
58321,0,5258,31.2,21.03,0.0,0.0,27.94,293.2,2.0,7,99668.0,9999999
58321,0,5259,30.5,21.55,0.0,0.0,27.94,293.02,1.7,5,99667.0,9999999
58321,0,5260,29.7,21.95,0.0,0.0,27.94,292.67,1.3,5,99666.0,9999999
58321,0,5261,29.0,22.49,0.0,0.0,27.94,292.32,1.0,7,99665.0,9999999
58321,0,5262,29.7,22.08,59.0,29.0,27.94,292.14,1.7,5,99713.0,9999999
58321,0,5263,30.3,21.68,204.0,74.0,27.94,292.32,2.3,5,99760.0,9999999
58321,0,5264,31.0,21.29,396.0,109.0,27.94,293.37,3.0,7,99807.0,9999999
58321,0,5265,32.3,20.78,583.0,133.0,27.94,294.59,2.7,6,99818.0,9999999
58321,0,5266,33.6,20.4,739.0,148.0,27.94,295.96,2.3,6,99829.0,9999999
58321,0,5267,34.9,19.91,847.0,158.0,27.94,297.14,2.0,12,99841.0,9999999
58321,0,5268,34.7,20.27,848.0,166.0,27.94,297.98,3.0,6,99811.0,9999999
58321,0,5269,34.6,20.78,828.0,165.0,27.94,299.3,4.0,6,99781.0,9999999
58321,0,5270,34.4,21.16,767.0,162.0,27.94,298.81,5.0,1,99750.0,9999999
58321,0,5271,33.6,20.78,605.0,155.0,27.94,299.46,4.3,5,99723.0,9999999
58321,0,5272,32.9,20.4,432.0,128.0,27.94,300.44,3.7,5,99696.0,9999999
58321,0,5273,32.1,20.03,254.0,92.0,27.94,299.63,3.0,10,99668.0,9999999
58321,0,5274,32.1,19.91,101.0,47.0,27.94,299.3,3.0,4,99722.0,9999999
58321,0,5275,32.0,19.78,18.0,10.0,27.94,299.3,3.0,7,99775.0,9999999
58321,0,5276,32.0,19.66,0.0,0.0,27.94,297.47,3.0,3,99828.0,9999999
58321,0,5277,31.6,19.91,0.0,0.0,27.94,296.13,2.8,8,99844.0,9999999
58321,0,5278,31.2,20.15,0.0,0.0,27.94,295.61,2.7,3,99860.0,9999999
58321,0,5279,30.8,20.52,0.0,0.0,27.94,295.79,2.5,16,99876.0,9999999
58321,0,5280,30.4,20.78,0.0,0.0,27.94,294.76,2.3,1,99893.0,9999999
58321,0,5281,30.0,21.03,0.0,0.0,27.94,294.41,2.2,1,99909.0,9999999
58321,0,5282,29.6,21.29,0.0,0.0,27.94,294.07,2.0,4,99925.0,9999999
58321,0,5283,29.2,21.29,0.0,0.0,27.94,293.2,1.7,2,99931.0,9999999
58321,0,5284,28.9,21.16,0.0,0.0,27.94,293.02,1.3,3,99938.0,9999999
58321,0,5285,28.5,21.16,0.0,0.0,27.94,292.67,1.0,4,99944.0,9999999
58321,0,5286,29.1,21.55,58.0,29.0,27.94,292.32,1.7,3,99968.0,9999999
58321,0,5287,29.6,21.95,201.0,74.0,27.94,292.32,2.3,4,99992.0,9999999
58321,0,5288,30.2,22.35,390.0,112.0,27.94,293.02,3.0,3,100015.0,9999999
58321,0,5289,31.7,21.95,578.0,137.0,27.94,294.07,3.0,4,100030.0,9999999
58321,0,5290,33.2,21.55,733.0,156.0,27.94,295.27,3.0,4,100045.0,9999999
58321,0,5291,34.7,21.16,833.0,173.0,27.94,296.3,3.0,3,100060.0,9999999
58321,0,5292,34.9,20.15,880.0,179.0,27.94,296.97,3.3,3,100033.0,9999999
58321,0,5293,35.2,19.07,867.0,175.0,27.94,297.64,3.7,3,100007.0,9999999
58321,0,5294,35.4,18.15,717.0,158.0,27.94,297.64,4.0,1,99981.0,9999999
58321,0,5295,35.2,18.95,534.0,144.0,27.94,299.96,3.7,3,99937.0,9999999
58321,0,5296,35.1,19.78,429.0,128.0,27.94,298.47,3.3,3,99894.0,9999999
58321,0,5297,34.9,20.65,281.0,95.0,27.94,297.81,3.0,3,99851.0,9999999
58321,0,5298,34.0,20.9,110.0,49.0,27.94,298.14,3.3,3,99893.0,9999999
58321,0,5299,33.0,21.03,20.0,11.0,27.94,297.14,3.7,3,99935.0,9999999
58321,0,5300,32.1,21.29,0.0,0.0,27.94,295.96,4.0,4,99978.0,9999999
58321,0,5301,31.5,21.29,0.0,0.0,27.94,295.27,3.7,4,99982.0,9999999
58321,0,5302,31.0,21.29,0.0,0.0,27.94,295.96,3.3,4,99986.0,9999999
58321,0,5303,30.4,21.29,0.0,0.0,27.94,296.13,3.0,4,99991.0,9999999
58321,0,5304,29.8,21.16,0.0,0.0,27.94,295.44,2.7,4,99995.0,9999999
58321,0,5305,29.3,21.16,0.0,0.0,27.94,294.93,2.3,4,100000.0,9999999
58321,0,5306,28.7,21.16,0.0,0.0,27.94,294.76,2.0,3,100004.0,9999999
58321,0,5307,28.3,21.16,0.0,0.0,27.94,293.55,2.3,3,100007.0,9999999
58321,0,5308,27.9,21.29,0.0,0.0,27.94,293.89,2.7,3,100010.0,9999999
58321,0,5309,27.5,21.29,0.0,0.0,27.94,293.37,3.0,4,100013.0,9999999
58321,0,5310,27.8,21.29,54.0,28.0,27.94,293.2,2.7,3,100043.0,9999999
58321,0,5311,28.0,21.42,190.0,77.0,27.94,293.2,2.3,4,100073.0,9999999
58321,0,5312,28.3,21.42,365.0,128.0,27.94,293.89,2.0,4,100103.0,9999999
58321,0,5313,29.4,21.55,506.0,190.0,27.94,295.96,2.7,4,100114.0,9999999
58321,0,5314,30.6,21.81,604.0,261.0,27.94,297.31,3.3,4,100126.0,9999999
58321,0,5315,31.7,21.95,697.0,279.0,27.94,299.3,4.0,2,100137.0,9999999
58321,0,5316,32.2,21.42,726.0,223.0,27.94,299.46,3.7,4,100094.0,9999999
58321,0,5317,32.6,20.9,743.0,181.0,27.94,299.14,3.3,4,100051.0,9999999
58321,0,5318,33.1,20.4,710.0,212.0,27.94,298.81,3.0,5,100008.0,9999999
58321,0,5319,33.2,20.52,576.0,215.0,27.94,299.96,3.0,4,99962.0,9999999
58321,0,5320,33.4,20.65,411.0,167.0,27.94,300.28,3.0,4,99916.0,9999999
58321,0,5321,33.5,20.78,253.0,113.0,27.94,299.79,3.0,2,99869.0,9999999
58321,0,5322,32.9,21.03,119.0,51.0,27.94,297.81,3.3,4,99892.0,9999999
58321,0,5323,32.3,21.29,21.0,13.0,27.94,296.8,3.7,4,99915.0,9999999
58321,0,5324,31.7,21.55,0.0,0.0,27.94,296.46,4.0,4,99937.0,9999999
58321,0,5325,31.2,21.42,0.0,0.0,27.94,296.13,3.7,4,99940.0,9999999
58321,0,5326,30.8,21.42,0.0,0.0,27.94,295.27,3.3,4,99943.0,9999999
58321,0,5327,30.4,21.29,0.0,0.0,27.94,295.27,3.0,4,99946.0,9999999
58321,0,5328,29.9,21.16,0.0,0.0,27.94,295.96,2.7,4,99949.0,9999999
58321,0,5329,29.5,21.16,0.0,0.0,27.94,295.1,2.3,4,99952.0,9999999
58321,0,5330,29.0,21.03,0.0,0.0,27.94,294.41,2.0,5,99954.0,9999999
58321,0,5331,28.5,21.16,0.0,0.0,27.94,293.37,2.3,4,99957.0,9999999
58321,0,5332,27.9,21.29,0.0,0.0,27.94,293.55,2.7,4,99960.0,9999999
58321,0,5333,27.4,21.42,0.0,0.0,27.94,293.89,3.0,3,99963.0,9999999
58321,0,5334,28.2,21.42,54.0,29.0,27.94,292.85,3.0,4,99980.0,9999999
58321,0,5335,29.0,21.42,193.0,76.0,27.94,293.02,3.0,5,99998.0,9999999
58321,0,5336,29.8,21.42,381.0,115.0,27.94,293.89,3.0,6,100015.0,9999999
58321,0,5337,30.9,22.08,568.0,138.0,27.94,295.1,3.0,6,100020.0,9999999
58321,0,5338,31.9,22.76,727.0,152.0,27.94,296.46,3.0,6,100024.0,9999999
58321,0,5339,33.0,23.46,802.0,165.0,27.94,297.64,3.0,9,100028.0,9999999
58321,0,5340,33.9,23.18,779.0,181.0,27.94,299.3,2.3,7,99986.0,9999999
58321,0,5341,34.8,22.76,778.0,183.0,27.94,299.79,1.7,8,99944.0,9999999
58321,0,5342,35.7,22.49,727.0,164.0,27.94,299.96,1.0,11,99901.0,9999999
58321,0,5343,34.5,23.04,594.0,147.0,27.94,300.77,1.3,6,99883.0,9999999
58321,0,5344,33.3,23.6,430.0,131.0,27.94,300.61,1.7,6,99866.0,9999999
58321,0,5345,32.1,18.38,242.0,96.0,27.94,299.63,2.0,2,99848.0,9999999
58321,0,5346,32.1,24.03,103.0,47.0,27.94,300.12,2.0,3,99884.0,9999999
58321,0,5347,32.0,23.89,20.0,11.0,27.94,299.3,2.0,3,99921.0,9999999
58321,0,5348,32.0,23.75,0.0,0.0,27.94,298.47,2.0,4,99957.0,9999999
58321,0,5349,31.6,23.6,0.0,0.0,27.94,297.81,1.7,3,99970.0,9999999
58321,0,5350,31.3,23.46,0.0,0.0,27.94,297.98,1.3,4,99983.0,9999999
58321,0,5351,31.0,23.32,0.0,0.0,27.94,297.47,1.0,4,99996.0,9999999
58321,0,5352,30.6,23.32,0.0,0.0,27.94,297.47,0.7,5,100009.0,9999999
58321,0,5353,30.2,23.18,0.0,0.0,27.94,297.81,0.3,5,100022.0,9999999
58321,0,5354,29.9,23.04,0.0,0.0,27.94,296.8,0.0,5,100035.0,9999999
58321,0,5355,29.5,23.18,0.0,0.0,27.94,296.46,0.7,6,100018.0,9999999
58321,0,5356,29.1,23.32,0.0,0.0,27.94,295.96,1.3,5,100001.0,9999999
58321,0,5357,28.7,23.46,0.0,0.0,27.94,295.61,2.0,5,99984.0,9999999
58321,0,5358,29.3,23.32,49.0,28.0,27.94,295.44,2.0,5,100001.0,9999999
58321,0,5359,29.8,23.32,178.0,76.0,27.94,295.79,2.0,5,100018.0,9999999
58321,0,5360,30.4,23.18,358.0,120.0,27.94,295.96,2.0,5,100036.0,9999999
58321,0,5361,31.4,23.89,538.0,152.0,27.94,297.31,2.3,2,100043.0,9999999
58321,0,5362,32.3,24.77,621.0,208.0,27.94,298.64,2.7,16,100051.0,9999999
58321,0,5363,33.3,25.53,594.0,222.0,27.94,299.79,3.0,14,100058.0,9999999
58321,0,5364,32.4,24.77,634.0,237.0,27.94,300.12,3.0,15,100018.0,9999999
58321,0,5365,31.6,23.89,658.0,251.0,27.94,299.63,3.0,14,99977.0,9999999
58321,0,5366,30.7,23.18,498.0,233.0,27.94,299.79,3.0,14,99936.0,9999999
58321,0,5367,29.3,16.44,330.0,226.0,27.94,299.3,2.7,14,99955.0,9999999
58321,0,5368,27.8,21.16,266.0,191.0,27.94,298.14,2.3,15,99973.0,9999999
58321,0,5369,26.4,20.15,186.0,131.0,27.94,297.31,2.0,15,99992.0,9999999
58321,0,5370,26.6,20.4,75.0,56.0,27.94,297.64,3.0,15,100028.0,9999999
58321,0,5371,26.9,20.78,14.0,12.0,27.94,298.81,4.0,15,100065.0,9999999
58321,0,5372,27.1,21.03,0.0,0.0,27.94,298.81,5.0,13,100102.0,9999999
58321,0,5373,27.0,21.16,0.0,0.0,27.94,296.97,4.7,15,100097.0,9999999
58321,0,5374,27.0,21.16,0.0,0.0,27.94,297.98,4.3,15,100092.0,9999999
58321,0,5375,27.0,21.29,0.0,0.0,27.94,296.8,4.0,15,100087.0,9999999
58321,0,5376,26.9,21.29,0.0,0.0,27.94,296.46,3.7,15,100082.0,9999999
58321,0,5377,26.9,21.29,0.0,0.0,27.94,296.63,3.3,15,100077.0,9999999
58321,0,5378,26.8,21.42,0.0,0.0,27.94,298.14,3.0,14,100072.0,9999999
58321,0,5379,26.7,21.16,0.0,0.0,27.94,297.98,3.3,15,100075.0,9999999
58321,0,5380,26.5,21.03,0.0,0.0,27.94,297.47,3.7,15,100078.0,9999999
58321,0,5381,26.4,20.78,0.0,0.0,27.94,297.14,4.0,14,100081.0,9999999
58321,0,5382,26.4,20.78,17.0,17.0,27.94,297.14,4.0,15,100125.0,9999999
58321,0,5383,26.5,20.9,60.0,57.0,27.94,297.14,4.0,16,100168.0,9999999
58321,0,5384,26.5,20.9,105.0,97.0,27.94,297.14,4.0,13,100211.0,9999999
58321,0,5385,26.4,20.65,149.0,126.0,27.94,297.64,4.0,16,100221.0,9999999
58321,0,5386,26.3,20.4,198.0,167.0,27.94,297.64,4.0,16,100231.0,9999999
58321,0,5387,26.2,20.15,259.0,215.0,27.94,297.81,4.0,1,100241.0,9999999
58321,0,5388,26.4,19.91,325.0,266.0,27.94,297.64,4.3,16,100211.0,9999999
58321,0,5389,26.7,19.66,348.0,286.0,27.94,298.81,4.7,1,100181.0,9999999
58321,0,5390,26.9,19.42,267.0,219.0,27.94,298.47,5.0,15,100152.0,9999999
58321,0,5391,27.6,18.95,175.0,144.0,27.94,297.31,4.3,16,100113.0,9999999
58321,0,5392,28.4,18.38,195.0,140.0,27.94,297.47,3.7,16,100073.0,9999999
58321,0,5393,29.1,17.93,182.0,118.0,27.94,296.8,3.0,1,100034.0,9999999
58321,0,5394,28.3,18.26,81.0,53.0,27.94,295.44,3.0,1,100060.0,9999999
58321,0,5395,27.6,18.72,15.0,12.0,27.94,294.76,3.0,1,100086.0,9999999
58321,0,5396,26.8,19.07,0.0,0.0,27.94,294.76,3.0,3,100112.0,9999999
58321,0,5397,26.2,18.72,0.0,0.0,27.94,295.1,2.8,1,100115.0,9999999
58321,0,5398,25.6,18.49,0.0,0.0,27.94,293.37,2.7,2,100118.0,9999999
58321,0,5399,25.0,18.15,0.0,0.0,27.94,292.67,2.5,1,100122.0,9999999
58321,0,5400,24.4,17.93,0.0,0.0,27.94,292.67,2.3,1,100125.0,9999999
58321,0,5401,23.8,17.6,0.0,0.0,27.94,292.49,2.2,1,100129.0,9999999
58321,0,5402,23.8,17.6,0.0,0.0,27.94,293.02,2.0,16,100129.0,9999999
58321,0,5403,23.5,17.28,0.0,0.0,27.94,288.72,2.0,16,100125.0,9999999
58321,0,5404,23.1,17.06,0.0,0.0,27.94,288.9,2.0,16,100121.0,9999999
58321,0,5405,22.8,16.75,0.0,0.0,27.94,287.99,2.0,15,100118.0,9999999
58321,0,5406,22.8,16.75,48.0,26.0,27.94,287.06,2.0,15,100118.0,9999999
58321,0,5407,23.8,16.85,179.0,75.0,27.94,286.87,2.5,1,100129.0,9999999
58321,0,5408,24.8,17.06,352.0,127.0,27.94,287.43,3.0,1,100140.0,9999999
58321,0,5409,26.1,17.28,506.0,181.0,27.94,288.17,3.3,1,100154.0,9999999
58321,0,5410,27.4,17.38,637.0,209.0,27.94,291.43,3.7,1,100169.0,9999999
58321,0,5411,28.7,17.6,749.0,217.0,27.94,292.85,4.0,15,100183.0,9999999
58321,0,5412,29.2,17.17,817.0,224.0,27.94,292.14,4.0,1,100131.0,9999999
58321,0,5413,29.8,16.85,835.0,199.0,27.94,292.67,4.0,1,100078.0,9999999
58321,0,5414,30.3,16.44,774.0,176.0,27.94,291.43,4.0,15,100026.0,9999999
58321,0,5415,30.4,16.65,650.0,169.0,27.94,291.25,4.0,1,100002.0,9999999
58321,0,5416,30.5,16.96,487.0,139.0,27.94,291.79,4.0,1,99979.0,9999999
58321,0,5417,30.6,17.17,298.0,97.0,27.94,290.18,4.0,15,99956.0,9999999
58321,0,5418,29.8,17.28,125.0,49.0,27.94,289.45,3.7,1,99985.0,9999999
58321,0,5419,29.0,17.38,22.0,12.0,27.94,288.35,3.3,2,100014.0,9999999
58321,0,5420,28.2,17.49,0.0,0.0,27.94,286.87,3.0,1,100043.0,9999999
58321,0,5421,27.7,17.28,0.0,0.0,27.94,286.31,2.7,2,100049.0,9999999
58321,0,5422,27.2,17.06,0.0,0.0,27.94,286.12,2.3,3,100056.0,9999999
58321,0,5423,26.6,16.85,0.0,0.0,27.94,285.74,2.0,3,100062.0,9999999
58321,0,5424,26.1,16.75,0.0,0.0,27.94,285.37,1.7,4,100068.0,9999999
58321,0,5425,25.6,16.54,0.0,0.0,27.94,284.79,1.3,4,100074.0,9999999
58321,0,5426,25.1,16.34,0.0,0.0,27.94,284.99,1.0,3,100080.0,9999999
58321,0,5427,24.9,16.24,0.0,0.0,27.94,284.6,1.3,4,100080.0,9999999
58321,0,5428,24.6,16.04,0.0,0.0,27.94,284.41,1.7,5,100080.0,9999999
58321,0,5429,24.4,15.94,0.0,0.0,27.94,284.22,2.0,6,100079.0,9999999
58321,0,5430,25.2,16.04,53.0,27.0,27.94,284.03,2.0,2,100120.0,9999999
58321,0,5431,26.0,16.04,194.0,74.0,27.94,284.79,2.0,15,100161.0,9999999
58321,0,5432,26.8,16.14,387.0,109.0,27.94,285.93,2.0,6,100201.0,9999999
58321,0,5433,27.9,16.54,568.0,131.0,27.94,287.62,2.0,4,100219.0,9999999
58321,0,5434,28.9,16.85,726.0,148.0,27.94,289.27,2.0,3,100237.0,9999999
58321,0,5435,30.0,17.28,836.0,161.0,27.94,290.54,2.0,10,100255.0,9999999
58321,0,5436,30.4,17.38,824.0,163.0,27.94,291.79,2.3,4,100228.0,9999999
58321,0,5437,30.8,17.6,759.0,169.0,27.94,292.85,2.7,5,100202.0,9999999
58321,0,5438,31.2,17.71,718.0,171.0,27.94,293.37,3.0,7,100176.0,9999999
58321,0,5439,31.1,17.49,613.0,152.0,27.94,294.93,3.0,6,100166.0,9999999
58321,0,5440,31.1,17.38,441.0,132.0,27.94,294.41,3.0,5,100156.0,9999999
58321,0,5441,31.0,17.17,268.0,102.0,27.94,294.41,3.0,9,100146.0,9999999
58321,0,5442,30.3,17.17,109.0,50.0,27.94,292.85,2.7,6,100175.0,9999999
58321,0,5443,29.7,17.06,17.0,10.0,27.94,293.37,2.3,7,100204.0,9999999
58321,0,5444,29.0,17.06,0.0,0.0,27.94,290.72,2.0,7,100234.0,9999999
58321,0,5445,28.5,17.17,0.0,0.0,27.94,290.36,2.0,5,100255.0,9999999
58321,0,5446,28.1,17.17,0.0,0.0,27.94,289.99,2.0,6,100276.0,9999999
58321,0,5447,27.6,17.28,0.0,0.0,27.94,289.09,2.0,6,100297.0,9999999
58321,0,5448,27.1,17.38,0.0,0.0,27.94,289.45,2.0,6,100318.0,9999999
58321,0,5449,26.7,17.38,0.0,0.0,27.94,288.35,2.0,6,100339.0,9999999
58321,0,5450,26.2,17.49,0.0,0.0,27.94,288.35,2.0,5,100360.0,9999999
58321,0,5451,26.0,16.96,0.0,0.0,27.94,288.35,2.0,5,100380.0,9999999
58321,0,5452,25.8,16.54,0.0,0.0,27.94,288.72,2.0,5,100400.0,9999999
58321,0,5453,25.6,16.04,0.0,0.0,27.94,287.99,2.0,5,100420.0,9999999
58321,0,5454,26.5,16.14,51.0,25.0,27.94,287.8,2.3,5,100437.0,9999999
58321,0,5455,27.3,16.24,190.0,70.0,27.94,287.99,2.7,5,100455.0,9999999
58321,0,5456,28.2,16.34,385.0,107.0,27.94,288.9,3.0,5,100472.0,9999999
58321,0,5457,29.3,16.54,578.0,131.0,27.94,289.63,3.0,6,100486.0,9999999
58321,0,5458,30.4,16.65,735.0,146.0,27.94,290.72,3.0,5,100501.0,9999999
58321,0,5459,31.5,16.85,840.0,156.0,27.94,291.79,3.0,7,100515.0,9999999
58321,0,5460,32.1,16.44,882.0,161.0,27.94,292.67,3.3,5,100479.0,9999999
58321,0,5461,32.7,16.04,869.0,160.0,27.94,293.2,3.7,5,100443.0,9999999
58321,0,5462,33.3,15.64,791.0,153.0,27.94,294.07,4.0,7,100407.0,9999999
58321,0,5463,33.3,15.84,656.0,139.0,27.94,293.89,4.0,5,100361.0,9999999
58321,0,5464,33.2,16.14,489.0,120.0,27.94,294.07,4.0,5,100314.0,9999999
58321,0,5465,33.2,16.34,287.0,90.0,27.94,293.55,4.0,5,100268.0,9999999
58321,0,5466,32.4,16.65,105.0,45.0,27.94,293.2,3.7,4,100323.0,9999999
58321,0,5467,31.5,16.96,16.0,9.0,27.94,292.67,3.3,3,100379.0,9999999
58321,0,5468,30.7,17.28,0.0,0.0,27.94,293.55,3.0,5,100435.0,9999999
58321,0,5469,30.0,17.17,0.0,0.0,27.94,291.61,3.0,4,100442.0,9999999
58321,0,5470,29.3,17.17,0.0,0.0,27.94,290.72,3.0,4,100450.0,9999999
58321,0,5471,28.5,17.17,0.0,0.0,27.94,290.89,3.0,4,100457.0,9999999
58321,0,5472,27.8,17.06,0.0,0.0,27.94,290.54,3.0,4,100465.0,9999999
58321,0,5473,27.1,17.06,0.0,0.0,27.94,289.81,3.0,4,100473.0,9999999
58321,0,5474,26.4,16.96,0.0,0.0,27.94,289.09,3.0,3,100480.0,9999999
58321,0,5475,26.0,17.38,0.0,0.0,27.94,289.45,2.7,4,100470.0,9999999
58321,0,5476,25.7,17.93,0.0,0.0,27.94,289.09,2.3,4,100459.0,9999999
58321,0,5477,25.3,18.38,0.0,0.0,27.94,289.63,2.0,3,100449.0,9999999
58321,0,5478,25.8,18.49,48.0,25.0,27.94,288.35,2.0,4,100483.0,9999999
58321,0,5479,26.4,18.72,186.0,69.0,27.94,287.99,2.0,4,100517.0,9999999
58321,0,5480,26.9,18.84,378.0,106.0,27.94,288.9,2.0,4,100551.0,9999999
58321,0,5481,28.5,18.84,568.0,133.0,27.94,289.99,2.3,4,100552.0,9999999
58321,0,5482,30.1,18.72,687.0,152.0,27.94,291.25,2.7,5,100554.0,9999999
58321,0,5483,31.7,18.72,741.0,170.0,27.94,292.67,3.0,4,100555.0,9999999
58321,0,5484,32.1,18.72,830.0,174.0,27.94,293.37,3.3,5,100513.0,9999999
58321,0,5485,32.6,18.61,860.0,174.0,27.94,294.07,3.7,5,100470.0,9999999
58321,0,5486,33.0,18.61,756.0,179.0,27.94,295.27,4.0,6,100427.0,9999999
58321,0,5487,32.8,18.72,623.0,157.0,27.94,295.27,4.0,4,100394.0,9999999
58321,0,5488,32.7,18.72,473.0,123.0,27.94,294.24,4.0,4,100360.0,9999999
58321,0,5489,32.5,18.84,272.0,85.0,27.94,293.72,4.0,3,100327.0,9999999
58321,0,5490,31.8,18.61,97.0,41.0,27.94,293.55,3.7,4,100356.0,9999999
58321,0,5491,31.0,18.38,18.0,10.0,27.94,292.49,3.3,4,100385.0,9999999
58321,0,5492,30.3,18.15,0.0,0.0,27.94,291.61,3.0,5,100414.0,9999999
58321,0,5493,29.6,18.26,0.0,0.0,27.94,290.54,2.7,5,100417.0,9999999
58321,0,5494,29.0,18.26,0.0,0.0,27.94,289.99,2.3,4,100420.0,9999999
58321,0,5495,28.3,18.26,0.0,0.0,27.94,289.63,2.0,4,100422.0,9999999
58321,0,5496,27.6,18.38,0.0,0.0,27.94,289.27,1.7,4,100425.0,9999999
58321,0,5497,27.0,18.38,0.0,0.0,27.94,288.9,1.3,4,100428.0,9999999
58321,0,5498,26.3,18.49,0.0,0.0,27.94,289.09,1.0,4,100430.0,9999999
58321,0,5499,26.1,18.49,0.0,0.0,27.94,289.27,1.7,4,100447.0,9999999
58321,0,5500,25.9,18.49,0.0,0.0,27.94,289.09,2.3,4,100463.0,9999999
58321,0,5501,25.7,18.49,0.0,0.0,27.94,289.45,3.0,3,100479.0,9999999
58321,0,5502,26.0,18.61,45.0,26.0,27.94,289.09,3.0,3,100523.0,9999999
58321,0,5503,26.3,18.72,165.0,79.0,27.94,289.99,3.0,3,100566.0,9999999
58321,0,5504,26.6,18.84,289.0,147.0,27.94,291.25,3.0,3,100610.0,9999999
58321,0,5505,27.5,18.95,430.0,202.0,27.94,294.24,2.8,4,100589.0,9999999
58321,0,5506,28.4,19.07,597.0,194.0,27.94,295.79,2.7,4,100569.0,9999999
58321,0,5507,29.2,19.3,673.0,193.0,27.94,294.41,2.5,4,100548.0,9999999
58321,0,5508,30.1,19.42,733.0,198.0,27.94,296.3,2.3,4,100527.0,9999999
58321,0,5509,31.0,19.54,770.0,206.0,27.94,295.96,2.2,4,100506.0,9999999
58321,0,5510,31.9,19.66,727.0,204.0,27.94,296.63,2.0,2,100486.0,9999999
58321,0,5511,32.0,19.07,630.0,157.0,27.94,295.79,2.3,4,100443.0,9999999
58321,0,5512,32.2,18.38,428.0,130.0,27.94,295.27,2.7,3,100400.0,9999999
58321,0,5513,32.3,17.82,219.0,93.0,27.94,295.61,3.0,4,100357.0,9999999
58321,0,5514,31.5,18.26,84.0,42.0,27.94,294.76,3.0,2,100416.0,9999999
58321,0,5515,30.7,18.61,15.0,9.0,27.94,294.41,3.0,3,100475.0,9999999
58321,0,5516,29.9,19.07,0.0,0.0,27.94,294.93,3.0,3,100534.0,9999999
58321,0,5517,29.4,19.19,0.0,0.0,27.94,293.37,3.0,4,100541.0,9999999
58321,0,5518,28.9,19.3,0.0,0.0,27.94,293.55,3.0,4,100549.0,9999999
58321,0,5519,28.4,19.42,0.0,0.0,27.94,292.32,3.0,3,100557.0,9999999
58321,0,5520,27.8,19.42,0.0,0.0,27.94,291.96,3.0,3,100565.0,9999999
58321,0,5521,27.3,19.54,0.0,0.0,27.94,290.72,3.0,3,100572.0,9999999
58321,0,5522,26.8,19.66,0.0,0.0,27.94,290.89,3.0,4,100580.0,9999999
58321,0,5523,26.5,19.66,0.0,0.0,27.94,290.72,3.0,4,100593.0,9999999
58321,0,5524,26.3,19.66,0.0,0.0,27.94,291.07,3.0,4,100606.0,9999999
58321,0,5525,26.0,19.66,0.0,0.0,27.94,290.72,3.0,4,100619.0,9999999
58321,0,5526,26.4,19.78,36.0,24.0,27.94,291.07,3.0,4,100650.0,9999999
58321,0,5527,26.7,20.03,126.0,85.0,27.94,291.96,3.0,4,100680.0,9999999
58321,0,5528,27.1,20.15,207.0,162.0,27.94,293.2,3.0,3,100710.0,9999999
58321,0,5529,28.2,19.91,306.0,217.0,27.94,297.64,3.0,4,100705.0,9999999
58321,0,5530,29.2,19.78,450.0,246.0,27.94,297.81,3.0,4,100699.0,9999999
58321,0,5531,30.3,19.54,601.0,281.0,27.94,296.8,3.0,3,100694.0,9999999
58321,0,5532,30.3,19.54,655.0,350.0,27.94,297.81,3.3,4,100640.0,9999999
58321,0,5533,30.3,19.42,619.0,307.0,27.94,299.63,3.7,4,100587.0,9999999
58321,0,5534,30.3,19.42,556.0,228.0,27.94,298.81,4.0,2,100534.0,9999999
58321,0,5535,30.3,19.78,479.0,212.0,27.94,296.97,3.7,4,100494.0,9999999
58321,0,5536,30.2,20.03,330.0,157.0,27.94,296.46,3.3,3,100454.0,9999999
58321,0,5537,30.2,20.4,139.0,95.0,27.94,296.3,3.0,1,100414.0,9999999
58321,0,5538,28.0,19.3,45.0,38.0,27.94,295.44,3.0,3,100485.0,9999999
58321,0,5539,25.7,18.26,7.0,6.0,27.94,295.61,3.0,4,100556.0,9999999
58321,0,5540,23.5,17.28,0.0,0.0,27.94,293.89,3.0,14,100627.0,9999999
58321,0,5541,23.6,17.28,0.0,0.0,27.94,292.32,3.2,3,100618.0,9999999
58321,0,5542,23.7,17.38,0.0,0.0,27.94,293.2,3.3,4,100610.0,9999999
58321,0,5543,23.8,17.49,0.0,0.0,27.94,295.27,3.5,5,100602.0,9999999
58321,0,5544,23.9,17.49,0.0,0.0,27.94,295.96,3.7,4,100594.0,9999999
58321,0,5545,24.0,17.6,0.0,0.0,27.94,295.79,3.8,3,100586.0,9999999
58321,0,5546,24.1,17.6,0.0,0.0,27.94,294.93,4.0,6,100577.0,9999999
58321,0,5547,24.1,17.82,0.0,0.0,27.94,295.79,3.7,3,100587.0,9999999
58321,0,5548,24.1,18.04,0.0,0.0,27.94,294.24,3.3,3,100597.0,9999999
58321,0,5549,24.1,18.26,0.0,0.0,27.94,295.27,3.0,2,100607.0,9999999
58321,0,5550,24.3,18.26,0.0,0.0,27.94,295.96,2.7,3,100628.0,9999999
58321,0,5551,24.5,18.26,88.0,65.0,27.94,294.59,2.3,4,100648.0,9999999
58321,0,5552,24.7,18.26,206.0,121.0,27.94,294.59,2.0,5,100668.0,9999999
58321,0,5553,25.3,18.49,309.0,170.0,27.94,294.93,1.7,6,100695.0,9999999
58321,0,5554,26.0,18.61,297.0,200.0,27.94,295.79,1.3,6,100722.0,9999999
58321,0,5555,26.6,18.84,316.0,199.0,27.94,297.47,1.0,7,100750.0,9999999
58321,0,5556,27.3,18.72,356.0,195.0,27.94,296.8,1.7,6,100704.0,9999999
58321,0,5557,28.1,18.72,317.0,188.0,27.94,295.96,2.3,6,100658.0,9999999
58321,0,5558,28.8,18.61,260.0,169.0,27.94,295.96,3.0,6,100612.0,9999999
58321,0,5559,28.8,18.72,180.0,135.0,27.94,295.61,3.0,7,100586.0,9999999
58321,0,5560,28.7,18.84,144.0,124.0,27.94,295.96,3.0,6,100559.0,9999999
58321,0,5561,28.7,18.95,105.0,99.0,27.94,294.93,3.0,9,100532.0,9999999
58321,0,5562,28.0,19.19,43.0,40.0,27.94,294.93,2.7,5,100552.0,9999999
58321,0,5563,27.4,19.42,8.0,7.0,27.94,294.76,2.3,5,100571.0,9999999
58321,0,5564,26.7,19.66,0.0,0.0,27.94,295.1,2.0,8,100590.0,9999999
58321,0,5565,26.6,19.66,0.0,0.0,27.94,294.24,2.0,5,100592.0,9999999
58321,0,5566,26.5,19.66,0.0,0.0,27.94,293.89,2.0,6,100593.0,9999999
58321,0,5567,26.4,19.66,0.0,0.0,27.94,294.07,2.0,6,100595.0,9999999
58321,0,5568,26.3,19.66,0.0,0.0,27.94,293.37,2.0,6,100596.0,9999999
58321,0,5569,26.2,19.66,0.0,0.0,27.94,293.02,2.0,6,100598.0,9999999
58321,0,5570,26.1,19.66,0.0,0.0,27.94,293.02,2.0,8,100599.0,9999999
58321,0,5571,26.0,19.66,0.0,0.0,27.94,292.85,1.3,6,100606.0,9999999
58321,0,5572,26.0,19.54,0.0,0.0,27.94,293.2,0.7,6,100613.0,9999999
58321,0,5573,25.9,19.54,0.0,0.0,27.94,292.49,0.0,7,100619.0,9999999
58321,0,5574,26.1,19.78,31.0,20.0,27.94,293.02,0.7,7,100639.0,9999999
58321,0,5575,26.3,20.03,122.0,69.0,27.94,293.37,1.3,8,100660.0,9999999
58321,0,5576,26.5,20.27,244.0,130.0,27.94,293.72,2.0,8,100680.0,9999999
58321,0,5577,27.6,20.15,394.0,187.0,27.94,294.24,2.7,10,100691.0,9999999
58321,0,5578,28.6,20.03,540.0,224.0,27.94,295.1,3.3,11,100702.0,9999999
58321,0,5579,29.7,19.91,624.0,265.0,27.94,295.79,4.0,12,100713.0,9999999
58321,0,5580,30.4,19.91,542.0,271.0,27.94,296.97,3.7,11,100674.0,9999999
58321,0,5581,31.0,19.78,468.0,230.0,27.94,299.3,3.3,12,100634.0,9999999
58321,0,5582,31.7,19.78,481.0,204.0,27.94,297.98,3.0,13,100595.0,9999999
58321,0,5583,30.6,19.66,415.0,184.0,27.94,298.31,4.3,14,100588.0,9999999
58321,0,5584,29.6,19.54,291.0,142.0,27.94,297.98,5.7,16,100580.0,9999999
58321,0,5585,28.5,19.42,153.0,90.0,27.94,296.8,7.0,10,100572.0,9999999
58321,0,5586,27.8,19.78,56.0,41.0,27.94,295.44,4.7,5,100601.0,9999999
58321,0,5587,27.1,20.03,9.0,7.0,27.94,294.76,2.3,4,100630.0,9999999
58321,0,5588,26.4,20.4,0.0,0.0,27.94,293.55,0.0,6,100660.0,9999999
58321,0,5589,26.3,20.27,0.0,0.0,27.94,293.72,0.3,3,100669.0,9999999
58321,0,5590,26.1,20.03,0.0,0.0,27.94,294.41,0.7,15,100679.0,9999999
58321,0,5591,26.0,19.91,0.0,0.0,27.94,294.41,1.0,16,100689.0,9999999
58321,0,5592,25.9,19.78,0.0,0.0,27.94,293.02,1.3,16,100699.0,9999999
58321,0,5593,25.7,19.54,0.0,0.0,27.94,293.2,1.7,1,100709.0,9999999
58321,0,5594,25.6,19.42,0.0,0.0,27.94,294.07,2.0,1,100719.0,9999999
58321,0,5595,25.5,19.54,0.0,0.0,27.94,292.49,2.0,1,100722.0,9999999
58321,0,5596,25.3,19.66,0.0,0.0,27.94,292.32,2.0,1,100725.0,9999999
58321,0,5597,25.2,19.78,0.0,0.0,27.94,292.14,2.0,15,100728.0,9999999
58321,0,5598,25.6,20.15,37.0,25.0,27.94,291.79,2.0,16,100755.0,9999999
58321,0,5599,26.1,20.52,143.0,83.0,27.94,292.32,2.0,1,100782.0,9999999
58321,0,5600,26.5,20.9,293.0,143.0,27.94,293.89,2.0,15,100809.0,9999999
58321,0,5601,27.4,20.9,444.0,200.0,27.94,295.1,2.0,1,100817.0,9999999
58321,0,5602,28.2,20.78,526.0,256.0,27.94,295.96,2.0,1,100824.0,9999999
58321,0,5603,29.1,20.78,548.0,255.0,27.94,299.3,2.0,13,100832.0,9999999
58321,0,5604,29.7,20.65,625.0,222.0,27.94,298.14,2.7,1,100779.0,9999999
58321,0,5605,30.3,20.52,706.0,207.0,27.94,297.31,3.3,1,100727.0,9999999
58321,0,5606,30.9,20.4,654.0,216.0,27.94,297.64,4.0,15,100674.0,9999999
58321,0,5607,31.0,20.27,482.0,178.0,27.94,296.97,4.0,1,100658.0,9999999
58321,0,5608,31.1,20.15,297.0,116.0,27.94,296.13,4.0,2,100641.0,9999999
58321,0,5609,31.2,20.03,176.0,86.0,27.94,296.63,4.0,3,100625.0,9999999
58321,0,5610,30.0,20.15,77.0,40.0,27.94,294.93,3.0,2,100673.0,9999999
58321,0,5611,28.7,20.15,9.0,6.0,27.94,295.1,2.0,2,100722.0,9999999
58321,0,5612,27.5,20.27,0.0,0.0,27.94,293.72,1.0,3,100770.0,9999999
58321,0,5613,27.3,20.27,0.0,0.0,27.94,293.55,1.0,3,100757.0,9999999
58321,0,5614,27.1,20.27,0.0,0.0,27.94,293.37,1.0,3,100743.0,9999999
58321,0,5615,27.0,20.15,0.0,0.0,27.94,294.24,1.0,3,100730.0,9999999
58321,0,5616,26.8,20.15,0.0,0.0,27.94,294.07,1.0,3,100717.0,9999999
58321,0,5617,26.6,20.15,0.0,0.0,27.94,292.49,1.0,3,100703.0,9999999
58321,0,5618,26.4,20.15,0.0,0.0,27.94,292.49,1.0,3,100690.0,9999999
58321,0,5619,26.1,19.91,0.0,0.0,27.94,291.96,1.0,3,100673.0,9999999
58321,0,5620,25.8,19.78,0.0,0.0,27.94,293.72,1.0,3,100656.0,9999999
58321,0,5621,25.5,19.54,0.0,0.0,27.94,294.59,1.0,4,100639.0,9999999
58321,0,5622,25.9,19.54,22.0,19.0,27.94,293.55,1.7,4,100669.0,9999999
58321,0,5623,26.4,19.66,99.0,68.0,27.94,294.07,2.3,4,100699.0,9999999
58321,0,5624,26.8,19.66,233.0,138.0,27.94,293.55,3.0,6,100730.0,9999999
58321,0,5625,27.5,19.78,377.0,241.0,27.94,294.59,3.0,5,100731.0,9999999
58321,0,5626,28.2,20.03,479.0,295.0,27.94,297.81,3.0,6,100731.0,9999999
58321,0,5627,28.9,20.15,612.0,299.0,27.94,298.31,3.0,6,100732.0,9999999
58321,0,5628,29.9,20.03,712.0,272.0,27.94,297.98,2.7,6,100663.0,9999999
58321,0,5629,31.0,19.78,672.0,222.0,27.94,298.31,2.3,6,100595.0,9999999
58321,0,5630,32.0,19.66,596.0,213.0,27.94,297.81,2.0,4,100526.0,9999999
58321,0,5631,31.6,19.78,506.0,184.0,27.94,297.47,2.3,3,100492.0,9999999
58321,0,5632,31.2,19.91,363.0,138.0,27.94,297.31,2.7,3,100458.0,9999999
58321,0,5633,30.8,20.03,194.0,93.0,27.94,297.14,3.0,5,100425.0,9999999
58321,0,5634,30.3,20.27,64.0,38.0,27.94,297.14,2.7,3,100471.0,9999999
58321,0,5635,29.9,20.4,8.0,6.0,27.94,295.96,2.3,4,100517.0,9999999
58321,0,5636,29.4,20.65,0.0,0.0,27.94,295.79,2.0,6,100563.0,9999999
58321,0,5637,29.0,20.4,0.0,0.0,27.94,295.44,2.0,4,100569.0,9999999
58321,0,5638,28.5,20.27,0.0,0.0,27.94,294.41,2.0,5,100575.0,9999999
58321,0,5639,28.1,20.03,0.0,0.0,27.94,295.1,2.0,5,100582.0,9999999
58321,0,5640,27.7,19.78,0.0,0.0,27.94,293.89,2.0,5,100588.0,9999999
58321,0,5641,27.2,19.54,0.0,0.0,27.94,294.07,2.0,4,100594.0,9999999
58321,0,5642,26.8,19.42,0.0,0.0,27.94,293.2,2.0,6,100600.0,9999999
58321,0,5643,26.3,18.95,0.0,0.0,27.94,293.02,2.0,3,100593.0,9999999
58321,0,5644,25.9,18.61,0.0,0.0,27.94,292.67,2.0,3,100586.0,9999999
58321,0,5645,25.4,18.26,0.0,0.0,27.94,292.85,2.0,3,100579.0,9999999
58321,0,5646,25.6,18.38,36.0,22.0,27.94,292.32,2.3,4,100622.0,9999999
58321,0,5647,25.7,18.61,125.0,63.0,27.94,293.02,2.7,3,100666.0,9999999
58321,0,5648,25.9,18.72,249.0,111.0,27.94,292.67,3.0,3,100709.0,9999999
58321,0,5649,26.0,18.95,354.0,166.0,27.94,293.55,3.7,3,100739.0,9999999
58321,0,5650,26.0,19.19,416.0,211.0,27.94,294.76,4.3,3,100769.0,9999999
58321,0,5651,26.1,19.42,505.0,235.0,27.94,295.79,5.0,2,100799.0,9999999
58321,0,5652,25.8,19.42,532.0,258.0,27.94,295.44,5.7,2,100782.0,9999999
58321,0,5653,25.6,15.06,509.0,263.0,27.94,295.27,6.3,2,100765.0,9999999
58321,0,5654,25.3,14.6,363.0,205.0,27.94,294.59,7.0,2,100748.0,9999999
58321,0,5655,24.7,14.33,211.0,172.0,27.94,294.59,6.7,2,100738.0,9999999
58321,0,5656,24.2,17.49,213.0,159.0,27.94,294.24,6.3,2,100727.0,9999999
58321,0,5657,23.6,16.65,147.0,99.0,27.94,291.96,6.0,2,100717.0,9999999
58321,0,5658,23.3,16.24,50.0,41.0,27.94,291.43,5.3,2,100753.0,9999999
58321,0,5659,22.9,15.94,7.0,7.0,27.94,291.79,4.7,2,100789.0,9999999
58321,0,5660,22.6,15.54,0.0,0.0,27.94,290.18,4.0,1,100825.0,9999999
58321,0,5661,22.4,15.25,0.0,0.0,27.94,289.99,4.0,2,100833.0,9999999
58321,0,5662,22.1,14.97,0.0,0.0,27.94,289.27,4.0,1,100841.0,9999999
58321,0,5663,21.9,14.69,0.0,0.0,27.94,288.72,4.0,1,100849.0,9999999
58321,0,5664,21.7,14.51,0.0,0.0,27.94,288.17,4.0,2,100857.0,9999999
58321,0,5665,21.4,14.24,0.0,0.0,27.94,288.54,4.0,2,100865.0,9999999
58321,0,5666,21.2,13.97,0.0,0.0,27.94,289.63,4.0,2,100873.0,9999999
58321,0,5667,21.2,13.88,0.0,0.0,27.94,288.72,3.7,1,100873.0,9999999
58321,0,5668,21.2,13.71,0.0,0.0,27.94,287.99,3.3,2,100873.0,9999999
58321,0,5669,21.2,13.62,0.0,0.0,27.94,289.09,3.0,1,100873.0,9999999
58321,0,5670,21.4,13.88,29.0,21.0,27.94,290.72,3.0,1,100900.0,9999999
58321,0,5671,21.7,14.06,105.0,70.0,27.94,288.9,3.0,2,100927.0,9999999
58321,0,5672,21.9,14.33,193.0,123.0,27.94,290.54,3.0,1,100954.0,9999999
58321,0,5673,22.6,14.6,308.0,197.0,27.94,291.25,2.7,2,100948.0,9999999
58321,0,5674,23.4,14.78,420.0,274.0,27.94,292.49,2.3,2,100942.0,9999999
58321,0,5675,24.1,15.06,452.0,325.0,27.94,292.49,2.0,2,100936.0,9999999
58321,0,5676,24.6,15.45,436.0,338.0,27.94,294.93,2.7,3,100890.0,9999999
58321,0,5677,25.2,15.74,394.0,319.0,27.94,295.79,3.3,3,100844.0,9999999
58321,0,5678,25.7,16.14,351.0,287.0,27.94,296.46,4.0,1,100798.0,9999999
58321,0,5679,25.8,16.14,299.0,234.0,27.94,295.61,3.7,3,100765.0,9999999
58321,0,5680,26.0,16.24,202.0,167.0,27.94,295.44,3.3,3,100732.0,9999999
58321,0,5681,26.1,16.24,101.0,93.0,27.94,296.13,3.0,3,100699.0,9999999
58321,0,5682,25.8,16.34,35.0,33.0,27.94,295.1,3.3,2,100725.0,9999999
58321,0,5683,25.4,16.34,7.0,6.0,27.94,294.59,3.7,2,100752.0,9999999
58321,0,5684,25.1,16.44,0.0,0.0,27.94,291.79,4.0,3,100778.0,9999999
58321,0,5685,24.8,16.44,0.0,0.0,27.94,292.32,3.8,2,100781.0,9999999
58321,0,5686,24.5,16.44,0.0,0.0,27.94,292.14,3.7,2,100784.0,9999999
58321,0,5687,24.2,16.44,0.0,0.0,27.94,292.85,3.5,3,100787.0,9999999
58321,0,5688,24.0,16.44,0.0,0.0,27.94,294.07,3.3,3,100790.0,9999999
58321,0,5689,23.7,16.44,0.0,0.0,27.94,294.41,3.2,3,100793.0,9999999
58321,0,5690,23.4,16.44,0.0,0.0,27.94,293.55,3.0,2,100796.0,9999999
58321,0,5691,23.2,16.34,0.0,0.0,27.94,292.49,2.7,4,100789.0,9999999
58321,0,5692,23.1,16.14,0.0,0.0,27.94,291.96,2.3,4,100782.0,9999999
58321,0,5693,22.9,16.04,0.0,0.0,27.94,289.63,2.0,3,100776.0,9999999
58321,0,5694,23.4,16.34,36.0,20.0,27.94,289.45,1.7,4,100789.0,9999999
58321,0,5695,24.0,16.75,155.0,68.0,27.94,289.09,1.3,4,100803.0,9999999
58321,0,5696,24.5,17.06,331.0,120.0,27.94,289.81,1.0,14,100817.0,9999999
58321,0,5697,25.6,17.17,494.0,169.0,27.94,290.72,1.3,5,100828.0,9999999
58321,0,5698,26.6,17.28,567.0,252.0,27.94,293.37,1.7,5,100839.0,9999999
58321,0,5699,27.7,17.38,590.0,293.0,27.94,295.79,2.0,5,100850.0,9999999
58321,0,5700,28.3,17.93,617.0,228.0,27.94,296.46,2.3,5,100814.0,9999999
58321,0,5701,28.9,18.38,580.0,204.0,27.94,296.3,2.7,4,100779.0,9999999
58321,0,5702,29.5,18.95,490.0,208.0,27.94,296.13,3.0,15,100743.0,9999999
58321,0,5703,29.6,19.07,408.0,170.0,27.94,297.98,3.0,3,100699.0,9999999
58321,0,5704,29.7,19.07,301.0,134.0,27.94,296.3,3.0,3,100656.0,9999999
58321,0,5705,29.8,19.19,179.0,90.0,27.94,297.31,3.0,3,100613.0,9999999
58321,0,5706,28.9,19.07,71.0,38.0,27.94,295.96,3.0,2,100656.0,9999999
58321,0,5707,28.1,18.95,6.0,5.0,27.94,295.61,3.0,2,100698.0,9999999
58321,0,5708,27.2,18.84,0.0,0.0,27.94,294.76,3.0,2,100740.0,9999999
58321,0,5709,26.9,18.72,0.0,0.0,27.94,293.89,2.5,3,100748.0,9999999
58321,0,5710,26.5,18.61,0.0,0.0,27.94,293.89,2.0,3,100756.0,9999999
58321,0,5711,26.1,18.49,0.0,0.0,27.94,293.72,1.5,3,100764.0,9999999
58321,0,5712,25.8,18.38,0.0,0.0,27.94,293.2,1.0,4,100772.0,9999999
58321,0,5713,25.5,18.26,0.0,0.0,27.94,292.49,0.5,4,100780.0,9999999
58321,0,5714,25.1,18.15,0.0,0.0,27.94,292.14,0.0,4,100788.0,9999999
58321,0,5715,24.8,18.04,0.0,0.0,27.94,291.61,0.3,4,100778.0,9999999
58321,0,5716,24.4,18.04,0.0,0.0,27.94,291.79,0.7,4,100767.0,9999999
58321,0,5717,24.1,17.93,0.0,0.0,27.94,291.25,1.0,2,100757.0,9999999
58321,0,5718,24.7,18.15,37.0,20.0,27.94,292.14,0.7,4,100784.0,9999999
58321,0,5719,25.3,18.49,159.0,67.0,27.94,291.43,0.3,4,100811.0,9999999
58321,0,5720,25.9,18.72,338.0,113.0,27.94,291.96,0.0,5,100839.0,9999999
58321,0,5721,27.4,19.07,515.0,143.0,27.94,293.37,0.7,5,100847.0,9999999
58321,0,5722,29.0,19.54,670.0,161.0,27.94,294.59,1.3,5,100855.0,9999999
58321,0,5723,30.5,19.91,767.0,173.0,27.94,295.44,2.0,9,100863.0,9999999
58321,0,5724,31.2,19.78,792.0,202.0,27.94,296.3,2.3,4,100804.0,9999999
58321,0,5725,31.9,19.66,733.0,195.0,27.94,297.47,2.7,3,100745.0,9999999
58321,0,5726,32.6,19.54,574.0,164.0,27.94,298.31,3.0,4,100686.0,9999999
58321,0,5727,32.3,19.42,480.0,166.0,27.94,298.31,3.0,3,100659.0,9999999
58321,0,5728,32.0,19.3,370.0,144.0,27.94,297.64,3.0,4,100632.0,9999999
58321,0,5729,31.7,19.19,151.0,82.0,27.94,297.47,3.0,11,100605.0,9999999
58321,0,5730,29.8,18.95,26.0,25.0,27.94,298.31,3.0,16,100646.0,9999999
58321,0,5731,28.0,18.84,3.0,2.0,27.94,296.97,3.0,16,100688.0,9999999
58321,0,5732,26.1,18.61,0.0,0.0,27.94,296.46,3.0,15,100729.0,9999999
58321,0,5733,26.0,18.84,0.0,0.0,27.94,295.96,3.2,2,100729.0,9999999
58321,0,5734,25.8,18.95,0.0,0.0,27.94,296.3,3.3,2,100729.0,9999999
58321,0,5735,25.6,19.19,0.0,0.0,27.94,295.96,3.5,9,100729.0,9999999
58321,0,5736,25.5,19.42,0.0,0.0,27.94,294.41,3.7,11,100728.0,9999999
58321,0,5737,25.4,19.54,0.0,0.0,27.94,294.41,3.8,12,100728.0,9999999
58321,0,5738,25.2,19.78,0.0,0.0,27.94,293.37,4.0,13,100728.0,9999999
58321,0,5739,24.7,19.19,0.0,0.0,27.94,292.49,4.7,13,100721.0,9999999
58321,0,5740,24.1,18.61,0.0,0.0,27.94,292.49,5.3,14,100714.0,9999999
58321,0,5741,23.6,18.04,0.0,0.0,27.94,293.37,6.0,14,100707.0,9999999
58321,0,5742,23.1,17.38,0.0,0.0,27.94,295.96,5.3,14,100746.0,9999999
58321,0,5743,22.7,16.85,76.0,58.0,27.94,294.93,4.7,14,100785.0,9999999
58321,0,5744,22.2,16.24,129.0,100.0,27.94,295.79,4.0,14,100825.0,9999999
58321,0,5745,22.0,15.94,142.0,116.0,27.94,295.79,4.0,15,100858.0,9999999
58321,0,5746,21.9,15.74,224.0,162.0,27.94,295.96,4.0,15,100891.0,9999999
58321,0,5747,21.7,15.45,329.0,243.0,27.94,295.96,4.0,14,100924.0,9999999
58321,0,5748,22.1,15.45,405.0,294.0,27.94,296.13,4.7,15,100878.0,9999999
58321,0,5749,22.4,15.45,425.0,310.0,27.94,296.46,5.3,14,100832.0,9999999
58321,0,5750,22.8,15.45,355.0,277.0,27.94,297.14,6.0,14,100785.0,9999999
58321,0,5751,22.9,15.45,334.0,211.0,27.94,296.3,5.0,15,100752.0,9999999
58321,0,5752,22.9,15.54,298.0,168.0,27.94,294.07,4.0,15,100719.0,9999999
58321,0,5753,23.0,15.54,160.0,109.0,27.94,294.24,3.0,15,100686.0,9999999
58321,0,5754,23.0,15.64,44.0,37.0,27.94,294.24,3.0,15,100709.0,9999999
58321,0,5755,23.0,15.84,5.0,5.0,27.94,294.59,3.0,15,100732.0,9999999
58321,0,5756,23.0,15.94,0.0,0.0,27.94,294.07,3.0,15,100756.0,9999999
58321,0,5757,22.8,15.94,0.0,0.0,27.94,293.02,2.8,15,100746.0,9999999
58321,0,5758,22.6,15.84,0.0,0.0,27.94,291.96,2.7,15,100735.0,9999999
58321,0,5759,22.4,15.84,0.0,0.0,27.94,292.14,2.5,15,100725.0,9999999
58321,0,5760,22.1,15.84,0.0,0.0,27.94,292.49,2.3,15,100715.0,9999999
58321,0,5761,21.9,15.74,0.0,0.0,27.94,294.24,2.2,15,100705.0,9999999
58321,0,5762,21.7,15.74,0.0,0.0,27.94,294.24,2.0,15,100695.0,9999999
58321,0,5763,21.6,15.64,0.0,0.0,27.94,292.14,2.3,16,100688.0,9999999
58321,0,5764,21.5,15.54,0.0,0.0,27.94,291.96,2.7,16,100681.0,9999999
58321,0,5765,21.4,15.45,0.0,0.0,27.94,291.61,3.0,15,100674.0,9999999
58321,0,5766,21.5,15.54,0.0,0.0,27.94,291.43,3.3,16,100694.0,9999999
58321,0,5767,21.7,15.54,52.0,44.0,27.94,290.36,3.7,16,100714.0,9999999
58321,0,5768,21.8,15.64,101.0,90.0,27.94,291.07,4.0,1,100735.0,9999999
58321,0,5769,22.3,15.35,145.0,135.0,27.94,291.61,3.3,1,100755.0,9999999
58321,0,5770,22.8,15.16,184.0,161.0,27.94,291.61,2.7,2,100775.0,9999999
58321,0,5771,23.3,14.88,181.0,158.0,27.94,291.96,2.0,16,100796.0,9999999
58321,0,5772,23.6,15.16,169.0,159.0,27.94,292.32,2.3,2,100727.0,9999999
58321,0,5773,24.0,15.35,188.0,176.0,27.94,292.67,2.7,2,100657.0,9999999
58321,0,5774,24.3,15.64,223.0,189.0,27.94,292.14,3.0,15,100588.0,9999999
58321,0,5775,24.9,15.54,256.0,199.0,27.94,293.37,2.7,2,100548.0,9999999
58321,0,5776,25.4,15.45,250.0,186.0,27.94,293.2,2.3,2,100509.0,9999999
58321,0,5777,26.0,15.35,169.0,125.0,27.94,291.61,2.0,16,100470.0,9999999
58321,0,5778,25.2,15.54,55.0,44.0,27.94,291.07,1.7,3,100492.0,9999999
58321,0,5779,24.4,15.64,7.0,6.0,27.94,289.27,1.3,4,100515.0,9999999
58321,0,5780,23.6,15.84,0.0,0.0,27.94,286.68,1.0,15,100537.0,9999999
58321,0,5781,23.1,15.64,0.0,0.0,27.94,288.17,1.2,4,100520.0,9999999
58321,0,5782,22.7,15.54,0.0,0.0,27.94,289.09,1.3,4,100503.0,9999999
58321,0,5783,22.2,15.45,0.0,0.0,27.94,288.9,1.5,3,100486.0,9999999
58321,0,5784,21.8,15.25,0.0,0.0,27.94,288.35,1.7,3,100469.0,9999999
58321,0,5785,21.4,15.16,0.0,0.0,27.94,287.43,1.8,3,100452.0,9999999
58321,0,5786,20.9,14.97,0.0,0.0,27.94,286.31,2.0,15,100435.0,9999999
58321,0,5787,21.0,15.06,0.0,0.0,27.94,285.55,2.0,3,100418.0,9999999
58321,0,5788,21.0,15.06,0.0,0.0,27.94,285.55,2.0,3,100401.0,9999999
58321,0,5789,21.1,15.16,0.0,0.0,27.94,284.99,2.0,2,100385.0,9999999
58321,0,5790,21.6,15.35,0.0,0.0,27.94,287.99,2.0,3,100395.0,9999999
58321,0,5791,22.2,15.64,53.0,49.0,27.94,289.27,2.0,3,100406.0,9999999
58321,0,5792,22.7,15.84,70.0,68.0,27.94,290.18,2.0,3,100417.0,9999999
58321,0,5793,23.2,16.14,136.0,125.0,27.94,290.54,2.0,3,100457.0,9999999
58321,0,5794,23.6,16.34,166.0,149.0,27.94,289.27,2.0,4,100497.0,9999999
58321,0,5795,24.1,16.65,117.0,111.0,27.94,290.72,2.0,1,100538.0,9999999
58321,0,5796,23.9,16.85,110.0,109.0,27.94,291.25,2.7,4,100494.0,9999999
58321,0,5797,23.7,16.96,93.0,92.0,27.94,291.25,3.3,4,100451.0,9999999
58321,0,5798,23.5,17.17,85.0,84.0,27.94,290.72,4.0,3,100407.0,9999999
58321,0,5799,23.6,17.06,92.0,92.0,27.94,290.72,3.7,15,100421.0,9999999
58321,0,5800,23.6,16.96,65.0,65.0,27.94,290.18,3.3,14,100434.0,9999999
58321,0,5801,23.7,16.85,34.0,34.0,27.94,290.18,3.0,2,100447.0,9999999
58321,0,5802,23.4,16.44,13.0,13.0,27.94,289.81,3.0,14,100460.0,9999999
58321,0,5803,23.1,16.14,2.0,2.0,27.94,289.63,3.0,14,100473.0,9999999
58321,0,5804,22.8,15.74,0.0,0.0,27.94,288.72,3.0,5,100486.0,9999999
58321,0,5805,22.6,15.64,0.0,0.0,27.94,288.35,2.8,2,100496.0,9999999
58321,0,5806,22.3,15.54,0.0,0.0,27.94,287.99,2.7,1,100506.0,9999999
58321,0,5807,22.1,15.54,0.0,0.0,27.94,287.8,2.5,1,100516.0,9999999
58321,0,5808,21.9,15.45,0.0,0.0,27.94,286.5,2.3,1,100525.0,9999999
58321,0,5809,21.6,15.35,0.0,0.0,27.94,286.5,2.2,1,100535.0,9999999
58321,0,5810,21.4,15.25,0.0,0.0,27.94,285.74,2.0,2,100545.0,9999999
58321,0,5811,21.1,13.53,0.0,0.0,27.94,289.09,2.0,2,100551.0,9999999
58321,0,5812,20.9,12.07,0.0,0.0,27.94,288.17,2.0,2,100557.0,9999999
58321,0,5813,20.6,14.33,0.0,0.0,27.94,287.43,2.0,3,100564.0,9999999
58321,0,5814,20.9,11.99,0.0,0.0,27.94,286.31,2.3,2,100604.0,9999999
58321,0,5815,21.2,13.36,144.0,70.0,27.94,286.5,2.7,2,100644.0,9999999
58321,0,5816,21.5,14.97,311.0,126.0,27.94,283.84,3.0,3,100684.0,9999999
58321,0,5817,22.6,14.88,510.0,157.0,27.94,284.41,3.3,3,100702.0,9999999
58321,0,5818,23.8,14.78,705.0,162.0,27.94,283.25,3.7,3,100720.0,9999999
58321,0,5819,24.9,14.69,821.0,161.0,27.94,283.64,4.0,5,100738.0,9999999
58321,0,5820,25.9,14.24,861.0,176.0,27.94,284.41,3.7,3,100702.0,9999999
58321,0,5821,26.9,13.88,733.0,232.0,27.94,285.37,3.3,4,100667.0,9999999
58321,0,5822,27.9,13.45,515.0,265.0,27.94,289.99,3.0,5,100631.0,9999999
58321,0,5823,27.5,13.97,418.0,228.0,27.94,293.02,3.3,4,100601.0,9999999
58321,0,5824,27.2,14.42,336.0,165.0,27.94,289.81,3.7,5,100571.0,9999999
58321,0,5825,26.8,14.97,188.0,96.0,27.94,289.63,4.0,7,100540.0,9999999
58321,0,5826,24.6,14.69,63.0,37.0,27.94,289.09,3.2,5,100625.0,9999999
58321,0,5827,23.8,14.51,5.0,4.0,27.94,290.18,3.0,5,100652.0,9999999
58321,0,5828,23.1,14.42,0.0,0.0,27.94,286.31,2.8,5,100674.0,9999999
58321,0,5829,23.6,15.84,0.0,0.0,27.94,286.12,2.5,5,100765.0,9999999
58321,0,5830,24.3,17.49,0.0,0.0,27.94,283.45,2.3,4,100852.0,9999999
58321,0,5831,25.1,18.95,0.0,0.0,27.94,282.67,1.9,3,100817.0,9999999
58321,0,5832,26.0,21.03,0.0,0.0,25.91,293.89,2.0,3,100895.0,9999999
58321,0,5833,26.0,20.65,0.0,0.0,25.91,293.89,2.0,2,100895.0,9999999
58321,0,5834,26.1,20.27,0.0,0.0,25.91,293.72,2.0,3,100777.0,9999999
58321,0,5835,26.1,20.27,0.0,0.0,25.91,293.72,2.8,3,100895.0,9999999
58321,0,5836,26.1,20.03,0.0,0.0,25.91,293.37,2.8,3,100895.0,9999999
58321,0,5837,26.3,20.03,0.0,0.0,25.91,294.93,2.8,3,100799.0,9999999
58321,0,5838,26.0,20.03,0.0,0.0,25.91,296.46,4.0,2,101013.0,9999999
58321,0,5839,26.0,20.03,36.0,32.0,25.91,296.46,3.0,3,101013.0,9999999
58321,0,5840,27.0,20.03,91.0,79.0,25.91,296.46,2.0,3,100630.0,9999999
58321,0,5841,27.0,21.29,247.0,149.0,25.91,295.96,3.0,3,101014.0,9999999
58321,0,5842,28.0,21.29,394.0,206.0,25.91,294.93,4.0,2,101015.0,9999999
58321,0,5843,30.9,20.65,425.0,231.0,25.91,295.96,2.0,5,100614.0,9999999
58321,0,5844,30.0,21.29,493.0,252.0,25.91,297.64,4.0,2,101017.0,9999999
58321,0,5845,31.0,21.29,431.0,246.0,25.91,297.81,5.0,2,101018.0,9999999
58321,0,5846,27.0,20.52,305.0,216.0,25.91,299.79,5.0,7,100471.0,9999999
58321,0,5847,29.0,21.29,317.0,182.0,25.91,299.63,6.0,3,101016.0,9999999
58321,0,5848,26.0,21.29,273.0,130.0,25.91,297.14,4.0,7,101013.0,9999999
58321,0,5849,28.3,20.65,150.0,80.0,25.91,295.61,2.0,6,100382.0,9999999
58321,0,5850,27.0,21.29,42.0,30.0,25.91,295.79,2.0,5,101014.0,9999999
58321,0,5851,27.0,21.29,4.0,4.0,25.91,294.24,2.0,3,101014.0,9999999
58321,0,5852,26.7,19.91,0.0,0.0,25.91,294.76,2.0,4,100471.0,9999999
58321,0,5853,26.0,21.29,0.0,0.0,25.91,294.24,3.0,3,101013.0,9999999
58321,0,5854,26.0,20.03,0.0,0.0,25.91,295.61,4.0,4,101013.0,9999999
58321,0,5855,26.0,20.03,0.0,0.0,25.91,295.96,2.0,3,101013.0,9999999
58321,0,5856,25.0,20.03,0.0,0.0,25.91,294.59,2.0,3,101012.0,9999999
58321,0,5857,25.0,20.03,0.0,0.0,25.91,295.44,2.0,4,101012.0,9999999
58321,0,5858,25.8,18.84,0.0,0.0,25.91,296.3,1.0,4,100400.0,9999999
58321,0,5859,25.0,20.03,0.0,0.0,25.91,296.13,2.0,3,101012.0,9999999
58321,0,5860,25.0,20.03,0.0,0.0,25.91,296.63,2.0,4,101012.0,9999999
58321,0,5861,25.4,18.61,0.0,0.0,25.91,296.3,1.0,4,100369.0,9999999
58321,0,5862,25.0,20.03,0.0,0.0,25.91,294.93,3.0,5,101012.0,9999999
58321,0,5863,25.0,20.03,95.0,64.0,25.91,293.89,2.0,4,101012.0,9999999
58321,0,5864,26.5,19.07,214.0,136.0,25.91,293.89,1.0,6,100401.0,9999999
58321,0,5865,27.0,20.03,353.0,189.0,25.91,296.3,2.0,6,101014.0,9999999
58321,0,5866,28.0,21.29,510.0,222.0,25.91,296.13,3.0,6,101015.0,9999999
58321,0,5867,30.3,21.03,595.0,232.0,25.91,296.13,3.0,8,100355.0,9999999
58321,0,5868,31.0,21.29,615.0,228.0,25.91,298.14,2.0,8,101018.0,9999999
58321,0,5869,32.0,22.62,639.0,210.0,25.91,297.98,2.0,9,101019.0,9999999
58321,0,5870,32.6,22.76,516.0,205.0,25.91,298.47,3.0,8,100138.0,9999999
58321,0,5871,33.0,21.29,379.0,208.0,25.91,300.61,2.0,6,101020.0,9999999
58321,0,5872,33.0,21.29,309.0,164.0,25.91,298.81,2.0,16,101020.0,9999999
58321,0,5873,31.0,21.03,165.0,102.0,25.91,297.81,1.0,5,100056.0,9999999
58321,0,5874,30.0,22.62,46.0,38.0,25.91,297.31,3.0,16,101017.0,9999999
58321,0,5875,29.0,22.62,4.0,4.0,25.91,296.97,1.0,10,101016.0,9999999
58321,0,5876,27.1,21.55,0.0,0.0,25.91,296.8,2.0,12,100172.0,9999999
58321,0,5877,27.0,21.29,0.0,0.0,25.91,296.97,3.0,8,101014.0,9999999
58321,0,5878,27.0,21.29,0.0,0.0,25.91,295.44,1.0,14,101014.0,9999999
58321,0,5879,27.0,21.29,0.0,0.0,25.91,295.27,2.0,8,101014.0,9999999
58321,0,5880,27.0,21.29,0.0,0.0,25.91,295.79,3.0,8,101014.0,9999999
58321,0,5881,27.0,21.29,0.0,0.0,25.91,294.59,2.0,10,101014.0,9999999
58321,0,5882,26.8,21.16,0.0,0.0,25.91,294.93,1.0,12,100072.0,9999999
58321,0,5883,26.0,21.29,0.0,0.0,25.91,295.61,1.0,10,101013.0,9999999
58321,0,5884,26.0,21.29,0.0,0.0,25.91,296.97,2.0,8,101013.0,9999999
58321,0,5885,26.5,21.03,0.0,0.0,25.91,296.63,1.0,15,100032.0,9999999
58321,0,5886,26.0,21.29,0.0,0.0,25.91,296.13,1.0,11,101013.0,9999999
58321,0,5887,27.0,22.62,76.0,50.0,25.91,295.79,3.0,11,101014.0,9999999
58321,0,5888,27.7,21.42,165.0,108.0,25.91,296.8,2.0,11,100123.0,9999999
58321,0,5889,30.0,22.62,306.0,149.0,25.91,296.97,6.0,12,101017.0,9999999
58321,0,5890,32.0,20.03,522.0,175.0,25.91,295.79,6.0,12,101019.0,9999999
58321,0,5891,32.0,19.19,688.0,193.0,25.91,295.96,3.0,13,100087.0,9999999
58321,0,5892,34.0,24.33,745.0,194.0,25.91,297.31,7.0,12,101021.0,9999999
58321,0,5893,34.0,18.84,702.0,199.0,25.91,297.81,7.0,14,101021.0,9999999
58321,0,5894,33.7,17.82,636.0,179.0,25.91,297.64,4.0,14,99909.0,9999999
58321,0,5895,34.0,17.71,543.0,139.0,25.91,297.31,6.0,13,101021.0,9999999
58321,0,5896,33.0,18.84,387.0,114.0,25.91,296.3,5.0,14,101020.0,9999999
58321,0,5897,32.8,16.96,223.0,80.0,25.91,294.93,3.0,14,99839.0,9999999
58321,0,5898,31.0,18.84,71.0,34.0,25.91,293.72,3.0,13,101018.0,9999999
58321,0,5899,30.0,17.71,6.0,4.0,25.91,291.96,3.0,12,101017.0,9999999
58321,0,5900,29.5,17.71,0.0,0.0,25.91,290.54,2.0,14,99985.0,9999999
58321,0,5901,28.0,18.84,0.0,0.0,25.91,289.81,3.0,13,101015.0,9999999
58321,0,5902,27.0,18.84,0.0,0.0,25.91,289.27,2.0,14,101014.0,9999999
58321,0,5903,27.0,17.71,0.0,0.0,25.91,288.54,3.0,13,101014.0,9999999
58321,0,5904,26.0,17.71,0.0,0.0,25.91,287.62,3.0,13,101013.0,9999999
58321,0,5905,25.0,17.71,0.0,0.0,25.91,285.93,2.0,13,101012.0,9999999
58321,0,5906,25.9,16.85,0.0,0.0,25.91,283.84,1.0,14,100041.0,9999999
58321,0,5907,24.0,16.65,0.0,0.0,25.91,281.1,2.0,13,101011.0,9999999
58321,0,5908,23.0,16.65,0.0,0.0,25.91,279.49,0.0,15,101010.0,9999999
58321,0,5909,23.4,16.34,0.0,0.0,25.91,278.89,1.0,13,100098.0,9999999
58321,0,5910,23.0,16.65,0.0,0.0,25.91,279.29,0.0,16,101010.0,9999999
58321,0,5911,24.0,14.06,170.0,63.0,25.91,280.1,2.0,14,101011.0,9999999
58321,0,5912,27.9,15.84,365.0,104.0,25.91,281.69,1.0,1,100292.0,9999999
58321,0,5913,28.0,17.71,558.0,130.0,25.91,283.45,2.0,2,101015.0,9999999
58321,0,5914,30.0,16.65,718.0,147.0,25.91,284.99,2.0,2,101017.0,9999999
58321,0,5915,31.4,15.94,827.0,156.0,25.91,286.31,2.0,2,100296.0,9999999
58321,0,5916,32.0,13.79,873.0,159.0,25.91,287.24,3.0,16,101019.0,9999999
58321,0,5917,33.0,12.94,852.0,157.0,25.91,287.62,3.0,16,101020.0,9999999
58321,0,5918,33.5,11.02,764.0,150.0,25.91,287.8,1.0,12,100158.0,9999999
58321,0,5919,33.0,12.94,618.0,140.0,25.91,288.35,3.0,16,101020.0,9999999
58321,0,5920,33.0,12.14,428.0,127.0,25.91,288.17,3.0,16,101020.0,9999999
58321,0,5921,32.4,16.85,225.0,98.0,25.91,287.8,1.0,9,100107.0,9999999
58321,0,5922,31.0,18.95,68.0,42.0,25.91,287.24,2.0,16,101018.0,9999999
58321,0,5923,27.0,15.64,5.0,4.0,25.91,285.55,2.0,2,101014.0,9999999
58321,0,5924,27.3,13.88,0.0,0.0,25.91,284.41,1.0,4,100252.0,9999999
58321,0,5925,25.0,15.64,0.0,0.0,25.91,283.84,2.0,4,101012.0,9999999
58321,0,5926,25.0,14.69,0.0,0.0,25.91,283.25,2.0,4,101012.0,9999999
58321,0,5927,24.0,14.69,0.0,0.0,25.91,283.25,2.0,5,101011.0,9999999
58321,0,5928,24.0,15.64,0.0,0.0,25.91,282.87,2.0,5,101011.0,9999999
58321,0,5929,23.0,16.65,0.0,0.0,25.91,282.67,0.0,4,101010.0,9999999
58321,0,5930,22.2,14.42,0.0,0.0,25.91,282.87,1.0,4,100237.0,9999999
58321,0,5931,23.0,16.65,0.0,0.0,25.91,283.25,2.0,3,101010.0,9999999
58321,0,5932,23.0,16.65,0.0,0.0,25.91,283.06,1.0,3,101010.0,9999999
58321,0,5933,21.3,14.6,0.0,0.0,25.91,282.67,1.5,4,100295.0,9999999
58321,0,5934,22.0,12.22,0.0,0.0,25.91,282.67,2.0,4,101009.0,9999999
58321,0,5935,24.0,15.64,163.0,62.0,25.91,282.87,1.0,4,101011.0,9999999
58321,0,5936,27.4,14.69,353.0,103.0,25.91,284.03,1.0,3,100411.0,9999999
58321,0,5937,29.0,14.69,546.0,129.0,25.91,285.55,2.0,4,101016.0,9999999
58321,0,5938,31.0,14.69,705.0,147.0,25.91,287.06,2.0,5,101018.0,9999999
58321,0,5939,32.0,15.25,807.0,158.0,25.91,288.17,2.0,10,100396.0,9999999
58321,0,5940,33.0,16.14,850.0,162.0,25.91,289.45,1.0,4,101020.0,9999999
58321,0,5941,34.0,12.94,825.0,166.0,25.91,290.36,2.0,2,101021.0,9999999
58321,0,5942,33.1,15.94,715.0,197.0,25.91,291.25,3.0,9,100228.0,9999999
58321,0,5943,33.0,13.79,563.0,201.0,25.91,291.79,5.0,16,101020.0,9999999
58321,0,5944,31.0,14.69,398.0,150.0,25.91,291.07,3.0,16,101018.0,9999999
58321,0,5945,31.2,14.24,214.0,94.0,25.91,290.36,4.0,1,100216.0,9999999
58321,0,5946,29.0,14.69,65.0,37.0,25.91,289.63,3.0,1,101016.0,9999999
58321,0,5947,27.0,14.69,5.0,4.0,25.91,288.17,3.0,2,101014.0,9999999
58321,0,5948,27.9,14.15,0.0,0.0,25.91,287.06,1.0,2,100382.0,9999999
58321,0,5949,26.0,14.69,0.0,0.0,25.91,286.5,2.0,3,101013.0,9999999
58321,0,5950,24.0,13.28,0.0,0.0,25.91,286.12,2.0,4,101011.0,9999999
58321,0,5951,24.0,15.64,0.0,0.0,25.91,286.31,1.0,4,101011.0,9999999
58321,0,5952,24.0,16.65,0.0,0.0,25.91,288.17,0.0,3,101011.0,9999999
58321,0,5953,24.0,16.65,0.0,0.0,25.91,288.54,0.0,3,101011.0,9999999
58321,0,5954,22.3,14.42,0.0,0.0,25.91,290.36,1.0,7,100306.0,9999999
58321,0,5955,23.0,16.65,0.0,0.0,25.91,292.32,2.0,14,101010.0,9999999
58321,0,5956,24.0,16.65,0.0,0.0,25.91,291.25,1.0,1,101011.0,9999999
58321,0,5957,23.0,13.62,0.0,0.0,25.91,290.54,1.0,2,100257.0,9999999
58321,0,5958,23.0,16.65,0.0,0.0,25.91,290.72,1.0,16,101010.0,9999999
58321,0,5959,25.0,14.69,75.0,66.0,25.91,292.14,0.0,2,101012.0,9999999
58321,0,5960,25.5,14.78,158.0,122.0,25.91,291.43,1.0,16,100380.0,9999999
58321,0,5961,26.0,15.64,216.0,161.0,25.91,292.49,2.0,14,101013.0,9999999
58321,0,5962,27.0,15.64,201.0,172.0,25.91,293.37,3.0,15,101014.0,9999999
58321,0,5963,28.9,14.78,194.0,163.0,25.91,293.89,2.0,12,100373.0,9999999
58321,0,5964,24.0,15.64,199.0,164.0,25.91,293.37,3.0,1,101011.0,9999999
58321,0,5965,24.0,16.65,172.0,158.0,25.91,294.07,3.0,14,101011.0,9999999
58321,0,5966,26.5,14.15,238.0,166.0,25.91,293.55,2.0,15,100351.0,9999999
58321,0,5967,25.0,14.69,283.0,177.0,25.91,292.85,4.0,11,101012.0,9999999
58321,0,5968,25.0,15.64,184.0,130.0,25.91,293.2,4.0,10,101012.0,9999999
58321,0,5969,23.1,14.6,70.0,58.0,25.91,293.02,1.0,12,100317.0,9999999
58321,0,5970,24.0,14.69,18.0,16.0,25.91,293.02,3.0,10,101011.0,9999999
58321,0,5971,23.0,15.64,1.0,1.0,25.91,292.14,3.0,10,101010.0,9999999
58321,0,5972,22.0,15.16,0.0,0.0,25.91,291.07,2.5,11,100436.0,9999999
58321,0,5973,23.0,15.64,0.0,0.0,25.91,289.99,2.0,11,101010.0,9999999
58321,0,5974,23.0,16.65,0.0,0.0,25.91,290.72,2.0,12,101010.0,9999999
58321,0,5975,23.0,16.65,0.0,0.0,25.91,288.9,2.0,12,101010.0,9999999
58321,0,5976,23.0,16.65,0.0,0.0,25.91,289.81,2.0,11,101010.0,9999999
58321,0,5977,23.0,16.65,0.0,0.0,25.91,290.36,2.0,10,101010.0,9999999
58321,0,5978,22.9,16.34,0.0,0.0,25.91,290.72,2.5,14,100467.0,9999999
58321,0,5979,23.0,16.65,0.0,0.0,25.91,290.89,3.0,13,101010.0,9999999
58321,0,5980,23.0,16.65,0.0,0.0,25.91,291.07,3.0,13,101010.0,9999999
58321,0,5981,23.8,15.94,0.0,0.0,25.91,290.89,3.0,14,100567.0,9999999
58321,0,5982,22.0,12.94,0.0,0.0,25.91,290.36,4.0,16,101009.0,9999999
58321,0,5983,21.0,9.48,32.0,30.0,25.91,289.99,4.0,14,101008.0,9999999
58321,0,5984,23.4,10.6,70.0,67.0,25.91,289.81,3.0,14,100876.0,9999999
58321,0,5985,22.0,11.39,105.0,97.0,25.91,289.09,5.0,14,101009.0,9999999
58321,0,5986,22.0,10.67,205.0,171.0,25.91,288.35,5.0,14,101009.0,9999999
58321,0,5987,22.9,10.81,346.0,278.0,25.91,287.43,3.0,14,100985.0,9999999
58321,0,5988,24.0,11.39,417.0,338.0,25.91,287.06,6.0,14,101011.0,9999999
58321,0,5989,25.0,11.39,397.0,328.0,25.91,287.43,4.0,15,101012.0,9999999
58321,0,5990,26.5,11.09,442.0,267.0,25.91,287.8,4.0,14,100879.0,9999999
58321,0,5991,26.0,11.39,397.0,217.0,25.91,284.41,5.0,16,101013.0,9999999
58321,0,5992,25.0,11.39,234.0,172.0,25.91,287.8,5.0,16,101012.0,9999999
58321,0,5993,25.9,10.06,156.0,101.0,25.91,286.31,3.0,16,100849.0,9999999
58321,0,5994,24.0,12.14,61.0,32.0,25.91,282.87,2.0,13,101011.0,9999999
58321,0,5995,22.0,12.14,4.0,3.0,25.91,279.49,1.0,15,101009.0,9999999
58321,0,5996,21.8,11.09,0.0,0.0,25.91,278.68,1.0,3,101004.0,9999999
58321,0,5997,22.0,12.14,0.0,0.0,25.91,278.48,1.0,16,101009.0,9999999
58321,0,5998,21.0,12.94,0.0,0.0,25.91,280.7,1.0,16,101008.0,9999999
58321,0,5999,21.0,11.39,0.0,0.0,25.91,279.09,2.0,11,101008.0,9999999
58321,0,6000,19.0,12.94,0.0,0.0,25.91,277.25,0.0,16,101006.0,9999999
58321,0,6001,19.0,12.14,0.0,0.0,25.91,276.21,0.0,16,101006.0,9999999
58321,0,6002,18.0,12.14,0.0,0.0,25.91,275.79,0.5,16,101139.0,9999999
58321,0,6003,18.0,12.94,0.0,0.0,25.91,275.36,1.0,2,101005.0,9999999
58321,0,6004,17.0,12.14,0.0,0.0,25.91,274.73,0.0,1,101003.0,9999999
58321,0,6005,16.8,11.39,0.0,0.0,25.91,274.52,1.0,14,101108.0,9999999
58321,0,6006,17.0,11.39,0.0,0.0,25.91,274.3,1.0,15,101003.0,9999999
58321,0,6007,19.0,12.94,165.0,63.0,25.91,274.52,0.0,1,101006.0,9999999
58321,0,6008,23.4,12.78,361.0,105.0,25.91,275.58,1.0,2,101295.0,9999999
58321,0,6009,24.0,12.14,558.0,132.0,25.91,277.25,2.0,1,101011.0,9999999
58321,0,6010,26.0,10.67,705.0,154.0,25.91,278.89,2.0,16,101013.0,9999999
58321,0,6011,26.4,10.13,786.0,187.0,25.91,280.3,2.0,1,101308.0,9999999
58321,0,6012,27.0,8.18,750.0,230.0,25.91,281.1,4.0,1,101014.0,9999999
58321,0,6013,29.0,8.75,707.0,241.0,25.91,285.55,4.0,15,101016.0,9999999
58321,0,6014,28.0,9.48,604.0,238.0,25.91,287.06,3.0,1,101180.0,9999999
58321,0,6015,28.0,8.75,417.0,218.0,25.91,288.9,4.0,16,101015.0,9999999
58321,0,6016,28.0,8.75,289.0,153.0,25.91,288.54,4.0,16,101015.0,9999999
58321,0,6017,26.8,10.13,168.0,85.0,25.91,288.35,1.0,3,101119.0,9999999
58321,0,6018,25.0,9.99,57.0,29.0,25.91,284.99,2.0,15,101012.0,9999999
58321,0,6019,22.0,11.39,3.0,2.0,25.91,283.25,0.0,2,101009.0,9999999
58321,0,6020,22.3,10.46,0.0,0.0,25.91,281.89,1.0,3,101273.0,9999999
58321,0,6021,20.0,9.93,0.0,0.0,25.91,280.3,2.0,2,101007.0,9999999
58321,0,6022,20.0,12.94,0.0,0.0,25.91,281.29,2.0,2,101007.0,9999999
58321,0,6023,20.0,12.14,0.0,0.0,25.91,280.9,1.0,2,101007.0,9999999
58321,0,6024,19.0,12.94,0.0,0.0,25.91,277.25,1.0,2,101006.0,9999999
58321,0,6025,19.0,12.94,0.0,0.0,25.91,275.79,1.0,3,101006.0,9999999
58321,0,6026,18.2,11.68,0.0,0.0,25.91,275.15,1.0,2,101349.0,9999999
58321,0,6027,18.0,12.14,0.0,0.0,25.91,274.94,2.0,4,101005.0,9999999
58321,0,6028,17.0,12.14,0.0,0.0,25.91,274.09,1.0,3,101003.0,9999999
58321,0,6029,16.3,10.81,0.0,0.0,25.91,273.87,1.0,14,101386.0,9999999
58321,0,6030,16.0,8.75,0.0,0.0,25.91,273.66,0.0,1,101002.0,9999999
58321,0,6031,19.0,12.94,165.0,61.0,25.91,273.87,0.0,2,101006.0,9999999
58321,0,6032,22.8,10.6,364.0,103.0,25.91,274.94,1.0,2,101573.0,9999999
58321,0,6033,24.0,11.39,561.0,129.0,25.91,276.41,1.0,3,101011.0,9999999
58321,0,6034,27.0,9.36,723.0,146.0,25.91,278.07,2.0,5,101014.0,9999999
58321,0,6035,27.4,8.64,831.0,156.0,25.91,279.29,3.0,3,101618.0,9999999
58321,0,6036,28.0,8.18,877.0,159.0,25.91,280.1,4.0,4,101015.0,9999999
58321,0,6037,29.0,8.18,851.0,156.0,25.91,280.5,6.0,2,101016.0,9999999
58321,0,6038,28.6,8.81,744.0,157.0,25.91,281.1,5.0,3,101449.0,9999999
58321,0,6039,29.0,8.75,594.0,144.0,25.91,282.48,5.0,2,101016.0,9999999
58321,0,6040,28.0,7.65,420.0,112.0,25.91,281.49,4.0,2,101015.0,9999999
58321,0,6041,27.4,9.11,221.0,76.0,25.91,280.7,3.0,3,101398.0,9999999
58321,0,6042,26.0,9.36,63.0,30.0,25.91,280.5,3.0,2,101013.0,9999999
58321,0,6043,23.0,9.36,3.0,3.0,25.91,280.1,2.0,3,101010.0,9999999
58321,0,6044,22.9,9.93,0.0,0.0,25.91,282.67,1.0,3,101483.0,9999999
58321,0,6045,21.0,9.99,0.0,0.0,25.91,281.1,2.0,4,101008.0,9999999
58321,0,6046,21.0,9.99,0.0,0.0,25.91,279.9,2.0,4,101008.0,9999999
58321,0,6047,21.0,10.67,0.0,0.0,25.91,280.3,2.0,3,101008.0,9999999
58321,0,6048,20.0,11.39,0.0,0.0,25.91,283.25,2.0,3,101007.0,9999999
58321,0,6049,20.0,11.39,0.0,0.0,25.91,284.03,2.0,3,101007.0,9999999
58321,0,6050,21.5,11.91,0.0,0.0,25.91,284.03,1.0,3,101621.0,9999999
58321,0,6051,20.0,12.14,0.0,0.0,25.91,285.74,3.0,4,101007.0,9999999
58321,0,6052,19.0,12.14,0.0,0.0,25.91,284.41,2.0,3,101006.0,9999999
58321,0,6053,21.3,11.91,0.0,0.0,25.91,284.99,3.0,3,101601.0,9999999
58321,0,6054,19.0,9.86,0.0,0.0,25.91,284.22,3.0,4,101006.0,9999999
58321,0,6055,20.0,12.94,118.0,79.0,25.91,283.25,3.0,4,101007.0,9999999
58321,0,6056,23.0,11.99,274.0,171.0,25.91,281.69,2.0,4,101643.0,9999999
58321,0,6057,23.0,12.14,432.0,234.0,25.91,283.84,4.0,4,101010.0,9999999
58321,0,6058,23.0,11.39,549.0,291.0,25.91,284.41,4.0,4,101010.0,9999999
58321,0,6059,24.9,11.61,586.0,335.0,25.91,286.5,3.0,4,101675.0,9999999
58321,0,6060,24.0,10.67,527.0,328.0,25.91,288.17,3.0,4,101011.0,9999999
58321,0,6061,24.0,9.36,406.0,306.0,25.91,288.54,4.0,3,101011.0,9999999
58321,0,6062,24.5,10.95,278.0,247.0,25.91,289.45,2.0,4,101495.0,9999999
58321,0,6063,24.0,10.67,175.0,165.0,25.91,289.27,3.0,4,101011.0,9999999
58321,0,6064,24.0,10.67,108.0,104.0,25.91,289.09,4.0,4,101011.0,9999999
58321,0,6065,23.9,10.74,59.0,57.0,25.91,289.09,3.0,4,101395.0,9999999
58321,0,6066,23.0,12.14,20.0,20.0,25.91,288.9,2.0,4,101010.0,9999999
58321,0,6067,22.0,12.14,1.0,1.0,25.91,288.72,1.0,2,101009.0,9999999
58321,0,6068,22.9,11.39,0.0,0.0,25.91,288.17,2.0,3,101434.0,9999999
58321,0,6069,21.0,10.26,0.0,0.0,25.91,287.43,0.0,3,101008.0,9999999
58321,0,6070,21.0,12.14,0.0,0.0,25.91,283.25,2.0,5,101008.0,9999999
58321,0,6071,20.0,12.94,0.0,0.0,25.91,282.67,2.0,1,101007.0,9999999
58321,0,6072,20.0,12.94,0.0,0.0,25.91,281.69,2.0,2,101007.0,9999999
58321,0,6073,20.0,12.94,0.0,0.0,25.91,280.5,2.0,3,101007.0,9999999
58321,0,6074,21.5,11.91,0.0,0.0,25.91,281.49,2.0,2,101322.0,9999999
58321,0,6075,20.0,12.94,0.0,0.0,25.91,282.28,2.0,2,101007.0,9999999
58321,0,6076,20.0,12.94,0.0,0.0,25.91,284.22,2.0,2,101007.0,9999999
58321,0,6077,20.4,12.14,0.0,0.0,25.91,278.89,1.0,1,101291.0,9999999
58321,0,6078,19.0,12.94,0.0,0.0,25.91,277.04,2.0,3,101006.0,9999999
58321,0,6079,19.0,12.94,154.0,63.0,25.91,276.83,2.0,3,101006.0,9999999
58321,0,6080,23.3,12.78,332.0,125.0,25.91,277.66,2.0,3,101344.0,9999999
58321,0,6081,24.0,12.94,509.0,174.0,25.91,280.3,2.0,5,101011.0,9999999
58321,0,6082,26.0,12.94,677.0,178.0,25.91,282.28,2.0,4,101013.0,9999999
58321,0,6083,26.5,13.45,771.0,178.0,25.91,283.45,2.0,6,101348.0,9999999
58321,0,6084,27.2,12.78,694.0,234.0,25.91,285.18,3.0,4,101181.0,9999999
58321,0,6085,28.0,12.14,601.0,248.0,25.91,287.24,4.0,6,101015.0,9999999
58321,0,6086,27.9,12.94,590.0,205.0,25.91,290.54,3.0,4,101140.0,9999999
58321,0,6087,28.0,12.14,488.0,168.0,25.91,288.35,4.0,3,101015.0,9999999
58321,0,6088,28.0,12.14,314.0,128.0,25.91,289.09,3.0,5,101015.0,9999999
58321,0,6089,27.0,13.19,165.0,82.0,25.91,289.99,2.0,6,101049.0,9999999
58321,0,6090,26.0,12.94,52.0,27.0,25.91,285.74,3.0,4,101013.0,9999999
58321,0,6091,24.0,12.94,2.0,2.0,25.91,284.6,2.0,4,101011.0,9999999
58321,0,6092,23.8,13.88,0.0,0.0,25.91,283.84,1.0,5,101086.0,9999999
58321,0,6093,23.0,12.94,0.0,0.0,25.91,285.74,1.0,4,101010.0,9999999
58321,0,6094,21.0,13.79,0.0,0.0,25.91,285.37,2.0,4,101008.0,9999999
58321,0,6095,21.0,13.79,0.0,0.0,25.91,283.64,1.0,3,101008.0,9999999
58321,0,6096,21.0,13.79,0.0,0.0,25.91,283.25,1.0,3,101008.0,9999999
58321,0,6097,20.0,13.79,0.0,0.0,25.91,284.99,2.0,2,101007.0,9999999
58321,0,6098,22.0,13.45,0.0,0.0,25.91,287.06,1.0,2,101124.0,9999999
58321,0,6099,20.0,13.79,0.0,0.0,25.91,286.5,2.0,3,101007.0,9999999
58321,0,6100,19.0,12.94,0.0,0.0,25.91,286.31,2.0,3,101006.0,9999999
58321,0,6101,20.6,13.71,0.0,0.0,25.91,287.43,1.0,16,101062.0,9999999
58321,0,6102,20.0,13.79,0.0,0.0,25.91,287.99,2.0,4,101007.0,9999999
58321,0,6103,20.0,13.79,108.0,74.0,25.91,287.06,2.0,3,101007.0,9999999
58321,0,6104,23.9,14.33,251.0,146.0,25.91,288.35,3.0,4,101136.0,9999999
58321,0,6105,25.0,14.69,417.0,189.0,25.91,288.35,5.0,5,101012.0,9999999
58321,0,6106,26.0,14.69,522.0,200.0,25.91,288.72,5.0,5,101013.0,9999999
58321,0,6107,27.8,14.33,561.0,220.0,25.91,290.89,3.0,4,101120.0,9999999
58321,0,6108,28.0,14.69,538.0,271.0,25.91,292.85,4.0,3,101015.0,9999999
58321,0,6109,28.0,14.69,436.0,284.0,25.91,293.2,5.0,3,101015.0,9999999
58321,0,6110,27.8,14.78,309.0,219.0,25.91,294.07,2.0,4,100990.0,9999999
58321,0,6111,27.0,14.69,208.0,149.0,25.91,294.07,3.0,4,101014.0,9999999
58321,0,6112,26.0,15.64,167.0,121.0,25.91,293.02,2.0,5,101013.0,9999999
58321,0,6113,24.3,16.04,90.0,68.0,25.91,291.43,2.0,1,100996.0,9999999
58321,0,6114,22.0,16.65,12.0,11.0,25.91,292.14,3.0,2,101009.0,9999999
58321,0,6115,22.0,15.64,0.0,0.0,25.91,292.32,3.0,16,101009.0,9999999
58321,0,6116,22.6,15.74,0.0,0.0,25.91,292.49,3.0,2,101034.0,9999999
58321,0,6117,22.0,16.65,0.0,0.0,25.91,292.14,3.0,1,101009.0,9999999
58321,0,6118,22.0,16.65,0.0,0.0,25.91,291.96,3.0,1,101009.0,9999999
58321,0,6119,22.0,16.65,0.0,0.0,25.91,291.79,3.0,1,101009.0,9999999
58321,0,6120,22.0,15.64,0.0,0.0,25.91,291.79,3.0,1,101009.0,9999999
58321,0,6121,21.0,15.64,0.0,0.0,25.91,291.79,2.0,16,101008.0,9999999
58321,0,6122,22.0,15.16,0.0,0.0,25.91,291.79,1.0,1,100984.0,9999999
58321,0,6123,21.0,15.64,0.0,0.0,25.91,291.25,2.0,1,101008.0,9999999
58321,0,6124,21.0,15.64,0.0,0.0,25.91,291.61,3.0,2,101008.0,9999999
58321,0,6125,21.6,14.88,0.0,0.0,25.91,291.79,2.0,3,101023.0,9999999
58321,0,6126,20.0,14.69,0.0,0.0,25.91,291.61,5.0,4,101007.0,9999999
58321,0,6127,20.0,14.69,16.0,15.0,25.91,291.79,5.0,3,101007.0,9999999
58321,0,6128,21.5,13.53,52.0,50.0,25.91,291.61,3.0,2,101143.0,9999999
58321,0,6129,20.0,13.79,97.0,93.0,25.91,291.79,4.0,4,101007.0,9999999
58321,0,6130,20.0,14.69,187.0,165.0,25.91,291.96,4.0,3,101007.0,9999999
58321,0,6131,21.7,13.71,273.0,205.0,25.91,292.32,3.0,4,101213.0,9999999
58321,0,6132,21.0,15.64,293.0,190.0,25.91,293.37,2.0,4,101008.0,9999999
58321,0,6133,21.0,11.99,240.0,169.0,25.91,293.37,3.0,2,101008.0,9999999
58321,0,6134,23.0,14.69,195.0,142.0,25.91,293.89,2.0,2,101115.0,9999999
58321,0,6135,22.0,16.65,225.0,148.0,25.91,292.67,2.0,4,101009.0,9999999
58321,0,6136,23.0,16.65,193.0,132.0,25.91,291.25,2.0,3,101010.0,9999999
58321,0,6137,23.8,14.97,87.0,66.0,25.91,291.61,2.0,3,101046.0,9999999
58321,0,6138,23.0,16.65,18.0,16.0,25.91,291.61,2.0,2,101010.0,9999999
58321,0,6139,23.0,16.04,1.0,1.0,25.91,289.45,2.0,2,101077.0,9999999
58321,0,6140,23.0,15.35,0.0,0.0,25.91,289.63,2.0,2,101145.0,9999999
58321,0,6141,22.0,16.65,0.0,0.0,25.91,289.81,1.0,2,101009.0,9999999
58321,0,6142,22.0,16.65,0.0,0.0,25.91,289.81,1.0,16,101009.0,9999999
58321,0,6143,22.0,16.65,0.0,0.0,25.91,288.17,1.0,1,101009.0,9999999
58321,0,6144,22.0,16.65,0.0,0.0,25.91,287.8,1.0,16,101009.0,9999999
58321,0,6145,22.0,16.65,0.0,0.0,25.91,287.8,1.0,2,101009.0,9999999
58321,0,6146,22.1,15.54,0.0,0.0,25.91,286.87,1.0,2,101114.0,9999999
58321,0,6147,22.0,15.64,0.0,0.0,25.91,287.24,1.0,16,101009.0,9999999
58321,0,6148,22.0,16.65,0.0,0.0,25.91,287.06,1.0,15,101009.0,9999999
58321,0,6149,21.3,15.16,0.0,0.0,25.91,287.06,1.0,3,101113.0,9999999
58321,0,6150,22.0,16.65,0.0,0.0,25.91,287.24,1.0,14,101009.0,9999999
58321,0,6151,22.0,16.65,119.0,59.0,25.91,287.43,0.0,2,101009.0,9999999
58321,0,6152,23.4,16.14,281.0,112.0,25.91,288.35,1.0,15,101195.0,9999999
58321,0,6153,24.0,16.65,462.0,151.0,25.91,289.27,2.0,12,101011.0,9999999
58321,0,6154,25.0,13.71,566.0,190.0,25.91,291.07,2.0,13,101012.0,9999999
58321,0,6155,27.0,16.34,546.0,252.0,25.91,293.2,1.0,12,101189.0,9999999
58321,0,6156,26.0,16.65,458.0,305.0,25.91,295.61,3.0,12,101013.0,9999999
58321,0,6157,28.0,17.71,389.0,293.0,25.91,297.64,2.0,12,101015.0,9999999
58321,0,6158,29.9,16.44,373.0,263.0,25.91,297.31,2.0,13,101052.0,9999999
58321,0,6159,28.0,16.65,334.0,236.0,25.91,297.81,3.0,14,101015.0,9999999
58321,0,6160,28.0,16.65,226.0,170.0,25.91,296.3,3.0,16,101015.0,9999999
58321,0,6161,29.7,15.45,109.0,85.0,25.91,296.63,2.0,15,101002.0,9999999
58321,0,6162,26.0,16.65,33.0,24.0,25.91,295.27,3.0,16,101013.0,9999999
58321,0,6163,24.0,16.65,1.0,1.0,25.91,293.55,2.0,16,101011.0,9999999
58321,0,6164,26.4,16.24,0.0,0.0,25.91,290.72,1.0,15,101128.0,9999999
58321,0,6165,23.0,16.65,0.0,0.0,25.91,289.63,1.0,16,101010.0,9999999
58321,0,6166,23.0,16.65,0.0,0.0,25.91,288.9,1.0,14,101010.0,9999999
58321,0,6167,23.0,16.65,0.0,0.0,25.91,288.54,1.0,14,101010.0,9999999
58321,0,6168,22.0,16.65,0.0,0.0,25.91,288.17,0.0,1,101009.0,9999999
58321,0,6169,22.0,16.65,0.0,0.0,25.91,288.17,0.0,1,101009.0,9999999
58321,0,6170,23.2,16.44,0.0,0.0,25.91,288.54,1.0,1,101125.0,9999999
58321,0,6171,22.0,16.65,0.0,0.0,25.91,289.09,1.0,4,101009.0,9999999
58321,0,6172,21.0,15.64,0.0,0.0,25.91,287.43,1.0,2,101008.0,9999999
58321,0,6173,22.3,16.24,0.0,0.0,25.91,287.43,1.0,2,101114.0,9999999
58321,0,6174,21.0,15.64,0.0,0.0,25.91,287.43,2.0,13,101008.0,9999999
58321,0,6175,22.0,16.65,124.0,60.0,25.91,287.8,1.0,15,101009.0,9999999
58321,0,6176,25.1,16.85,293.0,110.0,25.91,288.72,2.0,3,101246.0,9999999
58321,0,6177,25.0,17.71,467.0,143.0,25.91,289.45,3.0,3,101012.0,9999999
58321,0,6178,27.0,16.65,597.0,169.0,25.91,291.25,3.0,1,101014.0,9999999
58321,0,6179,29.2,16.34,629.0,221.0,25.91,292.67,2.0,4,101221.0,9999999
58321,0,6180,28.0,15.64,586.0,276.0,25.91,294.93,2.0,16,101015.0,9999999
58321,0,6181,28.0,16.65,472.0,278.0,25.91,295.96,3.0,16,101015.0,9999999
58321,0,6182,29.5,16.14,406.0,238.0,25.91,298.31,2.0,14,101052.0,9999999
58321,0,6183,29.0,16.65,364.0,209.0,25.91,295.79,4.0,16,101016.0,9999999
58321,0,6184,29.0,16.65,227.0,164.0,25.91,297.47,3.0,16,101016.0,9999999
58321,0,6185,28.5,15.64,111.0,82.0,25.91,296.46,4.0,16,101011.0,9999999
58321,0,6186,27.0,16.65,35.0,22.0,25.91,294.24,3.0,16,101014.0,9999999
58321,0,6187,25.0,16.65,1.0,1.0,25.91,294.24,2.0,16,101012.0,9999999
58321,0,6188,26.3,15.94,0.0,0.0,25.91,293.55,2.0,2,101118.0,9999999
58321,0,6189,23.0,13.19,0.0,0.0,25.91,292.67,1.0,1,101010.0,9999999
58321,0,6190,23.0,16.65,0.0,0.0,25.91,291.79,1.0,2,101010.0,9999999
58321,0,6191,24.0,16.65,0.0,0.0,25.91,291.43,2.0,3,101011.0,9999999
58321,0,6192,23.0,16.65,0.0,0.0,25.91,291.25,2.0,1,101010.0,9999999
58321,0,6193,23.0,16.75,0.0,0.0,25.91,291.61,1.9,2,101010.0,9999999
58321,0,6194,23.7,16.24,0.0,0.0,25.91,290.54,2.8,1,101083.0,9999999
58321,0,6195,22.9,16.85,0.0,0.0,25.91,290.89,2.7,1,101010.0,9999999
58321,0,6196,22.2,16.14,0.0,0.0,25.91,290.18,2.6,1,101009.0,9999999
58321,0,6197,22.9,16.24,0.0,0.0,25.91,289.09,2.5,1,101060.0,9999999
58321,0,6198,21.9,16.04,0.0,0.0,25.91,290.72,3.5,16,101009.0,9999999
58321,0,6199,22.6,16.85,60.0,52.0,25.91,293.37,2.4,1,101010.0,9999999
58321,0,6200,23.2,17.06,152.0,115.0,25.91,293.72,2.5,1,101066.0,9999999
58321,0,6201,23.9,17.17,235.0,183.0,25.91,294.24,2.7,1,101123.0,9999999
58321,0,6202,24.5,17.38,313.0,251.0,25.91,295.61,2.8,1,101180.0,9999999
58321,0,6203,25.1,17.49,344.0,278.0,25.91,296.3,3.0,2,101237.0,9999999
58321,0,6204,25.0,17.71,322.0,256.0,25.91,297.14,5.0,16,101012.0,9999999
58321,0,6205,25.0,17.71,285.0,235.0,25.91,297.98,5.0,2,101012.0,9999999
58321,0,6206,25.0,17.38,238.0,215.0,25.91,298.31,3.0,16,101097.0,9999999
58321,0,6207,25.0,16.65,184.0,160.0,25.91,297.31,4.0,1,101012.0,9999999
58321,0,6208,24.0,17.71,114.0,99.0,25.91,297.14,5.0,16,101011.0,9999999
58321,0,6209,25.4,16.75,64.0,56.0,25.91,296.46,3.0,16,101097.0,9999999
58321,0,6210,23.0,16.65,21.0,18.0,25.91,295.96,6.0,1,101010.0,9999999
58321,0,6211,23.0,16.65,0.0,0.0,25.91,295.96,5.0,1,101010.0,9999999
58321,0,6212,23.4,16.14,0.0,0.0,25.91,295.79,4.0,1,101215.0,9999999
58321,0,6213,23.0,16.65,0.0,0.0,25.91,294.93,4.0,2,101010.0,9999999
58321,0,6214,23.0,16.65,0.0,0.0,25.91,294.59,4.0,1,101010.0,9999999
58321,0,6215,23.0,16.65,0.0,0.0,25.91,294.07,4.0,1,101010.0,9999999
58321,0,6216,22.0,16.65,0.0,0.0,25.91,294.24,2.0,16,101009.0,9999999
58321,0,6217,22.0,16.65,0.0,0.0,25.91,293.72,2.0,15,101009.0,9999999
58321,0,6218,22.2,16.34,0.0,0.0,25.91,294.07,2.0,16,101174.0,9999999
58321,0,6219,22.3,16.34,0.0,0.0,25.91,294.24,2.0,2,101174.0,9999999
58321,0,6220,22.3,16.34,0.0,0.0,25.91,293.02,2.0,1,101174.0,9999999
58321,0,6221,22.4,16.34,0.0,0.0,25.91,293.89,2.0,3,101174.0,9999999
58321,0,6222,22.0,16.65,0.0,0.0,25.91,294.07,2.0,2,101009.0,9999999
58321,0,6223,22.0,16.65,21.0,20.0,25.91,294.24,3.0,16,101009.0,9999999
58321,0,6224,23.0,16.85,48.0,43.0,25.91,294.24,3.0,1,101294.0,9999999
58321,0,6225,22.0,16.65,62.0,58.0,25.91,294.41,4.0,2,101009.0,9999999
58321,0,6226,23.0,17.71,71.0,71.0,25.91,294.59,4.0,2,101010.0,9999999
58321,0,6227,24.5,17.6,93.0,92.0,25.91,294.76,3.9,2,101042.0,9999999
58321,0,6228,24.6,17.71,138.0,132.0,25.91,294.93,5.7,2,100922.0,9999999
58321,0,6229,25.2,18.26,156.0,148.0,25.91,295.1,5.5,2,100934.0,9999999
58321,0,6230,25.9,18.15,114.0,111.0,25.91,295.61,3.3,2,100881.0,9999999
58321,0,6231,26.2,17.71,81.0,79.0,25.91,296.46,4.1,2,100957.0,9999999
58321,0,6232,25.8,18.15,64.0,61.0,25.91,296.3,4.9,3,100968.0,9999999
58321,0,6233,25.4,17.93,33.0,32.0,25.91,296.3,2.7,2,100904.0,9999999
58321,0,6234,23.1,17.17,8.0,8.0,25.91,295.79,5.4,3,100988.0,9999999
58321,0,6235,23.4,17.6,0.0,0.0,25.91,295.1,4.2,3,100999.0,9999999
58321,0,6236,24.5,17.38,0.0,0.0,25.91,294.41,3.0,3,101030.0,9999999
58321,0,6237,23.2,17.82,0.0,0.0,25.91,294.76,2.9,3,100953.0,9999999
58321,0,6238,23.3,17.93,0.0,0.0,25.91,294.76,2.8,3,100956.0,9999999
58321,0,6239,23.7,17.93,0.0,0.0,25.91,294.93,2.6,3,100959.0,9999999
58321,0,6240,22.8,17.49,0.0,0.0,25.91,295.1,2.7,3,100960.0,9999999
58321,0,6241,22.9,17.6,0.0,0.0,25.91,295.27,2.7,3,100963.0,9999999
58321,0,6242,22.9,16.85,0.0,0.0,25.91,295.44,2.6,3,100953.0,9999999
58321,0,6243,23.0,17.71,0.0,0.0,25.91,295.1,2.7,4,100968.0,9999999
58321,0,6244,22.9,17.6,0.0,0.0,25.91,294.93,2.8,4,100971.0,9999999
58321,0,6245,22.5,16.85,0.0,0.0,25.91,294.93,2.8,3,100913.0,9999999
58321,0,6246,22.2,16.85,0.0,0.0,25.91,295.1,2.4,4,100975.0,9999999
58321,0,6247,22.6,17.28,39.0,38.0,25.91,294.93,3.4,4,100978.0,9999999
58321,0,6248,24.6,18.04,103.0,95.0,25.91,295.27,3.4,4,101113.0,9999999
58321,0,6249,23.6,18.38,169.0,157.0,25.91,295.79,3.2,5,100985.0,9999999
58321,0,6250,25.7,19.07,185.0,177.0,25.91,296.8,2.8,5,100989.0,9999999
58321,0,6251,27.6,18.61,200.0,191.0,25.91,297.31,2.3,5,100982.0,9999999
58321,0,6252,27.6,18.61,231.0,214.0,25.91,297.47,1.8,6,100952.0,9999999
58321,0,6253,28.4,19.42,212.0,197.0,25.91,298.14,1.7,6,100961.0,9999999
58321,0,6254,29.3,19.54,266.0,186.0,25.91,297.98,2.0,5,100755.0,9999999
58321,0,6255,29.5,19.19,311.0,177.0,25.91,297.47,2.3,5,100978.0,9999999
58321,0,6256,29.3,18.95,200.0,124.0,25.91,296.97,2.4,6,100986.0,9999999
58321,0,6257,26.7,19.54,83.0,60.0,25.91,296.46,1.0,6,100758.0,9999999
58321,0,6258,24.0,17.93,20.0,17.0,25.91,296.13,3.0,7,100997.0,9999999
58321,0,6259,24.2,18.84,0.0,0.0,25.91,295.1,2.0,3,101006.0,9999999
58321,0,6260,26.4,19.78,0.0,0.0,25.91,295.44,1.0,6,101078.0,9999999
58321,0,6261,26.0,20.03,0.0,0.0,25.91,294.41,2.0,5,101013.0,9999999
58321,0,6262,26.0,20.03,0.0,0.0,25.91,293.37,1.0,5,101013.0,9999999
58321,0,6263,26.0,20.03,0.0,0.0,25.91,293.2,0.0,4,101013.0,9999999
58321,0,6264,25.0,20.03,0.0,0.0,25.91,292.85,2.0,7,101012.0,9999999
58321,0,6265,25.0,20.03,0.0,0.0,25.91,293.2,1.0,6,101012.0,9999999
58321,0,6266,24.5,18.26,0.0,0.0,25.91,293.37,1.0,9,100957.0,9999999
58321,0,6267,25.0,20.03,0.0,0.0,25.91,293.2,1.0,10,101012.0,9999999
58321,0,6268,25.0,20.03,0.0,0.0,25.91,293.37,1.0,10,101012.0,9999999
58321,0,6269,24.0,18.04,0.0,0.0,25.91,293.72,0.5,10,100896.0,9999999
58321,0,6270,24.0,18.84,0.0,0.0,25.91,293.02,0.0,13,101011.0,9999999
58321,0,6271,24.0,18.84,82.0,67.0,25.91,294.07,1.0,14,101011.0,9999999
58321,0,6272,26.9,20.15,195.0,134.0,25.91,294.24,1.5,14,100989.0,9999999
58321,0,6273,26.0,21.29,317.0,186.0,25.91,294.93,2.0,13,101013.0,9999999
58321,0,6274,29.0,21.29,435.0,236.0,25.91,295.79,2.0,13,101016.0,9999999
58321,0,6275,31.3,20.27,538.0,257.0,25.91,296.8,1.0,5,100964.0,9999999
58321,0,6276,31.0,20.03,608.0,228.0,25.91,296.97,2.0,11,101018.0,9999999
58321,0,6277,32.0,21.29,553.0,214.0,25.91,297.47,3.0,11,101019.0,9999999
58321,0,6278,33.1,21.42,365.0,203.0,25.91,298.47,2.0,9,100656.0,9999999
58321,0,6279,33.0,21.29,252.0,161.0,25.91,298.64,2.0,11,101020.0,9999999
58321,0,6280,33.0,20.03,187.0,107.0,25.91,297.31,1.0,10,101020.0,9999999
58321,0,6281,28.1,21.42,75.0,48.0,25.91,296.13,2.0,11,100622.0,9999999
58321,0,6282,25.0,18.84,9.0,8.0,25.91,295.96,3.0,6,101012.0,9999999
58321,0,6283,25.0,20.03,0.0,0.0,25.91,295.44,1.0,4,101012.0,9999999
58321,0,6284,26.8,20.27,0.0,0.0,25.91,295.27,1.0,15,100660.0,9999999
58321,0,6285,25.0,20.03,0.0,0.0,25.91,294.59,1.0,4,101012.0,9999999
58321,0,6286,25.0,20.03,0.0,0.0,25.91,295.1,6.0,12,101012.0,9999999
58321,0,6287,25.0,20.03,0.0,0.0,25.91,293.89,1.0,6,101012.0,9999999
58321,0,6288,25.0,20.03,0.0,0.0,25.91,294.41,1.0,16,101012.0,9999999
58321,0,6289,25.0,20.03,0.0,0.0,25.91,294.24,0.0,16,101012.0,9999999
58321,0,6290,25.8,20.4,0.0,0.0,25.91,294.41,1.0,12,100539.0,9999999
58321,0,6291,24.0,18.84,0.0,0.0,25.91,293.2,3.0,14,101011.0,9999999
58321,0,6292,25.0,20.03,0.0,0.0,25.91,295.1,3.0,16,101012.0,9999999
58321,0,6293,25.2,19.07,0.0,0.0,25.91,295.44,2.0,15,100589.0,9999999
58321,0,6294,25.2,18.84,0.0,0.0,25.91,295.61,2.0,14,100642.0,9999999
58321,0,6295,25.1,18.49,34.0,34.0,25.91,295.79,2.0,15,100695.0,9999999
58321,0,6296,25.1,18.26,81.0,78.0,25.91,295.79,2.0,15,100748.0,9999999
58321,0,6297,24.7,17.82,119.0,109.0,25.91,295.79,2.0,15,100774.0,9999999
58321,0,6298,24.2,17.49,149.0,128.0,25.91,295.79,2.0,15,100800.0,9999999
58321,0,6299,23.8,17.06,221.0,191.0,25.91,295.96,2.0,15,100826.0,9999999
58321,0,6300,24.0,16.75,302.0,260.0,25.91,295.96,2.0,15,100770.0,9999999
58321,0,6301,24.1,16.54,292.0,256.0,25.91,296.46,2.0,15,100714.0,9999999
58321,0,6302,24.3,16.24,244.0,200.0,25.91,296.8,2.0,15,100657.0,9999999
58321,0,6303,23.8,15.84,246.0,149.0,25.91,295.1,2.7,15,100697.0,9999999
58321,0,6304,23.3,15.54,209.0,119.0,25.91,294.07,3.3,15,100736.0,9999999
58321,0,6305,22.8,15.16,90.0,64.0,25.91,293.37,4.0,14,100775.0,9999999
58321,0,6306,21.0,15.64,13.0,11.0,25.91,294.93,5.0,15,101008.0,9999999
58321,0,6307,21.0,15.64,0.0,0.0,25.91,294.59,3.0,15,101008.0,9999999
58321,0,6308,21.8,15.06,0.0,0.0,25.91,293.72,2.0,15,100914.0,9999999
58321,0,6309,21.0,15.64,0.0,0.0,25.91,293.55,3.0,13,101008.0,9999999
58321,0,6310,21.0,15.64,0.0,0.0,25.91,293.2,2.0,12,101008.0,9999999
58321,0,6311,21.0,15.64,0.0,0.0,25.91,292.85,4.0,13,101008.0,9999999
58321,0,6312,21.0,15.64,0.0,0.0,25.91,292.49,3.0,14,101008.0,9999999
58321,0,6313,21.0,14.69,0.0,0.0,25.91,291.96,3.0,14,101008.0,9999999
58321,0,6314,21.5,14.15,0.0,0.0,25.91,290.89,2.0,15,100924.0,9999999
58321,0,6315,20.0,14.69,0.0,0.0,25.91,290.54,3.0,14,101007.0,9999999
58321,0,6316,20.0,14.69,0.0,0.0,25.91,290.89,3.0,15,101007.0,9999999
58321,0,6317,20.7,14.42,0.0,0.0,25.91,291.07,1.0,15,100933.0,9999999
58321,0,6318,20.0,14.69,0.0,0.0,25.91,290.54,3.0,14,101007.0,9999999
58321,0,6319,20.0,14.69,16.0,15.0,25.91,290.18,2.0,13,101007.0,9999999
58321,0,6320,20.2,14.15,37.0,35.0,25.91,289.99,1.0,14,101142.0,9999999
58321,0,6321,21.0,14.69,68.0,65.0,25.91,290.18,3.0,13,101008.0,9999999
58321,0,6322,22.0,14.69,129.0,115.0,25.91,290.18,3.0,11,101009.0,9999999
58321,0,6323,21.9,14.88,197.0,161.0,25.91,290.18,2.0,12,101223.0,9999999
58321,0,6324,25.0,15.64,168.0,119.0,25.91,290.36,2.0,12,101012.0,9999999
58321,0,6325,25.0,14.69,121.0,74.0,25.91,289.63,3.0,14,101012.0,9999999
58321,0,6326,25.0,14.69,233.0,151.0,25.91,290.18,3.0,14,101012.0,9999999
58321,0,6327,25.0,14.69,293.0,187.0,25.91,288.17,4.0,15,101012.0,9999999
58321,0,6328,24.0,14.69,188.0,125.0,25.91,289.45,2.0,14,101011.0,9999999
58321,0,6329,25.4,14.24,82.0,62.0,25.91,289.27,1.0,16,101057.0,9999999
58321,0,6330,23.0,14.69,20.0,16.0,25.91,288.54,2.0,11,101010.0,9999999
58321,0,6331,23.0,14.69,0.0,0.0,25.91,289.09,1.0,9,101010.0,9999999
58321,0,6332,22.2,14.97,0.0,0.0,25.91,288.54,1.0,1,101184.0,9999999
58321,0,6333,21.0,15.64,0.0,0.0,25.91,288.35,0.0,9,101008.0,9999999
58321,0,6334,21.0,15.64,0.0,0.0,25.91,284.6,0.0,9,101008.0,9999999
58321,0,6335,21.0,14.69,0.0,0.0,25.91,285.37,0.0,9,101008.0,9999999
58321,0,6336,20.0,14.69,0.0,0.0,25.91,283.84,2.0,7,101007.0,9999999
58321,0,6337,20.0,14.69,0.0,0.0,25.91,284.22,2.0,8,101007.0,9999999
58321,0,6338,19.5,13.62,0.0,0.0,25.91,282.67,1.0,16,101231.0,9999999
58321,0,6339,19.0,13.79,0.0,0.0,25.91,281.49,0.0,10,101006.0,9999999
58321,0,6340,19.0,13.79,0.0,0.0,25.91,283.06,0.0,11,101006.0,9999999
58321,0,6341,18.8,13.19,0.0,0.0,25.91,282.28,1.0,12,101250.0,9999999
58321,0,6342,19.0,13.79,0.0,0.0,25.91,283.45,1.0,8,101006.0,9999999
58321,0,6343,20.0,14.69,103.0,78.0,25.91,283.06,3.0,8,101007.0,9999999
58321,0,6344,20.9,15.06,258.0,154.0,25.91,284.22,3.0,10,101362.0,9999999
58321,0,6345,22.0,14.69,377.0,222.0,25.91,283.84,3.0,11,101009.0,9999999
58321,0,6346,23.0,11.24,447.0,302.0,25.91,287.43,3.0,11,101010.0,9999999
58321,0,6347,24.2,14.6,506.0,362.0,25.91,288.54,1.0,15,101415.0,9999999
58321,0,6348,26.0,15.64,535.0,366.0,25.91,289.99,3.0,13,101013.0,9999999
58321,0,6349,26.0,14.69,490.0,337.0,25.91,290.36,2.0,13,101013.0,9999999
58321,0,6350,26.9,14.69,483.0,268.0,25.91,290.36,1.0,13,101258.0,9999999
58321,0,6351,27.0,14.69,431.0,209.0,25.91,286.87,4.0,13,101014.0,9999999
58321,0,6352,27.0,14.69,263.0,168.0,25.91,287.43,2.0,14,101014.0,9999999
58321,0,6353,26.4,15.35,124.0,88.0,25.91,286.5,1.0,14,101228.0,9999999
58321,0,6354,25.0,15.64,26.0,21.0,25.91,286.5,1.0,12,101012.0,9999999
58321,0,6355,24.0,16.65,0.0,0.0,25.91,286.31,2.0,11,101011.0,9999999
58321,0,6356,22.3,15.45,0.0,0.0,25.91,286.68,1.0,8,101333.0,9999999
58321,0,6357,23.0,15.64,0.0,0.0,25.91,286.12,2.0,10,101010.0,9999999
58321,0,6358,22.0,15.64,0.0,0.0,25.91,284.22,3.0,10,101009.0,9999999
58321,0,6359,21.0,14.69,0.0,0.0,25.91,281.69,1.0,14,101008.0,9999999
58321,0,6360,20.0,14.69,0.0,0.0,25.91,281.89,0.0,0,101007.0,9999999
58321,0,6361,20.0,14.69,0.0,0.0,25.91,280.3,0.0,1,101007.0,9999999
58321,0,6362,20.0,13.79,0.0,0.0,25.91,281.1,1.0,13,101401.0,9999999
58321,0,6363,19.0,13.79,0.0,0.0,25.91,281.69,2.0,4,101006.0,9999999
58321,0,6364,19.0,13.79,0.0,0.0,25.91,280.1,2.0,2,101006.0,9999999
58321,0,6365,18.1,12.54,0.0,0.0,25.91,278.48,1.0,11,101369.0,9999999
58321,0,6366,18.0,9.29,0.0,0.0,25.91,276.83,0.0,2,101005.0,9999999
58321,0,6367,19.0,9.17,124.0,67.0,25.91,276.0,0.0,2,101006.0,9999999
58321,0,6368,21.4,10.53,295.0,134.0,25.91,277.04,1.0,5,101542.0,9999999
58321,0,6369,24.0,12.94,481.0,172.0,25.91,277.86,1.0,4,101011.0,9999999
58321,0,6370,26.0,6.9,645.0,188.0,25.91,278.27,3.0,5,101013.0,9999999
58321,0,6371,27.5,8.46,758.0,197.0,25.91,278.48,3.0,5,101538.0,9999999
58321,0,6372,29.0,7.65,789.0,215.0,25.91,279.7,3.0,4,101016.0,9999999
58321,0,6373,29.0,7.14,746.0,233.0,25.91,281.29,3.0,6,101016.0,9999999
58321,0,6374,30.3,8.87,675.0,187.0,25.91,282.28,1.0,6,101332.0,9999999
58321,0,6375,30.0,7.65,553.0,126.0,25.91,280.7,3.0,6,101017.0,9999999
58321,0,6376,30.0,7.65,358.0,107.0,25.91,280.7,2.0,5,101017.0,9999999
58321,0,6377,26.7,10.33,161.0,69.0,25.91,281.1,2.0,7,101298.0,9999999
58321,0,6378,26.0,14.15,35.0,20.0,25.91,280.7,3.0,8,101013.0,9999999
58321,0,6379,23.0,10.67,0.0,0.0,25.91,279.09,3.0,8,101010.0,9999999
58321,0,6380,20.8,12.94,0.0,0.0,25.91,278.48,1.0,10,101411.0,9999999
58321,0,6381,21.0,11.39,0.0,0.0,25.91,277.66,1.0,8,101008.0,9999999
58321,0,6382,21.0,11.39,0.0,0.0,25.91,277.04,2.0,7,101008.0,9999999
58321,0,6383,20.0,12.94,0.0,0.0,25.91,276.41,1.0,7,101007.0,9999999
58321,0,6384,19.0,12.14,0.0,0.0,25.91,276.0,2.0,7,101006.0,9999999
58321,0,6385,18.0,12.94,0.0,0.0,25.91,275.58,1.0,3,101005.0,9999999
58321,0,6386,17.7,11.91,0.0,0.0,25.91,275.36,1.0,2,101428.0,9999999
58321,0,6387,18.0,12.14,0.0,0.0,25.91,275.15,2.0,3,101005.0,9999999
58321,0,6388,18.0,12.14,0.0,0.0,25.91,274.73,2.0,3,101005.0,9999999
58321,0,6389,16.4,10.95,0.0,0.0,25.91,274.73,2.5,4,101426.0,9999999
58321,0,6390,18.0,11.39,0.0,0.0,25.91,274.73,3.0,3,101005.0,9999999
58321,0,6391,18.0,9.54,138.0,52.0,25.91,275.15,2.0,4,101005.0,9999999
58321,0,6392,21.4,12.78,327.0,95.0,25.91,276.21,1.0,3,101542.0,9999999
58321,0,6393,24.0,13.79,518.0,122.0,25.91,277.86,3.0,4,101011.0,9999999
58321,0,6394,26.0,12.94,674.0,139.0,25.91,279.49,3.0,5,101013.0,9999999
58321,0,6395,26.9,13.11,774.0,150.0,25.91,280.7,3.0,3,101587.0,9999999
58321,0,6396,28.0,10.67,807.0,157.0,25.91,282.28,4.0,5,101015.0,9999999
58321,0,6397,28.0,10.67,773.0,156.0,25.91,282.87,4.0,5,101015.0,9999999
58321,0,6398,28.7,11.83,632.0,204.0,25.91,283.45,2.0,6,101360.0,9999999
58321,0,6399,28.0,9.99,440.0,232.0,25.91,286.87,5.0,4,101015.0,9999999
58321,0,6400,27.0,10.67,273.0,172.0,25.91,286.68,4.0,4,101014.0,9999999
58321,0,6401,26.4,11.83,124.0,88.0,25.91,286.5,2.0,3,101328.0,9999999
58321,0,6402,24.0,12.14,29.0,21.0,25.91,284.6,2.0,4,101011.0,9999999
58321,0,6403,22.0,12.94,0.0,0.0,25.91,283.64,2.0,4,101009.0,9999999
58321,0,6404,24.2,11.39,0.0,0.0,25.91,284.03,3.0,3,101415.0,9999999
58321,0,6405,22.0,11.39,0.0,0.0,25.91,285.18,4.0,4,101009.0,9999999
58321,0,6406,22.0,11.39,0.0,0.0,25.91,284.99,4.0,3,101009.0,9999999
58321,0,6407,21.0,11.39,0.0,0.0,25.91,284.03,4.0,4,101008.0,9999999
58321,0,6408,21.0,12.14,0.0,0.0,25.91,283.84,3.0,4,101008.0,9999999
58321,0,6409,21.0,12.14,0.0,0.0,25.91,283.25,3.0,4,101008.0,9999999
58321,0,6410,21.2,11.17,0.0,0.0,25.91,283.64,2.0,4,101362.0,9999999
58321,0,6411,20.0,12.14,0.0,0.0,25.91,283.45,4.0,4,101007.0,9999999
58321,0,6412,20.0,11.39,0.0,0.0,25.91,281.89,5.0,4,101007.0,9999999
58321,0,6413,20.1,10.88,0.0,0.0,25.91,281.49,2.0,4,101351.0,9999999
58321,0,6414,19.0,12.14,0.0,0.0,25.91,279.29,4.0,4,101006.0,9999999
58321,0,6415,20.0,12.14,126.0,59.0,25.91,278.07,5.0,4,101007.0,9999999
58321,0,6416,21.5,11.24,284.0,127.0,25.91,278.48,4.0,4,101452.0,9999999
58321,0,6417,21.0,11.39,348.0,213.0,25.91,280.7,5.0,5,101008.0,9999999
58321,0,6418,22.0,11.39,347.0,275.0,25.91,284.03,4.0,4,101009.0,9999999
58321,0,6419,22.5,11.24,376.0,312.0,25.91,284.99,2.0,5,101473.0,9999999
58321,0,6420,23.0,9.99,464.0,342.0,25.91,285.55,4.0,5,101010.0,9999999
58321,0,6421,22.0,9.99,539.0,333.0,25.91,285.74,4.0,3,101009.0,9999999
58321,0,6422,22.7,10.33,387.0,257.0,25.91,285.93,2.0,4,101314.0,9999999
58321,0,6423,23.0,10.67,193.0,171.0,25.91,287.62,4.0,3,101010.0,9999999
58321,0,6424,22.0,10.67,143.0,119.0,25.91,287.43,2.0,3,101009.0,9999999
58321,0,6425,22.6,10.13,72.0,55.0,25.91,285.37,2.0,2,101353.0,9999999
58321,0,6426,20.0,12.14,9.0,8.0,25.91,286.87,2.0,3,101007.0,9999999
58321,0,6427,20.0,12.14,0.0,0.0,25.91,287.62,3.0,1,101007.0,9999999
58321,0,6428,20.1,12.22,0.0,0.0,25.91,287.8,3.0,2,101401.0,9999999
58321,0,6429,19.0,12.14,0.0,0.0,25.91,288.17,3.0,3,101006.0,9999999
58321,0,6430,19.0,12.94,0.0,0.0,25.91,288.17,2.0,1,101006.0,9999999
58321,0,6431,19.0,12.94,0.0,0.0,25.91,288.17,2.0,2,101006.0,9999999
58321,0,6432,19.0,12.94,0.0,0.0,25.91,288.35,2.0,2,101006.0,9999999
58321,0,6433,19.0,12.94,0.0,0.0,25.91,288.35,3.0,2,101006.0,9999999
58321,0,6434,19.7,11.39,0.0,0.0,25.91,288.17,2.0,3,101400.0,9999999
58321,0,6435,18.0,12.14,0.0,0.0,25.91,288.17,3.0,3,101005.0,9999999
58321,0,6436,18.0,12.14,0.0,0.0,25.91,287.99,2.0,3,101005.0,9999999
58321,0,6437,19.3,11.39,0.0,0.0,25.91,287.43,3.0,2,101380.0,9999999
58321,0,6438,18.0,11.39,0.0,0.0,25.91,286.87,3.0,2,101005.0,9999999
58321,0,6439,18.0,9.54,70.0,60.0,25.91,285.55,3.0,3,101005.0,9999999
58321,0,6440,20.2,11.24,182.0,137.0,25.91,285.37,2.0,3,101560.0,9999999
58321,0,6441,20.0,12.14,352.0,192.0,25.91,283.64,5.0,3,101007.0,9999999
58321,0,6442,21.0,12.14,545.0,232.0,25.91,282.28,4.0,3,101008.0,9999999
58321,0,6443,22.4,11.02,589.0,282.0,25.91,283.06,4.0,4,101563.0,9999999
58321,0,6444,23.0,10.67,540.0,300.0,25.91,287.8,6.0,4,101010.0,9999999
58321,0,6445,25.0,9.99,533.0,270.0,25.91,287.62,5.0,4,101012.0,9999999
58321,0,6446,24.8,10.19,459.0,238.0,25.91,287.8,3.0,4,101426.0,9999999
58321,0,6447,24.0,9.99,341.0,195.0,25.91,288.9,4.0,3,101011.0,9999999
58321,0,6448,25.0,9.99,227.0,129.0,25.91,286.87,5.0,3,101012.0,9999999
58321,0,6449,23.7,9.93,102.0,61.0,25.91,286.12,3.0,3,101355.0,9999999
58321,0,6450,22.0,11.39,25.0,14.0,25.91,284.99,4.0,2,101009.0,9999999
58321,0,6451,20.0,11.39,0.0,0.0,25.91,283.64,2.0,2,101007.0,9999999
58321,0,6452,21.5,10.95,0.0,0.0,25.91,281.69,3.0,2,101482.0,9999999
58321,0,6453,19.0,10.67,0.0,0.0,25.91,279.9,3.0,2,101006.0,9999999
58321,0,6454,18.0,11.39,0.0,0.0,25.91,278.07,2.0,2,101005.0,9999999
58321,0,6455,18.0,10.67,0.0,0.0,25.91,278.07,4.0,3,101005.0,9999999
58321,0,6456,18.0,10.67,0.0,0.0,25.91,279.09,3.0,3,101005.0,9999999
58321,0,6457,17.0,10.67,0.0,0.0,25.91,277.04,2.0,3,101003.0,9999999
58321,0,6458,17.4,9.93,0.0,0.0,25.91,277.25,1.0,1,101487.0,9999999
58321,0,6459,16.0,9.99,0.0,0.0,25.91,274.94,0.0,2,101002.0,9999999
58321,0,6460,15.0,10.67,0.0,0.0,25.91,274.09,0.0,2,101001.0,9999999
58321,0,6461,17.0,9.54,0.0,0.0,25.91,273.66,2.0,2,101457.0,9999999
58321,0,6462,15.0,9.99,0.0,0.0,25.91,273.23,1.0,2,101001.0,9999999
58321,0,6463,16.0,10.67,128.0,52.0,25.91,273.44,2.0,2,101002.0,9999999
58321,0,6464,19.8,10.13,311.0,98.0,25.91,275.15,3.0,1,101560.0,9999999
58321,0,6465,21.0,11.39,498.0,126.0,25.91,275.79,6.0,4,101008.0,9999999
58321,0,6466,23.0,11.39,652.0,144.0,25.91,277.66,6.0,4,101010.0,9999999
58321,0,6467,24.6,11.02,751.0,155.0,25.91,279.29,3.0,3,101455.0,9999999
58321,0,6468,24.0,9.99,703.0,217.0,25.91,280.7,4.0,4,101011.0,9999999
58321,0,6469,24.0,9.99,549.0,270.0,25.91,286.5,4.0,3,101011.0,9999999
58321,0,6470,26.7,11.17,376.0,244.0,25.91,289.27,1.0,16,101268.0,9999999
58321,0,6471,25.0,9.99,225.0,194.0,25.91,291.96,3.0,3,101012.0,9999999
58321,0,6472,25.0,9.99,143.0,127.0,25.91,291.61,2.0,4,101012.0,9999999
58321,0,6473,25.0,11.09,71.0,58.0,25.91,289.45,2.0,3,101216.0,9999999
58321,0,6474,23.0,11.39,17.0,12.0,25.91,287.99,1.0,1,101010.0,9999999
58321,0,6475,20.0,12.14,0.0,0.0,25.91,286.5,3.0,16,101007.0,9999999
58321,0,6476,20.9,11.46,0.0,0.0,25.91,286.5,1.0,1,101332.0,9999999
58321,0,6477,20.0,12.14,0.0,0.0,25.91,285.18,1.0,16,101007.0,9999999
58321,0,6478,19.0,12.14,0.0,0.0,25.91,283.06,2.0,16,101006.0,9999999
58321,0,6479,20.0,12.14,0.0,0.0,25.91,283.84,1.0,16,101007.0,9999999
58321,0,6480,20.0,12.14,0.0,0.0,25.91,284.22,1.0,1,101007.0,9999999
58321,0,6481,20.0,12.14,0.0,0.0,25.91,284.6,2.0,2,101007.0,9999999
58321,0,6482,20.9,11.76,0.0,0.0,25.91,286.87,1.0,1,101302.0,9999999
58321,0,6483,19.0,12.14,0.0,0.0,25.91,286.87,1.0,3,101006.0,9999999
58321,0,6484,20.0,12.14,0.0,0.0,25.91,286.12,1.0,2,101007.0,9999999
58321,0,6485,19.9,11.68,0.0,0.0,25.91,285.93,1.0,2,101241.0,9999999
58321,0,6486,19.0,12.14,0.0,0.0,25.91,286.87,2.0,13,101006.0,9999999
58321,0,6487,19.0,12.14,56.0,44.0,25.91,287.99,2.0,14,101006.0,9999999
58321,0,6488,20.8,13.45,148.0,104.0,25.91,287.62,1.0,12,101352.0,9999999
58321,0,6489,22.0,12.14,263.0,178.0,25.91,286.5,3.0,15,101009.0,9999999
58321,0,6490,25.0,12.14,396.0,238.0,25.91,288.35,2.0,15,101012.0,9999999
58321,0,6491,25.0,13.36,585.0,215.0,25.91,287.99,2.0,10,101326.0,9999999
58321,0,6492,27.0,10.67,702.0,181.0,25.91,285.93,3.0,15,101014.0,9999999
58321,0,6493,27.0,9.99,600.0,185.0,25.91,285.74,4.0,14,101014.0,9999999
58321,0,6494,26.5,13.45,474.0,175.0,25.91,287.62,2.0,7,101178.0,9999999
58321,0,6495,27.0,9.99,385.0,150.0,25.91,289.63,3.0,16,101014.0,9999999
58321,0,6496,26.0,9.99,252.0,109.0,25.91,286.68,4.0,14,101013.0,9999999
58321,0,6497,24.4,9.93,116.0,56.0,25.91,285.37,1.0,8,101166.0,9999999
58321,0,6498,22.0,11.39,24.0,13.0,25.91,284.03,3.0,14,101009.0,9999999
58321,0,6499,21.0,12.14,0.0,0.0,25.91,282.08,1.0,14,101008.0,9999999
58321,0,6500,19.7,12.7,0.0,0.0,25.91,279.9,1.0,13,101251.0,9999999
58321,0,6501,21.0,11.39,0.0,0.0,25.91,278.27,0.0,14,101008.0,9999999
58321,0,6502,19.0,12.14,0.0,0.0,25.91,277.66,0.0,13,101006.0,9999999
58321,0,6503,18.0,12.14,0.0,0.0,25.91,277.04,0.0,13,101005.0,9999999
58321,0,6504,18.0,12.14,0.0,0.0,25.91,276.62,0.0,13,101005.0,9999999
58321,0,6505,18.0,11.39,0.0,0.0,25.91,276.21,0.0,13,101005.0,9999999
58321,0,6506,16.6,11.24,0.0,0.0,25.91,275.79,1.0,14,101217.0,9999999
58321,0,6507,17.0,11.39,0.0,0.0,25.91,275.58,0.0,14,101003.0,9999999
58321,0,6508,17.0,11.39,0.0,0.0,25.91,275.15,1.0,11,101003.0,9999999
58321,0,6509,15.9,10.95,0.0,0.0,25.91,274.94,1.0,10,101177.0,9999999
58321,0,6510,17.0,11.39,0.0,0.0,25.91,276.21,2.0,12,101003.0,9999999
58321,0,6511,17.0,11.39,124.0,53.0,25.91,276.41,1.0,14,101003.0,9999999
58321,0,6512,19.5,12.54,306.0,99.0,25.91,276.62,2.0,13,101270.0,9999999
58321,0,6513,21.0,12.94,491.0,137.0,25.91,278.27,2.0,14,101008.0,9999999
58321,0,6514,24.0,9.11,630.0,162.0,25.91,280.3,2.0,15,101011.0,9999999
58321,0,6515,25.9,10.46,726.0,169.0,25.91,284.22,2.0,15,101217.0,9999999
58321,0,6516,27.0,8.18,778.0,164.0,25.91,281.1,4.0,14,101014.0,9999999
58321,0,6517,27.0,7.14,758.0,156.0,25.91,281.29,4.0,16,101014.0,9999999
58321,0,6518,27.8,8.41,669.0,145.0,25.91,280.7,4.0,11,100970.0,9999999
58321,0,6519,28.0,8.18,522.0,124.0,25.91,280.7,4.0,15,101015.0,9999999
58321,0,6520,27.0,8.18,336.0,96.0,25.91,279.49,5.0,15,101014.0,9999999
58321,0,6521,26.7,8.3,144.0,54.0,25.91,278.89,3.0,15,100919.0,9999999
58321,0,6522,19.5,10.46,27.0,14.0,25.91,277.66,2.0,13,101012.0,9999999
58321,0,6523,23.0,13.19,0.0,0.0,25.91,276.0,2.0,12,101010.0,9999999
58321,0,6524,19.2,10.19,0.0,0.0,25.91,275.15,1.0,11,100971.0,9999999
58321,0,6525,20.0,10.67,0.0,0.0,25.91,274.52,0.0,15,101007.0,9999999
58321,0,6526,21.0,9.99,0.0,0.0,25.91,274.09,1.0,14,101008.0,9999999
58321,0,6527,18.0,10.67,0.0,0.0,25.91,273.66,0.0,12,101005.0,9999999
58321,0,6528,17.0,10.67,0.0,0.0,25.91,273.23,0.0,12,101003.0,9999999
58321,0,6529,18.0,9.36,0.0,0.0,25.91,272.8,3.0,10,101005.0,9999999
58321,0,6530,15.8,10.19,0.0,0.0,25.91,272.36,1.0,15,101047.0,9999999
58321,0,6531,17.0,9.99,0.0,0.0,25.91,272.14,1.0,12,101003.0,9999999
58321,0,6532,16.0,9.99,0.0,0.0,25.91,271.48,2.0,11,101002.0,9999999
58321,0,6533,14.2,9.61,0.0,0.0,25.91,273.23,2.0,12,101045.0,9999999
58321,0,6534,16.0,9.36,0.0,0.0,25.91,273.66,2.0,11,101002.0,9999999
58321,0,6535,17.0,9.99,110.0,71.0,25.91,275.79,4.0,12,101003.0,9999999
58321,0,6536,18.3,11.17,302.0,112.0,25.91,276.62,1.0,11,101189.0,9999999
58321,0,6537,22.0,9.99,510.0,119.0,25.91,274.94,3.0,12,101009.0,9999999
58321,0,6538,24.0,7.8,664.0,135.0,25.91,277.25,4.0,13,101011.0,9999999
58321,0,6539,26.6,9.36,764.0,144.0,25.91,279.09,3.0,14,101148.0,9999999
58321,0,6540,28.0,9.36,797.0,146.0,25.91,280.3,6.0,13,101015.0,9999999
58321,0,6541,28.0,9.99,760.0,145.0,25.91,281.49,6.0,14,101015.0,9999999
58321,0,6542,28.5,9.48,662.0,137.0,25.91,282.08,4.0,14,100931.0,9999999
58321,0,6543,27.0,8.75,513.0,120.0,25.91,281.1,6.0,15,101014.0,9999999
58321,0,6544,27.0,9.36,325.0,96.0,25.91,280.1,5.0,15,101014.0,9999999
58321,0,6545,26.1,9.74,137.0,53.0,25.91,279.49,5.0,15,100978.0,9999999
58321,0,6546,21.4,8.64,25.0,13.0,25.91,277.66,2.5,14,101057.0,9999999
58321,0,6547,20.1,8.18,0.0,0.0,25.91,275.79,2.5,15,101056.0,9999999
58321,0,6548,19.1,7.8,0.0,0.0,25.91,274.52,2.0,15,101055.0,9999999
58321,0,6549,17.8,8.52,0.0,0.0,25.91,273.44,1.8,12,101005.0,9999999
58321,0,6550,17.5,9.23,0.0,0.0,25.91,274.94,2.0,9,101004.0,9999999
58321,0,6551,17.4,10.26,0.0,0.0,25.91,275.15,2.0,6,101235.0,9999999
58321,0,6552,17.7,11.46,0.0,0.0,21.4,284.79,2.2,3,101235.0,9999999
58321,0,6553,17.4,11.46,0.0,0.0,21.4,284.41,2.8,3,101234.0,9999999
58321,0,6554,17.2,11.53,0.0,0.0,21.4,284.03,3.0,3,101442.0,9999999
58321,0,6555,17.1,11.24,0.0,0.0,21.4,284.6,3.2,3,101211.0,9999999
58321,0,6556,17.3,11.09,0.0,0.0,21.4,284.41,3.2,3,101212.0,9999999
58321,0,6557,17.6,11.02,0.0,0.0,21.4,284.6,3.0,4,101455.0,9999999
58321,0,6558,17.0,10.67,0.0,0.0,21.4,284.6,3.0,4,101003.0,9999999
58321,0,6559,18.0,10.67,40.0,39.0,21.4,283.84,3.0,4,101005.0,9999999
58321,0,6560,18.0,11.24,107.0,102.0,21.4,283.45,3.0,4,101976.0,9999999
58321,0,6561,19.0,10.67,197.0,181.0,21.4,283.25,5.0,4,101006.0,9999999
58321,0,6562,19.0,10.67,306.0,266.0,21.4,283.06,6.0,4,101006.0,9999999
58321,0,6563,20.0,11.39,362.0,299.0,21.4,283.64,4.0,4,101959.0,9999999
58321,0,6564,20.0,11.39,315.0,267.0,21.4,284.03,4.0,3,101007.0,9999999
58321,0,6565,21.0,11.39,238.0,220.0,21.4,284.99,6.0,4,101008.0,9999999
58321,0,6566,20.7,11.31,242.0,226.0,21.4,285.55,4.0,4,101850.0,9999999
58321,0,6567,20.0,10.67,212.0,197.0,21.4,285.74,6.0,4,101007.0,9999999
58321,0,6568,20.0,10.67,119.0,111.0,21.4,286.12,6.0,4,101007.0,9999999
58321,0,6569,19.3,10.81,50.0,46.0,21.4,285.93,3.0,4,101868.0,9999999
58321,0,6570,19.0,9.99,7.0,7.0,21.4,285.18,5.0,4,101006.0,9999999
58321,0,6571,19.0,10.67,0.0,0.0,21.4,284.79,5.0,4,101006.0,9999999
58321,0,6572,18.6,11.02,0.0,0.0,21.4,284.41,3.0,4,101967.0,9999999
58321,0,6573,18.0,10.67,0.0,0.0,21.4,284.41,4.0,4,101005.0,9999999
58321,0,6574,18.0,10.67,0.0,0.0,21.4,284.6,4.0,4,101005.0,9999999
58321,0,6575,18.0,10.67,0.0,0.0,21.4,284.6,4.0,4,101005.0,9999999
58321,0,6576,18.0,9.36,0.0,0.0,21.4,284.79,4.0,4,101005.0,9999999
58321,0,6577,17.0,9.36,0.0,0.0,21.4,284.99,4.0,4,101003.0,9999999
58321,0,6578,16.4,10.53,0.0,0.0,21.4,284.99,3.0,4,102064.0,9999999
58321,0,6579,16.0,10.67,0.0,0.0,21.4,284.6,3.0,4,101002.0,9999999
58321,0,6580,15.3,10.13,0.0,0.0,21.4,284.41,3.0,3,101597.0,9999999
58321,0,6581,14.6,9.67,0.0,0.0,21.4,284.22,3.0,4,102192.0,9999999
58321,0,6582,15.0,9.36,0.0,0.0,21.4,284.22,3.0,3,101001.0,9999999
58321,0,6583,15.0,8.75,20.0,19.0,21.4,284.41,3.0,3,101001.0,9999999
58321,0,6584,15.8,9.74,39.0,38.0,21.4,284.22,2.0,2,102423.0,9999999
58321,0,6585,15.0,9.99,48.0,48.0,21.4,284.41,2.0,1,101001.0,9999999
58321,0,6586,16.0,10.67,56.0,56.0,21.4,284.6,3.0,2,101002.0,9999999
58321,0,6587,17.0,11.31,63.0,63.0,21.4,284.6,3.0,3,102464.0,9999999
58321,0,6588,17.0,10.67,69.0,68.0,21.4,284.79,4.0,4,101003.0,9999999
58321,0,6589,18.0,10.67,72.0,72.0,21.4,284.79,4.0,4,101005.0,9999999
58321,0,6590,17.8,10.46,85.0,85.0,21.4,284.99,3.0,4,102285.0,9999999
58321,0,6591,17.0,10.67,79.0,79.0,21.4,285.18,4.0,4,101003.0,9999999
58321,0,6592,17.0,10.67,46.0,46.0,21.4,285.18,2.0,4,101003.0,9999999
58321,0,6593,16.7,10.95,22.0,21.0,21.4,284.79,2.0,3,102324.0,9999999
58321,0,6594,16.0,10.67,6.0,6.0,21.4,284.79,2.0,2,101002.0,9999999
58321,0,6595,17.0,10.67,0.0,0.0,21.4,284.22,2.0,2,101003.0,9999999
58321,0,6596,16.5,10.81,0.0,0.0,21.4,284.22,3.0,3,102503.0,9999999
58321,0,6597,16.0,9.99,0.0,0.0,21.4,284.22,3.0,3,101002.0,9999999
58321,0,6598,16.0,10.67,0.0,0.0,21.4,283.06,2.0,2,101002.0,9999999
58321,0,6599,16.0,10.67,0.0,0.0,21.4,281.69,3.0,2,101002.0,9999999
58321,0,6600,16.0,10.67,0.0,0.0,21.4,281.29,3.0,3,101002.0,9999999
58321,0,6601,16.0,10.67,0.0,0.0,21.4,280.9,2.0,2,101002.0,9999999
58321,0,6602,16.1,10.74,0.0,0.0,21.4,281.1,2.0,2,102433.0,9999999
58321,0,6603,16.0,10.67,0.0,0.0,21.4,281.29,3.0,1,101002.0,9999999
58321,0,6604,16.0,9.99,0.0,0.0,21.4,281.1,3.0,2,101002.0,9999999
58321,0,6605,15.9,9.93,0.0,0.0,21.4,280.5,3.0,2,102453.0,9999999
58321,0,6606,16.0,9.36,0.0,0.0,21.4,280.7,3.0,2,101002.0,9999999
58321,0,6607,15.0,8.75,49.0,47.0,21.4,281.1,3.0,2,101001.0,9999999
58321,0,6608,16.0,9.42,127.0,114.0,21.4,281.1,1.0,2,102552.0,9999999
58321,0,6609,17.0,8.75,213.0,187.0,21.4,280.5,3.0,3,101003.0,9999999
58321,0,6610,17.0,8.75,328.0,269.0,21.4,281.89,4.0,2,101003.0,9999999
58321,0,6611,18.1,8.81,390.0,302.0,21.4,282.48,4.0,3,102575.0,9999999
58321,0,6612,19.0,8.75,429.0,291.0,21.4,283.45,5.0,3,101006.0,9999999
58321,0,6613,20.0,6.66,441.0,254.0,21.4,282.08,4.0,3,101007.0,9999999
58321,0,6614,20.0,8.3,447.0,225.0,21.4,282.67,2.0,2,102318.0,9999999
58321,0,6615,20.0,7.14,441.0,178.0,21.4,280.7,4.0,2,101007.0,9999999
58321,0,6616,20.0,7.14,300.0,103.0,21.4,275.58,4.0,2,101007.0,9999999
58321,0,6617,19.5,6.75,124.0,51.0,21.4,273.44,4.0,1,102197.0,9999999
58321,0,6618,18.0,7.14,21.0,12.0,21.4,272.14,4.0,2,101005.0,9999999
58321,0,6619,17.0,7.14,0.0,0.0,21.4,270.82,2.0,2,101003.0,9999999
58321,0,6620,17.3,6.75,0.0,0.0,21.4,270.82,4.0,2,102255.0,9999999
58321,0,6621,16.0,6.66,0.0,0.0,21.4,270.15,3.0,2,101002.0,9999999
58321,0,6622,15.0,6.66,0.0,0.0,21.4,269.48,3.0,1,101001.0,9999999
58321,0,6623,15.0,7.14,0.0,0.0,21.4,269.25,3.0,1,101001.0,9999999
58321,0,6624,14.0,7.14,0.0,0.0,21.4,269.93,3.0,2,101000.0,9999999
58321,0,6625,14.0,7.65,0.0,0.0,21.4,268.34,3.0,2,101000.0,9999999
58321,0,6626,14.1,7.8,0.0,0.0,21.4,269.03,2.0,2,102181.0,9999999
58321,0,6627,13.0,7.65,0.0,0.0,21.4,268.57,2.0,2,100999.0,9999999
58321,0,6628,13.1,7.8,0.0,0.0,21.4,268.12,2.0,3,101580.0,9999999
58321,0,6629,13.1,7.97,0.0,0.0,21.4,267.89,2.0,2,102160.0,9999999
58321,0,6630,12.0,7.65,0.0,0.0,21.4,267.66,3.0,2,100998.0,9999999
58321,0,6631,13.0,7.65,120.0,49.0,21.4,267.43,2.0,2,100999.0,9999999
58321,0,6632,15.8,7.8,303.0,95.0,21.4,268.12,2.0,3,102213.0,9999999
58321,0,6633,17.0,7.65,493.0,123.0,21.4,269.48,4.0,2,101003.0,9999999
58321,0,6634,19.0,7.65,646.0,140.0,21.4,271.04,4.0,3,101006.0,9999999
58321,0,6635,19.5,6.9,732.0,165.0,21.4,272.36,2.0,3,102088.0,9999999
58321,0,6636,20.0,7.65,729.0,202.0,21.4,274.94,2.0,15,101007.0,9999999
58321,0,6637,21.0,7.14,662.0,236.0,21.4,278.07,2.0,2,101008.0,9999999
58321,0,6638,21.8,6.66,597.0,197.0,21.4,281.1,3.0,3,101821.0,9999999
58321,0,6639,22.0,6.66,487.0,129.0,21.4,275.15,3.0,1,101009.0,9999999
58321,0,6640,21.0,6.66,303.0,96.0,21.4,274.94,2.0,2,101008.0,9999999
58321,0,6641,20.7,7.14,122.0,50.0,21.4,274.52,1.0,4,101750.0,9999999
58321,0,6642,19.0,7.65,19.0,11.0,21.4,274.52,1.0,6,101006.0,9999999
58321,0,6643,18.0,9.36,0.0,0.0,21.4,274.52,0.0,3,101005.0,9999999
58321,0,6644,18.1,9.23,0.0,0.0,21.4,275.36,1.0,3,101827.0,9999999
58321,0,6645,18.0,8.75,0.0,0.0,21.4,274.73,0.0,4,101005.0,9999999
58321,0,6646,17.0,8.75,0.0,0.0,21.4,279.49,0.0,2,101003.0,9999999
58321,0,6647,17.0,9.36,0.0,0.0,21.4,282.67,1.0,6,101003.0,9999999
58321,0,6648,17.0,8.75,0.0,0.0,21.4,281.89,2.0,2,101003.0,9999999
58321,0,6649,16.0,9.36,0.0,0.0,21.4,282.08,1.0,2,101002.0,9999999
58321,0,6650,16.4,9.29,0.0,0.0,21.4,282.48,1.0,1,101735.0,9999999
58321,0,6651,15.8,9.36,0.0,0.0,21.4,281.69,0.7,2,101718.0,9999999
58321,0,6652,15.2,9.36,0.0,0.0,21.4,278.89,0.3,3,101701.0,9999999
58321,0,6653,14.6,9.42,0.0,0.0,21.4,275.79,0.0,3,101684.0,9999999
58321,0,6654,14.0,8.75,0.0,0.0,21.4,273.01,0.0,6,101000.0,9999999
58321,0,6655,14.0,9.36,110.0,50.0,21.4,271.92,0.0,13,101000.0,9999999
58321,0,6656,17.6,10.19,287.0,102.0,21.4,272.58,1.0,6,101747.0,9999999
58321,0,6657,20.0,9.36,480.0,131.0,21.4,273.23,1.0,7,101007.0,9999999
58321,0,6658,21.0,9.36,632.0,157.0,21.4,274.09,2.0,13,101008.0,9999999
58321,0,6659,22.0,8.41,732.0,169.0,21.4,275.79,2.0,10,101712.0,9999999
58321,0,6660,23.0,8.75,772.0,163.0,21.4,275.79,2.0,13,101010.0,9999999
58321,0,6661,22.0,8.18,736.0,159.0,21.4,277.45,2.0,14,101009.0,9999999
58321,0,6662,23.0,8.07,642.0,143.0,21.4,276.41,2.0,11,101484.0,9999999
58321,0,6663,23.0,8.24,495.0,120.0,21.4,275.58,3.0,12,101010.0,9999999
58321,0,6664,24.0,8.18,307.0,92.0,21.4,275.36,3.0,12,101011.0,9999999
58321,0,6665,22.4,9.29,123.0,48.0,21.4,274.73,1.0,8,101483.0,9999999
58321,0,6666,20.0,8.18,19.0,11.0,21.4,273.66,1.0,11,101007.0,9999999
58321,0,6667,18.0,8.18,0.0,0.0,21.4,272.58,1.0,12,101005.0,9999999
58321,0,6668,17.1,7.39,0.0,0.0,21.4,271.92,1.0,2,101597.0,9999999
58321,0,6669,17.0,9.36,0.0,0.0,21.4,271.7,2.0,10,101003.0,9999999
58321,0,6670,16.0,9.36,0.0,0.0,21.4,273.23,0.0,9,101002.0,9999999
58321,0,6671,17.0,9.99,0.0,0.0,21.4,275.36,3.0,10,101003.0,9999999
58321,0,6672,16.0,9.99,0.0,0.0,21.4,275.15,0.0,9,101002.0,9999999
58321,0,6673,16.0,9.99,0.0,0.0,21.4,276.21,2.0,10,101002.0,9999999
58321,0,6674,15.1,10.06,0.0,0.0,21.4,275.58,1.0,10,101575.0,9999999
58321,0,6675,14.0,9.36,0.0,0.0,21.4,277.25,0.0,9,101000.0,9999999
58321,0,6676,14.0,9.36,0.0,0.0,21.4,277.25,0.0,10,101000.0,9999999
58321,0,6677,13.8,9.54,0.0,0.0,21.4,276.83,1.0,11,101593.0,9999999
58321,0,6678,13.0,8.75,0.0,0.0,21.4,277.25,1.0,7,100999.0,9999999
58321,0,6679,14.0,9.99,95.0,62.0,21.4,274.73,1.0,8,101000.0,9999999
58321,0,6680,16.9,10.88,261.0,130.0,21.4,276.0,1.0,10,101806.0,9999999
58321,0,6681,19.0,10.67,439.0,188.0,21.4,275.15,1.0,10,101006.0,9999999
58321,0,6682,23.0,9.99,569.0,228.0,21.4,277.25,1.0,8,101010.0,9999999
58321,0,6683,24.0,9.29,679.0,228.0,21.4,279.09,2.0,14,101764.0,9999999
58321,0,6684,25.0,9.36,728.0,229.0,21.4,279.09,2.0,16,101012.0,9999999
58321,0,6685,25.9,7.86,665.0,253.0,21.4,281.1,1.5,13,101285.0,9999999
58321,0,6686,26.8,6.57,561.0,243.0,21.4,281.89,1.0,7,101557.0,9999999
58321,0,6687,26.0,8.18,431.0,197.0,21.4,281.1,2.0,7,101013.0,9999999
58321,0,6688,25.0,10.67,268.0,138.0,21.4,279.7,3.0,7,101012.0,9999999
58321,0,6689,23.7,10.06,108.0,62.0,21.4,279.7,2.0,8,101564.0,9999999
58321,0,6690,20.0,10.67,17.0,12.0,21.4,277.25,2.0,6,101007.0,9999999
58321,0,6691,18.0,10.67,0.0,0.0,21.4,276.0,3.0,6,101005.0,9999999
58321,0,6692,20.1,11.46,0.0,0.0,21.4,275.36,1.0,5,101720.0,9999999
58321,0,6693,18.0,10.67,0.0,0.0,21.4,274.09,0.0,8,101005.0,9999999
58321,0,6694,17.0,10.67,0.0,0.0,21.4,273.44,1.0,6,101003.0,9999999
58321,0,6695,16.0,10.67,0.0,0.0,21.4,273.01,0.0,9,101002.0,9999999
58321,0,6696,16.0,9.99,0.0,0.0,21.4,271.92,0.0,9,101002.0,9999999
58321,0,6697,16.0,9.99,0.0,0.0,21.4,271.7,1.0,5,101002.0,9999999
58321,0,6698,15.4,10.53,0.0,0.0,21.4,271.26,0.0,9,101704.0,9999999
58321,0,6699,15.0,10.33,0.0,0.0,21.4,270.82,0.0,8,101711.0,9999999
58321,0,6700,14.5,10.13,0.0,0.0,21.4,270.37,0.0,8,101717.0,9999999
58321,0,6701,14.1,9.93,0.0,0.0,21.4,270.15,0.0,8,101723.0,9999999
58321,0,6702,12.0,8.75,0.0,0.0,21.4,269.7,0.0,8,100998.0,9999999
58321,0,6703,13.0,9.36,120.0,48.0,21.4,269.93,0.0,7,100999.0,9999999
58321,0,6704,17.0,11.39,304.0,92.0,21.4,271.04,1.0,9,101866.0,9999999
58321,0,6705,20.0,10.67,494.0,119.0,21.4,273.01,1.0,7,101007.0,9999999
58321,0,6706,23.0,8.75,648.0,137.0,21.4,275.15,2.0,6,101010.0,9999999
58321,0,6707,24.6,9.86,744.0,149.0,21.4,276.62,2.0,5,101834.0,9999999
58321,0,6708,26.0,9.99,773.0,153.0,21.4,277.66,3.0,7,101013.0,9999999
58321,0,6709,26.0,9.99,735.0,154.0,21.4,277.86,4.0,7,101013.0,9999999
58321,0,6710,26.0,8.41,641.0,142.0,21.4,278.89,2.0,7,101596.0,9999999
58321,0,6711,26.0,9.36,492.0,118.0,21.4,277.45,3.0,7,101013.0,9999999
58321,0,6712,25.0,9.36,301.0,91.0,21.4,277.04,3.0,8,101012.0,9999999
58321,0,6713,24.1,8.24,117.0,47.0,21.4,276.41,2.0,8,101564.0,9999999
58321,0,6714,21.0,8.75,17.0,10.0,21.4,275.15,0.0,6,101008.0,9999999
58321,0,6715,19.0,9.36,0.0,0.0,21.4,273.87,2.0,5,101006.0,9999999
58321,0,6716,18.9,10.13,0.0,0.0,21.4,273.01,1.0,3,101649.0,9999999
58321,0,6717,18.0,10.06,0.0,0.0,21.4,272.36,0.5,5,101326.0,9999999
58321,0,6718,17.0,9.99,0.0,0.0,21.4,271.92,0.0,5,101003.0,9999999
58321,0,6719,17.0,10.67,0.0,0.0,21.4,271.7,0.0,5,101003.0,9999999
58321,0,6720,15.0,9.36,0.0,0.0,21.4,271.48,0.0,5,101001.0,9999999
58321,0,6721,16.0,9.36,0.0,0.0,21.4,271.26,0.0,5,101002.0,9999999
58321,0,6722,15.0,9.8,0.0,0.0,21.4,271.04,0.0,5,101634.0,9999999
58321,0,6723,14.0,9.36,0.0,0.0,21.4,270.6,0.0,5,101000.0,9999999
58321,0,6724,14.0,9.36,0.0,0.0,21.4,270.37,0.0,5,101000.0,9999999
58321,0,6725,14.0,9.61,0.0,0.0,21.4,270.15,1.0,4,101653.0,9999999
58321,0,6726,13.0,9.36,0.0,0.0,21.4,270.15,0.0,5,100999.0,9999999
58321,0,6727,14.0,9.36,117.0,47.0,21.4,269.93,1.0,4,101000.0,9999999
58321,0,6728,17.9,10.81,300.0,91.0,21.4,270.82,2.0,5,101827.0,9999999
58321,0,6729,20.0,11.39,490.0,118.0,21.4,272.58,3.0,6,101007.0,9999999
58321,0,6730,23.0,11.39,644.0,135.0,21.4,274.52,3.0,7,101010.0,9999999
58321,0,6731,24.0,11.76,743.0,144.0,21.4,276.21,1.0,6,101814.0,9999999
58321,0,6732,26.0,11.39,775.0,146.0,21.4,277.66,2.0,6,101013.0,9999999
58321,0,6733,27.0,9.99,740.0,143.0,21.4,278.48,4.0,6,101014.0,9999999
58321,0,6734,27.0,9.61,640.0,133.0,21.4,278.89,2.0,5,101577.0,9999999
58321,0,6735,27.0,10.74,485.0,116.0,21.4,278.68,4.0,7,101014.0,9999999
58321,0,6736,26.0,10.67,295.0,90.0,21.4,278.48,4.0,7,101013.0,9999999
58321,0,6737,25.9,9.42,113.0,46.0,21.4,278.27,2.0,6,101507.0,9999999
58321,0,6738,21.0,10.67,16.0,9.0,21.4,277.25,1.0,5,101008.0,9999999
58321,0,6739,21.0,9.99,0.0,0.0,21.4,276.41,3.0,5,101008.0,9999999
58321,0,6740,21.2,9.11,0.0,0.0,21.4,275.79,2.0,4,101571.0,9999999
58321,0,6741,19.0,9.36,0.0,0.0,21.4,275.36,2.0,4,101006.0,9999999
58321,0,6742,18.0,9.36,0.0,0.0,21.4,274.73,2.0,4,101005.0,9999999
58321,0,6743,18.0,9.36,0.0,0.0,21.4,274.3,2.0,4,101005.0,9999999
58321,0,6744,16.0,9.36,0.0,0.0,21.4,273.87,1.0,4,101002.0,9999999
58321,0,6745,16.0,8.75,0.0,0.0,21.4,273.44,2.0,5,101002.0,9999999
58321,0,6746,17.3,8.64,0.0,0.0,21.4,272.8,2.0,4,101527.0,9999999
58321,0,6747,16.9,8.58,0.0,0.0,21.4,273.01,1.7,5,101510.0,9999999
58321,0,6748,16.5,8.52,0.0,0.0,21.4,272.58,1.3,5,101493.0,9999999
58321,0,6749,16.1,8.46,0.0,0.0,21.4,272.36,1.0,4,101476.0,9999999
58321,0,6750,14.0,8.18,0.0,0.0,21.4,272.36,1.0,4,101000.0,9999999
58321,0,6751,16.0,8.75,114.0,46.0,21.4,272.36,3.0,4,101002.0,9999999
58321,0,6752,18.9,9.42,294.0,90.0,21.4,273.23,2.0,4,101579.0,9999999
58321,0,6753,21.0,9.99,481.0,117.0,21.4,274.94,3.0,6,101008.0,9999999
58321,0,6754,23.0,10.67,633.0,134.0,21.4,276.83,2.0,6,101010.0,9999999
58321,0,6755,24.7,10.53,730.0,145.0,21.4,278.48,3.0,6,101565.0,9999999
58321,0,6756,26.0,11.39,759.0,150.0,21.4,279.9,2.0,7,101013.0,9999999
58321,0,6757,27.0,11.39,722.0,145.0,21.4,281.1,2.0,7,101014.0,9999999
58321,0,6758,27.3,10.67,624.0,133.0,21.4,281.89,2.0,7,101338.0,9999999
58321,0,6759,27.0,11.39,470.0,116.0,21.4,282.48,3.0,6,101014.0,9999999
58321,0,6760,28.0,12.14,283.0,88.0,21.4,282.48,3.0,7,101015.0,9999999
58321,0,6761,25.9,11.31,107.0,44.0,21.4,282.08,1.0,8,101357.0,9999999
58321,0,6762,23.0,12.14,15.0,9.0,21.4,280.9,1.0,5,101010.0,9999999
58321,0,6763,21.0,12.14,0.0,0.0,21.4,279.9,1.0,5,101008.0,9999999
58321,0,6764,21.8,11.91,0.0,0.0,21.4,279.29,1.0,4,101452.0,9999999
58321,0,6765,22.0,11.39,0.0,0.0,21.4,278.89,3.0,4,101009.0,9999999
58321,0,6766,20.0,11.39,0.0,0.0,21.4,278.48,2.0,5,101007.0,9999999
58321,0,6767,20.0,11.39,0.0,0.0,21.4,277.86,2.0,4,101007.0,9999999
58321,0,6768,18.0,11.39,0.0,0.0,21.4,277.25,1.0,1,101005.0,9999999
58321,0,6769,19.0,11.39,0.0,0.0,21.4,276.62,3.0,2,101006.0,9999999
58321,0,6770,18.7,12.07,0.0,0.0,21.4,276.0,2.0,1,101489.0,9999999
58321,0,6771,18.0,11.39,0.0,0.0,21.4,276.41,2.0,1,101005.0,9999999
58321,0,6772,18.0,10.67,0.0,0.0,21.4,276.0,2.0,2,101005.0,9999999
58321,0,6773,18.2,11.39,0.0,0.0,21.4,275.79,1.0,16,101528.0,9999999
58321,0,6774,18.0,10.67,0.0,0.0,21.4,275.36,2.0,2,101005.0,9999999
58321,0,6775,17.0,10.67,101.0,46.0,21.4,275.79,2.0,2,101003.0,9999999
58321,0,6776,19.6,12.14,270.0,95.0,21.4,276.41,2.0,1,101709.0,9999999
58321,0,6777,20.0,12.14,451.0,134.0,21.4,277.66,3.0,1,101007.0,9999999
58321,0,6778,23.0,12.94,586.0,154.0,21.4,281.29,3.0,3,101010.0,9999999
58321,0,6779,24.2,12.86,681.0,161.0,21.4,282.08,2.0,3,101664.0,9999999
58321,0,6780,26.0,12.94,689.0,178.0,21.4,283.45,3.0,4,101013.0,9999999
58321,0,6781,26.0,12.94,621.0,205.0,21.4,284.6,3.0,3,101013.0,9999999
58321,0,6782,26.9,12.86,544.0,183.0,21.4,286.31,2.0,4,101448.0,9999999
58321,0,6783,27.0,12.14,427.0,132.0,21.4,286.31,4.0,3,101014.0,9999999
58321,0,6784,27.0,12.94,259.0,96.0,21.4,285.37,3.0,3,101014.0,9999999
58321,0,6785,26.4,11.46,94.0,45.0,21.4,284.79,3.0,4,101497.0,9999999
58321,0,6786,25.0,12.94,12.0,8.0,21.4,284.79,3.0,3,101012.0,9999999
58321,0,6787,24.0,13.79,0.0,0.0,21.4,286.31,4.0,2,101011.0,9999999
58321,0,6788,23.4,13.88,0.0,0.0,21.4,285.74,4.0,2,101703.0,9999999
58321,0,6789,22.0,12.94,0.0,0.0,21.4,286.5,4.0,2,101009.0,9999999
58321,0,6790,22.0,12.94,0.0,0.0,21.4,285.18,4.0,2,101009.0,9999999
58321,0,6791,22.0,12.94,0.0,0.0,21.4,285.55,4.0,2,101009.0,9999999
58321,0,6792,22.0,12.94,0.0,0.0,21.4,287.8,6.0,3,101009.0,9999999
58321,0,6793,21.0,12.14,0.0,0.0,21.4,287.43,5.0,3,101008.0,9999999
58321,0,6794,20.5,11.46,0.0,0.0,21.4,287.8,4.0,3,101740.0,9999999
58321,0,6795,20.2,11.53,0.0,0.0,21.4,291.25,3.7,3,101746.0,9999999
58321,0,6796,20.0,11.53,0.0,0.0,21.4,290.89,3.3,2,101753.0,9999999
58321,0,6797,19.7,11.61,0.0,0.0,21.4,291.25,3.0,3,101759.0,9999999
58321,0,6798,20.0,11.39,0.0,0.0,21.4,290.89,3.0,2,101007.0,9999999
58321,0,6799,20.0,11.39,46.0,29.0,21.4,289.81,4.0,2,101007.0,9999999
58321,0,6800,19.8,12.46,130.0,79.0,21.4,286.68,3.0,2,101929.0,9999999
58321,0,6801,21.0,12.14,156.0,114.0,21.4,288.35,4.0,3,101008.0,9999999
58321,0,6802,21.0,12.14,133.0,121.0,21.4,291.25,4.0,2,101008.0,9999999
58321,0,6803,21.9,12.86,123.0,114.0,21.4,291.61,3.0,2,101931.0,9999999
58321,0,6804,23.0,12.94,168.0,152.0,21.4,291.61,4.0,3,101010.0,9999999
58321,0,6805,24.0,12.94,226.0,188.0,21.4,291.25,4.0,3,101011.0,9999999
58321,0,6806,23.7,13.28,198.0,161.0,21.4,289.45,3.0,2,101684.0,9999999
58321,0,6807,23.0,12.94,141.0,111.0,21.4,291.79,4.0,3,101010.0,9999999
58321,0,6808,24.0,12.94,98.0,68.0,21.4,291.96,4.0,3,101011.0,9999999
58321,0,6809,23.2,12.86,47.0,35.0,21.4,291.07,3.0,3,101623.0,9999999
58321,0,6810,22.0,12.14,7.0,6.0,21.4,288.54,4.0,3,101009.0,9999999
58321,0,6811,22.0,12.14,0.0,0.0,21.4,287.43,3.0,2,101009.0,9999999
58321,0,6812,22.1,11.99,0.0,0.0,21.4,286.31,3.0,3,101692.0,9999999
58321,0,6813,22.0,11.39,0.0,0.0,21.4,287.43,3.0,3,101009.0,9999999
58321,0,6814,21.0,11.39,0.0,0.0,21.4,288.54,2.0,3,101008.0,9999999
58321,0,6815,21.0,11.39,0.0,0.0,21.4,287.99,2.0,3,101008.0,9999999
58321,0,6816,20.0,10.67,0.0,0.0,21.4,288.54,4.0,3,101007.0,9999999
58321,0,6817,20.0,10.67,0.0,0.0,21.4,288.35,2.0,3,101007.0,9999999
58321,0,6818,19.8,11.31,0.0,0.0,21.4,289.63,2.0,3,101580.0,9999999
58321,0,6819,19.0,10.67,0.0,0.0,21.4,285.55,3.0,3,101006.0,9999999
58321,0,6820,19.0,10.88,0.0,0.0,21.4,285.18,2.5,3,101228.0,9999999
58321,0,6821,19.1,11.09,0.0,0.0,21.4,286.5,2.0,4,101449.0,9999999
58321,0,6822,19.0,10.67,0.0,0.0,21.4,286.31,2.0,4,101006.0,9999999
58321,0,6823,19.0,10.67,35.0,31.0,21.4,286.68,3.0,4,101006.0,9999999
58321,0,6824,19.4,11.53,118.0,88.0,21.4,286.5,2.0,4,101450.0,9999999
58321,0,6825,20.0,11.39,179.0,132.0,21.4,285.18,4.0,4,101007.0,9999999
58321,0,6826,20.0,11.39,236.0,180.0,21.4,286.5,3.0,4,101007.0,9999999
58321,0,6827,20.1,11.91,340.0,227.0,21.4,286.87,2.0,3,101421.0,9999999
58321,0,6828,19.0,12.14,248.0,167.0,21.4,286.68,3.0,1,101006.0,9999999
58321,0,6829,19.0,12.14,124.0,107.0,21.4,289.99,3.0,16,101006.0,9999999
58321,0,6830,19.1,12.62,140.0,123.0,21.4,290.18,3.0,3,101210.0,9999999
58321,0,6831,19.0,12.14,143.0,126.0,21.4,290.54,3.0,2,101006.0,9999999
58321,0,6832,18.0,12.14,96.0,82.0,21.4,287.99,3.0,3,101005.0,9999999
58321,0,6833,17.5,12.07,26.0,25.0,21.4,289.99,2.0,1,101238.0,9999999
58321,0,6834,17.0,10.67,3.0,3.0,21.4,289.99,3.0,2,101003.0,9999999
58321,0,6835,17.0,10.67,0.0,0.0,21.4,289.45,3.0,2,101003.0,9999999
58321,0,6836,17.1,11.61,0.0,0.0,21.4,288.9,2.0,2,101377.0,9999999
58321,0,6837,17.0,10.67,0.0,0.0,21.4,289.27,2.0,1,101003.0,9999999
58321,0,6838,17.0,10.67,0.0,0.0,21.4,289.27,2.0,1,101003.0,9999999
58321,0,6839,17.0,10.67,0.0,0.0,21.4,289.27,2.0,1,101003.0,9999999
58321,0,6840,17.0,10.67,0.0,0.0,21.4,288.9,2.0,2,101003.0,9999999
58321,0,6841,17.0,10.67,0.0,0.0,21.4,288.9,2.0,16,101003.0,9999999
58321,0,6842,17.0,11.31,0.0,0.0,21.4,288.72,2.0,14,101417.0,9999999
58321,0,6843,16.0,10.67,0.0,0.0,21.4,287.99,3.0,14,101002.0,9999999
58321,0,6844,16.0,10.67,0.0,0.0,21.4,287.62,3.0,14,101002.0,9999999
58321,0,6845,16.4,11.24,0.0,0.0,21.4,287.24,2.0,14,101377.0,9999999
58321,0,6846,16.0,10.67,0.0,0.0,21.4,286.12,3.0,15,101002.0,9999999
58321,0,6847,16.0,10.67,45.0,41.0,21.4,287.06,0.0,0,101002.0,9999999
58321,0,6848,16.6,11.24,113.0,103.0,21.4,286.31,1.0,12,101387.0,9999999
58321,0,6849,16.0,10.67,183.0,159.0,21.4,287.24,5.0,14,101002.0,9999999
58321,0,6850,17.0,10.67,225.0,199.0,21.4,287.99,4.0,14,101003.0,9999999
58321,0,6851,17.0,11.02,335.0,261.0,21.4,288.54,2.0,15,101457.0,9999999
58321,0,6852,18.0,10.67,406.0,285.0,21.4,287.62,4.0,14,101005.0,9999999
58321,0,6853,18.0,10.67,332.0,245.0,21.4,287.8,5.0,14,101005.0,9999999
58321,0,6854,18.9,10.95,238.0,200.0,21.4,289.45,3.0,14,101180.0,9999999
58321,0,6855,19.0,10.67,151.0,143.0,21.4,289.09,4.0,14,101006.0,9999999
58321,0,6856,19.0,10.67,93.0,90.0,21.4,289.09,4.0,13,101006.0,9999999
58321,0,6857,18.6,10.88,39.0,38.0,21.4,287.06,1.0,13,101200.0,9999999
58321,0,6858,18.0,9.99,5.0,5.0,21.4,285.93,2.0,13,101005.0,9999999
58321,0,6859,17.0,9.99,0.0,0.0,21.4,286.5,2.0,13,101003.0,9999999
58321,0,6860,17.6,10.46,0.0,0.0,21.4,286.31,2.0,14,101388.0,9999999
58321,0,6861,17.0,9.99,0.0,0.0,21.4,286.12,2.0,14,101003.0,9999999
58321,0,6862,17.0,10.67,0.0,0.0,21.4,283.45,1.0,12,101003.0,9999999
58321,0,6863,17.0,10.67,0.0,0.0,21.4,283.45,2.0,13,101003.0,9999999
58321,0,6864,17.0,10.67,0.0,0.0,21.4,282.28,1.0,12,101003.0,9999999
58321,0,6865,18.0,10.67,0.0,0.0,21.4,280.7,2.0,12,101005.0,9999999
58321,0,6866,17.4,10.81,0.0,0.0,21.4,280.3,2.0,12,101278.0,9999999
58321,0,6867,17.0,9.99,0.0,0.0,21.4,278.48,3.0,12,101003.0,9999999
58321,0,6868,16.0,9.99,0.0,0.0,21.4,277.04,2.0,13,101002.0,9999999
58321,0,6869,14.8,9.8,0.0,0.0,21.4,276.41,1.0,11,101205.0,9999999
58321,0,6870,14.0,8.75,0.0,0.0,21.4,275.58,1.0,12,101000.0,9999999
58321,0,6871,15.0,9.36,98.0,53.0,21.4,272.14,2.0,11,101001.0,9999999
58321,0,6872,18.2,9.67,257.0,117.0,21.4,271.04,2.0,12,101329.0,9999999
58321,0,6873,20.0,8.75,418.0,159.0,21.4,272.58,4.0,13,101007.0,9999999
58321,0,6874,21.0,8.75,578.0,181.0,21.4,272.58,5.0,13,101008.0,9999999
58321,0,6875,22.8,7.97,691.0,208.0,21.4,273.23,3.0,13,101354.0,9999999
58321,0,6876,25.0,8.18,725.0,208.0,21.4,274.3,6.0,13,101012.0,9999999
58321,0,6877,25.0,6.66,703.0,168.0,21.4,274.73,6.0,12,101012.0,9999999
58321,0,6878,26.0,5.62,616.0,133.0,21.4,273.66,3.0,14,101178.0,9999999
58321,0,6879,26.0,5.78,467.0,110.0,21.4,273.66,4.0,13,101013.0,9999999
58321,0,6880,25.0,5.08,275.0,83.0,21.4,273.44,5.0,13,101012.0,9999999
58321,0,6881,24.1,8.81,98.0,40.0,21.4,273.01,2.0,15,101126.0,9999999
58321,0,6882,20.0,9.23,11.0,7.0,21.4,271.92,2.0,12,101007.0,9999999
58321,0,6883,19.0,6.25,0.0,0.0,21.4,271.26,0.0,11,101006.0,9999999
58321,0,6884,17.0,6.48,0.0,0.0,21.4,271.04,1.0,4,101307.0,9999999
58321,0,6885,15.0,7.65,0.0,0.0,21.4,270.82,0.0,10,101001.0,9999999
58321,0,6886,15.0,8.7,0.0,0.0,21.4,270.6,0.0,9,101001.0,9999999
58321,0,6887,16.0,7.65,0.0,0.0,21.4,270.37,2.0,11,101002.0,9999999
58321,0,6888,17.0,7.65,0.0,0.0,21.4,272.58,3.0,11,101003.0,9999999
58321,0,6889,16.0,5.74,0.0,0.0,21.4,279.7,2.0,12,101002.0,9999999
58321,0,6890,14.6,5.34,0.0,0.0,21.4,280.9,1.0,10,101245.0,9999999
58321,0,6891,16.0,6.08,0.0,0.0,21.4,280.3,3.0,11,101002.0,9999999
58321,0,6892,17.0,6.66,0.0,0.0,21.4,275.79,5.0,13,101003.0,9999999
58321,0,6893,17.7,5.5,0.0,0.0,21.4,274.3,3.0,14,101398.0,9999999
58321,0,6894,17.0,6.21,0.0,0.0,21.4,274.73,4.0,12,101003.0,9999999
58321,0,6895,16.0,6.21,102.0,44.0,21.4,271.26,3.0,12,101002.0,9999999
58321,0,6896,17.7,5.62,286.0,87.0,21.4,267.89,3.0,11,101548.0,9999999
58321,0,6897,20.0,7.29,478.0,112.0,21.4,267.89,7.0,13,101007.0,9999999
58321,0,6898,21.0,5.38,632.0,127.0,21.4,268.34,10.0,13,101008.0,9999999
58321,0,6899,21.6,4.41,730.0,137.0,21.4,269.03,6.0,15,101452.0,9999999
58321,0,6900,23.0,5.38,761.0,140.0,21.4,269.7,9.0,13,101010.0,9999999
58321,0,6901,23.0,5.38,723.0,137.0,21.4,270.37,8.0,13,101010.0,9999999
58321,0,6902,23.4,4.58,620.0,127.0,21.4,271.04,7.0,13,101235.0,9999999
58321,0,6903,23.0,5.0,462.0,110.0,21.4,271.7,9.0,13,101010.0,9999999
58321,0,6904,23.0,5.38,271.0,83.0,21.4,271.7,7.0,14,101010.0,9999999
58321,0,6905,22.0,4.86,96.0,39.0,21.4,271.26,3.0,14,101253.0,9999999
58321,0,6906,19.0,5.42,10.0,6.0,21.4,270.15,4.0,13,101006.0,9999999
58321,0,6907,18.0,6.21,0.0,0.0,21.4,269.03,2.0,13,101005.0,9999999
58321,0,6908,18.9,7.75,0.0,0.0,21.4,269.03,1.0,13,101449.0,9999999
58321,0,6909,17.0,7.59,0.0,0.0,21.4,271.04,2.0,12,101003.0,9999999
58321,0,6910,16.0,6.66,0.0,0.0,21.4,273.66,2.0,11,101002.0,9999999
58321,0,6911,15.0,6.66,0.0,0.0,21.4,274.09,1.0,10,101001.0,9999999
58321,0,6912,14.0,7.14,0.0,0.0,21.4,274.09,1.0,12,101000.0,9999999
58321,0,6913,13.0,6.66,0.0,0.0,21.4,273.87,1.0,11,100999.0,9999999
58321,0,6914,12.7,7.14,0.0,0.0,21.4,274.73,1.0,12,101482.0,9999999
58321,0,6915,13.0,7.14,0.0,0.0,21.4,271.92,2.0,12,100999.0,9999999
58321,0,6916,12.8,7.34,0.0,0.0,21.4,268.57,2.0,12,101240.0,9999999
58321,0,6917,12.5,7.49,0.0,0.0,21.4,270.15,2.0,10,101482.0,9999999
58321,0,6918,13.0,5.34,0.0,0.0,21.4,271.7,1.0,11,100999.0,9999999
58321,0,6919,13.0,5.54,76.0,53.0,21.4,271.92,2.0,12,100999.0,9999999
58321,0,6920,17.0,7.24,227.0,125.0,21.4,271.92,1.0,12,101607.0,9999999
58321,0,6921,15.6,6.85,406.0,185.0,21.4,272.36,4.0,12,101007.0,9999999
58321,0,6922,21.0,6.21,566.0,200.0,21.4,273.23,4.0,13,101008.0,9999999
58321,0,6923,21.9,5.34,669.0,210.0,21.4,272.8,3.0,13,101562.0,9999999
58321,0,6924,22.0,6.21,655.0,255.0,21.4,274.94,5.0,12,101009.0,9999999
58321,0,6925,23.0,5.78,589.0,270.0,21.4,277.86,4.0,13,101010.0,9999999
58321,0,6926,24.2,4.82,486.0,254.0,21.4,278.68,2.0,15,101355.0,9999999
58321,0,6927,24.0,5.78,343.0,212.0,21.4,279.49,4.0,13,101011.0,9999999
58321,0,6928,23.0,5.74,202.0,134.0,21.4,278.89,3.0,11,101010.0,9999999
58321,0,6929,22.1,5.58,71.0,54.0,21.4,278.68,2.0,11,101343.0,9999999
58321,0,6930,20.0,9.23,8.0,7.0,21.4,277.25,1.0,11,101007.0,9999999
58321,0,6931,18.0,7.14,0.0,0.0,21.4,276.21,1.0,11,101005.0,9999999
58321,0,6932,17.7,7.04,0.0,0.0,21.4,276.83,1.0,12,101478.0,9999999
58321,0,6933,16.0,6.08,0.0,0.0,21.4,274.09,1.0,9,101002.0,9999999
58321,0,6934,14.0,7.65,0.0,0.0,21.4,272.14,1.0,8,101000.0,9999999
58321,0,6935,14.0,7.65,0.0,0.0,21.4,270.37,0.0,9,101000.0,9999999
58321,0,6936,13.0,7.14,0.0,0.0,21.4,270.15,0.0,9,100999.0,9999999
58321,0,6937,13.0,7.65,0.0,0.0,21.4,269.48,0.0,9,100999.0,9999999
58321,0,6938,12.9,7.86,0.0,0.0,21.4,269.03,1.0,11,101622.0,9999999
58321,0,6939,12.0,7.65,0.0,0.0,21.4,268.34,0.0,10,100998.0,9999999
58321,0,6940,12.0,7.65,0.0,0.0,21.4,268.12,0.0,10,100998.0,9999999
58321,0,6941,11.7,7.97,0.0,0.0,21.4,267.89,0.0,10,101670.0,9999999
58321,0,6942,11.0,7.14,0.0,0.0,21.4,267.89,0.0,11,100997.0,9999999
58321,0,6943,12.0,7.65,102.0,42.0,21.4,267.89,0.0,11,100998.0,9999999
58321,0,6944,16.1,9.48,278.0,85.0,21.4,269.03,0.0,12,101885.0,9999999
58321,0,6945,20.0,8.18,465.0,111.0,21.4,270.6,0.0,13,101007.0,9999999
58321,0,6946,23.0,7.14,615.0,128.0,21.4,272.58,2.0,16,101010.0,9999999
58321,0,6947,24.3,6.04,711.0,137.0,21.4,274.09,1.0,11,101904.0,9999999
58321,0,6948,25.0,6.66,741.0,140.0,21.4,275.36,2.0,15,101012.0,9999999
58321,0,6949,26.0,6.66,702.0,137.0,21.4,276.21,2.0,15,101013.0,9999999
58321,0,6950,26.4,7.04,602.0,126.0,21.4,276.41,3.0,9,101746.0,9999999
58321,0,6951,27.0,7.09,447.0,109.0,21.4,276.0,2.0,7,101014.0,9999999
58321,0,6952,25.0,7.7,258.0,81.0,21.4,275.58,3.0,7,101012.0,9999999
58321,0,6953,23.5,6.48,88.0,37.0,21.4,275.36,2.0,7,101783.0,9999999
58321,0,6954,19.0,7.65,9.0,6.0,21.4,273.87,0.0,6,101006.0,9999999
58321,0,6955,17.0,7.65,0.0,0.0,21.4,273.01,0.0,6,101003.0,9999999
58321,0,6956,17.2,7.44,0.0,0.0,21.4,272.14,1.0,5,101926.0,9999999
58321,0,6957,16.0,8.18,0.0,0.0,21.4,271.48,1.0,5,101002.0,9999999
58321,0,6958,15.0,7.65,0.0,0.0,21.4,271.04,1.0,4,101001.0,9999999
58321,0,6959,16.0,8.18,0.0,0.0,21.4,270.6,2.0,3,101002.0,9999999
58321,0,6960,15.0,7.65,0.0,0.0,21.4,270.37,2.0,3,101001.0,9999999
58321,0,6961,16.0,8.18,0.0,0.0,21.4,270.15,3.0,4,101002.0,9999999
58321,0,6962,16.7,8.64,0.0,0.0,21.4,269.7,2.0,3,102055.0,9999999
58321,0,6963,16.0,8.75,0.0,0.0,21.4,269.48,2.0,3,101002.0,9999999
58321,0,6964,14.9,8.87,0.0,0.0,21.4,269.25,1.0,4,101552.0,9999999
58321,0,6965,13.8,9.05,0.0,0.0,21.4,269.03,0.0,4,102101.0,9999999
58321,0,6966,12.0,8.18,0.0,0.0,21.4,269.03,1.0,4,100998.0,9999999
58321,0,6967,13.0,8.18,98.0,42.0,21.4,268.8,1.0,4,100999.0,9999999
58321,0,6968,16.9,9.86,269.0,87.0,21.4,269.48,1.0,4,102294.0,9999999
58321,0,6969,19.0,9.36,453.0,115.0,21.4,271.04,3.0,4,101006.0,9999999
58321,0,6970,21.0,9.99,602.0,132.0,21.4,272.8,4.0,5,101008.0,9999999
58321,0,6971,21.9,9.54,698.0,141.0,21.4,274.52,4.0,5,102310.0,9999999
58321,0,6972,24.0,8.75,729.0,144.0,21.4,275.58,4.0,6,101011.0,9999999
58321,0,6973,25.0,8.18,692.0,140.0,21.4,276.21,4.0,6,101012.0,9999999
58321,0,6974,24.9,6.25,591.0,129.0,21.4,276.21,3.0,8,102054.0,9999999
58321,0,6975,25.0,6.66,438.0,111.0,21.4,276.0,5.0,5,101012.0,9999999
58321,0,6976,24.0,6.66,253.0,81.0,21.4,275.15,6.0,6,101011.0,9999999
58321,0,6977,22.8,6.04,85.0,37.0,21.4,273.87,2.0,5,101972.0,9999999
58321,0,6978,20.0,7.14,8.0,5.0,21.4,272.14,2.0,4,101007.0,9999999
58321,0,6979,19.0,6.66,0.0,0.0,21.4,270.82,3.0,4,101006.0,9999999
58321,0,6980,18.4,5.62,0.0,0.0,21.4,270.15,1.0,4,102097.0,9999999
58321,0,6981,17.0,6.21,0.0,0.0,21.4,269.7,3.0,4,101003.0,9999999
58321,0,6982,17.0,6.66,0.0,0.0,21.4,269.7,2.0,4,101003.0,9999999
58321,0,6983,17.0,7.65,0.0,0.0,21.4,269.48,4.0,4,101003.0,9999999
58321,0,6984,16.0,7.65,0.0,0.0,21.4,269.03,4.0,4,101002.0,9999999
58321,0,6985,16.0,8.18,0.0,0.0,21.4,268.8,3.0,4,101002.0,9999999
58321,0,6986,15.4,8.41,0.0,0.0,21.4,268.34,2.0,4,102133.0,9999999
58321,0,6987,14.0,8.18,0.0,0.0,21.4,268.12,3.0,4,101000.0,9999999
58321,0,6988,13.9,8.24,0.0,0.0,21.4,267.66,3.0,4,101551.0,9999999
58321,0,6989,13.8,8.24,0.0,0.0,21.4,267.2,3.0,4,102101.0,9999999
58321,0,6990,13.0,7.65,0.0,0.0,21.4,267.2,2.0,4,100999.0,9999999
58321,0,6991,13.0,7.65,97.0,42.0,21.4,266.5,2.0,4,100999.0,9999999
58321,0,6992,15.0,8.07,271.0,87.0,21.4,266.27,3.0,4,102212.0,9999999
58321,0,6993,17.0,7.65,458.0,114.0,21.4,266.96,4.0,4,101003.0,9999999
58321,0,6994,18.0,6.21,612.0,131.0,21.4,267.89,5.0,4,101005.0,9999999
58321,0,6995,19.3,5.54,706.0,150.0,21.4,268.57,3.0,5,102137.0,9999999
58321,0,6996,21.0,5.38,733.0,159.0,21.4,269.48,6.0,4,101008.0,9999999
58321,0,6997,22.0,5.78,687.0,165.0,21.4,270.15,6.0,5,101009.0,9999999
58321,0,6998,21.8,4.82,577.0,163.0,21.4,271.26,5.0,4,101841.0,9999999
58321,0,6999,22.0,6.21,426.0,134.0,21.4,271.92,6.0,5,101009.0,9999999
58321,0,7000,21.0,6.21,243.0,93.0,21.4,271.48,5.0,4,101008.0,9999999
58321,0,7001,20.4,5.95,80.0,41.0,21.4,271.92,2.0,4,101770.0,9999999
58321,0,7002,18.0,6.66,7.0,5.0,21.4,271.7,3.0,4,101005.0,9999999
58321,0,7003,18.0,6.66,0.0,0.0,21.4,272.14,3.0,3,101005.0,9999999
58321,0,7004,17.7,6.66,0.0,0.0,21.4,272.58,2.0,4,101867.0,9999999
58321,0,7005,17.0,7.14,0.0,0.0,21.4,271.7,2.0,4,101003.0,9999999
58321,0,7006,17.0,7.65,0.0,0.0,21.4,274.3,2.0,2,101003.0,9999999
58321,0,7007,17.0,7.65,0.0,0.0,21.4,276.21,2.0,1,101003.0,9999999
58321,0,7008,17.0,7.65,0.0,0.0,21.4,277.45,2.0,3,101003.0,9999999
58321,0,7009,16.0,7.65,0.0,0.0,21.4,277.86,2.0,4,101002.0,9999999
58321,0,7010,16.3,7.75,0.0,0.0,21.4,278.07,3.0,3,101765.0,9999999
58321,0,7011,16.0,8.18,0.0,0.0,21.4,277.25,2.0,3,101002.0,9999999
58321,0,7012,16.0,8.18,0.0,0.0,21.4,276.0,2.0,2,101002.0,9999999
58321,0,7013,15.9,8.58,0.0,0.0,21.4,280.3,2.0,3,101725.0,9999999
58321,0,7014,15.0,8.75,0.0,0.0,21.4,278.27,2.0,2,101001.0,9999999
58321,0,7015,16.0,8.75,85.0,42.0,21.4,273.01,2.0,2,101002.0,9999999
58321,0,7016,16.9,8.99,241.0,95.0,21.4,272.36,2.0,3,101836.0,9999999
58321,0,7017,18.0,8.75,418.0,132.0,21.4,273.23,3.0,4,101005.0,9999999
58321,0,7018,18.0,9.36,572.0,150.0,21.4,273.87,3.0,4,101005.0,9999999
58321,0,7019,19.9,8.87,672.0,152.0,21.4,274.73,1.0,8,101769.0,9999999
58321,0,7020,21.0,9.36,694.0,159.0,21.4,275.79,2.0,6,101008.0,9999999
58321,0,7021,22.0,9.36,649.0,164.0,21.4,278.48,2.0,6,101009.0,9999999
58321,0,7022,22.2,8.18,493.0,182.0,21.4,279.7,3.0,6,101562.0,9999999
58321,0,7023,23.0,8.75,296.0,169.0,21.4,283.25,3.0,6,101010.0,9999999
58321,0,7024,21.0,8.75,157.0,106.0,21.4,282.08,2.0,7,101008.0,9999999
58321,0,7025,20.6,7.24,50.0,42.0,21.4,282.08,1.0,8,101561.0,9999999
58321,0,7026,19.0,7.65,3.0,3.0,21.4,283.06,1.0,7,101006.0,9999999
58321,0,7027,19.0,8.75,0.0,0.0,21.4,281.89,0.0,5,101006.0,9999999
58321,0,7028,18.9,8.3,0.0,0.0,21.4,279.09,0.0,6,101658.0,9999999
58321,0,7029,18.0,8.75,0.0,0.0,21.4,278.27,0.0,6,101005.0,9999999
58321,0,7030,18.0,9.36,0.0,0.0,21.4,276.83,0.0,7,101005.0,9999999
58321,0,7031,18.0,9.36,0.0,0.0,21.4,276.83,0.0,8,101005.0,9999999
58321,0,7032,18.0,9.36,0.0,0.0,21.4,277.66,0.0,8,101005.0,9999999
58321,0,7033,17.0,9.99,0.0,0.0,21.4,276.83,0.0,11,101003.0,9999999
58321,0,7034,17.3,10.4,0.0,0.0,21.4,276.41,1.0,2,101567.0,9999999
58321,0,7035,16.0,9.99,0.0,0.0,21.4,274.52,0.0,0,101002.0,9999999
58321,0,7036,16.3,10.33,0.0,0.0,21.4,275.15,0.0,1,101294.0,9999999
58321,0,7037,16.6,10.67,0.0,0.0,21.4,278.07,0.0,2,101586.0,9999999
58321,0,7038,16.0,9.99,0.0,0.0,21.4,274.73,0.0,1,101002.0,9999999
58321,0,7039,16.0,10.67,79.0,40.0,21.4,275.58,1.0,12,101002.0,9999999
58321,0,7040,17.8,10.81,235.0,89.0,21.4,274.94,1.0,11,101737.0,9999999
58321,0,7041,19.0,9.99,409.0,118.0,21.4,275.79,1.0,11,101006.0,9999999
58321,0,7042,20.0,7.59,560.0,134.0,21.4,277.25,1.0,11,101007.0,9999999
58321,0,7043,21.8,9.99,666.0,144.0,21.4,277.25,3.0,10,101672.0,9999999
58321,0,7044,23.0,9.99,698.0,147.0,21.4,277.86,2.0,14,101010.0,9999999
58321,0,7045,23.0,9.36,656.0,149.0,21.4,278.27,2.0,12,101010.0,9999999
58321,0,7046,23.8,8.64,532.0,140.0,21.4,280.9,1.0,14,101464.0,9999999
58321,0,7047,24.0,8.18,367.0,121.0,21.4,280.1,2.0,12,101011.0,9999999
58321,0,7048,23.0,8.75,208.0,87.0,21.4,280.5,2.0,12,101010.0,9999999
58321,0,7049,22.2,9.86,70.0,35.0,21.4,279.29,1.0,4,101483.0,9999999
58321,0,7050,19.0,9.99,6.0,4.0,21.4,277.25,0.0,15,101006.0,9999999
58321,0,7051,18.0,9.99,0.0,0.0,21.4,275.79,0.0,16,101005.0,9999999
58321,0,7052,18.9,9.99,0.0,0.0,21.4,276.21,1.0,2,101569.0,9999999
58321,0,7053,17.0,9.99,0.0,0.0,21.4,274.52,0.0,1,101003.0,9999999
58321,0,7054,19.0,9.99,0.0,0.0,21.4,274.3,3.0,1,101006.0,9999999
58321,0,7055,17.0,9.99,0.0,0.0,21.4,273.87,0.0,2,101003.0,9999999
58321,0,7056,17.0,9.99,0.0,0.0,21.4,274.09,1.0,3,101003.0,9999999
58321,0,7057,16.0,9.99,0.0,0.0,21.4,274.09,0.0,3,101002.0,9999999
58321,0,7058,16.7,10.81,0.0,0.0,21.4,273.66,1.0,3,101546.0,9999999
58321,0,7059,16.0,9.99,0.0,0.0,21.4,274.3,0.0,4,101002.0,9999999
58321,0,7060,15.0,9.99,0.0,0.0,21.4,272.8,0.0,5,101001.0,9999999
58321,0,7061,14.7,10.06,0.0,0.0,21.4,273.66,1.0,3,101574.0,9999999
58321,0,7062,14.0,9.36,0.0,0.0,21.4,274.52,0.0,4,101000.0,9999999
58321,0,7063,14.0,9.36,84.0,41.0,21.4,272.8,0.0,4,101000.0,9999999
58321,0,7064,16.4,11.24,241.0,92.0,21.4,273.23,1.0,5,101706.0,9999999
58321,0,7065,18.0,10.67,414.0,131.0,21.4,275.15,2.0,7,101005.0,9999999
58321,0,7066,20.0,11.39,559.0,156.0,21.4,276.41,2.0,7,101007.0,9999999
58321,0,7067,21.4,11.46,644.0,181.0,21.4,277.86,2.0,6,101631.0,9999999
58321,0,7068,23.0,10.67,624.0,224.0,21.4,279.9,4.0,6,101010.0,9999999
58321,0,7069,23.0,11.39,568.0,226.0,21.4,282.48,3.0,6,101010.0,9999999
58321,0,7070,22.5,10.95,466.0,214.0,21.4,281.89,1.0,6,101363.0,9999999
58321,0,7071,23.0,10.67,292.0,190.0,21.4,284.03,2.0,7,101010.0,9999999
58321,0,7072,22.0,10.67,150.0,111.0,21.4,285.18,3.0,7,101009.0,9999999
58321,0,7073,22.0,10.26,51.0,38.0,21.4,283.06,2.0,5,101293.0,9999999
58321,0,7074,21.0,9.36,3.0,3.0,21.4,284.99,4.0,5,101008.0,9999999
58321,0,7075,20.0,9.36,0.0,0.0,21.4,282.48,2.0,4,101007.0,9999999
58321,0,7076,19.4,9.86,0.0,0.0,21.4,281.49,2.0,4,101360.0,9999999
58321,0,7077,19.0,9.36,0.0,0.0,21.4,283.06,2.0,4,101006.0,9999999
58321,0,7078,19.0,9.36,0.0,0.0,21.4,282.87,2.0,4,101006.0,9999999
58321,0,7079,19.0,9.99,0.0,0.0,21.4,285.55,2.0,3,101006.0,9999999
58321,0,7080,19.0,9.99,0.0,0.0,21.4,285.18,4.0,4,101006.0,9999999
58321,0,7081,19.0,9.36,0.0,0.0,21.4,286.31,3.0,4,101006.0,9999999
58321,0,7082,19.2,9.99,0.0,0.0,21.4,287.06,2.0,4,101220.0,9999999
58321,0,7083,19.1,10.06,0.0,0.0,21.4,284.79,2.0,4,101187.0,9999999
58321,0,7084,19.0,10.06,0.0,0.0,21.4,283.84,2.0,4,101154.0,9999999
58321,0,7085,18.9,10.13,0.0,0.0,21.4,283.06,2.0,3,101120.0,9999999
58321,0,7086,18.0,9.99,0.0,0.0,21.4,284.41,2.0,4,101005.0,9999999
58321,0,7087,18.0,9.99,48.0,35.0,21.4,283.06,3.0,4,101005.0,9999999
58321,0,7088,19.4,10.88,156.0,102.0,21.4,282.87,2.0,4,101171.0,9999999
58321,0,7089,20.0,10.67,275.0,172.0,21.4,284.22,4.0,4,101007.0,9999999
58321,0,7090,21.0,10.67,359.0,196.0,21.4,284.41,4.0,5,101008.0,9999999
58321,0,7091,21.6,11.31,437.0,208.0,21.4,286.31,2.0,4,101093.0,9999999
58321,0,7092,23.0,10.67,405.0,205.0,21.4,286.12,4.0,6,101010.0,9999999
58321,0,7093,22.0,10.67,312.0,162.0,21.4,288.35,3.0,6,101009.0,9999999
58321,0,7094,22.3,11.46,170.0,90.0,21.4,289.63,1.0,4,100905.0,9999999
58321,0,7095,22.0,11.39,34.0,32.0,21.4,291.07,2.0,16,101009.0,9999999
58321,0,7096,21.0,11.39,15.0,15.0,21.4,290.36,3.0,16,101008.0,9999999
58321,0,7097,19.3,12.38,4.0,4.0,21.4,289.63,4.0,16,101111.0,9999999
58321,0,7098,18.0,12.14,0.0,0.0,21.4,289.09,3.0,16,101005.0,9999999
58321,0,7099,18.0,12.14,0.0,0.0,21.4,288.72,3.0,1,101005.0,9999999
58321,0,7100,17.7,12.46,0.0,0.0,21.4,288.54,2.0,1,101358.0,9999999
58321,0,7101,17.0,12.14,0.0,0.0,21.4,288.35,2.0,2,101003.0,9999999
58321,0,7102,17.0,11.39,0.0,0.0,21.4,288.35,1.0,1,101003.0,9999999
58321,0,7103,17.0,12.14,0.0,0.0,21.4,288.17,2.0,16,101003.0,9999999
58321,0,7104,17.0,11.39,0.0,0.0,21.4,288.35,3.0,15,101003.0,9999999
58321,0,7105,17.0,11.39,0.0,0.0,21.4,288.35,3.0,16,101003.0,9999999
58321,0,7106,16.7,11.53,0.0,0.0,21.4,288.35,3.0,1,101397.0,9999999
58321,0,7107,16.4,11.09,0.0,0.0,21.4,287.8,3.5,16,101200.0,9999999
58321,0,7108,16.0,10.67,0.0,0.0,21.4,287.43,4.0,16,101002.0,9999999
58321,0,7109,15.3,10.46,0.0,0.0,21.4,287.24,3.0,16,101605.0,9999999
58321,0,7110,15.0,9.36,0.0,0.0,21.4,286.31,4.0,16,101001.0,9999999
58321,0,7111,15.0,9.36,25.0,23.0,21.4,284.99,5.0,16,101001.0,9999999
58321,0,7112,14.8,9.54,94.0,80.0,21.4,284.03,4.0,1,101883.0,9999999
58321,0,7113,15.0,8.75,163.0,132.0,21.4,283.25,5.0,16,101001.0,9999999
58321,0,7114,16.0,8.75,214.0,163.0,21.4,283.84,6.0,16,101002.0,9999999
58321,0,7115,15.9,9.23,251.0,183.0,21.4,284.79,5.0,16,102074.0,9999999
58321,0,7116,16.0,8.75,314.0,231.0,21.4,284.6,4.0,16,101002.0,9999999
58321,0,7117,16.0,8.75,320.0,250.0,21.4,286.12,4.0,16,101002.0,9999999
58321,0,7118,16.2,9.17,191.0,162.0,21.4,285.74,3.0,1,102004.0,9999999
58321,0,7119,16.0,8.75,97.0,90.0,21.4,285.93,5.0,1,101002.0,9999999
58321,0,7120,15.0,8.18,51.0,50.0,21.4,285.37,4.0,1,101001.0,9999999
58321,0,7121,14.7,8.13,12.0,12.0,21.4,285.74,3.0,1,102142.0,9999999
58321,0,7122,14.0,7.65,1.0,1.0,21.4,285.55,4.0,1,101000.0,9999999
58321,0,7123,14.0,7.65,0.0,0.0,21.4,285.37,3.0,1,101000.0,9999999
58321,0,7124,14.4,7.97,0.0,0.0,21.4,284.79,2.0,2,102431.0,9999999
58321,0,7125,14.0,7.14,0.0,0.0,21.4,284.22,4.0,2,101000.0,9999999
58321,0,7126,14.0,7.14,0.0,0.0,21.4,282.08,3.0,16,101000.0,9999999
58321,0,7127,14.0,7.14,0.0,0.0,21.4,281.49,4.0,1,101000.0,9999999
58321,0,7128,13.0,7.14,0.0,0.0,21.4,280.9,3.0,1,100999.0,9999999
58321,0,7129,12.0,6.66,0.0,0.0,21.4,277.25,4.0,1,100998.0,9999999
58321,0,7130,12.5,6.85,0.0,0.0,21.4,273.44,2.0,1,102588.0,9999999
58321,0,7131,12.0,6.21,0.0,0.0,21.4,277.45,3.0,1,100998.0,9999999
58321,0,7132,12.0,5.78,0.0,0.0,21.4,272.58,4.0,2,100998.0,9999999
58321,0,7133,11.6,5.99,0.0,0.0,21.4,269.03,4.0,2,102687.0,9999999
58321,0,7134,10.0,5.38,0.0,0.0,21.4,264.38,4.0,2,100996.0,9999999
58321,0,7135,10.0,5.78,84.0,38.0,21.4,262.45,3.0,2,100996.0,9999999
58321,0,7136,11.1,5.82,250.0,84.0,21.4,261.71,3.0,2,102846.0,9999999
58321,0,7137,13.0,5.38,433.0,113.0,21.4,262.2,5.0,2,100999.0,9999999
58321,0,7138,14.0,5.38,583.0,133.0,21.4,263.18,5.0,3,101000.0,9999999
58321,0,7139,15.0,5.78,676.0,147.0,21.4,264.38,0.0,3,102751.0,9999999
58321,0,7140,17.0,5.74,704.0,150.0,21.4,265.56,4.0,2,101003.0,9999999
58321,0,7141,16.0,5.38,663.0,146.0,21.4,266.73,4.0,3,101002.0,9999999
58321,0,7142,16.6,5.11,546.0,144.0,21.4,267.43,0.0,3,102453.0,9999999
58321,0,7143,17.0,5.38,391.0,124.0,21.4,269.25,3.0,4,101003.0,9999999
58321,0,7144,17.0,5.38,220.0,82.0,21.4,267.89,4.0,4,101003.0,9999999
58321,0,7145,16.0,5.04,67.0,33.0,21.4,267.43,3.0,4,102403.0,9999999
58321,0,7146,14.0,5.38,4.0,3.0,21.4,268.57,2.0,3,101000.0,9999999
58321,0,7147,15.0,5.38,0.0,0.0,21.4,268.34,3.0,3,101001.0,9999999
58321,0,7148,13.8,5.46,0.0,0.0,21.4,271.26,2.0,3,102490.0,9999999
58321,0,7149,13.0,5.78,0.0,0.0,21.4,270.82,3.0,3,100999.0,9999999
58321,0,7150,13.0,5.78,0.0,0.0,21.4,273.66,4.0,3,100999.0,9999999
58321,0,7151,12.0,6.21,0.0,0.0,21.4,271.92,3.0,4,100998.0,9999999
58321,0,7152,11.0,5.78,0.0,0.0,21.4,274.94,2.0,3,100997.0,9999999
58321,0,7153,11.0,6.21,0.0,0.0,21.4,271.92,2.0,3,100997.0,9999999
58321,0,7154,10.9,6.12,0.0,0.0,21.4,269.93,2.0,3,102407.0,9999999
58321,0,7155,11.0,5.78,0.0,0.0,21.4,266.73,3.0,4,100997.0,9999999
58321,0,7156,10.0,5.38,0.0,0.0,21.4,263.18,4.0,4,100996.0,9999999
58321,0,7157,9.8,5.78,0.0,0.0,21.4,262.93,2.0,3,102366.0,9999999
58321,0,7158,10.0,5.38,0.0,0.0,21.4,261.96,3.0,4,100996.0,9999999
58321,0,7159,10.0,5.38,85.0,38.0,21.4,261.22,4.0,4,100996.0,9999999
58321,0,7160,12.3,5.95,250.0,83.0,21.4,261.47,3.0,3,102419.0,9999999
58321,0,7161,14.0,5.78,428.0,112.0,21.4,263.42,5.0,4,101000.0,9999999
58321,0,7162,15.0,5.78,573.0,130.0,21.4,265.33,5.0,4,101001.0,9999999
58321,0,7163,14.9,5.74,659.0,148.0,21.4,266.5,3.0,3,102332.0,9999999
58321,0,7164,16.0,6.21,678.0,163.0,21.4,268.34,4.0,4,101002.0,9999999
58321,0,7165,16.0,6.21,640.0,154.0,21.4,271.48,3.0,4,101002.0,9999999
58321,0,7166,16.4,5.78,541.0,136.0,21.4,270.82,3.0,3,102054.0,9999999
58321,0,7167,16.0,6.21,390.0,113.0,21.4,272.14,4.0,3,101002.0,9999999
58321,0,7168,16.0,6.21,213.0,76.0,21.4,270.15,3.0,1,101002.0,9999999
58321,0,7169,15.9,6.04,64.0,30.0,21.4,269.93,2.0,2,102094.0,9999999
58321,0,7170,15.0,6.21,4.0,3.0,21.4,269.7,2.0,2,101001.0,9999999
58321,0,7171,14.0,6.21,0.0,0.0,21.4,269.48,3.0,3,101000.0,9999999
58321,0,7172,13.4,6.39,0.0,0.0,21.4,269.03,2.0,4,102131.0,9999999
58321,0,7173,13.0,6.21,0.0,0.0,21.4,268.57,2.0,4,100999.0,9999999
58321,0,7174,12.0,6.66,0.0,0.0,21.4,268.57,2.0,2,100998.0,9999999
58321,0,7175,11.0,6.66,0.0,0.0,21.4,268.57,1.0,1,100997.0,9999999
58321,0,7176,12.0,6.66,0.0,0.0,21.4,268.34,2.0,1,100998.0,9999999
58321,0,7177,11.0,6.21,0.0,0.0,21.4,268.57,3.0,1,100997.0,9999999
58321,0,7178,11.5,6.85,0.0,0.0,21.4,268.8,1.0,1,102158.0,9999999
58321,0,7179,10.0,6.66,0.0,0.0,21.4,269.03,1.0,15,100996.0,9999999
58321,0,7180,9.0,6.66,0.0,0.0,21.4,268.8,0.0,1,100994.0,9999999
58321,0,7181,10.5,6.85,0.0,0.0,21.4,271.92,1.0,2,102127.0,9999999
58321,0,7182,10.0,6.66,0.0,0.0,21.4,273.01,0.0,1,100996.0,9999999
58321,0,7183,11.0,7.14,46.0,34.0,21.4,273.01,0.0,0,100997.0,9999999
58321,0,7184,12.4,7.19,126.0,90.0,21.4,276.41,1.0,1,102289.0,9999999
58321,0,7185,13.0,7.14,203.0,155.0,21.4,279.09,1.0,10,100999.0,9999999
58321,0,7186,15.0,7.14,290.0,211.0,21.4,280.1,2.0,15,101001.0,9999999
58321,0,7187,16.5,6.99,356.0,246.0,21.4,281.49,2.0,16,102234.0,9999999
58321,0,7188,18.0,7.14,314.0,213.0,21.4,282.48,2.0,15,101005.0,9999999
58321,0,7189,17.0,7.14,234.0,168.0,21.4,282.67,3.0,13,101003.0,9999999
58321,0,7190,16.8,7.14,155.0,131.0,21.4,284.03,2.0,14,102115.0,9999999
58321,0,7191,16.0,7.65,90.0,81.0,21.4,283.84,5.0,14,101002.0,9999999
58321,0,7192,15.0,7.14,51.0,46.0,21.4,284.03,4.0,15,101001.0,9999999
58321,0,7193,15.2,7.65,14.0,13.0,21.4,283.25,2.0,15,102153.0,9999999
58321,0,7194,14.0,7.65,1.0,1.0,21.4,283.06,3.0,14,101000.0,9999999
58321,0,7195,14.0,7.65,0.0,0.0,21.4,282.28,3.0,14,101000.0,9999999
58321,0,7196,14.5,8.35,0.0,0.0,21.4,280.5,1.0,15,102252.0,9999999
58321,0,7197,14.0,8.18,0.0,0.0,21.4,278.89,2.0,14,101000.0,9999999
58321,0,7198,13.0,8.18,0.0,0.0,21.4,278.27,1.0,14,100999.0,9999999
58321,0,7199,13.0,8.18,0.0,0.0,21.4,275.36,2.0,13,100999.0,9999999
58321,0,7200,13.0,8.18,0.0,0.0,21.4,277.45,2.0,13,100999.0,9999999
58321,0,7201,13.0,8.18,0.0,0.0,21.4,276.0,2.0,13,100999.0,9999999
58321,0,7202,13.7,8.3,0.0,0.0,21.4,274.3,1.0,14,102181.0,9999999
58321,0,7203,13.0,8.18,0.0,0.0,21.4,277.45,3.0,13,100999.0,9999999
58321,0,7204,13.2,8.3,0.0,0.0,21.4,280.5,2.5,16,101565.0,9999999
58321,0,7205,13.5,8.41,0.0,0.0,21.4,280.3,2.0,14,102131.0,9999999
58321,0,7206,13.0,8.18,0.0,0.0,21.4,281.29,2.0,13,100999.0,9999999
58321,0,7207,13.0,8.18,24.0,18.0,21.4,281.49,2.0,14,100999.0,9999999
58321,0,7208,13.7,8.52,62.0,54.0,21.4,281.49,1.0,14,102271.0,9999999
58321,0,7209,14.0,8.75,87.0,81.0,21.4,282.67,2.0,13,101000.0,9999999
58321,0,7210,14.0,8.75,98.0,92.0,21.4,283.06,2.0,13,101000.0,9999999
58321,0,7211,13.8,9.29,123.0,112.0,21.4,283.64,2.0,14,102281.0,9999999
58321,0,7212,14.0,8.75,196.0,141.0,21.4,283.25,3.0,13,101000.0,9999999
58321,0,7213,14.0,8.75,170.0,124.0,21.4,284.03,2.0,12,101000.0,9999999
58321,0,7214,14.0,9.67,65.0,64.0,21.4,284.6,1.0,14,102082.0,9999999
58321,0,7215,14.0,9.36,37.0,34.0,21.4,285.37,3.0,13,101000.0,9999999
58321,0,7216,14.0,9.36,23.0,20.0,21.4,285.18,3.0,13,101000.0,9999999
58321,0,7217,13.7,9.61,5.0,5.0,21.4,284.79,2.0,13,102061.0,9999999
58321,0,7218,14.0,9.36,0.0,0.0,21.4,284.99,2.0,13,101000.0,9999999
58321,0,7219,13.0,9.36,0.0,0.0,21.4,283.25,2.0,12,100999.0,9999999
58321,0,7220,13.5,9.54,0.0,0.0,21.4,285.55,2.0,13,102121.0,9999999
58321,0,7221,13.0,9.36,0.0,0.0,21.4,285.74,3.0,13,100999.0,9999999
58321,0,7222,13.0,9.36,0.0,0.0,21.4,285.74,1.0,13,100999.0,9999999
58321,0,7223,14.0,9.36,0.0,0.0,21.4,285.74,2.0,3,101000.0,9999999
58321,0,7224,13.0,9.36,0.0,0.0,21.4,285.74,2.0,2,100999.0,9999999
58321,0,7225,13.0,9.36,0.0,0.0,21.4,285.55,2.0,1,100999.0,9999999
58321,0,7226,13.6,9.61,0.0,0.0,21.4,285.55,1.0,3,101982.0,9999999
58321,0,7227,13.0,9.36,0.0,0.0,21.4,285.55,1.0,2,100999.0,9999999
58321,0,7228,13.0,9.36,0.0,0.0,21.4,285.37,2.0,2,100999.0,9999999
58321,0,7229,13.6,9.74,0.0,0.0,21.4,285.74,1.0,3,101932.0,9999999
58321,0,7230,14.0,9.36,0.0,0.0,21.4,285.74,2.0,4,101000.0,9999999
58321,0,7231,14.0,9.36,0.0,0.0,21.4,285.74,1.0,4,101000.0,9999999
58321,0,7232,13.9,9.93,14.0,14.0,21.4,285.55,1.0,15,102082.0,9999999
58321,0,7233,14.0,9.36,27.0,27.0,21.4,285.74,1.0,2,101000.0,9999999
58321,0,7234,14.0,9.36,52.0,52.0,21.4,285.74,1.0,2,101000.0,9999999
58321,0,7235,14.2,10.13,60.0,59.0,21.4,286.31,1.0,5,102072.0,9999999
58321,0,7236,14.0,9.36,59.0,59.0,21.4,286.12,2.0,4,101000.0,9999999
58321,0,7237,14.0,9.36,64.0,63.0,21.4,286.12,2.0,2,101000.0,9999999
58321,0,7238,14.4,10.06,51.0,50.0,21.4,286.12,1.0,3,101893.0,9999999
58321,0,7239,14.0,9.36,37.0,37.0,21.4,285.93,2.0,3,101000.0,9999999
58321,0,7240,14.0,9.36,20.0,20.0,21.4,285.93,2.0,4,101000.0,9999999
58321,0,7241,14.3,10.06,5.0,5.0,21.4,286.12,1.0,4,101893.0,9999999
58321,0,7242,14.0,9.36,0.0,0.0,21.4,285.74,1.0,4,101000.0,9999999
58321,0,7243,14.0,9.36,0.0,0.0,21.4,285.55,2.0,3,101000.0,9999999
58321,0,7244,14.2,9.99,0.0,0.0,21.4,285.37,1.0,3,101922.0,9999999
58321,0,7245,14.0,9.36,0.0,0.0,21.4,285.18,1.0,3,101000.0,9999999
58321,0,7246,14.0,9.36,0.0,0.0,21.4,284.79,1.0,4,101000.0,9999999
58321,0,7247,14.0,9.36,0.0,0.0,21.4,281.49,1.0,2,101000.0,9999999
58321,0,7248,14.0,9.36,0.0,0.0,21.4,279.09,1.0,4,101000.0,9999999
58321,0,7249,14.0,9.36,0.0,0.0,21.4,278.89,2.0,3,101000.0,9999999
58321,0,7250,14.3,9.99,0.0,0.0,21.4,279.29,0.0,3,101913.0,9999999
58321,0,7251,14.0,9.36,0.0,0.0,21.4,279.09,0.0,2,101000.0,9999999
58321,0,7252,14.1,9.61,0.0,0.0,21.4,283.25,0.5,2,101466.0,9999999
58321,0,7253,14.2,9.93,0.0,0.0,21.4,283.45,1.0,2,101932.0,9999999
58321,0,7254,14.0,9.36,0.0,0.0,21.4,283.64,2.0,2,101000.0,9999999
58321,0,7255,14.0,9.36,35.0,27.0,21.4,284.41,1.0,3,101000.0,9999999
58321,0,7256,14.6,9.86,125.0,80.0,21.4,278.48,1.0,4,102062.0,9999999
58321,0,7257,15.0,9.36,261.0,134.0,21.4,278.27,2.0,4,101001.0,9999999
58321,0,7258,16.0,9.99,339.0,186.0,21.4,279.49,2.0,5,101002.0,9999999
58321,0,7259,16.9,10.6,316.0,233.0,21.4,282.87,1.0,3,102105.0,9999999
58321,0,7260,18.0,9.99,339.0,229.0,21.4,287.43,2.0,4,101005.0,9999999
58321,0,7261,18.0,9.99,319.0,198.0,21.4,285.37,2.0,5,101005.0,9999999
58321,0,7262,18.4,10.6,231.0,179.0,21.4,287.43,2.0,5,101917.0,9999999
58321,0,7263,18.0,9.99,176.0,143.0,21.4,285.37,1.0,6,101005.0,9999999
58321,0,7264,18.0,9.99,105.0,88.0,21.4,286.12,3.0,6,101005.0,9999999
58321,0,7265,17.8,10.81,35.0,30.0,21.4,283.25,1.0,6,101966.0,9999999
58321,0,7266,17.0,10.67,2.0,2.0,21.4,282.48,1.0,4,101003.0,9999999
58321,0,7267,16.0,10.67,0.0,0.0,21.4,280.7,0.0,5,101002.0,9999999
58321,0,7268,16.7,11.09,0.0,0.0,21.4,279.29,1.0,3,102095.0,9999999
58321,0,7269,16.0,9.99,0.0,0.0,21.4,279.29,2.0,4,101002.0,9999999
58321,0,7270,15.0,9.99,0.0,0.0,21.4,277.66,2.0,2,101001.0,9999999
58321,0,7271,16.0,9.36,0.0,0.0,21.4,277.25,2.0,3,101002.0,9999999
58321,0,7272,15.0,8.75,0.0,0.0,21.4,277.86,2.0,3,101001.0,9999999
58321,0,7273,15.0,8.75,0.0,0.0,21.4,275.58,2.0,2,101001.0,9999999
58321,0,7274,14.5,9.17,0.0,0.0,21.4,274.94,1.0,3,101992.0,9999999
58321,0,7275,14.0,8.75,0.0,0.0,21.4,277.04,2.0,4,101000.0,9999999
58321,0,7276,14.0,8.18,0.0,0.0,21.4,277.25,2.0,4,101000.0,9999999
58321,0,7277,14.4,7.97,0.0,0.0,21.4,277.45,1.0,4,101953.0,9999999
58321,0,7278,14.0,7.14,0.0,0.0,21.4,277.04,3.0,4,101000.0,9999999
58321,0,7279,13.0,7.14,44.0,42.0,21.4,277.25,2.0,4,100999.0,9999999
58321,0,7280,14.3,8.02,134.0,119.0,21.4,276.21,1.0,3,102182.0,9999999
58321,0,7281,15.0,7.65,224.0,181.0,21.4,277.25,4.0,4,101001.0,9999999
58321,0,7282,16.0,7.65,389.0,203.0,21.4,277.04,5.0,4,101002.0,9999999
58321,0,7283,18.1,7.65,579.0,188.0,21.4,275.36,6.0,5,102086.0,9999999
58321,0,7284,20.0,7.65,649.0,159.0,21.4,272.8,6.0,5,101007.0,9999999
58321,0,7285,20.0,7.14,607.0,140.0,21.4,272.8,5.0,5,101007.0,9999999
58321,0,7286,20.5,6.57,509.0,126.0,21.4,273.01,4.0,6,101890.0,9999999
58321,0,7287,21.0,7.14,363.0,105.0,21.4,272.8,4.0,5,101008.0,9999999
58321,0,7288,20.0,7.14,186.0,72.0,21.4,272.8,5.0,4,101007.0,9999999
58321,0,7289,19.1,6.99,54.0,27.0,21.4,273.01,2.0,4,101868.0,9999999
58321,0,7290,15.9,7.59,2.0,2.0,21.4,273.01,2.5,3,101238.0,9999999
58321,0,7291,15.4,7.59,0.0,0.0,21.4,271.7,2.2,3,101237.0,9999999
58321,0,7292,14.7,7.59,0.0,0.0,21.4,271.26,2.0,3,101236.0,9999999
58321,0,7293,14.8,8.18,0.0,0.0,21.4,271.04,2.5,3,101001.0,9999999
58321,0,7294,14.8,8.75,0.0,0.0,21.4,270.82,2.5,3,101001.0,9999999
58321,0,7295,14.9,9.54,0.0,0.0,21.4,270.6,2.5,3,101269.0,9999999
58321,0,7296,15.4,10.19,0.0,0.0,15.37,284.79,2.5,3,101270.0,9999999
58321,0,7297,15.2,10.19,0.0,0.0,15.37,284.41,2.0,3,101269.0,9999999
58321,0,7298,15.3,10.4,0.0,0.0,15.37,285.74,2.0,3,101508.0,9999999
58321,0,7299,15.1,10.13,0.0,0.0,15.37,287.43,2.2,3,101239.0,9999999
58321,0,7300,15.1,10.13,0.0,0.0,15.37,287.24,2.5,3,101239.0,9999999
58321,0,7301,15.2,10.33,0.0,0.0,15.37,287.43,2.5,3,101510.0,9999999
58321,0,7302,15.0,9.99,0.0,0.0,15.37,287.43,3.0,3,101001.0,9999999
58321,0,7303,15.0,9.99,17.0,16.0,15.37,287.24,3.0,3,101001.0,9999999
58321,0,7304,15.3,10.67,49.0,45.0,15.37,287.24,2.0,3,102083.0,9999999
58321,0,7305,15.0,9.99,97.0,89.0,15.37,287.43,3.0,3,101001.0,9999999
58321,0,7306,15.0,9.99,147.0,127.0,15.37,287.99,4.0,4,101001.0,9999999
58321,0,7307,16.5,10.81,153.0,134.0,15.37,287.99,3.0,3,102065.0,9999999
58321,0,7308,16.0,10.67,186.0,155.0,15.37,288.9,3.0,4,101002.0,9999999
58321,0,7309,16.0,10.67,182.0,155.0,15.37,288.35,1.0,5,101002.0,9999999
58321,0,7310,18.1,11.31,117.0,103.0,15.37,289.27,1.0,1,101847.0,9999999
58321,0,7311,18.0,10.67,75.0,62.0,15.37,289.81,3.0,4,101005.0,9999999
58321,0,7312,17.0,10.67,36.0,36.0,15.37,289.27,3.0,1,101003.0,9999999
58321,0,7313,18.1,11.46,12.0,12.0,15.37,289.63,2.0,1,101787.0,9999999
58321,0,7314,16.0,10.67,1.0,1.0,15.37,288.72,3.0,15,101002.0,9999999
58321,0,7315,16.0,10.67,0.0,0.0,15.37,287.99,3.0,16,101002.0,9999999
58321,0,7316,17.7,11.39,0.0,0.0,15.37,287.62,2.0,1,101886.0,9999999
58321,0,7317,15.0,10.67,0.0,0.0,15.37,287.24,3.0,15,101001.0,9999999
58321,0,7318,15.0,10.67,0.0,0.0,15.37,287.06,3.0,15,101001.0,9999999
58321,0,7319,15.0,10.67,0.0,0.0,15.37,286.87,3.0,16,101001.0,9999999
58321,0,7320,15.0,10.67,0.0,0.0,15.37,286.5,3.0,15,101001.0,9999999
58321,0,7321,15.0,9.99,0.0,0.0,15.37,286.5,4.0,14,101001.0,9999999
58321,0,7322,16.1,11.02,0.0,0.0,15.37,286.12,2.0,14,101885.0,9999999
58321,0,7323,14.0,9.99,0.0,0.0,15.37,284.6,4.0,15,101000.0,9999999
58321,0,7324,14.0,9.99,0.0,0.0,15.37,283.45,4.0,14,101000.0,9999999
58321,0,7325,15.0,10.67,0.0,0.0,15.37,284.6,2.0,15,101854.0,9999999
58321,0,7326,14.0,9.36,0.0,0.0,15.37,284.99,4.0,14,101000.0,9999999
58321,0,7327,14.0,9.36,17.0,14.0,15.37,285.74,4.0,14,101000.0,9999999
58321,0,7328,15.0,10.33,41.0,36.0,15.37,285.74,2.0,14,101993.0,9999999
58321,0,7329,14.0,9.36,72.0,64.0,15.37,286.12,3.0,14,101000.0,9999999
58321,0,7330,14.0,9.99,117.0,100.0,15.37,286.31,3.0,14,101000.0,9999999
58321,0,7331,15.2,10.46,141.0,119.0,15.37,286.5,2.0,15,102043.0,9999999
58321,0,7332,14.0,9.99,123.0,109.0,15.37,287.62,5.0,14,101000.0,9999999
58321,0,7333,15.0,9.99,83.0,79.0,15.37,287.99,5.0,15,101001.0,9999999
58321,0,7334,15.2,10.4,52.0,51.0,15.37,288.54,3.0,14,101864.0,9999999
58321,0,7335,14.0,9.36,29.0,28.0,15.37,287.8,4.0,15,101000.0,9999999
58321,0,7336,14.0,9.36,13.0,12.0,15.37,287.62,5.0,15,101000.0,9999999
58321,0,7337,14.4,10.26,5.0,5.0,15.37,287.8,2.0,15,101913.0,9999999
58321,0,7338,14.0,9.36,0.0,0.0,15.37,287.62,3.0,15,101000.0,9999999
58321,0,7339,14.0,9.36,0.0,0.0,15.37,287.43,3.0,15,101000.0,9999999
58321,0,7340,14.5,10.33,0.0,0.0,15.37,287.62,2.0,15,102022.0,9999999
58321,0,7341,14.0,9.99,0.0,0.0,15.37,287.43,2.0,14,101000.0,9999999
58321,0,7342,14.0,9.99,0.0,0.0,15.37,287.43,3.0,14,101000.0,9999999
58321,0,7343,14.0,9.99,0.0,0.0,15.37,287.24,2.0,14,101000.0,9999999
58321,0,7344,14.0,9.99,0.0,0.0,15.37,287.06,3.0,14,101000.0,9999999
58321,0,7345,14.0,9.99,0.0,0.0,15.37,286.87,3.0,14,101000.0,9999999
58321,0,7346,14.5,10.33,0.0,0.0,15.37,286.68,2.0,14,102052.0,9999999
58321,0,7347,14.0,9.99,0.0,0.0,15.37,286.12,2.0,14,101000.0,9999999
58321,0,7348,14.0,9.99,0.0,0.0,15.37,285.93,3.0,14,101000.0,9999999
58321,0,7349,14.6,10.4,0.0,0.0,15.37,285.93,2.0,15,102003.0,9999999
58321,0,7350,14.0,9.99,0.0,0.0,15.37,285.93,2.0,15,101000.0,9999999
58321,0,7351,14.0,9.99,7.0,7.0,15.37,285.55,3.0,14,101000.0,9999999
58321,0,7352,14.8,10.19,35.0,32.0,15.37,285.37,2.0,15,102182.0,9999999
58321,0,7353,15.0,9.99,81.0,68.0,15.37,285.18,3.0,16,101001.0,9999999
58321,0,7354,16.0,9.36,181.0,129.0,15.37,284.6,4.0,16,101002.0,9999999
58321,0,7355,16.7,9.74,299.0,196.0,15.37,284.79,2.0,14,102244.0,9999999
58321,0,7356,18.0,8.18,316.0,220.0,15.37,283.84,5.0,16,101005.0,9999999
58321,0,7357,18.0,8.75,280.0,200.0,15.37,286.31,4.0,15,101005.0,9999999
58321,0,7358,20.0,8.75,317.0,151.0,15.37,285.74,2.0,15,102088.0,9999999
58321,0,7359,18.0,8.18,293.0,106.0,15.37,279.9,4.0,16,101005.0,9999999
58321,0,7360,18.0,8.18,155.0,67.0,15.37,276.21,4.0,16,101005.0,9999999
58321,0,7361,17.8,7.59,46.0,24.0,15.37,274.3,2.0,16,102116.0,9999999
58321,0,7362,13.0,8.18,2.0,1.0,15.37,271.48,3.0,15,100999.0,9999999
58321,0,7363,13.0,8.18,0.0,0.0,15.37,270.15,3.0,15,100999.0,9999999
58321,0,7364,15.3,9.11,0.0,0.0,15.37,269.48,3.0,15,102322.0,9999999
58321,0,7365,12.0,8.18,0.0,0.0,15.37,268.8,3.0,15,100998.0,9999999
58321,0,7366,11.0,7.65,0.0,0.0,15.37,267.89,3.0,15,100997.0,9999999
58321,0,7367,12.0,8.18,0.0,0.0,15.37,266.96,0.0,0,100998.0,9999999
58321,0,7368,11.0,7.65,0.0,0.0,15.37,265.8,1.0,16,100997.0,9999999
58321,0,7369,10.0,7.14,0.0,0.0,15.37,264.62,2.0,16,100996.0,9999999
58321,0,7370,12.2,7.14,0.0,0.0,15.37,263.42,1.0,1,102488.0,9999999
58321,0,7371,9.0,7.14,0.0,0.0,15.37,262.45,2.0,16,100994.0,9999999
58321,0,7372,9.0,7.14,0.0,0.0,15.37,262.2,1.0,13,100994.0,9999999
58321,0,7373,10.5,6.61,0.0,0.0,15.37,261.96,1.0,1,102536.0,9999999
58321,0,7374,9.7,6.21,0.0,0.0,15.37,261.71,1.0,1,100992.0,9999999
58321,0,7375,9.7,5.78,67.0,32.0,15.37,261.47,0.0,2,100991.0,9999999
58321,0,7376,11.1,7.59,218.0,77.0,15.37,261.71,2.0,2,102706.0,9999999
58321,0,7377,10.0,5.46,396.0,107.0,15.37,262.93,1.0,3,100996.0,9999999
58321,0,7378,14.0,4.72,543.0,125.0,15.37,264.14,2.0,3,101000.0,9999999
58321,0,7379,16.7,4.89,636.0,135.0,15.37,265.56,3.0,4,102693.0,9999999
58321,0,7380,17.0,5.74,664.0,137.0,15.37,266.27,4.0,4,101003.0,9999999
58321,0,7381,18.0,5.34,624.0,133.0,15.37,266.96,3.0,2,101005.0,9999999
58321,0,7382,18.5,4.97,519.0,122.0,15.37,267.43,2.0,4,102446.0,9999999
58321,0,7383,18.0,4.65,365.0,103.0,15.37,268.12,3.0,3,101005.0,9999999
58321,0,7384,18.0,4.68,188.0,69.0,15.37,267.89,3.0,4,101005.0,9999999
58321,0,7385,17.1,5.3,50.0,25.0,15.37,267.43,2.0,4,102444.0,9999999
58321,0,7386,14.0,5.78,1.0,1.0,15.37,266.27,2.0,2,101000.0,9999999
58321,0,7387,13.0,5.78,0.0,0.0,15.37,266.03,2.0,3,100999.0,9999999
58321,0,7388,13.1,5.87,0.0,0.0,15.37,265.56,1.0,4,102529.0,9999999
58321,0,7389,11.0,5.78,0.0,0.0,15.37,265.33,2.0,3,100997.0,9999999
58321,0,7390,11.0,5.78,0.0,0.0,15.37,265.33,3.0,4,100997.0,9999999
58321,0,7391,11.0,6.21,0.0,0.0,15.37,265.09,3.0,4,100997.0,9999999
58321,0,7392,11.0,6.21,0.0,0.0,15.37,265.09,2.0,4,100997.0,9999999
58321,0,7393,11.0,6.21,0.0,0.0,15.37,265.09,3.0,4,100997.0,9999999
58321,0,7394,8.8,6.48,0.0,0.0,15.37,264.85,1.0,4,102355.0,9999999
58321,0,7395,9.0,6.21,0.0,0.0,15.37,264.62,1.0,5,100994.0,9999999
58321,0,7396,8.0,6.21,0.0,0.0,15.37,264.38,2.0,3,100993.0,9999999
58321,0,7397,7.8,6.39,0.0,0.0,15.37,264.38,1.0,2,102334.0,9999999
58321,0,7398,9.0,6.21,0.0,0.0,15.37,264.14,3.0,4,100994.0,9999999
58321,0,7399,9.0,6.21,63.0,31.0,15.37,264.38,4.0,4,100994.0,9999999
58321,0,7400,11.9,7.44,207.0,76.0,15.37,264.85,1.0,2,102348.0,9999999
58321,0,7401,14.0,7.65,379.0,108.0,15.37,266.27,3.0,5,101000.0,9999999
58321,0,7402,16.0,7.14,520.0,127.0,15.37,267.66,4.0,5,101002.0,9999999
58321,0,7403,17.8,7.49,611.0,136.0,15.37,269.48,3.0,6,102265.0,9999999
58321,0,7404,19.0,6.66,639.0,138.0,15.37,270.15,4.0,8,101006.0,9999999
58321,0,7405,20.0,6.66,601.0,133.0,15.37,271.04,2.0,6,101007.0,9999999
58321,0,7406,20.0,7.59,499.0,122.0,15.37,271.48,2.0,8,101989.0,9999999
58321,0,7407,20.0,5.34,349.0,102.0,15.37,272.58,2.0,7,101007.0,9999999
58321,0,7408,20.0,5.78,178.0,68.0,15.37,272.36,0.0,6,101007.0,9999999
58321,0,7409,17.8,6.85,47.0,24.0,15.37,271.7,1.0,5,101897.0,9999999
58321,0,7410,17.0,9.17,1.0,1.0,15.37,270.6,0.0,4,101003.0,9999999
58321,0,7411,15.0,6.66,0.0,0.0,15.37,270.15,0.0,4,101001.0,9999999
58321,0,7412,12.1,7.04,0.0,0.0,15.37,269.93,1.0,13,101970.0,9999999
58321,0,7413,12.0,7.65,0.0,0.0,15.37,269.93,1.0,16,100998.0,9999999
58321,0,7414,13.0,6.66,0.0,0.0,15.37,270.15,1.0,1,100999.0,9999999
58321,0,7415,13.0,6.66,0.0,0.0,15.37,269.93,0.0,10,100999.0,9999999
58321,0,7416,12.0,7.14,0.0,0.0,15.37,269.93,2.0,10,100998.0,9999999
58321,0,7417,11.0,6.66,0.0,0.0,15.37,270.15,2.0,13,100997.0,9999999
58321,0,7418,10.7,7.39,0.0,0.0,15.37,271.7,1.0,12,101918.0,9999999
58321,0,7419,12.0,7.65,0.0,0.0,15.37,273.01,2.0,12,100998.0,9999999
58321,0,7420,12.0,8.18,0.0,0.0,15.37,270.82,2.0,12,100998.0,9999999
58321,0,7421,12.0,7.86,0.0,0.0,15.37,271.48,1.0,12,101920.0,9999999
58321,0,7422,12.0,8.18,0.0,0.0,15.37,270.37,2.0,12,100998.0,9999999
58321,0,7423,12.0,8.18,53.0,29.0,15.37,271.04,2.0,10,100998.0,9999999
58321,0,7424,13.0,8.58,190.0,77.0,15.37,271.26,1.0,13,102051.0,9999999
58321,0,7425,14.0,8.75,366.0,110.0,15.37,268.8,2.0,10,101000.0,9999999
58321,0,7426,17.0,8.18,513.0,126.0,15.37,269.48,2.0,11,101003.0,9999999
58321,0,7427,19.0,6.71,605.0,136.0,15.37,270.37,2.0,10,102027.0,9999999
58321,0,7428,20.0,7.86,636.0,138.0,15.37,271.04,3.0,11,101007.0,9999999
58321,0,7429,20.0,5.34,600.0,134.0,15.37,271.48,3.0,14,101007.0,9999999
58321,0,7430,21.8,6.16,502.0,123.0,15.37,271.48,2.0,11,101801.0,9999999
58321,0,7431,21.0,6.66,353.0,103.0,15.37,271.7,3.0,12,101008.0,9999999
58321,0,7432,21.0,6.66,180.0,68.0,15.37,271.26,3.0,12,101008.0,9999999
58321,0,7433,19.8,6.75,47.0,24.0,15.37,270.37,1.0,12,101789.0,9999999
58321,0,7434,17.0,6.66,1.0,1.0,15.37,269.03,0.0,12,101003.0,9999999
58321,0,7435,16.0,6.66,0.0,0.0,15.37,268.34,0.0,12,101002.0,9999999
58321,0,7436,12.9,7.59,0.0,0.0,15.37,267.89,0.0,13,101891.0,9999999
58321,0,7437,15.0,7.14,0.0,0.0,15.37,268.12,0.0,11,101001.0,9999999
58321,0,7438,13.0,7.14,0.0,0.0,15.37,267.89,1.0,10,100999.0,9999999
58321,0,7439,12.0,7.65,0.0,0.0,15.37,270.15,2.0,9,100998.0,9999999
58321,0,7440,11.0,7.14,0.0,0.0,15.37,269.03,3.0,8,100997.0,9999999
58321,0,7441,11.0,7.14,0.0,0.0,15.37,267.2,3.0,8,100997.0,9999999
58321,0,7442,11.2,7.44,0.0,0.0,15.37,266.5,2.0,10,101889.0,9999999
58321,0,7443,11.0,6.66,0.0,0.0,15.37,266.73,2.0,10,100997.0,9999999
58321,0,7444,11.0,6.66,0.0,0.0,15.37,266.5,1.0,11,100997.0,9999999
58321,0,7445,9.3,7.24,0.0,0.0,15.37,266.5,1.0,11,101867.0,9999999
58321,0,7446,10.0,7.14,0.0,0.0,15.37,266.5,2.0,9,100996.0,9999999
58321,0,7447,10.0,7.14,60.0,30.0,15.37,266.03,2.0,11,100996.0,9999999
58321,0,7448,12.4,8.24,203.0,74.0,15.37,265.8,1.0,9,102030.0,9999999
58321,0,7449,14.0,7.65,376.0,105.0,15.37,266.5,3.0,12,101000.0,9999999
58321,0,7450,16.0,7.65,520.0,123.0,15.37,267.66,3.0,14,101002.0,9999999
58321,0,7451,19.4,7.44,612.0,133.0,15.37,269.03,2.0,13,102028.0,9999999
58321,0,7452,19.0,6.66,639.0,138.0,15.37,270.37,3.0,12,101006.0,9999999
58321,0,7453,20.0,6.66,600.0,135.0,15.37,271.26,3.0,12,101007.0,9999999
58321,0,7454,22.1,6.61,484.0,143.0,15.37,271.92,1.0,15,101782.0,9999999
58321,0,7455,21.0,6.66,316.0,140.0,15.37,274.73,2.0,15,101008.0,9999999
58321,0,7456,20.0,6.66,156.0,86.0,15.37,274.94,3.0,1,101007.0,9999999
58321,0,7457,19.9,6.94,43.0,24.0,15.37,273.23,2.0,2,101660.0,9999999
58321,0,7458,16.0,7.14,1.0,1.0,15.37,270.82,1.0,2,101002.0,9999999
58321,0,7459,14.0,7.65,0.0,0.0,15.37,269.93,2.0,3,101000.0,9999999
58321,0,7460,14.3,7.29,0.0,0.0,15.37,269.7,1.0,5,101733.0,9999999
58321,0,7461,13.0,7.65,0.0,0.0,15.37,271.26,2.0,3,100999.0,9999999
58321,0,7462,14.0,7.14,0.0,0.0,15.37,272.58,2.0,4,101000.0,9999999
58321,0,7463,14.0,7.14,0.0,0.0,15.37,270.6,2.0,4,101000.0,9999999
58321,0,7464,13.0,6.66,0.0,0.0,15.37,269.48,2.0,5,100999.0,9999999
58321,0,7465,11.0,7.14,0.0,0.0,15.37,269.48,1.0,3,100997.0,9999999
58321,0,7466,11.0,7.59,0.0,0.0,15.37,269.7,1.0,4,101669.0,9999999
58321,0,7467,10.0,6.66,0.0,0.0,15.37,269.93,1.0,3,100996.0,9999999
58321,0,7468,11.0,6.66,0.0,0.0,15.37,269.93,0.0,4,100997.0,9999999
58321,0,7469,10.2,7.49,0.0,0.0,15.37,269.7,1.0,8,101589.0,9999999
58321,0,7470,11.0,7.14,0.0,0.0,15.37,270.15,3.0,4,100997.0,9999999
58321,0,7471,11.0,7.14,55.0,28.0,15.37,269.48,1.0,4,100997.0,9999999
58321,0,7472,13.6,7.97,187.0,71.0,15.37,269.93,1.5,5,101682.0,9999999
58321,0,7473,15.0,8.75,342.0,110.0,15.37,271.48,2.0,4,101001.0,9999999
58321,0,7474,18.0,8.18,468.0,132.0,15.37,274.3,3.0,5,101005.0,9999999
58321,0,7475,19.6,9.11,562.0,139.0,15.37,275.79,2.0,7,101609.0,9999999
58321,0,7476,22.0,8.18,584.0,155.0,15.37,278.07,5.0,7,101009.0,9999999
58321,0,7477,20.0,8.18,510.0,172.0,15.37,279.49,5.0,7,101007.0,9999999
58321,0,7478,20.6,9.42,306.0,139.0,15.37,282.48,2.0,6,101282.0,9999999
58321,0,7479,19.0,9.36,162.0,91.0,15.37,285.55,2.0,2,101006.0,9999999
58321,0,7480,19.0,9.99,106.0,60.0,15.37,285.93,3.0,2,101006.0,9999999
58321,0,7481,20.4,8.99,23.0,18.0,15.37,285.37,2.0,3,101261.0,9999999
58321,0,7482,17.0,9.36,1.0,0.0,15.37,284.79,3.0,2,101003.0,9999999
58321,0,7483,17.0,9.99,0.0,0.0,15.37,281.89,4.0,2,101003.0,9999999
58321,0,7484,18.9,9.8,0.0,0.0,15.37,282.67,2.0,4,101419.0,9999999
58321,0,7485,16.0,9.99,0.0,0.0,15.37,282.48,4.0,3,101002.0,9999999
58321,0,7486,16.0,9.99,0.0,0.0,15.37,283.84,4.0,3,101002.0,9999999
58321,0,7487,16.0,9.99,0.0,0.0,15.37,283.06,4.0,4,101002.0,9999999
58321,0,7488,16.0,9.99,0.0,0.0,15.37,284.22,2.0,4,101002.0,9999999
58321,0,7489,16.0,9.99,0.0,0.0,15.37,284.41,2.0,9,101002.0,9999999
58321,0,7490,16.1,11.24,0.0,0.0,15.37,283.25,2.0,4,101426.0,9999999
58321,0,7491,16.0,9.99,0.0,0.0,15.37,282.08,2.0,4,101002.0,9999999
58321,0,7492,16.0,9.99,0.0,0.0,15.37,281.69,1.0,4,101002.0,9999999
58321,0,7493,15.9,10.95,0.0,0.0,15.37,283.25,1.0,4,101346.0,9999999
58321,0,7494,15.0,10.67,0.0,0.0,15.37,281.89,2.0,2,101001.0,9999999
58321,0,7495,15.0,10.67,37.0,20.0,15.37,280.7,2.0,16,101001.0,9999999
58321,0,7496,16.8,11.53,115.0,60.0,15.37,282.28,1.0,15,101487.0,9999999
58321,0,7497,16.0,10.67,170.0,101.0,15.37,282.67,1.0,4,101002.0,9999999
58321,0,7498,16.0,11.39,268.0,134.0,15.37,285.55,1.0,5,101002.0,9999999
58321,0,7499,20.9,11.61,379.0,144.0,15.37,284.03,1.0,4,101521.0,9999999
58321,0,7500,19.0,12.14,412.0,149.0,15.37,286.68,2.0,6,101006.0,9999999
58321,0,7501,21.0,12.14,359.0,134.0,15.37,285.93,1.0,16,101008.0,9999999
58321,0,7502,23.4,11.53,263.0,97.0,15.37,287.62,1.0,16,101314.0,9999999
58321,0,7503,18.0,8.64,177.0,76.0,15.37,287.8,5.0,15,101005.0,9999999
58321,0,7504,17.0,11.39,86.0,47.0,15.37,286.31,4.0,15,101003.0,9999999
58321,0,7505,19.2,12.54,24.0,14.0,15.37,285.93,3.0,15,101469.0,9999999
58321,0,7506,17.0,11.39,0.0,0.0,15.37,286.31,3.0,14,101003.0,9999999
58321,0,7507,16.0,11.39,0.0,0.0,15.37,285.55,2.0,15,101002.0,9999999
58321,0,7508,17.7,11.91,0.0,0.0,15.37,284.41,1.0,16,101657.0,9999999
58321,0,7509,16.0,11.39,0.0,0.0,15.37,282.48,2.0,13,101002.0,9999999
58321,0,7510,16.0,11.39,0.0,0.0,15.37,286.5,4.0,13,101002.0,9999999
58321,0,7511,16.0,11.39,0.0,0.0,15.37,287.62,5.0,13,101002.0,9999999
58321,0,7512,15.0,10.67,0.0,0.0,15.37,287.24,7.0,15,101001.0,9999999
58321,0,7513,14.0,9.36,0.0,0.0,15.37,287.8,8.0,15,101000.0,9999999
58321,0,7514,14.4,10.06,0.0,0.0,15.37,287.62,5.0,15,102112.0,9999999
58321,0,7515,13.0,8.75,0.0,0.0,15.37,286.31,6.0,15,100999.0,9999999
58321,0,7516,13.0,8.75,0.0,0.0,15.37,285.93,6.0,16,100999.0,9999999
58321,0,7517,12.6,8.99,0.0,0.0,15.37,285.55,4.0,2,102299.0,9999999
58321,0,7518,13.0,8.75,0.0,0.0,15.37,284.6,4.0,16,100999.0,9999999
58321,0,7519,13.0,8.75,0.0,0.0,15.37,283.84,2.0,16,100999.0,9999999
58321,0,7520,13.0,8.24,47.0,38.0,15.37,283.06,3.0,1,102499.0,9999999
58321,0,7521,12.0,7.65,102.0,87.0,15.37,282.48,6.0,2,100998.0,9999999
58321,0,7522,12.0,5.91,140.0,125.0,15.37,282.67,5.0,2,100998.0,9999999
58321,0,7523,12.8,6.34,132.0,121.0,15.37,283.06,3.0,2,102519.0,9999999
58321,0,7524,13.0,7.65,113.0,107.0,15.37,283.45,5.0,2,100999.0,9999999
58321,0,7525,13.0,7.14,136.0,117.0,15.37,282.67,5.0,2,100999.0,9999999
58321,0,7526,13.4,7.65,131.0,113.0,15.37,282.67,2.0,16,102340.0,9999999
58321,0,7527,13.0,7.14,69.0,66.0,15.37,282.87,4.0,2,100999.0,9999999
58321,0,7528,13.0,7.14,26.0,26.0,15.37,282.87,3.0,1,100999.0,9999999
58321,0,7529,13.2,7.44,8.0,7.0,15.37,282.67,2.0,2,102370.0,9999999
58321,0,7530,13.0,7.65,0.0,0.0,15.37,281.89,1.0,1,100999.0,9999999
58321,0,7531,13.0,8.24,0.0,0.0,15.37,282.48,0.0,1,100999.0,9999999
58321,0,7532,13.0,7.19,0.0,0.0,15.37,282.67,2.0,1,102419.0,9999999
58321,0,7533,13.0,8.24,0.0,0.0,15.37,282.67,0.0,2,100999.0,9999999
58321,0,7534,13.0,8.24,0.0,0.0,15.37,282.67,0.0,2,100999.0,9999999
58321,0,7535,12.0,8.24,0.0,0.0,15.37,282.67,0.0,1,100998.0,9999999
58321,0,7536,13.0,8.24,0.0,0.0,15.37,282.67,2.0,16,100999.0,9999999
58321,0,7537,12.0,7.65,0.0,0.0,15.37,282.48,2.0,2,100998.0,9999999
58321,0,7538,12.8,6.8,0.0,0.0,15.37,282.48,2.0,2,102369.0,9999999
58321,0,7539,12.0,7.65,0.0,0.0,15.37,282.08,3.0,1,100998.0,9999999
58321,0,7540,12.0,7.65,0.0,0.0,15.37,281.49,2.0,16,100998.0,9999999
58321,0,7541,12.5,7.04,0.0,0.0,15.37,280.3,2.0,2,102439.0,9999999
58321,0,7542,12.0,7.7,0.0,0.0,15.37,278.89,2.0,1,100998.0,9999999
58321,0,7543,11.0,7.7,36.0,25.0,15.37,277.04,3.0,1,100997.0,9999999
58321,0,7544,11.8,7.04,137.0,89.0,15.37,276.21,3.0,3,102498.0,9999999
58321,0,7545,12.0,7.14,271.0,162.0,15.37,272.14,3.0,3,100998.0,9999999
58321,0,7546,12.0,6.16,368.0,221.0,15.37,270.82,4.0,3,100998.0,9999999
58321,0,7547,13.4,5.99,355.0,232.0,15.37,273.23,3.0,3,102490.0,9999999
58321,0,7548,13.0,5.0,321.0,232.0,15.37,274.73,4.0,2,100999.0,9999999
58321,0,7549,13.0,4.68,308.0,221.0,15.37,276.41,4.0,2,100999.0,9999999
58321,0,7550,14.0,4.31,251.0,188.0,15.37,275.79,3.0,1,102281.0,9999999
58321,0,7551,13.0,4.31,176.0,150.0,15.37,276.62,3.0,2,100999.0,9999999
58321,0,7552,13.0,4.31,84.0,76.0,15.37,275.36,3.0,1,100999.0,9999999
58321,0,7553,12.9,4.38,18.0,17.0,15.37,276.83,1.0,1,102270.0,9999999
58321,0,7554,11.0,5.0,0.0,0.0,15.37,277.04,2.0,14,100997.0,9999999
58321,0,7555,11.0,4.09,0.0,0.0,15.37,276.83,2.0,1,100997.0,9999999
58321,0,7556,12.0,4.72,0.0,0.0,15.37,276.62,3.0,2,102319.0,9999999
58321,0,7557,10.0,3.88,0.0,0.0,15.37,276.21,2.0,2,100996.0,9999999
58321,0,7558,10.0,5.38,0.0,0.0,15.37,275.79,2.0,2,100996.0,9999999
58321,0,7559,10.0,5.78,0.0,0.0,15.37,275.58,2.0,1,100996.0,9999999
58321,0,7560,10.0,5.78,0.0,0.0,15.37,275.79,1.0,2,100996.0,9999999
58321,0,7561,10.0,5.38,0.0,0.0,15.37,275.36,2.0,1,100996.0,9999999
58321,0,7562,10.2,4.58,0.0,0.0,15.37,275.36,1.0,1,102247.0,9999999
58321,0,7563,9.0,5.0,0.0,0.0,15.37,275.58,2.0,3,100994.0,9999999
58321,0,7564,9.0,5.38,0.0,0.0,15.37,275.79,2.0,2,100994.0,9999999
58321,0,7565,9.8,5.0,0.0,0.0,15.37,275.58,2.0,2,102216.0,9999999
58321,0,7566,9.0,5.38,0.0,0.0,15.37,275.15,3.0,3,100994.0,9999999
58321,0,7567,9.0,5.38,18.0,18.0,15.37,275.15,2.0,4,100994.0,9999999
58321,0,7568,9.9,5.58,74.0,72.0,15.37,275.15,1.0,2,102286.0,9999999
58321,0,7569,10.0,5.78,144.0,132.0,15.37,275.58,3.0,4,100996.0,9999999
58321,0,7570,11.0,5.78,186.0,168.0,15.37,276.62,2.0,4,100997.0,9999999
58321,0,7571,11.6,5.91,189.0,177.0,15.37,276.83,2.0,4,102169.0,9999999
58321,0,7572,12.0,5.78,170.0,162.0,15.37,277.86,2.0,2,100998.0,9999999
58321,0,7573,12.0,5.38,148.0,141.0,15.37,278.07,2.0,2,100998.0,9999999
58321,0,7574,12.1,5.58,141.0,137.0,15.37,278.27,3.0,1,102020.0,9999999
58321,0,7575,12.0,5.78,107.0,105.0,15.37,278.48,3.0,3,100998.0,9999999
58321,0,7576,12.0,5.78,46.0,46.0,15.37,278.89,3.0,1,100998.0,9999999
58321,0,7577,11.7,6.21,13.0,13.0,15.37,277.86,2.0,2,102049.0,9999999
58321,0,7578,11.0,6.21,0.0,0.0,15.37,276.83,2.0,16,100997.0,9999999
58321,0,7579,11.0,6.66,0.0,0.0,15.37,276.0,0.0,3,100997.0,9999999
58321,0,7580,11.7,6.12,0.0,0.0,15.37,275.79,1.0,3,102129.0,9999999
58321,0,7581,10.0,6.21,0.0,0.0,15.37,275.36,0.0,15,100996.0,9999999
58321,0,7582,10.0,6.66,0.0,0.0,15.37,273.66,1.0,2,100996.0,9999999
58321,0,7583,10.0,6.21,0.0,0.0,15.37,273.87,2.0,1,100996.0,9999999
58321,0,7584,9.0,6.21,0.0,0.0,15.37,272.58,2.0,2,100994.0,9999999
58321,0,7585,9.0,5.78,0.0,0.0,15.37,270.82,3.0,2,100994.0,9999999
58321,0,7586,10.8,5.62,0.0,0.0,15.37,272.8,2.0,2,102098.0,9999999
58321,0,7587,9.0,5.78,0.0,0.0,15.37,269.03,2.0,2,100994.0,9999999
58321,0,7588,9.0,5.78,0.0,0.0,15.37,266.27,2.0,2,100994.0,9999999
58321,0,7589,10.3,5.66,0.0,0.0,15.37,267.43,2.0,2,102057.0,9999999
58321,0,7590,9.0,5.38,0.0,0.0,15.37,269.48,2.0,2,100994.0,9999999
58321,0,7591,9.0,5.38,38.0,24.0,15.37,270.15,2.0,3,100994.0,9999999
58321,0,7592,10.6,6.16,133.0,80.0,15.37,272.14,2.0,3,102148.0,9999999
58321,0,7593,11.0,6.21,262.0,140.0,15.37,273.44,3.0,4,100997.0,9999999
58321,0,7594,13.0,6.21,385.0,175.0,15.37,274.73,4.0,4,100999.0,9999999
58321,0,7595,14.4,6.71,457.0,207.0,15.37,273.44,3.0,4,102052.0,9999999
58321,0,7596,14.0,6.66,384.0,215.0,15.37,276.62,3.0,6,101000.0,9999999
58321,0,7597,14.0,6.21,242.0,192.0,15.37,281.1,2.0,4,101000.0,9999999
58321,0,7598,14.7,6.94,136.0,132.0,15.37,283.64,1.0,9,101843.0,9999999
58321,0,7599,15.0,6.66,73.0,73.0,15.37,283.64,2.0,3,101001.0,9999999
58321,0,7600,15.0,6.66,44.0,43.0,15.37,283.64,2.0,1,101001.0,9999999
58321,0,7601,13.6,7.29,11.0,11.0,15.37,283.06,1.0,8,101832.0,9999999
58321,0,7602,13.0,7.14,0.0,0.0,15.37,282.08,2.0,2,100999.0,9999999
58321,0,7603,13.0,7.14,0.0,0.0,15.37,283.06,0.0,2,100999.0,9999999
58321,0,7604,12.9,7.59,0.0,0.0,15.37,283.06,0.0,2,101931.0,9999999
58321,0,7605,13.0,7.14,0.0,0.0,15.37,283.25,0.0,1,100999.0,9999999
58321,0,7606,12.0,7.65,0.0,0.0,15.37,283.25,0.0,1,100998.0,9999999
58321,0,7607,12.0,7.14,0.0,0.0,15.37,283.25,0.0,0,100998.0,9999999
58321,0,7608,12.0,7.65,0.0,0.0,15.37,282.08,2.0,15,100998.0,9999999
58321,0,7609,12.0,7.14,0.0,0.0,15.37,282.28,3.0,16,100998.0,9999999
58321,0,7610,12.9,7.49,0.0,0.0,15.37,281.69,1.0,12,101881.0,9999999
58321,0,7611,11.0,7.14,0.0,0.0,15.37,281.69,3.0,15,100997.0,9999999
58321,0,7612,11.0,7.14,0.0,0.0,15.37,280.5,3.0,15,100997.0,9999999
58321,0,7613,11.7,6.99,0.0,0.0,15.37,280.7,2.0,15,101860.0,9999999
58321,0,7614,11.0,7.14,0.0,0.0,15.37,281.1,3.0,13,100997.0,9999999
58321,0,7615,10.0,7.65,21.0,20.0,15.37,279.09,2.0,13,100996.0,9999999
58321,0,7616,10.8,7.34,65.0,59.0,15.37,279.7,2.0,13,102048.0,9999999
58321,0,7617,11.0,7.65,141.0,99.0,15.37,279.49,4.0,12,100997.0,9999999
58321,0,7618,12.0,7.14,294.0,140.0,15.37,276.83,4.0,12,100998.0,9999999
58321,0,7619,12.5,6.12,433.0,153.0,15.37,276.0,2.0,12,102050.0,9999999
58321,0,7620,14.0,6.66,489.0,141.0,15.37,274.52,5.0,12,101000.0,9999999
58321,0,7621,16.0,6.66,509.0,134.0,15.37,270.6,5.0,12,101002.0,9999999
58321,0,7622,16.6,6.21,450.0,125.0,15.37,269.7,3.0,13,101825.0,9999999
58321,0,7623,16.0,5.38,313.0,102.0,15.37,269.93,6.0,13,101002.0,9999999
58321,0,7624,16.0,5.38,157.0,63.0,15.37,268.8,5.0,13,101002.0,9999999
58321,0,7625,14.9,5.54,38.0,20.0,15.37,267.89,1.0,13,101923.0,9999999
58321,0,7626,13.0,5.34,0.0,0.0,15.37,266.5,2.0,12,100999.0,9999999
58321,0,7627,12.0,5.38,0.0,0.0,15.37,265.33,3.0,11,100998.0,9999999
58321,0,7628,9.0,5.91,0.0,0.0,15.37,264.14,3.0,13,102076.0,9999999
58321,0,7629,11.0,5.0,0.0,0.0,15.37,263.18,3.0,12,100997.0,9999999
58321,0,7630,11.0,5.0,0.0,0.0,15.37,262.2,3.0,12,100997.0,9999999
58321,0,7631,10.0,5.0,0.0,0.0,15.37,261.47,3.0,13,100996.0,9999999
58321,0,7632,9.0,5.0,0.0,0.0,15.37,260.47,3.0,13,100994.0,9999999
58321,0,7633,8.0,5.0,0.0,0.0,15.37,259.97,3.0,11,100993.0,9999999
58321,0,7634,7.3,5.42,0.0,0.0,15.37,259.47,1.0,13,102253.0,9999999
58321,0,7635,7.0,5.0,0.0,0.0,15.37,259.22,3.0,10,100992.0,9999999
58321,0,7636,7.0,5.0,0.0,0.0,15.37,258.96,3.0,11,100992.0,9999999
58321,0,7637,4.9,5.08,0.0,0.0,15.37,258.45,2.5,12,102200.0,9999999
58321,0,7638,7.0,4.68,0.0,0.0,15.37,258.2,2.0,12,100992.0,9999999
58321,0,7639,7.0,5.0,50.0,25.0,15.37,258.2,3.0,11,100992.0,9999999
58321,0,7640,7.2,5.46,186.0,69.0,15.37,258.71,1.0,10,102293.0,9999999
58321,0,7641,10.0,5.38,358.0,102.0,15.37,259.97,3.0,10,100996.0,9999999
58321,0,7642,13.0,5.34,502.0,120.0,15.37,261.47,3.0,12,100999.0,9999999
58321,0,7643,14.5,5.08,594.0,130.0,15.37,263.18,2.0,10,102252.0,9999999
58321,0,7644,17.0,4.0,623.0,133.0,15.37,264.38,3.0,11,101003.0,9999999
58321,0,7645,17.0,3.76,584.0,130.0,15.37,265.09,3.0,10,101003.0,9999999
58321,0,7646,17.2,3.67,482.0,119.0,15.37,265.56,3.0,6,101936.0,9999999
58321,0,7647,18.0,3.76,330.0,99.0,15.37,266.27,3.0,12,101005.0,9999999
58321,0,7648,17.0,5.11,161.0,64.0,15.37,266.27,2.0,11,101003.0,9999999
58321,0,7649,14.6,3.09,38.0,20.0,15.37,265.56,1.0,6,101913.0,9999999
58321,0,7650,14.0,4.0,0.0,0.0,15.37,264.62,2.0,5,101000.0,9999999
58321,0,7651,12.0,4.65,0.0,0.0,15.37,264.62,2.0,6,100998.0,9999999
58321,0,7652,10.7,5.0,0.0,0.0,15.37,264.14,1.0,6,101968.0,9999999
58321,0,7653,10.0,5.38,0.0,0.0,15.37,264.38,4.0,7,100996.0,9999999
58321,0,7654,10.0,5.38,0.0,0.0,15.37,263.18,3.0,8,100996.0,9999999
58321,0,7655,10.0,5.38,0.0,0.0,15.37,262.93,4.0,8,100996.0,9999999
58321,0,7656,10.0,5.38,0.0,0.0,15.37,262.69,3.0,9,100996.0,9999999
58321,0,7657,9.0,5.0,0.0,0.0,15.37,262.2,2.0,9,100994.0,9999999
58321,0,7658,6.0,5.42,0.0,0.0,15.37,261.96,1.0,7,101893.0,9999999
58321,0,7659,8.0,5.0,0.0,0.0,15.37,263.66,3.0,10,100993.0,9999999
58321,0,7660,8.0,5.0,0.0,0.0,15.37,261.96,2.0,9,100993.0,9999999
58321,0,7661,5.5,5.54,0.0,0.0,15.37,261.71,1.0,10,101872.0,9999999
58321,0,7662,8.0,5.0,0.0,0.0,15.37,261.47,4.0,9,100993.0,9999999
58321,0,7663,8.0,5.0,47.0,25.0,15.37,261.47,3.0,9,100993.0,9999999
58321,0,7664,8.2,5.91,178.0,69.0,15.37,261.71,1.0,8,101885.0,9999999
58321,0,7665,10.2,5.78,347.0,102.0,15.37,263.18,4.0,9,100999.0,9999999
58321,0,7666,16.0,5.78,489.0,121.0,15.37,264.85,5.0,9,101002.0,9999999
58321,0,7667,17.5,5.42,581.0,131.0,15.37,266.73,2.0,10,101836.0,9999999
58321,0,7668,20.0,5.78,609.0,135.0,15.37,267.89,7.0,12,101007.0,9999999
58321,0,7669,20.0,5.04,570.0,132.0,15.37,268.8,10.0,14,101007.0,9999999
58321,0,7670,20.1,4.31,471.0,121.0,15.37,268.34,6.0,14,101690.0,9999999
58321,0,7671,19.0,4.0,324.0,100.0,15.37,269.25,7.0,13,101006.0,9999999
58321,0,7672,18.0,3.76,159.0,63.0,15.37,268.12,8.0,13,101005.0,9999999
58321,0,7673,17.4,3.88,38.0,20.0,15.37,266.73,4.0,13,101776.0,9999999
58321,0,7674,14.0,3.37,0.0,0.0,15.37,264.85,5.0,14,101000.0,9999999
58321,0,7675,11.0,3.73,0.0,0.0,15.37,263.42,3.0,14,100997.0,9999999
58321,0,7676,14.8,3.35,0.0,0.0,15.37,262.2,3.0,15,102063.0,9999999
58321,0,7677,11.0,4.0,0.0,0.0,15.37,260.97,2.0,14,100997.0,9999999
58321,0,7678,10.0,4.0,0.0,0.0,15.37,259.72,1.0,15,100996.0,9999999
58321,0,7679,9.0,4.0,0.0,0.0,15.37,258.71,0.0,0,100994.0,9999999
58321,0,7680,8.0,3.97,0.0,0.0,15.37,257.94,0.0,1,100993.0,9999999
58321,0,7681,8.0,3.97,0.0,0.0,15.37,257.17,0.0,1,100993.0,9999999
58321,0,7682,7.3,3.65,0.0,0.0,15.37,256.65,2.0,1,102223.0,9999999
58321,0,7683,6.0,4.65,0.0,0.0,15.37,256.39,0.0,2,100991.0,9999999
58321,0,7684,4.0,3.65,0.0,0.0,15.37,256.12,0.0,16,100988.0,9999999
58321,0,7685,4.8,3.82,0.0,0.0,15.37,255.86,1.0,12,102180.0,9999999
58321,0,7686,6.5,5.19,0.0,0.0,15.37,255.33,0.0,14,100988.0,9999999
58321,0,7687,6.0,4.15,48.0,24.0,15.37,255.07,1.0,13,100987.0,9999999
58321,0,7688,6.6,4.79,182.0,68.0,15.37,255.33,0.5,15,102342.0,9999999
58321,0,7689,7.1,2.63,354.0,101.0,15.37,256.39,0.0,15,100994.0,9999999
58321,0,7690,13.0,2.48,500.0,120.0,15.37,257.69,1.0,15,100999.0,9999999
58321,0,7691,14.5,2.33,593.0,130.0,15.37,258.96,1.0,5,102361.0,9999999
58321,0,7692,15.0,2.29,622.0,133.0,15.37,259.72,2.0,1,101001.0,9999999
58321,0,7693,15.0,1.93,584.0,129.0,15.37,260.22,2.0,15,101001.0,9999999
58321,0,7694,15.5,1.71,484.0,118.0,15.37,260.72,2.0,3,102083.0,9999999
58321,0,7695,15.0,2.1,334.0,98.0,15.37,261.22,2.0,14,101001.0,9999999
58321,0,7696,15.0,2.48,162.0,62.0,15.37,261.22,2.0,15,101001.0,9999999
58321,0,7697,13.2,2.7,38.0,20.0,15.37,260.72,1.0,7,102081.0,9999999
58321,0,7698,10.0,3.17,0.0,0.0,15.37,259.72,2.0,2,100996.0,9999999
58321,0,7699,9.0,3.17,0.0,0.0,15.37,259.22,2.0,2,100994.0,9999999
58321,0,7700,9.4,3.88,0.0,0.0,15.37,258.71,2.0,2,102256.0,9999999
58321,0,7701,8.0,3.43,0.0,0.0,15.37,258.45,2.0,2,100993.0,9999999
58321,0,7702,7.0,3.17,0.0,0.0,15.37,258.2,2.0,3,100992.0,9999999
58321,0,7703,4.3,3.62,0.0,0.0,15.37,257.94,1.0,3,100992.0,9999999
58321,0,7704,4.6,3.59,0.0,0.0,15.37,257.43,2.0,3,100992.0,9999999
58321,0,7705,4.5,3.17,0.0,0.0,15.37,257.17,2.0,8,100991.0,9999999
58321,0,7706,5.1,3.56,0.0,0.0,15.37,256.65,1.0,5,102398.0,9999999
58321,0,7707,4.9,3.56,0.0,0.0,15.37,256.12,0.0,7,100987.0,9999999
58321,0,7708,3.0,3.43,0.0,0.0,15.37,255.86,0.0,8,100987.0,9999999
58321,0,7709,3.5,3.32,0.0,0.0,15.37,255.86,1.0,13,102337.0,9999999
58321,0,7710,4.7,4.22,0.0,0.0,15.37,255.6,0.0,14,100987.0,9999999
58321,0,7711,3.5,4.48,46.0,23.0,15.37,255.6,2.0,2,100985.0,9999999
58321,0,7712,5.1,4.25,177.0,67.0,15.37,255.86,1.5,1,102550.0,9999999
58321,0,7713,6.2,3.7,347.0,100.0,15.37,256.91,1.0,2,100993.0,9999999
58321,0,7714,11.0,2.92,492.0,119.0,15.37,258.45,2.0,2,100997.0,9999999
58321,0,7715,12.7,2.51,585.0,129.0,15.37,259.72,2.0,3,102549.0,9999999
58321,0,7716,13.0,2.48,614.0,132.0,15.37,260.47,2.0,2,100999.0,9999999
58321,0,7717,14.0,2.48,577.0,129.0,15.37,260.72,2.0,1,101000.0,9999999
58321,0,7718,14.6,2.35,477.0,118.0,15.37,260.97,3.0,2,102272.0,9999999
58321,0,7719,14.0,1.95,329.0,98.0,15.37,261.47,1.0,14,101000.0,9999999
58321,0,7720,14.0,2.92,159.0,62.0,15.37,261.22,2.0,15,101000.0,9999999
58321,0,7721,12.6,2.59,37.0,19.0,15.37,260.72,1.0,15,102190.0,9999999
58321,0,7722,5.8,3.45,0.0,0.0,15.37,259.72,1.0,16,100996.0,9999999
58321,0,7723,5.3,3.7,0.0,0.0,15.37,259.22,2.0,2,100993.0,9999999
58321,0,7724,4.4,3.51,0.0,0.0,15.37,258.71,1.5,2,102331.0,9999999
58321,0,7725,4.2,3.43,0.0,0.0,15.37,258.2,1.0,6,100991.0,9999999
58321,0,7726,3.3,3.7,0.0,0.0,15.37,257.94,1.0,8,100991.0,9999999
58321,0,7727,2.9,4.31,0.0,0.0,15.37,257.69,1.0,6,100990.0,9999999
58321,0,7728,2.8,4.0,0.0,0.0,15.37,257.43,1.0,5,100988.0,9999999
58321,0,7729,2.2,4.31,0.0,0.0,15.37,257.43,0.0,5,100990.0,9999999
58321,0,7730,2.8,3.76,0.0,0.0,15.37,257.43,1.0,11,102357.0,9999999
58321,0,7731,3.0,3.7,0.0,0.0,15.37,256.91,2.0,8,100988.0,9999999
58321,0,7732,3.0,3.7,0.0,0.0,15.37,256.65,2.0,7,100990.0,9999999
58321,0,7733,3.1,3.65,0.0,0.0,15.37,256.65,1.0,12,102306.0,9999999
58321,0,7734,3.0,3.73,0.0,0.0,15.37,256.39,2.0,7,100987.0,9999999
58321,0,7735,3.9,4.0,44.0,23.0,15.37,256.39,0.0,7,100986.0,9999999
58321,0,7736,3.8,4.25,174.0,66.0,15.37,256.91,1.0,10,102369.0,9999999
58321,0,7737,6.3,3.82,343.0,100.0,15.37,257.94,2.0,7,100994.0,9999999
58321,0,7738,12.0,3.43,487.0,119.0,15.37,259.47,4.0,8,100998.0,9999999
58321,0,7739,13.2,3.19,580.0,130.0,15.37,260.97,3.0,6,102330.0,9999999
58321,0,7740,15.0,3.17,610.0,133.0,15.37,261.96,3.0,8,101001.0,9999999
58321,0,7741,17.0,2.92,573.0,128.0,15.37,262.69,3.0,9,101003.0,9999999
58321,0,7742,15.7,2.42,474.0,117.0,15.37,263.42,2.0,8,102024.0,9999999
58321,0,7743,17.0,2.48,326.0,97.0,15.37,263.42,3.0,8,101003.0,9999999
58321,0,7744,17.0,2.7,157.0,61.0,15.37,263.66,2.0,10,101003.0,9999999
58321,0,7745,13.3,3.59,36.0,19.0,15.37,262.93,1.0,6,101941.0,9999999
58321,0,7746,8.3,3.85,0.0,0.0,15.37,261.96,3.0,6,100997.0,9999999
58321,0,7747,11.0,3.73,0.0,0.0,15.37,261.47,4.0,6,100997.0,9999999
58321,0,7748,8.5,4.72,0.0,0.0,15.37,261.22,1.0,6,101986.0,9999999
58321,0,7749,9.0,3.97,0.0,0.0,15.37,260.97,3.0,7,100994.0,9999999
58321,0,7750,8.0,3.97,0.0,0.0,15.37,260.72,3.0,7,100993.0,9999999
58321,0,7751,7.0,4.03,0.0,0.0,15.37,260.47,4.0,7,100992.0,9999999
58321,0,7752,7.0,4.03,0.0,0.0,15.37,260.22,1.0,8,100992.0,9999999
58321,0,7753,5.0,3.19,0.0,0.0,15.37,259.97,2.0,6,100993.0,9999999
58321,0,7754,5.8,5.3,0.0,0.0,15.37,259.72,1.0,5,101952.0,9999999
58321,0,7755,4.8,3.65,0.0,0.0,15.37,259.72,3.0,7,100991.0,9999999
58321,0,7756,4.0,4.31,0.0,0.0,15.37,259.72,2.0,7,100991.0,9999999
58321,0,7757,3.5,4.72,0.0,0.0,15.37,259.97,1.5,8,101900.0,9999999
58321,0,7758,5.0,4.31,0.0,0.0,15.37,259.97,1.0,5,100990.0,9999999
58321,0,7759,5.0,4.31,42.0,22.0,15.37,260.22,2.0,7,100990.0,9999999
58321,0,7760,5.4,5.08,166.0,65.0,15.37,260.72,2.0,7,101962.0,9999999
58321,0,7761,7.4,4.65,330.0,99.0,15.37,262.2,2.0,5,100997.0,9999999
58321,0,7762,15.0,4.06,471.0,118.0,15.37,264.14,2.0,7,101001.0,9999999
58321,0,7763,14.8,3.67,561.0,128.0,15.37,266.03,2.0,6,101963.0,9999999
58321,0,7764,18.0,3.76,590.0,131.0,15.37,267.43,2.0,7,101005.0,9999999
58321,0,7765,19.0,3.43,553.0,128.0,15.37,268.34,2.0,7,101006.0,9999999
58321,0,7766,19.4,3.82,457.0,116.0,15.37,268.8,2.0,7,101689.0,9999999
58321,0,7767,20.0,3.43,312.0,96.0,15.37,268.8,1.0,7,101007.0,9999999
58321,0,7768,18.0,4.03,149.0,60.0,15.37,268.8,2.0,5,101005.0,9999999
58321,0,7769,16.0,5.04,34.0,18.0,15.37,268.34,1.0,5,101705.0,9999999
58321,0,7770,14.0,5.74,0.0,0.0,15.37,267.66,2.0,4,101000.0,9999999
58321,0,7771,13.0,4.0,0.0,0.0,15.37,268.12,2.0,4,100999.0,9999999
58321,0,7772,10.7,4.89,0.0,0.0,15.37,267.66,1.0,3,101799.0,9999999
58321,0,7773,12.0,4.0,0.0,0.0,15.37,269.93,2.0,4,100998.0,9999999
58321,0,7774,12.0,5.82,0.0,0.0,15.37,271.48,3.0,4,100998.0,9999999
58321,0,7775,12.0,4.65,0.0,0.0,15.37,269.7,3.0,5,100998.0,9999999
58321,0,7776,12.0,4.65,0.0,0.0,15.37,272.14,3.0,7,100998.0,9999999
58321,0,7777,10.0,5.0,0.0,0.0,15.37,272.36,2.0,2,100996.0,9999999
58321,0,7778,11.2,6.08,0.0,0.0,15.37,273.87,1.0,5,101839.0,9999999
58321,0,7779,9.0,5.0,0.0,0.0,15.37,274.52,2.0,4,100994.0,9999999
58321,0,7780,10.0,5.0,0.0,0.0,15.37,272.36,1.0,4,100996.0,9999999
58321,0,7781,7.5,4.79,0.0,0.0,15.37,268.34,1.0,5,101855.0,9999999
58321,0,7782,9.0,5.38,0.0,0.0,15.37,271.26,1.0,2,100994.0,9999999
58321,0,7783,8.0,5.38,0.0,0.0,15.37,274.3,1.0,1,100993.0,9999999
58321,0,7784,8.4,5.3,135.0,67.0,15.37,270.6,1.5,4,101995.0,9999999
58321,0,7785,11.0,5.78,284.0,114.0,15.37,269.25,2.0,3,100997.0,9999999
58321,0,7786,13.0,5.78,433.0,134.0,15.37,271.92,1.0,16,100999.0,9999999
58321,0,7787,14.5,5.08,529.0,139.0,15.37,271.26,2.0,9,102062.0,9999999
58321,0,7788,17.0,5.38,554.0,142.0,15.37,272.14,2.0,16,101003.0,9999999
58321,0,7789,17.0,5.78,520.0,136.0,15.37,271.48,2.0,16,101003.0,9999999
58321,0,7790,18.0,5.23,427.0,128.0,15.37,272.14,2.0,2,101857.0,9999999
58321,0,7791,17.0,5.38,290.0,105.0,15.37,272.14,3.0,16,101003.0,9999999
58321,0,7792,17.0,5.78,139.0,60.0,15.37,271.48,2.0,16,101003.0,9999999
58321,0,7793,15.1,5.74,31.0,18.0,15.37,271.26,1.0,1,101913.0,9999999
58321,0,7794,12.0,5.78,0.0,0.0,15.37,270.15,2.0,16,100998.0,9999999
58321,0,7795,12.0,5.78,0.0,0.0,15.37,272.14,2.0,1,100998.0,9999999
58321,0,7796,11.2,6.08,0.0,0.0,15.37,268.8,1.0,10,102039.0,9999999
58321,0,7797,10.0,5.78,0.0,0.0,15.37,267.89,2.0,14,100996.0,9999999
58321,0,7798,10.0,5.78,0.0,0.0,15.37,267.43,1.0,14,100996.0,9999999
58321,0,7799,9.0,5.78,0.0,0.0,15.37,266.96,2.0,16,100994.0,9999999
58321,0,7800,8.0,5.78,0.0,0.0,15.37,266.96,2.0,16,100993.0,9999999
58321,0,7801,8.0,5.78,0.0,0.0,15.37,266.96,2.0,1,100993.0,9999999
58321,0,7802,8.8,5.95,0.0,0.0,15.37,267.89,1.0,1,102185.0,9999999
58321,0,7803,7.0,5.78,0.0,0.0,15.37,265.56,1.0,1,100992.0,9999999
58321,0,7804,7.0,5.78,0.0,0.0,15.37,265.8,0.0,1,100992.0,9999999
58321,0,7805,6.9,6.04,0.0,0.0,15.37,265.33,1.0,2,102253.0,9999999
58321,0,7806,6.0,5.38,0.0,0.0,15.37,264.38,2.0,2,100991.0,9999999
58321,0,7807,5.0,5.38,0.0,0.0,15.37,264.14,2.0,3,100990.0,9999999
58321,0,7808,7.4,6.39,152.0,67.0,15.37,263.9,1.5,3,102373.0,9999999
58321,0,7809,8.0,6.66,312.0,101.0,15.37,263.9,1.0,3,100993.0,9999999
58321,0,7810,12.0,7.14,453.0,120.0,15.37,265.09,3.0,4,100998.0,9999999
58321,0,7811,13.9,7.19,543.0,130.0,15.37,266.73,1.0,6,102321.0,9999999
58321,0,7812,15.0,7.65,573.0,133.0,15.37,268.12,1.0,4,101001.0,9999999
58321,0,7813,16.0,7.14,538.0,128.0,15.37,269.25,2.0,16,101002.0,9999999
58321,0,7814,17.3,7.39,443.0,117.0,15.37,269.93,3.0,3,102026.0,9999999
58321,0,7815,17.0,6.21,301.0,97.0,15.37,270.15,3.0,4,101003.0,9999999
58321,0,7816,16.0,7.14,142.0,60.0,15.37,269.93,3.0,4,101002.0,9999999
58321,0,7817,14.4,7.54,31.0,18.0,15.37,269.7,1.0,2,102012.0,9999999
58321,0,7818,14.0,7.14,0.0,0.0,15.37,268.57,2.0,4,101000.0,9999999
58321,0,7819,12.0,7.14,0.0,0.0,15.37,268.57,2.0,2,100998.0,9999999
58321,0,7820,12.0,7.14,0.0,0.0,15.37,268.57,1.0,3,102079.0,9999999
58321,0,7821,12.0,6.66,0.0,0.0,15.37,269.03,2.0,5,100998.0,9999999
58321,0,7822,11.0,6.66,0.0,0.0,15.37,271.92,2.0,4,100997.0,9999999
58321,0,7823,10.0,6.66,0.0,0.0,15.37,272.8,3.0,4,100996.0,9999999
58321,0,7824,10.0,7.14,0.0,0.0,15.37,274.94,1.0,5,100996.0,9999999
58321,0,7825,11.0,7.14,0.0,0.0,15.37,276.83,3.0,4,100997.0,9999999
58321,0,7826,10.3,7.54,0.0,0.0,15.37,276.0,1.0,5,101858.0,9999999
58321,0,7827,11.0,7.14,0.0,0.0,15.37,271.92,2.0,3,100997.0,9999999
58321,0,7828,11.0,7.14,0.0,0.0,15.37,276.21,2.0,3,100997.0,9999999
58321,0,7829,11.2,7.8,0.0,0.0,15.37,277.45,1.5,4,101859.0,9999999
58321,0,7830,11.0,7.14,0.0,0.0,15.37,278.07,1.0,4,100997.0,9999999
58321,0,7831,11.2,7.49,0.0,0.0,15.37,278.48,1.5,4,101438.0,9999999
58321,0,7832,11.5,7.86,43.0,35.0,15.37,279.9,2.0,4,101879.0,9999999
58321,0,7833,11.0,7.65,122.0,87.0,15.37,279.9,2.0,1,100997.0,9999999
58321,0,7834,12.0,7.65,261.0,149.0,15.37,279.9,2.0,4,100998.0,9999999
58321,0,7835,14.6,8.41,395.0,203.0,15.37,277.66,1.0,6,101783.0,9999999
58321,0,7836,14.0,8.18,357.0,193.0,15.37,276.83,1.0,6,101000.0,9999999
58321,0,7837,15.0,8.18,218.0,153.0,15.37,281.1,2.0,1,101001.0,9999999
58321,0,7838,16.9,8.41,151.0,119.0,15.37,284.03,1.0,16,101527.0,9999999
58321,0,7839,16.0,8.75,120.0,81.0,15.37,282.87,4.0,1,101002.0,9999999
58321,0,7840,15.0,8.75,69.0,47.0,15.37,281.1,2.0,1,101001.0,9999999
58321,0,7841,15.1,8.87,17.0,13.0,15.37,278.68,2.0,2,101505.0,9999999
58321,0,7842,13.0,8.75,0.0,0.0,15.37,276.21,2.0,13,100999.0,9999999
58321,0,7843,13.0,8.75,0.0,0.0,15.37,275.79,2.0,16,100999.0,9999999
58321,0,7844,14.1,8.81,0.0,0.0,15.37,277.25,1.0,16,101543.0,9999999
58321,0,7845,13.0,8.75,0.0,0.0,15.37,275.79,2.0,16,100999.0,9999999
58321,0,7846,12.0,8.75,0.0,0.0,15.37,276.62,2.0,1,100998.0,9999999
58321,0,7847,12.0,8.75,0.0,0.0,15.37,278.27,0.0,16,100998.0,9999999
58321,0,7848,12.0,8.75,0.0,0.0,15.37,281.1,1.0,2,100998.0,9999999
58321,0,7849,12.0,8.75,0.0,0.0,15.37,276.83,1.0,13,100998.0,9999999
58321,0,7850,12.4,8.99,0.0,0.0,15.37,281.69,2.0,14,101372.0,9999999
58321,0,7851,12.0,8.75,0.0,0.0,15.37,282.48,3.0,12,100998.0,9999999
58321,0,7852,12.0,8.75,0.0,0.0,15.37,282.67,4.0,13,100998.0,9999999
58321,0,7853,12.0,8.75,0.0,0.0,15.37,282.28,2.0,13,101322.0,9999999
58321,0,7854,11.0,7.65,0.0,0.0,15.37,283.06,6.0,12,100997.0,9999999
58321,0,7855,10.0,7.65,0.0,0.0,15.37,283.06,8.0,12,100996.0,9999999
58321,0,7856,9.9,7.59,9.0,9.0,15.37,283.25,4.0,13,101349.0,9999999
58321,0,7857,10.0,7.14,19.0,19.0,15.37,282.48,8.0,13,100996.0,9999999
58321,0,7858,9.0,6.66,28.0,28.0,15.37,281.69,8.0,13,100994.0,9999999
58321,0,7859,8.5,6.71,52.0,52.0,15.37,280.7,5.0,13,101467.0,9999999
58321,0,7860,8.0,6.21,108.0,108.0,15.37,279.7,8.0,13,100993.0,9999999
58321,0,7861,9.0,6.21,135.0,134.0,15.37,279.09,8.0,12,100994.0,9999999
58321,0,7862,8.8,5.82,126.0,123.0,15.37,279.09,6.0,13,101318.0,9999999
58321,0,7863,11.0,5.74,123.0,98.0,15.37,278.68,6.0,12,100997.0,9999999
58321,0,7864,11.0,5.0,81.0,53.0,15.37,274.52,7.0,13,100997.0,9999999
58321,0,7865,9.7,5.04,21.0,15.0,15.37,273.23,2.0,13,101439.0,9999999
58321,0,7866,8.0,3.76,0.0,0.0,15.37,263.66,3.0,13,100993.0,9999999
58321,0,7867,9.0,4.65,0.0,0.0,15.37,260.22,4.0,12,100994.0,9999999
58321,0,7868,8.3,5.0,0.0,0.0,15.37,259.47,2.0,13,101626.0,9999999
58321,0,7869,6.0,3.51,0.0,0.0,15.37,258.71,3.0,10,100991.0,9999999
58321,0,7870,7.0,4.28,0.0,0.0,15.37,257.94,3.0,11,100992.0,9999999
58321,0,7871,6.0,4.65,0.0,0.0,15.37,257.43,4.0,11,100991.0,9999999
58321,0,7872,5.0,3.53,0.0,0.0,15.37,256.91,3.0,11,100990.0,9999999
58321,0,7873,5.0,4.65,0.0,0.0,15.37,256.65,3.0,11,100990.0,9999999
58321,0,7874,4.3,3.62,0.0,0.0,15.37,256.39,3.0,12,101691.0,9999999
58321,0,7875,5.0,4.31,0.0,0.0,15.37,256.12,3.0,10,100990.0,9999999
58321,0,7876,5.0,4.65,0.0,0.0,15.37,255.6,3.0,10,100990.0,9999999
58321,0,7877,4.8,3.65,0.0,0.0,15.37,255.33,1.0,11,101680.0,9999999
58321,0,7878,4.0,4.31,0.0,0.0,15.37,254.8,3.0,10,100988.0,9999999
58321,0,7879,4.0,4.31,0.0,0.0,15.37,254.54,3.0,11,100988.0,9999999
58321,0,7880,4.1,3.35,159.0,62.0,15.37,254.54,1.0,11,101841.0,9999999
58321,0,7881,6.5,3.56,327.0,97.0,15.37,255.6,3.0,12,100994.0,9999999
58321,0,7882,10.0,3.32,471.0,116.0,15.37,256.91,5.0,14,100996.0,9999999
58321,0,7883,11.9,3.53,565.0,126.0,15.37,258.45,4.0,13,101950.0,9999999
58321,0,7884,13.0,3.73,596.0,129.0,15.37,259.47,5.0,15,100999.0,9999999
58321,0,7885,13.0,3.17,561.0,126.0,15.37,259.97,5.0,14,100999.0,9999999
58321,0,7886,14.0,3.17,461.0,115.0,15.37,260.47,3.0,13,101783.0,9999999
58321,0,7887,14.0,3.17,314.0,95.0,15.37,261.47,5.0,13,101000.0,9999999
58321,0,7888,13.0,3.17,149.0,59.0,15.37,261.47,3.0,13,100999.0,9999999
58321,0,7889,11.9,3.45,33.0,18.0,15.37,260.97,1.0,15,101780.0,9999999
58321,0,7890,7.9,4.0,0.0,0.0,15.37,260.22,1.0,2,100996.0,9999999
58321,0,7891,6.6,4.0,0.0,0.0,15.37,259.72,2.0,3,100994.0,9999999
58321,0,7892,5.8,4.48,0.0,0.0,15.37,259.22,1.0,3,101863.0,9999999
58321,0,7893,6.0,4.28,0.0,0.0,15.37,258.71,3.0,7,100991.0,9999999
58321,0,7894,4.1,3.73,0.0,0.0,15.37,258.45,2.0,8,100991.0,9999999
58321,0,7895,3.5,3.88,0.0,0.0,15.37,258.2,1.0,7,100990.0,9999999
58321,0,7896,3.9,3.97,0.0,0.0,15.37,257.94,1.0,6,100990.0,9999999
58321,0,7897,3.0,4.31,0.0,0.0,15.37,257.69,2.0,4,100987.0,9999999
58321,0,7898,4.5,5.11,0.0,0.0,15.37,257.43,1.0,5,101859.0,9999999
58321,0,7899,5.0,4.31,0.0,0.0,15.37,257.17,1.0,5,100990.0,9999999
58321,0,7900,4.0,4.31,0.0,0.0,15.37,257.17,2.0,5,100988.0,9999999
58321,0,7901,2.7,4.54,0.0,0.0,15.37,256.91,1.0,2,101749.0,9999999
58321,0,7902,4.1,4.31,0.0,0.0,15.37,257.94,2.0,5,100987.0,9999999
58321,0,7903,4.0,4.31,0.0,0.0,15.37,258.71,2.0,5,100988.0,9999999
58321,0,7904,3.8,4.93,136.0,80.0,15.37,260.22,1.0,4,101860.0,9999999
58321,0,7905,5.0,4.31,284.0,136.0,15.37,261.96,4.0,8,100993.0,9999999
58321,0,7906,10.0,3.88,425.0,158.0,15.37,262.69,3.0,8,100996.0,9999999
58321,0,7907,10.7,3.91,528.0,158.0,15.37,264.14,1.0,6,101819.0,9999999
58321,0,7908,14.0,4.31,529.0,190.0,15.37,264.85,2.0,8,101000.0,9999999
58321,0,7909,15.0,4.31,404.0,217.0,15.37,269.7,3.0,9,101001.0,9999999
58321,0,7910,11.8,3.43,251.0,174.0,15.37,275.58,2.0,7,101531.0,9999999
58321,0,7911,13.0,5.0,145.0,108.0,15.37,276.62,1.0,11,100999.0,9999999
58321,0,7912,13.0,5.38,69.0,55.0,15.37,276.21,2.0,10,100999.0,9999999
58321,0,7913,11.2,4.72,17.0,14.0,15.37,274.94,1.0,6,101520.0,9999999
58321,0,7914,11.0,5.78,0.0,0.0,15.37,271.48,2.0,8,100997.0,9999999
58321,0,7915,11.0,5.78,0.0,0.0,15.37,275.36,2.0,10,100997.0,9999999
58321,0,7916,8.9,4.97,0.0,0.0,15.37,274.94,3.5,7,101737.0,9999999
58321,0,7917,11.0,5.38,0.0,0.0,15.37,268.8,5.0,8,100997.0,9999999
58321,0,7918,10.0,5.0,0.0,0.0,15.37,269.7,3.0,9,100996.0,9999999
58321,0,7919,8.0,5.0,0.0,0.0,15.37,273.87,1.0,8,100993.0,9999999
58321,0,7920,7.0,5.0,0.0,0.0,15.37,274.09,4.0,14,100992.0,9999999
58321,0,7921,8.0,5.0,0.0,0.0,15.37,270.6,2.0,14,100993.0,9999999
58321,0,7922,7.1,5.15,0.0,0.0,15.37,270.15,1.0,13,101864.0,9999999
58321,0,7923,9.0,5.0,0.0,0.0,15.37,269.25,4.0,12,100994.0,9999999
58321,0,7924,8.0,5.38,0.0,0.0,15.37,270.15,4.0,12,100993.0,9999999
58321,0,7925,9.4,4.93,0.0,0.0,15.37,269.48,4.0,14,102026.0,9999999
58321,0,7926,8.0,4.31,0.0,0.0,15.37,269.93,7.0,16,100993.0,9999999
58321,0,7927,6.0,3.7,0.0,0.0,15.37,269.48,5.0,16,100991.0,9999999
58321,0,7928,6.8,3.32,99.0,78.0,15.37,267.43,4.0,15,102392.0,9999999
58321,0,7929,6.0,3.43,253.0,133.0,15.37,263.9,5.0,15,100991.0,9999999
58321,0,7930,7.0,2.92,430.0,144.0,15.37,258.96,5.0,15,100992.0,9999999
58321,0,7931,8.0,2.74,549.0,138.0,15.37,255.86,3.0,15,102723.0,9999999
58321,0,7932,8.0,2.48,590.0,134.0,15.37,254.8,5.0,15,100993.0,9999999
58321,0,7933,8.0,2.48,557.0,129.0,15.37,254.27,6.0,14,100993.0,9999999
58321,0,7934,8.0,2.12,434.0,147.0,15.37,254.27,4.0,15,102523.0,9999999
58321,0,7935,8.0,2.48,270.0,142.0,15.37,259.47,6.0,15,100993.0,9999999
58321,0,7936,7.0,2.7,125.0,79.0,15.37,259.22,5.0,14,100992.0,9999999
58321,0,7937,6.6,2.46,28.0,21.0,15.37,259.22,2.0,13,102631.0,9999999
58321,0,7938,5.0,2.92,0.0,0.0,15.37,256.91,2.0,15,100990.0,9999999
58321,0,7939,4.0,3.17,0.0,0.0,15.37,256.12,2.0,16,100988.0,9999999
58321,0,7940,3.3,2.81,0.0,0.0,15.37,253.46,2.0,15,102819.0,9999999
58321,0,7941,4.0,3.17,0.0,0.0,15.37,251.82,1.0,14,100988.0,9999999
58321,0,7942,3.0,2.92,0.0,0.0,15.37,251.26,1.0,16,100987.0,9999999
58321,0,7943,2.0,3.17,0.0,0.0,15.37,250.99,1.0,3,100986.0,9999999
58321,0,7944,2.0,2.48,0.0,0.0,15.37,250.71,1.0,4,100986.0,9999999
58321,0,7945,1.0,3.17,0.0,0.0,15.37,250.43,2.0,8,100985.0,9999999
58321,0,7946,-1.2,2.59,0.0,0.0,15.37,249.86,2.0,6,102861.0,9999999
58321,0,7947,0.0,2.92,0.0,0.0,15.37,249.3,4.0,10,100983.0,9999999
58321,0,7948,0.0,2.92,0.0,0.0,15.37,249.01,3.0,10,100983.0,9999999
58321,0,7949,-1.4,2.92,0.0,0.0,15.37,249.01,1.0,11,102791.0,9999999
58321,0,7950,1.0,2.92,0.0,0.0,15.37,248.72,4.0,11,100983.0,9999999
58321,0,7951,1.0,2.92,0.0,0.0,15.37,247.86,4.0,12,100983.0,9999999
58321,0,7952,0.6,2.35,155.0,60.0,15.37,247.28,4.0,14,102845.0,9999999
58321,0,7953,0.5,2.48,324.0,96.0,15.37,247.57,4.0,12,100987.0,9999999
58321,0,7954,5.0,1.58,471.0,116.0,15.37,248.72,6.0,13,100990.0,9999999
58321,0,7955,6.9,1.82,567.0,126.0,15.37,249.86,3.0,14,102891.0,9999999
58321,0,7956,8.0,1.93,599.0,129.0,15.37,250.99,7.0,14,100993.0,9999999
58321,0,7957,9.0,1.63,565.0,126.0,15.37,251.82,8.0,13,100994.0,9999999
58321,0,7958,8.8,1.4,468.0,115.0,15.37,251.82,4.0,14,102644.0,9999999
58321,0,7959,9.0,1.77,320.0,95.0,15.37,251.82,7.0,14,100994.0,9999999
58321,0,7960,8.0,1.63,152.0,59.0,15.37,251.54,8.0,13,100993.0,9999999
58321,0,7961,6.7,1.43,34.0,18.0,15.37,251.54,4.0,14,102671.0,9999999
58321,0,7962,4.0,1.93,0.0,0.0,15.37,250.71,2.0,14,100988.0,9999999
58321,0,7963,3.0,1.93,0.0,0.0,15.37,250.15,3.0,14,100987.0,9999999
58321,0,7964,2.7,1.97,0.0,0.0,15.37,249.58,2.0,15,102828.0,9999999
58321,0,7965,3.0,1.93,0.0,0.0,15.37,249.01,2.0,12,100987.0,9999999
58321,0,7966,1.6,2.33,0.0,0.0,15.37,248.44,3.0,13,100986.0,9999999
58321,0,7967,0.3,2.38,0.0,0.0,15.37,248.15,2.0,12,100986.0,9999999
58321,0,7968,0.0,2.29,0.0,0.0,15.37,247.57,3.0,11,100983.0,9999999
58321,0,7969,-1.0,2.29,0.0,0.0,15.37,246.99,3.0,11,100982.0,9999999
58321,0,7970,-2.5,2.29,0.0,0.0,15.37,246.4,3.0,11,102769.0,9999999
58321,0,7971,-1.0,2.29,0.0,0.0,15.37,246.99,3.0,10,100982.0,9999999
58321,0,7972,-1.0,2.29,0.0,0.0,15.37,247.28,3.0,10,100982.0,9999999
58321,0,7973,-3.2,1.68,0.0,0.0,15.37,247.28,2.0,10,102619.0,9999999
58321,0,7974,0.0,2.1,0.0,0.0,15.37,247.57,3.0,9,100983.0,9999999
58321,0,7975,-1.0,2.29,0.0,0.0,15.37,247.57,3.0,10,100982.0,9999999
58321,0,7976,0.7,1.93,153.0,59.0,15.37,247.86,3.0,11,102692.0,9999999
58321,0,7977,2.2,2.29,321.0,95.0,15.37,249.01,3.0,11,100988.0,9999999
58321,0,7978,7.0,1.46,468.0,115.0,15.37,250.71,5.0,12,100992.0,9999999
58321,0,7979,9.0,1.63,562.0,125.0,15.37,252.64,3.0,11,102724.0,9999999
58321,0,7980,10.0,1.77,594.0,128.0,15.37,254.0,3.0,12,100996.0,9999999
58321,0,7981,11.0,1.63,559.0,125.0,15.37,255.07,4.0,12,100997.0,9999999
58321,0,7982,11.3,1.6,462.0,114.0,15.37,255.86,3.0,13,102378.0,9999999
58321,0,7983,12.0,1.93,316.0,94.0,15.37,256.39,4.0,12,100998.0,9999999
58321,0,7984,12.0,1.77,150.0,58.0,15.37,256.65,3.0,9,100998.0,9999999
58321,0,7985,9.3,1.88,33.0,17.0,15.37,256.12,1.0,9,102226.0,9999999
58321,0,7986,5.2,2.1,0.0,0.0,15.37,255.33,3.0,7,100992.0,9999999
58321,0,7987,5.0,2.29,0.0,0.0,15.37,255.07,4.0,7,100990.0,9999999
58321,0,7988,4.6,2.83,0.0,0.0,15.37,254.54,3.0,8,102173.0,9999999
58321,0,7989,4.4,2.48,0.0,0.0,15.37,254.0,4.0,7,100987.0,9999999
58321,0,7990,3.2,2.48,0.0,0.0,15.37,253.73,4.0,7,100986.0,9999999
58321,0,7991,2.0,2.48,0.0,0.0,15.37,253.46,2.0,6,100986.0,9999999
58321,0,7992,1.6,2.48,0.0,0.0,15.37,253.19,2.0,8,100987.0,9999999
58321,0,7993,0.4,2.7,0.0,0.0,15.37,252.92,0.0,9,100985.0,9999999
58321,0,7994,0.2,2.81,0.0,0.0,15.37,252.92,1.0,10,102044.0,9999999
58321,0,7995,0.0,2.7,0.0,0.0,15.37,253.19,3.0,8,100983.0,9999999
58321,0,7996,0.0,2.7,0.0,0.0,15.37,252.92,3.0,7,100983.0,9999999
58321,0,7997,-1.1,2.85,0.0,0.0,15.37,252.92,2.0,6,101984.0,9999999
58321,0,7998,1.0,2.7,0.0,0.0,15.37,252.92,5.0,7,100983.0,9999999
58321,0,7999,1.0,2.7,0.0,0.0,15.37,253.19,5.0,7,100983.0,9999999
58321,0,8000,1.9,3.12,145.0,57.0,15.37,254.0,2.0,7,102069.0,9999999
58321,0,8001,3.0,3.17,307.0,93.0,15.37,255.6,2.0,7,100991.0,9999999
58321,0,8002,9.0,3.17,449.0,113.0,15.37,257.43,3.0,8,100994.0,9999999
58321,0,8003,11.3,3.04,543.0,124.0,15.37,259.47,2.0,10,102079.0,9999999
58321,0,8004,14.0,3.17,575.0,127.0,15.37,260.97,6.0,12,101000.0,9999999
58321,0,8005,15.0,3.43,542.0,124.0,15.37,261.96,7.0,12,101001.0,9999999
58321,0,8006,16.0,3.17,449.0,113.0,15.37,262.93,2.0,12,101875.0,9999999
58321,0,8007,15.0,2.92,307.0,94.0,15.37,262.69,6.0,13,101001.0,9999999
58321,0,8008,14.0,2.92,145.0,58.0,15.37,262.45,6.0,14,101000.0,9999999
58321,0,8009,12.8,2.63,32.0,17.0,15.37,261.47,2.0,14,102001.0,9999999
58321,0,8010,8.3,3.22,0.0,0.0,15.37,260.72,2.5,14,101286.0,9999999
58321,0,8011,7.8,3.35,0.0,0.0,15.37,259.47,2.2,14,101286.0,9999999
58321,0,8012,7.0,3.37,0.0,0.0,15.37,258.45,2.2,13,101286.0,9999999
58321,0,8013,7.1,3.85,0.0,0.0,15.37,257.43,2.6,14,101232.0,9999999
58321,0,8014,7.6,4.79,0.0,0.0,15.37,256.39,3.1,10,101474.0,9999999
58321,0,8015,8.1,5.46,0.0,0.0,15.37,255.86,3.6,11,101720.0,9999999
58321,0,8016,9.1,6.39,0.0,0.0,9.78,276.0,3.8,12,101967.0,9999999
58321,0,8017,8.7,6.39,0.0,0.0,9.78,278.27,3.8,8,101975.0,9999999
58321,0,8018,8.4,6.43,0.0,0.0,9.78,275.36,3.6,12,101981.0,9999999
58321,0,8019,8.0,6.39,0.0,0.0,9.78,275.15,3.4,8,102001.0,9999999
58321,0,8020,7.7,6.25,0.0,0.0,9.78,280.5,3.4,5,102039.0,9999999
58321,0,8021,7.5,5.95,0.0,0.0,9.78,280.7,3.6,5,102094.0,9999999
58321,0,8022,7.6,6.16,0.0,0.0,9.78,280.9,3.4,1,102058.0,9999999
58321,0,8023,7.4,5.74,0.0,0.0,9.78,280.7,3.8,2,102130.0,9999999
58321,0,8024,7.2,5.38,32.0,31.0,9.78,279.9,4.1,3,102203.0,9999999
58321,0,8025,6.8,5.11,80.0,67.0,9.78,278.68,4.8,2,102249.0,9999999
58321,0,8026,6.5,4.82,131.0,110.0,9.78,279.09,5.5,2,102295.0,9999999
58321,0,8027,6.1,4.58,168.0,144.0,9.78,278.27,6.2,2,102341.0,9999999
58321,0,8028,6.1,4.58,172.0,151.0,9.78,277.86,5.8,2,102298.0,9999999
58321,0,8029,6.1,4.58,126.0,119.0,9.78,278.27,5.5,2,102255.0,9999999
58321,0,8030,6.1,4.58,74.0,70.0,9.78,278.07,5.1,3,102212.0,9999999
58321,0,8031,6.1,4.72,43.0,38.0,9.78,277.66,4.1,2,102229.0,9999999
58321,0,8032,6.1,4.86,19.0,17.0,9.78,277.25,3.1,2,102245.0,9999999
58321,0,8033,6.1,4.97,4.0,4.0,9.78,277.25,2.1,3,102262.0,9999999
58321,0,8034,6.5,4.82,0.0,0.0,9.78,276.83,2.1,2,102299.0,9999999
58321,0,8035,6.8,4.68,0.0,0.0,9.78,276.62,2.1,2,102336.0,9999999
58321,0,8036,7.2,4.61,0.0,0.0,9.78,276.62,2.1,2,102373.0,9999999
58321,0,8037,6.5,4.48,0.0,0.0,9.78,276.21,2.1,2,102415.0,9999999
58321,0,8038,5.7,4.44,0.0,0.0,9.78,274.94,2.1,2,102457.0,9999999
58321,0,8039,5.0,4.38,0.0,0.0,9.78,275.15,2.1,3,102500.0,9999999
58321,0,8040,4.6,4.15,0.0,0.0,9.78,274.09,2.8,3,102519.0,9999999
58321,0,8041,4.3,3.91,0.0,0.0,9.78,273.87,3.4,3,102539.0,9999999
58321,0,8042,3.9,3.7,0.0,0.0,9.78,273.23,4.1,2,102558.0,9999999
58321,0,8043,3.9,3.51,0.0,0.0,9.78,273.44,4.8,3,102568.0,9999999
58321,0,8044,3.9,3.29,0.0,0.0,9.78,270.82,5.5,3,102578.0,9999999
58321,0,8045,2.9,3.12,0.0,0.0,9.78,264.85,6.2,3,102588.0,9999999
58321,0,8046,2.7,3.12,0.0,0.0,9.78,260.72,5.8,2,102627.0,9999999
58321,0,8047,2.4,3.12,0.0,0.0,9.78,256.39,5.5,2,102667.0,9999999
58321,0,8048,2.8,3.12,124.0,57.0,9.78,256.91,5.1,3,102706.0,9999999
58321,0,8049,2.9,3.22,279.0,94.0,9.78,256.12,4.8,3,102744.0,9999999
58321,0,8050,5.0,3.29,410.0,127.0,9.78,257.43,4.4,3,102782.0,9999999
58321,0,8051,6.1,3.4,493.0,154.0,9.78,258.45,4.1,3,102820.0,9999999
58321,0,8052,6.7,3.29,538.0,156.0,9.78,261.22,4.4,3,102764.0,9999999
58321,0,8053,7.2,3.22,512.0,148.0,9.78,259.97,4.8,3,102708.0,9999999
58321,0,8054,7.8,3.12,401.0,145.0,9.78,260.72,5.1,2,102652.0,9999999
58321,0,8055,7.6,3.07,247.0,120.0,9.78,263.42,4.8,2,102672.0,9999999
58321,0,8056,7.4,3.02,106.0,63.0,9.78,264.85,4.4,2,102692.0,9999999
58321,0,8057,7.2,2.97,22.0,16.0,9.78,267.43,4.1,3,102712.0,9999999
58321,0,8058,4.7,3.12,0.0,0.0,9.78,269.93,4.1,2,102761.0,9999999
58321,0,8059,5.7,3.24,0.0,0.0,9.78,271.7,4.1,2,102809.0,9999999
58321,0,8060,5.0,3.4,0.0,0.0,9.78,272.8,4.1,3,102858.0,9999999
58321,0,8061,4.6,3.24,0.0,0.0,9.78,271.26,5.1,2,102944.0,9999999
58321,0,8062,4.3,3.12,0.0,0.0,9.78,271.92,6.2,2,103030.0,9999999
58321,0,8063,3.9,2.97,0.0,0.0,9.78,272.36,7.2,3,103116.0,9999999
58321,0,8064,3.0,3.19,0.0,0.0,9.78,273.01,6.5,1,103138.0,9999999
58321,0,8065,2.0,3.45,0.0,0.0,9.78,270.82,5.8,1,103160.0,9999999
58321,0,8066,2.3,3.7,0.0,0.0,9.78,272.36,5.1,2,103182.0,9999999
58321,0,8067,1.9,3.59,0.0,0.0,9.78,269.93,4.8,1,103169.0,9999999
58321,0,8068,1.1,3.51,0.0,0.0,9.78,270.37,4.4,1,103156.0,9999999
58321,0,8069,0.8,3.4,0.0,0.0,9.78,269.93,4.1,2,103143.0,9999999
58321,0,8070,0.6,3.51,0.0,0.0,9.78,268.57,3.8,1,103189.0,9999999
58321,0,8071,0.6,3.59,0.0,0.0,9.78,267.43,3.4,1,103235.0,9999999
58321,0,8072,0.7,3.7,92.0,72.0,9.78,266.5,3.1,1,103281.0,9999999
58321,0,8073,1.0,3.51,205.0,136.0,9.78,264.62,2.8,1,103298.0,9999999
58321,0,8074,2.1,3.29,311.0,192.0,9.78,265.33,2.4,1,103315.0,9999999
58321,0,8075,2.3,3.12,387.0,219.0,9.78,266.5,2.1,1,103332.0,9999999
58321,0,8076,2.4,3.07,390.0,205.0,9.78,264.38,2.4,16,103259.0,9999999
58321,0,8077,3.5,3.02,319.0,206.0,9.78,267.66,2.8,16,103187.0,9999999
58321,0,8078,3.6,2.97,211.0,174.0,9.78,271.48,3.1,15,103114.0,9999999
58321,0,8079,3.5,3.02,114.0,103.0,9.78,271.92,3.1,15,103124.0,9999999
58321,0,8080,2.6,3.07,49.0,46.0,9.78,272.36,3.1,15,103135.0,9999999
58321,0,8081,2.8,3.12,11.0,11.0,9.78,269.93,3.1,15,103145.0,9999999
58321,0,8082,2.6,3.22,0.0,0.0,9.78,268.34,3.1,15,103188.0,9999999
58321,0,8083,2.4,3.29,0.0,0.0,9.78,269.48,3.1,15,103231.0,9999999
58321,0,8084,2.2,3.4,0.0,0.0,9.78,267.2,3.1,14,103274.0,9999999
58321,0,8085,2.6,2.85,0.0,0.0,9.78,266.03,3.1,14,103280.0,9999999
58321,0,8086,2.2,2.85,0.0,0.0,9.78,265.8,3.1,14,103286.0,9999999
58321,0,8087,2.0,2.92,0.0,0.0,9.78,266.73,3.1,12,103292.0,9999999
58321,0,8088,1.9,2.97,0.0,0.0,9.78,262.93,3.4,14,103299.0,9999999
58321,0,8089,1.9,3.51,0.0,0.0,9.78,265.33,3.8,14,103305.0,9999999
58321,0,8090,1.8,3.4,0.0,0.0,9.78,265.09,4.1,13,103312.0,9999999
58321,0,8091,1.3,3.29,0.0,0.0,9.78,257.69,3.8,13,103308.0,9999999
58321,0,8092,0.2,3.22,0.0,0.0,9.78,257.17,3.4,13,103304.0,9999999
58321,0,8093,0.0,3.12,0.0,0.0,9.78,252.09,3.1,14,103301.0,9999999
58321,0,8094,0.0,3.12,0.0,0.0,9.78,252.09,3.1,13,103321.0,9999999
58321,0,8095,0.0,3.12,0.0,0.0,9.78,250.99,3.1,13,103341.0,9999999
58321,0,8096,0.0,3.12,137.0,58.0,9.78,249.01,3.1,13,103360.0,9999999
58321,0,8097,0.9,3.12,300.0,97.0,9.78,249.58,3.1,13,103348.0,9999999
58321,0,8098,3.7,3.12,444.0,118.0,9.78,250.71,3.1,14,103336.0,9999999
58321,0,8099,2.8,3.12,537.0,129.0,9.78,251.82,3.1,14,103324.0,9999999
58321,0,8100,3.9,2.9,565.0,139.0,9.78,252.64,2.8,14,103249.0,9999999
58321,0,8101,5.0,2.67,534.0,141.0,9.78,254.54,2.4,14,103174.0,9999999
58321,0,8102,6.1,2.48,443.0,129.0,9.78,254.0,2.1,14,103099.0,9999999
58321,0,8103,5.7,2.48,282.0,117.0,9.78,254.8,2.1,14,103102.0,9999999
58321,0,8104,5.4,2.48,111.0,71.0,9.78,263.66,2.1,14,103105.0,9999999
58321,0,8105,5.0,2.48,19.0,15.0,9.78,266.73,2.1,13,103108.0,9999999
58321,0,8106,4.1,2.67,0.0,0.0,9.78,265.56,1.4,12,103113.0,9999999
58321,0,8107,3.1,2.9,0.0,0.0,9.78,266.27,0.7,12,103119.0,9999999
58321,0,8108,3.6,3.12,0.0,0.0,9.78,262.93,0.0,11,103124.0,9999999
58321,0,8109,3.5,3.12,0.0,0.0,9.78,262.93,0.0,11,103126.0,9999999
58321,0,8110,2.5,3.12,0.0,0.0,9.78,260.97,0.0,11,103127.0,9999999
58321,0,8111,1.2,3.17,0.0,0.0,9.78,254.8,0.0,11,103129.0,9999999
58321,0,8112,1.2,3.12,0.0,0.0,9.78,252.37,1.0,11,103067.0,9999999
58321,0,8113,0.0,3.12,0.0,0.0,9.78,251.54,2.1,11,103004.0,9999999
58321,0,8114,0.0,3.12,0.0,0.0,9.78,251.54,3.1,10,102942.0,9999999
58321,0,8115,-0.4,3.07,0.0,0.0,9.78,250.99,3.4,11,102915.0,9999999
58321,0,8116,-0.7,3.02,0.0,0.0,9.78,250.43,3.8,11,102888.0,9999999
58321,0,8117,-1.1,2.97,0.0,0.0,9.78,249.86,4.1,10,102861.0,9999999
58321,0,8118,-0.7,2.97,0.0,0.0,9.78,249.3,3.8,10,102858.0,9999999
58321,0,8119,-0.4,2.97,0.0,0.0,9.78,249.3,3.4,9,102855.0,9999999
58321,0,8120,0.0,2.97,137.0,56.0,9.78,249.58,3.1,9,102852.0,9999999
58321,0,8121,0.7,2.97,300.0,95.0,9.78,250.43,3.1,9,102832.0,9999999
58321,0,8122,7.1,2.97,445.0,116.0,9.78,251.82,3.1,9,102812.0,9999999
58321,0,8123,7.2,2.97,542.0,127.0,9.78,253.46,3.1,10,102791.0,9999999
58321,0,8124,7.8,2.97,578.0,131.0,9.78,254.27,3.1,11,102682.0,9999999
58321,0,8125,8.3,2.97,547.0,127.0,9.78,254.8,3.1,11,102573.0,9999999
58321,0,8126,8.9,2.97,452.0,118.0,9.78,255.07,3.1,11,102464.0,9999999
58321,0,8127,8.3,3.02,308.0,98.0,9.78,255.6,2.8,12,102470.0,9999999
58321,0,8128,7.8,3.07,146.0,61.0,9.78,255.6,2.4,12,102476.0,9999999
58321,0,8129,7.2,3.12,33.0,18.0,9.78,255.07,2.1,12,102482.0,9999999
58321,0,8130,3.4,3.29,0.0,0.0,9.78,254.0,1.4,11,102487.0,9999999
58321,0,8131,3.2,3.51,0.0,0.0,9.78,253.46,0.7,10,102492.0,9999999
58321,0,8132,2.8,3.7,0.0,0.0,9.78,253.19,0.0,10,102497.0,9999999
58321,0,8133,3.2,3.59,0.0,0.0,9.78,252.92,0.0,10,102483.0,9999999
58321,0,8134,1.7,3.51,0.0,0.0,9.78,252.64,0.0,9,102469.0,9999999
58321,0,8135,1.1,3.4,0.0,0.0,9.78,252.37,0.0,9,102455.0,9999999
58321,0,8136,0.8,3.51,0.0,0.0,9.78,252.09,0.0,9,102438.0,9999999
58321,0,8137,0.3,3.59,0.0,0.0,9.78,251.82,0.0,9,102422.0,9999999
58321,0,8138,0.2,3.7,0.0,0.0,9.78,251.82,0.0,8,102405.0,9999999
58321,0,8139,0.7,3.59,0.0,0.0,9.78,252.37,0.3,8,102375.0,9999999
58321,0,8140,0.4,3.51,0.0,0.0,9.78,252.09,0.7,8,102344.0,9999999
58321,0,8141,0.0,3.4,0.0,0.0,9.78,251.82,1.0,9,102314.0,9999999
58321,0,8142,0.4,3.4,0.0,0.0,9.78,251.54,1.0,8,102331.0,9999999
58321,0,8143,0.1,3.4,0.0,0.0,9.78,251.54,1.0,8,102348.0,9999999
58321,0,8144,0.1,3.4,135.0,55.0,9.78,251.54,1.0,8,102365.0,9999999
58321,0,8145,0.8,3.7,297.0,93.0,9.78,252.64,1.0,9,102385.0,9999999
58321,0,8146,8.1,3.79,442.0,114.0,9.78,254.27,1.0,9,102404.0,9999999
58321,0,8147,7.8,4.41,538.0,125.0,9.78,255.86,1.0,9,102423.0,9999999
58321,0,8148,8.5,4.03,572.0,129.0,9.78,257.43,2.0,10,102374.0,9999999
58321,0,8149,9.3,2.85,540.0,126.0,9.78,258.71,3.1,10,102325.0,9999999
58321,0,8150,10.0,3.4,437.0,126.0,9.78,259.47,4.1,8,102276.0,9999999
58321,0,8151,9.3,3.7,279.0,109.0,9.78,262.45,3.8,11,102282.0,9999999
58321,0,8152,8.5,4.0,126.0,64.0,9.78,263.42,3.4,11,102288.0,9999999
58321,0,8153,7.8,4.38,30.0,19.0,9.78,262.45,3.1,9,102294.0,9999999
58321,0,8154,7.6,4.44,0.0,0.0,9.78,259.72,2.8,12,102347.0,9999999
58321,0,8155,7.4,4.54,0.0,0.0,9.78,259.22,2.4,13,102400.0,9999999
58321,0,8156,7.2,4.58,0.0,0.0,9.78,258.96,2.1,9,102452.0,9999999
58321,0,8157,6.8,4.51,0.0,0.0,9.78,259.47,2.8,14,102535.0,9999999
58321,0,8158,6.5,4.44,0.0,0.0,9.78,260.72,3.4,14,102618.0,9999999
58321,0,8159,6.1,4.38,0.0,0.0,9.78,264.62,4.1,13,102700.0,9999999
58321,0,8160,5.0,4.25,0.0,0.0,9.78,268.57,3.1,14,102732.0,9999999
58321,0,8161,3.9,4.15,0.0,0.0,9.78,267.43,2.0,15,102764.0,9999999
58321,0,8162,3.8,4.35,0.0,0.0,9.78,263.9,1.0,14,102796.0,9999999
58321,0,8163,4.2,4.38,0.0,0.0,9.78,263.42,1.0,16,102799.0,9999999
58321,0,8164,2.4,3.79,0.0,0.0,9.78,259.22,1.0,16,102802.0,9999999
58321,0,8165,2.2,3.67,0.0,0.0,9.78,256.12,1.0,14,102805.0,9999999
58321,0,8166,1.2,3.53,0.0,0.0,9.78,254.0,1.0,16,102831.0,9999999
58321,0,8167,1.0,3.7,0.0,0.0,9.78,253.19,1.0,16,102857.0,9999999
58321,0,8168,1.1,3.7,130.0,54.0,9.78,252.92,1.0,15,102883.0,9999999
58321,0,8169,1.8,3.51,291.0,93.0,9.78,253.46,1.4,1,102942.0,9999999
58321,0,8170,8.0,3.29,434.0,115.0,9.78,254.54,1.7,2,103001.0,9999999
58321,0,8171,7.2,3.12,501.0,164.0,9.78,255.86,2.1,3,103060.0,9999999
58321,0,8172,7.8,3.12,462.0,227.0,9.78,261.47,1.7,3,102971.0,9999999
58321,0,8173,8.3,2.1,392.0,229.0,9.78,265.8,1.4,2,102882.0,9999999
58321,0,8174,8.9,2.12,375.0,158.0,9.78,266.27,1.0,3,102793.0,9999999
58321,0,8175,8.9,2.12,304.0,95.0,9.78,257.94,1.0,2,102797.0,9999999
58321,0,8176,8.9,3.12,143.0,59.0,9.78,257.94,1.0,2,102800.0,9999999
58321,0,8177,7.0,3.12,31.0,18.0,9.78,257.94,1.0,4,102803.0,9999999
58321,0,8178,4.7,2.9,0.0,0.0,9.78,260.47,1.7,2,102802.0,9999999
58321,0,8179,4.4,2.67,0.0,0.0,9.78,258.2,2.4,3,102800.0,9999999
58321,0,8180,5.0,2.48,0.0,0.0,9.78,258.96,3.1,2,102799.0,9999999
58321,0,8181,4.6,2.63,0.0,0.0,9.78,260.97,2.8,4,102798.0,9999999
58321,0,8182,4.3,2.81,0.0,0.0,9.78,264.62,2.4,4,102798.0,9999999
58321,0,8183,3.9,2.97,0.0,0.0,9.78,266.5,2.1,4,102797.0,9999999
58321,0,8184,3.3,2.97,0.0,0.0,9.78,263.66,1.7,5,102773.0,9999999
58321,0,8185,2.8,2.97,0.0,0.0,9.78,262.45,1.4,5,102749.0,9999999
58321,0,8186,3.7,2.97,0.0,0.0,9.78,264.85,1.0,3,102725.0,9999999
58321,0,8187,4.2,2.97,0.0,0.0,9.78,258.2,0.7,5,102651.0,9999999
58321,0,8188,2.9,2.97,0.0,0.0,9.78,268.34,0.3,5,102577.0,9999999
58321,0,8189,2.8,2.97,0.0,0.0,9.78,271.04,0.0,5,102503.0,9999999
58321,0,8190,3.0,3.02,0.0,0.0,9.78,270.6,0.0,5,102507.0,9999999
58321,0,8191,2.8,3.07,0.0,0.0,9.78,269.48,0.0,6,102510.0,9999999
58321,0,8192,2.9,3.12,38.0,35.0,9.78,272.36,0.0,6,102513.0,9999999
58321,0,8193,2.6,3.51,111.0,92.0,9.78,273.01,1.4,6,102510.0,9999999
58321,0,8194,7.6,4.68,220.0,164.0,9.78,272.14,2.7,6,102506.0,9999999
58321,0,8195,7.8,4.41,302.0,214.0,9.78,272.14,4.1,7,102503.0,9999999
58321,0,8196,8.9,4.38,354.0,215.0,9.78,272.58,3.8,7,102388.0,9999999
58321,0,8197,10.0,4.35,412.0,179.0,9.78,268.8,3.4,7,102273.0,9999999
58321,0,8198,11.1,4.38,405.0,134.0,9.78,263.66,3.1,7,102158.0,9999999
58321,0,8199,10.7,4.41,291.0,96.0,9.78,265.56,2.4,6,102131.0,9999999
58321,0,8200,10.4,4.38,134.0,57.0,9.78,264.14,1.7,5,102104.0,9999999
58321,0,8201,10.0,4.38,27.0,16.0,9.78,265.09,1.0,5,102077.0,9999999
58321,0,8202,8.7,4.44,0.0,0.0,9.78,273.44,0.7,5,102079.0,9999999
58321,0,8203,7.4,4.54,0.0,0.0,9.78,276.21,0.3,5,102081.0,9999999
58321,0,8204,8.2,5.3,0.0,0.0,9.78,274.73,0.0,5,102082.0,9999999
58321,0,8205,6.1,4.54,0.0,0.0,9.78,268.8,0.0,5,102079.0,9999999
58321,0,8206,6.1,4.58,0.0,0.0,9.78,267.43,0.0,5,102076.0,9999999
58321,0,8207,6.1,4.58,0.0,0.0,9.78,266.27,0.0,5,102072.0,9999999
58321,0,8208,6.1,4.58,0.0,0.0,9.78,267.89,0.0,5,102056.0,9999999
58321,0,8209,6.1,4.58,0.0,0.0,9.78,269.93,0.0,5,102039.0,9999999
58321,0,8210,6.1,4.58,0.0,0.0,9.78,271.26,0.0,5,102023.0,9999999
58321,0,8211,6.1,4.58,0.0,0.0,9.78,269.48,0.0,4,102013.0,9999999
58321,0,8212,6.1,4.58,0.0,0.0,9.78,274.73,0.0,4,102003.0,9999999
58321,0,8213,6.1,4.58,0.0,0.0,9.78,276.62,0.0,4,101993.0,9999999
58321,0,8214,6.1,4.58,0.0,0.0,9.78,274.52,0.3,4,101996.0,9999999
58321,0,8215,6.1,4.58,0.0,0.0,9.78,274.73,0.7,5,101999.0,9999999
58321,0,8216,6.1,4.58,38.0,34.0,9.78,273.87,1.0,3,102003.0,9999999
58321,0,8217,7.4,4.82,85.0,74.0,9.78,274.94,1.0,5,102001.0,9999999
58321,0,8218,8.7,5.11,95.0,85.0,9.78,276.0,1.0,6,101999.0,9999999
58321,0,8219,10.0,5.38,95.0,86.0,9.78,277.45,1.0,5,101997.0,9999999
58321,0,8220,10.0,5.38,116.0,108.0,9.78,278.07,0.7,7,101921.0,9999999
58321,0,8221,10.0,5.38,150.0,138.0,9.78,278.68,0.3,7,101844.0,9999999
58321,0,8222,10.0,5.38,150.0,130.0,9.78,278.68,0.0,6,101768.0,9999999
58321,0,8223,10.0,5.54,98.0,84.0,9.78,277.04,0.0,4,101778.0,9999999
58321,0,8224,10.0,5.66,43.0,39.0,9.78,279.09,0.0,3,101788.0,9999999
58321,0,8225,10.0,5.82,8.0,7.0,9.78,279.7,0.0,2,101798.0,9999999
58321,0,8226,9.3,5.99,0.0,0.0,9.78,279.49,0.0,3,101830.0,9999999
58321,0,8227,8.5,6.12,0.0,0.0,9.78,279.49,0.0,3,101863.0,9999999
58321,0,8228,7.8,6.3,0.0,0.0,9.78,279.29,0.0,3,101895.0,9999999
58321,0,8229,7.8,6.3,0.0,0.0,9.78,279.49,0.0,2,101912.0,9999999
58321,0,8230,7.8,6.3,0.0,0.0,9.78,279.49,0.0,0,101928.0,9999999
58321,0,8231,7.8,6.3,0.0,0.0,9.78,279.7,0.0,15,101945.0,9999999
58321,0,8232,7.8,6.3,0.0,0.0,9.78,279.29,0.0,16,101981.0,9999999
58321,0,8233,7.8,6.3,0.0,0.0,9.78,279.09,0.0,16,102018.0,9999999
58321,0,8234,7.8,6.3,0.0,0.0,9.78,279.09,0.0,16,102054.0,9999999
58321,0,8235,7.8,6.39,0.0,0.0,9.78,279.09,0.7,16,102061.0,9999999
58321,0,8236,7.8,6.48,0.0,0.0,9.78,279.09,1.4,16,102068.0,9999999
58321,0,8237,7.8,6.57,0.0,0.0,9.78,278.89,2.1,15,102074.0,9999999
58321,0,8238,7.6,6.48,0.0,0.0,9.78,278.89,2.1,16,102134.0,9999999
58321,0,8239,7.4,6.39,0.0,0.0,9.78,278.89,2.1,16,102193.0,9999999
58321,0,8240,7.2,6.3,10.0,10.0,9.78,279.49,2.1,15,102253.0,9999999
58321,0,8241,7.4,6.3,25.0,25.0,9.78,279.7,2.4,1,102273.0,9999999
58321,0,8242,7.6,6.3,38.0,38.0,9.78,280.1,2.8,1,102293.0,9999999
58321,0,8243,7.8,6.3,62.0,61.0,9.78,280.3,3.1,4,102314.0,9999999
58321,0,8244,8.2,6.3,67.0,65.0,9.78,280.5,2.8,2,102261.0,9999999
58321,0,8245,8.5,6.3,52.0,51.0,9.78,280.7,2.4,2,102208.0,9999999
58321,0,8246,8.9,6.3,50.0,49.0,9.78,280.9,2.1,1,102155.0,9999999
58321,0,8247,8.9,6.3,35.0,35.0,9.78,280.7,1.7,2,102189.0,9999999
58321,0,8248,8.9,6.3,14.0,14.0,9.78,280.5,1.4,2,102222.0,9999999
58321,0,8249,8.9,6.3,3.0,3.0,9.78,280.1,1.0,2,102255.0,9999999
58321,0,8250,8.5,6.12,0.0,0.0,9.78,279.49,1.0,2,102298.0,9999999
58321,0,8251,8.2,5.99,0.0,0.0,9.78,279.09,1.0,2,102341.0,9999999
58321,0,8252,7.8,5.82,0.0,0.0,9.78,278.89,1.0,1,102383.0,9999999
58321,0,8253,7.8,5.99,0.0,0.0,9.78,278.89,1.0,3,102397.0,9999999
58321,0,8254,7.8,6.12,0.0,0.0,9.78,278.68,1.0,3,102410.0,9999999
58321,0,8255,7.8,6.3,0.0,0.0,9.78,278.68,1.0,2,102423.0,9999999
58321,0,8256,7.6,6.3,0.0,0.0,9.78,278.48,1.0,2,102413.0,9999999
58321,0,8257,7.4,6.3,0.0,0.0,9.78,278.68,1.0,2,102403.0,9999999
58321,0,8258,7.2,6.3,0.0,0.0,9.78,278.68,1.0,2,102393.0,9999999
58321,0,8259,7.4,6.3,0.0,0.0,9.78,277.86,1.4,3,102363.0,9999999
58321,0,8260,7.6,6.3,0.0,0.0,9.78,278.48,1.7,3,102333.0,9999999
58321,0,8261,7.8,6.3,0.0,0.0,9.78,278.48,2.1,2,102304.0,9999999
58321,0,8262,7.8,6.3,0.0,0.0,9.78,278.27,2.1,2,102320.0,9999999
58321,0,8263,7.8,6.3,0.0,0.0,9.78,278.48,2.1,2,102337.0,9999999
58321,0,8264,7.8,6.3,12.0,12.0,9.78,278.48,2.1,3,102353.0,9999999
58321,0,8265,7.6,6.3,26.0,26.0,9.78,278.48,2.8,2,102370.0,9999999
58321,0,8266,7.4,6.3,39.0,38.0,9.78,278.68,3.4,2,102386.0,9999999
58321,0,8267,7.2,6.3,49.0,48.0,9.78,278.89,4.1,3,102403.0,9999999
58321,0,8268,7.2,6.3,47.0,46.0,9.78,279.49,4.1,2,102323.0,9999999
58321,0,8269,7.2,6.3,43.0,43.0,9.78,279.9,4.1,3,102243.0,9999999
58321,0,8270,7.2,6.3,37.0,37.0,9.78,279.9,4.1,4,102163.0,9999999
58321,0,8271,7.4,6.3,22.0,21.0,9.78,280.1,3.4,2,102170.0,9999999
58321,0,8272,7.6,6.3,9.0,9.0,9.78,279.9,2.8,2,102177.0,9999999
58321,0,8273,7.8,6.3,2.0,2.0,9.78,279.29,2.1,3,102184.0,9999999
58321,0,8274,7.6,6.3,0.0,0.0,9.78,279.49,2.4,2,102227.0,9999999
58321,0,8275,7.4,6.3,0.0,0.0,9.78,279.09,2.8,2,102270.0,9999999
58321,0,8276,7.2,6.3,0.0,0.0,9.78,278.89,3.1,2,102313.0,9999999
58321,0,8277,7.2,6.3,0.0,0.0,9.78,278.68,3.1,2,102343.0,9999999
58321,0,8278,7.2,6.3,0.0,0.0,9.78,278.48,3.1,1,102373.0,9999999
58321,0,8279,7.2,6.3,0.0,0.0,9.78,278.27,3.1,2,102403.0,9999999
58321,0,8280,6.8,6.12,0.0,0.0,9.78,278.07,3.8,1,102419.0,9999999
58321,0,8281,6.5,5.99,0.0,0.0,9.78,278.07,4.4,16,102435.0,9999999
58321,0,8282,6.1,5.82,0.0,0.0,9.78,278.07,5.1,1,102451.0,9999999
58321,0,8283,5.7,5.54,0.0,0.0,9.78,277.86,4.8,1,102447.0,9999999
58321,0,8284,5.4,5.23,0.0,0.0,9.78,277.66,4.4,1,102444.0,9999999
58321,0,8285,5.0,4.97,0.0,0.0,9.78,277.25,4.1,1,102440.0,9999999
58321,0,8286,4.6,4.75,0.0,0.0,9.78,276.62,4.1,1,102552.0,9999999
58321,0,8287,3.4,4.28,0.0,0.0,9.78,276.0,4.1,1,102665.0,9999999
58321,0,8288,2.9,4.06,23.0,23.0,9.78,275.15,4.1,1,102777.0,9999999
58321,0,8289,3.3,4.15,79.0,75.0,9.78,274.3,4.4,1,102823.0,9999999
58321,0,8290,2.8,3.91,114.0,108.0,9.78,273.66,4.8,1,102869.0,9999999
58321,0,8291,2.2,3.7,124.0,121.0,9.78,273.23,5.1,2,102915.0,9999999
58321,0,8292,2.2,3.51,151.0,146.0,9.78,273.87,5.1,1,102901.0,9999999
58321,0,8293,2.2,3.29,146.0,140.0,9.78,274.09,5.1,1,102888.0,9999999
58321,0,8294,2.2,3.12,93.0,91.0,9.78,274.09,5.1,1,102875.0,9999999
58321,0,8295,1.8,2.81,62.0,55.0,9.78,272.14,5.1,16,102874.0,9999999
58321,0,8296,1.5,2.53,46.0,38.0,9.78,270.37,5.1,1,102874.0,9999999
58321,0,8297,1.7,2.27,14.0,12.0,9.78,267.2,5.1,1,102874.0,9999999
58321,0,8298,0.2,2.48,0.0,0.0,9.78,262.2,4.4,16,102963.0,9999999
58321,0,8299,0.4,2.72,0.0,0.0,9.78,260.47,3.8,16,103053.0,9999999
58321,0,8300,0.6,2.97,0.0,0.0,9.78,262.45,3.1,1,103143.0,9999999
58321,0,8301,0.2,2.88,0.0,0.0,9.78,258.2,2.8,16,103142.0,9999999
58321,0,8302,0.4,2.81,0.0,0.0,9.78,255.33,2.4,16,103142.0,9999999
58321,0,8303,0.0,2.72,0.0,0.0,9.78,254.8,2.1,16,103141.0,9999999
58321,0,8304,-0.4,2.57,0.0,0.0,9.78,254.0,2.4,16,103114.0,9999999
58321,0,8305,-0.7,2.4,0.0,0.0,9.78,250.71,2.8,16,103087.0,9999999
58321,0,8306,-1.1,2.27,0.0,0.0,9.78,251.26,3.1,16,103060.0,9999999
58321,0,8307,-1.7,2.0,0.0,0.0,9.78,250.15,2.4,16,103003.0,9999999
58321,0,8308,-2.2,1.76,0.0,0.0,9.78,248.44,1.7,1,102946.0,9999999
58321,0,8309,-2.8,2.14,0.0,0.0,9.78,248.15,1.0,16,102888.0,9999999
58321,0,8310,-2.2,2.27,0.0,0.0,9.78,247.57,1.7,1,102876.0,9999999
58321,0,8311,-1.7,1.88,0.0,0.0,9.78,247.28,2.4,1,102863.0,9999999
58321,0,8312,-1.1,2.07,119.0,51.0,9.78,247.28,3.1,2,102851.0,9999999
58321,0,8313,-0.4,1.97,277.0,90.0,9.78,247.57,2.8,3,102885.0,9999999
58321,0,8314,0.4,1.88,421.0,112.0,9.78,248.44,2.4,4,102919.0,9999999
58321,0,8315,0.5,1.79,519.0,124.0,9.78,249.58,2.1,3,102953.0,9999999
58321,0,8316,0.6,1.93,557.0,128.0,9.78,250.43,2.1,3,102824.0,9999999
58321,0,8317,2.2,2.1,530.0,125.0,9.78,251.26,2.1,4,102696.0,9999999
58321,0,8318,2.8,2.27,441.0,115.0,9.78,251.82,2.1,4,102567.0,9999999
58321,0,8319,2.6,2.35,303.0,95.0,9.78,252.37,2.1,3,102533.0,9999999
58321,0,8320,2.4,2.4,145.0,59.0,9.78,252.64,2.1,4,102500.0,9999999
58321,0,8321,1.3,2.48,33.0,18.0,9.78,252.37,2.1,4,102466.0,9999999
58321,0,8322,0.1,2.4,0.0,0.0,9.78,252.92,1.4,4,102482.0,9999999
58321,0,8323,0.1,2.35,0.0,0.0,9.78,252.92,0.7,3,102499.0,9999999
58321,0,8324,1.1,2.27,0.0,0.0,9.78,251.82,0.0,4,102515.0,9999999
58321,0,8325,0.1,2.53,0.0,0.0,9.78,252.37,0.7,4,102511.0,9999999
58321,0,8326,0.6,2.81,0.0,0.0,9.78,257.69,1.4,4,102508.0,9999999
58321,0,8327,0.3,3.12,0.0,0.0,9.78,257.94,2.1,3,102505.0,9999999
58321,0,8328,0.2,3.07,0.0,0.0,9.78,258.45,1.7,4,102501.0,9999999
58321,0,8329,0.4,3.02,0.0,0.0,9.78,259.97,1.4,3,102497.0,9999999
58321,0,8330,0.0,2.97,0.0,0.0,9.78,259.97,1.0,2,102493.0,9999999
58321,0,8331,0.1,2.88,0.0,0.0,9.78,268.12,1.0,3,102457.0,9999999
58321,0,8332,0.2,2.81,0.0,0.0,9.78,269.03,1.0,2,102420.0,9999999
58321,0,8333,0.4,2.72,0.0,0.0,9.78,267.89,1.0,2,102384.0,9999999
58321,0,8334,0.9,2.81,0.0,0.0,9.78,270.15,0.7,16,102434.0,9999999
58321,0,8335,0.7,2.88,0.0,0.0,9.78,269.93,0.3,15,102484.0,9999999
58321,0,8336,0.8,2.97,34.0,33.0,9.78,270.6,0.0,15,102535.0,9999999
58321,0,8337,0.6,2.97,118.0,92.0,9.78,270.37,0.3,11,102538.0,9999999
58321,0,8338,1.8,2.97,298.0,133.0,9.78,269.93,0.7,11,102542.0,9999999
58321,0,8339,2.2,2.97,465.0,143.0,9.78,259.72,1.0,5,102546.0,9999999
58321,0,8340,3.2,3.02,517.0,146.0,9.78,259.72,1.0,12,102493.0,9999999
58321,0,8341,4.7,3.07,453.0,163.0,9.78,259.22,1.0,12,102440.0,9999999
58321,0,8342,4.6,3.12,267.0,159.0,9.78,264.38,1.0,13,102387.0,9999999
58321,0,8343,4.3,3.12,137.0,108.0,9.78,270.15,1.0,12,102387.0,9999999
58321,0,8344,4.2,3.12,90.0,58.0,9.78,267.43,1.0,10,102387.0,9999999
58321,0,8345,5.0,2.67,27.0,17.0,9.78,263.66,1.0,13,102387.0,9999999
58321,0,8346,1.6,3.29,0.0,0.0,9.78,256.39,0.7,10,102414.0,9999999
58321,0,8347,1.0,3.51,0.0,0.0,9.78,256.12,0.3,9,102440.0,9999999
58321,0,8348,1.1,3.7,0.0,0.0,9.78,256.12,0.0,8,102467.0,9999999
58321,0,8349,1.2,3.7,0.0,0.0,9.78,254.8,0.3,8,102483.0,9999999
58321,0,8350,0.7,3.7,0.0,0.0,9.78,254.54,0.7,8,102500.0,9999999
58321,0,8351,0.4,3.7,0.0,0.0,9.78,253.73,1.0,10,102516.0,9999999
58321,0,8352,0.5,3.7,0.0,0.0,9.78,253.73,0.7,8,102506.0,9999999
58321,0,8353,0.4,3.7,0.0,0.0,9.78,253.46,0.3,8,102496.0,9999999
58321,0,8354,0.4,3.7,0.0,0.0,9.78,252.92,0.0,8,102486.0,9999999
58321,0,8355,0.3,3.7,0.0,0.0,9.78,255.07,0.2,9,102495.0,9999999
58321,0,8356,2.2,3.7,0.0,0.0,9.78,254.0,0.3,9,102503.0,9999999
58321,0,8357,2.2,3.7,0.0,0.0,9.78,254.0,0.5,10,102511.0,9999999
58321,0,8358,2.2,3.7,0.0,0.0,9.78,254.8,0.7,10,102519.0,9999999
58321,0,8359,2.2,3.7,0.0,0.0,9.78,256.65,0.8,11,102528.0,9999999
58321,0,8360,0.8,3.7,108.0,51.0,9.78,258.45,1.0,10,102536.0,9999999
58321,0,8361,1.5,3.59,263.0,93.0,9.78,255.86,1.0,12,102554.0,9999999
58321,0,8362,6.6,3.51,412.0,113.0,9.78,254.27,1.0,11,102572.0,9999999
58321,0,8363,6.1,3.4,512.0,122.0,9.78,255.6,1.0,13,102591.0,9999999
58321,0,8364,7.0,3.07,552.0,127.0,9.78,256.39,1.7,12,102515.0,9999999
58321,0,8365,8.0,2.76,527.0,124.0,9.78,256.65,2.4,13,102440.0,9999999
58321,0,8366,8.9,2.48,440.0,115.0,9.78,256.91,3.1,13,102365.0,9999999
58321,0,8367,8.5,2.63,303.0,97.0,9.78,258.2,3.1,13,102354.0,9999999
58321,0,8368,8.2,2.81,146.0,61.0,9.78,258.2,3.1,13,102344.0,9999999
58321,0,8369,7.8,2.97,34.0,18.0,9.78,256.12,3.1,13,102334.0,9999999
58321,0,8370,3.6,3.37,0.0,0.0,9.78,255.07,2.1,12,102369.0,9999999
58321,0,8371,3.5,3.45,0.0,0.0,9.78,254.8,1.0,12,102405.0,9999999
58321,0,8372,3.5,3.7,0.0,0.0,9.78,254.54,0.0,12,102441.0,9999999
58321,0,8373,3.8,3.7,0.0,0.0,9.78,254.54,1.0,12,102467.0,9999999
58321,0,8374,3.1,3.7,0.0,0.0,9.78,254.54,2.1,13,102493.0,9999999
58321,0,8375,2.7,3.7,0.0,0.0,9.78,254.27,3.1,14,102520.0,9999999
58321,0,8376,2.6,3.59,0.0,0.0,9.78,254.0,2.1,13,102518.0,9999999
58321,0,8377,1.0,3.51,0.0,0.0,9.78,253.46,1.0,13,102517.0,9999999
58321,0,8378,0.9,3.4,0.0,0.0,9.78,252.92,0.0,13,102516.0,9999999
58321,0,8379,1.0,3.4,0.0,0.0,9.78,252.64,0.0,13,102519.0,9999999
58321,0,8380,0.7,3.4,0.0,0.0,9.78,252.37,0.0,13,102521.0,9999999
58321,0,8381,0.0,3.4,0.0,0.0,9.78,251.82,0.0,13,102523.0,9999999
58321,0,8382,0.4,3.29,0.0,0.0,9.78,251.54,0.3,13,102534.0,9999999
58321,0,8383,0.7,3.22,0.0,0.0,9.78,251.26,0.7,12,102544.0,9999999
58321,0,8384,1.1,3.12,114.0,49.0,9.78,251.26,1.0,14,102555.0,9999999
58321,0,8385,3.3,3.12,271.0,89.0,9.78,251.82,1.0,13,102577.0,9999999
58321,0,8386,5.6,3.12,417.0,111.0,9.78,252.92,1.0,13,102600.0,9999999
58321,0,8387,7.8,3.12,516.0,123.0,9.78,254.27,1.0,13,102623.0,9999999
58321,0,8388,8.0,3.04,556.0,127.0,9.78,255.6,0.8,12,102558.0,9999999
58321,0,8389,8.2,2.97,531.0,124.0,9.78,256.39,0.7,12,102493.0,9999999
58321,0,8390,8.4,2.92,444.0,114.0,9.78,256.91,0.5,12,102429.0,9999999
58321,0,8391,8.5,2.85,307.0,95.0,9.78,257.17,0.3,13,102364.0,9999999
58321,0,8392,8.7,2.79,149.0,60.0,9.78,256.65,0.2,11,102300.0,9999999
58321,0,8393,8.9,2.72,34.0,19.0,9.78,255.86,0.0,6,102235.0,9999999
58321,0,8394,5.0,3.12,0.0,0.0,9.78,254.8,0.0,6,102246.0,9999999
58321,0,8395,3.2,3.53,0.0,0.0,9.78,254.27,0.0,6,102258.0,9999999
58321,0,8396,2.5,4.03,0.0,0.0,9.78,253.73,0.0,6,102269.0,9999999
58321,0,8397,3.0,3.91,0.0,0.0,9.78,253.19,0.0,6,102387.0,9999999
58321,0,8398,0.9,3.82,0.0,0.0,9.78,252.64,0.0,6,102506.0,9999999
58321,0,8399,0.3,3.7,0.0,0.0,9.78,252.37,0.0,6,102624.0,9999999
58321,0,8400,0.4,3.59,0.0,0.0,9.78,252.09,0.0,6,102468.0,9999999
58321,0,8401,0.4,3.51,0.0,0.0,9.78,251.82,0.0,7,102311.0,9999999
58321,0,8402,0.0,3.4,0.0,0.0,9.78,251.82,0.0,7,102155.0,9999999
58321,0,8403,-0.4,3.29,0.0,0.0,9.78,251.82,0.0,6,102137.0,9999999
58321,0,8404,-0.7,3.22,0.0,0.0,9.78,251.54,0.0,6,102120.0,9999999
58321,0,8405,-1.1,3.12,0.0,0.0,9.78,251.54,0.0,6,102103.0,9999999
58321,0,8406,-0.7,3.12,0.0,0.0,9.78,251.26,0.0,6,102130.0,9999999
58321,0,8407,-0.4,3.12,0.0,0.0,9.78,251.26,0.0,6,102157.0,9999999
58321,0,8408,0.0,3.12,113.0,49.0,9.78,251.54,0.0,6,102184.0,9999999
58321,0,8409,0.2,3.22,270.0,88.0,9.78,252.37,1.4,6,102197.0,9999999
58321,0,8410,8.1,4.15,416.0,111.0,9.78,253.73,2.7,6,102210.0,9999999
58321,0,8411,7.2,3.4,515.0,123.0,9.78,255.07,4.1,6,102223.0,9999999
58321,0,8412,8.1,3.29,555.0,127.0,9.78,256.39,3.4,7,102148.0,9999999
58321,0,8413,9.1,3.22,530.0,124.0,9.78,257.17,2.8,6,102073.0,9999999
58321,0,8414,10.0,3.12,443.0,116.0,9.78,257.69,2.1,6,101997.0,9999999
58321,0,8415,9.6,2.9,307.0,97.0,9.78,257.69,1.4,3,101960.0,9999999
58321,0,8416,9.3,2.67,149.0,61.0,9.78,257.43,0.7,3,101923.0,9999999
58321,0,8417,8.9,2.48,35.0,19.0,9.78,256.65,0.0,3,101886.0,9999999
58321,0,8418,4.5,2.92,0.0,0.0,9.78,255.86,0.0,2,101994.0,9999999
58321,0,8419,3.9,2.9,0.0,0.0,9.78,255.07,0.0,3,102102.0,9999999
58321,0,8420,3.9,3.12,0.0,0.0,9.78,254.54,0.0,4,102209.0,9999999
58321,0,8421,3.0,3.29,0.0,0.0,9.78,254.0,0.0,5,102241.0,9999999
58321,0,8422,2.9,3.51,0.0,0.0,9.78,253.46,0.0,6,102273.0,9999999
58321,0,8423,2.2,3.7,0.0,0.0,9.78,253.46,0.0,9,102305.0,9999999
58321,0,8424,1.1,3.51,0.0,0.0,9.78,253.46,0.0,10,102299.0,9999999
58321,0,8425,1.1,3.29,0.0,0.0,9.78,254.0,0.0,11,102292.0,9999999
58321,0,8426,1.1,3.12,0.0,0.0,9.78,254.27,0.0,12,102285.0,9999999
58321,0,8427,0.7,3.22,0.0,0.0,9.78,254.54,2.1,13,102289.0,9999999
58321,0,8428,1.1,3.29,0.0,0.0,9.78,254.0,4.1,13,102292.0,9999999
58321,0,8429,1.1,3.4,0.0,0.0,9.78,253.46,6.2,13,102295.0,9999999
58321,0,8430,0.8,3.4,0.0,0.0,9.78,253.19,5.8,13,102365.0,9999999
58321,0,8431,0.8,3.4,0.0,0.0,9.78,252.37,5.5,13,102435.0,9999999
58321,0,8432,0.3,3.4,111.0,48.0,9.78,251.54,5.1,13,102505.0,9999999
58321,0,8433,0.6,3.17,267.0,88.0,9.78,251.26,5.5,13,102560.0,9999999
58321,0,8434,5.5,2.92,414.0,110.0,9.78,251.82,5.8,13,102614.0,9999999
58321,0,8435,5.0,2.72,516.0,123.0,9.78,252.64,6.2,13,102669.0,9999999
58321,0,8436,5.9,2.36,560.0,128.0,9.78,253.19,6.5,13,102600.0,9999999
58321,0,8437,6.9,2.07,537.0,125.0,9.78,253.46,6.9,13,102532.0,9999999
58321,0,8438,7.8,1.79,451.0,115.0,9.78,254.0,7.2,14,102463.0,9999999
58321,0,8439,7.6,1.79,314.0,96.0,9.78,253.46,6.9,13,102450.0,9999999
58321,0,8440,7.4,2.29,154.0,61.0,9.78,252.92,6.5,13,102436.0,9999999
58321,0,8441,7.2,1.79,36.0,19.0,9.78,251.82,6.2,13,102423.0,9999999
58321,0,8442,1.8,2.05,0.0,0.0,9.78,250.43,5.2,12,102457.0,9999999
58321,0,8443,1.9,2.36,0.0,0.0,9.78,249.58,4.1,12,102492.0,9999999
58321,0,8444,2.0,2.72,0.0,0.0,9.78,249.01,3.1,13,102527.0,9999999
58321,0,8445,1.9,2.63,0.0,0.0,9.78,248.72,3.1,12,102533.0,9999999
58321,0,8446,0.6,2.57,0.0,0.0,9.78,248.44,3.1,12,102540.0,9999999
58321,0,8447,0.2,2.48,0.0,0.0,9.78,248.44,3.1,13,102546.0,9999999
58321,0,8448,0.2,2.4,0.0,0.0,9.78,248.72,2.8,12,102553.0,9999999
58321,0,8449,2.2,2.35,0.0,0.0,9.78,248.72,2.4,12,102559.0,9999999
58321,0,8450,2.2,2.95,0.0,0.0,9.78,249.01,2.1,13,102566.0,9999999
58321,0,8451,1.8,3.04,0.0,0.0,9.78,249.3,2.8,13,102552.0,9999999
58321,0,8452,1.5,3.14,0.0,0.0,9.78,249.58,3.4,13,102538.0,9999999
58321,0,8453,1.1,2.88,0.0,0.0,9.78,249.58,4.1,12,102525.0,9999999
58321,0,8454,0.4,2.99,0.0,0.0,9.78,249.3,3.8,14,102577.0,9999999
58321,0,8455,-0.4,2.35,0.0,0.0,9.78,248.72,3.4,14,102629.0,9999999
58321,0,8456,-1.1,2.48,114.0,48.0,9.78,247.57,3.1,14,102681.0,9999999
58321,0,8457,0.6,2.35,275.0,88.0,9.78,247.28,2.1,13,102717.0,9999999
58321,0,8458,4.0,2.19,425.0,111.0,9.78,247.57,1.0,13,102752.0,9999999
58321,0,8459,3.9,2.07,529.0,123.0,9.78,248.15,0.0,13,102787.0,9999999
58321,0,8460,5.0,1.76,572.0,128.0,9.78,249.01,0.3,13,102706.0,9999999
58321,0,8461,6.1,1.5,549.0,125.0,9.78,249.3,0.7,13,102624.0,9999999
58321,0,8462,7.2,1.27,461.0,115.0,9.78,249.86,1.0,13,102542.0,9999999
58321,0,8463,6.8,1.38,321.0,96.0,9.78,250.71,1.0,13,102499.0,9999999
58321,0,8464,6.5,1.5,158.0,61.0,9.78,250.71,1.0,13,102455.0,9999999
58321,0,8465,6.1,1.63,37.0,19.0,9.78,250.15,1.0,12,102411.0,9999999
58321,0,8466,3.6,2.0,0.0,0.0,9.78,249.3,1.7,10,102420.0,9999999
58321,0,8467,3.9,2.44,0.0,0.0,9.78,249.01,2.4,7,102429.0,9999999
58321,0,8468,1.1,2.97,0.0,0.0,9.78,249.01,3.1,8,102437.0,9999999
58321,0,8469,1.9,3.02,0.0,0.0,9.78,248.72,2.1,7,102413.0,9999999
58321,0,8470,0.9,3.07,0.0,0.0,9.78,248.44,1.0,7,102388.0,9999999
58321,0,8471,0.0,3.12,0.0,0.0,9.78,248.44,0.0,7,102364.0,9999999
58321,0,8472,0.0,3.12,0.0,0.0,9.78,248.44,0.7,7,102344.0,9999999
58321,0,8473,0.0,3.12,0.0,0.0,9.78,248.72,1.4,7,102324.0,9999999
58321,0,8474,0.0,3.12,0.0,0.0,9.78,248.72,2.1,7,102304.0,9999999
58321,0,8475,0.4,2.97,0.0,0.0,9.78,249.86,2.4,7,102258.0,9999999
58321,0,8476,0.7,2.85,0.0,0.0,9.78,250.15,2.8,7,102212.0,9999999
58321,0,8477,1.1,2.72,0.0,0.0,9.78,250.71,3.1,7,102166.0,9999999
58321,0,8478,0.7,2.81,0.0,0.0,9.78,250.99,2.8,7,102162.0,9999999
58321,0,8479,0.4,2.88,0.0,0.0,9.78,251.26,2.4,7,102158.0,9999999
58321,0,8480,0.0,2.97,109.0,47.0,9.78,251.54,2.1,5,102155.0,9999999
58321,0,8481,2.0,3.02,265.0,86.0,9.78,252.64,2.8,7,102157.0,9999999
58321,0,8482,6.6,3.07,410.0,108.0,9.78,254.54,3.4,8,102160.0,9999999
58321,0,8483,6.1,3.12,510.0,120.0,9.78,256.39,4.1,7,102162.0,9999999
58321,0,8484,7.4,3.12,551.0,124.0,9.78,257.94,4.1,8,102091.0,9999999
58321,0,8485,11.8,2.61,527.0,122.0,9.78,259.22,4.1,9,102019.0,9999999
58321,0,8486,10.0,2.14,442.0,112.0,9.78,259.97,4.1,9,101947.0,9999999
58321,0,8487,9.6,2.09,309.0,95.0,9.78,260.47,2.7,9,101944.0,9999999
58321,0,8488,9.3,3.91,150.0,62.0,9.78,260.47,1.4,8,101940.0,9999999
58321,0,8489,8.9,2.92,35.0,19.0,9.78,260.22,0.0,7,101936.0,9999999
58321,0,8490,5.6,4.15,0.0,0.0,9.78,260.72,0.3,7,101975.0,9999999
58321,0,8491,5.3,3.91,0.0,0.0,9.78,264.85,0.7,7,102015.0,9999999
58321,0,8492,7.2,3.7,0.0,0.0,9.78,267.43,1.0,7,102054.0,9999999
58321,0,8493,6.8,3.7,0.0,0.0,9.78,269.7,1.0,7,102030.0,9999999
58321,0,8494,6.5,3.67,0.0,0.0,9.78,267.66,1.0,7,102006.0,9999999
58321,0,8495,4.6,3.7,0.0,0.0,9.78,265.33,1.0,7,101983.0,9999999
58321,0,8496,3.8,3.22,0.0,0.0,9.78,262.2,0.7,8,101982.0,9999999
58321,0,8497,2.6,3.7,0.0,0.0,9.78,264.85,0.3,9,101982.0,9999999
58321,0,8498,2.8,3.14,0.0,0.0,9.78,268.34,0.0,9,101981.0,9999999
58321,0,8499,3.1,3.4,0.0,0.0,9.78,267.43,0.7,10,101964.0,9999999
58321,0,8500,2.4,3.7,0.0,0.0,9.78,268.12,1.4,12,101946.0,9999999
58321,0,8501,2.8,3.7,0.0,0.0,9.78,267.43,2.1,8,101929.0,9999999
58321,0,8502,1.9,3.7,0.0,0.0,9.78,266.96,1.4,11,101952.0,9999999
58321,0,8503,2.8,3.7,0.0,0.0,9.78,267.89,0.7,11,101975.0,9999999
58321,0,8504,2.2,3.7,98.0,52.0,9.78,262.93,0.0,10,101999.0,9999999
58321,0,8505,2.6,3.59,253.0,91.0,9.78,258.71,0.3,9,102009.0,9999999
58321,0,8506,8.3,3.51,403.0,108.0,9.78,257.94,0.7,10,102018.0,9999999
58321,0,8507,11.1,3.4,502.0,120.0,9.78,259.47,1.0,9,102028.0,9999999
58321,0,8508,12.0,3.4,544.0,125.0,9.78,260.72,1.7,11,101973.0,9999999
58321,0,8509,13.0,3.4,523.0,122.0,9.78,261.47,2.4,11,101918.0,9999999
58321,0,8510,13.9,3.4,442.0,113.0,9.78,261.96,3.1,13,101862.0,9999999
58321,0,8511,13.0,3.59,311.0,94.0,9.78,261.71,3.1,11,101864.0,9999999
58321,0,8512,12.0,3.85,154.0,60.0,9.78,261.47,3.1,11,101867.0,9999999
58321,0,8513,11.1,4.03,37.0,19.0,9.78,260.22,3.1,8,101869.0,9999999
58321,0,8514,5.8,4.15,0.0,0.0,9.78,258.96,3.1,9,101894.0,9999999
58321,0,8515,5.8,4.25,0.0,0.0,9.78,258.45,3.1,8,101920.0,9999999
58321,0,8516,5.1,3.62,0.0,0.0,9.78,257.69,3.1,8,101945.0,9999999
58321,0,8517,4.9,3.76,0.0,0.0,9.78,257.17,2.1,9,101947.0,9999999
58321,0,8518,2.6,4.38,0.0,0.0,9.78,256.91,1.0,9,101949.0,9999999
58321,0,8519,1.4,3.32,0.0,0.0,9.78,256.65,0.0,9,101951.0,9999999
58321,0,8520,0.9,3.12,0.0,0.0,9.78,256.12,1.0,8,101948.0,9999999
58321,0,8521,4.3,3.91,0.0,0.0,9.78,255.33,2.1,8,101944.0,9999999
58321,0,8522,0.2,3.7,0.0,0.0,9.78,254.54,3.1,8,101940.0,9999999
58321,0,8523,0.4,3.59,0.0,0.0,9.78,254.27,2.8,7,101929.0,9999999
58321,0,8524,2.0,3.51,0.0,0.0,9.78,253.73,2.4,7,101918.0,9999999
58321,0,8525,1.1,3.4,0.0,0.0,9.78,253.46,2.1,8,101907.0,9999999
58321,0,8526,1.7,3.4,0.0,0.0,9.78,252.92,2.4,8,101907.0,9999999
58321,0,8527,2.2,3.4,0.0,0.0,9.78,252.92,2.8,8,101908.0,9999999
58321,0,8528,1.6,3.4,109.0,48.0,9.78,252.92,3.1,7,101909.0,9999999
58321,0,8529,4.4,3.32,265.0,89.0,9.78,253.73,3.4,8,101899.0,9999999
58321,0,8530,9.1,4.03,414.0,112.0,9.78,255.07,3.8,8,101890.0,9999999
58321,0,8531,12.2,4.35,518.0,122.0,9.78,256.91,4.1,7,101880.0,9999999
58321,0,8532,13.5,3.97,560.0,126.0,9.78,258.71,3.8,9,101829.0,9999999
58321,0,8533,14.8,3.51,535.0,126.0,9.78,260.47,3.4,10,101777.0,9999999
58321,0,8534,16.1,3.12,448.0,115.0,9.78,261.96,3.1,10,101725.0,9999999
58321,0,8535,15.4,3.4,313.0,95.0,9.78,263.18,2.4,11,101721.0,9999999
58321,0,8536,14.6,5.66,154.0,61.0,9.78,263.66,1.7,10,101717.0,9999999
58321,0,8537,13.9,4.03,37.0,19.0,9.78,262.93,1.0,8,101713.0,9999999
58321,0,8538,8.0,4.22,0.0,0.0,9.78,262.2,1.0,7,101724.0,9999999
58321,0,8539,7.9,4.38,0.0,0.0,9.78,261.47,1.0,7,101735.0,9999999
58321,0,8540,8.9,4.58,0.0,0.0,9.78,260.72,1.0,8,101747.0,9999999
58321,0,8541,7.6,4.54,0.0,0.0,9.78,260.22,0.7,8,101758.0,9999999
58321,0,8542,3.8,3.7,0.0,0.0,9.78,260.22,0.3,9,101770.0,9999999
58321,0,8543,3.1,3.79,0.0,0.0,9.78,261.22,0.0,10,101782.0,9999999
58321,0,8544,4.3,4.35,0.0,0.0,9.78,264.14,0.0,10,101781.0,9999999
58321,0,8545,3.5,4.38,0.0,0.0,9.78,262.93,0.0,10,101780.0,9999999
58321,0,8546,2.8,4.38,0.0,0.0,9.78,260.22,0.0,10,101779.0,9999999
58321,0,8547,2.8,4.38,0.0,0.0,9.78,259.97,0.0,10,101746.0,9999999
58321,0,8548,2.8,4.38,0.0,0.0,9.78,260.22,0.0,10,101713.0,9999999
58321,0,8549,2.8,4.38,0.0,0.0,9.78,260.72,0.0,10,101680.0,9999999
58321,0,8550,2.1,4.15,0.0,0.0,9.78,261.96,0.0,9,101710.0,9999999
58321,0,8551,2.8,4.38,0.0,0.0,9.78,264.62,0.0,9,101739.0,9999999
58321,0,8552,2.8,4.38,77.0,61.0,9.78,265.56,0.0,10,101769.0,9999999
58321,0,8553,3.7,3.94,200.0,123.0,9.78,266.96,0.0,10,101780.0,9999999
58321,0,8554,9.5,5.04,287.0,183.0,9.78,264.85,0.0,10,101791.0,9999999
58321,0,8555,12.8,5.38,318.0,242.0,9.78,268.34,0.0,11,101801.0,9999999
58321,0,8556,11.0,4.65,360.0,260.0,9.78,270.6,1.0,11,101739.0,9999999
58321,0,8557,15.0,3.94,323.0,231.0,9.78,271.26,2.1,11,101677.0,9999999
58321,0,8558,16.1,5.54,260.0,203.0,9.78,271.92,3.1,12,101616.0,9999999
58321,0,8559,15.0,5.15,208.0,164.0,9.78,271.48,2.1,10,101604.0,9999999
58321,0,8560,13.9,6.39,101.0,86.0,9.78,271.26,1.0,11,101593.0,9999999
58321,0,8561,12.8,4.35,24.0,22.0,9.78,270.37,0.0,14,101582.0,9999999
58321,0,8562,11.1,4.54,0.0,0.0,9.78,270.37,0.0,8,101613.0,9999999
58321,0,8563,9.5,4.75,0.0,0.0,9.78,270.6,0.0,8,101644.0,9999999
58321,0,8564,7.8,4.97,0.0,0.0,9.78,270.15,0.0,8,101676.0,9999999
58321,0,8565,7.2,4.82,0.0,0.0,9.78,269.7,0.0,8,101692.0,9999999
58321,0,8566,6.7,4.72,0.0,0.0,9.78,268.12,0.0,8,101708.0,9999999
58321,0,8567,6.1,4.58,0.0,0.0,9.78,266.73,0.0,10,101724.0,9999999
58321,0,8568,5.4,4.51,0.0,0.0,9.78,264.62,0.0,12,101729.0,9999999
58321,0,8569,4.6,4.41,0.0,0.0,9.78,264.14,0.0,12,101735.0,9999999
58321,0,8570,3.9,4.41,0.0,0.0,9.78,264.38,0.0,11,101741.0,9999999
58321,0,8571,3.9,4.44,0.0,0.0,9.78,260.97,0.0,11,101737.0,9999999
58321,0,8572,2.6,4.06,0.0,0.0,9.78,259.72,0.0,11,101734.0,9999999
58321,0,8573,2.1,4.03,0.0,0.0,9.78,259.22,0.0,11,101731.0,9999999
58321,0,8574,2.1,3.07,0.0,0.0,9.78,258.96,0.0,11,101801.0,9999999
58321,0,8575,2.5,3.82,0.0,0.0,9.78,258.71,0.0,11,101872.0,9999999
58321,0,8576,2.5,3.88,103.0,44.0,9.78,258.71,0.0,11,101942.0,9999999
58321,0,8577,4.9,4.44,255.0,84.0,9.78,259.72,0.0,10,101959.0,9999999
58321,0,8578,13.9,4.38,401.0,106.0,9.78,261.22,0.0,11,101975.0,9999999
58321,0,8579,13.9,4.38,503.0,118.0,9.78,262.93,0.0,11,101992.0,9999999
58321,0,8580,14.6,4.28,546.0,123.0,9.78,264.38,0.3,11,101946.0,9999999
58321,0,8581,15.4,4.15,526.0,121.0,9.78,265.09,0.7,10,101900.0,9999999
58321,0,8582,16.1,4.0,445.0,112.0,9.78,265.56,1.0,6,101855.0,9999999
58321,0,8583,15.4,4.15,314.0,94.0,9.78,265.33,1.0,8,101874.0,9999999
58321,0,8584,14.6,4.28,157.0,61.0,9.78,265.09,1.0,9,101893.0,9999999
58321,0,8585,13.9,4.38,38.0,20.0,9.78,264.38,1.0,7,101912.0,9999999
58321,0,8586,8.7,4.38,0.0,0.0,9.78,263.18,0.7,5,101983.0,9999999
58321,0,8587,7.4,3.7,0.0,0.0,9.78,262.45,0.3,5,102054.0,9999999
58321,0,8588,7.8,4.38,0.0,0.0,9.78,261.71,0.0,5,102124.0,9999999
58321,0,8589,7.2,4.38,0.0,0.0,9.78,261.22,0.0,6,102114.0,9999999
58321,0,8590,6.7,4.38,0.0,0.0,9.78,261.71,0.0,6,102103.0,9999999
58321,0,8591,6.1,4.38,0.0,0.0,9.78,261.47,0.0,6,102092.0,9999999
58321,0,8592,5.7,4.44,0.0,0.0,9.78,262.45,0.0,6,102125.0,9999999
58321,0,8593,5.4,4.48,0.0,0.0,9.78,265.09,0.0,6,102158.0,9999999
58321,0,8594,5.0,4.61,0.0,0.0,9.78,266.96,0.0,6,102191.0,9999999
58321,0,8595,5.0,4.61,0.0,0.0,9.78,268.57,0.0,5,102204.0,9999999
58321,0,8596,3.8,4.22,0.0,0.0,9.78,269.48,0.0,4,102217.0,9999999
58321,0,8597,3.7,4.15,0.0,0.0,9.78,268.57,0.0,4,102231.0,9999999
58321,0,8598,3.8,4.09,0.0,0.0,9.78,267.66,0.0,4,102294.0,9999999
58321,0,8599,3.7,4.03,0.0,0.0,9.78,266.5,0.0,4,102357.0,9999999
58321,0,8600,5.0,4.38,69.0,59.0,9.78,267.2,0.0,4,102420.0,9999999
58321,0,8601,5.6,3.91,166.0,139.0,9.78,268.34,0.3,4,102423.0,9999999
58321,0,8602,10.2,4.75,317.0,176.0,9.78,269.93,0.7,4,102426.0,9999999
58321,0,8603,12.8,4.97,420.0,207.0,9.78,266.27,1.0,1,102429.0,9999999
58321,0,8604,13.9,4.51,455.0,218.0,9.78,270.6,2.4,3,102367.0,9999999
58321,0,8605,15.0,4.09,453.0,198.0,9.78,271.48,3.7,3,102305.0,9999999
58321,0,8606,16.1,3.65,381.0,181.0,9.78,272.58,5.1,4,102244.0,9999999
58321,0,8607,15.7,3.91,267.0,141.0,9.78,268.12,3.7,3,102263.0,9999999
58321,0,8608,15.4,4.15,127.0,84.0,9.78,269.25,2.4,3,102283.0,9999999
58321,0,8609,15.0,4.38,31.0,24.0,9.78,269.03,1.0,4,102302.0,9999999
58321,0,8610,7.8,4.54,0.0,0.0,9.78,266.5,1.7,2,102314.0,9999999
58321,0,8611,7.9,4.58,0.0,0.0,9.78,267.2,2.4,2,102326.0,9999999
58321,0,8612,7.9,4.79,0.0,0.0,9.78,266.73,3.1,4,102337.0,9999999
58321,0,8613,7.9,3.73,0.0,0.0,9.78,266.73,2.8,2,102366.0,9999999
58321,0,8614,6.8,3.76,0.0,0.0,9.78,267.2,2.4,3,102395.0,9999999
58321,0,8615,6.1,3.88,0.0,0.0,9.78,266.27,2.1,2,102423.0,9999999
58321,0,8616,7.6,4.68,0.0,0.0,9.78,267.2,2.8,3,102430.0,9999999
58321,0,8617,5.3,5.04,0.0,0.0,9.78,265.09,3.4,2,102436.0,9999999
58321,0,8618,5.2,4.65,0.0,0.0,9.78,263.66,4.1,3,102442.0,9999999
58321,0,8619,5.1,4.75,0.0,0.0,9.78,261.71,4.1,2,102445.0,9999999
58321,0,8620,4.2,4.54,0.0,0.0,9.78,260.97,4.1,2,102448.0,9999999
58321,0,8621,3.9,4.61,0.0,0.0,9.78,265.33,4.1,1,102451.0,9999999
58321,0,8622,4.7,4.89,0.0,0.0,9.78,267.2,4.1,2,102478.0,9999999
58321,0,8623,4.8,4.93,0.0,0.0,9.78,270.82,4.1,2,102504.0,9999999
58321,0,8624,6.1,5.42,56.0,50.0,9.78,273.66,4.1,2,102531.0,9999999
58321,0,8625,5.4,4.79,140.0,122.0,9.78,274.94,4.4,3,102542.0,9999999
58321,0,8626,8.7,5.66,234.0,174.0,9.78,274.09,4.8,3,102554.0,9999999
58321,0,8627,10.0,5.82,299.0,203.0,9.78,273.66,5.1,3,102565.0,9999999
58321,0,8628,10.9,5.66,340.0,234.0,9.78,276.41,5.1,4,102503.0,9999999
58321,0,8629,11.9,5.54,374.0,228.0,9.78,276.21,5.1,4,102441.0,9999999
58321,0,8630,12.8,5.38,362.0,165.0,9.78,273.44,5.1,3,102379.0,9999999
58321,0,8631,12.6,5.23,256.0,114.0,9.78,270.37,4.4,4,102382.0,9999999
58321,0,8632,12.4,5.11,111.0,73.0,9.78,274.3,3.8,4,102385.0,9999999
58321,0,8633,12.2,4.97,24.0,20.0,9.78,276.0,3.1,3,102389.0,9999999
58321,0,8634,8.4,5.34,0.0,0.0,9.78,274.52,3.4,3,102372.0,9999999
58321,0,8635,8.4,4.97,0.0,0.0,9.78,274.73,3.8,2,102354.0,9999999
58321,0,8636,8.1,4.97,0.0,0.0,9.78,274.3,4.1,3,102337.0,9999999
58321,0,8637,10.0,5.11,0.0,0.0,9.78,276.62,3.4,2,102359.0,9999999
58321,0,8638,8.9,5.23,0.0,0.0,9.78,276.83,2.8,3,102381.0,9999999
58321,0,8639,7.8,5.38,0.0,0.0,9.78,275.79,2.1,4,102403.0,9999999
58321,0,8640,7.6,5.23,0.0,0.0,9.78,274.73,1.7,3,102380.0,9999999
58321,0,8641,7.4,5.11,0.0,0.0,9.78,277.86,1.4,3,102356.0,9999999
58321,0,8642,7.2,5.0,0.0,0.0,9.78,276.0,1.0,2,102333.0,9999999
58321,0,8643,7.2,5.0,0.0,0.0,9.78,277.04,1.7,3,102316.0,9999999
58321,0,8644,7.2,5.0,0.0,0.0,9.78,276.0,2.4,3,102300.0,9999999
58321,0,8645,7.2,5.0,0.0,0.0,9.78,275.79,3.1,2,102283.0,9999999
58321,0,8646,7.2,4.97,0.0,0.0,9.78,276.0,3.4,2,102303.0,9999999
58321,0,8647,7.2,4.97,0.0,0.0,9.78,276.0,3.8,2,102323.0,9999999
58321,0,8648,7.2,5.0,19.0,19.0,9.78,276.21,4.1,3,102343.0,9999999
58321,0,8649,6.2,5.23,42.0,42.0,9.78,276.83,2.7,2,102344.0,9999999
58321,0,8650,8.3,5.54,74.0,73.0,9.78,277.04,1.4,3,102344.0,9999999
58321,0,8651,8.9,5.82,104.0,103.0,9.78,277.86,0.0,3,102345.0,9999999
58321,0,8652,9.3,5.82,115.0,113.0,9.78,278.48,0.0,3,102279.0,9999999
58321,0,8653,9.6,5.82,103.0,101.0,9.78,278.89,0.0,3,102213.0,9999999
58321,0,8654,10.0,5.82,78.0,78.0,9.78,279.49,0.0,2,102147.0,9999999
58321,0,8655,10.0,5.99,57.0,56.0,9.78,279.7,0.0,2,102153.0,9999999
58321,0,8656,10.0,6.12,33.0,32.0,9.78,279.49,0.0,2,102160.0,9999999
58321,0,8657,10.0,6.3,9.0,9.0,9.78,279.29,0.0,1,102167.0,9999999
58321,0,8658,9.3,6.39,0.0,0.0,9.78,278.89,0.7,15,102179.0,9999999
58321,0,8659,8.5,6.48,0.0,0.0,9.78,279.09,1.4,15,102192.0,9999999
58321,0,8660,7.8,6.57,0.0,0.0,9.78,279.09,2.1,13,102204.0,9999999
58321,0,8661,7.8,6.57,0.0,0.0,9.78,278.89,1.7,16,102197.0,9999999
58321,0,8662,7.8,6.57,0.0,0.0,9.78,278.48,1.4,16,102191.0,9999999
58321,0,8663,7.8,6.57,0.0,0.0,9.78,278.68,1.0,13,102184.0,9999999
58321,0,8664,7.8,6.52,0.0,0.0,9.78,278.07,1.0,1,102161.0,9999999
58321,0,8665,7.8,6.34,0.0,0.0,9.78,278.07,1.0,2,102138.0,9999999
58321,0,8666,7.8,6.3,0.0,0.0,9.78,278.07,1.0,13,102114.0,9999999
58321,0,8667,7.8,6.34,0.0,0.0,9.78,278.48,0.7,3,102058.0,9999999
58321,0,8668,7.8,6.52,0.0,0.0,9.78,278.07,0.3,4,102001.0,9999999
58321,0,8669,7.8,6.57,0.0,0.0,9.78,278.48,0.0,4,101945.0,9999999
58321,0,8670,7.8,6.52,0.0,0.0,9.78,278.07,0.0,3,102021.0,9999999
58321,0,8671,7.8,6.39,0.0,0.0,9.78,278.48,0.0,3,102098.0,9999999
58321,0,8672,7.8,6.3,36.0,29.0,9.78,278.27,0.0,4,102174.0,9999999
58321,0,8673,8.5,6.3,90.0,75.0,9.78,277.66,1.0,4,102192.0,9999999
58321,0,8674,9.3,6.3,153.0,137.0,9.78,277.04,2.1,5,102209.0,9999999
58321,0,8675,10.0,6.3,257.0,206.0,9.78,277.66,3.1,7,102227.0,9999999
58321,0,8676,10.0,6.12,343.0,236.0,9.78,278.07,3.1,7,102170.0,9999999
58321,0,8677,10.0,5.99,329.0,214.0,9.78,276.83,3.1,7,102114.0,9999999
58321,0,8678,10.0,5.82,222.0,163.0,9.78,277.25,3.1,7,102057.0,9999999
58321,0,8679,10.0,5.82,138.0,111.0,9.78,280.1,2.1,6,102080.0,9999999
58321,0,8680,10.0,5.82,85.0,60.0,9.78,278.68,1.0,6,102104.0,9999999
58321,0,8681,10.0,5.82,22.0,15.0,9.78,278.68,0.0,6,102127.0,9999999
58321,0,8682,9.3,5.99,0.0,0.0,9.78,278.48,0.0,7,102172.0,9999999
58321,0,8683,8.5,6.12,0.0,0.0,9.78,277.04,0.0,5,102218.0,9999999
58321,0,8684,7.8,6.3,0.0,0.0,9.78,275.58,0.0,4,102264.0,9999999
58321,0,8685,7.8,6.3,0.0,0.0,9.78,276.83,0.0,4,102260.0,9999999
58321,0,8686,7.8,6.3,0.0,0.0,9.78,273.87,0.0,4,102257.0,9999999
58321,0,8687,7.8,6.3,0.0,0.0,9.78,274.09,0.0,5,102254.0,9999999
58321,0,8688,7.8,6.3,0.0,0.0,9.78,276.41,0.3,6,102274.0,9999999
58321,0,8689,7.8,6.3,0.0,0.0,9.78,275.15,0.7,7,102294.0,9999999
58321,0,8690,7.8,6.3,0.0,0.0,9.78,275.58,1.0,11,102314.0,9999999
58321,0,8691,7.2,6.12,0.0,0.0,9.78,274.52,0.7,11,102316.0,9999999
58321,0,8692,6.7,5.99,0.0,0.0,9.78,273.87,0.3,11,102319.0,9999999
58321,0,8693,6.1,5.82,0.0,0.0,9.78,275.79,0.0,11,102322.0,9999999
58321,0,8694,6.2,5.3,0.0,0.0,9.78,272.14,1.0,13,102441.0,9999999
58321,0,8695,5.3,4.48,0.0,0.0,9.78,269.48,2.1,14,102561.0,9999999
58321,0,8696,5.0,5.38,59.0,36.0,9.78,268.57,2.1,13,102510.0,9999999
58321,0,8697,5.4,5.54,172.0,84.0,9.78,269.03,2.4,15,102543.0,9999999
58321,0,8698,8.1,5.66,269.0,134.0,9.78,266.5,2.8,15,102577.0,9999999
58321,0,8699,8.4,5.82,314.0,171.0,9.78,270.6,3.1,8,102611.0,9999999
58321,0,8700,6.5,5.66,339.0,177.0,9.78,271.26,3.8,15,102545.0,9999999
58321,0,8701,9.8,5.54,313.0,156.0,9.78,275.15,4.4,14,102479.0,9999999
58321,0,8702,9.6,5.38,206.0,122.0,9.78,275.58,5.1,13,102413.0,9999999
58321,0,8703,7.2,5.23,119.0,94.0,9.78,277.25,4.1,14,102409.0,9999999
58321,0,8704,7.2,5.11,71.0,57.0,9.78,276.62,3.1,14,102406.0,9999999
58321,0,8705,7.2,4.97,16.0,14.0,9.78,278.07,2.1,14,102403.0,9999999
58321,0,8706,6.1,4.97,0.0,0.0,9.78,277.04,1.4,14,102415.0,9999999
58321,0,8707,5.0,4.97,0.0,0.0,9.78,273.66,0.7,15,102427.0,9999999
58321,0,8708,5.6,4.97,0.0,0.0,9.78,273.23,0.0,16,102438.0,9999999
58321,0,8709,5.4,4.75,0.0,0.0,9.78,270.6,0.0,16,102438.0,9999999
58321,0,8710,4.7,4.58,0.0,0.0,9.78,271.92,0.0,16,102437.0,9999999
58321,0,8711,4.1,5.04,0.0,0.0,9.78,270.15,0.0,0,102436.0,9999999
58321,0,8712,3.9,4.97,0.0,0.0,9.78,269.03,0.0,0,102420.0,9999999
58321,0,8713,3.4,4.79,0.0,0.0,9.78,266.5,0.0,2,102403.0,9999999
58321,0,8714,2.2,4.38,0.0,0.0,9.78,263.66,0.0,5,102387.0,9999999
58321,0,8715,3.2,4.58,0.0,0.0,9.78,265.8,0.0,6,102350.0,9999999
58321,0,8716,2.2,4.15,0.0,0.0,9.78,266.5,0.0,5,102313.0,9999999
58321,0,8717,2.2,4.0,0.0,0.0,9.78,270.15,0.0,5,102277.0,9999999
58321,0,8718,1.6,3.51,0.0,0.0,9.78,271.92,1.0,6,102412.0,9999999
58321,0,8719,1.3,3.14,0.0,0.0,9.78,270.15,2.1,6,102547.0,9999999
58321,0,8720,2.2,4.0,58.0,50.0,9.78,273.01,1.0,6,102267.0,9999999
58321,0,8721,2.2,4.15,125.0,108.0,9.78,272.58,1.7,7,102251.0,9999999
58321,0,8722,4.1,4.89,226.0,173.0,9.78,276.41,2.4,8,102236.0,9999999
58321,0,8723,5.0,5.38,376.0,212.0,9.78,275.79,3.1,8,102221.0,9999999
58321,0,8724,5.9,5.66,491.0,175.0,9.78,273.01,2.8,8,102132.0,9999999
58321,0,8725,10.1,5.0,504.0,133.0,9.78,263.9,2.4,9,102043.0,9999999
58321,0,8726,10.6,4.86,380.0,121.0,9.78,265.09,2.1,9,101955.0,9999999
58321,0,8727,8.2,4.09,202.0,103.0,9.78,271.26,1.4,11,101975.0,9999999
58321,0,8728,8.5,4.28,77.0,59.0,9.78,276.0,0.7,13,101996.0,9999999
58321,0,8729,8.9,4.25,16.0,13.0,9.78,278.68,0.0,14,102016.0,9999999
58321,0,8730,8.3,5.82,0.0,0.0,9.78,277.66,0.3,14,102068.0,9999999
58321,0,8731,7.8,4.58,0.0,0.0,9.78,278.27,0.7,14,102121.0,9999999
58321,0,8732,7.2,4.35,0.0,0.0,9.78,277.86,1.0,14,102173.0,9999999
58321,0,8733,7.2,5.5,0.0,0.0,9.78,277.25,2.0,14,102180.0,9999999
58321,0,8734,7.2,5.27,0.0,0.0,9.78,276.62,3.1,13,102187.0,9999999
58321,0,8735,7.2,4.97,0.0,0.0,9.78,274.3,4.1,13,102193.0,9999999
58321,0,8736,6.1,4.65,0.0,0.0,9.78,271.92,3.8,13,102199.0,9999999
58321,0,8737,5.0,4.31,0.0,0.0,9.78,273.87,3.4,14,102204.0,9999999
58321,0,8738,3.9,4.03,0.0,0.0,9.78,270.37,3.1,14,102209.0,9999999
58321,0,8739,4.9,4.51,0.0,0.0,9.78,265.56,3.1,15,102235.0,9999999
58321,0,8740,2.8,4.03,0.0,0.0,9.78,261.47,3.1,15,102261.0,9999999
58321,0,8741,2.2,4.0,0.0,0.0,9.78,260.47,3.1,15,102287.0,9999999
58321,0,8742,0.7,3.29,0.0,0.0,9.78,260.47,3.1,15,102418.0,9999999
58321,0,8743,0.8,3.02,0.0,0.0,9.78,260.72,3.1,16,102550.0,9999999
58321,0,8744,1.1,3.7,78.0,55.0,9.78,263.42,3.1,14,102485.0,9999999
58321,0,8745,1.6,3.82,230.0,98.0,9.78,259.97,2.1,16,102500.0,9999999
58321,0,8746,3.7,3.91,396.0,112.0,9.78,256.65,1.0,16,102515.0,9999999
58321,0,8747,5.0,3.14,512.0,120.0,9.78,255.33,0.0,0,102530.0,9999999
58321,0,8748,5.7,2.85,565.0,123.0,9.78,254.8,0.3,16,102417.0,9999999
58321,0,8749,6.5,2.02,551.0,120.0,9.78,254.8,0.7,15,102305.0,9999999
58321,0,8750,7.2,2.14,472.0,112.0,9.78,254.8,1.0,14,102193.0,9999999
58321,0,8751,6.8,2.14,339.0,95.0,9.78,254.54,0.7,15,102166.0,9999999
58321,0,8752,6.5,2.33,176.0,65.0,9.78,254.27,0.3,15,102139.0,9999999
58321,0,8753,6.1,3.4,46.0,23.0,9.78,254.0,0.0,15,102112.0,9999999
58321,0,8754,5.0,3.59,1.0,1.0,9.78,254.54,0.0,14,102104.0,9999999
58321,0,8755,3.9,2.74,0.0,0.0,9.78,252.37,0.0,15,102096.0,9999999
58321,0,8756,4.2,2.85,0.0,0.0,9.78,251.54,0.0,0,102088.0,9999999
58321,0,8757,2.2,2.88,0.0,0.0,9.78,251.26,0.0,5,102058.0,9999999
58321,0,8758,1.7,3.82,0.0,0.0,9.78,250.71,0.0,7,102027.0,9999999
58321,0,8759,1.1,3.7,0.0,0.0,9.78,250.43,0.0,7,101996.0,9999999
