58362,0,0,6.5,5.38,0.0,0.0,6.27,265.8,2.5,8,102400.0,9999999
58362,0,1,5.7,5.19,0.0,0.0,6.27,271.48,2.5,1,102400.0,9999999
58362,0,2,5.4,5.15,0.0,0.0,6.27,266.73,3.0,16,102400.0,9999999
58362,0,3,5.0,5.08,0.0,0.0,6.27,265.8,3.0,4,102400.0,9999999
58362,0,4,4.0,4.75,0.0,0.0,6.27,269.48,3.0,9,102400.0,9999999
58362,0,5,2.9,4.41,0.0,0.0,6.27,263.42,3.0,14,102400.0,9999999
58362,0,6,2.2,4.15,0.0,0.0,6.27,262.93,3.0,14,102400.0,9999999
58362,0,7,2.2,4.03,10.0,4.0,6.27,261.71,3.0,15,102400.0,9999999
58362,0,8,2.7,4.06,74.0,74.0,6.27,265.33,0.0,0,102400.0,9999999
58362,0,9,3.7,4.15,255.0,114.0,6.27,262.2,0.0,14,102400.0,9999999
58362,0,10,4.9,4.25,369.0,166.0,6.27,266.03,0.0,2,102400.0,9999999
58362,0,11,6.2,4.35,447.0,200.0,6.27,265.8,0.0,9,102400.0,9999999
58362,0,12,7.4,4.44,470.0,211.0,6.27,266.03,0.0,14,102400.0,9999999
58362,0,13,8.4,4.51,256.0,256.0,6.27,270.15,0.0,3,102400.0,9999999
58362,0,14,8.9,4.58,205.0,205.0,6.27,272.58,3.0,3,102400.0,9999999
58362,0,15,8.9,4.68,231.0,103.0,6.27,269.7,3.0,7,102400.0,9999999
58362,0,16,8.5,4.79,241.0,78.0,6.27,269.48,3.0,3,102400.0,9999999
58362,0,17,7.8,4.82,0.0,0.0,6.27,270.82,3.0,16,102400.0,9999999
58362,0,18,7.0,4.86,0.0,0.0,6.27,268.57,3.0,8,102400.0,9999999
58362,0,19,6.2,4.86,0.0,0.0,6.27,265.09,3.0,15,102400.0,9999999
58362,0,20,5.5,4.82,0.0,0.0,6.27,265.33,3.0,7,102400.0,9999999
58362,0,21,5.1,4.79,0.0,0.0,6.27,264.14,3.0,1,102400.0,9999999
58362,0,22,4.9,4.75,0.0,0.0,6.27,263.9,3.0,1,102400.0,9999999
58362,0,23,4.7,4.68,0.0,0.0,6.27,270.15,3.0,10,102400.0,9999999
58362,0,24,4.6,4.61,0.0,0.0,6.27,265.56,3.0,10,102040.0,9999999
58362,0,25,4.2,4.54,0.0,0.0,6.27,264.14,3.0,9,102040.0,9999999
58362,0,26,3.7,4.44,0.0,0.0,6.27,266.5,3.0,9,102040.0,9999999
58362,0,27,2.9,4.28,0.0,0.0,6.27,264.85,3.0,14,102040.0,9999999
58362,0,28,2.0,4.12,0.0,0.0,6.27,265.56,3.0,13,102040.0,9999999
58362,0,29,1.2,4.03,0.0,0.0,6.27,262.93,3.0,14,102040.0,9999999
58362,0,30,0.9,4.0,0.0,0.0,6.27,258.45,3.0,7,102040.0,9999999
58362,0,31,1.1,4.03,11.0,4.0,6.27,261.22,3.0,3,102040.0,9999999
58362,0,32,1.8,4.12,175.0,47.0,6.27,262.93,2.0,11,102040.0,9999999
58362,0,33,3.4,4.25,272.0,106.0,6.27,263.66,2.0,4,102040.0,9999999
58362,0,34,5.7,4.38,394.0,154.0,6.27,268.34,2.0,14,102040.0,9999999
58362,0,35,8.2,4.41,280.0,280.0,6.27,270.82,2.0,11,102040.0,9999999
58362,0,36,10.8,4.28,502.0,196.0,6.27,270.6,2.0,8,102040.0,9999999
58362,0,37,12.9,3.97,601.0,162.0,6.27,271.92,2.0,6,102040.0,9999999
58362,0,38,14.4,3.62,373.0,146.0,6.27,273.01,4.0,11,102040.0,9999999
58362,0,39,14.9,3.43,145.0,145.0,6.27,279.09,4.0,6,102040.0,9999999
58362,0,40,14.6,3.4,110.0,43.0,6.27,273.66,4.0,3,102040.0,9999999
58362,0,41,13.7,3.48,0.0,0.0,6.27,273.87,4.0,3,102040.0,9999999
58362,0,42,12.6,3.59,0.0,0.0,6.27,271.92,4.0,6,102040.0,9999999
58362,0,43,11.3,3.67,0.0,0.0,6.27,275.79,4.0,12,102040.0,9999999
58362,0,44,10.2,3.67,0.0,0.0,6.27,272.14,3.0,13,102040.0,9999999
58362,0,45,9.3,3.59,0.0,0.0,6.27,268.12,3.0,7,102040.0,9999999
58362,0,46,8.7,3.48,0.0,0.0,6.27,266.5,3.0,16,102040.0,9999999
58362,0,47,8.2,3.37,0.0,0.0,6.27,268.12,3.0,13,102040.0,9999999
58362,0,48,7.7,3.29,0.0,0.0,6.27,266.96,3.0,11,102730.0,9999999
58362,0,49,7.2,3.24,0.0,0.0,6.27,264.85,3.0,7,102730.0,9999999
58362,0,50,6.5,3.24,0.0,0.0,6.27,268.12,5.0,16,102730.0,9999999
58362,0,51,5.6,3.27,0.0,0.0,6.27,267.43,5.0,4,102730.0,9999999
58362,0,52,4.7,3.37,0.0,0.0,6.27,265.09,5.0,3,102730.0,9999999
58362,0,53,3.9,3.48,0.0,0.0,6.27,268.34,5.0,12,102730.0,9999999
58362,0,54,3.5,3.62,0.0,0.0,6.27,266.73,5.0,5,102730.0,9999999
58362,0,55,3.7,3.85,16.0,6.0,6.27,265.33,5.0,8,102730.0,9999999
58362,0,56,4.6,4.18,85.0,85.0,6.27,267.2,3.0,1,102730.0,9999999
58362,0,57,6.3,4.65,386.0,154.0,6.27,267.2,3.0,1,102730.0,9999999
58362,0,58,8.4,5.08,245.0,245.0,6.27,266.03,3.0,6,102730.0,9999999
58362,0,59,10.0,5.23,675.0,269.0,6.27,275.58,3.0,14,102730.0,9999999
58362,0,60,10.6,4.93,312.0,312.0,6.27,269.48,3.0,1,102730.0,9999999
58362,0,61,9.7,4.22,289.0,289.0,6.27,269.03,3.0,2,102730.0,9999999
58362,0,62,8.0,3.51,529.0,211.0,6.27,268.57,5.0,1,102730.0,9999999
58362,0,63,6.4,3.07,153.0,153.0,6.27,266.5,5.0,8,102730.0,9999999
58362,0,64,5.0,2.85,157.0,62.0,6.27,265.09,5.0,14,102730.0,9999999
58362,0,65,4.0,2.76,0.0,0.0,6.27,260.22,5.0,8,102730.0,9999999
58362,0,66,3.4,2.79,0.0,0.0,6.27,260.97,5.0,2,102730.0,9999999
58362,0,67,3.2,2.92,0.0,0.0,6.27,262.45,5.0,15,102730.0,9999999
58362,0,68,3.4,3.09,0.0,0.0,6.27,265.09,3.0,3,102730.0,9999999
58362,0,69,3.5,3.22,0.0,0.0,6.27,264.62,3.0,13,102730.0,9999999
58362,0,70,3.6,3.29,0.0,0.0,6.27,263.66,3.0,4,102730.0,9999999
58362,0,71,3.5,3.32,0.0,0.0,6.27,260.22,3.0,3,102730.0,9999999
58362,0,72,3.3,3.29,0.0,0.0,6.27,259.97,3.0,9,102320.0,9999999
58362,0,73,3.0,3.29,0.0,0.0,6.27,263.42,3.0,6,102320.0,9999999
58362,0,74,2.7,3.29,0.0,0.0,6.27,261.47,2.0,4,102320.0,9999999
58362,0,75,2.4,3.32,0.0,0.0,6.27,261.22,2.0,3,102320.0,9999999
58362,0,76,2.1,3.35,0.0,0.0,6.27,264.14,2.0,8,102320.0,9999999
58362,0,77,1.9,3.37,0.0,0.0,6.27,263.18,2.0,3,102320.0,9999999
58362,0,78,1.8,3.4,0.0,0.0,6.27,263.18,2.0,5,102320.0,9999999
58362,0,79,2.3,3.53,8.0,2.0,6.27,261.96,2.0,12,102320.0,9999999
58362,0,80,3.6,3.79,169.0,34.0,6.27,263.42,2.0,8,102320.0,9999999
58362,0,81,5.3,4.06,181.0,54.0,6.27,265.8,2.0,12,102320.0,9999999
58362,0,82,7.2,4.35,489.0,98.0,6.27,265.8,2.0,15,102320.0,9999999
58362,0,83,9.0,4.54,316.0,94.0,6.27,270.82,2.0,12,102320.0,9999999
58362,0,84,10.7,4.68,622.0,125.0,6.27,276.0,2.0,9,102320.0,9999999
58362,0,85,12.1,4.75,577.0,116.0,6.27,274.73,2.0,6,102320.0,9999999
58362,0,86,12.9,4.79,463.0,93.0,6.27,273.01,5.0,9,102320.0,9999999
58362,0,87,13.1,4.89,307.0,62.0,6.27,276.83,5.0,1,102320.0,9999999
58362,0,88,12.8,5.04,74.0,22.0,6.27,276.62,5.0,8,102320.0,9999999
58362,0,89,12.0,5.15,0.0,0.0,6.27,277.45,5.0,5,102320.0,9999999
58362,0,90,11.0,5.19,0.0,0.0,6.27,270.82,5.0,16,102320.0,9999999
58362,0,91,10.0,5.23,0.0,0.0,6.27,274.09,5.0,13,102320.0,9999999
58362,0,92,9.2,5.23,0.0,0.0,6.27,268.34,6.0,8,102320.0,9999999
58362,0,93,8.8,5.27,0.0,0.0,6.27,270.6,6.0,5,102320.0,9999999
58362,0,94,8.7,5.34,0.0,0.0,6.27,270.37,6.0,8,102320.0,9999999
58362,0,95,8.8,5.42,0.0,0.0,6.27,269.03,6.0,12,102320.0,9999999
58362,0,96,9.0,5.46,0.0,0.0,6.27,270.37,6.0,10,101720.0,9999999
58362,0,97,9.1,5.42,0.0,0.0,6.27,266.96,6.0,11,101720.0,9999999
58362,0,98,9.0,5.3,0.0,0.0,6.27,270.82,8.0,9,101720.0,9999999
58362,0,99,8.7,5.04,0.0,0.0,6.27,266.5,8.0,12,101720.0,9999999
58362,0,100,8.2,4.72,0.0,0.0,6.27,265.8,8.0,8,101720.0,9999999
58362,0,101,7.8,4.44,0.0,0.0,6.27,269.7,8.0,11,101720.0,9999999
58362,0,102,7.6,4.18,0.0,0.0,6.27,266.03,8.0,6,101720.0,9999999
58362,0,103,8.3,4.18,12.0,5.0,6.27,270.82,8.0,13,101720.0,9999999
58362,0,104,9.9,4.38,131.0,56.0,6.27,274.94,6.0,10,101720.0,9999999
58362,0,105,11.6,4.54,320.0,96.0,6.27,274.09,6.0,14,101720.0,9999999
58362,0,106,13.2,4.65,462.0,139.0,6.27,271.7,6.0,3,101720.0,9999999
58362,0,107,14.6,4.68,456.0,194.0,6.27,278.27,6.0,14,101720.0,9999999
58362,0,108,15.9,4.65,282.0,282.0,6.27,275.15,6.0,10,101720.0,9999999
58362,0,109,16.8,4.65,445.0,189.0,6.27,277.25,6.0,7,101720.0,9999999
58362,0,110,17.4,4.68,358.0,152.0,6.27,274.3,4.0,12,101720.0,9999999
58362,0,111,17.6,4.82,237.0,101.0,6.27,279.29,4.0,11,101720.0,9999999
58362,0,112,17.1,4.93,63.0,63.0,6.27,278.89,4.0,15,101720.0,9999999
58362,0,113,15.8,4.89,0.0,0.0,6.27,278.48,4.0,14,101720.0,9999999
58362,0,114,14.3,4.86,0.0,0.0,6.27,278.07,4.0,10,101720.0,9999999
58362,0,115,13.0,4.86,0.0,0.0,6.27,274.3,4.0,8,101720.0,9999999
58362,0,116,12.3,5.08,0.0,0.0,6.27,275.15,3.0,15,101720.0,9999999
58362,0,117,12.3,5.5,0.0,0.0,6.27,278.07,3.0,15,101720.0,9999999
58362,0,118,11.8,5.7,0.0,0.0,6.27,277.66,3.0,6,101720.0,9999999
58362,0,119,10.7,5.66,0.0,0.0,6.27,275.15,3.0,2,101720.0,9999999
58362,0,120,9.4,5.54,0.0,0.0,6.27,270.37,3.0,7,102260.0,9999999
58362,0,121,8.4,5.46,0.0,0.0,6.27,269.25,3.0,10,102260.0,9999999
58362,0,122,8.0,5.58,0.0,0.0,6.27,267.43,3.0,16,102260.0,9999999
58362,0,123,7.8,5.74,0.0,0.0,6.27,268.8,3.0,9,102260.0,9999999
58362,0,124,7.2,5.74,0.0,0.0,6.27,268.8,3.0,6,102260.0,9999999
58362,0,125,6.5,5.66,0.0,0.0,6.27,271.04,3.0,16,102260.0,9999999
58362,0,126,6.1,5.62,0.0,0.0,6.27,268.8,3.0,2,102260.0,9999999
58362,0,127,6.1,5.7,4.0,4.0,6.27,272.14,3.0,7,102260.0,9999999
58362,0,128,6.4,5.82,41.0,41.0,6.27,271.04,4.0,15,102260.0,9999999
58362,0,129,6.9,5.99,81.0,81.0,6.27,267.43,4.0,15,102260.0,9999999
58362,0,130,7.6,6.12,116.0,116.0,6.27,268.12,4.0,3,102260.0,9999999
58362,0,131,8.2,6.21,141.0,141.0,6.27,266.73,4.0,8,102260.0,9999999
58362,0,132,8.9,6.25,148.0,148.0,6.27,267.2,4.0,7,102260.0,9999999
58362,0,133,9.3,6.25,137.0,137.0,6.27,273.01,4.0,1,102260.0,9999999
58362,0,134,9.6,6.21,110.0,110.0,6.27,269.25,0.0,0,102260.0,9999999
58362,0,135,9.6,6.12,73.0,73.0,6.27,274.3,0.0,16,102260.0,9999999
58362,0,136,9.4,6.04,33.0,33.0,6.27,267.66,0.0,10,102260.0,9999999
58362,0,137,9.0,5.91,0.0,0.0,6.27,271.04,0.0,2,102260.0,9999999
58362,0,138,8.5,5.78,0.0,0.0,6.27,267.89,0.0,14,102260.0,9999999
58362,0,139,8.0,5.66,0.0,0.0,6.27,272.36,0.0,12,102260.0,9999999
58362,0,140,7.5,5.58,0.0,0.0,6.27,273.44,1.0,5,102260.0,9999999
58362,0,141,7.1,5.54,0.0,0.0,6.27,269.03,1.0,4,102260.0,9999999
58362,0,142,6.8,5.5,0.0,0.0,6.27,264.85,1.0,5,102260.0,9999999
58362,0,143,6.5,5.46,0.0,0.0,6.27,272.36,1.0,7,102260.0,9999999
58362,0,144,6.2,5.46,0.0,0.0,6.27,268.12,1.0,15,102280.0,9999999
58362,0,145,5.9,5.42,0.0,0.0,6.27,264.14,1.0,14,102280.0,9999999
58362,0,146,5.5,5.34,0.0,0.0,6.27,263.66,1.0,4,102280.0,9999999
58362,0,147,5.0,5.27,0.0,0.0,6.27,268.12,1.0,6,102280.0,9999999
58362,0,148,4.5,5.15,0.0,0.0,6.27,270.15,1.0,13,102280.0,9999999
58362,0,149,4.1,5.04,0.0,0.0,6.27,261.96,1.0,2,102280.0,9999999
58362,0,150,3.9,5.0,0.0,0.0,6.27,266.96,1.0,11,102280.0,9999999
58362,0,151,4.2,5.11,8.0,6.0,6.27,269.93,1.0,5,102280.0,9999999
58362,0,152,5.1,5.38,87.0,63.0,6.27,266.03,2.0,9,102280.0,9999999
58362,0,153,6.3,5.7,82.0,82.0,6.27,268.34,2.0,10,102280.0,9999999
58362,0,154,7.8,6.12,118.0,118.0,6.27,268.34,2.0,9,102280.0,9999999
58362,0,155,9.3,6.52,142.0,142.0,6.27,271.26,2.0,3,102280.0,9999999
58362,0,156,10.7,6.9,315.0,229.0,6.27,270.6,2.0,12,102280.0,9999999
58362,0,157,11.8,7.24,292.0,212.0,6.27,277.04,2.0,5,102280.0,9999999
58362,0,158,12.5,7.49,235.0,171.0,6.27,273.44,1.0,11,102280.0,9999999
58362,0,159,12.7,7.65,156.0,113.0,6.27,273.66,1.0,8,102280.0,9999999
58362,0,160,12.3,7.54,34.0,34.0,6.27,276.41,1.0,9,102280.0,9999999
58362,0,161,11.2,7.24,0.0,0.0,6.27,271.26,1.0,6,102280.0,9999999
58362,0,162,9.9,6.85,0.0,0.0,6.27,269.93,1.0,16,102280.0,9999999
58362,0,163,8.8,6.52,0.0,0.0,6.27,268.57,1.0,2,102280.0,9999999
58362,0,164,8.3,6.39,0.0,0.0,6.27,271.26,7.0,15,102280.0,9999999
58362,0,165,8.4,6.48,0.0,0.0,6.27,273.23,7.0,12,102280.0,9999999
58362,0,166,8.0,6.25,0.0,0.0,6.27,271.04,7.0,6,102280.0,9999999
58362,0,167,7.2,5.78,0.0,0.0,6.27,268.8,7.0,15,102280.0,9999999
58362,0,168,6.2,5.27,0.0,0.0,6.27,268.57,7.0,3,103510.0,9999999
58362,0,169,5.3,4.79,0.0,0.0,6.27,263.18,7.0,3,103510.0,9999999
58362,0,170,5.0,4.54,0.0,0.0,6.27,268.8,8.0,16,103510.0,9999999
58362,0,171,4.7,4.31,0.0,0.0,6.27,262.2,8.0,1,103510.0,9999999
58362,0,172,4.1,4.0,0.0,0.0,6.27,262.69,8.0,11,103510.0,9999999
58362,0,173,3.2,3.65,0.0,0.0,6.27,260.22,8.0,5,103510.0,9999999
58362,0,174,2.2,3.32,0.0,0.0,6.27,261.22,8.0,13,103510.0,9999999
58362,0,175,1.3,3.02,11.0,6.0,6.27,263.9,8.0,13,103510.0,9999999
58362,0,176,0.6,2.79,107.0,64.0,6.27,261.22,9.0,16,103510.0,9999999
58362,0,177,0.3,2.61,213.0,127.0,6.27,264.14,9.0,15,103510.0,9999999
58362,0,178,0.3,2.46,307.0,182.0,6.27,260.72,9.0,10,103510.0,9999999
58362,0,179,0.5,2.36,370.0,220.0,6.27,260.22,9.0,4,103510.0,9999999
58362,0,180,0.8,2.27,389.0,232.0,6.27,256.65,9.0,12,103510.0,9999999
58362,0,181,1.0,2.18,361.0,215.0,6.27,260.47,9.0,10,103510.0,9999999
58362,0,182,1.1,2.09,153.0,153.0,6.27,258.71,6.0,16,103510.0,9999999
58362,0,183,0.9,1.97,101.0,101.0,6.27,261.22,6.0,8,103510.0,9999999
58362,0,184,0.3,1.82,88.0,52.0,6.27,260.47,6.0,2,103510.0,9999999
58362,0,185,-0.4,1.68,0.0,0.0,6.27,260.72,6.0,1,103510.0,9999999
58362,0,186,-1.0,1.58,0.0,0.0,6.27,257.17,6.0,4,103510.0,9999999
58362,0,187,-1.3,1.56,0.0,0.0,6.27,255.6,6.0,4,103510.0,9999999
58362,0,188,-1.2,1.58,0.0,0.0,6.27,258.71,6.0,1,103510.0,9999999
58362,0,189,-1.0,1.66,0.0,0.0,6.27,261.47,6.0,5,103510.0,9999999
58362,0,190,-0.9,1.73,0.0,0.0,6.27,255.33,6.0,2,103510.0,9999999
58362,0,191,-0.9,1.81,0.0,0.0,6.27,256.91,6.0,2,103510.0,9999999
58362,0,192,-1.1,1.85,0.0,0.0,6.27,256.91,6.0,4,103170.0,9999999
58362,0,193,-1.3,1.9,0.0,0.0,6.27,256.91,6.0,9,103170.0,9999999
58362,0,194,-1.8,1.9,0.0,0.0,6.27,256.91,3.0,16,103170.0,9999999
58362,0,195,-2.5,1.88,0.0,0.0,6.27,257.94,3.0,5,103170.0,9999999
58362,0,196,-3.1,1.84,0.0,0.0,6.27,254.27,3.0,5,103170.0,9999999
58362,0,197,-3.7,1.79,0.0,0.0,6.27,259.22,3.0,12,103170.0,9999999
58362,0,198,-3.9,1.79,0.0,0.0,6.27,258.96,3.0,6,103170.0,9999999
58362,0,199,-3.8,1.79,15.0,6.0,6.27,258.96,3.0,12,103170.0,9999999
58362,0,200,-3.5,1.79,252.0,72.0,6.27,254.0,3.0,14,103170.0,9999999
58362,0,201,-2.8,1.81,288.0,118.0,6.27,253.73,3.0,13,103170.0,9999999
58362,0,202,-1.9,1.82,698.0,201.0,6.27,260.97,3.0,7,103170.0,9999999
58362,0,203,-0.9,1.84,501.0,205.0,6.27,257.69,3.0,12,103170.0,9999999
58362,0,204,0.1,1.85,310.0,310.0,6.27,261.47,3.0,12,103170.0,9999999
58362,0,205,0.9,1.82,287.0,287.0,6.27,260.47,3.0,3,103170.0,9999999
58362,0,206,1.4,1.79,231.0,231.0,6.27,257.69,2.0,1,103170.0,9999999
58362,0,207,1.5,1.77,154.0,154.0,6.27,262.69,2.0,14,103170.0,9999999
58362,0,208,1.4,1.79,120.0,49.0,6.27,257.69,2.0,7,103170.0,9999999
58362,0,209,1.0,1.82,0.0,0.0,6.27,256.12,2.0,12,103170.0,9999999
58362,0,210,0.5,1.87,0.0,0.0,6.27,259.47,2.0,5,103170.0,9999999
58362,0,211,0.0,1.88,0.0,0.0,6.27,259.47,2.0,11,103170.0,9999999
58362,0,212,-0.6,1.88,0.0,0.0,6.27,256.91,1.0,13,103170.0,9999999
58362,0,213,-1.1,1.88,0.0,0.0,6.27,254.27,1.0,15,103170.0,9999999
58362,0,214,-1.5,1.88,0.0,0.0,6.27,255.86,1.0,8,103170.0,9999999
58362,0,215,-2.0,1.88,0.0,0.0,6.27,254.8,1.0,2,103170.0,9999999
58362,0,216,-2.3,1.88,0.0,0.0,6.27,255.07,1.0,6,102760.0,9999999
58362,0,217,-2.7,1.92,0.0,0.0,6.27,257.17,1.0,10,102760.0,9999999
58362,0,218,-3.1,1.97,0.0,0.0,6.27,256.12,1.0,14,102760.0,9999999
58362,0,219,-3.5,2.03,0.0,0.0,6.27,256.65,1.0,8,102760.0,9999999
58362,0,220,-3.8,2.12,0.0,0.0,6.27,257.94,1.0,5,102760.0,9999999
58362,0,221,-4.1,2.19,0.0,0.0,6.27,259.22,1.0,9,102760.0,9999999
58362,0,222,-4.2,2.25,0.0,0.0,6.27,253.19,1.0,5,102760.0,9999999
58362,0,223,-3.8,2.33,17.0,5.0,6.27,257.43,1.0,3,102760.0,9999999
58362,0,224,-2.8,2.42,172.0,35.0,6.27,260.72,0.0,0,102760.0,9999999
58362,0,225,-1.7,2.42,308.0,92.0,6.27,255.6,0.0,6,102760.0,9999999
58362,0,226,-0.6,2.31,260.0,260.0,6.27,262.69,0.0,8,102760.0,9999999
58362,0,227,0.6,2.1,533.0,159.0,6.27,262.2,0.0,8,102760.0,9999999
58362,0,228,1.7,1.84,561.0,167.0,6.27,259.97,0.0,6,102760.0,9999999
58362,0,229,2.9,1.6,572.0,115.0,6.27,258.71,0.0,9,102760.0,9999999
58362,0,230,4.1,1.5,419.0,125.0,6.27,264.62,3.0,3,102760.0,9999999
58362,0,231,4.9,1.61,307.0,62.0,6.27,262.2,3.0,2,102760.0,9999999
58362,0,232,4.7,1.84,141.0,28.0,6.27,263.9,3.0,12,102760.0,9999999
58362,0,233,4.2,2.12,0.0,0.0,6.27,262.93,3.0,9,102760.0,9999999
58362,0,234,3.5,2.42,0.0,0.0,6.27,259.22,3.0,1,102760.0,9999999
58362,0,235,2.8,2.67,0.0,0.0,6.27,262.69,3.0,14,102760.0,9999999
58362,0,236,2.2,2.85,0.0,0.0,6.27,260.72,3.0,3,102760.0,9999999
58362,0,237,1.9,2.95,0.0,0.0,6.27,262.2,3.0,1,102760.0,9999999
58362,0,238,1.7,2.97,0.0,0.0,6.27,260.97,3.0,7,102760.0,9999999
58362,0,239,1.6,2.97,0.0,0.0,6.27,259.47,3.0,4,102760.0,9999999
58362,0,240,1.5,2.95,0.0,0.0,6.27,264.14,3.0,3,102720.0,9999999
58362,0,241,1.2,2.9,0.0,0.0,6.27,260.97,3.0,10,102720.0,9999999
58362,0,242,0.6,2.85,0.0,0.0,6.27,261.47,1.0,5,102720.0,9999999
58362,0,243,-0.3,2.79,0.0,0.0,6.27,262.2,1.0,10,102720.0,9999999
58362,0,244,-1.2,2.74,0.0,0.0,6.27,256.39,1.0,9,102720.0,9999999
58362,0,245,-2.0,2.74,0.0,0.0,6.27,258.71,1.0,3,102720.0,9999999
58362,0,246,-2.3,2.76,0.0,0.0,6.27,259.22,1.0,15,102720.0,9999999
58362,0,247,-2.0,2.9,19.0,5.0,6.27,257.43,1.0,1,102720.0,9999999
58362,0,248,-1.1,3.04,96.0,96.0,6.27,261.71,2.0,4,102720.0,9999999
58362,0,249,0.1,3.17,321.0,83.0,6.27,264.38,2.0,6,102720.0,9999999
58362,0,250,1.4,3.12,468.0,80.0,6.27,262.45,2.0,9,102720.0,9999999
58362,0,251,2.9,2.99,564.0,96.0,6.27,263.66,2.0,9,102720.0,9999999
58362,0,252,4.4,2.85,594.0,101.0,6.27,261.96,2.0,5,102720.0,9999999
58362,0,253,5.9,2.74,551.0,94.0,6.27,261.96,2.0,16,102720.0,9999999
58362,0,254,7.4,2.76,437.0,113.0,6.27,266.73,2.0,5,102720.0,9999999
58362,0,255,8.3,2.97,296.0,51.0,6.27,264.38,2.0,11,102720.0,9999999
58362,0,256,8.1,3.19,134.0,35.0,6.27,267.2,2.0,12,102720.0,9999999
58362,0,257,7.4,3.51,0.0,0.0,6.27,265.33,2.0,5,102720.0,9999999
58362,0,258,6.6,3.79,0.0,0.0,6.27,269.7,2.0,6,102720.0,9999999
58362,0,259,5.7,4.06,0.0,0.0,6.27,265.8,2.0,8,102720.0,9999999
58362,0,260,5.0,4.25,0.0,0.0,6.27,262.45,3.0,4,102720.0,9999999
58362,0,261,4.6,4.38,0.0,0.0,6.27,262.2,3.0,7,102720.0,9999999
58362,0,262,4.4,4.48,0.0,0.0,6.27,263.18,3.0,13,102720.0,9999999
58362,0,263,4.5,4.54,0.0,0.0,6.27,263.42,3.0,2,102720.0,9999999
58362,0,264,4.6,4.54,0.0,0.0,6.27,266.73,3.0,10,102780.0,9999999
58362,0,265,4.7,4.54,0.0,0.0,6.27,265.56,3.0,5,102780.0,9999999
58362,0,266,4.8,4.48,0.0,0.0,6.27,264.62,3.0,4,102780.0,9999999
58362,0,267,4.7,4.38,0.0,0.0,6.27,266.73,3.0,9,102780.0,9999999
58362,0,268,4.6,4.28,0.0,0.0,6.27,265.8,3.0,1,102780.0,9999999
58362,0,269,4.5,4.18,0.0,0.0,6.27,268.12,3.0,16,102780.0,9999999
58362,0,270,4.4,4.12,0.0,0.0,6.27,269.48,3.0,2,102780.0,9999999
58362,0,271,5.0,4.28,6.0,6.0,6.27,268.57,3.0,15,102780.0,9999999
58362,0,272,6.3,4.68,47.0,47.0,6.27,263.9,4.0,3,102780.0,9999999
58362,0,273,7.6,5.11,91.0,91.0,6.27,270.6,4.0,15,102780.0,9999999
58362,0,274,8.5,5.46,131.0,131.0,6.27,269.25,4.0,6,102780.0,9999999
58362,0,275,8.9,5.58,158.0,158.0,6.27,268.12,4.0,12,102780.0,9999999
58362,0,276,8.6,5.5,166.0,166.0,6.27,267.89,4.0,9,102780.0,9999999
58362,0,277,8.1,5.34,154.0,154.0,6.27,273.87,4.0,10,102780.0,9999999
58362,0,278,7.4,5.19,124.0,124.0,6.27,267.43,4.0,3,102780.0,9999999
58362,0,279,6.9,5.15,83.0,83.0,6.27,268.12,4.0,1,102780.0,9999999
58362,0,280,6.6,5.19,38.0,38.0,6.27,266.73,4.0,4,102780.0,9999999
58362,0,281,6.3,5.27,0.0,0.0,6.27,268.8,4.0,7,102780.0,9999999
58362,0,282,6.2,5.38,0.0,0.0,6.27,271.92,4.0,6,102780.0,9999999
58362,0,283,6.1,5.46,0.0,0.0,6.27,268.12,4.0,9,102780.0,9999999
58362,0,284,6.0,5.54,0.0,0.0,6.27,271.92,3.0,2,102780.0,9999999
58362,0,285,5.9,5.58,0.0,0.0,6.27,270.37,3.0,14,102780.0,9999999
58362,0,286,5.8,5.58,0.0,0.0,6.27,269.25,3.0,8,102780.0,9999999
58362,0,287,5.9,5.66,0.0,0.0,6.27,268.57,3.0,10,102780.0,9999999
58362,0,288,6.0,5.7,0.0,0.0,6.27,265.56,3.0,3,102280.0,9999999
58362,0,289,6.3,5.78,0.0,0.0,6.27,268.34,3.0,4,102280.0,9999999
58362,0,290,6.5,5.87,0.0,0.0,6.27,271.04,3.0,2,102280.0,9999999
58362,0,291,6.7,5.95,0.0,0.0,6.27,265.09,3.0,1,102280.0,9999999
58362,0,292,6.9,6.04,0.0,0.0,6.27,265.33,3.0,3,102280.0,9999999
58362,0,293,7.1,6.12,0.0,0.0,6.27,266.73,3.0,3,102280.0,9999999
58362,0,294,7.3,6.21,0.0,0.0,6.27,270.15,3.0,7,102280.0,9999999
58362,0,295,7.5,6.3,2.0,2.0,6.27,270.37,3.0,7,102280.0,9999999
58362,0,296,7.7,6.39,13.0,13.0,6.27,270.15,2.0,4,102280.0,9999999
58362,0,297,7.9,6.52,24.0,24.0,6.27,266.5,2.0,9,102280.0,9999999
58362,0,298,8.2,6.66,35.0,35.0,6.27,272.14,2.0,7,102280.0,9999999
58362,0,299,8.4,6.8,42.0,42.0,6.27,273.44,2.0,10,102280.0,9999999
58362,0,300,8.7,6.94,44.0,44.0,6.27,267.43,2.0,7,102280.0,9999999
58362,0,301,8.9,7.09,41.0,41.0,6.27,272.14,2.0,6,102280.0,9999999
58362,0,302,9.0,7.14,33.0,33.0,6.27,271.26,2.0,3,102280.0,9999999
58362,0,303,9.1,7.19,22.0,22.0,6.27,271.7,2.0,2,102280.0,9999999
58362,0,304,9.1,7.14,10.0,10.0,6.27,267.89,2.0,14,102280.0,9999999
58362,0,305,9.1,7.14,0.0,0.0,6.27,273.23,2.0,12,102280.0,9999999
58362,0,306,9.0,7.04,0.0,0.0,6.27,269.03,2.0,3,102280.0,9999999
58362,0,307,8.7,6.9,0.0,0.0,6.27,271.92,2.0,8,102280.0,9999999
58362,0,308,8.6,6.8,0.0,0.0,6.27,273.66,2.0,16,102280.0,9999999
58362,0,309,8.8,6.9,0.0,0.0,6.27,270.82,2.0,16,102280.0,9999999
58362,0,310,8.8,6.9,0.0,0.0,6.27,269.7,2.0,16,102280.0,9999999
58362,0,311,8.4,6.71,0.0,0.0,6.27,273.44,2.0,5,102280.0,9999999
58362,0,312,7.7,6.43,0.0,0.0,6.27,270.82,2.0,5,102100.0,9999999
58362,0,313,7.1,6.12,0.0,0.0,6.27,266.73,2.0,8,102100.0,9999999
58362,0,314,6.8,5.99,0.0,0.0,6.27,269.7,6.0,14,102100.0,9999999
58362,0,315,6.7,5.95,0.0,0.0,6.27,272.8,6.0,6,102100.0,9999999
58362,0,316,6.5,5.78,0.0,0.0,6.27,269.25,6.0,5,102100.0,9999999
58362,0,317,6.2,5.62,0.0,0.0,6.27,268.34,6.0,4,102100.0,9999999
58362,0,318,5.9,5.46,0.0,0.0,6.27,271.7,6.0,9,102100.0,9999999
58362,0,319,5.7,5.3,3.0,3.0,6.27,268.12,6.0,12,102100.0,9999999
58362,0,320,5.5,5.19,25.0,25.0,6.27,263.42,4.0,14,102100.0,9999999
58362,0,321,5.5,5.11,49.0,49.0,6.27,271.04,4.0,2,102100.0,9999999
58362,0,322,5.5,5.11,71.0,71.0,6.27,269.7,4.0,16,102100.0,9999999
58362,0,323,5.7,5.11,85.0,85.0,6.27,266.96,4.0,8,102100.0,9999999
58362,0,324,5.8,5.15,89.0,89.0,6.27,269.03,4.0,4,102100.0,9999999
58362,0,325,5.9,5.19,83.0,83.0,6.27,269.03,4.0,7,102100.0,9999999
58362,0,326,6.0,5.19,67.0,67.0,6.27,263.9,5.0,15,102100.0,9999999
58362,0,327,5.7,5.04,45.0,45.0,6.27,264.85,5.0,7,102100.0,9999999
58362,0,328,4.9,4.79,21.0,21.0,6.27,267.89,5.0,12,102100.0,9999999
58362,0,329,4.3,4.61,0.0,0.0,6.27,263.18,5.0,7,102100.0,9999999
58362,0,330,4.2,4.58,0.0,0.0,6.27,265.56,5.0,5,102100.0,9999999
58362,0,331,4.3,4.65,0.0,0.0,6.27,266.5,5.0,6,102100.0,9999999
58362,0,332,4.5,4.72,0.0,0.0,6.27,263.42,3.0,2,102100.0,9999999
58362,0,333,4.5,4.72,0.0,0.0,6.27,265.56,3.0,3,102100.0,9999999
58362,0,334,4.5,4.72,0.0,0.0,6.27,267.43,3.0,4,102100.0,9999999
58362,0,335,4.4,4.68,0.0,0.0,6.27,263.42,3.0,12,102100.0,9999999
58362,0,336,4.4,4.68,0.0,0.0,6.27,263.42,3.0,10,102240.0,9999999
58362,0,337,4.4,4.68,0.0,0.0,6.27,267.43,3.0,10,102240.0,9999999
58362,0,338,4.4,4.68,0.0,0.0,6.27,265.33,2.0,1,102240.0,9999999
58362,0,339,4.4,4.68,0.0,0.0,6.27,267.2,2.0,11,102240.0,9999999
58362,0,340,4.3,4.65,0.0,0.0,6.27,266.5,2.0,11,102240.0,9999999
58362,0,341,4.2,4.65,0.0,0.0,6.27,265.8,2.0,1,102240.0,9999999
58362,0,342,4.1,4.65,0.0,0.0,6.27,265.56,2.0,10,102240.0,9999999
58362,0,343,4.0,4.65,1.0,1.0,6.27,264.38,2.0,15,102240.0,9999999
58362,0,344,3.8,4.61,7.0,7.0,6.27,261.47,4.0,1,102240.0,9999999
58362,0,345,3.6,4.61,14.0,14.0,6.27,266.5,4.0,16,102240.0,9999999
58362,0,346,3.4,4.58,20.0,20.0,6.27,264.38,4.0,4,102240.0,9999999
58362,0,347,3.1,4.54,24.0,24.0,6.27,268.57,4.0,12,102240.0,9999999
58362,0,348,2.9,4.48,25.0,25.0,6.27,260.47,4.0,16,102240.0,9999999
58362,0,349,2.7,4.41,23.0,23.0,6.27,266.5,4.0,2,102240.0,9999999
58362,0,350,2.5,4.28,19.0,19.0,6.27,263.9,6.0,16,102240.0,9999999
58362,0,351,2.3,4.15,13.0,13.0,6.27,260.97,6.0,9,102240.0,9999999
58362,0,352,2.2,4.0,6.0,6.0,6.27,261.71,6.0,4,102240.0,9999999
58362,0,353,2.1,3.82,0.0,0.0,6.27,259.47,6.0,8,102240.0,9999999
58362,0,354,2.0,3.65,0.0,0.0,6.27,262.45,6.0,11,102240.0,9999999
58362,0,355,1.9,3.48,0.0,0.0,6.27,263.9,6.0,6,102240.0,9999999
58362,0,356,1.7,3.35,0.0,0.0,6.27,262.45,4.0,15,102240.0,9999999
58362,0,357,1.5,3.27,0.0,0.0,6.27,261.47,4.0,16,102240.0,9999999
58362,0,358,1.2,3.19,0.0,0.0,6.27,263.18,4.0,7,102240.0,9999999
58362,0,359,0.9,3.14,0.0,0.0,6.27,258.96,4.0,2,102240.0,9999999
58362,0,360,0.7,3.12,0.0,0.0,6.27,261.71,4.0,13,102750.0,9999999
58362,0,361,0.4,3.09,0.0,0.0,6.27,260.97,4.0,13,102750.0,9999999
58362,0,362,0.2,3.07,0.0,0.0,6.27,261.96,3.0,14,102750.0,9999999
58362,0,363,0.1,3.07,0.0,0.0,6.27,262.93,3.0,16,102750.0,9999999
58362,0,364,0.0,3.02,0.0,0.0,6.27,259.97,3.0,5,102750.0,9999999
58362,0,365,-0.1,2.99,0.0,0.0,6.27,259.72,3.0,15,102750.0,9999999
58362,0,366,-0.1,2.97,0.0,0.0,6.27,260.72,3.0,4,102750.0,9999999
58362,0,367,0.5,3.09,21.0,10.0,6.27,259.97,3.0,1,102750.0,9999999
58362,0,368,1.6,3.27,79.0,79.0,6.27,261.22,5.0,15,102750.0,9999999
58362,0,369,2.4,3.32,153.0,153.0,6.27,261.96,5.0,3,102750.0,9999999
58362,0,370,2.8,3.29,398.0,188.0,6.27,264.62,5.0,9,102750.0,9999999
58362,0,371,3.1,3.22,478.0,226.0,6.27,261.96,5.0,11,102750.0,9999999
58362,0,372,3.3,3.14,503.0,238.0,6.27,266.03,5.0,6,102750.0,9999999
58362,0,373,3.7,3.09,467.0,221.0,6.27,265.33,5.0,9,102750.0,9999999
58362,0,374,4.4,3.17,378.0,179.0,6.27,264.85,3.0,15,102750.0,9999999
58362,0,375,5.1,3.24,139.0,139.0,6.27,261.71,3.0,10,102750.0,9999999
58362,0,376,4.9,3.19,120.0,57.0,6.27,265.33,3.0,15,102750.0,9999999
58362,0,377,4.4,3.12,0.0,0.0,6.27,266.03,3.0,5,102750.0,9999999
58362,0,378,3.7,3.04,0.0,0.0,6.27,263.9,3.0,5,102750.0,9999999
58362,0,379,3.0,2.95,0.0,0.0,6.27,261.47,3.0,7,102750.0,9999999
58362,0,380,2.3,2.88,0.0,0.0,6.27,259.97,4.0,3,102750.0,9999999
58362,0,381,1.8,2.83,0.0,0.0,6.27,263.18,4.0,5,102750.0,9999999
58362,0,382,1.6,2.85,0.0,0.0,6.27,264.14,4.0,16,102750.0,9999999
58362,0,383,1.7,2.95,0.0,0.0,6.27,260.97,4.0,3,102750.0,9999999
58362,0,384,2.0,3.04,0.0,0.0,6.27,262.2,4.0,8,102380.0,9999999
58362,0,385,2.3,3.19,0.0,0.0,6.27,263.42,4.0,10,102380.0,9999999
58362,0,386,2.6,3.32,0.0,0.0,6.27,259.47,1.0,3,102380.0,9999999
58362,0,387,2.8,3.43,0.0,0.0,6.27,261.71,1.0,10,102380.0,9999999
58362,0,388,2.9,3.53,0.0,0.0,6.27,262.69,1.0,10,102380.0,9999999
58362,0,389,2.9,3.62,0.0,0.0,6.27,265.09,1.0,10,102380.0,9999999
58362,0,390,2.9,3.7,0.0,0.0,6.27,259.97,1.0,2,102380.0,9999999
58362,0,391,2.9,3.79,1.0,1.0,6.27,262.2,1.0,10,102380.0,9999999
58362,0,392,2.9,3.88,6.0,6.0,6.27,264.62,5.0,3,102380.0,9999999
58362,0,393,2.9,4.0,12.0,12.0,6.27,262.93,5.0,8,102380.0,9999999
58362,0,394,3.0,4.12,17.0,17.0,6.27,264.85,5.0,2,102380.0,9999999
58362,0,395,3.0,4.25,21.0,21.0,6.27,262.69,5.0,8,102380.0,9999999
58362,0,396,3.1,4.38,22.0,22.0,6.27,263.42,5.0,3,102380.0,9999999
58362,0,397,3.2,4.48,20.0,20.0,6.27,266.96,5.0,1,102380.0,9999999
58362,0,398,3.3,4.54,16.0,16.0,6.27,263.9,6.0,4,102380.0,9999999
58362,0,399,3.4,4.61,11.0,11.0,6.27,263.18,6.0,12,102380.0,9999999
58362,0,400,3.5,4.61,5.0,5.0,6.27,266.5,6.0,8,102380.0,9999999
58362,0,401,3.6,4.61,0.0,0.0,6.27,264.14,6.0,15,102380.0,9999999
58362,0,402,3.6,4.61,0.0,0.0,6.27,265.8,6.0,5,102380.0,9999999
58362,0,403,3.4,4.48,0.0,0.0,6.27,264.38,6.0,5,102380.0,9999999
58362,0,404,2.9,4.31,0.0,0.0,6.27,268.12,7.0,3,102380.0,9999999
58362,0,405,2.5,4.18,0.0,0.0,6.27,267.66,7.0,6,102380.0,9999999
58362,0,406,2.1,4.09,0.0,0.0,6.27,260.72,7.0,11,102380.0,9999999
58362,0,407,1.8,4.03,0.0,0.0,6.27,262.93,7.0,9,102380.0,9999999
58362,0,408,1.6,4.0,0.0,0.0,6.27,261.71,7.0,7,102700.0,9999999
58362,0,409,1.4,4.0,0.0,0.0,6.27,262.2,7.0,4,102700.0,9999999
58362,0,410,1.3,3.97,0.0,0.0,6.27,264.85,5.0,1,102700.0,9999999
58362,0,411,1.2,3.94,0.0,0.0,6.27,258.45,5.0,14,102700.0,9999999
58362,0,412,1.1,3.91,0.0,0.0,6.27,258.45,5.0,4,102700.0,9999999
58362,0,413,1.0,3.88,0.0,0.0,6.27,261.71,5.0,7,102700.0,9999999
58362,0,414,1.0,3.85,0.0,0.0,6.27,265.8,5.0,5,102700.0,9999999
58362,0,415,1.4,3.91,4.0,4.0,6.27,263.9,5.0,16,102700.0,9999999
58362,0,416,2.2,4.09,24.0,24.0,6.27,263.9,4.0,1,102700.0,9999999
58362,0,417,2.8,4.22,46.0,46.0,6.27,261.47,4.0,3,102700.0,9999999
58362,0,418,3.1,4.22,66.0,66.0,6.27,264.38,4.0,5,102700.0,9999999
58362,0,419,3.2,4.15,79.0,79.0,6.27,265.09,4.0,14,102700.0,9999999
58362,0,420,3.2,4.06,83.0,83.0,6.27,265.09,4.0,4,102700.0,9999999
58362,0,421,3.2,4.0,77.0,77.0,6.27,260.47,4.0,11,102700.0,9999999
58362,0,422,3.3,3.97,62.0,62.0,6.27,262.69,5.0,16,102700.0,9999999
58362,0,423,3.4,3.97,42.0,42.0,6.27,266.96,5.0,4,102700.0,9999999
58362,0,424,3.3,3.94,20.0,20.0,6.27,264.38,5.0,5,102700.0,9999999
58362,0,425,3.1,3.88,0.0,0.0,6.27,264.62,5.0,5,102700.0,9999999
58362,0,426,2.8,3.82,0.0,0.0,6.27,266.27,5.0,12,102700.0,9999999
58362,0,427,2.5,3.79,0.0,0.0,6.27,265.8,5.0,10,102700.0,9999999
58362,0,428,2.2,3.73,0.0,0.0,6.27,260.72,4.0,1,102700.0,9999999
58362,0,429,2.0,3.7,0.0,0.0,6.27,265.33,4.0,10,102700.0,9999999
58362,0,430,2.0,3.7,0.0,0.0,6.27,265.33,4.0,10,102700.0,9999999
58362,0,431,2.0,3.7,0.0,0.0,6.27,266.73,4.0,4,102700.0,9999999
58362,0,432,2.0,3.7,0.0,0.0,6.27,263.42,4.0,12,102480.0,9999999
58362,0,433,2.0,3.7,0.0,0.0,6.27,264.38,4.0,16,102480.0,9999999
58362,0,434,2.0,3.67,0.0,0.0,6.27,261.22,4.0,1,102480.0,9999999
58362,0,435,1.9,3.65,0.0,0.0,6.27,265.09,4.0,15,102480.0,9999999
58362,0,436,1.8,3.59,0.0,0.0,6.27,263.18,4.0,13,102480.0,9999999
58362,0,437,1.7,3.53,0.0,0.0,6.27,262.45,4.0,11,102480.0,9999999
58362,0,438,1.6,3.51,0.0,0.0,6.27,259.72,4.0,1,102480.0,9999999
58362,0,439,1.6,3.48,6.0,6.0,6.27,261.96,4.0,2,102480.0,9999999
58362,0,440,1.8,3.48,39.0,39.0,6.27,263.9,4.0,1,102480.0,9999999
58362,0,441,2.1,3.51,75.0,75.0,6.27,262.93,4.0,14,102480.0,9999999
58362,0,442,2.5,3.53,106.0,106.0,6.27,265.56,4.0,2,102480.0,9999999
58362,0,443,2.9,3.56,128.0,128.0,6.27,261.22,4.0,5,102480.0,9999999
58362,0,444,3.1,3.56,134.0,134.0,6.27,263.9,4.0,5,102480.0,9999999
58362,0,445,3.0,3.51,125.0,125.0,6.27,261.96,4.0,1,102480.0,9999999
58362,0,446,2.6,3.4,101.0,101.0,6.27,260.72,5.0,16,102480.0,9999999
58362,0,447,2.0,3.27,68.0,68.0,6.27,264.85,5.0,13,102480.0,9999999
58362,0,448,1.4,3.17,33.0,33.0,6.27,263.18,5.0,14,102480.0,9999999
58362,0,449,0.9,3.07,1.0,1.0,6.27,260.72,5.0,10,102480.0,9999999
58362,0,450,0.5,3.02,0.0,0.0,6.27,258.45,5.0,12,102480.0,9999999
58362,0,451,0.5,3.02,0.0,0.0,6.27,259.22,5.0,3,102480.0,9999999
58362,0,452,0.8,3.09,0.0,0.0,6.27,260.22,4.0,14,102480.0,9999999
58362,0,453,1.0,3.12,0.0,0.0,6.27,265.33,4.0,12,102480.0,9999999
58362,0,454,1.1,3.09,0.0,0.0,6.27,261.47,4.0,4,102480.0,9999999
58362,0,455,1.0,3.07,0.0,0.0,6.27,265.09,4.0,14,102480.0,9999999
58362,0,456,0.7,2.99,0.0,0.0,6.27,263.42,4.0,10,102420.0,9999999
58362,0,457,0.3,2.95,0.0,0.0,6.27,256.91,4.0,13,102420.0,9999999
58362,0,458,-0.3,2.85,0.0,0.0,6.27,258.2,3.0,14,102420.0,9999999
58362,0,459,-1.0,2.81,0.0,0.0,6.27,259.72,3.0,15,102420.0,9999999
58362,0,460,-1.7,2.79,0.0,0.0,6.27,256.12,3.0,3,102420.0,9999999
58362,0,461,-2.2,2.79,0.0,0.0,6.27,260.47,3.0,10,102420.0,9999999
58362,0,462,-2.4,2.81,0.0,0.0,6.27,257.43,3.0,7,102420.0,9999999
58362,0,463,-2.2,2.9,29.0,9.0,6.27,255.6,3.0,7,102420.0,9999999
58362,0,464,-1.7,2.97,239.0,48.0,6.27,262.45,0.0,0,102420.0,9999999
58362,0,465,-1.0,2.99,454.0,92.0,6.27,258.45,0.0,10,102420.0,9999999
58362,0,466,0.0,2.99,481.0,144.0,6.27,258.71,0.0,11,102420.0,9999999
58362,0,467,1.0,2.92,576.0,172.0,6.27,262.69,0.0,10,102420.0,9999999
58362,0,468,2.0,2.83,356.0,356.0,6.27,262.2,0.0,10,102420.0,9999999
58362,0,469,3.1,2.74,331.0,331.0,6.27,266.96,0.0,3,102420.0,9999999
58362,0,470,4.1,2.72,457.0,137.0,6.27,260.22,2.0,2,102420.0,9999999
58362,0,471,4.7,2.74,414.0,84.0,6.27,262.93,2.0,1,102420.0,9999999
58362,0,472,4.6,2.79,148.0,44.0,6.27,266.96,2.0,11,102420.0,9999999
58362,0,473,4.4,2.9,7.0,1.0,6.27,264.38,2.0,10,102420.0,9999999
58362,0,474,4.1,3.02,0.0,0.0,6.27,263.18,2.0,5,102420.0,9999999
58362,0,475,3.7,3.17,0.0,0.0,6.27,262.45,2.0,12,102420.0,9999999
58362,0,476,3.3,3.29,0.0,0.0,6.27,265.09,3.0,4,102420.0,9999999
58362,0,477,3.0,3.37,0.0,0.0,6.27,263.66,3.0,5,102420.0,9999999
58362,0,478,2.7,3.45,0.0,0.0,6.27,265.8,3.0,11,102420.0,9999999
58362,0,479,2.6,3.53,0.0,0.0,6.27,265.8,3.0,1,102420.0,9999999
58362,0,480,2.8,3.67,0.0,0.0,6.27,266.03,3.0,14,102250.0,9999999
58362,0,481,3.3,3.88,0.0,0.0,6.27,263.9,3.0,8,102250.0,9999999
58362,0,482,3.8,4.09,0.0,0.0,6.27,267.43,3.0,3,102250.0,9999999
58362,0,483,4.0,4.25,0.0,0.0,6.27,269.03,3.0,3,102250.0,9999999
58362,0,484,4.0,4.31,0.0,0.0,6.27,266.73,3.0,16,102250.0,9999999
58362,0,485,3.9,4.35,0.0,0.0,6.27,264.85,3.0,11,102250.0,9999999
58362,0,486,3.7,4.35,0.0,0.0,6.27,266.5,3.0,16,102250.0,9999999
58362,0,487,3.6,4.38,4.0,4.0,6.27,261.22,3.0,5,102250.0,9999999
58362,0,488,3.5,4.41,21.0,21.0,6.27,263.9,1.0,15,102250.0,9999999
58362,0,489,3.6,4.54,39.0,39.0,6.27,264.62,1.0,13,102250.0,9999999
58362,0,490,3.9,4.68,55.0,55.0,6.27,261.71,1.0,6,102250.0,9999999
58362,0,491,4.2,4.86,66.0,66.0,6.27,264.85,1.0,14,102250.0,9999999
58362,0,492,4.6,5.08,70.0,70.0,6.27,262.69,1.0,3,102250.0,9999999
58362,0,493,5.1,5.3,65.0,65.0,6.27,266.96,1.0,2,102250.0,9999999
58362,0,494,5.5,5.46,53.0,53.0,6.27,266.96,2.0,4,102250.0,9999999
58362,0,495,5.8,5.62,36.0,36.0,6.27,265.33,2.0,2,102250.0,9999999
58362,0,496,6.0,5.62,17.0,17.0,6.27,267.66,2.0,1,102250.0,9999999
58362,0,497,6.0,5.58,1.0,1.0,6.27,268.12,2.0,1,102250.0,9999999
58362,0,498,5.9,5.5,0.0,0.0,6.27,269.25,2.0,11,102250.0,9999999
58362,0,499,5.9,5.46,0.0,0.0,6.27,265.33,2.0,3,102250.0,9999999
58362,0,500,5.9,5.46,0.0,0.0,6.27,269.25,2.0,4,102250.0,9999999
58362,0,501,6.0,5.5,0.0,0.0,6.27,267.89,2.0,8,102250.0,9999999
58362,0,502,6.0,5.54,0.0,0.0,6.27,266.96,2.0,14,102250.0,9999999
58362,0,503,5.9,5.54,0.0,0.0,6.27,268.57,2.0,7,102250.0,9999999
58362,0,504,5.8,5.54,0.0,0.0,6.27,267.43,2.0,3,102130.0,9999999
58362,0,505,5.8,5.54,0.0,0.0,6.27,268.34,2.0,14,102130.0,9999999
58362,0,506,5.7,5.54,0.0,0.0,6.27,265.09,2.0,2,102130.0,9999999
58362,0,507,5.7,5.54,0.0,0.0,6.27,271.48,2.0,11,102130.0,9999999
58362,0,508,5.6,5.5,0.0,0.0,6.27,268.12,2.0,5,102130.0,9999999
58362,0,509,5.5,5.42,0.0,0.0,6.27,267.43,2.0,15,102130.0,9999999
58362,0,510,5.4,5.34,0.0,0.0,6.27,266.27,2.0,9,102130.0,9999999
58362,0,511,5.3,5.3,3.0,3.0,6.27,269.7,2.0,8,102130.0,9999999
58362,0,512,5.3,5.27,17.0,17.0,6.27,267.2,3.0,2,102130.0,9999999
58362,0,513,5.2,5.23,32.0,32.0,6.27,268.34,3.0,10,102130.0,9999999
58362,0,514,5.2,5.23,46.0,46.0,6.27,268.34,3.0,14,102130.0,9999999
58362,0,515,5.2,5.27,55.0,55.0,6.27,268.34,3.0,2,102130.0,9999999
58362,0,516,5.3,5.3,58.0,58.0,6.27,271.04,3.0,8,102130.0,9999999
58362,0,517,5.5,5.34,54.0,54.0,6.27,264.85,3.0,3,102130.0,9999999
58362,0,518,5.6,5.38,44.0,44.0,6.27,267.43,3.0,2,102130.0,9999999
58362,0,519,5.7,5.38,30.0,30.0,6.27,271.48,3.0,8,102130.0,9999999
58362,0,520,5.7,5.34,14.0,14.0,6.27,266.03,3.0,2,102130.0,9999999
58362,0,521,5.7,5.3,1.0,1.0,6.27,267.2,3.0,8,102130.0,9999999
58362,0,522,5.7,5.19,0.0,0.0,6.27,271.48,3.0,16,102130.0,9999999
58362,0,523,5.6,5.11,0.0,0.0,6.27,266.96,3.0,14,102130.0,9999999
58362,0,524,5.5,5.0,0.0,0.0,6.27,266.27,3.0,16,102130.0,9999999
58362,0,525,5.4,4.89,0.0,0.0,6.27,270.82,3.0,10,102130.0,9999999
58362,0,526,5.2,4.79,0.0,0.0,6.27,264.14,3.0,7,102130.0,9999999
58362,0,527,5.0,4.68,0.0,0.0,6.27,266.5,3.0,7,102130.0,9999999
58362,0,528,4.8,4.61,0.0,0.0,6.27,262.45,3.0,9,102450.0,9999999
58362,0,529,4.5,4.51,0.0,0.0,6.27,266.03,3.0,5,102450.0,9999999
58362,0,530,4.2,4.44,0.0,0.0,6.27,263.9,3.0,1,102450.0,9999999
58362,0,531,3.9,4.38,0.0,0.0,6.27,263.66,3.0,7,102450.0,9999999
58362,0,532,3.6,4.31,0.0,0.0,6.27,268.8,3.0,13,102450.0,9999999
58362,0,533,3.3,4.28,0.0,0.0,6.27,262.93,3.0,5,102450.0,9999999
58362,0,534,3.2,4.28,0.0,0.0,6.27,264.14,3.0,2,102450.0,9999999
58362,0,535,3.3,4.31,6.0,6.0,6.27,260.72,3.0,10,102450.0,9999999
58362,0,536,3.6,4.41,35.0,35.0,6.27,264.38,2.0,13,102450.0,9999999
58362,0,537,4.2,4.51,66.0,66.0,6.27,269.48,2.0,2,102450.0,9999999
58362,0,538,4.8,4.65,93.0,93.0,6.27,262.45,2.0,15,102450.0,9999999
58362,0,539,5.4,4.75,112.0,112.0,6.27,266.03,2.0,10,102450.0,9999999
58362,0,540,5.7,4.75,117.0,117.0,6.27,267.89,2.0,15,102450.0,9999999
58362,0,541,5.6,4.65,109.0,109.0,6.27,269.48,2.0,16,102450.0,9999999
58362,0,542,5.0,4.41,89.0,89.0,6.27,266.27,4.0,15,102450.0,9999999
58362,0,543,4.3,4.25,60.0,60.0,6.27,262.93,4.0,5,102450.0,9999999
58362,0,544,3.8,4.15,29.0,29.0,6.27,268.8,4.0,2,102450.0,9999999
58362,0,545,3.3,4.15,2.0,2.0,6.27,261.96,4.0,3,102450.0,9999999
58362,0,546,3.1,4.18,0.0,0.0,6.27,262.69,4.0,12,102450.0,9999999
58362,0,547,3.0,4.28,0.0,0.0,6.27,262.69,4.0,12,102450.0,9999999
58362,0,548,3.1,4.38,0.0,0.0,6.27,261.96,1.0,13,102450.0,9999999
58362,0,549,3.2,4.48,0.0,0.0,6.27,264.62,1.0,2,102450.0,9999999
58362,0,550,3.2,4.54,0.0,0.0,6.27,267.2,1.0,2,102450.0,9999999
58362,0,551,3.2,4.51,0.0,0.0,6.27,268.57,1.0,4,102450.0,9999999
58362,0,552,3.0,4.48,0.0,0.0,6.27,261.96,1.0,12,102600.0,9999999
58362,0,553,2.6,4.35,0.0,0.0,6.27,262.93,1.0,14,102600.0,9999999
58362,0,554,2.1,4.22,0.0,0.0,6.27,264.85,2.0,13,102600.0,9999999
58362,0,555,1.4,4.03,0.0,0.0,6.27,258.96,2.0,8,102600.0,9999999
58362,0,556,0.7,3.85,0.0,0.0,6.27,257.94,2.0,2,102600.0,9999999
58362,0,557,0.1,3.73,0.0,0.0,6.27,260.72,2.0,4,102600.0,9999999
58362,0,558,-0.1,3.62,0.0,0.0,6.27,264.62,2.0,2,102600.0,9999999
58362,0,559,0.7,3.85,32.0,18.0,6.27,259.22,2.0,9,102600.0,9999999
58362,0,560,2.2,4.25,74.0,74.0,6.27,261.96,3.0,1,102600.0,9999999
58362,0,561,3.4,4.48,311.0,179.0,6.27,267.2,3.0,3,102600.0,9999999
58362,0,562,4.3,4.58,439.0,253.0,6.27,265.33,3.0,7,102600.0,9999999
58362,0,563,4.9,4.51,232.0,232.0,6.27,263.66,3.0,8,102600.0,9999999
58362,0,564,5.3,4.41,244.0,244.0,6.27,268.12,3.0,12,102600.0,9999999
58362,0,565,5.7,4.31,227.0,227.0,6.27,267.66,3.0,13,102600.0,9999999
58362,0,566,6.2,4.28,418.0,241.0,6.27,264.85,3.0,3,102600.0,9999999
58362,0,567,6.6,4.31,285.0,164.0,6.27,270.15,3.0,10,102600.0,9999999
58362,0,568,6.5,4.25,140.0,81.0,6.27,271.48,3.0,16,102600.0,9999999
58362,0,569,6.2,4.18,10.0,5.0,6.27,271.26,3.0,4,102600.0,9999999
58362,0,570,5.8,4.15,0.0,0.0,6.27,269.25,3.0,9,102600.0,9999999
58362,0,571,5.3,4.12,0.0,0.0,6.27,270.37,3.0,1,102600.0,9999999
58362,0,572,4.9,4.09,0.0,0.0,6.27,265.56,3.0,3,102600.0,9999999
58362,0,573,4.6,4.12,0.0,0.0,6.27,265.8,3.0,9,102600.0,9999999
58362,0,574,4.3,4.12,0.0,0.0,6.27,266.03,3.0,6,102600.0,9999999
58362,0,575,4.1,4.15,0.0,0.0,6.27,265.33,3.0,9,102600.0,9999999
58362,0,576,3.8,4.18,0.0,0.0,6.27,262.45,3.0,10,102560.0,9999999
58362,0,577,3.5,4.18,0.0,0.0,6.27,264.62,3.0,13,102560.0,9999999
58362,0,578,3.0,4.15,0.0,0.0,6.27,264.85,4.0,3,102560.0,9999999
58362,0,579,2.4,4.09,0.0,0.0,6.27,264.14,4.0,9,102560.0,9999999
58362,0,580,1.7,4.03,0.0,0.0,6.27,263.42,4.0,8,102560.0,9999999
58362,0,581,1.2,3.97,0.0,0.0,6.27,261.96,4.0,5,102560.0,9999999
58362,0,582,1.0,3.97,0.0,0.0,6.27,259.72,4.0,1,102560.0,9999999
58362,0,583,1.2,4.03,24.0,16.0,6.27,264.85,4.0,12,102560.0,9999999
58362,0,584,1.6,4.06,59.0,59.0,6.27,262.2,5.0,2,102560.0,9999999
58362,0,585,2.1,4.0,109.0,109.0,6.27,261.47,5.0,11,102560.0,9999999
58362,0,586,2.6,3.88,317.0,211.0,6.27,264.85,5.0,2,102560.0,9999999
58362,0,587,3.1,3.7,184.0,184.0,6.27,267.89,5.0,16,102560.0,9999999
58362,0,588,3.7,3.53,399.0,265.0,6.27,268.12,5.0,5,102560.0,9999999
58362,0,589,4.3,3.37,371.0,247.0,6.27,263.18,5.0,5,102560.0,9999999
58362,0,590,5.0,3.29,302.0,201.0,6.27,266.73,5.0,2,102560.0,9999999
58362,0,591,5.5,3.22,100.0,100.0,6.27,266.5,5.0,7,102560.0,9999999
58362,0,592,5.3,3.12,102.0,68.0,6.27,269.48,5.0,4,102560.0,9999999
58362,0,593,4.8,2.99,8.0,5.0,6.27,266.27,5.0,13,102560.0,9999999
58362,0,594,4.2,2.9,0.0,0.0,6.27,265.56,5.0,7,102560.0,9999999
58362,0,595,3.6,2.81,0.0,0.0,6.27,263.18,5.0,12,102560.0,9999999
58362,0,596,3.0,2.74,0.0,0.0,6.27,261.96,4.0,16,102560.0,9999999
58362,0,597,2.6,2.67,0.0,0.0,6.27,264.85,4.0,10,102560.0,9999999
58362,0,598,2.4,2.65,0.0,0.0,6.27,263.66,4.0,4,102560.0,9999999
58362,0,599,2.3,2.61,0.0,0.0,6.27,263.42,4.0,11,102560.0,9999999
58362,0,600,2.2,2.61,0.0,0.0,6.27,260.47,4.0,16,102850.0,9999999
58362,0,601,2.2,2.63,0.0,0.0,6.27,260.97,4.0,16,102850.0,9999999
58362,0,602,2.0,2.63,0.0,0.0,6.27,261.96,4.0,16,102850.0,9999999
58362,0,603,1.7,2.67,0.0,0.0,6.27,261.71,4.0,16,102850.0,9999999
58362,0,604,1.5,2.72,0.0,0.0,6.27,261.47,4.0,16,102850.0,9999999
58362,0,605,1.2,2.76,0.0,0.0,6.27,257.43,4.0,7,102850.0,9999999
58362,0,606,1.1,2.83,0.0,0.0,6.27,265.09,4.0,10,102850.0,9999999
58362,0,607,1.4,2.92,52.0,24.0,6.27,257.94,4.0,16,102850.0,9999999
58362,0,608,1.9,3.04,100.0,100.0,6.27,260.47,5.0,1,102850.0,9999999
58362,0,609,2.4,3.09,480.0,217.0,6.27,266.5,5.0,12,102850.0,9999999
58362,0,610,2.9,3.07,676.0,306.0,6.27,262.69,5.0,2,102850.0,9999999
58362,0,611,3.4,3.02,311.0,311.0,6.27,262.69,5.0,9,102850.0,9999999
58362,0,612,3.9,2.95,326.0,326.0,6.27,263.42,5.0,13,102850.0,9999999
58362,0,613,4.3,2.9,304.0,304.0,6.27,263.42,5.0,14,102850.0,9999999
58362,0,614,4.9,2.9,248.0,248.0,6.27,261.22,2.0,16,102850.0,9999999
58362,0,615,5.3,2.95,440.0,199.0,6.27,264.38,2.0,1,102850.0,9999999
58362,0,616,5.1,2.92,84.0,84.0,6.27,261.47,2.0,1,102850.0,9999999
58362,0,617,4.6,2.9,7.0,7.0,6.27,263.66,2.0,9,102850.0,9999999
58362,0,618,4.0,2.85,0.0,0.0,6.27,262.45,2.0,11,102850.0,9999999
58362,0,619,3.4,2.83,0.0,0.0,6.27,259.72,2.0,7,102850.0,9999999
58362,0,620,2.9,2.81,0.0,0.0,6.27,260.47,1.0,3,102850.0,9999999
58362,0,621,2.6,2.81,0.0,0.0,6.27,265.09,1.0,10,102850.0,9999999
58362,0,622,2.6,2.85,0.0,0.0,6.27,260.22,1.0,9,102850.0,9999999
58362,0,623,2.6,2.9,0.0,0.0,6.27,266.5,1.0,7,102850.0,9999999
58362,0,624,2.7,2.97,0.0,0.0,6.27,261.96,1.0,2,102760.0,9999999
58362,0,625,2.7,3.04,0.0,0.0,6.27,261.96,1.0,8,102760.0,9999999
58362,0,626,2.6,3.09,0.0,0.0,6.27,264.38,2.0,2,102760.0,9999999
58362,0,627,2.3,3.14,0.0,0.0,6.27,262.2,2.0,3,102760.0,9999999
58362,0,628,2.0,3.19,0.0,0.0,6.27,262.93,2.0,4,102760.0,9999999
58362,0,629,1.6,3.19,0.0,0.0,6.27,264.62,2.0,1,102760.0,9999999
58362,0,630,1.5,3.19,0.0,0.0,6.27,261.47,2.0,8,102760.0,9999999
58362,0,631,1.7,3.19,39.0,11.0,6.27,259.72,2.0,2,102760.0,9999999
58362,0,632,2.2,3.14,110.0,110.0,6.27,266.5,1.0,2,102760.0,9999999
58362,0,633,2.8,2.97,345.0,100.0,6.27,264.38,1.0,7,102760.0,9999999
58362,0,634,3.3,2.67,493.0,96.0,6.27,262.69,1.0,5,102760.0,9999999
58362,0,635,4.0,2.35,588.0,115.0,6.27,262.45,1.0,4,102760.0,9999999
58362,0,636,4.7,2.02,618.0,120.0,6.27,266.03,1.0,3,102760.0,9999999
58362,0,637,5.5,1.79,575.0,112.0,6.27,265.33,1.0,12,102760.0,9999999
58362,0,638,6.3,1.74,461.0,133.0,6.27,264.38,2.0,16,102760.0,9999999
58362,0,639,6.9,1.97,321.0,63.0,6.27,264.14,2.0,11,102760.0,9999999
58362,0,640,6.6,2.29,160.0,31.0,6.27,267.2,2.0,12,102760.0,9999999
58362,0,641,5.9,2.63,15.0,4.0,6.27,265.56,2.0,16,102760.0,9999999
58362,0,642,5.0,2.95,0.0,0.0,6.27,265.09,2.0,12,102760.0,9999999
58362,0,643,4.1,3.17,0.0,0.0,6.27,264.38,2.0,5,102760.0,9999999
58362,0,644,3.4,3.32,0.0,0.0,6.27,266.27,2.0,7,102760.0,9999999
58362,0,645,3.0,3.37,0.0,0.0,6.27,259.97,2.0,6,102760.0,9999999
58362,0,646,2.9,3.37,0.0,0.0,6.27,262.45,2.0,10,102760.0,9999999
58362,0,647,3.0,3.35,0.0,0.0,6.27,263.66,2.0,1,102760.0,9999999
58362,0,648,3.1,3.29,0.0,0.0,6.27,263.18,2.0,13,102520.0,9999999
58362,0,649,3.1,3.22,0.0,0.0,6.27,264.85,2.0,15,102520.0,9999999
58362,0,650,2.9,3.17,0.0,0.0,6.27,260.72,2.0,11,102520.0,9999999
58362,0,651,2.4,3.12,0.0,0.0,6.27,262.2,2.0,4,102520.0,9999999
58362,0,652,1.8,3.09,0.0,0.0,6.27,260.47,2.0,5,102520.0,9999999
58362,0,653,1.3,3.09,0.0,0.0,6.27,259.97,2.0,4,102520.0,9999999
58362,0,654,1.1,3.12,0.0,0.0,6.27,260.47,2.0,2,102520.0,9999999
58362,0,655,1.7,3.27,43.0,21.0,6.27,262.93,2.0,6,102520.0,9999999
58362,0,656,3.0,3.51,91.0,91.0,6.27,264.38,2.0,12,102520.0,9999999
58362,0,657,4.4,3.62,167.0,167.0,6.27,267.43,2.0,16,102520.0,9999999
58362,0,658,5.7,3.59,521.0,252.0,6.27,270.15,2.0,16,102520.0,9999999
58362,0,659,6.9,3.45,622.0,301.0,6.27,264.85,2.0,7,102520.0,9999999
58362,0,660,8.0,3.29,653.0,316.0,6.27,268.8,2.0,7,102520.0,9999999
58362,0,661,8.9,3.17,273.0,273.0,6.27,267.43,2.0,5,102520.0,9999999
58362,0,662,9.7,3.19,223.0,223.0,6.27,270.37,4.0,14,102520.0,9999999
58362,0,663,10.1,3.43,153.0,153.0,6.27,269.48,4.0,11,102520.0,9999999
58362,0,664,9.8,3.7,171.0,83.0,6.27,266.5,4.0,6,102520.0,9999999
58362,0,665,9.0,4.0,17.0,8.0,6.27,269.25,4.0,1,102520.0,9999999
58362,0,666,8.0,4.18,0.0,0.0,6.27,267.89,4.0,7,102520.0,9999999
58362,0,667,7.0,4.28,0.0,0.0,6.27,269.48,4.0,2,102520.0,9999999
58362,0,668,6.2,4.28,0.0,0.0,6.27,269.7,3.0,13,102520.0,9999999
58362,0,669,5.8,4.18,0.0,0.0,6.27,265.33,3.0,2,102520.0,9999999
58362,0,670,5.8,4.06,0.0,0.0,6.27,265.8,3.0,1,102520.0,9999999
58362,0,671,5.8,3.91,0.0,0.0,6.27,266.27,3.0,9,102520.0,9999999
58362,0,672,5.8,3.73,0.0,0.0,6.27,270.37,3.0,10,102610.0,9999999
58362,0,673,5.5,3.56,0.0,0.0,6.27,265.09,3.0,3,102610.0,9999999
58362,0,674,4.8,3.43,0.0,0.0,6.27,266.73,3.0,16,102610.0,9999999
58362,0,675,3.5,3.35,0.0,0.0,6.27,265.33,3.0,2,102610.0,9999999
58362,0,676,2.1,3.29,0.0,0.0,6.27,258.96,3.0,7,102610.0,9999999
58362,0,677,0.9,3.27,0.0,0.0,6.27,263.9,3.0,14,102610.0,9999999
58362,0,678,0.4,3.37,0.0,0.0,6.27,258.71,3.0,9,102610.0,9999999
58362,0,679,0.6,3.51,43.0,14.0,6.27,257.69,3.0,16,102610.0,9999999
58362,0,680,1.2,3.59,115.0,115.0,6.27,259.47,1.0,1,102610.0,9999999
58362,0,681,2.3,3.62,358.0,112.0,6.27,264.62,1.0,2,102610.0,9999999
58362,0,682,3.8,3.51,295.0,295.0,6.27,263.42,1.0,16,102610.0,9999999
58362,0,683,5.4,3.24,352.0,352.0,6.27,265.8,1.0,9,102610.0,9999999
58362,0,684,7.1,2.9,628.0,196.0,6.27,264.38,1.0,6,102610.0,9999999
58362,0,685,8.5,2.55,863.0,183.0,6.27,268.57,1.0,9,102610.0,9999999
58362,0,686,9.5,2.31,478.0,149.0,6.27,264.85,1.0,1,102610.0,9999999
58362,0,687,9.9,2.36,329.0,103.0,6.27,267.43,1.0,8,102610.0,9999999
58362,0,688,9.5,2.63,166.0,52.0,6.27,270.37,1.0,3,102610.0,9999999
58362,0,689,8.5,2.95,11.0,11.0,6.27,266.73,1.0,9,102610.0,9999999
58362,0,690,7.2,3.22,0.0,0.0,6.27,268.12,1.0,11,102610.0,9999999
58362,0,691,5.9,3.4,0.0,0.0,6.27,266.96,1.0,5,102610.0,9999999
58362,0,692,5.0,3.48,0.0,0.0,6.27,265.09,0.0,0,102610.0,9999999
58362,0,693,4.6,3.51,0.0,0.0,6.27,265.8,0.0,1,102610.0,9999999
58362,0,694,4.6,3.48,0.0,0.0,6.27,265.33,0.0,1,102610.0,9999999
58362,0,695,4.9,3.43,0.0,0.0,6.27,262.93,0.0,4,102610.0,9999999
58362,0,696,5.1,3.4,0.0,0.0,6.27,265.56,0.0,7,102910.0,9999999
58362,0,697,5.2,3.35,0.0,0.0,6.27,266.96,0.0,13,102910.0,9999999
58362,0,698,4.8,3.35,0.0,0.0,6.27,265.8,2.0,1,102910.0,9999999
58362,0,699,3.9,3.37,0.0,0.0,6.27,263.9,2.0,9,102910.0,9999999
58362,0,700,2.8,3.43,0.0,0.0,6.27,262.93,2.0,3,102910.0,9999999
58362,0,701,1.8,3.53,0.0,0.0,6.27,261.71,2.0,6,102910.0,9999999
58362,0,702,1.4,3.7,0.0,0.0,6.27,262.45,2.0,10,102910.0,9999999
58362,0,703,1.5,3.94,47.0,22.0,6.27,262.69,2.0,11,102910.0,9999999
58362,0,704,2.1,4.12,98.0,98.0,6.27,262.93,0.0,0,102910.0,9999999
58362,0,705,3.1,4.22,179.0,179.0,6.27,264.38,0.0,6,102910.0,9999999
58362,0,706,4.4,4.18,531.0,251.0,6.27,266.27,0.0,1,102910.0,9999999
58362,0,707,5.9,4.06,633.0,299.0,6.27,266.96,0.0,11,102910.0,9999999
58362,0,708,7.3,3.76,664.0,314.0,6.27,267.66,0.0,12,102910.0,9999999
58362,0,709,8.5,3.45,292.0,292.0,6.27,265.09,0.0,1,102910.0,9999999
58362,0,710,9.2,3.24,239.0,239.0,6.27,266.73,3.0,6,102910.0,9999999
58362,0,711,9.4,3.19,164.0,164.0,6.27,267.89,3.0,1,102910.0,9999999
58362,0,712,9.1,3.29,176.0,83.0,6.27,273.23,3.0,15,102910.0,9999999
58362,0,713,8.4,3.48,10.0,10.0,6.27,267.89,3.0,9,102910.0,9999999
58362,0,714,7.6,3.67,0.0,0.0,6.27,268.12,3.0,6,102910.0,9999999
58362,0,715,6.6,3.88,0.0,0.0,6.27,264.85,3.0,8,102910.0,9999999
58362,0,716,5.8,4.03,0.0,0.0,6.27,270.6,3.0,6,102910.0,9999999
58362,0,717,5.3,4.15,0.0,0.0,6.27,266.5,3.0,2,102910.0,9999999
58362,0,718,5.0,4.25,0.0,0.0,6.27,268.57,3.0,16,102910.0,9999999
58362,0,719,4.9,4.31,0.0,0.0,6.27,265.09,3.0,11,102910.0,9999999
58362,0,720,4.8,4.31,0.0,0.0,6.27,266.03,3.0,2,102910.0,9999999
58362,0,721,4.7,4.31,0.0,0.0,6.27,266.5,3.0,10,102910.0,9999999
58362,0,722,4.4,4.28,0.0,0.0,6.27,263.18,2.0,3,102910.0,9999999
58362,0,723,4.0,4.22,0.0,0.0,6.27,265.09,2.0,6,102910.0,9999999
58362,0,724,3.5,4.09,0.0,0.0,6.27,265.33,2.0,3,102910.0,9999999
58362,0,725,3.1,3.97,0.0,0.0,6.27,265.56,2.0,14,102910.0,9999999
58362,0,726,2.9,3.91,0.0,0.0,6.27,267.89,2.0,3,102910.0,9999999
58362,0,727,3.9,4.12,37.0,21.0,6.27,264.62,2.0,16,102910.0,9999999
58362,0,728,5.8,4.58,78.0,78.0,6.27,268.57,2.0,6,102910.0,9999999
58362,0,729,7.4,4.82,286.0,162.0,6.27,270.37,2.0,2,102910.0,9999999
58362,0,730,8.5,4.79,399.0,226.0,6.27,267.43,2.0,1,102910.0,9999999
58362,0,731,9.2,4.58,237.0,237.0,6.27,274.52,2.0,6,102910.0,9999999
58362,0,732,9.6,4.25,499.0,283.0,6.27,270.6,2.0,11,102910.0,9999999
58362,0,733,9.7,3.94,465.0,264.0,6.27,268.8,2.0,10,102910.0,9999999
58362,0,734,9.4,3.7,381.0,216.0,6.27,268.34,2.0,4,102910.0,9999999
58362,0,735,8.8,3.56,131.0,131.0,6.27,271.7,2.0,4,102910.0,9999999
58362,0,736,7.9,3.56,67.0,67.0,6.27,269.03,2.0,11,102910.0,9999999
58362,0,737,7.0,3.62,17.0,10.0,6.27,265.09,2.0,2,102910.0,9999999
58362,0,738,6.1,3.7,0.0,0.0,6.27,269.25,2.0,14,102910.0,9999999
58362,0,739,5.3,3.79,0.0,0.0,6.27,262.2,2.0,13,102910.0,9999999
58362,0,740,4.6,3.91,0.0,0.0,6.27,262.93,4.0,3,102910.0,9999999
58362,0,741,4.2,4.03,0.0,0.0,6.27,265.8,4.0,1,102910.0,9999999
58362,0,742,4.0,4.15,0.0,0.0,6.27,265.8,4.0,7,102910.0,9999999
58362,0,743,3.9,4.28,0.0,0.0,6.27,266.5,4.0,3,102910.0,9999999
58362,0,744,3.9,4.41,0.0,0.0,8.23,261.47,4.0,1,102520.0,9999999
58362,0,745,3.9,4.48,0.0,0.0,8.23,265.33,4.0,7,102520.0,9999999
58362,0,746,3.9,4.51,0.0,0.0,8.23,266.73,3.0,3,102520.0,9999999
58362,0,747,3.8,4.44,0.0,0.0,8.23,269.03,3.0,5,102520.0,9999999
58362,0,748,3.7,4.38,0.0,0.0,8.23,263.42,3.0,14,102520.0,9999999
58362,0,749,3.5,4.28,0.0,0.0,8.23,264.85,3.0,13,102520.0,9999999
58362,0,750,3.5,4.15,0.0,0.0,8.23,268.57,3.0,4,102520.0,9999999
58362,0,751,4.0,4.18,6.0,6.0,8.23,264.62,3.0,6,102520.0,9999999
58362,0,752,4.9,4.35,26.0,26.0,8.23,268.57,5.0,4,102520.0,9999999
58362,0,753,5.6,4.38,47.0,47.0,8.23,269.25,5.0,10,102520.0,9999999
58362,0,754,5.9,4.31,66.0,66.0,8.23,264.62,5.0,3,102520.0,9999999
58362,0,755,6.0,4.22,79.0,79.0,8.23,267.66,5.0,9,102520.0,9999999
58362,0,756,6.0,4.09,83.0,83.0,8.23,269.48,5.0,4,102520.0,9999999
58362,0,757,6.0,4.06,77.0,77.0,8.23,264.38,5.0,3,102520.0,9999999
58362,0,758,5.9,4.06,63.0,63.0,8.23,266.5,4.0,3,102520.0,9999999
58362,0,759,5.6,4.12,44.0,44.0,8.23,269.25,4.0,11,102520.0,9999999
58362,0,760,5.3,4.22,22.0,22.0,8.23,267.89,4.0,9,102520.0,9999999
58362,0,761,4.9,4.31,3.0,3.0,8.23,263.66,4.0,2,102520.0,9999999
58362,0,762,4.5,4.44,0.0,0.0,8.23,265.33,4.0,9,102520.0,9999999
58362,0,763,4.1,4.54,0.0,0.0,8.23,261.71,4.0,10,102520.0,9999999
58362,0,764,3.9,4.65,0.0,0.0,8.23,263.66,6.0,2,102520.0,9999999
58362,0,765,3.8,4.75,0.0,0.0,8.23,264.85,6.0,2,102520.0,9999999
58362,0,766,3.9,4.82,0.0,0.0,8.23,263.9,6.0,15,102520.0,9999999
58362,0,767,4.1,4.89,0.0,0.0,8.23,266.27,6.0,3,102520.0,9999999
58362,0,768,4.2,4.97,0.0,0.0,8.23,267.43,6.0,14,102400.0,9999999
58362,0,769,4.4,5.0,0.0,0.0,8.23,266.03,6.0,4,102400.0,9999999
58362,0,770,4.5,4.97,0.0,0.0,8.23,265.8,4.0,3,102400.0,9999999
58362,0,771,4.5,4.93,0.0,0.0,8.23,268.57,4.0,6,102400.0,9999999
58362,0,772,4.4,4.86,0.0,0.0,8.23,265.09,4.0,8,102400.0,9999999
58362,0,773,4.3,4.82,0.0,0.0,8.23,262.2,4.0,15,102400.0,9999999
58362,0,774,4.3,4.75,0.0,0.0,8.23,269.7,4.0,12,102400.0,9999999
58362,0,775,4.3,4.72,4.0,4.0,8.23,265.33,4.0,7,102400.0,9999999
58362,0,776,4.5,4.72,17.0,17.0,8.23,265.56,6.0,2,102400.0,9999999
58362,0,777,4.9,4.75,31.0,31.0,8.23,267.89,6.0,4,102400.0,9999999
58362,0,778,5.3,4.79,43.0,43.0,8.23,264.38,6.0,15,102400.0,9999999
58362,0,779,5.7,4.79,51.0,51.0,8.23,266.27,6.0,3,102400.0,9999999
58362,0,780,5.9,4.75,54.0,54.0,8.23,268.8,6.0,9,102400.0,9999999
58362,0,781,5.9,4.61,50.0,50.0,8.23,263.42,6.0,16,102400.0,9999999
58362,0,782,5.5,4.35,41.0,41.0,8.23,265.8,6.0,2,102400.0,9999999
58362,0,783,4.9,4.06,28.0,28.0,8.23,263.42,6.0,11,102400.0,9999999
58362,0,784,4.2,3.79,15.0,15.0,8.23,261.22,6.0,14,102400.0,9999999
58362,0,785,3.6,3.56,2.0,2.0,8.23,263.9,6.0,10,102400.0,9999999
58362,0,786,3.1,3.4,0.0,0.0,8.23,263.66,6.0,1,102400.0,9999999
58362,0,787,2.9,3.32,0.0,0.0,8.23,260.97,6.0,9,102400.0,9999999
58362,0,788,3.0,3.27,0.0,0.0,8.23,267.43,7.0,2,102400.0,9999999
58362,0,789,3.1,3.24,0.0,0.0,8.23,264.85,7.0,13,102400.0,9999999
58362,0,790,3.1,3.19,0.0,0.0,8.23,263.42,7.0,12,102400.0,9999999
58362,0,791,3.0,3.12,0.0,0.0,8.23,261.71,7.0,16,102400.0,9999999
58362,0,792,2.9,3.04,0.0,0.0,8.23,262.69,7.0,6,102760.0,9999999
58362,0,793,2.7,2.97,0.0,0.0,8.23,263.42,7.0,4,102760.0,9999999
58362,0,794,2.5,2.9,0.0,0.0,8.23,264.14,6.0,2,102760.0,9999999
58362,0,795,2.2,2.85,0.0,0.0,8.23,266.27,6.0,11,102760.0,9999999
58362,0,796,2.0,2.81,0.0,0.0,8.23,260.97,6.0,3,102760.0,9999999
58362,0,797,1.8,2.79,0.0,0.0,8.23,259.47,6.0,11,102760.0,9999999
58362,0,798,1.7,2.79,0.0,0.0,8.23,260.72,6.0,5,102760.0,9999999
58362,0,799,1.8,2.83,22.0,22.0,8.23,260.22,6.0,3,102760.0,9999999
58362,0,800,2.0,2.85,88.0,88.0,8.23,260.47,4.0,2,102760.0,9999999
58362,0,801,2.3,2.9,158.0,158.0,8.23,262.45,4.0,8,102760.0,9999999
58362,0,802,2.8,2.92,220.0,220.0,8.23,261.22,4.0,3,102760.0,9999999
58362,0,803,3.2,2.95,261.0,261.0,8.23,262.93,4.0,3,102760.0,9999999
58362,0,804,3.5,2.99,274.0,274.0,8.23,259.97,4.0,4,102760.0,9999999
58362,0,805,3.8,3.04,255.0,255.0,8.23,264.62,4.0,11,102760.0,9999999
58362,0,806,3.9,3.09,209.0,209.0,8.23,262.45,4.0,1,102760.0,9999999
58362,0,807,3.8,3.17,145.0,145.0,8.23,261.71,4.0,3,102760.0,9999999
58362,0,808,3.6,3.24,75.0,75.0,8.23,266.5,4.0,5,102760.0,9999999
58362,0,809,3.4,3.32,11.0,11.0,8.23,262.93,4.0,14,102760.0,9999999
58362,0,810,3.1,3.37,0.0,0.0,8.23,263.66,4.0,14,102760.0,9999999
58362,0,811,2.8,3.45,0.0,0.0,8.23,262.45,4.0,3,102760.0,9999999
58362,0,812,2.6,3.48,0.0,0.0,8.23,263.9,4.0,2,102760.0,9999999
58362,0,813,2.5,3.51,0.0,0.0,8.23,261.47,4.0,7,102760.0,9999999
58362,0,814,2.5,3.56,0.0,0.0,8.23,263.42,4.0,5,102760.0,9999999
58362,0,815,2.7,3.59,0.0,0.0,8.23,263.42,4.0,11,102760.0,9999999
58362,0,816,2.9,3.65,0.0,0.0,8.23,262.69,4.0,5,102540.0,9999999
58362,0,817,3.1,3.67,0.0,0.0,8.23,263.9,4.0,8,102540.0,9999999
58362,0,818,3.2,3.73,0.0,0.0,8.23,266.5,4.0,1,102540.0,9999999
58362,0,819,3.2,3.76,0.0,0.0,8.23,263.18,4.0,14,102540.0,9999999
58362,0,820,3.2,3.79,0.0,0.0,8.23,266.5,4.0,8,102540.0,9999999
58362,0,821,3.1,3.82,0.0,0.0,8.23,260.22,4.0,16,102540.0,9999999
58362,0,822,3.1,3.88,0.0,0.0,8.23,261.47,4.0,10,102540.0,9999999
58362,0,823,3.1,3.91,23.0,23.0,8.23,267.89,4.0,7,102540.0,9999999
58362,0,824,3.2,3.94,88.0,88.0,8.23,262.69,3.0,2,102540.0,9999999
58362,0,825,3.5,3.97,158.0,158.0,8.23,264.62,3.0,6,102540.0,9999999
58362,0,826,3.8,4.0,219.0,219.0,8.23,266.27,3.0,9,102540.0,9999999
58362,0,827,4.3,4.03,260.0,260.0,8.23,266.73,3.0,9,102540.0,9999999
58362,0,828,4.8,4.09,272.0,272.0,8.23,265.8,3.0,9,102540.0,9999999
58362,0,829,5.2,4.12,254.0,254.0,8.23,267.66,3.0,3,102540.0,9999999
58362,0,830,5.6,4.22,209.0,209.0,8.23,269.25,4.0,2,102540.0,9999999
58362,0,831,5.8,4.28,145.0,145.0,8.23,265.33,4.0,4,102540.0,9999999
58362,0,832,5.7,4.28,75.0,75.0,8.23,267.43,4.0,11,102540.0,9999999
58362,0,833,5.5,4.31,12.0,12.0,8.23,266.27,4.0,11,102540.0,9999999
58362,0,834,5.2,4.31,0.0,0.0,8.23,264.85,4.0,5,102540.0,9999999
58362,0,835,4.9,4.31,0.0,0.0,8.23,264.62,4.0,9,102540.0,9999999
58362,0,836,4.7,4.31,0.0,0.0,8.23,268.34,3.0,2,102540.0,9999999
58362,0,837,4.6,4.38,0.0,0.0,8.23,266.5,3.0,8,102540.0,9999999
58362,0,838,4.6,4.41,0.0,0.0,8.23,269.7,3.0,2,102540.0,9999999
58362,0,839,4.6,4.48,0.0,0.0,8.23,269.7,3.0,12,102540.0,9999999
58362,0,840,4.6,4.51,0.0,0.0,8.23,266.5,3.0,11,102560.0,9999999
58362,0,841,4.6,4.58,0.0,0.0,8.23,268.34,3.0,16,102560.0,9999999
58362,0,842,4.5,4.61,0.0,0.0,8.23,263.42,2.0,16,102560.0,9999999
58362,0,843,4.3,4.58,0.0,0.0,8.23,267.2,2.0,10,102560.0,9999999
58362,0,844,4.1,4.58,0.0,0.0,8.23,266.27,2.0,8,102560.0,9999999
58362,0,845,4.0,4.54,0.0,0.0,8.23,266.03,2.0,9,102560.0,9999999
58362,0,846,3.9,4.51,0.0,0.0,8.23,265.33,2.0,16,102560.0,9999999
58362,0,847,4.0,4.51,42.0,26.0,8.23,264.38,2.0,6,102560.0,9999999
58362,0,848,4.2,4.48,157.0,98.0,8.23,269.48,3.0,2,102560.0,9999999
58362,0,849,4.6,4.48,279.0,175.0,8.23,266.5,3.0,13,102560.0,9999999
58362,0,850,5.0,4.44,184.0,184.0,8.23,267.66,3.0,2,102560.0,9999999
58362,0,851,5.5,4.38,458.0,288.0,8.23,265.09,3.0,13,102560.0,9999999
58362,0,852,6.0,4.31,229.0,229.0,8.23,269.7,3.0,6,102560.0,9999999
58362,0,853,6.5,4.28,448.0,281.0,8.23,266.03,3.0,14,102560.0,9999999
58362,0,854,6.9,4.25,175.0,175.0,8.23,265.33,5.0,2,102560.0,9999999
58362,0,855,7.1,4.22,257.0,161.0,8.23,269.48,5.0,15,102560.0,9999999
58362,0,856,6.9,4.12,134.0,84.0,8.23,268.57,5.0,7,102560.0,9999999
58362,0,857,6.4,4.03,11.0,11.0,8.23,269.93,5.0,13,102560.0,9999999
58362,0,858,5.8,3.91,0.0,0.0,8.23,269.03,5.0,7,102560.0,9999999
58362,0,859,5.1,3.79,0.0,0.0,8.23,262.2,5.0,16,102560.0,9999999
58362,0,860,4.5,3.73,0.0,0.0,8.23,263.66,3.0,3,102560.0,9999999
58362,0,861,4.2,3.7,0.0,0.0,8.23,264.38,3.0,5,102560.0,9999999
58362,0,862,4.0,3.73,0.0,0.0,8.23,263.18,3.0,10,102560.0,9999999
58362,0,863,4.0,3.79,0.0,0.0,8.23,268.8,3.0,4,102560.0,9999999
58362,0,864,4.0,3.88,0.0,0.0,8.23,263.9,3.0,8,102700.0,9999999
58362,0,865,4.0,3.97,0.0,0.0,8.23,264.14,3.0,5,102700.0,9999999
58362,0,866,4.0,4.0,0.0,0.0,8.23,263.42,1.0,16,102700.0,9999999
58362,0,867,3.8,4.03,0.0,0.0,8.23,267.43,1.0,7,102700.0,9999999
58362,0,868,3.7,4.0,0.0,0.0,8.23,260.97,1.0,16,102700.0,9999999
58362,0,869,3.5,3.97,0.0,0.0,8.23,268.34,1.0,6,102700.0,9999999
58362,0,870,3.4,3.91,0.0,0.0,8.23,266.73,1.0,11,102700.0,9999999
58362,0,871,3.4,3.88,61.0,33.0,8.23,261.96,1.0,8,102700.0,9999999
58362,0,872,3.5,3.82,94.0,94.0,8.23,268.34,4.0,2,102700.0,9999999
58362,0,873,3.8,3.76,166.0,166.0,8.23,266.03,4.0,12,102700.0,9999999
58362,0,874,4.3,3.7,230.0,230.0,8.23,264.14,4.0,7,102700.0,9999999
58362,0,875,4.9,3.67,651.0,352.0,8.23,266.96,4.0,2,102700.0,9999999
58362,0,876,5.6,3.65,286.0,286.0,8.23,267.66,4.0,4,102700.0,9999999
58362,0,877,6.2,3.65,267.0,267.0,8.23,268.34,4.0,1,102700.0,9999999
58362,0,878,6.8,3.7,524.0,283.0,8.23,265.8,5.0,2,102700.0,9999999
58362,0,879,7.1,3.76,366.0,198.0,8.23,271.7,5.0,4,102700.0,9999999
58362,0,880,6.9,3.73,192.0,104.0,8.23,269.03,5.0,2,102700.0,9999999
58362,0,881,6.3,3.7,34.0,18.0,8.23,267.66,5.0,11,102700.0,9999999
58362,0,882,5.6,3.65,0.0,0.0,8.23,265.33,5.0,7,102700.0,9999999
58362,0,883,4.8,3.59,0.0,0.0,8.23,262.93,5.0,2,102700.0,9999999
58362,0,884,4.2,3.53,0.0,0.0,8.23,267.2,4.0,3,102700.0,9999999
58362,0,885,3.9,3.56,0.0,0.0,8.23,264.62,4.0,13,102700.0,9999999
58362,0,886,3.8,3.62,0.0,0.0,8.23,263.66,4.0,4,102700.0,9999999
58362,0,887,3.9,3.67,0.0,0.0,8.23,266.03,4.0,9,102700.0,9999999
58362,0,888,4.0,3.76,0.0,0.0,8.23,263.18,4.0,9,102300.0,9999999
58362,0,889,4.1,3.82,0.0,0.0,8.23,263.42,4.0,3,102300.0,9999999
58362,0,890,4.0,3.85,0.0,0.0,8.23,262.45,3.0,3,102300.0,9999999
58362,0,891,3.8,3.82,0.0,0.0,8.23,260.97,3.0,3,102300.0,9999999
58362,0,892,3.4,3.79,0.0,0.0,8.23,265.8,3.0,1,102300.0,9999999
58362,0,893,3.1,3.73,0.0,0.0,8.23,266.5,3.0,6,102300.0,9999999
58362,0,894,3.0,3.73,0.0,0.0,8.23,265.33,3.0,8,102300.0,9999999
58362,0,895,3.3,3.82,14.0,14.0,8.23,268.12,3.0,12,102300.0,9999999
58362,0,896,3.9,3.97,49.0,49.0,8.23,264.85,2.0,3,102300.0,9999999
58362,0,897,4.3,4.03,87.0,87.0,8.23,264.38,2.0,12,102300.0,9999999
58362,0,898,4.4,4.03,120.0,120.0,8.23,269.25,2.0,3,102300.0,9999999
58362,0,899,4.5,3.97,142.0,142.0,8.23,263.9,2.0,12,102300.0,9999999
58362,0,900,4.5,3.91,149.0,149.0,8.23,266.03,2.0,16,102300.0,9999999
58362,0,901,4.6,3.85,139.0,139.0,8.23,266.96,2.0,3,102300.0,9999999
58362,0,902,4.9,3.88,114.0,114.0,8.23,263.18,2.0,3,102300.0,9999999
58362,0,903,5.2,3.97,80.0,80.0,8.23,268.57,2.0,16,102300.0,9999999
58362,0,904,5.2,3.97,42.0,42.0,8.23,263.66,2.0,2,102300.0,9999999
58362,0,905,5.1,3.97,8.0,8.0,8.23,269.93,2.0,2,102300.0,9999999
58362,0,906,4.9,4.0,0.0,0.0,8.23,266.03,2.0,10,102300.0,9999999
58362,0,907,4.8,4.03,0.0,0.0,8.23,264.85,2.0,2,102300.0,9999999
58362,0,908,4.7,4.06,0.0,0.0,8.23,267.2,3.0,3,102300.0,9999999
58362,0,909,4.6,4.09,0.0,0.0,8.23,264.62,3.0,10,102300.0,9999999
58362,0,910,4.6,4.12,0.0,0.0,8.23,268.12,3.0,7,102300.0,9999999
58362,0,911,4.6,4.18,0.0,0.0,8.23,264.62,3.0,16,102300.0,9999999
58362,0,912,4.5,4.22,0.0,0.0,8.23,264.14,3.0,7,101930.0,9999999
58362,0,913,4.5,4.25,0.0,0.0,8.23,265.09,3.0,2,101930.0,9999999
58362,0,914,4.4,4.25,0.0,0.0,8.23,266.27,2.0,2,101930.0,9999999
58362,0,915,4.3,4.22,0.0,0.0,8.23,265.09,2.0,13,101930.0,9999999
58362,0,916,4.2,4.15,0.0,0.0,8.23,262.69,2.0,7,101930.0,9999999
58362,0,917,4.0,4.09,0.0,0.0,8.23,266.5,2.0,1,101930.0,9999999
58362,0,918,4.0,4.03,0.0,0.0,8.23,265.09,2.0,9,101930.0,9999999
58362,0,919,4.1,4.0,54.0,34.0,8.23,267.66,2.0,6,101930.0,9999999
58362,0,920,4.4,3.97,190.0,119.0,8.23,262.93,2.0,2,101930.0,9999999
58362,0,921,4.8,3.97,333.0,209.0,8.23,263.18,2.0,1,101930.0,9999999
58362,0,922,5.3,3.94,195.0,195.0,8.23,268.8,2.0,6,101930.0,9999999
58362,0,923,5.9,3.94,230.0,230.0,8.23,270.6,2.0,6,101930.0,9999999
58362,0,924,6.4,3.94,241.0,241.0,8.23,269.7,2.0,12,101930.0,9999999
58362,0,925,6.8,3.94,532.0,333.0,8.23,266.73,2.0,4,101930.0,9999999
58362,0,926,7.1,3.97,438.0,274.0,8.23,264.14,3.0,2,101930.0,9999999
58362,0,927,7.2,4.03,130.0,130.0,8.23,270.6,3.0,16,101930.0,9999999
58362,0,928,7.0,4.06,69.0,69.0,8.23,264.14,3.0,3,101930.0,9999999
58362,0,929,6.6,4.09,31.0,20.0,8.23,270.15,3.0,12,101930.0,9999999
58362,0,930,6.0,4.09,0.0,0.0,8.23,268.34,3.0,15,101930.0,9999999
58362,0,931,5.4,4.06,0.0,0.0,8.23,262.69,3.0,14,101930.0,9999999
58362,0,932,4.8,4.09,0.0,0.0,8.23,263.42,4.0,1,101930.0,9999999
58362,0,933,4.4,4.12,0.0,0.0,8.23,265.09,4.0,10,101930.0,9999999
58362,0,934,4.1,4.18,0.0,0.0,8.23,266.73,4.0,2,101930.0,9999999
58362,0,935,3.9,4.25,0.0,0.0,8.23,266.5,4.0,5,101930.0,9999999
58362,0,936,3.8,4.31,0.0,0.0,8.23,266.5,4.0,12,101930.0,9999999
58362,0,937,3.7,4.38,0.0,0.0,8.23,261.22,4.0,8,101930.0,9999999
58362,0,938,3.6,4.41,0.0,0.0,8.23,265.56,4.0,16,101930.0,9999999
58362,0,939,3.5,4.38,0.0,0.0,8.23,264.85,4.0,4,101930.0,9999999
58362,0,940,3.4,4.31,0.0,0.0,8.23,264.85,4.0,2,101930.0,9999999
58362,0,941,3.3,4.22,0.0,0.0,8.23,266.96,4.0,13,101930.0,9999999
58362,0,942,3.3,4.09,0.0,0.0,8.23,263.9,4.0,11,101930.0,9999999
58362,0,943,3.6,4.06,41.0,12.0,8.23,265.33,4.0,12,101930.0,9999999
58362,0,944,4.2,4.06,142.0,40.0,8.23,264.38,4.0,1,101930.0,9999999
58362,0,945,4.9,4.06,534.0,100.0,8.23,269.93,4.0,5,101930.0,9999999
58362,0,946,5.7,4.06,342.0,96.0,8.23,266.73,4.0,11,101930.0,9999999
58362,0,947,6.4,4.06,869.0,163.0,8.23,268.12,4.0,3,101930.0,9999999
58362,0,948,7.2,4.09,424.0,119.0,8.23,267.66,4.0,1,101930.0,9999999
58362,0,949,7.8,4.15,850.0,160.0,8.23,265.09,4.0,14,101930.0,9999999
58362,0,950,8.5,4.31,327.0,92.0,8.23,273.44,1.0,2,101930.0,9999999
58362,0,951,8.9,4.54,492.0,92.0,8.23,274.09,1.0,1,101930.0,9999999
58362,0,952,8.7,4.68,123.0,34.0,8.23,271.48,1.0,10,101930.0,9999999
58362,0,953,8.2,4.79,52.0,10.0,8.23,273.66,1.0,7,101930.0,9999999
58362,0,954,7.5,4.86,0.0,0.0,8.23,273.01,1.0,4,101930.0,9999999
58362,0,955,6.8,4.86,0.0,0.0,8.23,272.14,1.0,7,101930.0,9999999
58362,0,956,6.1,4.86,0.0,0.0,8.23,269.03,1.0,4,101930.0,9999999
58362,0,957,5.6,4.82,0.0,0.0,8.23,266.73,1.0,4,101930.0,9999999
58362,0,958,5.2,4.82,0.0,0.0,8.23,270.6,1.0,5,101930.0,9999999
58362,0,959,4.9,4.79,0.0,0.0,8.23,263.9,1.0,1,101930.0,9999999
58362,0,960,4.7,4.79,0.0,0.0,8.23,265.8,1.0,2,102040.0,9999999
58362,0,961,4.4,4.75,0.0,0.0,8.23,266.03,1.0,14,102040.0,9999999
58362,0,962,4.1,4.72,0.0,0.0,8.23,269.48,0.0,0,102040.0,9999999
58362,0,963,3.7,4.68,0.0,0.0,8.23,264.85,0.0,0,102040.0,9999999
58362,0,964,3.3,4.68,0.0,0.0,8.23,268.8,0.0,8,102040.0,9999999
58362,0,965,3.0,4.61,0.0,0.0,8.23,266.96,0.0,6,102040.0,9999999
58362,0,966,2.9,4.58,0.0,0.0,8.23,263.42,0.0,3,102040.0,9999999
58362,0,967,3.0,4.51,72.0,29.0,8.23,265.09,0.0,3,102040.0,9999999
58362,0,968,3.4,4.38,244.0,100.0,8.23,263.18,1.0,13,102040.0,9999999
58362,0,969,4.1,4.18,212.0,212.0,8.23,269.25,1.0,7,102040.0,9999999
58362,0,970,5.1,3.91,292.0,292.0,8.23,265.56,1.0,5,102040.0,9999999
58362,0,971,6.2,3.62,344.0,344.0,8.23,262.93,1.0,1,102040.0,9999999
58362,0,972,7.4,3.32,723.0,295.0,8.23,270.15,1.0,11,102040.0,9999999
58362,0,973,8.6,3.12,676.0,276.0,8.23,268.12,1.0,10,102040.0,9999999
58362,0,974,9.8,3.07,558.0,228.0,8.23,266.03,5.0,15,102040.0,9999999
58362,0,975,10.5,3.29,393.0,160.0,8.23,272.14,5.0,2,102040.0,9999999
58362,0,976,10.1,3.53,105.0,105.0,8.23,271.92,5.0,5,102040.0,9999999
58362,0,977,8.9,3.79,22.0,22.0,8.23,272.14,5.0,9,102040.0,9999999
58362,0,978,7.4,3.97,0.0,0.0,8.23,266.73,5.0,3,102040.0,9999999
58362,0,979,5.9,4.03,0.0,0.0,8.23,268.34,5.0,10,102040.0,9999999
58362,0,980,4.5,4.0,0.0,0.0,8.23,261.71,5.0,2,102040.0,9999999
58362,0,981,3.6,3.94,0.0,0.0,8.23,264.62,5.0,12,102040.0,9999999
58362,0,982,3.0,3.85,0.0,0.0,8.23,265.33,5.0,8,102040.0,9999999
58362,0,983,2.7,3.73,0.0,0.0,8.23,262.69,5.0,9,102040.0,9999999
58362,0,984,2.6,3.62,0.0,0.0,8.23,263.9,5.0,2,102660.0,9999999
58362,0,985,2.5,3.45,0.0,0.0,8.23,262.69,5.0,4,102660.0,9999999
58362,0,986,2.3,3.24,0.0,0.0,8.23,260.22,4.0,16,102660.0,9999999
58362,0,987,1.9,3.02,0.0,0.0,8.23,260.47,4.0,9,102660.0,9999999
58362,0,988,1.5,2.76,0.0,0.0,8.23,257.94,4.0,2,102660.0,9999999
58362,0,989,1.1,2.53,0.0,0.0,8.23,259.22,4.0,9,102660.0,9999999
58362,0,990,1.0,2.35,0.0,0.0,8.23,261.96,4.0,7,102660.0,9999999
58362,0,991,1.1,2.18,46.0,9.0,8.23,258.96,4.0,5,102660.0,9999999
58362,0,992,1.5,2.05,279.0,35.0,8.23,264.38,4.0,14,102660.0,9999999
58362,0,993,2.0,1.93,485.0,61.0,8.23,261.47,4.0,9,102660.0,9999999
58362,0,994,2.5,1.84,665.0,83.0,8.23,259.72,4.0,8,102660.0,9999999
58362,0,995,3.0,1.74,433.0,86.0,8.23,262.93,4.0,9,102660.0,9999999
58362,0,996,3.6,1.67,822.0,103.0,8.23,261.71,4.0,15,102660.0,9999999
58362,0,997,4.1,1.64,768.0,96.0,8.23,258.71,4.0,14,102660.0,9999999
58362,0,998,4.6,1.66,635.0,79.0,8.23,261.47,6.0,16,102660.0,9999999
58362,0,999,5.0,1.74,448.0,56.0,8.23,262.93,6.0,8,102660.0,9999999
58362,0,1000,5.1,1.88,133.0,27.0,8.23,267.66,6.0,15,102660.0,9999999
58362,0,1001,4.9,2.02,52.0,6.0,8.23,262.2,6.0,4,102660.0,9999999
58362,0,1002,4.4,2.16,0.0,0.0,8.23,261.96,6.0,14,102660.0,9999999
58362,0,1003,3.7,2.27,0.0,0.0,8.23,264.38,6.0,14,102660.0,9999999
58362,0,1004,3.0,2.38,0.0,0.0,8.23,264.85,3.0,2,102660.0,9999999
58362,0,1005,2.3,2.46,0.0,0.0,8.23,259.47,3.0,16,102660.0,9999999
58362,0,1006,1.7,2.55,0.0,0.0,8.23,257.69,3.0,3,102660.0,9999999
58362,0,1007,1.1,2.63,0.0,0.0,8.23,260.47,3.0,7,102660.0,9999999
58362,0,1008,0.6,2.7,0.0,0.0,8.23,258.2,3.0,8,102830.0,9999999
58362,0,1009,0.1,2.74,0.0,0.0,8.23,260.72,3.0,4,102830.0,9999999
58362,0,1010,-0.3,2.76,0.0,0.0,8.23,262.2,1.0,12,102830.0,9999999
58362,0,1011,-0.6,2.76,0.0,0.0,8.23,258.96,1.0,12,102830.0,9999999
58362,0,1012,-0.9,2.79,0.0,0.0,8.23,256.91,1.0,9,102830.0,9999999
58362,0,1013,-1.0,2.76,0.0,0.0,8.23,256.65,1.0,6,102830.0,9999999
58362,0,1014,-1.1,2.72,0.0,0.0,8.23,258.45,1.0,9,102830.0,9999999
58362,0,1015,-0.6,2.74,45.0,11.0,8.23,260.97,1.0,7,102830.0,9999999
58362,0,1016,0.6,2.85,253.0,39.0,8.23,258.2,1.0,13,102830.0,9999999
58362,0,1017,1.7,2.83,438.0,68.0,8.23,265.56,1.0,5,102830.0,9999999
58362,0,1018,2.7,2.67,600.0,93.0,8.23,263.9,1.0,13,102830.0,9999999
58362,0,1019,3.7,2.48,708.0,110.0,8.23,264.62,1.0,3,102830.0,9999999
58362,0,1020,4.6,2.29,741.0,115.0,8.23,265.33,1.0,1,102830.0,9999999
58362,0,1021,5.6,2.12,693.0,108.0,8.23,264.62,1.0,10,102830.0,9999999
58362,0,1022,6.7,2.1,573.0,89.0,8.23,269.48,3.0,1,102830.0,9999999
58362,0,1023,7.5,2.21,231.0,55.0,8.23,265.56,3.0,8,102830.0,9999999
58362,0,1024,7.2,2.36,219.0,34.0,8.23,264.85,3.0,7,102830.0,9999999
58362,0,1025,6.4,2.51,49.0,8.0,8.23,265.56,3.0,2,102830.0,9999999
58362,0,1026,5.4,2.65,0.0,0.0,8.23,263.42,3.0,1,102830.0,9999999
58362,0,1027,4.4,2.79,0.0,0.0,8.23,260.47,3.0,11,102830.0,9999999
58362,0,1028,3.5,2.88,0.0,0.0,8.23,267.43,2.0,4,102830.0,9999999
58362,0,1029,3.0,2.95,0.0,0.0,8.23,265.56,2.0,13,102830.0,9999999
58362,0,1030,2.7,3.04,0.0,0.0,8.23,260.47,2.0,16,102830.0,9999999
58362,0,1031,2.7,3.12,0.0,0.0,8.23,265.56,2.0,8,102830.0,9999999
58362,0,1032,2.7,3.19,0.0,0.0,8.23,262.69,2.0,6,102950.0,9999999
58362,0,1033,2.8,3.22,0.0,0.0,8.23,259.47,2.0,4,102950.0,9999999
58362,0,1034,2.8,3.22,0.0,0.0,8.23,262.2,2.0,3,102950.0,9999999
58362,0,1035,2.6,3.19,0.0,0.0,8.23,261.47,2.0,14,102950.0,9999999
58362,0,1036,2.4,3.14,0.0,0.0,8.23,263.42,2.0,8,102950.0,9999999
58362,0,1037,2.2,3.07,0.0,0.0,8.23,261.47,2.0,5,102950.0,9999999
58362,0,1038,2.1,2.99,0.0,0.0,8.23,262.93,2.0,6,102950.0,9999999
58362,0,1039,2.6,2.99,78.0,18.0,8.23,263.42,2.0,6,102950.0,9999999
58362,0,1040,3.5,3.07,147.0,147.0,8.23,261.22,2.0,2,102950.0,9999999
58362,0,1041,4.2,3.04,431.0,100.0,8.23,263.42,2.0,11,102950.0,9999999
58362,0,1042,4.8,2.92,588.0,137.0,8.23,260.97,2.0,2,102950.0,9999999
58362,0,1043,5.1,2.79,706.0,106.0,8.23,267.43,2.0,7,102950.0,9999999
58362,0,1044,5.5,2.65,739.0,111.0,8.23,266.73,2.0,4,102950.0,9999999
58362,0,1045,5.9,2.57,692.0,104.0,8.23,267.89,2.0,16,102950.0,9999999
58362,0,1046,6.5,2.59,573.0,86.0,8.23,265.56,2.0,2,102950.0,9999999
58362,0,1047,7.2,2.74,405.0,61.0,8.23,270.82,2.0,1,102950.0,9999999
58362,0,1048,7.6,2.95,221.0,33.0,8.23,265.09,2.0,3,102950.0,9999999
58362,0,1049,7.2,3.04,51.0,8.0,8.23,267.2,2.0,11,102950.0,9999999
58362,0,1050,6.3,3.07,0.0,0.0,8.23,267.89,2.0,3,102950.0,9999999
58362,0,1051,5.1,3.04,0.0,0.0,8.23,269.25,2.0,6,102950.0,9999999
58362,0,1052,4.1,2.99,0.0,0.0,8.23,260.47,2.0,6,102950.0,9999999
58362,0,1053,3.4,2.99,0.0,0.0,8.23,267.43,2.0,5,102950.0,9999999
58362,0,1054,3.1,3.02,0.0,0.0,8.23,265.8,2.0,3,102950.0,9999999
58362,0,1055,3.1,3.07,0.0,0.0,8.23,261.71,2.0,6,102950.0,9999999
58362,0,1056,3.1,3.14,0.0,0.0,8.23,262.93,2.0,4,102650.0,9999999
58362,0,1057,3.2,3.24,0.0,0.0,8.23,262.69,2.0,4,102650.0,9999999
58362,0,1058,3.2,3.32,0.0,0.0,8.23,266.03,0.0,0,102650.0,9999999
58362,0,1059,3.0,3.37,0.0,0.0,8.23,263.18,0.0,13,102650.0,9999999
58362,0,1060,2.8,3.43,0.0,0.0,8.23,260.97,0.0,3,102650.0,9999999
58362,0,1061,2.6,3.45,0.0,0.0,8.23,259.47,0.0,14,102650.0,9999999
58362,0,1062,2.5,3.48,0.0,0.0,8.23,262.2,0.0,3,102650.0,9999999
58362,0,1063,3.0,3.59,96.0,50.0,8.23,263.66,0.0,14,102650.0,9999999
58362,0,1064,3.9,3.7,300.0,158.0,8.23,268.57,1.0,7,102650.0,9999999
58362,0,1065,4.6,3.7,188.0,188.0,8.23,267.89,1.0,4,102650.0,9999999
58362,0,1066,5.1,3.56,256.0,256.0,8.23,267.2,1.0,11,102650.0,9999999
58362,0,1067,5.4,3.37,828.0,435.0,8.23,268.34,1.0,4,102650.0,9999999
58362,0,1068,5.8,3.19,316.0,316.0,8.23,265.56,1.0,3,102650.0,9999999
58362,0,1069,6.4,3.07,295.0,295.0,8.23,267.2,1.0,11,102650.0,9999999
58362,0,1070,7.2,3.14,245.0,245.0,8.23,266.96,5.0,6,102650.0,9999999
58362,0,1071,8.2,3.4,476.0,250.0,8.23,269.25,5.0,3,102650.0,9999999
58362,0,1072,8.8,3.73,95.0,95.0,8.23,265.56,5.0,9,102650.0,9999999
58362,0,1073,8.4,3.94,62.0,32.0,8.23,267.66,5.0,16,102650.0,9999999
58362,0,1074,7.6,4.03,0.0,0.0,8.23,266.03,5.0,9,102650.0,9999999
58362,0,1075,6.7,4.06,0.0,0.0,8.23,268.34,5.0,2,102650.0,9999999
58362,0,1076,6.1,4.06,0.0,0.0,8.23,268.57,1.0,8,102650.0,9999999
58362,0,1077,6.0,4.12,0.0,0.0,8.23,266.96,1.0,12,102650.0,9999999
58362,0,1078,6.2,4.18,0.0,0.0,8.23,263.42,1.0,12,102650.0,9999999
58362,0,1079,6.5,4.25,0.0,0.0,8.23,269.03,1.0,6,102650.0,9999999
58362,0,1080,6.8,4.31,0.0,0.0,8.23,271.92,1.0,11,102000.0,9999999
58362,0,1081,7.0,4.38,0.0,0.0,8.23,272.14,1.0,12,102000.0,9999999
58362,0,1082,7.1,4.51,0.0,0.0,8.23,266.73,4.0,9,102000.0,9999999
58362,0,1083,6.9,4.65,0.0,0.0,8.23,269.03,4.0,13,102000.0,9999999
58362,0,1084,6.6,4.75,0.0,0.0,8.23,268.57,4.0,10,102000.0,9999999
58362,0,1085,6.2,4.89,0.0,0.0,8.23,268.34,4.0,13,102000.0,9999999
58362,0,1086,5.9,4.97,0.0,0.0,8.23,269.93,4.0,8,102000.0,9999999
58362,0,1087,5.8,5.04,62.0,37.0,8.23,266.5,4.0,12,102000.0,9999999
58362,0,1088,6.1,5.04,89.0,89.0,8.23,270.15,0.0,0,102000.0,9999999
58362,0,1089,6.8,5.0,153.0,153.0,8.23,268.34,0.0,10,102000.0,9999999
58362,0,1090,7.8,4.86,442.0,268.0,8.23,266.73,0.0,3,102000.0,9999999
58362,0,1091,8.9,4.65,520.0,315.0,8.23,268.57,0.0,6,102000.0,9999999
58362,0,1092,10.1,4.38,256.0,256.0,8.23,273.66,0.0,3,102000.0,9999999
58362,0,1093,11.2,4.09,509.0,309.0,8.23,273.44,0.0,5,102000.0,9999999
58362,0,1094,12.1,3.91,422.0,256.0,8.23,274.09,5.0,14,102000.0,9999999
58362,0,1095,12.6,3.91,141.0,141.0,8.23,275.79,5.0,5,102000.0,9999999
58362,0,1096,12.8,4.03,78.0,78.0,8.23,274.09,5.0,16,102000.0,9999999
58362,0,1097,12.2,4.12,40.0,24.0,8.23,275.58,5.0,6,102000.0,9999999
58362,0,1098,11.1,4.12,0.0,0.0,8.23,270.15,5.0,11,102000.0,9999999
58362,0,1099,9.9,4.09,0.0,0.0,8.23,273.23,5.0,2,102000.0,9999999
58362,0,1100,9.5,4.18,0.0,0.0,8.23,267.89,3.0,13,102000.0,9999999
58362,0,1101,9.9,4.38,0.0,0.0,8.23,269.93,3.0,2,102000.0,9999999
58362,0,1102,9.4,4.22,0.0,0.0,8.23,270.37,3.0,12,102000.0,9999999
58362,0,1103,8.1,3.73,0.0,0.0,8.23,270.15,3.0,14,102000.0,9999999
58362,0,1104,6.4,3.22,0.0,0.0,8.23,265.09,3.0,6,102620.0,9999999
58362,0,1105,5.0,2.81,0.0,0.0,8.23,268.8,3.0,5,102620.0,9999999
58362,0,1106,4.4,2.61,0.0,0.0,8.23,266.5,8.0,1,102620.0,9999999
58362,0,1107,4.3,2.51,0.0,0.0,8.23,265.33,8.0,5,102620.0,9999999
58362,0,1108,4.0,2.4,0.0,0.0,8.23,263.66,8.0,1,102620.0,9999999
58362,0,1109,3.7,2.31,0.0,0.0,8.23,261.47,8.0,1,102620.0,9999999
58362,0,1110,3.3,2.23,0.0,0.0,8.23,263.18,8.0,12,102620.0,9999999
58362,0,1111,3.0,2.18,135.0,50.0,8.23,263.66,8.0,5,102620.0,9999999
58362,0,1112,2.9,2.12,146.0,146.0,8.23,261.71,5.0,16,102620.0,9999999
58362,0,1113,3.0,2.12,249.0,249.0,8.23,260.47,5.0,13,102620.0,9999999
58362,0,1114,3.2,2.12,861.0,317.0,8.23,264.85,5.0,3,102620.0,9999999
58362,0,1115,3.5,2.16,398.0,398.0,8.23,263.42,5.0,16,102620.0,9999999
58362,0,1116,3.8,2.21,416.0,416.0,8.23,261.47,5.0,7,102620.0,9999999
58362,0,1117,4.1,2.27,390.0,390.0,8.23,264.85,5.0,12,102620.0,9999999
58362,0,1118,4.2,2.33,832.0,307.0,8.23,266.03,5.0,1,102620.0,9999999
58362,0,1119,3.9,2.36,230.0,230.0,8.23,261.71,5.0,2,102620.0,9999999
58362,0,1120,3.3,2.36,127.0,127.0,8.23,264.14,5.0,3,102620.0,9999999
58362,0,1121,2.5,2.35,89.0,33.0,8.23,260.47,5.0,3,102620.0,9999999
58362,0,1122,1.8,2.36,0.0,0.0,8.23,261.47,5.0,6,102620.0,9999999
58362,0,1123,1.5,2.4,0.0,0.0,8.23,264.85,5.0,4,102620.0,9999999
58362,0,1124,1.6,2.53,0.0,0.0,8.23,259.72,5.0,1,102620.0,9999999
58362,0,1125,1.8,2.65,0.0,0.0,8.23,265.56,5.0,10,102620.0,9999999
58362,0,1126,1.9,2.74,0.0,0.0,8.23,265.56,5.0,14,102620.0,9999999
58362,0,1127,1.9,2.79,0.0,0.0,8.23,261.96,5.0,12,102620.0,9999999
58362,0,1128,1.7,2.81,0.0,0.0,8.23,260.72,5.0,8,102590.0,9999999
58362,0,1129,1.4,2.79,0.0,0.0,8.23,258.96,5.0,10,102590.0,9999999
58362,0,1130,0.9,2.72,0.0,0.0,8.23,262.2,3.0,2,102590.0,9999999
58362,0,1131,0.2,2.61,0.0,0.0,8.23,259.22,3.0,14,102590.0,9999999
58362,0,1132,-0.6,2.46,0.0,0.0,8.23,262.93,3.0,2,102590.0,9999999
58362,0,1133,-1.2,2.35,0.0,0.0,8.23,262.2,3.0,8,102590.0,9999999
58362,0,1134,-1.4,2.27,0.0,0.0,8.23,257.17,3.0,6,102590.0,9999999
58362,0,1135,-0.2,2.44,85.0,23.0,8.23,255.86,3.0,11,102590.0,9999999
58362,0,1136,2.0,2.76,267.0,49.0,8.23,263.42,4.0,16,102590.0,9999999
58362,0,1137,3.5,2.88,427.0,117.0,8.23,264.14,4.0,15,102590.0,9999999
58362,0,1138,4.1,2.79,341.0,341.0,8.23,264.62,4.0,8,102590.0,9999999
58362,0,1139,4.3,2.59,682.0,187.0,8.23,263.66,4.0,7,102590.0,9999999
58362,0,1140,4.3,2.38,756.0,139.0,8.23,264.38,4.0,6,102590.0,9999999
58362,0,1141,4.4,2.29,708.0,130.0,8.23,265.09,4.0,5,102590.0,9999999
58362,0,1142,5.1,2.36,588.0,108.0,8.23,261.96,2.0,15,102590.0,9999999
58362,0,1143,5.9,2.61,419.0,77.0,8.23,261.71,2.0,8,102590.0,9999999
58362,0,1144,5.7,2.79,220.0,60.0,8.23,264.62,2.0,5,102590.0,9999999
58362,0,1145,5.3,2.97,33.0,33.0,8.23,265.33,2.0,9,102590.0,9999999
58362,0,1146,4.7,3.14,0.0,0.0,8.23,268.8,2.0,1,102590.0,9999999
58362,0,1147,4.1,3.27,0.0,0.0,8.23,266.96,2.0,13,102590.0,9999999
58362,0,1148,3.5,3.35,0.0,0.0,8.23,266.5,3.0,4,102590.0,9999999
58362,0,1149,3.1,3.37,0.0,0.0,8.23,263.18,3.0,10,102590.0,9999999
58362,0,1150,2.9,3.4,0.0,0.0,8.23,265.8,3.0,16,102590.0,9999999
58362,0,1151,2.7,3.37,0.0,0.0,8.23,264.62,3.0,13,102590.0,9999999
58362,0,1152,2.5,3.35,0.0,0.0,8.23,262.69,3.0,14,102640.0,9999999
58362,0,1153,2.3,3.29,0.0,0.0,8.23,261.22,3.0,8,102640.0,9999999
58362,0,1154,2.0,3.22,0.0,0.0,8.23,259.97,3.0,12,102640.0,9999999
58362,0,1155,1.5,3.14,0.0,0.0,8.23,265.8,3.0,3,102640.0,9999999
58362,0,1156,1.0,3.07,0.0,0.0,8.23,263.9,3.0,4,102640.0,9999999
58362,0,1157,0.6,3.02,0.0,0.0,8.23,259.22,3.0,11,102640.0,9999999
58362,0,1158,0.4,2.97,0.0,0.0,8.23,263.18,3.0,10,102640.0,9999999
58362,0,1159,0.5,2.97,83.0,30.0,8.23,261.47,3.0,8,102640.0,9999999
58362,0,1160,1.0,2.97,377.0,93.0,8.23,263.66,3.0,13,102640.0,9999999
58362,0,1161,1.9,2.99,411.0,148.0,8.23,260.47,3.0,16,102640.0,9999999
58362,0,1162,3.2,3.02,327.0,327.0,8.23,263.42,3.0,6,102640.0,9999999
58362,0,1163,4.7,3.02,385.0,385.0,8.23,265.33,3.0,12,102640.0,9999999
58362,0,1164,6.2,2.97,402.0,402.0,8.23,266.27,3.0,10,102640.0,9999999
58362,0,1165,7.6,2.92,641.0,231.0,8.23,267.43,3.0,11,102640.0,9999999
58362,0,1166,8.7,2.88,533.0,192.0,8.23,269.93,5.0,16,102640.0,9999999
58362,0,1167,9.4,2.83,590.0,145.0,8.23,268.8,5.0,11,102640.0,9999999
58362,0,1168,9.7,2.83,329.0,81.0,8.23,267.66,5.0,5,102640.0,9999999
58362,0,1169,9.5,2.88,56.0,20.0,8.23,271.7,5.0,14,102640.0,9999999
58362,0,1170,9.0,2.95,0.0,0.0,8.23,265.09,5.0,12,102640.0,9999999
58362,0,1171,8.4,3.07,0.0,0.0,8.23,269.03,5.0,3,102640.0,9999999
58362,0,1172,7.6,3.22,0.0,0.0,8.23,270.37,3.0,3,102640.0,9999999
58362,0,1173,6.9,3.4,0.0,0.0,8.23,264.85,3.0,1,102640.0,9999999
58362,0,1174,6.2,3.62,0.0,0.0,8.23,269.25,3.0,3,102640.0,9999999
58362,0,1175,5.5,3.82,0.0,0.0,8.23,266.27,3.0,16,102640.0,9999999
58362,0,1176,4.8,3.97,0.0,0.0,8.23,267.2,3.0,7,102720.0,9999999
58362,0,1177,4.1,4.09,0.0,0.0,8.23,266.5,3.0,3,102720.0,9999999
58362,0,1178,3.4,4.12,0.0,0.0,8.23,264.14,1.0,4,102720.0,9999999
58362,0,1179,2.7,4.09,0.0,0.0,8.23,260.22,1.0,12,102720.0,9999999
58362,0,1180,2.1,4.03,0.0,0.0,8.23,263.9,1.0,4,102720.0,9999999
58362,0,1181,1.7,3.91,0.0,0.0,8.23,263.42,1.0,9,102720.0,9999999
58362,0,1182,1.5,3.82,0.0,0.0,8.23,261.47,1.0,6,102720.0,9999999
58362,0,1183,1.9,3.82,84.0,31.0,8.23,259.22,1.0,3,102720.0,9999999
58362,0,1184,2.8,3.85,142.0,142.0,8.23,262.2,0.0,0,102720.0,9999999
58362,0,1185,3.7,3.79,408.0,150.0,8.23,264.14,0.0,8,102720.0,9999999
58362,0,1186,4.5,3.65,876.0,220.0,8.23,263.66,0.0,8,102720.0,9999999
58362,0,1187,5.4,3.51,647.0,238.0,8.23,269.93,0.0,6,102720.0,9999999
58362,0,1188,6.5,3.43,677.0,249.0,8.23,264.38,0.0,13,102720.0,9999999
58362,0,1189,7.9,3.53,372.0,372.0,8.23,264.62,0.0,15,102720.0,9999999
58362,0,1190,9.8,3.97,310.0,310.0,8.23,269.48,3.0,4,102720.0,9999999
58362,0,1191,11.3,4.65,378.0,139.0,8.23,271.48,3.0,4,102720.0,9999999
58362,0,1192,10.9,5.04,124.0,124.0,8.23,276.41,3.0,10,102720.0,9999999
58362,0,1193,10.0,5.3,34.0,34.0,8.23,275.58,3.0,10,102720.0,9999999
58362,0,1194,8.8,5.38,0.0,0.0,8.23,268.8,3.0,5,102720.0,9999999
58362,0,1195,7.5,5.3,0.0,0.0,8.23,270.6,3.0,6,102720.0,9999999
58362,0,1196,6.4,5.08,0.0,0.0,8.23,268.8,2.0,5,102720.0,9999999
58362,0,1197,5.7,4.79,0.0,0.0,8.23,271.04,2.0,14,102720.0,9999999
58362,0,1198,5.5,4.48,0.0,0.0,8.23,264.38,2.0,2,102720.0,9999999
58362,0,1199,5.7,4.18,0.0,0.0,8.23,270.6,2.0,14,102720.0,9999999
58362,0,1200,6.1,3.88,0.0,0.0,8.23,266.96,2.0,13,102380.0,9999999
58362,0,1201,6.5,3.62,0.0,0.0,8.23,266.73,2.0,8,102380.0,9999999
58362,0,1202,6.8,3.4,0.0,0.0,8.23,264.62,3.0,9,102380.0,9999999
58362,0,1203,6.8,3.27,0.0,0.0,8.23,271.04,3.0,11,102380.0,9999999
58362,0,1204,6.7,3.19,0.0,0.0,8.23,269.48,3.0,13,102380.0,9999999
58362,0,1205,6.6,3.19,0.0,0.0,8.23,265.8,3.0,8,102380.0,9999999
58362,0,1206,6.6,3.22,0.0,0.0,8.23,264.38,3.0,7,102380.0,9999999
58362,0,1207,7.0,3.29,89.0,30.0,8.23,264.85,3.0,7,102380.0,9999999
58362,0,1208,7.8,3.4,252.0,86.0,8.23,264.38,5.0,10,102380.0,9999999
58362,0,1209,9.2,3.48,248.0,248.0,8.23,269.7,5.0,12,102380.0,9999999
58362,0,1210,11.0,3.53,335.0,335.0,8.23,273.87,5.0,9,102380.0,9999999
58362,0,1211,12.9,3.51,670.0,227.0,8.23,272.58,5.0,15,102380.0,9999999
58362,0,1212,14.8,3.43,901.0,207.0,8.23,276.21,5.0,6,102380.0,9999999
58362,0,1213,16.3,3.27,845.0,194.0,8.23,274.52,5.0,10,102380.0,9999999
58362,0,1214,17.3,3.17,547.0,185.0,8.23,281.1,5.0,10,102380.0,9999999
58362,0,1215,17.6,3.19,230.0,230.0,8.23,279.9,5.0,4,102380.0,9999999
58362,0,1216,17.3,3.29,130.0,130.0,8.23,273.23,5.0,7,102380.0,9999999
58362,0,1217,16.5,3.48,62.0,21.0,8.23,278.07,5.0,8,102380.0,9999999
58362,0,1218,15.4,3.62,0.0,0.0,8.23,273.01,5.0,11,102380.0,9999999
58362,0,1219,14.0,3.73,0.0,0.0,8.23,275.15,5.0,2,102380.0,9999999
58362,0,1220,12.7,3.79,0.0,0.0,8.23,277.25,4.0,12,102380.0,9999999
58362,0,1221,11.5,3.79,0.0,0.0,8.23,272.14,4.0,16,102380.0,9999999
58362,0,1222,10.4,3.73,0.0,0.0,8.23,269.25,4.0,11,102380.0,9999999
58362,0,1223,9.3,3.7,0.0,0.0,8.23,269.93,4.0,5,102380.0,9999999
58362,0,1224,8.4,3.7,0.0,0.0,8.23,269.7,4.0,4,102960.0,9999999
58362,0,1225,7.5,3.7,0.0,0.0,8.23,264.38,4.0,14,102960.0,9999999
58362,0,1226,6.6,3.76,0.0,0.0,8.23,269.7,2.0,2,102960.0,9999999
58362,0,1227,5.8,3.85,0.0,0.0,8.23,264.14,2.0,1,102960.0,9999999
58362,0,1228,5.0,3.97,0.0,0.0,8.23,268.34,2.0,16,102960.0,9999999
58362,0,1229,4.6,4.12,0.0,0.0,8.23,265.8,2.0,1,102960.0,9999999
58362,0,1230,4.5,4.28,0.0,0.0,8.23,265.8,2.0,6,102960.0,9999999
58362,0,1231,5.0,4.48,64.0,13.0,8.23,263.9,2.0,12,102960.0,9999999
58362,0,1232,6.2,4.72,336.0,42.0,8.23,266.73,3.0,2,102960.0,9999999
58362,0,1233,8.1,4.89,561.0,70.0,8.23,270.15,3.0,8,102960.0,9999999
58362,0,1234,10.1,4.93,400.0,80.0,8.23,267.66,3.0,6,102960.0,9999999
58362,0,1235,11.9,4.61,886.0,111.0,8.23,277.04,3.0,1,102960.0,9999999
58362,0,1236,12.9,3.97,926.0,116.0,8.23,272.58,3.0,2,102960.0,9999999
58362,0,1237,12.6,3.19,868.0,109.0,8.23,272.58,3.0,2,102960.0,9999999
58362,0,1238,11.1,2.57,383.0,77.0,8.23,268.8,4.0,4,102960.0,9999999
58362,0,1239,8.8,2.25,520.0,65.0,8.23,265.33,4.0,5,102960.0,9999999
58362,0,1240,6.5,2.18,156.0,31.0,8.23,265.56,4.0,5,102960.0,9999999
58362,0,1241,4.9,2.33,84.0,11.0,8.23,264.85,4.0,8,102960.0,9999999
58362,0,1242,4.6,2.7,0.0,0.0,8.23,266.96,4.0,16,102960.0,9999999
58362,0,1243,5.2,3.24,0.0,0.0,8.23,264.62,4.0,11,102960.0,9999999
58362,0,1244,6.0,3.79,0.0,0.0,8.23,265.8,5.0,3,102960.0,9999999
58362,0,1245,6.4,4.18,0.0,0.0,8.23,263.66,5.0,13,102960.0,9999999
58362,0,1246,6.4,4.31,0.0,0.0,8.23,267.2,5.0,2,102960.0,9999999
58362,0,1247,6.1,4.25,0.0,0.0,8.23,267.2,5.0,15,102960.0,9999999
58362,0,1248,5.6,4.09,0.0,0.0,8.23,269.03,5.0,3,103080.0,9999999
58362,0,1249,5.1,3.88,0.0,0.0,8.23,262.2,5.0,11,103080.0,9999999
58362,0,1250,4.5,3.67,0.0,0.0,8.23,265.33,4.0,3,103080.0,9999999
58362,0,1251,4.1,3.53,0.0,0.0,8.23,266.03,4.0,2,103080.0,9999999
58362,0,1252,3.8,3.48,0.0,0.0,8.23,265.09,4.0,2,103080.0,9999999
58362,0,1253,3.6,3.43,0.0,0.0,8.23,263.66,4.0,2,103080.0,9999999
58362,0,1254,3.5,3.43,0.0,0.0,8.23,262.45,4.0,4,103080.0,9999999
58362,0,1255,4.0,3.51,99.0,34.0,8.23,264.14,4.0,10,103080.0,9999999
58362,0,1256,4.8,3.65,477.0,109.0,8.23,264.62,4.0,3,103080.0,9999999
58362,0,1257,5.4,3.67,453.0,154.0,8.23,269.93,4.0,6,103080.0,9999999
58362,0,1258,5.7,3.62,358.0,358.0,8.23,265.8,4.0,12,103080.0,9999999
58362,0,1259,5.9,3.51,419.0,419.0,8.23,267.2,4.0,9,103080.0,9999999
58362,0,1260,6.2,3.43,438.0,438.0,8.23,268.12,4.0,4,103080.0,9999999
58362,0,1261,6.6,3.4,699.0,237.0,8.23,270.82,4.0,4,103080.0,9999999
58362,0,1262,7.3,3.51,343.0,343.0,8.23,266.73,3.0,6,103080.0,9999999
58362,0,1263,8.0,3.73,247.0,247.0,8.23,272.58,3.0,7,103080.0,9999999
58362,0,1264,7.8,3.79,239.0,81.0,8.23,268.57,3.0,9,103080.0,9999999
58362,0,1265,7.3,3.85,145.0,33.0,8.23,264.38,3.0,5,103080.0,9999999
58362,0,1266,6.7,3.88,0.0,0.0,8.23,263.66,3.0,11,103080.0,9999999
58362,0,1267,6.1,3.88,0.0,0.0,8.23,268.34,3.0,11,103080.0,9999999
58362,0,1268,5.6,3.91,0.0,0.0,8.23,263.9,4.0,4,103080.0,9999999
58362,0,1269,5.3,3.97,0.0,0.0,8.23,268.8,4.0,16,103080.0,9999999
58362,0,1270,5.3,4.03,0.0,0.0,8.23,270.15,4.0,8,103080.0,9999999
58362,0,1271,5.3,4.12,0.0,0.0,8.23,270.37,4.0,1,103080.0,9999999
58362,0,1272,5.4,4.22,0.0,0.0,8.23,262.69,4.0,12,102650.0,9999999
58362,0,1273,5.5,4.28,0.0,0.0,8.23,270.6,4.0,16,102650.0,9999999
58362,0,1274,5.4,4.31,0.0,0.0,8.23,264.85,3.0,6,102650.0,9999999
58362,0,1275,5.2,4.31,0.0,0.0,8.23,264.85,3.0,3,102650.0,9999999
58362,0,1276,4.9,4.28,0.0,0.0,8.23,263.66,3.0,16,102650.0,9999999
58362,0,1277,4.6,4.25,0.0,0.0,8.23,263.18,3.0,3,102650.0,9999999
58362,0,1278,4.5,4.25,0.0,0.0,8.23,268.12,3.0,9,102650.0,9999999
58362,0,1279,5.3,4.51,204.0,114.0,8.23,262.93,3.0,12,102650.0,9999999
58362,0,1280,6.7,4.93,120.0,120.0,8.23,270.82,2.0,6,102650.0,9999999
58362,0,1281,7.8,5.23,719.0,401.0,8.23,268.57,2.0,13,102650.0,9999999
58362,0,1282,8.4,5.3,268.0,268.0,8.23,269.03,2.0,13,102650.0,9999999
58362,0,1283,8.7,5.27,314.0,314.0,8.23,266.5,2.0,2,102650.0,9999999
58362,0,1284,8.9,5.15,328.0,328.0,8.23,271.26,2.0,8,102650.0,9999999
58362,0,1285,9.2,5.11,307.0,307.0,8.23,268.12,2.0,2,102650.0,9999999
58362,0,1286,9.6,5.23,257.0,257.0,8.23,270.15,5.0,6,102650.0,9999999
58362,0,1287,10.2,5.5,185.0,185.0,8.23,276.0,5.0,9,102650.0,9999999
58362,0,1288,10.6,5.74,106.0,106.0,8.23,268.57,5.0,3,102650.0,9999999
58362,0,1289,10.5,5.87,150.0,83.0,8.23,276.41,5.0,4,102650.0,9999999
58362,0,1290,10.1,5.95,0.0,0.0,8.23,269.48,5.0,2,102650.0,9999999
58362,0,1291,9.7,5.95,0.0,0.0,8.23,270.82,5.0,1,102650.0,9999999
58362,0,1292,9.3,5.95,0.0,0.0,8.23,269.7,2.0,7,102650.0,9999999
58362,0,1293,9.1,5.95,0.0,0.0,8.23,268.57,2.0,9,102650.0,9999999
58362,0,1294,8.9,5.95,0.0,0.0,8.23,267.2,2.0,3,102650.0,9999999
58362,0,1295,8.9,5.99,0.0,0.0,8.23,268.34,2.0,1,102650.0,9999999
58362,0,1296,8.9,5.99,0.0,0.0,8.23,270.6,2.0,2,102170.0,9999999
58362,0,1297,9.1,6.12,0.0,0.0,8.23,270.82,2.0,10,102170.0,9999999
58362,0,1298,9.5,6.34,0.0,0.0,8.23,269.25,1.0,7,102170.0,9999999
58362,0,1299,9.9,6.57,0.0,0.0,8.23,271.7,1.0,7,102170.0,9999999
58362,0,1300,10.1,6.75,0.0,0.0,8.23,271.48,1.0,3,102170.0,9999999
58362,0,1301,10.4,6.94,0.0,0.0,8.23,271.92,1.0,14,102170.0,9999999
58362,0,1302,10.6,7.04,0.0,0.0,8.23,275.58,1.0,4,102170.0,9999999
58362,0,1303,10.8,7.09,102.0,57.0,8.23,275.79,1.0,11,102170.0,9999999
58362,0,1304,11.0,6.99,114.0,114.0,8.23,272.58,2.0,8,102170.0,9999999
58362,0,1305,11.3,6.85,188.0,188.0,8.23,276.21,2.0,6,102170.0,9999999
58362,0,1306,11.7,6.66,253.0,253.0,8.23,273.66,2.0,5,102170.0,9999999
58362,0,1307,12.4,6.52,710.0,396.0,8.23,277.25,2.0,7,102170.0,9999999
58362,0,1308,13.4,6.52,741.0,413.0,8.23,273.01,2.0,5,102170.0,9999999
58362,0,1309,14.8,6.8,290.0,290.0,8.23,277.66,2.0,3,102170.0,9999999
58362,0,1310,16.7,7.54,242.0,242.0,8.23,278.27,2.0,3,102170.0,9999999
58362,0,1311,18.9,8.81,420.0,234.0,8.23,279.29,2.0,9,102170.0,9999999
58362,0,1312,20.0,9.8,100.0,100.0,8.23,281.69,2.0,7,102170.0,9999999
58362,0,1313,19.1,9.8,73.0,41.0,8.23,280.7,2.0,16,102170.0,9999999
58362,0,1314,17.0,9.11,0.0,0.0,8.23,278.48,2.0,14,102170.0,9999999
58362,0,1315,14.5,8.13,0.0,0.0,8.23,275.79,2.0,9,102170.0,9999999
58362,0,1316,12.5,7.39,0.0,0.0,8.23,274.09,2.0,5,102170.0,9999999
58362,0,1317,11.6,7.09,0.0,0.0,8.23,276.62,2.0,8,102170.0,9999999
58362,0,1318,11.6,7.14,0.0,0.0,8.23,271.7,2.0,15,102170.0,9999999
58362,0,1319,12.4,7.39,0.0,0.0,8.23,276.41,2.0,4,102170.0,9999999
58362,0,1320,13.5,7.8,0.0,0.0,8.23,275.15,2.0,9,102010.0,9999999
58362,0,1321,14.6,8.24,0.0,0.0,8.23,278.89,2.0,2,102010.0,9999999
58362,0,1322,15.4,8.52,0.0,0.0,8.23,279.09,4.0,9,102010.0,9999999
58362,0,1323,15.7,8.52,0.0,0.0,8.23,278.27,4.0,6,102010.0,9999999
58362,0,1324,15.6,8.35,0.0,0.0,8.23,280.1,4.0,5,102010.0,9999999
58362,0,1325,15.4,8.18,0.0,0.0,8.23,276.62,4.0,2,102010.0,9999999
58362,0,1326,15.3,8.02,0.0,0.0,8.23,277.66,4.0,8,102010.0,9999999
58362,0,1327,15.5,8.02,127.0,72.0,8.23,274.52,4.0,9,102010.0,9999999
58362,0,1328,16.3,8.3,117.0,117.0,8.23,275.15,2.0,12,102010.0,9999999
58362,0,1329,17.7,8.93,192.0,192.0,8.23,280.9,2.0,9,102010.0,9999999
58362,0,1330,19.3,9.67,741.0,421.0,8.23,282.67,2.0,11,102010.0,9999999
58362,0,1331,20.6,10.4,300.0,300.0,8.23,284.22,2.0,3,102010.0,9999999
58362,0,1332,21.1,10.53,314.0,314.0,8.23,280.7,2.0,16,102010.0,9999999
58362,0,1333,20.1,9.93,849.0,482.0,8.23,283.06,2.0,8,102010.0,9999999
58362,0,1334,17.6,8.64,246.0,246.0,8.23,279.49,4.0,1,102010.0,9999999
58362,0,1335,15.0,7.59,178.0,178.0,8.23,277.25,4.0,9,102010.0,9999999
58362,0,1336,12.8,6.85,103.0,103.0,8.23,271.26,4.0,11,102010.0,9999999
58362,0,1337,11.1,6.43,32.0,32.0,8.23,276.0,4.0,1,102010.0,9999999
58362,0,1338,10.0,6.25,0.0,0.0,8.23,271.7,4.0,10,102010.0,9999999
58362,0,1339,9.6,6.34,0.0,0.0,8.23,270.15,4.0,16,102010.0,9999999
58362,0,1340,9.8,6.61,0.0,0.0,8.23,271.7,3.0,2,102010.0,9999999
58362,0,1341,9.9,6.75,0.0,0.0,8.23,272.36,3.0,10,102010.0,9999999
58362,0,1342,9.8,6.75,0.0,0.0,8.23,274.73,3.0,14,102010.0,9999999
58362,0,1343,9.6,6.61,0.0,0.0,8.23,271.92,3.0,11,102010.0,9999999
58362,0,1344,9.2,6.39,0.0,0.0,8.23,274.09,3.0,9,102470.0,9999999
58362,0,1345,8.8,6.16,0.0,0.0,8.23,274.94,3.0,1,102470.0,9999999
58362,0,1346,8.4,5.99,0.0,0.0,8.23,267.89,4.0,16,102470.0,9999999
58362,0,1347,8.0,5.91,0.0,0.0,8.23,270.82,4.0,4,102470.0,9999999
58362,0,1348,7.8,5.87,0.0,0.0,8.23,271.26,4.0,8,102470.0,9999999
58362,0,1349,7.6,5.91,0.0,0.0,8.23,269.7,4.0,3,102470.0,9999999
58362,0,1350,7.5,5.99,0.0,0.0,8.23,267.89,4.0,2,102470.0,9999999
58362,0,1351,7.7,6.12,27.0,27.0,8.23,269.03,4.0,12,102470.0,9999999
58362,0,1352,8.1,6.39,70.0,70.0,8.23,271.04,3.0,16,102470.0,9999999
58362,0,1353,8.4,6.52,115.0,115.0,8.23,269.25,3.0,10,102470.0,9999999
58362,0,1354,8.7,6.61,153.0,153.0,8.23,271.7,3.0,6,102470.0,9999999
58362,0,1355,8.9,6.61,179.0,179.0,8.23,273.87,3.0,3,102470.0,9999999
58362,0,1356,9.2,6.66,187.0,187.0,8.23,272.36,3.0,9,102470.0,9999999
58362,0,1357,9.4,6.71,176.0,176.0,8.23,271.92,3.0,10,102470.0,9999999
58362,0,1358,9.8,6.75,147.0,147.0,8.23,271.26,4.0,4,102470.0,9999999
58362,0,1359,10.2,6.9,107.0,107.0,8.23,271.04,4.0,12,102470.0,9999999
58362,0,1360,10.4,6.99,62.0,62.0,8.23,277.04,4.0,15,102470.0,9999999
58362,0,1361,10.2,6.9,20.0,20.0,8.23,271.7,4.0,7,102470.0,9999999
58362,0,1362,9.8,6.71,0.0,0.0,8.23,276.21,4.0,12,102470.0,9999999
58362,0,1363,9.3,6.52,0.0,0.0,8.23,269.93,4.0,3,102470.0,9999999
58362,0,1364,8.8,6.34,0.0,0.0,8.23,268.57,3.0,4,102470.0,9999999
58362,0,1365,8.5,6.21,0.0,0.0,8.23,273.23,3.0,2,102470.0,9999999
58362,0,1366,8.3,6.16,0.0,0.0,8.23,268.8,3.0,11,102470.0,9999999
58362,0,1367,8.2,6.16,0.0,0.0,8.23,266.5,3.0,2,102470.0,9999999
58362,0,1368,8.1,6.16,0.0,0.0,8.23,272.8,3.0,7,102340.0,9999999
58362,0,1369,8.1,6.21,0.0,0.0,8.23,272.8,3.0,13,102340.0,9999999
58362,0,1370,8.0,6.25,0.0,0.0,8.23,269.7,2.0,4,102340.0,9999999
58362,0,1371,7.8,6.25,0.0,0.0,8.23,270.15,2.0,7,102340.0,9999999
58362,0,1372,7.6,6.25,0.0,0.0,8.23,270.6,2.0,6,102340.0,9999999
58362,0,1373,7.5,6.25,0.0,0.0,8.23,271.26,2.0,7,102340.0,9999999
58362,0,1374,7.4,6.21,0.0,0.0,8.23,267.2,2.0,12,102340.0,9999999
58362,0,1375,7.7,6.3,100.0,53.0,8.23,273.87,2.0,2,102340.0,9999999
58362,0,1376,8.4,6.43,121.0,121.0,8.23,269.03,2.0,6,102340.0,9999999
58362,0,1377,9.2,6.52,421.0,222.0,8.23,270.6,2.0,10,102340.0,9999999
58362,0,1378,10.0,6.52,264.0,264.0,8.23,268.57,2.0,5,102340.0,9999999
58362,0,1379,10.9,6.48,655.0,345.0,8.23,272.58,2.0,7,102340.0,9999999
58362,0,1380,11.7,6.48,684.0,360.0,8.23,276.41,2.0,5,102340.0,9999999
58362,0,1381,12.4,6.52,642.0,339.0,8.23,274.09,2.0,11,102340.0,9999999
58362,0,1382,13.1,6.71,253.0,253.0,8.23,274.94,4.0,6,102340.0,9999999
58362,0,1383,13.5,7.04,184.0,184.0,8.23,273.23,4.0,11,102340.0,9999999
58362,0,1384,13.3,7.29,107.0,107.0,8.23,279.9,4.0,10,102340.0,9999999
58362,0,1385,12.8,7.49,73.0,39.0,8.23,274.52,4.0,10,102340.0,9999999
58362,0,1386,12.2,7.65,0.0,0.0,8.23,277.45,4.0,3,102340.0,9999999
58362,0,1387,11.6,7.75,0.0,0.0,8.23,270.6,4.0,10,102340.0,9999999
58362,0,1388,11.1,7.86,0.0,0.0,8.23,276.62,4.0,7,102340.0,9999999
58362,0,1389,10.9,7.91,0.0,0.0,8.23,276.41,4.0,12,102340.0,9999999
58362,0,1390,11.0,8.02,0.0,0.0,8.23,273.44,4.0,5,102340.0,9999999
58362,0,1391,11.4,8.13,0.0,0.0,8.23,271.7,4.0,12,102340.0,9999999
58362,0,1392,12.0,8.35,0.0,0.0,8.23,279.09,4.0,4,101850.0,9999999
58362,0,1393,12.9,8.7,0.0,0.0,8.23,275.58,4.0,6,101850.0,9999999
58362,0,1394,13.9,9.11,0.0,0.0,8.23,273.23,3.0,9,101850.0,9999999
58362,0,1395,15.1,9.74,0.0,0.0,8.23,282.67,3.0,12,101850.0,9999999
58362,0,1396,16.1,10.26,0.0,0.0,8.23,277.04,3.0,13,101850.0,9999999
58362,0,1397,16.8,10.6,0.0,0.0,8.23,277.86,3.0,2,101850.0,9999999
58362,0,1398,16.7,10.46,0.0,0.0,8.23,280.5,3.0,8,101850.0,9999999
58362,0,1399,15.9,9.86,24.0,24.0,8.23,279.49,3.0,9,101850.0,9999999
58362,0,1400,15.3,9.48,62.0,62.0,8.23,281.29,6.0,10,101850.0,9999999
58362,0,1401,15.0,9.23,100.0,100.0,8.23,278.27,6.0,12,101850.0,9999999
58362,0,1402,14.3,8.81,133.0,133.0,8.23,280.1,6.0,3,101850.0,9999999
58362,0,1403,13.3,8.24,156.0,156.0,8.23,278.89,6.0,13,101850.0,9999999
58362,0,1404,12.3,7.75,162.0,162.0,8.23,279.09,6.0,5,101850.0,9999999
58362,0,1405,11.6,7.34,153.0,153.0,8.23,270.37,6.0,14,101850.0,9999999
58362,0,1406,11.3,7.14,128.0,128.0,8.23,271.26,5.0,14,101850.0,9999999
58362,0,1407,10.9,6.94,93.0,93.0,8.23,272.36,5.0,8,101850.0,9999999
58362,0,1408,10.0,6.43,54.0,54.0,8.23,268.34,5.0,10,101850.0,9999999
58362,0,1409,8.8,5.91,18.0,18.0,8.23,270.37,5.0,5,101850.0,9999999
58362,0,1410,7.9,5.5,0.0,0.0,8.23,268.8,5.0,16,101850.0,9999999
58362,0,1411,7.4,5.34,0.0,0.0,8.23,265.33,5.0,13,101850.0,9999999
58362,0,1412,7.6,5.46,0.0,0.0,8.23,269.03,4.0,1,101850.0,9999999
58362,0,1413,8.0,5.74,0.0,0.0,8.23,270.6,4.0,6,101850.0,9999999
58362,0,1414,8.4,5.99,0.0,0.0,8.23,271.92,4.0,4,101850.0,9999999
58362,0,1415,8.6,6.3,0.0,0.0,8.23,270.37,4.0,8,101850.0,9999999
58362,0,1416,8.8,6.52,0.0,0.0,12.03,270.15,4.0,12,101560.0,9999999
58362,0,1417,8.8,6.66,0.0,0.0,12.03,272.8,4.0,7,101560.0,9999999
58362,0,1418,8.6,6.66,0.0,0.0,12.03,274.94,6.0,13,101560.0,9999999
58362,0,1419,8.1,6.52,0.0,0.0,12.03,266.73,6.0,8,101560.0,9999999
58362,0,1420,7.5,6.25,0.0,0.0,12.03,272.36,6.0,10,101560.0,9999999
58362,0,1421,7.0,6.04,0.0,0.0,12.03,270.6,6.0,5,101560.0,9999999
58362,0,1422,6.8,5.95,0.0,0.0,12.03,271.48,6.0,2,101560.0,9999999
58362,0,1423,6.8,5.91,17.0,17.0,12.03,271.48,6.0,15,101560.0,9999999
58362,0,1424,6.9,5.87,44.0,44.0,12.03,271.48,7.0,14,101560.0,9999999
58362,0,1425,7.0,5.78,71.0,71.0,12.03,270.37,7.0,16,101560.0,9999999
58362,0,1426,7.1,5.74,95.0,95.0,12.03,267.43,7.0,10,101560.0,9999999
58362,0,1427,7.3,5.74,110.0,110.0,12.03,268.8,7.0,11,101560.0,9999999
58362,0,1428,7.6,5.82,115.0,115.0,12.03,267.89,7.0,12,101560.0,9999999
58362,0,1429,8.1,5.99,108.0,108.0,12.03,272.8,7.0,1,101560.0,9999999
58362,0,1430,8.8,6.25,91.0,91.0,12.03,267.2,5.0,14,101560.0,9999999
58362,0,1431,9.7,6.66,66.0,66.0,12.03,271.04,5.0,4,101560.0,9999999
58362,0,1432,10.5,7.09,39.0,39.0,12.03,273.23,5.0,2,101560.0,9999999
58362,0,1433,10.9,7.34,13.0,13.0,12.03,273.66,5.0,12,101560.0,9999999
58362,0,1434,10.5,7.19,0.0,0.0,12.03,274.52,5.0,8,101560.0,9999999
58362,0,1435,9.5,6.75,0.0,0.0,12.03,271.48,5.0,11,101560.0,9999999
58362,0,1436,8.5,6.34,0.0,0.0,12.03,270.82,1.0,15,101560.0,9999999
58362,0,1437,7.9,6.04,0.0,0.0,12.03,269.7,1.0,16,101560.0,9999999
58362,0,1438,7.7,5.91,0.0,0.0,12.03,266.03,1.0,10,101560.0,9999999
58362,0,1439,7.7,5.87,0.0,0.0,12.03,269.93,1.0,10,101560.0,9999999
58362,0,1440,7.9,5.87,0.0,0.0,12.03,268.34,1.0,9,101140.0,9999999
58362,0,1441,8.1,5.91,0.0,0.0,12.03,271.48,1.0,4,101140.0,9999999
58362,0,1442,8.2,5.91,0.0,0.0,12.03,272.8,3.0,8,101140.0,9999999
58362,0,1443,8.2,5.91,0.0,0.0,12.03,266.5,3.0,2,101140.0,9999999
58362,0,1444,8.0,5.82,0.0,0.0,12.03,271.48,3.0,2,101140.0,9999999
58362,0,1445,7.9,5.78,0.0,0.0,12.03,268.34,3.0,3,101140.0,9999999
58362,0,1446,7.8,5.74,0.0,0.0,12.03,269.25,3.0,16,101140.0,9999999
58362,0,1447,8.0,5.78,239.0,102.0,12.03,269.48,3.0,5,101140.0,9999999
58362,0,1448,8.6,5.95,167.0,167.0,12.03,272.14,4.0,7,101140.0,9999999
58362,0,1449,9.6,6.25,269.0,269.0,12.03,271.92,4.0,2,101140.0,9999999
58362,0,1450,10.9,6.61,358.0,358.0,12.03,272.8,4.0,12,101140.0,9999999
58362,0,1451,12.3,7.09,417.0,417.0,12.03,278.89,4.0,16,101140.0,9999999
58362,0,1452,13.7,7.54,435.0,435.0,12.03,276.0,4.0,11,101140.0,9999999
58362,0,1453,14.9,7.97,409.0,409.0,12.03,277.66,4.0,16,101140.0,9999999
58362,0,1454,15.6,8.3,343.0,343.0,12.03,275.79,4.0,9,101140.0,9999999
58362,0,1455,15.9,8.46,251.0,251.0,12.03,278.48,4.0,16,101140.0,9999999
58362,0,1456,15.9,8.64,468.0,201.0,12.03,279.09,4.0,7,101140.0,9999999
58362,0,1457,15.6,8.7,50.0,50.0,12.03,278.68,4.0,13,101140.0,9999999
58362,0,1458,15.0,8.58,0.0,0.0,12.03,282.08,4.0,16,101140.0,9999999
58362,0,1459,14.3,8.46,0.0,0.0,12.03,276.41,4.0,7,101140.0,9999999
58362,0,1460,13.9,8.52,0.0,0.0,12.03,281.1,1.0,14,101140.0,9999999
58362,0,1461,13.9,8.75,0.0,0.0,12.03,281.1,1.0,5,101140.0,9999999
58362,0,1462,13.7,8.87,0.0,0.0,12.03,279.49,1.0,11,101140.0,9999999
58362,0,1463,13.1,8.7,0.0,0.0,12.03,274.52,1.0,7,101140.0,9999999
58362,0,1464,12.4,8.41,0.0,0.0,12.03,274.52,1.0,4,101820.0,9999999
58362,0,1465,11.5,8.02,0.0,0.0,12.03,274.52,1.0,16,101820.0,9999999
58362,0,1466,10.6,7.65,0.0,0.0,12.03,269.48,5.0,15,101820.0,9999999
58362,0,1467,9.7,7.24,0.0,0.0,12.03,270.82,5.0,1,101820.0,9999999
58362,0,1468,8.9,6.9,0.0,0.0,12.03,273.01,5.0,7,101820.0,9999999
58362,0,1469,8.2,6.52,0.0,0.0,12.03,269.7,5.0,9,101820.0,9999999
58362,0,1470,7.6,6.16,0.0,0.0,12.03,268.8,5.0,5,101820.0,9999999
58362,0,1471,7.1,5.78,22.0,22.0,12.03,273.01,5.0,1,101820.0,9999999
58362,0,1472,6.6,5.42,54.0,54.0,12.03,269.93,6.0,2,101820.0,9999999
58362,0,1473,6.2,5.0,87.0,87.0,12.03,269.25,6.0,3,101820.0,9999999
58362,0,1474,6.0,4.58,115.0,115.0,12.03,267.43,6.0,4,101820.0,9999999
58362,0,1475,5.8,4.18,134.0,134.0,12.03,268.34,6.0,3,101820.0,9999999
58362,0,1476,5.5,3.85,139.0,139.0,12.03,262.69,6.0,11,101820.0,9999999
58362,0,1477,5.3,3.53,131.0,131.0,12.03,264.85,6.0,6,101820.0,9999999
58362,0,1478,5.0,3.35,110.0,110.0,12.03,265.09,7.0,2,101820.0,9999999
58362,0,1479,4.6,3.19,81.0,81.0,12.03,261.22,7.0,11,101820.0,9999999
58362,0,1480,4.2,3.14,48.0,48.0,12.03,261.96,7.0,1,101820.0,9999999
58362,0,1481,3.8,3.12,16.0,16.0,12.03,264.62,7.0,10,101820.0,9999999
58362,0,1482,3.4,3.12,0.0,0.0,12.03,267.66,7.0,7,101820.0,9999999
58362,0,1483,3.1,3.14,0.0,0.0,12.03,267.2,7.0,9,101820.0,9999999
58362,0,1484,2.8,3.14,0.0,0.0,12.03,264.62,5.0,2,101820.0,9999999
58362,0,1485,2.7,3.12,0.0,0.0,12.03,263.66,5.0,13,101820.0,9999999
58362,0,1486,2.6,3.09,0.0,0.0,12.03,263.42,5.0,2,101820.0,9999999
58362,0,1487,2.6,3.07,0.0,0.0,12.03,265.33,5.0,1,101820.0,9999999
58362,0,1488,2.6,3.04,0.0,0.0,12.03,266.73,5.0,11,102420.0,9999999
58362,0,1489,2.7,2.99,0.0,0.0,12.03,264.38,5.0,9,102420.0,9999999
58362,0,1490,2.7,2.99,0.0,0.0,12.03,265.33,5.0,2,102420.0,9999999
58362,0,1491,2.7,2.99,0.0,0.0,12.03,262.93,5.0,12,102420.0,9999999
58362,0,1492,2.7,2.99,0.0,0.0,12.03,260.47,5.0,6,102420.0,9999999
58362,0,1493,2.6,3.04,0.0,0.0,12.03,261.96,5.0,1,102420.0,9999999
58362,0,1494,2.6,3.07,0.0,0.0,12.03,266.73,5.0,1,102420.0,9999999
58362,0,1495,2.8,3.17,26.0,26.0,12.03,262.2,5.0,3,102420.0,9999999
58362,0,1496,3.2,3.27,62.0,62.0,12.03,263.18,3.0,3,102420.0,9999999
58362,0,1497,3.6,3.37,100.0,100.0,12.03,262.45,3.0,16,102420.0,9999999
58362,0,1498,3.9,3.45,132.0,132.0,12.03,266.96,3.0,5,102420.0,9999999
58362,0,1499,4.2,3.53,154.0,154.0,12.03,268.8,3.0,12,102420.0,9999999
58362,0,1500,4.6,3.59,160.0,160.0,12.03,264.85,3.0,5,102420.0,9999999
58362,0,1501,4.9,3.67,151.0,151.0,12.03,268.12,3.0,5,102420.0,9999999
58362,0,1502,5.3,3.79,127.0,127.0,12.03,263.66,6.0,4,102420.0,9999999
58362,0,1503,5.6,3.88,93.0,93.0,12.03,263.9,6.0,8,102420.0,9999999
58362,0,1504,5.6,3.88,55.0,55.0,12.03,265.56,6.0,16,102420.0,9999999
58362,0,1505,5.4,3.91,19.0,19.0,12.03,264.62,6.0,5,102420.0,9999999
58362,0,1506,5.3,3.94,0.0,0.0,12.03,262.45,6.0,9,102420.0,9999999
58362,0,1507,5.2,4.0,0.0,0.0,12.03,268.57,6.0,10,102420.0,9999999
58362,0,1508,5.1,4.06,0.0,0.0,12.03,264.38,4.0,4,102420.0,9999999
58362,0,1509,5.1,4.18,0.0,0.0,12.03,270.15,4.0,7,102420.0,9999999
58362,0,1510,5.2,4.35,0.0,0.0,12.03,266.03,4.0,10,102420.0,9999999
58362,0,1511,5.3,4.51,0.0,0.0,12.03,266.27,4.0,11,102420.0,9999999
58362,0,1512,5.5,4.72,0.0,0.0,12.03,269.48,4.0,4,101950.0,9999999
58362,0,1513,5.6,4.89,0.0,0.0,12.03,268.57,4.0,11,101950.0,9999999
58362,0,1514,5.7,5.0,0.0,0.0,12.03,265.8,5.0,4,101950.0,9999999
58362,0,1515,5.7,5.08,0.0,0.0,12.03,265.8,5.0,5,101950.0,9999999
58362,0,1516,5.6,5.11,0.0,0.0,12.03,264.85,5.0,8,101950.0,9999999
58362,0,1517,5.5,5.11,0.0,0.0,12.03,269.7,5.0,12,101950.0,9999999
58362,0,1518,5.4,5.11,0.0,0.0,12.03,264.62,5.0,10,101950.0,9999999
58362,0,1519,5.3,5.11,4.0,4.0,12.03,266.5,5.0,6,101950.0,9999999
58362,0,1520,5.3,5.15,10.0,10.0,12.03,266.03,7.0,4,101950.0,9999999
58362,0,1521,5.4,5.27,15.0,15.0,12.03,266.73,7.0,5,101950.0,9999999
58362,0,1522,5.6,5.38,20.0,20.0,12.03,269.03,7.0,11,101950.0,9999999
58362,0,1523,5.9,5.54,24.0,24.0,12.03,267.43,7.0,14,101950.0,9999999
58362,0,1524,6.2,5.7,25.0,25.0,12.03,270.6,7.0,12,101950.0,9999999
58362,0,1525,6.4,5.87,23.0,23.0,12.03,271.04,7.0,11,101950.0,9999999
58362,0,1526,6.7,6.04,20.0,20.0,12.03,271.48,8.0,5,101950.0,9999999
58362,0,1527,6.9,6.12,14.0,14.0,12.03,271.7,8.0,14,101950.0,9999999
58362,0,1528,7.0,6.21,9.0,9.0,12.03,266.73,8.0,8,101950.0,9999999
58362,0,1529,7.2,6.3,3.0,3.0,12.03,270.82,8.0,4,101950.0,9999999
58362,0,1530,7.3,6.34,0.0,0.0,12.03,265.8,8.0,4,101950.0,9999999
58362,0,1531,7.4,6.39,0.0,0.0,12.03,268.8,8.0,3,101950.0,9999999
58362,0,1532,7.5,6.43,0.0,0.0,12.03,272.36,5.0,4,101950.0,9999999
58362,0,1533,7.7,6.52,0.0,0.0,12.03,274.09,5.0,9,101950.0,9999999
58362,0,1534,7.8,6.57,0.0,0.0,12.03,268.57,5.0,9,101950.0,9999999
58362,0,1535,8.0,6.61,0.0,0.0,12.03,271.04,5.0,13,101950.0,9999999
58362,0,1536,8.0,6.61,0.0,0.0,12.03,269.48,5.0,6,101860.0,9999999
58362,0,1537,7.9,6.57,0.0,0.0,12.03,269.48,5.0,15,101860.0,9999999
58362,0,1538,7.9,6.57,0.0,0.0,12.03,269.93,4.0,1,101860.0,9999999
58362,0,1539,7.9,6.52,0.0,0.0,12.03,267.66,4.0,15,101860.0,9999999
58362,0,1540,7.8,6.48,0.0,0.0,12.03,272.8,4.0,6,101860.0,9999999
58362,0,1541,7.7,6.43,0.0,0.0,12.03,274.09,4.0,7,101860.0,9999999
58362,0,1542,7.6,6.34,0.0,0.0,12.03,268.12,4.0,5,101860.0,9999999
58362,0,1543,7.4,6.25,5.0,5.0,12.03,268.8,4.0,12,101860.0,9999999
58362,0,1544,7.3,6.16,11.0,11.0,12.03,269.7,4.0,2,101860.0,9999999
58362,0,1545,7.2,6.04,18.0,18.0,12.03,269.03,4.0,14,101860.0,9999999
58362,0,1546,7.1,5.95,23.0,23.0,12.03,269.25,4.0,1,101860.0,9999999
58362,0,1547,7.0,5.87,27.0,27.0,12.03,269.25,4.0,15,101860.0,9999999
58362,0,1548,6.9,5.74,28.0,28.0,12.03,267.89,4.0,8,101860.0,9999999
58362,0,1549,6.8,5.66,27.0,27.0,12.03,268.34,4.0,14,101860.0,9999999
58362,0,1550,6.6,5.54,22.0,22.0,12.03,268.57,5.0,15,101860.0,9999999
58362,0,1551,6.4,5.46,17.0,17.0,12.03,270.82,5.0,16,101860.0,9999999
58362,0,1552,6.1,5.34,10.0,10.0,12.03,266.96,5.0,5,101860.0,9999999
58362,0,1553,5.8,5.23,4.0,4.0,12.03,268.12,5.0,11,101860.0,9999999
58362,0,1554,5.4,5.11,0.0,0.0,12.03,267.2,5.0,3,101860.0,9999999
58362,0,1555,5.1,5.0,0.0,0.0,12.03,267.43,5.0,7,101860.0,9999999
58362,0,1556,4.8,4.86,0.0,0.0,12.03,266.96,4.0,15,101860.0,9999999
58362,0,1557,4.5,4.72,0.0,0.0,12.03,265.09,4.0,12,101860.0,9999999
58362,0,1558,4.3,4.54,0.0,0.0,12.03,266.27,4.0,9,101860.0,9999999
58362,0,1559,4.1,4.38,0.0,0.0,12.03,269.25,4.0,11,101860.0,9999999
58362,0,1560,3.8,4.22,0.0,0.0,12.03,268.8,4.0,10,102400.0,9999999
58362,0,1561,3.5,4.06,0.0,0.0,12.03,264.14,4.0,15,102400.0,9999999
58362,0,1562,3.2,3.91,0.0,0.0,12.03,264.85,5.0,14,102400.0,9999999
58362,0,1563,2.8,3.79,0.0,0.0,12.03,263.66,5.0,3,102400.0,9999999
58362,0,1564,2.4,3.7,0.0,0.0,12.03,260.72,5.0,4,102400.0,9999999
58362,0,1565,2.1,3.62,0.0,0.0,12.03,261.96,5.0,5,102400.0,9999999
58362,0,1566,2.0,3.62,0.0,0.0,12.03,261.71,5.0,5,102400.0,9999999
58362,0,1567,2.1,3.62,45.0,45.0,12.03,262.45,5.0,7,102400.0,9999999
58362,0,1568,2.2,3.62,107.0,107.0,12.03,265.33,5.0,14,102400.0,9999999
58362,0,1569,2.4,3.59,169.0,169.0,12.03,263.18,5.0,15,102400.0,9999999
58362,0,1570,2.7,3.56,223.0,223.0,12.03,264.14,5.0,11,102400.0,9999999
58362,0,1571,3.1,3.53,259.0,259.0,12.03,262.2,5.0,6,102400.0,9999999
58362,0,1572,3.7,3.59,270.0,270.0,12.03,263.9,5.0,16,102400.0,9999999
58362,0,1573,4.5,3.7,254.0,254.0,12.03,261.47,5.0,16,102400.0,9999999
58362,0,1574,5.5,3.94,214.0,214.0,12.03,266.03,5.0,15,102400.0,9999999
58362,0,1575,6.6,4.31,158.0,158.0,12.03,265.33,5.0,15,102400.0,9999999
58362,0,1576,7.2,4.61,95.0,95.0,12.03,266.03,5.0,10,102400.0,9999999
58362,0,1577,7.0,4.68,35.0,35.0,12.03,270.82,5.0,3,102400.0,9999999
58362,0,1578,6.4,4.68,0.0,0.0,12.03,267.43,5.0,9,102400.0,9999999
58362,0,1579,5.7,4.58,0.0,0.0,12.03,263.18,5.0,9,102400.0,9999999
58362,0,1580,5.0,4.48,0.0,0.0,12.03,264.62,1.0,11,102400.0,9999999
58362,0,1581,4.5,4.41,0.0,0.0,12.03,264.85,1.0,6,102400.0,9999999
58362,0,1582,4.2,4.35,0.0,0.0,12.03,264.62,1.0,15,102400.0,9999999
58362,0,1583,4.0,4.31,0.0,0.0,12.03,263.66,1.0,16,102400.0,9999999
58362,0,1584,3.8,4.31,0.0,0.0,12.03,265.8,1.0,8,102760.0,9999999
58362,0,1585,3.6,4.31,0.0,0.0,12.03,263.18,1.0,8,102760.0,9999999
58362,0,1586,3.2,4.31,0.0,0.0,12.03,264.62,1.0,14,102760.0,9999999
58362,0,1587,2.7,4.18,0.0,0.0,12.03,265.33,1.0,14,102760.0,9999999
58362,0,1588,2.1,4.18,0.0,0.0,12.03,267.2,1.0,6,102760.0,9999999
58362,0,1589,1.7,4.18,0.0,0.0,12.03,266.73,1.0,6,102760.0,9999999
58362,0,1590,1.5,4.12,0.0,0.0,12.03,262.69,1.0,1,102760.0,9999999
58362,0,1591,2.0,4.35,255.0,129.0,12.03,261.71,1.0,8,102760.0,9999999
58362,0,1592,3.2,4.68,152.0,152.0,12.03,264.85,2.0,14,102760.0,9999999
58362,0,1593,4.7,4.79,241.0,241.0,12.03,262.45,2.0,7,102760.0,9999999
58362,0,1594,6.3,4.72,317.0,317.0,12.03,268.34,2.0,1,102760.0,9999999
58362,0,1595,7.9,4.48,368.0,368.0,12.03,266.5,2.0,5,102760.0,9999999
58362,0,1596,9.3,4.12,1108.0,558.0,12.03,270.82,2.0,10,102760.0,9999999
58362,0,1597,10.5,3.7,361.0,361.0,12.03,269.93,2.0,3,102760.0,9999999
58362,0,1598,11.3,3.45,305.0,305.0,12.03,275.58,5.0,2,102760.0,9999999
58362,0,1599,11.6,3.43,225.0,225.0,12.03,273.23,5.0,9,102760.0,9999999
58362,0,1600,11.3,3.59,135.0,135.0,12.03,271.26,5.0,2,102760.0,9999999
58362,0,1601,10.6,3.85,51.0,51.0,12.03,271.92,5.0,12,102760.0,9999999
58362,0,1602,9.6,4.15,0.0,0.0,12.03,274.52,5.0,16,102760.0,9999999
58362,0,1603,8.6,4.41,0.0,0.0,12.03,269.25,5.0,5,102760.0,9999999
58362,0,1604,7.5,4.58,0.0,0.0,12.03,270.15,1.0,5,102760.0,9999999
58362,0,1605,6.6,4.61,0.0,0.0,12.03,268.57,1.0,10,102760.0,9999999
58362,0,1606,5.9,4.65,0.0,0.0,12.03,268.8,1.0,2,102760.0,9999999
58362,0,1607,5.3,4.61,0.0,0.0,12.03,270.6,1.0,9,102760.0,9999999
58362,0,1608,4.7,4.54,0.0,0.0,12.03,268.57,1.0,11,103020.0,9999999
58362,0,1609,4.2,4.44,0.0,0.0,12.03,265.56,1.0,4,103020.0,9999999
58362,0,1610,3.7,4.35,0.0,0.0,12.03,263.9,1.0,15,103020.0,9999999
58362,0,1611,3.1,4.18,0.0,0.0,12.03,266.73,1.0,16,103020.0,9999999
58362,0,1612,2.6,4.06,0.0,0.0,12.03,262.2,1.0,8,103020.0,9999999
58362,0,1613,2.2,3.97,0.0,0.0,12.03,262.45,1.0,16,103020.0,9999999
58362,0,1614,2.1,3.88,0.0,0.0,12.03,264.62,1.0,8,103020.0,9999999
58362,0,1615,3.7,4.28,118.0,53.0,12.03,261.22,1.0,15,103020.0,9999999
58362,0,1616,6.7,5.15,271.0,122.0,12.03,268.34,2.0,4,103020.0,9999999
58362,0,1617,8.9,5.66,252.0,252.0,12.03,273.23,2.0,2,103020.0,9999999
58362,0,1618,10.1,5.74,563.0,254.0,12.03,268.12,2.0,16,103020.0,9999999
58362,0,1619,10.6,5.46,383.0,383.0,12.03,268.34,2.0,8,103020.0,9999999
58362,0,1620,10.6,5.08,399.0,399.0,12.03,276.0,2.0,1,103020.0,9999999
58362,0,1621,10.5,4.68,640.0,288.0,12.03,272.36,2.0,3,103020.0,9999999
58362,0,1622,10.5,4.48,942.0,308.0,12.03,270.6,5.0,4,103020.0,9999999
58362,0,1623,10.7,4.51,400.0,180.0,12.03,273.23,5.0,15,103020.0,9999999
58362,0,1624,10.4,4.51,142.0,142.0,12.03,271.04,5.0,7,103020.0,9999999
58362,0,1625,9.6,4.48,54.0,54.0,12.03,270.82,5.0,9,103020.0,9999999
58362,0,1626,8.6,4.41,0.0,0.0,12.03,269.93,5.0,15,103020.0,9999999
58362,0,1627,7.6,4.35,0.0,0.0,12.03,267.2,5.0,6,103020.0,9999999
58362,0,1628,6.8,4.28,0.0,0.0,12.03,266.27,4.0,4,103020.0,9999999
58362,0,1629,6.3,4.25,0.0,0.0,12.03,271.26,4.0,2,103020.0,9999999
58362,0,1630,6.1,4.28,0.0,0.0,12.03,264.85,4.0,6,103020.0,9999999
58362,0,1631,6.1,4.35,0.0,0.0,12.03,265.8,4.0,7,103020.0,9999999
58362,0,1632,6.2,4.41,0.0,0.0,12.03,264.85,4.0,9,103090.0,9999999
58362,0,1633,6.3,4.44,0.0,0.0,12.03,268.12,4.0,4,103090.0,9999999
58362,0,1634,6.2,4.48,0.0,0.0,12.03,268.8,2.0,4,103090.0,9999999
58362,0,1635,5.9,4.41,0.0,0.0,12.03,266.73,2.0,6,103090.0,9999999
58362,0,1636,5.6,4.35,0.0,0.0,12.03,269.25,2.0,7,103090.0,9999999
58362,0,1637,5.2,4.25,0.0,0.0,12.03,263.9,2.0,16,103090.0,9999999
58362,0,1638,5.1,4.22,0.0,0.0,12.03,262.45,2.0,13,103090.0,9999999
58362,0,1639,5.8,4.41,129.0,48.0,12.03,269.48,2.0,5,103090.0,9999999
58362,0,1640,7.3,4.75,376.0,97.0,12.03,270.15,4.0,3,103090.0,9999999
58362,0,1641,8.4,4.93,461.0,173.0,12.03,270.6,4.0,9,103090.0,9999999
58362,0,1642,9.2,4.93,355.0,355.0,12.03,269.03,4.0,8,103090.0,9999999
58362,0,1643,9.6,4.79,700.0,263.0,12.03,267.2,4.0,13,103090.0,9999999
58362,0,1644,9.8,4.61,429.0,429.0,12.03,272.58,4.0,4,103090.0,9999999
58362,0,1645,10.0,4.48,687.0,258.0,12.03,267.2,4.0,1,103090.0,9999999
58362,0,1646,10.2,4.48,747.0,192.0,12.03,275.36,4.0,5,103090.0,9999999
58362,0,1647,10.4,4.61,430.0,162.0,12.03,271.04,4.0,3,103090.0,9999999
58362,0,1648,10.2,4.75,335.0,86.0,12.03,275.36,4.0,8,103090.0,9999999
58362,0,1649,9.6,4.89,100.0,38.0,12.03,274.94,4.0,4,103090.0,9999999
58362,0,1650,8.8,4.97,0.0,0.0,12.03,268.57,4.0,13,103090.0,9999999
58362,0,1651,7.9,5.0,0.0,0.0,12.03,266.96,4.0,1,103090.0,9999999
58362,0,1652,7.3,5.08,0.0,0.0,12.03,270.37,4.0,4,103090.0,9999999
58362,0,1653,6.9,5.23,0.0,0.0,12.03,268.12,4.0,12,103090.0,9999999
58362,0,1654,6.8,5.38,0.0,0.0,12.03,264.85,4.0,7,103090.0,9999999
58362,0,1655,6.9,5.58,0.0,0.0,12.03,269.48,4.0,1,103090.0,9999999
58362,0,1656,7.0,5.74,0.0,0.0,12.03,270.6,4.0,10,102990.0,9999999
58362,0,1657,7.2,5.91,0.0,0.0,12.03,267.66,4.0,16,102990.0,9999999
58362,0,1658,7.3,6.04,0.0,0.0,12.03,265.56,2.0,5,102990.0,9999999
58362,0,1659,7.3,6.04,0.0,0.0,12.03,266.96,2.0,4,102990.0,9999999
58362,0,1660,7.2,5.99,0.0,0.0,12.03,265.56,2.0,11,102990.0,9999999
58362,0,1661,7.1,5.87,0.0,0.0,12.03,271.7,2.0,10,102990.0,9999999
58362,0,1662,7.0,5.74,0.0,0.0,12.03,268.57,2.0,9,102990.0,9999999
58362,0,1663,7.8,5.91,202.0,132.0,12.03,267.43,2.0,8,102990.0,9999999
58362,0,1664,9.4,6.3,115.0,115.0,12.03,271.26,5.0,6,102990.0,9999999
58362,0,1665,10.6,6.43,180.0,180.0,12.03,271.26,5.0,15,102990.0,9999999
58362,0,1666,11.3,6.25,936.0,614.0,12.03,276.0,5.0,14,102990.0,9999999
58362,0,1667,11.7,5.95,273.0,273.0,12.03,271.92,5.0,16,102990.0,9999999
58362,0,1668,11.9,5.62,284.0,284.0,12.03,272.58,5.0,13,102990.0,9999999
58362,0,1669,12.1,5.42,268.0,268.0,12.03,277.86,5.0,13,102990.0,9999999
58362,0,1670,12.5,5.42,226.0,226.0,12.03,273.66,8.0,6,102990.0,9999999
58362,0,1671,12.9,5.7,168.0,168.0,12.03,272.14,8.0,9,102990.0,9999999
58362,0,1672,12.6,5.91,102.0,102.0,12.03,274.09,8.0,2,102990.0,9999999
58362,0,1673,12.0,6.08,158.0,103.0,12.03,274.09,8.0,7,102990.0,9999999
58362,0,1674,11.2,6.16,0.0,0.0,12.03,269.48,8.0,9,102990.0,9999999
58362,0,1675,10.6,6.3,0.0,0.0,12.03,274.3,8.0,9,102990.0,9999999
58362,0,1676,10.2,6.48,0.0,0.0,12.03,270.82,5.0,7,102990.0,9999999
58362,0,1677,10.3,6.75,0.0,0.0,12.03,275.15,5.0,3,102990.0,9999999
58362,0,1678,10.5,6.94,0.0,0.0,12.03,272.58,5.0,6,102990.0,9999999
58362,0,1679,10.5,7.04,0.0,0.0,12.03,273.23,5.0,7,102990.0,9999999
58362,0,1680,10.4,6.99,0.0,0.0,12.03,273.01,5.0,4,102990.0,9999999
58362,0,1681,10.2,6.9,0.0,0.0,12.03,268.8,5.0,4,102990.0,9999999
58362,0,1682,10.1,6.9,0.0,0.0,12.03,272.14,4.0,7,102990.0,9999999
58362,0,1683,10.1,6.99,0.0,0.0,12.03,269.93,4.0,5,102990.0,9999999
58362,0,1684,9.9,7.04,0.0,0.0,12.03,272.58,4.0,15,102990.0,9999999
58362,0,1685,9.8,7.09,0.0,0.0,12.03,268.57,4.0,1,102990.0,9999999
58362,0,1686,9.6,7.14,0.0,0.0,12.03,270.6,4.0,5,102990.0,9999999
58362,0,1687,9.4,7.14,0.0,0.0,12.03,270.37,4.0,4,102990.0,9999999
58362,0,1688,9.3,7.14,0.0,0.0,12.03,268.12,5.0,7,102990.0,9999999
58362,0,1689,9.2,7.14,0.0,0.0,12.03,275.79,5.0,11,102990.0,9999999
58362,0,1690,9.2,7.09,0.0,0.0,12.03,271.48,5.0,11,102990.0,9999999
58362,0,1691,9.3,6.99,0.0,0.0,12.03,272.58,5.0,8,102990.0,9999999
58362,0,1692,9.3,6.94,0.0,0.0,12.03,274.52,5.0,11,102990.0,9999999
58362,0,1693,9.4,6.9,0.0,0.0,12.03,273.44,5.0,15,102990.0,9999999
58362,0,1694,9.4,6.8,0.0,0.0,12.03,271.48,5.0,5,102990.0,9999999
58362,0,1695,9.3,6.75,0.0,0.0,12.03,269.25,5.0,4,102990.0,9999999
58362,0,1696,9.1,6.66,0.0,0.0,12.03,271.48,5.0,7,102990.0,9999999
58362,0,1697,8.9,6.57,0.0,0.0,12.03,270.82,5.0,7,102990.0,9999999
58362,0,1698,8.7,6.52,0.0,0.0,12.03,275.15,5.0,16,102990.0,9999999
58362,0,1699,8.7,6.61,0.0,0.0,12.03,270.15,5.0,1,102990.0,9999999
58362,0,1700,8.8,6.71,0.0,0.0,12.03,273.87,4.0,5,102990.0,9999999
58362,0,1701,8.9,6.75,0.0,0.0,12.03,273.87,4.0,6,102990.0,9999999
58362,0,1702,8.9,6.8,0.0,0.0,12.03,273.87,4.0,10,102990.0,9999999
58362,0,1703,8.8,6.85,0.0,0.0,12.03,267.43,4.0,12,102990.0,9999999
58362,0,1704,8.8,6.8,0.0,0.0,12.03,272.8,4.0,2,103130.0,9999999
58362,0,1705,8.7,6.8,0.0,0.0,12.03,275.15,4.0,10,103130.0,9999999
58362,0,1706,8.6,6.75,0.0,0.0,12.03,268.57,3.0,4,103130.0,9999999
58362,0,1707,8.5,6.66,0.0,0.0,12.03,271.04,3.0,9,103130.0,9999999
58362,0,1708,8.4,6.57,0.0,0.0,12.03,274.73,3.0,4,103130.0,9999999
58362,0,1709,8.3,6.48,0.0,0.0,12.03,274.73,3.0,5,103130.0,9999999
58362,0,1710,8.3,6.34,0.0,0.0,12.03,273.01,3.0,5,103130.0,9999999
58362,0,1711,8.4,6.21,110.0,68.0,12.03,268.12,3.0,12,103130.0,9999999
58362,0,1712,8.7,6.12,244.0,150.0,12.03,272.36,4.0,3,103130.0,9999999
58362,0,1713,9.0,5.99,381.0,234.0,12.03,270.15,4.0,2,103130.0,9999999
58362,0,1714,9.2,5.78,240.0,240.0,12.03,272.58,4.0,3,103130.0,9999999
58362,0,1715,9.6,5.66,576.0,353.0,12.03,270.37,4.0,12,103130.0,9999999
58362,0,1716,10.0,5.54,599.0,368.0,12.03,269.25,4.0,16,103130.0,9999999
58362,0,1717,10.6,5.62,272.0,272.0,12.03,270.82,4.0,4,103130.0,9999999
58362,0,1718,11.5,5.87,230.0,230.0,12.03,272.36,6.0,5,103130.0,9999999
58362,0,1719,12.2,6.21,356.0,219.0,12.03,278.27,6.0,15,103130.0,9999999
58362,0,1720,11.9,6.3,218.0,134.0,12.03,273.01,6.0,14,103130.0,9999999
58362,0,1721,11.3,6.25,42.0,42.0,12.03,269.48,6.0,16,103130.0,9999999
58362,0,1722,10.4,6.21,0.0,0.0,12.03,276.62,6.0,4,103130.0,9999999
58362,0,1723,9.5,6.08,0.0,0.0,12.03,269.03,6.0,9,103130.0,9999999
58362,0,1724,8.7,5.99,0.0,0.0,12.03,268.34,4.0,4,103130.0,9999999
58362,0,1725,8.2,5.95,0.0,0.0,12.03,268.57,4.0,16,103130.0,9999999
58362,0,1726,7.9,5.95,0.0,0.0,12.03,273.87,4.0,8,103130.0,9999999
58362,0,1727,7.8,5.99,0.0,0.0,12.03,271.48,4.0,5,103130.0,9999999
58362,0,1728,7.9,6.08,0.0,0.0,12.03,271.48,4.0,10,102460.0,9999999
58362,0,1729,8.0,6.12,0.0,0.0,12.03,269.7,4.0,7,102460.0,9999999
58362,0,1730,8.1,6.25,0.0,0.0,12.03,271.7,3.0,4,102460.0,9999999
58362,0,1731,8.2,6.3,0.0,0.0,12.03,269.93,3.0,3,102460.0,9999999
58362,0,1732,8.2,6.39,0.0,0.0,12.03,274.52,3.0,4,102460.0,9999999
58362,0,1733,8.3,6.39,0.0,0.0,12.03,272.14,3.0,12,102460.0,9999999
58362,0,1734,8.3,6.43,0.0,0.0,12.03,266.73,3.0,11,102460.0,9999999
58362,0,1735,8.4,6.43,7.0,7.0,12.03,270.37,3.0,13,102460.0,9999999
58362,0,1736,8.6,6.39,15.0,15.0,12.03,271.04,5.0,5,102460.0,9999999
58362,0,1737,8.8,6.3,24.0,24.0,12.03,270.15,5.0,5,102460.0,9999999
58362,0,1738,9.1,6.21,31.0,31.0,12.03,267.43,5.0,7,102460.0,9999999
58362,0,1739,9.4,6.08,36.0,36.0,12.03,272.14,5.0,14,102460.0,9999999
58362,0,1740,9.5,5.95,37.0,37.0,12.03,271.04,5.0,12,102460.0,9999999
58362,0,1741,9.5,5.82,35.0,35.0,12.03,267.66,5.0,2,102460.0,9999999
58362,0,1742,9.3,5.7,30.0,30.0,12.03,267.43,4.0,5,102460.0,9999999
58362,0,1743,8.9,5.66,22.0,22.0,12.03,269.93,4.0,2,102460.0,9999999
58362,0,1744,8.4,5.62,14.0,14.0,12.03,268.57,4.0,1,102460.0,9999999
58362,0,1745,7.8,5.62,5.0,5.0,12.03,272.36,4.0,14,102460.0,9999999
58362,0,1746,7.3,5.66,0.0,0.0,12.03,269.93,4.0,11,102460.0,9999999
58362,0,1747,6.8,5.7,0.0,0.0,12.03,266.27,4.0,12,102460.0,9999999
58362,0,1748,6.5,5.74,0.0,0.0,12.03,268.57,7.0,5,102460.0,9999999
58362,0,1749,6.4,5.82,0.0,0.0,12.03,268.57,7.0,10,102460.0,9999999
58362,0,1750,6.4,5.87,0.0,0.0,12.03,266.96,7.0,4,102460.0,9999999
58362,0,1751,6.5,5.95,0.0,0.0,12.03,266.96,7.0,8,102460.0,9999999
58362,0,1752,6.7,5.99,0.0,0.0,12.03,265.09,7.0,1,101900.0,9999999
58362,0,1753,6.8,6.04,0.0,0.0,12.03,269.03,7.0,11,101900.0,9999999
58362,0,1754,6.9,6.04,0.0,0.0,12.03,267.43,6.0,4,101900.0,9999999
58362,0,1755,6.9,6.08,0.0,0.0,12.03,270.6,6.0,8,101900.0,9999999
58362,0,1756,6.9,6.08,0.0,0.0,12.03,273.01,6.0,1,101900.0,9999999
58362,0,1757,6.9,6.08,0.0,0.0,12.03,269.03,6.0,7,101900.0,9999999
58362,0,1758,6.8,6.12,0.0,0.0,12.03,268.57,6.0,2,101900.0,9999999
58362,0,1759,6.8,6.12,2.0,2.0,12.03,269.03,6.0,16,101900.0,9999999
58362,0,1760,6.9,6.16,3.0,3.0,12.03,271.7,5.0,4,101900.0,9999999
58362,0,1761,7.1,6.25,5.0,5.0,12.03,267.66,5.0,1,101900.0,9999999
58362,0,1762,7.3,6.34,7.0,7.0,12.03,265.8,5.0,2,101900.0,9999999
58362,0,1763,7.5,6.39,8.0,8.0,12.03,269.48,5.0,5,101900.0,9999999
58362,0,1764,7.8,6.48,8.0,8.0,12.03,269.25,5.0,14,101900.0,9999999
58362,0,1765,8.0,6.57,8.0,8.0,12.03,273.01,5.0,11,101900.0,9999999
58362,0,1766,8.2,6.61,6.0,6.0,12.03,273.23,5.0,5,101900.0,9999999
58362,0,1767,8.3,6.66,5.0,5.0,12.03,266.96,5.0,13,101900.0,9999999
58362,0,1768,8.3,6.66,3.0,3.0,12.03,266.96,5.0,2,101900.0,9999999
58362,0,1769,8.4,6.71,1.0,1.0,12.03,273.44,5.0,7,101900.0,9999999
58362,0,1770,8.4,6.71,0.0,0.0,12.03,273.44,5.0,15,101900.0,9999999
58362,0,1771,8.4,6.75,0.0,0.0,12.03,272.36,5.0,6,101900.0,9999999
58362,0,1772,8.5,6.85,0.0,0.0,12.03,268.57,4.0,4,101900.0,9999999
58362,0,1773,8.7,6.94,0.0,0.0,12.03,270.15,4.0,3,101900.0,9999999
58362,0,1774,8.9,7.09,0.0,0.0,12.03,274.09,4.0,7,101900.0,9999999
58362,0,1775,9.2,7.24,0.0,0.0,12.03,273.23,4.0,16,101900.0,9999999
58362,0,1776,9.5,7.44,0.0,0.0,12.03,271.7,4.0,13,101720.0,9999999
58362,0,1777,9.7,7.59,0.0,0.0,12.03,276.62,4.0,7,101720.0,9999999
58362,0,1778,10.0,7.75,0.0,0.0,12.03,273.44,1.0,8,101720.0,9999999
58362,0,1779,10.2,7.86,0.0,0.0,12.03,275.58,1.0,3,101720.0,9999999
58362,0,1780,10.4,7.91,0.0,0.0,12.03,272.36,1.0,1,101720.0,9999999
58362,0,1781,10.4,7.97,0.0,0.0,12.03,274.73,1.0,2,101720.0,9999999
58362,0,1782,10.3,7.91,0.0,0.0,12.03,271.7,1.0,9,101720.0,9999999
58362,0,1783,10.2,7.86,11.0,11.0,12.03,269.25,1.0,8,101720.0,9999999
58362,0,1784,10.2,7.86,25.0,25.0,12.03,277.04,3.0,14,101720.0,9999999
58362,0,1785,10.1,7.8,38.0,38.0,12.03,272.14,3.0,12,101720.0,9999999
58362,0,1786,10.0,7.7,50.0,50.0,12.03,275.36,3.0,7,101720.0,9999999
58362,0,1787,9.8,7.59,58.0,58.0,12.03,271.04,3.0,4,101720.0,9999999
58362,0,1788,9.6,7.39,60.0,60.0,12.03,272.36,3.0,1,101720.0,9999999
58362,0,1789,9.2,7.19,56.0,56.0,12.03,268.12,3.0,7,101720.0,9999999
58362,0,1790,8.9,6.94,48.0,48.0,12.03,269.93,3.0,16,101720.0,9999999
58362,0,1791,8.6,6.71,36.0,36.0,12.03,272.36,3.0,1,101720.0,9999999
58362,0,1792,8.2,6.43,22.0,22.0,12.03,266.73,3.0,2,101720.0,9999999
58362,0,1793,7.9,6.21,9.0,9.0,12.03,267.66,3.0,15,101720.0,9999999
58362,0,1794,7.6,5.99,0.0,0.0,12.03,273.66,3.0,6,101720.0,9999999
58362,0,1795,7.5,5.78,0.0,0.0,12.03,269.48,3.0,12,101720.0,9999999
58362,0,1796,7.4,5.66,0.0,0.0,12.03,269.93,4.0,2,101720.0,9999999
58362,0,1797,7.4,5.58,0.0,0.0,12.03,267.66,4.0,9,101720.0,9999999
58362,0,1798,7.3,5.42,0.0,0.0,12.03,269.25,4.0,4,101720.0,9999999
58362,0,1799,7.1,5.3,0.0,0.0,12.03,267.89,4.0,12,101720.0,9999999
58362,0,1800,6.8,5.15,0.0,0.0,12.03,267.43,4.0,8,102420.0,9999999
58362,0,1801,6.6,5.11,0.0,0.0,12.03,268.8,4.0,7,102420.0,9999999
58362,0,1802,6.5,5.11,0.0,0.0,12.03,267.66,4.0,2,102420.0,9999999
58362,0,1803,6.5,5.23,0.0,0.0,12.03,268.8,4.0,7,102420.0,9999999
58362,0,1804,6.4,5.3,0.0,0.0,12.03,269.7,4.0,5,102420.0,9999999
58362,0,1805,6.3,5.42,0.0,0.0,12.03,272.14,4.0,13,102420.0,9999999
58362,0,1806,6.2,5.54,0.0,0.0,12.03,272.14,4.0,1,102420.0,9999999
58362,0,1807,6.2,5.62,3.0,3.0,12.03,266.5,4.0,7,102420.0,9999999
58362,0,1808,6.2,5.7,6.0,6.0,12.03,270.82,4.0,2,102420.0,9999999
58362,0,1809,6.3,5.7,9.0,9.0,12.03,268.34,4.0,8,102420.0,9999999
58362,0,1810,6.4,5.7,12.0,12.0,12.03,268.57,4.0,4,102420.0,9999999
58362,0,1811,6.5,5.7,13.0,13.0,12.03,267.66,4.0,9,102420.0,9999999
58362,0,1812,6.7,5.66,14.0,14.0,12.03,268.8,4.0,12,102420.0,9999999
58362,0,1813,6.8,5.58,13.0,13.0,12.03,269.48,4.0,1,102420.0,9999999
58362,0,1814,6.9,5.54,11.0,11.0,12.03,270.15,3.0,3,102420.0,9999999
58362,0,1815,6.9,5.46,8.0,8.0,12.03,267.89,3.0,11,102420.0,9999999
58362,0,1816,6.9,5.42,5.0,5.0,12.03,269.48,3.0,3,102420.0,9999999
58362,0,1817,6.8,5.38,2.0,2.0,12.03,272.58,3.0,2,102420.0,9999999
58362,0,1818,6.7,5.3,0.0,0.0,12.03,272.36,3.0,6,102420.0,9999999
58362,0,1819,6.5,5.23,0.0,0.0,12.03,264.38,3.0,7,102420.0,9999999
58362,0,1820,6.4,5.15,0.0,0.0,12.03,268.8,6.0,2,102420.0,9999999
58362,0,1821,6.3,5.04,0.0,0.0,12.03,265.33,6.0,8,102420.0,9999999
58362,0,1822,6.3,4.97,0.0,0.0,12.03,267.89,6.0,1,102420.0,9999999
58362,0,1823,6.4,4.93,0.0,0.0,12.03,266.27,6.0,15,102420.0,9999999
58362,0,1824,6.5,4.89,0.0,0.0,12.03,264.14,6.0,6,102700.0,9999999
58362,0,1825,6.6,4.89,0.0,0.0,12.03,267.66,6.0,9,102700.0,9999999
58362,0,1826,6.6,4.89,0.0,0.0,12.03,266.5,4.0,1,102700.0,9999999
58362,0,1827,6.6,4.93,0.0,0.0,12.03,267.66,4.0,12,102700.0,9999999
58362,0,1828,6.5,4.97,0.0,0.0,12.03,267.66,4.0,15,102700.0,9999999
58362,0,1829,6.4,5.0,0.0,0.0,12.03,268.12,4.0,11,102700.0,9999999
58362,0,1830,6.3,5.04,16.0,8.0,12.03,271.92,4.0,7,102700.0,9999999
58362,0,1831,6.3,5.04,87.0,87.0,12.03,267.43,4.0,9,102700.0,9999999
58362,0,1832,6.5,5.0,184.0,184.0,12.03,272.14,3.0,2,102700.0,9999999
58362,0,1833,6.8,4.93,283.0,283.0,12.03,266.73,3.0,3,102700.0,9999999
58362,0,1834,7.3,4.86,1013.0,473.0,12.03,272.8,3.0,7,102700.0,9999999
58362,0,1835,7.8,4.75,424.0,424.0,12.03,269.25,3.0,11,102700.0,9999999
58362,0,1836,8.4,4.68,441.0,441.0,12.03,273.66,3.0,9,102700.0,9999999
58362,0,1837,9.1,4.65,416.0,416.0,12.03,272.8,3.0,9,102700.0,9999999
58362,0,1838,9.7,4.72,354.0,354.0,12.03,269.93,4.0,2,102700.0,9999999
58362,0,1839,10.1,4.86,265.0,265.0,12.03,268.8,4.0,8,102700.0,9999999
58362,0,1840,9.9,4.89,165.0,165.0,12.03,270.37,4.0,8,102700.0,9999999
58362,0,1841,9.3,4.89,70.0,70.0,12.03,270.82,4.0,3,102700.0,9999999
58362,0,1842,8.5,4.86,0.0,0.0,12.03,271.26,4.0,4,102700.0,9999999
58362,0,1843,7.7,4.79,0.0,0.0,12.03,268.8,4.0,5,102700.0,9999999
58362,0,1844,7.1,4.75,0.0,0.0,12.03,266.03,4.0,2,102700.0,9999999
58362,0,1845,6.8,4.75,0.0,0.0,12.03,266.5,4.0,3,102700.0,9999999
58362,0,1846,6.6,4.79,0.0,0.0,12.03,266.5,4.0,14,102700.0,9999999
58362,0,1847,6.7,4.82,0.0,0.0,12.03,264.38,4.0,16,102700.0,9999999
58362,0,1848,6.8,4.86,0.0,0.0,12.03,267.43,4.0,16,102540.0,9999999
58362,0,1849,7.0,4.82,0.0,0.0,12.03,271.04,4.0,6,102540.0,9999999
58362,0,1850,7.0,4.79,0.0,0.0,12.03,269.93,3.0,2,102540.0,9999999
58362,0,1851,6.9,4.68,0.0,0.0,12.03,266.73,3.0,16,102540.0,9999999
58362,0,1852,6.8,4.54,0.0,0.0,12.03,267.66,3.0,7,102540.0,9999999
58362,0,1853,6.7,4.41,0.0,0.0,12.03,266.96,3.0,2,102540.0,9999999
58362,0,1854,6.8,4.31,10.0,4.0,12.03,268.57,3.0,5,102540.0,9999999
58362,0,1855,7.2,4.25,85.0,85.0,12.03,268.34,3.0,5,102540.0,9999999
58362,0,1856,7.7,4.22,371.0,162.0,12.03,268.34,5.0,2,102540.0,9999999
58362,0,1857,8.4,4.18,275.0,275.0,12.03,265.56,5.0,9,102540.0,9999999
58362,0,1858,9.3,4.15,736.0,322.0,12.03,272.58,5.0,15,102540.0,9999999
58362,0,1859,10.1,4.12,847.0,370.0,12.03,270.6,5.0,6,102540.0,9999999
58362,0,1860,11.0,4.09,427.0,427.0,12.03,274.3,5.0,6,102540.0,9999999
58362,0,1861,11.8,4.09,831.0,363.0,12.03,272.14,5.0,12,102540.0,9999999
58362,0,1862,12.4,4.18,343.0,343.0,12.03,272.14,3.0,2,102540.0,9999999
58362,0,1863,12.7,4.28,258.0,258.0,12.03,271.04,3.0,3,102540.0,9999999
58362,0,1864,12.4,4.35,333.0,145.0,12.03,272.36,3.0,15,102540.0,9999999
58362,0,1865,11.7,4.38,142.0,62.0,12.03,271.7,3.0,16,102540.0,9999999
58362,0,1866,10.6,4.35,0.0,0.0,12.03,271.26,3.0,10,102540.0,9999999
58362,0,1867,9.6,4.35,0.0,0.0,12.03,271.92,3.0,6,102540.0,9999999
58362,0,1868,8.6,4.35,0.0,0.0,12.03,267.2,3.0,3,102540.0,9999999
58362,0,1869,7.9,4.41,0.0,0.0,12.03,268.12,3.0,3,102540.0,9999999
58362,0,1870,7.5,4.58,0.0,0.0,12.03,268.34,3.0,4,102540.0,9999999
58362,0,1871,7.2,4.72,0.0,0.0,12.03,271.04,3.0,13,102540.0,9999999
58362,0,1872,7.1,4.89,0.0,0.0,12.03,271.04,3.0,4,102190.0,9999999
58362,0,1873,7.0,5.04,0.0,0.0,12.03,269.93,3.0,15,102190.0,9999999
58362,0,1874,6.9,5.15,0.0,0.0,12.03,269.93,2.0,4,102190.0,9999999
58362,0,1875,6.8,5.15,0.0,0.0,12.03,269.03,2.0,9,102190.0,9999999
58362,0,1876,6.7,5.11,0.0,0.0,12.03,264.62,2.0,8,102190.0,9999999
58362,0,1877,6.6,5.08,0.0,0.0,12.03,264.38,2.0,6,102190.0,9999999
58362,0,1878,6.9,5.08,15.0,6.0,12.03,272.58,2.0,3,102190.0,9999999
58362,0,1879,7.6,5.19,214.0,82.0,12.03,268.34,2.0,10,102190.0,9999999
58362,0,1880,8.4,5.3,448.0,171.0,12.03,274.09,3.0,4,102190.0,9999999
58362,0,1881,9.1,5.3,303.0,303.0,12.03,266.96,3.0,4,102190.0,9999999
58362,0,1882,9.7,5.23,392.0,392.0,12.03,271.92,3.0,13,102190.0,9999999
58362,0,1883,10.2,5.15,1018.0,389.0,12.03,270.15,3.0,14,102190.0,9999999
58362,0,1884,10.8,5.11,1058.0,405.0,12.03,273.66,3.0,5,102190.0,9999999
58362,0,1885,11.4,5.19,443.0,443.0,12.03,273.66,3.0,16,102190.0,9999999
58362,0,1886,12.2,5.42,377.0,377.0,12.03,272.8,5.0,4,102190.0,9999999
58362,0,1887,12.8,5.78,284.0,284.0,12.03,278.68,5.0,9,102190.0,9999999
58362,0,1888,12.5,5.91,402.0,154.0,12.03,270.6,5.0,7,102190.0,9999999
58362,0,1889,11.8,5.95,77.0,77.0,12.03,271.26,5.0,5,102190.0,9999999
58362,0,1890,10.9,5.91,0.0,0.0,12.03,275.36,5.0,3,102190.0,9999999
58362,0,1891,9.9,5.87,0.0,0.0,12.03,274.3,5.0,6,102190.0,9999999
58362,0,1892,9.1,5.78,0.0,0.0,12.03,273.66,3.0,6,102190.0,9999999
58362,0,1893,8.6,5.78,0.0,0.0,12.03,271.26,3.0,10,102190.0,9999999
58362,0,1894,8.3,5.78,0.0,0.0,12.03,267.66,3.0,14,102190.0,9999999
58362,0,1895,8.1,5.82,0.0,0.0,12.03,268.57,3.0,8,102190.0,9999999
58362,0,1896,7.9,5.78,0.0,0.0,12.03,269.48,3.0,15,102340.0,9999999
58362,0,1897,7.5,5.66,0.0,0.0,12.03,269.48,3.0,11,102340.0,9999999
58362,0,1898,6.8,5.42,0.0,0.0,12.03,264.85,2.0,9,102340.0,9999999
58362,0,1899,5.8,5.08,0.0,0.0,12.03,268.8,2.0,6,102340.0,9999999
58362,0,1900,4.7,4.79,0.0,0.0,12.03,266.27,2.0,6,102340.0,9999999
58362,0,1901,4.3,4.68,0.0,0.0,12.03,263.18,2.0,9,102340.0,9999999
58362,0,1902,4.9,4.89,22.0,13.0,12.03,270.37,2.0,2,102340.0,9999999
58362,0,1903,6.5,5.46,72.0,72.0,12.03,266.73,2.0,9,102340.0,9999999
58362,0,1904,8.8,6.25,568.0,330.0,12.03,274.94,1.0,11,102340.0,9999999
58362,0,1905,11.4,7.19,847.0,492.0,12.03,274.09,1.0,10,102340.0,9999999
58362,0,1906,13.9,8.02,294.0,294.0,12.03,277.45,1.0,2,102340.0,9999999
58362,0,1907,15.7,8.58,338.0,338.0,12.03,277.66,1.0,4,102340.0,9999999
58362,0,1908,16.4,8.46,352.0,352.0,12.03,281.89,1.0,2,102340.0,9999999
58362,0,1909,15.6,7.7,332.0,332.0,12.03,275.58,1.0,13,102340.0,9999999
58362,0,1910,14.0,6.71,283.0,283.0,12.03,273.66,6.0,15,102340.0,9999999
58362,0,1911,12.4,6.08,213.0,213.0,12.03,274.52,6.0,2,102340.0,9999999
58362,0,1912,11.1,5.7,134.0,134.0,12.03,271.92,6.0,14,102340.0,9999999
58362,0,1913,9.9,5.46,222.0,129.0,12.03,275.79,6.0,5,102340.0,9999999
58362,0,1914,9.0,5.34,0.0,0.0,12.03,272.14,6.0,16,102340.0,9999999
58362,0,1915,8.4,5.3,0.0,0.0,12.03,269.03,6.0,1,102340.0,9999999
58362,0,1916,7.9,5.23,0.0,0.0,12.03,272.14,4.0,2,102340.0,9999999
58362,0,1917,7.7,5.19,0.0,0.0,12.03,267.66,4.0,10,102340.0,9999999
58362,0,1918,7.5,5.11,0.0,0.0,12.03,268.8,4.0,10,102340.0,9999999
58362,0,1919,7.5,5.04,0.0,0.0,12.03,269.03,4.0,2,102340.0,9999999
58362,0,1920,7.4,4.93,0.0,0.0,12.03,271.48,4.0,10,102790.0,9999999
58362,0,1921,7.1,4.82,0.0,0.0,12.03,271.04,4.0,2,102790.0,9999999
58362,0,1922,6.7,4.68,0.0,0.0,12.03,265.56,5.0,2,102790.0,9999999
58362,0,1923,6.0,4.58,0.0,0.0,12.03,268.8,5.0,10,102790.0,9999999
58362,0,1924,5.4,4.51,0.0,0.0,12.03,268.12,5.0,3,102790.0,9999999
58362,0,1925,5.1,4.58,0.0,0.0,12.03,266.03,5.0,16,102790.0,9999999
58362,0,1926,5.2,4.75,19.0,8.0,12.03,269.25,5.0,11,102790.0,9999999
58362,0,1927,5.6,4.93,206.0,90.0,12.03,268.57,5.0,1,102790.0,9999999
58362,0,1928,6.1,5.11,188.0,188.0,12.03,267.43,3.0,14,102790.0,9999999
58362,0,1929,6.8,5.19,286.0,286.0,12.03,268.57,3.0,7,102790.0,9999999
58362,0,1930,7.5,5.19,369.0,369.0,12.03,267.66,3.0,5,102790.0,9999999
58362,0,1931,8.4,5.19,958.0,417.0,12.03,270.82,3.0,2,102790.0,9999999
58362,0,1932,9.4,5.23,441.0,441.0,12.03,274.94,3.0,2,102790.0,9999999
58362,0,1933,10.4,5.3,417.0,417.0,12.03,270.37,3.0,1,102790.0,9999999
58362,0,1934,11.4,5.58,803.0,350.0,12.03,275.79,2.0,4,102790.0,9999999
58362,0,1935,12.1,5.91,606.0,264.0,12.03,274.09,2.0,2,102790.0,9999999
58362,0,1936,11.8,6.04,383.0,167.0,12.03,272.14,2.0,6,102790.0,9999999
58362,0,1937,11.1,6.08,74.0,74.0,12.03,274.73,2.0,11,102790.0,9999999
58362,0,1938,10.2,6.08,0.0,0.0,12.03,269.7,2.0,7,102790.0,9999999
58362,0,1939,9.3,6.04,0.0,0.0,12.03,270.37,2.0,3,102790.0,9999999
58362,0,1940,8.7,5.99,0.0,0.0,12.03,268.34,5.0,5,102790.0,9999999
58362,0,1941,8.4,5.99,0.0,0.0,12.03,270.15,5.0,12,102790.0,9999999
58362,0,1942,8.4,5.99,0.0,0.0,12.03,269.48,5.0,8,102790.0,9999999
58362,0,1943,8.5,5.91,0.0,0.0,12.03,274.52,5.0,6,102790.0,9999999
58362,0,1944,8.6,5.87,0.0,0.0,12.03,273.01,5.0,13,102260.0,9999999
58362,0,1945,8.7,5.82,0.0,0.0,12.03,271.48,5.0,7,102260.0,9999999
58362,0,1946,8.9,5.87,0.0,0.0,12.03,270.37,3.0,7,102260.0,9999999
58362,0,1947,9.0,5.91,0.0,0.0,12.03,270.15,3.0,7,102260.0,9999999
58362,0,1948,9.1,6.04,0.0,0.0,12.03,275.15,3.0,13,102260.0,9999999
58362,0,1949,9.2,6.16,0.0,0.0,12.03,273.87,3.0,3,102260.0,9999999
58362,0,1950,9.4,6.3,13.0,9.0,12.03,269.03,3.0,3,102260.0,9999999
58362,0,1951,9.7,6.39,127.0,88.0,12.03,276.0,3.0,11,102260.0,9999999
58362,0,1952,10.2,6.48,259.0,180.0,12.03,268.57,2.0,10,102260.0,9999999
58362,0,1953,10.9,6.52,164.0,164.0,12.03,270.6,2.0,9,102260.0,9999999
58362,0,1954,11.7,6.52,211.0,211.0,12.03,273.44,2.0,5,102260.0,9999999
58362,0,1955,12.7,6.52,581.0,404.0,12.03,273.87,2.0,3,102260.0,9999999
58362,0,1956,13.7,6.52,252.0,252.0,12.03,273.23,2.0,1,102260.0,9999999
58362,0,1957,14.7,6.61,571.0,397.0,12.03,279.49,2.0,1,102260.0,9999999
58362,0,1958,15.7,6.85,203.0,203.0,12.03,274.09,3.0,11,102260.0,9999999
58362,0,1959,16.3,7.19,154.0,154.0,12.03,276.0,3.0,7,102260.0,9999999
58362,0,1960,16.0,7.34,233.0,162.0,12.03,280.1,3.0,6,102260.0,9999999
58362,0,1961,15.4,7.39,43.0,43.0,12.03,278.07,3.0,1,102260.0,9999999
58362,0,1962,14.5,7.44,0.0,0.0,12.03,281.1,3.0,12,102260.0,9999999
58362,0,1963,13.5,7.39,0.0,0.0,12.03,275.15,3.0,9,102260.0,9999999
58362,0,1964,12.6,7.24,0.0,0.0,12.03,271.26,1.0,8,102260.0,9999999
58362,0,1965,11.9,7.14,0.0,0.0,12.03,275.15,1.0,13,102260.0,9999999
58362,0,1966,11.3,6.99,0.0,0.0,12.03,273.87,1.0,6,102260.0,9999999
58362,0,1967,10.9,6.85,0.0,0.0,12.03,272.36,1.0,10,102260.0,9999999
58362,0,1968,10.4,6.71,0.0,0.0,12.03,276.83,1.0,10,101900.0,9999999
58362,0,1969,10.0,6.57,0.0,0.0,12.03,274.94,1.0,13,101900.0,9999999
58362,0,1970,9.4,6.43,0.0,0.0,12.03,275.79,0.0,0,101900.0,9999999
58362,0,1971,8.7,6.3,0.0,0.0,12.03,272.36,0.0,6,101900.0,9999999
58362,0,1972,8.1,6.21,0.0,0.0,12.03,271.92,0.0,6,101900.0,9999999
58362,0,1973,7.9,6.21,0.0,0.0,12.03,271.48,0.0,8,101900.0,9999999
58362,0,1974,8.3,6.43,25.0,14.0,12.03,270.82,0.0,7,101900.0,9999999
58362,0,1975,9.5,6.9,80.0,80.0,12.03,274.52,0.0,0,101900.0,9999999
58362,0,1976,11.0,7.34,162.0,162.0,12.03,276.21,1.0,11,101900.0,9999999
58362,0,1977,12.7,7.65,679.0,363.0,12.03,277.04,1.0,8,101900.0,9999999
58362,0,1978,14.5,7.75,316.0,316.0,12.03,274.52,1.0,15,101900.0,9999999
58362,0,1979,16.2,7.59,362.0,362.0,12.03,277.66,1.0,1,101900.0,9999999
58362,0,1980,17.7,7.24,376.0,376.0,12.03,279.49,1.0,2,101900.0,9999999
58362,0,1981,18.9,6.75,984.0,527.0,12.03,277.04,1.0,10,101900.0,9999999
58362,0,1982,19.7,6.34,304.0,304.0,12.03,285.74,6.0,13,101900.0,9999999
58362,0,1983,20.0,6.16,230.0,230.0,12.03,284.41,6.0,5,101900.0,9999999
58362,0,1984,19.7,6.16,405.0,217.0,12.03,277.45,6.0,8,101900.0,9999999
58362,0,1985,18.9,6.3,181.0,97.0,12.03,279.7,6.0,3,101900.0,9999999
58362,0,1986,17.8,6.43,0.0,0.0,12.03,282.28,6.0,9,101900.0,9999999
58362,0,1987,16.5,6.61,0.0,0.0,12.03,279.29,6.0,10,101900.0,9999999
58362,0,1988,15.3,6.75,0.0,0.0,12.03,274.94,2.0,13,101900.0,9999999
58362,0,1989,14.3,6.94,0.0,0.0,12.03,274.94,2.0,2,101900.0,9999999
58362,0,1990,13.4,7.09,0.0,0.0,12.03,276.62,2.0,5,101900.0,9999999
58362,0,1991,12.7,7.19,0.0,0.0,12.03,279.29,2.0,7,101900.0,9999999
58362,0,1992,12.1,7.24,0.0,0.0,12.03,276.21,2.0,8,102030.0,9999999
58362,0,1993,11.4,7.24,0.0,0.0,12.03,276.62,2.0,16,102030.0,9999999
58362,0,1994,10.8,7.09,0.0,0.0,12.03,277.45,0.0,0,102030.0,9999999
58362,0,1995,10.1,6.85,0.0,0.0,12.03,272.58,0.0,3,102030.0,9999999
58362,0,1996,9.5,6.52,0.0,0.0,12.03,268.12,0.0,9,102030.0,9999999
58362,0,1997,9.3,6.3,0.0,0.0,12.03,273.01,0.0,12,102030.0,9999999
58362,0,1998,10.0,6.39,32.0,15.0,12.03,273.66,0.0,11,102030.0,9999999
58362,0,1999,11.6,6.8,258.0,121.0,12.03,270.15,0.0,10,102030.0,9999999
58362,0,2000,13.4,7.14,189.0,189.0,12.03,276.0,2.0,7,102030.0,9999999
58362,0,2001,15.0,7.24,285.0,285.0,12.03,281.49,2.0,4,102030.0,9999999
58362,0,2002,16.2,7.04,367.0,367.0,12.03,279.29,2.0,3,102030.0,9999999
58362,0,2003,17.4,6.66,421.0,421.0,12.03,282.08,2.0,2,102030.0,9999999
58362,0,2004,18.5,6.25,437.0,437.0,12.03,279.29,2.0,5,102030.0,9999999
58362,0,2005,19.7,5.99,1136.0,531.0,12.03,282.87,2.0,10,102030.0,9999999
58362,0,2006,21.1,5.95,971.0,454.0,12.03,278.68,1.0,15,102030.0,9999999
58362,0,2007,22.2,6.16,268.0,268.0,12.03,285.37,1.0,11,102030.0,9999999
58362,0,2008,21.7,6.04,171.0,171.0,12.03,284.79,1.0,15,102030.0,9999999
58362,0,2009,20.4,5.91,77.0,77.0,12.03,286.12,1.0,12,102030.0,9999999
58362,0,2010,18.8,5.74,0.0,0.0,12.03,279.29,1.0,1,102030.0,9999999
58362,0,2011,17.0,5.62,0.0,0.0,12.03,277.66,1.0,5,102030.0,9999999
58362,0,2012,15.6,5.54,0.0,0.0,12.03,276.62,1.0,7,102030.0,9999999
58362,0,2013,14.7,5.62,0.0,0.0,12.03,274.73,1.0,5,102030.0,9999999
58362,0,2014,14.3,5.82,0.0,0.0,12.03,280.1,1.0,11,102030.0,9999999
58362,0,2015,14.2,6.16,0.0,0.0,12.03,275.15,1.0,10,102030.0,9999999
58362,0,2016,14.2,6.48,0.0,0.0,12.03,274.73,1.0,9,101490.0,9999999
58362,0,2017,14.2,6.8,0.0,0.0,12.03,277.25,1.0,9,101490.0,9999999
58362,0,2018,14.1,6.99,0.0,0.0,12.03,274.73,2.0,9,101490.0,9999999
58362,0,2019,13.7,7.04,0.0,0.0,12.03,275.15,2.0,9,101490.0,9999999
58362,0,2020,13.2,6.99,0.0,0.0,12.03,279.7,2.0,13,101490.0,9999999
58362,0,2021,13.0,6.94,0.0,0.0,12.03,274.52,2.0,10,101490.0,9999999
58362,0,2022,13.5,7.19,29.0,11.0,12.03,278.48,2.0,3,101490.0,9999999
58362,0,2023,14.7,7.59,217.0,83.0,12.03,278.07,2.0,7,101490.0,9999999
58362,0,2024,16.3,7.97,206.0,206.0,12.03,280.5,1.0,9,101490.0,9999999
58362,0,2025,17.9,8.02,310.0,310.0,12.03,278.89,1.0,9,101490.0,9999999
58362,0,2026,19.4,7.86,398.0,398.0,12.03,278.07,1.0,10,101490.0,9999999
58362,0,2027,20.9,7.54,963.0,366.0,12.03,285.93,1.0,4,101490.0,9999999
58362,0,2028,22.5,7.19,1000.0,380.0,12.03,284.22,1.0,12,101490.0,9999999
58362,0,2029,24.2,7.04,946.0,359.0,12.03,290.36,1.0,4,101490.0,9999999
58362,0,2030,26.0,7.39,383.0,383.0,12.03,285.37,4.0,11,101490.0,9999999
58362,0,2031,27.3,8.3,291.0,291.0,12.03,294.07,4.0,6,101490.0,9999999
58362,0,2032,26.5,8.81,393.0,149.0,12.03,289.99,4.0,4,101490.0,9999999
58362,0,2033,24.7,9.11,84.0,84.0,12.03,290.36,4.0,10,101490.0,9999999
58362,0,2034,22.5,9.17,0.0,0.0,12.03,286.31,4.0,12,101490.0,9999999
58362,0,2035,20.5,9.23,0.0,0.0,12.03,282.67,4.0,13,101490.0,9999999
58362,0,2036,19.5,9.61,0.0,0.0,12.03,282.87,2.0,10,101490.0,9999999
58362,0,2037,19.5,10.4,0.0,0.0,12.03,280.3,2.0,9,101490.0,9999999
58362,0,2038,19.0,10.6,0.0,0.0,12.03,278.68,2.0,13,101490.0,9999999
58362,0,2039,17.8,10.26,0.0,0.0,12.03,278.68,2.0,3,101490.0,9999999
58362,0,2040,16.1,9.54,0.0,0.0,12.03,277.86,2.0,6,101880.0,9999999
58362,0,2041,14.4,8.75,0.0,0.0,12.03,281.69,2.0,2,101880.0,9999999
58362,0,2042,12.8,8.13,0.0,0.0,12.03,278.27,7.0,1,101880.0,9999999
58362,0,2043,11.6,7.7,0.0,0.0,12.03,273.44,7.0,8,101880.0,9999999
58362,0,2044,10.8,7.49,0.0,0.0,12.03,269.7,7.0,10,101880.0,9999999
58362,0,2045,10.4,7.39,0.0,0.0,12.03,275.58,7.0,10,101880.0,9999999
58362,0,2046,10.3,7.39,52.0,20.0,12.03,275.58,7.0,10,101880.0,9999999
58362,0,2047,10.6,7.39,110.0,110.0,12.03,271.7,7.0,12,101880.0,9999999
58362,0,2048,11.1,7.34,218.0,218.0,12.03,272.14,6.0,1,101880.0,9999999
58362,0,2049,11.9,7.14,327.0,327.0,12.03,274.52,6.0,11,101880.0,9999999
58362,0,2050,12.7,6.8,1052.0,405.0,12.03,274.73,6.0,10,101880.0,9999999
58362,0,2051,13.6,6.34,480.0,480.0,12.03,274.09,6.0,12,101880.0,9999999
58362,0,2052,14.4,5.78,498.0,498.0,12.03,280.1,6.0,7,101880.0,9999999
58362,0,2053,14.9,5.23,471.0,471.0,12.03,276.41,6.0,2,101880.0,9999999
58362,0,2054,15.0,4.75,404.0,404.0,12.03,277.66,6.0,1,101880.0,9999999
58362,0,2055,14.7,4.51,832.0,320.0,12.03,273.87,6.0,15,101880.0,9999999
58362,0,2056,14.0,4.48,197.0,197.0,12.03,275.58,6.0,15,101880.0,9999999
58362,0,2057,13.0,4.54,90.0,90.0,12.03,272.36,6.0,2,101880.0,9999999
58362,0,2058,11.9,4.65,1.0,1.0,12.03,273.01,6.0,9,101880.0,9999999
58362,0,2059,10.8,4.75,0.0,0.0,12.03,269.48,6.0,5,101880.0,9999999
58362,0,2060,9.7,4.86,0.0,0.0,12.03,275.15,4.0,3,101880.0,9999999
58362,0,2061,8.8,4.93,0.0,0.0,12.03,267.66,4.0,3,101880.0,9999999
58362,0,2062,8.1,4.97,0.0,0.0,12.03,272.14,4.0,11,101880.0,9999999
58362,0,2063,7.5,4.97,0.0,0.0,12.03,267.43,4.0,11,101880.0,9999999
58362,0,2064,7.0,4.93,0.0,0.0,12.03,268.12,4.0,4,101780.0,9999999
58362,0,2065,6.5,4.82,0.0,0.0,12.03,271.92,4.0,12,101780.0,9999999
58362,0,2066,6.0,4.65,0.0,0.0,12.03,266.96,1.0,13,101780.0,9999999
58362,0,2067,5.5,4.38,0.0,0.0,12.03,267.43,1.0,2,101780.0,9999999
58362,0,2068,5.1,4.12,0.0,0.0,12.03,265.09,1.0,16,101780.0,9999999
58362,0,2069,4.9,3.88,0.0,0.0,12.03,263.18,1.0,1,101780.0,9999999
58362,0,2070,5.6,3.85,37.0,16.0,12.03,268.8,1.0,15,101780.0,9999999
58362,0,2071,7.1,4.03,100.0,100.0,12.03,268.12,1.0,9,101780.0,9999999
58362,0,2072,8.8,4.28,197.0,197.0,12.03,266.03,2.0,5,101780.0,9999999
58362,0,2073,10.1,4.38,707.0,311.0,12.03,267.43,2.0,6,101780.0,9999999
58362,0,2074,11.0,4.38,378.0,378.0,12.03,271.04,2.0,2,101780.0,9999999
58362,0,2075,11.7,4.31,1036.0,457.0,12.03,275.15,2.0,13,101780.0,9999999
58362,0,2076,12.1,4.28,1076.0,474.0,12.03,269.03,2.0,8,101780.0,9999999
58362,0,2077,12.4,4.31,425.0,425.0,12.03,269.48,2.0,5,101780.0,9999999
58362,0,2078,12.8,4.48,364.0,364.0,12.03,269.93,3.0,3,101780.0,9999999
58362,0,2079,13.1,4.79,277.0,277.0,12.03,274.3,3.0,14,101780.0,9999999
58362,0,2080,12.8,5.04,178.0,178.0,12.03,272.58,3.0,14,101780.0,9999999
58362,0,2081,12.2,5.19,82.0,82.0,12.03,274.3,3.0,13,101780.0,9999999
58362,0,2082,11.3,5.27,4.0,2.0,12.03,273.44,3.0,16,101780.0,9999999
58362,0,2083,10.3,5.3,0.0,0.0,12.03,273.44,3.0,4,101780.0,9999999
58362,0,2084,9.4,5.3,0.0,0.0,12.03,273.66,3.0,6,101780.0,9999999
58362,0,2085,8.8,5.3,0.0,0.0,12.03,269.93,3.0,3,101780.0,9999999
58362,0,2086,8.3,5.34,0.0,0.0,12.03,267.43,3.0,6,101780.0,9999999
58362,0,2087,8.0,5.34,0.0,0.0,12.03,265.8,3.0,14,101780.0,9999999
58362,0,2088,7.7,5.3,0.0,0.0,12.03,273.44,3.0,4,101320.0,9999999
58362,0,2089,7.4,5.19,0.0,0.0,12.03,271.7,3.0,15,101320.0,9999999
58362,0,2090,7.1,5.04,0.0,0.0,12.03,268.8,1.0,7,101320.0,9999999
58362,0,2091,6.7,4.75,0.0,0.0,12.03,268.8,1.0,10,101320.0,9999999
58362,0,2092,6.3,4.44,0.0,0.0,12.03,265.8,1.0,9,101320.0,9999999
58362,0,2093,6.1,4.18,0.0,0.0,12.03,265.56,1.0,3,101320.0,9999999
58362,0,2094,7.1,4.25,30.0,10.0,12.03,266.5,1.0,9,101320.0,9999999
58362,0,2095,9.4,4.65,202.0,46.0,12.03,266.73,1.0,10,101320.0,9999999
58362,0,2096,12.0,5.15,396.0,90.0,12.03,273.01,1.0,8,101320.0,9999999
58362,0,2097,14.2,5.46,591.0,135.0,12.03,274.73,1.0,11,101320.0,9999999
58362,0,2098,15.9,5.5,757.0,172.0,12.03,277.04,1.0,10,101320.0,9999999
58362,0,2099,17.2,5.42,777.0,262.0,12.03,278.27,1.0,3,101320.0,9999999
58362,0,2100,18.2,5.3,474.0,474.0,12.03,277.86,1.0,14,101320.0,9999999
58362,0,2101,19.0,5.27,763.0,257.0,12.03,282.87,1.0,5,101320.0,9999999
58362,0,2102,19.6,5.42,729.0,166.0,12.03,278.27,2.0,8,101320.0,9999999
58362,0,2103,20.0,5.82,499.0,168.0,12.03,280.5,2.0,11,101320.0,9999999
58362,0,2104,19.6,6.12,189.0,189.0,12.03,283.84,2.0,15,101320.0,9999999
58362,0,2105,18.5,6.34,150.0,51.0,12.03,283.06,2.0,16,101320.0,9999999
58362,0,2106,17.0,6.39,6.0,1.0,12.03,279.09,2.0,8,101320.0,9999999
58362,0,2107,15.5,6.39,0.0,0.0,12.03,277.04,2.0,6,101320.0,9999999
58362,0,2108,14.2,6.39,0.0,0.0,12.03,275.79,2.0,8,101320.0,9999999
58362,0,2109,13.4,6.48,0.0,0.0,12.03,273.01,2.0,14,101320.0,9999999
58362,0,2110,13.1,6.66,0.0,0.0,12.03,276.0,2.0,6,101320.0,9999999
58362,0,2111,13.0,6.9,0.0,0.0,12.03,278.07,2.0,3,101320.0,9999999
58362,0,2112,13.1,7.14,0.0,0.0,12.03,277.04,2.0,15,100840.0,9999999
58362,0,2113,13.3,7.34,0.0,0.0,12.03,277.25,2.0,1,100840.0,9999999
58362,0,2114,13.3,7.39,0.0,0.0,12.03,275.36,2.0,9,100840.0,9999999
58362,0,2115,13.1,7.34,0.0,0.0,12.03,273.23,2.0,9,100840.0,9999999
58362,0,2116,12.9,7.19,0.0,0.0,12.03,276.21,2.0,2,100840.0,9999999
58362,0,2117,12.8,7.04,0.0,0.0,12.03,275.36,2.0,9,100840.0,9999999
58362,0,2118,13.3,7.09,30.0,11.0,12.03,275.36,2.0,9,100840.0,9999999
58362,0,2119,14.6,7.44,171.0,63.0,12.03,274.52,2.0,3,100840.0,9999999
58362,0,2120,16.5,7.91,334.0,123.0,12.03,278.27,1.0,8,100840.0,9999999
58362,0,2121,18.6,8.41,497.0,183.0,12.03,277.45,1.0,13,100840.0,9999999
58362,0,2122,20.7,8.81,635.0,234.0,12.03,286.31,1.0,3,100840.0,9999999
58362,0,2123,22.7,9.11,726.0,183.0,12.03,287.24,1.0,6,100840.0,9999999
58362,0,2124,24.5,9.29,753.0,278.0,12.03,287.06,1.0,15,100840.0,9999999
58362,0,2125,25.9,9.48,713.0,263.0,12.03,287.8,1.0,7,100840.0,9999999
58362,0,2126,26.7,9.74,612.0,154.0,12.03,287.06,2.0,9,100840.0,9999999
58362,0,2127,26.9,10.26,467.0,172.0,12.03,290.18,2.0,4,100840.0,9999999
58362,0,2128,26.5,10.74,302.0,76.0,12.03,289.99,2.0,3,100840.0,9999999
58362,0,2129,25.3,11.09,142.0,52.0,12.03,286.12,2.0,14,100840.0,9999999
58362,0,2130,23.8,11.17,4.0,4.0,12.03,288.17,2.0,5,100840.0,9999999
58362,0,2131,22.1,11.02,0.0,0.0,12.03,283.06,2.0,5,100840.0,9999999
58362,0,2132,20.7,10.81,0.0,0.0,12.03,283.25,1.0,8,100840.0,9999999
58362,0,2133,19.7,10.67,0.0,0.0,12.03,282.87,1.0,1,100840.0,9999999
58362,0,2134,19.0,10.6,0.0,0.0,12.03,281.69,1.0,9,100840.0,9999999
58362,0,2135,18.6,10.53,0.0,0.0,12.03,283.84,1.0,16,100840.0,9999999
58362,0,2136,18.4,10.53,0.0,0.0,12.03,284.6,1.0,6,100480.0,9999999
58362,0,2137,18.3,10.53,0.0,0.0,12.03,280.9,1.0,1,100480.0,9999999
58362,0,2138,18.2,10.46,0.0,0.0,12.03,282.48,0.0,0,100480.0,9999999
58362,0,2139,18.0,10.33,0.0,0.0,12.03,284.22,0.0,10,100480.0,9999999
58362,0,2140,17.9,10.19,0.0,0.0,12.03,282.87,0.0,10,100480.0,9999999
58362,0,2141,17.9,10.13,0.0,0.0,12.03,282.87,0.0,7,100480.0,9999999
58362,0,2142,18.3,10.26,13.0,13.0,12.03,281.89,0.0,5,100480.0,9999999
58362,0,2143,19.2,10.53,68.0,68.0,12.03,284.22,0.0,3,100480.0,9999999
58362,0,2144,20.7,11.17,132.0,132.0,12.03,284.6,1.0,8,100480.0,9999999
58362,0,2145,22.9,12.07,197.0,197.0,12.03,285.74,1.0,10,100480.0,9999999
58362,0,2146,25.4,13.19,251.0,251.0,12.03,293.89,1.0,6,100480.0,9999999
58362,0,2147,27.6,14.24,287.0,287.0,12.03,289.27,1.0,16,100480.0,9999999
58362,0,2148,29.1,14.88,298.0,298.0,12.03,292.49,1.0,3,100480.0,9999999
58362,0,2149,29.3,14.88,282.0,282.0,12.03,298.14,1.0,15,100480.0,9999999
58362,0,2150,27.9,14.06,242.0,242.0,12.03,293.89,3.0,13,100480.0,9999999
58362,0,2151,25.2,13.03,185.0,185.0,12.03,289.45,3.0,10,100480.0,9999999
58362,0,2152,21.9,11.83,120.0,120.0,12.03,289.99,3.0,10,100480.0,9999999
58362,0,2153,18.8,10.74,57.0,57.0,12.03,285.18,3.0,16,100480.0,9999999
58362,0,2154,16.4,10.19,3.0,3.0,12.03,280.1,3.0,9,100480.0,9999999
58362,0,2155,15.7,10.46,0.0,0.0,12.03,278.48,3.0,6,100480.0,9999999
58362,0,2156,16.6,11.61,0.0,0.0,12.03,284.79,3.0,5,100480.0,9999999
58362,0,2157,17.1,12.14,0.0,0.0,12.03,280.9,3.0,16,100480.0,9999999
58362,0,2158,16.9,11.76,0.0,0.0,12.03,280.5,3.0,7,100480.0,9999999
58362,0,2159,16.1,10.81,0.0,0.0,12.03,281.49,3.0,1,100480.0,9999999
58362,0,2160,15.0,9.54,0.0,0.0,15.63,274.52,3.0,15,101580.0,9999999
58362,0,2161,13.7,8.35,0.0,0.0,15.63,276.21,3.0,9,101580.0,9999999
58362,0,2162,12.4,7.44,0.0,0.0,15.63,272.36,3.0,8,101580.0,9999999
58362,0,2163,11.4,6.85,0.0,0.0,15.63,269.93,3.0,12,101580.0,9999999
58362,0,2164,10.7,6.52,0.0,0.0,15.63,274.52,3.0,3,101580.0,9999999
58362,0,2165,10.4,6.57,0.0,0.0,15.63,276.83,3.0,12,101580.0,9999999
58362,0,2166,10.9,6.94,4.0,4.0,15.63,272.8,3.0,10,101580.0,9999999
58362,0,2167,11.9,7.65,21.0,21.0,15.63,277.25,3.0,13,101580.0,9999999
58362,0,2168,13.1,8.46,41.0,41.0,15.63,276.21,2.0,6,101580.0,9999999
58362,0,2169,14.0,9.11,61.0,61.0,15.63,281.29,2.0,3,101580.0,9999999
58362,0,2170,14.6,9.54,78.0,78.0,15.63,282.08,2.0,11,101580.0,9999999
58362,0,2171,15.0,9.86,89.0,89.0,15.63,277.45,2.0,1,101580.0,9999999
58362,0,2172,15.4,10.06,92.0,92.0,15.63,277.86,2.0,4,101580.0,9999999
58362,0,2173,15.6,10.19,87.0,87.0,15.63,278.27,2.0,12,101580.0,9999999
58362,0,2174,16.0,10.33,75.0,75.0,15.63,277.86,4.0,9,101580.0,9999999
58362,0,2175,16.5,10.67,57.0,57.0,15.63,279.7,4.0,9,101580.0,9999999
58362,0,2176,17.0,10.95,37.0,37.0,15.63,281.49,4.0,8,101580.0,9999999
58362,0,2177,17.3,11.17,18.0,18.0,15.63,279.49,4.0,3,101580.0,9999999
58362,0,2178,17.5,11.31,1.0,1.0,15.63,282.08,4.0,4,101580.0,9999999
58362,0,2179,17.5,11.24,0.0,0.0,15.63,281.49,4.0,6,101580.0,9999999
58362,0,2180,17.4,11.24,0.0,0.0,15.63,279.49,5.0,9,101580.0,9999999
58362,0,2181,17.5,11.24,0.0,0.0,15.63,280.3,5.0,4,101580.0,9999999
58362,0,2182,17.6,11.39,0.0,0.0,15.63,281.69,5.0,6,101580.0,9999999
58362,0,2183,17.8,11.53,0.0,0.0,15.63,280.1,5.0,12,101580.0,9999999
58362,0,2184,18.0,11.68,0.0,0.0,15.63,278.07,5.0,4,101050.0,9999999
58362,0,2185,18.1,11.83,0.0,0.0,15.63,283.64,5.0,4,101050.0,9999999
58362,0,2186,18.1,11.83,0.0,0.0,15.63,279.49,4.0,9,101050.0,9999999
58362,0,2187,17.9,11.76,0.0,0.0,15.63,278.07,4.0,12,101050.0,9999999
58362,0,2188,17.7,11.68,0.0,0.0,15.63,284.22,4.0,11,101050.0,9999999
58362,0,2189,17.5,11.61,0.0,0.0,15.63,281.1,4.0,6,101050.0,9999999
58362,0,2190,17.6,11.61,17.0,17.0,15.63,280.5,4.0,12,101050.0,9999999
58362,0,2191,18.1,11.76,86.0,86.0,15.63,283.64,4.0,3,101050.0,9999999
58362,0,2192,19.1,12.22,164.0,164.0,15.63,282.28,5.0,10,101050.0,9999999
58362,0,2193,20.7,12.86,243.0,243.0,15.63,284.41,5.0,6,101050.0,9999999
58362,0,2194,22.5,13.62,309.0,309.0,15.63,285.18,5.0,8,101050.0,9999999
58362,0,2195,24.2,14.24,353.0,353.0,15.63,284.6,5.0,9,101050.0,9999999
58362,0,2196,25.3,14.42,366.0,366.0,15.63,292.49,5.0,2,101050.0,9999999
58362,0,2197,25.4,13.88,347.0,347.0,15.63,291.43,5.0,8,101050.0,9999999
58362,0,2198,24.8,13.28,298.0,298.0,15.63,286.31,5.0,11,101050.0,9999999
58362,0,2199,24.2,13.28,228.0,228.0,15.63,289.27,5.0,12,101050.0,9999999
58362,0,2200,22.9,12.94,149.0,149.0,15.63,286.12,5.0,16,101050.0,9999999
58362,0,2201,21.0,12.38,72.0,72.0,15.63,285.18,5.0,3,101050.0,9999999
58362,0,2202,19.2,11.83,6.0,6.0,15.63,281.49,5.0,10,101050.0,9999999
58362,0,2203,17.6,11.46,0.0,0.0,15.63,282.28,5.0,6,101050.0,9999999
58362,0,2204,16.9,11.46,0.0,0.0,15.63,280.5,4.0,3,101050.0,9999999
58362,0,2205,16.9,11.83,0.0,0.0,15.63,279.29,4.0,7,101050.0,9999999
58362,0,2206,16.4,11.61,0.0,0.0,15.63,281.89,4.0,14,101050.0,9999999
58362,0,2207,15.3,10.81,0.0,0.0,15.63,283.25,4.0,13,101050.0,9999999
58362,0,2208,13.9,9.8,0.0,0.0,15.63,278.89,4.0,9,101680.0,9999999
58362,0,2209,12.5,8.75,0.0,0.0,15.63,274.73,4.0,2,101680.0,9999999
58362,0,2210,11.2,7.97,0.0,0.0,15.63,278.07,5.0,1,101680.0,9999999
58362,0,2211,10.4,7.44,0.0,0.0,15.63,271.48,5.0,7,101680.0,9999999
58362,0,2212,9.9,7.14,0.0,0.0,15.63,273.87,5.0,10,101680.0,9999999
58362,0,2213,9.8,7.04,0.0,0.0,15.63,273.01,5.0,14,101680.0,9999999
58362,0,2214,9.9,7.04,7.0,7.0,15.63,276.41,5.0,9,101680.0,9999999
58362,0,2215,10.1,7.09,31.0,31.0,15.63,275.36,5.0,7,101680.0,9999999
58362,0,2216,10.5,7.19,60.0,60.0,15.63,272.14,5.0,3,101680.0,9999999
58362,0,2217,10.9,7.24,88.0,88.0,15.63,274.09,5.0,12,101680.0,9999999
58362,0,2218,11.2,7.29,112.0,112.0,15.63,273.87,5.0,6,101680.0,9999999
58362,0,2219,11.6,7.29,128.0,128.0,15.63,271.7,5.0,12,101680.0,9999999
58362,0,2220,11.9,7.29,133.0,133.0,15.63,274.52,5.0,12,101680.0,9999999
58362,0,2221,12.0,7.29,126.0,126.0,15.63,278.68,5.0,15,101680.0,9999999
58362,0,2222,12.1,7.29,108.0,108.0,15.63,270.82,5.0,2,101680.0,9999999
58362,0,2223,11.8,7.24,83.0,83.0,15.63,274.52,5.0,2,101680.0,9999999
58362,0,2224,11.2,7.04,54.0,54.0,15.63,272.14,5.0,8,101680.0,9999999
58362,0,2225,10.5,6.85,26.0,26.0,15.63,277.04,5.0,2,101680.0,9999999
58362,0,2226,9.9,6.75,2.0,2.0,15.63,269.7,5.0,13,101680.0,9999999
58362,0,2227,9.7,6.8,0.0,0.0,15.63,271.7,5.0,11,101680.0,9999999
58362,0,2228,9.9,7.04,0.0,0.0,15.63,270.82,5.0,2,101680.0,9999999
58362,0,2229,10.0,7.24,0.0,0.0,15.63,270.15,5.0,11,101680.0,9999999
58362,0,2230,10.0,7.29,0.0,0.0,15.63,275.15,5.0,16,101680.0,9999999
58362,0,2231,9.8,7.24,0.0,0.0,15.63,268.57,5.0,10,101680.0,9999999
58362,0,2232,9.6,7.19,0.0,0.0,15.63,271.26,5.0,6,101620.0,9999999
58362,0,2233,9.4,7.04,0.0,0.0,15.63,271.04,5.0,10,101620.0,9999999
58362,0,2234,9.2,6.94,0.0,0.0,15.63,270.82,5.0,1,101620.0,9999999
58362,0,2235,9.1,6.85,0.0,0.0,15.63,273.01,5.0,11,101620.0,9999999
58362,0,2236,9.1,6.8,0.0,0.0,15.63,270.6,5.0,14,101620.0,9999999
58362,0,2237,9.1,6.75,0.0,0.0,15.63,271.04,5.0,12,101620.0,9999999
58362,0,2238,9.2,6.71,0.0,0.0,15.63,273.01,5.0,2,101620.0,9999999
58362,0,2239,9.4,6.75,0.0,0.0,15.63,272.58,5.0,4,101620.0,9999999
58362,0,2240,9.6,6.85,1.0,1.0,15.63,271.04,5.0,16,101620.0,9999999
58362,0,2241,9.8,6.9,1.0,1.0,15.63,276.21,5.0,10,101620.0,9999999
58362,0,2242,9.9,6.94,1.0,1.0,15.63,269.93,5.0,16,101620.0,9999999
58362,0,2243,10.0,6.94,1.0,1.0,15.63,271.92,5.0,5,101620.0,9999999
58362,0,2244,10.0,6.94,1.0,1.0,15.63,271.48,5.0,6,101620.0,9999999
58362,0,2245,10.0,6.9,1.0,1.0,15.63,272.58,5.0,4,101620.0,9999999
58362,0,2246,9.9,6.75,1.0,1.0,15.63,271.92,5.0,15,101620.0,9999999
58362,0,2247,9.8,6.57,1.0,1.0,15.63,274.73,5.0,11,101620.0,9999999
58362,0,2248,9.6,6.34,0.0,0.0,15.63,272.58,5.0,14,101620.0,9999999
58362,0,2249,9.6,6.16,0.0,0.0,15.63,267.89,5.0,14,101620.0,9999999
58362,0,2250,9.5,5.99,0.0,0.0,15.63,271.04,5.0,3,101620.0,9999999
58362,0,2251,9.5,5.91,0.0,0.0,15.63,269.93,5.0,10,101620.0,9999999
58362,0,2252,9.5,5.87,0.0,0.0,15.63,273.01,7.0,16,101620.0,9999999
58362,0,2253,9.6,5.95,0.0,0.0,15.63,271.7,7.0,12,101620.0,9999999
58362,0,2254,9.6,6.04,0.0,0.0,15.63,269.25,7.0,2,101620.0,9999999
58362,0,2255,9.7,6.21,0.0,0.0,15.63,275.79,7.0,14,101620.0,9999999
58362,0,2256,9.6,6.3,0.0,0.0,15.63,272.36,7.0,9,101750.0,9999999
58362,0,2257,9.3,6.34,0.0,0.0,15.63,275.58,7.0,15,101750.0,9999999
58362,0,2258,8.9,6.3,0.0,0.0,15.63,271.7,2.0,14,101750.0,9999999
58362,0,2259,8.3,6.12,0.0,0.0,15.63,271.04,2.0,11,101750.0,9999999
58362,0,2260,7.7,5.91,0.0,0.0,15.63,271.26,2.0,6,101750.0,9999999
58362,0,2261,7.4,5.82,0.0,0.0,15.63,269.48,2.0,11,101750.0,9999999
58362,0,2262,7.6,5.87,11.0,11.0,15.63,271.04,2.0,15,101750.0,9999999
58362,0,2263,8.0,5.95,47.0,47.0,15.63,269.7,2.0,15,101750.0,9999999
58362,0,2264,8.5,6.04,88.0,88.0,15.63,274.52,2.0,14,101750.0,9999999
58362,0,2265,9.1,6.12,129.0,129.0,15.63,272.58,2.0,7,101750.0,9999999
58362,0,2266,9.7,6.12,164.0,164.0,15.63,267.89,2.0,11,101750.0,9999999
58362,0,2267,10.2,6.08,187.0,187.0,15.63,271.26,2.0,16,101750.0,9999999
58362,0,2268,10.8,6.08,194.0,194.0,15.63,272.36,2.0,2,101750.0,9999999
58362,0,2269,11.3,6.04,184.0,184.0,15.63,273.87,2.0,6,101750.0,9999999
58362,0,2270,11.7,6.04,158.0,158.0,15.63,273.66,4.0,16,101750.0,9999999
58362,0,2271,12.0,6.08,122.0,122.0,15.63,273.66,4.0,7,101750.0,9999999
58362,0,2272,12.2,6.16,80.0,80.0,15.63,270.37,4.0,14,101750.0,9999999
58362,0,2273,12.3,6.21,39.0,39.0,15.63,272.8,4.0,3,101750.0,9999999
58362,0,2274,12.2,6.25,5.0,5.0,15.63,270.37,4.0,12,101750.0,9999999
58362,0,2275,12.0,6.3,0.0,0.0,15.63,276.62,4.0,5,101750.0,9999999
58362,0,2276,11.7,6.3,0.0,0.0,15.63,272.8,3.0,13,101750.0,9999999
58362,0,2277,11.5,6.3,0.0,0.0,15.63,275.15,3.0,8,101750.0,9999999
58362,0,2278,11.3,6.34,0.0,0.0,15.63,274.94,3.0,2,101750.0,9999999
58362,0,2279,11.1,6.34,0.0,0.0,15.63,272.8,3.0,15,101750.0,9999999
58362,0,2280,10.8,6.25,0.0,0.0,15.63,271.26,3.0,16,101600.0,9999999
58362,0,2281,10.4,6.16,0.0,0.0,15.63,272.14,3.0,12,101600.0,9999999
58362,0,2282,9.8,5.99,0.0,0.0,15.63,273.23,3.0,11,101600.0,9999999
58362,0,2283,9.1,5.74,0.0,0.0,15.63,271.04,3.0,1,101600.0,9999999
58362,0,2284,8.4,5.54,0.0,0.0,15.63,270.37,3.0,8,101600.0,9999999
58362,0,2285,8.1,5.42,0.0,0.0,15.63,267.43,3.0,5,101600.0,9999999
58362,0,2286,8.5,5.58,49.0,14.0,15.63,269.48,3.0,2,101600.0,9999999
58362,0,2287,9.7,5.95,244.0,47.0,15.63,269.25,3.0,14,101600.0,9999999
58362,0,2288,11.2,6.43,458.0,88.0,15.63,276.0,3.0,11,101600.0,9999999
58362,0,2289,12.9,6.9,671.0,129.0,15.63,273.66,3.0,11,101600.0,9999999
58362,0,2290,14.5,7.29,850.0,163.0,15.63,275.36,3.0,10,101600.0,9999999
58362,0,2291,16.2,7.59,838.0,240.0,15.63,277.04,3.0,6,101600.0,9999999
58362,0,2292,17.7,7.86,510.0,510.0,15.63,279.9,3.0,12,101600.0,9999999
58362,0,2293,19.1,7.97,824.0,235.0,15.63,283.25,3.0,3,101600.0,9999999
58362,0,2294,20.2,8.07,417.0,417.0,15.63,282.87,3.0,14,101600.0,9999999
58362,0,2295,21.0,8.07,547.0,156.0,15.63,283.06,3.0,3,101600.0,9999999
58362,0,2296,21.3,8.02,416.0,80.0,15.63,283.45,3.0,5,101600.0,9999999
58362,0,2297,21.0,7.86,206.0,40.0,15.63,282.48,3.0,6,101600.0,9999999
58362,0,2298,20.2,7.59,22.0,6.0,15.63,279.9,3.0,11,101600.0,9999999
58362,0,2299,19.1,7.39,0.0,0.0,15.63,281.1,3.0,8,101600.0,9999999
58362,0,2300,18.0,7.29,0.0,0.0,15.63,281.1,3.0,11,101600.0,9999999
58362,0,2301,16.9,7.34,0.0,0.0,15.63,277.66,3.0,11,101600.0,9999999
58362,0,2302,16.0,7.44,0.0,0.0,15.63,279.29,3.0,6,101600.0,9999999
58362,0,2303,15.1,7.65,0.0,0.0,15.63,279.29,3.0,5,101600.0,9999999
58362,0,2304,14.4,7.75,0.0,0.0,15.63,277.86,3.0,1,101420.0,9999999
58362,0,2305,13.6,7.86,0.0,0.0,15.63,272.58,3.0,3,101420.0,9999999
58362,0,2306,13.0,7.86,0.0,0.0,15.63,271.92,2.0,6,101420.0,9999999
58362,0,2307,12.4,7.7,0.0,0.0,15.63,271.26,2.0,13,101420.0,9999999
58362,0,2308,12.0,7.54,0.0,0.0,15.63,270.82,2.0,16,101420.0,9999999
58362,0,2309,11.8,7.39,0.0,0.0,15.63,276.0,2.0,13,101420.0,9999999
58362,0,2310,12.1,7.49,49.0,26.0,15.63,274.94,2.0,16,101420.0,9999999
58362,0,2311,13.1,7.8,91.0,91.0,15.63,275.36,2.0,16,101420.0,9999999
58362,0,2312,14.5,8.41,169.0,169.0,15.63,280.1,2.0,6,101420.0,9999999
58362,0,2313,16.2,9.29,248.0,248.0,15.63,275.58,2.0,7,101420.0,9999999
58362,0,2314,17.8,10.13,695.0,370.0,15.63,280.3,2.0,4,101420.0,9999999
58362,0,2315,18.4,10.46,791.0,421.0,15.63,278.07,2.0,8,101420.0,9999999
58362,0,2316,17.9,10.06,820.0,436.0,15.63,284.03,2.0,2,101420.0,9999999
58362,0,2317,16.8,9.42,351.0,351.0,15.63,277.45,2.0,6,101420.0,9999999
58362,0,2318,15.6,8.75,671.0,356.0,15.63,280.1,4.0,5,101420.0,9999999
58362,0,2319,14.8,8.35,233.0,233.0,15.63,280.3,4.0,9,101420.0,9999999
58362,0,2320,14.3,8.24,154.0,154.0,15.63,277.25,4.0,10,101420.0,9999999
58362,0,2321,14.2,8.24,77.0,77.0,15.63,281.1,4.0,3,101420.0,9999999
58362,0,2322,14.2,8.35,10.0,10.0,15.63,273.23,4.0,5,101420.0,9999999
58362,0,2323,14.3,8.46,0.0,0.0,15.63,275.58,4.0,10,101420.0,9999999
58362,0,2324,14.3,8.52,0.0,0.0,15.63,276.41,2.0,8,101420.0,9999999
58362,0,2325,14.2,8.52,0.0,0.0,15.63,276.21,2.0,5,101420.0,9999999
58362,0,2326,14.1,8.41,0.0,0.0,15.63,281.1,2.0,1,101420.0,9999999
58362,0,2327,13.8,8.24,0.0,0.0,15.63,279.29,2.0,6,101420.0,9999999
58362,0,2328,13.6,8.07,0.0,0.0,15.63,280.5,2.0,12,101160.0,9999999
58362,0,2329,13.3,7.97,0.0,0.0,15.63,278.68,2.0,13,101160.0,9999999
58362,0,2330,13.1,7.91,0.0,0.0,15.63,274.3,2.0,10,101160.0,9999999
58362,0,2331,13.0,7.91,0.0,0.0,15.63,279.9,2.0,10,101160.0,9999999
58362,0,2332,12.9,8.07,0.0,0.0,15.63,271.92,2.0,6,101160.0,9999999
58362,0,2333,12.9,8.18,0.0,0.0,15.63,279.9,2.0,10,101160.0,9999999
58362,0,2334,13.0,8.35,11.0,11.0,15.63,273.44,2.0,1,101160.0,9999999
58362,0,2335,13.2,8.64,46.0,46.0,15.63,280.5,2.0,3,101160.0,9999999
58362,0,2336,13.7,8.93,85.0,85.0,15.63,273.01,3.0,11,101160.0,9999999
58362,0,2337,14.4,9.29,124.0,124.0,15.63,277.25,3.0,10,101160.0,9999999
58362,0,2338,15.2,9.61,156.0,156.0,15.63,281.29,3.0,6,101160.0,9999999
58362,0,2339,15.8,9.8,178.0,178.0,15.63,278.89,3.0,7,101160.0,9999999
58362,0,2340,16.1,9.74,184.0,184.0,15.63,283.64,3.0,1,101160.0,9999999
58362,0,2341,15.8,9.42,175.0,175.0,15.63,275.15,3.0,16,101160.0,9999999
58362,0,2342,15.2,8.93,151.0,151.0,15.63,279.9,4.0,16,101160.0,9999999
58362,0,2343,14.7,8.7,116.0,116.0,15.63,280.5,4.0,4,101160.0,9999999
58362,0,2344,14.4,8.58,77.0,77.0,15.63,278.89,4.0,4,101160.0,9999999
58362,0,2345,14.2,8.58,39.0,39.0,15.63,279.9,4.0,9,101160.0,9999999
58362,0,2346,14.0,8.58,6.0,6.0,15.63,277.66,4.0,11,101160.0,9999999
58362,0,2347,13.8,8.58,0.0,0.0,15.63,277.45,4.0,2,101160.0,9999999
58362,0,2348,13.5,8.46,0.0,0.0,15.63,272.58,4.0,2,101160.0,9999999
58362,0,2349,13.1,8.3,0.0,0.0,15.63,276.83,4.0,6,101160.0,9999999
58362,0,2350,12.6,7.97,0.0,0.0,15.63,278.07,4.0,3,101160.0,9999999
58362,0,2351,12.1,7.59,0.0,0.0,15.63,273.87,4.0,14,101160.0,9999999
58362,0,2352,11.6,7.19,0.0,0.0,15.63,273.23,4.0,8,101900.0,9999999
58362,0,2353,11.1,6.85,0.0,0.0,15.63,273.66,4.0,3,101900.0,9999999
58362,0,2354,10.7,6.52,0.0,0.0,15.63,270.37,4.0,1,101900.0,9999999
58362,0,2355,10.5,6.34,0.0,0.0,15.63,270.15,4.0,8,101900.0,9999999
58362,0,2356,10.3,6.16,0.0,0.0,15.63,276.41,4.0,1,101900.0,9999999
58362,0,2357,10.3,6.04,0.0,0.0,15.63,273.01,4.0,12,101900.0,9999999
58362,0,2358,10.4,5.95,54.0,25.0,15.63,268.57,4.0,4,101900.0,9999999
58362,0,2359,10.6,5.82,100.0,100.0,15.63,272.58,4.0,7,101900.0,9999999
58362,0,2360,10.9,5.7,388.0,184.0,15.63,270.15,4.0,16,101900.0,9999999
58362,0,2361,11.4,5.58,269.0,269.0,15.63,271.48,4.0,9,101900.0,9999999
58362,0,2362,12.0,5.42,339.0,339.0,15.63,273.66,4.0,7,101900.0,9999999
58362,0,2363,12.6,5.23,810.0,384.0,15.63,274.73,4.0,6,101900.0,9999999
58362,0,2364,13.3,5.04,840.0,398.0,15.63,273.66,4.0,9,101900.0,9999999
58362,0,2365,14.0,4.86,796.0,378.0,15.63,279.29,4.0,7,101900.0,9999999
58362,0,2366,14.5,4.72,327.0,327.0,15.63,277.04,3.0,1,101900.0,9999999
58362,0,2367,14.8,4.58,532.0,252.0,15.63,279.9,3.0,4,101900.0,9999999
58362,0,2368,14.7,4.41,168.0,168.0,15.63,274.52,3.0,13,101900.0,9999999
58362,0,2369,14.3,4.31,178.0,84.0,15.63,274.52,3.0,14,101900.0,9999999
58362,0,2370,13.7,4.22,13.0,13.0,15.63,270.6,3.0,9,101900.0,9999999
58362,0,2371,13.1,4.22,0.0,0.0,15.63,273.44,3.0,11,101900.0,9999999
58362,0,2372,12.4,4.25,0.0,0.0,15.63,275.79,2.0,3,101900.0,9999999
58362,0,2373,11.7,4.38,0.0,0.0,15.63,272.8,2.0,7,101900.0,9999999
58362,0,2374,11.1,4.51,0.0,0.0,15.63,276.21,2.0,16,101900.0,9999999
58362,0,2375,10.5,4.65,0.0,0.0,15.63,269.25,2.0,7,101900.0,9999999
58362,0,2376,10.0,4.79,0.0,0.0,15.63,271.92,2.0,15,101970.0,9999999
58362,0,2377,9.5,4.89,0.0,0.0,15.63,271.04,2.0,14,101970.0,9999999
58362,0,2378,9.1,4.97,0.0,0.0,15.63,270.6,0.0,0,101970.0,9999999
58362,0,2379,8.7,4.97,0.0,0.0,15.63,274.3,0.0,6,101970.0,9999999
58362,0,2380,8.5,4.93,0.0,0.0,15.63,269.93,0.0,11,101970.0,9999999
58362,0,2381,8.4,4.86,0.0,0.0,15.63,270.6,0.0,10,101970.0,9999999
58362,0,2382,9.0,4.93,58.0,27.0,15.63,268.8,0.0,12,101970.0,9999999
58362,0,2383,10.3,5.19,220.0,101.0,15.63,271.92,0.0,1,101970.0,9999999
58362,0,2384,11.8,5.34,405.0,186.0,15.63,270.82,2.0,11,101970.0,9999999
58362,0,2385,13.1,5.3,587.0,269.0,15.63,277.25,2.0,10,101970.0,9999999
58362,0,2386,14.1,4.97,363.0,363.0,15.63,276.0,2.0,7,101970.0,9999999
58362,0,2387,15.0,4.51,413.0,413.0,15.63,275.58,2.0,11,101970.0,9999999
58362,0,2388,15.9,4.0,872.0,400.0,15.63,277.04,2.0,4,101970.0,9999999
58362,0,2389,16.7,3.59,827.0,380.0,15.63,280.9,2.0,7,101970.0,9999999
58362,0,2390,17.6,3.35,350.0,350.0,15.63,281.49,2.0,13,101970.0,9999999
58362,0,2391,18.3,3.32,553.0,254.0,15.63,280.7,2.0,11,101970.0,9999999
58362,0,2392,18.0,3.29,181.0,181.0,15.63,276.0,2.0,7,101970.0,9999999
58362,0,2393,17.2,3.32,91.0,91.0,15.63,276.0,2.0,9,101970.0,9999999
58362,0,2394,16.2,3.37,15.0,15.0,15.63,275.58,2.0,11,101970.0,9999999
58362,0,2395,15.1,3.4,0.0,0.0,15.63,274.09,2.0,7,101970.0,9999999
58362,0,2396,14.3,3.43,0.0,0.0,15.63,272.8,2.0,9,101970.0,9999999
58362,0,2397,13.9,3.43,0.0,0.0,15.63,274.09,2.0,4,101970.0,9999999
58362,0,2398,13.7,3.45,0.0,0.0,15.63,275.36,2.0,15,101970.0,9999999
58362,0,2399,13.7,3.48,0.0,0.0,15.63,277.86,2.0,9,101970.0,9999999
58362,0,2400,13.6,3.53,0.0,0.0,15.63,272.14,2.0,1,101850.0,9999999
58362,0,2401,13.4,3.62,0.0,0.0,15.63,273.23,2.0,6,101850.0,9999999
58362,0,2402,12.7,3.7,0.0,0.0,15.63,275.58,4.0,11,101850.0,9999999
58362,0,2403,11.6,3.79,0.0,0.0,15.63,273.66,4.0,4,101850.0,9999999
58362,0,2404,10.6,3.91,0.0,0.0,15.63,272.58,4.0,11,101850.0,9999999
58362,0,2405,10.1,4.15,0.0,0.0,15.63,273.44,4.0,9,101850.0,9999999
58362,0,2406,10.6,4.65,58.0,22.0,15.63,274.3,4.0,2,101850.0,9999999
58362,0,2407,11.8,5.27,425.0,111.0,15.63,274.73,4.0,7,101850.0,9999999
58362,0,2408,13.3,5.82,390.0,148.0,15.63,272.58,3.0,13,101850.0,9999999
58362,0,2409,14.7,6.08,332.0,332.0,15.63,275.58,3.0,9,101850.0,9999999
58362,0,2410,16.0,6.04,418.0,418.0,15.63,278.48,3.0,16,101850.0,9999999
58362,0,2411,17.2,5.74,475.0,475.0,15.63,276.21,3.0,16,101850.0,9999999
58362,0,2412,18.3,5.27,837.0,317.0,15.63,282.28,3.0,15,101850.0,9999999
58362,0,2413,19.4,4.82,794.0,301.0,15.63,279.29,3.0,9,101850.0,9999999
58362,0,2414,20.4,4.61,403.0,403.0,15.63,280.7,5.0,14,101850.0,9999999
58362,0,2415,21.1,4.65,313.0,313.0,15.63,280.9,5.0,6,101850.0,9999999
58362,0,2416,20.8,4.79,209.0,209.0,15.63,277.66,5.0,3,101850.0,9999999
58362,0,2417,19.9,4.97,106.0,106.0,15.63,278.27,5.0,2,101850.0,9999999
58362,0,2418,18.6,5.19,18.0,18.0,15.63,277.25,5.0,9,101850.0,9999999
58362,0,2419,17.4,5.38,0.0,0.0,15.63,282.87,5.0,9,101850.0,9999999
58362,0,2420,16.2,5.54,0.0,0.0,15.63,275.15,3.0,14,101850.0,9999999
58362,0,2421,15.4,5.7,0.0,0.0,15.63,278.48,3.0,10,101850.0,9999999
58362,0,2422,14.8,5.82,0.0,0.0,15.63,274.94,3.0,10,101850.0,9999999
58362,0,2423,14.4,5.95,0.0,0.0,15.63,278.68,3.0,1,101850.0,9999999
58362,0,2424,14.0,6.04,0.0,0.0,15.63,276.0,3.0,5,101590.0,9999999
58362,0,2425,13.5,6.04,0.0,0.0,15.63,276.21,3.0,4,101590.0,9999999
58362,0,2426,12.9,5.87,0.0,0.0,15.63,270.82,1.0,11,101590.0,9999999
58362,0,2427,12.1,5.58,0.0,0.0,15.63,273.44,1.0,2,101590.0,9999999
58362,0,2428,11.3,5.3,0.0,0.0,15.63,273.66,1.0,13,101590.0,9999999
58362,0,2429,11.0,5.11,0.0,0.0,15.63,269.93,1.0,5,101590.0,9999999
58362,0,2430,11.8,5.23,73.0,36.0,15.63,271.7,1.0,7,101590.0,9999999
58362,0,2431,13.6,5.66,265.0,130.0,15.63,273.66,1.0,7,101590.0,9999999
58362,0,2432,15.5,6.08,190.0,190.0,15.63,278.07,3.0,11,101590.0,9999999
58362,0,2433,17.0,6.16,275.0,275.0,15.63,281.49,3.0,16,101590.0,9999999
58362,0,2434,18.0,5.95,347.0,347.0,15.63,281.1,3.0,13,101590.0,9999999
58362,0,2435,18.7,5.58,995.0,488.0,15.63,281.69,3.0,12,101590.0,9999999
58362,0,2436,19.2,5.15,408.0,408.0,15.63,279.29,3.0,9,101590.0,9999999
58362,0,2437,19.8,4.79,387.0,387.0,15.63,280.3,3.0,1,101590.0,9999999
58362,0,2438,20.6,4.65,846.0,415.0,15.63,282.87,2.0,4,101590.0,9999999
58362,0,2439,21.3,4.75,657.0,322.0,15.63,281.1,2.0,15,101590.0,9999999
58362,0,2440,21.1,4.75,174.0,174.0,15.63,281.49,2.0,16,101590.0,9999999
58362,0,2441,20.5,4.82,89.0,89.0,15.63,279.7,2.0,16,101590.0,9999999
58362,0,2442,19.7,4.97,16.0,16.0,15.63,284.79,2.0,1,101590.0,9999999
58362,0,2443,18.9,5.11,0.0,0.0,15.63,278.27,2.0,11,101590.0,9999999
58362,0,2444,18.1,5.3,0.0,0.0,15.63,280.1,3.0,10,101590.0,9999999
58362,0,2445,17.5,5.54,0.0,0.0,15.63,283.06,3.0,9,101590.0,9999999
58362,0,2446,17.1,5.82,0.0,0.0,15.63,276.21,3.0,8,101590.0,9999999
58362,0,2447,16.8,6.12,0.0,0.0,15.63,280.1,3.0,10,101590.0,9999999
58362,0,2448,16.5,6.43,0.0,0.0,15.63,280.1,3.0,10,101360.0,9999999
58362,0,2449,16.4,6.75,0.0,0.0,15.63,278.07,3.0,7,101360.0,9999999
58362,0,2450,16.2,7.04,0.0,0.0,15.63,274.52,3.0,9,101360.0,9999999
58362,0,2451,16.0,7.34,0.0,0.0,15.63,278.07,3.0,2,101360.0,9999999
58362,0,2452,15.9,7.54,0.0,0.0,15.63,274.52,3.0,5,101360.0,9999999
58362,0,2453,15.8,7.75,0.0,0.0,15.63,276.83,3.0,6,101360.0,9999999
58362,0,2454,16.1,8.07,99.0,45.0,15.63,278.48,3.0,2,101360.0,9999999
58362,0,2455,16.8,8.52,118.0,118.0,15.63,280.5,3.0,8,101360.0,9999999
58362,0,2456,17.5,8.81,214.0,214.0,15.63,281.29,5.0,11,101360.0,9999999
58362,0,2457,18.0,8.93,916.0,414.0,15.63,282.67,5.0,13,101360.0,9999999
58362,0,2458,18.5,8.81,1110.0,502.0,15.63,285.55,5.0,3,101360.0,9999999
58362,0,2459,18.9,8.7,441.0,441.0,15.63,279.29,5.0,5,101360.0,9999999
58362,0,2460,19.5,8.64,457.0,457.0,15.63,281.29,5.0,16,101360.0,9999999
58362,0,2461,20.3,8.87,433.0,433.0,15.63,282.28,5.0,3,101360.0,9999999
58362,0,2462,21.6,9.48,375.0,375.0,15.63,285.37,3.0,4,101360.0,9999999
58362,0,2463,22.7,10.26,291.0,291.0,15.63,286.12,3.0,12,101360.0,9999999
58362,0,2464,22.4,10.46,195.0,195.0,15.63,283.25,3.0,2,101360.0,9999999
58362,0,2465,21.6,10.46,299.0,135.0,15.63,289.27,3.0,2,101360.0,9999999
58362,0,2466,20.6,10.33,19.0,19.0,15.63,288.17,3.0,16,101360.0,9999999
58362,0,2467,19.4,10.13,0.0,0.0,15.63,281.1,3.0,3,101360.0,9999999
58362,0,2468,18.3,9.99,0.0,0.0,15.63,283.25,0.0,0,101360.0,9999999
58362,0,2469,17.4,9.86,0.0,0.0,15.63,280.3,0.0,0,101360.0,9999999
58362,0,2470,16.7,9.8,0.0,0.0,15.63,279.7,0.0,9,101360.0,9999999
58362,0,2471,16.2,9.8,0.0,0.0,15.63,279.7,0.0,5,101360.0,9999999
58362,0,2472,15.8,9.8,0.0,0.0,15.63,281.89,0.0,9,101480.0,9999999
58362,0,2473,15.4,9.86,0.0,0.0,15.63,274.94,0.0,9,101480.0,9999999
58362,0,2474,15.1,9.86,0.0,0.0,15.63,278.07,2.0,6,101480.0,9999999
58362,0,2475,14.7,9.86,0.0,0.0,15.63,274.3,2.0,8,101480.0,9999999
58362,0,2476,14.4,9.86,0.0,0.0,15.63,280.5,2.0,3,101480.0,9999999
58362,0,2477,14.3,9.93,0.0,0.0,15.63,278.48,2.0,15,101480.0,9999999
58362,0,2478,14.4,10.13,36.0,25.0,15.63,278.07,2.0,14,101480.0,9999999
58362,0,2479,14.6,10.26,61.0,61.0,15.63,282.28,2.0,2,101480.0,9999999
58362,0,2480,14.9,10.4,222.0,158.0,15.63,276.83,2.0,7,101480.0,9999999
58362,0,2481,15.3,10.53,159.0,159.0,15.63,279.7,2.0,13,101480.0,9999999
58362,0,2482,15.9,10.6,403.0,286.0,15.63,277.86,2.0,12,101480.0,9999999
58362,0,2483,16.4,10.67,226.0,226.0,15.63,279.7,2.0,6,101480.0,9999999
58362,0,2484,17.0,10.74,473.0,336.0,15.63,281.49,2.0,13,101480.0,9999999
58362,0,2485,17.7,10.88,449.0,319.0,15.63,280.5,2.0,16,101480.0,9999999
58362,0,2486,18.3,11.09,389.0,276.0,15.63,278.07,5.0,5,101480.0,9999999
58362,0,2487,18.7,11.24,302.0,215.0,15.63,283.25,5.0,7,101480.0,9999999
58362,0,2488,18.5,11.09,100.0,100.0,15.63,282.87,5.0,11,101480.0,9999999
58362,0,2489,17.8,10.74,52.0,52.0,15.63,283.06,5.0,1,101480.0,9999999
58362,0,2490,16.9,10.33,21.0,15.0,15.63,280.1,5.0,9,101480.0,9999999
58362,0,2491,16.0,9.86,0.0,0.0,15.63,282.08,5.0,5,101480.0,9999999
58362,0,2492,15.3,9.54,0.0,0.0,15.63,278.27,4.0,5,101480.0,9999999
58362,0,2493,14.8,9.36,0.0,0.0,15.63,277.66,4.0,6,101480.0,9999999
58362,0,2494,14.6,9.36,0.0,0.0,15.63,278.07,4.0,5,101480.0,9999999
58362,0,2495,14.5,9.36,0.0,0.0,15.63,277.45,4.0,3,101480.0,9999999
58362,0,2496,14.5,9.36,0.0,0.0,15.63,277.45,4.0,10,101620.0,9999999
58362,0,2497,14.5,9.36,0.0,0.0,15.63,277.86,4.0,14,101620.0,9999999
58362,0,2498,14.4,9.23,0.0,0.0,15.63,277.25,2.0,2,101620.0,9999999
58362,0,2499,14.2,8.99,0.0,0.0,15.63,275.79,2.0,13,101620.0,9999999
58362,0,2500,13.9,8.7,0.0,0.0,15.63,277.66,2.0,10,101620.0,9999999
58362,0,2501,13.6,8.41,0.0,0.0,15.63,275.58,2.0,3,101620.0,9999999
58362,0,2502,13.5,8.18,58.0,32.0,15.63,272.58,2.0,14,101620.0,9999999
58362,0,2503,13.7,8.02,94.0,94.0,15.63,278.07,2.0,11,101620.0,9999999
58362,0,2504,14.3,8.02,169.0,169.0,15.63,277.86,2.0,2,101620.0,9999999
58362,0,2505,15.3,8.18,243.0,243.0,15.63,282.28,2.0,2,101620.0,9999999
58362,0,2506,16.6,8.41,640.0,345.0,15.63,279.09,2.0,16,101620.0,9999999
58362,0,2507,17.9,8.64,345.0,345.0,15.63,283.45,2.0,7,101620.0,9999999
58362,0,2508,19.0,8.81,751.0,405.0,15.63,280.3,2.0,4,101620.0,9999999
58362,0,2509,19.5,8.7,713.0,384.0,15.63,286.5,2.0,14,101620.0,9999999
58362,0,2510,19.3,8.35,618.0,333.0,15.63,284.79,3.0,2,101620.0,9999999
58362,0,2511,18.2,7.7,481.0,259.0,15.63,280.3,3.0,3,101620.0,9999999
58362,0,2512,16.6,7.04,154.0,154.0,15.63,277.86,3.0,7,101620.0,9999999
58362,0,2513,15.0,6.48,80.0,80.0,15.63,275.36,3.0,15,101620.0,9999999
58362,0,2514,13.8,6.21,17.0,17.0,15.63,274.73,3.0,4,101620.0,9999999
58362,0,2515,13.5,6.39,0.0,0.0,15.63,275.58,3.0,6,101620.0,9999999
58362,0,2516,14.2,7.04,0.0,0.0,15.63,272.8,3.0,5,101620.0,9999999
58362,0,2517,14.6,7.59,0.0,0.0,15.63,277.25,3.0,8,101620.0,9999999
58362,0,2518,14.4,7.86,0.0,0.0,15.63,281.29,3.0,7,101620.0,9999999
58362,0,2519,13.9,7.97,0.0,0.0,15.63,272.8,3.0,1,101620.0,9999999
58362,0,2520,13.3,7.91,0.0,0.0,15.63,274.52,3.0,16,101720.0,9999999
58362,0,2521,12.6,7.8,0.0,0.0,15.63,276.83,3.0,8,101720.0,9999999
58362,0,2522,12.0,7.7,0.0,0.0,15.63,273.87,2.0,6,101720.0,9999999
58362,0,2523,11.7,7.65,0.0,0.0,15.63,270.6,2.0,4,101720.0,9999999
58362,0,2524,11.6,7.65,0.0,0.0,15.63,270.6,2.0,12,101720.0,9999999
58362,0,2525,11.6,7.65,0.0,0.0,15.63,271.7,2.0,10,101720.0,9999999
58362,0,2526,12.0,7.8,77.0,36.0,15.63,274.3,2.0,3,101720.0,9999999
58362,0,2527,12.9,8.18,253.0,119.0,15.63,273.23,2.0,4,101720.0,9999999
58362,0,2528,14.0,8.7,203.0,203.0,15.63,274.52,2.0,8,101720.0,9999999
58362,0,2529,14.9,9.05,291.0,291.0,15.63,279.49,2.0,12,101720.0,9999999
58362,0,2530,15.5,9.23,815.0,382.0,15.63,279.49,2.0,13,101720.0,9999999
58362,0,2531,16.0,9.36,922.0,433.0,15.63,283.45,2.0,11,101720.0,9999999
58362,0,2532,16.4,9.48,428.0,428.0,15.63,278.07,2.0,4,101720.0,9999999
58362,0,2533,16.7,9.54,407.0,407.0,15.63,280.1,2.0,5,101720.0,9999999
58362,0,2534,17.1,9.74,786.0,369.0,15.63,278.89,4.0,6,101720.0,9999999
58362,0,2535,17.4,9.93,275.0,275.0,15.63,281.49,4.0,11,101720.0,9999999
58362,0,2536,17.2,9.86,185.0,185.0,15.63,281.29,4.0,9,101720.0,9999999
58362,0,2537,16.8,9.61,217.0,102.0,15.63,279.09,4.0,1,101720.0,9999999
58362,0,2538,16.2,9.29,46.0,22.0,15.63,280.1,4.0,6,101720.0,9999999
58362,0,2539,15.6,8.99,0.0,0.0,15.63,280.3,4.0,6,101720.0,9999999
58362,0,2540,15.0,8.64,0.0,0.0,15.63,278.68,3.0,8,101720.0,9999999
58362,0,2541,14.6,8.3,0.0,0.0,15.63,275.79,3.0,3,101720.0,9999999
58362,0,2542,14.3,8.02,0.0,0.0,15.63,279.7,3.0,2,101720.0,9999999
58362,0,2543,14.1,7.75,0.0,0.0,15.63,280.9,3.0,16,101720.0,9999999
58362,0,2544,13.9,7.54,0.0,0.0,15.63,274.09,3.0,5,101660.0,9999999
58362,0,2545,13.8,7.29,0.0,0.0,15.63,276.0,3.0,8,101660.0,9999999
58362,0,2546,13.7,7.09,0.0,0.0,15.63,273.44,1.0,7,101660.0,9999999
58362,0,2547,13.5,6.9,0.0,0.0,15.63,276.0,1.0,1,101660.0,9999999
58362,0,2548,13.4,6.71,0.0,0.0,15.63,273.01,1.0,14,101660.0,9999999
58362,0,2549,13.3,6.57,0.0,0.0,15.63,277.04,1.0,9,101660.0,9999999
58362,0,2550,13.8,6.66,75.0,42.0,15.63,274.3,1.0,11,101660.0,9999999
58362,0,2551,15.0,7.09,96.0,96.0,15.63,281.49,1.0,6,101660.0,9999999
58362,0,2552,16.3,7.49,433.0,243.0,15.63,278.27,3.0,6,101660.0,9999999
58362,0,2553,17.2,7.65,620.0,348.0,15.63,275.79,3.0,4,101660.0,9999999
58362,0,2554,17.8,7.65,306.0,306.0,15.63,280.5,3.0,2,101660.0,9999999
58362,0,2555,18.3,7.59,346.0,346.0,15.63,276.83,3.0,12,101660.0,9999999
58362,0,2556,18.9,7.7,359.0,359.0,15.63,282.87,3.0,8,101660.0,9999999
58362,0,2557,19.6,8.02,341.0,341.0,15.63,281.29,3.0,10,101660.0,9999999
58362,0,2558,20.8,8.87,751.0,421.0,15.63,284.41,3.0,5,101660.0,9999999
58362,0,2559,22.3,10.26,586.0,328.0,15.63,285.18,3.0,12,101660.0,9999999
58362,0,2560,23.1,11.53,156.0,156.0,15.63,291.07,3.0,12,101660.0,9999999
58362,0,2561,22.2,11.76,82.0,82.0,15.63,287.62,3.0,4,101660.0,9999999
58362,0,2562,20.0,11.17,46.0,26.0,15.63,282.87,3.0,7,101660.0,9999999
58362,0,2563,17.8,10.4,0.0,0.0,15.63,284.03,3.0,11,101660.0,9999999
58362,0,2564,16.4,10.06,0.0,0.0,15.63,284.03,2.0,5,101660.0,9999999
58362,0,2565,16.4,10.46,0.0,0.0,15.63,278.27,2.0,5,101660.0,9999999
58362,0,2566,16.5,10.74,0.0,0.0,15.63,278.48,2.0,16,101660.0,9999999
58362,0,2567,16.3,10.81,0.0,0.0,15.63,278.48,2.0,4,101660.0,9999999
58362,0,2568,15.9,10.67,0.0,0.0,15.63,278.68,2.0,4,101960.0,9999999
58362,0,2569,15.4,10.4,0.0,0.0,15.63,275.15,2.0,16,101960.0,9999999
58362,0,2570,14.9,10.06,0.0,0.0,15.63,275.79,3.0,3,101960.0,9999999
58362,0,2571,14.3,9.74,0.0,0.0,15.63,277.45,3.0,15,101960.0,9999999
58362,0,2572,13.8,9.42,0.0,0.0,15.63,273.23,3.0,12,101960.0,9999999
58362,0,2573,13.4,9.11,0.0,0.0,15.63,279.29,3.0,4,101960.0,9999999
58362,0,2574,13.1,8.81,76.0,44.0,15.63,278.89,3.0,1,101960.0,9999999
58362,0,2575,13.0,8.58,95.0,95.0,15.63,275.58,3.0,4,101960.0,9999999
58362,0,2576,13.1,8.3,168.0,168.0,15.63,276.21,6.0,3,101960.0,9999999
58362,0,2577,13.5,7.97,239.0,239.0,15.63,273.66,6.0,6,101960.0,9999999
58362,0,2578,14.0,7.65,767.0,439.0,15.63,276.21,6.0,16,101960.0,9999999
58362,0,2579,14.6,7.29,339.0,339.0,15.63,281.1,6.0,15,101960.0,9999999
58362,0,2580,15.1,6.99,351.0,351.0,15.63,281.49,6.0,16,101960.0,9999999
58362,0,2581,15.5,6.66,854.0,488.0,15.63,273.87,6.0,10,101960.0,9999999
58362,0,2582,15.7,6.48,741.0,424.0,15.63,273.87,6.0,3,101960.0,9999999
58362,0,2583,15.3,6.39,226.0,226.0,15.63,275.58,6.0,11,101960.0,9999999
58362,0,2584,14.4,6.25,153.0,153.0,15.63,275.36,6.0,16,101960.0,9999999
58362,0,2585,13.4,6.16,81.0,81.0,15.63,278.07,6.0,8,101960.0,9999999
58362,0,2586,12.5,6.16,19.0,19.0,15.63,278.68,6.0,12,101960.0,9999999
58362,0,2587,12.1,6.39,0.0,0.0,15.63,273.87,6.0,3,101960.0,9999999
58362,0,2588,12.3,6.75,0.0,0.0,15.63,272.14,4.0,2,101960.0,9999999
58362,0,2589,12.5,6.94,0.0,0.0,15.63,273.23,4.0,2,101960.0,9999999
58362,0,2590,12.5,6.99,0.0,0.0,15.63,271.04,4.0,11,101960.0,9999999
58362,0,2591,12.3,6.9,0.0,0.0,15.63,273.01,4.0,12,101960.0,9999999
58362,0,2592,12.1,6.66,0.0,0.0,15.63,274.52,4.0,11,102130.0,9999999
58362,0,2593,11.8,6.43,0.0,0.0,15.63,274.09,4.0,11,102130.0,9999999
58362,0,2594,11.5,6.21,0.0,0.0,15.63,271.04,4.0,3,102130.0,9999999
58362,0,2595,11.2,6.04,0.0,0.0,15.63,271.48,4.0,6,102130.0,9999999
58362,0,2596,11.0,5.91,0.0,0.0,15.63,273.66,4.0,2,102130.0,9999999
58362,0,2597,10.9,5.87,0.0,0.0,15.63,276.83,4.0,11,102130.0,9999999
58362,0,2598,11.2,6.04,74.0,20.0,15.63,275.79,4.0,15,102130.0,9999999
58362,0,2599,12.0,6.34,231.0,41.0,15.63,274.09,4.0,3,102130.0,9999999
58362,0,2600,12.8,6.66,408.0,72.0,15.63,273.44,3.0,3,102130.0,9999999
58362,0,2601,13.4,6.9,580.0,154.0,15.63,277.25,3.0,8,102130.0,9999999
58362,0,2602,13.9,7.09,725.0,192.0,15.63,277.86,3.0,12,102130.0,9999999
58362,0,2603,14.3,7.19,823.0,145.0,15.63,277.45,3.0,13,102130.0,9999999
58362,0,2604,14.9,7.44,851.0,150.0,15.63,277.45,3.0,8,102130.0,9999999
58362,0,2605,15.6,7.86,809.0,142.0,15.63,275.79,3.0,6,102130.0,9999999
58362,0,2606,16.8,8.58,702.0,123.0,15.63,279.29,3.0,4,102130.0,9999999
58362,0,2607,17.8,9.36,548.0,145.0,15.63,282.48,3.0,7,102130.0,9999999
58362,0,2608,17.6,9.54,373.0,66.0,15.63,284.99,3.0,1,102130.0,9999999
58362,0,2609,17.0,9.54,198.0,52.0,15.63,280.5,3.0,4,102130.0,9999999
58362,0,2610,16.3,9.48,28.0,28.0,15.63,280.3,3.0,13,102130.0,9999999
58362,0,2611,15.6,9.36,0.0,0.0,15.63,280.5,3.0,16,102130.0,9999999
58362,0,2612,15.0,9.29,0.0,0.0,15.63,278.89,4.0,5,102130.0,9999999
58362,0,2613,14.6,9.29,0.0,0.0,15.63,280.5,4.0,5,102130.0,9999999
58362,0,2614,14.5,9.29,0.0,0.0,15.63,281.89,4.0,9,102130.0,9999999
58362,0,2615,14.5,9.42,0.0,0.0,15.63,275.36,4.0,3,102130.0,9999999
58362,0,2616,14.6,9.48,0.0,0.0,15.63,275.36,4.0,16,101630.0,9999999
58362,0,2617,14.7,9.54,0.0,0.0,15.63,278.89,4.0,8,101630.0,9999999
58362,0,2618,14.7,9.54,0.0,0.0,15.63,279.7,3.0,6,101630.0,9999999
58362,0,2619,14.6,9.36,0.0,0.0,15.63,274.09,3.0,1,101630.0,9999999
58362,0,2620,14.5,9.17,0.0,0.0,15.63,280.3,3.0,7,101630.0,9999999
58362,0,2621,14.4,9.05,0.0,0.0,15.63,281.69,3.0,2,101630.0,9999999
58362,0,2622,14.6,9.11,12.0,12.0,15.63,274.09,3.0,9,101630.0,9999999
58362,0,2623,15.2,9.42,36.0,36.0,15.63,277.45,3.0,14,101630.0,9999999
58362,0,2624,15.8,9.74,63.0,63.0,15.63,278.89,3.0,6,101630.0,9999999
58362,0,2625,16.2,10.06,89.0,89.0,15.63,279.9,3.0,8,101630.0,9999999
58362,0,2626,16.4,10.33,111.0,111.0,15.63,280.1,3.0,4,101630.0,9999999
58362,0,2627,16.4,10.53,126.0,126.0,15.63,280.9,3.0,7,101630.0,9999999
58362,0,2628,16.4,10.67,130.0,130.0,15.63,279.7,3.0,15,101630.0,9999999
58362,0,2629,16.3,10.74,124.0,124.0,15.63,278.27,3.0,6,101630.0,9999999
58362,0,2630,16.2,10.88,108.0,108.0,15.63,278.27,4.0,6,101630.0,9999999
58362,0,2631,16.1,10.95,84.0,84.0,15.63,277.25,4.0,1,101630.0,9999999
58362,0,2632,16.1,11.02,57.0,57.0,15.63,281.49,4.0,15,101630.0,9999999
58362,0,2633,16.2,11.17,31.0,31.0,15.63,281.49,4.0,1,101630.0,9999999
58362,0,2634,16.2,11.24,7.0,7.0,15.63,277.45,4.0,14,101630.0,9999999
58362,0,2635,16.3,11.31,0.0,0.0,15.63,279.9,4.0,2,101630.0,9999999
58362,0,2636,16.4,11.46,0.0,0.0,15.63,281.89,1.0,7,101630.0,9999999
58362,0,2637,16.5,11.61,0.0,0.0,15.63,284.6,1.0,3,101630.0,9999999
58362,0,2638,16.6,11.68,0.0,0.0,15.63,278.89,1.0,4,101630.0,9999999
58362,0,2639,16.7,11.83,0.0,0.0,15.63,279.09,1.0,9,101630.0,9999999
58362,0,2640,16.7,11.91,0.0,0.0,15.63,279.09,1.0,8,101500.0,9999999
58362,0,2641,16.8,11.91,0.0,0.0,15.63,281.49,1.0,11,101500.0,9999999
58362,0,2642,16.8,11.91,0.0,0.0,15.63,279.9,2.0,14,101500.0,9999999
58362,0,2643,16.7,11.76,0.0,0.0,15.63,279.7,2.0,9,101500.0,9999999
58362,0,2644,16.5,11.46,0.0,0.0,15.63,280.5,2.0,4,101500.0,9999999
58362,0,2645,16.2,11.09,0.0,0.0,15.63,280.1,2.0,12,101500.0,9999999
58362,0,2646,15.8,10.74,10.0,10.0,15.63,282.08,2.0,15,101500.0,9999999
58362,0,2647,15.4,10.33,31.0,31.0,15.63,277.45,2.0,14,101500.0,9999999
58362,0,2648,15.0,10.06,55.0,55.0,15.63,276.83,3.0,15,101500.0,9999999
58362,0,2649,14.7,9.8,78.0,78.0,15.63,278.89,3.0,10,101500.0,9999999
58362,0,2650,14.4,9.61,98.0,98.0,15.63,278.48,3.0,15,101500.0,9999999
58362,0,2651,14.2,9.48,110.0,110.0,15.63,279.09,3.0,3,101500.0,9999999
58362,0,2652,14.1,9.42,114.0,114.0,15.63,280.1,3.0,4,101500.0,9999999
58362,0,2653,14.0,9.36,109.0,109.0,15.63,278.07,3.0,4,101500.0,9999999
58362,0,2654,14.0,9.29,94.0,94.0,15.63,281.49,5.0,3,101500.0,9999999
58362,0,2655,13.9,9.11,74.0,74.0,15.63,275.36,5.0,9,101500.0,9999999
58362,0,2656,13.6,8.87,50.0,50.0,15.63,280.9,5.0,3,101500.0,9999999
58362,0,2657,13.5,8.64,27.0,27.0,15.63,272.8,5.0,5,101500.0,9999999
58362,0,2658,13.7,8.58,7.0,7.0,15.63,272.8,5.0,6,101500.0,9999999
58362,0,2659,14.0,8.64,0.0,0.0,15.63,277.25,5.0,16,101500.0,9999999
58362,0,2660,14.3,8.64,0.0,0.0,15.63,281.49,5.0,1,101500.0,9999999
58362,0,2661,14.4,8.52,0.0,0.0,15.63,277.04,5.0,3,101500.0,9999999
58362,0,2662,14.2,8.35,0.0,0.0,15.63,279.7,5.0,1,101500.0,9999999
58362,0,2663,13.9,8.07,0.0,0.0,15.63,278.27,5.0,16,101500.0,9999999
58362,0,2664,13.5,7.75,0.0,0.0,15.63,280.3,5.0,5,102140.0,9999999
58362,0,2665,13.1,7.39,0.0,0.0,15.63,278.27,5.0,8,102140.0,9999999
58362,0,2666,12.8,7.04,0.0,0.0,15.63,279.29,5.0,2,102140.0,9999999
58362,0,2667,12.6,6.75,0.0,0.0,15.63,273.23,5.0,3,102140.0,9999999
58362,0,2668,12.4,6.52,0.0,0.0,15.63,278.68,5.0,9,102140.0,9999999
58362,0,2669,12.5,6.3,0.0,0.0,15.63,270.82,5.0,3,102140.0,9999999
58362,0,2670,12.8,6.12,92.0,8.0,15.63,277.25,5.0,10,102140.0,9999999
58362,0,2671,13.3,5.95,275.0,24.0,15.63,272.58,5.0,16,102140.0,9999999
58362,0,2672,14.1,5.82,479.0,43.0,15.63,276.62,6.0,3,102140.0,9999999
58362,0,2673,15.2,5.7,679.0,60.0,15.63,279.49,6.0,4,102140.0,9999999
58362,0,2674,16.3,5.54,847.0,75.0,15.63,277.86,6.0,13,102140.0,9999999
58362,0,2675,17.3,5.27,956.0,85.0,15.63,278.68,6.0,7,102140.0,9999999
58362,0,2676,17.8,4.89,989.0,88.0,15.63,274.94,6.0,1,102140.0,9999999
58362,0,2677,17.7,4.44,940.0,84.0,15.63,282.48,6.0,1,102140.0,9999999
58362,0,2678,16.8,4.0,818.0,73.0,15.63,273.44,5.0,4,102140.0,9999999
58362,0,2679,15.4,3.73,642.0,57.0,15.63,271.7,5.0,8,102140.0,9999999
58362,0,2680,13.9,3.59,438.0,39.0,15.63,271.48,5.0,15,102140.0,9999999
58362,0,2681,12.7,3.62,237.0,21.0,15.63,274.52,5.0,5,102140.0,9999999
58362,0,2682,12.0,3.82,61.0,5.0,15.63,273.87,5.0,2,102140.0,9999999
58362,0,2683,12.1,4.22,0.0,0.0,15.63,276.83,5.0,16,102140.0,9999999
58362,0,2684,12.5,4.68,0.0,0.0,15.63,271.04,5.0,3,102140.0,9999999
58362,0,2685,12.7,5.04,0.0,0.0,15.63,274.73,5.0,16,102140.0,9999999
58362,0,2686,12.7,5.23,0.0,0.0,15.63,270.37,5.0,9,102140.0,9999999
58362,0,2687,12.5,5.3,0.0,0.0,15.63,276.62,5.0,11,102140.0,9999999
58362,0,2688,12.3,5.34,0.0,0.0,15.63,275.36,5.0,6,102510.0,9999999
58362,0,2689,12.0,5.3,0.0,0.0,15.63,272.58,5.0,16,102510.0,9999999
58362,0,2690,11.7,5.3,0.0,0.0,15.63,270.6,5.0,2,102510.0,9999999
58362,0,2691,11.5,5.38,0.0,0.0,15.63,270.6,5.0,16,102510.0,9999999
58362,0,2692,11.4,5.46,0.0,0.0,15.63,274.52,5.0,13,102510.0,9999999
58362,0,2693,11.4,5.54,0.0,0.0,15.63,274.52,5.0,14,102510.0,9999999
58362,0,2694,11.7,5.66,74.0,24.0,15.63,270.82,5.0,1,102510.0,9999999
58362,0,2695,12.5,5.91,219.0,49.0,15.63,278.48,5.0,15,102510.0,9999999
58362,0,2696,13.5,6.12,381.0,85.0,15.63,274.94,4.0,2,102510.0,9999999
58362,0,2697,14.6,6.16,537.0,175.0,15.63,275.58,4.0,10,102510.0,9999999
58362,0,2698,15.6,6.12,672.0,150.0,15.63,280.1,4.0,8,102510.0,9999999
58362,0,2699,16.5,5.87,758.0,169.0,15.63,277.25,4.0,3,102510.0,9999999
58362,0,2700,17.2,5.62,781.0,254.0,15.63,281.29,4.0,9,102510.0,9999999
58362,0,2701,17.6,5.34,742.0,242.0,15.63,283.06,4.0,2,102510.0,9999999
58362,0,2702,17.6,5.15,646.0,210.0,15.63,281.49,6.0,2,102510.0,9999999
58362,0,2703,17.2,5.11,510.0,114.0,15.63,274.52,6.0,15,102510.0,9999999
58362,0,2704,16.5,5.23,347.0,113.0,15.63,273.87,6.0,7,102510.0,9999999
58362,0,2705,15.6,5.38,189.0,61.0,15.63,274.3,6.0,4,102510.0,9999999
58362,0,2706,14.6,5.54,29.0,29.0,15.63,277.66,6.0,12,102510.0,9999999
58362,0,2707,13.6,5.7,0.0,0.0,15.63,277.86,6.0,1,102510.0,9999999
58362,0,2708,12.8,5.82,0.0,0.0,15.63,272.14,4.0,2,102510.0,9999999
58362,0,2709,12.3,5.95,0.0,0.0,15.63,273.66,4.0,4,102510.0,9999999
58362,0,2710,11.9,6.08,0.0,0.0,15.63,276.41,4.0,16,102510.0,9999999
58362,0,2711,11.8,6.21,0.0,0.0,15.63,272.14,4.0,13,102510.0,9999999
58362,0,2712,11.7,6.34,0.0,0.0,15.63,272.8,4.0,5,102410.0,9999999
58362,0,2713,11.7,6.43,0.0,0.0,15.63,269.93,4.0,12,102410.0,9999999
58362,0,2714,11.6,6.52,0.0,0.0,15.63,272.8,4.0,2,102410.0,9999999
58362,0,2715,11.4,6.57,0.0,0.0,15.63,277.66,4.0,10,102410.0,9999999
58362,0,2716,11.3,6.57,0.0,0.0,15.63,276.21,4.0,8,102410.0,9999999
58362,0,2717,11.2,6.57,0.0,0.0,15.63,269.7,4.0,4,102410.0,9999999
58362,0,2718,11.4,6.61,82.0,23.0,15.63,269.7,4.0,9,102410.0,9999999
58362,0,2719,11.7,6.66,252.0,47.0,15.63,274.73,4.0,11,102410.0,9999999
58362,0,2720,12.2,6.71,412.0,116.0,15.63,276.0,2.0,4,102410.0,9999999
58362,0,2721,12.7,6.61,617.0,116.0,15.63,278.89,2.0,15,102410.0,9999999
58362,0,2722,13.2,6.43,768.0,144.0,15.63,277.86,2.0,5,102410.0,9999999
58362,0,2723,13.8,6.25,866.0,163.0,15.63,276.41,2.0,9,102410.0,9999999
58362,0,2724,14.4,6.16,896.0,168.0,15.63,275.36,2.0,4,102410.0,9999999
58362,0,2725,15.3,6.21,852.0,160.0,15.63,276.83,2.0,10,102410.0,9999999
58362,0,2726,16.3,6.52,700.0,197.0,15.63,275.79,3.0,2,102410.0,9999999
58362,0,2727,17.1,6.99,323.0,323.0,15.63,280.9,3.0,2,102410.0,9999999
58362,0,2728,16.9,7.19,222.0,222.0,15.63,276.62,3.0,13,102410.0,9999999
58362,0,2729,16.4,7.44,206.0,58.0,15.63,277.86,3.0,4,102410.0,9999999
58362,0,2730,15.7,7.65,33.0,33.0,15.63,275.79,3.0,15,102410.0,9999999
58362,0,2731,15.0,7.8,0.0,0.0,15.63,281.89,3.0,14,102410.0,9999999
58362,0,2732,14.4,7.97,0.0,0.0,15.63,275.58,3.0,6,102410.0,9999999
58362,0,2733,13.9,8.13,0.0,0.0,15.63,275.15,3.0,10,102410.0,9999999
58362,0,2734,13.6,8.24,0.0,0.0,15.63,272.8,3.0,1,102410.0,9999999
58362,0,2735,13.4,8.35,0.0,0.0,15.63,272.58,3.0,3,102410.0,9999999
58362,0,2736,13.2,8.41,0.0,0.0,15.63,273.66,3.0,9,102330.0,9999999
58362,0,2737,12.9,8.35,0.0,0.0,15.63,273.23,3.0,10,102330.0,9999999
58362,0,2738,12.5,8.13,0.0,0.0,15.63,276.83,0.0,0,102330.0,9999999
58362,0,2739,11.9,7.8,0.0,0.0,15.63,273.87,0.0,12,102330.0,9999999
58362,0,2740,11.4,7.49,0.0,0.0,15.63,274.3,0.0,13,102330.0,9999999
58362,0,2741,11.2,7.24,0.0,0.0,15.63,271.26,0.0,6,102330.0,9999999
58362,0,2742,11.8,7.29,95.0,10.0,15.63,278.48,0.0,13,102330.0,9999999
58362,0,2743,13.2,7.59,272.0,28.0,15.63,277.45,0.0,9,102330.0,9999999
58362,0,2744,14.8,7.97,469.0,48.0,15.63,277.66,2.0,4,102330.0,9999999
58362,0,2745,16.2,8.02,661.0,67.0,15.63,277.25,2.0,6,102330.0,9999999
58362,0,2746,17.3,7.75,823.0,84.0,15.63,282.67,2.0,1,102330.0,9999999
58362,0,2747,18.1,7.29,928.0,94.0,15.63,279.49,2.0,7,102330.0,9999999
58362,0,2748,18.6,6.66,959.0,98.0,15.63,284.79,2.0,10,102330.0,9999999
58362,0,2749,18.8,6.08,912.0,93.0,15.63,277.86,2.0,12,102330.0,9999999
58362,0,2750,18.2,5.5,795.0,81.0,15.63,277.04,3.0,5,102330.0,9999999
58362,0,2751,17.3,5.15,625.0,64.0,15.63,279.29,3.0,9,102330.0,9999999
58362,0,2752,16.5,5.08,430.0,44.0,15.63,281.89,3.0,9,102330.0,9999999
58362,0,2753,15.8,5.15,235.0,24.0,15.63,278.48,3.0,16,102330.0,9999999
58362,0,2754,15.1,5.34,65.0,7.0,15.63,276.62,3.0,15,102330.0,9999999
58362,0,2755,14.6,5.58,0.0,0.0,15.63,275.15,3.0,2,102330.0,9999999
58362,0,2756,14.2,5.78,0.0,0.0,15.63,274.94,4.0,6,102330.0,9999999
58362,0,2757,14.0,5.91,0.0,0.0,15.63,271.92,4.0,2,102330.0,9999999
58362,0,2758,13.9,5.99,0.0,0.0,15.63,275.36,4.0,8,102330.0,9999999
58362,0,2759,13.8,6.04,0.0,0.0,15.63,273.01,4.0,10,102330.0,9999999
58362,0,2760,13.6,6.04,0.0,0.0,15.63,275.15,4.0,9,102100.0,9999999
58362,0,2761,13.4,6.04,0.0,0.0,15.63,276.0,4.0,7,102100.0,9999999
58362,0,2762,12.9,5.95,0.0,0.0,15.63,273.23,2.0,7,102100.0,9999999
58362,0,2763,12.2,5.91,0.0,0.0,15.63,276.62,2.0,15,102100.0,9999999
58362,0,2764,11.6,5.87,0.0,0.0,15.63,277.45,2.0,2,102100.0,9999999
58362,0,2765,11.3,5.95,0.0,0.0,15.63,272.36,2.0,10,102100.0,9999999
58362,0,2766,12.1,6.48,140.0,57.0,15.63,276.83,2.0,7,102100.0,9999999
58362,0,2767,13.8,7.34,135.0,135.0,15.63,277.04,2.0,8,102100.0,9999999
58362,0,2768,15.6,8.18,233.0,233.0,15.63,277.45,3.0,8,102100.0,9999999
58362,0,2769,16.8,8.46,328.0,328.0,15.63,277.04,3.0,3,102100.0,9999999
58362,0,2770,17.3,8.3,407.0,407.0,15.63,280.3,3.0,11,102100.0,9999999
58362,0,2771,17.5,7.8,459.0,459.0,15.63,276.21,3.0,12,102100.0,9999999
58362,0,2772,17.5,7.24,475.0,475.0,15.63,279.9,3.0,4,102100.0,9999999
58362,0,2773,17.5,6.85,1230.0,502.0,15.63,279.7,3.0,12,102100.0,9999999
58362,0,2774,17.8,6.8,394.0,394.0,15.63,280.1,6.0,6,102100.0,9999999
58362,0,2775,18.4,7.19,897.0,366.0,15.63,283.45,6.0,9,102100.0,9999999
58362,0,2776,18.8,7.75,213.0,213.0,15.63,279.7,6.0,3,102100.0,9999999
58362,0,2777,18.5,8.18,340.0,139.0,15.63,281.29,6.0,6,102100.0,9999999
58362,0,2778,17.7,8.41,33.0,33.0,15.63,279.49,6.0,13,102100.0,9999999
58362,0,2779,16.8,8.52,0.0,0.0,15.63,278.07,6.0,10,102100.0,9999999
58362,0,2780,16.0,8.58,0.0,0.0,15.63,276.41,4.0,7,102100.0,9999999
58362,0,2781,15.5,8.75,0.0,0.0,15.63,278.68,4.0,9,102100.0,9999999
58362,0,2782,15.3,8.87,0.0,0.0,15.63,275.79,4.0,1,102100.0,9999999
58362,0,2783,15.3,9.11,0.0,0.0,15.63,281.1,4.0,4,102100.0,9999999
58362,0,2784,15.4,9.29,0.0,0.0,15.63,276.0,4.0,1,101620.0,9999999
58362,0,2785,15.4,9.42,0.0,0.0,15.63,278.89,4.0,4,101620.0,9999999
58362,0,2786,15.4,9.48,0.0,0.0,15.63,277.86,2.0,6,101620.0,9999999
58362,0,2787,15.2,9.48,0.0,0.0,15.63,281.29,2.0,14,101620.0,9999999
58362,0,2788,15.0,9.42,0.0,0.0,15.63,275.79,2.0,4,101620.0,9999999
58362,0,2789,14.9,9.42,0.0,0.0,15.63,279.7,2.0,1,101620.0,9999999
58362,0,2790,15.1,9.61,28.0,28.0,15.63,277.45,2.0,5,101620.0,9999999
58362,0,2791,15.7,9.93,77.0,77.0,15.63,277.45,2.0,11,101620.0,9999999
58362,0,2792,16.2,10.26,132.0,132.0,15.63,283.84,1.0,8,101620.0,9999999
58362,0,2793,16.6,10.4,185.0,185.0,15.63,279.7,1.0,8,101620.0,9999999
58362,0,2794,16.8,10.4,230.0,230.0,15.63,278.68,1.0,12,101620.0,9999999
58362,0,2795,16.9,10.33,259.0,259.0,15.63,276.62,1.0,16,101620.0,9999999
58362,0,2796,17.1,10.33,268.0,268.0,15.63,281.29,1.0,6,101620.0,9999999
58362,0,2797,17.4,10.46,255.0,255.0,15.63,280.5,1.0,8,101620.0,9999999
58362,0,2798,17.9,10.81,222.0,222.0,15.63,283.06,4.0,4,101620.0,9999999
58362,0,2799,18.7,11.39,175.0,175.0,15.63,282.08,4.0,6,101620.0,9999999
58362,0,2800,19.4,12.14,121.0,121.0,15.63,283.06,4.0,4,101620.0,9999999
58362,0,2801,19.7,12.62,67.0,67.0,15.63,284.03,4.0,5,101620.0,9999999
58362,0,2802,19.1,12.38,19.0,19.0,15.63,281.49,4.0,11,101620.0,9999999
58362,0,2803,17.8,11.61,0.0,0.0,15.63,280.7,4.0,1,101620.0,9999999
58362,0,2804,16.3,10.81,0.0,0.0,15.63,281.49,2.0,7,101620.0,9999999
58362,0,2805,15.3,10.26,0.0,0.0,15.63,279.09,2.0,2,101620.0,9999999
58362,0,2806,14.7,9.99,0.0,0.0,15.63,279.09,2.0,6,101620.0,9999999
58362,0,2807,14.5,9.86,0.0,0.0,15.63,282.08,2.0,2,101620.0,9999999
58362,0,2808,14.4,9.86,0.0,0.0,15.63,282.08,2.0,5,101190.0,9999999
58362,0,2809,14.4,9.86,0.0,0.0,15.63,282.08,2.0,10,101190.0,9999999
58362,0,2810,14.3,9.8,0.0,0.0,15.63,276.21,0.0,0,101190.0,9999999
58362,0,2811,14.0,9.61,0.0,0.0,15.63,273.66,0.0,1,101190.0,9999999
58362,0,2812,13.7,9.36,0.0,0.0,15.63,276.21,0.0,3,101190.0,9999999
58362,0,2813,13.6,9.05,0.0,0.0,15.63,273.01,0.0,12,101190.0,9999999
58362,0,2814,14.3,9.23,94.0,22.0,15.63,279.09,0.0,4,101190.0,9999999
58362,0,2815,16.0,9.86,273.0,40.0,15.63,280.9,0.0,9,101190.0,9999999
58362,0,2816,18.1,10.53,441.0,101.0,15.63,280.7,6.0,11,101190.0,9999999
58362,0,2817,20.1,10.81,653.0,96.0,15.63,286.5,6.0,4,101190.0,9999999
58362,0,2818,21.9,10.67,810.0,120.0,15.63,285.55,6.0,6,101190.0,9999999
58362,0,2819,23.6,10.13,912.0,135.0,15.63,286.5,6.0,12,101190.0,9999999
58362,0,2820,25.1,9.42,894.0,205.0,15.63,288.72,6.0,6,101190.0,9999999
58362,0,2821,26.4,8.75,500.0,500.0,15.63,291.79,6.0,3,101190.0,9999999
58362,0,2822,27.7,8.46,742.0,170.0,15.63,289.81,5.0,11,101190.0,9999999
58362,0,2823,28.5,8.52,618.0,91.0,15.63,286.87,5.0,11,101190.0,9999999
58362,0,2824,28.0,8.64,427.0,63.0,15.63,286.5,5.0,10,101190.0,9999999
58362,0,2825,26.9,8.81,237.0,35.0,15.63,292.32,5.0,8,101190.0,9999999
58362,0,2826,25.2,8.93,70.0,10.0,15.63,287.06,5.0,10,101190.0,9999999
58362,0,2827,23.5,9.05,0.0,0.0,15.63,286.5,5.0,3,101190.0,9999999
58362,0,2828,22.0,9.17,0.0,0.0,15.63,285.18,3.0,9,101190.0,9999999
58362,0,2829,20.9,9.42,0.0,0.0,15.63,282.28,3.0,8,101190.0,9999999
58362,0,2830,20.2,9.67,0.0,0.0,15.63,280.9,3.0,13,101190.0,9999999
58362,0,2831,19.8,9.93,0.0,0.0,15.63,285.74,3.0,13,101190.0,9999999
58362,0,2832,19.5,10.19,0.0,0.0,15.63,284.6,3.0,5,100830.0,9999999
58362,0,2833,19.3,10.4,0.0,0.0,15.63,282.48,3.0,8,100830.0,9999999
58362,0,2834,19.1,10.4,0.0,0.0,15.63,281.69,5.0,9,100830.0,9999999
58362,0,2835,18.8,10.13,0.0,0.0,15.63,281.29,5.0,8,100830.0,9999999
58362,0,2836,18.4,9.8,0.0,0.0,15.63,285.93,5.0,12,100830.0,9999999
58362,0,2837,18.3,9.48,0.0,0.0,15.63,281.69,5.0,3,100830.0,9999999
58362,0,2838,19.0,9.54,91.0,23.0,15.63,280.5,5.0,8,100830.0,9999999
58362,0,2839,20.6,10.06,144.0,144.0,15.63,284.6,5.0,7,100830.0,9999999
58362,0,2840,22.5,10.74,418.0,108.0,15.63,284.41,5.0,11,100830.0,9999999
58362,0,2841,24.2,11.17,594.0,101.0,15.63,287.99,5.0,4,100830.0,9999999
58362,0,2842,25.8,11.39,727.0,187.0,15.63,290.18,5.0,13,100830.0,9999999
58362,0,2843,27.1,11.53,828.0,141.0,15.63,289.63,5.0,1,100830.0,9999999
58362,0,2844,28.3,11.53,856.0,145.0,15.63,291.43,5.0,6,100830.0,9999999
58362,0,2845,29.4,11.76,815.0,138.0,15.63,293.02,5.0,12,100830.0,9999999
58362,0,2846,30.4,12.14,711.0,121.0,15.63,289.99,5.0,14,100830.0,9999999
58362,0,2847,31.1,12.62,562.0,95.0,15.63,299.3,5.0,8,100830.0,9999999
58362,0,2848,30.6,12.7,389.0,66.0,15.63,294.07,5.0,14,100830.0,9999999
58362,0,2849,29.4,12.46,214.0,55.0,15.63,291.61,5.0,14,100830.0,9999999
58362,0,2850,28.0,12.22,65.0,11.0,15.63,294.59,5.0,4,100830.0,9999999
58362,0,2851,26.8,12.22,0.0,0.0,15.63,287.99,5.0,6,100830.0,9999999
58362,0,2852,26.1,12.7,0.0,0.0,15.63,289.09,5.0,11,100830.0,9999999
58362,0,2853,26.1,13.62,0.0,0.0,15.63,293.2,5.0,16,100830.0,9999999
58362,0,2854,25.6,14.24,0.0,0.0,15.63,292.85,5.0,8,100830.0,9999999
58362,0,2855,24.6,14.33,0.0,0.0,15.63,286.31,5.0,3,100830.0,9999999
58362,0,2856,23.2,13.97,0.0,0.0,15.63,287.8,5.0,2,101230.0,9999999
58362,0,2857,21.9,13.45,0.0,0.0,15.63,287.8,5.0,4,101230.0,9999999
58362,0,2858,20.7,13.03,0.0,0.0,15.63,284.03,3.0,12,101230.0,9999999
58362,0,2859,20.0,12.78,0.0,0.0,15.63,286.87,3.0,10,101230.0,9999999
58362,0,2860,19.6,12.7,0.0,0.0,15.63,282.87,3.0,14,101230.0,9999999
58362,0,2861,19.6,12.78,0.0,0.0,15.63,284.6,3.0,12,101230.0,9999999
58362,0,2862,19.7,12.86,92.0,57.0,15.63,281.29,3.0,5,101230.0,9999999
58362,0,2863,20.0,12.86,245.0,153.0,15.63,283.84,3.0,10,101230.0,9999999
58362,0,2864,20.2,12.78,153.0,153.0,15.63,288.72,5.0,16,101230.0,9999999
58362,0,2865,20.4,12.46,214.0,214.0,15.63,284.03,5.0,10,101230.0,9999999
58362,0,2866,20.5,12.07,719.0,450.0,15.63,284.6,5.0,7,101230.0,9999999
58362,0,2867,20.5,11.61,298.0,298.0,15.63,282.67,5.0,9,101230.0,9999999
58362,0,2868,20.5,11.24,308.0,308.0,15.63,282.67,5.0,6,101230.0,9999999
58362,0,2869,20.5,10.95,796.0,498.0,15.63,286.87,5.0,7,101230.0,9999999
58362,0,2870,20.5,10.88,256.0,256.0,15.63,283.64,5.0,1,101230.0,9999999
58362,0,2871,20.0,10.67,203.0,203.0,15.63,287.8,5.0,4,101230.0,9999999
58362,0,2872,18.7,10.13,141.0,141.0,15.63,281.1,5.0,6,101230.0,9999999
58362,0,2873,17.1,9.54,213.0,133.0,15.63,281.89,5.0,2,101230.0,9999999
58362,0,2874,15.8,9.05,24.0,24.0,15.63,279.7,5.0,2,101230.0,9999999
58362,0,2875,15.1,8.93,0.0,0.0,15.63,280.9,5.0,7,101230.0,9999999
58362,0,2876,15.3,9.23,0.0,0.0,15.63,279.29,2.0,5,101230.0,9999999
58362,0,2877,15.4,9.29,0.0,0.0,15.63,279.49,2.0,1,101230.0,9999999
58362,0,2878,15.4,9.17,0.0,0.0,15.63,277.66,2.0,12,101230.0,9999999
58362,0,2879,15.4,8.99,0.0,0.0,15.63,274.73,2.0,10,101230.0,9999999
58362,0,2880,15.5,8.75,0.0,0.0,22.45,279.29,2.0,15,102140.0,9999999
58362,0,2881,15.6,8.64,0.0,0.0,22.45,282.87,2.0,12,102140.0,9999999
58362,0,2882,15.9,8.7,0.0,0.0,22.45,280.5,2.0,8,102140.0,9999999
58362,0,2883,16.3,8.81,0.0,0.0,22.45,276.83,2.0,5,102140.0,9999999
58362,0,2884,16.7,9.17,0.0,0.0,22.45,280.5,2.0,9,102140.0,9999999
58362,0,2885,17.1,9.48,0.0,0.0,22.45,284.6,2.0,7,102140.0,9999999
58362,0,2886,17.6,9.86,95.0,24.0,22.45,281.1,2.0,14,102140.0,9999999
58362,0,2887,17.9,10.19,148.0,148.0,22.45,284.03,2.0,5,102140.0,9999999
58362,0,2888,18.2,10.33,249.0,249.0,22.45,277.86,3.0,8,102140.0,9999999
58362,0,2889,18.4,10.26,593.0,151.0,22.45,280.9,3.0,3,102140.0,9999999
58362,0,2890,18.5,10.13,734.0,187.0,22.45,279.29,3.0,1,102140.0,9999999
58362,0,2891,18.6,9.93,874.0,147.0,22.45,280.3,3.0,11,102140.0,9999999
58362,0,2892,19.0,9.86,854.0,218.0,22.45,286.5,3.0,2,102140.0,9999999
58362,0,2893,19.7,9.93,860.0,145.0,22.45,283.64,3.0,9,102140.0,9999999
58362,0,2894,20.7,10.33,752.0,126.0,22.45,288.35,7.0,6,102140.0,9999999
58362,0,2895,22.1,11.17,562.0,143.0,22.45,284.03,7.0,2,102140.0,9999999
58362,0,2896,23.4,12.07,413.0,69.0,22.45,283.25,7.0,3,102140.0,9999999
58362,0,2897,24.0,12.62,219.0,56.0,22.45,286.31,7.0,13,102140.0,9999999
58362,0,2898,23.2,12.22,72.0,12.0,22.45,283.25,7.0,9,102140.0,9999999
58362,0,2899,21.6,11.24,0.0,0.0,22.45,281.29,7.0,6,102140.0,9999999
58362,0,2900,19.8,10.4,0.0,0.0,22.45,281.69,3.0,8,102140.0,9999999
58362,0,2901,18.6,9.93,0.0,0.0,22.45,278.07,3.0,6,102140.0,9999999
58362,0,2902,18.1,9.93,0.0,0.0,22.45,282.28,3.0,7,102140.0,9999999
58362,0,2903,17.9,10.13,0.0,0.0,22.45,282.87,3.0,8,102140.0,9999999
58362,0,2904,17.9,10.4,0.0,0.0,22.45,278.89,3.0,4,101830.0,9999999
58362,0,2905,18.0,10.6,0.0,0.0,22.45,281.1,3.0,11,101830.0,9999999
58362,0,2906,17.8,10.6,0.0,0.0,22.45,283.06,3.0,8,101830.0,9999999
58362,0,2907,17.4,10.26,0.0,0.0,22.45,278.27,3.0,1,101830.0,9999999
58362,0,2908,16.8,9.86,0.0,0.0,22.45,282.87,3.0,15,101830.0,9999999
58362,0,2909,16.6,9.54,0.0,0.0,22.45,277.25,3.0,11,101830.0,9999999
58362,0,2910,17.1,9.61,124.0,68.0,22.45,278.68,3.0,7,101830.0,9999999
58362,0,2911,18.3,10.13,325.0,177.0,22.45,280.1,3.0,2,101830.0,9999999
58362,0,2912,19.9,10.88,184.0,184.0,22.45,283.64,4.0,7,101830.0,9999999
58362,0,2913,21.6,11.83,256.0,256.0,22.45,284.41,4.0,6,101830.0,9999999
58362,0,2914,23.2,12.7,317.0,317.0,22.45,286.31,4.0,7,101830.0,9999999
58362,0,2915,24.3,13.36,356.0,356.0,22.45,292.85,4.0,3,101830.0,9999999
58362,0,2916,24.7,13.62,1098.0,596.0,22.45,287.24,4.0,2,101830.0,9999999
58362,0,2917,24.2,13.28,351.0,351.0,22.45,287.99,4.0,2,101830.0,9999999
58362,0,2918,23.3,12.7,307.0,307.0,22.45,288.9,3.0,8,101830.0,9999999
58362,0,2919,22.4,12.38,724.0,393.0,22.45,283.84,3.0,3,101830.0,9999999
58362,0,2920,21.6,12.22,169.0,169.0,22.45,289.81,3.0,12,101830.0,9999999
58362,0,2921,21.0,12.22,95.0,95.0,22.45,283.25,3.0,11,101830.0,9999999
58362,0,2922,20.5,12.38,30.0,30.0,22.45,280.5,3.0,9,101830.0,9999999
58362,0,2923,20.1,12.46,0.0,0.0,22.45,285.74,3.0,9,101830.0,9999999
58362,0,2924,19.8,12.62,0.0,0.0,22.45,284.79,2.0,8,101830.0,9999999
58362,0,2925,19.6,12.7,0.0,0.0,22.45,284.6,2.0,14,101830.0,9999999
58362,0,2926,19.6,12.7,0.0,0.0,22.45,285.37,2.0,13,101830.0,9999999
58362,0,2927,19.6,12.7,0.0,0.0,22.45,283.84,2.0,12,101830.0,9999999
58362,0,2928,19.6,12.7,0.0,0.0,22.45,287.99,2.0,2,101040.0,9999999
58362,0,2929,19.6,12.7,0.0,0.0,22.45,283.25,2.0,9,101040.0,9999999
58362,0,2930,19.5,12.62,0.0,0.0,22.45,279.7,4.0,9,101040.0,9999999
58362,0,2931,19.4,12.62,0.0,0.0,22.45,287.8,4.0,13,101040.0,9999999
58362,0,2932,19.3,12.62,0.0,0.0,22.45,280.9,4.0,5,101040.0,9999999
58362,0,2933,19.2,12.62,0.0,0.0,22.45,279.49,4.0,4,101040.0,9999999
58362,0,2934,19.2,12.62,39.0,39.0,22.45,284.22,4.0,5,101040.0,9999999
58362,0,2935,19.5,12.7,102.0,102.0,22.45,283.25,4.0,16,101040.0,9999999
58362,0,2936,20.2,12.94,170.0,170.0,22.45,288.72,5.0,10,101040.0,9999999
58362,0,2937,21.4,13.28,237.0,237.0,22.45,285.74,5.0,13,101040.0,9999999
58362,0,2938,22.8,13.71,293.0,293.0,22.45,291.43,5.0,1,101040.0,9999999
58362,0,2939,24.2,14.06,330.0,330.0,22.45,284.6,5.0,15,101040.0,9999999
58362,0,2940,25.3,14.24,341.0,341.0,22.45,285.74,5.0,11,101040.0,9999999
58362,0,2941,25.7,14.06,325.0,325.0,22.45,291.61,5.0,2,101040.0,9999999
58362,0,2942,25.4,13.79,284.0,284.0,22.45,289.81,4.0,13,101040.0,9999999
58362,0,2943,24.7,13.79,225.0,225.0,22.45,293.37,4.0,9,101040.0,9999999
58362,0,2944,23.9,13.88,157.0,157.0,22.45,287.24,4.0,2,101040.0,9999999
58362,0,2945,22.8,14.15,89.0,89.0,22.45,287.43,4.0,11,101040.0,9999999
58362,0,2946,21.8,14.24,28.0,28.0,22.45,286.31,4.0,4,101040.0,9999999
58362,0,2947,20.7,14.24,0.0,0.0,22.45,286.87,4.0,7,101040.0,9999999
58362,0,2948,19.7,13.97,0.0,0.0,22.45,283.25,4.0,15,101040.0,9999999
58362,0,2949,18.9,13.62,0.0,0.0,22.45,284.03,4.0,8,101040.0,9999999
58362,0,2950,18.2,13.11,0.0,0.0,22.45,281.49,4.0,10,101040.0,9999999
58362,0,2951,17.6,12.54,0.0,0.0,22.45,286.12,4.0,3,101040.0,9999999
58362,0,2952,17.1,11.99,0.0,0.0,22.45,280.7,4.0,5,101140.0,9999999
58362,0,2953,16.6,11.39,0.0,0.0,22.45,276.62,4.0,7,101140.0,9999999
58362,0,2954,16.1,10.88,0.0,0.0,22.45,278.89,5.0,2,101140.0,9999999
58362,0,2955,15.6,10.46,0.0,0.0,22.45,279.9,5.0,12,101140.0,9999999
58362,0,2956,15.2,10.13,0.0,0.0,22.45,274.94,5.0,12,101140.0,9999999
58362,0,2957,15.0,9.93,0.0,0.0,22.45,274.52,5.0,12,101140.0,9999999
58362,0,2958,15.2,9.99,89.0,31.0,22.45,282.87,5.0,11,101140.0,9999999
58362,0,2959,15.8,10.19,245.0,57.0,22.45,275.36,5.0,13,101140.0,9999999
58362,0,2960,16.4,10.26,410.0,96.0,22.45,276.0,4.0,16,101140.0,9999999
58362,0,2961,17.0,10.13,531.0,184.0,22.45,284.6,4.0,11,101140.0,9999999
58362,0,2962,17.6,9.86,656.0,227.0,22.45,280.5,4.0,10,101140.0,9999999
58362,0,2963,18.2,9.61,737.0,255.0,22.45,284.22,4.0,1,101140.0,9999999
58362,0,2964,19.1,9.54,761.0,263.0,22.45,280.7,4.0,3,101140.0,9999999
58362,0,2965,20.2,9.67,780.0,183.0,22.45,286.12,4.0,6,101140.0,9999999
58362,0,2966,21.7,10.33,682.0,160.0,22.45,286.68,6.0,16,101140.0,9999999
58362,0,2967,22.9,11.31,503.0,174.0,22.45,283.84,6.0,10,101140.0,9999999
58362,0,2968,22.7,11.61,206.0,206.0,22.45,283.84,6.0,5,101140.0,9999999
58362,0,2969,22.1,11.91,117.0,117.0,22.45,288.72,6.0,9,101140.0,9999999
58362,0,2970,21.3,12.07,38.0,38.0,22.45,284.79,6.0,13,101140.0,9999999
58362,0,2971,20.5,12.14,0.0,0.0,22.45,285.93,6.0,4,101140.0,9999999
58362,0,2972,19.7,12.07,0.0,0.0,22.45,283.25,1.0,1,101140.0,9999999
58362,0,2973,19.2,11.99,0.0,0.0,22.45,281.49,1.0,12,101140.0,9999999
58362,0,2974,18.8,11.91,0.0,0.0,22.45,285.55,1.0,15,101140.0,9999999
58362,0,2975,18.5,11.76,0.0,0.0,22.45,278.48,1.0,9,101140.0,9999999
58362,0,2976,18.3,11.61,0.0,0.0,22.45,283.84,1.0,16,101270.0,9999999
58362,0,2977,18.0,11.31,0.0,0.0,22.45,278.07,1.0,2,101270.0,9999999
58362,0,2978,17.7,11.02,0.0,0.0,22.45,281.49,3.0,11,101270.0,9999999
58362,0,2979,17.2,10.67,0.0,0.0,22.45,281.1,3.0,5,101270.0,9999999
58362,0,2980,16.8,10.4,0.0,0.0,22.45,276.41,3.0,10,101270.0,9999999
58362,0,2981,16.6,10.19,0.0,0.0,22.45,282.87,3.0,2,101270.0,9999999
58362,0,2982,17.0,10.33,98.0,37.0,22.45,279.7,3.0,16,101270.0,9999999
58362,0,2983,18.1,10.81,505.0,129.0,22.45,279.09,3.0,9,101270.0,9999999
58362,0,2984,19.7,11.46,416.0,155.0,22.45,279.49,2.0,13,101270.0,9999999
58362,0,2985,21.6,12.14,340.0,340.0,22.45,281.69,2.0,11,101270.0,9999999
58362,0,2986,23.5,12.7,714.0,267.0,22.45,283.64,2.0,9,101270.0,9999999
58362,0,2987,25.2,12.86,471.0,471.0,22.45,285.18,2.0,10,101270.0,9999999
58362,0,2988,26.4,12.54,487.0,487.0,22.45,290.54,2.0,4,101270.0,9999999
58362,0,2989,26.9,11.83,464.0,464.0,22.45,290.72,2.0,4,101270.0,9999999
58362,0,2990,26.6,10.81,406.0,406.0,22.45,292.85,5.0,14,101270.0,9999999
58362,0,2991,25.7,9.86,322.0,322.0,22.45,286.12,5.0,12,101270.0,9999999
58362,0,2992,24.3,9.05,225.0,225.0,22.45,289.81,5.0,7,101270.0,9999999
58362,0,2993,22.6,8.41,128.0,128.0,22.45,282.67,5.0,8,101270.0,9999999
58362,0,2994,20.8,7.91,72.0,27.0,22.45,281.69,5.0,6,101270.0,9999999
58362,0,2995,19.2,7.54,0.0,0.0,22.45,277.66,5.0,12,101270.0,9999999
58362,0,2996,17.9,7.34,0.0,0.0,22.45,280.3,5.0,1,101270.0,9999999
58362,0,2997,17.1,7.39,0.0,0.0,22.45,275.58,5.0,8,101270.0,9999999
58362,0,2998,16.6,7.54,0.0,0.0,22.45,279.29,5.0,9,101270.0,9999999
58362,0,2999,16.3,7.7,0.0,0.0,22.45,277.25,5.0,13,101270.0,9999999
58362,0,3000,16.1,7.8,0.0,0.0,22.45,278.27,5.0,10,101390.0,9999999
58362,0,3001,15.7,7.7,0.0,0.0,22.45,279.9,5.0,1,101390.0,9999999
58362,0,3002,15.0,7.29,0.0,0.0,22.45,281.49,1.0,9,101390.0,9999999
58362,0,3003,13.9,6.61,0.0,0.0,22.45,275.79,1.0,1,101390.0,9999999
58362,0,3004,12.9,5.91,0.0,0.0,22.45,272.14,1.0,10,101390.0,9999999
58362,0,3005,12.5,5.38,0.0,0.0,22.45,270.15,1.0,11,101390.0,9999999
58362,0,3006,13.5,5.34,61.0,16.0,22.45,275.79,1.0,7,101390.0,9999999
58362,0,3007,15.8,5.74,290.0,51.0,22.45,276.41,1.0,10,101390.0,9999999
58362,0,3008,18.3,6.21,256.0,67.0,22.45,280.1,0.0,0,101390.0,9999999
58362,0,3009,20.1,6.39,670.0,117.0,22.45,280.3,0.0,11,101390.0,9999999
58362,0,3010,21.1,6.39,827.0,144.0,22.45,283.06,0.0,14,101390.0,9999999
58362,0,3011,21.7,6.21,928.0,161.0,22.45,280.7,0.0,5,101390.0,9999999
58362,0,3012,22.0,6.12,959.0,167.0,22.45,286.31,0.0,15,101390.0,9999999
58362,0,3013,22.2,6.12,913.0,159.0,22.45,282.08,0.0,5,101390.0,9999999
58362,0,3014,22.7,6.43,424.0,111.0,22.45,285.18,2.0,4,101390.0,9999999
58362,0,3015,23.2,6.9,337.0,88.0,22.45,285.18,2.0,2,101390.0,9999999
58362,0,3016,22.9,7.14,445.0,77.0,22.45,286.5,2.0,7,101390.0,9999999
58362,0,3017,22.2,7.24,135.0,35.0,22.45,283.84,2.0,12,101390.0,9999999
58362,0,3018,21.2,7.19,85.0,15.0,22.45,281.69,2.0,5,101390.0,9999999
58362,0,3019,20.2,7.04,0.0,0.0,22.45,284.99,2.0,8,101390.0,9999999
58362,0,3020,19.4,6.8,0.0,0.0,22.45,277.45,1.0,8,101390.0,9999999
58362,0,3021,18.9,6.52,0.0,0.0,22.45,280.5,1.0,3,101390.0,9999999
58362,0,3022,18.7,6.25,0.0,0.0,22.45,280.5,1.0,2,101390.0,9999999
58362,0,3023,18.6,5.91,0.0,0.0,22.45,278.48,1.0,1,101390.0,9999999
58362,0,3024,18.4,5.58,0.0,0.0,22.45,278.89,1.0,12,101150.0,9999999
58362,0,3025,18.2,5.23,0.0,0.0,22.45,280.9,1.0,8,101150.0,9999999
58362,0,3026,17.6,4.89,0.0,0.0,22.45,281.29,3.0,10,101150.0,9999999
58362,0,3027,16.7,4.58,0.0,0.0,22.45,274.94,3.0,14,101150.0,9999999
58362,0,3028,15.9,4.38,0.0,0.0,22.45,280.7,3.0,14,101150.0,9999999
58362,0,3029,15.5,4.35,0.0,0.0,22.45,277.04,3.0,10,101150.0,9999999
58362,0,3030,16.5,4.72,64.0,13.0,22.45,281.49,3.0,1,101150.0,9999999
58362,0,3031,18.7,5.5,274.0,34.0,22.45,280.1,3.0,16,101150.0,9999999
58362,0,3032,21.1,6.3,454.0,56.0,22.45,282.48,2.0,9,101150.0,9999999
58362,0,3033,22.8,6.66,629.0,78.0,22.45,288.9,2.0,1,101150.0,9999999
58362,0,3034,23.7,6.57,775.0,96.0,22.45,289.63,2.0,14,101150.0,9999999
58362,0,3035,24.1,6.3,870.0,108.0,22.45,285.37,2.0,12,101150.0,9999999
58362,0,3036,24.2,5.99,899.0,112.0,22.45,285.74,2.0,12,101150.0,9999999
58362,0,3037,24.2,5.91,856.0,106.0,22.45,281.69,2.0,8,101150.0,9999999
58362,0,3038,23.4,5.95,750.0,93.0,22.45,289.09,5.0,6,101150.0,9999999
58362,0,3039,22.3,6.25,597.0,74.0,22.45,279.9,5.0,9,101150.0,9999999
58362,0,3040,21.3,6.9,418.0,52.0,22.45,287.43,5.0,8,101150.0,9999999
58362,0,3041,20.4,7.65,240.0,30.0,22.45,284.41,5.0,14,101150.0,9999999
58362,0,3042,19.6,8.46,81.0,10.0,22.45,280.7,5.0,4,101150.0,9999999
58362,0,3043,19.0,9.23,0.0,0.0,22.45,281.69,5.0,3,101150.0,9999999
58362,0,3044,18.6,9.86,0.0,0.0,22.45,280.9,3.0,7,101150.0,9999999
58362,0,3045,18.3,10.46,0.0,0.0,22.45,279.29,3.0,2,101150.0,9999999
58362,0,3046,18.1,10.81,0.0,0.0,22.45,285.93,3.0,4,101150.0,9999999
58362,0,3047,18.0,11.09,0.0,0.0,22.45,285.93,3.0,16,101150.0,9999999
58362,0,3048,17.8,11.24,0.0,0.0,22.45,280.7,3.0,1,101200.0,9999999
58362,0,3049,17.6,11.24,0.0,0.0,22.45,279.7,3.0,1,101200.0,9999999
58362,0,3050,17.2,11.09,0.0,0.0,22.45,277.04,2.0,7,101200.0,9999999
58362,0,3051,16.7,10.74,0.0,0.0,22.45,277.86,2.0,11,101200.0,9999999
58362,0,3052,16.2,10.46,0.0,0.0,22.45,277.25,2.0,3,101200.0,9999999
58362,0,3053,16.0,10.26,0.0,0.0,22.45,278.68,2.0,11,101200.0,9999999
58362,0,3054,16.6,10.53,102.0,30.0,22.45,282.87,2.0,4,101200.0,9999999
58362,0,3055,18.1,11.31,318.0,64.0,22.45,286.12,2.0,1,101200.0,9999999
58362,0,3056,19.8,12.14,526.0,105.0,22.45,283.45,1.0,7,101200.0,9999999
58362,0,3057,21.1,12.62,577.0,171.0,22.45,284.79,1.0,12,101200.0,9999999
58362,0,3058,22.1,12.62,417.0,417.0,22.45,286.31,1.0,10,101200.0,9999999
58362,0,3059,22.8,12.38,797.0,236.0,22.45,285.93,1.0,16,101200.0,9999999
58362,0,3060,23.4,11.99,1039.0,208.0,22.45,286.31,1.0,8,101200.0,9999999
58362,0,3061,24.1,11.61,784.0,232.0,22.45,288.54,1.0,2,101200.0,9999999
58362,0,3062,24.8,11.53,404.0,404.0,22.45,285.74,3.0,5,101200.0,9999999
58362,0,3063,25.4,11.53,321.0,321.0,22.45,291.79,3.0,5,101200.0,9999999
58362,0,3064,25.1,11.17,384.0,114.0,22.45,290.36,3.0,16,101200.0,9999999
58362,0,3065,24.4,10.67,279.0,56.0,22.45,286.87,3.0,9,101200.0,9999999
58362,0,3066,23.5,10.19,96.0,19.0,22.45,282.87,3.0,4,101200.0,9999999
58362,0,3067,22.5,9.8,0.0,0.0,22.45,284.6,3.0,6,101200.0,9999999
58362,0,3068,21.5,9.54,0.0,0.0,22.45,286.31,3.0,8,101200.0,9999999
58362,0,3069,20.8,9.48,0.0,0.0,22.45,282.87,3.0,12,101200.0,9999999
58362,0,3070,20.3,9.54,0.0,0.0,22.45,280.9,3.0,16,101200.0,9999999
58362,0,3071,19.9,9.74,0.0,0.0,22.45,283.25,3.0,4,101200.0,9999999
58362,0,3072,19.6,9.99,0.0,0.0,22.45,282.48,3.0,14,101040.0,9999999
58362,0,3073,19.4,10.4,0.0,0.0,22.45,278.89,3.0,7,101040.0,9999999
58362,0,3074,19.1,10.81,0.0,0.0,22.45,278.89,2.0,7,101040.0,9999999
58362,0,3075,18.8,11.17,0.0,0.0,22.45,282.08,2.0,11,101040.0,9999999
58362,0,3076,18.5,11.61,0.0,0.0,22.45,279.9,2.0,11,101040.0,9999999
58362,0,3077,18.4,11.99,0.0,0.0,22.45,283.25,2.0,12,101040.0,9999999
58362,0,3078,18.6,12.46,88.0,57.0,22.45,282.87,2.0,15,101040.0,9999999
58362,0,3079,19.2,13.03,216.0,138.0,22.45,283.06,2.0,15,101040.0,9999999
58362,0,3080,20.1,13.45,145.0,145.0,22.45,285.18,2.0,5,101040.0,9999999
58362,0,3081,21.1,13.53,201.0,201.0,22.45,288.17,2.0,16,101040.0,9999999
58362,0,3082,22.1,13.19,606.0,388.0,22.45,287.99,2.0,6,101040.0,9999999
58362,0,3083,23.1,12.7,277.0,277.0,22.45,289.99,2.0,11,101040.0,9999999
58362,0,3084,24.1,11.99,286.0,286.0,22.45,289.45,2.0,14,101040.0,9999999
58362,0,3085,24.9,11.31,669.0,428.0,22.45,290.18,2.0,8,101040.0,9999999
58362,0,3086,25.5,10.95,587.0,375.0,22.45,286.31,3.0,12,101040.0,9999999
58362,0,3087,25.8,11.02,190.0,190.0,22.45,285.18,3.0,2,101040.0,9999999
58362,0,3088,25.5,11.24,134.0,134.0,22.45,290.72,3.0,4,101040.0,9999999
58362,0,3089,24.8,11.53,77.0,77.0,22.45,287.62,3.0,5,101040.0,9999999
58362,0,3090,23.9,11.83,27.0,27.0,22.45,290.36,3.0,11,101040.0,9999999
58362,0,3091,22.8,11.99,0.0,0.0,22.45,288.35,3.0,4,101040.0,9999999
58362,0,3092,21.8,12.07,0.0,0.0,22.45,281.69,4.0,10,101040.0,9999999
58362,0,3093,21.0,12.07,0.0,0.0,22.45,282.28,4.0,9,101040.0,9999999
58362,0,3094,20.4,11.99,0.0,0.0,22.45,282.67,4.0,5,101040.0,9999999
58362,0,3095,19.9,11.91,0.0,0.0,22.45,284.6,4.0,10,101040.0,9999999
58362,0,3096,19.6,11.76,0.0,0.0,22.45,279.49,4.0,15,101080.0,9999999
58362,0,3097,19.3,11.61,0.0,0.0,22.45,285.93,4.0,4,101080.0,9999999
58362,0,3098,19.1,11.39,0.0,0.0,22.45,281.29,2.0,9,101080.0,9999999
58362,0,3099,18.9,11.09,0.0,0.0,22.45,285.37,2.0,8,101080.0,9999999
58362,0,3100,18.8,10.88,0.0,0.0,22.45,281.49,2.0,9,101080.0,9999999
58362,0,3101,18.9,10.67,0.0,0.0,22.45,280.9,2.0,8,101080.0,9999999
58362,0,3102,19.2,10.67,97.0,38.0,22.45,281.1,2.0,8,101080.0,9999999
58362,0,3103,19.8,10.74,139.0,139.0,22.45,284.22,2.0,2,101080.0,9999999
58362,0,3104,20.9,11.09,228.0,228.0,22.45,288.9,3.0,10,101080.0,9999999
58362,0,3105,22.4,11.76,315.0,315.0,22.45,286.31,3.0,14,101080.0,9999999
58362,0,3106,24.0,12.46,387.0,387.0,22.45,292.32,3.0,16,101080.0,9999999
58362,0,3107,25.5,13.11,434.0,434.0,22.45,286.87,3.0,1,101080.0,9999999
58362,0,3108,26.3,13.53,763.0,296.0,22.45,293.37,3.0,3,101080.0,9999999
58362,0,3109,26.3,13.45,727.0,282.0,22.45,290.54,3.0,3,101080.0,9999999
58362,0,3110,25.0,12.7,1134.0,304.0,22.45,287.24,5.0,4,101080.0,9999999
58362,0,3111,22.3,11.24,508.0,197.0,22.45,288.72,5.0,7,101080.0,9999999
58362,0,3112,19.3,9.93,210.0,210.0,22.45,281.69,5.0,12,101080.0,9999999
58362,0,3113,17.2,9.23,207.0,80.0,22.45,276.41,5.0,5,101080.0,9999999
58362,0,3114,16.9,9.67,73.0,28.0,22.45,284.41,5.0,9,101080.0,9999999
58362,0,3115,17.8,10.88,0.0,0.0,22.45,285.74,5.0,14,101080.0,9999999
58362,0,3116,19.0,12.3,0.0,0.0,22.45,279.09,4.0,15,101080.0,9999999
58362,0,3117,19.7,13.19,0.0,0.0,22.45,282.28,4.0,1,101080.0,9999999
58362,0,3118,19.9,13.53,0.0,0.0,22.45,281.69,4.0,15,101080.0,9999999
58362,0,3119,19.6,13.36,0.0,0.0,22.45,284.79,4.0,12,101080.0,9999999
58362,0,3120,19.1,12.86,0.0,0.0,22.45,280.7,4.0,7,101520.0,9999999
58362,0,3121,18.5,12.3,0.0,0.0,22.45,280.9,4.0,8,101520.0,9999999
58362,0,3122,17.9,11.68,0.0,0.0,22.45,279.29,5.0,2,101520.0,9999999
58362,0,3123,17.4,11.24,0.0,0.0,22.45,283.84,5.0,11,101520.0,9999999
58362,0,3124,17.1,10.88,0.0,0.0,22.45,279.29,5.0,1,101520.0,9999999
58362,0,3125,17.0,10.67,0.0,0.0,22.45,282.28,5.0,5,101520.0,9999999
58362,0,3126,17.1,10.6,108.0,27.0,22.45,278.07,5.0,13,101520.0,9999999
58362,0,3127,17.4,10.53,273.0,44.0,22.45,280.7,5.0,10,101520.0,9999999
58362,0,3128,17.9,10.53,428.0,106.0,22.45,285.74,2.0,5,101520.0,9999999
58362,0,3129,18.5,10.46,617.0,101.0,22.45,281.1,2.0,10,101520.0,9999999
58362,0,3130,19.1,10.33,758.0,124.0,22.45,281.69,2.0,4,101520.0,9999999
58362,0,3131,19.8,10.26,850.0,138.0,22.45,287.43,2.0,8,101520.0,9999999
58362,0,3132,20.6,10.33,877.0,143.0,22.45,284.22,2.0,4,101520.0,9999999
58362,0,3133,21.4,10.46,800.0,199.0,22.45,285.55,2.0,5,101520.0,9999999
58362,0,3134,22.3,10.95,412.0,412.0,22.45,284.22,3.0,3,101520.0,9999999
58362,0,3135,22.9,11.46,560.0,139.0,22.45,284.99,3.0,4,101520.0,9999999
58362,0,3136,22.6,11.61,413.0,67.0,22.45,285.37,3.0,10,101520.0,9999999
58362,0,3137,21.7,11.53,229.0,57.0,22.45,284.6,3.0,7,101520.0,9999999
58362,0,3138,20.6,11.31,85.0,14.0,22.45,281.69,3.0,3,101520.0,9999999
58362,0,3139,19.4,10.95,0.0,0.0,22.45,282.08,3.0,3,101520.0,9999999
58362,0,3140,18.4,10.74,0.0,0.0,22.45,281.69,4.0,6,101520.0,9999999
58362,0,3141,17.8,10.6,0.0,0.0,22.45,277.45,4.0,9,101520.0,9999999
58362,0,3142,17.5,10.6,0.0,0.0,22.45,282.67,4.0,9,101520.0,9999999
58362,0,3143,17.4,10.6,0.0,0.0,22.45,283.64,4.0,4,101520.0,9999999
58362,0,3144,17.4,10.67,0.0,0.0,22.45,285.18,4.0,12,101460.0,9999999
58362,0,3145,17.4,10.6,0.0,0.0,22.45,280.7,4.0,4,101460.0,9999999
58362,0,3146,17.3,10.53,0.0,0.0,22.45,277.04,2.0,6,101460.0,9999999
58362,0,3147,17.0,10.26,0.0,0.0,22.45,284.79,2.0,6,101460.0,9999999
58362,0,3148,16.7,9.93,0.0,0.0,22.45,281.69,2.0,2,101460.0,9999999
58362,0,3149,16.6,9.74,0.0,0.0,22.45,278.27,2.0,2,101460.0,9999999
58362,0,3150,17.2,9.99,118.0,22.0,22.45,279.7,2.0,6,101460.0,9999999
58362,0,3151,18.7,10.88,165.0,165.0,22.45,278.48,2.0,12,101460.0,9999999
58362,0,3152,20.3,11.76,460.0,87.0,22.45,288.54,3.0,7,101460.0,9999999
58362,0,3153,21.4,12.38,641.0,74.0,22.45,287.06,3.0,5,101460.0,9999999
58362,0,3154,22.0,12.7,787.0,91.0,22.45,286.31,3.0,14,101460.0,9999999
58362,0,3155,22.2,12.7,882.0,102.0,22.45,286.5,3.0,3,101460.0,9999999
58362,0,3156,22.3,12.62,910.0,105.0,22.45,284.79,3.0,15,101460.0,9999999
58362,0,3157,22.1,12.46,868.0,101.0,22.45,287.8,3.0,9,101460.0,9999999
58362,0,3158,21.7,12.22,762.0,88.0,22.45,287.24,6.0,6,101460.0,9999999
58362,0,3159,21.2,11.99,608.0,70.0,22.45,282.48,6.0,10,101460.0,9999999
58362,0,3160,20.7,11.91,430.0,50.0,22.45,286.31,6.0,12,101460.0,9999999
58362,0,3161,20.2,11.83,250.0,29.0,22.45,283.84,6.0,9,101460.0,9999999
58362,0,3162,19.8,11.83,90.0,10.0,22.45,287.99,6.0,16,101460.0,9999999
58362,0,3163,19.3,11.76,0.0,0.0,22.45,281.49,6.0,8,101460.0,9999999
58362,0,3164,18.9,11.76,0.0,0.0,22.45,284.41,3.0,6,101460.0,9999999
58362,0,3165,18.5,11.76,0.0,0.0,22.45,278.48,3.0,8,101460.0,9999999
58362,0,3166,18.2,11.68,0.0,0.0,22.45,281.69,3.0,8,101460.0,9999999
58362,0,3167,17.9,11.53,0.0,0.0,22.45,280.1,3.0,10,101460.0,9999999
58362,0,3168,17.6,11.39,0.0,0.0,22.45,284.22,3.0,2,101240.0,9999999
58362,0,3169,17.4,11.17,0.0,0.0,22.45,285.37,3.0,7,101240.0,9999999
58362,0,3170,17.1,10.88,0.0,0.0,22.45,279.09,1.0,8,101240.0,9999999
58362,0,3171,16.8,10.53,0.0,0.0,22.45,280.1,1.0,2,101240.0,9999999
58362,0,3172,16.6,10.13,0.0,0.0,22.45,281.69,1.0,12,101240.0,9999999
58362,0,3173,16.5,9.8,0.0,0.0,22.45,278.89,1.0,6,101240.0,9999999
58362,0,3174,17.2,9.93,70.0,13.0,22.45,283.25,1.0,10,101240.0,9999999
58362,0,3175,18.7,10.67,282.0,32.0,22.45,279.7,1.0,10,101240.0,9999999
58362,0,3176,20.5,11.61,461.0,53.0,22.45,287.06,2.0,8,101240.0,9999999
58362,0,3177,22.0,12.46,635.0,73.0,22.45,282.08,2.0,3,101240.0,9999999
58362,0,3178,23.0,13.11,779.0,89.0,22.45,287.99,2.0,4,101240.0,9999999
58362,0,3179,23.7,13.45,872.0,100.0,22.45,287.06,2.0,6,101240.0,9999999
58362,0,3180,23.9,13.62,900.0,103.0,22.45,284.22,2.0,15,101240.0,9999999
58362,0,3181,23.5,13.45,859.0,98.0,22.45,287.43,2.0,14,101240.0,9999999
58362,0,3182,22.8,13.03,754.0,86.0,22.45,291.25,4.0,6,101240.0,9999999
58362,0,3183,22.1,12.78,602.0,69.0,22.45,287.8,4.0,5,101240.0,9999999
58362,0,3184,21.6,12.78,426.0,49.0,22.45,283.06,4.0,15,101240.0,9999999
58362,0,3185,21.1,12.86,249.0,28.0,22.45,284.79,4.0,4,101240.0,9999999
58362,0,3186,20.7,12.94,90.0,10.0,22.45,283.25,4.0,15,101240.0,9999999
58362,0,3187,20.4,13.03,0.0,0.0,22.45,284.22,4.0,9,101240.0,9999999
58362,0,3188,20.1,13.11,0.0,0.0,22.45,287.06,3.0,6,101240.0,9999999
58362,0,3189,19.8,13.11,0.0,0.0,22.45,284.22,3.0,2,101240.0,9999999
58362,0,3190,19.5,13.03,0.0,0.0,22.45,287.99,3.0,12,101240.0,9999999
58362,0,3191,19.1,12.86,0.0,0.0,22.45,284.03,3.0,3,101240.0,9999999
58362,0,3192,18.8,12.7,0.0,0.0,22.45,282.48,3.0,15,101210.0,9999999
58362,0,3193,18.3,12.38,0.0,0.0,22.45,285.18,3.0,2,101210.0,9999999
58362,0,3194,17.9,12.07,0.0,0.0,22.45,281.1,3.0,7,101210.0,9999999
58362,0,3195,17.4,11.76,0.0,0.0,22.45,277.45,3.0,7,101210.0,9999999
58362,0,3196,17.1,11.53,0.0,0.0,22.45,281.69,3.0,6,101210.0,9999999
58362,0,3197,16.9,11.46,0.0,0.0,22.45,282.28,3.0,12,101210.0,9999999
58362,0,3198,17.1,11.53,113.0,32.0,22.45,283.64,3.0,6,101210.0,9999999
58362,0,3199,17.6,11.91,157.0,157.0,22.45,277.66,3.0,13,101210.0,9999999
58362,0,3200,18.2,12.22,255.0,255.0,22.45,283.84,1.0,8,101210.0,9999999
58362,0,3201,18.7,12.38,351.0,351.0,22.45,278.89,1.0,8,101210.0,9999999
58362,0,3202,19.1,12.46,732.0,204.0,22.45,284.03,1.0,6,101210.0,9999999
58362,0,3203,19.6,12.62,820.0,229.0,22.45,286.5,1.0,1,101210.0,9999999
58362,0,3204,20.2,12.86,497.0,497.0,22.45,281.89,1.0,6,101210.0,9999999
58362,0,3205,21.0,13.28,807.0,225.0,22.45,286.12,1.0,9,101210.0,9999999
58362,0,3206,22.1,14.06,417.0,417.0,22.45,286.68,4.0,5,101210.0,9999999
58362,0,3207,23.4,15.16,567.0,158.0,22.45,288.9,4.0,13,101210.0,9999999
58362,0,3208,24.0,15.84,735.0,137.0,22.45,290.54,4.0,2,101210.0,9999999
58362,0,3209,23.6,15.74,235.0,66.0,22.45,288.54,4.0,7,101210.0,9999999
58362,0,3210,22.6,15.06,195.0,36.0,22.45,288.9,4.0,11,101210.0,9999999
58362,0,3211,21.5,14.24,0.0,0.0,22.45,288.72,4.0,14,101210.0,9999999
58362,0,3212,20.4,13.53,0.0,0.0,22.45,287.43,4.0,7,101210.0,9999999
58362,0,3213,19.7,13.19,0.0,0.0,22.45,285.55,4.0,6,101210.0,9999999
58362,0,3214,19.3,13.03,0.0,0.0,22.45,286.31,4.0,1,101210.0,9999999
58362,0,3215,19.2,13.03,0.0,0.0,22.45,283.06,4.0,2,101210.0,9999999
58362,0,3216,19.1,13.03,0.0,0.0,22.45,281.69,4.0,12,100940.0,9999999
58362,0,3217,19.0,12.94,0.0,0.0,22.45,282.87,4.0,5,100940.0,9999999
58362,0,3218,18.8,12.7,0.0,0.0,22.45,287.24,3.0,10,100940.0,9999999
58362,0,3219,18.4,12.14,0.0,0.0,22.45,283.25,3.0,2,100940.0,9999999
58362,0,3220,18.0,11.61,0.0,0.0,22.45,284.6,3.0,3,100940.0,9999999
58362,0,3221,17.8,11.17,0.0,0.0,22.45,279.9,3.0,9,100940.0,9999999
58362,0,3222,18.4,11.39,104.0,32.0,22.45,281.89,3.0,7,100940.0,9999999
58362,0,3223,20.0,12.22,265.0,56.0,22.45,283.06,3.0,12,100940.0,9999999
58362,0,3224,21.9,13.53,431.0,91.0,22.45,288.9,3.0,7,100940.0,9999999
58362,0,3225,23.8,14.97,543.0,168.0,22.45,289.99,3.0,2,100940.0,9999999
58362,0,3226,25.1,16.14,726.0,153.0,22.45,289.09,3.0,1,100940.0,9999999
58362,0,3227,25.7,16.75,744.0,231.0,22.45,289.63,3.0,6,100940.0,9999999
58362,0,3228,25.3,16.34,451.0,451.0,22.45,287.43,3.0,10,100940.0,9999999
58362,0,3229,24.3,15.45,733.0,227.0,22.45,290.72,3.0,14,100940.0,9999999
58362,0,3230,23.2,14.69,644.0,200.0,22.45,286.12,5.0,6,100940.0,9999999
58362,0,3231,22.4,14.15,562.0,119.0,22.45,288.54,5.0,5,100940.0,9999999
58362,0,3232,22.0,13.97,365.0,113.0,22.45,287.24,5.0,12,100940.0,9999999
58362,0,3233,21.8,13.97,234.0,49.0,22.45,285.93,5.0,3,100940.0,9999999
58362,0,3234,21.8,14.15,80.0,25.0,22.45,290.54,5.0,11,100940.0,9999999
58362,0,3235,21.8,14.33,0.0,0.0,22.45,284.6,5.0,2,100940.0,9999999
58362,0,3236,21.8,14.6,0.0,0.0,22.45,289.09,2.0,8,100940.0,9999999
58362,0,3237,21.7,14.78,0.0,0.0,22.45,283.84,2.0,11,100940.0,9999999
58362,0,3238,21.6,14.97,0.0,0.0,22.45,290.54,2.0,1,100940.0,9999999
58362,0,3239,21.4,15.06,0.0,0.0,22.45,284.41,2.0,1,100940.0,9999999
58362,0,3240,21.2,15.06,0.0,0.0,22.45,283.25,2.0,5,100700.0,9999999
58362,0,3241,21.0,15.06,0.0,0.0,22.45,286.5,2.0,7,100700.0,9999999
58362,0,3242,20.8,14.97,0.0,0.0,22.45,287.06,2.0,6,100700.0,9999999
58362,0,3243,20.7,14.97,0.0,0.0,22.45,287.06,2.0,5,100700.0,9999999
58362,0,3244,20.6,14.88,0.0,0.0,22.45,285.55,2.0,5,100700.0,9999999
58362,0,3245,20.6,14.88,0.0,0.0,22.45,282.67,2.0,8,100700.0,9999999
58362,0,3246,20.7,14.88,27.0,27.0,22.45,289.63,2.0,5,100700.0,9999999
58362,0,3247,20.9,14.97,62.0,62.0,22.45,289.81,2.0,15,100700.0,9999999
58362,0,3248,21.1,14.97,101.0,101.0,22.45,283.25,4.0,6,100700.0,9999999
58362,0,3249,21.2,14.97,138.0,138.0,22.45,290.18,4.0,11,100700.0,9999999
58362,0,3250,21.3,14.78,169.0,169.0,22.45,283.45,4.0,3,100700.0,9999999
58362,0,3251,21.4,14.78,189.0,189.0,22.45,286.31,4.0,8,100700.0,9999999
58362,0,3252,21.6,14.78,195.0,195.0,22.45,286.5,4.0,4,100700.0,9999999
58362,0,3253,22.0,14.97,186.0,186.0,22.45,285.74,4.0,6,100700.0,9999999
58362,0,3254,22.5,15.45,164.0,164.0,22.45,291.61,4.0,6,100700.0,9999999
58362,0,3255,23.2,16.14,131.0,131.0,22.45,287.8,4.0,16,100700.0,9999999
58362,0,3256,23.9,16.96,93.0,93.0,22.45,287.99,4.0,16,100700.0,9999999
58362,0,3257,24.2,17.38,55.0,55.0,22.45,287.62,4.0,8,100700.0,9999999
58362,0,3258,23.5,16.75,21.0,21.0,22.45,291.25,4.0,6,100700.0,9999999
58362,0,3259,22.1,15.45,0.0,0.0,22.45,289.63,4.0,4,100700.0,9999999
58362,0,3260,21.1,14.6,0.0,0.0,22.45,283.06,4.0,6,100700.0,9999999
58362,0,3261,21.2,14.78,0.0,0.0,22.45,281.89,4.0,5,100700.0,9999999
58362,0,3262,21.2,14.88,0.0,0.0,22.45,290.18,4.0,13,100700.0,9999999
58362,0,3263,21.0,14.78,0.0,0.0,22.45,284.79,4.0,12,100700.0,9999999
58362,0,3264,20.7,14.51,0.0,0.0,22.45,284.99,4.0,15,100400.0,9999999
58362,0,3265,20.4,14.33,0.0,0.0,22.45,284.03,4.0,8,100400.0,9999999
58362,0,3266,20.3,14.24,0.0,0.0,22.45,283.84,4.0,6,100400.0,9999999
58362,0,3267,20.3,14.33,0.0,0.0,22.45,282.28,4.0,10,100400.0,9999999
58362,0,3268,20.2,14.33,0.0,0.0,22.45,283.84,4.0,3,100400.0,9999999
58362,0,3269,20.1,14.33,0.0,0.0,22.45,284.41,4.0,5,100400.0,9999999
58362,0,3270,20.0,14.33,13.0,13.0,22.45,288.9,4.0,6,100400.0,9999999
58362,0,3271,19.9,14.33,31.0,31.0,22.45,284.6,4.0,12,100400.0,9999999
58362,0,3272,19.8,14.24,50.0,50.0,22.45,285.93,6.0,6,100400.0,9999999
58362,0,3273,19.7,14.15,68.0,68.0,22.45,288.54,6.0,8,100400.0,9999999
58362,0,3274,19.6,13.97,84.0,84.0,22.45,283.84,6.0,4,100400.0,9999999
58362,0,3275,19.6,13.88,94.0,94.0,22.45,288.35,6.0,10,100400.0,9999999
58362,0,3276,19.5,13.79,97.0,97.0,22.45,280.1,6.0,6,100400.0,9999999
58362,0,3277,19.5,13.71,92.0,92.0,22.45,288.17,6.0,2,100400.0,9999999
58362,0,3278,19.5,13.71,81.0,81.0,22.45,281.29,7.0,6,100400.0,9999999
58362,0,3279,19.3,13.62,65.0,65.0,22.45,279.9,7.0,5,100400.0,9999999
58362,0,3280,19.0,13.36,46.0,46.0,22.45,283.06,7.0,7,100400.0,9999999
58362,0,3281,18.7,13.28,27.0,27.0,22.45,283.25,7.0,3,100400.0,9999999
58362,0,3282,18.7,13.36,10.0,10.0,22.45,283.25,7.0,2,100400.0,9999999
58362,0,3283,18.8,13.53,0.0,0.0,22.45,282.28,7.0,10,100400.0,9999999
58362,0,3284,19.0,13.79,0.0,0.0,22.45,284.22,4.0,6,100400.0,9999999
58362,0,3285,19.2,13.97,0.0,0.0,22.45,282.67,4.0,9,100400.0,9999999
58362,0,3286,19.3,14.15,0.0,0.0,22.45,288.17,4.0,12,100400.0,9999999
58362,0,3287,19.4,14.15,0.0,0.0,22.45,280.1,4.0,15,100400.0,9999999
58362,0,3288,19.4,14.24,0.0,0.0,22.45,284.22,4.0,6,100150.0,9999999
58362,0,3289,19.4,14.15,0.0,0.0,22.45,284.79,4.0,16,100150.0,9999999
58362,0,3290,19.4,14.15,0.0,0.0,22.45,286.68,1.0,10,100150.0,9999999
58362,0,3291,19.4,14.15,0.0,0.0,22.45,281.29,1.0,6,100150.0,9999999
58362,0,3292,19.3,14.15,0.0,0.0,22.45,286.68,1.0,1,100150.0,9999999
58362,0,3293,19.4,14.24,0.0,0.0,22.45,280.1,1.0,8,100150.0,9999999
58362,0,3294,19.5,14.33,24.0,24.0,22.45,285.74,1.0,4,100150.0,9999999
58362,0,3295,19.8,14.69,55.0,55.0,22.45,282.87,1.0,8,100150.0,9999999
58362,0,3296,20.4,15.06,89.0,89.0,22.45,285.37,3.0,14,100150.0,9999999
58362,0,3297,21.2,15.54,121.0,121.0,22.45,287.62,3.0,3,100150.0,9999999
58362,0,3298,22.0,15.94,149.0,149.0,22.45,287.06,3.0,6,100150.0,9999999
58362,0,3299,22.8,16.24,166.0,166.0,22.45,283.64,3.0,11,100150.0,9999999
58362,0,3300,23.2,16.04,171.0,171.0,22.45,285.37,3.0,4,100150.0,9999999
58362,0,3301,23.0,15.45,164.0,164.0,22.45,286.12,3.0,16,100150.0,9999999
58362,0,3302,22.2,14.33,144.0,144.0,22.45,289.45,5.0,15,100150.0,9999999
58362,0,3303,21.1,13.03,115.0,115.0,22.45,289.63,5.0,12,100150.0,9999999
58362,0,3304,19.8,11.99,82.0,82.0,22.45,279.9,5.0,9,100150.0,9999999
58362,0,3305,18.7,11.09,49.0,49.0,22.45,278.48,5.0,12,100150.0,9999999
58362,0,3306,17.9,10.53,19.0,19.0,22.45,284.22,5.0,5,100150.0,9999999
58362,0,3307,17.7,10.46,0.0,0.0,22.45,280.9,5.0,15,100150.0,9999999
58362,0,3308,18.0,10.74,0.0,0.0,22.45,285.93,7.0,16,100150.0,9999999
58362,0,3309,18.1,10.88,0.0,0.0,22.45,283.45,7.0,11,100150.0,9999999
58362,0,3310,17.9,10.88,0.0,0.0,22.45,277.66,7.0,5,100150.0,9999999
58362,0,3311,17.5,10.74,0.0,0.0,22.45,281.29,7.0,11,100150.0,9999999
58362,0,3312,17.0,10.46,0.0,0.0,22.45,278.07,7.0,4,101250.0,9999999
58362,0,3313,16.5,10.19,0.0,0.0,22.45,280.1,7.0,2,101250.0,9999999
58362,0,3314,16.0,9.99,0.0,0.0,22.45,275.58,6.0,14,101250.0,9999999
58362,0,3315,15.7,9.86,0.0,0.0,22.45,279.29,6.0,6,101250.0,9999999
58362,0,3316,15.5,9.8,0.0,0.0,22.45,283.06,6.0,4,101250.0,9999999
58362,0,3317,15.4,9.74,0.0,0.0,22.45,279.49,6.0,3,101250.0,9999999
58362,0,3318,15.7,9.8,67.0,19.0,22.45,278.07,6.0,9,101250.0,9999999
58362,0,3319,16.4,9.99,288.0,56.0,22.45,277.25,6.0,11,101250.0,9999999
58362,0,3320,17.2,10.06,245.0,71.0,22.45,278.07,5.0,15,101250.0,9999999
58362,0,3321,17.9,9.86,634.0,124.0,22.45,281.49,5.0,11,101250.0,9999999
58362,0,3322,18.5,9.42,410.0,119.0,22.45,282.48,5.0,6,101250.0,9999999
58362,0,3323,19.0,8.87,867.0,170.0,22.45,281.1,5.0,3,101250.0,9999999
58362,0,3324,19.5,8.3,894.0,175.0,22.45,283.06,5.0,8,101250.0,9999999
58362,0,3325,20.0,7.8,854.0,167.0,22.45,283.25,5.0,9,101250.0,9999999
58362,0,3326,20.6,7.49,397.0,115.0,22.45,278.89,5.0,16,101250.0,9999999
58362,0,3327,21.2,7.49,602.0,118.0,22.45,280.9,5.0,8,101250.0,9999999
58362,0,3328,21.8,7.75,429.0,84.0,22.45,282.48,5.0,7,101250.0,9999999
58362,0,3329,22.0,8.07,254.0,50.0,22.45,282.87,5.0,5,101250.0,9999999
58362,0,3330,21.7,8.3,52.0,15.0,22.45,283.84,5.0,11,101250.0,9999999
58362,0,3331,21.0,8.41,0.0,0.0,22.45,282.08,5.0,1,101250.0,9999999
58362,0,3332,20.1,8.46,0.0,0.0,22.45,278.89,2.0,12,101250.0,9999999
58362,0,3333,19.3,8.52,0.0,0.0,22.45,281.1,2.0,11,101250.0,9999999
58362,0,3334,18.5,8.58,0.0,0.0,22.45,283.06,2.0,5,101250.0,9999999
58362,0,3335,17.9,8.7,0.0,0.0,22.45,280.9,2.0,3,101250.0,9999999
58362,0,3336,17.3,8.81,0.0,0.0,22.45,278.68,2.0,11,101610.0,9999999
58362,0,3337,16.9,8.99,0.0,0.0,22.45,280.7,2.0,9,101610.0,9999999
58362,0,3338,16.5,9.11,0.0,0.0,22.45,281.29,1.0,12,101610.0,9999999
58362,0,3339,16.2,9.36,0.0,0.0,22.45,278.48,1.0,4,101610.0,9999999
58362,0,3340,16.1,9.48,0.0,0.0,22.45,283.45,1.0,2,101610.0,9999999
58362,0,3341,16.0,9.67,0.0,0.0,22.45,282.08,1.0,9,101610.0,9999999
58362,0,3342,16.7,10.13,119.0,27.0,22.45,279.29,1.0,10,101610.0,9999999
58362,0,3343,18.3,11.02,159.0,159.0,22.45,282.08,1.0,5,101610.0,9999999
58362,0,3344,20.2,11.83,435.0,97.0,22.45,280.1,4.0,12,101610.0,9999999
58362,0,3345,21.9,12.22,601.0,86.0,22.45,285.55,4.0,12,101610.0,9999999
58362,0,3346,23.4,11.91,734.0,105.0,22.45,289.99,4.0,16,101610.0,9999999
58362,0,3347,24.5,11.17,821.0,117.0,22.45,286.31,4.0,4,101610.0,9999999
58362,0,3348,25.4,10.13,847.0,121.0,22.45,289.27,4.0,14,101610.0,9999999
58362,0,3349,26.0,9.05,808.0,116.0,22.45,286.12,4.0,6,101610.0,9999999
58362,0,3350,26.3,8.18,712.0,102.0,22.45,286.12,1.0,16,101610.0,9999999
58362,0,3351,26.4,7.86,571.0,82.0,22.45,291.43,1.0,5,101610.0,9999999
58362,0,3352,26.1,7.86,407.0,58.0,22.45,288.54,1.0,6,101610.0,9999999
58362,0,3353,25.5,8.02,242.0,35.0,22.45,292.14,1.0,15,101610.0,9999999
58362,0,3354,24.7,8.24,94.0,13.0,22.45,289.81,1.0,9,101610.0,9999999
58362,0,3355,23.7,8.46,0.0,0.0,22.45,283.64,1.0,14,101610.0,9999999
58362,0,3356,22.9,8.64,0.0,0.0,22.45,289.81,1.0,12,101610.0,9999999
58362,0,3357,22.3,8.75,0.0,0.0,22.45,287.8,1.0,3,101610.0,9999999
58362,0,3358,21.9,8.81,0.0,0.0,22.45,287.43,1.0,1,101610.0,9999999
58362,0,3359,21.5,8.87,0.0,0.0,22.45,284.03,1.0,12,101610.0,9999999
58362,0,3360,21.2,8.87,0.0,0.0,22.45,281.49,1.0,3,101430.0,9999999
58362,0,3361,20.9,8.87,0.0,0.0,22.45,285.37,1.0,15,101430.0,9999999
58362,0,3362,20.5,8.81,0.0,0.0,22.45,282.48,3.0,10,101430.0,9999999
58362,0,3363,19.9,8.75,0.0,0.0,22.45,287.06,3.0,4,101430.0,9999999
58362,0,3364,19.4,8.7,0.0,0.0,22.45,282.48,3.0,7,101430.0,9999999
58362,0,3365,19.2,8.7,0.0,0.0,22.45,281.69,3.0,4,101430.0,9999999
58362,0,3366,19.5,8.93,106.0,37.0,22.45,279.9,3.0,2,101430.0,9999999
58362,0,3367,20.4,9.23,140.0,140.0,22.45,284.99,3.0,11,101430.0,9999999
58362,0,3368,21.7,9.54,383.0,136.0,22.45,289.09,1.0,10,101430.0,9999999
58362,0,3369,23.3,9.61,307.0,307.0,22.45,282.28,1.0,1,101430.0,9999999
58362,0,3370,24.9,9.36,638.0,226.0,22.45,290.54,1.0,6,101430.0,9999999
58362,0,3371,26.3,8.81,857.0,206.0,22.45,284.99,1.0,6,101430.0,9999999
58362,0,3372,27.3,8.02,884.0,213.0,22.45,291.25,1.0,11,101430.0,9999999
58362,0,3373,27.7,7.29,702.0,249.0,22.45,291.25,1.0,11,101430.0,9999999
58362,0,3374,27.3,6.85,363.0,363.0,22.45,289.27,6.0,6,101430.0,9999999
58362,0,3375,26.4,6.94,497.0,176.0,22.45,284.22,6.0,14,101430.0,9999999
58362,0,3376,25.2,7.49,354.0,126.0,22.45,288.17,6.0,3,101430.0,9999999
58362,0,3377,24.0,8.18,254.0,61.0,22.45,290.72,6.0,5,101430.0,9999999
58362,0,3378,22.8,8.93,82.0,29.0,22.45,289.81,6.0,5,101430.0,9999999
58362,0,3379,21.9,9.61,0.0,0.0,22.45,289.27,6.0,5,101430.0,9999999
58362,0,3380,21.4,10.33,0.0,0.0,22.45,283.84,2.0,8,101430.0,9999999
58362,0,3381,21.4,11.02,0.0,0.0,22.45,289.27,2.0,10,101430.0,9999999
58362,0,3382,21.5,11.46,0.0,0.0,22.45,284.22,2.0,1,101430.0,9999999
58362,0,3383,21.5,11.68,0.0,0.0,22.45,286.12,2.0,8,101430.0,9999999
58362,0,3384,21.4,11.68,0.0,0.0,22.45,287.99,2.0,5,100960.0,9999999
58362,0,3385,21.2,11.53,0.0,0.0,22.45,287.8,2.0,16,100960.0,9999999
58362,0,3386,20.9,11.31,0.0,0.0,22.45,282.08,3.0,8,100960.0,9999999
58362,0,3387,20.4,11.02,0.0,0.0,22.45,285.74,3.0,12,100960.0,9999999
58362,0,3388,19.9,10.67,0.0,0.0,22.45,284.22,3.0,15,100960.0,9999999
58362,0,3389,19.3,10.46,0.0,0.0,22.45,280.3,3.0,15,100960.0,9999999
58362,0,3390,18.8,10.4,5.0,5.0,22.45,281.29,3.0,3,100960.0,9999999
58362,0,3391,18.4,10.4,11.0,11.0,22.45,284.6,3.0,16,100960.0,9999999
58362,0,3392,18.3,10.67,17.0,17.0,22.45,281.49,4.0,10,100960.0,9999999
58362,0,3393,17.8,10.74,23.0,23.0,22.45,278.89,4.0,2,100960.0,9999999
58362,0,3394,17.5,10.95,28.0,28.0,22.45,281.89,4.0,11,100960.0,9999999
58362,0,3395,17.7,11.46,31.0,31.0,22.45,279.09,4.0,13,100960.0,9999999
58362,0,3396,18.2,12.3,32.0,32.0,22.45,286.5,4.0,11,100960.0,9999999
58362,0,3397,18.8,13.11,31.0,31.0,22.45,285.93,4.0,8,100960.0,9999999
58362,0,3398,19.5,13.97,27.0,27.0,22.45,284.22,3.0,6,100960.0,9999999
58362,0,3399,20.0,14.6,22.0,22.0,22.45,282.08,3.0,8,100960.0,9999999
58362,0,3400,20.4,14.97,16.0,16.0,22.45,286.68,3.0,2,100960.0,9999999
58362,0,3401,20.6,15.16,9.0,9.0,22.45,288.17,3.0,9,100960.0,9999999
58362,0,3402,20.8,15.16,4.0,4.0,22.45,286.31,3.0,10,100960.0,9999999
58362,0,3403,20.8,15.06,0.0,0.0,22.45,281.69,3.0,2,100960.0,9999999
58362,0,3404,20.8,14.97,0.0,0.0,22.45,289.81,1.0,9,100960.0,9999999
58362,0,3405,20.7,14.88,0.0,0.0,22.45,284.41,1.0,2,100960.0,9999999
58362,0,3406,20.6,14.88,0.0,0.0,22.45,281.29,1.0,8,100960.0,9999999
58362,0,3407,20.6,14.88,0.0,0.0,22.45,285.37,1.0,4,100960.0,9999999
58362,0,3408,20.6,14.97,0.0,0.0,22.45,286.87,1.0,4,100350.0,9999999
58362,0,3409,20.8,15.06,0.0,0.0,22.45,281.49,1.0,14,100350.0,9999999
58362,0,3410,20.9,15.25,0.0,0.0,22.45,284.79,1.0,10,100350.0,9999999
58362,0,3411,21.1,15.35,0.0,0.0,22.45,284.99,1.0,10,100350.0,9999999
58362,0,3412,21.2,15.54,0.0,0.0,22.45,287.62,1.0,7,100350.0,9999999
58362,0,3413,21.4,15.64,0.0,0.0,22.45,284.6,1.0,8,100350.0,9999999
58362,0,3414,21.6,15.64,10.0,10.0,22.45,285.93,1.0,16,100350.0,9999999
58362,0,3415,21.7,15.74,23.0,23.0,22.45,284.03,1.0,2,100350.0,9999999
58362,0,3416,21.8,15.84,37.0,37.0,22.45,290.89,2.0,14,100350.0,9999999
58362,0,3417,21.9,15.84,51.0,51.0,22.45,282.87,2.0,3,100350.0,9999999
58362,0,3418,21.9,15.94,62.0,62.0,22.45,291.07,2.0,12,100350.0,9999999
58362,0,3419,21.9,16.04,70.0,70.0,22.45,285.18,2.0,6,100350.0,9999999
58362,0,3420,22.0,16.14,72.0,72.0,22.45,291.25,2.0,4,100350.0,9999999
58362,0,3421,22.1,16.34,68.0,68.0,22.45,286.12,2.0,1,100350.0,9999999
58362,0,3422,22.2,16.54,60.0,60.0,22.45,283.25,1.0,5,100350.0,9999999
58362,0,3423,22.4,16.75,48.0,48.0,22.45,291.79,1.0,8,100350.0,9999999
58362,0,3424,22.6,17.06,35.0,35.0,22.45,289.45,1.0,7,100350.0,9999999
58362,0,3425,22.9,17.28,21.0,21.0,22.45,287.06,1.0,9,100350.0,9999999
58362,0,3426,23.0,17.49,8.0,8.0,22.45,287.24,1.0,4,100350.0,9999999
58362,0,3427,23.1,17.49,0.0,0.0,22.45,289.09,1.0,2,100350.0,9999999
58362,0,3428,22.9,17.28,0.0,0.0,22.45,288.9,3.0,14,100350.0,9999999
58362,0,3429,22.5,16.85,0.0,0.0,22.45,283.64,3.0,3,100350.0,9999999
58362,0,3430,21.9,16.24,0.0,0.0,22.45,289.63,3.0,6,100350.0,9999999
58362,0,3431,21.2,15.64,0.0,0.0,22.45,288.9,3.0,3,100350.0,9999999
58362,0,3432,20.5,14.97,0.0,0.0,22.45,286.12,3.0,8,100540.0,9999999
58362,0,3433,19.9,14.33,0.0,0.0,22.45,287.24,3.0,9,100540.0,9999999
58362,0,3434,19.2,13.71,0.0,0.0,22.45,286.31,5.0,14,100540.0,9999999
58362,0,3435,18.6,13.19,0.0,0.0,22.45,282.08,5.0,5,100540.0,9999999
58362,0,3436,18.2,12.78,0.0,0.0,22.45,284.03,5.0,2,100540.0,9999999
58362,0,3437,18.1,12.46,0.0,0.0,22.45,281.89,5.0,15,100540.0,9999999
58362,0,3438,18.2,12.3,168.0,77.0,22.45,280.7,5.0,11,100540.0,9999999
58362,0,3439,18.5,12.22,372.0,171.0,22.45,280.9,5.0,10,100540.0,9999999
58362,0,3440,18.8,11.99,214.0,214.0,22.45,283.64,7.0,16,100540.0,9999999
58362,0,3441,19.2,11.61,291.0,291.0,22.45,287.24,7.0,6,100540.0,9999999
58362,0,3442,19.6,11.24,987.0,455.0,22.45,284.03,7.0,8,100540.0,9999999
58362,0,3443,20.1,10.88,396.0,396.0,22.45,284.41,7.0,16,100540.0,9999999
58362,0,3444,20.8,10.6,408.0,408.0,22.45,285.93,7.0,3,100540.0,9999999
58362,0,3445,21.6,10.6,390.0,390.0,22.45,283.45,7.0,9,100540.0,9999999
58362,0,3446,22.6,10.95,957.0,440.0,22.45,286.87,3.0,1,100540.0,9999999
58362,0,3447,23.4,11.46,276.0,276.0,22.45,291.43,3.0,5,100540.0,9999999
58362,0,3448,23.2,11.61,198.0,198.0,22.45,283.06,3.0,11,100540.0,9999999
58362,0,3449,22.8,11.76,119.0,119.0,22.45,288.17,3.0,10,100540.0,9999999
58362,0,3450,22.1,11.76,47.0,47.0,22.45,286.68,3.0,2,100540.0,9999999
58362,0,3451,21.5,11.76,0.0,0.0,22.45,286.87,3.0,14,100540.0,9999999
58362,0,3452,20.9,11.76,0.0,0.0,22.45,285.55,3.0,6,100540.0,9999999
58362,0,3453,20.5,11.68,0.0,0.0,22.45,288.54,3.0,8,100540.0,9999999
58362,0,3454,20.3,11.61,0.0,0.0,22.45,281.49,3.0,7,100540.0,9999999
58362,0,3455,20.1,11.53,0.0,0.0,22.45,284.03,3.0,3,100540.0,9999999
58362,0,3456,20.0,11.46,0.0,0.0,22.45,287.99,3.0,9,100720.0,9999999
58362,0,3457,19.8,11.39,0.0,0.0,22.45,287.8,3.0,3,100720.0,9999999
58362,0,3458,19.6,11.24,0.0,0.0,22.45,281.69,2.0,10,100720.0,9999999
58362,0,3459,19.3,11.24,0.0,0.0,22.45,282.08,2.0,1,100720.0,9999999
58362,0,3460,19.1,11.31,0.0,0.0,22.45,280.3,2.0,12,100720.0,9999999
58362,0,3461,19.3,11.61,1.0,0.0,22.45,280.5,2.0,2,100720.0,9999999
58362,0,3462,19.9,12.14,70.0,70.0,22.45,283.45,2.0,9,100720.0,9999999
58362,0,3463,20.8,12.7,262.0,79.0,22.45,282.28,2.0,2,100720.0,9999999
58362,0,3464,22.0,13.28,246.0,246.0,22.45,285.37,1.0,10,100720.0,9999999
58362,0,3465,23.4,13.62,569.0,172.0,22.45,285.93,1.0,16,100720.0,9999999
58362,0,3466,24.7,13.62,407.0,407.0,22.45,289.09,1.0,11,100720.0,9999999
58362,0,3467,25.9,13.28,774.0,234.0,22.45,289.63,1.0,10,100720.0,9999999
58362,0,3468,26.8,12.62,469.0,469.0,22.45,289.81,1.0,4,100720.0,9999999
58362,0,3469,27.1,11.83,448.0,448.0,22.45,289.09,1.0,13,100720.0,9999999
58362,0,3470,26.2,10.53,672.0,203.0,22.45,290.36,3.0,10,100720.0,9999999
58362,0,3471,25.1,9.8,963.0,197.0,22.45,287.8,3.0,10,100720.0,9999999
58362,0,3472,24.3,9.67,388.0,117.0,22.45,288.17,3.0,9,100720.0,9999999
58362,0,3473,23.6,9.93,414.0,85.0,22.45,287.62,3.0,12,100720.0,9999999
58362,0,3474,23.0,10.33,166.0,34.0,22.45,285.37,3.0,11,100720.0,9999999
58362,0,3475,22.5,10.74,0.0,0.0,22.45,284.99,3.0,2,100720.0,9999999
58362,0,3476,21.9,11.02,0.0,0.0,22.45,288.17,2.0,9,100720.0,9999999
58362,0,3477,21.2,10.95,0.0,0.0,22.45,280.9,2.0,2,100720.0,9999999
58362,0,3478,20.4,10.74,0.0,0.0,22.45,288.17,2.0,11,100720.0,9999999
58362,0,3479,19.8,10.46,0.0,0.0,22.45,287.62,2.0,3,100720.0,9999999
58362,0,3480,19.4,10.26,0.0,0.0,22.45,285.55,2.0,1,100430.0,9999999
58362,0,3481,19.3,10.33,0.0,0.0,22.45,281.89,2.0,2,100430.0,9999999
58362,0,3482,19.7,10.6,0.0,0.0,22.45,285.93,4.0,10,100430.0,9999999
58362,0,3483,20.6,11.31,0.0,0.0,22.45,283.84,4.0,15,100430.0,9999999
58362,0,3484,21.5,12.14,0.0,0.0,22.45,288.17,4.0,15,100430.0,9999999
58362,0,3485,22.0,12.62,0.0,0.0,22.45,285.74,4.0,2,100430.0,9999999
58362,0,3486,21.7,12.62,20.0,20.0,22.45,285.37,4.0,4,100430.0,9999999
58362,0,3487,21.0,12.3,44.0,44.0,22.45,284.03,4.0,3,100430.0,9999999
58362,0,3488,20.6,12.3,71.0,71.0,22.45,284.22,4.0,10,100430.0,9999999
58362,0,3489,20.5,12.62,96.0,96.0,22.45,283.06,4.0,13,100430.0,9999999
58362,0,3490,20.3,12.78,117.0,117.0,22.45,286.12,4.0,5,100430.0,9999999
58362,0,3491,20.1,12.94,130.0,130.0,22.45,287.06,4.0,10,100430.0,9999999
58362,0,3492,19.9,13.03,135.0,135.0,22.45,288.35,4.0,13,100430.0,9999999
58362,0,3493,19.7,13.03,129.0,129.0,22.45,288.17,4.0,5,100430.0,9999999
58362,0,3494,19.6,13.03,113.0,113.0,22.45,279.9,4.0,14,100430.0,9999999
58362,0,3495,19.4,12.78,91.0,91.0,22.45,287.8,4.0,16,100430.0,9999999
58362,0,3496,19.0,12.3,65.0,65.0,22.45,282.67,4.0,16,100430.0,9999999
58362,0,3497,18.9,11.99,39.0,39.0,22.45,287.06,4.0,15,100430.0,9999999
58362,0,3498,19.1,11.83,16.0,16.0,22.45,285.74,4.0,15,100430.0,9999999
58362,0,3499,19.5,11.83,0.0,0.0,22.45,282.48,4.0,13,100430.0,9999999
58362,0,3500,20.0,11.99,0.0,0.0,22.45,283.06,4.0,11,100430.0,9999999
58362,0,3501,20.5,12.22,0.0,0.0,22.45,283.45,4.0,8,100430.0,9999999
58362,0,3502,20.8,12.46,0.0,0.0,22.45,280.9,4.0,3,100430.0,9999999
58362,0,3503,20.9,12.54,0.0,0.0,22.45,285.74,4.0,8,100430.0,9999999
58362,0,3504,20.6,12.46,0.0,0.0,22.45,284.22,4.0,13,100740.0,9999999
58362,0,3505,20.0,12.07,0.0,0.0,22.45,282.28,4.0,2,100740.0,9999999
58362,0,3506,18.8,11.31,0.0,0.0,22.45,285.37,4.0,16,100740.0,9999999
58362,0,3507,17.2,10.26,0.0,0.0,22.45,278.07,4.0,11,100740.0,9999999
58362,0,3508,16.4,9.8,0.0,0.0,22.45,275.79,4.0,3,100740.0,9999999
58362,0,3509,16.9,9.99,1.0,0.0,22.45,277.66,4.0,12,100740.0,9999999
58362,0,3510,18.0,10.67,132.0,14.0,22.45,279.9,4.0,15,100740.0,9999999
58362,0,3511,19.5,11.39,289.0,30.0,22.45,282.28,4.0,4,100740.0,9999999
58362,0,3512,21.0,11.99,460.0,48.0,22.45,287.62,3.0,12,100740.0,9999999
58362,0,3513,22.3,12.14,625.0,66.0,22.45,290.54,3.0,5,100740.0,9999999
58362,0,3514,23.4,11.99,761.0,80.0,22.45,286.87,3.0,11,100740.0,9999999
58362,0,3515,24.3,11.53,849.0,89.0,22.45,290.72,3.0,7,100740.0,9999999
58362,0,3516,25.1,11.09,876.0,92.0,22.45,287.62,3.0,6,100740.0,9999999
58362,0,3517,26.0,10.74,837.0,88.0,22.45,288.9,3.0,7,100740.0,9999999
58362,0,3518,26.9,10.81,738.0,78.0,22.45,289.27,3.0,2,100740.0,9999999
58362,0,3519,27.6,11.17,594.0,63.0,22.45,291.25,3.0,9,100740.0,9999999
58362,0,3520,27.4,11.39,427.0,45.0,22.45,286.87,3.0,3,100740.0,9999999
58362,0,3521,27.0,11.68,257.0,27.0,22.45,291.43,3.0,16,100740.0,9999999
58362,0,3522,26.4,11.91,104.0,11.0,22.45,286.12,3.0,15,100740.0,9999999
58362,0,3523,25.7,12.07,0.0,0.0,22.45,285.55,3.0,2,100740.0,9999999
58362,0,3524,25.1,12.14,0.0,0.0,22.45,286.31,2.0,7,100740.0,9999999
58362,0,3525,24.6,12.07,0.0,0.0,22.45,286.68,2.0,3,100740.0,9999999
58362,0,3526,24.2,11.83,0.0,0.0,22.45,289.63,2.0,12,100740.0,9999999
58362,0,3527,23.9,11.53,0.0,0.0,22.45,288.35,2.0,9,100740.0,9999999
58362,0,3528,23.7,11.31,0.0,0.0,22.45,285.74,2.0,2,100850.0,9999999
58362,0,3529,23.5,11.02,0.0,0.0,22.45,287.24,2.0,7,100850.0,9999999
58362,0,3530,23.3,10.88,0.0,0.0,22.45,291.07,3.0,10,100850.0,9999999
58362,0,3531,23.1,10.81,0.0,0.0,22.45,282.67,3.0,5,100850.0,9999999
58362,0,3532,22.9,10.88,0.0,0.0,22.45,285.55,3.0,1,100850.0,9999999
58362,0,3533,22.8,11.09,3.0,1.0,22.45,284.79,3.0,2,100850.0,9999999
58362,0,3534,22.9,11.53,118.0,57.0,22.45,285.74,3.0,5,100850.0,9999999
58362,0,3535,23.3,12.14,119.0,119.0,22.45,284.6,3.0,4,100850.0,9999999
58362,0,3536,23.9,13.03,409.0,197.0,22.45,286.31,3.0,14,100850.0,9999999
58362,0,3537,24.9,14.15,555.0,267.0,22.45,288.35,3.0,6,100850.0,9999999
58362,0,3538,25.8,15.45,312.0,312.0,22.45,288.72,3.0,3,100850.0,9999999
58362,0,3539,26.4,16.44,754.0,363.0,22.45,290.89,3.0,8,100850.0,9999999
58362,0,3540,26.2,16.54,359.0,359.0,22.45,291.25,3.0,1,100850.0,9999999
58362,0,3541,25.1,15.74,743.0,357.0,22.45,289.45,3.0,15,100850.0,9999999
58362,0,3542,23.4,14.51,655.0,315.0,22.45,287.99,4.0,3,100850.0,9999999
58362,0,3543,21.7,13.11,244.0,244.0,22.45,290.18,4.0,1,100850.0,9999999
58362,0,3544,20.2,12.07,175.0,175.0,22.45,282.48,4.0,9,100850.0,9999999
58362,0,3545,19.0,11.24,106.0,106.0,22.45,278.89,4.0,7,100850.0,9999999
58362,0,3546,18.4,10.81,93.0,45.0,22.45,283.64,4.0,1,100850.0,9999999
58362,0,3547,18.4,10.81,0.0,0.0,22.45,282.08,4.0,11,100850.0,9999999
58362,0,3548,18.6,11.02,0.0,0.0,22.45,283.84,3.0,4,100850.0,9999999
58362,0,3549,18.8,11.17,0.0,0.0,22.45,280.9,3.0,6,100850.0,9999999
58362,0,3550,18.9,11.24,0.0,0.0,22.45,283.45,3.0,4,100850.0,9999999
58362,0,3551,18.8,11.31,0.0,0.0,22.45,283.45,3.0,2,100850.0,9999999
58362,0,3552,18.7,11.24,0.0,0.0,22.45,283.25,3.0,8,101100.0,9999999
58362,0,3553,18.5,11.17,0.0,0.0,22.45,279.7,3.0,2,101100.0,9999999
58362,0,3554,18.3,11.02,0.0,0.0,22.45,284.79,2.0,4,101100.0,9999999
58362,0,3555,18.0,10.95,0.0,0.0,22.45,281.29,2.0,7,101100.0,9999999
58362,0,3556,17.9,10.88,0.0,0.0,22.45,282.28,2.0,9,101100.0,9999999
58362,0,3557,18.0,10.95,4.0,1.0,22.45,279.09,2.0,7,101100.0,9999999
58362,0,3558,18.4,11.02,71.0,71.0,22.45,278.07,2.0,3,101100.0,9999999
58362,0,3559,18.8,11.17,155.0,155.0,22.45,280.9,2.0,9,101100.0,9999999
58362,0,3560,19.3,11.24,418.0,103.0,22.45,283.25,2.0,4,101100.0,9999999
58362,0,3561,19.8,11.09,582.0,94.0,22.45,283.06,2.0,5,101100.0,9999999
58362,0,3562,20.2,10.81,708.0,114.0,22.45,282.08,2.0,14,101100.0,9999999
58362,0,3563,20.7,10.46,771.0,190.0,22.45,284.99,2.0,11,101100.0,9999999
58362,0,3564,21.2,10.06,815.0,132.0,22.45,287.24,2.0,11,101100.0,9999999
58362,0,3565,21.8,9.8,778.0,126.0,22.45,286.68,2.0,10,101100.0,9999999
58362,0,3566,22.5,9.67,670.0,165.0,22.45,284.03,4.0,6,101100.0,9999999
58362,0,3567,23.0,9.54,554.0,89.0,22.45,290.36,4.0,14,101100.0,9999999
58362,0,3568,22.8,9.23,388.0,96.0,22.45,284.79,4.0,9,101100.0,9999999
58362,0,3569,22.2,8.87,241.0,39.0,22.45,289.27,4.0,14,101100.0,9999999
58362,0,3570,21.4,8.52,99.0,16.0,22.45,288.35,4.0,1,101100.0,9999999
58362,0,3571,20.5,8.35,0.0,0.0,22.45,282.28,4.0,1,101100.0,9999999
58362,0,3572,19.8,8.3,0.0,0.0,22.45,285.18,3.0,6,101100.0,9999999
58362,0,3573,19.3,8.46,0.0,0.0,22.45,282.28,3.0,5,101100.0,9999999
58362,0,3574,19.0,8.81,0.0,0.0,22.45,279.29,3.0,6,101100.0,9999999
58362,0,3575,18.8,9.17,0.0,0.0,22.45,282.67,3.0,12,101100.0,9999999
58362,0,3576,18.6,9.61,0.0,0.0,22.45,281.49,3.0,3,101060.0,9999999
58362,0,3577,18.4,9.93,0.0,0.0,22.45,281.89,3.0,1,101060.0,9999999
58362,0,3578,18.1,10.13,0.0,0.0,22.45,282.28,2.0,8,101060.0,9999999
58362,0,3579,17.7,10.13,0.0,0.0,22.45,281.29,2.0,9,101060.0,9999999
58362,0,3580,17.5,10.19,0.0,0.0,22.45,282.48,2.0,3,101060.0,9999999
58362,0,3581,17.8,10.53,4.0,2.0,22.45,282.08,2.0,1,101060.0,9999999
58362,0,3582,18.7,11.17,107.0,40.0,22.45,279.9,2.0,3,101060.0,9999999
58362,0,3583,19.7,11.91,263.0,67.0,22.45,281.1,2.0,2,101060.0,9999999
58362,0,3584,20.7,12.54,416.0,106.0,22.45,284.99,3.0,6,101060.0,9999999
58362,0,3585,21.4,12.94,497.0,185.0,22.45,288.35,3.0,16,101060.0,9999999
58362,0,3586,21.8,13.11,605.0,226.0,22.45,286.12,3.0,12,101060.0,9999999
58362,0,3587,22.0,13.11,396.0,396.0,22.45,288.9,3.0,4,101060.0,9999999
58362,0,3588,22.1,13.11,695.0,259.0,22.45,286.5,3.0,6,101060.0,9999999
58362,0,3589,22.3,13.19,754.0,193.0,22.45,286.12,3.0,9,101060.0,9999999
58362,0,3590,22.6,13.45,586.0,219.0,22.45,285.93,5.0,6,101060.0,9999999
58362,0,3591,22.9,13.71,536.0,137.0,22.45,283.25,5.0,2,101060.0,9999999
58362,0,3592,22.8,13.79,340.0,127.0,22.45,286.68,5.0,16,101060.0,9999999
58362,0,3593,22.4,13.71,121.0,121.0,22.45,286.87,5.0,1,101060.0,9999999
58362,0,3594,22.0,13.62,50.0,50.0,22.45,285.37,5.0,12,101060.0,9999999
58362,0,3595,21.6,13.62,0.0,0.0,22.45,284.22,5.0,8,101060.0,9999999
58362,0,3596,21.2,13.62,0.0,0.0,22.45,285.74,5.0,7,101060.0,9999999
58362,0,3597,21.0,13.71,0.0,0.0,22.45,286.12,5.0,8,101060.0,9999999
58362,0,3598,20.9,13.97,0.0,0.0,22.45,282.67,5.0,6,101060.0,9999999
58362,0,3599,20.9,14.24,0.0,0.0,22.45,282.87,5.0,12,101060.0,9999999
58362,0,3600,21.0,14.51,0.0,0.0,22.45,287.24,5.0,9,100880.0,9999999
58362,0,3601,21.2,14.78,0.0,0.0,22.45,284.99,5.0,4,100880.0,9999999
58362,0,3602,21.4,15.06,0.0,0.0,22.45,285.18,3.0,6,100880.0,9999999
58362,0,3603,21.6,15.16,0.0,0.0,22.45,284.6,3.0,14,100880.0,9999999
58362,0,3604,21.7,15.16,0.0,0.0,22.45,286.12,3.0,2,100880.0,9999999
58362,0,3605,22.0,15.16,9.0,5.0,22.45,286.31,3.0,12,100880.0,9999999
58362,0,3606,22.5,15.25,214.0,106.0,22.45,283.25,3.0,12,100880.0,9999999
58362,0,3607,23.4,15.45,462.0,228.0,22.45,288.17,3.0,1,100880.0,9999999
58362,0,3608,24.6,15.74,731.0,361.0,22.45,293.72,2.0,11,100880.0,9999999
58362,0,3609,26.3,16.24,270.0,270.0,22.45,287.06,2.0,1,100880.0,9999999
58362,0,3610,28.0,16.65,328.0,328.0,22.45,292.49,2.0,12,100880.0,9999999
58362,0,3611,29.4,16.44,366.0,366.0,22.45,290.18,2.0,9,100880.0,9999999
58362,0,3612,30.0,15.54,377.0,377.0,22.45,296.3,2.0,6,100880.0,9999999
58362,0,3613,29.5,13.88,361.0,361.0,22.45,293.37,2.0,2,100880.0,9999999
58362,0,3614,28.5,12.38,318.0,318.0,22.45,293.89,4.0,10,100880.0,9999999
58362,0,3615,27.5,11.39,257.0,257.0,22.45,292.67,4.0,6,100880.0,9999999
58362,0,3616,26.7,11.02,678.0,335.0,22.45,294.59,4.0,2,100880.0,9999999
58362,0,3617,26.0,11.02,112.0,112.0,22.45,287.8,4.0,16,100880.0,9999999
58362,0,3618,25.5,11.39,46.0,46.0,22.45,289.27,4.0,15,100880.0,9999999
58362,0,3619,24.9,11.91,0.0,0.0,22.45,293.02,4.0,7,100880.0,9999999
58362,0,3620,24.4,12.62,0.0,0.0,22.45,291.25,2.0,8,100880.0,9999999
58362,0,3621,23.9,13.36,0.0,0.0,22.45,284.03,2.0,11,100880.0,9999999
58362,0,3622,23.4,14.06,0.0,0.0,22.45,289.45,2.0,8,100880.0,9999999
58362,0,3623,22.9,14.69,0.0,0.0,22.45,287.06,2.0,2,100880.0,9999999
58362,0,3624,22.5,15.06,0.0,0.0,26.04,286.12,2.0,10,100830.0,9999999
58362,0,3625,22.1,15.25,0.0,0.0,26.04,288.35,2.0,7,100830.0,9999999
58362,0,3626,21.7,15.16,0.0,0.0,26.04,283.84,1.0,12,100830.0,9999999
58362,0,3627,21.4,14.78,0.0,0.0,26.04,283.45,1.0,13,100830.0,9999999
58362,0,3628,21.3,14.33,0.0,0.0,26.04,290.18,1.0,2,100830.0,9999999
58362,0,3629,21.6,13.97,6.0,2.0,26.04,284.41,1.0,9,100830.0,9999999
58362,0,3630,22.4,13.97,228.0,42.0,26.04,286.5,1.0,15,100830.0,9999999
58362,0,3631,23.5,14.24,492.0,90.0,26.04,285.37,1.0,16,100830.0,9999999
58362,0,3632,24.7,14.69,433.0,119.0,26.04,286.5,1.0,11,100830.0,9999999
58362,0,3633,25.8,15.25,344.0,344.0,26.04,292.14,1.0,11,100830.0,9999999
58362,0,3634,26.8,16.04,419.0,419.0,26.04,287.62,1.0,10,100830.0,9999999
58362,0,3635,27.5,16.65,795.0,218.0,26.04,293.2,1.0,2,100830.0,9999999
58362,0,3636,27.7,17.06,481.0,481.0,26.04,291.79,1.0,2,100830.0,9999999
58362,0,3637,27.2,16.96,460.0,460.0,26.04,293.02,1.0,14,100830.0,9999999
58362,0,3638,26.2,16.24,691.0,190.0,26.04,289.45,6.0,4,100830.0,9999999
58362,0,3639,25.2,15.54,978.0,180.0,26.04,289.99,6.0,1,100830.0,9999999
58362,0,3640,24.2,15.06,402.0,111.0,26.04,291.61,6.0,13,100830.0,9999999
58362,0,3641,23.5,14.6,143.0,143.0,26.04,292.32,6.0,16,100830.0,9999999
58362,0,3642,22.8,14.33,101.0,28.0,26.04,288.9,6.0,3,100830.0,9999999
58362,0,3643,22.2,14.15,0.0,0.0,26.04,289.45,6.0,13,100830.0,9999999
58362,0,3644,21.8,14.15,0.0,0.0,26.04,287.8,3.0,5,100830.0,9999999
58362,0,3645,21.5,14.24,0.0,0.0,26.04,284.41,3.0,6,100830.0,9999999
58362,0,3646,21.3,14.33,0.0,0.0,26.04,286.68,3.0,3,100830.0,9999999
58362,0,3647,21.1,14.42,0.0,0.0,26.04,284.03,3.0,8,100830.0,9999999
58362,0,3648,20.7,14.24,0.0,0.0,26.04,287.99,3.0,12,101040.0,9999999
58362,0,3649,20.1,13.71,0.0,0.0,26.04,284.6,3.0,1,101040.0,9999999
58362,0,3650,19.2,12.86,0.0,0.0,26.04,287.62,1.0,5,101040.0,9999999
58362,0,3651,18.1,11.68,0.0,0.0,26.04,286.31,1.0,4,101040.0,9999999
58362,0,3652,17.5,10.88,0.0,0.0,26.04,277.25,1.0,2,101040.0,9999999
58362,0,3653,18.1,10.74,8.0,0.0,26.04,277.86,1.0,11,101040.0,9999999
58362,0,3654,19.5,11.02,159.0,4.0,26.04,284.79,1.0,7,101040.0,9999999
58362,0,3655,21.4,11.53,341.0,9.0,26.04,284.22,1.0,3,101040.0,9999999
58362,0,3656,23.3,11.99,538.0,15.0,26.04,283.25,3.0,7,101040.0,9999999
58362,0,3657,24.8,12.07,728.0,20.0,26.04,288.72,3.0,4,101040.0,9999999
58362,0,3658,26.0,11.76,884.0,24.0,26.04,291.25,3.0,1,101040.0,9999999
58362,0,3659,26.7,11.31,986.0,27.0,26.04,289.27,3.0,6,101040.0,9999999
58362,0,3660,27.2,10.67,1016.0,27.0,26.04,293.2,3.0,12,101040.0,9999999
58362,0,3661,27.3,10.19,971.0,26.0,26.04,291.25,3.0,12,101040.0,9999999
58362,0,3662,26.8,9.61,858.0,23.0,26.04,292.49,4.0,5,101040.0,9999999
58362,0,3663,26.0,9.17,692.0,19.0,26.04,287.06,4.0,2,101040.0,9999999
58362,0,3664,25.0,9.05,499.0,13.0,26.04,287.43,4.0,10,101040.0,9999999
58362,0,3665,24.1,9.05,303.0,8.0,26.04,289.63,4.0,8,101040.0,9999999
58362,0,3666,23.2,9.23,127.0,3.0,26.04,288.9,4.0,14,101040.0,9999999
58362,0,3667,22.4,9.54,0.0,0.0,26.04,283.84,4.0,1,101040.0,9999999
58362,0,3668,21.8,9.93,0.0,0.0,26.04,282.48,3.0,7,101040.0,9999999
58362,0,3669,21.4,10.4,0.0,0.0,26.04,289.09,3.0,13,101040.0,9999999
58362,0,3670,21.2,10.88,0.0,0.0,26.04,283.06,3.0,9,101040.0,9999999
58362,0,3671,21.0,11.39,0.0,0.0,26.04,284.41,3.0,14,101040.0,9999999
58362,0,3672,20.8,11.68,0.0,0.0,26.04,283.64,3.0,8,100950.0,9999999
58362,0,3673,20.4,11.76,0.0,0.0,26.04,280.3,3.0,15,100950.0,9999999
58362,0,3674,19.7,11.53,0.0,0.0,26.04,283.06,2.0,9,100950.0,9999999
58362,0,3675,18.8,10.95,0.0,0.0,26.04,282.67,2.0,8,100950.0,9999999
58362,0,3676,18.3,10.6,0.0,0.0,26.04,279.29,2.0,16,100950.0,9999999
58362,0,3677,18.8,10.67,9.0,0.0,26.04,281.49,2.0,10,100950.0,9999999
58362,0,3678,19.9,11.09,156.0,6.0,26.04,283.84,2.0,9,100950.0,9999999
58362,0,3679,21.5,11.53,334.0,12.0,26.04,282.67,2.0,7,100950.0,9999999
58362,0,3680,23.1,11.68,526.0,19.0,26.04,285.93,3.0,8,100950.0,9999999
58362,0,3681,24.5,11.24,711.0,26.0,26.04,290.89,3.0,10,100950.0,9999999
58362,0,3682,25.8,10.4,865.0,31.0,26.04,289.27,3.0,2,100950.0,9999999
58362,0,3683,26.9,9.29,964.0,35.0,26.04,290.54,3.0,16,100950.0,9999999
58362,0,3684,27.9,8.24,993.0,36.0,26.04,290.36,3.0,7,100950.0,9999999
58362,0,3685,28.8,7.54,949.0,35.0,26.04,290.36,3.0,13,100950.0,9999999
58362,0,3686,29.7,7.65,838.0,30.0,26.04,293.37,5.0,8,100950.0,9999999
58362,0,3687,30.3,8.64,677.0,25.0,26.04,291.07,5.0,2,100950.0,9999999
58362,0,3688,29.8,9.93,489.0,18.0,26.04,291.07,5.0,12,100950.0,9999999
58362,0,3689,28.6,11.24,297.0,11.0,26.04,293.72,5.0,10,100950.0,9999999
58362,0,3690,27.0,12.22,125.0,5.0,26.04,290.36,5.0,13,100950.0,9999999
58362,0,3691,25.4,12.86,0.0,0.0,26.04,286.68,5.0,16,100950.0,9999999
58362,0,3692,23.9,13.19,0.0,0.0,26.04,288.17,5.0,8,100950.0,9999999
58362,0,3693,22.9,13.45,0.0,0.0,26.04,291.43,5.0,4,100950.0,9999999
58362,0,3694,22.4,13.62,0.0,0.0,26.04,284.99,5.0,6,100950.0,9999999
58362,0,3695,22.2,13.79,0.0,0.0,26.04,290.89,5.0,5,100950.0,9999999
58362,0,3696,22.1,13.88,0.0,0.0,26.04,290.89,5.0,14,100910.0,9999999
58362,0,3697,22.1,13.88,0.0,0.0,26.04,286.68,5.0,1,100910.0,9999999
58362,0,3698,22.1,13.71,0.0,0.0,26.04,289.27,5.0,9,100910.0,9999999
58362,0,3699,21.9,13.36,0.0,0.0,26.04,290.54,5.0,10,100910.0,9999999
58362,0,3700,21.8,13.11,0.0,0.0,26.04,286.87,5.0,5,100910.0,9999999
58362,0,3701,22.0,12.94,7.0,2.0,26.04,285.74,5.0,1,100910.0,9999999
58362,0,3702,22.5,13.11,70.0,70.0,26.04,282.67,5.0,13,100910.0,9999999
58362,0,3703,23.5,13.36,255.0,79.0,26.04,287.24,5.0,1,100910.0,9999999
58362,0,3704,24.7,13.88,505.0,106.0,26.04,284.99,5.0,9,100910.0,9999999
58362,0,3705,26.2,14.42,543.0,168.0,26.04,294.93,5.0,2,100910.0,9999999
58362,0,3706,27.7,14.78,829.0,174.0,26.04,290.54,5.0,7,100910.0,9999999
58362,0,3707,28.8,14.88,924.0,194.0,26.04,294.93,5.0,3,100910.0,9999999
58362,0,3708,29.3,14.51,758.0,234.0,26.04,296.46,5.0,5,100910.0,9999999
58362,0,3709,28.9,13.53,426.0,426.0,26.04,292.49,5.0,1,100910.0,9999999
58362,0,3710,27.9,12.62,376.0,376.0,26.04,290.18,5.0,8,100910.0,9999999
58362,0,3711,27.0,12.22,304.0,304.0,26.04,295.1,5.0,4,100910.0,9999999
58362,0,3712,26.2,12.14,373.0,115.0,26.04,290.72,5.0,15,100910.0,9999999
58362,0,3713,25.5,12.3,227.0,70.0,26.04,285.37,5.0,12,100910.0,9999999
58362,0,3714,25.0,12.7,120.0,25.0,26.04,293.37,5.0,15,100910.0,9999999
58362,0,3715,24.5,13.11,0.0,0.0,26.04,293.02,5.0,13,100910.0,9999999
58362,0,3716,24.1,13.53,0.0,0.0,26.04,292.67,5.0,7,100910.0,9999999
58362,0,3717,23.8,13.88,0.0,0.0,26.04,287.8,5.0,12,100910.0,9999999
58362,0,3718,23.5,14.15,0.0,0.0,26.04,284.03,5.0,5,100910.0,9999999
58362,0,3719,23.3,14.33,0.0,0.0,26.04,292.14,5.0,14,100910.0,9999999
58362,0,3720,23.0,14.33,0.0,0.0,26.04,285.74,5.0,3,101020.0,9999999
58362,0,3721,22.7,14.24,0.0,0.0,26.04,283.25,5.0,2,101020.0,9999999
58362,0,3722,22.2,13.97,0.0,0.0,26.04,290.89,3.0,7,101020.0,9999999
58362,0,3723,21.7,13.53,0.0,0.0,26.04,288.72,3.0,9,101020.0,9999999
58362,0,3724,21.4,13.36,0.0,0.0,26.04,285.37,3.0,13,101020.0,9999999
58362,0,3725,21.5,13.36,5.0,1.0,26.04,286.68,3.0,2,101020.0,9999999
58362,0,3726,21.9,13.62,130.0,21.0,26.04,290.54,3.0,11,101020.0,9999999
58362,0,3727,22.5,13.97,277.0,45.0,26.04,287.62,3.0,8,101020.0,9999999
58362,0,3728,23.3,14.6,436.0,71.0,26.04,285.18,3.0,7,101020.0,9999999
58362,0,3729,24.3,15.25,588.0,96.0,26.04,289.81,3.0,8,101020.0,9999999
58362,0,3730,25.4,16.04,715.0,117.0,26.04,289.81,3.0,6,101020.0,9999999
58362,0,3731,26.2,16.54,796.0,130.0,26.04,291.25,3.0,4,101020.0,9999999
58362,0,3732,26.5,16.65,821.0,134.0,26.04,294.24,3.0,15,101020.0,9999999
58362,0,3733,26.1,16.14,444.0,111.0,26.04,290.54,3.0,1,101020.0,9999999
58362,0,3734,25.3,15.35,693.0,113.0,26.04,285.93,6.0,6,101020.0,9999999
58362,0,3735,24.6,14.97,560.0,92.0,26.04,288.72,6.0,12,101020.0,9999999
58362,0,3736,24.1,14.78,405.0,66.0,26.04,286.12,6.0,3,101020.0,9999999
58362,0,3737,23.8,14.78,247.0,40.0,26.04,286.68,6.0,7,101020.0,9999999
58362,0,3738,23.5,14.88,59.0,15.0,26.04,284.22,6.0,11,101020.0,9999999
58362,0,3739,23.3,15.06,0.0,0.0,26.04,284.03,6.0,10,101020.0,9999999
58362,0,3740,23.1,15.25,0.0,0.0,26.04,286.87,6.0,6,101020.0,9999999
58362,0,3741,22.9,15.45,0.0,0.0,26.04,286.68,6.0,3,101020.0,9999999
58362,0,3742,22.7,15.45,0.0,0.0,26.04,288.17,6.0,4,101020.0,9999999
58362,0,3743,22.4,15.45,0.0,0.0,26.04,284.6,6.0,16,101020.0,9999999
58362,0,3744,22.2,15.35,0.0,0.0,26.04,285.37,6.0,11,101130.0,9999999
58362,0,3745,22.0,15.25,0.0,0.0,26.04,287.43,6.0,7,101130.0,9999999
58362,0,3746,21.8,15.16,0.0,0.0,26.04,289.27,2.0,7,101130.0,9999999
58362,0,3747,21.7,14.97,0.0,0.0,26.04,287.99,2.0,1,101130.0,9999999
58362,0,3748,21.6,14.78,0.0,0.0,26.04,287.8,2.0,9,101130.0,9999999
58362,0,3749,21.7,14.78,8.0,2.0,26.04,285.93,2.0,6,101130.0,9999999
58362,0,3750,22.0,14.78,135.0,26.0,26.04,284.03,2.0,10,101130.0,9999999
58362,0,3751,22.4,14.88,257.0,74.0,26.04,284.41,2.0,8,101130.0,9999999
58362,0,3752,23.1,15.06,404.0,116.0,26.04,289.45,5.0,5,101130.0,9999999
58362,0,3753,23.9,15.35,320.0,320.0,26.04,291.43,5.0,5,101130.0,9999999
58362,0,3754,24.8,15.64,662.0,190.0,26.04,290.36,5.0,6,101130.0,9999999
58362,0,3755,25.4,15.64,433.0,433.0,26.04,290.36,5.0,1,101130.0,9999999
58362,0,3756,25.7,15.35,760.0,218.0,26.04,289.99,5.0,7,101130.0,9999999
58362,0,3757,25.4,14.69,810.0,157.0,26.04,285.93,5.0,2,101130.0,9999999
58362,0,3758,24.8,13.88,716.0,138.0,26.04,289.27,6.0,6,101130.0,9999999
58362,0,3759,24.2,13.45,579.0,112.0,26.04,288.54,6.0,1,101130.0,9999999
58362,0,3760,23.7,13.19,418.0,81.0,26.04,287.99,6.0,6,101130.0,9999999
58362,0,3761,23.3,13.11,255.0,49.0,26.04,291.79,6.0,3,101130.0,9999999
58362,0,3762,22.9,13.28,108.0,21.0,26.04,286.68,6.0,1,101130.0,9999999
58362,0,3763,22.6,13.45,0.0,0.0,26.04,286.5,6.0,12,101130.0,9999999
58362,0,3764,22.4,13.79,0.0,0.0,26.04,287.62,6.0,6,101130.0,9999999
58362,0,3765,22.2,14.06,0.0,0.0,26.04,286.31,6.0,7,101130.0,9999999
58362,0,3766,22.1,14.42,0.0,0.0,26.04,286.87,6.0,12,101130.0,9999999
58362,0,3767,22.1,14.78,0.0,0.0,26.04,286.31,6.0,7,101130.0,9999999
58362,0,3768,22.0,15.06,0.0,0.0,26.04,285.74,6.0,16,101000.0,9999999
58362,0,3769,22.0,15.25,0.0,0.0,26.04,286.31,6.0,4,101000.0,9999999
58362,0,3770,21.9,15.35,0.0,0.0,26.04,290.89,3.0,7,101000.0,9999999
58362,0,3771,21.8,15.35,0.0,0.0,26.04,284.99,3.0,3,101000.0,9999999
58362,0,3772,21.8,15.35,0.0,0.0,26.04,287.43,3.0,14,101000.0,9999999
58362,0,3773,21.9,15.35,4.0,4.0,26.04,286.31,3.0,11,101000.0,9999999
58362,0,3774,22.2,15.54,49.0,49.0,26.04,283.06,3.0,4,101000.0,9999999
58362,0,3775,22.8,15.94,103.0,103.0,26.04,288.35,3.0,16,101000.0,9999999
58362,0,3776,23.6,16.54,162.0,162.0,26.04,292.85,3.0,6,101000.0,9999999
58362,0,3777,24.7,17.38,219.0,219.0,26.04,291.43,3.0,16,101000.0,9999999
58362,0,3778,25.6,18.26,266.0,266.0,26.04,290.54,3.0,11,101000.0,9999999
58362,0,3779,26.0,18.49,297.0,297.0,26.04,288.72,3.0,12,101000.0,9999999
58362,0,3780,25.8,18.26,306.0,306.0,26.04,290.18,3.0,11,101000.0,9999999
58362,0,3781,25.4,17.71,292.0,292.0,26.04,294.93,3.0,7,101000.0,9999999
58362,0,3782,24.9,17.28,258.0,258.0,26.04,292.85,5.0,5,101000.0,9999999
58362,0,3783,24.5,16.96,209.0,209.0,26.04,291.07,5.0,11,101000.0,9999999
58362,0,3784,24.1,16.96,151.0,151.0,26.04,286.5,5.0,5,101000.0,9999999
58362,0,3785,23.9,16.96,92.0,92.0,26.04,287.24,5.0,12,101000.0,9999999
58362,0,3786,23.7,17.06,39.0,39.0,26.04,286.12,5.0,14,101000.0,9999999
58362,0,3787,23.6,17.17,0.0,0.0,26.04,286.12,5.0,9,101000.0,9999999
58362,0,3788,23.5,17.38,0.0,0.0,26.04,289.45,5.0,6,101000.0,9999999
58362,0,3789,23.5,17.49,0.0,0.0,26.04,285.93,5.0,15,101000.0,9999999
58362,0,3790,23.5,17.6,0.0,0.0,26.04,286.12,5.0,3,101000.0,9999999
58362,0,3791,23.5,17.6,0.0,0.0,26.04,284.79,5.0,12,101000.0,9999999
58362,0,3792,23.6,17.6,0.0,0.0,26.04,284.79,5.0,11,100620.0,9999999
58362,0,3793,23.6,17.49,0.0,0.0,26.04,288.9,5.0,6,100620.0,9999999
58362,0,3794,23.7,17.38,0.0,0.0,26.04,289.09,4.0,8,100620.0,9999999
58362,0,3795,23.8,17.17,0.0,0.0,26.04,286.31,4.0,8,100620.0,9999999
58362,0,3796,23.9,17.06,0.0,0.0,26.04,290.54,4.0,16,100620.0,9999999
58362,0,3797,24.1,16.96,3.0,3.0,26.04,287.43,4.0,12,100620.0,9999999
58362,0,3798,24.4,17.17,41.0,41.0,26.04,285.55,4.0,10,100620.0,9999999
58362,0,3799,25.0,17.6,88.0,88.0,26.04,289.81,4.0,12,100620.0,9999999
58362,0,3800,25.8,18.49,138.0,138.0,26.04,290.18,5.0,11,100620.0,9999999
58362,0,3801,26.9,19.78,186.0,186.0,26.04,288.35,5.0,11,100620.0,9999999
58362,0,3802,27.8,21.16,225.0,225.0,26.04,292.49,5.0,9,100620.0,9999999
58362,0,3803,28.1,21.95,251.0,251.0,26.04,292.32,5.0,11,100620.0,9999999
58362,0,3804,27.6,21.55,259.0,259.0,26.04,293.55,5.0,8,100620.0,9999999
58362,0,3805,26.5,20.52,247.0,247.0,26.04,294.93,5.0,1,100620.0,9999999
58362,0,3806,25.3,19.19,219.0,219.0,26.04,292.32,3.0,13,100620.0,9999999
58362,0,3807,24.4,18.15,177.0,177.0,26.04,289.81,3.0,15,100620.0,9999999
58362,0,3808,23.8,17.38,128.0,128.0,26.04,291.61,3.0,3,100620.0,9999999
58362,0,3809,23.4,16.85,78.0,78.0,26.04,291.25,3.0,12,100620.0,9999999
58362,0,3810,23.2,16.44,33.0,33.0,26.04,286.5,3.0,9,100620.0,9999999
58362,0,3811,23.2,16.34,0.0,0.0,26.04,290.89,3.0,9,100620.0,9999999
58362,0,3812,23.3,16.44,0.0,0.0,26.04,284.22,3.0,13,100620.0,9999999
58362,0,3813,23.4,16.54,0.0,0.0,26.04,287.99,3.0,3,100620.0,9999999
58362,0,3814,23.1,16.34,0.0,0.0,26.04,287.06,3.0,4,100620.0,9999999
58362,0,3815,22.4,15.84,0.0,0.0,26.04,291.61,3.0,6,100620.0,9999999
58362,0,3816,21.5,15.35,0.0,0.0,26.04,289.09,3.0,8,100850.0,9999999
58362,0,3817,20.9,14.88,0.0,0.0,26.04,288.35,3.0,16,100850.0,9999999
58362,0,3818,20.6,14.78,0.0,0.0,26.04,289.63,2.0,1,100850.0,9999999
58362,0,3819,20.5,14.88,0.0,0.0,26.04,289.45,2.0,10,100850.0,9999999
58362,0,3820,20.3,14.78,0.0,0.0,26.04,284.6,2.0,1,100850.0,9999999
58362,0,3821,20.0,14.6,0.0,0.0,26.04,280.7,2.0,11,100850.0,9999999
58362,0,3822,19.8,14.33,2.0,2.0,26.04,285.93,2.0,11,100850.0,9999999
58362,0,3823,19.6,14.15,4.0,4.0,26.04,284.22,2.0,4,100850.0,9999999
58362,0,3824,19.5,13.97,7.0,7.0,26.04,286.68,3.0,2,100850.0,9999999
58362,0,3825,19.4,13.79,9.0,9.0,26.04,282.28,3.0,14,100850.0,9999999
58362,0,3826,19.4,13.62,11.0,11.0,26.04,287.99,3.0,11,100850.0,9999999
58362,0,3827,19.5,13.62,13.0,13.0,26.04,284.03,3.0,10,100850.0,9999999
58362,0,3828,19.6,13.62,13.0,13.0,26.04,281.49,3.0,11,100850.0,9999999
58362,0,3829,19.8,13.62,13.0,13.0,26.04,283.25,3.0,6,100850.0,9999999
58362,0,3830,19.9,13.62,11.0,11.0,26.04,283.84,4.0,4,100850.0,9999999
58362,0,3831,19.9,13.45,9.0,9.0,26.04,284.99,4.0,5,100850.0,9999999
58362,0,3832,19.8,13.36,7.0,7.0,26.04,281.49,4.0,14,100850.0,9999999
58362,0,3833,19.7,13.28,4.0,4.0,26.04,288.35,4.0,13,100850.0,9999999
58362,0,3834,19.7,13.19,2.0,2.0,26.04,284.79,4.0,5,100850.0,9999999
58362,0,3835,19.7,13.11,0.0,0.0,26.04,284.79,4.0,10,100850.0,9999999
58362,0,3836,19.8,13.19,0.0,0.0,26.04,283.64,2.0,5,100850.0,9999999
58362,0,3837,20.1,13.36,0.0,0.0,26.04,281.89,2.0,7,100850.0,9999999
58362,0,3838,20.4,13.62,0.0,0.0,26.04,286.31,2.0,15,100850.0,9999999
58362,0,3839,20.5,13.71,0.0,0.0,26.04,286.5,2.0,2,100850.0,9999999
58362,0,3840,20.5,13.71,0.0,0.0,26.04,285.74,2.0,10,100900.0,9999999
58362,0,3841,20.1,13.45,0.0,0.0,26.04,283.45,2.0,7,100900.0,9999999
58362,0,3842,19.2,12.86,0.0,0.0,26.04,281.69,0.0,0,100900.0,9999999
58362,0,3843,17.9,11.99,0.0,0.0,26.04,284.6,0.0,2,100900.0,9999999
58362,0,3844,17.2,11.68,0.0,0.0,26.04,278.48,0.0,1,100900.0,9999999
58362,0,3845,17.3,11.83,5.0,4.0,26.04,278.68,0.0,14,100900.0,9999999
58362,0,3846,17.5,12.14,63.0,46.0,26.04,281.69,0.0,1,100900.0,9999999
58362,0,3847,17.8,12.38,133.0,96.0,26.04,280.9,0.0,2,100900.0,9999999
58362,0,3848,18.1,12.54,104.0,104.0,26.04,281.29,0.0,0,100900.0,9999999
58362,0,3849,18.5,12.54,280.0,204.0,26.04,280.1,0.0,10,100900.0,9999999
58362,0,3850,19.0,12.54,340.0,247.0,26.04,287.43,0.0,3,100900.0,9999999
58362,0,3851,19.5,12.46,189.0,189.0,26.04,283.25,0.0,4,100900.0,9999999
58362,0,3852,20.1,12.46,391.0,284.0,26.04,284.99,0.0,0,100900.0,9999999
58362,0,3853,20.8,12.54,373.0,271.0,26.04,284.99,0.0,12,100900.0,9999999
58362,0,3854,21.6,12.94,330.0,240.0,26.04,285.93,3.0,6,100900.0,9999999
58362,0,3855,22.2,13.36,133.0,133.0,26.04,287.24,3.0,3,100900.0,9999999
58362,0,3856,22.1,13.45,96.0,96.0,26.04,289.09,3.0,15,100900.0,9999999
58362,0,3857,21.8,13.45,118.0,86.0,26.04,282.08,3.0,3,100900.0,9999999
58362,0,3858,21.3,13.36,51.0,37.0,26.04,289.81,3.0,3,100900.0,9999999
58362,0,3859,20.8,13.19,0.0,0.0,26.04,285.93,3.0,13,100900.0,9999999
58362,0,3860,20.3,13.03,0.0,0.0,26.04,281.89,3.0,7,100900.0,9999999
58362,0,3861,19.9,12.78,0.0,0.0,26.04,284.79,3.0,8,100900.0,9999999
58362,0,3862,19.8,12.7,0.0,0.0,26.04,284.79,3.0,1,100900.0,9999999
58362,0,3863,20.0,12.78,0.0,0.0,26.04,283.84,3.0,12,100900.0,9999999
58362,0,3864,20.3,12.94,0.0,0.0,26.04,288.72,3.0,8,100700.0,9999999
58362,0,3865,20.7,13.19,0.0,0.0,26.04,282.48,3.0,9,100700.0,9999999
58362,0,3866,21.1,13.53,0.0,0.0,26.04,286.12,3.0,6,100700.0,9999999
58362,0,3867,21.4,13.79,0.0,0.0,26.04,285.37,3.0,11,100700.0,9999999
58362,0,3868,21.5,14.06,0.0,0.0,26.04,285.55,3.0,2,100700.0,9999999
58362,0,3869,21.6,14.24,9.0,5.0,26.04,288.9,3.0,9,100700.0,9999999
58362,0,3870,21.7,14.33,48.0,48.0,26.04,284.6,3.0,16,100700.0,9999999
58362,0,3871,21.7,14.33,102.0,102.0,26.04,287.06,3.0,5,100700.0,9999999
58362,0,3872,21.8,14.24,159.0,159.0,26.04,290.54,3.0,4,100700.0,9999999
58362,0,3873,21.9,14.06,469.0,268.0,26.04,290.72,3.0,5,100700.0,9999999
58362,0,3874,22.1,13.79,569.0,326.0,26.04,285.55,3.0,7,100700.0,9999999
58362,0,3875,22.4,13.62,290.0,290.0,26.04,284.03,3.0,16,100700.0,9999999
58362,0,3876,22.8,13.53,653.0,374.0,26.04,287.24,3.0,9,100700.0,9999999
58362,0,3877,23.4,13.71,286.0,286.0,26.04,284.99,3.0,3,100700.0,9999999
58362,0,3878,24.1,14.15,252.0,252.0,26.04,287.62,4.0,4,100700.0,9999999
58362,0,3879,24.7,14.69,447.0,256.0,26.04,289.99,4.0,5,100700.0,9999999
58362,0,3880,24.5,14.78,323.0,185.0,26.04,289.27,4.0,16,100700.0,9999999
58362,0,3881,24.0,14.69,198.0,114.0,26.04,284.6,4.0,4,100700.0,9999999
58362,0,3882,23.4,14.6,85.0,49.0,26.04,284.03,4.0,14,100700.0,9999999
58362,0,3883,22.7,14.51,0.0,0.0,26.04,283.25,4.0,2,100700.0,9999999
58362,0,3884,22.1,14.42,0.0,0.0,26.04,284.99,2.0,6,100700.0,9999999
58362,0,3885,21.6,14.33,0.0,0.0,26.04,287.8,2.0,1,100700.0,9999999
58362,0,3886,21.4,14.42,0.0,0.0,26.04,284.22,2.0,10,100700.0,9999999
58362,0,3887,21.2,14.51,0.0,0.0,26.04,281.89,2.0,10,100700.0,9999999
58362,0,3888,21.1,14.6,0.0,0.0,26.04,283.06,2.0,7,100550.0,9999999
58362,0,3889,21.0,14.69,0.0,0.0,26.04,288.35,2.0,8,100550.0,9999999
58362,0,3890,21.0,14.69,0.0,0.0,26.04,287.24,2.0,6,100550.0,9999999
58362,0,3891,20.9,14.69,0.0,0.0,26.04,282.87,2.0,14,100550.0,9999999
58362,0,3892,20.9,14.6,0.0,0.0,26.04,281.49,2.0,4,100550.0,9999999
58362,0,3893,21.0,14.69,0.0,0.0,26.04,289.81,2.0,10,100550.0,9999999
58362,0,3894,21.2,14.78,3.0,3.0,26.04,290.18,2.0,10,100550.0,9999999
58362,0,3895,21.5,15.06,6.0,6.0,26.04,284.6,2.0,9,100550.0,9999999
58362,0,3896,21.9,15.35,9.0,9.0,26.04,282.67,2.0,9,100550.0,9999999
58362,0,3897,22.2,15.74,13.0,13.0,26.04,291.43,2.0,1,100550.0,9999999
58362,0,3898,22.5,16.04,15.0,15.0,26.04,287.06,2.0,7,100550.0,9999999
58362,0,3899,22.6,16.24,17.0,17.0,26.04,283.64,2.0,12,100550.0,9999999
58362,0,3900,22.5,16.34,18.0,18.0,26.04,285.74,2.0,16,100550.0,9999999
58362,0,3901,22.3,16.24,17.0,17.0,26.04,286.87,2.0,9,100550.0,9999999
58362,0,3902,22.1,16.14,15.0,15.0,26.04,288.72,3.0,4,100550.0,9999999
58362,0,3903,21.9,16.04,12.0,12.0,26.04,285.18,3.0,9,100550.0,9999999
58362,0,3904,21.8,15.94,9.0,9.0,26.04,285.74,3.0,5,100550.0,9999999
58362,0,3905,21.8,15.94,5.0,5.0,26.04,289.45,3.0,2,100550.0,9999999
58362,0,3906,21.7,16.04,2.0,2.0,26.04,286.31,3.0,13,100550.0,9999999
58362,0,3907,21.8,16.04,0.0,0.0,26.04,284.03,3.0,7,100550.0,9999999
58362,0,3908,21.8,16.14,0.0,0.0,26.04,282.87,2.0,7,100550.0,9999999
58362,0,3909,21.9,16.24,0.0,0.0,26.04,285.93,2.0,4,100550.0,9999999
58362,0,3910,22.0,16.34,0.0,0.0,26.04,289.63,2.0,5,100550.0,9999999
58362,0,3911,22.0,16.44,0.0,0.0,26.04,286.68,2.0,12,100550.0,9999999
58362,0,3912,22.1,16.54,0.0,0.0,26.04,288.72,2.0,13,100460.0,9999999
58362,0,3913,22.0,16.54,0.0,0.0,26.04,286.12,2.0,7,100460.0,9999999
58362,0,3914,21.9,16.44,0.0,0.0,26.04,291.25,5.0,5,100460.0,9999999
58362,0,3915,21.7,16.24,0.0,0.0,26.04,284.99,5.0,14,100460.0,9999999
58362,0,3916,21.6,16.14,0.0,0.0,26.04,288.17,5.0,2,100460.0,9999999
58362,0,3917,21.6,16.14,3.0,3.0,26.04,286.68,5.0,8,100460.0,9999999
58362,0,3918,21.6,16.04,38.0,38.0,26.04,285.55,5.0,3,100460.0,9999999
58362,0,3919,21.6,15.94,80.0,80.0,26.04,284.03,5.0,10,100460.0,9999999
58362,0,3920,21.7,15.84,125.0,125.0,26.04,289.27,3.0,4,100460.0,9999999
58362,0,3921,21.8,15.74,169.0,169.0,26.04,289.45,3.0,6,100460.0,9999999
58362,0,3922,22.0,15.54,205.0,205.0,26.04,287.62,3.0,2,100460.0,9999999
58362,0,3923,22.2,15.45,228.0,228.0,26.04,283.06,3.0,11,100460.0,9999999
58362,0,3924,22.5,15.35,235.0,235.0,26.04,284.6,3.0,5,100460.0,9999999
58362,0,3925,22.9,15.45,225.0,225.0,26.04,283.64,3.0,3,100460.0,9999999
58362,0,3926,23.4,15.54,199.0,199.0,26.04,286.5,3.0,3,100460.0,9999999
58362,0,3927,23.9,15.84,161.0,161.0,26.04,289.63,3.0,4,100460.0,9999999
58362,0,3928,24.2,15.94,117.0,117.0,26.04,293.37,3.0,7,100460.0,9999999
58362,0,3929,24.0,15.64,72.0,72.0,26.04,288.35,3.0,4,100460.0,9999999
58362,0,3930,23.4,15.06,31.0,31.0,26.04,289.63,3.0,12,100460.0,9999999
58362,0,3931,22.7,14.6,0.0,0.0,26.04,287.99,3.0,6,100460.0,9999999
58362,0,3932,22.0,14.15,0.0,0.0,26.04,282.48,3.0,2,100460.0,9999999
58362,0,3933,21.5,13.88,0.0,0.0,26.04,284.22,3.0,7,100460.0,9999999
58362,0,3934,21.1,13.88,0.0,0.0,26.04,283.84,3.0,16,100460.0,9999999
58362,0,3935,20.8,13.97,0.0,0.0,26.04,283.64,3.0,10,100460.0,9999999
58362,0,3936,20.5,14.06,0.0,0.0,26.04,284.6,3.0,4,100660.0,9999999
58362,0,3937,20.3,14.06,0.0,0.0,26.04,284.41,3.0,16,100660.0,9999999
58362,0,3938,20.0,13.97,0.0,0.0,26.04,288.72,0.0,0,100660.0,9999999
58362,0,3939,19.7,13.71,0.0,0.0,26.04,286.87,0.0,0,100660.0,9999999
58362,0,3940,19.5,13.53,0.0,0.0,26.04,288.17,0.0,13,100660.0,9999999
58362,0,3941,19.7,13.53,7.0,2.0,26.04,284.22,0.0,6,100660.0,9999999
58362,0,3942,20.3,13.88,130.0,18.0,26.04,280.9,0.0,16,100660.0,9999999
58362,0,3943,21.1,14.24,272.0,39.0,26.04,288.35,0.0,12,100660.0,9999999
58362,0,3944,21.8,14.42,426.0,61.0,26.04,289.09,2.0,4,100660.0,9999999
58362,0,3945,22.3,14.51,574.0,82.0,26.04,289.63,2.0,11,100660.0,9999999
58362,0,3946,22.7,14.33,696.0,99.0,26.04,283.25,2.0,3,100660.0,9999999
58362,0,3947,23.1,14.15,775.0,110.0,26.04,287.62,2.0,6,100660.0,9999999
58362,0,3948,23.5,14.15,799.0,113.0,26.04,287.62,2.0,11,100660.0,9999999
58362,0,3949,24.1,14.33,764.0,108.0,26.04,290.18,2.0,7,100660.0,9999999
58362,0,3950,24.9,14.88,675.0,96.0,26.04,285.37,5.0,6,100660.0,9999999
58362,0,3951,25.6,15.45,547.0,78.0,26.04,286.31,5.0,8,100660.0,9999999
58362,0,3952,25.4,15.45,396.0,56.0,26.04,292.85,5.0,13,100660.0,9999999
58362,0,3953,24.8,15.16,243.0,35.0,26.04,293.72,5.0,7,100660.0,9999999
58362,0,3954,24.0,14.78,61.0,14.0,26.04,288.17,5.0,8,100660.0,9999999
58362,0,3955,23.1,14.42,0.0,0.0,26.04,283.64,5.0,1,100660.0,9999999
58362,0,3956,22.3,14.24,0.0,0.0,26.04,282.87,3.0,6,100660.0,9999999
58362,0,3957,21.7,14.15,0.0,0.0,26.04,288.9,3.0,12,100660.0,9999999
58362,0,3958,21.4,14.24,0.0,0.0,26.04,284.99,3.0,14,100660.0,9999999
58362,0,3959,21.1,14.33,0.0,0.0,26.04,283.06,3.0,6,100660.0,9999999
58362,0,3960,21.0,14.51,0.0,0.0,26.04,285.18,3.0,14,100700.0,9999999
58362,0,3961,21.0,14.6,0.0,0.0,26.04,282.87,3.0,6,100700.0,9999999
58362,0,3962,20.9,14.6,0.0,0.0,26.04,282.87,2.0,6,100700.0,9999999
58362,0,3963,20.8,14.51,0.0,0.0,26.04,285.55,2.0,7,100700.0,9999999
58362,0,3964,20.8,14.24,0.0,0.0,26.04,282.67,2.0,12,100700.0,9999999
58362,0,3965,21.0,14.06,13.0,1.0,26.04,284.41,2.0,7,100700.0,9999999
58362,0,3966,21.5,14.06,140.0,14.0,26.04,281.89,2.0,2,100700.0,9999999
58362,0,3967,22.1,14.15,293.0,29.0,26.04,289.45,2.0,2,100700.0,9999999
58362,0,3968,23.0,14.33,458.0,45.0,26.04,284.79,4.0,6,100700.0,9999999
58362,0,3969,23.9,14.42,617.0,61.0,26.04,286.68,4.0,4,100700.0,9999999
58362,0,3970,24.8,14.6,749.0,74.0,26.04,292.14,4.0,1,100700.0,9999999
58362,0,3971,25.6,14.6,833.0,82.0,26.04,289.63,4.0,2,100700.0,9999999
58362,0,3972,26.1,14.6,859.0,85.0,26.04,288.9,4.0,16,100700.0,9999999
58362,0,3973,26.3,14.42,821.0,81.0,26.04,289.09,4.0,7,100700.0,9999999
58362,0,3974,25.9,14.06,726.0,72.0,26.04,289.27,6.0,5,100700.0,9999999
58362,0,3975,25.3,13.71,588.0,58.0,26.04,289.09,6.0,2,100700.0,9999999
58362,0,3976,24.6,13.53,426.0,42.0,26.04,287.24,6.0,2,100700.0,9999999
58362,0,3977,23.9,13.53,262.0,26.0,26.04,287.24,6.0,2,100700.0,9999999
58362,0,3978,23.3,13.53,113.0,11.0,26.04,287.8,6.0,4,100700.0,9999999
58362,0,3979,22.8,13.62,0.0,0.0,26.04,286.12,6.0,1,100700.0,9999999
58362,0,3980,22.3,13.71,0.0,0.0,26.04,284.03,3.0,6,100700.0,9999999
58362,0,3981,22.0,13.71,0.0,0.0,26.04,289.09,3.0,4,100700.0,9999999
58362,0,3982,21.8,13.71,0.0,0.0,26.04,288.9,3.0,4,100700.0,9999999
58362,0,3983,21.6,13.62,0.0,0.0,26.04,284.22,3.0,11,100700.0,9999999
58362,0,3984,21.5,13.53,0.0,0.0,26.04,285.93,3.0,9,100700.0,9999999
58362,0,3985,21.4,13.28,0.0,0.0,26.04,284.6,3.0,9,100700.0,9999999
58362,0,3986,21.2,12.94,0.0,0.0,26.04,289.63,1.0,6,100700.0,9999999
58362,0,3987,21.0,12.54,0.0,0.0,26.04,282.48,1.0,8,100700.0,9999999
58362,0,3988,20.9,12.14,0.0,0.0,26.04,280.9,1.0,13,100700.0,9999999
58362,0,3989,21.2,12.07,7.0,4.0,26.04,286.68,1.0,5,100700.0,9999999
58362,0,3990,21.9,12.3,72.0,46.0,26.04,285.55,1.0,3,100700.0,9999999
58362,0,3991,22.9,12.62,151.0,96.0,26.04,288.54,1.0,9,100700.0,9999999
58362,0,3992,23.7,13.03,237.0,151.0,26.04,292.14,5.0,6,100700.0,9999999
58362,0,3993,24.3,13.28,319.0,203.0,26.04,285.74,5.0,11,100700.0,9999999
58362,0,3994,24.6,13.36,387.0,246.0,26.04,289.63,5.0,10,100700.0,9999999
58362,0,3995,24.7,13.45,431.0,274.0,26.04,287.24,5.0,4,100700.0,9999999
58362,0,3996,24.6,13.45,444.0,282.0,26.04,284.79,5.0,3,100700.0,9999999
58362,0,3997,24.3,13.36,230.0,230.0,26.04,284.41,5.0,10,100700.0,9999999
58362,0,3998,23.8,13.28,375.0,239.0,26.04,290.72,4.0,5,100700.0,9999999
58362,0,3999,23.2,13.19,304.0,193.0,26.04,283.45,4.0,14,100700.0,9999999
58362,0,4000,22.5,13.19,220.0,140.0,26.04,286.31,4.0,3,100700.0,9999999
58362,0,4001,21.8,13.19,135.0,86.0,26.04,290.36,4.0,9,100700.0,9999999
58362,0,4002,21.4,13.45,58.0,37.0,26.04,285.74,4.0,6,100700.0,9999999
58362,0,4003,21.2,13.79,0.0,0.0,26.04,289.81,4.0,4,100700.0,9999999
58362,0,4004,21.4,14.42,0.0,0.0,26.04,290.18,3.0,6,100700.0,9999999
58362,0,4005,22.0,15.35,0.0,0.0,26.04,289.45,3.0,3,100700.0,9999999
58362,0,4006,22.5,16.14,0.0,0.0,26.04,287.06,3.0,1,100700.0,9999999
58362,0,4007,22.5,16.34,0.0,0.0,26.04,284.79,3.0,8,100700.0,9999999
58362,0,4008,22.0,15.94,0.0,0.0,26.04,287.06,3.0,6,100270.0,9999999
58362,0,4009,21.5,15.45,0.0,0.0,26.04,290.72,3.0,4,100270.0,9999999
58362,0,4010,21.3,15.16,0.0,0.0,26.04,284.99,4.0,7,100270.0,9999999
58362,0,4011,21.3,14.97,0.0,0.0,26.04,284.41,4.0,6,100270.0,9999999
58362,0,4012,21.3,14.69,0.0,0.0,26.04,287.43,4.0,8,100270.0,9999999
58362,0,4013,21.2,14.42,1.0,1.0,26.04,287.43,4.0,9,100270.0,9999999
58362,0,4014,21.1,14.15,8.0,8.0,26.04,288.35,4.0,2,100270.0,9999999
58362,0,4015,21.0,13.88,16.0,16.0,26.04,284.99,4.0,4,100270.0,9999999
58362,0,4016,20.8,13.71,26.0,26.0,26.04,282.67,7.0,4,100270.0,9999999
58362,0,4017,20.5,13.62,35.0,35.0,26.04,280.9,7.0,1,100270.0,9999999
58362,0,4018,20.3,13.62,42.0,42.0,26.04,285.37,7.0,11,100270.0,9999999
58362,0,4019,20.0,13.62,47.0,47.0,26.04,280.5,7.0,2,100270.0,9999999
58362,0,4020,19.7,13.71,48.0,48.0,26.04,286.87,7.0,16,100270.0,9999999
58362,0,4021,19.6,13.88,46.0,46.0,26.04,283.06,7.0,3,100270.0,9999999
58362,0,4022,19.5,13.97,41.0,41.0,26.04,282.28,6.0,3,100270.0,9999999
58362,0,4023,19.2,13.79,33.0,33.0,26.04,283.84,6.0,14,100270.0,9999999
58362,0,4024,18.7,13.36,24.0,24.0,26.04,281.49,6.0,12,100270.0,9999999
58362,0,4025,18.5,13.11,15.0,15.0,26.04,287.06,6.0,4,100270.0,9999999
58362,0,4026,19.0,13.45,6.0,6.0,26.04,283.06,6.0,10,100270.0,9999999
58362,0,4027,19.8,14.06,0.0,0.0,26.04,282.67,6.0,11,100270.0,9999999
58362,0,4028,20.3,14.42,0.0,0.0,26.04,280.9,4.0,3,100270.0,9999999
58362,0,4029,20.1,14.15,0.0,0.0,26.04,283.64,4.0,4,100270.0,9999999
58362,0,4030,19.9,13.97,0.0,0.0,26.04,288.72,4.0,5,100270.0,9999999
58362,0,4031,20.1,14.06,0.0,0.0,26.04,285.37,4.0,1,100270.0,9999999
58362,0,4032,20.4,14.42,0.0,0.0,26.04,281.1,4.0,9,100470.0,9999999
58362,0,4033,20.9,14.78,0.0,0.0,26.04,289.81,4.0,16,100470.0,9999999
58362,0,4034,21.2,15.06,0.0,0.0,26.04,286.68,4.0,1,100470.0,9999999
58362,0,4035,21.3,15.06,0.0,0.0,26.04,285.55,4.0,8,100470.0,9999999
58362,0,4036,21.3,14.88,0.0,0.0,26.04,286.12,4.0,16,100470.0,9999999
58362,0,4037,21.1,14.6,16.0,8.0,26.04,287.43,4.0,11,100470.0,9999999
58362,0,4038,21.0,14.15,64.0,64.0,26.04,283.84,4.0,6,100470.0,9999999
58362,0,4039,21.1,13.79,134.0,134.0,26.04,286.31,4.0,8,100470.0,9999999
58362,0,4040,21.3,13.36,210.0,210.0,26.04,288.35,5.0,3,100470.0,9999999
58362,0,4041,21.8,12.94,283.0,283.0,26.04,290.36,5.0,6,100470.0,9999999
58362,0,4042,22.5,12.62,343.0,343.0,26.04,285.55,5.0,9,100470.0,9999999
58362,0,4043,23.4,12.3,1050.0,480.0,26.04,287.43,5.0,4,100470.0,9999999
58362,0,4044,24.3,12.07,393.0,393.0,26.04,285.55,5.0,14,100470.0,9999999
58362,0,4045,25.1,11.91,376.0,376.0,26.04,289.63,5.0,9,100470.0,9999999
58362,0,4046,25.7,11.91,916.0,418.0,26.04,290.18,5.0,3,100470.0,9999999
58362,0,4047,26.0,12.22,270.0,270.0,26.04,288.17,5.0,6,100470.0,9999999
58362,0,4048,25.9,12.46,195.0,195.0,26.04,285.74,5.0,11,100470.0,9999999
58362,0,4049,25.5,12.78,331.0,151.0,26.04,289.09,5.0,2,100470.0,9999999
58362,0,4050,24.9,13.19,143.0,65.0,26.04,288.72,5.0,8,100470.0,9999999
58362,0,4051,24.3,13.45,0.0,0.0,26.04,292.85,5.0,12,100470.0,9999999
58362,0,4052,23.7,13.62,0.0,0.0,26.04,287.06,4.0,13,100470.0,9999999
58362,0,4053,23.2,13.71,0.0,0.0,26.04,287.62,4.0,9,100470.0,9999999
58362,0,4054,22.8,13.62,0.0,0.0,26.04,287.99,4.0,3,100470.0,9999999
58362,0,4055,22.5,13.53,0.0,0.0,26.04,287.62,4.0,11,100470.0,9999999
58362,0,4056,22.2,13.45,0.0,0.0,26.04,286.68,4.0,5,100980.0,9999999
58362,0,4057,21.9,13.19,0.0,0.0,26.04,286.31,4.0,2,100980.0,9999999
58362,0,4058,21.6,12.94,0.0,0.0,26.04,284.03,3.0,13,100980.0,9999999
58362,0,4059,21.3,12.62,0.0,0.0,26.04,285.55,3.0,10,100980.0,9999999
58362,0,4060,21.1,12.46,0.0,0.0,26.04,285.37,3.0,9,100980.0,9999999
58362,0,4061,21.2,12.46,31.0,11.0,26.04,287.99,3.0,5,100980.0,9999999
58362,0,4062,21.6,12.62,77.0,77.0,26.04,289.99,3.0,9,100980.0,9999999
58362,0,4063,22.1,12.86,161.0,161.0,26.04,285.93,3.0,7,100980.0,9999999
58362,0,4064,22.9,13.11,809.0,278.0,26.04,283.06,2.0,2,100980.0,9999999
58362,0,4065,23.8,13.45,338.0,338.0,26.04,286.5,2.0,15,100980.0,9999999
58362,0,4066,24.8,13.79,410.0,410.0,26.04,291.96,2.0,4,100980.0,9999999
58362,0,4067,25.7,13.97,457.0,457.0,26.04,289.63,2.0,16,100980.0,9999999
58362,0,4068,26.4,13.97,471.0,471.0,26.04,290.89,2.0,3,100980.0,9999999
58362,0,4069,26.6,13.88,450.0,450.0,26.04,290.54,2.0,12,100980.0,9999999
58362,0,4070,25.8,13.11,398.0,398.0,26.04,288.17,4.0,3,100980.0,9999999
58362,0,4071,24.8,12.38,323.0,323.0,26.04,286.12,4.0,1,100980.0,9999999
58362,0,4072,23.9,12.07,234.0,234.0,26.04,290.54,4.0,7,100980.0,9999999
58362,0,4073,23.1,11.91,514.0,177.0,26.04,288.54,4.0,6,100980.0,9999999
58362,0,4074,22.6,11.99,62.0,62.0,26.04,284.79,4.0,12,100980.0,9999999
58362,0,4075,22.1,12.14,0.0,0.0,26.04,290.36,4.0,15,100980.0,9999999
58362,0,4076,21.7,12.38,0.0,0.0,26.04,284.79,4.0,4,100980.0,9999999
58362,0,4077,21.4,12.54,0.0,0.0,26.04,289.81,4.0,6,100980.0,9999999
58362,0,4078,21.1,12.7,0.0,0.0,26.04,289.45,4.0,12,100980.0,9999999
58362,0,4079,20.8,12.78,0.0,0.0,26.04,286.68,4.0,9,100980.0,9999999
58362,0,4080,20.6,12.78,0.0,0.0,26.04,280.9,4.0,13,101260.0,9999999
58362,0,4081,20.3,12.7,0.0,0.0,26.04,287.24,4.0,14,101260.0,9999999
58362,0,4082,20.0,12.46,0.0,0.0,26.04,283.06,3.0,3,101260.0,9999999
58362,0,4083,19.7,12.14,0.0,0.0,26.04,282.67,3.0,3,101260.0,9999999
58362,0,4084,19.5,11.83,0.0,0.0,26.04,279.49,3.0,4,101260.0,9999999
58362,0,4085,19.7,11.68,7.0,1.0,26.04,284.22,3.0,16,101260.0,9999999
58362,0,4086,20.1,11.76,134.0,16.0,26.04,280.1,3.0,3,101260.0,9999999
58362,0,4087,20.6,11.83,281.0,34.0,26.04,284.03,3.0,13,101260.0,9999999
58362,0,4088,21.1,11.91,439.0,53.0,26.04,284.6,4.0,4,101260.0,9999999
58362,0,4089,21.5,11.91,591.0,71.0,26.04,283.64,4.0,5,101260.0,9999999
58362,0,4090,21.8,11.91,717.0,86.0,26.04,287.24,4.0,16,101260.0,9999999
58362,0,4091,22.1,11.91,798.0,96.0,26.04,285.55,4.0,13,101260.0,9999999
58362,0,4092,22.4,12.07,823.0,99.0,26.04,287.06,4.0,13,101260.0,9999999
58362,0,4093,22.8,12.3,787.0,95.0,26.04,282.87,4.0,2,101260.0,9999999
58362,0,4094,23.4,12.78,696.0,84.0,26.04,285.74,3.0,5,101260.0,9999999
58362,0,4095,24.1,13.45,564.0,68.0,26.04,284.22,3.0,10,101260.0,9999999
58362,0,4096,24.4,13.97,409.0,49.0,26.04,288.35,3.0,9,101260.0,9999999
58362,0,4097,24.1,13.97,251.0,30.0,26.04,292.85,3.0,3,101260.0,9999999
58362,0,4098,23.3,13.71,109.0,13.0,26.04,287.8,3.0,1,101260.0,9999999
58362,0,4099,22.3,13.19,0.0,0.0,26.04,285.55,3.0,5,101260.0,9999999
58362,0,4100,21.4,12.78,0.0,0.0,26.04,289.81,4.0,6,101260.0,9999999
58362,0,4101,20.9,12.62,0.0,0.0,26.04,285.74,4.0,2,101260.0,9999999
58362,0,4102,20.6,12.7,0.0,0.0,26.04,282.08,4.0,6,101260.0,9999999
58362,0,4103,20.6,12.86,0.0,0.0,26.04,282.08,4.0,11,101260.0,9999999
58362,0,4104,20.7,13.11,0.0,0.0,26.04,285.18,4.0,2,100980.0,9999999
58362,0,4105,20.8,13.45,0.0,0.0,26.04,285.93,4.0,6,100980.0,9999999
58362,0,4106,20.9,13.62,0.0,0.0,26.04,286.87,2.0,7,100980.0,9999999
58362,0,4107,20.9,13.79,0.0,0.0,26.04,281.29,2.0,9,100980.0,9999999
58362,0,4108,20.8,13.88,0.0,0.0,26.04,282.67,2.0,12,100980.0,9999999
58362,0,4109,20.9,14.15,1.0,1.0,26.04,283.84,2.0,14,100980.0,9999999
58362,0,4110,21.1,14.51,11.0,11.0,26.04,281.69,2.0,12,100980.0,9999999
58362,0,4111,21.4,14.88,23.0,23.0,26.04,286.31,2.0,14,100980.0,9999999
58362,0,4112,21.7,15.16,36.0,36.0,26.04,284.79,4.0,5,100980.0,9999999
58362,0,4113,21.9,15.45,48.0,48.0,26.04,287.43,4.0,6,100980.0,9999999
58362,0,4114,22.0,15.54,58.0,58.0,26.04,289.63,4.0,7,100980.0,9999999
58362,0,4115,22.1,15.64,65.0,65.0,26.04,288.54,4.0,8,100980.0,9999999
58362,0,4116,22.2,15.74,67.0,67.0,26.04,283.06,4.0,8,100980.0,9999999
58362,0,4117,22.2,15.84,64.0,64.0,26.04,291.43,4.0,5,100980.0,9999999
58362,0,4118,22.3,15.94,57.0,57.0,26.04,287.99,3.0,7,100980.0,9999999
58362,0,4119,22.4,16.14,46.0,46.0,26.04,284.79,3.0,10,100980.0,9999999
58362,0,4120,22.5,16.44,33.0,33.0,26.04,286.5,3.0,2,100980.0,9999999
58362,0,4121,22.5,16.65,20.0,20.0,26.04,289.09,3.0,9,100980.0,9999999
58362,0,4122,22.5,16.85,9.0,9.0,26.04,284.99,3.0,9,100980.0,9999999
58362,0,4123,22.4,16.85,0.0,0.0,26.04,287.06,3.0,5,100980.0,9999999
58362,0,4124,22.3,16.85,0.0,0.0,26.04,291.61,2.0,6,100980.0,9999999
58362,0,4125,22.2,16.65,0.0,0.0,26.04,287.99,2.0,6,100980.0,9999999
58362,0,4126,22.1,16.54,0.0,0.0,26.04,287.24,2.0,12,100980.0,9999999
58362,0,4127,22.1,16.34,0.0,0.0,26.04,289.81,2.0,16,100980.0,9999999
58362,0,4128,22.2,16.34,0.0,0.0,26.04,287.43,2.0,16,100680.0,9999999
58362,0,4129,22.5,16.54,0.0,0.0,26.04,288.35,2.0,11,100680.0,9999999
58362,0,4130,22.8,16.85,0.0,0.0,26.04,289.45,3.0,12,100680.0,9999999
58362,0,4131,22.9,16.96,0.0,0.0,26.04,284.03,3.0,9,100680.0,9999999
58362,0,4132,22.9,17.06,0.0,0.0,26.04,284.03,3.0,7,100680.0,9999999
58362,0,4133,22.8,17.06,10.0,6.0,26.04,288.72,3.0,6,100680.0,9999999
58362,0,4134,22.8,16.96,109.0,61.0,26.04,292.14,3.0,10,100680.0,9999999
58362,0,4135,22.9,16.96,105.0,105.0,26.04,288.17,3.0,6,100680.0,9999999
58362,0,4136,23.2,16.85,164.0,164.0,26.04,285.55,3.0,11,100680.0,9999999
58362,0,4137,23.8,16.75,480.0,267.0,26.04,288.9,3.0,13,100680.0,9999999
58362,0,4138,24.6,16.75,582.0,324.0,26.04,291.25,3.0,11,100680.0,9999999
58362,0,4139,25.6,16.65,297.0,297.0,26.04,291.43,3.0,9,100680.0,9999999
58362,0,4140,26.7,16.65,668.0,372.0,26.04,288.9,3.0,2,100680.0,9999999
58362,0,4141,27.8,16.75,293.0,293.0,26.04,292.85,3.0,1,100680.0,9999999
58362,0,4142,28.8,17.17,565.0,315.0,26.04,292.14,3.0,13,100680.0,9999999
58362,0,4143,29.4,17.71,210.0,210.0,26.04,298.81,3.0,10,100680.0,9999999
58362,0,4144,29.3,17.82,332.0,185.0,26.04,295.1,3.0,5,100680.0,9999999
58362,0,4145,28.9,18.04,94.0,94.0,26.04,291.43,3.0,5,100680.0,9999999
58362,0,4146,28.4,18.38,88.0,49.0,26.04,289.63,3.0,9,100680.0,9999999
58362,0,4147,27.8,18.61,0.0,0.0,26.04,291.43,3.0,11,100680.0,9999999
58362,0,4148,27.3,18.84,0.0,0.0,26.04,291.61,1.0,11,100680.0,9999999
58362,0,4149,26.8,18.95,0.0,0.0,26.04,294.93,1.0,8,100680.0,9999999
58362,0,4150,26.4,18.95,0.0,0.0,26.04,290.18,1.0,6,100680.0,9999999
58362,0,4151,26.1,18.95,0.0,0.0,26.04,293.2,1.0,2,100680.0,9999999
58362,0,4152,25.7,18.95,0.0,0.0,26.04,291.96,1.0,1,100780.0,9999999
58362,0,4153,25.4,18.84,0.0,0.0,26.04,290.89,1.0,9,100780.0,9999999
58362,0,4154,25.0,18.61,0.0,0.0,26.04,287.8,2.0,12,100780.0,9999999
58362,0,4155,24.6,18.38,0.0,0.0,26.04,288.9,2.0,3,100780.0,9999999
58362,0,4156,24.4,18.38,0.0,0.0,26.04,294.07,2.0,9,100780.0,9999999
58362,0,4157,24.5,18.49,3.0,3.0,26.04,288.9,2.0,9,100780.0,9999999
58362,0,4158,24.6,18.84,32.0,32.0,26.04,290.18,2.0,2,100780.0,9999999
58362,0,4159,24.9,19.07,67.0,67.0,26.04,288.72,2.0,8,100780.0,9999999
58362,0,4160,25.1,19.19,105.0,105.0,26.04,294.93,3.0,11,100780.0,9999999
58362,0,4161,25.3,19.07,142.0,142.0,26.04,288.17,3.0,8,100780.0,9999999
58362,0,4162,25.5,18.95,172.0,172.0,26.04,289.27,3.0,8,100780.0,9999999
58362,0,4163,25.8,18.84,192.0,192.0,26.04,288.54,3.0,4,100780.0,9999999
58362,0,4164,26.1,18.84,197.0,197.0,26.04,292.32,3.0,8,100780.0,9999999
58362,0,4165,26.6,19.07,189.0,189.0,26.04,290.36,3.0,2,100780.0,9999999
58362,0,4166,27.3,19.54,167.0,167.0,26.04,293.55,1.0,4,100780.0,9999999
58362,0,4167,28.1,20.27,135.0,135.0,26.04,295.27,1.0,12,100780.0,9999999
58362,0,4168,28.5,20.78,98.0,98.0,26.04,293.2,1.0,3,100780.0,9999999
58362,0,4169,28.2,20.52,60.0,60.0,26.04,292.14,1.0,13,100780.0,9999999
58362,0,4170,27.4,19.78,26.0,26.0,26.04,293.2,1.0,3,100780.0,9999999
58362,0,4171,26.5,19.07,0.0,0.0,26.04,290.89,1.0,16,100780.0,9999999
58362,0,4172,25.6,18.49,0.0,0.0,26.04,289.27,3.0,9,100780.0,9999999
58362,0,4173,25.0,18.15,0.0,0.0,26.04,291.07,3.0,6,100780.0,9999999
58362,0,4174,24.6,18.15,0.0,0.0,26.04,288.17,3.0,15,100780.0,9999999
58362,0,4175,24.3,18.26,0.0,0.0,26.04,286.87,3.0,13,100780.0,9999999
58362,0,4176,24.0,18.26,0.0,0.0,26.04,289.45,3.0,14,100600.0,9999999
58362,0,4177,23.7,18.04,0.0,0.0,26.04,293.37,3.0,5,100600.0,9999999
58362,0,4178,23.2,17.38,0.0,0.0,26.04,289.99,1.0,8,100600.0,9999999
58362,0,4179,22.5,16.44,0.0,0.0,26.04,289.09,1.0,8,100600.0,9999999
58362,0,4180,22.2,15.64,0.0,0.0,26.04,283.06,1.0,3,100600.0,9999999
58362,0,4181,22.7,15.64,11.0,3.0,26.04,284.99,1.0,1,100600.0,9999999
58362,0,4182,24.0,16.34,160.0,32.0,26.04,287.24,1.0,16,100600.0,9999999
58362,0,4183,25.6,17.38,335.0,66.0,26.04,286.68,1.0,12,100600.0,9999999
58362,0,4184,27.0,18.49,524.0,104.0,26.04,288.17,3.0,8,100600.0,9999999
58362,0,4185,27.9,19.19,547.0,160.0,26.04,291.61,3.0,3,100600.0,9999999
58362,0,4186,28.4,19.66,856.0,169.0,26.04,298.31,3.0,14,100600.0,9999999
58362,0,4187,28.7,19.91,739.0,217.0,26.04,290.18,3.0,12,100600.0,9999999
58362,0,4188,28.8,20.27,447.0,447.0,26.04,294.07,3.0,3,100600.0,9999999
58362,0,4189,29.1,20.65,428.0,428.0,26.04,294.93,3.0,3,100600.0,9999999
58362,0,4190,29.7,21.42,644.0,189.0,26.04,292.67,4.0,5,100600.0,9999999
58362,0,4191,30.3,22.08,306.0,306.0,26.04,297.81,4.0,8,100600.0,9999999
58362,0,4192,30.2,21.81,378.0,111.0,26.04,295.61,4.0,2,100600.0,9999999
58362,0,4193,29.9,21.16,300.0,59.0,26.04,300.12,4.0,10,100600.0,9999999
58362,0,4194,29.6,20.65,100.0,29.0,26.04,295.96,4.0,6,100600.0,9999999
58362,0,4195,29.1,20.03,0.0,0.0,26.04,297.47,4.0,13,100600.0,9999999
58362,0,4196,28.7,19.66,0.0,0.0,26.04,293.2,3.0,8,100600.0,9999999
58362,0,4197,28.3,19.54,0.0,0.0,26.04,289.63,3.0,1,100600.0,9999999
58362,0,4198,27.9,19.54,0.0,0.0,26.04,297.81,3.0,11,100600.0,9999999
58362,0,4199,27.6,19.66,0.0,0.0,26.04,293.89,3.0,5,100600.0,9999999
58362,0,4200,27.3,19.66,0.0,0.0,26.04,290.18,3.0,2,100120.0,9999999
58362,0,4201,27.0,19.66,0.0,0.0,26.04,289.81,3.0,13,100120.0,9999999
58362,0,4202,26.7,19.54,0.0,0.0,26.04,292.32,3.0,8,100120.0,9999999
58362,0,4203,26.4,19.07,0.0,0.0,26.04,292.67,3.0,16,100120.0,9999999
58362,0,4204,26.3,18.61,0.0,0.0,26.04,294.41,3.0,10,100120.0,9999999
58362,0,4205,26.7,18.61,11.0,4.0,26.04,289.45,3.0,12,100120.0,9999999
58362,0,4206,27.8,19.07,201.0,46.0,26.04,293.37,3.0,11,100120.0,9999999
58362,0,4207,29.3,19.66,421.0,96.0,26.04,293.72,3.0,8,100120.0,9999999
58362,0,4208,30.7,20.15,660.0,150.0,26.04,297.81,4.0,11,100120.0,9999999
58362,0,4209,31.9,19.91,888.0,202.0,26.04,294.59,4.0,11,100120.0,9999999
58362,0,4210,32.8,19.19,662.0,222.0,26.04,293.89,4.0,4,100120.0,9999999
58362,0,4211,33.5,18.26,433.0,433.0,26.04,298.64,4.0,9,100120.0,9999999
58362,0,4212,34.0,17.49,446.0,446.0,26.04,299.14,4.0,11,100120.0,9999999
58362,0,4213,34.6,17.06,427.0,427.0,26.04,297.64,4.0,15,100120.0,9999999
58362,0,4214,35.1,17.28,642.0,216.0,26.04,301.58,7.0,11,100120.0,9999999
58362,0,4215,35.5,18.26,306.0,306.0,26.04,299.46,7.0,11,100120.0,9999999
58362,0,4216,35.2,19.19,222.0,222.0,26.04,303.33,7.0,7,100120.0,9999999
58362,0,4217,34.5,20.03,136.0,136.0,26.04,299.46,7.0,14,100120.0,9999999
58362,0,4218,33.6,20.65,59.0,59.0,26.04,300.77,7.0,9,100120.0,9999999
58362,0,4219,32.4,21.03,0.0,0.0,26.04,296.97,7.0,13,100120.0,9999999
58362,0,4220,31.2,21.03,0.0,0.0,26.04,294.07,4.0,8,100120.0,9999999
58362,0,4221,30.1,20.65,0.0,0.0,26.04,295.79,4.0,3,100120.0,9999999
58362,0,4222,29.1,20.27,0.0,0.0,26.04,296.3,4.0,6,100120.0,9999999
58362,0,4223,28.4,19.91,0.0,0.0,26.04,293.02,4.0,9,100120.0,9999999
58362,0,4224,28.1,19.91,0.0,0.0,26.04,290.89,4.0,4,100190.0,9999999
58362,0,4225,28.1,20.15,0.0,0.0,26.04,296.46,4.0,16,100190.0,9999999
58362,0,4226,28.7,20.9,0.0,0.0,26.04,293.37,1.0,11,100190.0,9999999
58362,0,4227,29.7,22.35,0.0,0.0,26.04,295.79,1.0,5,100190.0,9999999
58362,0,4228,30.8,23.89,0.0,0.0,26.04,297.64,1.0,3,100190.0,9999999
58362,0,4229,31.3,24.47,9.0,4.0,26.04,294.76,1.0,9,100190.0,9999999
58362,0,4230,30.9,23.89,61.0,61.0,26.04,296.63,1.0,4,100190.0,9999999
58362,0,4231,30.2,22.76,129.0,129.0,26.04,293.37,1.0,10,100190.0,9999999
58362,0,4232,29.8,22.08,344.0,152.0,26.04,291.61,2.0,4,100190.0,9999999
58362,0,4233,29.7,21.81,463.0,205.0,26.04,294.59,2.0,10,100190.0,9999999
58362,0,4234,29.5,21.29,562.0,249.0,26.04,296.13,2.0,12,100190.0,9999999
58362,0,4235,29.3,20.78,1131.0,361.0,26.04,297.81,2.0,2,100190.0,9999999
58362,0,4236,28.9,20.15,645.0,285.0,26.04,294.07,2.0,10,100190.0,9999999
58362,0,4237,28.5,19.66,362.0,362.0,26.04,292.32,2.0,13,100190.0,9999999
58362,0,4238,28.0,19.3,320.0,320.0,26.04,296.3,5.0,4,100190.0,9999999
58362,0,4239,27.5,19.19,442.0,195.0,26.04,291.25,5.0,1,100190.0,9999999
58362,0,4240,27.0,19.07,188.0,188.0,26.04,293.2,5.0,2,100190.0,9999999
58362,0,4241,26.6,19.19,115.0,115.0,26.04,292.14,5.0,2,100190.0,9999999
58362,0,4242,26.3,19.3,50.0,50.0,26.04,291.25,5.0,15,100190.0,9999999
58362,0,4243,26.0,19.54,0.0,0.0,26.04,292.32,5.0,15,100190.0,9999999
58362,0,4244,25.9,19.91,0.0,0.0,26.04,290.54,3.0,5,100190.0,9999999
58362,0,4245,25.9,20.27,0.0,0.0,26.04,289.81,3.0,14,100190.0,9999999
58362,0,4246,26.1,20.78,0.0,0.0,26.04,291.43,3.0,3,100190.0,9999999
58362,0,4247,26.2,21.16,0.0,0.0,26.04,293.72,3.0,3,100190.0,9999999
58362,0,4248,26.3,21.29,0.0,0.0,26.04,287.99,3.0,15,100600.0,9999999
58362,0,4249,26.2,21.29,0.0,0.0,26.04,289.45,3.0,7,100600.0,9999999
58362,0,4250,25.9,21.03,0.0,0.0,26.04,287.62,1.0,5,100600.0,9999999
58362,0,4251,25.4,20.4,0.0,0.0,26.04,289.45,1.0,4,100600.0,9999999
58362,0,4252,25.1,20.03,0.0,0.0,26.04,291.43,1.0,11,100600.0,9999999
58362,0,4253,25.3,20.03,9.0,4.0,26.04,291.07,1.0,11,100600.0,9999999
58362,0,4254,25.7,20.27,108.0,47.0,26.04,290.89,1.0,3,100600.0,9999999
58362,0,4255,26.2,20.4,226.0,98.0,26.04,292.67,1.0,9,100600.0,9999999
58362,0,4256,26.8,20.27,622.0,193.0,26.04,291.43,4.0,12,100600.0,9999999
58362,0,4257,27.3,19.78,838.0,260.0,26.04,288.72,4.0,2,100600.0,9999999
58362,0,4258,27.8,18.95,578.0,251.0,26.04,290.36,4.0,7,100600.0,9999999
58362,0,4259,28.3,18.15,378.0,378.0,26.04,291.79,4.0,15,100600.0,9999999
58362,0,4260,28.9,17.49,390.0,390.0,26.04,296.8,4.0,1,100600.0,9999999
58362,0,4261,29.6,17.38,373.0,373.0,26.04,294.76,4.0,7,100600.0,9999999
58362,0,4262,30.6,17.93,561.0,243.0,26.04,293.89,2.0,15,100600.0,9999999
58362,0,4263,31.4,19.07,267.0,267.0,26.04,296.8,2.0,16,100600.0,9999999
58362,0,4264,31.1,19.66,329.0,143.0,26.04,298.14,2.0,11,100600.0,9999999
58362,0,4265,30.5,20.15,119.0,119.0,26.04,294.24,2.0,14,100600.0,9999999
58362,0,4266,29.6,20.52,87.0,38.0,26.04,292.49,2.0,4,100600.0,9999999
58362,0,4267,28.8,20.65,0.0,0.0,26.04,294.07,2.0,6,100600.0,9999999
58362,0,4268,28.0,20.9,0.0,0.0,26.04,295.27,1.0,6,100600.0,9999999
58362,0,4269,27.5,20.9,0.0,0.0,26.04,296.13,1.0,5,100600.0,9999999
58362,0,4270,27.3,21.16,0.0,0.0,26.04,288.9,1.0,2,100600.0,9999999
58362,0,4271,27.2,21.29,0.0,0.0,26.04,290.36,1.0,8,100600.0,9999999
58362,0,4272,27.2,21.42,0.0,0.0,26.04,290.36,1.0,6,100940.0,9999999
58362,0,4273,27.3,21.42,0.0,0.0,26.04,291.43,1.0,7,100940.0,9999999
58362,0,4274,27.3,21.42,0.0,0.0,26.04,294.76,1.0,4,100940.0,9999999
58362,0,4275,27.2,21.29,0.0,0.0,26.04,297.47,1.0,4,100940.0,9999999
58362,0,4276,27.2,21.16,0.0,0.0,26.04,291.96,1.0,15,100940.0,9999999
58362,0,4277,27.1,21.03,22.0,12.0,26.04,291.79,1.0,9,100940.0,9999999
58362,0,4278,27.1,20.9,258.0,145.0,26.04,297.14,1.0,8,100940.0,9999999
58362,0,4279,27.2,20.9,113.0,113.0,26.04,295.79,1.0,16,100940.0,9999999
58362,0,4280,27.5,21.16,177.0,177.0,26.04,296.13,2.0,7,100940.0,9999999
58362,0,4281,28.0,21.68,238.0,238.0,26.04,296.63,2.0,6,100940.0,9999999
58362,0,4282,28.6,22.21,289.0,289.0,26.04,290.36,2.0,1,100940.0,9999999
58362,0,4283,29.1,22.76,321.0,321.0,26.04,295.27,2.0,10,100940.0,9999999
58362,0,4284,29.4,23.04,331.0,331.0,26.04,294.41,2.0,2,100940.0,9999999
58362,0,4285,29.4,23.04,317.0,317.0,26.04,296.3,2.0,4,100940.0,9999999
58362,0,4286,28.9,22.49,1149.0,648.0,26.04,294.41,5.0,6,100940.0,9999999
58362,0,4287,28.0,21.68,227.0,227.0,26.04,294.59,5.0,6,100940.0,9999999
58362,0,4288,27.0,20.9,164.0,164.0,26.04,295.61,5.0,10,100940.0,9999999
58362,0,4289,26.4,20.52,101.0,101.0,26.04,291.61,5.0,5,100940.0,9999999
58362,0,4290,26.3,20.9,43.0,43.0,26.04,291.61,5.0,4,100940.0,9999999
58362,0,4291,26.5,21.42,0.0,0.0,26.04,295.27,5.0,12,100940.0,9999999
58362,0,4292,26.7,21.81,0.0,0.0,26.04,290.89,1.0,16,100940.0,9999999
58362,0,4293,26.5,21.55,0.0,0.0,26.04,292.49,1.0,2,100940.0,9999999
58362,0,4294,26.2,20.78,0.0,0.0,26.04,289.27,1.0,12,100940.0,9999999
58362,0,4295,26.0,20.27,0.0,0.0,26.04,293.37,1.0,9,100940.0,9999999
58362,0,4296,26.1,20.03,0.0,0.0,26.04,289.09,1.0,8,100560.0,9999999
58362,0,4297,26.4,19.91,0.0,0.0,26.04,291.61,1.0,10,100560.0,9999999
58362,0,4298,26.8,20.03,0.0,0.0,26.04,294.07,2.0,7,100560.0,9999999
58362,0,4299,27.2,20.27,0.0,0.0,26.04,291.79,2.0,2,100560.0,9999999
58362,0,4300,27.6,20.65,0.0,0.0,26.04,294.07,2.0,16,100560.0,9999999
58362,0,4301,28.1,21.03,7.0,1.0,26.04,291.07,2.0,9,100560.0,9999999
58362,0,4302,28.6,21.29,141.0,15.0,26.04,290.36,2.0,13,100560.0,9999999
58362,0,4303,29.2,21.55,297.0,31.0,26.04,296.63,2.0,3,100560.0,9999999
58362,0,4304,29.9,21.68,269.0,47.0,26.04,293.89,3.0,8,100560.0,9999999
58362,0,4305,30.7,21.55,628.0,66.0,26.04,294.76,3.0,7,100560.0,9999999
58362,0,4306,31.6,21.16,762.0,80.0,26.04,295.61,3.0,7,100560.0,9999999
58362,0,4307,32.6,20.78,849.0,89.0,26.04,298.31,3.0,5,100560.0,9999999
58362,0,4308,33.7,20.52,875.0,92.0,26.04,296.46,3.0,10,100560.0,9999999
58362,0,4309,34.8,20.65,837.0,88.0,26.04,296.13,3.0,5,100560.0,9999999
58362,0,4310,36.0,21.29,740.0,78.0,26.04,302.38,4.0,11,100560.0,9999999
58362,0,4311,36.8,22.49,599.0,63.0,26.04,298.31,4.0,5,100560.0,9999999
58362,0,4312,36.4,22.76,434.0,46.0,26.04,301.74,4.0,12,100560.0,9999999
58362,0,4313,35.4,22.62,266.0,28.0,26.04,305.67,4.0,1,100560.0,9999999
58362,0,4314,34.1,22.21,114.0,12.0,26.04,298.14,4.0,2,100560.0,9999999
58362,0,4315,32.8,21.81,0.0,0.0,26.04,297.47,4.0,6,100560.0,9999999
58362,0,4316,31.8,21.42,0.0,0.0,26.04,297.64,5.0,9,100560.0,9999999
58362,0,4317,31.4,21.29,0.0,0.0,26.04,297.31,5.0,10,100560.0,9999999
58362,0,4318,31.4,21.55,0.0,0.0,26.04,301.58,5.0,5,100560.0,9999999
58362,0,4319,31.6,21.68,0.0,0.0,26.04,298.14,5.0,7,100560.0,9999999
58362,0,4320,31.7,21.68,0.0,0.0,26.04,299.14,5.0,12,100210.0,9999999
58362,0,4321,31.6,21.42,0.0,0.0,26.04,293.2,5.0,7,100210.0,9999999
58362,0,4322,31.1,20.52,0.0,0.0,26.04,294.93,5.0,11,100210.0,9999999
58362,0,4323,30.1,19.42,0.0,0.0,26.04,293.72,5.0,1,100210.0,9999999
58362,0,4324,29.5,18.84,0.0,0.0,26.04,296.46,5.0,8,100210.0,9999999
58362,0,4325,29.6,18.95,6.0,1.0,26.04,294.59,5.0,9,100210.0,9999999
58362,0,4326,30.0,19.3,140.0,16.0,26.04,296.13,5.0,8,100210.0,9999999
58362,0,4327,30.5,19.66,295.0,34.0,26.04,297.47,5.0,3,100210.0,9999999
58362,0,4328,31.1,20.03,464.0,53.0,26.04,298.31,5.0,11,100210.0,9999999
58362,0,4329,31.9,20.03,358.0,66.0,26.04,298.97,5.0,12,100210.0,9999999
58362,0,4330,32.7,19.91,759.0,86.0,26.04,297.14,5.0,8,100210.0,9999999
58362,0,4331,33.5,19.66,845.0,96.0,26.04,297.14,5.0,1,100210.0,9999999
58362,0,4332,34.4,19.42,871.0,99.0,26.04,299.79,5.0,14,100210.0,9999999
58362,0,4333,35.3,19.3,833.0,95.0,26.04,300.61,5.0,8,100210.0,9999999
58362,0,4334,36.1,19.54,736.0,84.0,26.04,305.83,6.0,12,100210.0,9999999
58362,0,4335,36.6,20.03,596.0,68.0,26.04,300.93,6.0,4,100210.0,9999999
58362,0,4336,36.3,20.15,431.0,49.0,26.04,301.74,6.0,14,100210.0,9999999
58362,0,4337,35.5,20.15,264.0,30.0,26.04,305.52,6.0,11,100210.0,9999999
58362,0,4338,34.5,20.27,113.0,13.0,26.04,298.14,6.0,16,100210.0,9999999
58362,0,4339,33.4,20.4,0.0,0.0,26.04,301.74,6.0,2,100210.0,9999999
58362,0,4340,32.5,20.65,0.0,0.0,26.04,297.14,4.0,9,100210.0,9999999
58362,0,4341,31.8,21.29,0.0,0.0,26.04,296.46,4.0,9,100210.0,9999999
58362,0,4342,31.1,21.81,0.0,0.0,26.04,298.47,4.0,8,100210.0,9999999
58362,0,4343,30.1,21.81,0.0,0.0,26.04,300.28,4.0,5,100210.0,9999999
58362,0,4344,28.8,21.29,0.0,0.0,27.03,295.27,4.0,2,100260.0,9999999
58362,0,4345,27.5,20.52,0.0,0.0,27.03,291.43,4.0,10,100260.0,9999999
58362,0,4346,26.4,19.78,0.0,0.0,27.03,290.18,3.0,10,100260.0,9999999
58362,0,4347,25.6,19.3,0.0,0.0,27.03,295.44,3.0,2,100260.0,9999999
58362,0,4348,25.2,19.07,0.0,0.0,27.03,290.18,3.0,6,100260.0,9999999
58362,0,4349,25.2,19.07,7.0,4.0,27.03,293.37,3.0,6,100260.0,9999999
58362,0,4350,25.5,19.3,45.0,45.0,27.03,295.27,3.0,3,100260.0,9999999
58362,0,4351,26.1,19.54,189.0,111.0,27.03,292.32,3.0,8,100260.0,9999999
58362,0,4352,26.8,19.91,149.0,149.0,27.03,295.1,4.0,9,100260.0,9999999
58362,0,4353,27.6,20.03,400.0,236.0,27.03,295.96,4.0,6,100260.0,9999999
58362,0,4354,28.5,20.03,244.0,244.0,27.03,298.47,4.0,6,100260.0,9999999
58362,0,4355,29.3,20.03,541.0,318.0,27.03,290.72,4.0,8,100260.0,9999999
58362,0,4356,30.0,19.91,558.0,328.0,27.03,298.31,4.0,16,100260.0,9999999
58362,0,4357,30.5,19.78,534.0,314.0,27.03,300.28,4.0,4,100260.0,9999999
58362,0,4358,30.7,19.78,472.0,277.0,27.03,293.37,5.0,11,100260.0,9999999
58362,0,4359,30.7,19.91,191.0,191.0,27.03,300.61,5.0,2,100260.0,9999999
58362,0,4360,30.4,20.27,276.0,162.0,27.03,297.64,5.0,9,100260.0,9999999
58362,0,4361,29.9,20.52,85.0,85.0,27.03,297.14,5.0,2,100260.0,9999999
58362,0,4362,29.4,20.9,72.0,42.0,27.03,290.89,5.0,5,100260.0,9999999
58362,0,4363,28.8,21.03,0.0,0.0,27.03,298.97,5.0,1,100260.0,9999999
58362,0,4364,28.3,21.16,0.0,0.0,27.03,293.72,1.0,8,100260.0,9999999
58362,0,4365,27.9,21.29,0.0,0.0,27.03,293.89,1.0,5,100260.0,9999999
58362,0,4366,27.6,21.29,0.0,0.0,27.03,297.81,1.0,2,100260.0,9999999
58362,0,4367,27.4,21.16,0.0,0.0,27.03,292.14,1.0,5,100260.0,9999999
58362,0,4368,27.1,20.9,0.0,0.0,27.03,291.25,1.0,16,100420.0,9999999
58362,0,4369,26.9,20.52,0.0,0.0,27.03,293.37,1.0,12,100420.0,9999999
58362,0,4370,26.7,20.15,0.0,0.0,27.03,291.25,2.0,9,100420.0,9999999
58362,0,4371,26.4,19.78,0.0,0.0,27.03,296.3,2.0,7,100420.0,9999999
58362,0,4372,26.3,19.42,0.0,0.0,27.03,296.13,2.0,3,100420.0,9999999
58362,0,4373,26.5,19.42,6.0,1.0,27.03,296.3,2.0,7,100420.0,9999999
58362,0,4374,27.1,19.66,142.0,19.0,27.03,294.24,2.0,5,100420.0,9999999
58362,0,4375,27.9,20.27,300.0,41.0,27.03,294.24,2.0,9,100420.0,9999999
58362,0,4376,28.9,20.9,471.0,65.0,27.03,297.47,2.0,9,100420.0,9999999
58362,0,4377,30.0,21.55,351.0,76.0,27.03,295.44,2.0,2,100420.0,9999999
58362,0,4378,31.1,22.08,772.0,106.0,27.03,301.42,2.0,14,100420.0,9999999
58362,0,4379,32.1,22.49,860.0,118.0,27.03,300.77,2.0,2,100420.0,9999999
58362,0,4380,32.8,22.49,887.0,122.0,27.03,301.42,2.0,11,100420.0,9999999
58362,0,4381,33.0,22.21,468.0,101.0,27.03,297.14,2.0,7,100420.0,9999999
58362,0,4382,31.8,20.52,749.0,103.0,27.03,298.14,4.0,7,100420.0,9999999
58362,0,4383,30.4,19.07,606.0,83.0,27.03,298.47,4.0,1,100420.0,9999999
58362,0,4384,29.5,18.49,438.0,60.0,27.03,294.93,4.0,11,100420.0,9999999
58362,0,4385,28.9,18.38,268.0,37.0,27.03,295.79,4.0,8,100420.0,9999999
58362,0,4386,28.6,18.72,114.0,16.0,27.03,289.81,4.0,10,100420.0,9999999
58362,0,4387,28.4,19.19,0.0,0.0,27.03,293.89,4.0,2,100420.0,9999999
58362,0,4388,28.2,19.54,0.0,0.0,27.03,296.46,4.0,9,100420.0,9999999
58362,0,4389,28.0,19.78,0.0,0.0,27.03,289.45,4.0,15,100420.0,9999999
58362,0,4390,27.6,19.66,0.0,0.0,27.03,293.2,4.0,7,100420.0,9999999
58362,0,4391,27.3,19.42,0.0,0.0,27.03,293.55,4.0,14,100420.0,9999999
58362,0,4392,27.0,19.07,0.0,0.0,27.03,296.8,4.0,16,100360.0,9999999
58362,0,4393,26.6,18.61,0.0,0.0,27.03,292.14,4.0,3,100360.0,9999999
58362,0,4394,26.4,18.26,0.0,0.0,27.03,289.99,4.0,9,100360.0,9999999
58362,0,4395,26.2,17.82,0.0,0.0,27.03,295.79,4.0,11,100360.0,9999999
58362,0,4396,26.2,17.49,0.0,0.0,27.03,294.07,4.0,7,100360.0,9999999
58362,0,4397,26.3,17.28,6.0,1.0,27.03,289.63,4.0,5,100360.0,9999999
58362,0,4398,26.8,17.28,144.0,18.0,27.03,290.18,4.0,10,100360.0,9999999
58362,0,4399,27.4,17.49,306.0,39.0,27.03,292.67,4.0,7,100360.0,9999999
58362,0,4400,28.2,17.82,480.0,61.0,27.03,296.13,6.0,9,100360.0,9999999
58362,0,4401,29.1,18.26,358.0,73.0,27.03,290.18,6.0,4,100360.0,9999999
58362,0,4402,30.0,18.61,788.0,100.0,27.03,291.25,6.0,13,100360.0,9999999
58362,0,4403,30.7,18.84,484.0,98.0,27.03,297.64,6.0,5,100360.0,9999999
58362,0,4404,31.0,18.61,905.0,115.0,27.03,300.61,6.0,9,100360.0,9999999
58362,0,4405,30.7,17.93,865.0,110.0,27.03,291.79,6.0,14,100360.0,9999999
58362,0,4406,30.1,17.17,764.0,97.0,27.03,295.79,8.0,9,100360.0,9999999
58362,0,4407,29.5,16.54,618.0,79.0,27.03,293.89,8.0,7,100360.0,9999999
58362,0,4408,29.0,16.24,447.0,57.0,27.03,292.14,8.0,3,100360.0,9999999
58362,0,4409,28.6,16.14,273.0,35.0,27.03,294.24,8.0,2,100360.0,9999999
58362,0,4410,28.3,16.14,116.0,15.0,27.03,295.79,8.0,11,100360.0,9999999
58362,0,4411,28.0,16.24,0.0,0.0,27.03,288.72,8.0,1,100360.0,9999999
58362,0,4412,27.7,16.34,0.0,0.0,27.03,288.54,6.0,9,100360.0,9999999
58362,0,4413,27.5,16.44,0.0,0.0,27.03,292.49,6.0,3,100360.0,9999999
58362,0,4414,27.3,16.54,0.0,0.0,27.03,293.72,6.0,2,100360.0,9999999
58362,0,4415,27.1,16.65,0.0,0.0,27.03,293.55,6.0,3,100360.0,9999999
58362,0,4416,26.9,16.65,0.0,0.0,27.03,293.55,6.0,8,100340.0,9999999
58362,0,4417,26.8,16.75,0.0,0.0,27.03,296.13,6.0,13,100340.0,9999999
58362,0,4418,26.7,16.75,0.0,0.0,27.03,294.41,7.0,10,100340.0,9999999
58362,0,4419,26.6,16.75,0.0,0.0,27.03,295.96,7.0,5,100340.0,9999999
58362,0,4420,26.6,16.75,0.0,0.0,27.03,293.2,7.0,6,100340.0,9999999
58362,0,4421,26.6,16.75,8.0,3.0,27.03,291.25,7.0,16,100340.0,9999999
58362,0,4422,26.8,16.75,136.0,32.0,27.03,293.37,7.0,9,100340.0,9999999
58362,0,4423,27.0,16.85,238.0,84.0,27.03,296.3,7.0,6,100340.0,9999999
58362,0,4424,27.2,16.75,454.0,108.0,27.03,296.46,5.0,9,100340.0,9999999
58362,0,4425,27.5,16.75,506.0,177.0,27.03,292.67,5.0,13,100340.0,9999999
58362,0,4426,27.9,16.75,745.0,177.0,27.03,291.79,5.0,1,100340.0,9999999
58362,0,4427,28.5,16.85,684.0,240.0,27.03,290.72,5.0,7,100340.0,9999999
58362,0,4428,29.2,17.06,705.0,248.0,27.03,295.79,5.0,1,100340.0,9999999
58362,0,4429,30.2,17.6,396.0,396.0,27.03,294.93,5.0,9,100340.0,9999999
58362,0,4430,31.5,18.61,596.0,209.0,27.03,298.31,7.0,10,100340.0,9999999
58362,0,4431,32.5,19.42,283.0,283.0,27.03,297.98,7.0,16,100340.0,9999999
58362,0,4432,32.3,19.19,348.0,122.0,27.03,296.63,7.0,9,100340.0,9999999
58362,0,4433,31.9,18.72,258.0,61.0,27.03,294.41,7.0,16,100340.0,9999999
58362,0,4434,31.4,18.15,90.0,32.0,27.03,299.3,7.0,1,100340.0,9999999
58362,0,4435,30.8,17.71,0.0,0.0,27.03,291.79,7.0,11,100340.0,9999999
58362,0,4436,30.3,17.38,0.0,0.0,27.03,296.13,6.0,10,100340.0,9999999
58362,0,4437,29.9,17.17,0.0,0.0,27.03,293.2,6.0,5,100340.0,9999999
58362,0,4438,29.7,17.06,0.0,0.0,27.03,295.44,6.0,3,100340.0,9999999
58362,0,4439,29.4,16.96,0.0,0.0,27.03,297.14,6.0,9,100340.0,9999999
58362,0,4440,29.1,16.85,0.0,0.0,27.03,292.32,6.0,3,100230.0,9999999
58362,0,4441,28.7,16.54,0.0,0.0,27.03,293.2,6.0,4,100230.0,9999999
58362,0,4442,28.1,16.04,0.0,0.0,27.03,293.55,7.0,10,100230.0,9999999
58362,0,4443,27.3,15.25,0.0,0.0,27.03,296.3,7.0,3,100230.0,9999999
58362,0,4444,26.9,14.88,0.0,0.0,27.03,287.43,7.0,4,100230.0,9999999
58362,0,4445,27.1,15.06,7.0,3.0,27.03,290.54,7.0,9,100230.0,9999999
58362,0,4446,27.5,15.35,68.0,68.0,27.03,293.72,7.0,12,100230.0,9999999
58362,0,4447,28.0,15.74,146.0,146.0,27.03,293.37,7.0,16,100230.0,9999999
58362,0,4448,28.5,16.14,229.0,229.0,27.03,289.27,6.0,11,100230.0,9999999
58362,0,4449,29.0,16.44,310.0,310.0,27.03,298.14,6.0,16,100230.0,9999999
58362,0,4450,29.4,16.75,641.0,247.0,27.03,290.18,6.0,3,100230.0,9999999
58362,0,4451,29.7,16.96,420.0,420.0,27.03,295.44,6.0,8,100230.0,9999999
58362,0,4452,30.1,17.17,737.0,283.0,27.03,295.79,6.0,3,100230.0,9999999
58362,0,4453,30.6,17.38,414.0,414.0,27.03,296.3,6.0,8,100230.0,9999999
58362,0,4454,31.1,17.6,365.0,365.0,27.03,293.37,6.0,10,100230.0,9999999
58362,0,4455,31.7,17.82,295.0,295.0,27.03,297.47,6.0,11,100230.0,9999999
58362,0,4456,32.0,17.82,363.0,140.0,27.03,296.63,6.0,16,100230.0,9999999
58362,0,4457,31.7,17.28,506.0,134.0,27.03,298.31,6.0,7,100230.0,9999999
58362,0,4458,31.0,16.65,238.0,63.0,27.03,294.76,6.0,2,100230.0,9999999
58362,0,4459,30.3,16.34,0.0,0.0,27.03,293.37,6.0,1,100230.0,9999999
58362,0,4460,30.0,16.75,0.0,0.0,27.03,293.89,5.0,10,100230.0,9999999
58362,0,4461,30.1,18.04,0.0,0.0,27.03,297.98,5.0,1,100230.0,9999999
58362,0,4462,29.7,19.07,0.0,0.0,27.03,297.81,5.0,8,100230.0,9999999
58362,0,4463,28.8,19.54,0.0,0.0,27.03,294.41,5.0,16,100230.0,9999999
58362,0,4464,27.7,19.78,0.0,0.0,27.03,290.54,5.0,13,100120.0,9999999
58362,0,4465,26.8,19.91,0.0,0.0,27.03,293.2,5.0,3,100120.0,9999999
58362,0,4466,26.4,20.27,0.0,0.0,27.03,291.61,3.0,13,100120.0,9999999
58362,0,4467,26.4,20.65,0.0,0.0,27.03,292.85,3.0,10,100120.0,9999999
58362,0,4468,26.3,20.78,0.0,0.0,27.03,287.99,3.0,6,100120.0,9999999
58362,0,4469,26.1,20.4,0.0,0.0,27.03,294.59,3.0,16,100120.0,9999999
58362,0,4470,25.8,19.78,1.0,1.0,27.03,293.02,3.0,5,100120.0,9999999
58362,0,4471,25.5,19.19,3.0,3.0,27.03,286.87,3.0,5,100120.0,9999999
58362,0,4472,25.0,18.38,4.0,4.0,27.03,286.31,3.0,14,100120.0,9999999
58362,0,4473,24.5,17.71,6.0,6.0,27.03,294.07,3.0,14,100120.0,9999999
58362,0,4474,23.9,17.06,7.0,7.0,27.03,289.09,3.0,4,100120.0,9999999
58362,0,4475,23.3,16.54,8.0,8.0,27.03,285.74,3.0,15,100120.0,9999999
58362,0,4476,22.9,16.14,8.0,8.0,27.03,292.14,3.0,5,100120.0,9999999
58362,0,4477,22.5,15.84,8.0,8.0,27.03,287.06,3.0,12,100120.0,9999999
58362,0,4478,22.4,15.74,7.0,7.0,27.03,286.87,4.0,3,100120.0,9999999
58362,0,4479,21.9,15.06,6.0,6.0,27.03,286.12,4.0,1,100120.0,9999999
58362,0,4480,21.0,14.15,4.0,4.0,27.03,283.84,4.0,15,100120.0,9999999
58362,0,4481,20.8,13.88,3.0,3.0,27.03,284.22,4.0,5,100120.0,9999999
58362,0,4482,21.2,14.06,1.0,1.0,27.03,287.24,4.0,10,100120.0,9999999
58362,0,4483,21.8,14.51,0.0,0.0,27.03,282.48,4.0,14,100120.0,9999999
58362,0,4484,22.2,14.78,0.0,0.0,27.03,284.22,2.0,6,100120.0,9999999
58362,0,4485,22.2,14.88,0.0,0.0,27.03,282.87,2.0,7,100120.0,9999999
58362,0,4486,22.1,14.88,0.0,0.0,27.03,284.22,2.0,12,100120.0,9999999
58362,0,4487,22.2,15.06,0.0,0.0,27.03,284.22,2.0,9,100120.0,9999999
58362,0,4488,22.4,15.45,0.0,0.0,27.03,289.99,2.0,9,100410.0,9999999
58362,0,4489,22.6,15.74,0.0,0.0,27.03,285.74,2.0,9,100410.0,9999999
58362,0,4490,22.9,16.04,0.0,0.0,27.03,292.14,2.0,7,100410.0,9999999
58362,0,4491,23.1,16.04,0.0,0.0,27.03,288.17,2.0,8,100410.0,9999999
58362,0,4492,23.2,16.04,0.0,0.0,27.03,288.9,2.0,4,100410.0,9999999
58362,0,4493,23.3,15.84,2.0,2.0,27.03,290.89,2.0,10,100410.0,9999999
58362,0,4494,23.3,15.64,42.0,42.0,27.03,288.17,2.0,4,100410.0,9999999
58362,0,4495,23.3,15.35,91.0,91.0,27.03,285.37,2.0,1,100410.0,9999999
58362,0,4496,23.2,15.16,143.0,143.0,27.03,283.84,3.0,6,100410.0,9999999
58362,0,4497,23.1,15.06,193.0,193.0,27.03,285.18,3.0,6,100410.0,9999999
58362,0,4498,23.0,15.06,235.0,235.0,27.03,284.99,3.0,4,100410.0,9999999
58362,0,4499,22.9,15.16,262.0,262.0,27.03,291.96,3.0,9,100410.0,9999999
58362,0,4500,22.9,15.45,270.0,270.0,27.03,286.68,3.0,2,100410.0,9999999
58362,0,4501,23.1,15.74,258.0,258.0,27.03,284.03,3.0,1,100410.0,9999999
58362,0,4502,23.5,16.24,228.0,228.0,27.03,286.68,3.0,4,100410.0,9999999
58362,0,4503,24.1,16.85,184.0,184.0,27.03,285.18,3.0,12,100410.0,9999999
58362,0,4504,24.6,17.38,133.0,133.0,27.03,288.17,3.0,14,100410.0,9999999
58362,0,4505,24.9,17.49,81.0,81.0,27.03,290.18,3.0,12,100410.0,9999999
58362,0,4506,24.6,17.06,34.0,34.0,27.03,294.07,3.0,9,100410.0,9999999
58362,0,4507,24.0,16.44,0.0,0.0,27.03,289.09,3.0,14,100410.0,9999999
58362,0,4508,23.4,15.94,0.0,0.0,27.03,287.8,3.0,6,100410.0,9999999
58362,0,4509,23.1,15.84,0.0,0.0,27.03,287.62,3.0,5,100410.0,9999999
58362,0,4510,23.1,16.14,0.0,0.0,27.03,286.31,3.0,10,100410.0,9999999
58362,0,4511,23.1,16.44,0.0,0.0,27.03,285.37,3.0,9,100410.0,9999999
58362,0,4512,23.2,16.96,0.0,0.0,27.03,285.55,3.0,8,100420.0,9999999
58362,0,4513,23.4,17.49,0.0,0.0,27.03,289.45,3.0,3,100420.0,9999999
58362,0,4514,23.6,18.04,0.0,0.0,27.03,290.54,3.0,4,100420.0,9999999
58362,0,4515,23.7,18.38,0.0,0.0,27.03,288.17,3.0,9,100420.0,9999999
58362,0,4516,23.8,18.61,0.0,0.0,27.03,286.5,3.0,9,100420.0,9999999
58362,0,4517,23.9,18.72,1.0,1.0,27.03,288.35,3.0,2,100420.0,9999999
58362,0,4518,23.9,18.72,20.0,20.0,27.03,292.14,3.0,1,100420.0,9999999
58362,0,4519,24.0,18.61,44.0,44.0,27.03,288.35,3.0,7,100420.0,9999999
58362,0,4520,24.1,18.38,69.0,69.0,27.03,289.09,4.0,4,100420.0,9999999
58362,0,4521,24.3,18.26,93.0,93.0,27.03,287.06,4.0,9,100420.0,9999999
58362,0,4522,24.5,17.93,114.0,114.0,27.03,289.99,4.0,8,100420.0,9999999
58362,0,4523,24.7,17.6,127.0,127.0,27.03,290.72,4.0,1,100420.0,9999999
58362,0,4524,24.8,17.17,131.0,131.0,27.03,285.93,4.0,11,100420.0,9999999
58362,0,4525,24.7,16.65,125.0,125.0,27.03,289.81,4.0,8,100420.0,9999999
58362,0,4526,24.5,16.04,110.0,110.0,27.03,285.37,4.0,5,100420.0,9999999
58362,0,4527,24.3,15.64,89.0,89.0,27.03,288.72,4.0,2,100420.0,9999999
58362,0,4528,24.2,15.45,64.0,64.0,27.03,286.31,4.0,3,100420.0,9999999
58362,0,4529,24.1,15.35,39.0,39.0,27.03,288.9,4.0,2,100420.0,9999999
58362,0,4530,24.0,15.45,16.0,16.0,27.03,288.35,4.0,13,100420.0,9999999
58362,0,4531,23.9,15.54,0.0,0.0,27.03,287.06,4.0,12,100420.0,9999999
58362,0,4532,23.8,15.74,0.0,0.0,27.03,288.72,4.0,4,100420.0,9999999
58362,0,4533,23.6,16.04,0.0,0.0,27.03,285.93,4.0,9,100420.0,9999999
58362,0,4534,23.4,16.24,0.0,0.0,27.03,289.99,4.0,10,100420.0,9999999
58362,0,4535,23.2,16.54,0.0,0.0,27.03,292.49,4.0,2,100420.0,9999999
58362,0,4536,22.9,16.65,0.0,0.0,27.03,288.17,4.0,11,100560.0,9999999
58362,0,4537,22.7,16.75,0.0,0.0,27.03,290.54,4.0,15,100560.0,9999999
58362,0,4538,22.6,16.75,0.0,0.0,27.03,289.27,4.0,3,100560.0,9999999
58362,0,4539,22.5,16.65,0.0,0.0,27.03,287.62,4.0,5,100560.0,9999999
58362,0,4540,22.5,16.44,0.0,0.0,27.03,288.35,4.0,2,100560.0,9999999
58362,0,4541,22.5,16.24,3.0,2.0,27.03,291.79,4.0,5,100560.0,9999999
58362,0,4542,22.7,15.94,69.0,48.0,27.03,286.68,4.0,8,100560.0,9999999
58362,0,4543,23.0,15.84,150.0,105.0,27.03,287.43,4.0,12,100560.0,9999999
58362,0,4544,23.5,15.84,237.0,165.0,27.03,288.54,4.0,3,100560.0,9999999
58362,0,4545,24.2,16.04,156.0,156.0,27.03,288.54,4.0,4,100560.0,9999999
58362,0,4546,24.8,16.34,390.0,272.0,27.03,292.49,4.0,10,100560.0,9999999
58362,0,4547,25.4,16.54,435.0,304.0,27.03,289.99,4.0,13,100560.0,9999999
58362,0,4548,25.6,16.54,449.0,313.0,27.03,286.5,4.0,11,100560.0,9999999
58362,0,4549,25.4,16.24,429.0,299.0,27.03,288.54,4.0,16,100560.0,9999999
58362,0,4550,25.0,15.94,184.0,184.0,27.03,288.9,5.0,3,100560.0,9999999
58362,0,4551,24.6,15.74,148.0,148.0,27.03,289.09,5.0,10,100560.0,9999999
58362,0,4552,24.3,15.74,107.0,107.0,27.03,291.79,5.0,4,100560.0,9999999
58362,0,4553,24.0,15.94,65.0,65.0,27.03,287.06,5.0,4,100560.0,9999999
58362,0,4554,23.8,16.14,56.0,39.0,27.03,293.02,5.0,7,100560.0,9999999
58362,0,4555,23.6,16.34,0.0,0.0,27.03,288.72,5.0,1,100560.0,9999999
58362,0,4556,23.4,16.54,0.0,0.0,27.03,285.74,5.0,3,100560.0,9999999
58362,0,4557,23.3,16.65,0.0,0.0,27.03,289.09,5.0,9,100560.0,9999999
58362,0,4558,23.2,16.75,0.0,0.0,27.03,288.35,5.0,8,100560.0,9999999
58362,0,4559,23.1,16.75,0.0,0.0,27.03,292.49,5.0,10,100560.0,9999999
58362,0,4560,23.1,16.85,0.0,0.0,27.03,285.55,5.0,2,100510.0,9999999
58362,0,4561,23.0,16.85,0.0,0.0,27.03,287.06,5.0,10,100510.0,9999999
58362,0,4562,23.0,16.85,0.0,0.0,27.03,287.62,4.0,2,100510.0,9999999
58362,0,4563,23.0,16.85,0.0,0.0,27.03,289.63,4.0,6,100510.0,9999999
58362,0,4564,23.0,16.96,0.0,0.0,27.03,290.89,4.0,9,100510.0,9999999
58362,0,4565,23.0,17.06,0.0,0.0,27.03,286.5,4.0,4,100510.0,9999999
58362,0,4566,23.1,17.17,0.0,0.0,27.03,287.24,4.0,6,100510.0,9999999
58362,0,4567,23.3,17.49,0.0,0.0,27.03,287.43,4.0,4,100510.0,9999999
58362,0,4568,23.6,17.82,0.0,0.0,27.03,293.2,2.0,5,100510.0,9999999
58362,0,4569,24.0,18.38,0.0,0.0,27.03,286.68,2.0,8,100510.0,9999999
58362,0,4570,24.5,18.84,0.0,0.0,27.03,294.24,2.0,4,100510.0,9999999
58362,0,4571,24.8,19.19,0.0,0.0,27.03,289.81,2.0,12,100510.0,9999999
58362,0,4572,24.9,19.3,0.0,0.0,27.03,288.72,2.0,2,100510.0,9999999
58362,0,4573,24.7,19.07,0.0,0.0,27.03,294.59,2.0,16,100510.0,9999999
58362,0,4574,24.3,18.49,0.0,0.0,27.03,294.07,4.0,5,100510.0,9999999
58362,0,4575,23.7,17.6,0.0,0.0,27.03,290.54,4.0,5,100510.0,9999999
58362,0,4576,23.1,16.85,0.0,0.0,27.03,284.22,4.0,11,100510.0,9999999
58362,0,4577,22.7,16.24,0.0,0.0,27.03,291.96,4.0,9,100510.0,9999999
58362,0,4578,22.4,15.84,0.0,0.0,27.03,287.99,4.0,11,100510.0,9999999
58362,0,4579,22.4,15.74,0.0,0.0,27.03,289.99,4.0,8,100510.0,9999999
58362,0,4580,22.6,15.84,0.0,0.0,27.03,287.62,4.0,2,100510.0,9999999
58362,0,4581,22.7,16.04,0.0,0.0,27.03,285.93,4.0,8,100510.0,9999999
58362,0,4582,22.7,16.24,0.0,0.0,27.03,287.24,4.0,3,100510.0,9999999
58362,0,4583,22.7,16.34,0.0,0.0,27.03,286.68,4.0,5,100510.0,9999999
58362,0,4584,22.6,16.44,0.0,0.0,27.03,284.99,4.0,5,100500.0,9999999
58362,0,4585,22.4,16.44,0.0,0.0,27.03,290.18,4.0,4,100500.0,9999999
58362,0,4586,22.2,16.34,0.0,0.0,27.03,284.6,5.0,3,100500.0,9999999
58362,0,4587,22.0,16.24,0.0,0.0,27.03,285.93,5.0,12,100500.0,9999999
58362,0,4588,21.9,16.24,0.0,0.0,27.03,285.93,5.0,6,100500.0,9999999
58362,0,4589,21.9,16.14,1.0,1.0,27.03,282.87,5.0,6,100500.0,9999999
58362,0,4590,22.0,16.14,36.0,36.0,27.03,285.18,5.0,5,100500.0,9999999
58362,0,4591,22.1,16.04,78.0,78.0,27.03,287.06,5.0,6,100500.0,9999999
58362,0,4592,22.2,15.84,124.0,124.0,27.03,284.41,4.0,2,100500.0,9999999
58362,0,4593,22.4,15.64,168.0,168.0,27.03,289.99,4.0,10,100500.0,9999999
58362,0,4594,22.7,15.45,204.0,204.0,27.03,289.09,4.0,5,100500.0,9999999
58362,0,4595,23.0,15.35,228.0,228.0,27.03,286.87,4.0,16,100500.0,9999999
58362,0,4596,23.5,15.35,235.0,235.0,27.03,292.49,4.0,16,100500.0,9999999
58362,0,4597,24.0,15.54,225.0,225.0,27.03,288.9,4.0,5,100500.0,9999999
58362,0,4598,24.7,16.04,198.0,198.0,27.03,288.54,1.0,2,100500.0,9999999
58362,0,4599,25.2,16.54,160.0,160.0,27.03,288.54,1.0,1,100500.0,9999999
58362,0,4600,25.1,16.65,115.0,115.0,27.03,294.41,1.0,3,100500.0,9999999
58362,0,4601,24.9,16.75,70.0,70.0,27.03,288.17,1.0,4,100500.0,9999999
58362,0,4602,24.6,16.85,29.0,29.0,27.03,285.55,1.0,6,100500.0,9999999
58362,0,4603,24.3,16.85,0.0,0.0,27.03,290.18,1.0,8,100500.0,9999999
58362,0,4604,24.0,16.96,0.0,0.0,27.03,288.17,2.0,6,100500.0,9999999
58362,0,4605,23.8,16.96,0.0,0.0,27.03,291.61,2.0,15,100500.0,9999999
58362,0,4606,23.7,17.06,0.0,0.0,27.03,287.06,2.0,11,100500.0,9999999
58362,0,4607,23.7,17.06,0.0,0.0,27.03,289.45,2.0,7,100500.0,9999999
58362,0,4608,23.6,16.96,0.0,0.0,27.03,289.45,2.0,14,100740.0,9999999
58362,0,4609,23.5,16.85,0.0,0.0,27.03,284.6,2.0,9,100740.0,9999999
58362,0,4610,23.3,16.54,0.0,0.0,27.03,292.67,1.0,10,100740.0,9999999
58362,0,4611,23.0,16.24,0.0,0.0,27.03,290.72,1.0,2,100740.0,9999999
58362,0,4612,22.9,16.04,0.0,0.0,27.03,287.99,1.0,5,100740.0,9999999
58362,0,4613,23.0,16.14,1.0,1.0,27.03,292.32,1.0,5,100740.0,9999999
58362,0,4614,23.4,16.44,49.0,49.0,27.03,291.07,1.0,6,100740.0,9999999
58362,0,4615,23.9,16.75,106.0,106.0,27.03,289.09,1.0,4,100740.0,9999999
58362,0,4616,24.2,16.96,168.0,168.0,27.03,293.55,3.0,9,100740.0,9999999
58362,0,4617,24.4,16.96,228.0,228.0,27.03,293.72,3.0,8,100740.0,9999999
58362,0,4618,24.4,16.75,277.0,277.0,27.03,285.37,3.0,16,100740.0,9999999
58362,0,4619,24.4,16.54,309.0,309.0,27.03,293.72,3.0,1,100740.0,9999999
58362,0,4620,24.5,16.44,319.0,319.0,27.03,285.55,3.0,10,100740.0,9999999
58362,0,4621,24.8,16.54,305.0,305.0,27.03,287.06,3.0,5,100740.0,9999999
58362,0,4622,25.4,16.96,269.0,269.0,27.03,294.76,2.0,12,100740.0,9999999
58362,0,4623,26.3,17.71,217.0,217.0,27.03,288.72,2.0,9,100740.0,9999999
58362,0,4624,27.1,18.49,156.0,156.0,27.03,290.72,2.0,6,100740.0,9999999
58362,0,4625,27.5,18.84,94.0,94.0,27.03,293.02,2.0,3,100740.0,9999999
58362,0,4626,27.1,18.38,39.0,39.0,27.03,291.96,2.0,4,100740.0,9999999
58362,0,4627,26.1,17.49,0.0,0.0,27.03,294.07,2.0,1,100740.0,9999999
58362,0,4628,25.1,16.65,0.0,0.0,27.03,291.61,2.0,7,100740.0,9999999
58362,0,4629,24.4,16.34,0.0,0.0,27.03,289.45,2.0,14,100740.0,9999999
58362,0,4630,24.1,16.34,0.0,0.0,27.03,293.37,2.0,4,100740.0,9999999
58362,0,4631,23.9,16.75,0.0,0.0,27.03,289.09,2.0,11,100740.0,9999999
58362,0,4632,23.9,17.17,0.0,0.0,27.03,287.43,2.0,10,100820.0,9999999
58362,0,4633,23.9,17.6,0.0,0.0,27.03,288.17,2.0,2,100820.0,9999999
58362,0,4634,23.8,17.93,0.0,0.0,27.03,286.5,1.0,7,100820.0,9999999
58362,0,4635,23.5,17.93,0.0,0.0,27.03,288.9,1.0,12,100820.0,9999999
58362,0,4636,23.4,17.93,0.0,0.0,27.03,287.06,1.0,5,100820.0,9999999
58362,0,4637,23.6,18.26,1.0,1.0,27.03,287.99,1.0,6,100820.0,9999999
58362,0,4638,24.1,18.72,49.0,49.0,27.03,287.8,1.0,11,100820.0,9999999
58362,0,4639,24.8,19.19,108.0,108.0,27.03,289.27,1.0,8,100820.0,9999999
58362,0,4640,25.5,19.42,172.0,172.0,27.03,291.07,1.0,7,100820.0,9999999
58362,0,4641,26.1,19.3,233.0,233.0,27.03,289.81,1.0,16,100820.0,9999999
58362,0,4642,26.6,18.84,284.0,284.0,27.03,293.55,1.0,1,100820.0,9999999
58362,0,4643,27.1,18.15,317.0,317.0,27.03,294.07,1.0,4,100820.0,9999999
58362,0,4644,27.7,17.6,327.0,327.0,27.03,291.07,1.0,13,100820.0,9999999
58362,0,4645,28.4,17.28,313.0,313.0,27.03,295.1,1.0,14,100820.0,9999999
58362,0,4646,29.3,17.38,276.0,276.0,27.03,293.37,3.0,10,100820.0,9999999
58362,0,4647,30.3,18.04,222.0,222.0,27.03,295.61,3.0,7,100820.0,9999999
58362,0,4648,30.8,18.61,160.0,160.0,27.03,300.44,3.0,8,100820.0,9999999
58362,0,4649,30.6,18.61,96.0,96.0,27.03,294.07,3.0,1,100820.0,9999999
58362,0,4650,30.0,18.49,39.0,39.0,27.03,299.63,3.0,15,100820.0,9999999
58362,0,4651,29.2,18.38,0.0,0.0,27.03,290.36,3.0,8,100820.0,9999999
58362,0,4652,28.3,18.15,0.0,0.0,27.03,292.49,4.0,10,100820.0,9999999
58362,0,4653,27.5,18.15,0.0,0.0,27.03,295.44,4.0,13,100820.0,9999999
58362,0,4654,26.8,18.15,0.0,0.0,27.03,294.93,4.0,16,100820.0,9999999
58362,0,4655,26.3,18.15,0.0,0.0,27.03,292.32,4.0,5,100820.0,9999999
58362,0,4656,25.9,18.26,0.0,0.0,27.03,289.45,4.0,10,100780.0,9999999
58362,0,4657,25.6,18.49,0.0,0.0,27.03,289.27,4.0,2,100780.0,9999999
58362,0,4658,25.5,18.61,0.0,0.0,27.03,289.81,5.0,11,100780.0,9999999
58362,0,4659,25.5,18.61,0.0,0.0,27.03,295.27,5.0,16,100780.0,9999999
58362,0,4660,25.6,18.49,0.0,0.0,27.03,289.27,5.0,9,100780.0,9999999
58362,0,4661,25.7,18.26,2.0,1.0,27.03,289.99,5.0,7,100780.0,9999999
58362,0,4662,25.9,18.04,44.0,44.0,27.03,290.18,5.0,11,100780.0,9999999
58362,0,4663,26.2,17.71,98.0,98.0,27.03,290.36,5.0,15,100780.0,9999999
58362,0,4664,26.7,17.38,155.0,155.0,27.03,292.49,5.0,10,100780.0,9999999
58362,0,4665,27.3,17.17,211.0,211.0,27.03,293.89,5.0,4,100780.0,9999999
58362,0,4666,28.0,17.06,586.0,348.0,27.03,288.9,5.0,11,100780.0,9999999
58362,0,4667,28.8,17.06,654.0,388.0,27.03,298.14,5.0,11,100780.0,9999999
58362,0,4668,29.7,17.28,296.0,296.0,27.03,296.3,5.0,7,100780.0,9999999
58362,0,4669,30.7,17.71,645.0,382.0,27.03,294.07,5.0,13,100780.0,9999999
58362,0,4670,31.7,18.49,568.0,337.0,27.03,298.47,5.0,11,100780.0,9999999
58362,0,4671,32.4,19.42,201.0,201.0,27.03,293.55,5.0,9,100780.0,9999999
58362,0,4672,32.2,19.66,144.0,144.0,27.03,297.64,5.0,2,100780.0,9999999
58362,0,4673,31.6,19.66,87.0,87.0,27.03,299.96,5.0,9,100780.0,9999999
58362,0,4674,30.9,19.66,80.0,48.0,27.03,295.96,5.0,6,100780.0,9999999
58362,0,4675,30.1,19.66,0.0,0.0,27.03,293.72,5.0,6,100780.0,9999999
58362,0,4676,29.4,19.66,0.0,0.0,27.03,294.41,1.0,10,100780.0,9999999
58362,0,4677,28.9,19.91,0.0,0.0,27.03,290.36,1.0,2,100780.0,9999999
58362,0,4678,28.6,20.15,0.0,0.0,27.03,298.64,1.0,1,100780.0,9999999
58362,0,4679,28.4,20.52,0.0,0.0,27.03,294.93,1.0,12,100780.0,9999999
58362,0,4680,28.3,20.78,0.0,0.0,27.03,295.61,1.0,8,100520.0,9999999
58362,0,4681,28.2,20.78,0.0,0.0,27.03,289.81,1.0,5,100520.0,9999999
58362,0,4682,28.0,20.52,0.0,0.0,27.03,292.67,3.0,9,100520.0,9999999
58362,0,4683,27.7,20.15,0.0,0.0,27.03,292.32,3.0,8,100520.0,9999999
58362,0,4684,27.6,19.54,0.0,0.0,27.03,290.36,3.0,15,100520.0,9999999
58362,0,4685,27.7,19.19,1.0,1.0,27.03,297.47,3.0,1,100520.0,9999999
58362,0,4686,28.0,18.84,62.0,62.0,27.03,297.81,3.0,6,100520.0,9999999
58362,0,4687,28.5,18.72,347.0,149.0,27.03,296.63,3.0,6,100520.0,9999999
58362,0,4688,29.3,18.72,219.0,219.0,27.03,294.76,5.0,11,100520.0,9999999
58362,0,4689,30.3,18.95,298.0,298.0,27.03,292.85,5.0,14,100520.0,9999999
58362,0,4690,31.4,19.3,918.0,393.0,27.03,294.93,5.0,7,100520.0,9999999
58362,0,4691,32.4,19.66,406.0,406.0,27.03,295.1,5.0,16,100520.0,9999999
58362,0,4692,33.1,19.91,418.0,418.0,27.03,301.42,5.0,4,100520.0,9999999
58362,0,4693,33.4,20.03,400.0,400.0,27.03,300.44,5.0,7,100520.0,9999999
58362,0,4694,32.4,19.3,890.0,381.0,27.03,297.31,2.0,13,100520.0,9999999
58362,0,4695,31.2,18.84,284.0,284.0,27.03,297.31,2.0,8,100520.0,9999999
58362,0,4696,30.5,19.19,514.0,220.0,27.03,295.44,2.0,16,100520.0,9999999
58362,0,4697,30.0,19.91,122.0,122.0,27.03,292.85,2.0,10,100520.0,9999999
58362,0,4698,29.6,20.78,125.0,53.0,27.03,294.93,2.0,7,100520.0,9999999
58362,0,4699,29.3,21.55,0.0,0.0,27.03,295.27,2.0,7,100520.0,9999999
58362,0,4700,28.9,21.68,0.0,0.0,27.03,297.47,1.0,8,100520.0,9999999
58362,0,4701,28.3,21.29,0.0,0.0,27.03,291.43,1.0,11,100520.0,9999999
58362,0,4702,27.8,20.52,0.0,0.0,27.03,289.27,1.0,10,100520.0,9999999
58362,0,4703,27.4,19.66,0.0,0.0,27.03,292.49,1.0,16,100520.0,9999999
58362,0,4704,27.4,19.19,0.0,0.0,27.03,291.07,1.0,6,100480.0,9999999
58362,0,4705,28.0,19.3,0.0,0.0,27.03,289.45,1.0,2,100480.0,9999999
58362,0,4706,29.4,20.52,0.0,0.0,27.03,294.07,5.0,10,100480.0,9999999
58362,0,4707,31.5,22.76,0.0,0.0,27.03,301.9,5.0,7,100480.0,9999999
58362,0,4708,33.5,25.37,0.0,0.0,27.03,298.81,5.0,5,100480.0,9999999
58362,0,4709,34.1,26.15,0.0,0.0,27.03,300.61,5.0,12,100480.0,9999999
58362,0,4710,32.7,24.18,94.0,60.0,27.03,303.33,5.0,5,100480.0,9999999
58362,0,4711,30.6,21.55,209.0,133.0,27.03,295.27,5.0,16,100480.0,9999999
58362,0,4712,29.5,20.4,334.0,213.0,27.03,292.32,4.0,12,100480.0,9999999
58362,0,4713,29.4,20.52,454.0,289.0,27.03,294.07,4.0,11,100480.0,9999999
58362,0,4714,29.3,20.52,554.0,353.0,27.03,295.61,4.0,1,100480.0,9999999
58362,0,4715,29.0,20.52,263.0,263.0,27.03,294.76,4.0,15,100480.0,9999999
58362,0,4716,28.7,20.27,271.0,271.0,27.03,291.61,4.0,3,100480.0,9999999
58362,0,4717,28.3,20.03,259.0,259.0,27.03,293.37,4.0,6,100480.0,9999999
58362,0,4718,27.9,19.66,228.0,228.0,27.03,291.79,4.0,16,100480.0,9999999
58362,0,4719,27.5,19.3,184.0,184.0,27.03,290.18,4.0,6,100480.0,9999999
58362,0,4720,27.1,18.95,310.0,198.0,27.03,293.2,4.0,8,100480.0,9999999
58362,0,4721,26.7,18.49,186.0,119.0,27.03,291.07,4.0,12,100480.0,9999999
58362,0,4722,26.4,18.15,75.0,48.0,27.03,292.32,4.0,8,100480.0,9999999
58362,0,4723,26.1,17.93,0.0,0.0,27.03,289.63,4.0,11,100480.0,9999999
58362,0,4724,25.9,17.93,0.0,0.0,27.03,293.89,0.0,0,100480.0,9999999
58362,0,4725,25.8,18.04,0.0,0.0,27.03,292.67,0.0,6,100480.0,9999999
58362,0,4726,25.8,18.26,0.0,0.0,27.03,295.44,0.0,7,100480.0,9999999
58362,0,4727,25.8,18.61,0.0,0.0,27.03,292.85,0.0,15,100480.0,9999999
58362,0,4728,25.8,18.95,0.0,0.0,27.03,287.24,0.0,5,100730.0,9999999
58362,0,4729,25.8,19.3,0.0,0.0,27.03,290.36,0.0,5,100730.0,9999999
58362,0,4730,25.7,19.42,0.0,0.0,27.03,289.45,0.0,0,100730.0,9999999
58362,0,4731,25.5,19.42,0.0,0.0,27.03,290.54,0.0,11,100730.0,9999999
58362,0,4732,25.3,19.42,0.0,0.0,27.03,291.61,0.0,10,100730.0,9999999
58362,0,4733,25.2,19.42,0.0,0.0,27.03,289.09,0.0,1,100730.0,9999999
58362,0,4734,25.5,19.78,141.0,89.0,27.03,288.35,0.0,14,100730.0,9999999
58362,0,4735,26.2,20.52,94.0,94.0,27.03,291.96,0.0,2,100730.0,9999999
58362,0,4736,27.0,21.29,503.0,318.0,27.03,295.61,2.0,6,100730.0,9999999
58362,0,4737,27.7,21.68,205.0,205.0,27.03,293.2,2.0,2,100730.0,9999999
58362,0,4738,28.3,21.81,250.0,250.0,27.03,291.43,2.0,14,100730.0,9999999
58362,0,4739,28.7,21.55,933.0,590.0,27.03,297.31,2.0,11,100730.0,9999999
58362,0,4740,28.8,21.03,289.0,289.0,27.03,296.13,2.0,13,100730.0,9999999
58362,0,4741,28.6,20.4,276.0,276.0,27.03,293.89,2.0,10,100730.0,9999999
58362,0,4742,28.2,19.78,243.0,243.0,27.03,293.89,4.0,6,100730.0,9999999
58362,0,4743,27.8,19.54,195.0,195.0,27.03,289.27,4.0,6,100730.0,9999999
58362,0,4744,27.5,19.66,140.0,140.0,27.03,292.49,4.0,13,100730.0,9999999
58362,0,4745,27.2,20.03,84.0,84.0,27.03,288.72,4.0,3,100730.0,9999999
58362,0,4746,27.0,20.52,111.0,71.0,27.03,292.85,4.0,3,100730.0,9999999
58362,0,4747,26.9,21.03,0.0,0.0,27.03,292.32,4.0,1,100730.0,9999999
58362,0,4748,26.9,21.55,0.0,0.0,27.03,292.32,0.0,0,100730.0,9999999
58362,0,4749,27.0,22.08,0.0,0.0,27.03,292.49,0.0,3,100730.0,9999999
58362,0,4750,27.2,22.35,0.0,0.0,27.03,293.2,0.0,7,100730.0,9999999
58362,0,4751,27.3,22.49,0.0,0.0,27.03,296.13,0.0,2,100730.0,9999999
58362,0,4752,27.4,22.35,0.0,0.0,27.03,294.07,0.0,10,100810.0,9999999
58362,0,4753,27.2,22.08,0.0,0.0,27.03,297.64,0.0,15,100810.0,9999999
58362,0,4754,26.9,21.55,0.0,0.0,27.03,295.61,2.0,5,100810.0,9999999
58362,0,4755,26.3,20.9,0.0,0.0,27.03,289.45,2.0,4,100810.0,9999999
58362,0,4756,25.8,20.27,0.0,0.0,27.03,291.07,2.0,5,100810.0,9999999
58362,0,4757,25.5,20.03,0.0,0.0,27.03,290.72,2.0,1,100810.0,9999999
58362,0,4758,25.8,20.52,42.0,42.0,27.03,295.96,2.0,13,100810.0,9999999
58362,0,4759,26.6,21.42,93.0,93.0,27.03,294.07,2.0,11,100810.0,9999999
58362,0,4760,27.3,22.08,150.0,150.0,27.03,293.37,1.0,3,100810.0,9999999
58362,0,4761,27.7,22.08,204.0,204.0,27.03,295.27,1.0,8,100810.0,9999999
58362,0,4762,27.7,21.55,249.0,249.0,27.03,295.27,1.0,4,100810.0,9999999
58362,0,4763,27.6,20.78,278.0,278.0,27.03,289.27,1.0,14,100810.0,9999999
58362,0,4764,27.6,20.03,287.0,287.0,27.03,291.43,1.0,10,100810.0,9999999
58362,0,4765,27.8,19.54,274.0,274.0,27.03,294.07,1.0,7,100810.0,9999999
58362,0,4766,28.3,19.66,241.0,241.0,27.03,292.14,3.0,6,100810.0,9999999
58362,0,4767,29.2,20.52,194.0,194.0,27.03,293.89,3.0,3,100810.0,9999999
58362,0,4768,30.2,21.68,139.0,139.0,27.03,297.64,3.0,4,100810.0,9999999
58362,0,4769,30.6,22.49,83.0,83.0,27.03,293.72,3.0,2,100810.0,9999999
58362,0,4770,30.0,21.95,33.0,33.0,27.03,293.2,3.0,2,100810.0,9999999
58362,0,4771,28.6,20.65,0.0,0.0,27.03,293.89,3.0,3,100810.0,9999999
58362,0,4772,27.3,19.54,0.0,0.0,27.03,291.07,2.0,6,100810.0,9999999
58362,0,4773,26.5,18.95,0.0,0.0,27.03,292.67,2.0,10,100810.0,9999999
58362,0,4774,26.3,19.07,0.0,0.0,27.03,290.72,2.0,1,100810.0,9999999
58362,0,4775,26.4,19.54,0.0,0.0,27.03,293.55,2.0,3,100810.0,9999999
58362,0,4776,26.7,20.15,0.0,0.0,27.03,293.2,2.0,4,100640.0,9999999
58362,0,4777,27.1,20.52,0.0,0.0,27.03,291.79,2.0,1,100640.0,9999999
58362,0,4778,27.3,20.65,0.0,0.0,27.03,292.67,2.0,8,100640.0,9999999
58362,0,4779,27.3,20.27,0.0,0.0,27.03,292.49,2.0,16,100640.0,9999999
58362,0,4780,27.1,19.54,0.0,0.0,27.03,292.67,2.0,2,100640.0,9999999
58362,0,4781,27.0,18.84,0.0,0.0,27.03,295.1,2.0,5,100640.0,9999999
58362,0,4782,27.4,18.61,108.0,61.0,27.03,292.32,2.0,5,100640.0,9999999
58362,0,4783,28.4,19.19,243.0,138.0,27.03,293.89,2.0,8,100640.0,9999999
58362,0,4784,29.9,20.52,390.0,221.0,27.03,295.61,4.0,11,100640.0,9999999
58362,0,4785,31.7,22.62,227.0,227.0,27.03,293.55,4.0,13,100640.0,9999999
58362,0,4786,33.3,24.77,277.0,277.0,27.03,299.14,4.0,3,100640.0,9999999
58362,0,4787,34.0,25.84,727.0,411.0,27.03,299.3,4.0,4,100640.0,9999999
58362,0,4788,33.3,25.07,319.0,319.0,27.03,299.14,4.0,6,100640.0,9999999
58362,0,4789,31.7,23.18,305.0,305.0,27.03,298.47,4.0,8,100640.0,9999999
58362,0,4790,30.0,21.29,631.0,357.0,27.03,294.76,4.0,4,100640.0,9999999
58362,0,4791,28.9,20.15,507.0,287.0,27.03,294.59,4.0,5,100640.0,9999999
58362,0,4792,28.5,19.78,154.0,154.0,27.03,293.02,4.0,3,100640.0,9999999
58362,0,4793,28.5,19.91,92.0,92.0,27.03,293.55,4.0,11,100640.0,9999999
58362,0,4794,28.7,20.27,36.0,36.0,27.03,292.67,4.0,5,100640.0,9999999
58362,0,4795,29.0,20.78,0.0,0.0,27.03,296.3,4.0,5,100640.0,9999999
58362,0,4796,29.3,21.16,0.0,0.0,27.03,299.46,3.0,9,100640.0,9999999
58362,0,4797,29.4,21.29,0.0,0.0,27.03,294.76,3.0,16,100640.0,9999999
58362,0,4798,29.2,21.16,0.0,0.0,27.03,296.63,3.0,8,100640.0,9999999
58362,0,4799,29.0,20.78,0.0,0.0,27.03,295.44,3.0,1,100640.0,9999999
58362,0,4800,28.6,20.4,0.0,0.0,27.03,291.61,3.0,12,100600.0,9999999
58362,0,4801,28.3,19.91,0.0,0.0,27.03,294.59,3.0,7,100600.0,9999999
58362,0,4802,28.0,19.3,0.0,0.0,27.03,293.02,3.0,10,100600.0,9999999
58362,0,4803,27.8,18.84,0.0,0.0,27.03,292.85,3.0,5,100600.0,9999999
58362,0,4804,27.7,18.38,0.0,0.0,27.03,297.31,3.0,15,100600.0,9999999
58362,0,4805,27.7,18.04,0.0,0.0,27.03,292.49,3.0,4,100600.0,9999999
58362,0,4806,28.2,18.04,113.0,30.0,27.03,293.02,3.0,9,100600.0,9999999
58362,0,4807,29.4,18.72,266.0,48.0,27.03,295.44,3.0,16,100600.0,9999999
58362,0,4808,30.6,19.42,427.0,77.0,27.03,294.93,4.0,11,100600.0,9999999
58362,0,4809,31.5,19.54,559.0,151.0,27.03,296.46,4.0,16,100600.0,9999999
58362,0,4810,32.0,19.3,402.0,402.0,27.03,296.3,4.0,12,100600.0,9999999
58362,0,4811,32.3,18.84,764.0,206.0,27.03,296.63,4.0,8,100600.0,9999999
58362,0,4812,32.7,18.61,822.0,148.0,27.03,300.77,4.0,8,100600.0,9999999
58362,0,4813,33.3,18.84,785.0,141.0,27.03,298.64,4.0,6,100600.0,9999999
58362,0,4814,34.3,19.78,691.0,124.0,27.03,299.3,3.0,10,100600.0,9999999
58362,0,4815,35.2,21.03,555.0,100.0,27.03,296.63,3.0,15,100600.0,9999999
58362,0,4816,34.9,21.29,396.0,71.0,27.03,300.61,3.0,15,100600.0,9999999
58362,0,4817,34.1,21.16,226.0,61.0,27.03,297.98,3.0,1,100600.0,9999999
58362,0,4818,33.0,20.9,92.0,17.0,27.03,298.14,3.0,11,100600.0,9999999
58362,0,4819,31.8,20.65,0.0,0.0,27.03,298.14,3.0,10,100600.0,9999999
58362,0,4820,30.7,20.4,0.0,0.0,27.03,294.59,2.0,8,100600.0,9999999
58362,0,4821,29.8,20.4,0.0,0.0,27.03,293.72,2.0,2,100600.0,9999999
58362,0,4822,29.2,20.52,0.0,0.0,27.03,292.14,2.0,13,100600.0,9999999
58362,0,4823,28.7,20.9,0.0,0.0,27.03,294.07,2.0,15,100600.0,9999999
58362,0,4824,28.4,21.16,0.0,0.0,27.03,293.72,2.0,8,100760.0,9999999
58362,0,4825,28.1,21.29,0.0,0.0,27.03,294.07,2.0,8,100760.0,9999999
58362,0,4826,27.9,21.16,0.0,0.0,27.03,296.46,4.0,9,100760.0,9999999
58362,0,4827,27.7,20.9,0.0,0.0,27.03,291.61,4.0,12,100760.0,9999999
58362,0,4828,27.5,20.4,0.0,0.0,27.03,293.2,4.0,14,100760.0,9999999
58362,0,4829,27.4,19.78,0.0,0.0,27.03,291.25,4.0,9,100760.0,9999999
58362,0,4830,27.7,19.54,73.0,15.0,27.03,290.54,4.0,2,100760.0,9999999
58362,0,4831,28.5,19.66,295.0,37.0,27.03,296.8,4.0,10,100760.0,9999999
58362,0,4832,29.7,20.03,475.0,60.0,27.03,295.96,2.0,10,100760.0,9999999
58362,0,4833,31.1,20.52,650.0,82.0,27.03,296.13,2.0,7,100760.0,9999999
58362,0,4834,32.4,20.9,794.0,100.0,27.03,298.14,2.0,8,100760.0,9999999
58362,0,4835,33.6,21.03,888.0,112.0,27.03,300.93,2.0,1,100760.0,9999999
58362,0,4836,34.5,21.03,916.0,116.0,27.03,300.28,2.0,12,100760.0,9999999
58362,0,4837,34.8,20.78,875.0,111.0,27.03,300.44,2.0,10,100760.0,9999999
58362,0,4838,34.3,20.15,432.0,87.0,27.03,302.54,4.0,6,100760.0,9999999
58362,0,4839,33.5,19.66,618.0,78.0,27.03,300.44,4.0,6,100760.0,9999999
58362,0,4840,32.5,19.54,441.0,56.0,27.03,302.38,4.0,1,100760.0,9999999
58362,0,4841,31.5,19.66,147.0,30.0,27.03,292.85,4.0,4,100760.0,9999999
58362,0,4842,30.6,19.91,102.0,13.0,27.03,298.81,4.0,12,100760.0,9999999
58362,0,4843,29.7,20.03,0.0,0.0,27.03,294.24,4.0,1,100760.0,9999999
58362,0,4844,28.9,20.15,0.0,0.0,27.03,297.31,3.0,9,100760.0,9999999
58362,0,4845,28.3,20.15,0.0,0.0,27.03,293.37,3.0,10,100760.0,9999999
58362,0,4846,27.8,20.15,0.0,0.0,27.03,293.02,3.0,13,100760.0,9999999
58362,0,4847,27.4,20.15,0.0,0.0,27.03,293.2,3.0,15,100760.0,9999999
58362,0,4848,27.1,20.15,0.0,0.0,27.03,293.55,3.0,16,101050.0,9999999
58362,0,4849,26.9,20.03,0.0,0.0,27.03,290.72,3.0,7,101050.0,9999999
58362,0,4850,26.7,19.91,0.0,0.0,27.03,295.1,3.0,7,101050.0,9999999
58362,0,4851,26.5,19.91,0.0,0.0,27.03,290.36,3.0,9,101050.0,9999999
58362,0,4852,26.4,19.78,0.0,0.0,27.03,290.89,3.0,16,101050.0,9999999
58362,0,4853,26.3,19.66,0.0,0.0,27.03,287.8,3.0,1,101050.0,9999999
58362,0,4854,26.5,19.78,119.0,27.0,27.03,291.61,3.0,9,101050.0,9999999
58362,0,4855,26.9,20.15,290.0,42.0,27.03,295.27,3.0,12,101050.0,9999999
58362,0,4856,27.5,20.4,438.0,98.0,27.03,292.67,3.0,7,101050.0,9999999
58362,0,4857,28.2,20.78,641.0,92.0,27.03,293.55,3.0,14,101050.0,9999999
58362,0,4858,29.0,21.03,784.0,113.0,27.03,297.64,3.0,15,101050.0,9999999
58362,0,4859,29.7,21.16,819.0,183.0,27.03,294.41,3.0,11,101050.0,9999999
58362,0,4860,30.2,21.03,497.0,497.0,27.03,300.28,3.0,8,101050.0,9999999
58362,0,4861,30.4,20.78,807.0,181.0,27.03,295.1,3.0,8,101050.0,9999999
58362,0,4862,29.6,19.66,760.0,109.0,27.03,299.46,5.0,6,101050.0,9999999
58362,0,4863,28.6,18.72,570.0,128.0,27.03,289.81,5.0,12,101050.0,9999999
58362,0,4864,28.0,18.49,434.0,62.0,27.03,297.64,5.0,3,101050.0,9999999
58362,0,4865,27.5,18.61,257.0,37.0,27.03,290.18,5.0,11,101050.0,9999999
58362,0,4866,27.3,18.95,93.0,21.0,27.03,292.85,5.0,6,101050.0,9999999
58362,0,4867,27.1,19.54,0.0,0.0,27.03,293.37,5.0,11,101050.0,9999999
58362,0,4868,27.1,20.03,0.0,0.0,27.03,296.97,4.0,6,101050.0,9999999
58362,0,4869,27.1,20.27,0.0,0.0,27.03,291.07,4.0,1,101050.0,9999999
58362,0,4870,27.1,20.52,0.0,0.0,27.03,291.79,4.0,6,101050.0,9999999
58362,0,4871,27.1,20.52,0.0,0.0,27.03,294.41,4.0,14,101050.0,9999999
58362,0,4872,27.1,20.4,0.0,0.0,27.03,292.85,4.0,1,101100.0,9999999
58362,0,4873,27.0,20.27,0.0,0.0,27.03,290.89,4.0,9,101100.0,9999999
58362,0,4874,26.9,20.03,0.0,0.0,27.03,292.67,4.0,6,101100.0,9999999
58362,0,4875,26.7,19.66,0.0,0.0,27.03,293.02,4.0,7,101100.0,9999999
58362,0,4876,26.5,19.3,0.0,0.0,27.03,293.55,4.0,12,101100.0,9999999
58362,0,4877,26.4,19.19,0.0,0.0,27.03,296.3,4.0,8,101100.0,9999999
58362,0,4878,26.5,19.19,73.0,13.0,27.03,294.76,4.0,2,101100.0,9999999
58362,0,4879,26.8,19.19,287.0,30.0,27.03,291.25,4.0,5,101100.0,9999999
58362,0,4880,27.1,19.3,464.0,49.0,27.03,291.61,3.0,6,101100.0,9999999
58362,0,4881,27.4,19.19,635.0,67.0,27.03,291.79,3.0,13,101100.0,9999999
58362,0,4882,27.8,18.95,777.0,82.0,27.03,292.14,3.0,6,101100.0,9999999
58362,0,4883,28.1,18.61,870.0,91.0,27.03,295.1,3.0,13,101100.0,9999999
58362,0,4884,28.5,18.49,898.0,94.0,27.03,295.44,3.0,4,101100.0,9999999
58362,0,4885,29.0,18.49,857.0,90.0,27.03,293.72,3.0,4,101100.0,9999999
58362,0,4886,29.5,18.72,754.0,79.0,27.03,294.93,5.0,5,101100.0,9999999
58362,0,4887,29.9,19.07,604.0,64.0,27.03,295.96,5.0,14,101100.0,9999999
58362,0,4888,29.7,19.07,430.0,45.0,27.03,299.46,5.0,1,101100.0,9999999
58362,0,4889,29.2,18.84,254.0,27.0,27.03,294.07,5.0,6,101100.0,9999999
58362,0,4890,28.5,18.61,97.0,10.0,27.03,296.63,5.0,4,101100.0,9999999
58362,0,4891,27.8,18.49,0.0,0.0,27.03,295.79,5.0,15,101100.0,9999999
58362,0,4892,27.1,18.38,0.0,0.0,27.03,295.1,3.0,5,101100.0,9999999
58362,0,4893,26.6,18.38,0.0,0.0,27.03,290.89,3.0,16,101100.0,9999999
58362,0,4894,26.2,18.61,0.0,0.0,27.03,292.32,3.0,16,101100.0,9999999
58362,0,4895,26.0,18.84,0.0,0.0,27.03,289.63,3.0,8,101100.0,9999999
58362,0,4896,25.8,19.19,0.0,0.0,27.03,287.24,3.0,3,100970.0,9999999
58362,0,4897,25.7,19.42,0.0,0.0,27.03,287.24,3.0,9,100970.0,9999999
58362,0,4898,25.6,19.54,0.0,0.0,27.03,289.45,2.0,4,100970.0,9999999
58362,0,4899,25.5,19.42,0.0,0.0,27.03,289.27,2.0,12,100970.0,9999999
58362,0,4900,25.4,19.3,0.0,0.0,27.03,291.07,2.0,14,100970.0,9999999
58362,0,4901,25.4,18.95,0.0,0.0,27.03,289.09,2.0,1,100970.0,9999999
58362,0,4902,25.7,18.95,128.0,11.0,27.03,293.89,2.0,9,100970.0,9999999
58362,0,4903,26.4,19.3,297.0,25.0,27.03,287.8,2.0,12,100970.0,9999999
58362,0,4904,27.2,19.66,481.0,40.0,27.03,289.99,3.0,4,100970.0,9999999
58362,0,4905,27.9,19.66,659.0,55.0,27.03,289.27,3.0,15,100970.0,9999999
58362,0,4906,28.4,19.54,807.0,67.0,27.03,295.44,3.0,15,100970.0,9999999
58362,0,4907,28.8,19.3,903.0,76.0,27.03,298.64,3.0,8,100970.0,9999999
58362,0,4908,29.2,19.19,932.0,78.0,27.03,292.85,3.0,16,100970.0,9999999
58362,0,4909,29.6,19.19,889.0,74.0,27.03,292.32,3.0,11,100970.0,9999999
58362,0,4910,30.1,19.66,782.0,65.0,27.03,291.43,4.0,4,100970.0,9999999
58362,0,4911,30.5,20.4,627.0,52.0,27.03,296.13,4.0,5,100970.0,9999999
58362,0,4912,30.3,20.52,445.0,37.0,27.03,296.63,4.0,5,100970.0,9999999
58362,0,4913,29.8,20.65,263.0,22.0,27.03,298.14,4.0,10,100970.0,9999999
58362,0,4914,29.0,20.52,100.0,8.0,27.03,294.24,4.0,4,100970.0,9999999
58362,0,4915,28.2,20.27,0.0,0.0,27.03,292.14,4.0,6,100970.0,9999999
58362,0,4916,27.5,20.03,0.0,0.0,27.03,290.36,3.0,3,100970.0,9999999
58362,0,4917,26.9,19.78,0.0,0.0,27.03,293.2,3.0,5,100970.0,9999999
58362,0,4918,26.5,19.66,0.0,0.0,27.03,294.76,3.0,14,100970.0,9999999
58362,0,4919,26.1,19.54,0.0,0.0,27.03,291.79,3.0,6,100970.0,9999999
58362,0,4920,25.9,19.42,0.0,0.0,27.03,290.36,3.0,16,100720.0,9999999
58362,0,4921,25.8,19.3,0.0,0.0,27.03,289.45,3.0,11,100720.0,9999999
58362,0,4922,25.6,19.07,0.0,0.0,27.03,291.25,2.0,2,100720.0,9999999
58362,0,4923,25.5,18.84,0.0,0.0,27.03,289.81,2.0,12,100720.0,9999999
58362,0,4924,25.4,18.61,0.0,0.0,27.03,286.68,2.0,5,100720.0,9999999
58362,0,4925,25.3,18.26,0.0,0.0,27.03,289.63,2.0,7,100720.0,9999999
58362,0,4926,25.5,18.15,129.0,10.0,27.03,288.17,2.0,9,100720.0,9999999
58362,0,4927,26.1,18.26,301.0,23.0,27.03,294.24,2.0,6,100720.0,9999999
58362,0,4928,26.8,18.26,489.0,37.0,27.03,289.45,2.0,3,100720.0,9999999
58362,0,4929,27.4,17.93,670.0,51.0,27.03,292.14,2.0,15,100720.0,9999999
58362,0,4930,28.0,17.49,821.0,62.0,27.03,291.25,2.0,16,100720.0,9999999
58362,0,4931,28.5,16.96,919.0,70.0,27.03,289.45,2.0,12,100720.0,9999999
58362,0,4932,29.0,16.65,949.0,72.0,27.03,292.85,2.0,13,100720.0,9999999
58362,0,4933,29.7,16.65,905.0,69.0,27.03,294.07,2.0,10,100720.0,9999999
58362,0,4934,30.4,17.17,796.0,60.0,27.03,296.13,3.0,1,100720.0,9999999
58362,0,4935,31.2,18.38,637.0,48.0,27.03,292.32,3.0,6,100720.0,9999999
58362,0,4936,31.6,19.78,453.0,34.0,27.03,297.81,3.0,1,100720.0,9999999
58362,0,4937,31.1,20.4,266.0,20.0,27.03,296.8,3.0,5,100720.0,9999999
58362,0,4938,30.0,20.4,100.0,8.0,27.03,299.96,3.0,1,100720.0,9999999
58362,0,4939,28.6,19.91,0.0,0.0,27.03,294.24,3.0,13,100720.0,9999999
58362,0,4940,27.3,19.3,0.0,0.0,27.03,293.55,3.0,4,100720.0,9999999
58362,0,4941,26.4,18.84,0.0,0.0,27.03,293.37,3.0,10,100720.0,9999999
58362,0,4942,26.0,18.61,0.0,0.0,27.03,292.14,3.0,6,100720.0,9999999
58362,0,4943,25.8,18.49,0.0,0.0,27.03,291.25,3.0,10,100720.0,9999999
58362,0,4944,25.7,18.49,0.0,0.0,27.03,287.06,3.0,13,100570.0,9999999
58362,0,4945,25.6,18.38,0.0,0.0,27.03,288.35,3.0,8,100570.0,9999999
58362,0,4946,25.5,18.15,0.0,0.0,27.03,290.89,1.0,4,100570.0,9999999
58362,0,4947,25.2,17.71,0.0,0.0,27.03,289.99,1.0,3,100570.0,9999999
58362,0,4948,24.9,17.38,0.0,0.0,27.03,285.93,1.0,2,100570.0,9999999
58362,0,4949,24.7,17.06,0.0,0.0,27.03,288.72,1.0,9,100570.0,9999999
58362,0,4950,25.1,17.28,71.0,13.0,27.03,289.27,1.0,12,100570.0,9999999
58362,0,4951,26.0,17.93,285.0,30.0,27.03,290.18,1.0,11,100570.0,9999999
58362,0,4952,26.9,18.38,464.0,49.0,27.03,293.02,2.0,2,100570.0,9999999
58362,0,4953,27.5,18.26,637.0,68.0,27.03,294.41,2.0,11,100570.0,9999999
58362,0,4954,28.0,17.71,781.0,83.0,27.03,291.43,2.0,5,100570.0,9999999
58362,0,4955,28.3,17.06,874.0,93.0,27.03,291.61,2.0,9,100570.0,9999999
58362,0,4956,28.8,16.75,903.0,96.0,27.03,294.59,2.0,9,100570.0,9999999
58362,0,4957,29.7,16.96,861.0,91.0,27.03,291.79,2.0,10,100570.0,9999999
58362,0,4958,31.0,18.04,757.0,80.0,27.03,298.97,3.0,2,100570.0,9999999
58362,0,4959,32.2,19.78,606.0,64.0,27.03,293.55,3.0,9,100570.0,9999999
58362,0,4960,31.9,20.4,430.0,46.0,27.03,295.61,3.0,12,100570.0,9999999
58362,0,4961,31.2,20.65,252.0,27.0,27.03,295.79,3.0,6,100570.0,9999999
58362,0,4962,30.2,20.65,94.0,10.0,27.03,295.96,3.0,3,100570.0,9999999
58362,0,4963,29.1,20.52,0.0,0.0,27.03,297.64,3.0,6,100570.0,9999999
58362,0,4964,28.3,20.15,0.0,0.0,27.03,292.85,3.0,5,100570.0,9999999
58362,0,4965,27.8,19.91,0.0,0.0,27.03,294.07,3.0,14,100570.0,9999999
58362,0,4966,27.6,19.66,0.0,0.0,27.03,289.09,3.0,16,100570.0,9999999
58362,0,4967,27.6,19.42,0.0,0.0,27.03,291.25,3.0,8,100570.0,9999999
58362,0,4968,27.6,19.3,0.0,0.0,27.03,289.09,3.0,9,100580.0,9999999
58362,0,4969,27.7,19.19,0.0,0.0,27.03,295.96,3.0,12,100580.0,9999999
58362,0,4970,27.7,18.95,0.0,0.0,27.03,294.76,2.0,13,100580.0,9999999
58362,0,4971,27.5,18.84,0.0,0.0,27.03,292.49,2.0,7,100580.0,9999999
58362,0,4972,27.3,18.84,0.0,0.0,27.03,290.89,2.0,13,100580.0,9999999
58362,0,4973,27.2,18.84,0.0,0.0,27.03,292.67,2.0,4,100580.0,9999999
58362,0,4974,27.5,19.3,63.0,17.0,27.03,291.96,2.0,7,100580.0,9999999
58362,0,4975,28.3,20.03,255.0,45.0,27.03,293.37,2.0,10,100580.0,9999999
58362,0,4976,29.1,20.4,416.0,73.0,27.03,294.76,2.0,13,100580.0,9999999
58362,0,4977,29.7,19.91,572.0,100.0,27.03,291.07,2.0,7,100580.0,9999999
58362,0,4978,30.0,18.84,702.0,123.0,27.03,294.41,2.0,11,100580.0,9999999
58362,0,4979,30.4,17.6,786.0,138.0,27.03,294.41,2.0,5,100580.0,9999999
58362,0,4980,30.9,16.54,811.0,142.0,27.03,300.12,2.0,10,100580.0,9999999
58362,0,4981,31.7,16.14,774.0,136.0,27.03,296.46,2.0,1,100580.0,9999999
58362,0,4982,32.9,16.54,680.0,119.0,27.03,302.06,4.0,2,100580.0,9999999
58362,0,4983,34.0,17.82,544.0,95.0,27.03,299.79,4.0,4,100580.0,9999999
58362,0,4984,33.7,18.49,385.0,67.0,27.03,298.31,4.0,11,100580.0,9999999
58362,0,4985,32.9,18.95,131.0,35.0,27.03,300.93,4.0,7,100580.0,9999999
58362,0,4986,31.8,19.3,83.0,15.0,27.03,293.02,4.0,10,100580.0,9999999
58362,0,4987,30.7,19.54,0.0,0.0,27.03,300.61,4.0,13,100580.0,9999999
58362,0,4988,29.8,19.54,0.0,0.0,27.03,296.97,2.0,8,100580.0,9999999
58362,0,4989,29.2,19.66,0.0,0.0,27.03,293.72,2.0,16,100580.0,9999999
58362,0,4990,28.9,19.78,0.0,0.0,27.03,293.37,2.0,12,100580.0,9999999
58362,0,4991,28.8,19.78,0.0,0.0,27.03,293.37,2.0,9,100580.0,9999999
58362,0,4992,28.8,19.78,0.0,0.0,27.03,295.1,2.0,14,100700.0,9999999
58362,0,4993,28.7,19.66,0.0,0.0,27.03,295.79,2.0,1,100700.0,9999999
58362,0,4994,28.5,19.42,0.0,0.0,27.03,293.02,2.0,10,100700.0,9999999
58362,0,4995,28.1,18.95,0.0,0.0,27.03,297.81,2.0,14,100700.0,9999999
58362,0,4996,27.7,18.61,0.0,0.0,27.03,290.36,2.0,6,100700.0,9999999
58362,0,4997,27.5,18.49,0.0,0.0,27.03,290.18,2.0,10,100700.0,9999999
58362,0,4998,28.0,18.95,115.0,25.0,27.03,292.32,2.0,4,100700.0,9999999
58362,0,4999,29.1,20.15,160.0,160.0,27.03,293.55,2.0,6,100700.0,9999999
58362,0,5000,30.4,21.42,446.0,95.0,27.03,298.97,1.0,3,100700.0,9999999
58362,0,5001,31.6,22.49,360.0,360.0,27.03,296.46,1.0,9,100700.0,9999999
58362,0,5002,32.7,23.04,753.0,161.0,27.03,296.97,1.0,5,100700.0,9999999
58362,0,5003,33.5,23.32,898.0,122.0,27.03,300.28,1.0,9,100700.0,9999999
58362,0,5004,34.0,23.04,871.0,187.0,27.03,300.12,1.0,6,100700.0,9999999
58362,0,5005,34.2,22.62,885.0,120.0,27.03,300.77,1.0,15,100700.0,9999999
58362,0,5006,33.1,20.78,777.0,106.0,27.03,298.31,5.0,6,100700.0,9999999
58362,0,5007,31.8,19.19,621.0,85.0,27.03,293.02,5.0,2,100700.0,9999999
58362,0,5008,30.9,18.38,413.0,88.0,27.03,293.37,5.0,1,100700.0,9999999
58362,0,5009,30.3,18.15,257.0,35.0,27.03,293.72,5.0,9,100700.0,9999999
58362,0,5010,29.9,18.26,94.0,13.0,27.03,299.46,5.0,5,100700.0,9999999
58362,0,5011,29.6,18.61,0.0,0.0,27.03,294.93,5.0,13,100700.0,9999999
58362,0,5012,29.3,19.07,0.0,0.0,27.03,294.24,3.0,7,100700.0,9999999
58362,0,5013,29.0,19.3,0.0,0.0,27.03,293.89,3.0,8,100700.0,9999999
58362,0,5014,28.6,19.66,0.0,0.0,27.03,298.47,3.0,2,100700.0,9999999
58362,0,5015,28.2,19.78,0.0,0.0,27.03,294.41,3.0,15,100700.0,9999999
58362,0,5016,27.8,19.91,0.0,0.0,27.03,294.24,3.0,16,100620.0,9999999
58362,0,5017,27.5,20.03,0.0,0.0,27.03,293.89,3.0,4,100620.0,9999999
58362,0,5018,27.3,20.27,0.0,0.0,27.03,291.25,2.0,5,100620.0,9999999
58362,0,5019,27.2,20.4,0.0,0.0,27.03,292.49,2.0,6,100620.0,9999999
58362,0,5020,27.2,20.52,0.0,0.0,27.03,293.02,2.0,2,100620.0,9999999
58362,0,5021,27.2,20.65,0.0,0.0,27.03,294.59,2.0,2,100620.0,9999999
58362,0,5022,27.4,20.78,62.0,41.0,27.03,290.54,2.0,4,100620.0,9999999
58362,0,5023,28.0,21.16,76.0,76.0,27.03,293.89,2.0,11,100620.0,9999999
58362,0,5024,28.6,21.29,125.0,125.0,27.03,293.37,2.0,6,100620.0,9999999
58362,0,5025,29.1,21.16,335.0,224.0,27.03,292.14,2.0,3,100620.0,9999999
58362,0,5026,29.4,20.65,412.0,275.0,27.03,293.37,2.0,9,100620.0,9999999
58362,0,5027,29.7,20.03,462.0,308.0,27.03,291.07,2.0,7,100620.0,9999999
58362,0,5028,30.1,19.54,477.0,318.0,27.03,291.43,2.0,10,100620.0,9999999
58362,0,5029,30.6,19.54,455.0,304.0,27.03,294.93,2.0,16,100620.0,9999999
58362,0,5030,31.3,20.15,204.0,204.0,27.03,297.64,3.0,4,100620.0,9999999
58362,0,5031,32.2,21.55,319.0,213.0,27.03,293.72,3.0,8,100620.0,9999999
58362,0,5032,32.6,23.04,115.0,115.0,27.03,294.41,3.0,1,100620.0,9999999
58362,0,5033,32.2,23.6,131.0,88.0,27.03,296.46,3.0,10,100620.0,9999999
58362,0,5034,31.1,23.32,47.0,32.0,27.03,293.02,3.0,10,100620.0,9999999
58362,0,5035,29.8,22.62,0.0,0.0,27.03,297.31,3.0,4,100620.0,9999999
58362,0,5036,28.6,21.81,0.0,0.0,27.03,290.36,2.0,5,100620.0,9999999
58362,0,5037,27.9,21.42,0.0,0.0,27.03,289.63,2.0,16,100620.0,9999999
58362,0,5038,27.5,21.16,0.0,0.0,27.03,291.61,2.0,7,100620.0,9999999
58362,0,5039,27.4,21.16,0.0,0.0,27.03,297.64,2.0,6,100620.0,9999999
58362,0,5040,27.5,21.16,0.0,0.0,27.03,290.54,2.0,3,100550.0,9999999
58362,0,5041,27.6,21.03,0.0,0.0,27.03,294.07,2.0,3,100550.0,9999999
58362,0,5042,27.6,20.78,0.0,0.0,27.03,292.85,2.0,7,100550.0,9999999
58362,0,5043,27.4,20.4,0.0,0.0,27.03,290.36,2.0,4,100550.0,9999999
58362,0,5044,27.1,19.78,0.0,0.0,27.03,292.85,2.0,10,100550.0,9999999
58362,0,5045,26.8,19.19,0.0,0.0,27.03,293.89,2.0,14,100550.0,9999999
58362,0,5046,26.5,18.61,63.0,43.0,27.03,291.96,2.0,4,100550.0,9999999
58362,0,5047,26.4,18.15,152.0,103.0,27.03,292.32,2.0,3,100550.0,9999999
58362,0,5048,26.4,18.04,123.0,123.0,27.03,288.9,0.0,0,100550.0,9999999
58362,0,5049,26.7,18.15,345.0,234.0,27.03,292.14,0.0,4,100550.0,9999999
58362,0,5050,27.2,18.49,424.0,287.0,27.03,291.61,0.0,1,100550.0,9999999
58362,0,5051,28.0,19.19,475.0,322.0,27.03,294.07,0.0,2,100550.0,9999999
58362,0,5052,28.8,20.03,242.0,242.0,27.03,292.49,0.0,6,100550.0,9999999
58362,0,5053,29.6,21.03,231.0,231.0,27.03,296.97,0.0,15,100550.0,9999999
58362,0,5054,30.4,22.35,411.0,278.0,27.03,300.77,3.0,4,100550.0,9999999
58362,0,5055,30.9,23.46,328.0,222.0,27.03,294.24,3.0,2,100550.0,9999999
58362,0,5056,30.7,23.75,231.0,157.0,27.03,301.25,3.0,1,100550.0,9999999
58362,0,5057,30.3,23.75,66.0,66.0,27.03,299.3,3.0,11,100550.0,9999999
58362,0,5058,29.7,23.46,48.0,32.0,27.03,294.76,3.0,13,100550.0,9999999
58362,0,5059,29.1,23.04,0.0,0.0,27.03,296.8,3.0,11,100550.0,9999999
58362,0,5060,28.5,22.49,0.0,0.0,27.03,296.13,1.0,8,100550.0,9999999
58362,0,5061,28.0,21.95,0.0,0.0,27.03,294.76,1.0,11,100550.0,9999999
58362,0,5062,27.6,21.29,0.0,0.0,27.03,291.79,1.0,4,100550.0,9999999
58362,0,5063,27.3,20.65,0.0,0.0,27.03,292.67,1.0,14,100550.0,9999999
58362,0,5064,27.1,20.15,0.0,0.0,27.03,292.85,1.0,5,100550.0,9999999
58362,0,5065,26.9,19.78,0.0,0.0,27.03,291.96,1.0,6,100550.0,9999999
58362,0,5066,26.7,19.54,0.0,0.0,27.03,289.45,2.0,6,100550.0,9999999
58362,0,5067,26.5,19.3,0.0,0.0,27.03,289.27,2.0,1,100550.0,9999999
58362,0,5068,26.4,19.3,0.0,0.0,27.03,287.8,2.0,13,100550.0,9999999
58362,0,5069,26.3,19.42,0.0,0.0,27.03,287.8,2.0,5,100550.0,9999999
58362,0,5070,26.5,19.66,104.0,28.0,27.03,291.61,2.0,9,100550.0,9999999
58362,0,5071,27.2,20.15,271.0,48.0,27.03,292.32,2.0,7,100550.0,9999999
58362,0,5072,28.0,20.65,446.0,79.0,27.03,292.67,2.0,9,100550.0,9999999
58362,0,5073,28.9,20.65,616.0,109.0,27.03,296.13,2.0,8,100550.0,9999999
58362,0,5074,29.7,20.27,707.0,188.0,27.03,292.49,2.0,15,100550.0,9999999
58362,0,5075,30.5,19.78,466.0,466.0,27.03,300.44,2.0,10,100550.0,9999999
58362,0,5076,31.3,19.19,818.0,218.0,27.03,298.31,2.0,5,100550.0,9999999
58362,0,5077,32.1,19.07,836.0,148.0,27.03,294.76,2.0,15,100550.0,9999999
58362,0,5078,32.9,19.54,685.0,182.0,27.03,296.46,3.0,9,100550.0,9999999
58362,0,5079,33.4,20.65,585.0,104.0,27.03,300.61,3.0,1,100550.0,9999999
58362,0,5080,32.8,21.03,412.0,73.0,27.03,297.47,3.0,16,100550.0,9999999
58362,0,5081,31.4,20.78,223.0,59.0,27.03,295.27,3.0,11,100550.0,9999999
58362,0,5082,29.8,20.4,46.0,46.0,27.03,294.93,3.0,11,100550.0,9999999
58362,0,5083,28.5,20.15,0.0,0.0,27.03,296.97,3.0,2,100550.0,9999999
58362,0,5084,28.3,20.65,0.0,0.0,27.03,294.07,4.0,8,100550.0,9999999
58362,0,5085,29.3,22.35,0.0,0.0,27.03,298.14,4.0,2,100550.0,9999999
58362,0,5086,30.5,23.89,0.0,0.0,27.03,293.89,4.0,3,100550.0,9999999
58362,0,5087,30.6,23.75,0.0,0.0,27.03,292.67,4.0,1,100550.0,9999999
58362,0,5088,30.0,22.35,0.0,0.0,25.21,298.81,4.0,6,100150.0,9999999
58362,0,5089,29.2,20.9,0.0,0.0,25.21,295.1,4.0,14,100150.0,9999999
58362,0,5090,28.8,20.03,0.0,0.0,25.21,291.61,6.0,8,100150.0,9999999
58362,0,5091,28.7,19.78,0.0,0.0,25.21,293.2,6.0,4,100150.0,9999999
58362,0,5092,28.3,19.54,0.0,0.0,25.21,293.89,6.0,5,100150.0,9999999
58362,0,5093,27.9,19.3,0.0,0.0,25.21,292.32,6.0,2,100150.0,9999999
58362,0,5094,27.4,19.07,13.0,13.0,25.21,293.55,6.0,8,100150.0,9999999
58362,0,5095,27.0,19.07,33.0,33.0,25.21,291.43,6.0,14,100150.0,9999999
58362,0,5096,26.9,19.3,54.0,54.0,25.21,296.8,6.0,10,100150.0,9999999
58362,0,5097,26.2,18.72,75.0,75.0,25.21,291.25,6.0,13,100150.0,9999999
58362,0,5098,24.9,17.49,93.0,93.0,25.21,290.89,6.0,12,100150.0,9999999
58362,0,5099,24.1,16.75,104.0,104.0,25.21,289.81,6.0,10,100150.0,9999999
58362,0,5100,24.5,17.17,107.0,107.0,25.21,285.55,6.0,6,100150.0,9999999
58362,0,5101,25.7,18.49,102.0,102.0,25.21,291.79,6.0,3,100150.0,9999999
58362,0,5102,27.0,19.91,90.0,90.0,25.21,295.27,4.0,11,100150.0,9999999
58362,0,5103,27.8,20.65,72.0,72.0,25.21,290.72,4.0,12,100150.0,9999999
58362,0,5104,28.0,20.9,50.0,50.0,25.21,294.59,4.0,14,100150.0,9999999
58362,0,5105,27.9,20.65,29.0,29.0,25.21,295.27,4.0,8,100150.0,9999999
58362,0,5106,27.6,20.15,10.0,10.0,25.21,297.64,4.0,2,100150.0,9999999
58362,0,5107,27.3,19.78,0.0,0.0,25.21,291.07,4.0,16,100150.0,9999999
58362,0,5108,27.1,19.54,0.0,0.0,25.21,295.44,2.0,10,100150.0,9999999
58362,0,5109,27.1,19.66,0.0,0.0,25.21,288.54,2.0,4,100150.0,9999999
58362,0,5110,27.2,19.91,0.0,0.0,25.21,291.79,2.0,11,100150.0,9999999
58362,0,5111,27.3,20.15,0.0,0.0,25.21,293.02,2.0,5,100150.0,9999999
58362,0,5112,27.5,20.52,0.0,0.0,25.21,294.76,2.0,8,100790.0,9999999
58362,0,5113,27.6,20.78,0.0,0.0,25.21,291.61,2.0,13,100790.0,9999999
58362,0,5114,27.8,21.03,0.0,0.0,25.21,291.79,3.0,10,100790.0,9999999
58362,0,5115,28.0,21.29,0.0,0.0,25.21,294.59,3.0,6,100790.0,9999999
58362,0,5116,28.2,21.29,0.0,0.0,25.21,293.02,3.0,13,100790.0,9999999
58362,0,5117,28.5,21.29,0.0,0.0,25.21,294.41,3.0,1,100790.0,9999999
58362,0,5118,28.9,21.29,105.0,51.0,25.21,290.54,3.0,8,100790.0,9999999
58362,0,5119,29.4,21.29,116.0,116.0,25.21,295.27,3.0,9,100790.0,9999999
58362,0,5120,30.0,21.29,192.0,192.0,25.21,295.27,3.0,8,100790.0,9999999
58362,0,5121,30.8,21.29,594.0,286.0,25.21,297.31,3.0,6,100790.0,9999999
58362,0,5122,31.6,21.16,327.0,327.0,25.21,293.2,3.0,4,100790.0,9999999
58362,0,5123,32.3,21.03,821.0,395.0,25.21,300.77,3.0,9,100790.0,9999999
58362,0,5124,32.8,20.78,848.0,409.0,25.21,299.14,3.0,15,100790.0,9999999
58362,0,5125,33.0,20.27,809.0,389.0,25.21,299.3,3.0,7,100790.0,9999999
58362,0,5126,32.6,19.54,317.0,317.0,25.21,298.14,2.0,10,100790.0,9999999
58362,0,5127,32.0,18.95,252.0,252.0,25.21,301.74,2.0,9,100790.0,9999999
58362,0,5128,31.4,18.72,177.0,177.0,25.21,297.47,2.0,8,100790.0,9999999
58362,0,5129,30.9,18.84,102.0,102.0,25.21,294.41,2.0,8,100790.0,9999999
58362,0,5130,30.4,19.19,79.0,38.0,25.21,291.61,2.0,9,100790.0,9999999
58362,0,5131,30.0,19.66,0.0,0.0,25.21,294.93,2.0,2,100790.0,9999999
58362,0,5132,29.6,20.15,0.0,0.0,25.21,295.96,4.0,7,100790.0,9999999
58362,0,5133,29.3,20.78,0.0,0.0,25.21,296.63,4.0,14,100790.0,9999999
58362,0,5134,29.1,21.42,0.0,0.0,25.21,296.63,4.0,16,100790.0,9999999
58362,0,5135,29.0,21.81,0.0,0.0,25.21,299.3,4.0,6,100790.0,9999999
58362,0,5136,28.8,22.08,0.0,0.0,25.21,294.24,4.0,5,101360.0,9999999
58362,0,5137,28.5,22.08,0.0,0.0,25.21,296.13,4.0,13,101360.0,9999999
58362,0,5138,28.2,21.55,0.0,0.0,25.21,293.55,4.0,6,101360.0,9999999
58362,0,5139,27.8,20.65,0.0,0.0,25.21,294.24,4.0,6,101360.0,9999999
58362,0,5140,27.4,19.66,0.0,0.0,25.21,291.25,4.0,16,101360.0,9999999
58362,0,5141,27.2,18.72,0.0,0.0,25.21,291.61,4.0,7,101360.0,9999999
58362,0,5142,27.6,18.49,63.0,14.0,25.21,294.59,4.0,8,101360.0,9999999
58362,0,5143,28.6,18.72,271.0,38.0,25.21,294.07,4.0,1,101360.0,9999999
58362,0,5144,29.8,19.3,259.0,56.0,25.21,295.27,3.0,8,101360.0,9999999
58362,0,5145,30.8,19.91,625.0,86.0,25.21,294.59,3.0,15,101360.0,9999999
58362,0,5146,31.6,20.4,770.0,106.0,25.21,299.96,3.0,16,101360.0,9999999
58362,0,5147,32.2,20.78,864.0,120.0,25.21,297.31,3.0,12,101360.0,9999999
58362,0,5148,32.5,21.16,893.0,123.0,25.21,300.93,3.0,1,101360.0,9999999
58362,0,5149,32.6,21.42,851.0,118.0,25.21,296.63,3.0,10,101360.0,9999999
58362,0,5150,31.9,20.9,745.0,103.0,25.21,296.46,4.0,6,101360.0,9999999
58362,0,5151,31.0,20.4,593.0,82.0,25.21,293.89,4.0,9,101360.0,9999999
58362,0,5152,30.4,20.27,416.0,58.0,25.21,291.79,4.0,8,101360.0,9999999
58362,0,5153,30.0,20.4,239.0,33.0,25.21,295.79,4.0,8,101360.0,9999999
58362,0,5154,29.8,20.78,81.0,11.0,25.21,295.61,4.0,12,101360.0,9999999
58362,0,5155,29.6,21.16,0.0,0.0,25.21,291.25,4.0,8,101360.0,9999999
58362,0,5156,29.5,21.68,0.0,0.0,25.21,295.44,5.0,6,101360.0,9999999
58362,0,5157,29.4,22.08,0.0,0.0,25.21,298.14,5.0,4,101360.0,9999999
58362,0,5158,29.4,22.49,0.0,0.0,25.21,296.97,5.0,13,101360.0,9999999
58362,0,5159,29.3,22.76,0.0,0.0,25.21,298.14,5.0,14,101360.0,9999999
58362,0,5160,29.3,22.9,0.0,0.0,25.21,294.93,5.0,6,101340.0,9999999
58362,0,5161,29.2,23.04,0.0,0.0,25.21,296.97,5.0,6,101340.0,9999999
58362,0,5162,29.1,23.04,0.0,0.0,25.21,295.27,4.0,6,101340.0,9999999
58362,0,5163,29.0,22.9,0.0,0.0,25.21,295.79,4.0,4,101340.0,9999999
58362,0,5164,28.9,22.76,0.0,0.0,25.21,290.72,4.0,12,101340.0,9999999
58362,0,5165,28.8,22.76,0.0,0.0,25.21,292.14,4.0,15,101340.0,9999999
58362,0,5166,28.9,22.76,72.0,48.0,25.21,299.3,4.0,3,101340.0,9999999
58362,0,5167,29.2,22.9,181.0,120.0,25.21,299.63,4.0,15,101340.0,9999999
58362,0,5168,29.6,23.18,134.0,134.0,25.21,293.02,3.0,6,101340.0,9999999
58362,0,5169,30.2,23.6,185.0,185.0,25.21,299.14,3.0,8,101340.0,9999999
58362,0,5170,30.8,24.03,515.0,341.0,25.21,297.64,3.0,12,101340.0,9999999
58362,0,5171,31.3,24.18,579.0,382.0,25.21,297.64,3.0,8,101340.0,9999999
58362,0,5172,31.7,24.33,265.0,265.0,25.21,293.72,3.0,6,101340.0,9999999
58362,0,5173,31.9,24.03,570.0,377.0,25.21,296.3,3.0,11,101340.0,9999999
58362,0,5174,31.7,23.46,221.0,221.0,25.21,300.61,5.0,5,101340.0,9999999
58362,0,5175,31.4,22.9,176.0,176.0,25.21,296.3,5.0,1,101340.0,9999999
58362,0,5176,31.0,22.35,278.0,184.0,25.21,301.42,5.0,2,101340.0,9999999
58362,0,5177,30.7,21.95,71.0,71.0,25.21,296.63,5.0,10,101340.0,9999999
58362,0,5178,30.3,21.68,53.0,35.0,25.21,297.64,5.0,13,101340.0,9999999
58362,0,5179,29.9,21.55,0.0,0.0,25.21,291.61,5.0,12,101340.0,9999999
58362,0,5180,29.5,21.42,0.0,0.0,25.21,294.24,5.0,6,101340.0,9999999
58362,0,5181,29.1,21.42,0.0,0.0,25.21,290.72,5.0,15,101340.0,9999999
58362,0,5182,28.8,21.42,0.0,0.0,25.21,290.54,5.0,2,101340.0,9999999
58362,0,5183,28.5,21.42,0.0,0.0,25.21,298.64,5.0,5,101340.0,9999999
58362,0,5184,28.2,21.55,0.0,0.0,25.21,294.76,5.0,3,100840.0,9999999
58362,0,5185,28.0,21.42,0.0,0.0,25.21,292.85,5.0,8,100840.0,9999999
58362,0,5186,27.8,21.29,0.0,0.0,25.21,293.72,1.0,6,100840.0,9999999
58362,0,5187,27.7,21.16,0.0,0.0,25.21,292.49,1.0,10,100840.0,9999999
58362,0,5188,27.8,20.9,0.0,0.0,25.21,294.24,1.0,7,100840.0,9999999
58362,0,5189,28.0,20.65,0.0,0.0,25.21,289.63,1.0,11,100840.0,9999999
58362,0,5190,28.4,20.52,97.0,65.0,25.21,294.07,1.0,5,100840.0,9999999
58362,0,5191,29.0,20.65,82.0,82.0,25.21,292.85,1.0,10,100840.0,9999999
58362,0,5192,29.8,21.03,137.0,137.0,25.21,295.1,2.0,9,100840.0,9999999
58362,0,5193,30.9,21.55,574.0,385.0,25.21,297.47,2.0,13,100840.0,9999999
58362,0,5194,32.0,22.35,235.0,235.0,25.21,299.46,2.0,3,100840.0,9999999
58362,0,5195,32.9,22.76,264.0,264.0,25.21,301.58,2.0,2,100840.0,9999999
58362,0,5196,33.3,22.9,272.0,272.0,25.21,295.1,2.0,12,100840.0,9999999
58362,0,5197,33.0,22.21,784.0,525.0,25.21,298.47,2.0,13,100840.0,9999999
58362,0,5198,31.9,20.9,227.0,227.0,25.21,295.79,2.0,6,100840.0,9999999
58362,0,5199,30.5,19.66,180.0,180.0,25.21,298.81,2.0,8,100840.0,9999999
58362,0,5200,29.1,18.61,126.0,126.0,25.21,291.79,2.0,10,100840.0,9999999
58362,0,5201,28.0,18.04,217.0,146.0,25.21,291.43,2.0,3,100840.0,9999999
58362,0,5202,27.3,18.04,24.0,24.0,25.21,288.35,2.0,5,100840.0,9999999
58362,0,5203,27.2,18.61,0.0,0.0,25.21,295.27,2.0,3,100840.0,9999999
58362,0,5204,27.7,20.03,0.0,0.0,25.21,294.07,2.0,7,100840.0,9999999
58362,0,5205,28.0,21.03,0.0,0.0,25.21,295.27,2.0,6,100840.0,9999999
58362,0,5206,27.8,21.55,0.0,0.0,25.21,289.63,2.0,7,100840.0,9999999
58362,0,5207,27.4,21.55,0.0,0.0,25.21,292.85,2.0,13,100840.0,9999999
58362,0,5208,26.8,21.29,0.0,0.0,25.21,294.24,2.0,12,100180.0,9999999
58362,0,5209,26.2,20.78,0.0,0.0,25.21,294.76,2.0,16,100180.0,9999999
58362,0,5210,25.5,20.27,0.0,0.0,25.21,295.44,5.0,11,100180.0,9999999
58362,0,5211,24.9,19.78,0.0,0.0,25.21,290.72,5.0,7,100180.0,9999999
58362,0,5212,24.5,19.42,0.0,0.0,25.21,289.63,5.0,2,100180.0,9999999
58362,0,5213,24.4,19.3,0.0,0.0,25.21,292.67,5.0,7,100180.0,9999999
58362,0,5214,24.7,19.54,14.0,14.0,25.21,289.27,5.0,6,100180.0,9999999
58362,0,5215,25.3,20.03,36.0,36.0,25.21,291.07,5.0,1,100180.0,9999999
58362,0,5216,26.2,20.65,60.0,60.0,25.21,289.27,3.0,12,100180.0,9999999
58362,0,5217,27.1,21.16,84.0,84.0,25.21,297.31,3.0,9,100180.0,9999999
58362,0,5218,28.0,21.42,104.0,104.0,25.21,294.59,3.0,8,100180.0,9999999
58362,0,5219,28.8,21.55,117.0,117.0,25.21,291.79,3.0,16,100180.0,9999999
58362,0,5220,29.5,21.55,120.0,120.0,25.21,295.96,3.0,3,100180.0,9999999
58362,0,5221,30.0,21.55,115.0,115.0,25.21,294.07,3.0,16,100180.0,9999999
58362,0,5222,30.3,21.55,100.0,100.0,25.21,296.8,2.0,10,100180.0,9999999
58362,0,5223,30.4,21.81,80.0,80.0,25.21,295.79,2.0,12,100180.0,9999999
58362,0,5224,30.1,21.81,56.0,56.0,25.21,291.79,2.0,2,100180.0,9999999
58362,0,5225,29.4,21.55,32.0,32.0,25.21,291.07,2.0,11,100180.0,9999999
58362,0,5226,28.5,21.03,10.0,10.0,25.21,297.14,2.0,2,100180.0,9999999
58362,0,5227,27.6,20.52,0.0,0.0,25.21,291.61,2.0,7,100180.0,9999999
58362,0,5228,26.8,20.03,0.0,0.0,25.21,295.27,4.0,10,100180.0,9999999
58362,0,5229,26.4,19.91,0.0,0.0,25.21,292.14,4.0,4,100180.0,9999999
58362,0,5230,26.2,19.78,0.0,0.0,25.21,294.59,4.0,4,100180.0,9999999
58362,0,5231,26.2,19.91,0.0,0.0,25.21,293.37,4.0,4,100180.0,9999999
58362,0,5232,26.4,20.03,0.0,0.0,25.21,292.14,4.0,12,100200.0,9999999
58362,0,5233,26.5,20.15,0.0,0.0,25.21,291.25,4.0,2,100200.0,9999999
58362,0,5234,26.7,20.15,0.0,0.0,25.21,291.96,3.0,11,100200.0,9999999
58362,0,5235,26.8,20.15,0.0,0.0,25.21,291.43,3.0,6,100200.0,9999999
58362,0,5236,26.8,20.03,0.0,0.0,25.21,294.07,3.0,14,100200.0,9999999
58362,0,5237,26.9,20.03,0.0,0.0,25.21,289.81,3.0,7,100200.0,9999999
58362,0,5238,27.1,20.03,54.0,38.0,25.21,288.72,3.0,13,100200.0,9999999
58362,0,5239,27.6,20.4,140.0,98.0,25.21,290.54,3.0,8,100200.0,9999999
58362,0,5240,28.5,20.9,234.0,164.0,25.21,293.72,3.0,11,100200.0,9999999
58362,0,5241,29.7,21.95,327.0,229.0,25.21,292.85,3.0,7,100200.0,9999999
58362,0,5242,31.1,23.04,404.0,283.0,25.21,296.63,3.0,11,100200.0,9999999
58362,0,5243,32.4,24.03,223.0,223.0,25.21,298.14,3.0,4,100200.0,9999999
58362,0,5244,33.2,24.47,469.0,329.0,25.21,295.27,3.0,5,100200.0,9999999
58362,0,5245,33.3,24.33,220.0,220.0,25.21,300.28,3.0,2,100200.0,9999999
58362,0,5246,32.3,23.04,192.0,192.0,25.21,295.44,1.0,5,100200.0,9999999
58362,0,5247,29.9,20.4,310.0,217.0,25.21,294.41,1.0,7,100200.0,9999999
58362,0,5248,27.0,17.93,216.0,152.0,25.21,291.25,1.0,1,100200.0,9999999
58362,0,5249,25.0,16.54,122.0,86.0,25.21,291.61,1.0,5,100200.0,9999999
58362,0,5250,24.8,17.06,39.0,28.0,25.21,289.99,1.0,1,100200.0,9999999
58362,0,5251,25.6,18.72,0.0,0.0,25.21,290.72,1.0,1,100200.0,9999999
58362,0,5252,26.5,20.4,0.0,0.0,25.21,291.79,3.0,7,100200.0,9999999
58362,0,5253,26.6,20.9,0.0,0.0,25.21,292.49,3.0,7,100200.0,9999999
58362,0,5254,26.4,20.9,0.0,0.0,25.21,288.17,3.0,1,100200.0,9999999
58362,0,5255,26.3,20.78,0.0,0.0,25.21,290.36,3.0,1,100200.0,9999999
58362,0,5256,26.2,20.52,0.0,0.0,25.21,293.55,3.0,10,100540.0,9999999
58362,0,5257,26.4,20.65,0.0,0.0,25.21,291.07,3.0,2,100540.0,9999999
58362,0,5258,27.1,21.42,0.0,0.0,25.21,288.9,2.0,4,100540.0,9999999
58362,0,5259,28.5,23.04,0.0,0.0,25.21,294.07,2.0,16,100540.0,9999999
58362,0,5260,29.9,24.92,0.0,0.0,25.21,297.81,2.0,1,100540.0,9999999
58362,0,5261,30.5,25.84,0.0,0.0,25.21,292.85,2.0,6,100540.0,9999999
58362,0,5262,30.1,25.37,26.0,26.0,25.21,297.31,2.0,8,100540.0,9999999
58362,0,5263,29.3,24.18,68.0,68.0,25.21,297.14,2.0,14,100540.0,9999999
58362,0,5264,28.4,22.9,114.0,114.0,25.21,293.37,1.0,6,100540.0,9999999
58362,0,5265,27.7,21.95,159.0,159.0,25.21,291.79,1.0,1,100540.0,9999999
58362,0,5266,27.2,21.42,197.0,197.0,25.21,293.72,1.0,14,100540.0,9999999
58362,0,5267,26.9,21.16,222.0,222.0,25.21,295.44,1.0,3,100540.0,9999999
58362,0,5268,26.7,21.03,229.0,229.0,25.21,293.2,1.0,10,100540.0,9999999
58362,0,5269,26.7,21.03,218.0,218.0,25.21,288.35,1.0,10,100540.0,9999999
58362,0,5270,26.8,21.29,191.0,191.0,25.21,290.89,3.0,4,100540.0,9999999
58362,0,5271,27.0,21.42,151.0,151.0,25.21,291.07,3.0,10,100540.0,9999999
58362,0,5272,27.2,21.68,105.0,105.0,25.21,291.25,3.0,16,100540.0,9999999
58362,0,5273,27.4,21.81,59.0,59.0,25.21,294.07,3.0,6,100540.0,9999999
58362,0,5274,27.5,22.08,19.0,19.0,25.21,291.79,3.0,7,100540.0,9999999
58362,0,5275,27.6,22.08,0.0,0.0,25.21,293.2,3.0,7,100540.0,9999999
58362,0,5276,27.6,22.08,0.0,0.0,25.21,297.98,3.0,4,100540.0,9999999
58362,0,5277,27.5,21.81,0.0,0.0,25.21,294.07,3.0,16,100540.0,9999999
58362,0,5278,27.3,21.68,0.0,0.0,25.21,293.2,3.0,14,100540.0,9999999
58362,0,5279,27.0,21.42,0.0,0.0,25.21,292.49,3.0,12,100540.0,9999999
58362,0,5280,26.9,21.29,0.0,0.0,25.21,297.14,3.0,2,100960.0,9999999
58362,0,5281,26.9,21.29,0.0,0.0,25.21,293.55,3.0,5,100960.0,9999999
58362,0,5282,27.1,21.68,0.0,0.0,25.21,294.59,2.0,5,100960.0,9999999
58362,0,5283,27.5,22.21,0.0,0.0,25.21,291.79,2.0,6,100960.0,9999999
58362,0,5284,28.0,22.9,0.0,0.0,25.21,294.93,2.0,4,100960.0,9999999
58362,0,5285,28.4,23.46,0.0,0.0,25.21,295.27,2.0,15,100960.0,9999999
58362,0,5286,28.4,23.46,17.0,17.0,25.21,290.54,2.0,7,100960.0,9999999
58362,0,5287,27.9,22.76,44.0,44.0,25.21,293.55,2.0,14,100960.0,9999999
58362,0,5288,27.2,21.81,75.0,75.0,25.21,293.89,3.0,4,100960.0,9999999
58362,0,5289,27.0,21.42,105.0,105.0,25.21,291.07,3.0,1,100960.0,9999999
58362,0,5290,26.3,20.65,129.0,129.0,25.21,294.93,3.0,9,100960.0,9999999
58362,0,5291,25.5,19.66,146.0,146.0,25.21,292.67,3.0,3,100960.0,9999999
58362,0,5292,24.8,18.61,150.0,150.0,25.21,289.09,3.0,1,100960.0,9999999
58362,0,5293,24.1,17.71,143.0,143.0,25.21,293.72,3.0,12,100960.0,9999999
58362,0,5294,23.9,17.17,125.0,125.0,25.21,287.99,5.0,4,100960.0,9999999
58362,0,5295,23.5,16.44,99.0,99.0,25.21,285.74,5.0,6,100960.0,9999999
58362,0,5296,23.3,15.84,69.0,69.0,25.21,284.22,5.0,1,100960.0,9999999
58362,0,5297,23.5,15.54,39.0,39.0,25.21,284.22,5.0,8,100960.0,9999999
58362,0,5298,24.0,15.64,12.0,12.0,25.21,288.9,5.0,9,100960.0,9999999
58362,0,5299,24.6,16.04,0.0,0.0,25.21,285.37,5.0,4,100960.0,9999999
58362,0,5300,25.2,16.54,0.0,0.0,25.21,291.79,3.0,4,100960.0,9999999
58362,0,5301,25.6,17.17,0.0,0.0,25.21,290.18,3.0,8,100960.0,9999999
58362,0,5302,25.6,17.49,0.0,0.0,25.21,295.1,3.0,9,100960.0,9999999
58362,0,5303,25.2,17.6,0.0,0.0,25.21,286.31,3.0,9,100960.0,9999999
58362,0,5304,24.7,17.49,0.0,0.0,25.21,285.93,3.0,14,101180.0,9999999
58362,0,5305,24.3,17.38,0.0,0.0,25.21,286.87,3.0,15,101180.0,9999999
58362,0,5306,24.1,17.38,0.0,0.0,25.21,288.35,5.0,4,101180.0,9999999
58362,0,5307,24.0,17.38,0.0,0.0,25.21,286.5,5.0,3,101180.0,9999999
58362,0,5308,23.9,17.06,0.0,0.0,25.21,293.37,5.0,10,101180.0,9999999
58362,0,5309,23.7,16.65,0.0,0.0,25.21,290.36,5.0,6,101180.0,9999999
58362,0,5310,23.5,16.04,5.0,5.0,25.21,286.68,5.0,8,101180.0,9999999
58362,0,5311,23.2,15.54,14.0,14.0,25.21,292.32,5.0,11,101180.0,9999999
58362,0,5312,23.0,15.16,24.0,24.0,25.21,287.8,5.0,4,101180.0,9999999
58362,0,5313,22.8,14.97,34.0,34.0,25.21,289.09,5.0,15,101180.0,9999999
58362,0,5314,22.7,14.97,42.0,42.0,25.21,285.74,5.0,1,101180.0,9999999
58362,0,5315,22.7,15.06,48.0,48.0,25.21,283.25,5.0,13,101180.0,9999999
58362,0,5316,22.6,15.16,49.0,49.0,25.21,286.87,5.0,7,101180.0,9999999
58362,0,5317,22.6,15.45,47.0,47.0,25.21,288.17,5.0,12,101180.0,9999999
58362,0,5318,22.6,15.74,41.0,41.0,25.21,291.79,5.0,3,101180.0,9999999
58362,0,5319,22.2,15.64,32.0,32.0,25.21,291.43,5.0,9,101180.0,9999999
58362,0,5320,21.5,15.25,23.0,23.0,25.21,287.06,5.0,13,101180.0,9999999
58362,0,5321,21.0,14.97,13.0,13.0,25.21,284.79,5.0,10,101180.0,9999999
58362,0,5322,21.0,15.06,4.0,4.0,25.21,288.54,5.0,9,101180.0,9999999
58362,0,5323,21.3,15.54,0.0,0.0,25.21,286.31,5.0,7,101180.0,9999999
58362,0,5324,21.7,16.04,0.0,0.0,25.21,289.45,4.0,2,101180.0,9999999
58362,0,5325,21.9,16.34,0.0,0.0,25.21,288.54,4.0,16,101180.0,9999999
58362,0,5326,22.0,16.34,0.0,0.0,25.21,283.06,4.0,8,101180.0,9999999
58362,0,5327,22.0,16.14,0.0,0.0,25.21,287.06,4.0,12,101180.0,9999999
58362,0,5328,21.8,15.94,0.0,0.0,25.21,287.43,4.0,2,101110.0,9999999
58362,0,5329,21.7,15.64,0.0,0.0,25.21,282.48,4.0,5,101110.0,9999999
58362,0,5330,21.5,15.35,0.0,0.0,25.21,289.09,5.0,2,101110.0,9999999
58362,0,5331,21.4,15.16,0.0,0.0,25.21,286.87,5.0,1,101110.0,9999999
58362,0,5332,21.3,14.97,0.0,0.0,25.21,282.08,5.0,8,101110.0,9999999
58362,0,5333,21.3,14.88,0.0,0.0,25.21,290.18,5.0,13,101110.0,9999999
58362,0,5334,21.7,15.16,7.0,7.0,25.21,289.27,5.0,16,101110.0,9999999
58362,0,5335,22.6,15.94,20.0,20.0,25.21,283.45,5.0,12,101110.0,9999999
58362,0,5336,23.4,16.65,34.0,34.0,25.21,288.54,2.0,3,101110.0,9999999
58362,0,5337,23.6,16.85,48.0,48.0,25.21,284.6,2.0,9,101110.0,9999999
58362,0,5338,23.6,16.85,59.0,59.0,25.21,291.43,2.0,6,101110.0,9999999
58362,0,5339,23.6,16.85,66.0,66.0,25.21,293.02,2.0,3,101110.0,9999999
58362,0,5340,23.5,16.75,69.0,69.0,25.21,289.27,2.0,1,101110.0,9999999
58362,0,5341,23.4,16.75,65.0,65.0,25.21,287.43,2.0,1,101110.0,9999999
58362,0,5342,23.2,16.65,57.0,57.0,25.21,284.22,4.0,3,101110.0,9999999
58362,0,5343,23.0,16.65,45.0,45.0,25.21,285.37,4.0,6,101110.0,9999999
58362,0,5344,22.9,16.54,31.0,31.0,25.21,286.87,4.0,16,101110.0,9999999
58362,0,5345,22.7,16.54,17.0,17.0,25.21,286.87,4.0,7,101110.0,9999999
58362,0,5346,22.6,16.54,5.0,5.0,25.21,290.36,4.0,11,101110.0,9999999
58362,0,5347,22.5,16.65,0.0,0.0,25.21,287.8,4.0,1,101110.0,9999999
58362,0,5348,22.5,16.65,0.0,0.0,25.21,287.06,3.0,3,101110.0,9999999
58362,0,5349,22.5,16.75,0.0,0.0,25.21,287.8,3.0,12,101110.0,9999999
58362,0,5350,22.5,16.75,0.0,0.0,25.21,284.99,3.0,10,101110.0,9999999
58362,0,5351,22.6,16.75,0.0,0.0,25.21,288.35,3.0,9,101110.0,9999999
58362,0,5352,22.5,16.75,0.0,0.0,25.21,290.36,3.0,15,100990.0,9999999
58362,0,5353,22.4,16.54,0.0,0.0,25.21,286.5,3.0,5,100990.0,9999999
58362,0,5354,22.2,16.24,0.0,0.0,25.21,284.6,2.0,12,100990.0,9999999
58362,0,5355,21.9,15.74,0.0,0.0,25.21,282.67,2.0,6,100990.0,9999999
58362,0,5356,21.5,15.25,0.0,0.0,25.21,285.37,2.0,5,100990.0,9999999
58362,0,5357,21.4,14.97,0.0,0.0,25.21,282.08,2.0,13,100990.0,9999999
58362,0,5358,21.8,15.16,65.0,46.0,25.21,284.79,2.0,7,100990.0,9999999
58362,0,5359,22.8,15.84,177.0,125.0,25.21,291.96,2.0,3,100990.0,9999999
58362,0,5360,23.8,16.54,303.0,213.0,25.21,288.9,3.0,13,100990.0,9999999
58362,0,5361,24.5,16.96,425.0,299.0,25.21,285.55,3.0,7,100990.0,9999999
58362,0,5362,25.0,17.06,527.0,371.0,25.21,289.09,3.0,4,100990.0,9999999
58362,0,5363,25.3,17.06,237.0,237.0,25.21,291.07,3.0,10,100990.0,9999999
58362,0,5364,25.6,16.85,245.0,245.0,25.21,291.43,3.0,12,100990.0,9999999
58362,0,5365,25.8,16.85,233.0,233.0,25.21,291.61,3.0,7,100990.0,9999999
58362,0,5366,26.2,16.96,203.0,203.0,25.21,294.07,3.0,16,100990.0,9999999
58362,0,5367,26.7,17.17,160.0,160.0,25.21,291.43,3.0,12,100990.0,9999999
58362,0,5368,27.0,17.28,278.0,196.0,25.21,292.85,3.0,16,100990.0,9999999
58362,0,5369,26.8,17.06,62.0,62.0,25.21,293.55,3.0,12,100990.0,9999999
58362,0,5370,26.4,16.65,18.0,18.0,25.21,294.07,3.0,2,100990.0,9999999
58362,0,5371,25.9,16.24,0.0,0.0,25.21,293.55,3.0,16,100990.0,9999999
58362,0,5372,25.3,16.04,0.0,0.0,25.21,294.41,2.0,1,100990.0,9999999
58362,0,5373,24.8,15.94,0.0,0.0,25.21,288.72,2.0,3,100990.0,9999999
58362,0,5374,24.5,16.04,0.0,0.0,25.21,292.14,2.0,6,100990.0,9999999
58362,0,5375,24.1,16.24,0.0,0.0,25.21,290.72,2.0,13,100990.0,9999999
58362,0,5376,23.8,16.44,0.0,0.0,25.21,288.9,2.0,14,101040.0,9999999
58362,0,5377,23.5,16.54,0.0,0.0,25.21,292.85,2.0,12,101040.0,9999999
58362,0,5378,23.1,16.54,0.0,0.0,25.21,290.89,2.0,13,101040.0,9999999
58362,0,5379,22.6,16.34,0.0,0.0,25.21,287.24,2.0,5,101040.0,9999999
58362,0,5380,22.3,16.14,0.0,0.0,25.21,283.25,2.0,6,101040.0,9999999
58362,0,5381,22.1,15.94,0.0,0.0,25.21,291.25,2.0,10,101040.0,9999999
58362,0,5382,22.5,16.24,82.0,30.0,25.21,288.35,2.0,10,101040.0,9999999
58362,0,5383,23.6,16.85,310.0,75.0,25.21,290.36,2.0,5,101040.0,9999999
58362,0,5384,24.7,17.49,391.0,140.0,25.21,289.45,3.0,11,101040.0,9999999
58362,0,5385,25.5,17.49,323.0,323.0,25.21,289.63,3.0,12,101040.0,9999999
58362,0,5386,26.0,17.06,401.0,401.0,25.21,291.25,3.0,7,101040.0,9999999
58362,0,5387,26.4,16.44,452.0,452.0,25.21,293.02,3.0,14,101040.0,9999999
58362,0,5388,26.8,15.74,796.0,285.0,25.21,292.32,3.0,5,101040.0,9999999
58362,0,5389,27.3,15.35,1027.0,250.0,25.21,291.61,3.0,14,101040.0,9999999
58362,0,5390,28.1,15.54,896.0,218.0,25.21,294.41,3.0,2,101040.0,9999999
58362,0,5391,28.8,15.94,521.0,187.0,25.21,297.98,3.0,4,101040.0,9999999
58362,0,5392,28.6,15.94,211.0,211.0,25.21,292.32,3.0,6,101040.0,9999999
58362,0,5393,28.1,15.84,199.0,71.0,25.21,293.55,3.0,4,101040.0,9999999
58362,0,5394,27.4,15.84,34.0,34.0,25.21,290.54,3.0,1,101040.0,9999999
58362,0,5395,26.7,15.84,0.0,0.0,25.21,290.54,3.0,5,101040.0,9999999
58362,0,5396,26.1,15.94,0.0,0.0,25.21,293.72,2.0,5,101040.0,9999999
58362,0,5397,25.6,16.14,0.0,0.0,25.21,290.72,2.0,5,101040.0,9999999
58362,0,5398,25.3,16.44,0.0,0.0,25.21,291.96,2.0,10,101040.0,9999999
58362,0,5399,25.1,16.75,0.0,0.0,25.21,291.79,2.0,2,101040.0,9999999
58362,0,5400,24.9,16.96,0.0,0.0,25.21,288.35,2.0,3,101130.0,9999999
58362,0,5401,24.7,17.06,0.0,0.0,25.21,287.06,2.0,2,101130.0,9999999
58362,0,5402,24.4,16.96,0.0,0.0,25.21,286.87,0.0,0,101130.0,9999999
58362,0,5403,24.0,16.65,0.0,0.0,25.21,293.37,0.0,5,101130.0,9999999
58362,0,5404,23.6,16.14,0.0,0.0,25.21,292.85,0.0,10,101130.0,9999999
58362,0,5405,23.4,15.84,0.0,0.0,25.21,289.09,0.0,15,101130.0,9999999
58362,0,5406,24.0,16.14,87.0,23.0,25.21,290.54,0.0,3,101130.0,9999999
58362,0,5407,25.3,17.06,144.0,144.0,25.21,288.72,0.0,8,101130.0,9999999
58362,0,5408,26.8,18.04,247.0,247.0,25.21,292.14,2.0,6,101130.0,9999999
58362,0,5409,27.9,18.26,593.0,155.0,25.21,290.36,2.0,10,101130.0,9999999
58362,0,5410,28.5,18.04,820.0,142.0,25.21,290.89,2.0,12,101130.0,9999999
58362,0,5411,28.8,17.49,924.0,160.0,25.21,293.89,2.0,8,101130.0,9999999
58362,0,5412,28.9,16.75,860.0,225.0,25.21,296.63,2.0,4,101130.0,9999999
58362,0,5413,28.9,16.24,909.0,157.0,25.21,293.89,2.0,1,101130.0,9999999
58362,0,5414,28.6,15.74,713.0,186.0,25.21,296.13,3.0,5,101130.0,9999999
58362,0,5415,28.1,15.45,330.0,330.0,25.21,291.07,3.0,12,101130.0,9999999
58362,0,5416,27.6,15.54,387.0,101.0,25.21,291.79,3.0,9,101130.0,9999999
58362,0,5417,27.1,15.84,237.0,41.0,25.21,291.96,3.0,8,101130.0,9999999
58362,0,5418,26.6,16.14,67.0,12.0,25.21,288.72,3.0,3,101130.0,9999999
58362,0,5419,26.2,16.54,0.0,0.0,25.21,291.79,3.0,10,101130.0,9999999
58362,0,5420,25.8,16.96,0.0,0.0,25.21,292.49,4.0,5,101130.0,9999999
58362,0,5421,25.5,17.28,0.0,0.0,25.21,290.18,4.0,10,101130.0,9999999
58362,0,5422,25.4,17.49,0.0,0.0,25.21,291.25,4.0,15,101130.0,9999999
58362,0,5423,25.3,17.6,0.0,0.0,25.21,286.5,4.0,8,101130.0,9999999
58362,0,5424,25.2,17.71,0.0,0.0,25.21,289.45,4.0,1,100940.0,9999999
58362,0,5425,25.2,17.82,0.0,0.0,25.21,286.31,4.0,8,100940.0,9999999
58362,0,5426,25.2,17.82,0.0,0.0,25.21,291.25,1.0,6,100940.0,9999999
58362,0,5427,25.3,17.82,0.0,0.0,25.21,292.14,1.0,11,100940.0,9999999
58362,0,5428,25.6,18.04,0.0,0.0,25.21,291.07,1.0,15,100940.0,9999999
58362,0,5429,26.0,18.38,0.0,0.0,25.21,292.14,1.0,15,100940.0,9999999
58362,0,5430,26.5,18.61,55.0,11.0,25.21,291.43,1.0,2,100940.0,9999999
58362,0,5431,26.9,18.84,281.0,36.0,25.21,292.49,1.0,16,100940.0,9999999
58362,0,5432,27.3,18.84,484.0,63.0,25.21,295.44,3.0,4,100940.0,9999999
58362,0,5433,27.5,18.49,683.0,88.0,25.21,291.79,3.0,16,100940.0,9999999
58362,0,5434,27.7,18.15,850.0,110.0,25.21,291.96,3.0,3,100940.0,9999999
58362,0,5435,27.9,17.82,958.0,124.0,25.21,290.36,3.0,10,100940.0,9999999
58362,0,5436,28.1,17.6,548.0,113.0,25.21,291.43,3.0,3,100940.0,9999999
58362,0,5437,28.5,17.71,943.0,122.0,25.21,294.41,3.0,11,100940.0,9999999
58362,0,5438,29.2,18.38,822.0,106.0,25.21,290.36,3.0,4,100940.0,9999999
58362,0,5439,29.8,19.3,647.0,84.0,25.21,295.27,3.0,10,100940.0,9999999
58362,0,5440,29.6,19.54,246.0,51.0,25.21,293.37,3.0,11,100940.0,9999999
58362,0,5441,29.1,19.54,244.0,32.0,25.21,292.85,3.0,11,100940.0,9999999
58362,0,5442,28.5,19.54,68.0,9.0,25.21,292.32,3.0,3,100940.0,9999999
58362,0,5443,27.9,19.42,0.0,0.0,25.21,294.07,3.0,5,100940.0,9999999
58362,0,5444,27.3,19.54,0.0,0.0,25.21,294.41,4.0,5,100940.0,9999999
58362,0,5445,26.9,19.66,0.0,0.0,25.21,296.8,4.0,10,100940.0,9999999
58362,0,5446,26.8,19.91,0.0,0.0,25.21,289.63,4.0,3,100940.0,9999999
58362,0,5447,26.7,20.15,0.0,0.0,25.21,289.63,4.0,8,100940.0,9999999
58362,0,5448,26.6,20.4,0.0,0.0,25.21,295.1,4.0,1,100760.0,9999999
58362,0,5449,26.5,20.4,0.0,0.0,25.21,296.46,4.0,10,100760.0,9999999
58362,0,5450,26.3,20.15,0.0,0.0,25.21,290.89,2.0,6,100760.0,9999999
58362,0,5451,26.0,19.66,0.0,0.0,25.21,288.9,2.0,9,100760.0,9999999
58362,0,5452,25.6,18.95,0.0,0.0,25.21,288.35,2.0,2,100760.0,9999999
58362,0,5453,25.5,18.49,0.0,0.0,25.21,295.27,2.0,13,100760.0,9999999
58362,0,5454,25.9,18.61,97.0,50.0,25.21,291.96,2.0,14,100760.0,9999999
58362,0,5455,26.8,19.3,108.0,108.0,25.21,290.54,2.0,1,100760.0,9999999
58362,0,5456,27.7,20.03,485.0,250.0,25.21,290.54,1.0,7,100760.0,9999999
58362,0,5457,28.3,20.4,263.0,263.0,25.21,292.14,1.0,11,100760.0,9999999
58362,0,5458,28.6,20.52,854.0,440.0,25.21,290.18,1.0,15,100760.0,9999999
58362,0,5459,28.8,20.65,964.0,496.0,25.21,294.07,1.0,2,100760.0,9999999
58362,0,5460,29.0,20.65,383.0,383.0,25.21,296.3,1.0,8,100760.0,9999999
58362,0,5461,29.2,21.03,364.0,364.0,25.21,294.59,1.0,10,100760.0,9999999
58362,0,5462,29.7,21.68,317.0,317.0,25.21,294.59,3.0,5,100760.0,9999999
58362,0,5463,30.5,22.9,249.0,249.0,25.21,295.96,3.0,2,100760.0,9999999
58362,0,5464,31.2,24.18,171.0,171.0,25.21,298.14,3.0,3,100760.0,9999999
58362,0,5465,31.5,24.92,243.0,125.0,25.21,297.98,3.0,9,100760.0,9999999
58362,0,5466,30.9,24.47,25.0,25.0,25.21,297.98,3.0,15,100760.0,9999999
58362,0,5467,29.5,23.04,0.0,0.0,25.21,297.14,3.0,8,100760.0,9999999
58362,0,5468,28.1,21.42,0.0,0.0,25.21,291.25,2.0,5,100760.0,9999999
58362,0,5469,27.1,20.52,0.0,0.0,25.21,291.79,2.0,13,100760.0,9999999
58362,0,5470,26.5,20.15,0.0,0.0,25.21,294.93,2.0,6,100760.0,9999999
58362,0,5471,26.2,20.15,0.0,0.0,25.21,293.55,2.0,2,100760.0,9999999
58362,0,5472,26.2,20.27,0.0,0.0,25.21,293.55,2.0,4,100820.0,9999999
58362,0,5473,26.3,20.52,0.0,0.0,25.21,293.55,2.0,13,100820.0,9999999
58362,0,5474,26.3,20.65,0.0,0.0,25.21,292.85,2.0,7,100820.0,9999999
58362,0,5475,26.4,20.65,0.0,0.0,25.21,289.45,2.0,16,100820.0,9999999
58362,0,5476,26.7,20.78,0.0,0.0,25.21,289.81,2.0,8,100820.0,9999999
58362,0,5477,27.2,21.03,0.0,0.0,25.21,291.25,2.0,3,100820.0,9999999
58362,0,5478,27.8,21.29,51.0,11.0,25.21,296.46,2.0,11,100820.0,9999999
58362,0,5479,28.5,21.42,253.0,33.0,25.21,291.61,2.0,16,100820.0,9999999
58362,0,5480,29.2,21.55,439.0,58.0,25.21,296.63,3.0,6,100820.0,9999999
58362,0,5481,29.9,21.55,622.0,82.0,25.21,293.02,3.0,15,100820.0,9999999
58362,0,5482,30.5,21.42,775.0,102.0,25.21,295.27,3.0,7,100820.0,9999999
58362,0,5483,30.9,21.03,875.0,115.0,25.21,301.09,3.0,2,100820.0,9999999
58362,0,5484,31.1,20.65,905.0,119.0,25.21,295.61,3.0,12,100820.0,9999999
58362,0,5485,31.0,20.03,861.0,113.0,25.21,293.72,3.0,9,100820.0,9999999
58362,0,5486,30.6,19.66,749.0,98.0,25.21,300.44,5.0,6,100820.0,9999999
58362,0,5487,30.1,19.66,589.0,77.0,25.21,295.1,5.0,13,100820.0,9999999
58362,0,5488,29.7,19.91,403.0,53.0,25.21,293.37,5.0,3,100820.0,9999999
58362,0,5489,29.2,20.27,219.0,29.0,25.21,296.46,5.0,16,100820.0,9999999
58362,0,5490,28.7,20.78,58.0,8.0,25.21,290.36,5.0,7,100820.0,9999999
58362,0,5491,28.3,21.16,0.0,0.0,25.21,294.24,5.0,11,100820.0,9999999
58362,0,5492,28.0,21.55,0.0,0.0,25.21,296.63,4.0,4,100820.0,9999999
58362,0,5493,27.8,21.95,0.0,0.0,25.21,295.44,4.0,14,100820.0,9999999
58362,0,5494,27.8,22.08,0.0,0.0,25.21,295.27,4.0,6,100820.0,9999999
58362,0,5495,27.8,22.21,0.0,0.0,25.21,293.37,4.0,16,100820.0,9999999
58362,0,5496,27.8,22.21,0.0,0.0,25.21,294.59,4.0,6,100840.0,9999999
58362,0,5497,27.8,22.08,0.0,0.0,25.21,293.2,4.0,2,100840.0,9999999
58362,0,5498,27.7,21.95,0.0,0.0,25.21,291.96,3.0,4,100840.0,9999999
58362,0,5499,27.5,21.68,0.0,0.0,25.21,297.81,3.0,12,100840.0,9999999
58362,0,5500,27.4,21.42,0.0,0.0,25.21,290.54,3.0,6,100840.0,9999999
58362,0,5501,27.3,21.29,0.0,0.0,25.21,294.76,3.0,9,100840.0,9999999
58362,0,5502,27.5,21.29,176.0,86.0,25.21,294.93,3.0,6,100840.0,9999999
58362,0,5503,27.9,21.68,117.0,117.0,25.21,289.63,3.0,6,100840.0,9999999
58362,0,5504,28.5,21.95,204.0,204.0,25.21,291.61,4.0,3,100840.0,9999999
58362,0,5505,29.2,22.21,290.0,290.0,25.21,295.27,4.0,5,100840.0,9999999
58362,0,5506,29.9,22.35,362.0,362.0,25.21,296.46,4.0,9,100840.0,9999999
58362,0,5507,30.4,22.21,408.0,408.0,25.21,295.96,4.0,2,100840.0,9999999
58362,0,5508,30.8,22.08,423.0,423.0,25.21,296.8,4.0,15,100840.0,9999999
58362,0,5509,31.0,21.81,402.0,402.0,25.21,295.79,4.0,1,100840.0,9999999
58362,0,5510,30.5,21.03,350.0,350.0,25.21,297.81,5.0,4,100840.0,9999999
58362,0,5511,29.8,20.52,274.0,274.0,25.21,293.72,5.0,15,100840.0,9999999
58362,0,5512,29.2,20.4,677.0,333.0,25.21,290.72,5.0,11,100840.0,9999999
58362,0,5513,28.8,20.65,408.0,200.0,25.21,293.37,5.0,12,100840.0,9999999
58362,0,5514,28.4,21.03,26.0,26.0,25.21,289.99,5.0,2,100840.0,9999999
58362,0,5515,28.1,21.42,0.0,0.0,25.21,296.63,5.0,6,100840.0,9999999
58362,0,5516,27.9,21.68,0.0,0.0,25.21,293.37,4.0,3,100840.0,9999999
58362,0,5517,27.8,21.81,0.0,0.0,25.21,296.46,4.0,1,100840.0,9999999
58362,0,5518,27.7,21.81,0.0,0.0,25.21,290.89,4.0,2,100840.0,9999999
58362,0,5519,27.7,21.81,0.0,0.0,25.21,295.27,4.0,16,100840.0,9999999
58362,0,5520,27.7,21.55,0.0,0.0,25.21,291.79,4.0,7,100820.0,9999999
58362,0,5521,27.7,21.29,0.0,0.0,25.21,293.55,4.0,11,100820.0,9999999
58362,0,5522,27.6,21.03,0.0,0.0,25.21,296.13,4.0,5,100820.0,9999999
58362,0,5523,27.5,20.78,0.0,0.0,25.21,297.64,4.0,8,100820.0,9999999
58362,0,5524,27.4,20.65,0.0,0.0,25.21,293.2,4.0,3,100820.0,9999999
58362,0,5525,27.3,20.52,0.0,0.0,25.21,288.9,4.0,1,100820.0,9999999
58362,0,5526,27.4,20.4,76.0,21.0,25.21,290.36,4.0,9,100820.0,9999999
58362,0,5527,27.5,20.4,135.0,135.0,25.21,294.76,4.0,4,100820.0,9999999
58362,0,5528,27.9,20.52,402.0,113.0,25.21,292.49,5.0,4,100820.0,9999999
58362,0,5529,28.5,20.65,595.0,112.0,25.21,298.47,5.0,16,100820.0,9999999
58362,0,5530,29.2,20.9,712.0,200.0,25.21,294.41,5.0,16,100820.0,9999999
58362,0,5531,29.9,21.03,839.0,158.0,25.21,293.89,5.0,8,100820.0,9999999
58362,0,5532,30.4,21.03,868.0,163.0,25.21,294.41,5.0,12,100820.0,9999999
58362,0,5533,30.6,20.9,826.0,155.0,25.21,292.14,5.0,16,100820.0,9999999
58362,0,5534,30.3,20.52,718.0,135.0,25.21,298.64,4.0,4,100820.0,9999999
58362,0,5535,29.2,19.42,540.0,152.0,25.21,294.76,4.0,4,100820.0,9999999
58362,0,5536,27.7,18.26,216.0,216.0,25.21,290.18,4.0,12,100820.0,9999999
58362,0,5537,26.6,17.71,198.0,56.0,25.21,289.99,4.0,6,100820.0,9999999
58362,0,5538,26.4,18.26,30.0,30.0,25.21,291.79,4.0,13,100820.0,9999999
58362,0,5539,26.8,19.3,0.0,0.0,25.21,290.54,4.0,4,100820.0,9999999
58362,0,5540,27.4,20.52,0.0,0.0,25.21,290.36,3.0,5,100820.0,9999999
58362,0,5541,27.7,21.29,0.0,0.0,25.21,294.24,3.0,10,100820.0,9999999
58362,0,5542,27.8,21.55,0.0,0.0,25.21,293.72,3.0,6,100820.0,9999999
58362,0,5543,27.7,21.55,0.0,0.0,25.21,290.89,3.0,2,100820.0,9999999
58362,0,5544,27.5,21.16,0.0,0.0,25.21,289.27,3.0,12,100720.0,9999999
58362,0,5545,27.2,20.78,0.0,0.0,25.21,293.02,3.0,2,100720.0,9999999
58362,0,5546,26.9,20.4,0.0,0.0,25.21,296.97,4.0,2,100720.0,9999999
58362,0,5547,26.7,20.27,0.0,0.0,25.21,296.63,4.0,13,100720.0,9999999
58362,0,5548,26.5,20.27,0.0,0.0,25.21,290.54,4.0,15,100720.0,9999999
58362,0,5549,26.5,20.27,0.0,0.0,25.21,291.07,4.0,7,100720.0,9999999
58362,0,5550,26.7,20.4,80.0,19.0,25.21,291.96,4.0,15,100720.0,9999999
58362,0,5551,27.1,20.78,246.0,57.0,25.21,295.61,4.0,12,100720.0,9999999
58362,0,5552,27.8,21.03,253.0,253.0,25.21,293.72,3.0,3,100720.0,9999999
58362,0,5553,28.6,21.16,360.0,360.0,25.21,297.14,3.0,4,100720.0,9999999
58362,0,5554,29.5,21.16,767.0,179.0,25.21,295.96,3.0,13,100720.0,9999999
58362,0,5555,30.3,20.78,960.0,145.0,25.21,295.44,3.0,6,100720.0,9999999
58362,0,5556,30.9,20.15,897.0,209.0,25.21,296.46,3.0,10,100720.0,9999999
58362,0,5557,31.1,19.54,944.0,143.0,25.21,293.72,3.0,12,100720.0,9999999
58362,0,5558,31.0,18.95,741.0,173.0,25.21,293.55,4.0,4,100720.0,9999999
58362,0,5559,30.6,18.84,643.0,97.0,25.21,294.93,4.0,9,100720.0,9999999
58362,0,5560,30.1,18.95,395.0,92.0,25.21,291.25,4.0,3,100720.0,9999999
58362,0,5561,29.4,19.19,212.0,49.0,25.21,294.93,4.0,11,100720.0,9999999
58362,0,5562,28.7,19.54,58.0,9.0,25.21,290.18,4.0,1,100720.0,9999999
58362,0,5563,28.1,19.91,0.0,0.0,25.21,296.46,4.0,4,100720.0,9999999
58362,0,5564,27.6,20.15,0.0,0.0,25.21,293.89,2.0,3,100720.0,9999999
58362,0,5565,27.3,20.27,0.0,0.0,25.21,294.59,2.0,6,100720.0,9999999
58362,0,5566,27.2,20.27,0.0,0.0,25.21,295.61,2.0,4,100720.0,9999999
58362,0,5567,27.1,20.27,0.0,0.0,25.21,288.72,2.0,14,100720.0,9999999
58362,0,5568,27.1,20.03,0.0,0.0,25.21,292.32,2.0,3,100360.0,9999999
58362,0,5569,26.9,19.78,0.0,0.0,25.21,291.43,2.0,4,100360.0,9999999
58362,0,5570,26.6,19.42,0.0,0.0,25.21,289.45,1.0,5,100360.0,9999999
58362,0,5571,26.1,18.84,0.0,0.0,25.21,288.72,1.0,16,100360.0,9999999
58362,0,5572,25.5,18.49,0.0,0.0,25.21,288.17,1.0,6,100360.0,9999999
58362,0,5573,25.3,18.26,0.0,0.0,25.21,288.9,1.0,3,100360.0,9999999
58362,0,5574,25.5,18.61,164.0,83.0,25.21,292.49,1.0,5,100360.0,9999999
58362,0,5575,26.1,18.95,112.0,112.0,25.21,287.43,1.0,8,100360.0,9999999
58362,0,5576,26.9,19.3,197.0,197.0,25.21,296.8,3.0,15,100360.0,9999999
58362,0,5577,27.6,19.07,281.0,281.0,25.21,293.89,3.0,7,100360.0,9999999
58362,0,5578,28.4,18.49,1113.0,566.0,25.21,294.41,3.0,14,100360.0,9999999
58362,0,5579,29.0,17.6,397.0,397.0,25.21,294.24,3.0,14,100360.0,9999999
58362,0,5580,29.6,16.54,411.0,411.0,25.21,296.13,3.0,5,100360.0,9999999
58362,0,5581,30.2,15.74,390.0,390.0,25.21,296.46,3.0,14,100360.0,9999999
58362,0,5582,30.8,15.25,339.0,339.0,25.21,296.13,4.0,1,100360.0,9999999
58362,0,5583,31.3,15.35,265.0,265.0,25.21,293.02,4.0,9,100360.0,9999999
58362,0,5584,31.5,15.74,180.0,180.0,25.21,295.61,4.0,10,100360.0,9999999
58362,0,5585,31.4,16.34,96.0,96.0,25.21,295.1,4.0,5,100360.0,9999999
58362,0,5586,31.1,17.06,23.0,23.0,25.21,296.8,4.0,11,100360.0,9999999
58362,0,5587,30.7,17.71,0.0,0.0,25.21,294.07,4.0,14,100360.0,9999999
58362,0,5588,30.2,18.38,0.0,0.0,25.21,293.72,3.0,16,100360.0,9999999
58362,0,5589,29.6,18.84,0.0,0.0,25.21,294.59,3.0,4,100360.0,9999999
58362,0,5590,29.1,19.07,0.0,0.0,25.21,293.37,3.0,10,100360.0,9999999
58362,0,5591,28.5,19.19,0.0,0.0,25.21,291.25,3.0,12,100360.0,9999999
58362,0,5592,27.9,19.19,0.0,0.0,25.21,289.27,3.0,12,100200.0,9999999
58362,0,5593,27.4,19.07,0.0,0.0,25.21,292.49,3.0,2,100200.0,9999999
58362,0,5594,27.0,18.95,0.0,0.0,25.21,291.96,3.0,14,100200.0,9999999
58362,0,5595,26.7,18.61,0.0,0.0,25.21,296.46,3.0,16,100200.0,9999999
58362,0,5596,26.5,18.38,0.0,0.0,25.21,290.72,3.0,10,100200.0,9999999
58362,0,5597,26.4,18.04,0.0,0.0,25.21,288.9,3.0,13,100200.0,9999999
58362,0,5598,26.6,18.04,65.0,24.0,25.21,287.8,3.0,16,100200.0,9999999
58362,0,5599,27.1,18.15,224.0,55.0,25.21,293.2,3.0,4,100200.0,9999999
58362,0,5600,27.7,18.26,396.0,98.0,25.21,292.49,3.0,16,100200.0,9999999
58362,0,5601,28.2,18.26,525.0,190.0,25.21,296.3,3.0,8,100200.0,9999999
58362,0,5602,28.7,18.15,708.0,175.0,25.21,296.63,3.0,1,100200.0,9999999
58362,0,5603,29.1,17.82,801.0,198.0,25.21,290.18,3.0,3,100200.0,9999999
58362,0,5604,29.6,17.6,769.0,279.0,25.21,290.54,3.0,9,100200.0,9999999
58362,0,5605,30.2,17.28,788.0,194.0,25.21,294.76,3.0,4,100200.0,9999999
58362,0,5606,30.9,17.06,634.0,230.0,25.21,295.44,3.0,1,100200.0,9999999
58362,0,5607,31.7,16.85,291.0,291.0,25.21,294.76,3.0,12,100200.0,9999999
58362,0,5608,32.1,16.34,198.0,198.0,25.21,295.1,3.0,11,100200.0,9999999
58362,0,5609,31.9,15.35,179.0,65.0,25.21,295.96,3.0,1,100200.0,9999999
58362,0,5610,31.4,14.51,24.0,24.0,25.21,293.02,3.0,3,100200.0,9999999
58362,0,5611,30.7,13.88,0.0,0.0,25.21,299.3,3.0,4,100200.0,9999999
58362,0,5612,30.0,13.79,0.0,0.0,25.21,291.43,1.0,1,100200.0,9999999
58362,0,5613,29.3,14.15,0.0,0.0,25.21,293.2,1.0,8,100200.0,9999999
58362,0,5614,28.7,14.88,0.0,0.0,25.21,297.64,1.0,7,100200.0,9999999
58362,0,5615,28.1,15.84,0.0,0.0,25.21,295.61,1.0,13,100200.0,9999999
58362,0,5616,27.6,16.75,0.0,0.0,25.21,289.81,1.0,6,100240.0,9999999
58362,0,5617,27.2,17.6,0.0,0.0,25.21,292.49,1.0,4,100240.0,9999999
58362,0,5618,26.8,18.26,0.0,0.0,25.21,293.72,1.0,10,100240.0,9999999
58362,0,5619,26.5,18.49,0.0,0.0,25.21,290.72,1.0,5,100240.0,9999999
58362,0,5620,26.2,18.49,0.0,0.0,25.21,287.43,1.0,7,100240.0,9999999
58362,0,5621,26.1,18.38,0.0,0.0,25.21,295.79,1.0,12,100240.0,9999999
58362,0,5622,26.5,18.49,61.0,34.0,25.21,291.43,1.0,10,100240.0,9999999
58362,0,5623,27.5,19.07,198.0,110.0,25.21,288.9,1.0,16,100240.0,9999999
58362,0,5624,28.6,19.54,163.0,163.0,25.21,291.43,2.0,7,100240.0,9999999
58362,0,5625,29.4,19.54,504.0,281.0,25.21,290.72,2.0,12,100240.0,9999999
58362,0,5626,30.0,19.07,631.0,352.0,25.21,294.93,2.0,16,100240.0,9999999
58362,0,5627,30.4,18.38,714.0,398.0,25.21,295.79,2.0,6,100240.0,9999999
58362,0,5628,30.8,17.82,739.0,412.0,25.21,294.93,2.0,14,100240.0,9999999
58362,0,5629,31.3,17.6,326.0,326.0,25.21,294.59,2.0,12,100240.0,9999999
58362,0,5630,32.0,17.93,283.0,283.0,25.21,297.14,2.0,4,100240.0,9999999
58362,0,5631,32.6,18.61,221.0,221.0,25.21,295.1,2.0,9,100240.0,9999999
58362,0,5632,32.3,18.84,150.0,150.0,25.21,297.64,2.0,11,100240.0,9999999
58362,0,5633,31.6,18.72,170.0,95.0,25.21,296.46,2.0,5,100240.0,9999999
58362,0,5634,30.7,18.61,18.0,18.0,25.21,298.81,2.0,2,100240.0,9999999
58362,0,5635,29.7,18.38,0.0,0.0,25.21,295.79,2.0,6,100240.0,9999999
58362,0,5636,28.9,18.38,0.0,0.0,25.21,292.32,3.0,5,100240.0,9999999
58362,0,5637,28.4,18.38,0.0,0.0,25.21,295.27,3.0,2,100240.0,9999999
58362,0,5638,28.1,18.61,0.0,0.0,25.21,293.55,3.0,1,100240.0,9999999
58362,0,5639,28.0,18.84,0.0,0.0,25.21,293.55,3.0,6,100240.0,9999999
58362,0,5640,28.0,19.07,0.0,0.0,25.21,297.64,3.0,9,100380.0,9999999
58362,0,5641,27.8,19.07,0.0,0.0,25.21,291.43,3.0,3,100380.0,9999999
58362,0,5642,27.4,18.95,0.0,0.0,25.21,292.32,2.0,8,100380.0,9999999
58362,0,5643,26.8,18.38,0.0,0.0,25.21,291.61,2.0,2,100380.0,9999999
58362,0,5644,26.2,17.93,0.0,0.0,25.21,293.02,2.0,11,100380.0,9999999
58362,0,5645,25.9,17.71,0.0,0.0,25.21,295.44,2.0,7,100380.0,9999999
58362,0,5646,26.3,18.15,60.0,32.0,25.21,293.2,2.0,1,100380.0,9999999
58362,0,5647,27.1,19.07,199.0,105.0,25.21,291.61,2.0,5,100380.0,9999999
58362,0,5648,28.0,19.91,355.0,188.0,25.21,289.45,2.0,7,100380.0,9999999
58362,0,5649,28.5,20.03,509.0,269.0,25.21,292.32,2.0,8,100380.0,9999999
58362,0,5650,28.7,19.91,638.0,338.0,25.21,292.49,2.0,7,100380.0,9999999
58362,0,5651,28.8,19.42,346.0,346.0,25.21,290.18,2.0,9,100380.0,9999999
58362,0,5652,28.8,19.07,358.0,358.0,25.21,294.93,2.0,12,100380.0,9999999
58362,0,5653,29.1,19.07,710.0,376.0,25.21,291.79,2.0,12,100380.0,9999999
58362,0,5654,29.6,19.66,295.0,295.0,25.21,294.59,4.0,6,100380.0,9999999
58362,0,5655,30.5,21.03,480.0,254.0,25.21,297.81,4.0,6,100380.0,9999999
58362,0,5656,31.4,22.62,324.0,172.0,25.21,293.2,4.0,8,100380.0,9999999
58362,0,5657,31.8,23.75,82.0,82.0,25.21,296.8,4.0,5,100380.0,9999999
58362,0,5658,31.0,23.18,37.0,20.0,25.21,295.27,4.0,12,100380.0,9999999
58362,0,5659,29.3,21.42,0.0,0.0,25.21,293.37,4.0,16,100380.0,9999999
58362,0,5660,28.2,20.03,0.0,0.0,25.21,292.85,2.0,7,100380.0,9999999
58362,0,5661,28.2,19.91,0.0,0.0,25.21,293.37,2.0,9,100380.0,9999999
58362,0,5662,28.0,19.19,0.0,0.0,25.21,290.72,2.0,3,100380.0,9999999
58362,0,5663,27.2,17.93,0.0,0.0,25.21,291.96,2.0,11,100380.0,9999999
58362,0,5664,26.3,16.44,0.0,0.0,25.21,288.54,2.0,4,100680.0,9999999
58362,0,5665,25.2,15.16,0.0,0.0,25.21,292.67,2.0,13,100680.0,9999999
58362,0,5666,24.2,14.42,0.0,0.0,25.21,288.9,2.0,11,100680.0,9999999
58362,0,5667,23.5,14.15,0.0,0.0,25.21,289.63,2.0,16,100680.0,9999999
58362,0,5668,23.0,14.42,0.0,0.0,25.21,291.79,2.0,11,100680.0,9999999
58362,0,5669,22.8,14.88,0.0,0.0,25.21,286.5,2.0,1,100680.0,9999999
58362,0,5670,22.6,15.54,3.0,3.0,25.21,285.74,2.0,6,100680.0,9999999
58362,0,5671,22.6,16.14,10.0,10.0,25.21,285.93,2.0,3,100680.0,9999999
58362,0,5672,22.6,16.65,18.0,18.0,25.21,290.36,4.0,5,100680.0,9999999
58362,0,5673,22.2,16.44,26.0,26.0,25.21,284.6,4.0,14,100680.0,9999999
58362,0,5674,21.6,15.74,32.0,32.0,25.21,283.84,4.0,7,100680.0,9999999
58362,0,5675,21.5,15.54,36.0,36.0,25.21,286.5,4.0,7,100680.0,9999999
58362,0,5676,21.9,15.54,38.0,38.0,25.21,286.87,4.0,5,100680.0,9999999
58362,0,5677,22.5,15.84,36.0,36.0,25.21,287.43,4.0,10,100680.0,9999999
58362,0,5678,23.1,16.24,31.0,31.0,25.21,284.03,7.0,5,100680.0,9999999
58362,0,5679,23.6,16.44,24.0,24.0,25.21,290.18,7.0,11,100680.0,9999999
58362,0,5680,23.8,16.65,16.0,16.0,25.21,284.79,7.0,6,100680.0,9999999
58362,0,5681,24.0,16.75,9.0,9.0,25.21,286.31,7.0,9,100680.0,9999999
58362,0,5682,24.0,16.75,2.0,2.0,25.21,289.09,7.0,3,100680.0,9999999
58362,0,5683,23.9,16.65,0.0,0.0,25.21,288.54,7.0,7,100680.0,9999999
58362,0,5684,23.7,16.65,0.0,0.0,25.21,286.12,3.0,5,100680.0,9999999
58362,0,5685,23.5,16.54,0.0,0.0,25.21,285.93,3.0,12,100680.0,9999999
58362,0,5686,23.3,16.44,0.0,0.0,25.21,284.22,3.0,2,100680.0,9999999
58362,0,5687,23.2,16.44,0.0,0.0,25.21,290.89,3.0,4,100680.0,9999999
58362,0,5688,23.1,16.44,0.0,0.0,25.21,286.31,3.0,7,100860.0,9999999
58362,0,5689,23.4,16.75,0.0,0.0,25.21,292.67,3.0,1,100860.0,9999999
58362,0,5690,23.9,17.17,0.0,0.0,25.21,284.99,4.0,4,100860.0,9999999
58362,0,5691,24.3,17.49,0.0,0.0,25.21,289.09,4.0,11,100860.0,9999999
58362,0,5692,24.6,17.6,0.0,0.0,25.21,289.99,4.0,1,100860.0,9999999
58362,0,5693,24.8,17.49,0.0,0.0,25.21,285.93,4.0,11,100860.0,9999999
58362,0,5694,25.0,17.17,68.0,20.0,25.21,287.43,4.0,2,100860.0,9999999
58362,0,5695,25.1,16.75,433.0,88.0,25.21,287.43,4.0,10,100860.0,9999999
58362,0,5696,25.2,16.14,419.0,125.0,25.21,290.89,4.0,3,100860.0,9999999
58362,0,5697,25.4,15.45,603.0,180.0,25.21,292.85,4.0,8,100860.0,9999999
58362,0,5698,25.6,14.78,445.0,445.0,25.21,290.89,4.0,7,100860.0,9999999
58362,0,5699,26.1,14.24,859.0,257.0,25.21,289.45,4.0,14,100860.0,9999999
58362,0,5700,26.6,13.97,522.0,522.0,25.21,295.27,4.0,6,100860.0,9999999
58362,0,5701,27.5,14.15,496.0,496.0,25.21,294.59,4.0,8,100860.0,9999999
58362,0,5702,28.6,14.97,430.0,430.0,25.21,294.76,3.0,4,100860.0,9999999
58362,0,5703,29.5,16.04,569.0,170.0,25.21,293.2,3.0,11,100860.0,9999999
58362,0,5704,29.3,16.54,225.0,225.0,25.21,294.93,3.0,7,100860.0,9999999
58362,0,5705,28.6,16.85,199.0,59.0,25.21,290.89,3.0,3,100860.0,9999999
58362,0,5706,27.8,17.06,87.0,18.0,25.21,293.02,3.0,1,100860.0,9999999
58362,0,5707,26.9,17.28,0.0,0.0,25.21,291.61,3.0,13,100860.0,9999999
58362,0,5708,26.2,17.38,0.0,0.0,25.21,295.61,4.0,3,100860.0,9999999
58362,0,5709,25.7,17.49,0.0,0.0,25.21,289.81,4.0,3,100860.0,9999999
58362,0,5710,25.5,17.71,0.0,0.0,25.21,290.72,4.0,12,100860.0,9999999
58362,0,5711,25.3,17.93,0.0,0.0,25.21,293.37,4.0,8,100860.0,9999999
58362,0,5712,25.3,18.04,0.0,0.0,25.21,287.99,4.0,16,100900.0,9999999
58362,0,5713,25.3,18.04,0.0,0.0,25.21,286.5,4.0,3,100900.0,9999999
58362,0,5714,25.2,17.82,0.0,0.0,25.21,288.72,3.0,3,100900.0,9999999
58362,0,5715,25.0,17.38,0.0,0.0,25.21,291.79,3.0,7,100900.0,9999999
58362,0,5716,24.8,16.85,0.0,0.0,25.21,290.54,3.0,2,100900.0,9999999
58362,0,5717,24.7,16.34,0.0,0.0,25.21,286.87,3.0,11,100900.0,9999999
58362,0,5718,25.0,16.04,64.0,20.0,25.21,285.74,3.0,10,100900.0,9999999
58362,0,5719,25.6,16.14,133.0,133.0,25.21,287.8,3.0,11,100900.0,9999999
58362,0,5720,26.5,16.34,240.0,240.0,25.21,288.72,5.0,3,100900.0,9999999
58362,0,5721,27.4,16.44,345.0,345.0,25.21,292.32,5.0,6,100900.0,9999999
58362,0,5722,28.1,16.44,739.0,225.0,25.21,290.36,5.0,11,100900.0,9999999
58362,0,5723,28.7,16.24,493.0,493.0,25.21,289.45,5.0,2,100900.0,9999999
58362,0,5724,29.1,16.04,510.0,510.0,25.21,291.25,5.0,1,100900.0,9999999
58362,0,5725,29.3,15.84,824.0,251.0,25.21,293.55,5.0,10,100900.0,9999999
58362,0,5726,29.1,15.64,1022.0,212.0,25.21,293.89,4.0,3,100900.0,9999999
58362,0,5727,28.7,15.54,795.0,164.0,25.21,293.37,4.0,9,100900.0,9999999
58362,0,5728,28.1,15.64,533.0,110.0,25.21,293.55,4.0,2,100900.0,9999999
58362,0,5729,27.4,15.74,192.0,59.0,25.21,291.07,4.0,9,100900.0,9999999
58362,0,5730,26.8,15.94,37.0,11.0,25.21,288.9,4.0,15,100900.0,9999999
58362,0,5731,26.2,16.14,0.0,0.0,25.21,293.72,4.0,15,100900.0,9999999
58362,0,5732,25.7,16.44,0.0,0.0,25.21,286.5,4.0,3,100900.0,9999999
58362,0,5733,25.4,16.65,0.0,0.0,25.21,294.76,4.0,3,100900.0,9999999
58362,0,5734,25.3,16.96,0.0,0.0,25.21,286.31,4.0,15,100900.0,9999999
58362,0,5735,25.2,17.28,0.0,0.0,25.21,288.72,4.0,11,100900.0,9999999
58362,0,5736,25.2,17.49,0.0,0.0,25.21,290.54,4.0,16,100850.0,9999999
58362,0,5737,25.2,17.71,0.0,0.0,25.21,294.76,4.0,11,100850.0,9999999
58362,0,5738,25.2,17.82,0.0,0.0,25.21,291.96,4.0,2,100850.0,9999999
58362,0,5739,25.1,17.82,0.0,0.0,25.21,293.02,4.0,2,100850.0,9999999
58362,0,5740,25.0,17.71,0.0,0.0,25.21,290.89,4.0,4,100850.0,9999999
58362,0,5741,24.9,17.49,0.0,0.0,25.21,287.43,4.0,3,100850.0,9999999
58362,0,5742,25.2,17.71,57.0,31.0,25.21,288.72,4.0,8,100850.0,9999999
58362,0,5743,26.0,18.26,204.0,110.0,25.21,295.61,4.0,12,100850.0,9999999
58362,0,5744,27.0,18.95,370.0,200.0,25.21,289.63,3.0,4,100850.0,9999999
58362,0,5745,27.9,19.3,242.0,242.0,25.21,294.93,3.0,4,100850.0,9999999
58362,0,5746,28.6,19.3,673.0,364.0,25.21,296.8,3.0,9,100850.0,9999999
58362,0,5747,29.2,19.07,763.0,413.0,25.21,293.55,3.0,9,100850.0,9999999
58362,0,5748,29.6,18.84,358.0,358.0,25.21,292.14,3.0,9,100850.0,9999999
58362,0,5749,29.7,18.49,750.0,406.0,25.21,299.3,3.0,5,100850.0,9999999
58362,0,5750,29.3,17.93,294.0,294.0,25.21,291.79,6.0,5,100850.0,9999999
58362,0,5751,28.7,17.71,228.0,228.0,25.21,291.07,6.0,12,100850.0,9999999
58362,0,5752,28.2,17.82,153.0,153.0,25.21,297.64,6.0,10,100850.0,9999999
58362,0,5753,27.7,18.15,173.0,94.0,25.21,291.25,6.0,2,100850.0,9999999
58362,0,5754,27.3,18.61,15.0,15.0,25.21,292.85,6.0,13,100850.0,9999999
58362,0,5755,27.0,19.07,0.0,0.0,25.21,293.2,6.0,10,100850.0,9999999
58362,0,5756,26.9,19.54,0.0,0.0,25.21,295.27,4.0,4,100850.0,9999999
58362,0,5757,26.9,19.78,0.0,0.0,25.21,288.35,4.0,16,100850.0,9999999
58362,0,5758,26.9,19.78,0.0,0.0,25.21,288.35,4.0,16,100850.0,9999999
58362,0,5759,27.0,19.66,0.0,0.0,25.21,292.14,4.0,9,100850.0,9999999
58362,0,5760,26.9,19.42,0.0,0.0,25.21,291.96,4.0,6,100690.0,9999999
58362,0,5761,26.9,19.19,0.0,0.0,25.21,290.54,4.0,9,100690.0,9999999
58362,0,5762,26.7,19.07,0.0,0.0,25.21,294.93,5.0,5,100690.0,9999999
58362,0,5763,26.5,18.95,0.0,0.0,25.21,293.55,5.0,4,100690.0,9999999
58362,0,5764,26.1,19.07,0.0,0.0,25.21,291.79,5.0,16,100690.0,9999999
58362,0,5765,25.8,19.07,0.0,0.0,25.21,292.14,5.0,7,100690.0,9999999
58362,0,5766,25.5,19.19,6.0,6.0,25.21,292.67,5.0,13,100690.0,9999999
58362,0,5767,25.4,19.19,23.0,23.0,25.21,291.61,5.0,4,100690.0,9999999
58362,0,5768,25.3,19.19,42.0,42.0,25.21,290.89,4.0,5,100690.0,9999999
58362,0,5769,25.4,19.07,60.0,60.0,25.21,291.07,4.0,8,100690.0,9999999
58362,0,5770,25.6,18.84,76.0,76.0,25.21,290.72,4.0,10,100690.0,9999999
58362,0,5771,25.9,18.72,86.0,86.0,25.21,287.24,4.0,3,100690.0,9999999
58362,0,5772,26.2,18.49,89.0,89.0,25.21,295.96,4.0,10,100690.0,9999999
58362,0,5773,26.4,18.38,85.0,85.0,25.21,290.72,4.0,5,100690.0,9999999
58362,0,5774,26.5,18.38,73.0,73.0,25.21,296.13,6.0,6,100690.0,9999999
58362,0,5775,25.6,17.6,57.0,57.0,25.21,289.09,6.0,3,100690.0,9999999
58362,0,5776,23.6,16.04,38.0,38.0,25.21,284.6,6.0,3,100690.0,9999999
58362,0,5777,22.0,15.06,19.0,19.0,25.21,284.03,6.0,16,100690.0,9999999
58362,0,5778,21.6,15.16,3.0,3.0,25.21,289.09,6.0,13,100690.0,9999999
58362,0,5779,22.1,16.04,0.0,0.0,25.21,288.72,6.0,15,100690.0,9999999
58362,0,5780,22.9,17.06,0.0,0.0,25.21,292.32,8.0,4,100690.0,9999999
58362,0,5781,23.5,17.6,0.0,0.0,25.21,288.9,8.0,1,100690.0,9999999
58362,0,5782,23.7,17.71,0.0,0.0,25.21,291.61,8.0,9,100690.0,9999999
58362,0,5783,23.7,17.28,0.0,0.0,25.21,289.63,8.0,5,100690.0,9999999
58362,0,5784,23.5,16.65,0.0,0.0,25.21,288.17,8.0,3,100900.0,9999999
58362,0,5785,23.2,16.04,0.0,0.0,25.21,286.31,8.0,2,100900.0,9999999
58362,0,5786,22.8,15.54,0.0,0.0,25.21,283.64,6.0,3,100900.0,9999999
58362,0,5787,22.4,15.25,0.0,0.0,25.21,283.25,6.0,10,100900.0,9999999
58362,0,5788,22.1,15.25,0.0,0.0,25.21,286.5,6.0,13,100900.0,9999999
58362,0,5789,22.0,15.35,0.0,0.0,25.21,287.62,6.0,8,100900.0,9999999
58362,0,5790,22.2,15.74,41.0,28.0,25.21,288.72,6.0,14,100900.0,9999999
58362,0,5791,22.6,16.24,153.0,105.0,25.21,285.93,6.0,1,100900.0,9999999
58362,0,5792,23.0,16.44,121.0,121.0,25.21,287.62,4.0,3,100900.0,9999999
58362,0,5793,23.3,16.24,175.0,175.0,25.21,286.5,4.0,15,100900.0,9999999
58362,0,5794,23.6,15.74,220.0,220.0,25.21,286.68,4.0,16,100900.0,9999999
58362,0,5795,23.8,15.06,250.0,250.0,25.21,289.99,4.0,13,100900.0,9999999
58362,0,5796,24.2,14.42,602.0,414.0,25.21,290.18,4.0,9,100900.0,9999999
58362,0,5797,24.7,14.06,571.0,392.0,25.21,287.43,4.0,7,100900.0,9999999
58362,0,5798,25.5,14.15,213.0,213.0,25.21,288.17,5.0,3,100900.0,9999999
58362,0,5799,26.2,14.51,382.0,263.0,25.21,292.32,5.0,3,100900.0,9999999
58362,0,5800,26.0,14.51,255.0,175.0,25.21,293.2,5.0,14,100900.0,9999999
58362,0,5801,25.6,14.42,56.0,56.0,25.21,285.93,5.0,6,100900.0,9999999
58362,0,5802,25.0,14.51,9.0,9.0,25.21,289.09,5.0,15,100900.0,9999999
58362,0,5803,24.3,14.51,0.0,0.0,25.21,288.35,5.0,2,100900.0,9999999
58362,0,5804,23.8,14.6,0.0,0.0,25.21,286.68,3.0,4,100900.0,9999999
58362,0,5805,23.4,14.78,0.0,0.0,25.21,287.62,3.0,10,100900.0,9999999
58362,0,5806,23.2,15.06,0.0,0.0,25.21,287.43,3.0,12,100900.0,9999999
58362,0,5807,23.1,15.25,0.0,0.0,25.21,287.43,3.0,5,100900.0,9999999
58362,0,5808,22.9,15.35,0.0,0.0,25.21,283.64,3.0,3,100990.0,9999999
58362,0,5809,22.7,15.35,0.0,0.0,25.21,291.79,3.0,12,100990.0,9999999
58362,0,5810,22.3,15.06,0.0,0.0,25.21,283.06,2.0,13,100990.0,9999999
58362,0,5811,21.8,14.6,0.0,0.0,25.21,286.5,2.0,2,100990.0,9999999
58362,0,5812,21.2,14.15,0.0,0.0,25.21,289.99,2.0,16,100990.0,9999999
58362,0,5813,21.0,13.79,0.0,0.0,25.21,285.55,2.0,4,100990.0,9999999
58362,0,5814,21.6,14.24,42.0,25.0,25.21,286.87,2.0,12,100990.0,9999999
58362,0,5815,23.1,15.16,162.0,96.0,25.21,289.45,2.0,4,100990.0,9999999
58362,0,5816,24.6,16.14,298.0,177.0,25.21,289.09,3.0,3,100990.0,9999999
58362,0,5817,25.6,16.44,212.0,212.0,25.21,289.63,3.0,2,100990.0,9999999
58362,0,5818,26.1,16.24,547.0,324.0,25.21,295.27,3.0,11,100990.0,9999999
58362,0,5819,26.3,15.64,621.0,368.0,25.21,291.07,3.0,11,100990.0,9999999
58362,0,5820,26.4,14.97,644.0,382.0,25.21,291.61,3.0,5,100990.0,9999999
58362,0,5821,26.4,14.42,299.0,299.0,25.21,289.09,3.0,16,100990.0,9999999
58362,0,5822,26.6,14.42,527.0,313.0,25.21,290.54,2.0,5,100990.0,9999999
58362,0,5823,27.0,14.88,200.0,200.0,25.21,290.54,2.0,6,100990.0,9999999
58362,0,5824,27.3,15.54,133.0,133.0,25.21,294.76,2.0,8,100990.0,9999999
58362,0,5825,27.1,15.94,137.0,81.0,25.21,296.13,2.0,5,100990.0,9999999
58362,0,5826,26.5,16.04,22.0,13.0,25.21,292.14,2.0,4,100990.0,9999999
58362,0,5827,25.7,16.04,0.0,0.0,25.21,288.9,2.0,7,100990.0,9999999
58362,0,5828,24.9,15.84,0.0,0.0,25.21,285.74,3.0,3,100990.0,9999999
58362,0,5829,24.2,15.64,0.0,0.0,25.21,291.79,3.0,3,100990.0,9999999
58362,0,5830,23.6,15.35,0.0,0.0,25.21,287.8,3.0,2,100990.0,9999999
58362,0,5831,23.0,15.16,0.0,0.0,25.21,286.68,3.0,4,100990.0,9999999
58362,0,5832,22.5,14.88,0.0,0.0,21.0,286.87,3.0,12,101240.0,9999999
58362,0,5833,22.1,14.6,0.0,0.0,21.0,289.45,3.0,3,101240.0,9999999
58362,0,5834,21.7,14.33,0.0,0.0,21.0,285.93,1.0,13,101240.0,9999999
58362,0,5835,21.3,14.06,0.0,0.0,21.0,285.93,1.0,13,101240.0,9999999
58362,0,5836,21.0,13.88,0.0,0.0,21.0,289.81,1.0,5,101240.0,9999999
58362,0,5837,20.9,13.71,0.0,0.0,21.0,281.29,1.0,11,101240.0,9999999
58362,0,5838,21.4,13.97,82.0,25.0,21.0,286.68,1.0,16,101240.0,9999999
58362,0,5839,22.6,14.69,131.0,131.0,21.0,285.55,1.0,14,101240.0,9999999
58362,0,5840,23.9,15.25,600.0,186.0,21.0,287.62,1.0,12,101240.0,9999999
58362,0,5841,25.0,15.45,354.0,354.0,21.0,287.99,1.0,3,101240.0,9999999
58362,0,5842,25.9,15.16,447.0,447.0,21.0,294.76,1.0,8,101240.0,9999999
58362,0,5843,26.6,14.69,508.0,508.0,21.0,289.45,1.0,16,101240.0,9999999
58362,0,5844,27.3,14.24,1220.0,378.0,21.0,291.79,1.0,4,101240.0,9999999
58362,0,5845,28.0,14.06,499.0,499.0,21.0,290.54,1.0,9,101240.0,9999999
58362,0,5846,28.9,14.42,1054.0,327.0,21.0,294.93,4.0,1,101240.0,9999999
58362,0,5847,29.6,15.25,333.0,333.0,21.0,293.72,4.0,11,101240.0,9999999
58362,0,5848,29.3,15.74,221.0,221.0,21.0,294.07,4.0,5,101240.0,9999999
58362,0,5849,28.6,16.14,274.0,85.0,21.0,296.13,4.0,6,101240.0,9999999
58362,0,5850,27.7,16.34,17.0,17.0,21.0,296.97,4.0,14,101240.0,9999999
58362,0,5851,26.7,16.44,0.0,0.0,21.0,289.99,4.0,11,101240.0,9999999
58362,0,5852,25.9,16.44,0.0,0.0,21.0,291.61,2.0,3,101240.0,9999999
58362,0,5853,25.4,16.34,0.0,0.0,21.0,293.02,2.0,4,101240.0,9999999
58362,0,5854,25.1,16.24,0.0,0.0,21.0,292.85,2.0,12,101240.0,9999999
58362,0,5855,25.0,16.14,0.0,0.0,21.0,290.72,2.0,2,101240.0,9999999
58362,0,5856,25.0,16.04,0.0,0.0,21.0,288.17,2.0,11,101360.0,9999999
58362,0,5857,25.0,15.94,0.0,0.0,21.0,288.72,2.0,4,101360.0,9999999
58362,0,5858,24.8,15.74,0.0,0.0,21.0,291.25,3.0,1,101360.0,9999999
58362,0,5859,24.5,15.54,0.0,0.0,21.0,289.99,3.0,8,101360.0,9999999
58362,0,5860,24.1,15.35,0.0,0.0,21.0,288.54,3.0,8,101360.0,9999999
58362,0,5861,24.0,15.25,0.0,0.0,21.0,290.36,3.0,14,101360.0,9999999
58362,0,5862,24.2,15.54,32.0,7.0,21.0,287.24,3.0,5,101360.0,9999999
58362,0,5863,24.7,15.84,226.0,35.0,21.0,291.25,3.0,10,101360.0,9999999
58362,0,5864,25.3,16.04,420.0,64.0,21.0,291.79,1.0,4,101360.0,9999999
58362,0,5865,25.7,15.74,613.0,94.0,21.0,288.72,1.0,13,101360.0,9999999
58362,0,5866,26.0,15.16,776.0,119.0,21.0,286.68,1.0,13,101360.0,9999999
58362,0,5867,26.4,14.51,883.0,135.0,21.0,292.49,1.0,10,101360.0,9999999
58362,0,5868,26.8,13.88,915.0,140.0,21.0,289.99,1.0,4,101360.0,9999999
58362,0,5869,27.4,13.62,868.0,133.0,21.0,291.79,1.0,9,101360.0,9999999
58362,0,5870,28.3,13.97,748.0,115.0,21.0,289.81,3.0,15,101360.0,9999999
58362,0,5871,29.1,14.6,331.0,78.0,21.0,294.24,3.0,12,101360.0,9999999
58362,0,5872,28.8,14.78,382.0,59.0,21.0,297.64,3.0,12,101360.0,9999999
58362,0,5873,28.2,14.88,190.0,29.0,21.0,290.89,3.0,10,101360.0,9999999
58362,0,5874,27.3,14.88,27.0,4.0,21.0,290.18,3.0,15,101360.0,9999999
58362,0,5875,26.5,14.88,0.0,0.0,21.0,295.44,3.0,7,101360.0,9999999
58362,0,5876,25.9,14.88,0.0,0.0,21.0,291.25,1.0,6,101360.0,9999999
58362,0,5877,25.6,14.97,0.0,0.0,21.0,287.62,1.0,1,101360.0,9999999
58362,0,5878,25.6,15.16,0.0,0.0,21.0,286.31,1.0,1,101360.0,9999999
58362,0,5879,25.8,15.35,0.0,0.0,21.0,287.8,1.0,3,101360.0,9999999
58362,0,5880,25.8,15.35,0.0,0.0,21.0,294.76,1.0,9,101340.0,9999999
58362,0,5881,25.6,15.16,0.0,0.0,21.0,289.27,1.0,6,101340.0,9999999
58362,0,5882,25.0,14.69,0.0,0.0,21.0,289.63,0.0,0,101340.0,9999999
58362,0,5883,24.0,13.97,0.0,0.0,21.0,286.68,0.0,3,101340.0,9999999
58362,0,5884,23.0,13.28,0.0,0.0,21.0,287.99,0.0,10,101340.0,9999999
58362,0,5885,22.5,13.11,0.0,0.0,21.0,284.99,0.0,5,101340.0,9999999
58362,0,5886,22.9,13.53,59.0,28.0,21.0,287.99,0.0,16,101340.0,9999999
58362,0,5887,24.0,14.51,101.0,101.0,21.0,287.43,0.0,1,101340.0,9999999
58362,0,5888,25.1,15.45,188.0,188.0,21.0,289.99,1.0,13,101340.0,9999999
58362,0,5889,26.0,15.94,275.0,275.0,21.0,290.36,1.0,7,101340.0,9999999
58362,0,5890,26.6,16.04,348.0,348.0,21.0,292.14,1.0,11,101340.0,9999999
58362,0,5891,27.1,15.84,979.0,465.0,21.0,294.59,1.0,3,101340.0,9999999
58362,0,5892,27.4,15.54,1015.0,482.0,21.0,287.99,1.0,12,101340.0,9999999
58362,0,5893,27.8,15.16,389.0,389.0,21.0,293.2,1.0,10,101340.0,9999999
58362,0,5894,28.3,14.97,336.0,336.0,21.0,291.79,3.0,6,101340.0,9999999
58362,0,5895,28.7,14.78,639.0,304.0,21.0,291.43,3.0,10,101340.0,9999999
58362,0,5896,28.5,14.24,171.0,171.0,21.0,291.79,3.0,10,101340.0,9999999
58362,0,5897,28.0,13.62,209.0,99.0,21.0,296.63,3.0,14,101340.0,9999999
58362,0,5898,27.4,13.11,11.0,11.0,21.0,289.81,3.0,3,101340.0,9999999
58362,0,5899,26.7,12.78,0.0,0.0,21.0,295.1,3.0,5,101340.0,9999999
58362,0,5900,26.1,12.7,0.0,0.0,21.0,289.09,2.0,6,101340.0,9999999
58362,0,5901,25.6,12.86,0.0,0.0,21.0,287.99,2.0,6,101340.0,9999999
58362,0,5902,25.3,13.19,0.0,0.0,21.0,289.09,2.0,7,101340.0,9999999
58362,0,5903,25.0,13.62,0.0,0.0,21.0,285.18,2.0,5,101340.0,9999999
58362,0,5904,24.8,14.06,0.0,0.0,21.0,287.43,2.0,14,101100.0,9999999
58362,0,5905,24.5,14.33,0.0,0.0,21.0,287.99,2.0,12,101100.0,9999999
58362,0,5906,24.2,14.42,0.0,0.0,21.0,289.45,0.0,0,101100.0,9999999
58362,0,5907,23.8,14.15,0.0,0.0,21.0,284.22,0.0,12,101100.0,9999999
58362,0,5908,23.5,13.79,0.0,0.0,21.0,283.84,0.0,6,101100.0,9999999
58362,0,5909,23.3,13.36,0.0,0.0,21.0,291.79,0.0,2,101100.0,9999999
58362,0,5910,23.8,13.36,46.0,22.0,21.0,289.63,0.0,11,101100.0,9999999
58362,0,5911,24.9,13.79,94.0,94.0,21.0,288.17,0.0,2,101100.0,9999999
58362,0,5912,26.2,14.24,177.0,177.0,21.0,294.93,2.0,7,101100.0,9999999
58362,0,5913,27.3,14.51,548.0,267.0,21.0,289.09,2.0,11,101100.0,9999999
58362,0,5914,28.0,14.42,695.0,338.0,21.0,293.2,2.0,13,101100.0,9999999
58362,0,5915,28.5,14.24,374.0,374.0,21.0,291.79,2.0,6,101100.0,9999999
58362,0,5916,28.8,14.06,388.0,388.0,21.0,297.47,2.0,13,101100.0,9999999
58362,0,5917,28.9,13.88,777.0,379.0,21.0,294.76,2.0,1,101100.0,9999999
58362,0,5918,28.3,13.45,670.0,326.0,21.0,293.2,4.0,4,101100.0,9999999
58362,0,5919,27.5,13.19,515.0,251.0,21.0,287.43,4.0,9,101100.0,9999999
58362,0,5920,26.7,13.19,160.0,160.0,21.0,291.61,4.0,6,101100.0,9999999
58362,0,5921,26.1,13.45,167.0,81.0,21.0,286.31,4.0,14,101100.0,9999999
58362,0,5922,25.6,13.97,9.0,9.0,21.0,291.61,4.0,13,101100.0,9999999
58362,0,5923,25.4,14.51,0.0,0.0,21.0,290.72,4.0,12,101100.0,9999999
58362,0,5924,25.4,15.25,0.0,0.0,21.0,287.43,1.0,8,101100.0,9999999
58362,0,5925,25.6,16.14,0.0,0.0,21.0,288.72,1.0,12,101100.0,9999999
58362,0,5926,25.8,16.75,0.0,0.0,21.0,290.36,1.0,1,101100.0,9999999
58362,0,5927,25.7,16.96,0.0,0.0,21.0,295.1,1.0,7,101100.0,9999999
58362,0,5928,25.3,16.85,0.0,0.0,21.0,289.27,1.0,6,100840.0,9999999
58362,0,5929,25.0,16.75,0.0,0.0,21.0,288.9,1.0,10,100840.0,9999999
58362,0,5930,24.8,16.75,0.0,0.0,21.0,290.54,4.0,10,100840.0,9999999
58362,0,5931,24.6,16.75,0.0,0.0,21.0,291.25,4.0,5,100840.0,9999999
58362,0,5932,24.1,16.34,0.0,0.0,21.0,293.37,4.0,13,100840.0,9999999
58362,0,5933,23.5,15.74,0.0,0.0,21.0,289.99,4.0,10,100840.0,9999999
58362,0,5934,22.9,15.06,19.0,19.0,21.0,290.36,4.0,3,100840.0,9999999
58362,0,5935,22.4,14.42,86.0,86.0,21.0,286.5,4.0,4,100840.0,9999999
58362,0,5936,22.2,13.97,162.0,162.0,21.0,288.17,4.0,10,100840.0,9999999
58362,0,5937,21.8,13.19,239.0,239.0,21.0,290.36,4.0,11,100840.0,9999999
58362,0,5938,21.8,12.62,303.0,303.0,21.0,288.54,4.0,5,100840.0,9999999
58362,0,5939,22.2,12.46,345.0,345.0,21.0,290.54,4.0,10,100840.0,9999999
58362,0,5940,23.1,12.54,358.0,358.0,21.0,286.12,4.0,11,100840.0,9999999
58362,0,5941,23.9,12.86,339.0,339.0,21.0,286.31,4.0,5,100840.0,9999999
58362,0,5942,24.6,13.19,292.0,292.0,21.0,290.36,3.0,7,100840.0,9999999
58362,0,5943,24.9,13.45,224.0,224.0,21.0,289.27,3.0,11,100840.0,9999999
58362,0,5944,24.9,13.71,147.0,147.0,21.0,293.55,3.0,5,100840.0,9999999
58362,0,5945,24.6,13.97,72.0,72.0,21.0,287.99,3.0,4,100840.0,9999999
58362,0,5946,24.2,14.15,8.0,8.0,21.0,292.85,3.0,5,100840.0,9999999
58362,0,5947,23.7,14.33,0.0,0.0,21.0,284.22,3.0,13,100840.0,9999999
58362,0,5948,23.2,14.51,0.0,0.0,21.0,287.8,1.0,7,100840.0,9999999
58362,0,5949,22.8,14.6,0.0,0.0,21.0,283.45,1.0,11,100840.0,9999999
58362,0,5950,22.6,14.78,0.0,0.0,21.0,283.25,1.0,2,100840.0,9999999
58362,0,5951,22.3,14.88,0.0,0.0,21.0,283.06,1.0,6,100840.0,9999999
58362,0,5952,22.2,14.97,0.0,0.0,21.0,285.93,1.0,6,100840.0,9999999
58362,0,5953,22.0,14.97,0.0,0.0,21.0,290.89,1.0,2,100840.0,9999999
58362,0,5954,21.8,14.78,0.0,0.0,21.0,283.84,0.0,0,100840.0,9999999
58362,0,5955,21.6,14.51,0.0,0.0,21.0,285.74,0.0,7,100840.0,9999999
58362,0,5956,21.4,14.24,0.0,0.0,21.0,288.72,0.0,10,100840.0,9999999
58362,0,5957,21.3,13.88,0.0,0.0,21.0,286.5,0.0,9,100840.0,9999999
58362,0,5958,21.8,14.06,45.0,13.0,21.0,285.93,0.0,6,100840.0,9999999
58362,0,5959,23.0,14.6,123.0,123.0,21.0,285.93,0.0,16,100840.0,9999999
58362,0,5960,24.2,15.16,399.0,111.0,21.0,287.99,2.0,2,100840.0,9999999
58362,0,5961,25.0,15.25,345.0,345.0,21.0,285.55,2.0,12,100840.0,9999999
58362,0,5962,25.4,14.88,438.0,438.0,21.0,285.93,2.0,14,100840.0,9999999
58362,0,5963,25.6,14.42,851.0,237.0,21.0,292.85,2.0,1,100840.0,9999999
58362,0,5964,25.9,14.06,1204.0,224.0,21.0,291.96,2.0,5,100840.0,9999999
58362,0,5965,26.5,14.15,836.0,232.0,21.0,295.1,2.0,2,100840.0,9999999
58362,0,5966,27.5,14.97,422.0,422.0,21.0,291.07,2.0,5,100840.0,9999999
58362,0,5967,28.5,16.14,552.0,153.0,21.0,292.85,2.0,16,100840.0,9999999
58362,0,5968,28.2,16.44,501.0,93.0,21.0,295.79,2.0,2,100840.0,9999999
58362,0,5969,27.5,16.44,243.0,45.0,21.0,289.63,2.0,8,100840.0,9999999
58362,0,5970,26.5,16.24,17.0,5.0,21.0,291.43,2.0,11,100840.0,9999999
58362,0,5971,25.5,16.04,0.0,0.0,21.0,288.54,2.0,1,100840.0,9999999
58362,0,5972,24.6,15.74,0.0,0.0,21.0,293.72,1.0,7,100840.0,9999999
58362,0,5973,24.1,15.64,0.0,0.0,21.0,289.63,1.0,1,100840.0,9999999
58362,0,5974,23.8,15.64,0.0,0.0,21.0,285.93,1.0,9,100840.0,9999999
58362,0,5975,23.7,15.64,0.0,0.0,21.0,287.99,1.0,8,100840.0,9999999
58362,0,5976,23.6,15.64,0.0,0.0,21.0,289.99,1.0,3,100940.0,9999999
58362,0,5977,23.6,15.64,0.0,0.0,21.0,288.54,1.0,8,100940.0,9999999
58362,0,5978,23.4,15.35,0.0,0.0,21.0,292.49,1.0,10,100940.0,9999999
58362,0,5979,23.0,14.97,0.0,0.0,21.0,287.24,1.0,2,100940.0,9999999
58362,0,5980,22.7,14.6,0.0,0.0,21.0,286.87,1.0,5,100940.0,9999999
58362,0,5981,22.5,14.33,0.0,0.0,21.0,291.25,1.0,12,100940.0,9999999
58362,0,5982,23.0,14.69,40.0,15.0,21.0,289.27,1.0,7,100940.0,9999999
58362,0,5983,24.1,15.45,194.0,71.0,21.0,287.8,1.0,5,100940.0,9999999
58362,0,5984,25.4,16.34,217.0,217.0,21.0,291.96,1.0,10,100940.0,9999999
58362,0,5985,26.4,16.85,321.0,321.0,21.0,290.89,1.0,7,100940.0,9999999
58362,0,5986,27.1,16.85,408.0,408.0,21.0,294.93,1.0,3,100940.0,9999999
58362,0,5987,27.6,16.65,465.0,465.0,21.0,289.81,1.0,10,100940.0,9999999
58362,0,5988,28.1,16.34,822.0,303.0,21.0,294.59,1.0,12,100940.0,9999999
58362,0,5989,28.7,16.04,457.0,457.0,21.0,292.49,1.0,7,100940.0,9999999
58362,0,5990,29.4,15.94,669.0,247.0,21.0,296.97,3.0,4,100940.0,9999999
58362,0,5991,30.0,15.74,847.0,213.0,21.0,296.3,3.0,10,100940.0,9999999
58362,0,5992,29.8,14.97,335.0,123.0,21.0,298.64,3.0,16,100940.0,9999999
58362,0,5993,29.3,14.15,329.0,83.0,21.0,295.27,3.0,1,100940.0,9999999
58362,0,5994,28.6,13.53,14.0,5.0,21.0,292.85,3.0,11,100940.0,9999999
58362,0,5995,27.8,13.19,0.0,0.0,21.0,289.27,3.0,12,100940.0,9999999
58362,0,5996,27.1,13.19,0.0,0.0,21.0,290.72,1.0,7,100940.0,9999999
58362,0,5997,26.5,13.71,0.0,0.0,21.0,286.68,1.0,14,100940.0,9999999
58362,0,5998,26.0,14.51,0.0,0.0,21.0,289.45,1.0,4,100940.0,9999999
58362,0,5999,25.5,15.45,0.0,0.0,21.0,286.12,1.0,9,100940.0,9999999
58362,0,6000,25.1,16.34,0.0,0.0,21.0,289.63,1.0,9,101040.0,9999999
58362,0,6001,24.7,16.96,0.0,0.0,21.0,292.49,1.0,11,101040.0,9999999
58362,0,6002,24.2,17.38,0.0,0.0,21.0,290.18,3.0,9,101040.0,9999999
58362,0,6003,23.7,17.28,0.0,0.0,21.0,290.54,3.0,7,101040.0,9999999
58362,0,6004,23.3,16.85,0.0,0.0,21.0,285.74,3.0,10,101040.0,9999999
58362,0,6005,23.1,16.54,0.0,0.0,21.0,289.63,3.0,9,101040.0,9999999
58362,0,6006,23.6,16.65,25.0,5.0,21.0,289.45,3.0,12,101040.0,9999999
58362,0,6007,24.6,17.17,125.0,27.0,21.0,287.99,3.0,6,101040.0,9999999
58362,0,6008,25.7,17.71,415.0,57.0,21.0,288.17,1.0,9,101040.0,9999999
58362,0,6009,26.4,17.71,613.0,85.0,21.0,293.2,1.0,4,101040.0,9999999
58362,0,6010,26.9,17.38,781.0,108.0,21.0,294.76,1.0,6,101040.0,9999999
58362,0,6011,27.2,16.96,892.0,123.0,21.0,292.32,1.0,8,101040.0,9999999
58362,0,6012,27.6,16.65,925.0,128.0,21.0,292.67,1.0,3,101040.0,9999999
58362,0,6013,28.3,16.44,876.0,121.0,21.0,290.54,1.0,11,101040.0,9999999
58362,0,6014,29.5,16.85,752.0,104.0,21.0,295.1,4.0,5,101040.0,9999999
58362,0,6015,31.1,17.6,576.0,80.0,21.0,295.61,4.0,11,101040.0,9999999
58362,0,6016,31.9,17.71,375.0,52.0,21.0,301.42,4.0,11,101040.0,9999999
58362,0,6017,31.3,16.65,104.0,22.0,21.0,295.61,4.0,9,101040.0,9999999
58362,0,6018,29.9,15.06,14.0,2.0,21.0,295.1,4.0,12,101040.0,9999999
58362,0,6019,28.1,13.62,0.0,0.0,21.0,292.32,4.0,16,101040.0,9999999
58362,0,6020,26.4,12.7,0.0,0.0,21.0,289.45,3.0,7,101040.0,9999999
58362,0,6021,25.2,12.46,0.0,0.0,21.0,285.18,3.0,3,101040.0,9999999
58362,0,6022,24.4,12.7,0.0,0.0,21.0,287.43,3.0,10,101040.0,9999999
58362,0,6023,24.0,13.19,0.0,0.0,21.0,290.89,3.0,16,101040.0,9999999
58362,0,6024,23.8,13.97,0.0,0.0,21.0,290.89,3.0,7,101120.0,9999999
58362,0,6025,23.6,14.6,0.0,0.0,21.0,288.9,3.0,2,101120.0,9999999
58362,0,6026,23.4,14.97,0.0,0.0,21.0,287.06,2.0,7,101120.0,9999999
58362,0,6027,23.1,15.06,0.0,0.0,21.0,287.8,2.0,12,101120.0,9999999
58362,0,6028,22.8,14.88,0.0,0.0,21.0,291.61,2.0,14,101120.0,9999999
58362,0,6029,22.6,14.6,0.0,0.0,21.0,283.25,2.0,7,101120.0,9999999
58362,0,6030,23.2,14.97,23.0,6.0,21.0,290.54,2.0,16,101120.0,9999999
58362,0,6031,24.5,15.84,231.0,36.0,21.0,292.14,2.0,14,101120.0,9999999
58362,0,6032,25.9,16.85,446.0,70.0,21.0,295.27,3.0,8,101120.0,9999999
58362,0,6033,26.8,17.28,661.0,103.0,21.0,296.3,3.0,5,101120.0,9999999
58362,0,6034,27.3,17.38,843.0,132.0,21.0,292.49,3.0,2,101120.0,9999999
58362,0,6035,27.5,17.17,517.0,124.0,21.0,296.8,3.0,4,101120.0,9999999
58362,0,6036,27.5,16.96,999.0,156.0,21.0,296.97,3.0,10,101120.0,9999999
58362,0,6037,27.6,16.96,946.0,148.0,21.0,295.44,3.0,2,101120.0,9999999
58362,0,6038,27.9,17.28,436.0,105.0,21.0,293.02,5.0,6,101120.0,9999999
58362,0,6039,28.5,18.04,621.0,97.0,21.0,289.63,5.0,3,101120.0,9999999
58362,0,6040,29.0,19.07,403.0,63.0,21.0,295.1,5.0,5,101120.0,9999999
58362,0,6041,29.3,20.03,103.0,25.0,21.0,293.02,5.0,1,101120.0,9999999
58362,0,6042,28.7,19.91,12.0,2.0,21.0,294.41,5.0,7,101120.0,9999999
58362,0,6043,27.4,18.95,0.0,0.0,21.0,293.55,5.0,5,101120.0,9999999
58362,0,6044,26.0,18.04,0.0,0.0,21.0,295.61,3.0,6,101120.0,9999999
58362,0,6045,25.2,17.6,0.0,0.0,21.0,291.96,3.0,2,101120.0,9999999
58362,0,6046,24.9,17.71,0.0,0.0,21.0,289.09,3.0,15,101120.0,9999999
58362,0,6047,24.9,18.15,0.0,0.0,21.0,289.81,3.0,8,101120.0,9999999
58362,0,6048,25.2,18.72,0.0,0.0,21.0,287.99,3.0,15,101270.0,9999999
58362,0,6049,25.5,19.3,0.0,0.0,21.0,292.67,3.0,15,101270.0,9999999
58362,0,6050,25.8,19.54,0.0,0.0,21.0,291.43,4.0,5,101270.0,9999999
58362,0,6051,25.9,19.42,0.0,0.0,21.0,290.89,4.0,9,101270.0,9999999
58362,0,6052,25.8,19.07,0.0,0.0,21.0,287.24,4.0,1,101270.0,9999999
58362,0,6053,25.7,18.49,0.0,0.0,21.0,289.99,4.0,1,101270.0,9999999
58362,0,6054,25.6,18.04,10.0,10.0,21.0,293.55,4.0,8,101270.0,9999999
58362,0,6055,25.6,17.6,53.0,53.0,21.0,288.17,4.0,7,101270.0,9999999
58362,0,6056,25.8,17.6,103.0,103.0,21.0,292.49,3.0,3,101270.0,9999999
58362,0,6057,26.3,17.93,153.0,153.0,21.0,290.54,3.0,13,101270.0,9999999
58362,0,6058,26.8,18.49,196.0,196.0,21.0,292.32,3.0,8,101270.0,9999999
58362,0,6059,27.4,19.19,224.0,224.0,21.0,288.72,3.0,9,101270.0,9999999
58362,0,6060,27.7,19.54,232.0,232.0,21.0,292.14,3.0,10,101270.0,9999999
58362,0,6061,27.6,19.54,220.0,220.0,21.0,294.76,3.0,3,101270.0,9999999
58362,0,6062,27.1,19.07,189.0,189.0,21.0,295.27,5.0,6,101270.0,9999999
58362,0,6063,26.6,18.49,144.0,144.0,21.0,291.96,5.0,12,101270.0,9999999
58362,0,6064,26.1,17.93,93.0,93.0,21.0,292.14,5.0,4,101270.0,9999999
58362,0,6065,25.8,17.49,44.0,44.0,21.0,291.61,5.0,1,101270.0,9999999
58362,0,6066,25.5,17.28,2.0,2.0,21.0,293.37,5.0,5,101270.0,9999999
58362,0,6067,25.4,17.28,0.0,0.0,21.0,292.14,5.0,10,101270.0,9999999
58362,0,6068,25.5,17.49,0.0,0.0,21.0,290.72,5.0,5,101270.0,9999999
58362,0,6069,25.7,17.93,0.0,0.0,21.0,295.27,5.0,1,101270.0,9999999
58362,0,6070,26.0,18.61,0.0,0.0,21.0,293.02,5.0,3,101270.0,9999999
58362,0,6071,26.2,19.19,0.0,0.0,21.0,292.32,5.0,12,101270.0,9999999
58362,0,6072,26.2,19.66,0.0,0.0,21.0,291.96,5.0,7,101310.0,9999999
58362,0,6073,26.0,19.78,0.0,0.0,21.0,289.81,5.0,13,101310.0,9999999
58362,0,6074,25.9,19.91,0.0,0.0,21.0,292.32,5.0,4,101310.0,9999999
58362,0,6075,25.7,19.78,0.0,0.0,21.0,287.24,5.0,6,101310.0,9999999
58362,0,6076,25.1,19.19,0.0,0.0,21.0,292.14,5.0,8,101310.0,9999999
58362,0,6077,24.4,18.26,0.0,0.0,21.0,288.72,5.0,10,101310.0,9999999
58362,0,6078,23.7,17.49,6.0,6.0,21.0,289.63,5.0,8,101310.0,9999999
58362,0,6079,23.1,16.85,37.0,37.0,21.0,284.22,5.0,14,101310.0,9999999
58362,0,6080,22.9,16.54,73.0,73.0,21.0,287.99,5.0,5,101310.0,9999999
58362,0,6081,22.4,15.94,109.0,109.0,21.0,284.6,5.0,10,101310.0,9999999
58362,0,6082,21.6,15.25,139.0,139.0,21.0,290.72,5.0,13,101310.0,9999999
58362,0,6083,21.6,15.16,159.0,159.0,21.0,282.28,5.0,13,101310.0,9999999
58362,0,6084,22.2,15.74,165.0,165.0,21.0,284.41,5.0,3,101310.0,9999999
58362,0,6085,23.2,16.65,156.0,156.0,21.0,287.24,5.0,1,101310.0,9999999
58362,0,6086,24.2,17.49,134.0,134.0,21.0,288.35,5.0,4,101310.0,9999999
58362,0,6087,24.9,18.04,102.0,102.0,21.0,294.41,5.0,12,101310.0,9999999
58362,0,6088,25.3,18.15,66.0,66.0,21.0,286.5,5.0,6,101310.0,9999999
58362,0,6089,25.5,17.93,31.0,31.0,21.0,289.63,5.0,13,101310.0,9999999
58362,0,6090,25.5,17.6,1.0,1.0,21.0,286.5,5.0,2,101310.0,9999999
58362,0,6091,25.4,17.17,0.0,0.0,21.0,286.31,5.0,9,101310.0,9999999
58362,0,6092,25.2,16.75,0.0,0.0,21.0,291.79,3.0,4,101310.0,9999999
58362,0,6093,25.0,16.44,0.0,0.0,21.0,285.93,3.0,6,101310.0,9999999
58362,0,6094,24.9,16.34,0.0,0.0,21.0,285.74,3.0,13,101310.0,9999999
58362,0,6095,24.9,16.34,0.0,0.0,21.0,285.74,3.0,5,101310.0,9999999
58362,0,6096,25.0,16.54,0.0,0.0,21.0,288.17,3.0,5,101340.0,9999999
58362,0,6097,25.1,16.96,0.0,0.0,21.0,290.89,3.0,10,101340.0,9999999
58362,0,6098,25.3,17.28,0.0,0.0,21.0,291.96,3.0,5,101340.0,9999999
58362,0,6099,25.4,17.49,0.0,0.0,21.0,294.93,3.0,6,101340.0,9999999
58362,0,6100,25.4,17.71,0.0,0.0,21.0,292.32,3.0,6,101340.0,9999999
58362,0,6101,25.5,17.93,0.0,0.0,21.0,292.32,3.0,3,101340.0,9999999
58362,0,6102,25.6,18.04,18.0,5.0,21.0,290.54,3.0,6,101340.0,9999999
58362,0,6103,25.9,18.26,197.0,37.0,21.0,289.45,3.0,7,101340.0,9999999
58362,0,6104,26.4,18.49,218.0,61.0,21.0,291.79,3.0,4,101340.0,9999999
58362,0,6105,27.1,18.84,578.0,109.0,21.0,292.14,3.0,8,101340.0,9999999
58362,0,6106,28.0,19.07,740.0,140.0,21.0,292.32,3.0,15,101340.0,9999999
58362,0,6107,28.8,19.3,846.0,160.0,21.0,292.49,3.0,15,101340.0,9999999
58362,0,6108,29.4,19.42,878.0,166.0,21.0,294.41,3.0,5,101340.0,9999999
58362,0,6109,29.6,19.3,831.0,157.0,21.0,290.89,3.0,7,101340.0,9999999
58362,0,6110,28.8,18.49,712.0,134.0,21.0,298.47,3.0,5,101340.0,9999999
58362,0,6111,27.9,17.82,305.0,86.0,21.0,293.72,3.0,10,101340.0,9999999
58362,0,6112,27.2,17.93,349.0,66.0,21.0,288.35,3.0,14,101340.0,9999999
58362,0,6113,26.8,18.38,162.0,31.0,21.0,291.61,3.0,7,101340.0,9999999
58362,0,6114,26.5,19.07,2.0,1.0,21.0,294.76,3.0,5,101340.0,9999999
58362,0,6115,26.4,19.78,0.0,0.0,21.0,291.61,3.0,9,101340.0,9999999
58362,0,6116,26.3,20.4,0.0,0.0,21.0,289.27,3.0,5,101340.0,9999999
58362,0,6117,26.2,20.78,0.0,0.0,21.0,289.27,3.0,10,101340.0,9999999
58362,0,6118,26.0,20.9,0.0,0.0,21.0,294.59,3.0,10,101340.0,9999999
58362,0,6119,25.9,20.78,0.0,0.0,21.0,292.49,3.0,1,101340.0,9999999
58362,0,6120,25.7,20.65,0.0,0.0,21.0,291.61,3.0,1,101310.0,9999999
58362,0,6121,25.6,20.27,0.0,0.0,21.0,291.96,3.0,14,101310.0,9999999
58362,0,6122,25.4,19.91,0.0,0.0,21.0,292.67,3.0,4,101310.0,9999999
58362,0,6123,25.2,19.54,0.0,0.0,21.0,293.55,3.0,6,101310.0,9999999
58362,0,6124,25.1,19.19,0.0,0.0,21.0,286.5,3.0,6,101310.0,9999999
58362,0,6125,25.1,18.84,0.0,0.0,21.0,290.18,3.0,10,101310.0,9999999
58362,0,6126,25.3,18.72,30.0,7.0,21.0,291.43,3.0,15,101310.0,9999999
58362,0,6127,25.9,18.95,201.0,32.0,21.0,294.07,3.0,16,101310.0,9999999
58362,0,6128,26.7,19.3,397.0,63.0,21.0,294.93,3.0,5,101310.0,9999999
58362,0,6129,27.6,19.66,595.0,94.0,21.0,295.96,3.0,4,101310.0,9999999
58362,0,6130,28.5,19.78,762.0,120.0,21.0,292.32,3.0,7,101310.0,9999999
58362,0,6131,29.2,19.66,843.0,204.0,21.0,290.54,3.0,3,101310.0,9999999
58362,0,6132,29.5,19.19,905.0,143.0,21.0,296.46,3.0,16,101310.0,9999999
58362,0,6133,29.2,18.26,856.0,135.0,21.0,291.61,3.0,9,101310.0,9999999
58362,0,6134,28.6,17.28,708.0,171.0,21.0,295.27,4.0,6,101310.0,9999999
58362,0,6135,28.0,16.65,316.0,316.0,21.0,291.96,4.0,9,101310.0,9999999
58362,0,6136,27.5,16.34,346.0,84.0,21.0,296.63,4.0,6,101310.0,9999999
58362,0,6137,27.1,16.34,165.0,26.0,21.0,290.89,4.0,10,101310.0,9999999
58362,0,6138,26.7,16.54,2.0,0.0,21.0,287.62,4.0,10,101310.0,9999999
58362,0,6139,26.4,16.85,0.0,0.0,21.0,289.63,4.0,4,101310.0,9999999
58362,0,6140,26.2,17.17,0.0,0.0,21.0,291.96,2.0,7,101310.0,9999999
58362,0,6141,26.0,17.49,0.0,0.0,21.0,290.18,2.0,4,101310.0,9999999
58362,0,6142,25.9,17.71,0.0,0.0,21.0,295.44,2.0,6,101310.0,9999999
58362,0,6143,25.8,17.93,0.0,0.0,21.0,287.06,2.0,10,101310.0,9999999
58362,0,6144,25.7,17.93,0.0,0.0,21.0,289.27,2.0,4,100930.0,9999999
58362,0,6145,25.4,17.82,0.0,0.0,21.0,290.18,2.0,1,100930.0,9999999
58362,0,6146,25.1,17.49,0.0,0.0,21.0,294.59,3.0,6,100930.0,9999999
58362,0,6147,24.7,16.96,0.0,0.0,21.0,294.07,3.0,8,100930.0,9999999
58362,0,6148,24.3,16.34,0.0,0.0,21.0,293.55,3.0,9,100930.0,9999999
58362,0,6149,24.1,15.94,0.0,0.0,21.0,288.54,3.0,5,100930.0,9999999
58362,0,6150,24.4,15.94,17.0,4.0,21.0,290.89,3.0,8,100930.0,9999999
58362,0,6151,25.1,16.24,219.0,31.0,21.0,291.61,3.0,10,100930.0,9999999
58362,0,6152,26.0,16.75,437.0,63.0,21.0,290.54,4.0,7,100930.0,9999999
58362,0,6153,26.9,17.28,655.0,94.0,21.0,289.27,4.0,13,100930.0,9999999
58362,0,6154,27.8,17.71,456.0,102.0,21.0,291.25,4.0,5,100930.0,9999999
58362,0,6155,28.5,18.04,962.0,138.0,21.0,294.41,4.0,7,100930.0,9999999
58362,0,6156,29.0,18.15,999.0,144.0,21.0,294.93,4.0,8,100930.0,9999999
58362,0,6157,29.2,18.15,512.0,115.0,21.0,290.36,4.0,9,100930.0,9999999
58362,0,6158,28.7,17.6,808.0,116.0,21.0,292.14,5.0,4,100930.0,9999999
58362,0,6159,28.0,17.06,614.0,88.0,21.0,292.67,5.0,5,100930.0,9999999
58362,0,6160,27.4,16.75,393.0,56.0,21.0,296.8,5.0,1,100930.0,9999999
58362,0,6161,26.9,16.65,179.0,26.0,21.0,296.3,5.0,3,100930.0,9999999
58362,0,6162,26.5,16.65,0.0,0.0,21.0,288.72,5.0,9,100930.0,9999999
58362,0,6163,26.2,16.75,0.0,0.0,21.0,290.72,5.0,16,100930.0,9999999
58362,0,6164,25.9,16.85,0.0,0.0,21.0,295.27,2.0,6,100930.0,9999999
58362,0,6165,25.7,16.96,0.0,0.0,21.0,289.09,2.0,7,100930.0,9999999
58362,0,6166,25.5,17.06,0.0,0.0,21.0,286.5,2.0,6,100930.0,9999999
58362,0,6167,25.4,17.06,0.0,0.0,21.0,294.76,2.0,7,100930.0,9999999
58362,0,6168,25.3,17.17,0.0,0.0,21.0,289.99,2.0,5,100840.0,9999999
58362,0,6169,25.2,17.28,0.0,0.0,21.0,293.02,2.0,5,100840.0,9999999
58362,0,6170,25.1,17.28,0.0,0.0,21.0,288.54,2.0,6,100840.0,9999999
58362,0,6171,25.0,17.28,0.0,0.0,21.0,290.36,2.0,16,100840.0,9999999
58362,0,6172,25.0,17.38,0.0,0.0,21.0,287.43,2.0,1,100840.0,9999999
58362,0,6173,25.0,17.38,0.0,0.0,21.0,289.81,2.0,8,100840.0,9999999
58362,0,6174,25.2,17.49,24.0,6.0,21.0,287.8,2.0,14,100840.0,9999999
58362,0,6175,25.6,17.6,108.0,108.0,21.0,289.81,2.0,1,100840.0,9999999
58362,0,6176,26.3,17.71,368.0,94.0,21.0,288.72,3.0,2,100840.0,9999999
58362,0,6177,27.2,17.82,559.0,95.0,21.0,289.63,3.0,13,100840.0,9999999
58362,0,6178,28.2,17.71,718.0,121.0,21.0,294.07,3.0,10,100840.0,9999999
58362,0,6179,29.0,17.49,814.0,209.0,21.0,293.72,3.0,10,100840.0,9999999
58362,0,6180,29.5,16.85,855.0,144.0,21.0,296.13,3.0,10,100840.0,9999999
58362,0,6181,29.5,16.04,808.0,137.0,21.0,295.1,3.0,14,100840.0,9999999
58362,0,6182,28.8,15.16,691.0,117.0,21.0,296.13,4.0,3,100840.0,9999999
58362,0,6183,27.7,14.42,524.0,89.0,21.0,291.07,4.0,5,100840.0,9999999
58362,0,6184,26.6,13.97,331.0,85.0,21.0,295.27,4.0,4,100840.0,9999999
58362,0,6185,25.5,13.79,151.0,26.0,21.0,288.72,4.0,6,100840.0,9999999
58362,0,6186,24.7,13.88,0.0,0.0,21.0,291.79,4.0,2,100840.0,9999999
58362,0,6187,24.5,14.24,0.0,0.0,21.0,289.09,4.0,13,100840.0,9999999
58362,0,6188,24.8,14.78,0.0,0.0,21.0,292.14,7.0,2,100840.0,9999999
58362,0,6189,24.9,14.69,0.0,0.0,21.0,291.07,7.0,13,100840.0,9999999
58362,0,6190,24.7,14.15,0.0,0.0,21.0,285.18,7.0,6,100840.0,9999999
58362,0,6191,24.3,13.19,0.0,0.0,21.0,284.41,7.0,11,100840.0,9999999
58362,0,6192,23.8,12.14,0.0,0.0,21.0,290.36,7.0,10,101240.0,9999999
58362,0,6193,23.1,11.24,0.0,0.0,21.0,282.87,7.0,8,101240.0,9999999
58362,0,6194,22.5,10.53,0.0,0.0,21.0,286.12,4.0,2,101240.0,9999999
58362,0,6195,21.9,10.19,0.0,0.0,21.0,289.63,4.0,13,101240.0,9999999
58362,0,6196,21.5,10.19,0.0,0.0,21.0,283.84,4.0,4,101240.0,9999999
58362,0,6197,21.4,10.4,0.0,0.0,21.0,283.06,4.0,6,101240.0,9999999
58362,0,6198,21.7,10.88,14.0,3.0,21.0,282.67,4.0,13,101240.0,9999999
58362,0,6199,22.3,11.46,208.0,31.0,21.0,284.99,4.0,1,101240.0,9999999
58362,0,6200,23.0,11.91,421.0,63.0,21.0,287.62,5.0,1,101240.0,9999999
58362,0,6201,23.5,11.99,347.0,80.0,21.0,286.5,5.0,4,101240.0,9999999
58362,0,6202,24.0,11.68,816.0,121.0,21.0,290.54,5.0,8,101240.0,9999999
58362,0,6203,24.3,11.24,512.0,118.0,21.0,288.72,5.0,1,101240.0,9999999
58362,0,6204,24.7,10.74,972.0,144.0,21.0,287.62,5.0,4,101240.0,9999999
58362,0,6205,25.2,10.46,918.0,136.0,21.0,291.25,5.0,7,101240.0,9999999
58362,0,6206,25.9,10.6,785.0,117.0,21.0,293.55,6.0,1,101240.0,9999999
58362,0,6207,26.5,11.02,594.0,88.0,21.0,287.24,6.0,1,101240.0,9999999
58362,0,6208,26.3,11.31,378.0,56.0,21.0,288.17,6.0,8,101240.0,9999999
58362,0,6209,25.7,11.61,169.0,25.0,21.0,290.89,6.0,15,101240.0,9999999
58362,0,6210,24.9,11.76,0.0,0.0,21.0,288.17,6.0,5,101240.0,9999999
58362,0,6211,24.0,11.91,0.0,0.0,21.0,289.45,6.0,5,101240.0,9999999
58362,0,6212,23.3,11.99,0.0,0.0,21.0,284.6,5.0,1,101240.0,9999999
58362,0,6213,22.8,12.07,0.0,0.0,21.0,287.43,5.0,11,101240.0,9999999
58362,0,6214,22.5,12.14,0.0,0.0,21.0,282.48,5.0,15,101240.0,9999999
58362,0,6215,22.3,12.22,0.0,0.0,21.0,287.06,5.0,12,101240.0,9999999
58362,0,6216,22.2,12.22,0.0,0.0,21.0,286.31,5.0,3,101400.0,9999999
58362,0,6217,22.2,12.22,0.0,0.0,21.0,282.08,5.0,6,101400.0,9999999
58362,0,6218,22.1,12.14,0.0,0.0,21.0,287.62,4.0,2,101400.0,9999999
58362,0,6219,22.0,11.99,0.0,0.0,21.0,285.93,4.0,16,101400.0,9999999
58362,0,6220,21.9,11.83,0.0,0.0,21.0,284.03,4.0,8,101400.0,9999999
58362,0,6221,21.8,11.61,0.0,0.0,21.0,284.03,4.0,1,101400.0,9999999
58362,0,6222,22.0,11.61,13.0,3.0,21.0,288.54,4.0,14,101400.0,9999999
58362,0,6223,22.5,11.76,192.0,24.0,21.0,286.5,4.0,6,101400.0,9999999
58362,0,6224,23.2,11.91,391.0,49.0,21.0,289.81,2.0,2,101400.0,9999999
58362,0,6225,23.8,11.99,591.0,73.0,21.0,291.96,2.0,6,101400.0,9999999
58362,0,6226,24.4,11.99,762.0,94.0,21.0,287.24,2.0,1,101400.0,9999999
58362,0,6227,25.0,11.91,874.0,108.0,21.0,289.45,2.0,7,101400.0,9999999
58362,0,6228,25.5,11.91,908.0,113.0,21.0,293.55,2.0,11,101400.0,9999999
58362,0,6229,25.9,11.99,857.0,106.0,21.0,290.54,2.0,8,101400.0,9999999
58362,0,6230,26.4,12.22,732.0,91.0,21.0,290.36,3.0,2,101400.0,9999999
58362,0,6231,26.7,12.54,553.0,69.0,21.0,289.63,3.0,15,101400.0,9999999
58362,0,6232,26.5,12.7,351.0,44.0,21.0,286.31,3.0,5,101400.0,9999999
58362,0,6233,25.9,12.62,156.0,19.0,21.0,287.24,3.0,4,101400.0,9999999
58362,0,6234,25.0,12.46,0.0,0.0,21.0,289.09,3.0,5,101400.0,9999999
58362,0,6235,24.2,12.3,0.0,0.0,21.0,286.5,3.0,5,101400.0,9999999
58362,0,6236,23.5,12.14,0.0,0.0,21.0,287.62,4.0,3,101400.0,9999999
58362,0,6237,23.0,12.07,0.0,0.0,21.0,289.63,4.0,13,101400.0,9999999
58362,0,6238,22.8,12.14,0.0,0.0,21.0,282.67,4.0,3,101400.0,9999999
58362,0,6239,22.7,12.22,0.0,0.0,21.0,285.74,4.0,10,101400.0,9999999
58362,0,6240,22.7,12.38,0.0,0.0,21.0,282.67,4.0,14,101320.0,9999999
58362,0,6241,22.8,12.46,0.0,0.0,21.0,291.07,4.0,4,101320.0,9999999
58362,0,6242,22.7,12.46,0.0,0.0,21.0,291.07,2.0,5,101320.0,9999999
58362,0,6243,22.5,12.3,0.0,0.0,21.0,285.55,2.0,4,101320.0,9999999
58362,0,6244,22.4,12.14,0.0,0.0,21.0,285.37,2.0,9,101320.0,9999999
58362,0,6245,22.3,11.99,0.0,0.0,21.0,284.6,2.0,12,101320.0,9999999
58362,0,6246,22.5,11.99,11.0,2.0,21.0,286.5,2.0,4,101320.0,9999999
58362,0,6247,22.9,12.14,188.0,24.0,21.0,287.62,2.0,11,101320.0,9999999
58362,0,6248,23.4,12.22,385.0,49.0,21.0,287.43,2.0,1,101320.0,9999999
58362,0,6249,23.8,12.22,584.0,75.0,21.0,291.96,2.0,2,101320.0,9999999
58362,0,6250,24.2,12.14,753.0,97.0,21.0,285.37,2.0,16,101320.0,9999999
58362,0,6251,24.6,12.07,864.0,111.0,21.0,287.43,2.0,7,101320.0,9999999
58362,0,6252,25.0,12.07,897.0,115.0,21.0,293.2,2.0,8,101320.0,9999999
58362,0,6253,25.6,12.22,847.0,109.0,21.0,287.8,2.0,7,101320.0,9999999
58362,0,6254,26.3,12.62,723.0,93.0,21.0,286.31,4.0,4,101320.0,9999999
58362,0,6255,26.9,13.11,546.0,70.0,21.0,291.07,4.0,10,101320.0,9999999
58362,0,6256,26.7,13.11,345.0,44.0,21.0,291.43,4.0,5,101320.0,9999999
58362,0,6257,26.1,12.94,152.0,20.0,21.0,286.12,4.0,4,101320.0,9999999
58362,0,6258,25.3,12.78,0.0,0.0,21.0,291.96,4.0,6,101320.0,9999999
58362,0,6259,24.4,12.54,0.0,0.0,21.0,287.43,4.0,3,101320.0,9999999
58362,0,6260,23.7,12.46,0.0,0.0,21.0,288.54,4.0,2,101320.0,9999999
58362,0,6261,23.2,12.54,0.0,0.0,21.0,284.6,4.0,3,101320.0,9999999
58362,0,6262,23.0,12.78,0.0,0.0,21.0,291.43,4.0,15,101320.0,9999999
58362,0,6263,22.9,13.11,0.0,0.0,21.0,283.06,4.0,13,101320.0,9999999
58362,0,6264,22.9,13.45,0.0,0.0,21.0,287.24,4.0,6,100720.0,9999999
58362,0,6265,22.9,13.79,0.0,0.0,21.0,284.6,4.0,4,100720.0,9999999
58362,0,6266,22.8,13.97,0.0,0.0,21.0,284.6,4.0,2,100720.0,9999999
58362,0,6267,22.6,13.97,0.0,0.0,21.0,286.12,4.0,2,100720.0,9999999
58362,0,6268,22.5,13.79,0.0,0.0,21.0,287.62,4.0,8,100720.0,9999999
58362,0,6269,22.4,13.71,0.0,0.0,21.0,284.22,4.0,6,100720.0,9999999
58362,0,6270,22.7,13.88,6.0,6.0,21.0,284.41,4.0,12,100720.0,9999999
58362,0,6271,23.4,14.42,68.0,68.0,21.0,286.31,4.0,6,100720.0,9999999
58362,0,6272,24.1,14.88,141.0,141.0,21.0,284.79,5.0,1,100720.0,9999999
58362,0,6273,24.5,15.16,215.0,215.0,21.0,291.96,5.0,8,100720.0,9999999
58362,0,6274,24.7,15.16,277.0,277.0,21.0,286.68,5.0,1,100720.0,9999999
58362,0,6275,24.8,15.16,318.0,318.0,21.0,286.68,5.0,7,100720.0,9999999
58362,0,6276,24.8,15.16,331.0,331.0,21.0,288.54,5.0,2,100720.0,9999999
58362,0,6277,24.9,15.35,312.0,312.0,21.0,285.55,5.0,12,100720.0,9999999
58362,0,6278,25.2,15.94,266.0,266.0,21.0,292.85,8.0,16,100720.0,9999999
58362,0,6279,25.7,16.85,201.0,201.0,21.0,286.68,8.0,11,100720.0,9999999
58362,0,6280,26.3,17.93,126.0,126.0,21.0,290.54,8.0,7,100720.0,9999999
58362,0,6281,26.5,18.84,55.0,55.0,21.0,291.96,8.0,9,100720.0,9999999
58362,0,6282,26.2,19.19,0.0,0.0,21.0,291.25,8.0,1,100720.0,9999999
58362,0,6283,25.6,18.95,0.0,0.0,21.0,287.06,8.0,12,100720.0,9999999
58362,0,6284,25.0,18.61,0.0,0.0,21.0,293.2,6.0,2,100720.0,9999999
58362,0,6285,24.6,18.38,0.0,0.0,21.0,292.85,6.0,8,100720.0,9999999
58362,0,6286,24.5,18.38,0.0,0.0,21.0,294.24,6.0,1,100720.0,9999999
58362,0,6287,24.5,18.38,0.0,0.0,21.0,285.93,6.0,4,100720.0,9999999
58362,0,6288,24.6,18.26,0.0,0.0,21.0,289.99,6.0,3,100510.0,9999999
58362,0,6289,24.6,18.26,0.0,0.0,21.0,290.72,6.0,15,100510.0,9999999
58362,0,6290,24.5,18.04,0.0,0.0,21.0,289.45,7.0,4,100510.0,9999999
58362,0,6291,24.2,17.71,0.0,0.0,21.0,291.07,7.0,13,100510.0,9999999
58362,0,6292,23.9,17.38,0.0,0.0,21.0,291.79,7.0,10,100510.0,9999999
58362,0,6293,23.7,17.28,0.0,0.0,21.0,288.35,7.0,11,100510.0,9999999
58362,0,6294,23.8,17.38,5.0,5.0,21.0,287.24,7.0,8,100510.0,9999999
58362,0,6295,24.1,17.6,64.0,64.0,21.0,289.99,7.0,3,100510.0,9999999
58362,0,6296,24.4,17.71,132.0,132.0,21.0,286.87,5.0,5,100510.0,9999999
58362,0,6297,24.7,17.71,202.0,202.0,21.0,294.24,5.0,11,100510.0,9999999
58362,0,6298,25.0,17.49,261.0,261.0,21.0,289.09,5.0,4,100510.0,9999999
58362,0,6299,25.3,17.28,300.0,300.0,21.0,293.2,5.0,8,100510.0,9999999
58362,0,6300,25.5,17.06,312.0,312.0,21.0,290.72,5.0,15,100510.0,9999999
58362,0,6301,25.8,16.96,294.0,294.0,21.0,286.87,5.0,1,100510.0,9999999
58362,0,6302,26.1,17.06,251.0,251.0,21.0,293.89,3.0,5,100510.0,9999999
58362,0,6303,26.4,17.38,189.0,189.0,21.0,293.02,3.0,9,100510.0,9999999
58362,0,6304,26.5,17.82,118.0,118.0,21.0,296.13,3.0,12,100510.0,9999999
58362,0,6305,26.4,18.15,51.0,51.0,21.0,292.49,3.0,16,100510.0,9999999
58362,0,6306,26.0,18.38,0.0,0.0,21.0,294.07,3.0,11,100510.0,9999999
58362,0,6307,25.5,18.38,0.0,0.0,21.0,295.27,3.0,16,100510.0,9999999
58362,0,6308,25.0,18.15,0.0,0.0,21.0,289.81,2.0,3,100510.0,9999999
58362,0,6309,24.5,17.93,0.0,0.0,21.0,291.43,2.0,6,100510.0,9999999
58362,0,6310,24.0,17.6,0.0,0.0,21.0,288.17,2.0,12,100510.0,9999999
58362,0,6311,23.4,17.06,0.0,0.0,21.0,284.6,2.0,12,100510.0,9999999
58362,0,6312,22.8,16.44,0.0,0.0,21.0,290.54,2.0,7,100860.0,9999999
58362,0,6313,22.1,15.74,0.0,0.0,21.0,289.81,2.0,3,100860.0,9999999
58362,0,6314,21.3,14.97,0.0,0.0,21.0,284.99,5.0,16,100860.0,9999999
58362,0,6315,20.4,14.15,0.0,0.0,21.0,282.28,5.0,4,100860.0,9999999
58362,0,6316,19.6,13.45,0.0,0.0,21.0,283.06,5.0,10,100860.0,9999999
58362,0,6317,19.3,13.11,0.0,0.0,21.0,282.67,5.0,9,100860.0,9999999
58362,0,6318,19.6,13.19,12.0,7.0,21.0,282.28,5.0,15,100860.0,9999999
58362,0,6319,20.4,13.53,178.0,111.0,21.0,285.55,5.0,14,100860.0,9999999
58362,0,6320,21.2,13.79,130.0,130.0,21.0,283.06,6.0,16,100860.0,9999999
58362,0,6321,21.8,13.62,199.0,199.0,21.0,283.64,6.0,4,100860.0,9999999
58362,0,6322,22.2,13.19,737.0,458.0,21.0,286.68,6.0,9,100860.0,9999999
58362,0,6323,22.6,12.54,296.0,296.0,21.0,289.45,6.0,2,100860.0,9999999
58362,0,6324,22.9,12.07,308.0,308.0,21.0,285.93,6.0,13,100860.0,9999999
58362,0,6325,23.4,11.68,291.0,291.0,21.0,286.68,6.0,1,100860.0,9999999
58362,0,6326,24.0,11.76,248.0,248.0,21.0,289.45,6.0,16,100860.0,9999999
58362,0,6327,24.8,12.22,532.0,330.0,21.0,288.35,6.0,11,100860.0,9999999
58362,0,6328,25.2,12.78,333.0,207.0,21.0,290.89,6.0,15,100860.0,9999999
58362,0,6329,24.8,12.86,50.0,50.0,21.0,291.61,6.0,5,100860.0,9999999
58362,0,6330,24.0,12.7,0.0,0.0,21.0,285.37,6.0,12,100860.0,9999999
58362,0,6331,23.0,12.3,0.0,0.0,21.0,285.93,6.0,3,100860.0,9999999
58362,0,6332,22.2,12.07,0.0,0.0,21.0,290.36,5.0,1,100860.0,9999999
58362,0,6333,21.9,11.99,0.0,0.0,21.0,285.93,5.0,16,100860.0,9999999
58362,0,6334,22.0,11.99,0.0,0.0,21.0,281.89,5.0,7,100860.0,9999999
58362,0,6335,22.1,11.99,0.0,0.0,21.0,282.08,5.0,5,100860.0,9999999
58362,0,6336,22.2,11.91,0.0,0.0,21.0,287.62,5.0,14,101300.0,9999999
58362,0,6337,22.0,11.61,0.0,0.0,21.0,284.03,5.0,12,101300.0,9999999
58362,0,6338,21.2,11.02,0.0,0.0,21.0,280.9,4.0,16,101300.0,9999999
58362,0,6339,19.8,10.13,0.0,0.0,21.0,283.25,4.0,2,101300.0,9999999
58362,0,6340,18.4,9.36,0.0,0.0,21.0,277.66,4.0,5,101300.0,9999999
58362,0,6341,17.8,9.05,0.0,0.0,21.0,281.1,4.0,12,101300.0,9999999
58362,0,6342,18.4,9.42,9.0,3.0,21.0,281.69,4.0,12,101300.0,9999999
58362,0,6343,19.8,10.26,173.0,32.0,21.0,284.79,4.0,3,101300.0,9999999
58362,0,6344,21.3,10.95,364.0,68.0,21.0,280.9,3.0,14,101300.0,9999999
58362,0,6345,22.3,11.09,526.0,146.0,21.0,287.43,3.0,2,101300.0,9999999
58362,0,6346,22.9,10.74,400.0,400.0,21.0,289.09,3.0,1,101300.0,9999999
58362,0,6347,23.3,10.19,784.0,218.0,21.0,284.03,3.0,12,101300.0,9999999
58362,0,6348,23.7,9.74,864.0,161.0,21.0,287.62,3.0,5,101300.0,9999999
58362,0,6349,24.3,9.61,816.0,152.0,21.0,290.18,3.0,2,101300.0,9999999
58362,0,6350,25.4,10.06,654.0,182.0,21.0,288.72,4.0,16,101300.0,9999999
58362,0,6351,26.4,11.02,521.0,97.0,21.0,289.45,4.0,2,101300.0,9999999
58362,0,6352,26.1,11.53,306.0,85.0,21.0,289.81,4.0,10,101300.0,9999999
58362,0,6353,25.4,12.07,137.0,26.0,21.0,288.17,4.0,7,101300.0,9999999
58362,0,6354,24.5,12.38,0.0,0.0,21.0,288.54,4.0,7,101300.0,9999999
58362,0,6355,23.5,12.62,0.0,0.0,21.0,283.64,4.0,8,101300.0,9999999
58362,0,6356,22.8,12.86,0.0,0.0,21.0,287.06,3.0,2,101300.0,9999999
58362,0,6357,22.4,13.11,0.0,0.0,21.0,289.45,3.0,2,101300.0,9999999
58362,0,6358,22.3,13.36,0.0,0.0,21.0,284.03,3.0,12,101300.0,9999999
58362,0,6359,22.3,13.45,0.0,0.0,21.0,284.99,3.0,9,101300.0,9999999
58362,0,6360,22.2,13.45,0.0,0.0,21.0,285.55,3.0,11,101580.0,9999999
58362,0,6361,21.9,13.11,0.0,0.0,21.0,282.08,3.0,4,101580.0,9999999
58362,0,6362,21.1,12.38,0.0,0.0,21.0,283.45,1.0,2,101580.0,9999999
58362,0,6363,19.9,11.39,0.0,0.0,21.0,286.31,1.0,13,101580.0,9999999
58362,0,6364,18.7,10.46,0.0,0.0,21.0,279.7,1.0,10,101580.0,9999999
58362,0,6365,18.2,9.93,0.0,0.0,21.0,281.1,1.0,11,101580.0,9999999
58362,0,6366,18.9,10.26,6.0,2.0,21.0,278.48,1.0,9,101580.0,9999999
58362,0,6367,20.5,11.09,151.0,56.0,21.0,281.49,1.0,5,101580.0,9999999
58362,0,6368,22.2,12.07,320.0,120.0,21.0,286.87,3.0,3,101580.0,9999999
58362,0,6369,23.4,12.62,668.0,171.0,21.0,285.74,3.0,2,101580.0,9999999
58362,0,6370,24.0,12.7,868.0,222.0,21.0,286.31,3.0,15,101580.0,9999999
58362,0,6371,24.3,12.62,735.0,275.0,21.0,291.07,3.0,6,101580.0,9999999
58362,0,6372,24.5,12.38,449.0,449.0,21.0,289.99,3.0,15,101580.0,9999999
58362,0,6373,24.6,12.22,423.0,423.0,21.0,291.25,3.0,8,101580.0,9999999
58362,0,6374,24.8,12.3,360.0,360.0,21.0,284.79,3.0,2,101580.0,9999999
58362,0,6375,25.1,12.62,459.0,172.0,21.0,293.37,3.0,9,101580.0,9999999
58362,0,6376,24.9,12.7,388.0,99.0,21.0,286.31,3.0,8,101580.0,9999999
58362,0,6377,24.5,12.7,119.0,45.0,21.0,287.62,3.0,4,101580.0,9999999
58362,0,6378,24.0,12.7,0.0,0.0,21.0,287.06,3.0,16,101580.0,9999999
58362,0,6379,23.4,12.62,0.0,0.0,21.0,287.62,3.0,12,101580.0,9999999
58362,0,6380,23.0,12.7,0.0,0.0,21.0,291.43,3.0,3,101580.0,9999999
58362,0,6381,22.8,12.78,0.0,0.0,21.0,284.22,3.0,5,101580.0,9999999
58362,0,6382,22.8,13.03,0.0,0.0,21.0,284.22,3.0,14,101580.0,9999999
58362,0,6383,22.7,13.19,0.0,0.0,21.0,291.25,3.0,6,101580.0,9999999
58362,0,6384,22.6,13.28,0.0,0.0,21.0,285.18,3.0,4,101640.0,9999999
58362,0,6385,22.3,13.11,0.0,0.0,21.0,288.17,3.0,12,101640.0,9999999
58362,0,6386,21.7,12.7,0.0,0.0,21.0,283.25,2.0,1,101640.0,9999999
58362,0,6387,20.7,11.91,0.0,0.0,21.0,282.08,2.0,1,101640.0,9999999
58362,0,6388,19.8,11.24,0.0,0.0,21.0,279.7,2.0,12,101640.0,9999999
58362,0,6389,19.4,10.81,0.0,0.0,21.0,283.06,2.0,12,101640.0,9999999
58362,0,6390,20.1,11.02,3.0,2.0,21.0,283.84,2.0,11,101640.0,9999999
58362,0,6391,21.6,11.76,102.0,65.0,21.0,285.55,2.0,8,101640.0,9999999
58362,0,6392,23.1,12.38,112.0,112.0,21.0,285.37,3.0,16,101640.0,9999999
58362,0,6393,24.1,12.38,338.0,215.0,21.0,286.31,3.0,12,101640.0,9999999
58362,0,6394,24.5,11.99,439.0,280.0,21.0,287.43,3.0,13,101640.0,9999999
58362,0,6395,24.7,11.31,506.0,322.0,21.0,287.8,3.0,9,101640.0,9999999
58362,0,6396,24.8,10.67,526.0,335.0,21.0,287.8,3.0,2,101640.0,9999999
58362,0,6397,25.1,10.4,496.0,316.0,21.0,284.41,3.0,5,101640.0,9999999
58362,0,6398,25.7,10.67,215.0,215.0,21.0,290.72,4.0,1,101640.0,9999999
58362,0,6399,26.4,11.46,161.0,161.0,21.0,287.24,4.0,14,101640.0,9999999
58362,0,6400,26.2,11.91,195.0,124.0,21.0,287.24,4.0,13,101640.0,9999999
58362,0,6401,25.6,12.3,41.0,41.0,21.0,286.87,4.0,1,101640.0,9999999
58362,0,6402,24.8,12.62,0.0,0.0,21.0,293.02,4.0,8,101640.0,9999999
58362,0,6403,23.9,12.86,0.0,0.0,21.0,288.17,4.0,6,101640.0,9999999
58362,0,6404,23.2,13.03,0.0,0.0,21.0,284.79,3.0,3,101640.0,9999999
58362,0,6405,22.7,13.11,0.0,0.0,21.0,287.62,3.0,14,101640.0,9999999
58362,0,6406,22.5,13.28,0.0,0.0,21.0,284.99,3.0,16,101640.0,9999999
58362,0,6407,22.4,13.36,0.0,0.0,21.0,288.17,3.0,14,101640.0,9999999
58362,0,6408,22.4,13.53,0.0,0.0,21.0,287.43,3.0,8,101690.0,9999999
58362,0,6409,22.4,13.62,0.0,0.0,21.0,289.45,3.0,16,101690.0,9999999
58362,0,6410,22.3,13.71,0.0,0.0,21.0,284.03,1.0,1,101690.0,9999999
58362,0,6411,22.1,13.71,0.0,0.0,21.0,288.17,1.0,16,101690.0,9999999
58362,0,6412,22.0,13.71,0.0,0.0,21.0,290.72,1.0,9,101690.0,9999999
58362,0,6413,21.9,13.71,0.0,0.0,21.0,282.28,1.0,5,101690.0,9999999
58362,0,6414,22.1,13.97,3.0,1.0,21.0,286.12,1.0,2,101690.0,9999999
58362,0,6415,22.7,14.42,220.0,44.0,21.0,284.6,1.0,13,101690.0,9999999
58362,0,6416,23.4,14.69,474.0,96.0,21.0,287.62,3.0,2,101690.0,9999999
58362,0,6417,24.0,14.6,523.0,156.0,21.0,288.17,3.0,9,101690.0,9999999
58362,0,6418,24.4,14.24,681.0,203.0,21.0,291.61,3.0,2,101690.0,9999999
58362,0,6419,24.8,13.88,461.0,461.0,21.0,289.99,3.0,16,101690.0,9999999
58362,0,6420,25.3,13.53,479.0,479.0,21.0,290.36,3.0,12,101690.0,9999999
58362,0,6421,25.9,13.36,769.0,229.0,21.0,294.41,3.0,9,101690.0,9999999
58362,0,6422,26.6,13.71,915.0,185.0,21.0,289.81,3.0,4,101690.0,9999999
58362,0,6423,27.2,14.42,487.0,145.0,21.0,289.81,3.0,3,101690.0,9999999
58362,0,6424,26.9,14.69,177.0,177.0,21.0,287.43,3.0,3,101690.0,9999999
58362,0,6425,26.2,14.78,123.0,37.0,21.0,293.55,3.0,4,101690.0,9999999
58362,0,6426,25.3,14.78,0.0,0.0,21.0,285.74,3.0,1,101690.0,9999999
58362,0,6427,24.3,14.78,0.0,0.0,21.0,288.54,3.0,15,101690.0,9999999
58362,0,6428,23.5,14.69,0.0,0.0,21.0,287.62,2.0,4,101690.0,9999999
58362,0,6429,23.0,14.88,0.0,0.0,21.0,287.24,2.0,12,101690.0,9999999
58362,0,6430,22.7,15.06,0.0,0.0,21.0,288.17,2.0,4,101690.0,9999999
58362,0,6431,22.7,15.25,0.0,0.0,21.0,291.79,2.0,13,101690.0,9999999
58362,0,6432,22.7,15.54,0.0,0.0,21.0,290.18,2.0,10,101750.0,9999999
58362,0,6433,22.8,15.64,0.0,0.0,21.0,289.27,2.0,12,101750.0,9999999
58362,0,6434,22.8,15.74,0.0,0.0,21.0,291.96,3.0,2,101750.0,9999999
58362,0,6435,22.7,15.64,0.0,0.0,21.0,284.79,3.0,7,101750.0,9999999
58362,0,6436,22.6,15.45,0.0,0.0,21.0,283.45,3.0,10,101750.0,9999999
58362,0,6437,22.5,15.25,0.0,0.0,21.0,288.9,3.0,5,101750.0,9999999
58362,0,6438,22.7,15.35,0.0,0.0,21.0,291.79,3.0,1,101750.0,9999999
58362,0,6439,23.2,15.74,48.0,48.0,21.0,289.63,3.0,5,101750.0,9999999
58362,0,6440,23.9,16.44,104.0,104.0,21.0,286.12,2.0,4,101750.0,9999999
58362,0,6441,24.6,17.28,160.0,160.0,21.0,292.49,2.0,12,101750.0,9999999
58362,0,6442,25.2,17.93,209.0,209.0,21.0,286.5,2.0,1,101750.0,9999999
58362,0,6443,25.5,18.38,241.0,241.0,21.0,290.89,2.0,5,101750.0,9999999
58362,0,6444,25.3,18.15,251.0,251.0,21.0,287.99,2.0,14,101750.0,9999999
58362,0,6445,24.8,17.49,236.0,236.0,21.0,294.24,2.0,8,101750.0,9999999
58362,0,6446,24.2,16.75,200.0,200.0,21.0,293.55,4.0,3,101750.0,9999999
58362,0,6447,23.7,15.94,149.0,149.0,21.0,292.85,4.0,1,101750.0,9999999
58362,0,6448,23.2,15.06,92.0,92.0,21.0,285.18,4.0,7,101750.0,9999999
58362,0,6449,22.9,14.42,37.0,37.0,21.0,286.5,4.0,3,101750.0,9999999
58362,0,6450,22.7,13.71,0.0,0.0,21.0,288.72,4.0,16,101750.0,9999999
58362,0,6451,22.7,13.19,0.0,0.0,21.0,287.62,4.0,16,101750.0,9999999
58362,0,6452,22.8,12.86,0.0,0.0,21.0,287.62,6.0,2,101750.0,9999999
58362,0,6453,23.0,12.7,0.0,0.0,21.0,284.41,6.0,1,101750.0,9999999
58362,0,6454,23.3,12.62,0.0,0.0,21.0,284.79,6.0,10,101750.0,9999999
58362,0,6455,23.5,12.54,0.0,0.0,21.0,284.99,6.0,4,101750.0,9999999
58362,0,6456,23.5,12.46,0.0,0.0,21.0,284.79,6.0,9,101790.0,9999999
58362,0,6457,23.2,12.3,0.0,0.0,21.0,286.12,6.0,9,101790.0,9999999
58362,0,6458,23.0,12.3,0.0,0.0,21.0,284.41,6.0,4,101790.0,9999999
58362,0,6459,22.8,12.46,0.0,0.0,21.0,286.87,6.0,12,101790.0,9999999
58362,0,6460,22.2,12.38,0.0,0.0,21.0,284.6,6.0,8,101790.0,9999999
58362,0,6461,21.4,12.22,0.0,0.0,21.0,282.87,6.0,6,101790.0,9999999
58362,0,6462,20.6,12.07,0.0,0.0,21.0,284.22,6.0,7,101790.0,9999999
58362,0,6463,20.0,11.91,11.0,11.0,21.0,281.29,6.0,1,101790.0,9999999
58362,0,6464,19.8,11.83,25.0,25.0,21.0,283.84,8.0,2,101790.0,9999999
58362,0,6465,19.6,11.68,38.0,38.0,21.0,281.89,8.0,9,101790.0,9999999
58362,0,6466,19.5,11.53,50.0,50.0,21.0,279.49,8.0,1,101790.0,9999999
58362,0,6467,19.8,11.53,58.0,58.0,21.0,284.41,8.0,11,101790.0,9999999
58362,0,6468,20.1,11.53,60.0,60.0,21.0,286.68,8.0,13,101790.0,9999999
58362,0,6469,20.6,11.68,57.0,57.0,21.0,287.24,8.0,3,101790.0,9999999
58362,0,6470,21.0,11.83,48.0,48.0,21.0,286.5,6.0,2,101790.0,9999999
58362,0,6471,21.3,11.99,36.0,36.0,21.0,285.37,6.0,16,101790.0,9999999
58362,0,6472,21.5,12.22,22.0,22.0,21.0,286.31,6.0,5,101790.0,9999999
58362,0,6473,21.6,12.46,9.0,9.0,21.0,284.79,6.0,8,101790.0,9999999
58362,0,6474,21.6,12.78,0.0,0.0,21.0,283.06,6.0,1,101790.0,9999999
58362,0,6475,21.6,13.03,0.0,0.0,21.0,284.22,6.0,12,101790.0,9999999
58362,0,6476,21.6,13.28,0.0,0.0,21.0,281.89,5.0,2,101790.0,9999999
58362,0,6477,21.5,13.53,0.0,0.0,21.0,290.18,5.0,5,101790.0,9999999
58362,0,6478,21.5,13.79,0.0,0.0,21.0,286.68,5.0,2,101790.0,9999999
58362,0,6479,21.4,13.97,0.0,0.0,21.0,284.22,5.0,9,101790.0,9999999
58362,0,6480,21.3,14.24,0.0,0.0,21.0,287.43,5.0,5,101520.0,9999999
58362,0,6481,21.3,14.42,0.0,0.0,21.0,285.37,5.0,8,101520.0,9999999
58362,0,6482,21.2,14.6,0.0,0.0,21.0,286.5,5.0,1,101520.0,9999999
58362,0,6483,21.1,14.69,0.0,0.0,21.0,284.79,5.0,12,101520.0,9999999
58362,0,6484,21.1,14.88,0.0,0.0,21.0,287.43,5.0,4,101520.0,9999999
58362,0,6485,21.1,14.97,0.0,0.0,21.0,285.37,5.0,2,101520.0,9999999
58362,0,6486,21.1,15.06,0.0,0.0,21.0,283.25,5.0,10,101520.0,9999999
58362,0,6487,21.1,15.06,19.0,19.0,21.0,284.22,5.0,11,101520.0,9999999
58362,0,6488,21.2,15.06,42.0,42.0,21.0,285.55,6.0,4,101520.0,9999999
58362,0,6489,21.4,14.97,65.0,65.0,21.0,286.87,6.0,13,101520.0,9999999
58362,0,6490,21.5,14.97,85.0,85.0,21.0,288.9,6.0,13,101520.0,9999999
58362,0,6491,21.7,14.78,98.0,98.0,21.0,282.28,6.0,14,101520.0,9999999
58362,0,6492,21.8,14.69,102.0,102.0,21.0,282.48,6.0,8,101520.0,9999999
58362,0,6493,21.9,14.6,96.0,96.0,21.0,284.79,6.0,5,101520.0,9999999
58362,0,6494,21.8,14.42,81.0,81.0,21.0,283.64,6.0,4,101520.0,9999999
58362,0,6495,21.3,14.06,60.0,60.0,21.0,287.43,6.0,7,101520.0,9999999
58362,0,6496,20.6,13.62,37.0,37.0,21.0,282.28,6.0,1,101520.0,9999999
58362,0,6497,20.1,13.53,15.0,15.0,21.0,282.87,6.0,11,101520.0,9999999
58362,0,6498,20.2,13.79,0.0,0.0,21.0,285.37,6.0,10,101520.0,9999999
58362,0,6499,20.6,14.42,0.0,0.0,21.0,285.37,6.0,5,101520.0,9999999
58362,0,6500,21.0,15.06,0.0,0.0,21.0,285.37,9.0,3,101520.0,9999999
58362,0,6501,21.2,15.35,0.0,0.0,21.0,287.62,9.0,5,101520.0,9999999
58362,0,6502,21.3,15.35,0.0,0.0,21.0,286.12,9.0,9,101520.0,9999999
58362,0,6503,21.1,15.25,0.0,0.0,21.0,286.68,9.0,6,101520.0,9999999
58362,0,6504,20.9,14.97,0.0,0.0,21.0,285.18,9.0,7,100920.0,9999999
58362,0,6505,20.6,14.69,0.0,0.0,21.0,284.99,9.0,6,100920.0,9999999
58362,0,6506,20.4,14.51,0.0,0.0,21.0,285.18,7.0,2,100920.0,9999999
58362,0,6507,20.2,14.33,0.0,0.0,21.0,284.99,7.0,12,100920.0,9999999
58362,0,6508,20.1,14.33,0.0,0.0,21.0,288.9,7.0,2,100920.0,9999999
58362,0,6509,20.0,14.33,0.0,0.0,21.0,285.37,7.0,10,100920.0,9999999
58362,0,6510,20.0,14.33,0.0,0.0,21.0,287.24,7.0,5,100920.0,9999999
58362,0,6511,20.1,14.33,38.0,38.0,21.0,284.22,7.0,1,100920.0,9999999
58362,0,6512,20.3,14.24,84.0,84.0,21.0,285.55,7.0,4,100920.0,9999999
58362,0,6513,20.6,14.06,132.0,132.0,21.0,285.18,7.0,16,100920.0,9999999
58362,0,6514,21.0,13.79,172.0,172.0,21.0,281.49,7.0,7,100920.0,9999999
58362,0,6515,21.4,13.62,199.0,199.0,21.0,289.99,7.0,11,100920.0,9999999
58362,0,6516,21.8,13.36,207.0,207.0,21.0,285.74,7.0,4,100920.0,9999999
58362,0,6517,22.2,13.28,195.0,195.0,21.0,289.27,7.0,9,100920.0,9999999
58362,0,6518,22.7,13.28,165.0,165.0,21.0,291.25,5.0,2,100920.0,9999999
58362,0,6519,23.0,13.53,123.0,123.0,21.0,287.43,5.0,9,100920.0,9999999
58362,0,6520,22.9,13.62,75.0,75.0,21.0,286.87,5.0,5,100920.0,9999999
58362,0,6521,22.7,13.71,29.0,29.0,21.0,287.24,5.0,8,100920.0,9999999
58362,0,6522,22.4,13.88,0.0,0.0,21.0,291.07,5.0,15,100920.0,9999999
58362,0,6523,22.0,13.97,0.0,0.0,21.0,287.24,5.0,11,100920.0,9999999
58362,0,6524,21.8,14.15,0.0,0.0,21.0,285.37,6.0,16,100920.0,9999999
58362,0,6525,21.7,14.24,0.0,0.0,21.0,290.54,6.0,13,100920.0,9999999
58362,0,6526,21.7,14.33,0.0,0.0,21.0,288.9,6.0,11,100920.0,9999999
58362,0,6527,21.7,14.42,0.0,0.0,21.0,289.09,6.0,12,100920.0,9999999
58362,0,6528,21.7,14.42,0.0,0.0,21.0,290.54,6.0,4,100750.0,9999999
58362,0,6529,21.7,14.51,0.0,0.0,21.0,285.93,6.0,12,100750.0,9999999
58362,0,6530,21.6,14.42,0.0,0.0,21.0,282.28,7.0,16,100750.0,9999999
58362,0,6531,21.4,14.33,0.0,0.0,21.0,284.22,7.0,12,100750.0,9999999
58362,0,6532,21.1,14.24,0.0,0.0,21.0,281.69,7.0,16,100750.0,9999999
58362,0,6533,20.8,14.15,0.0,0.0,21.0,283.64,7.0,9,100750.0,9999999
58362,0,6534,20.7,14.15,0.0,0.0,21.0,287.99,7.0,7,100750.0,9999999
58362,0,6535,20.9,14.33,96.0,66.0,21.0,286.12,7.0,6,100750.0,9999999
58362,0,6536,21.2,14.42,217.0,148.0,21.0,284.79,6.0,16,100750.0,9999999
58362,0,6537,21.5,14.24,154.0,154.0,21.0,288.72,6.0,1,100750.0,9999999
58362,0,6538,21.7,13.88,447.0,304.0,21.0,286.87,6.0,13,100750.0,9999999
58362,0,6539,22.0,13.53,517.0,352.0,21.0,287.06,6.0,11,100750.0,9999999
58362,0,6540,22.5,13.36,242.0,242.0,21.0,286.87,6.0,8,100750.0,9999999
58362,0,6541,23.2,13.53,228.0,228.0,21.0,290.36,6.0,6,100750.0,9999999
58362,0,6542,24.4,14.15,193.0,193.0,21.0,286.12,6.0,1,100750.0,9999999
58362,0,6543,25.4,15.06,317.0,216.0,21.0,292.85,6.0,11,100750.0,9999999
58362,0,6544,25.2,14.97,192.0,131.0,21.0,287.06,6.0,7,100750.0,9999999
58362,0,6545,24.5,14.69,74.0,50.0,21.0,289.27,6.0,13,100750.0,9999999
58362,0,6546,23.8,14.33,0.0,0.0,21.0,287.8,6.0,7,100750.0,9999999
58362,0,6547,22.9,13.79,0.0,0.0,21.0,286.87,6.0,14,100750.0,9999999
58362,0,6548,22.3,13.36,0.0,0.0,21.0,284.99,5.0,1,100750.0,9999999
58362,0,6549,22.0,12.86,0.0,0.0,21.0,287.62,5.0,10,100750.0,9999999
58362,0,6550,21.8,12.46,0.0,0.0,21.0,284.22,5.0,12,100750.0,9999999
58362,0,6551,21.7,11.99,0.0,0.0,21.0,284.6,5.0,4,100750.0,9999999
58362,0,6552,21.5,11.46,0.0,0.0,15.76,285.37,5.0,8,101730.0,9999999
58362,0,6553,21.0,10.95,0.0,0.0,15.76,287.43,5.0,7,101730.0,9999999
58362,0,6554,20.2,10.33,0.0,0.0,15.76,284.41,4.0,16,101730.0,9999999
58362,0,6555,18.9,9.74,0.0,0.0,15.76,284.79,4.0,12,101730.0,9999999
58362,0,6556,17.5,9.17,0.0,0.0,15.76,284.79,4.0,5,101730.0,9999999
58362,0,6557,16.3,8.81,0.0,0.0,15.76,279.49,4.0,2,101730.0,9999999
58362,0,6558,15.8,8.75,0.0,0.0,15.76,277.25,4.0,7,101730.0,9999999
58362,0,6559,17.0,9.54,86.0,23.0,15.76,281.89,4.0,3,101730.0,9999999
58362,0,6560,19.2,10.88,370.0,64.0,15.76,282.48,2.0,13,101730.0,9999999
58362,0,6561,21.1,11.61,582.0,101.0,15.76,286.5,2.0,7,101730.0,9999999
58362,0,6562,22.4,11.61,404.0,106.0,15.76,288.9,2.0,11,101730.0,9999999
58362,0,6563,23.2,11.09,884.0,154.0,15.76,286.87,2.0,6,101730.0,9999999
58362,0,6564,23.8,10.33,486.0,128.0,15.76,286.12,2.0,15,101730.0,9999999
58362,0,6565,24.2,9.67,866.0,151.0,15.76,286.87,2.0,16,101730.0,9999999
58362,0,6566,24.6,9.42,731.0,127.0,15.76,285.93,3.0,3,101730.0,9999999
58362,0,6567,24.9,9.67,541.0,94.0,15.76,292.32,3.0,12,101730.0,9999999
58362,0,6568,24.6,10.06,327.0,57.0,15.76,285.18,3.0,4,101730.0,9999999
58362,0,6569,23.8,10.46,66.0,17.0,15.76,288.72,3.0,13,101730.0,9999999
58362,0,6570,22.6,10.81,0.0,0.0,15.76,288.9,3.0,1,101730.0,9999999
58362,0,6571,21.4,11.02,0.0,0.0,15.76,287.8,3.0,13,101730.0,9999999
58362,0,6572,20.3,11.17,0.0,0.0,15.76,283.06,1.0,7,101730.0,9999999
58362,0,6573,19.5,11.31,0.0,0.0,15.76,279.29,1.0,5,101730.0,9999999
58362,0,6574,18.9,11.39,0.0,0.0,15.76,282.87,1.0,8,101730.0,9999999
58362,0,6575,18.4,11.46,0.0,0.0,15.76,284.99,1.0,5,101730.0,9999999
58362,0,6576,18.1,11.46,0.0,0.0,15.76,286.12,1.0,12,101660.0,9999999
58362,0,6577,17.8,11.39,0.0,0.0,15.76,282.28,1.0,5,101660.0,9999999
58362,0,6578,17.4,11.09,0.0,0.0,15.76,281.89,1.0,8,101660.0,9999999
58362,0,6579,17.0,10.67,0.0,0.0,15.76,278.07,1.0,5,101660.0,9999999
58362,0,6580,16.5,10.13,0.0,0.0,15.76,281.49,1.0,10,101660.0,9999999
58362,0,6581,16.1,9.61,0.0,0.0,15.76,277.86,1.0,3,101660.0,9999999
58362,0,6582,16.0,9.23,0.0,0.0,15.76,280.7,1.0,9,101660.0,9999999
58362,0,6583,17.8,9.93,128.0,40.0,15.76,280.3,1.0,16,101660.0,9999999
58362,0,6584,21.2,11.83,302.0,64.0,15.76,289.27,2.0,8,101660.0,9999999
58362,0,6585,23.8,13.28,466.0,145.0,15.76,285.37,2.0,16,101660.0,9999999
58362,0,6586,25.2,13.88,626.0,133.0,15.76,289.09,2.0,12,101660.0,9999999
58362,0,6587,25.9,13.97,725.0,154.0,15.76,289.27,2.0,2,101660.0,9999999
58362,0,6588,26.1,13.71,755.0,160.0,15.76,290.54,2.0,14,101660.0,9999999
58362,0,6589,26.1,13.36,696.0,216.0,15.76,291.07,2.0,3,101660.0,9999999
58362,0,6590,24.9,12.38,600.0,127.0,15.76,286.12,5.0,6,101660.0,9999999
58362,0,6591,23.4,11.46,433.0,135.0,15.76,284.41,5.0,14,101660.0,9999999
58362,0,6592,22.3,10.95,153.0,153.0,15.76,290.18,5.0,10,101660.0,9999999
58362,0,6593,21.5,10.74,98.0,30.0,15.76,286.68,5.0,11,101660.0,9999999
58362,0,6594,21.0,10.81,0.0,0.0,15.76,283.64,5.0,1,101660.0,9999999
58362,0,6595,20.8,11.02,0.0,0.0,15.76,287.24,5.0,9,101660.0,9999999
58362,0,6596,20.8,11.39,0.0,0.0,15.76,288.72,3.0,7,101660.0,9999999
58362,0,6597,20.9,11.76,0.0,0.0,15.76,285.55,3.0,3,101660.0,9999999
58362,0,6598,20.9,11.99,0.0,0.0,15.76,289.09,3.0,13,101660.0,9999999
58362,0,6599,21.0,12.22,0.0,0.0,15.76,281.1,3.0,7,101660.0,9999999
58362,0,6600,21.0,12.38,0.0,0.0,15.76,282.48,3.0,9,101540.0,9999999
58362,0,6601,21.1,12.54,0.0,0.0,15.76,285.93,3.0,15,101540.0,9999999
58362,0,6602,21.1,12.54,0.0,0.0,15.76,286.87,3.0,10,101540.0,9999999
58362,0,6603,21.0,12.46,0.0,0.0,15.76,282.48,3.0,5,101540.0,9999999
58362,0,6604,20.9,12.3,0.0,0.0,15.76,286.5,3.0,11,101540.0,9999999
58362,0,6605,20.9,12.07,0.0,0.0,15.76,287.62,3.0,6,101540.0,9999999
58362,0,6606,20.8,11.76,0.0,0.0,15.76,283.06,3.0,11,101540.0,9999999
58362,0,6607,20.8,11.46,52.0,52.0,15.76,284.22,3.0,2,101540.0,9999999
58362,0,6608,21.0,11.02,121.0,121.0,15.76,287.43,1.0,12,101540.0,9999999
58362,0,6609,21.3,10.6,192.0,192.0,15.76,289.09,1.0,6,101540.0,9999999
58362,0,6610,21.8,10.19,253.0,253.0,15.76,284.22,1.0,9,101540.0,9999999
58362,0,6611,22.4,9.86,293.0,293.0,15.76,287.24,1.0,2,101540.0,9999999
58362,0,6612,23.1,9.67,305.0,305.0,15.76,286.87,1.0,3,101540.0,9999999
58362,0,6613,23.8,9.74,287.0,287.0,15.76,283.06,1.0,6,101540.0,9999999
58362,0,6614,24.7,10.26,242.0,242.0,15.76,288.72,0.0,0,101540.0,9999999
58362,0,6615,25.3,11.02,178.0,178.0,15.76,287.06,0.0,13,101540.0,9999999
58362,0,6616,25.0,11.61,107.0,107.0,15.76,293.02,0.0,12,101540.0,9999999
58362,0,6617,24.3,11.99,39.0,39.0,15.76,288.35,0.0,5,101540.0,9999999
58362,0,6618,23.3,12.22,0.0,0.0,15.76,284.6,0.0,4,101540.0,9999999
58362,0,6619,22.3,12.22,0.0,0.0,15.76,287.06,0.0,1,101540.0,9999999
58362,0,6620,21.4,12.14,0.0,0.0,15.76,286.87,2.0,7,101540.0,9999999
58362,0,6621,20.8,11.91,0.0,0.0,15.76,282.08,2.0,11,101540.0,9999999
58362,0,6622,20.5,11.68,0.0,0.0,15.76,281.69,2.0,1,101540.0,9999999
58362,0,6623,20.3,11.46,0.0,0.0,15.76,283.06,2.0,7,101540.0,9999999
58362,0,6624,20.2,11.17,0.0,0.0,15.76,281.29,2.0,2,101820.0,9999999
58362,0,6625,20.1,10.95,0.0,0.0,15.76,279.7,2.0,5,101820.0,9999999
58362,0,6626,19.9,10.74,0.0,0.0,15.76,281.89,2.0,12,101820.0,9999999
58362,0,6627,19.6,10.6,0.0,0.0,15.76,282.08,2.0,8,101820.0,9999999
58362,0,6628,19.2,10.46,0.0,0.0,15.76,278.68,2.0,11,101820.0,9999999
58362,0,6629,18.7,10.33,0.0,0.0,15.76,283.84,2.0,15,101820.0,9999999
58362,0,6630,18.4,10.13,0.0,0.0,15.76,282.48,2.0,6,101820.0,9999999
58362,0,6631,18.1,9.93,176.0,85.0,15.76,281.1,2.0,9,101820.0,9999999
58362,0,6632,18.1,9.74,148.0,148.0,15.76,281.49,4.0,1,101820.0,9999999
58362,0,6633,18.3,9.42,235.0,235.0,15.76,284.22,4.0,2,101820.0,9999999
58362,0,6634,18.8,9.11,863.0,420.0,15.76,283.45,4.0,1,101820.0,9999999
58362,0,6635,19.5,8.75,1000.0,487.0,15.76,284.99,4.0,9,101820.0,9999999
58362,0,6636,20.2,8.35,375.0,375.0,15.76,280.3,4.0,4,101820.0,9999999
58362,0,6637,21.0,8.07,353.0,353.0,15.76,284.41,4.0,13,101820.0,9999999
58362,0,6638,21.8,7.91,297.0,297.0,15.76,283.25,4.0,1,101820.0,9999999
58362,0,6639,22.3,7.86,219.0,219.0,15.76,287.43,4.0,16,101820.0,9999999
58362,0,6640,22.1,7.65,131.0,131.0,15.76,284.6,4.0,1,101820.0,9999999
58362,0,6641,21.5,7.54,132.0,64.0,15.76,283.45,4.0,11,101820.0,9999999
58362,0,6642,20.6,7.44,0.0,0.0,15.76,287.24,4.0,12,101820.0,9999999
58362,0,6643,19.8,7.44,0.0,0.0,15.76,279.49,4.0,4,101820.0,9999999
58362,0,6644,19.0,7.49,0.0,0.0,15.76,281.49,3.0,2,101820.0,9999999
58362,0,6645,18.4,7.65,0.0,0.0,15.76,281.1,3.0,6,101820.0,9999999
58362,0,6646,18.1,7.86,0.0,0.0,15.76,284.79,3.0,9,101820.0,9999999
58362,0,6647,17.8,8.13,0.0,0.0,15.76,278.89,3.0,1,101820.0,9999999
58362,0,6648,17.7,8.35,0.0,0.0,15.76,278.89,3.0,15,101950.0,9999999
58362,0,6649,17.5,8.58,0.0,0.0,15.76,282.08,3.0,11,101950.0,9999999
58362,0,6650,17.4,8.64,0.0,0.0,15.76,278.68,0.0,0,101950.0,9999999
58362,0,6651,17.2,8.58,0.0,0.0,15.76,276.21,0.0,2,101950.0,9999999
58362,0,6652,17.0,8.46,0.0,0.0,15.76,278.27,0.0,1,101950.0,9999999
58362,0,6653,16.8,8.24,0.0,0.0,15.76,279.7,0.0,12,101950.0,9999999
58362,0,6654,16.7,8.02,0.0,0.0,15.76,278.48,0.0,14,101950.0,9999999
58362,0,6655,17.4,8.18,132.0,59.0,15.76,282.87,0.0,10,101950.0,9999999
58362,0,6656,18.8,8.64,153.0,153.0,15.76,280.1,3.0,3,101950.0,9999999
58362,0,6657,19.8,8.81,244.0,244.0,15.76,278.68,3.0,12,101950.0,9999999
58362,0,6658,20.3,8.75,660.0,297.0,15.76,284.79,3.0,7,101950.0,9999999
58362,0,6659,20.6,8.64,766.0,344.0,15.76,284.03,3.0,14,101950.0,9999999
58362,0,6660,20.7,8.46,798.0,359.0,15.76,286.12,3.0,12,101950.0,9999999
58362,0,6661,21.0,8.46,365.0,365.0,15.76,283.84,3.0,9,101950.0,9999999
58362,0,6662,21.6,8.81,308.0,308.0,15.76,281.89,3.0,3,101950.0,9999999
58362,0,6663,22.2,9.36,464.0,208.0,15.76,281.29,3.0,8,101950.0,9999999
58362,0,6664,22.0,9.54,135.0,135.0,15.76,287.8,3.0,11,101950.0,9999999
58362,0,6665,21.4,9.74,99.0,44.0,15.76,288.9,3.0,8,101950.0,9999999
58362,0,6666,20.6,9.74,0.0,0.0,15.76,284.03,3.0,7,101950.0,9999999
58362,0,6667,19.8,9.8,0.0,0.0,15.76,284.6,3.0,4,101950.0,9999999
58362,0,6668,19.0,9.86,0.0,0.0,15.76,279.7,2.0,7,101950.0,9999999
58362,0,6669,18.4,9.99,0.0,0.0,15.76,281.49,2.0,8,101950.0,9999999
58362,0,6670,18.0,10.19,0.0,0.0,15.76,278.89,2.0,6,101950.0,9999999
58362,0,6671,17.7,10.46,0.0,0.0,15.76,277.45,2.0,14,101950.0,9999999
58362,0,6672,17.4,10.67,0.0,0.0,15.76,279.49,2.0,3,102040.0,9999999
58362,0,6673,17.2,10.74,0.0,0.0,15.76,279.29,2.0,3,102040.0,9999999
58362,0,6674,16.8,10.81,0.0,0.0,15.76,281.29,0.0,0,102040.0,9999999
58362,0,6675,16.3,10.67,0.0,0.0,15.76,278.27,0.0,7,102040.0,9999999
58362,0,6676,15.8,10.46,0.0,0.0,15.76,282.08,0.0,10,102040.0,9999999
58362,0,6677,15.5,10.19,0.0,0.0,15.76,276.41,0.0,7,102040.0,9999999
58362,0,6678,15.3,9.93,0.0,0.0,15.76,281.49,0.0,13,102040.0,9999999
58362,0,6679,17.2,10.88,109.0,46.0,15.76,281.1,0.0,0,102040.0,9999999
58362,0,6680,20.7,12.86,153.0,153.0,15.76,286.5,0.0,0,102040.0,9999999
58362,0,6681,23.2,13.88,417.0,176.0,15.76,283.64,0.0,14,102040.0,9999999
58362,0,6682,24.6,13.62,324.0,324.0,15.76,284.79,0.0,9,102040.0,9999999
58362,0,6683,25.1,12.46,376.0,376.0,15.76,290.72,0.0,11,102040.0,9999999
58362,0,6684,25.2,11.17,666.0,282.0,15.76,288.9,0.0,12,102040.0,9999999
58362,0,6685,25.1,10.13,626.0,265.0,15.76,287.99,0.0,14,102040.0,9999999
58362,0,6686,24.2,9.17,832.0,249.0,15.76,288.72,2.0,5,102040.0,9999999
58362,0,6687,23.1,8.75,386.0,163.0,15.76,285.37,2.0,11,102040.0,9999999
58362,0,6688,22.2,8.99,229.0,97.0,15.76,284.03,2.0,4,102040.0,9999999
58362,0,6689,21.4,9.61,128.0,38.0,15.76,283.64,2.0,4,102040.0,9999999
58362,0,6690,20.9,10.33,0.0,0.0,15.76,281.69,2.0,4,102040.0,9999999
58362,0,6691,20.4,11.02,0.0,0.0,15.76,280.1,2.0,6,102040.0,9999999
58362,0,6692,19.9,11.46,0.0,0.0,15.76,282.67,2.0,7,102040.0,9999999
58362,0,6693,19.4,11.68,0.0,0.0,15.76,279.29,2.0,16,102040.0,9999999
58362,0,6694,19.0,11.61,0.0,0.0,15.76,283.64,2.0,16,102040.0,9999999
58362,0,6695,18.5,11.46,0.0,0.0,15.76,281.49,2.0,7,102040.0,9999999
58362,0,6696,18.2,11.24,0.0,0.0,15.76,279.49,2.0,10,102160.0,9999999
58362,0,6697,18.0,11.09,0.0,0.0,15.76,281.89,2.0,15,102160.0,9999999
58362,0,6698,17.9,11.02,0.0,0.0,15.76,283.25,2.0,7,102160.0,9999999
58362,0,6699,17.9,11.17,0.0,0.0,15.76,285.93,2.0,14,102160.0,9999999
58362,0,6700,18.0,11.39,0.0,0.0,15.76,280.9,2.0,4,102160.0,9999999
58362,0,6701,18.2,11.61,0.0,0.0,15.76,278.07,2.0,4,102160.0,9999999
58362,0,6702,18.4,11.83,0.0,0.0,15.76,286.5,2.0,4,102160.0,9999999
58362,0,6703,18.6,11.99,62.0,44.0,15.76,282.67,2.0,5,102160.0,9999999
58362,0,6704,18.9,12.07,151.0,106.0,15.76,285.55,0.0,0,102160.0,9999999
58362,0,6705,19.2,11.91,243.0,171.0,15.76,284.79,0.0,5,102160.0,9999999
58362,0,6706,19.7,11.68,170.0,170.0,15.76,280.9,0.0,0,102160.0,9999999
58362,0,6707,20.2,11.39,373.0,263.0,15.76,285.55,0.0,9,102160.0,9999999
58362,0,6708,20.8,11.17,389.0,274.0,15.76,280.5,0.0,13,102160.0,9999999
58362,0,6709,21.6,11.17,366.0,257.0,15.76,281.29,0.0,11,102160.0,9999999
58362,0,6710,22.5,11.39,307.0,216.0,15.76,290.54,6.0,6,102160.0,9999999
58362,0,6711,23.2,11.83,225.0,158.0,15.76,288.54,6.0,16,102160.0,9999999
58362,0,6712,23.1,11.91,70.0,70.0,15.76,286.5,6.0,9,102160.0,9999999
58362,0,6713,22.7,11.99,24.0,24.0,15.76,286.68,6.0,6,102160.0,9999999
58362,0,6714,22.1,11.99,0.0,0.0,15.76,284.41,6.0,14,102160.0,9999999
58362,0,6715,21.5,11.91,0.0,0.0,15.76,286.12,6.0,8,102160.0,9999999
58362,0,6716,20.8,11.68,0.0,0.0,15.76,285.37,3.0,6,102160.0,9999999
58362,0,6717,20.1,11.39,0.0,0.0,15.76,282.87,3.0,11,102160.0,9999999
58362,0,6718,19.6,11.02,0.0,0.0,15.76,281.69,3.0,3,102160.0,9999999
58362,0,6719,19.4,10.88,0.0,0.0,15.76,279.09,3.0,7,102160.0,9999999
58362,0,6720,19.7,11.02,0.0,0.0,15.76,284.99,3.0,12,102090.0,9999999
58362,0,6721,20.3,11.39,0.0,0.0,15.76,285.74,3.0,3,102090.0,9999999
58362,0,6722,20.9,11.76,0.0,0.0,15.76,285.55,3.0,5,102090.0,9999999
58362,0,6723,21.2,11.91,0.0,0.0,15.76,286.68,3.0,10,102090.0,9999999
58362,0,6724,21.2,11.99,0.0,0.0,15.76,282.48,3.0,13,102090.0,9999999
58362,0,6725,21.2,12.07,0.0,0.0,15.76,283.45,3.0,2,102090.0,9999999
58362,0,6726,21.1,12.07,0.0,0.0,15.76,287.8,3.0,14,102090.0,9999999
58362,0,6727,21.4,12.38,47.0,47.0,15.76,284.99,3.0,12,102090.0,9999999
58362,0,6728,21.9,12.86,115.0,115.0,15.76,288.72,3.0,5,102090.0,9999999
58362,0,6729,22.8,13.71,184.0,184.0,15.76,287.24,3.0,10,102090.0,9999999
58362,0,6730,23.8,14.6,245.0,245.0,15.76,288.54,3.0,15,102090.0,9999999
58362,0,6731,24.2,15.06,284.0,284.0,15.76,286.12,3.0,11,102090.0,9999999
58362,0,6732,23.9,14.88,296.0,296.0,15.76,284.41,3.0,7,102090.0,9999999
58362,0,6733,23.1,14.33,278.0,278.0,15.76,287.62,3.0,4,102090.0,9999999
58362,0,6734,22.2,13.79,234.0,234.0,15.76,284.99,6.0,4,102090.0,9999999
58362,0,6735,21.5,13.53,171.0,171.0,15.76,281.89,6.0,1,102090.0,9999999
58362,0,6736,21.1,13.45,100.0,100.0,15.76,282.87,6.0,9,102090.0,9999999
58362,0,6737,20.9,13.62,34.0,34.0,15.76,283.64,6.0,3,102090.0,9999999
58362,0,6738,20.8,13.88,0.0,0.0,15.76,282.67,6.0,9,102090.0,9999999
58362,0,6739,20.9,14.15,0.0,0.0,15.76,285.55,6.0,12,102090.0,9999999
58362,0,6740,20.9,14.51,0.0,0.0,15.76,289.81,3.0,3,102090.0,9999999
58362,0,6741,21.0,14.69,0.0,0.0,15.76,283.06,3.0,3,102090.0,9999999
58362,0,6742,21.0,14.88,0.0,0.0,15.76,289.99,3.0,1,102090.0,9999999
58362,0,6743,21.0,14.88,0.0,0.0,15.76,281.69,3.0,6,102090.0,9999999
58362,0,6744,21.0,14.97,0.0,0.0,15.76,289.99,3.0,15,101740.0,9999999
58362,0,6745,21.0,14.97,0.0,0.0,15.76,288.54,3.0,8,101740.0,9999999
58362,0,6746,21.1,14.97,0.0,0.0,15.76,287.43,3.0,4,101740.0,9999999
58362,0,6747,21.2,14.97,0.0,0.0,15.76,287.43,3.0,8,101740.0,9999999
58362,0,6748,21.3,15.06,0.0,0.0,15.76,285.74,3.0,1,101740.0,9999999
58362,0,6749,21.5,15.16,0.0,0.0,15.76,283.64,3.0,14,101740.0,9999999
58362,0,6750,21.6,15.16,0.0,0.0,15.76,283.84,3.0,16,101740.0,9999999
58362,0,6751,21.8,15.16,0.0,0.0,15.76,285.55,3.0,10,101740.0,9999999
58362,0,6752,22.0,15.16,0.0,0.0,15.76,291.07,3.0,3,101740.0,9999999
58362,0,6753,22.2,15.06,0.0,0.0,15.76,291.25,3.0,7,101740.0,9999999
58362,0,6754,22.4,14.97,0.0,0.0,15.76,288.72,3.0,8,101740.0,9999999
58362,0,6755,22.6,14.97,0.0,0.0,15.76,286.87,3.0,7,101740.0,9999999
58362,0,6756,23.0,15.16,0.0,0.0,15.76,286.12,3.0,9,101740.0,9999999
58362,0,6757,23.6,15.54,0.0,0.0,15.76,288.54,3.0,1,101740.0,9999999
58362,0,6758,24.3,16.24,0.0,0.0,15.76,288.72,7.0,5,101740.0,9999999
58362,0,6759,24.9,17.06,0.0,0.0,15.76,291.61,7.0,8,101740.0,9999999
58362,0,6760,24.8,17.17,0.0,0.0,15.76,294.24,7.0,8,101740.0,9999999
58362,0,6761,24.4,17.28,0.0,0.0,15.76,289.63,7.0,7,101740.0,9999999
58362,0,6762,23.9,17.17,0.0,0.0,15.76,290.72,7.0,4,101740.0,9999999
58362,0,6763,23.4,16.96,0.0,0.0,15.76,288.72,7.0,10,101740.0,9999999
58362,0,6764,22.9,16.75,0.0,0.0,15.76,284.03,7.0,5,101740.0,9999999
58362,0,6765,22.5,16.54,0.0,0.0,15.76,290.18,7.0,5,101740.0,9999999
58362,0,6766,22.1,16.34,0.0,0.0,15.76,286.68,7.0,2,101740.0,9999999
58362,0,6767,21.9,16.14,0.0,0.0,15.76,289.63,7.0,5,101740.0,9999999
58362,0,6768,21.7,16.04,0.0,0.0,15.76,290.89,7.0,12,101300.0,9999999
58362,0,6769,21.6,15.94,0.0,0.0,15.76,286.12,7.0,15,101300.0,9999999
58362,0,6770,21.5,15.84,0.0,0.0,15.76,283.84,5.0,4,101300.0,9999999
58362,0,6771,21.5,15.84,0.0,0.0,15.76,290.72,5.0,16,101300.0,9999999
58362,0,6772,21.4,15.84,0.0,0.0,15.76,287.06,5.0,3,101300.0,9999999
58362,0,6773,21.4,15.94,0.0,0.0,15.76,285.93,5.0,5,101300.0,9999999
58362,0,6774,21.4,15.94,0.0,0.0,15.76,285.37,5.0,4,101300.0,9999999
58362,0,6775,21.3,15.94,3.0,3.0,15.76,285.74,5.0,6,101300.0,9999999
58362,0,6776,21.2,15.84,7.0,7.0,15.76,285.18,5.0,2,101300.0,9999999
58362,0,6777,21.1,15.74,12.0,12.0,15.76,290.18,5.0,10,101300.0,9999999
58362,0,6778,20.9,15.54,15.0,15.0,15.76,289.99,5.0,7,101300.0,9999999
58362,0,6779,20.8,15.35,18.0,18.0,15.76,282.87,5.0,1,101300.0,9999999
58362,0,6780,20.6,15.25,19.0,19.0,15.76,282.87,5.0,8,101300.0,9999999
58362,0,6781,20.6,15.06,18.0,18.0,15.76,281.29,5.0,10,101300.0,9999999
58362,0,6782,20.9,15.25,15.0,15.0,15.76,285.37,6.0,3,101300.0,9999999
58362,0,6783,21.7,15.94,11.0,11.0,15.76,286.12,6.0,7,101300.0,9999999
58362,0,6784,22.6,16.65,6.0,6.0,15.76,287.24,6.0,8,101300.0,9999999
58362,0,6785,23.0,16.85,2.0,2.0,15.76,288.9,6.0,9,101300.0,9999999
58362,0,6786,22.7,16.44,0.0,0.0,15.76,286.68,6.0,12,101300.0,9999999
58362,0,6787,22.3,15.84,0.0,0.0,15.76,284.41,6.0,8,101300.0,9999999
58362,0,6788,22.0,15.45,0.0,0.0,15.76,287.62,9.0,4,101300.0,9999999
58362,0,6789,22.2,15.64,0.0,0.0,15.76,284.41,9.0,8,101300.0,9999999
58362,0,6790,22.6,15.94,0.0,0.0,15.76,283.45,9.0,13,101300.0,9999999
58362,0,6791,22.7,16.04,0.0,0.0,15.76,287.24,9.0,9,101300.0,9999999
58362,0,6792,22.5,15.94,0.0,0.0,15.76,283.45,9.0,10,100600.0,9999999
58362,0,6793,22.3,15.74,0.0,0.0,15.76,291.43,9.0,9,100600.0,9999999
58362,0,6794,22.2,15.64,0.0,0.0,15.76,286.68,6.0,2,100600.0,9999999
58362,0,6795,22.2,15.74,0.0,0.0,15.76,286.12,6.0,7,100600.0,9999999
58362,0,6796,22.2,15.74,0.0,0.0,15.76,286.68,6.0,4,100600.0,9999999
58362,0,6797,22.1,15.74,0.0,0.0,15.76,287.8,6.0,5,100600.0,9999999
58362,0,6798,22.0,15.74,0.0,0.0,15.76,287.06,6.0,10,100600.0,9999999
58362,0,6799,21.9,15.64,1.0,1.0,15.76,284.03,6.0,3,100600.0,9999999
58362,0,6800,21.7,15.54,2.0,2.0,15.76,290.89,7.0,2,100600.0,9999999
58362,0,6801,21.5,15.35,3.0,3.0,15.76,282.28,7.0,10,100600.0,9999999
58362,0,6802,21.2,15.25,3.0,3.0,15.76,286.12,7.0,9,100600.0,9999999
58362,0,6803,21.0,15.06,4.0,4.0,15.76,285.37,7.0,4,100600.0,9999999
58362,0,6804,20.8,14.88,4.0,4.0,15.76,284.6,7.0,7,100600.0,9999999
58362,0,6805,20.6,14.78,4.0,4.0,15.76,283.64,7.0,6,100600.0,9999999
58362,0,6806,20.6,14.69,3.0,3.0,15.76,284.79,8.0,16,100600.0,9999999
58362,0,6807,20.5,14.51,2.0,2.0,15.76,286.68,8.0,15,100600.0,9999999
58362,0,6808,20.3,14.24,1.0,1.0,15.76,284.99,8.0,4,100600.0,9999999
58362,0,6809,20.1,13.97,0.0,0.0,15.76,281.89,8.0,15,100600.0,9999999
58362,0,6810,20.0,13.71,0.0,0.0,15.76,288.72,8.0,12,100600.0,9999999
58362,0,6811,20.1,13.71,0.0,0.0,15.76,283.45,8.0,4,100600.0,9999999
58362,0,6812,20.2,13.71,0.0,0.0,15.76,288.9,6.0,15,100600.0,9999999
58362,0,6813,20.2,13.62,0.0,0.0,15.76,283.64,6.0,13,100600.0,9999999
58362,0,6814,20.1,13.45,0.0,0.0,15.76,284.6,6.0,12,100600.0,9999999
58362,0,6815,19.9,13.19,0.0,0.0,15.76,281.49,6.0,7,100600.0,9999999
58362,0,6816,19.5,12.94,0.0,0.0,15.76,285.37,6.0,13,101220.0,9999999
58362,0,6817,19.1,12.7,0.0,0.0,15.76,280.7,6.0,5,101220.0,9999999
58362,0,6818,18.7,12.46,0.0,0.0,15.76,282.48,3.0,13,101220.0,9999999
58362,0,6819,18.2,12.22,0.0,0.0,15.76,283.06,3.0,2,101220.0,9999999
58362,0,6820,17.8,11.99,0.0,0.0,15.76,277.86,3.0,8,101220.0,9999999
58362,0,6821,17.5,11.83,0.0,0.0,15.76,281.69,3.0,16,101220.0,9999999
58362,0,6822,17.4,11.68,0.0,0.0,15.76,282.87,3.0,2,101220.0,9999999
58362,0,6823,17.7,11.68,106.0,39.0,15.76,283.25,3.0,15,101220.0,9999999
58362,0,6824,18.4,11.83,160.0,160.0,15.76,284.99,2.0,14,101220.0,9999999
58362,0,6825,19.2,11.76,444.0,164.0,15.76,287.43,2.0,7,101220.0,9999999
58362,0,6826,20.1,11.53,908.0,229.0,15.76,285.55,2.0,12,101220.0,9999999
58362,0,6827,21.0,11.31,691.0,255.0,15.76,285.55,2.0,10,101220.0,9999999
58362,0,6828,22.1,11.09,423.0,423.0,15.76,285.74,2.0,2,101220.0,9999999
58362,0,6829,23.1,11.02,397.0,397.0,15.76,288.35,2.0,3,101220.0,9999999
58362,0,6830,24.3,11.39,332.0,332.0,15.76,286.31,5.0,13,101220.0,9999999
58362,0,6831,25.1,11.99,241.0,241.0,15.76,290.54,5.0,1,101220.0,9999999
58362,0,6832,24.8,12.22,237.0,88.0,15.76,284.6,5.0,2,101220.0,9999999
58362,0,6833,24.0,12.38,75.0,28.0,15.76,287.06,5.0,15,101220.0,9999999
58362,0,6834,23.0,12.38,0.0,0.0,15.76,282.87,5.0,11,101220.0,9999999
58362,0,6835,21.9,12.3,0.0,0.0,15.76,284.79,5.0,8,101220.0,9999999
58362,0,6836,20.9,12.22,0.0,0.0,15.76,284.41,2.0,13,101220.0,9999999
58362,0,6837,20.3,12.14,0.0,0.0,15.76,281.69,2.0,10,101220.0,9999999
58362,0,6838,19.9,12.14,0.0,0.0,15.76,279.9,2.0,16,101220.0,9999999
58362,0,6839,19.7,12.07,0.0,0.0,15.76,281.1,2.0,12,101220.0,9999999
58362,0,6840,19.5,11.99,0.0,0.0,15.76,279.49,2.0,1,101560.0,9999999
58362,0,6841,19.2,11.83,0.0,0.0,15.76,282.67,2.0,3,101560.0,9999999
58362,0,6842,18.8,11.53,0.0,0.0,15.76,285.37,1.0,13,101560.0,9999999
58362,0,6843,18.1,11.17,0.0,0.0,15.76,284.6,1.0,3,101560.0,9999999
58362,0,6844,17.4,10.67,0.0,0.0,15.76,281.29,1.0,3,101560.0,9999999
58362,0,6845,16.8,10.26,0.0,0.0,15.76,279.49,1.0,3,101560.0,9999999
58362,0,6846,16.6,9.99,0.0,0.0,15.76,279.09,1.0,11,101560.0,9999999
58362,0,6847,18.0,10.74,128.0,71.0,15.76,281.89,1.0,14,101560.0,9999999
58362,0,6848,20.8,12.3,332.0,184.0,15.76,283.84,0.0,0,101560.0,9999999
58362,0,6849,23.0,13.28,196.0,196.0,15.76,287.24,0.0,9,101560.0,9999999
58362,0,6850,24.3,13.28,262.0,262.0,15.76,285.93,0.0,15,101560.0,9999999
58362,0,6851,25.0,12.78,849.0,469.0,15.76,291.79,0.0,7,101560.0,9999999
58362,0,6852,25.4,12.14,319.0,319.0,15.76,293.55,0.0,1,101560.0,9999999
58362,0,6853,25.5,11.68,299.0,299.0,15.76,293.55,0.0,1,101560.0,9999999
58362,0,6854,25.7,11.76,250.0,250.0,15.76,293.72,2.0,5,101560.0,9999999
58362,0,6855,25.9,12.54,503.0,278.0,15.76,291.43,2.0,6,101560.0,9999999
58362,0,6856,25.5,13.36,104.0,104.0,15.76,287.99,2.0,6,101560.0,9999999
58362,0,6857,24.7,14.06,32.0,32.0,15.76,284.99,2.0,16,101560.0,9999999
58362,0,6858,23.5,14.42,0.0,0.0,15.76,288.72,2.0,15,101560.0,9999999
58362,0,6859,22.3,14.51,0.0,0.0,15.76,285.18,2.0,7,101560.0,9999999
58362,0,6860,21.3,14.51,0.0,0.0,15.76,288.54,1.0,5,101560.0,9999999
58362,0,6861,20.7,14.42,0.0,0.0,15.76,282.67,1.0,6,101560.0,9999999
58362,0,6862,20.5,14.33,0.0,0.0,15.76,281.1,1.0,6,101560.0,9999999
58362,0,6863,20.5,14.24,0.0,0.0,15.76,283.45,1.0,4,101560.0,9999999
58362,0,6864,20.7,14.15,0.0,0.0,15.76,286.87,1.0,1,101710.0,9999999
58362,0,6865,20.9,14.06,0.0,0.0,15.76,283.64,1.0,7,101710.0,9999999
58362,0,6866,20.9,13.97,0.0,0.0,15.76,282.67,1.0,7,101710.0,9999999
58362,0,6867,20.8,13.88,0.0,0.0,15.76,283.64,1.0,6,101710.0,9999999
58362,0,6868,20.5,13.88,0.0,0.0,15.76,285.74,1.0,8,101710.0,9999999
58362,0,6869,20.3,13.88,0.0,0.0,15.76,287.43,1.0,8,101710.0,9999999
58362,0,6870,20.2,13.97,0.0,0.0,15.76,284.79,1.0,8,101710.0,9999999
58362,0,6871,20.8,14.6,90.0,40.0,15.76,283.64,1.0,8,101710.0,9999999
58362,0,6872,21.8,15.45,139.0,139.0,15.76,289.27,3.0,7,101710.0,9999999
58362,0,6873,22.5,15.84,228.0,228.0,15.76,284.79,3.0,7,101710.0,9999999
58362,0,6874,23.0,15.64,519.0,232.0,15.76,287.99,3.0,15,101710.0,9999999
58362,0,6875,23.2,15.25,1005.0,325.0,15.76,283.84,3.0,12,101710.0,9999999
58362,0,6876,23.4,14.78,633.0,283.0,15.76,287.62,3.0,5,101710.0,9999999
58362,0,6877,23.8,14.6,349.0,349.0,15.76,288.54,3.0,14,101710.0,9999999
58362,0,6878,24.5,14.88,291.0,291.0,15.76,288.17,5.0,5,101710.0,9999999
58362,0,6879,25.5,15.74,358.0,160.0,15.76,290.36,5.0,5,101710.0,9999999
58362,0,6880,26.0,16.54,121.0,121.0,15.76,291.79,5.0,4,101710.0,9999999
58362,0,6881,25.5,16.54,63.0,28.0,15.76,286.5,5.0,7,101710.0,9999999
58362,0,6882,24.5,16.04,0.0,0.0,15.76,285.37,5.0,13,101710.0,9999999
58362,0,6883,23.1,15.25,0.0,0.0,15.76,285.18,5.0,13,101710.0,9999999
58362,0,6884,21.9,14.51,0.0,0.0,15.76,289.27,3.0,7,101710.0,9999999
58362,0,6885,21.1,14.06,0.0,0.0,15.76,284.6,3.0,1,101710.0,9999999
58362,0,6886,20.8,13.88,0.0,0.0,15.76,282.67,3.0,6,101710.0,9999999
58362,0,6887,20.7,13.88,0.0,0.0,15.76,287.8,3.0,15,101710.0,9999999
58362,0,6888,20.8,13.97,0.0,0.0,15.76,282.67,3.0,12,101520.0,9999999
58362,0,6889,21.0,14.15,0.0,0.0,15.76,282.87,3.0,10,101520.0,9999999
58362,0,6890,21.1,14.33,0.0,0.0,15.76,289.99,4.0,8,101520.0,9999999
58362,0,6891,21.1,14.42,0.0,0.0,15.76,283.06,4.0,7,101520.0,9999999
58362,0,6892,21.0,14.42,0.0,0.0,15.76,283.84,4.0,6,101520.0,9999999
58362,0,6893,20.9,14.33,0.0,0.0,15.76,285.55,4.0,1,101520.0,9999999
58362,0,6894,20.8,14.24,0.0,0.0,15.76,286.12,4.0,12,101520.0,9999999
58362,0,6895,21.4,14.6,60.0,19.0,15.76,284.99,4.0,5,101520.0,9999999
58362,0,6896,22.6,15.35,161.0,51.0,15.76,285.74,5.0,8,101520.0,9999999
58362,0,6897,23.8,15.84,543.0,117.0,15.76,288.72,5.0,2,101520.0,9999999
58362,0,6898,24.9,15.94,728.0,157.0,15.76,291.25,5.0,12,101520.0,9999999
58362,0,6899,25.8,15.84,415.0,131.0,15.76,289.63,5.0,11,101520.0,9999999
58362,0,6900,26.6,15.64,433.0,137.0,15.76,292.14,5.0,9,101520.0,9999999
58362,0,6901,27.4,15.54,833.0,180.0,15.76,290.36,5.0,10,101520.0,9999999
58362,0,6902,28.0,15.94,695.0,150.0,15.76,291.79,5.0,8,101520.0,9999999
58362,0,6903,28.4,16.54,244.0,77.0,15.76,294.93,5.0,8,101520.0,9999999
58362,0,6904,28.0,16.96,286.0,62.0,15.76,295.79,5.0,6,101520.0,9999999
58362,0,6905,27.1,17.06,86.0,18.0,15.76,292.32,5.0,8,101520.0,9999999
58362,0,6906,25.9,16.96,0.0,0.0,15.76,288.17,5.0,5,101520.0,9999999
58362,0,6907,24.6,16.65,0.0,0.0,15.76,293.89,5.0,10,101520.0,9999999
58362,0,6908,23.6,16.34,0.0,0.0,15.76,288.72,6.0,8,101520.0,9999999
58362,0,6909,23.0,16.14,0.0,0.0,15.76,288.72,6.0,8,101520.0,9999999
58362,0,6910,22.7,16.14,0.0,0.0,15.76,285.93,6.0,5,101520.0,9999999
58362,0,6911,22.7,16.14,0.0,0.0,15.76,291.96,6.0,7,101520.0,9999999
58362,0,6912,22.9,16.24,0.0,0.0,15.76,290.54,6.0,3,101430.0,9999999
58362,0,6913,23.0,16.14,0.0,0.0,15.76,288.72,6.0,9,101430.0,9999999
58362,0,6914,23.2,15.94,0.0,0.0,15.76,286.31,6.0,9,101430.0,9999999
58362,0,6915,23.2,15.54,0.0,0.0,15.76,292.32,6.0,15,101430.0,9999999
58362,0,6916,23.2,15.06,0.0,0.0,15.76,289.45,6.0,6,101430.0,9999999
58362,0,6917,23.3,14.69,0.0,0.0,15.76,285.18,6.0,14,101430.0,9999999
58362,0,6918,23.6,14.51,0.0,0.0,15.76,289.81,6.0,5,101430.0,9999999
58362,0,6919,24.2,14.6,137.0,73.0,15.76,284.79,6.0,2,101430.0,9999999
58362,0,6920,25.3,15.16,122.0,122.0,15.76,292.67,3.0,11,101430.0,9999999
58362,0,6921,26.9,16.34,615.0,326.0,15.76,296.13,3.0,6,101430.0,9999999
58362,0,6922,28.4,17.6,271.0,271.0,15.76,294.24,3.0,11,101430.0,9999999
58362,0,6923,29.4,18.61,966.0,511.0,15.76,293.72,3.0,5,101430.0,9999999
58362,0,6924,29.3,18.49,331.0,331.0,15.76,297.31,3.0,12,101430.0,9999999
58362,0,6925,27.9,17.38,310.0,310.0,15.76,292.49,3.0,2,101430.0,9999999
58362,0,6926,27.0,16.85,258.0,258.0,15.76,290.18,4.0,1,101430.0,9999999
58362,0,6927,26.7,17.06,186.0,186.0,15.76,287.62,4.0,3,101430.0,9999999
58362,0,6928,25.8,16.96,106.0,106.0,15.76,289.81,4.0,4,101430.0,9999999
58362,0,6929,24.6,16.44,31.0,31.0,15.76,293.89,4.0,3,101430.0,9999999
58362,0,6930,23.3,15.74,0.0,0.0,15.76,290.89,4.0,1,101430.0,9999999
58362,0,6931,22.0,14.88,0.0,0.0,15.76,290.89,4.0,2,101430.0,9999999
58362,0,6932,20.9,14.15,0.0,0.0,15.76,281.49,5.0,2,101430.0,9999999
58362,0,6933,20.2,13.53,0.0,0.0,15.76,282.87,5.0,9,101430.0,9999999
58362,0,6934,19.8,13.03,0.0,0.0,15.76,281.49,5.0,12,101430.0,9999999
58362,0,6935,19.6,12.54,0.0,0.0,15.76,286.5,5.0,3,101430.0,9999999
58362,0,6936,19.5,12.22,0.0,0.0,15.76,283.25,5.0,14,102260.0,9999999
58362,0,6937,19.5,11.83,0.0,0.0,15.76,284.99,5.0,3,102260.0,9999999
58362,0,6938,19.3,11.53,0.0,0.0,15.76,284.79,5.0,3,102260.0,9999999
58362,0,6939,19.0,11.17,0.0,0.0,15.76,282.87,5.0,5,102260.0,9999999
58362,0,6940,18.5,10.81,0.0,0.0,15.76,278.27,5.0,15,102260.0,9999999
58362,0,6941,18.1,10.53,0.0,0.0,15.76,277.66,5.0,1,102260.0,9999999
58362,0,6942,17.8,10.33,0.0,0.0,15.76,280.9,5.0,10,102260.0,9999999
58362,0,6943,17.7,10.26,64.0,45.0,15.76,279.49,5.0,6,102260.0,9999999
58362,0,6944,17.9,10.26,76.0,76.0,15.76,278.89,6.0,2,102260.0,9999999
58362,0,6945,18.5,10.4,126.0,126.0,15.76,280.3,6.0,14,102260.0,9999999
58362,0,6946,19.4,10.53,170.0,170.0,15.76,280.3,6.0,5,102260.0,9999999
58362,0,6947,20.2,10.6,460.0,325.0,15.76,286.5,6.0,14,102260.0,9999999
58362,0,6948,20.8,10.53,208.0,208.0,15.76,282.67,6.0,1,102260.0,9999999
58362,0,6949,21.0,10.19,450.0,318.0,15.76,281.69,6.0,2,102260.0,9999999
58362,0,6950,20.5,9.61,162.0,162.0,15.76,285.18,4.0,2,102260.0,9999999
58362,0,6951,19.3,8.81,270.0,190.0,15.76,282.28,4.0,11,102260.0,9999999
58362,0,6952,17.9,8.13,153.0,108.0,15.76,280.7,4.0,4,102260.0,9999999
58362,0,6953,16.9,7.75,44.0,31.0,15.76,276.83,4.0,5,102260.0,9999999
58362,0,6954,16.8,7.86,0.0,0.0,15.76,282.08,4.0,12,102260.0,9999999
58362,0,6955,17.2,8.3,0.0,0.0,15.76,280.1,4.0,16,102260.0,9999999
58362,0,6956,17.8,8.75,0.0,0.0,15.76,282.28,3.0,2,102260.0,9999999
58362,0,6957,18.2,9.05,0.0,0.0,15.76,285.37,3.0,8,102260.0,9999999
58362,0,6958,18.3,9.17,0.0,0.0,15.76,280.5,3.0,7,102260.0,9999999
58362,0,6959,18.2,9.17,0.0,0.0,15.76,282.08,3.0,8,102260.0,9999999
58362,0,6960,18.0,9.05,0.0,0.0,15.76,278.48,3.0,1,102400.0,9999999
58362,0,6961,17.8,8.93,0.0,0.0,15.76,284.99,3.0,6,102400.0,9999999
58362,0,6962,17.6,8.93,0.0,0.0,15.76,280.3,2.0,16,102400.0,9999999
58362,0,6963,17.5,8.93,0.0,0.0,15.76,283.25,2.0,3,102400.0,9999999
58362,0,6964,17.4,8.99,0.0,0.0,15.76,281.29,2.0,16,102400.0,9999999
58362,0,6965,17.4,9.11,0.0,0.0,15.76,281.29,2.0,7,102400.0,9999999
58362,0,6966,17.4,9.17,0.0,0.0,15.76,277.86,2.0,9,102400.0,9999999
58362,0,6967,17.6,9.29,66.0,42.0,15.76,281.49,2.0,9,102400.0,9999999
58362,0,6968,18.1,9.48,185.0,117.0,15.76,277.45,3.0,16,102400.0,9999999
58362,0,6969,18.6,9.48,149.0,149.0,15.76,283.45,3.0,13,102400.0,9999999
58362,0,6970,19.0,9.36,200.0,200.0,15.76,281.29,3.0,3,102400.0,9999999
58362,0,6971,19.5,9.17,487.0,308.0,15.76,285.18,3.0,14,102400.0,9999999
58362,0,6972,19.8,8.99,509.0,322.0,15.76,284.41,3.0,13,102400.0,9999999
58362,0,6973,20.2,8.93,477.0,302.0,15.76,285.74,3.0,1,102400.0,9999999
58362,0,6974,20.5,8.99,191.0,191.0,15.76,287.62,2.0,16,102400.0,9999999
58362,0,6975,20.7,9.23,285.0,180.0,15.76,283.84,2.0,7,102400.0,9999999
58362,0,6976,20.5,9.42,77.0,77.0,15.76,283.25,2.0,12,102400.0,9999999
58362,0,6977,20.0,9.54,22.0,22.0,15.76,282.28,2.0,9,102400.0,9999999
58362,0,6978,19.5,9.54,0.0,0.0,15.76,286.87,2.0,1,102400.0,9999999
58362,0,6979,18.9,9.54,0.0,0.0,15.76,284.79,2.0,11,102400.0,9999999
58362,0,6980,18.6,9.48,0.0,0.0,15.76,280.9,3.0,3,102400.0,9999999
58362,0,6981,18.6,9.42,0.0,0.0,15.76,283.25,3.0,8,102400.0,9999999
58362,0,6982,18.7,9.29,0.0,0.0,15.76,285.93,3.0,14,102400.0,9999999
58362,0,6983,18.7,9.11,0.0,0.0,15.76,279.09,3.0,16,102400.0,9999999
58362,0,6984,18.5,8.75,0.0,0.0,15.76,277.45,3.0,8,102410.0,9999999
58362,0,6985,18.2,8.46,0.0,0.0,15.76,278.48,3.0,8,102410.0,9999999
58362,0,6986,18.1,8.41,0.0,0.0,15.76,281.1,4.0,16,102410.0,9999999
58362,0,6987,17.9,8.46,0.0,0.0,15.76,276.83,4.0,7,102410.0,9999999
58362,0,6988,17.5,8.58,0.0,0.0,15.76,279.9,4.0,8,102410.0,9999999
58362,0,6989,16.8,8.58,0.0,0.0,15.76,278.07,4.0,10,102410.0,9999999
58362,0,6990,16.1,8.58,0.0,0.0,15.76,279.9,4.0,2,102410.0,9999999
58362,0,6991,15.5,8.46,21.0,21.0,15.76,278.48,4.0,2,102410.0,9999999
58362,0,6992,15.1,8.35,59.0,59.0,15.76,278.07,6.0,16,102410.0,9999999
58362,0,6993,14.9,8.13,99.0,99.0,15.76,280.5,6.0,3,102410.0,9999999
58362,0,6994,15.0,7.97,134.0,134.0,15.76,277.45,6.0,13,102410.0,9999999
58362,0,6995,15.2,7.75,157.0,157.0,15.76,278.07,6.0,6,102410.0,9999999
58362,0,6996,15.5,7.65,164.0,164.0,15.76,280.7,6.0,8,102410.0,9999999
58362,0,6997,15.7,7.59,153.0,153.0,15.76,277.86,6.0,15,102410.0,9999999
58362,0,6998,15.8,7.7,127.0,127.0,15.76,277.45,3.0,15,102410.0,9999999
58362,0,6999,15.6,7.91,91.0,91.0,15.76,274.3,3.0,16,102410.0,9999999
58362,0,7000,15.1,8.13,51.0,51.0,15.76,280.5,3.0,3,102410.0,9999999
58362,0,7001,14.3,8.3,14.0,14.0,15.76,281.29,3.0,9,102410.0,9999999
58362,0,7002,13.5,8.41,0.0,0.0,15.76,278.07,3.0,12,102410.0,9999999
58362,0,7003,12.8,8.46,0.0,0.0,15.76,276.0,3.0,12,102410.0,9999999
58362,0,7004,12.3,8.46,0.0,0.0,15.76,274.94,5.0,13,102410.0,9999999
58362,0,7005,12.1,8.46,0.0,0.0,15.76,273.44,5.0,8,102410.0,9999999
58362,0,7006,12.1,8.46,0.0,0.0,15.76,275.36,5.0,12,102410.0,9999999
58362,0,7007,12.3,8.41,0.0,0.0,15.76,279.49,5.0,7,102410.0,9999999
58362,0,7008,12.5,8.35,0.0,0.0,15.76,275.15,5.0,7,102520.0,9999999
58362,0,7009,12.6,8.24,0.0,0.0,15.76,273.01,5.0,16,102520.0,9999999
58362,0,7010,12.6,8.07,0.0,0.0,15.76,279.49,3.0,13,102520.0,9999999
58362,0,7011,12.3,7.91,0.0,0.0,15.76,272.58,3.0,14,102520.0,9999999
58362,0,7012,11.9,7.8,0.0,0.0,15.76,270.82,3.0,2,102520.0,9999999
58362,0,7013,11.6,7.65,0.0,0.0,15.76,278.48,3.0,13,102520.0,9999999
58362,0,7014,11.4,7.59,0.0,0.0,15.76,274.3,3.0,9,102520.0,9999999
58362,0,7015,11.6,7.65,64.0,37.0,15.76,273.87,3.0,4,102520.0,9999999
58362,0,7016,12.4,7.8,96.0,96.0,15.76,276.62,5.0,14,102520.0,9999999
58362,0,7017,13.7,8.07,311.0,178.0,15.76,275.58,5.0,5,102520.0,9999999
58362,0,7018,15.4,8.3,218.0,218.0,15.76,282.48,5.0,8,102520.0,9999999
58362,0,7019,16.9,8.35,493.0,282.0,15.76,282.48,5.0,15,102520.0,9999999
58362,0,7020,18.0,8.07,515.0,295.0,15.76,276.62,5.0,10,102520.0,9999999
58362,0,7021,18.1,7.39,482.0,276.0,15.76,277.86,5.0,15,102520.0,9999999
58362,0,7022,17.6,6.71,401.0,229.0,15.76,280.3,4.0,15,102520.0,9999999
58362,0,7023,17.2,6.39,286.0,164.0,15.76,279.9,4.0,4,102520.0,9999999
58362,0,7024,16.3,6.12,83.0,83.0,15.76,282.28,4.0,1,102520.0,9999999
58362,0,7025,15.0,5.91,22.0,22.0,15.76,274.09,4.0,8,102520.0,9999999
58362,0,7026,13.5,5.74,0.0,0.0,15.76,277.86,4.0,15,102520.0,9999999
58362,0,7027,12.0,5.62,0.0,0.0,15.76,273.87,4.0,4,102520.0,9999999
58362,0,7028,10.8,5.58,0.0,0.0,15.76,275.15,4.0,14,102520.0,9999999
58362,0,7029,10.0,5.66,0.0,0.0,15.76,275.79,4.0,4,102520.0,9999999
58362,0,7030,9.5,5.82,0.0,0.0,15.76,271.48,4.0,9,102520.0,9999999
58362,0,7031,9.3,6.04,0.0,0.0,15.76,275.36,4.0,11,102520.0,9999999
58362,0,7032,9.3,6.21,0.0,0.0,15.76,272.8,4.0,11,102600.0,9999999
58362,0,7033,9.2,6.34,0.0,0.0,15.76,269.93,4.0,5,102600.0,9999999
58362,0,7034,9.1,6.39,0.0,0.0,15.76,267.66,4.0,14,102600.0,9999999
58362,0,7035,8.8,6.25,0.0,0.0,15.76,269.48,4.0,2,102600.0,9999999
58362,0,7036,8.5,5.99,0.0,0.0,15.76,271.26,4.0,4,102600.0,9999999
58362,0,7037,8.2,5.7,0.0,0.0,15.76,274.09,4.0,2,102600.0,9999999
58362,0,7038,8.1,5.42,0.0,0.0,15.76,271.26,4.0,5,102600.0,9999999
58362,0,7039,8.7,5.3,91.0,21.0,15.76,268.8,4.0,4,102600.0,9999999
58362,0,7040,10.0,5.34,155.0,155.0,15.76,269.93,5.0,12,102600.0,9999999
58362,0,7041,11.1,5.27,446.0,103.0,15.76,276.62,5.0,4,102600.0,9999999
58362,0,7042,11.9,4.97,614.0,91.0,15.76,272.36,5.0,4,102600.0,9999999
58362,0,7043,12.6,4.61,721.0,107.0,15.76,271.26,5.0,13,102600.0,9999999
58362,0,7044,13.3,4.35,753.0,112.0,15.76,270.37,5.0,2,102600.0,9999999
58362,0,7045,14.1,4.18,705.0,105.0,15.76,272.36,5.0,5,102600.0,9999999
58362,0,7046,15.1,4.35,585.0,87.0,15.76,276.0,5.0,15,102600.0,9999999
58362,0,7047,15.9,4.75,417.0,62.0,15.76,278.48,5.0,6,102600.0,9999999
58362,0,7048,15.5,5.0,228.0,52.0,15.76,277.45,5.0,7,102600.0,9999999
58362,0,7049,14.5,5.19,60.0,9.0,15.76,274.94,5.0,3,102600.0,9999999
58362,0,7050,13.2,5.3,0.0,0.0,15.76,274.73,5.0,5,102600.0,9999999
58362,0,7051,11.9,5.3,0.0,0.0,15.76,270.82,5.0,14,102600.0,9999999
58362,0,7052,10.9,5.3,0.0,0.0,15.76,273.23,4.0,12,102600.0,9999999
58362,0,7053,10.4,5.3,0.0,0.0,15.76,272.58,4.0,16,102600.0,9999999
58362,0,7054,10.3,5.38,0.0,0.0,15.76,274.52,4.0,8,102600.0,9999999
58362,0,7055,10.4,5.46,0.0,0.0,15.76,271.7,4.0,7,102600.0,9999999
58362,0,7056,10.6,5.5,0.0,0.0,15.76,273.01,4.0,2,102540.0,9999999
58362,0,7057,10.6,5.54,0.0,0.0,15.76,276.41,4.0,7,102540.0,9999999
58362,0,7058,10.4,5.5,0.0,0.0,15.76,276.21,3.0,14,102540.0,9999999
58362,0,7059,9.8,5.38,0.0,0.0,15.76,272.14,3.0,10,102540.0,9999999
58362,0,7060,9.0,5.23,0.0,0.0,15.76,266.96,3.0,13,102540.0,9999999
58362,0,7061,8.4,5.11,0.0,0.0,15.76,270.15,3.0,7,102540.0,9999999
58362,0,7062,8.1,5.11,0.0,0.0,15.76,268.8,3.0,5,102540.0,9999999
58362,0,7063,9.2,5.5,52.0,11.0,15.76,271.7,3.0,3,102540.0,9999999
58362,0,7064,11.3,6.21,267.0,37.0,15.76,276.0,2.0,14,102540.0,9999999
58362,0,7065,13.2,6.71,452.0,63.0,15.76,275.58,2.0,11,102540.0,9999999
58362,0,7066,14.8,6.9,613.0,85.0,15.76,275.36,2.0,4,102540.0,9999999
58362,0,7067,16.0,6.75,719.0,100.0,15.76,278.27,2.0,10,102540.0,9999999
58362,0,7068,16.9,6.48,752.0,104.0,15.76,278.48,2.0,4,102540.0,9999999
58362,0,7069,17.7,6.16,703.0,98.0,15.76,278.48,2.0,6,102540.0,9999999
58362,0,7070,18.3,5.91,583.0,81.0,15.76,278.89,3.0,14,102540.0,9999999
58362,0,7071,18.7,5.87,415.0,58.0,15.76,279.9,3.0,9,102540.0,9999999
58362,0,7072,18.5,5.87,229.0,32.0,15.76,282.67,3.0,15,102540.0,9999999
58362,0,7073,18.0,5.91,34.0,7.0,15.76,277.04,3.0,11,102540.0,9999999
58362,0,7074,17.3,6.08,0.0,0.0,15.76,276.41,3.0,4,102540.0,9999999
58362,0,7075,16.5,6.25,0.0,0.0,15.76,279.9,3.0,13,102540.0,9999999
58362,0,7076,15.7,6.48,0.0,0.0,15.76,277.25,3.0,1,102540.0,9999999
58362,0,7077,15.0,6.75,0.0,0.0,15.76,276.83,3.0,1,102540.0,9999999
58362,0,7078,14.4,7.04,0.0,0.0,15.76,275.79,3.0,16,102540.0,9999999
58362,0,7079,13.9,7.24,0.0,0.0,15.76,277.86,3.0,12,102540.0,9999999
58362,0,7080,13.4,7.29,0.0,0.0,15.76,274.3,3.0,3,102590.0,9999999
58362,0,7081,12.8,7.19,0.0,0.0,15.76,274.3,3.0,3,102590.0,9999999
58362,0,7082,12.2,6.9,0.0,0.0,15.76,274.09,2.0,14,102590.0,9999999
58362,0,7083,11.5,6.34,0.0,0.0,15.76,272.58,2.0,7,102590.0,9999999
58362,0,7084,10.9,5.66,0.0,0.0,15.76,273.44,2.0,11,102590.0,9999999
58362,0,7085,10.4,5.0,0.0,0.0,15.76,271.48,2.0,8,102590.0,9999999
58362,0,7086,10.2,4.41,0.0,0.0,15.76,271.92,2.0,3,102590.0,9999999
58362,0,7087,12.2,4.51,85.0,22.0,15.76,275.79,2.0,12,102590.0,9999999
58362,0,7088,15.9,5.19,290.0,50.0,15.76,278.68,3.0,16,102590.0,9999999
58362,0,7089,18.6,5.66,494.0,86.0,15.76,279.7,3.0,14,102590.0,9999999
58362,0,7090,20.1,5.87,590.0,155.0,15.76,279.09,3.0,4,102590.0,9999999
58362,0,7091,20.7,5.95,788.0,137.0,15.76,283.84,3.0,10,102590.0,9999999
58362,0,7092,20.7,6.04,824.0,143.0,15.76,278.27,3.0,4,102590.0,9999999
58362,0,7093,20.6,6.25,678.0,178.0,15.76,283.84,3.0,1,102590.0,9999999
58362,0,7094,20.7,6.75,330.0,330.0,15.76,282.87,3.0,16,102590.0,9999999
58362,0,7095,21.0,7.54,235.0,235.0,15.76,285.93,3.0,13,102590.0,9999999
58362,0,7096,20.7,8.13,129.0,129.0,15.76,284.79,3.0,6,102590.0,9999999
58362,0,7097,19.9,8.52,54.0,14.0,15.76,285.37,3.0,7,102590.0,9999999
58362,0,7098,18.9,8.7,0.0,0.0,15.76,282.48,3.0,13,102590.0,9999999
58362,0,7099,17.7,8.7,0.0,0.0,15.76,279.09,3.0,1,102590.0,9999999
58362,0,7100,16.7,8.64,0.0,0.0,15.76,275.79,3.0,2,102590.0,9999999
58362,0,7101,16.0,8.58,0.0,0.0,15.76,281.69,3.0,5,102590.0,9999999
58362,0,7102,15.5,8.58,0.0,0.0,15.76,281.1,3.0,1,102590.0,9999999
58362,0,7103,15.2,8.58,0.0,0.0,15.76,274.3,3.0,2,102590.0,9999999
58362,0,7104,15.1,8.58,0.0,0.0,15.76,275.58,3.0,16,102520.0,9999999
58362,0,7105,15.1,8.58,0.0,0.0,15.76,278.27,3.0,2,102520.0,9999999
58362,0,7106,15.1,8.58,0.0,0.0,15.76,274.3,2.0,2,102520.0,9999999
58362,0,7107,15.1,8.52,0.0,0.0,15.76,282.28,2.0,7,102520.0,9999999
58362,0,7108,15.2,8.46,0.0,0.0,15.76,277.25,2.0,1,102520.0,9999999
58362,0,7109,15.4,8.35,0.0,0.0,15.76,279.9,2.0,14,102520.0,9999999
58362,0,7110,15.6,8.3,0.0,0.0,15.76,282.67,2.0,1,102520.0,9999999
58362,0,7111,16.0,8.24,77.0,23.0,15.76,274.94,2.0,1,102520.0,9999999
58362,0,7112,16.5,8.18,268.0,56.0,15.76,278.27,2.0,2,102520.0,9999999
58362,0,7113,17.1,8.07,401.0,122.0,15.76,279.9,2.0,5,102520.0,9999999
58362,0,7114,17.9,7.97,623.0,129.0,15.76,278.89,2.0,6,102520.0,9999999
58362,0,7115,18.7,7.91,642.0,196.0,15.76,280.9,2.0,4,102520.0,9999999
58362,0,7116,19.4,7.91,671.0,205.0,15.76,278.07,2.0,13,102520.0,9999999
58362,0,7117,20.1,7.97,368.0,368.0,15.76,281.1,2.0,3,102520.0,9999999
58362,0,7118,20.7,8.18,519.0,159.0,15.76,283.45,3.0,2,102520.0,9999999
58362,0,7119,21.0,8.52,421.0,87.0,15.76,287.99,3.0,5,102520.0,9999999
58362,0,7120,20.7,8.75,201.0,61.0,15.76,284.22,3.0,6,102520.0,9999999
58362,0,7121,19.8,8.81,28.0,28.0,15.76,281.1,3.0,6,102520.0,9999999
58362,0,7122,18.8,8.75,0.0,0.0,15.76,283.25,3.0,11,102520.0,9999999
58362,0,7123,17.6,8.7,0.0,0.0,15.76,284.79,3.0,1,102520.0,9999999
58362,0,7124,16.7,8.64,0.0,0.0,15.76,283.84,2.0,2,102520.0,9999999
58362,0,7125,16.2,8.7,0.0,0.0,15.76,279.9,2.0,15,102520.0,9999999
58362,0,7126,15.9,8.81,0.0,0.0,15.76,278.07,2.0,7,102520.0,9999999
58362,0,7127,16.0,9.05,0.0,0.0,15.76,275.15,2.0,1,102520.0,9999999
58362,0,7128,16.1,9.36,0.0,0.0,15.76,278.89,2.0,3,102280.0,9999999
58362,0,7129,16.4,9.61,0.0,0.0,15.76,279.9,2.0,2,102280.0,9999999
58362,0,7130,16.5,9.86,0.0,0.0,15.76,280.1,3.0,1,102280.0,9999999
58362,0,7131,16.5,10.06,0.0,0.0,15.76,284.22,3.0,16,102280.0,9999999
58362,0,7132,16.4,10.13,0.0,0.0,15.76,282.67,3.0,4,102280.0,9999999
58362,0,7133,16.4,10.19,0.0,0.0,15.76,282.48,3.0,10,102280.0,9999999
58362,0,7134,16.3,10.13,0.0,0.0,15.76,278.07,3.0,13,102280.0,9999999
58362,0,7135,16.8,10.4,47.0,12.0,15.76,279.49,3.0,11,102280.0,9999999
58362,0,7136,18.0,10.88,147.0,38.0,15.76,284.41,3.0,2,102280.0,9999999
58362,0,7137,19.2,11.09,462.0,79.0,15.76,278.89,3.0,15,102280.0,9999999
58362,0,7138,20.2,11.09,343.0,89.0,15.76,288.17,3.0,9,102280.0,9999999
58362,0,7139,21.0,10.81,742.0,127.0,15.76,288.9,3.0,1,102280.0,9999999
58362,0,7140,21.5,10.33,776.0,132.0,15.76,284.03,3.0,4,102280.0,9999999
58362,0,7141,21.7,9.8,725.0,124.0,15.76,283.25,3.0,11,102280.0,9999999
58362,0,7142,20.9,8.93,600.0,102.0,15.76,283.45,5.0,5,102280.0,9999999
58362,0,7143,19.9,8.3,424.0,72.0,15.76,282.67,5.0,8,102280.0,9999999
58362,0,7144,19.1,8.07,126.0,33.0,15.76,280.7,5.0,14,102280.0,9999999
58362,0,7145,18.5,8.13,53.0,9.0,15.76,281.89,5.0,3,102280.0,9999999
58362,0,7146,18.0,8.35,0.0,0.0,15.76,280.9,5.0,14,102280.0,9999999
58362,0,7147,17.7,8.64,0.0,0.0,15.76,281.29,5.0,5,102280.0,9999999
58362,0,7148,17.4,8.93,0.0,0.0,15.76,281.1,3.0,4,102280.0,9999999
58362,0,7149,17.2,9.11,0.0,0.0,15.76,284.41,3.0,6,102280.0,9999999
58362,0,7150,17.0,9.29,0.0,0.0,15.76,282.87,3.0,9,102280.0,9999999
58362,0,7151,16.8,9.36,0.0,0.0,15.76,284.22,3.0,11,102280.0,9999999
58362,0,7152,16.6,9.29,0.0,0.0,15.76,279.9,3.0,11,102190.0,9999999
58362,0,7153,16.5,9.23,0.0,0.0,15.76,275.79,3.0,10,102190.0,9999999
58362,0,7154,16.3,8.99,0.0,0.0,15.76,282.08,3.0,3,102190.0,9999999
58362,0,7155,16.1,8.75,0.0,0.0,15.76,279.29,3.0,8,102190.0,9999999
58362,0,7156,16.0,8.41,0.0,0.0,15.76,283.06,3.0,2,102190.0,9999999
58362,0,7157,15.9,8.07,0.0,0.0,15.76,281.29,3.0,16,102190.0,9999999
58362,0,7158,15.8,7.7,0.0,0.0,15.76,274.52,3.0,13,102190.0,9999999
58362,0,7159,16.2,7.54,48.0,9.0,15.76,276.21,3.0,10,102190.0,9999999
58362,0,7160,17.2,7.65,261.0,32.0,15.76,283.84,3.0,2,102190.0,9999999
58362,0,7161,18.3,7.86,448.0,54.0,15.76,277.04,3.0,15,102190.0,9999999
58362,0,7162,19.4,8.02,612.0,74.0,15.76,283.64,3.0,14,102190.0,9999999
58362,0,7163,20.4,8.13,721.0,87.0,15.76,281.29,3.0,15,102190.0,9999999
58362,0,7164,21.0,8.24,754.0,91.0,15.76,283.25,3.0,2,102190.0,9999999
58362,0,7165,21.3,8.24,705.0,85.0,15.76,288.17,3.0,14,102190.0,9999999
58362,0,7166,21.1,8.24,582.0,71.0,15.76,281.1,5.0,4,102190.0,9999999
58362,0,7167,20.6,8.18,411.0,50.0,15.76,280.7,5.0,4,102190.0,9999999
58362,0,7168,19.9,8.24,223.0,27.0,15.76,284.03,5.0,16,102190.0,9999999
58362,0,7169,19.0,8.24,49.0,6.0,15.76,277.86,5.0,10,102190.0,9999999
58362,0,7170,18.2,8.3,0.0,0.0,15.76,283.64,5.0,2,102190.0,9999999
58362,0,7171,17.5,8.41,0.0,0.0,15.76,280.3,5.0,12,102190.0,9999999
58362,0,7172,16.9,8.52,0.0,0.0,15.76,282.48,3.0,3,102190.0,9999999
58362,0,7173,16.6,8.7,0.0,0.0,15.76,283.84,3.0,7,102190.0,9999999
58362,0,7174,16.5,8.87,0.0,0.0,15.76,279.7,3.0,1,102190.0,9999999
58362,0,7175,16.5,9.05,0.0,0.0,15.76,277.86,3.0,2,102190.0,9999999
58362,0,7176,16.4,9.17,0.0,0.0,15.76,280.3,3.0,12,102020.0,9999999
58362,0,7177,16.1,9.11,0.0,0.0,15.76,280.1,3.0,2,102020.0,9999999
58362,0,7178,15.6,8.81,0.0,0.0,15.76,277.66,2.0,3,102020.0,9999999
58362,0,7179,14.7,8.41,0.0,0.0,15.76,278.48,2.0,5,102020.0,9999999
58362,0,7180,13.7,7.86,0.0,0.0,15.76,274.94,2.0,8,102020.0,9999999
58362,0,7181,12.9,7.44,0.0,0.0,15.76,276.21,2.0,3,102020.0,9999999
58362,0,7182,12.6,7.19,0.0,0.0,15.76,277.66,2.0,8,102020.0,9999999
58362,0,7183,14.1,7.8,70.0,20.0,15.76,279.49,2.0,6,102020.0,9999999
58362,0,7184,17.0,9.05,133.0,133.0,15.76,280.3,2.0,4,102020.0,9999999
58362,0,7185,19.0,9.8,391.0,114.0,15.76,282.48,2.0,14,102020.0,9999999
58362,0,7186,20.0,9.86,546.0,107.0,15.76,283.45,2.0,4,102020.0,9999999
58362,0,7187,20.2,9.48,631.0,183.0,15.76,283.45,2.0,7,102020.0,9999999
58362,0,7188,20.2,8.93,674.0,132.0,15.76,282.67,2.0,11,102020.0,9999999
58362,0,7189,20.1,8.58,629.0,123.0,15.76,281.89,2.0,10,102020.0,9999999
58362,0,7190,20.4,8.64,520.0,102.0,15.76,287.43,0.0,0,102020.0,9999999
58362,0,7191,20.9,9.11,358.0,104.0,15.76,283.45,0.0,7,102020.0,9999999
58362,0,7192,20.6,9.36,197.0,39.0,15.76,284.41,0.0,3,102020.0,9999999
58362,0,7193,19.9,9.54,42.0,8.0,15.76,284.6,0.0,3,102020.0,9999999
58362,0,7194,19.0,9.54,0.0,0.0,15.76,284.79,0.0,7,102020.0,9999999
58362,0,7195,18.0,9.48,0.0,0.0,15.76,278.68,0.0,6,102020.0,9999999
58362,0,7196,17.2,9.42,0.0,0.0,15.76,282.08,3.0,2,102020.0,9999999
58362,0,7197,16.7,9.42,0.0,0.0,15.76,280.7,3.0,15,102020.0,9999999
58362,0,7198,16.6,9.42,0.0,0.0,15.76,284.03,3.0,10,102020.0,9999999
58362,0,7199,16.6,9.48,0.0,0.0,15.76,276.0,3.0,13,102020.0,9999999
58362,0,7200,16.7,9.61,0.0,0.0,15.76,280.7,3.0,5,102020.0,9999999
58362,0,7201,16.9,9.67,0.0,0.0,15.76,281.69,3.0,7,102020.0,9999999
58362,0,7202,16.9,9.74,0.0,0.0,15.76,280.3,4.0,2,102020.0,9999999
58362,0,7203,16.8,9.8,0.0,0.0,15.76,278.48,4.0,12,102020.0,9999999
58362,0,7204,16.6,9.8,0.0,0.0,15.76,279.09,4.0,6,102020.0,9999999
58362,0,7205,16.5,9.8,0.0,0.0,15.76,277.25,4.0,2,102020.0,9999999
58362,0,7206,16.5,9.8,0.0,0.0,15.76,276.0,4.0,8,102020.0,9999999
58362,0,7207,16.7,9.8,71.0,19.0,15.76,280.7,4.0,4,102020.0,9999999
58362,0,7208,17.2,9.8,252.0,44.0,15.76,283.25,2.0,1,102020.0,9999999
58362,0,7209,18.1,9.8,437.0,76.0,15.76,277.45,2.0,2,102020.0,9999999
58362,0,7210,19.2,9.67,599.0,104.0,15.76,281.49,2.0,16,102020.0,9999999
58362,0,7211,20.1,9.36,707.0,122.0,15.76,281.49,2.0,4,102020.0,9999999
58362,0,7212,20.7,8.81,692.0,181.0,15.76,285.18,2.0,12,102020.0,9999999
58362,0,7213,20.6,8.18,380.0,380.0,15.76,284.79,2.0,2,102020.0,9999999
58362,0,7214,20.1,7.7,533.0,139.0,15.76,279.9,3.0,2,102020.0,9999999
58362,0,7215,19.9,7.86,401.0,69.0,15.76,285.18,3.0,6,102020.0,9999999
58362,0,7216,19.4,8.18,201.0,53.0,15.76,281.1,3.0,10,102020.0,9999999
58362,0,7217,18.6,8.52,44.0,8.0,15.76,277.45,3.0,13,102020.0,9999999
58362,0,7218,17.8,8.87,0.0,0.0,15.76,279.09,3.0,10,102020.0,9999999
58362,0,7219,16.9,9.05,0.0,0.0,15.76,280.7,3.0,15,102020.0,9999999
58362,0,7220,16.1,9.11,0.0,0.0,15.76,278.89,3.0,1,102020.0,9999999
58362,0,7221,15.5,9.05,0.0,0.0,15.76,278.27,3.0,8,102020.0,9999999
58362,0,7222,15.1,8.87,0.0,0.0,15.76,275.58,3.0,4,102020.0,9999999
58362,0,7223,14.8,8.64,0.0,0.0,15.76,280.5,3.0,6,102020.0,9999999
58362,0,7224,14.6,8.35,0.0,0.0,15.76,275.79,3.0,5,102130.0,9999999
58362,0,7225,14.4,8.07,0.0,0.0,15.76,277.25,3.0,10,102130.0,9999999
58362,0,7226,14.2,7.75,0.0,0.0,15.76,278.48,3.0,16,102130.0,9999999
58362,0,7227,14.0,7.49,0.0,0.0,15.76,274.94,3.0,12,102130.0,9999999
58362,0,7228,13.8,7.24,0.0,0.0,15.76,275.79,3.0,5,102130.0,9999999
58362,0,7229,13.7,6.99,0.0,0.0,15.76,273.44,3.0,11,102130.0,9999999
58362,0,7230,13.6,6.8,0.0,0.0,15.76,273.23,3.0,15,102130.0,9999999
58362,0,7231,13.7,6.66,67.0,23.0,15.76,275.58,3.0,9,102130.0,9999999
58362,0,7232,14.0,6.52,132.0,132.0,15.76,274.52,6.0,16,102130.0,9999999
58362,0,7233,14.5,6.39,392.0,134.0,15.76,276.62,6.0,4,102130.0,9999999
58362,0,7234,15.1,6.25,820.0,190.0,15.76,274.52,6.0,1,102130.0,9999999
58362,0,7235,15.8,6.16,635.0,218.0,15.76,280.3,6.0,1,102130.0,9999999
58362,0,7236,16.5,6.08,390.0,390.0,15.76,277.25,6.0,2,102130.0,9999999
58362,0,7237,17.2,6.08,364.0,364.0,15.76,277.25,6.0,2,102130.0,9999999
58362,0,7238,17.9,6.16,511.0,175.0,15.76,279.29,6.0,16,102130.0,9999999
58362,0,7239,18.3,6.34,211.0,211.0,15.76,281.69,6.0,5,102130.0,9999999
58362,0,7240,18.0,6.34,112.0,112.0,15.76,278.89,6.0,10,102130.0,9999999
58362,0,7241,17.2,6.25,38.0,13.0,15.76,283.25,6.0,12,102130.0,9999999
58362,0,7242,16.2,6.12,0.0,0.0,15.76,276.41,6.0,5,102130.0,9999999
58362,0,7243,15.2,5.95,0.0,0.0,15.76,278.48,6.0,7,102130.0,9999999
58362,0,7244,14.3,5.82,0.0,0.0,15.76,277.45,3.0,1,102130.0,9999999
58362,0,7245,13.8,5.74,0.0,0.0,15.76,274.52,3.0,3,102130.0,9999999
58362,0,7246,13.5,5.74,0.0,0.0,15.76,279.29,3.0,3,102130.0,9999999
58362,0,7247,13.5,5.74,0.0,0.0,15.76,276.62,3.0,3,102130.0,9999999
58362,0,7248,13.5,5.7,0.0,0.0,15.76,276.0,3.0,2,102470.0,9999999
58362,0,7249,13.6,5.66,0.0,0.0,15.76,274.3,3.0,1,102470.0,9999999
58362,0,7250,13.7,5.46,0.0,0.0,15.76,279.29,3.0,1,102470.0,9999999
58362,0,7251,13.7,5.23,0.0,0.0,15.76,275.15,3.0,12,102470.0,9999999
58362,0,7252,13.8,4.97,0.0,0.0,15.76,275.79,3.0,12,102470.0,9999999
58362,0,7253,14.0,4.68,0.0,0.0,15.76,274.09,3.0,9,102470.0,9999999
58362,0,7254,14.1,4.38,0.0,0.0,15.76,274.09,3.0,12,102470.0,9999999
58362,0,7255,14.4,4.12,68.0,21.0,15.76,271.26,3.0,4,102470.0,9999999
58362,0,7256,14.7,3.91,137.0,137.0,15.76,274.73,3.0,16,102470.0,9999999
58362,0,7257,15.1,3.76,239.0,239.0,15.76,274.3,3.0,10,102470.0,9999999
58362,0,7258,15.5,3.7,329.0,329.0,15.76,271.92,3.0,9,102470.0,9999999
58362,0,7259,16.0,3.73,661.0,207.0,15.76,280.3,3.0,13,102470.0,9999999
58362,0,7260,16.6,3.88,407.0,407.0,15.76,279.49,3.0,3,102470.0,9999999
58362,0,7261,17.4,4.22,379.0,379.0,15.76,278.68,3.0,10,102470.0,9999999
58362,0,7262,18.3,4.68,532.0,166.0,15.76,283.25,3.0,16,102470.0,9999999
58362,0,7263,19.0,5.27,598.0,127.0,15.76,280.9,3.0,6,102470.0,9999999
58362,0,7264,18.8,5.62,198.0,62.0,15.76,280.3,3.0,4,102470.0,9999999
58362,0,7265,18.1,5.87,80.0,17.0,15.76,279.9,3.0,10,102470.0,9999999
58362,0,7266,17.3,5.95,0.0,0.0,15.76,279.7,3.0,8,102470.0,9999999
58362,0,7267,16.4,5.95,0.0,0.0,15.76,277.25,3.0,10,102470.0,9999999
58362,0,7268,15.7,5.91,0.0,0.0,15.76,277.04,2.0,16,102470.0,9999999
58362,0,7269,15.3,5.87,0.0,0.0,15.76,274.52,2.0,12,102470.0,9999999
58362,0,7270,15.2,5.82,0.0,0.0,15.76,274.3,2.0,9,102470.0,9999999
58362,0,7271,15.2,5.78,0.0,0.0,15.76,273.01,2.0,15,102470.0,9999999
58362,0,7272,15.3,5.78,0.0,0.0,15.76,276.41,2.0,2,102730.0,9999999
58362,0,7273,15.3,5.78,0.0,0.0,15.76,277.66,2.0,10,102730.0,9999999
58362,0,7274,15.3,5.78,0.0,0.0,15.76,275.36,3.0,16,102730.0,9999999
58362,0,7275,15.1,5.78,0.0,0.0,15.76,276.83,3.0,12,102730.0,9999999
58362,0,7276,14.8,5.82,0.0,0.0,15.76,273.87,3.0,6,102730.0,9999999
58362,0,7277,14.6,5.91,0.0,0.0,15.76,277.04,3.0,11,102730.0,9999999
58362,0,7278,14.5,5.99,0.0,0.0,15.76,276.41,3.0,10,102730.0,9999999
58362,0,7279,14.7,6.12,65.0,19.0,15.76,279.29,3.0,7,102730.0,9999999
58362,0,7280,15.3,6.34,351.0,72.0,15.76,276.83,3.0,16,102730.0,9999999
58362,0,7281,16.4,6.57,617.0,126.0,15.76,278.48,3.0,3,102730.0,9999999
58362,0,7282,17.7,6.8,548.0,165.0,15.76,281.29,3.0,8,102730.0,9999999
58362,0,7283,18.9,6.94,381.0,381.0,15.76,280.1,3.0,2,102730.0,9999999
58362,0,7284,19.8,6.94,399.0,399.0,15.76,281.89,3.0,3,102730.0,9999999
58362,0,7285,20.0,6.8,633.0,191.0,15.76,281.1,3.0,10,102730.0,9999999
58362,0,7286,19.4,6.52,306.0,306.0,15.76,284.03,3.0,1,102730.0,9999999
58362,0,7287,18.3,6.3,364.0,110.0,15.76,281.69,3.0,7,102730.0,9999999
58362,0,7288,16.9,6.16,298.0,61.0,15.76,281.29,3.0,9,102730.0,9999999
58362,0,7289,15.6,6.16,35.0,11.0,15.76,276.41,3.0,9,102730.0,9999999
58362,0,7290,14.7,6.34,0.0,0.0,15.76,280.9,3.0,11,102730.0,9999999
58362,0,7291,14.5,6.75,0.0,0.0,15.76,278.27,3.0,2,102730.0,9999999
58362,0,7292,15.2,7.49,0.0,0.0,15.76,273.87,3.0,4,102730.0,9999999
58362,0,7293,16.5,8.58,0.0,0.0,15.76,275.58,3.0,11,102730.0,9999999
58362,0,7294,17.3,9.23,0.0,0.0,15.76,283.06,3.0,8,102730.0,9999999
58362,0,7295,17.6,9.61,0.0,0.0,15.76,282.48,3.0,12,102730.0,9999999
58362,0,7296,18.2,10.19,0.0,0.0,10.61,279.9,3.0,12,102220.0,9999999
58362,0,7297,18.9,10.81,0.0,0.0,10.61,279.9,3.0,7,102220.0,9999999
58362,0,7298,19.3,11.39,0.0,0.0,10.61,283.25,1.0,15,102220.0,9999999
58362,0,7299,19.3,11.68,0.0,0.0,10.61,281.49,1.0,10,102220.0,9999999
58362,0,7300,19.0,11.83,0.0,0.0,10.61,281.29,1.0,16,102220.0,9999999
58362,0,7301,18.6,11.83,0.0,0.0,10.61,280.9,1.0,14,102220.0,9999999
58362,0,7302,18.1,11.76,0.0,0.0,10.61,283.64,1.0,10,102220.0,9999999
58362,0,7303,17.9,11.68,44.0,28.0,10.61,281.49,1.0,8,102220.0,9999999
58362,0,7304,18.1,11.76,157.0,100.0,10.61,281.1,3.0,16,102220.0,9999999
58362,0,7305,18.8,11.91,277.0,177.0,10.61,281.89,3.0,16,102220.0,9999999
58362,0,7306,19.8,12.14,383.0,244.0,10.61,283.84,3.0,10,102220.0,9999999
58362,0,7307,20.8,12.22,214.0,214.0,10.61,285.55,3.0,10,102220.0,9999999
58362,0,7308,21.6,12.07,474.0,302.0,10.61,286.31,3.0,16,102220.0,9999999
58362,0,7309,21.9,11.61,209.0,209.0,10.61,289.99,3.0,14,102220.0,9999999
58362,0,7310,20.8,10.26,364.0,232.0,10.61,283.84,4.0,3,102220.0,9999999
58362,0,7311,19.5,9.11,120.0,120.0,10.61,278.48,4.0,10,102220.0,9999999
58362,0,7312,18.5,8.41,63.0,63.0,10.61,277.45,4.0,12,102220.0,9999999
58362,0,7313,17.9,8.02,23.0,15.0,10.61,278.07,4.0,11,102220.0,9999999
58362,0,7314,17.6,7.86,0.0,0.0,10.61,278.48,4.0,3,102220.0,9999999
58362,0,7315,17.4,7.91,0.0,0.0,10.61,282.67,4.0,12,102220.0,9999999
58362,0,7316,17.4,8.02,0.0,0.0,10.61,277.45,5.0,3,102220.0,9999999
58362,0,7317,17.4,8.18,0.0,0.0,10.61,282.87,5.0,5,102220.0,9999999
58362,0,7318,17.3,8.3,0.0,0.0,10.61,280.9,5.0,2,102220.0,9999999
58362,0,7319,17.1,8.35,0.0,0.0,10.61,280.1,5.0,11,102220.0,9999999
58362,0,7320,16.8,8.35,0.0,0.0,10.61,279.29,5.0,16,102080.0,9999999
58362,0,7321,16.6,8.35,0.0,0.0,10.61,275.58,5.0,2,102080.0,9999999
58362,0,7322,16.4,8.35,0.0,0.0,10.61,283.45,4.0,3,102080.0,9999999
58362,0,7323,16.3,8.35,0.0,0.0,10.61,276.62,4.0,9,102080.0,9999999
58362,0,7324,16.3,8.41,0.0,0.0,10.61,278.68,4.0,5,102080.0,9999999
58362,0,7325,16.3,8.46,0.0,0.0,10.61,276.62,4.0,12,102080.0,9999999
58362,0,7326,16.4,8.46,0.0,0.0,10.61,280.9,4.0,6,102080.0,9999999
58362,0,7327,16.6,8.46,11.0,11.0,10.61,275.58,4.0,15,102080.0,9999999
58362,0,7328,16.7,8.41,41.0,41.0,10.61,279.7,5.0,4,102080.0,9999999
58362,0,7329,16.8,8.3,73.0,73.0,10.61,283.84,5.0,2,102080.0,9999999
58362,0,7330,17.0,8.18,101.0,101.0,10.61,277.04,5.0,1,102080.0,9999999
58362,0,7331,17.0,8.07,120.0,120.0,10.61,283.84,5.0,4,102080.0,9999999
58362,0,7332,17.1,8.02,125.0,125.0,10.61,278.89,5.0,16,102080.0,9999999
58362,0,7333,17.2,8.02,117.0,117.0,10.61,281.49,5.0,15,102080.0,9999999
58362,0,7334,17.2,8.18,96.0,96.0,10.61,277.45,5.0,5,102080.0,9999999
58362,0,7335,16.5,8.07,67.0,67.0,10.61,279.9,5.0,15,102080.0,9999999
58362,0,7336,14.9,7.65,35.0,35.0,10.61,277.66,5.0,15,102080.0,9999999
58362,0,7337,13.5,7.39,6.0,6.0,10.61,276.83,5.0,7,102080.0,9999999
58362,0,7338,13.0,7.54,0.0,0.0,10.61,277.25,5.0,3,102080.0,9999999
58362,0,7339,13.2,8.02,0.0,0.0,10.61,275.15,5.0,9,102080.0,9999999
58362,0,7340,13.7,8.64,0.0,0.0,10.61,277.45,6.0,4,102080.0,9999999
58362,0,7341,14.0,9.05,0.0,0.0,10.61,279.9,6.0,11,102080.0,9999999
58362,0,7342,14.2,9.29,0.0,0.0,10.61,281.69,6.0,13,102080.0,9999999
58362,0,7343,14.2,9.42,0.0,0.0,10.61,273.66,6.0,4,102080.0,9999999
58362,0,7344,14.1,9.36,0.0,0.0,10.61,277.45,6.0,6,102100.0,9999999
58362,0,7345,13.9,9.29,0.0,0.0,10.61,277.25,6.0,6,102100.0,9999999
58362,0,7346,13.6,9.17,0.0,0.0,10.61,279.49,6.0,3,102100.0,9999999
58362,0,7347,13.3,9.05,0.0,0.0,10.61,272.58,6.0,7,102100.0,9999999
58362,0,7348,13.0,8.93,0.0,0.0,10.61,275.79,6.0,13,102100.0,9999999
58362,0,7349,12.8,8.81,0.0,0.0,10.61,274.3,6.0,11,102100.0,9999999
58362,0,7350,12.7,8.75,0.0,0.0,10.61,279.9,6.0,15,102100.0,9999999
58362,0,7351,13.0,8.75,20.0,20.0,10.61,272.14,6.0,15,102100.0,9999999
58362,0,7352,13.5,8.81,75.0,75.0,10.61,276.83,3.0,2,102100.0,9999999
58362,0,7353,14.1,8.7,133.0,133.0,10.61,281.29,3.0,11,102100.0,9999999
58362,0,7354,14.6,8.46,185.0,185.0,10.61,275.79,3.0,12,102100.0,9999999
58362,0,7355,15.1,8.13,219.0,219.0,10.61,277.04,3.0,13,102100.0,9999999
58362,0,7356,15.6,7.86,229.0,229.0,10.61,277.25,3.0,7,102100.0,9999999
58362,0,7357,16.2,7.65,214.0,214.0,10.61,282.87,3.0,2,102100.0,9999999
58362,0,7358,16.9,7.65,175.0,175.0,10.61,280.1,4.0,2,102100.0,9999999
58362,0,7359,17.4,7.8,122.0,122.0,10.61,284.22,4.0,16,102100.0,9999999
58362,0,7360,17.3,7.86,63.0,63.0,10.61,280.7,4.0,11,102100.0,9999999
58362,0,7361,17.0,7.97,10.0,10.0,10.61,281.29,4.0,11,102100.0,9999999
58362,0,7362,16.6,8.13,0.0,0.0,10.61,282.08,4.0,9,102100.0,9999999
58362,0,7363,16.2,8.24,0.0,0.0,10.61,283.06,4.0,16,102100.0,9999999
58362,0,7364,15.8,8.41,0.0,0.0,10.61,277.04,2.0,1,102100.0,9999999
58362,0,7365,15.6,8.46,0.0,0.0,10.61,274.73,2.0,9,102100.0,9999999
58362,0,7366,15.4,8.58,0.0,0.0,10.61,274.52,2.0,12,102100.0,9999999
58362,0,7367,15.4,8.58,0.0,0.0,10.61,279.9,2.0,2,102100.0,9999999
58362,0,7368,15.3,8.58,0.0,0.0,10.61,280.9,2.0,7,102280.0,9999999
58362,0,7369,15.3,8.58,0.0,0.0,10.61,275.79,2.0,9,102280.0,9999999
58362,0,7370,15.2,8.52,0.0,0.0,10.61,276.62,3.0,4,102280.0,9999999
58362,0,7371,15.0,8.41,0.0,0.0,10.61,274.09,3.0,10,102280.0,9999999
58362,0,7372,14.8,8.24,0.0,0.0,10.61,281.89,3.0,3,102280.0,9999999
58362,0,7373,14.7,8.13,0.0,0.0,10.61,281.69,3.0,10,102280.0,9999999
58362,0,7374,14.6,8.02,0.0,0.0,10.61,275.79,3.0,8,102280.0,9999999
58362,0,7375,15.3,8.3,21.0,21.0,10.61,279.7,3.0,15,102280.0,9999999
58362,0,7376,16.7,8.87,79.0,79.0,10.61,282.48,2.0,5,102280.0,9999999
58362,0,7377,17.8,9.29,141.0,141.0,10.61,279.29,2.0,5,102280.0,9999999
58362,0,7378,18.5,9.42,196.0,196.0,10.61,285.93,2.0,5,102280.0,9999999
58362,0,7379,18.8,9.42,232.0,232.0,10.61,286.12,2.0,2,102280.0,9999999
58362,0,7380,19.0,9.23,243.0,243.0,10.61,284.79,2.0,10,102280.0,9999999
58362,0,7381,19.0,9.11,227.0,227.0,10.61,281.1,2.0,16,102280.0,9999999
58362,0,7382,19.0,9.05,186.0,186.0,10.61,281.1,4.0,6,102280.0,9999999
58362,0,7383,18.9,9.05,129.0,129.0,10.61,280.9,4.0,1,102280.0,9999999
58362,0,7384,18.7,9.11,67.0,67.0,10.61,280.1,4.0,1,102280.0,9999999
58362,0,7385,18.4,9.23,10.0,10.0,10.61,280.5,4.0,1,102280.0,9999999
58362,0,7386,18.1,9.42,0.0,0.0,10.61,282.08,4.0,11,102280.0,9999999
58362,0,7387,17.9,9.61,0.0,0.0,10.61,277.25,4.0,11,102280.0,9999999
58362,0,7388,17.8,9.93,0.0,0.0,10.61,279.49,3.0,6,102280.0,9999999
58362,0,7389,17.8,10.33,0.0,0.0,10.61,281.49,3.0,13,102280.0,9999999
58362,0,7390,17.7,10.6,0.0,0.0,10.61,279.7,3.0,9,102280.0,9999999
58362,0,7391,17.5,10.81,0.0,0.0,10.61,282.87,3.0,5,102280.0,9999999
58362,0,7392,17.3,10.95,0.0,0.0,10.61,277.25,3.0,3,102140.0,9999999
58362,0,7393,17.0,11.09,0.0,0.0,10.61,280.5,3.0,6,102140.0,9999999
58362,0,7394,16.8,11.17,0.0,0.0,10.61,281.29,2.0,6,102140.0,9999999
58362,0,7395,16.6,11.24,0.0,0.0,10.61,282.08,2.0,6,102140.0,9999999
58362,0,7396,16.5,11.31,0.0,0.0,10.61,279.9,2.0,6,102140.0,9999999
58362,0,7397,16.4,11.31,0.0,0.0,10.61,280.5,2.0,3,102140.0,9999999
58362,0,7398,16.3,11.31,0.0,0.0,10.61,277.66,2.0,4,102140.0,9999999
58362,0,7399,16.3,11.24,3.0,3.0,10.61,279.29,2.0,15,102140.0,9999999
58362,0,7400,16.3,11.17,14.0,14.0,10.61,280.3,2.0,13,102140.0,9999999
58362,0,7401,16.3,10.95,25.0,25.0,10.61,280.1,2.0,7,102140.0,9999999
58362,0,7402,16.3,10.74,34.0,34.0,10.61,282.67,2.0,7,102140.0,9999999
58362,0,7403,16.3,10.46,41.0,41.0,10.61,276.0,2.0,1,102140.0,9999999
58362,0,7404,16.3,10.13,42.0,42.0,10.61,280.5,2.0,4,102140.0,9999999
58362,0,7405,16.3,9.86,40.0,40.0,10.61,277.25,2.0,15,102140.0,9999999
58362,0,7406,16.3,9.61,32.0,32.0,10.61,277.04,6.0,16,102140.0,9999999
58362,0,7407,16.0,9.23,22.0,22.0,10.61,277.66,6.0,12,102140.0,9999999
58362,0,7408,15.4,8.7,12.0,12.0,10.61,276.83,6.0,12,102140.0,9999999
58362,0,7409,14.7,8.13,2.0,2.0,10.61,280.1,6.0,13,102140.0,9999999
58362,0,7410,14.1,7.7,0.0,0.0,10.61,275.79,6.0,14,102140.0,9999999
58362,0,7411,13.9,7.39,0.0,0.0,10.61,272.58,6.0,1,102140.0,9999999
58362,0,7412,14.1,7.29,0.0,0.0,10.61,272.8,6.0,16,102140.0,9999999
58362,0,7413,14.2,7.04,0.0,0.0,10.61,278.07,6.0,13,102140.0,9999999
58362,0,7414,14.0,6.71,0.0,0.0,10.61,276.41,6.0,4,102140.0,9999999
58362,0,7415,13.7,6.3,0.0,0.0,10.61,278.27,6.0,6,102140.0,9999999
58362,0,7416,13.2,5.87,0.0,0.0,10.61,274.52,6.0,11,102940.0,9999999
58362,0,7417,12.7,5.5,0.0,0.0,10.61,270.6,6.0,7,102940.0,9999999
58362,0,7418,12.2,5.23,0.0,0.0,10.61,272.14,5.0,16,102940.0,9999999
58362,0,7419,11.7,5.08,0.0,0.0,10.61,269.25,5.0,5,102940.0,9999999
58362,0,7420,11.4,5.04,0.0,0.0,10.61,272.36,5.0,3,102940.0,9999999
58362,0,7421,11.1,5.08,0.0,0.0,10.61,269.93,5.0,8,102940.0,9999999
58362,0,7422,11.0,5.19,0.0,0.0,10.61,270.82,5.0,9,102940.0,9999999
58362,0,7423,11.4,5.42,34.0,8.0,10.61,269.25,5.0,9,102940.0,9999999
58362,0,7424,12.3,5.74,309.0,50.0,10.61,274.73,5.0,16,102940.0,9999999
58362,0,7425,13.1,5.95,556.0,90.0,10.61,274.09,5.0,16,102940.0,9999999
58362,0,7426,13.9,5.99,341.0,84.0,10.61,275.36,5.0,8,102940.0,9999999
58362,0,7427,14.5,5.95,887.0,143.0,10.61,277.86,5.0,4,102940.0,9999999
58362,0,7428,15.0,5.82,425.0,105.0,10.61,279.29,5.0,4,102940.0,9999999
58362,0,7429,15.4,5.7,396.0,98.0,10.61,276.62,5.0,3,102940.0,9999999
58362,0,7430,15.8,5.62,324.0,80.0,10.61,273.44,3.0,2,102940.0,9999999
58362,0,7431,16.0,5.58,507.0,82.0,10.61,275.79,3.0,9,102940.0,9999999
58362,0,7432,15.8,5.5,259.0,42.0,10.61,273.44,3.0,2,102940.0,9999999
58362,0,7433,15.3,5.42,15.0,4.0,10.61,280.9,3.0,5,102940.0,9999999
58362,0,7434,14.6,5.3,0.0,0.0,10.61,278.68,3.0,9,102940.0,9999999
58362,0,7435,13.8,5.23,0.0,0.0,10.61,276.83,3.0,15,102940.0,9999999
58362,0,7436,13.2,5.19,0.0,0.0,10.61,272.14,3.0,1,102940.0,9999999
58362,0,7437,12.8,5.23,0.0,0.0,10.61,274.94,3.0,11,102940.0,9999999
58362,0,7438,12.6,5.3,0.0,0.0,10.61,274.73,3.0,3,102940.0,9999999
58362,0,7439,12.6,5.46,0.0,0.0,10.61,273.66,3.0,14,102940.0,9999999
58362,0,7440,12.6,5.58,0.0,0.0,10.61,270.37,3.0,16,102710.0,9999999
58362,0,7441,12.6,5.66,0.0,0.0,10.61,274.94,3.0,12,102710.0,9999999
58362,0,7442,12.6,5.74,0.0,0.0,10.61,278.48,3.0,2,102710.0,9999999
58362,0,7443,12.5,5.78,0.0,0.0,10.61,274.94,3.0,14,102710.0,9999999
58362,0,7444,12.4,5.74,0.0,0.0,10.61,275.58,3.0,8,102710.0,9999999
58362,0,7445,12.2,5.66,0.0,0.0,10.61,276.62,3.0,12,102710.0,9999999
58362,0,7446,12.2,5.58,0.0,0.0,10.61,272.36,3.0,10,102710.0,9999999
58362,0,7447,12.7,5.7,48.0,22.0,10.61,273.44,3.0,15,102710.0,9999999
58362,0,7448,13.6,5.95,100.0,100.0,10.61,275.58,2.0,3,102710.0,9999999
58362,0,7449,14.2,6.04,181.0,181.0,10.61,275.58,2.0,1,102710.0,9999999
58362,0,7450,14.5,5.99,505.0,233.0,10.61,275.36,2.0,16,102710.0,9999999
58362,0,7451,14.7,5.91,600.0,277.0,10.61,280.7,2.0,10,102710.0,9999999
58362,0,7452,14.9,5.87,629.0,291.0,10.61,276.83,2.0,7,102710.0,9999999
58362,0,7453,15.3,5.95,292.0,292.0,10.61,274.52,2.0,13,102710.0,9999999
58362,0,7454,16.0,6.25,479.0,221.0,10.61,282.08,3.0,3,102710.0,9999999
58362,0,7455,16.7,6.71,165.0,165.0,10.61,277.86,3.0,9,102710.0,9999999
58362,0,7456,16.6,6.85,84.0,84.0,10.61,278.27,3.0,11,102710.0,9999999
58362,0,7457,16.2,6.99,11.0,11.0,10.61,277.45,3.0,16,102710.0,9999999
58362,0,7458,15.7,6.99,0.0,0.0,10.61,277.45,3.0,1,102710.0,9999999
58362,0,7459,14.9,6.94,0.0,0.0,10.61,274.73,3.0,12,102710.0,9999999
58362,0,7460,14.0,6.71,0.0,0.0,10.61,278.89,1.0,6,102710.0,9999999
58362,0,7461,13.0,6.43,0.0,0.0,10.61,274.73,1.0,1,102710.0,9999999
58362,0,7462,12.1,6.16,0.0,0.0,10.61,273.66,1.0,1,102710.0,9999999
58362,0,7463,11.8,6.04,0.0,0.0,10.61,273.44,1.0,4,102710.0,9999999
58362,0,7464,12.2,6.21,0.0,0.0,10.61,275.79,1.0,5,102300.0,9999999
58362,0,7465,13.2,6.61,0.0,0.0,10.61,274.3,1.0,3,102300.0,9999999
58362,0,7466,14.2,7.04,0.0,0.0,10.61,275.58,0.0,0,102300.0,9999999
58362,0,7467,15.0,7.34,0.0,0.0,10.61,277.04,0.0,15,102300.0,9999999
58362,0,7468,15.5,7.49,0.0,0.0,10.61,277.04,0.0,11,102300.0,9999999
58362,0,7469,15.8,7.59,0.0,0.0,10.61,275.79,0.0,11,102300.0,9999999
58362,0,7470,16.0,7.54,0.0,0.0,10.61,276.83,0.0,5,102300.0,9999999
58362,0,7471,16.1,7.44,63.0,31.0,10.61,278.07,0.0,14,102300.0,9999999
58362,0,7472,16.2,7.29,95.0,95.0,10.61,278.27,2.0,4,102300.0,9999999
58362,0,7473,16.4,7.14,173.0,173.0,10.61,277.04,2.0,5,102300.0,9999999
58362,0,7474,16.6,7.04,675.0,335.0,10.61,274.94,2.0,12,102300.0,9999999
58362,0,7475,16.9,6.99,288.0,288.0,10.61,276.62,2.0,5,102300.0,9999999
58362,0,7476,17.2,7.04,302.0,302.0,10.61,279.49,2.0,14,102300.0,9999999
58362,0,7477,17.6,7.19,281.0,281.0,10.61,279.49,2.0,9,102300.0,9999999
58362,0,7478,18.0,7.54,641.0,318.0,10.61,283.06,4.0,4,102300.0,9999999
58362,0,7479,18.4,8.07,158.0,158.0,10.61,283.84,4.0,10,102300.0,9999999
58362,0,7480,18.6,8.64,223.0,111.0,10.61,281.69,4.0,3,102300.0,9999999
58362,0,7481,18.3,9.05,9.0,9.0,10.61,282.08,4.0,2,102300.0,9999999
58362,0,7482,17.7,9.17,0.0,0.0,10.61,276.83,4.0,10,102300.0,9999999
58362,0,7483,16.9,9.17,0.0,0.0,10.61,276.21,4.0,3,102300.0,9999999
58362,0,7484,16.2,9.05,0.0,0.0,10.61,282.08,4.0,2,102300.0,9999999
58362,0,7485,15.7,8.93,0.0,0.0,10.61,279.49,4.0,14,102300.0,9999999
58362,0,7486,15.5,8.81,0.0,0.0,10.61,278.68,4.0,4,102300.0,9999999
58362,0,7487,15.4,8.7,0.0,0.0,10.61,279.09,4.0,6,102300.0,9999999
58362,0,7488,15.4,8.64,0.0,0.0,10.61,275.79,4.0,6,102440.0,9999999
58362,0,7489,15.4,8.52,0.0,0.0,10.61,276.83,4.0,1,102440.0,9999999
58362,0,7490,15.4,8.41,0.0,0.0,10.61,274.52,2.0,1,102440.0,9999999
58362,0,7491,15.3,8.3,0.0,0.0,10.61,278.27,2.0,9,102440.0,9999999
58362,0,7492,15.1,8.18,0.0,0.0,10.61,278.68,2.0,3,102440.0,9999999
58362,0,7493,15.0,8.13,0.0,0.0,10.61,278.48,2.0,8,102440.0,9999999
58362,0,7494,14.9,8.07,0.0,0.0,10.61,277.86,2.0,4,102440.0,9999999
58362,0,7495,15.1,8.07,40.0,22.0,10.61,279.29,2.0,1,102440.0,9999999
58362,0,7496,15.4,8.18,80.0,80.0,10.61,280.9,3.0,1,102440.0,9999999
58362,0,7497,16.0,8.3,318.0,178.0,10.61,278.89,3.0,7,102440.0,9999999
58362,0,7498,16.7,8.46,204.0,204.0,10.61,282.28,3.0,10,102440.0,9999999
58362,0,7499,17.3,8.58,529.0,296.0,10.61,279.29,3.0,7,102440.0,9999999
58362,0,7500,17.6,8.52,255.0,255.0,10.61,279.49,3.0,16,102440.0,9999999
58362,0,7501,17.4,8.3,516.0,289.0,10.61,276.21,3.0,5,102440.0,9999999
58362,0,7502,16.7,7.91,194.0,194.0,10.61,283.45,4.0,16,102440.0,9999999
58362,0,7503,15.9,7.59,289.0,162.0,10.61,275.79,4.0,1,102440.0,9999999
58362,0,7504,15.1,7.44,146.0,82.0,10.61,276.62,4.0,3,102440.0,9999999
58362,0,7505,14.5,7.39,7.0,7.0,10.61,276.62,4.0,9,102440.0,9999999
58362,0,7506,14.1,7.44,0.0,0.0,10.61,280.9,4.0,3,102440.0,9999999
58362,0,7507,14.2,7.59,0.0,0.0,10.61,278.27,4.0,8,102440.0,9999999
58362,0,7508,14.6,7.86,0.0,0.0,10.61,277.45,5.0,16,102440.0,9999999
58362,0,7509,14.8,7.86,0.0,0.0,10.61,281.69,5.0,4,102440.0,9999999
58362,0,7510,14.7,7.65,0.0,0.0,10.61,277.45,5.0,9,102440.0,9999999
58362,0,7511,14.5,7.24,0.0,0.0,10.61,277.66,5.0,13,102440.0,9999999
58362,0,7512,14.1,6.85,0.0,0.0,10.61,280.5,5.0,15,102410.0,9999999
58362,0,7513,13.6,6.48,0.0,0.0,10.61,274.73,5.0,8,102410.0,9999999
58362,0,7514,13.2,6.3,0.0,0.0,10.61,272.58,3.0,1,102410.0,9999999
58362,0,7515,12.9,6.25,0.0,0.0,10.61,278.89,3.0,8,102410.0,9999999
58362,0,7516,12.6,6.34,0.0,0.0,10.61,273.01,3.0,15,102410.0,9999999
58362,0,7517,12.4,6.52,0.0,0.0,10.61,276.21,3.0,9,102410.0,9999999
58362,0,7518,12.4,6.71,0.0,0.0,10.61,273.01,3.0,4,102410.0,9999999
58362,0,7519,12.8,6.99,42.0,13.0,10.61,274.73,3.0,6,102410.0,9999999
58362,0,7520,13.5,7.29,110.0,110.0,10.61,275.15,2.0,16,102410.0,9999999
58362,0,7521,14.1,7.34,342.0,103.0,10.61,280.7,2.0,9,102410.0,9999999
58362,0,7522,14.5,7.09,488.0,100.0,10.61,275.15,2.0,14,102410.0,9999999
58362,0,7523,14.9,6.71,570.0,172.0,10.61,273.23,2.0,11,102410.0,9999999
58362,0,7524,15.2,6.34,610.0,125.0,10.61,273.44,2.0,16,102410.0,9999999
58362,0,7525,15.8,6.04,567.0,116.0,10.61,276.62,2.0,5,102410.0,9999999
58362,0,7526,16.6,6.04,463.0,95.0,10.61,277.86,2.0,4,102410.0,9999999
58362,0,7527,17.3,6.21,311.0,94.0,10.61,279.29,2.0,10,102410.0,9999999
58362,0,7528,17.1,6.25,159.0,33.0,10.61,276.41,2.0,6,102410.0,9999999
58362,0,7529,16.5,6.3,16.0,3.0,10.61,278.48,2.0,1,102410.0,9999999
58362,0,7530,15.6,6.3,0.0,0.0,10.61,276.0,2.0,4,102410.0,9999999
58362,0,7531,14.7,6.3,0.0,0.0,10.61,277.45,2.0,7,102410.0,9999999
58362,0,7532,13.9,6.3,0.0,0.0,10.61,280.1,2.0,5,102410.0,9999999
58362,0,7533,13.3,6.25,0.0,0.0,10.61,275.36,2.0,14,102410.0,9999999
58362,0,7534,12.9,6.3,0.0,0.0,10.61,274.52,2.0,4,102410.0,9999999
58362,0,7535,12.6,6.34,0.0,0.0,10.61,274.73,2.0,1,102410.0,9999999
58362,0,7536,12.4,6.39,0.0,0.0,10.61,277.04,2.0,4,102070.0,9999999
58362,0,7537,12.2,6.48,0.0,0.0,10.61,273.44,2.0,8,102070.0,9999999
58362,0,7538,12.0,6.61,0.0,0.0,10.61,274.94,1.0,9,102070.0,9999999
58362,0,7539,11.8,6.71,0.0,0.0,10.61,273.23,1.0,12,102070.0,9999999
58362,0,7540,11.6,6.85,0.0,0.0,10.61,271.48,1.0,2,102070.0,9999999
58362,0,7541,11.4,6.94,0.0,0.0,10.61,273.87,1.0,8,102070.0,9999999
58362,0,7542,11.3,6.99,0.0,0.0,10.61,273.44,1.0,5,102070.0,9999999
58362,0,7543,11.8,7.19,70.0,34.0,10.61,271.7,1.0,15,102070.0,9999999
58362,0,7544,12.8,7.44,324.0,158.0,10.61,275.58,0.0,0,102070.0,9999999
58362,0,7545,13.8,7.44,175.0,175.0,10.61,280.5,0.0,10,102070.0,9999999
58362,0,7546,14.7,7.19,246.0,246.0,10.61,277.86,0.0,10,102070.0,9999999
58362,0,7547,15.5,6.8,864.0,421.0,10.61,277.25,0.0,8,102070.0,9999999
58362,0,7548,16.3,6.34,307.0,307.0,10.61,278.89,0.0,8,102070.0,9999999
58362,0,7549,17.0,5.99,286.0,286.0,10.61,274.73,0.0,8,102070.0,9999999
58362,0,7550,17.6,5.91,233.0,233.0,10.61,279.9,2.0,13,102070.0,9999999
58362,0,7551,18.0,6.21,159.0,159.0,10.61,284.03,2.0,5,102070.0,9999999
58362,0,7552,17.7,6.52,79.0,79.0,10.61,278.68,2.0,5,102070.0,9999999
58362,0,7553,16.9,6.85,7.0,7.0,10.61,280.5,2.0,1,102070.0,9999999
58362,0,7554,15.9,7.04,0.0,0.0,10.61,282.28,2.0,9,102070.0,9999999
58362,0,7555,14.8,7.09,0.0,0.0,10.61,274.52,2.0,6,102070.0,9999999
58362,0,7556,14.0,7.04,0.0,0.0,10.61,272.58,0.0,0,102070.0,9999999
58362,0,7557,13.6,6.9,0.0,0.0,10.61,276.0,0.0,1,102070.0,9999999
58362,0,7558,13.5,6.75,0.0,0.0,10.61,273.23,0.0,13,102070.0,9999999
58362,0,7559,13.6,6.52,0.0,0.0,10.61,275.36,0.0,3,102070.0,9999999
58362,0,7560,13.8,6.3,0.0,0.0,10.61,279.9,0.0,8,102340.0,9999999
58362,0,7561,13.8,6.04,0.0,0.0,10.61,277.25,0.0,4,102340.0,9999999
58362,0,7562,13.5,5.82,0.0,0.0,10.61,276.0,3.0,16,102340.0,9999999
58362,0,7563,12.9,5.62,0.0,0.0,10.61,270.82,3.0,14,102340.0,9999999
58362,0,7564,12.1,5.54,0.0,0.0,10.61,277.86,3.0,2,102340.0,9999999
58362,0,7565,11.5,5.5,0.0,0.0,10.61,272.8,3.0,14,102340.0,9999999
58362,0,7566,11.2,5.62,0.0,0.0,10.61,273.66,3.0,8,102340.0,9999999
58362,0,7567,12.2,6.16,35.0,14.0,10.61,273.87,3.0,10,102340.0,9999999
58362,0,7568,14.3,7.09,168.0,66.0,10.61,274.94,3.0,16,102340.0,9999999
58362,0,7569,16.0,7.65,342.0,92.0,10.61,276.0,3.0,12,102340.0,9999999
58362,0,7570,17.1,7.8,437.0,170.0,10.61,275.79,3.0,16,102340.0,9999999
58362,0,7571,17.7,7.59,572.0,155.0,10.61,284.41,3.0,16,102340.0,9999999
58362,0,7572,18.0,7.19,601.0,162.0,10.61,276.41,3.0,1,102340.0,9999999
58362,0,7573,18.1,6.8,508.0,198.0,10.61,280.9,3.0,8,102340.0,9999999
58362,0,7574,17.9,6.57,243.0,243.0,10.61,282.48,3.0,1,102340.0,9999999
58362,0,7575,17.4,6.52,283.0,110.0,10.61,280.1,3.0,3,102340.0,9999999
58362,0,7576,16.8,6.61,82.0,82.0,10.61,276.21,3.0,4,102340.0,9999999
58362,0,7577,16.0,6.75,7.0,7.0,10.61,282.28,3.0,10,102340.0,9999999
58362,0,7578,15.3,6.94,0.0,0.0,10.61,276.0,3.0,3,102340.0,9999999
58362,0,7579,14.7,7.09,0.0,0.0,10.61,278.48,3.0,8,102340.0,9999999
58362,0,7580,14.2,7.14,0.0,0.0,10.61,272.8,3.0,2,102340.0,9999999
58362,0,7581,14.0,7.09,0.0,0.0,10.61,274.73,3.0,16,102340.0,9999999
58362,0,7582,13.9,7.04,0.0,0.0,10.61,280.3,3.0,1,102340.0,9999999
58362,0,7583,13.9,6.9,0.0,0.0,10.61,272.36,3.0,10,102340.0,9999999
58362,0,7584,13.9,6.71,0.0,0.0,10.61,276.83,3.0,8,102070.0,9999999
58362,0,7585,13.8,6.57,0.0,0.0,10.61,278.48,3.0,8,102070.0,9999999
58362,0,7586,13.5,6.43,0.0,0.0,10.61,278.27,2.0,4,102070.0,9999999
58362,0,7587,13.0,6.3,0.0,0.0,10.61,275.15,2.0,5,102070.0,9999999
58362,0,7588,12.3,6.21,0.0,0.0,10.61,270.6,2.0,3,102070.0,9999999
58362,0,7589,11.8,6.21,0.0,0.0,10.61,276.41,2.0,10,102070.0,9999999
58362,0,7590,11.6,6.25,0.0,0.0,10.61,272.8,2.0,3,102070.0,9999999
58362,0,7591,12.3,6.61,34.0,22.0,10.61,271.92,2.0,10,102070.0,9999999
58362,0,7592,13.6,7.14,168.0,106.0,10.61,273.44,1.0,8,102070.0,9999999
58362,0,7593,14.7,7.39,311.0,196.0,10.61,277.45,1.0,4,102070.0,9999999
58362,0,7594,15.6,7.29,177.0,177.0,10.61,278.07,1.0,7,102070.0,9999999
58362,0,7595,16.2,6.99,522.0,329.0,10.61,276.83,1.0,8,102070.0,9999999
58362,0,7596,16.8,6.61,221.0,221.0,10.61,277.25,1.0,15,102070.0,9999999
58362,0,7597,17.4,6.3,206.0,206.0,10.61,283.45,1.0,6,102070.0,9999999
58362,0,7598,18.0,6.21,167.0,167.0,10.61,284.03,4.0,11,102070.0,9999999
58362,0,7599,18.5,6.39,283.0,178.0,10.61,284.6,4.0,15,102070.0,9999999
58362,0,7600,18.1,6.43,56.0,56.0,10.61,278.27,4.0,10,102070.0,9999999
58362,0,7601,17.0,6.39,4.0,4.0,10.61,279.7,4.0,14,102070.0,9999999
58362,0,7602,15.7,6.3,0.0,0.0,10.61,276.62,4.0,10,102070.0,9999999
58362,0,7603,14.5,6.3,0.0,0.0,10.61,272.58,4.0,6,102070.0,9999999
58362,0,7604,13.8,6.43,0.0,0.0,10.61,274.3,8.0,16,102070.0,9999999
58362,0,7605,13.7,6.75,0.0,0.0,10.61,272.14,8.0,14,102070.0,9999999
58362,0,7606,13.2,6.8,0.0,0.0,10.61,276.21,8.0,9,102070.0,9999999
58362,0,7607,12.4,6.66,0.0,0.0,10.61,272.14,8.0,1,102070.0,9999999
58362,0,7608,11.5,6.39,0.0,0.0,10.61,275.15,8.0,11,102570.0,9999999
58362,0,7609,10.7,6.21,0.0,0.0,10.61,273.44,8.0,4,102570.0,9999999
58362,0,7610,10.4,6.16,0.0,0.0,10.61,269.93,6.0,16,102570.0,9999999
58362,0,7611,10.1,6.12,0.0,0.0,10.61,268.34,6.0,4,102570.0,9999999
58362,0,7612,9.4,5.91,0.0,0.0,10.61,270.37,6.0,16,102570.0,9999999
58362,0,7613,8.7,5.62,0.0,0.0,10.61,270.6,6.0,6,102570.0,9999999
58362,0,7614,8.4,5.46,0.0,0.0,10.61,267.66,6.0,5,102570.0,9999999
58362,0,7615,8.7,5.46,45.0,25.0,10.61,266.73,6.0,15,102570.0,9999999
58362,0,7616,9.3,5.5,80.0,80.0,10.61,270.6,5.0,16,102570.0,9999999
58362,0,7617,10.0,5.46,148.0,148.0,10.61,275.79,5.0,3,102570.0,9999999
58362,0,7618,10.7,5.34,209.0,209.0,10.61,271.26,5.0,13,102570.0,9999999
58362,0,7619,11.2,5.11,250.0,250.0,10.61,271.04,5.0,1,102570.0,9999999
58362,0,7620,11.7,4.86,262.0,262.0,10.61,275.58,5.0,3,102570.0,9999999
58362,0,7621,11.9,4.58,704.0,394.0,10.61,273.66,5.0,7,102570.0,9999999
58362,0,7622,11.9,4.31,198.0,198.0,10.61,273.44,5.0,14,102570.0,9999999
58362,0,7623,11.6,4.09,389.0,218.0,10.61,273.01,5.0,7,102570.0,9999999
58362,0,7624,11.2,3.91,191.0,107.0,10.61,271.92,5.0,3,102570.0,9999999
58362,0,7625,10.6,3.79,4.0,4.0,10.61,270.15,5.0,14,102570.0,9999999
58362,0,7626,10.1,3.67,0.0,0.0,10.61,268.8,5.0,14,102570.0,9999999
58362,0,7627,9.6,3.62,0.0,0.0,10.61,268.34,5.0,14,102570.0,9999999
58362,0,7628,9.3,3.53,0.0,0.0,10.61,270.37,2.0,14,102570.0,9999999
58362,0,7629,9.3,3.45,0.0,0.0,10.61,271.04,2.0,6,102570.0,9999999
58362,0,7630,9.4,3.37,0.0,0.0,10.61,269.7,2.0,1,102570.0,9999999
58362,0,7631,9.5,3.27,0.0,0.0,10.61,269.25,2.0,6,102570.0,9999999
58362,0,7632,9.5,3.19,0.0,0.0,10.61,265.8,2.0,4,102650.0,9999999
58362,0,7633,9.2,3.14,0.0,0.0,10.61,265.33,2.0,2,102650.0,9999999
58362,0,7634,8.5,3.09,0.0,0.0,10.61,269.25,3.0,16,102650.0,9999999
58362,0,7635,7.3,3.07,0.0,0.0,10.61,269.93,3.0,11,102650.0,9999999
58362,0,7636,6.0,3.07,0.0,0.0,10.61,264.62,3.0,5,102650.0,9999999
58362,0,7637,4.9,3.09,0.0,0.0,10.61,264.62,3.0,12,102650.0,9999999
58362,0,7638,4.5,3.19,0.0,0.0,10.61,268.8,3.0,8,102650.0,9999999
58362,0,7639,5.1,3.45,32.0,11.0,10.61,269.48,3.0,3,102650.0,9999999
58362,0,7640,6.5,3.82,171.0,39.0,10.61,267.89,2.0,13,102650.0,9999999
58362,0,7641,8.1,4.06,320.0,73.0,10.61,271.48,2.0,8,102650.0,9999999
58362,0,7642,9.7,4.18,452.0,104.0,10.61,266.73,2.0,8,102650.0,9999999
58362,0,7643,11.2,4.12,532.0,181.0,10.61,271.04,2.0,16,102650.0,9999999
58362,0,7644,12.5,3.94,567.0,130.0,10.61,269.25,2.0,5,102650.0,9999999
58362,0,7645,13.6,3.76,527.0,121.0,10.61,271.26,2.0,15,102650.0,9999999
58362,0,7646,14.2,3.67,428.0,98.0,10.61,276.0,3.0,13,102650.0,9999999
58362,0,7647,14.4,3.79,287.0,97.0,10.61,273.01,3.0,11,102650.0,9999999
58362,0,7648,14.1,4.06,82.0,82.0,10.61,277.25,3.0,12,102650.0,9999999
58362,0,7649,13.2,4.31,8.0,3.0,10.61,274.09,3.0,5,102650.0,9999999
58362,0,7650,12.0,4.51,0.0,0.0,10.61,273.01,3.0,12,102650.0,9999999
58362,0,7651,10.7,4.65,0.0,0.0,10.61,269.25,3.0,6,102650.0,9999999
58362,0,7652,9.6,4.75,0.0,0.0,10.61,268.34,0.0,0,102650.0,9999999
58362,0,7653,8.8,4.82,0.0,0.0,10.61,266.5,0.0,5,102650.0,9999999
58362,0,7654,8.4,4.89,0.0,0.0,10.61,267.2,0.0,5,102650.0,9999999
58362,0,7655,8.1,4.93,0.0,0.0,10.61,268.57,0.0,12,102650.0,9999999
58362,0,7656,7.9,4.97,0.0,0.0,10.61,269.03,0.0,1,102570.0,9999999
58362,0,7657,7.8,4.97,0.0,0.0,10.61,269.93,0.0,9,102570.0,9999999
58362,0,7658,7.6,4.93,0.0,0.0,10.61,271.7,2.0,11,102570.0,9999999
58362,0,7659,7.3,4.82,0.0,0.0,10.61,268.8,2.0,7,102570.0,9999999
58362,0,7660,6.9,4.68,0.0,0.0,10.61,268.34,2.0,9,102570.0,9999999
58362,0,7661,6.6,4.51,0.0,0.0,10.61,266.96,2.0,9,102570.0,9999999
58362,0,7662,6.5,4.35,0.0,0.0,10.61,271.7,2.0,13,102570.0,9999999
58362,0,7663,7.4,4.44,51.0,23.0,10.61,271.04,2.0,7,102570.0,9999999
58362,0,7664,9.2,4.75,97.0,97.0,10.61,269.48,1.0,13,102570.0,9999999
58362,0,7665,11.1,4.97,182.0,182.0,10.61,271.48,1.0,3,102570.0,9999999
58362,0,7666,12.8,5.04,738.0,330.0,10.61,278.27,1.0,12,102570.0,9999999
58362,0,7667,14.3,4.89,308.0,308.0,10.61,278.07,1.0,13,102570.0,9999999
58362,0,7668,15.5,4.65,324.0,324.0,10.61,277.25,1.0,12,102570.0,9999999
58362,0,7669,16.4,4.38,301.0,301.0,10.61,276.21,1.0,12,102570.0,9999999
58362,0,7670,16.9,4.15,699.0,312.0,10.61,275.79,3.0,14,102570.0,9999999
58362,0,7671,17.0,4.09,166.0,166.0,10.61,277.66,3.0,9,102570.0,9999999
58362,0,7672,16.7,4.15,80.0,80.0,10.61,274.73,3.0,4,102570.0,9999999
58362,0,7673,15.8,4.25,4.0,4.0,10.61,276.0,3.0,9,102570.0,9999999
58362,0,7674,14.6,4.35,0.0,0.0,10.61,274.94,3.0,10,102570.0,9999999
58362,0,7675,13.3,4.44,0.0,0.0,10.61,272.58,3.0,2,102570.0,9999999
58362,0,7676,12.0,4.51,0.0,0.0,10.61,272.58,3.0,13,102570.0,9999999
58362,0,7677,10.9,4.61,0.0,0.0,10.61,271.04,3.0,6,102570.0,9999999
58362,0,7678,10.1,4.72,0.0,0.0,10.61,272.14,3.0,4,102570.0,9999999
58362,0,7679,9.5,4.82,0.0,0.0,10.61,269.25,3.0,9,102570.0,9999999
58362,0,7680,8.9,4.89,0.0,0.0,10.61,271.92,3.0,4,102670.0,9999999
58362,0,7681,8.5,4.89,0.0,0.0,10.61,269.03,3.0,16,102670.0,9999999
58362,0,7682,8.1,4.82,0.0,0.0,10.61,267.89,1.0,13,102670.0,9999999
58362,0,7683,7.7,4.68,0.0,0.0,10.61,266.5,1.0,13,102670.0,9999999
58362,0,7684,7.3,4.44,0.0,0.0,10.61,267.66,1.0,3,102670.0,9999999
58362,0,7685,7.1,4.22,0.0,0.0,10.61,265.56,1.0,7,102670.0,9999999
58362,0,7686,7.0,4.0,0.0,0.0,10.61,271.92,1.0,15,102670.0,9999999
58362,0,7687,8.8,4.31,45.0,20.0,10.61,270.6,1.0,14,102670.0,9999999
58362,0,7688,12.2,5.15,255.0,111.0,10.61,276.21,2.0,1,102670.0,9999999
58362,0,7689,14.5,5.66,480.0,209.0,10.61,280.3,2.0,3,102670.0,9999999
58362,0,7690,15.5,5.7,258.0,258.0,10.61,278.68,2.0,12,102670.0,9999999
58362,0,7691,15.7,5.5,812.0,355.0,10.61,275.58,2.0,3,102670.0,9999999
58362,0,7692,15.4,5.11,324.0,324.0,10.61,279.29,2.0,9,102670.0,9999999
58362,0,7693,15.0,4.79,301.0,301.0,10.61,277.66,2.0,13,102670.0,9999999
58362,0,7694,15.0,4.65,244.0,244.0,10.61,274.3,4.0,1,102670.0,9999999
58362,0,7695,15.3,4.68,165.0,165.0,10.61,280.3,4.0,1,102670.0,9999999
58362,0,7696,15.1,4.61,80.0,80.0,10.61,275.58,4.0,10,102670.0,9999999
58362,0,7697,14.5,4.51,9.0,4.0,10.61,274.94,4.0,15,102670.0,9999999
58362,0,7698,13.7,4.41,0.0,0.0,10.61,278.68,4.0,5,102670.0,9999999
58362,0,7699,12.9,4.41,0.0,0.0,10.61,273.87,4.0,5,102670.0,9999999
58362,0,7700,12.2,4.48,0.0,0.0,10.61,272.8,1.0,1,102670.0,9999999
58362,0,7701,11.7,4.68,0.0,0.0,10.61,273.01,1.0,7,102670.0,9999999
58362,0,7702,11.4,5.0,0.0,0.0,10.61,269.03,1.0,8,102670.0,9999999
58362,0,7703,11.1,5.34,0.0,0.0,10.61,272.36,1.0,16,102670.0,9999999
58362,0,7704,10.9,5.7,0.0,0.0,10.61,271.04,1.0,16,102670.0,9999999
58362,0,7705,10.5,5.95,0.0,0.0,10.61,276.62,1.0,16,102670.0,9999999
58362,0,7706,10.0,6.08,0.0,0.0,10.61,274.73,2.0,15,102670.0,9999999
58362,0,7707,9.3,6.04,0.0,0.0,10.61,267.43,2.0,15,102670.0,9999999
58362,0,7708,8.5,5.91,0.0,0.0,10.61,269.48,2.0,9,102670.0,9999999
58362,0,7709,7.9,5.74,0.0,0.0,10.61,268.12,2.0,5,102670.0,9999999
58362,0,7710,7.6,5.62,0.0,0.0,10.61,268.57,2.0,2,102670.0,9999999
58362,0,7711,8.1,5.7,30.0,8.0,10.61,269.03,2.0,2,102670.0,9999999
58362,0,7712,9.2,5.91,103.0,103.0,10.61,271.26,1.0,12,102670.0,9999999
58362,0,7713,10.1,5.82,333.0,91.0,10.61,273.44,1.0,14,102670.0,9999999
58362,0,7714,10.7,5.58,480.0,88.0,10.61,273.87,1.0,10,102670.0,9999999
58362,0,7715,11.3,5.23,566.0,155.0,10.61,271.92,1.0,14,102670.0,9999999
58362,0,7716,12.0,4.93,604.0,111.0,10.61,271.7,1.0,12,102670.0,9999999
58362,0,7717,13.0,4.75,561.0,103.0,10.61,273.66,1.0,13,102670.0,9999999
58362,0,7718,14.4,4.89,455.0,83.0,10.61,273.87,3.0,15,102670.0,9999999
58362,0,7719,15.6,5.23,307.0,56.0,10.61,276.41,3.0,8,102670.0,9999999
58362,0,7720,15.4,5.34,147.0,27.0,10.61,274.09,3.0,3,102670.0,9999999
58362,0,7721,14.7,5.42,5.0,1.0,10.61,280.3,3.0,7,102670.0,9999999
58362,0,7722,13.8,5.5,0.0,0.0,10.61,273.66,3.0,2,102670.0,9999999
58362,0,7723,12.8,5.5,0.0,0.0,10.61,274.52,3.0,8,102670.0,9999999
58362,0,7724,11.8,5.46,0.0,0.0,10.61,272.36,1.0,5,102670.0,9999999
58362,0,7725,11.0,5.34,0.0,0.0,10.61,274.09,1.0,13,102670.0,9999999
58362,0,7726,10.3,5.23,0.0,0.0,10.61,270.82,1.0,15,102670.0,9999999
58362,0,7727,9.7,5.11,0.0,0.0,10.61,270.15,1.0,8,102670.0,9999999
58362,0,7728,9.2,5.0,0.0,0.0,10.61,270.6,1.0,12,102520.0,9999999
58362,0,7729,8.7,4.89,0.0,0.0,10.61,266.27,1.0,2,102520.0,9999999
58362,0,7730,8.2,4.86,0.0,0.0,10.61,268.12,1.0,12,102520.0,9999999
58362,0,7731,7.7,4.86,0.0,0.0,10.61,273.01,1.0,4,102520.0,9999999
58362,0,7732,7.2,4.89,0.0,0.0,10.61,264.85,1.0,9,102520.0,9999999
58362,0,7733,6.9,4.89,0.0,0.0,10.61,264.62,1.0,6,102520.0,9999999
58362,0,7734,6.8,4.93,0.0,0.0,10.61,268.34,1.0,9,102520.0,9999999
58362,0,7735,7.3,5.11,33.0,17.0,10.61,268.57,1.0,15,102520.0,9999999
58362,0,7736,8.6,5.46,196.0,100.0,10.61,271.04,2.0,14,102520.0,9999999
58362,0,7737,10.2,5.7,372.0,190.0,10.61,272.14,2.0,1,102520.0,9999999
58362,0,7738,12.0,5.87,528.0,270.0,10.61,272.8,2.0,9,102520.0,9999999
58362,0,7739,13.7,5.82,259.0,259.0,10.61,278.07,2.0,15,102520.0,9999999
58362,0,7740,15.1,5.62,272.0,272.0,10.61,277.45,2.0,1,102520.0,9999999
58362,0,7741,16.1,5.27,253.0,253.0,10.61,273.66,2.0,2,102520.0,9999999
58362,0,7742,16.5,4.89,205.0,205.0,10.61,278.27,3.0,1,102520.0,9999999
58362,0,7743,16.2,4.61,337.0,172.0,10.61,277.25,3.0,1,102520.0,9999999
58362,0,7744,15.5,4.48,161.0,82.0,10.61,276.0,3.0,12,102520.0,9999999
58362,0,7745,14.4,4.44,2.0,2.0,10.61,276.83,3.0,10,102520.0,9999999
58362,0,7746,13.3,4.44,0.0,0.0,10.61,273.23,3.0,8,102520.0,9999999
58362,0,7747,12.1,4.48,0.0,0.0,10.61,269.25,3.0,12,102520.0,9999999
58362,0,7748,11.0,4.54,0.0,0.0,10.61,276.21,0.0,0,102520.0,9999999
58362,0,7749,10.2,4.65,0.0,0.0,10.61,273.87,0.0,10,102520.0,9999999
58362,0,7750,9.6,4.75,0.0,0.0,10.61,271.04,0.0,5,102520.0,9999999
58362,0,7751,9.2,4.82,0.0,0.0,10.61,270.6,0.0,0,102520.0,9999999
58362,0,7752,8.9,4.89,0.0,0.0,10.61,273.01,0.0,10,102450.0,9999999
58362,0,7753,8.7,4.93,0.0,0.0,10.61,270.82,0.0,3,102450.0,9999999
58362,0,7754,8.5,4.89,0.0,0.0,10.61,267.43,1.0,9,102450.0,9999999
58362,0,7755,8.2,4.79,0.0,0.0,10.61,270.37,1.0,8,102450.0,9999999
58362,0,7756,8.0,4.58,0.0,0.0,10.61,273.23,1.0,7,102450.0,9999999
58362,0,7757,7.8,4.38,0.0,0.0,10.61,266.27,1.0,4,102450.0,9999999
58362,0,7758,7.7,4.15,0.0,0.0,10.61,269.25,1.0,4,102450.0,9999999
58362,0,7759,8.4,4.15,42.0,20.0,10.61,268.8,1.0,9,102450.0,9999999
58362,0,7760,9.9,4.31,86.0,86.0,10.61,266.96,1.0,11,102450.0,9999999
58362,0,7761,11.3,4.38,504.0,242.0,10.61,268.34,1.0,12,102450.0,9999999
58362,0,7762,12.6,4.38,234.0,234.0,10.61,273.01,1.0,4,102450.0,9999999
58362,0,7763,13.7,4.31,828.0,396.0,10.61,275.15,1.0,2,102450.0,9999999
58362,0,7764,14.9,4.28,294.0,294.0,10.61,273.01,1.0,8,102450.0,9999999
58362,0,7765,16.0,4.28,273.0,273.0,10.61,276.21,1.0,9,102450.0,9999999
58362,0,7766,17.4,4.41,221.0,221.0,10.61,278.27,2.0,4,102450.0,9999999
58362,0,7767,18.4,4.61,149.0,149.0,10.61,283.45,2.0,12,102450.0,9999999
58362,0,7768,18.1,4.58,71.0,71.0,10.61,279.09,2.0,2,102450.0,9999999
58362,0,7769,17.3,4.51,1.0,1.0,10.61,282.28,2.0,13,102450.0,9999999
58362,0,7770,16.3,4.44,0.0,0.0,10.61,279.7,2.0,7,102450.0,9999999
58362,0,7771,15.1,4.41,0.0,0.0,10.61,276.0,2.0,1,102450.0,9999999
58362,0,7772,13.9,4.41,0.0,0.0,10.61,272.14,2.0,11,102450.0,9999999
58362,0,7773,12.9,4.51,0.0,0.0,10.61,277.86,2.0,12,102450.0,9999999
58362,0,7774,12.1,4.65,0.0,0.0,10.61,270.6,2.0,11,102450.0,9999999
58362,0,7775,11.4,4.82,0.0,0.0,10.61,270.15,2.0,9,102450.0,9999999
58362,0,7776,10.8,4.97,0.0,0.0,10.61,268.34,2.0,12,102500.0,9999999
58362,0,7777,10.2,5.11,0.0,0.0,10.61,274.3,2.0,13,102500.0,9999999
58362,0,7778,9.6,5.23,0.0,0.0,10.61,275.15,1.0,13,102500.0,9999999
58362,0,7779,8.9,5.23,0.0,0.0,10.61,269.03,1.0,9,102500.0,9999999
58362,0,7780,8.3,5.23,0.0,0.0,10.61,269.93,1.0,2,102500.0,9999999
58362,0,7781,7.8,5.15,0.0,0.0,10.61,266.96,1.0,11,102500.0,9999999
58362,0,7782,7.6,5.15,0.0,0.0,10.61,270.6,1.0,12,102500.0,9999999
58362,0,7783,8.2,5.27,15.0,10.0,10.61,266.03,1.0,5,102500.0,9999999
58362,0,7784,9.5,5.58,52.0,52.0,10.61,271.48,1.0,12,102500.0,9999999
58362,0,7785,11.1,5.78,191.0,127.0,10.61,275.58,1.0,14,102500.0,9999999
58362,0,7786,12.8,5.87,272.0,180.0,10.61,277.25,1.0,16,102500.0,9999999
58362,0,7787,14.3,5.87,327.0,217.0,10.61,276.83,1.0,10,102500.0,9999999
58362,0,7788,15.6,5.74,343.0,228.0,10.61,273.44,1.0,1,102500.0,9999999
58362,0,7789,16.5,5.62,319.0,211.0,10.61,279.49,1.0,5,102500.0,9999999
58362,0,7790,16.8,5.62,135.0,135.0,10.61,279.09,2.0,1,102500.0,9999999
58362,0,7791,16.6,5.82,173.0,115.0,10.61,276.62,2.0,6,102500.0,9999999
58362,0,7792,16.0,6.21,43.0,43.0,10.61,273.87,2.0,5,102500.0,9999999
58362,0,7793,15.1,6.61,1.0,0.0,10.61,277.86,2.0,8,102500.0,9999999
58362,0,7794,14.1,6.99,0.0,0.0,10.61,273.87,2.0,13,102500.0,9999999
58362,0,7795,13.1,7.19,0.0,0.0,10.61,279.7,2.0,4,102500.0,9999999
58362,0,7796,12.1,7.29,0.0,0.0,10.61,272.14,1.0,9,102500.0,9999999
58362,0,7797,11.3,7.24,0.0,0.0,10.61,273.01,1.0,11,102500.0,9999999
58362,0,7798,10.7,7.04,0.0,0.0,10.61,274.73,1.0,13,102500.0,9999999
58362,0,7799,10.2,6.85,0.0,0.0,10.61,275.36,1.0,11,102500.0,9999999
58362,0,7800,9.9,6.66,0.0,0.0,10.61,271.7,1.0,16,102480.0,9999999
58362,0,7801,9.5,6.48,0.0,0.0,10.61,270.15,1.0,5,102480.0,9999999
58362,0,7802,9.1,6.39,0.0,0.0,10.61,275.36,0.0,0,102480.0,9999999
58362,0,7803,8.7,6.34,0.0,0.0,10.61,274.94,0.0,0,102480.0,9999999
58362,0,7804,8.3,6.34,0.0,0.0,10.61,274.52,0.0,9,102480.0,9999999
58362,0,7805,8.0,6.39,0.0,0.0,10.61,267.89,0.0,3,102480.0,9999999
58362,0,7806,7.9,6.43,0.0,0.0,10.61,274.3,0.0,1,102480.0,9999999
58362,0,7807,8.6,6.71,22.0,9.0,10.61,270.6,0.0,6,102480.0,9999999
58362,0,7808,10.1,7.14,89.0,89.0,10.61,270.15,0.0,0,102480.0,9999999
58362,0,7809,11.8,7.44,170.0,170.0,10.61,271.92,0.0,12,102480.0,9999999
58362,0,7810,13.4,7.39,414.0,168.0,10.61,274.94,0.0,7,102480.0,9999999
58362,0,7811,14.9,7.09,292.0,292.0,10.61,275.58,0.0,16,102480.0,9999999
58362,0,7812,16.2,6.66,522.0,212.0,10.61,275.79,0.0,5,102480.0,9999999
58362,0,7813,17.2,6.16,711.0,201.0,10.61,278.48,0.0,14,102480.0,9999999
58362,0,7814,17.8,5.87,391.0,159.0,10.61,280.1,3.0,6,102480.0,9999999
58362,0,7815,18.0,5.95,263.0,107.0,10.61,277.04,3.0,2,102480.0,9999999
58362,0,7816,17.6,6.25,124.0,50.0,10.61,277.86,3.0,8,102480.0,9999999
58362,0,7817,16.6,6.52,0.0,0.0,10.61,274.73,3.0,16,102480.0,9999999
58362,0,7818,15.3,6.75,0.0,0.0,10.61,275.79,3.0,4,102480.0,9999999
58362,0,7819,13.9,6.85,0.0,0.0,10.61,275.15,3.0,7,102480.0,9999999
58362,0,7820,12.8,6.9,0.0,0.0,10.61,275.79,1.0,7,102480.0,9999999
58362,0,7821,12.1,6.9,0.0,0.0,10.61,274.09,1.0,4,102480.0,9999999
58362,0,7822,11.9,6.9,0.0,0.0,10.61,278.27,1.0,5,102480.0,9999999
58362,0,7823,11.8,6.9,0.0,0.0,10.61,270.37,1.0,8,102480.0,9999999
58362,0,7824,11.9,6.85,0.0,0.0,10.61,276.83,1.0,9,102180.0,9999999
58362,0,7825,12.0,6.8,0.0,0.0,10.61,273.44,1.0,14,102180.0,9999999
58362,0,7826,11.9,6.66,0.0,0.0,10.61,278.27,2.0,7,102180.0,9999999
58362,0,7827,11.6,6.43,0.0,0.0,10.61,274.52,2.0,11,102180.0,9999999
58362,0,7828,11.1,6.25,0.0,0.0,10.61,269.48,2.0,7,102180.0,9999999
58362,0,7829,10.8,6.04,0.0,0.0,10.61,270.15,2.0,9,102180.0,9999999
58362,0,7830,10.6,5.91,0.0,0.0,10.61,273.23,2.0,16,102180.0,9999999
58362,0,7831,11.6,6.25,21.0,8.0,10.61,272.14,2.0,10,102180.0,9999999
58362,0,7832,13.5,6.9,158.0,42.0,10.61,274.94,2.0,6,102180.0,9999999
58362,0,7833,14.8,7.24,288.0,110.0,10.61,275.58,2.0,4,102180.0,9999999
58362,0,7834,15.5,7.19,435.0,114.0,10.61,275.36,2.0,15,102180.0,9999999
58362,0,7835,15.9,6.94,494.0,189.0,10.61,280.7,2.0,2,102180.0,9999999
58362,0,7836,16.1,6.71,550.0,144.0,10.61,280.9,2.0,14,102180.0,9999999
58362,0,7837,16.6,6.71,510.0,134.0,10.61,281.29,2.0,1,102180.0,9999999
58362,0,7838,17.5,7.04,389.0,149.0,10.61,281.29,2.0,5,102180.0,9999999
58362,0,7839,18.9,7.91,153.0,153.0,10.61,285.55,2.0,6,102180.0,9999999
58362,0,7840,19.6,8.75,72.0,72.0,10.61,280.9,2.0,11,102180.0,9999999
58362,0,7841,19.0,8.93,0.0,0.0,10.61,282.67,2.0,2,102180.0,9999999
58362,0,7842,17.4,8.64,0.0,0.0,10.61,276.41,2.0,4,102180.0,9999999
58362,0,7843,15.4,8.13,0.0,0.0,10.61,278.27,2.0,12,102180.0,9999999
58362,0,7844,13.7,7.59,0.0,0.0,10.61,275.36,1.0,7,102180.0,9999999
58362,0,7845,12.6,7.29,0.0,0.0,10.61,277.86,1.0,2,102180.0,9999999
58362,0,7846,12.1,7.19,0.0,0.0,10.61,274.3,1.0,6,102180.0,9999999
58362,0,7847,12.1,7.24,0.0,0.0,10.61,274.73,1.0,3,102180.0,9999999
58362,0,7848,12.2,7.34,0.0,0.0,10.61,271.04,1.0,7,101740.0,9999999
58362,0,7849,12.4,7.49,0.0,0.0,10.61,276.62,1.0,8,101740.0,9999999
58362,0,7850,12.4,7.65,0.0,0.0,10.61,277.66,0.0,0,101740.0,9999999
58362,0,7851,12.1,7.65,0.0,0.0,10.61,276.41,0.0,5,101740.0,9999999
58362,0,7852,11.7,7.59,0.0,0.0,10.61,271.92,0.0,13,101740.0,9999999
58362,0,7853,11.4,7.54,0.0,0.0,10.61,278.07,0.0,3,101740.0,9999999
58362,0,7854,11.2,7.44,0.0,0.0,10.61,271.26,0.0,12,101740.0,9999999
58362,0,7855,11.9,7.7,24.0,11.0,10.61,274.73,0.0,10,101740.0,9999999
58362,0,7856,13.5,8.18,84.0,84.0,10.61,277.86,2.0,9,101740.0,9999999
58362,0,7857,15.1,8.41,340.0,156.0,10.61,276.41,2.0,3,101740.0,9999999
58362,0,7858,16.5,8.24,486.0,222.0,10.61,278.27,2.0,12,101740.0,9999999
58362,0,7859,17.7,7.75,584.0,267.0,10.61,280.3,2.0,10,101740.0,9999999
58362,0,7860,18.7,7.14,293.0,293.0,10.61,281.1,2.0,11,101740.0,9999999
58362,0,7861,19.5,6.48,271.0,271.0,10.61,280.9,2.0,10,101740.0,9999999
58362,0,7862,20.0,5.99,459.0,210.0,10.61,282.28,3.0,12,101740.0,9999999
58362,0,7863,20.2,5.91,147.0,147.0,10.61,284.41,3.0,2,101740.0,9999999
58362,0,7864,19.9,6.04,68.0,68.0,10.61,279.9,3.0,5,101740.0,9999999
58362,0,7865,19.0,6.3,0.0,0.0,10.61,281.49,3.0,8,101740.0,9999999
58362,0,7866,17.8,6.57,0.0,0.0,10.61,278.27,3.0,15,101740.0,9999999
58362,0,7867,16.6,6.85,0.0,0.0,10.61,281.49,3.0,2,101740.0,9999999
58362,0,7868,15.5,7.09,0.0,0.0,10.61,281.89,3.0,13,101740.0,9999999
58362,0,7869,14.7,7.39,0.0,0.0,10.61,275.58,3.0,12,101740.0,9999999
58362,0,7870,14.2,7.7,0.0,0.0,10.61,273.01,3.0,16,101740.0,9999999
58362,0,7871,13.9,8.02,0.0,0.0,10.61,278.27,3.0,13,101740.0,9999999
58362,0,7872,13.8,8.3,0.0,0.0,10.61,276.83,3.0,11,102080.0,9999999
58362,0,7873,13.6,8.46,0.0,0.0,10.61,278.07,3.0,9,102080.0,9999999
58362,0,7874,13.4,8.52,0.0,0.0,10.61,274.73,3.0,1,102080.0,9999999
58362,0,7875,13.1,8.41,0.0,0.0,10.61,272.14,3.0,9,102080.0,9999999
58362,0,7876,12.8,8.18,0.0,0.0,10.61,274.09,3.0,16,102080.0,9999999
58362,0,7877,12.5,7.91,0.0,0.0,10.61,277.86,3.0,6,102080.0,9999999
58362,0,7878,12.4,7.65,0.0,0.0,10.61,277.66,3.0,12,102080.0,9999999
58362,0,7879,12.6,7.44,20.0,7.0,10.61,276.83,3.0,7,102080.0,9999999
58362,0,7880,13.2,7.34,194.0,49.0,10.61,275.79,4.0,2,102080.0,9999999
58362,0,7881,14.2,7.44,294.0,109.0,10.61,275.79,4.0,8,102080.0,9999999
58362,0,7882,15.4,7.54,421.0,156.0,10.61,277.45,4.0,9,102080.0,9999999
58362,0,7883,16.4,7.54,648.0,164.0,10.61,279.7,4.0,14,102080.0,9999999
58362,0,7884,17.1,7.44,532.0,197.0,10.61,276.83,4.0,3,102080.0,9999999
58362,0,7885,17.0,7.04,290.0,290.0,10.61,277.66,4.0,2,102080.0,9999999
58362,0,7886,16.1,6.43,398.0,147.0,10.61,279.7,4.0,2,102080.0,9999999
58362,0,7887,15.0,5.95,156.0,156.0,10.61,272.8,4.0,4,102080.0,9999999
58362,0,7888,13.9,5.66,124.0,46.0,10.61,279.7,4.0,12,102080.0,9999999
58362,0,7889,13.1,5.5,0.0,0.0,10.61,272.14,4.0,4,102080.0,9999999
58362,0,7890,12.5,5.46,0.0,0.0,10.61,274.09,4.0,8,102080.0,9999999
58362,0,7891,12.3,5.62,0.0,0.0,10.61,276.62,4.0,7,102080.0,9999999
58362,0,7892,12.5,5.91,0.0,0.0,10.61,275.79,3.0,2,102080.0,9999999
58362,0,7893,12.5,6.04,0.0,0.0,10.61,272.8,3.0,14,102080.0,9999999
58362,0,7894,12.3,6.04,0.0,0.0,10.61,273.23,3.0,1,102080.0,9999999
58362,0,7895,11.9,5.91,0.0,0.0,10.61,275.15,3.0,1,102080.0,9999999
58362,0,7896,11.3,5.7,0.0,0.0,10.61,277.25,3.0,3,102680.0,9999999
58362,0,7897,10.8,5.5,0.0,0.0,10.61,274.94,3.0,8,102680.0,9999999
58362,0,7898,10.2,5.27,0.0,0.0,10.61,271.92,4.0,16,102680.0,9999999
58362,0,7899,9.7,5.08,0.0,0.0,10.61,271.26,4.0,13,102680.0,9999999
58362,0,7900,9.3,4.89,0.0,0.0,10.61,274.73,4.0,9,102680.0,9999999
58362,0,7901,9.0,4.72,0.0,0.0,10.61,269.93,4.0,12,102680.0,9999999
58362,0,7902,8.8,4.54,0.0,0.0,10.61,270.15,4.0,7,102680.0,9999999
58362,0,7903,8.8,4.35,14.0,9.0,10.61,268.12,4.0,3,102680.0,9999999
58362,0,7904,8.9,4.15,54.0,54.0,10.61,273.87,4.0,1,102680.0,9999999
58362,0,7905,9.2,3.91,105.0,105.0,10.61,269.03,4.0,11,102680.0,9999999
58362,0,7906,9.6,3.62,316.0,206.0,10.61,270.82,4.0,1,102680.0,9999999
58362,0,7907,10.1,3.37,180.0,180.0,10.61,274.3,4.0,11,102680.0,9999999
58362,0,7908,10.6,3.12,400.0,260.0,10.61,271.92,4.0,13,102680.0,9999999
58362,0,7909,10.9,2.9,371.0,241.0,10.61,269.03,4.0,6,102680.0,9999999
58362,0,7910,11.0,2.79,142.0,142.0,10.61,273.01,4.0,16,102680.0,9999999
58362,0,7911,10.4,2.7,199.0,130.0,10.61,266.03,4.0,6,102680.0,9999999
58362,0,7912,9.1,2.61,92.0,60.0,10.61,268.12,4.0,2,102680.0,9999999
58362,0,7913,8.1,2.65,0.0,0.0,10.61,269.03,4.0,6,102680.0,9999999
58362,0,7914,8.0,2.88,0.0,0.0,10.61,266.27,4.0,3,102680.0,9999999
58362,0,7915,8.4,3.17,0.0,0.0,10.61,267.43,4.0,14,102680.0,9999999
58362,0,7916,8.5,3.35,0.0,0.0,10.61,271.26,3.0,2,102680.0,9999999
58362,0,7917,7.9,3.32,0.0,0.0,10.61,264.38,3.0,10,102680.0,9999999
58362,0,7918,7.6,3.27,0.0,0.0,10.61,268.34,3.0,4,102680.0,9999999
58362,0,7919,7.6,3.27,0.0,0.0,10.61,264.14,3.0,1,102680.0,9999999
58362,0,7920,7.9,3.29,0.0,0.0,10.61,270.6,3.0,11,102640.0,9999999
58362,0,7921,8.3,3.37,0.0,0.0,10.61,267.66,3.0,11,102640.0,9999999
58362,0,7922,8.6,3.43,0.0,0.0,10.61,267.2,2.0,3,102640.0,9999999
58362,0,7923,8.8,3.53,0.0,0.0,10.61,266.73,2.0,11,102640.0,9999999
58362,0,7924,8.8,3.62,0.0,0.0,10.61,268.34,2.0,1,102640.0,9999999
58362,0,7925,8.8,3.7,0.0,0.0,10.61,273.23,2.0,4,102640.0,9999999
58362,0,7926,8.7,3.76,0.0,0.0,10.61,270.82,2.0,2,102640.0,9999999
58362,0,7927,8.7,3.79,24.0,10.0,10.61,273.23,2.0,5,102640.0,9999999
58362,0,7928,8.9,3.76,197.0,84.0,10.61,269.03,3.0,3,102640.0,9999999
58362,0,7929,9.2,3.73,170.0,170.0,10.61,270.37,3.0,8,102640.0,9999999
58362,0,7930,9.7,3.65,552.0,235.0,10.61,274.09,3.0,2,102640.0,9999999
58362,0,7931,10.3,3.56,293.0,293.0,10.61,271.26,3.0,12,102640.0,9999999
58362,0,7932,10.9,3.45,308.0,308.0,10.61,271.92,3.0,4,102640.0,9999999
58362,0,7933,11.6,3.4,648.0,275.0,10.61,273.23,3.0,8,102640.0,9999999
58362,0,7934,12.1,3.4,230.0,230.0,10.61,269.7,2.0,3,102640.0,9999999
58362,0,7935,12.4,3.45,348.0,148.0,10.61,271.7,2.0,1,102640.0,9999999
58362,0,7936,12.2,3.53,71.0,71.0,10.61,271.48,2.0,3,102640.0,9999999
58362,0,7937,11.8,3.65,0.0,0.0,10.61,276.21,2.0,16,102640.0,9999999
58362,0,7938,11.2,3.76,0.0,0.0,10.61,273.23,2.0,10,102640.0,9999999
58362,0,7939,10.6,3.94,0.0,0.0,10.61,271.48,2.0,4,102640.0,9999999
58362,0,7940,10.2,4.15,0.0,0.0,10.61,274.94,3.0,7,102640.0,9999999
58362,0,7941,10.0,4.41,0.0,0.0,10.61,274.94,3.0,12,102640.0,9999999
58362,0,7942,9.9,4.75,0.0,0.0,10.61,271.92,3.0,6,102640.0,9999999
58362,0,7943,10.0,5.08,0.0,0.0,10.61,272.14,3.0,8,102640.0,9999999
58362,0,7944,10.1,5.46,0.0,0.0,10.61,270.15,3.0,7,101710.0,9999999
58362,0,7945,10.1,5.78,0.0,0.0,10.61,276.0,3.0,3,101710.0,9999999
58362,0,7946,10.1,6.04,0.0,0.0,10.61,273.66,1.0,7,101710.0,9999999
58362,0,7947,9.9,6.21,0.0,0.0,10.61,272.14,1.0,6,101710.0,9999999
58362,0,7948,9.6,6.3,0.0,0.0,10.61,275.79,1.0,11,101710.0,9999999
58362,0,7949,9.4,6.3,0.0,0.0,10.61,271.7,1.0,7,101710.0,9999999
58362,0,7950,9.3,6.3,0.0,0.0,10.61,271.48,1.0,12,101710.0,9999999
58362,0,7951,10.3,6.61,21.0,11.0,10.61,271.7,1.0,8,101710.0,9999999
58362,0,7952,12.4,7.34,182.0,99.0,10.61,274.52,3.0,10,101710.0,9999999
58362,0,7953,14.4,7.8,357.0,194.0,10.61,281.1,3.0,10,101710.0,9999999
58362,0,7954,16.0,7.91,197.0,197.0,10.61,278.27,3.0,8,101710.0,9999999
58362,0,7955,17.3,7.7,237.0,237.0,10.61,280.5,3.0,15,101710.0,9999999
58362,0,7956,18.3,7.34,249.0,249.0,10.61,280.3,3.0,11,101710.0,9999999
58362,0,7957,19.1,6.94,231.0,231.0,10.61,279.49,3.0,10,101710.0,9999999
58362,0,7958,19.7,6.75,485.0,264.0,10.61,282.48,6.0,10,101710.0,9999999
58362,0,7959,20.0,6.9,323.0,176.0,10.61,284.79,6.0,14,101710.0,9999999
58362,0,7960,19.8,7.14,57.0,57.0,10.61,282.08,6.0,6,101710.0,9999999
58362,0,7961,19.5,7.54,0.0,0.0,10.61,281.49,6.0,9,101710.0,9999999
58362,0,7962,19.0,8.02,0.0,0.0,10.61,284.22,6.0,6,101710.0,9999999
58362,0,7963,18.5,8.52,0.0,0.0,10.61,277.45,6.0,15,101710.0,9999999
58362,0,7964,18.3,9.05,0.0,0.0,10.61,285.55,4.0,9,101710.0,9999999
58362,0,7965,18.3,9.54,0.0,0.0,10.61,282.28,4.0,5,101710.0,9999999
58362,0,7966,18.3,9.93,0.0,0.0,10.61,282.48,4.0,9,101710.0,9999999
58362,0,7967,18.1,10.13,0.0,0.0,10.61,284.22,4.0,4,101710.0,9999999
58362,0,7968,17.9,10.26,0.0,0.0,10.61,281.49,4.0,12,101390.0,9999999
58362,0,7969,17.7,10.33,0.0,0.0,10.61,278.68,4.0,3,101390.0,9999999
58362,0,7970,17.4,10.33,0.0,0.0,10.61,282.48,2.0,10,101390.0,9999999
58362,0,7971,17.1,10.33,0.0,0.0,10.61,278.07,2.0,8,101390.0,9999999
58362,0,7972,16.8,10.33,0.0,0.0,10.61,281.89,2.0,7,101390.0,9999999
58362,0,7973,16.5,10.4,0.0,0.0,10.61,277.45,2.0,2,101390.0,9999999
58362,0,7974,16.3,10.4,0.0,0.0,10.61,280.1,2.0,11,101390.0,9999999
58362,0,7975,16.1,10.4,2.0,2.0,10.61,278.07,2.0,12,101390.0,9999999
58362,0,7976,16.0,10.33,17.0,17.0,10.61,282.28,1.0,4,101390.0,9999999
58362,0,7977,16.0,10.33,34.0,34.0,10.61,277.04,1.0,10,101390.0,9999999
58362,0,7978,16.0,10.26,48.0,48.0,10.61,283.84,1.0,2,101390.0,9999999
58362,0,7979,16.1,10.19,58.0,58.0,10.61,283.84,1.0,16,101390.0,9999999
58362,0,7980,16.2,10.06,61.0,61.0,10.61,279.29,1.0,1,101390.0,9999999
58362,0,7981,16.3,9.99,57.0,57.0,10.61,282.48,1.0,1,101390.0,9999999
58362,0,7982,16.3,9.99,46.0,46.0,10.61,275.79,3.0,13,101390.0,9999999
58362,0,7983,16.1,9.86,30.0,30.0,10.61,282.28,3.0,6,101390.0,9999999
58362,0,7984,15.7,9.61,14.0,14.0,10.61,278.07,3.0,3,101390.0,9999999
58362,0,7985,15.1,9.36,0.0,0.0,10.61,278.48,3.0,10,101390.0,9999999
58362,0,7986,14.7,9.17,0.0,0.0,10.61,274.09,3.0,9,101390.0,9999999
58362,0,7987,14.5,9.11,0.0,0.0,10.61,276.0,3.0,5,101390.0,9999999
58362,0,7988,14.6,9.23,0.0,0.0,10.61,280.5,6.0,16,101390.0,9999999
58362,0,7989,14.6,9.23,0.0,0.0,10.61,280.5,6.0,6,101390.0,9999999
58362,0,7990,14.4,9.11,0.0,0.0,10.61,277.86,6.0,8,101390.0,9999999
58362,0,7991,14.1,8.93,0.0,0.0,10.61,275.58,6.0,13,101390.0,9999999
58362,0,7992,13.7,8.7,0.0,0.0,10.61,278.27,6.0,10,102100.0,9999999
58362,0,7993,13.3,8.46,0.0,0.0,10.61,277.04,6.0,9,102100.0,9999999
58362,0,7994,12.9,8.24,0.0,0.0,10.61,278.48,3.0,16,102100.0,9999999
58362,0,7995,12.5,8.13,0.0,0.0,10.61,271.48,3.0,15,102100.0,9999999
58362,0,7996,12.2,8.07,0.0,0.0,10.61,275.79,3.0,7,102100.0,9999999
58362,0,7997,12.1,8.02,0.0,0.0,10.61,274.52,3.0,16,102100.0,9999999
58362,0,7998,12.1,8.02,0.0,0.0,10.61,274.09,3.0,16,102100.0,9999999
58362,0,7999,12.2,8.07,16.0,10.0,10.61,275.79,3.0,12,102100.0,9999999
58362,0,8000,12.6,8.07,60.0,60.0,10.61,275.15,3.0,1,102100.0,9999999
58362,0,8001,13.2,8.07,296.0,180.0,10.61,278.68,3.0,12,102100.0,9999999
58362,0,8002,13.9,8.02,170.0,170.0,10.61,277.45,3.0,16,102100.0,9999999
58362,0,8003,14.6,7.91,513.0,313.0,10.61,275.79,3.0,10,102100.0,9999999
58362,0,8004,15.1,7.7,215.0,215.0,10.61,278.48,3.0,2,102100.0,9999999
58362,0,8005,15.4,7.39,199.0,199.0,10.61,276.83,3.0,4,102100.0,9999999
58362,0,8006,15.3,6.99,402.0,245.0,10.61,280.3,5.0,3,102100.0,9999999
58362,0,8007,14.7,6.61,106.0,106.0,10.61,275.79,5.0,9,102100.0,9999999
58362,0,8008,13.8,6.25,48.0,48.0,10.61,276.62,5.0,4,102100.0,9999999
58362,0,8009,12.9,5.99,0.0,0.0,10.61,272.14,5.0,12,102100.0,9999999
58362,0,8010,12.1,5.87,0.0,0.0,10.61,274.73,5.0,3,102100.0,9999999
58362,0,8011,11.8,5.95,0.0,0.0,10.61,272.14,5.0,7,102100.0,9999999
58362,0,8012,11.9,6.21,0.0,0.0,10.61,275.36,3.0,5,102100.0,9999999
58362,0,8013,11.8,6.34,0.0,0.0,10.61,271.26,3.0,10,102100.0,9999999
58362,0,8014,11.4,6.39,0.0,0.0,10.61,276.21,3.0,12,102100.0,9999999
58362,0,8015,11.1,6.39,0.0,0.0,10.61,274.73,3.0,2,102100.0,9999999
58362,0,8016,10.9,6.43,0.0,0.0,7.2,273.87,3.0,3,102890.0,9999999
58362,0,8017,10.8,6.52,0.0,0.0,7.2,271.48,3.0,1,102890.0,9999999
58362,0,8018,10.8,6.66,0.0,0.0,7.2,270.6,2.0,2,102890.0,9999999
58362,0,8019,10.7,6.75,0.0,0.0,7.2,273.87,2.0,3,102890.0,9999999
58362,0,8020,10.5,6.8,0.0,0.0,7.2,273.66,2.0,11,102890.0,9999999
58362,0,8021,10.2,6.8,0.0,0.0,7.2,270.15,2.0,5,102890.0,9999999
58362,0,8022,10.0,6.8,0.0,0.0,7.2,270.82,2.0,1,102890.0,9999999
58362,0,8023,9.8,6.8,1.0,1.0,7.2,271.26,2.0,6,102890.0,9999999
58362,0,8024,9.7,6.9,5.0,5.0,7.2,271.26,4.0,2,102890.0,9999999
58362,0,8025,9.6,6.9,10.0,10.0,7.2,272.8,4.0,2,102890.0,9999999
58362,0,8026,9.4,6.85,14.0,14.0,7.2,269.25,4.0,10,102890.0,9999999
58362,0,8027,9.1,6.75,17.0,17.0,7.2,272.14,4.0,12,102890.0,9999999
58362,0,8028,9.0,6.71,18.0,18.0,7.2,270.37,4.0,2,102890.0,9999999
58362,0,8029,9.1,6.75,16.0,16.0,7.2,274.09,4.0,1,102890.0,9999999
58362,0,8030,9.3,6.85,13.0,13.0,7.2,275.79,4.0,1,102890.0,9999999
58362,0,8031,9.5,6.9,9.0,9.0,7.2,271.04,4.0,1,102890.0,9999999
58362,0,8032,9.7,6.94,4.0,4.0,7.2,274.73,4.0,12,102890.0,9999999
58362,0,8033,9.8,6.94,0.0,0.0,7.2,268.57,4.0,9,102890.0,9999999
58362,0,8034,9.9,6.94,0.0,0.0,7.2,268.57,4.0,12,102890.0,9999999
58362,0,8035,10.0,6.9,0.0,0.0,7.2,271.92,4.0,9,102890.0,9999999
58362,0,8036,10.0,6.85,0.0,0.0,7.2,268.57,2.0,16,102890.0,9999999
58362,0,8037,10.0,6.8,0.0,0.0,7.2,273.23,2.0,10,102890.0,9999999
58362,0,8038,10.0,6.75,0.0,0.0,7.2,270.82,2.0,12,102890.0,9999999
58362,0,8039,9.9,6.71,0.0,0.0,7.2,272.36,2.0,16,102890.0,9999999
58362,0,8040,9.8,6.66,0.0,0.0,7.2,268.34,2.0,3,103230.0,9999999
58362,0,8041,9.7,6.66,0.0,0.0,7.2,276.0,2.0,12,103230.0,9999999
58362,0,8042,9.5,6.61,0.0,0.0,7.2,270.15,3.0,16,103230.0,9999999
58362,0,8043,9.3,6.66,0.0,0.0,7.2,271.7,3.0,4,103230.0,9999999
58362,0,8044,9.0,6.66,0.0,0.0,7.2,269.93,3.0,2,103230.0,9999999
58362,0,8045,8.9,6.66,0.0,0.0,7.2,272.8,3.0,6,103230.0,9999999
58362,0,8046,8.8,6.66,0.0,0.0,7.2,270.82,3.0,15,103230.0,9999999
58362,0,8047,9.2,6.75,16.0,4.0,7.2,269.93,3.0,12,103230.0,9999999
58362,0,8048,10.0,6.85,169.0,46.0,7.2,276.41,3.0,1,103230.0,9999999
58362,0,8049,10.9,6.8,521.0,95.0,7.2,271.7,3.0,10,103230.0,9999999
58362,0,8050,11.8,6.61,482.0,132.0,7.2,274.73,3.0,11,103230.0,9999999
58362,0,8051,12.7,6.25,342.0,342.0,7.2,278.89,3.0,6,103230.0,9999999
58362,0,8052,13.5,5.91,360.0,360.0,7.2,279.49,3.0,9,103230.0,9999999
58362,0,8053,14.2,5.62,567.0,155.0,7.2,275.36,3.0,10,103230.0,9999999
58362,0,8054,14.8,5.58,268.0,268.0,7.2,279.09,3.0,4,103230.0,9999999
58362,0,8055,15.1,5.82,177.0,177.0,7.2,274.3,3.0,4,103230.0,9999999
58362,0,8056,14.8,6.16,136.0,37.0,7.2,274.09,3.0,12,103230.0,9999999
58362,0,8057,14.0,6.52,0.0,0.0,7.2,280.3,3.0,1,103230.0,9999999
58362,0,8058,13.0,6.75,0.0,0.0,7.2,275.36,3.0,13,103230.0,9999999
58362,0,8059,11.9,6.94,0.0,0.0,7.2,272.8,3.0,13,103230.0,9999999
58362,0,8060,11.1,7.04,0.0,0.0,7.2,275.15,3.0,2,103230.0,9999999
58362,0,8061,10.6,7.19,0.0,0.0,7.2,275.79,3.0,12,103230.0,9999999
58362,0,8062,10.5,7.29,0.0,0.0,7.2,270.6,3.0,5,103230.0,9999999
58362,0,8063,10.6,7.39,0.0,0.0,7.2,270.6,3.0,15,103230.0,9999999
58362,0,8064,10.7,7.44,0.0,0.0,7.2,274.09,3.0,6,103290.0,9999999
58362,0,8065,10.8,7.49,0.0,0.0,7.2,274.94,3.0,7,103290.0,9999999
58362,0,8066,10.8,7.44,0.0,0.0,7.2,273.66,3.0,3,103290.0,9999999
58362,0,8067,10.6,7.29,0.0,0.0,7.2,275.79,3.0,7,103290.0,9999999
58362,0,8068,10.2,7.09,0.0,0.0,7.2,270.15,3.0,9,103290.0,9999999
58362,0,8069,9.8,6.94,0.0,0.0,7.2,274.94,3.0,9,103290.0,9999999
58362,0,8070,9.7,6.8,0.0,0.0,7.2,271.7,3.0,7,103290.0,9999999
58362,0,8071,10.3,6.94,11.0,7.0,7.2,272.8,3.0,5,103290.0,9999999
58362,0,8072,11.4,7.19,48.0,48.0,7.2,271.48,2.0,4,103290.0,9999999
58362,0,8073,12.3,7.24,232.0,158.0,7.2,276.41,2.0,7,103290.0,9999999
58362,0,8074,12.9,6.99,139.0,139.0,7.2,274.73,2.0,10,103290.0,9999999
58362,0,8075,13.2,6.57,167.0,167.0,7.2,273.66,2.0,10,103290.0,9999999
58362,0,8076,13.4,6.12,176.0,176.0,7.2,279.49,2.0,3,103290.0,9999999
58362,0,8077,13.7,5.78,394.0,269.0,7.2,273.87,2.0,7,103290.0,9999999
58362,0,8078,14.0,5.58,316.0,216.0,7.2,271.7,4.0,6,103290.0,9999999
58362,0,8079,14.3,5.66,87.0,87.0,7.2,277.45,4.0,9,103290.0,9999999
58362,0,8080,14.2,5.74,94.0,64.0,7.2,276.0,4.0,11,103290.0,9999999
58362,0,8081,13.9,5.91,0.0,0.0,7.2,279.9,4.0,8,103290.0,9999999
58362,0,8082,13.6,6.16,0.0,0.0,7.2,273.87,4.0,9,103290.0,9999999
58362,0,8083,13.2,6.43,0.0,0.0,7.2,276.0,4.0,9,103290.0,9999999
58362,0,8084,12.9,6.71,0.0,0.0,7.2,274.3,1.0,6,103290.0,9999999
58362,0,8085,12.7,7.04,0.0,0.0,7.2,275.79,1.0,12,103290.0,9999999
58362,0,8086,12.7,7.34,0.0,0.0,7.2,279.29,1.0,3,103290.0,9999999
58362,0,8087,12.7,7.65,0.0,0.0,7.2,272.8,1.0,10,103290.0,9999999
58362,0,8088,12.7,7.91,0.0,0.0,7.2,274.52,1.0,9,102810.0,9999999
58362,0,8089,12.8,8.07,0.0,0.0,7.2,275.15,1.0,10,102810.0,9999999
58362,0,8090,12.7,8.13,0.0,0.0,7.2,275.79,0.0,0,102810.0,9999999
58362,0,8091,12.6,8.07,0.0,0.0,7.2,275.58,0.0,6,102810.0,9999999
58362,0,8092,12.4,7.97,0.0,0.0,7.2,272.8,0.0,2,102810.0,9999999
58362,0,8093,12.3,7.75,0.0,0.0,7.2,271.26,0.0,10,102810.0,9999999
58362,0,8094,12.3,7.59,0.0,0.0,7.2,272.36,0.0,3,102810.0,9999999
58362,0,8095,12.5,7.54,4.0,4.0,7.2,274.73,0.0,12,102810.0,9999999
58362,0,8096,13.0,7.54,43.0,43.0,7.2,274.73,2.0,5,102810.0,9999999
58362,0,8097,13.8,7.7,86.0,86.0,7.2,276.0,2.0,13,102810.0,9999999
58362,0,8098,14.6,7.91,124.0,124.0,7.2,278.89,2.0,11,102810.0,9999999
58362,0,8099,15.3,8.02,149.0,149.0,7.2,276.41,2.0,2,102810.0,9999999
58362,0,8100,15.5,7.97,157.0,157.0,7.2,274.3,2.0,12,102810.0,9999999
58362,0,8101,15.1,7.7,145.0,145.0,7.2,277.25,2.0,11,102810.0,9999999
58362,0,8102,14.2,7.34,117.0,117.0,7.2,275.15,4.0,15,102810.0,9999999
58362,0,8103,13.2,7.04,77.0,77.0,7.2,271.7,4.0,12,102810.0,9999999
58362,0,8104,12.2,6.8,35.0,35.0,7.2,275.15,4.0,10,102810.0,9999999
58362,0,8105,11.3,6.71,0.0,0.0,7.2,271.92,4.0,1,102810.0,9999999
58362,0,8106,10.7,6.66,0.0,0.0,7.2,270.37,4.0,3,102810.0,9999999
58362,0,8107,10.4,6.75,0.0,0.0,7.2,272.36,4.0,12,102810.0,9999999
58362,0,8108,10.5,6.94,0.0,0.0,7.2,271.92,3.0,13,102810.0,9999999
58362,0,8109,10.6,7.09,0.0,0.0,7.2,275.79,3.0,12,102810.0,9999999
58362,0,8110,10.8,7.09,0.0,0.0,7.2,274.09,3.0,5,102810.0,9999999
58362,0,8111,10.9,7.09,0.0,0.0,7.2,269.7,3.0,12,102810.0,9999999
58362,0,8112,11.0,7.04,0.0,0.0,7.2,271.92,3.0,5,102780.0,9999999
58362,0,8113,11.2,7.04,0.0,0.0,7.2,277.66,3.0,4,102780.0,9999999
58362,0,8114,11.4,7.04,0.0,0.0,7.2,271.26,4.0,16,102780.0,9999999
58362,0,8115,11.6,7.09,0.0,0.0,7.2,275.58,4.0,14,102780.0,9999999
58362,0,8116,11.7,7.14,0.0,0.0,7.2,270.37,4.0,1,102780.0,9999999
58362,0,8117,11.5,7.09,0.0,0.0,7.2,273.66,4.0,5,102780.0,9999999
58362,0,8118,11.2,6.94,0.0,0.0,7.2,269.7,4.0,3,102780.0,9999999
58362,0,8119,10.9,6.8,3.0,3.0,7.2,269.48,4.0,6,102780.0,9999999
58362,0,8120,10.7,6.71,41.0,41.0,7.2,273.23,3.0,1,102780.0,9999999
58362,0,8121,10.6,6.61,81.0,81.0,7.2,277.04,3.0,1,102780.0,9999999
58362,0,8122,10.5,6.43,117.0,117.0,7.2,270.15,3.0,1,102780.0,9999999
58362,0,8123,10.3,6.21,142.0,142.0,7.2,272.58,3.0,2,102780.0,9999999
58362,0,8124,10.1,5.95,149.0,149.0,7.2,268.34,3.0,7,102780.0,9999999
58362,0,8125,10.0,5.74,138.0,138.0,7.2,272.58,3.0,16,102780.0,9999999
58362,0,8126,9.9,5.54,111.0,111.0,7.2,267.89,5.0,15,102780.0,9999999
58362,0,8127,9.7,5.38,73.0,73.0,7.2,271.04,5.0,12,102780.0,9999999
58362,0,8128,9.4,5.11,33.0,33.0,7.2,270.37,5.0,14,102780.0,9999999
58362,0,8129,8.9,4.89,0.0,0.0,7.2,270.37,5.0,16,102780.0,9999999
58362,0,8130,8.6,4.68,0.0,0.0,7.2,272.36,5.0,7,102780.0,9999999
58362,0,8131,8.5,4.61,0.0,0.0,7.2,269.7,5.0,1,102780.0,9999999
58362,0,8132,8.7,4.61,0.0,0.0,7.2,272.36,4.0,1,102780.0,9999999
58362,0,8133,8.9,4.61,0.0,0.0,7.2,270.15,4.0,13,102780.0,9999999
58362,0,8134,8.9,4.54,0.0,0.0,7.2,268.34,4.0,15,102780.0,9999999
58362,0,8135,8.7,4.44,0.0,0.0,7.2,268.8,4.0,4,102780.0,9999999
58362,0,8136,8.3,4.35,0.0,0.0,7.2,270.82,4.0,4,103060.0,9999999
58362,0,8137,7.8,4.22,0.0,0.0,7.2,271.26,4.0,16,103060.0,9999999
58362,0,8138,7.0,4.06,0.0,0.0,7.2,268.57,3.0,15,103060.0,9999999
58362,0,8139,6.0,3.91,0.0,0.0,7.2,269.48,3.0,1,103060.0,9999999
58362,0,8140,5.1,3.76,0.0,0.0,7.2,264.14,3.0,9,103060.0,9999999
58362,0,8141,4.3,3.65,0.0,0.0,7.2,267.43,3.0,5,103060.0,9999999
58362,0,8142,4.0,3.62,0.0,0.0,7.2,264.38,3.0,3,103060.0,9999999
58362,0,8143,4.2,3.65,13.0,4.0,7.2,265.56,3.0,12,103060.0,9999999
58362,0,8144,4.8,3.65,155.0,49.0,7.2,265.09,3.0,13,103060.0,9999999
58362,0,8145,5.7,3.56,182.0,182.0,7.2,263.66,3.0,15,103060.0,9999999
58362,0,8146,6.7,3.43,264.0,264.0,7.2,263.42,3.0,2,103060.0,9999999
58362,0,8147,7.8,3.19,543.0,172.0,7.2,267.89,3.0,10,103060.0,9999999
58362,0,8148,8.8,2.95,336.0,336.0,7.2,268.12,3.0,2,103060.0,9999999
58362,0,8149,9.5,2.7,529.0,168.0,7.2,273.01,3.0,8,103060.0,9999999
58362,0,8150,10.0,2.53,250.0,250.0,7.2,267.66,5.0,16,103060.0,9999999
58362,0,8151,10.1,2.57,280.0,89.0,7.2,269.03,5.0,14,103060.0,9999999
58362,0,8152,9.8,2.72,241.0,52.0,7.2,270.15,5.0,8,103060.0,9999999
58362,0,8153,9.1,2.92,0.0,0.0,7.2,266.5,5.0,15,103060.0,9999999
58362,0,8154,8.2,3.12,0.0,0.0,7.2,267.89,5.0,1,103060.0,9999999
58362,0,8155,7.3,3.29,0.0,0.0,7.2,269.03,5.0,16,103060.0,9999999
58362,0,8156,6.6,3.43,0.0,0.0,7.2,266.03,6.0,1,103060.0,9999999
58362,0,8157,6.2,3.53,0.0,0.0,7.2,268.12,6.0,5,103060.0,9999999
58362,0,8158,6.1,3.62,0.0,0.0,7.2,266.73,6.0,8,103060.0,9999999
58362,0,8159,6.1,3.7,0.0,0.0,7.2,265.09,6.0,10,103060.0,9999999
58362,0,8160,6.2,3.79,0.0,0.0,7.2,267.66,6.0,11,103210.0,9999999
58362,0,8161,6.2,3.85,0.0,0.0,7.2,266.5,6.0,11,103210.0,9999999
58362,0,8162,6.0,3.91,0.0,0.0,7.2,265.8,3.0,16,103210.0,9999999
58362,0,8163,5.6,3.94,0.0,0.0,7.2,267.2,3.0,15,103210.0,9999999
58362,0,8164,5.1,3.94,0.0,0.0,7.2,266.03,3.0,12,103210.0,9999999
58362,0,8165,4.7,3.94,0.0,0.0,7.2,263.18,3.0,14,103210.0,9999999
58362,0,8166,4.5,4.0,0.0,0.0,7.2,263.9,3.0,10,103210.0,9999999
58362,0,8167,4.6,4.06,12.0,5.0,7.2,264.62,3.0,16,103210.0,9999999
58362,0,8168,5.0,4.09,88.0,88.0,7.2,265.09,2.0,14,103210.0,9999999
58362,0,8169,5.5,4.03,176.0,176.0,7.2,263.9,2.0,15,103210.0,9999999
58362,0,8170,6.1,3.94,254.0,254.0,7.2,263.18,2.0,3,103210.0,9999999
58362,0,8171,6.8,3.82,307.0,307.0,7.2,265.8,2.0,6,103210.0,9999999
58362,0,8172,7.6,3.7,324.0,324.0,7.2,266.73,2.0,8,103210.0,9999999
58362,0,8173,8.6,3.7,510.0,196.0,7.2,273.23,2.0,3,103210.0,9999999
58362,0,8174,9.7,3.85,241.0,241.0,7.2,270.37,4.0,1,103210.0,9999999
58362,0,8175,10.5,4.12,270.0,104.0,7.2,273.87,4.0,16,103210.0,9999999
58362,0,8176,10.3,4.28,240.0,63.0,7.2,275.15,4.0,14,103210.0,9999999
58362,0,8177,9.8,4.44,0.0,0.0,7.2,271.04,4.0,6,103210.0,9999999
58362,0,8178,9.2,4.58,0.0,0.0,7.2,267.89,4.0,3,103210.0,9999999
58362,0,8179,8.6,4.68,0.0,0.0,7.2,273.87,4.0,10,103210.0,9999999
58362,0,8180,8.0,4.72,0.0,0.0,7.2,267.66,4.0,5,103210.0,9999999
58362,0,8181,7.6,4.72,0.0,0.0,7.2,268.57,4.0,9,103210.0,9999999
58362,0,8182,7.4,4.68,0.0,0.0,7.2,266.27,4.0,15,103210.0,9999999
58362,0,8183,7.3,4.61,0.0,0.0,7.2,266.96,4.0,9,103210.0,9999999
58362,0,8184,7.2,4.54,0.0,0.0,7.2,271.04,4.0,2,102640.0,9999999
58362,0,8185,7.1,4.51,0.0,0.0,7.2,267.89,4.0,1,102640.0,9999999
58362,0,8186,6.8,4.48,0.0,0.0,7.2,268.57,0.0,0,102640.0,9999999
58362,0,8187,6.4,4.48,0.0,0.0,7.2,266.03,0.0,7,102640.0,9999999
58362,0,8188,5.9,4.48,0.0,0.0,7.2,265.56,0.0,9,102640.0,9999999
58362,0,8189,5.5,4.51,0.0,0.0,7.2,269.25,0.0,6,102640.0,9999999
58362,0,8190,5.3,4.58,0.0,0.0,7.2,266.73,0.0,12,102640.0,9999999
58362,0,8191,5.3,4.58,10.0,4.0,7.2,262.93,0.0,8,102640.0,9999999
58362,0,8192,5.5,4.51,147.0,40.0,7.2,267.43,3.0,13,102640.0,9999999
58362,0,8193,6.3,4.48,263.0,104.0,7.2,268.34,3.0,4,102640.0,9999999
58362,0,8194,7.7,4.44,382.0,151.0,7.2,267.89,3.0,13,102640.0,9999999
58362,0,8195,9.3,4.31,519.0,142.0,7.2,269.25,3.0,1,102640.0,9999999
58362,0,8196,10.9,4.12,486.0,192.0,7.2,274.3,3.0,16,102640.0,9999999
58362,0,8197,12.4,3.91,450.0,178.0,7.2,275.58,3.0,4,102640.0,9999999
58362,0,8198,13.3,3.76,212.0,212.0,7.2,277.66,4.0,11,102640.0,9999999
58362,0,8199,13.6,3.73,238.0,94.0,7.2,273.01,4.0,7,102640.0,9999999
58362,0,8200,13.3,3.85,119.0,33.0,7.2,271.26,4.0,3,102640.0,9999999
58362,0,8201,12.6,4.03,0.0,0.0,7.2,273.23,4.0,12,102640.0,9999999
58362,0,8202,11.6,4.18,0.0,0.0,7.2,274.94,4.0,7,102640.0,9999999
58362,0,8203,10.6,4.28,0.0,0.0,7.2,272.14,4.0,9,102640.0,9999999
58362,0,8204,9.7,4.31,0.0,0.0,7.2,270.15,3.0,12,102640.0,9999999
58362,0,8205,9.1,4.28,0.0,0.0,7.2,269.7,3.0,1,102640.0,9999999
58362,0,8206,8.8,4.25,0.0,0.0,7.2,271.26,3.0,1,102640.0,9999999
58362,0,8207,8.5,4.15,0.0,0.0,7.2,271.92,3.0,13,102640.0,9999999
58362,0,8208,8.2,4.06,0.0,0.0,7.2,269.25,3.0,8,102480.0,9999999
58362,0,8209,7.8,3.94,0.0,0.0,7.2,268.57,3.0,10,102480.0,9999999
58362,0,8210,7.1,3.85,0.0,0.0,7.2,264.14,2.0,12,102480.0,9999999
58362,0,8211,6.1,3.73,0.0,0.0,7.2,264.38,2.0,1,102480.0,9999999
58362,0,8212,5.0,3.65,0.0,0.0,7.2,265.8,2.0,4,102480.0,9999999
58362,0,8213,4.1,3.62,0.0,0.0,7.2,260.97,2.0,7,102480.0,9999999
58362,0,8214,3.7,3.67,0.0,0.0,7.2,263.42,2.0,10,102480.0,9999999
58362,0,8215,4.0,3.82,15.0,6.0,7.2,263.18,2.0,4,102480.0,9999999
58362,0,8216,4.7,4.0,83.0,83.0,7.2,268.12,2.0,13,102480.0,9999999
58362,0,8217,5.8,4.09,168.0,168.0,7.2,270.82,2.0,13,102480.0,9999999
58362,0,8218,7.1,4.12,609.0,247.0,7.2,264.38,2.0,15,102480.0,9999999
58362,0,8219,8.5,4.09,294.0,294.0,7.2,273.44,2.0,11,102480.0,9999999
58362,0,8220,9.9,4.03,775.0,315.0,7.2,268.12,2.0,16,102480.0,9999999
58362,0,8221,11.2,4.0,287.0,287.0,7.2,270.82,2.0,2,102480.0,9999999
58362,0,8222,12.2,4.12,230.0,230.0,7.2,271.92,3.0,16,102480.0,9999999
58362,0,8223,12.7,4.41,151.0,151.0,7.2,275.15,3.0,4,102480.0,9999999
58362,0,8224,12.3,4.68,168.0,68.0,7.2,273.01,3.0,9,102480.0,9999999
58362,0,8225,11.4,4.93,0.0,0.0,7.2,272.8,3.0,3,102480.0,9999999
58362,0,8226,10.2,5.08,0.0,0.0,7.2,269.03,3.0,4,102480.0,9999999
58362,0,8227,8.9,5.11,0.0,0.0,7.2,273.01,3.0,3,102480.0,9999999
58362,0,8228,7.9,5.11,0.0,0.0,7.2,273.44,0.0,0,102480.0,9999999
58362,0,8229,7.3,5.08,0.0,0.0,7.2,267.89,0.0,10,102480.0,9999999
58362,0,8230,7.0,5.0,0.0,0.0,7.2,269.93,0.0,4,102480.0,9999999
58362,0,8231,6.9,4.97,0.0,0.0,7.2,269.25,0.0,8,102480.0,9999999
58362,0,8232,6.9,4.86,0.0,0.0,7.2,269.03,0.0,1,102200.0,9999999
58362,0,8233,6.9,4.72,0.0,0.0,7.2,269.7,0.0,2,102200.0,9999999
58362,0,8234,6.6,4.51,0.0,0.0,7.2,267.89,1.0,6,102200.0,9999999
58362,0,8235,6.1,4.28,0.0,0.0,7.2,266.73,1.0,14,102200.0,9999999
58362,0,8236,5.4,4.03,0.0,0.0,7.2,262.69,1.0,11,102200.0,9999999
58362,0,8237,4.8,3.82,0.0,0.0,7.2,268.12,1.0,5,102200.0,9999999
58362,0,8238,4.6,3.67,0.0,0.0,7.2,266.03,1.0,13,102200.0,9999999
58362,0,8239,5.1,3.65,10.0,4.0,7.2,268.34,1.0,1,102200.0,9999999
58362,0,8240,6.3,3.76,286.0,79.0,7.2,263.18,3.0,11,102200.0,9999999
58362,0,8241,7.9,3.85,282.0,112.0,7.2,272.58,3.0,13,102200.0,9999999
58362,0,8242,9.8,3.88,240.0,240.0,7.2,273.01,3.0,13,102200.0,9999999
58362,0,8243,11.7,3.82,494.0,197.0,7.2,274.73,3.0,1,102200.0,9999999
58362,0,8244,13.4,3.73,306.0,306.0,7.2,275.36,3.0,7,102200.0,9999999
58362,0,8245,14.9,3.65,482.0,192.0,7.2,274.09,3.0,1,102200.0,9999999
58362,0,8246,15.8,3.65,227.0,227.0,7.2,276.0,3.0,13,102200.0,9999999
58362,0,8247,16.1,3.79,149.0,149.0,7.2,276.41,3.0,8,102200.0,9999999
58362,0,8248,15.7,4.09,66.0,66.0,7.2,273.66,3.0,4,102200.0,9999999
58362,0,8249,14.8,4.41,0.0,0.0,7.2,275.15,3.0,9,102200.0,9999999
58362,0,8250,13.5,4.68,0.0,0.0,7.2,273.01,3.0,8,102200.0,9999999
58362,0,8251,12.2,4.93,0.0,0.0,7.2,276.0,3.0,16,102200.0,9999999
58362,0,8252,11.0,5.15,0.0,0.0,7.2,269.93,1.0,12,102200.0,9999999
58362,0,8253,10.2,5.42,0.0,0.0,7.2,272.58,1.0,13,102200.0,9999999
58362,0,8254,9.8,5.7,0.0,0.0,7.2,269.93,1.0,13,102200.0,9999999
58362,0,8255,9.6,5.99,0.0,0.0,7.2,269.03,1.0,4,102200.0,9999999
58362,0,8256,9.6,6.25,0.0,0.0,7.2,273.23,1.0,12,102830.0,9999999
58362,0,8257,9.6,6.48,0.0,0.0,7.2,273.44,1.0,8,102830.0,9999999
58362,0,8258,9.6,6.61,0.0,0.0,7.2,272.14,2.0,16,102830.0,9999999
58362,0,8259,9.5,6.61,0.0,0.0,7.2,275.79,2.0,8,102830.0,9999999
58362,0,8260,9.4,6.48,0.0,0.0,7.2,273.23,2.0,5,102830.0,9999999
58362,0,8261,9.3,6.3,0.0,0.0,7.2,272.14,2.0,15,102830.0,9999999
58362,0,8262,9.2,6.08,0.0,0.0,7.2,269.7,2.0,1,102830.0,9999999
58362,0,8263,9.4,5.87,6.0,2.0,7.2,271.04,2.0,8,102830.0,9999999
58362,0,8264,9.8,5.7,167.0,32.0,7.2,271.26,4.0,3,102830.0,9999999
58362,0,8265,10.5,5.54,338.0,65.0,7.2,271.7,4.0,13,102830.0,9999999
58362,0,8266,11.2,5.42,261.0,75.0,7.2,271.26,4.0,7,102830.0,9999999
58362,0,8267,11.9,5.23,592.0,114.0,7.2,277.45,4.0,10,102830.0,9999999
58362,0,8268,12.3,4.97,624.0,120.0,7.2,273.23,4.0,6,102830.0,9999999
58362,0,8269,12.2,4.65,577.0,111.0,7.2,273.44,4.0,4,102830.0,9999999
58362,0,8270,11.5,4.28,247.0,70.0,7.2,272.36,4.0,2,102830.0,9999999
58362,0,8271,10.6,4.0,305.0,58.0,7.2,271.92,4.0,16,102830.0,9999999
58362,0,8272,9.7,3.88,72.0,20.0,7.2,266.5,4.0,3,102830.0,9999999
58362,0,8273,8.9,3.85,0.0,0.0,7.2,269.7,4.0,9,102830.0,9999999
58362,0,8274,8.6,3.97,0.0,0.0,7.2,265.56,4.0,9,102830.0,9999999
58362,0,8275,8.7,4.22,0.0,0.0,7.2,268.12,4.0,6,102830.0,9999999
58362,0,8276,9.0,4.48,0.0,0.0,7.2,269.7,2.0,3,102830.0,9999999
58362,0,8277,9.2,4.65,0.0,0.0,7.2,269.48,2.0,4,102830.0,9999999
58362,0,8278,9.1,4.72,0.0,0.0,7.2,269.48,2.0,9,102830.0,9999999
58362,0,8279,9.0,4.72,0.0,0.0,7.2,266.5,2.0,13,102830.0,9999999
58362,0,8280,8.8,4.68,0.0,0.0,7.2,270.15,2.0,5,102590.0,9999999
58362,0,8281,8.5,4.65,0.0,0.0,7.2,268.8,2.0,7,102590.0,9999999
58362,0,8282,8.1,4.61,0.0,0.0,7.2,270.15,4.0,2,102590.0,9999999
58362,0,8283,7.7,4.65,0.0,0.0,7.2,271.48,4.0,7,102590.0,9999999
58362,0,8284,7.4,4.68,0.0,0.0,7.2,267.89,4.0,15,102590.0,9999999
58362,0,8285,7.2,4.79,0.0,0.0,7.2,268.57,4.0,4,102590.0,9999999
58362,0,8286,7.1,4.86,0.0,0.0,7.2,267.66,4.0,12,102590.0,9999999
58362,0,8287,7.5,5.04,14.0,6.0,7.2,265.33,4.0,2,102590.0,9999999
58362,0,8288,8.2,5.3,78.0,78.0,7.2,272.36,2.0,4,102590.0,9999999
58362,0,8289,8.9,5.42,158.0,158.0,7.2,274.73,2.0,10,102590.0,9999999
58362,0,8290,9.6,5.42,621.0,281.0,7.2,271.48,2.0,12,102590.0,9999999
58362,0,8291,10.2,5.34,277.0,277.0,7.2,271.48,2.0,6,102590.0,9999999
58362,0,8292,10.9,5.27,292.0,292.0,7.2,270.82,2.0,13,102590.0,9999999
58362,0,8293,11.5,5.23,732.0,331.0,7.2,273.66,2.0,11,102590.0,9999999
58362,0,8294,12.2,5.3,217.0,217.0,7.2,269.93,4.0,6,102590.0,9999999
58362,0,8295,12.7,5.5,143.0,143.0,7.2,276.83,4.0,8,102590.0,9999999
58362,0,8296,12.5,5.58,63.0,63.0,7.2,273.23,4.0,8,102590.0,9999999
58362,0,8297,12.1,5.62,0.0,0.0,7.2,271.26,4.0,10,102590.0,9999999
58362,0,8298,11.5,5.66,0.0,0.0,7.2,270.82,4.0,16,102590.0,9999999
58362,0,8299,11.0,5.7,0.0,0.0,7.2,271.04,4.0,10,102590.0,9999999
58362,0,8300,10.5,5.7,0.0,0.0,7.2,272.36,1.0,5,102590.0,9999999
58362,0,8301,10.2,5.74,0.0,0.0,7.2,273.66,1.0,3,102590.0,9999999
58362,0,8302,10.1,5.78,0.0,0.0,7.2,274.52,1.0,1,102590.0,9999999
58362,0,8303,10.2,5.87,0.0,0.0,7.2,269.48,1.0,3,102590.0,9999999
58362,0,8304,10.2,5.91,0.0,0.0,7.2,273.66,1.0,16,102400.0,9999999
58362,0,8305,10.3,5.99,0.0,0.0,7.2,271.26,1.0,4,102400.0,9999999
58362,0,8306,10.3,6.04,0.0,0.0,7.2,273.01,0.0,0,102400.0,9999999
58362,0,8307,10.2,6.08,0.0,0.0,7.2,271.92,0.0,16,102400.0,9999999
58362,0,8308,10.0,6.12,0.0,0.0,7.2,273.66,0.0,10,102400.0,9999999
58362,0,8309,9.9,6.16,0.0,0.0,7.2,272.58,0.0,2,102400.0,9999999
58362,0,8310,9.8,6.16,0.0,0.0,7.2,269.48,0.0,2,102400.0,9999999
58362,0,8311,10.0,6.21,13.0,6.0,7.2,270.6,0.0,7,102400.0,9999999
58362,0,8312,10.5,6.21,77.0,77.0,7.2,274.09,2.0,2,102400.0,9999999
58362,0,8313,11.0,6.08,155.0,155.0,7.2,277.04,2.0,2,102400.0,9999999
58362,0,8314,11.4,5.78,225.0,225.0,7.2,269.48,2.0,9,102400.0,9999999
58362,0,8315,11.8,5.42,272.0,272.0,7.2,270.82,2.0,3,102400.0,9999999
58362,0,8316,12.2,5.08,768.0,357.0,7.2,271.04,2.0,14,102400.0,9999999
58362,0,8317,12.5,4.82,265.0,265.0,7.2,272.14,2.0,7,102400.0,9999999
58362,0,8318,12.8,4.79,570.0,265.0,7.2,271.48,3.0,3,102400.0,9999999
58362,0,8319,13.0,4.93,140.0,140.0,7.2,274.94,3.0,14,102400.0,9999999
58362,0,8320,12.8,5.15,62.0,62.0,7.2,273.23,3.0,3,102400.0,9999999
58362,0,8321,12.4,5.42,0.0,0.0,7.2,274.09,3.0,1,102400.0,9999999
58362,0,8322,11.8,5.66,0.0,0.0,7.2,273.01,3.0,8,102400.0,9999999
58362,0,8323,11.1,5.91,0.0,0.0,7.2,275.58,3.0,14,102400.0,9999999
58362,0,8324,10.5,6.04,0.0,0.0,7.2,274.09,2.0,4,102400.0,9999999
58362,0,8325,10.1,6.16,0.0,0.0,7.2,273.66,2.0,5,102400.0,9999999
58362,0,8326,9.8,6.25,0.0,0.0,7.2,268.12,2.0,10,102400.0,9999999
58362,0,8327,9.6,6.3,0.0,0.0,7.2,269.25,2.0,11,102400.0,9999999
58362,0,8328,9.4,6.3,0.0,0.0,7.2,271.04,2.0,5,102300.0,9999999
58362,0,8329,9.1,6.3,0.0,0.0,7.2,270.82,2.0,9,102300.0,9999999
58362,0,8330,8.7,6.25,0.0,0.0,7.2,269.25,0.0,0,102300.0,9999999
58362,0,8331,8.2,6.21,0.0,0.0,7.2,273.01,0.0,13,102300.0,9999999
58362,0,8332,7.6,6.12,0.0,0.0,7.2,269.93,0.0,10,102300.0,9999999
58362,0,8333,7.2,6.08,0.0,0.0,7.2,270.82,0.0,7,102300.0,9999999
58362,0,8334,7.0,5.99,0.0,0.0,7.2,271.7,0.0,12,102300.0,9999999
58362,0,8335,7.2,5.99,19.0,13.0,7.2,269.48,0.0,16,102300.0,9999999
58362,0,8336,7.8,5.95,49.0,49.0,7.2,272.36,1.0,12,102300.0,9999999
58362,0,8337,8.8,5.87,506.0,346.0,7.2,266.96,1.0,11,102300.0,9999999
58362,0,8338,10.0,5.7,145.0,145.0,7.2,273.44,1.0,1,102300.0,9999999
58362,0,8339,11.3,5.38,176.0,176.0,7.2,275.58,1.0,5,102300.0,9999999
58362,0,8340,12.5,4.97,185.0,185.0,7.2,275.15,1.0,5,102300.0,9999999
58362,0,8341,13.3,4.54,172.0,172.0,7.2,274.94,1.0,1,102300.0,9999999
58362,0,8342,13.6,4.22,138.0,138.0,7.2,276.83,3.0,13,102300.0,9999999
58362,0,8343,13.4,4.15,90.0,90.0,7.2,275.58,3.0,12,102300.0,9999999
58362,0,8344,12.9,4.31,40.0,40.0,7.2,269.93,3.0,2,102300.0,9999999
58362,0,8345,12.1,4.58,0.0,0.0,7.2,272.8,3.0,11,102300.0,9999999
58362,0,8346,11.3,4.86,0.0,0.0,7.2,268.8,3.0,16,102300.0,9999999
58362,0,8347,10.5,5.08,0.0,0.0,7.2,273.44,3.0,16,102300.0,9999999
58362,0,8348,9.8,5.23,0.0,0.0,7.2,272.14,2.0,11,102300.0,9999999
58362,0,8349,9.3,5.23,0.0,0.0,7.2,271.04,2.0,12,102300.0,9999999
58362,0,8350,9.0,5.15,0.0,0.0,7.2,271.26,2.0,11,102300.0,9999999
58362,0,8351,8.7,5.04,0.0,0.0,7.2,270.37,2.0,4,102300.0,9999999
58362,0,8352,8.4,4.89,0.0,0.0,7.2,268.8,2.0,1,102420.0,9999999
58362,0,8353,7.9,4.75,0.0,0.0,7.2,266.73,2.0,10,102420.0,9999999
58362,0,8354,7.3,4.65,0.0,0.0,7.2,268.8,2.0,14,102420.0,9999999
58362,0,8355,6.4,4.54,0.0,0.0,7.2,266.73,2.0,6,102420.0,9999999
58362,0,8356,5.5,4.48,0.0,0.0,7.2,265.8,2.0,3,102420.0,9999999
58362,0,8357,4.7,4.51,0.0,0.0,7.2,269.93,2.0,2,102420.0,9999999
58362,0,8358,4.4,4.58,0.0,0.0,7.2,266.5,2.0,14,102420.0,9999999
58362,0,8359,4.4,4.68,14.0,7.0,7.2,266.5,2.0,7,102420.0,9999999
58362,0,8360,4.9,4.79,72.0,72.0,7.2,263.9,0.0,0,102420.0,9999999
58362,0,8361,6.1,4.93,146.0,146.0,7.2,267.66,0.0,16,102420.0,9999999
58362,0,8362,7.8,5.08,212.0,212.0,7.2,268.34,0.0,2,102420.0,9999999
58362,0,8363,9.6,5.15,257.0,257.0,7.2,268.57,0.0,0,102420.0,9999999
58362,0,8364,11.4,5.11,270.0,270.0,7.2,273.44,0.0,2,102420.0,9999999
58362,0,8365,12.7,4.93,250.0,250.0,7.2,272.36,0.0,8,102420.0,9999999
58362,0,8366,13.2,4.72,628.0,308.0,7.2,271.7,3.0,5,102420.0,9999999
58362,0,8367,13.0,4.61,413.0,202.0,7.2,278.07,3.0,4,102420.0,9999999
58362,0,8368,12.4,4.65,182.0,89.0,7.2,273.23,3.0,2,102420.0,9999999
58362,0,8369,11.7,4.82,0.0,0.0,7.2,271.92,3.0,15,102420.0,9999999
58362,0,8370,10.9,4.97,0.0,0.0,7.2,274.73,3.0,14,102420.0,9999999
58362,0,8371,10.1,5.08,0.0,0.0,7.2,269.03,3.0,7,102420.0,9999999
58362,0,8372,9.5,5.11,0.0,0.0,7.2,271.04,1.0,6,102420.0,9999999
58362,0,8373,9.1,5.04,0.0,0.0,7.2,268.12,1.0,6,102420.0,9999999
58362,0,8374,9.0,4.93,0.0,0.0,7.2,266.73,1.0,16,102420.0,9999999
58362,0,8375,9.0,4.79,0.0,0.0,7.2,270.37,1.0,3,102420.0,9999999
58362,0,8376,8.9,4.65,0.0,0.0,7.2,269.7,1.0,4,102370.0,9999999
58362,0,8377,8.9,4.54,0.0,0.0,7.2,269.7,1.0,1,102370.0,9999999
58362,0,8378,8.6,4.48,0.0,0.0,7.2,270.37,1.0,6,102370.0,9999999
58362,0,8379,8.1,4.54,0.0,0.0,7.2,269.93,1.0,11,102370.0,9999999
58362,0,8380,7.6,4.65,0.0,0.0,7.2,272.8,1.0,11,102370.0,9999999
58362,0,8381,7.1,4.82,0.0,0.0,7.2,271.04,1.0,14,102370.0,9999999
58362,0,8382,6.9,5.08,0.0,0.0,7.2,268.12,1.0,12,102370.0,9999999
58362,0,8383,7.8,5.7,3.0,3.0,7.2,267.2,1.0,5,102370.0,9999999
58362,0,8384,9.5,6.57,47.0,47.0,7.2,271.48,2.0,5,102370.0,9999999
58362,0,8385,10.9,7.19,94.0,94.0,7.2,271.7,2.0,4,102370.0,9999999
58362,0,8386,11.8,7.44,137.0,137.0,7.2,272.8,2.0,1,102370.0,9999999
58362,0,8387,12.4,7.39,166.0,166.0,7.2,277.66,2.0,5,102370.0,9999999
58362,0,8388,12.8,7.19,175.0,175.0,7.2,279.29,2.0,6,102370.0,9999999
58362,0,8389,13.1,6.99,162.0,162.0,7.2,271.7,2.0,12,102370.0,9999999
58362,0,8390,13.6,6.94,130.0,130.0,7.2,274.94,1.0,5,102370.0,9999999
58362,0,8391,14.0,6.99,85.0,85.0,7.2,274.73,1.0,8,102370.0,9999999
58362,0,8392,13.7,6.9,37.0,37.0,7.2,276.83,1.0,1,102370.0,9999999
58362,0,8393,13.1,6.71,0.0,0.0,7.2,274.94,1.0,9,102370.0,9999999
58362,0,8394,12.3,6.52,0.0,0.0,7.2,275.15,1.0,11,102370.0,9999999
58362,0,8395,11.6,6.39,0.0,0.0,7.2,273.23,1.0,9,102370.0,9999999
58362,0,8396,11.2,6.34,0.0,0.0,7.2,273.01,4.0,16,102370.0,9999999
58362,0,8397,11.2,6.43,0.0,0.0,7.2,272.36,4.0,13,102370.0,9999999
58362,0,8398,11.2,6.48,0.0,0.0,7.2,269.7,4.0,6,102370.0,9999999
58362,0,8399,11.2,6.48,0.0,0.0,7.2,277.45,4.0,5,102370.0,9999999
58362,0,8400,11.1,6.39,0.0,0.0,7.2,273.87,4.0,7,102760.0,9999999
58362,0,8401,10.8,6.25,0.0,0.0,7.2,277.04,4.0,11,102760.0,9999999
58362,0,8402,10.5,6.04,0.0,0.0,7.2,276.62,4.0,1,102760.0,9999999
58362,0,8403,10.1,5.82,0.0,0.0,7.2,268.12,4.0,15,102760.0,9999999
58362,0,8404,9.6,5.54,0.0,0.0,7.2,272.8,4.0,12,102760.0,9999999
58362,0,8405,9.1,5.3,0.0,0.0,7.2,270.82,4.0,9,102760.0,9999999
58362,0,8406,8.8,5.04,0.0,0.0,7.2,266.5,4.0,2,102760.0,9999999
58362,0,8407,8.5,4.79,13.0,5.0,7.2,271.26,4.0,2,102760.0,9999999
58362,0,8408,8.4,4.58,82.0,82.0,7.2,269.7,5.0,2,102760.0,9999999
58362,0,8409,8.5,4.38,418.0,170.0,7.2,270.37,5.0,11,102760.0,9999999
58362,0,8410,8.8,4.22,242.0,242.0,7.2,266.03,5.0,12,102760.0,9999999
58362,0,8411,9.2,4.06,736.0,299.0,7.2,269.7,5.0,4,102760.0,9999999
58362,0,8412,9.6,3.94,308.0,308.0,7.2,269.93,5.0,11,102760.0,9999999
58362,0,8413,9.9,3.82,285.0,285.0,7.2,266.73,5.0,12,102760.0,9999999
58362,0,8414,10.0,3.76,228.0,228.0,7.2,271.92,5.0,2,102760.0,9999999
58362,0,8415,9.6,3.7,378.0,154.0,7.2,270.82,5.0,1,102760.0,9999999
58362,0,8416,8.8,3.62,66.0,66.0,7.2,273.23,5.0,3,102760.0,9999999
58362,0,8417,7.9,3.56,0.0,0.0,7.2,272.36,5.0,4,102760.0,9999999
58362,0,8418,7.3,3.59,0.0,0.0,7.2,267.43,5.0,1,102760.0,9999999
58362,0,8419,7.3,3.76,0.0,0.0,7.2,266.27,5.0,4,102760.0,9999999
58362,0,8420,7.6,4.0,0.0,0.0,7.2,267.89,4.0,2,102760.0,9999999
58362,0,8421,7.8,4.12,0.0,0.0,7.2,271.26,4.0,3,102760.0,9999999
58362,0,8422,7.8,4.22,0.0,0.0,7.2,265.09,4.0,8,102760.0,9999999
58362,0,8423,7.7,4.18,0.0,0.0,7.2,264.85,4.0,16,102760.0,9999999
58362,0,8424,7.6,4.12,0.0,0.0,7.2,268.57,4.0,12,103100.0,9999999
58362,0,8425,7.3,4.03,0.0,0.0,7.2,270.6,4.0,11,103100.0,9999999
58362,0,8426,7.0,3.94,0.0,0.0,7.2,266.27,3.0,1,103100.0,9999999
58362,0,8427,6.7,3.85,0.0,0.0,7.2,265.8,3.0,11,103100.0,9999999
58362,0,8428,6.4,3.76,0.0,0.0,7.2,268.57,3.0,16,103100.0,9999999
58362,0,8429,6.2,3.67,0.0,0.0,7.2,269.48,3.0,15,103100.0,9999999
58362,0,8430,6.2,3.65,0.0,0.0,7.2,264.38,3.0,1,103100.0,9999999
58362,0,8431,6.3,3.62,6.0,2.0,7.2,266.5,3.0,11,103100.0,9999999
58362,0,8432,6.6,3.59,177.0,35.0,7.2,266.73,3.0,1,103100.0,9999999
58362,0,8433,7.1,3.59,359.0,72.0,7.2,266.03,3.0,4,103100.0,9999999
58362,0,8434,7.8,3.59,521.0,104.0,7.2,265.8,3.0,10,103100.0,9999999
58362,0,8435,8.5,3.56,631.0,126.0,7.2,272.8,3.0,8,103100.0,9999999
58362,0,8436,9.0,3.51,334.0,99.0,7.2,270.82,3.0,5,103100.0,9999999
58362,0,8437,9.2,3.43,309.0,91.0,7.2,265.8,3.0,1,103100.0,9999999
58362,0,8438,9.0,3.32,493.0,98.0,7.2,269.93,3.0,16,103100.0,9999999
58362,0,8439,8.3,3.19,163.0,48.0,7.2,269.93,3.0,4,103100.0,9999999
58362,0,8440,7.3,3.04,142.0,28.0,7.2,266.96,3.0,11,103100.0,9999999
58362,0,8441,6.3,2.95,0.0,0.0,7.2,262.45,3.0,5,103100.0,9999999
58362,0,8442,5.6,2.95,0.0,0.0,7.2,265.09,3.0,13,103100.0,9999999
58362,0,8443,5.6,3.04,0.0,0.0,7.2,267.2,3.0,7,103100.0,9999999
58362,0,8444,6.1,3.24,0.0,0.0,7.2,266.03,4.0,1,103100.0,9999999
58362,0,8445,6.0,3.32,0.0,0.0,7.2,268.8,4.0,10,103100.0,9999999
58362,0,8446,5.7,3.32,0.0,0.0,7.2,263.66,4.0,8,103100.0,9999999
58362,0,8447,5.4,3.29,0.0,0.0,7.2,261.96,4.0,9,103100.0,9999999
58362,0,8448,5.1,3.27,0.0,0.0,7.2,264.62,4.0,16,103380.0,9999999
58362,0,8449,4.8,3.27,0.0,0.0,7.2,267.66,4.0,11,103380.0,9999999
58362,0,8450,4.5,3.27,0.0,0.0,7.2,266.27,5.0,2,103380.0,9999999
58362,0,8451,4.2,3.29,0.0,0.0,7.2,264.14,5.0,10,103380.0,9999999
58362,0,8452,3.9,3.32,0.0,0.0,7.2,260.47,5.0,2,103380.0,9999999
58362,0,8453,3.6,3.35,0.0,0.0,7.2,266.5,5.0,7,103380.0,9999999
58362,0,8454,3.3,3.32,0.0,0.0,7.2,265.33,5.0,12,103380.0,9999999
58362,0,8455,3.2,3.24,8.0,3.0,7.2,262.69,5.0,7,103380.0,9999999
58362,0,8456,3.2,3.09,153.0,42.0,7.2,264.85,5.0,16,103380.0,9999999
58362,0,8457,3.3,2.88,266.0,105.0,7.2,262.45,5.0,10,103380.0,9999999
58362,0,8458,3.5,2.57,227.0,227.0,7.2,259.47,5.0,11,103380.0,9999999
58362,0,8459,3.7,2.23,468.0,185.0,7.2,261.96,5.0,10,103380.0,9999999
58362,0,8460,4.0,1.88,574.0,158.0,7.2,260.22,5.0,4,103380.0,9999999
58362,0,8461,4.1,1.58,531.0,146.0,7.2,261.47,5.0,10,103380.0,9999999
58362,0,8462,4.2,1.36,365.0,145.0,7.2,261.71,5.0,15,103380.0,9999999
58362,0,8463,3.8,1.24,141.0,141.0,7.2,260.47,5.0,4,103380.0,9999999
58362,0,8464,2.9,1.2,62.0,62.0,7.2,262.93,5.0,1,103380.0,9999999
58362,0,8465,1.8,1.24,0.0,0.0,7.2,260.97,5.0,15,103380.0,9999999
58362,0,8466,0.9,1.33,0.0,0.0,7.2,260.22,5.0,8,103380.0,9999999
58362,0,8467,0.7,1.48,0.0,0.0,7.2,257.94,5.0,2,103380.0,9999999
58362,0,8468,1.1,1.71,0.0,0.0,7.2,261.22,7.0,16,103380.0,9999999
58362,0,8469,1.1,1.88,0.0,0.0,7.2,261.47,7.0,9,103380.0,9999999
58362,0,8470,0.8,1.98,0.0,0.0,7.2,258.2,7.0,3,103380.0,9999999
58362,0,8471,0.3,2.02,0.0,0.0,7.2,258.96,7.0,2,103380.0,9999999
58362,0,8472,-0.2,2.0,0.0,0.0,7.2,257.94,7.0,16,103620.0,9999999
58362,0,8473,-0.6,1.98,0.0,0.0,7.2,258.45,7.0,4,103620.0,9999999
58362,0,8474,-0.8,1.95,0.0,0.0,7.2,260.72,7.0,15,103620.0,9999999
58362,0,8475,-1.3,1.85,0.0,0.0,7.2,260.22,7.0,3,103620.0,9999999
58362,0,8476,-2.4,1.64,0.0,0.0,7.2,260.22,7.0,2,103620.0,9999999
58362,0,8477,-3.6,1.43,0.0,0.0,7.2,256.12,7.0,3,103620.0,9999999
58362,0,8478,-4.4,1.27,0.0,0.0,7.2,254.27,7.0,7,103620.0,9999999
58362,0,8479,-4.5,1.18,10.0,3.0,7.2,254.0,7.0,16,103620.0,9999999
58362,0,8480,-4.0,1.15,241.0,46.0,7.2,254.54,6.0,13,103620.0,9999999
58362,0,8481,-3.2,1.16,312.0,89.0,7.2,252.92,6.0,8,103620.0,9999999
58362,0,8482,-2.3,1.19,675.0,129.0,7.2,256.91,6.0,3,103620.0,9999999
58362,0,8483,-1.4,1.24,548.0,156.0,7.2,260.22,6.0,13,103620.0,9999999
58362,0,8484,-0.6,1.27,339.0,339.0,7.2,256.39,6.0,15,103620.0,9999999
58362,0,8485,0.1,1.34,534.0,152.0,7.2,257.17,6.0,14,103620.0,9999999
58362,0,8486,0.5,1.36,252.0,252.0,7.2,260.97,4.0,14,103620.0,9999999
58362,0,8487,0.6,1.39,165.0,165.0,7.2,262.45,4.0,2,103620.0,9999999
58362,0,8488,0.3,1.39,73.0,73.0,7.2,257.94,4.0,16,103620.0,9999999
58362,0,8489,-0.1,1.36,0.0,0.0,7.2,260.47,4.0,16,103620.0,9999999
58362,0,8490,-0.6,1.35,0.0,0.0,7.2,255.86,4.0,5,103620.0,9999999
58362,0,8491,-1.2,1.33,0.0,0.0,7.2,259.22,4.0,7,103620.0,9999999
58362,0,8492,-1.6,1.32,0.0,0.0,7.2,255.6,3.0,13,103620.0,9999999
58362,0,8493,-1.9,1.29,0.0,0.0,7.2,254.54,3.0,15,103620.0,9999999
58362,0,8494,-2.0,1.29,0.0,0.0,7.2,253.46,3.0,10,103620.0,9999999
58362,0,8495,-2.1,1.29,0.0,0.0,7.2,253.46,3.0,5,103620.0,9999999
58362,0,8496,-2.2,1.3,0.0,0.0,7.2,254.27,3.0,12,103590.0,9999999
58362,0,8497,-2.3,1.32,0.0,0.0,7.2,252.09,3.0,10,103590.0,9999999
58362,0,8498,-2.6,1.33,0.0,0.0,7.2,257.94,4.0,13,103590.0,9999999
58362,0,8499,-3.0,1.35,0.0,0.0,7.2,256.65,4.0,7,103590.0,9999999
58362,0,8500,-3.4,1.35,0.0,0.0,7.2,256.12,4.0,14,103590.0,9999999
58362,0,8501,-3.8,1.36,0.0,0.0,7.2,256.91,4.0,10,103590.0,9999999
58362,0,8502,-3.9,1.39,0.0,0.0,7.2,252.09,4.0,16,103590.0,9999999
58362,0,8503,-3.5,1.43,9.0,3.0,7.2,256.39,4.0,1,103590.0,9999999
58362,0,8504,-2.5,1.49,153.0,35.0,7.2,256.65,4.0,14,103590.0,9999999
58362,0,8505,-1.5,1.49,310.0,70.0,7.2,258.2,4.0,6,103590.0,9999999
58362,0,8506,-0.7,1.41,450.0,101.0,7.2,257.69,4.0,8,103590.0,9999999
58362,0,8507,0.1,1.29,497.0,166.0,7.2,258.71,4.0,8,103590.0,9999999
58362,0,8508,0.7,1.13,307.0,307.0,7.2,258.2,4.0,1,103590.0,9999999
58362,0,8509,1.1,0.98,484.0,162.0,7.2,257.69,4.0,12,103590.0,9999999
58362,0,8510,1.4,0.89,425.0,96.0,7.2,257.17,7.0,15,103590.0,9999999
58362,0,8511,1.5,0.9,255.0,85.0,7.2,262.2,7.0,6,103590.0,9999999
58362,0,8512,1.3,0.98,123.0,28.0,7.2,257.43,7.0,4,103590.0,9999999
58362,0,8513,0.9,1.09,0.0,0.0,7.2,254.54,7.0,12,103590.0,9999999
58362,0,8514,0.3,1.19,0.0,0.0,7.2,257.43,7.0,7,103590.0,9999999
58362,0,8515,-0.4,1.27,0.0,0.0,7.2,257.43,7.0,11,103590.0,9999999
58362,0,8516,-1.0,1.3,0.0,0.0,7.2,260.72,6.0,15,103590.0,9999999
58362,0,8517,-1.5,1.32,0.0,0.0,7.2,257.94,6.0,11,103590.0,9999999
58362,0,8518,-1.8,1.29,0.0,0.0,7.2,255.86,6.0,2,103590.0,9999999
58362,0,8519,-2.1,1.27,0.0,0.0,7.2,252.37,6.0,1,103590.0,9999999
58362,0,8520,-2.3,1.24,0.0,0.0,7.2,257.94,6.0,1,103560.0,9999999
58362,0,8521,-2.6,1.2,0.0,0.0,7.2,252.92,6.0,8,103560.0,9999999
58362,0,8522,-2.9,1.18,0.0,0.0,7.2,255.6,5.0,14,103560.0,9999999
58362,0,8523,-3.3,1.17,0.0,0.0,7.2,252.92,5.0,14,103560.0,9999999
58362,0,8524,-3.7,1.19,0.0,0.0,7.2,257.94,5.0,13,103560.0,9999999
58362,0,8525,-4.1,1.21,0.0,0.0,7.2,254.0,5.0,13,103560.0,9999999
58362,0,8526,-4.2,1.25,0.0,0.0,7.2,251.54,5.0,5,103560.0,9999999
58362,0,8527,-4.0,1.29,9.0,3.0,7.2,255.6,5.0,15,103560.0,9999999
58362,0,8528,-3.4,1.35,159.0,36.0,7.2,252.37,5.0,14,103560.0,9999999
58362,0,8529,-2.7,1.39,281.0,95.0,7.2,253.19,5.0,7,103560.0,9999999
58362,0,8530,-2.0,1.4,468.0,107.0,7.2,257.69,5.0,4,103560.0,9999999
58362,0,8531,-1.3,1.36,494.0,167.0,7.2,260.72,5.0,6,103560.0,9999999
58362,0,8532,-0.6,1.33,520.0,176.0,7.2,253.73,5.0,2,103560.0,9999999
58362,0,8533,0.0,1.27,283.0,283.0,7.2,256.91,5.0,3,103560.0,9999999
58362,0,8534,0.4,1.25,386.0,131.0,7.2,259.47,4.0,15,103560.0,9999999
58362,0,8535,0.6,1.22,291.0,67.0,7.2,255.86,4.0,5,103560.0,9999999
58362,0,8536,0.7,1.22,112.0,38.0,7.2,257.94,4.0,9,103560.0,9999999
58362,0,8537,0.6,1.26,0.0,0.0,7.2,257.43,4.0,5,103560.0,9999999
58362,0,8538,0.2,1.27,0.0,0.0,7.2,257.17,4.0,9,103560.0,9999999
58362,0,8539,-0.3,1.27,0.0,0.0,7.2,254.0,4.0,6,103560.0,9999999
58362,0,8540,-0.9,1.28,0.0,0.0,7.2,256.65,4.0,15,103560.0,9999999
58362,0,8541,-1.5,1.28,0.0,0.0,7.2,254.0,4.0,7,103560.0,9999999
58362,0,8542,-2.0,1.28,0.0,0.0,7.2,255.07,4.0,8,103560.0,9999999
58362,0,8543,-2.5,1.28,0.0,0.0,7.2,253.19,4.0,10,103560.0,9999999
58362,0,8544,-3.0,1.3,0.0,0.0,7.2,256.39,4.0,15,103060.0,9999999
58362,0,8545,-3.4,1.32,0.0,0.0,7.2,254.27,4.0,11,103060.0,9999999
58362,0,8546,-3.7,1.35,0.0,0.0,7.2,254.54,2.0,13,103060.0,9999999
58362,0,8547,-4.0,1.4,0.0,0.0,7.2,254.0,2.0,16,103060.0,9999999
58362,0,8548,-4.2,1.46,0.0,0.0,7.2,250.71,2.0,12,103060.0,9999999
58362,0,8549,-4.3,1.52,0.0,0.0,7.2,255.07,2.0,3,103060.0,9999999
58362,0,8550,-4.3,1.56,0.0,0.0,7.2,255.86,2.0,2,103060.0,9999999
58362,0,8551,-4.0,1.6,6.0,2.0,7.2,252.37,2.0,13,103060.0,9999999
58362,0,8552,-3.2,1.67,201.0,47.0,7.2,259.47,2.0,12,103060.0,9999999
58362,0,8553,-2.0,1.71,178.0,61.0,7.2,254.27,2.0,14,103060.0,9999999
58362,0,8554,-0.6,1.73,589.0,137.0,7.2,260.47,2.0,12,103060.0,9999999
58362,0,8555,0.9,1.71,312.0,107.0,7.2,257.94,2.0,3,103060.0,9999999
58362,0,8556,2.4,1.63,329.0,113.0,7.2,259.22,2.0,3,103060.0,9999999
58362,0,8557,3.8,1.52,695.0,162.0,7.2,263.42,2.0,12,103060.0,9999999
58362,0,8558,4.9,1.43,244.0,84.0,7.2,264.14,3.0,13,103060.0,9999999
58362,0,8559,5.5,1.38,367.0,85.0,7.2,262.45,3.0,12,103060.0,9999999
58362,0,8560,5.2,1.35,71.0,24.0,7.2,266.96,3.0,7,103060.0,9999999
58362,0,8561,4.6,1.36,0.0,0.0,7.2,261.47,3.0,1,103060.0,9999999
58362,0,8562,3.8,1.38,0.0,0.0,7.2,259.22,3.0,4,103060.0,9999999
58362,0,8563,2.8,1.41,0.0,0.0,7.2,259.22,3.0,6,103060.0,9999999
58362,0,8564,2.0,1.43,0.0,0.0,7.2,259.22,3.0,12,103060.0,9999999
58362,0,8565,1.4,1.45,0.0,0.0,7.2,259.47,3.0,2,103060.0,9999999
58362,0,8566,0.9,1.46,0.0,0.0,7.2,256.65,3.0,15,103060.0,9999999
58362,0,8567,0.6,1.49,0.0,0.0,7.2,257.43,3.0,1,103060.0,9999999
58362,0,8568,0.4,1.53,0.0,0.0,7.2,258.2,3.0,14,102460.0,9999999
58362,0,8569,0.2,1.57,0.0,0.0,7.2,255.07,3.0,16,102460.0,9999999
58362,0,8570,-0.1,1.64,0.0,0.0,7.2,262.2,3.0,11,102460.0,9999999
58362,0,8571,-0.4,1.71,0.0,0.0,7.2,254.54,3.0,1,102460.0,9999999
58362,0,8572,-0.8,1.79,0.0,0.0,7.2,258.71,3.0,9,102460.0,9999999
58362,0,8573,-1.1,1.87,0.0,0.0,7.2,255.6,3.0,9,102460.0,9999999
58362,0,8574,-1.2,1.93,0.0,0.0,7.2,257.94,3.0,3,102460.0,9999999
58362,0,8575,-1.1,1.95,9.0,4.0,7.2,257.17,3.0,6,102460.0,9999999
58362,0,8576,-0.5,1.98,178.0,48.0,7.2,258.71,5.0,11,102460.0,9999999
58362,0,8577,0.8,2.0,271.0,106.0,7.2,260.47,5.0,3,102460.0,9999999
58362,0,8578,2.7,1.98,394.0,153.0,7.2,265.56,5.0,4,102460.0,9999999
58362,0,8579,4.9,1.88,631.0,170.0,7.2,267.43,5.0,10,102460.0,9999999
58362,0,8580,6.9,1.73,502.0,195.0,7.2,261.47,5.0,12,102460.0,9999999
58362,0,8581,8.5,1.57,273.0,273.0,7.2,267.89,5.0,14,102460.0,9999999
58362,0,8582,9.4,1.49,373.0,145.0,7.2,268.57,3.0,14,102460.0,9999999
58362,0,8583,9.5,1.61,144.0,144.0,7.2,265.09,3.0,7,102460.0,9999999
58362,0,8584,9.1,1.9,64.0,64.0,7.2,268.34,3.0,6,102460.0,9999999
58362,0,8585,8.1,2.23,0.0,0.0,7.2,266.27,3.0,4,102460.0,9999999
58362,0,8586,6.8,2.48,0.0,0.0,7.2,263.66,3.0,3,102460.0,9999999
58362,0,8587,5.4,2.65,0.0,0.0,7.2,265.8,3.0,12,102460.0,9999999
58362,0,8588,4.3,2.74,0.0,0.0,7.2,263.66,2.0,12,102460.0,9999999
58362,0,8589,3.6,2.79,0.0,0.0,7.2,261.96,2.0,15,102460.0,9999999
58362,0,8590,3.2,2.79,0.0,0.0,7.2,263.18,2.0,16,102460.0,9999999
58362,0,8591,3.1,2.76,0.0,0.0,7.2,259.22,2.0,3,102460.0,9999999
58362,0,8592,3.0,2.72,0.0,0.0,7.2,262.93,2.0,15,102490.0,9999999
58362,0,8593,2.9,2.65,0.0,0.0,7.2,262.93,2.0,3,102490.0,9999999
58362,0,8594,2.6,2.57,0.0,0.0,7.2,260.72,3.0,12,102490.0,9999999
58362,0,8595,2.0,2.48,0.0,0.0,7.2,259.97,3.0,11,102490.0,9999999
58362,0,8596,1.3,2.38,0.0,0.0,7.2,257.17,3.0,10,102490.0,9999999
58362,0,8597,0.6,2.33,0.0,0.0,7.2,256.65,3.0,1,102490.0,9999999
58362,0,8598,0.4,2.31,0.0,0.0,7.2,258.45,3.0,9,102490.0,9999999
58362,0,8599,0.9,2.4,13.0,6.0,7.2,258.96,3.0,14,102490.0,9999999
58362,0,8600,2.0,2.55,189.0,88.0,7.2,261.71,1.0,12,102490.0,9999999
58362,0,8601,3.3,2.7,154.0,154.0,7.2,264.62,1.0,5,102490.0,9999999
58362,0,8602,4.7,2.81,553.0,258.0,7.2,266.96,1.0,1,102490.0,9999999
58362,0,8603,6.1,2.9,271.0,271.0,7.2,263.42,1.0,9,102490.0,9999999
58362,0,8604,7.4,2.99,704.0,328.0,7.2,268.8,1.0,16,102490.0,9999999
58362,0,8605,8.6,3.14,264.0,264.0,7.2,266.27,1.0,2,102490.0,9999999
58362,0,8606,9.7,3.35,212.0,212.0,7.2,270.6,2.0,1,102490.0,9999999
58362,0,8607,10.3,3.59,139.0,139.0,7.2,269.7,2.0,9,102490.0,9999999
58362,0,8608,10.0,3.76,62.0,62.0,7.2,273.01,2.0,2,102490.0,9999999
58362,0,8609,9.2,3.85,0.0,0.0,7.2,267.43,2.0,10,102490.0,9999999
58362,0,8610,8.1,3.88,0.0,0.0,7.2,271.26,2.0,4,102490.0,9999999
58362,0,8611,6.9,3.82,0.0,0.0,7.2,266.73,2.0,8,102490.0,9999999
58362,0,8612,5.8,3.73,0.0,0.0,7.2,269.03,1.0,5,102490.0,9999999
58362,0,8613,4.9,3.65,0.0,0.0,7.2,265.09,1.0,5,102490.0,9999999
58362,0,8614,4.3,3.56,0.0,0.0,7.2,264.85,1.0,11,102490.0,9999999
58362,0,8615,3.8,3.48,0.0,0.0,7.2,260.72,1.0,3,102490.0,9999999
58362,0,8616,3.4,3.45,0.0,0.0,7.2,260.22,1.0,3,102780.0,9999999
58362,0,8617,3.0,3.45,0.0,0.0,7.2,261.96,1.0,2,102780.0,9999999
58362,0,8618,2.7,3.51,0.0,0.0,7.2,263.42,1.0,5,102780.0,9999999
58362,0,8619,2.3,3.62,0.0,0.0,7.2,262.69,1.0,5,102780.0,9999999
58362,0,8620,2.0,3.73,0.0,0.0,7.2,266.73,1.0,10,102780.0,9999999
58362,0,8621,1.7,3.88,0.0,0.0,7.2,262.2,1.0,12,102780.0,9999999
58362,0,8622,1.6,4.0,0.0,0.0,7.2,264.14,1.0,12,102780.0,9999999
58362,0,8623,1.9,4.15,10.0,4.0,7.2,262.69,1.0,7,102780.0,9999999
58362,0,8624,2.7,4.35,82.0,82.0,7.2,265.33,0.0,0,102780.0,9999999
58362,0,8625,4.0,4.51,165.0,165.0,7.2,266.73,0.0,4,102780.0,9999999
58362,0,8626,5.5,4.61,408.0,140.0,7.2,263.18,0.0,15,102780.0,9999999
58362,0,8627,7.2,4.58,522.0,121.0,7.2,268.57,0.0,8,102780.0,9999999
58362,0,8628,8.8,4.44,519.0,178.0,7.2,271.48,0.0,14,102780.0,9999999
58362,0,8629,10.2,4.28,509.0,118.0,7.2,272.58,0.0,11,102780.0,9999999
58362,0,8630,11.2,4.09,409.0,95.0,7.2,276.0,5.0,5,102780.0,9999999
58362,0,8631,11.6,4.03,269.0,63.0,7.2,274.94,5.0,3,102780.0,9999999
58362,0,8632,11.3,4.03,120.0,28.0,7.2,271.48,5.0,14,102780.0,9999999
58362,0,8633,10.6,4.09,0.0,0.0,7.2,272.8,5.0,4,102780.0,9999999
58362,0,8634,9.7,4.15,0.0,0.0,7.2,266.73,5.0,10,102780.0,9999999
58362,0,8635,8.7,4.25,0.0,0.0,7.2,269.7,5.0,3,102780.0,9999999
58362,0,8636,7.8,4.31,0.0,0.0,7.2,271.48,3.0,6,102780.0,9999999
58362,0,8637,7.2,4.38,0.0,0.0,7.2,264.62,3.0,8,102780.0,9999999
58362,0,8638,6.9,4.48,0.0,0.0,7.2,265.56,3.0,12,102780.0,9999999
58362,0,8639,6.8,4.58,0.0,0.0,7.2,268.12,3.0,14,102780.0,9999999
58362,0,8640,6.8,4.68,0.0,0.0,7.2,266.5,3.0,11,102760.0,9999999
58362,0,8641,6.8,4.75,0.0,0.0,7.2,269.7,3.0,7,102760.0,9999999
58362,0,8642,6.7,4.82,0.0,0.0,7.2,265.56,3.0,6,102760.0,9999999
58362,0,8643,6.5,4.82,0.0,0.0,7.2,271.92,3.0,9,102760.0,9999999
58362,0,8644,6.3,4.82,0.0,0.0,7.2,263.9,3.0,10,102760.0,9999999
58362,0,8645,6.1,4.79,0.0,0.0,7.2,266.03,3.0,6,102760.0,9999999
58362,0,8646,6.0,4.75,0.0,0.0,7.2,268.8,3.0,6,102760.0,9999999
58362,0,8647,6.5,4.82,11.0,3.0,7.2,267.43,3.0,16,102760.0,9999999
58362,0,8648,7.6,5.0,148.0,44.0,7.2,265.33,2.0,7,102760.0,9999999
58362,0,8649,9.0,5.15,297.0,89.0,7.2,270.6,2.0,1,102760.0,9999999
58362,0,8650,10.6,5.27,500.0,101.0,7.2,276.21,2.0,7,102760.0,9999999
58362,0,8651,12.2,5.27,521.0,156.0,7.2,272.14,2.0,12,102760.0,9999999
58362,0,8652,13.6,5.27,322.0,322.0,7.2,271.26,2.0,12,102760.0,9999999
58362,0,8653,14.7,5.23,508.0,152.0,7.2,277.66,2.0,5,102760.0,9999999
58362,0,8654,15.4,5.34,408.0,122.0,7.2,278.27,1.0,6,102760.0,9999999
58362,0,8655,15.6,5.66,313.0,63.0,7.2,273.23,1.0,14,102760.0,9999999
58362,0,8656,15.1,5.95,139.0,28.0,7.2,276.41,1.0,15,102760.0,9999999
58362,0,8657,13.8,6.04,0.0,0.0,7.2,276.41,1.0,7,102760.0,9999999
58362,0,8658,12.1,5.95,0.0,0.0,7.2,274.73,1.0,2,102760.0,9999999
58362,0,8659,10.4,5.78,0.0,0.0,7.2,276.41,1.0,16,102760.0,9999999
58362,0,8660,9.1,5.66,0.0,0.0,7.2,269.93,2.0,6,102760.0,9999999
58362,0,8661,8.5,5.58,0.0,0.0,7.2,267.89,2.0,6,102760.0,9999999
58362,0,8662,8.4,5.58,0.0,0.0,7.2,269.25,2.0,7,102760.0,9999999
58362,0,8663,8.6,5.62,0.0,0.0,7.2,266.73,2.0,15,102760.0,9999999
58362,0,8664,8.8,5.66,0.0,0.0,7.2,270.15,2.0,8,102480.0,9999999
58362,0,8665,8.8,5.66,0.0,0.0,7.2,274.73,2.0,2,102480.0,9999999
58362,0,8666,8.4,5.58,0.0,0.0,7.2,266.5,3.0,9,102480.0,9999999
58362,0,8667,7.4,5.38,0.0,0.0,7.2,273.23,3.0,4,102480.0,9999999
58362,0,8668,6.1,5.11,0.0,0.0,7.2,264.14,3.0,10,102480.0,9999999
58362,0,8669,5.1,4.93,0.0,0.0,7.2,266.27,3.0,11,102480.0,9999999
58362,0,8670,4.6,4.93,0.0,0.0,7.2,262.45,3.0,15,102480.0,9999999
58362,0,8671,4.9,5.11,11.0,6.0,7.2,267.2,3.0,3,102480.0,9999999
58362,0,8672,5.5,5.3,70.0,70.0,7.2,264.85,2.0,13,102480.0,9999999
58362,0,8673,6.1,5.3,292.0,140.0,7.2,265.33,2.0,13,102480.0,9999999
58362,0,8674,6.8,5.15,423.0,203.0,7.2,272.36,2.0,10,102480.0,9999999
58362,0,8675,7.6,5.0,511.0,246.0,7.2,269.93,2.0,7,102480.0,9999999
58362,0,8676,8.8,4.93,258.0,258.0,7.2,271.7,2.0,13,102480.0,9999999
58362,0,8677,10.3,5.0,239.0,239.0,7.2,275.79,2.0,1,102480.0,9999999
58362,0,8678,12.4,5.5,400.0,193.0,7.2,271.48,2.0,2,102480.0,9999999
58362,0,8679,14.1,6.12,264.0,127.0,7.2,278.68,2.0,2,102480.0,9999999
58362,0,8680,13.6,6.21,57.0,57.0,7.2,277.04,2.0,1,102480.0,9999999
58362,0,8681,12.4,6.12,0.0,0.0,7.2,277.04,2.0,16,102480.0,9999999
58362,0,8682,10.9,5.95,0.0,0.0,7.2,270.37,2.0,2,102480.0,9999999
58362,0,8683,9.3,5.7,0.0,0.0,7.2,269.48,2.0,11,102480.0,9999999
58362,0,8684,8.0,5.5,0.0,0.0,7.2,267.2,3.0,16,102480.0,9999999
58362,0,8685,7.2,5.38,0.0,0.0,7.2,268.57,3.0,1,102480.0,9999999
58362,0,8686,7.0,5.34,0.0,0.0,7.2,266.27,3.0,2,102480.0,9999999
58362,0,8687,6.9,5.34,0.0,0.0,7.2,267.2,3.0,11,102480.0,9999999
58362,0,8688,7.0,5.34,0.0,0.0,7.2,270.15,3.0,4,102180.0,9999999
58362,0,8689,6.9,5.34,0.0,0.0,7.2,264.85,3.0,7,102180.0,9999999
58362,0,8690,6.6,5.23,0.0,0.0,7.2,265.8,1.0,16,102180.0,9999999
58362,0,8691,5.9,5.04,0.0,0.0,7.2,269.03,1.0,12,102180.0,9999999
58362,0,8692,5.0,4.82,0.0,0.0,7.2,265.56,1.0,9,102180.0,9999999
58362,0,8693,4.2,4.65,0.0,0.0,7.2,269.7,1.0,14,102180.0,9999999
58362,0,8694,3.9,4.65,0.0,0.0,7.2,261.71,1.0,8,102180.0,9999999
58362,0,8695,4.0,4.72,14.0,7.0,7.2,264.62,1.0,15,102180.0,9999999
58362,0,8696,4.3,4.79,168.0,85.0,7.2,265.33,1.0,14,102180.0,9999999
58362,0,8697,4.9,4.89,140.0,140.0,7.2,265.56,1.0,9,102180.0,9999999
58362,0,8698,5.7,5.0,202.0,202.0,7.2,265.56,1.0,11,102180.0,9999999
58362,0,8699,6.6,5.11,590.0,299.0,7.2,267.89,1.0,16,102180.0,9999999
58362,0,8700,7.7,5.3,621.0,315.0,7.2,266.96,1.0,13,102180.0,9999999
58362,0,8701,8.9,5.58,238.0,238.0,7.2,266.96,1.0,8,102180.0,9999999
58362,0,8702,10.1,5.95,192.0,192.0,7.2,268.34,2.0,2,102180.0,9999999
58362,0,8703,10.9,6.34,127.0,127.0,7.2,270.6,2.0,10,102180.0,9999999
58362,0,8704,10.6,6.39,137.0,69.0,7.2,276.83,2.0,9,102180.0,9999999
58362,0,8705,9.9,6.3,0.0,0.0,7.2,268.34,2.0,6,102180.0,9999999
58362,0,8706,9.0,6.12,0.0,0.0,7.2,272.58,2.0,11,102180.0,9999999
58362,0,8707,8.1,5.99,0.0,0.0,7.2,270.82,2.0,2,102180.0,9999999
58362,0,8708,7.5,5.91,0.0,0.0,7.2,268.57,2.0,5,102180.0,9999999
58362,0,8709,7.3,5.95,0.0,0.0,7.2,269.48,2.0,16,102180.0,9999999
58362,0,8710,7.5,6.04,0.0,0.0,7.2,270.37,2.0,1,102180.0,9999999
58362,0,8711,7.8,6.16,0.0,0.0,7.2,274.09,2.0,5,102180.0,9999999
58362,0,8712,8.1,6.25,0.0,0.0,7.2,267.66,2.0,14,101940.0,9999999
58362,0,8713,8.1,6.25,0.0,0.0,7.2,269.25,2.0,11,101940.0,9999999
58362,0,8714,7.7,6.12,0.0,0.0,7.2,267.43,1.0,7,101940.0,9999999
58362,0,8715,6.8,5.82,0.0,0.0,7.2,266.27,1.0,3,101940.0,9999999
58362,0,8716,5.7,5.42,0.0,0.0,7.2,265.09,1.0,1,101940.0,9999999
58362,0,8717,4.8,5.11,0.0,0.0,7.2,265.56,1.0,8,101940.0,9999999
58362,0,8718,4.4,5.0,0.0,0.0,7.2,265.56,1.0,16,101940.0,9999999
58362,0,8719,4.5,5.04,21.0,11.0,7.2,267.66,1.0,14,101940.0,9999999
58362,0,8720,4.9,5.11,243.0,126.0,7.2,265.09,0.0,0,101940.0,9999999
58362,0,8721,5.8,5.3,144.0,144.0,7.2,266.5,0.0,10,101940.0,9999999
58362,0,8722,7.0,5.54,208.0,208.0,7.2,270.37,0.0,15,101940.0,9999999
58362,0,8723,8.4,5.87,251.0,251.0,7.2,267.89,0.0,15,101940.0,9999999
58362,0,8724,9.9,6.21,821.0,426.0,7.2,271.04,0.0,14,101940.0,9999999
58362,0,8725,11.2,6.52,245.0,245.0,7.2,274.94,0.0,4,101940.0,9999999
58362,0,8726,12.4,6.85,197.0,197.0,7.2,274.94,2.0,5,101940.0,9999999
58362,0,8727,13.0,7.09,130.0,130.0,7.2,273.87,2.0,12,101940.0,9999999
58362,0,8728,12.8,7.09,59.0,59.0,7.2,273.66,2.0,6,101940.0,9999999
58362,0,8729,12.3,6.99,0.0,0.0,7.2,277.25,2.0,7,101940.0,9999999
58362,0,8730,11.6,6.9,0.0,0.0,7.2,274.09,2.0,2,101940.0,9999999
58362,0,8731,10.8,6.8,0.0,0.0,7.2,273.23,2.0,3,101940.0,9999999
58362,0,8732,10.1,6.66,0.0,0.0,7.2,269.93,1.0,7,101940.0,9999999
58362,0,8733,9.6,6.61,0.0,0.0,7.2,272.58,1.0,1,101940.0,9999999
58362,0,8734,9.1,6.57,0.0,0.0,7.2,274.09,1.0,8,101940.0,9999999
58362,0,8735,8.8,6.57,0.0,0.0,7.2,269.48,1.0,9,101940.0,9999999
58362,0,8736,8.6,6.57,0.0,0.0,7.2,271.7,1.0,2,102170.0,9999999
58362,0,8737,8.3,6.52,0.0,0.0,7.2,270.15,1.0,11,102170.0,9999999
58362,0,8738,8.0,6.48,0.0,0.0,7.2,267.89,2.0,7,102170.0,9999999
58362,0,8739,7.6,6.34,0.0,0.0,7.2,267.43,2.0,1,102170.0,9999999
58362,0,8740,7.3,6.25,0.0,0.0,7.2,268.57,2.0,3,102170.0,9999999
58362,0,8741,7.0,6.12,0.0,0.0,7.2,266.73,2.0,14,102170.0,9999999
58362,0,8742,6.9,5.99,0.0,0.0,7.2,266.5,2.0,9,102170.0,9999999
58362,0,8743,7.3,5.99,13.0,4.0,7.2,266.96,2.0,9,102170.0,9999999
58362,0,8744,8.2,6.12,148.0,31.0,7.2,269.93,1.0,8,102170.0,9999999
58362,0,8745,9.3,6.25,295.0,63.0,7.2,270.6,1.0,1,102170.0,9999999
58362,0,8746,10.5,6.25,426.0,90.0,7.2,275.15,1.0,2,102170.0,9999999
58362,0,8747,11.7,6.21,507.0,158.0,7.2,275.15,1.0,9,102170.0,9999999
58362,0,8748,12.8,6.12,542.0,115.0,7.2,278.89,1.0,2,102170.0,9999999
58362,0,8749,13.6,6.08,494.0,154.0,7.2,273.87,1.0,4,102170.0,9999999
58362,0,8750,14.2,6.08,404.0,86.0,7.2,272.14,3.0,5,102170.0,9999999
58362,0,8751,14.4,6.25,263.0,82.0,7.2,280.5,3.0,7,102170.0,9999999
58362,0,8752,14.0,6.39,70.0,70.0,7.2,275.15,3.0,8,102170.0,9999999
58362,0,8753,13.1,6.48,0.0,0.0,7.2,274.3,3.0,7,102170.0,9999999
58362,0,8754,11.8,6.52,0.0,0.0,7.2,275.58,3.0,9,102170.0,9999999
58362,0,8755,10.6,6.52,0.0,0.0,7.2,270.37,3.0,5,102170.0,9999999
58362,0,8756,9.7,6.66,0.0,0.0,7.2,272.14,2.0,6,102170.0,9999999
58362,0,8757,9.2,6.75,0.0,0.0,7.2,273.01,2.0,1,102170.0,9999999
58362,0,8758,8.4,6.75,0.0,0.0,7.2,272.36,2.0,12,102170.0,9999999
58362,0,8759,7.5,6.48,0.0,0.0,7.2,268.12,2.0,6,102170.0,9999999
