59287,0,0,9.8,6.57,0.0,0.0,18.37,269.48,2.5,8,101740.0,9999999
59287,0,1,8.2,5.99,0.0,0.0,18.37,271.04,2.5,13,101740.0,9999999
59287,0,2,7.0,5.62,0.0,0.0,18.37,267.89,0.0,0,101740.0,9999999
59287,0,3,6.3,5.46,0.0,0.0,18.37,270.6,0.0,7,101740.0,9999999
59287,0,4,6.0,5.38,0.0,0.0,18.37,269.25,0.0,3,101740.0,9999999
59287,0,5,6.0,5.3,0.0,0.0,18.37,266.27,0.0,12,101740.0,9999999
59287,0,6,6.0,5.19,0.0,0.0,18.37,263.9,0.0,15,101740.0,9999999
59287,0,7,6.1,4.97,0.0,0.0,18.37,266.73,0.0,4,101740.0,9999999
59287,0,8,7.0,4.86,129.0,34.0,18.37,269.93,1.0,1,101740.0,9999999
59287,0,9,9.0,4.93,178.0,178.0,18.37,269.48,1.0,4,101740.0,9999999
59287,0,10,11.7,5.0,472.0,124.0,18.37,271.48,1.0,2,101740.0,9999999
59287,0,11,14.6,4.93,729.0,126.0,18.37,271.92,1.0,11,101740.0,9999999
59287,0,12,17.4,4.68,678.0,178.0,18.37,277.25,1.0,3,101740.0,9999999
59287,0,13,19.6,4.35,396.0,396.0,18.37,278.48,1.0,4,101740.0,9999999
59287,0,14,21.1,4.18,594.0,156.0,18.37,278.89,1.0,8,101740.0,9999999
59287,0,15,21.5,4.38,547.0,95.0,18.37,283.45,1.0,9,101740.0,9999999
59287,0,16,20.9,4.89,283.0,74.0,18.37,281.29,1.0,9,101740.0,9999999
59287,0,17,19.2,5.38,134.0,23.0,18.37,283.06,1.0,2,101740.0,9999999
59287,0,18,17.0,5.7,0.0,0.0,18.37,280.1,1.0,2,101740.0,9999999
59287,0,19,14.5,5.78,0.0,0.0,18.37,273.66,1.0,1,101740.0,9999999
59287,0,20,12.3,5.74,0.0,0.0,18.37,276.62,1.0,3,101740.0,9999999
59287,0,21,10.6,5.66,0.0,0.0,18.37,271.48,1.0,7,101740.0,9999999
59287,0,22,9.4,5.62,0.0,0.0,18.37,271.92,1.0,1,101740.0,9999999
59287,0,23,8.7,5.62,0.0,0.0,18.37,273.01,1.0,14,101740.0,9999999
59287,0,24,8.2,5.7,0.0,0.0,18.37,269.25,1.0,14,101720.0,9999999
59287,0,25,7.9,5.82,0.0,0.0,18.37,271.26,1.0,16,101720.0,9999999
59287,0,26,7.6,5.95,0.0,0.0,18.37,270.37,0.0,0,101720.0,9999999
59287,0,27,7.3,5.95,0.0,0.0,18.37,273.44,0.0,12,101720.0,9999999
59287,0,28,7.0,6.04,0.0,0.0,18.37,268.12,0.0,3,101720.0,9999999
59287,0,29,6.7,6.08,0.0,0.0,18.37,272.8,0.0,2,101720.0,9999999
59287,0,30,6.5,5.95,0.0,0.0,18.37,267.66,0.0,15,101720.0,9999999
59287,0,31,6.4,5.91,0.0,0.0,18.37,268.12,0.0,9,101720.0,9999999
59287,0,32,6.8,5.87,112.0,48.0,18.37,269.48,0.0,0,101720.0,9999999
59287,0,33,8.1,5.78,154.0,154.0,18.37,272.58,0.0,15,101720.0,9999999
59287,0,34,10.0,5.7,409.0,176.0,18.37,272.58,0.0,9,101720.0,9999999
59287,0,35,12.4,5.58,308.0,308.0,18.37,278.07,0.0,13,101720.0,9999999
59287,0,36,15.1,5.38,345.0,345.0,18.37,277.25,0.0,15,101720.0,9999999
59287,0,37,17.7,5.19,343.0,343.0,18.37,277.25,0.0,11,101720.0,9999999
59287,0,38,20.1,5.27,515.0,222.0,18.37,278.68,2.0,2,101720.0,9999999
59287,0,39,21.5,5.78,717.0,220.0,18.37,278.89,2.0,5,101720.0,9999999
59287,0,40,20.8,6.25,246.0,106.0,18.37,283.25,2.0,8,101720.0,9999999
59287,0,41,19.1,6.66,57.0,57.0,18.37,280.1,2.0,13,101720.0,9999999
59287,0,42,16.9,6.85,0.0,0.0,18.37,281.69,2.0,15,101720.0,9999999
59287,0,43,14.4,6.75,0.0,0.0,18.37,279.29,2.0,11,101720.0,9999999
59287,0,44,12.3,6.57,0.0,0.0,18.37,278.68,1.0,3,101720.0,9999999
59287,0,45,10.8,6.34,0.0,0.0,18.37,272.58,1.0,10,101720.0,9999999
59287,0,46,9.9,6.21,0.0,0.0,18.37,274.52,1.0,9,101720.0,9999999
59287,0,47,9.4,6.12,0.0,0.0,18.37,270.6,1.0,10,101720.0,9999999
59287,0,48,9.1,6.12,0.0,0.0,18.37,271.26,1.0,14,101730.0,9999999
59287,0,49,9.0,6.16,0.0,0.0,18.37,270.15,1.0,5,101730.0,9999999
59287,0,50,8.9,6.3,0.0,0.0,18.37,271.26,0.0,0,101730.0,9999999
59287,0,51,8.6,6.43,0.0,0.0,18.37,269.25,0.0,12,101730.0,9999999
59287,0,52,8.3,6.52,0.0,0.0,18.37,270.82,0.0,2,101730.0,9999999
59287,0,53,7.9,6.57,0.0,0.0,18.37,272.8,0.0,1,101730.0,9999999
59287,0,54,7.6,6.52,0.0,0.0,18.37,269.48,0.0,4,101730.0,9999999
59287,0,55,7.5,6.43,0.0,0.0,18.37,267.43,0.0,3,101730.0,9999999
59287,0,56,7.9,6.3,122.0,46.0,18.37,270.15,0.0,0,101730.0,9999999
59287,0,57,9.5,6.3,523.0,136.0,18.37,271.7,0.0,9,101730.0,9999999
59287,0,58,12.0,6.34,445.0,169.0,18.37,270.15,0.0,7,101730.0,9999999
59287,0,59,15.0,6.25,336.0,336.0,18.37,273.01,0.0,1,101730.0,9999999
59287,0,60,18.0,5.95,639.0,242.0,18.37,279.9,0.0,2,101730.0,9999999
59287,0,61,20.7,5.42,373.0,373.0,18.37,280.3,0.0,6,101730.0,9999999
59287,0,62,22.5,5.11,329.0,329.0,18.37,282.48,2.0,3,101730.0,9999999
59287,0,63,23.1,5.34,252.0,252.0,18.37,284.22,2.0,6,101730.0,9999999
59287,0,64,22.5,5.99,157.0,157.0,18.37,280.1,2.0,2,101730.0,9999999
59287,0,65,20.9,6.75,62.0,62.0,18.37,285.55,2.0,3,101730.0,9999999
59287,0,66,18.7,7.29,0.0,0.0,18.37,279.29,2.0,6,101730.0,9999999
59287,0,67,16.3,7.49,0.0,0.0,18.37,279.49,2.0,14,101730.0,9999999
59287,0,68,14.2,7.44,0.0,0.0,18.37,275.79,1.0,2,101730.0,9999999
59287,0,69,12.6,7.34,0.0,0.0,18.37,272.58,1.0,11,101730.0,9999999
59287,0,70,11.6,7.19,0.0,0.0,18.37,274.3,1.0,16,101730.0,9999999
59287,0,71,10.9,7.09,0.0,0.0,18.37,270.82,1.0,6,101730.0,9999999
59287,0,72,10.5,7.04,0.0,0.0,18.37,271.48,1.0,5,101570.0,9999999
59287,0,73,10.2,6.99,0.0,0.0,18.37,271.04,1.0,7,101570.0,9999999
59287,0,74,9.8,6.94,0.0,0.0,18.37,271.92,0.0,0,101570.0,9999999
59287,0,75,9.3,6.9,0.0,0.0,18.37,270.15,0.0,9,101570.0,9999999
59287,0,76,8.7,6.8,0.0,0.0,18.37,270.15,0.0,2,101570.0,9999999
59287,0,77,8.2,6.71,0.0,0.0,18.37,266.73,0.0,6,101570.0,9999999
59287,0,78,7.8,6.52,0.0,0.0,18.37,266.27,0.0,15,101570.0,9999999
59287,0,79,7.6,6.3,0.0,0.0,18.37,273.87,0.0,8,101570.0,9999999
59287,0,80,8.1,6.16,113.0,41.0,18.37,269.93,1.0,5,101570.0,9999999
59287,0,81,9.6,6.12,155.0,155.0,18.37,271.26,1.0,5,101570.0,9999999
59287,0,82,11.8,6.08,411.0,149.0,18.37,271.26,1.0,14,101570.0,9999999
59287,0,83,14.4,5.87,527.0,191.0,18.37,275.79,1.0,4,101570.0,9999999
59287,0,84,17.0,5.42,620.0,153.0,18.37,274.52,1.0,12,101570.0,9999999
59287,0,85,19.2,4.86,616.0,152.0,18.37,281.69,1.0,3,101570.0,9999999
59287,0,86,20.7,4.38,517.0,188.0,18.37,281.29,3.0,8,101570.0,9999999
59287,0,87,21.2,4.35,396.0,144.0,18.37,284.41,3.0,11,101570.0,9999999
59287,0,88,20.7,4.72,247.0,90.0,18.37,279.7,3.0,13,101570.0,9999999
59287,0,89,19.4,5.23,103.0,25.0,18.37,280.7,3.0,5,101570.0,9999999
59287,0,90,17.6,5.66,0.0,0.0,18.37,281.69,3.0,1,101570.0,9999999
59287,0,91,15.9,5.99,0.0,0.0,18.37,275.15,3.0,15,101570.0,9999999
59287,0,92,14.5,6.21,0.0,0.0,18.37,277.25,1.0,10,101570.0,9999999
59287,0,93,13.8,6.43,0.0,0.0,18.37,274.3,1.0,1,101570.0,9999999
59287,0,94,13.6,6.71,0.0,0.0,18.37,274.94,1.0,4,101570.0,9999999
59287,0,95,13.8,6.99,0.0,0.0,18.37,272.36,1.0,5,101570.0,9999999
59287,0,96,14.1,7.29,0.0,0.0,18.37,276.62,1.0,8,101290.0,9999999
59287,0,97,14.4,7.59,0.0,0.0,18.37,277.66,1.0,3,101290.0,9999999
59287,0,98,14.4,7.75,0.0,0.0,18.37,274.52,0.0,0,101290.0,9999999
59287,0,99,14.0,7.8,0.0,0.0,18.37,278.27,0.0,10,101290.0,9999999
59287,0,100,13.4,7.75,0.0,0.0,18.37,280.3,0.0,2,101290.0,9999999
59287,0,101,12.7,7.65,0.0,0.0,18.37,272.8,0.0,13,101290.0,9999999
59287,0,102,12.1,7.49,0.0,0.0,18.37,273.23,0.0,12,101290.0,9999999
59287,0,103,11.9,7.44,0.0,0.0,18.37,278.68,0.0,4,101290.0,9999999
59287,0,104,13.6,8.24,68.0,48.0,18.37,275.58,0.0,0,101290.0,9999999
59287,0,105,15.6,9.11,159.0,111.0,18.37,280.3,0.0,12,101290.0,9999999
59287,0,106,17.0,9.48,127.0,127.0,18.37,280.5,0.0,11,101290.0,9999999
59287,0,107,18.1,9.48,317.0,222.0,18.37,278.68,0.0,9,101290.0,9999999
59287,0,108,18.9,9.42,355.0,248.0,18.37,278.07,0.0,10,101290.0,9999999
59287,0,109,19.7,9.42,181.0,181.0,18.37,281.89,0.0,11,101290.0,9999999
59287,0,110,20.7,9.86,311.0,218.0,18.37,283.06,1.0,8,101290.0,9999999
59287,0,111,21.5,10.67,238.0,167.0,18.37,285.74,1.0,7,101290.0,9999999
59287,0,112,21.2,11.09,149.0,104.0,18.37,284.41,1.0,5,101290.0,9999999
59287,0,113,20.4,11.31,59.0,41.0,18.37,282.48,1.0,7,101290.0,9999999
59287,0,114,19.4,11.39,0.0,0.0,18.37,284.79,1.0,13,101290.0,9999999
59287,0,115,18.3,11.39,0.0,0.0,18.37,283.64,1.0,15,101290.0,9999999
59287,0,116,17.3,11.24,0.0,0.0,18.37,282.67,1.0,2,101290.0,9999999
59287,0,117,16.6,11.17,0.0,0.0,18.37,283.06,1.0,9,101290.0,9999999
59287,0,118,16.2,11.09,0.0,0.0,18.37,282.67,1.0,3,101290.0,9999999
59287,0,119,16.0,11.02,0.0,0.0,18.37,281.29,1.0,5,101290.0,9999999
59287,0,120,16.0,11.02,0.0,0.0,18.37,284.03,1.0,11,101380.0,9999999
59287,0,121,16.0,11.02,0.0,0.0,18.37,282.48,1.0,14,101380.0,9999999
59287,0,122,16.0,11.09,0.0,0.0,18.37,278.27,0.0,0,101380.0,9999999
59287,0,123,16.0,11.09,0.0,0.0,18.37,279.49,0.0,15,101380.0,9999999
59287,0,124,16.1,11.31,0.0,0.0,18.37,280.1,0.0,3,101380.0,9999999
59287,0,125,16.1,11.46,0.0,0.0,18.37,282.67,0.0,8,101380.0,9999999
59287,0,126,16.2,11.68,0.0,0.0,18.37,277.66,0.0,7,101380.0,9999999
59287,0,127,16.4,11.76,0.0,0.0,18.37,283.06,0.0,10,101380.0,9999999
59287,0,128,16.5,11.91,48.0,48.0,18.37,278.89,0.0,0,101380.0,9999999
59287,0,129,16.7,11.83,111.0,111.0,18.37,276.83,0.0,10,101380.0,9999999
59287,0,130,16.9,11.68,172.0,172.0,18.37,284.99,0.0,4,101380.0,9999999
59287,0,131,17.3,11.61,221.0,221.0,18.37,282.87,0.0,12,101380.0,9999999
59287,0,132,17.8,11.68,247.0,247.0,18.37,279.09,0.0,6,101380.0,9999999
59287,0,133,18.6,11.99,245.0,245.0,18.37,286.87,0.0,1,101380.0,9999999
59287,0,134,19.7,12.7,216.0,216.0,18.37,284.6,2.0,9,101380.0,9999999
59287,0,135,20.6,13.45,166.0,166.0,18.37,282.28,2.0,10,101380.0,9999999
59287,0,136,20.4,13.45,104.0,104.0,18.37,284.79,2.0,12,101380.0,9999999
59287,0,137,19.8,13.19,41.0,41.0,18.37,286.87,2.0,14,101380.0,9999999
59287,0,138,19.0,12.86,0.0,0.0,18.37,287.43,2.0,10,101380.0,9999999
59287,0,139,18.0,12.38,0.0,0.0,18.37,279.7,2.0,5,101380.0,9999999
59287,0,140,17.2,11.91,0.0,0.0,18.37,285.37,0.0,0,101380.0,9999999
59287,0,141,16.5,11.53,0.0,0.0,18.37,284.6,0.0,5,101380.0,9999999
59287,0,142,16.0,11.24,0.0,0.0,18.37,278.27,0.0,4,101380.0,9999999
59287,0,143,15.6,10.95,0.0,0.0,18.37,276.83,0.0,5,101380.0,9999999
59287,0,144,15.3,10.74,0.0,0.0,18.37,279.09,0.0,13,101480.0,9999999
59287,0,145,15.1,10.6,0.0,0.0,18.37,280.3,0.0,15,101480.0,9999999
59287,0,146,14.8,10.53,0.0,0.0,18.37,278.07,0.0,0,101480.0,9999999
59287,0,147,14.5,10.4,0.0,0.0,18.37,280.9,0.0,1,101480.0,9999999
59287,0,148,14.3,10.19,0.0,0.0,18.37,276.83,0.0,3,101480.0,9999999
59287,0,149,14.0,10.06,0.0,0.0,18.37,276.62,0.0,12,101480.0,9999999
59287,0,150,13.9,9.99,0.0,0.0,18.37,275.79,0.0,14,101480.0,9999999
59287,0,151,13.8,9.99,0.0,0.0,18.37,273.44,0.0,5,101480.0,9999999
59287,0,152,15.5,11.17,173.0,76.0,18.37,283.45,0.0,0,101480.0,9999999
59287,0,153,17.8,12.14,158.0,158.0,18.37,283.45,0.0,14,101480.0,9999999
59287,0,154,19.8,12.54,246.0,246.0,18.37,279.9,0.0,11,101480.0,9999999
59287,0,155,21.5,12.54,796.0,349.0,18.37,281.49,0.0,10,101480.0,9999999
59287,0,156,22.8,12.22,353.0,353.0,18.37,284.22,0.0,8,101480.0,9999999
59287,0,157,23.9,11.91,351.0,351.0,18.37,287.24,0.0,0,101480.0,9999999
59287,0,158,24.7,11.83,780.0,342.0,18.37,291.25,2.0,9,101480.0,9999999
59287,0,159,25.1,12.3,237.0,237.0,18.37,287.24,2.0,6,101480.0,9999999
59287,0,160,24.5,12.62,148.0,148.0,18.37,284.41,2.0,12,101480.0,9999999
59287,0,161,23.0,12.62,149.0,66.0,18.37,291.43,2.0,11,101480.0,9999999
59287,0,162,21.2,12.46,0.0,0.0,18.37,283.64,2.0,9,101480.0,9999999
59287,0,163,19.6,12.38,0.0,0.0,18.37,284.41,2.0,14,101480.0,9999999
59287,0,164,18.7,12.62,0.0,0.0,18.37,287.06,0.0,0,101480.0,9999999
59287,0,165,18.7,13.03,0.0,0.0,18.37,283.84,0.0,11,101480.0,9999999
59287,0,166,18.6,13.36,0.0,0.0,18.37,280.3,0.0,9,101480.0,9999999
59287,0,167,18.1,13.19,0.0,0.0,18.37,278.48,0.0,0,101480.0,9999999
59287,0,168,17.5,12.54,0.0,0.0,18.37,285.93,0.0,8,101870.0,9999999
59287,0,169,16.8,12.07,0.0,0.0,18.37,278.27,0.0,2,101870.0,9999999
59287,0,170,16.3,11.61,0.0,0.0,18.37,277.66,0.0,0,101870.0,9999999
59287,0,171,16.0,11.17,0.0,0.0,18.37,282.48,0.0,1,101870.0,9999999
59287,0,172,15.9,10.74,0.0,0.0,18.37,279.7,0.0,4,101870.0,9999999
59287,0,173,16.0,10.4,0.0,0.0,18.37,283.84,0.0,7,101870.0,9999999
59287,0,174,16.2,10.06,0.0,0.0,18.37,275.79,0.0,16,101870.0,9999999
59287,0,175,16.4,9.74,0.0,0.0,18.37,284.03,0.0,2,101870.0,9999999
59287,0,176,16.7,9.36,111.0,51.0,18.37,278.27,4.0,2,101870.0,9999999
59287,0,177,17.0,8.93,150.0,150.0,18.37,279.09,4.0,6,101870.0,9999999
59287,0,178,17.2,8.46,398.0,182.0,18.37,281.69,4.0,8,101870.0,9999999
59287,0,179,17.4,7.97,510.0,234.0,18.37,284.22,4.0,5,101870.0,9999999
59287,0,180,17.5,7.49,335.0,335.0,18.37,277.25,4.0,4,101870.0,9999999
59287,0,181,17.4,6.99,333.0,333.0,18.37,275.79,4.0,4,101870.0,9999999
59287,0,182,17.3,6.57,294.0,294.0,18.37,275.36,5.0,2,101870.0,9999999
59287,0,183,17.0,6.21,384.0,176.0,18.37,279.09,5.0,6,101870.0,9999999
59287,0,184,16.7,5.95,240.0,110.0,18.37,279.09,5.0,11,101870.0,9999999
59287,0,185,16.2,5.74,232.0,78.0,18.37,278.48,5.0,8,101870.0,9999999
59287,0,186,15.6,5.54,0.0,0.0,18.37,281.29,5.0,16,101870.0,9999999
59287,0,187,15.0,5.38,0.0,0.0,18.37,276.62,5.0,11,101870.0,9999999
59287,0,188,14.4,5.23,0.0,0.0,18.37,279.9,2.0,4,101870.0,9999999
59287,0,189,13.8,5.08,0.0,0.0,18.37,272.58,2.0,6,101870.0,9999999
59287,0,190,13.1,4.89,0.0,0.0,18.37,270.6,2.0,2,101870.0,9999999
59287,0,191,12.5,4.75,0.0,0.0,18.37,276.21,2.0,5,101870.0,9999999
59287,0,192,11.9,4.61,0.0,0.0,18.37,271.92,2.0,6,102040.0,9999999
59287,0,193,11.3,4.44,0.0,0.0,18.37,269.7,2.0,16,102040.0,9999999
59287,0,194,10.8,4.31,0.0,0.0,18.37,275.79,2.0,6,102040.0,9999999
59287,0,195,10.3,4.18,0.0,0.0,18.37,269.48,2.0,3,102040.0,9999999
59287,0,196,9.9,4.06,0.0,0.0,18.37,270.82,2.0,11,102040.0,9999999
59287,0,197,9.7,3.97,0.0,0.0,18.37,269.93,2.0,2,102040.0,9999999
59287,0,198,9.5,3.88,0.0,0.0,18.37,272.58,2.0,15,102040.0,9999999
59287,0,199,9.4,3.79,0.0,0.0,18.37,266.27,2.0,2,102040.0,9999999
59287,0,200,9.5,3.7,53.0,53.0,18.37,269.03,3.0,2,102040.0,9999999
59287,0,201,9.7,3.65,122.0,122.0,18.37,272.8,3.0,7,102040.0,9999999
59287,0,202,10.1,3.62,190.0,190.0,18.37,271.04,3.0,1,102040.0,9999999
59287,0,203,10.5,3.59,243.0,243.0,18.37,267.2,3.0,4,102040.0,9999999
59287,0,204,11.1,3.65,271.0,271.0,18.37,267.66,3.0,10,102040.0,9999999
59287,0,205,11.9,3.76,270.0,270.0,18.37,270.82,3.0,9,102040.0,9999999
59287,0,206,12.9,4.03,238.0,238.0,18.37,274.3,3.0,3,102040.0,9999999
59287,0,207,14.0,4.41,183.0,183.0,18.37,277.45,3.0,10,102040.0,9999999
59287,0,208,14.5,4.79,115.0,115.0,18.37,278.27,3.0,4,102040.0,9999999
59287,0,209,14.2,4.89,46.0,46.0,18.37,279.49,3.0,5,102040.0,9999999
59287,0,210,13.4,4.86,0.0,0.0,18.37,274.09,3.0,5,102040.0,9999999
59287,0,211,12.4,4.75,0.0,0.0,18.37,272.58,3.0,12,102040.0,9999999
59287,0,212,11.5,4.61,0.0,0.0,18.37,271.04,2.0,2,102040.0,9999999
59287,0,213,10.9,4.54,0.0,0.0,18.37,270.37,2.0,3,102040.0,9999999
59287,0,214,10.6,4.54,0.0,0.0,18.37,270.6,2.0,15,102040.0,9999999
59287,0,215,10.4,4.54,0.0,0.0,18.37,271.04,2.0,2,102040.0,9999999
59287,0,216,10.4,4.61,0.0,0.0,18.37,272.36,2.0,5,101740.0,9999999
59287,0,217,10.5,4.72,0.0,0.0,18.37,273.23,2.0,6,101740.0,9999999
59287,0,218,10.5,4.82,0.0,0.0,18.37,270.15,1.0,16,101740.0,9999999
59287,0,219,10.5,4.93,0.0,0.0,18.37,273.23,1.0,2,101740.0,9999999
59287,0,220,10.4,5.0,0.0,0.0,18.37,270.15,1.0,6,101740.0,9999999
59287,0,221,10.2,5.08,0.0,0.0,18.37,275.79,1.0,10,101740.0,9999999
59287,0,222,10.1,5.11,0.0,0.0,18.37,271.7,1.0,7,101740.0,9999999
59287,0,223,10.1,5.11,0.0,0.0,18.37,275.58,1.0,16,101740.0,9999999
59287,0,224,10.3,5.08,178.0,93.0,18.37,270.82,1.0,2,101740.0,9999999
59287,0,225,10.8,5.0,410.0,214.0,18.37,274.73,1.0,9,101740.0,9999999
59287,0,226,11.5,4.97,215.0,215.0,18.37,275.36,1.0,10,101740.0,9999999
59287,0,227,12.4,4.93,275.0,275.0,18.37,274.3,1.0,4,101740.0,9999999
59287,0,228,13.6,5.04,307.0,307.0,18.37,273.23,1.0,4,101740.0,9999999
59287,0,229,15.1,5.34,305.0,305.0,18.37,274.94,1.0,8,101740.0,9999999
59287,0,230,16.8,5.99,269.0,269.0,18.37,279.29,2.0,16,101740.0,9999999
59287,0,231,18.1,6.85,612.0,320.0,18.37,284.41,2.0,8,101740.0,9999999
59287,0,232,17.8,7.24,384.0,201.0,18.37,277.45,2.0,10,101740.0,9999999
59287,0,233,16.9,7.49,52.0,52.0,18.37,278.48,2.0,11,101740.0,9999999
59287,0,234,15.7,7.65,0.0,0.0,18.37,274.3,2.0,7,101740.0,9999999
59287,0,235,14.5,7.65,0.0,0.0,18.37,277.86,2.0,4,101740.0,9999999
59287,0,236,13.5,7.59,0.0,0.0,18.37,276.21,0.0,0,101740.0,9999999
59287,0,237,12.9,7.59,0.0,0.0,18.37,278.27,0.0,7,101740.0,9999999
59287,0,238,12.6,7.65,0.0,0.0,18.37,279.49,0.0,14,101740.0,9999999
59287,0,239,12.6,7.7,0.0,0.0,18.37,275.36,0.0,5,101740.0,9999999
59287,0,240,12.6,7.75,0.0,0.0,18.37,276.21,0.0,0,101460.0,9999999
59287,0,241,12.7,7.86,0.0,0.0,18.37,273.87,0.0,12,101460.0,9999999
59287,0,242,12.7,7.86,0.0,0.0,18.37,278.07,0.0,0,101460.0,9999999
59287,0,243,12.5,7.86,0.0,0.0,18.37,274.94,0.0,9,101460.0,9999999
59287,0,244,12.2,7.8,0.0,0.0,18.37,277.45,0.0,12,101460.0,9999999
59287,0,245,11.8,7.7,0.0,0.0,18.37,273.01,0.0,5,101460.0,9999999
59287,0,246,11.5,7.54,0.0,0.0,18.37,271.7,0.0,16,101460.0,9999999
59287,0,247,11.4,7.39,0.0,0.0,18.37,274.73,0.0,4,101460.0,9999999
59287,0,248,11.7,7.29,114.0,50.0,18.37,274.94,1.0,7,101460.0,9999999
59287,0,249,12.6,7.24,507.0,161.0,18.37,272.58,1.0,7,101460.0,9999999
59287,0,250,13.8,7.29,402.0,177.0,18.37,275.36,1.0,11,101460.0,9999999
59287,0,251,15.4,7.34,302.0,302.0,18.37,278.48,1.0,9,101460.0,9999999
59287,0,252,17.0,7.39,575.0,254.0,18.37,279.09,1.0,12,101460.0,9999999
59287,0,253,18.7,7.54,572.0,252.0,18.37,285.37,1.0,11,101460.0,9999999
59287,0,254,20.1,7.86,297.0,297.0,18.37,284.22,2.0,7,101460.0,9999999
59287,0,255,20.9,8.3,228.0,228.0,18.37,286.31,2.0,15,101460.0,9999999
59287,0,256,20.6,8.58,244.0,107.0,18.37,284.22,2.0,3,101460.0,9999999
59287,0,257,19.8,8.81,193.0,61.0,18.37,282.28,2.0,1,101460.0,9999999
59287,0,258,18.8,8.99,0.0,0.0,18.37,281.89,2.0,1,101460.0,9999999
59287,0,259,17.7,9.17,0.0,0.0,18.37,276.83,2.0,16,101460.0,9999999
59287,0,260,16.7,9.23,0.0,0.0,18.37,284.03,1.0,9,101460.0,9999999
59287,0,261,16.0,9.36,0.0,0.0,18.37,276.62,1.0,2,101460.0,9999999
59287,0,262,15.5,9.48,0.0,0.0,18.37,280.3,1.0,11,101460.0,9999999
59287,0,263,15.2,9.67,0.0,0.0,18.37,278.68,1.0,6,101460.0,9999999
59287,0,264,15.0,9.74,0.0,0.0,18.37,282.67,1.0,1,101340.0,9999999
59287,0,265,14.9,9.8,0.0,0.0,18.37,279.9,1.0,3,101340.0,9999999
59287,0,266,14.7,9.74,0.0,0.0,18.37,277.66,2.0,5,101340.0,9999999
59287,0,267,14.5,9.54,0.0,0.0,18.37,277.45,2.0,12,101340.0,9999999
59287,0,268,14.2,9.29,0.0,0.0,18.37,280.1,2.0,16,101340.0,9999999
59287,0,269,14.0,8.99,0.0,0.0,18.37,277.86,2.0,15,101340.0,9999999
59287,0,270,13.8,8.7,0.0,0.0,18.37,278.27,2.0,8,101340.0,9999999
59287,0,271,13.7,8.41,0.0,0.0,18.37,276.83,2.0,4,101340.0,9999999
59287,0,272,14.6,8.58,44.0,44.0,18.37,281.69,3.0,7,101340.0,9999999
59287,0,273,15.6,8.87,100.0,100.0,18.37,279.49,3.0,7,101340.0,9999999
59287,0,274,16.3,8.87,155.0,155.0,18.37,279.49,3.0,1,101340.0,9999999
59287,0,275,16.8,8.87,198.0,198.0,18.37,278.89,3.0,4,101340.0,9999999
59287,0,276,17.2,8.81,221.0,221.0,18.37,276.21,3.0,16,101340.0,9999999
59287,0,277,17.6,8.99,220.0,220.0,18.37,280.3,3.0,6,101340.0,9999999
59287,0,278,18.3,9.42,194.0,194.0,18.37,281.69,3.0,7,101340.0,9999999
59287,0,279,18.9,10.06,149.0,149.0,18.37,281.29,3.0,15,101340.0,9999999
59287,0,280,18.7,10.33,94.0,94.0,18.37,280.5,3.0,11,101340.0,9999999
59287,0,281,18.1,10.46,38.0,38.0,18.37,283.25,3.0,5,101340.0,9999999
59287,0,282,17.3,10.4,0.0,0.0,18.37,283.45,3.0,12,101340.0,9999999
59287,0,283,16.5,10.33,0.0,0.0,18.37,279.7,3.0,12,101340.0,9999999
59287,0,284,15.9,10.19,0.0,0.0,18.37,278.48,0.0,0,101340.0,9999999
59287,0,285,15.6,10.13,0.0,0.0,18.37,279.29,0.0,14,101340.0,9999999
59287,0,286,15.6,10.06,0.0,0.0,18.37,283.25,0.0,1,101340.0,9999999
59287,0,287,15.7,10.06,0.0,0.0,18.37,281.89,0.0,12,101340.0,9999999
59287,0,288,15.8,10.06,0.0,0.0,18.37,277.66,0.0,3,101330.0,9999999
59287,0,289,15.9,9.99,0.0,0.0,18.37,276.83,0.0,7,101330.0,9999999
59287,0,290,15.9,9.93,0.0,0.0,18.37,280.1,1.0,7,101330.0,9999999
59287,0,291,15.7,9.8,0.0,0.0,18.37,276.41,1.0,10,101330.0,9999999
59287,0,292,15.3,9.67,0.0,0.0,18.37,277.04,1.0,7,101330.0,9999999
59287,0,293,15.0,9.48,0.0,0.0,18.37,280.9,1.0,11,101330.0,9999999
59287,0,294,14.8,9.42,0.0,0.0,18.37,280.7,1.0,16,101330.0,9999999
59287,0,295,14.8,9.48,0.0,0.0,18.37,275.58,1.0,10,101330.0,9999999
59287,0,296,15.3,9.67,41.0,41.0,18.37,276.21,2.0,2,101330.0,9999999
59287,0,297,16.2,10.06,94.0,94.0,18.37,277.04,2.0,10,101330.0,9999999
59287,0,298,17.4,10.46,145.0,145.0,18.37,280.5,2.0,2,101330.0,9999999
59287,0,299,18.4,10.81,186.0,186.0,18.37,279.49,2.0,16,101330.0,9999999
59287,0,300,19.1,10.95,208.0,208.0,18.37,282.48,2.0,5,101330.0,9999999
59287,0,301,19.2,10.67,206.0,206.0,18.37,284.41,2.0,8,101330.0,9999999
59287,0,302,18.8,10.33,182.0,182.0,18.37,281.89,2.0,16,101330.0,9999999
59287,0,303,18.6,10.26,140.0,140.0,18.37,280.5,2.0,5,101330.0,9999999
59287,0,304,18.0,10.13,88.0,88.0,18.37,279.9,2.0,16,101330.0,9999999
59287,0,305,17.2,9.86,36.0,36.0,18.37,280.3,2.0,11,101330.0,9999999
59287,0,306,16.3,9.67,0.0,0.0,18.37,277.04,2.0,14,101330.0,9999999
59287,0,307,15.4,9.36,0.0,0.0,18.37,278.27,2.0,1,101330.0,9999999
59287,0,308,14.5,9.05,0.0,0.0,18.37,275.15,3.0,2,101330.0,9999999
59287,0,309,13.8,8.81,0.0,0.0,18.37,277.66,3.0,1,101330.0,9999999
59287,0,310,13.4,8.58,0.0,0.0,18.37,274.73,3.0,11,101330.0,9999999
59287,0,311,13.0,8.41,0.0,0.0,18.37,280.1,3.0,10,101330.0,9999999
59287,0,312,12.8,8.3,0.0,0.0,18.37,275.36,3.0,3,101140.0,9999999
59287,0,313,12.7,8.18,0.0,0.0,18.37,275.15,3.0,3,101140.0,9999999
59287,0,314,12.6,8.18,0.0,0.0,18.37,275.15,3.0,1,101140.0,9999999
59287,0,315,12.6,8.24,0.0,0.0,18.37,278.07,3.0,11,101140.0,9999999
59287,0,316,12.5,8.3,0.0,0.0,18.37,276.21,3.0,10,101140.0,9999999
59287,0,317,12.5,8.3,0.0,0.0,18.37,275.15,3.0,16,101140.0,9999999
59287,0,318,12.5,8.3,0.0,0.0,18.37,276.21,3.0,5,101140.0,9999999
59287,0,319,12.5,8.13,0.0,0.0,18.37,274.52,3.0,13,101140.0,9999999
59287,0,320,12.7,7.97,127.0,47.0,18.37,279.7,2.0,2,101140.0,9999999
59287,0,321,13.4,7.86,169.0,169.0,18.37,273.66,2.0,5,101140.0,9999999
59287,0,322,14.5,7.86,261.0,261.0,18.37,279.9,2.0,1,101140.0,9999999
59287,0,323,16.0,7.97,568.0,208.0,18.37,276.21,2.0,13,101140.0,9999999
59287,0,324,17.8,8.24,373.0,373.0,18.37,278.89,2.0,1,101140.0,9999999
59287,0,325,19.6,8.7,630.0,231.0,18.37,278.68,2.0,15,101140.0,9999999
59287,0,326,21.6,9.61,744.0,186.0,18.37,285.55,1.0,8,101140.0,9999999
59287,0,327,22.9,10.74,573.0,144.0,18.37,287.06,1.0,3,101140.0,9999999
59287,0,328,22.5,11.17,270.0,99.0,18.37,284.41,1.0,3,101140.0,9999999
59287,0,329,21.4,11.39,111.0,41.0,18.37,281.1,1.0,3,101140.0,9999999
59287,0,330,19.9,11.31,0.0,0.0,18.37,284.41,1.0,11,101140.0,9999999
59287,0,331,18.3,11.09,0.0,0.0,18.37,284.79,1.0,5,101140.0,9999999
59287,0,332,16.8,10.81,0.0,0.0,18.37,279.49,2.0,2,101140.0,9999999
59287,0,333,15.7,10.53,0.0,0.0,18.37,276.83,2.0,9,101140.0,9999999
59287,0,334,14.9,10.33,0.0,0.0,18.37,276.0,2.0,6,101140.0,9999999
59287,0,335,14.4,10.13,0.0,0.0,18.37,278.68,2.0,4,101140.0,9999999
59287,0,336,14.1,10.06,0.0,0.0,18.37,277.86,2.0,13,101160.0,9999999
59287,0,337,14.0,9.99,0.0,0.0,18.37,278.27,2.0,4,101160.0,9999999
59287,0,338,13.9,9.93,0.0,0.0,18.37,277.45,0.0,0,101160.0,9999999
59287,0,339,13.8,9.93,0.0,0.0,18.37,281.49,0.0,6,101160.0,9999999
59287,0,340,13.8,9.86,0.0,0.0,18.37,276.41,0.0,0,101160.0,9999999
59287,0,341,13.7,9.8,0.0,0.0,18.37,276.83,0.0,0,101160.0,9999999
59287,0,342,13.7,9.67,0.0,0.0,18.37,277.25,0.0,6,101160.0,9999999
59287,0,343,13.7,9.42,0.0,0.0,18.37,273.23,0.0,15,101160.0,9999999
59287,0,344,15.8,10.46,102.0,57.0,18.37,279.49,0.0,0,101160.0,9999999
59287,0,345,18.1,11.53,230.0,129.0,18.37,283.64,0.0,3,101160.0,9999999
59287,0,346,19.5,11.76,184.0,184.0,18.37,286.12,0.0,4,101160.0,9999999
59287,0,347,20.3,11.53,453.0,255.0,18.37,283.84,0.0,10,101160.0,9999999
59287,0,348,20.9,11.09,506.0,285.0,18.37,282.87,0.0,2,101160.0,9999999
59287,0,349,21.6,10.81,503.0,283.0,18.37,285.93,0.0,2,101160.0,9999999
59287,0,350,22.6,10.95,230.0,230.0,18.37,282.28,3.0,16,101160.0,9999999
59287,0,351,23.6,11.46,342.0,193.0,18.37,287.43,3.0,3,101160.0,9999999
59287,0,352,23.0,11.09,216.0,122.0,18.37,286.31,3.0,7,101160.0,9999999
59287,0,353,21.6,10.46,89.0,50.0,18.37,286.68,3.0,8,101160.0,9999999
59287,0,354,19.7,9.61,0.0,0.0,18.37,283.64,3.0,8,101160.0,9999999
59287,0,355,17.7,8.81,0.0,0.0,18.37,280.9,3.0,2,101160.0,9999999
59287,0,356,15.9,8.07,0.0,0.0,18.37,281.29,4.0,2,101160.0,9999999
59287,0,357,14.6,7.65,0.0,0.0,18.37,278.68,4.0,12,101160.0,9999999
59287,0,358,13.8,7.34,0.0,0.0,18.37,277.86,4.0,7,101160.0,9999999
59287,0,359,13.3,7.19,0.0,0.0,18.37,277.25,4.0,4,101160.0,9999999
59287,0,360,13.1,7.14,0.0,0.0,18.37,273.87,4.0,1,101440.0,9999999
59287,0,361,13.0,7.14,0.0,0.0,18.37,278.07,4.0,14,101440.0,9999999
59287,0,362,12.9,7.09,0.0,0.0,18.37,279.49,3.0,2,101440.0,9999999
59287,0,363,12.7,7.09,0.0,0.0,18.37,274.73,3.0,7,101440.0,9999999
59287,0,364,12.5,6.99,0.0,0.0,18.37,274.52,3.0,16,101440.0,9999999
59287,0,365,12.2,6.9,0.0,0.0,18.37,278.68,3.0,4,101440.0,9999999
59287,0,366,12.0,6.75,0.0,0.0,18.37,270.37,3.0,2,101440.0,9999999
59287,0,367,11.8,6.61,0.0,0.0,18.37,272.36,3.0,6,101440.0,9999999
59287,0,368,11.7,6.48,45.0,45.0,18.37,272.36,4.0,2,101440.0,9999999
59287,0,369,11.8,6.34,101.0,101.0,18.37,273.01,4.0,6,101440.0,9999999
59287,0,370,12.0,6.21,156.0,156.0,18.37,270.15,4.0,10,101440.0,9999999
59287,0,371,12.4,6.16,199.0,199.0,18.37,274.52,4.0,9,101440.0,9999999
59287,0,372,13.1,6.21,222.0,222.0,18.37,275.15,4.0,11,101440.0,9999999
59287,0,373,14.0,6.43,221.0,221.0,18.37,274.52,4.0,2,101440.0,9999999
59287,0,374,15.1,6.9,195.0,195.0,18.37,273.44,2.0,2,101440.0,9999999
59287,0,375,16.0,7.39,150.0,150.0,18.37,278.48,2.0,5,101440.0,9999999
59287,0,376,15.9,7.59,95.0,95.0,18.37,281.1,2.0,2,101440.0,9999999
59287,0,377,15.7,7.7,39.0,39.0,18.37,276.62,2.0,8,101440.0,9999999
59287,0,378,15.4,7.86,0.0,0.0,18.37,280.7,2.0,1,101440.0,9999999
59287,0,379,15.0,7.97,0.0,0.0,18.37,277.25,2.0,3,101440.0,9999999
59287,0,380,14.7,8.02,0.0,0.0,18.37,281.69,0.0,0,101440.0,9999999
59287,0,381,14.5,8.02,0.0,0.0,18.37,273.44,0.0,1,101440.0,9999999
59287,0,382,14.3,8.02,0.0,0.0,18.37,273.23,0.0,2,101440.0,9999999
59287,0,383,14.2,8.02,0.0,0.0,18.37,277.04,0.0,11,101440.0,9999999
59287,0,384,14.1,8.02,0.0,0.0,18.37,281.1,0.0,2,101180.0,9999999
59287,0,385,14.0,8.02,0.0,0.0,18.37,275.15,0.0,5,101180.0,9999999
59287,0,386,13.9,8.02,0.0,0.0,18.37,275.15,0.0,0,101180.0,9999999
59287,0,387,13.7,8.02,0.0,0.0,18.37,277.25,0.0,9,101180.0,9999999
59287,0,388,13.5,8.07,0.0,0.0,18.37,276.0,0.0,12,101180.0,9999999
59287,0,389,13.3,8.13,0.0,0.0,18.37,272.36,0.0,7,101180.0,9999999
59287,0,390,13.2,8.13,0.0,0.0,18.37,275.58,0.0,4,101180.0,9999999
59287,0,391,13.1,8.13,0.0,0.0,18.37,276.0,0.0,13,101180.0,9999999
59287,0,392,13.8,8.35,118.0,65.0,18.37,279.29,0.0,0,101180.0,9999999
59287,0,393,14.8,8.64,127.0,127.0,18.37,275.36,0.0,1,101180.0,9999999
59287,0,394,15.9,8.81,405.0,223.0,18.37,281.49,0.0,1,101180.0,9999999
59287,0,395,17.0,8.93,249.0,249.0,18.37,277.45,0.0,6,101180.0,9999999
59287,0,396,18.2,9.17,578.0,318.0,18.37,282.87,0.0,5,101180.0,9999999
59287,0,397,19.6,9.54,277.0,277.0,18.37,280.1,0.0,5,101180.0,9999999
59287,0,398,21.2,10.4,508.0,280.0,18.37,280.7,2.0,9,101180.0,9999999
59287,0,399,22.4,11.31,391.0,216.0,18.37,290.36,2.0,3,101180.0,9999999
59287,0,400,22.1,11.46,248.0,136.0,18.37,285.37,2.0,2,101180.0,9999999
59287,0,401,21.3,11.46,50.0,50.0,18.37,285.18,2.0,10,101180.0,9999999
59287,0,402,20.3,11.39,0.0,0.0,18.37,284.22,2.0,10,101180.0,9999999
59287,0,403,19.5,11.39,0.0,0.0,18.37,285.93,2.0,14,101180.0,9999999
59287,0,404,19.0,11.53,0.0,0.0,18.37,283.06,2.0,11,101180.0,9999999
59287,0,405,19.1,11.99,0.0,0.0,18.37,284.6,2.0,5,101180.0,9999999
59287,0,406,19.3,12.38,0.0,0.0,18.37,286.12,2.0,3,101180.0,9999999
59287,0,407,19.1,12.3,0.0,0.0,18.37,287.43,2.0,14,101180.0,9999999
59287,0,408,18.7,12.07,0.0,0.0,18.37,282.87,2.0,10,101220.0,9999999
59287,0,409,18.2,11.76,0.0,0.0,18.37,280.5,2.0,8,101220.0,9999999
59287,0,410,18.0,11.68,0.0,0.0,18.37,280.3,0.0,0,101220.0,9999999
59287,0,411,17.8,11.61,0.0,0.0,18.37,279.09,0.0,12,101220.0,9999999
59287,0,412,17.3,11.31,0.0,0.0,18.37,279.49,0.0,8,101220.0,9999999
59287,0,413,16.6,10.88,0.0,0.0,18.37,280.5,0.0,8,101220.0,9999999
59287,0,414,16.0,10.4,0.0,0.0,18.37,280.3,0.0,8,101220.0,9999999
59287,0,415,15.4,9.93,0.0,0.0,18.37,281.49,0.0,9,101220.0,9999999
59287,0,416,15.2,9.48,148.0,83.0,18.37,278.07,4.0,1,101220.0,9999999
59287,0,417,15.3,9.17,331.0,185.0,18.37,282.67,4.0,13,101220.0,9999999
59287,0,418,15.7,8.93,203.0,203.0,18.37,283.06,4.0,4,101220.0,9999999
59287,0,419,16.3,8.75,650.0,363.0,18.37,281.89,4.0,8,101220.0,9999999
59287,0,420,16.9,8.52,289.0,289.0,18.37,284.03,4.0,8,101220.0,9999999
59287,0,421,17.3,8.35,287.0,287.0,18.37,276.21,4.0,8,101220.0,9999999
59287,0,422,17.5,8.18,638.0,356.0,18.37,282.87,3.0,16,101220.0,9999999
59287,0,423,16.9,7.91,196.0,196.0,18.37,280.3,3.0,6,101220.0,9999999
59287,0,424,15.6,7.39,124.0,124.0,18.37,279.49,3.0,9,101220.0,9999999
59287,0,425,13.9,6.9,52.0,52.0,18.37,275.15,3.0,2,101220.0,9999999
59287,0,426,12.4,6.48,0.0,0.0,18.37,270.82,3.0,10,101220.0,9999999
59287,0,427,11.6,6.39,0.0,0.0,18.37,274.52,3.0,14,101220.0,9999999
59287,0,428,11.7,6.66,0.0,0.0,18.37,273.66,4.0,3,101220.0,9999999
59287,0,429,11.8,6.8,0.0,0.0,18.37,272.58,4.0,7,101220.0,9999999
59287,0,430,11.7,6.75,0.0,0.0,18.37,278.07,4.0,14,101220.0,9999999
59287,0,431,11.4,6.61,0.0,0.0,18.37,271.26,4.0,8,101220.0,9999999
59287,0,432,11.1,6.39,0.0,0.0,18.37,275.79,4.0,11,101420.0,9999999
59287,0,433,10.6,6.16,0.0,0.0,18.37,271.7,4.0,16,101420.0,9999999
59287,0,434,10.2,5.91,0.0,0.0,18.37,268.34,4.0,2,101420.0,9999999
59287,0,435,9.8,5.74,0.0,0.0,18.37,272.36,4.0,11,101420.0,9999999
59287,0,436,9.4,5.62,0.0,0.0,18.37,268.57,4.0,3,101420.0,9999999
59287,0,437,9.1,5.54,0.0,0.0,18.37,270.37,4.0,14,101420.0,9999999
59287,0,438,8.9,5.5,0.0,0.0,18.37,273.23,4.0,6,101420.0,9999999
59287,0,439,8.8,5.5,0.0,0.0,18.37,271.26,4.0,3,101420.0,9999999
59287,0,440,9.0,5.54,48.0,48.0,18.37,270.37,3.0,1,101420.0,9999999
59287,0,441,9.2,5.54,107.0,107.0,18.37,271.7,3.0,10,101420.0,9999999
59287,0,442,9.5,5.5,165.0,165.0,18.37,270.82,3.0,9,101420.0,9999999
59287,0,443,9.7,5.46,210.0,210.0,18.37,274.09,3.0,15,101420.0,9999999
59287,0,444,10.0,5.38,234.0,234.0,18.37,271.7,3.0,4,101420.0,9999999
59287,0,445,10.4,5.38,233.0,233.0,18.37,271.04,3.0,6,101420.0,9999999
59287,0,446,11.0,5.5,206.0,206.0,18.37,272.36,3.0,3,101420.0,9999999
59287,0,447,11.7,5.66,159.0,159.0,18.37,274.94,3.0,4,101420.0,9999999
59287,0,448,12.0,5.78,101.0,101.0,18.37,269.93,3.0,7,101420.0,9999999
59287,0,449,11.8,5.7,42.0,42.0,18.37,275.15,3.0,3,101420.0,9999999
59287,0,450,11.4,5.58,0.0,0.0,18.37,272.14,3.0,3,101420.0,9999999
59287,0,451,10.8,5.46,0.0,0.0,18.37,273.87,3.0,8,101420.0,9999999
59287,0,452,10.3,5.3,0.0,0.0,18.37,273.44,3.0,1,101420.0,9999999
59287,0,453,9.9,5.27,0.0,0.0,18.37,271.7,3.0,11,101420.0,9999999
59287,0,454,9.8,5.23,0.0,0.0,18.37,270.37,3.0,10,101420.0,9999999
59287,0,455,9.7,5.3,0.0,0.0,18.37,267.43,3.0,6,101420.0,9999999
59287,0,456,9.7,5.34,0.0,0.0,18.37,271.92,3.0,16,101240.0,9999999
59287,0,457,9.7,5.42,0.0,0.0,18.37,268.8,3.0,5,101240.0,9999999
59287,0,458,9.7,5.5,0.0,0.0,18.37,270.37,2.0,5,101240.0,9999999
59287,0,459,9.7,5.54,0.0,0.0,18.37,270.6,2.0,11,101240.0,9999999
59287,0,460,9.6,5.58,0.0,0.0,18.37,271.04,2.0,16,101240.0,9999999
59287,0,461,9.6,5.58,0.0,0.0,18.37,272.8,2.0,8,101240.0,9999999
59287,0,462,9.5,5.58,0.0,0.0,18.37,271.92,2.0,8,101240.0,9999999
59287,0,463,9.5,5.54,0.0,0.0,18.37,272.8,2.0,13,101240.0,9999999
59287,0,464,9.7,5.58,88.0,60.0,18.37,275.58,2.0,2,101240.0,9999999
59287,0,465,10.1,5.62,194.0,134.0,18.37,268.12,2.0,4,101240.0,9999999
59287,0,466,10.5,5.66,298.0,205.0,18.37,269.7,2.0,15,101240.0,9999999
59287,0,467,11.2,5.78,379.0,262.0,18.37,277.04,2.0,3,101240.0,9999999
59287,0,468,12.1,5.99,204.0,204.0,18.37,271.48,2.0,16,101240.0,9999999
59287,0,469,13.2,6.39,421.0,290.0,18.37,272.8,2.0,12,101240.0,9999999
59287,0,470,14.7,6.94,179.0,179.0,18.37,278.48,2.0,7,101240.0,9999999
59287,0,471,16.4,7.7,138.0,138.0,18.37,275.15,2.0,5,101240.0,9999999
59287,0,472,17.2,8.13,183.0,126.0,18.37,277.45,2.0,3,101240.0,9999999
59287,0,473,17.0,8.07,77.0,53.0,18.37,278.07,2.0,9,101240.0,9999999
59287,0,474,16.4,7.91,0.0,0.0,18.37,283.25,2.0,5,101240.0,9999999
59287,0,475,15.6,7.75,0.0,0.0,18.37,277.86,2.0,10,101240.0,9999999
59287,0,476,14.9,7.59,0.0,0.0,18.37,277.66,1.0,16,101240.0,9999999
59287,0,477,14.4,7.54,0.0,0.0,18.37,278.48,1.0,11,101240.0,9999999
59287,0,478,14.1,7.7,0.0,0.0,18.37,275.15,1.0,4,101240.0,9999999
59287,0,479,14.0,7.86,0.0,0.0,18.37,277.45,1.0,10,101240.0,9999999
59287,0,480,14.0,8.07,0.0,0.0,18.37,276.41,1.0,12,101120.0,9999999
59287,0,481,14.1,8.3,0.0,0.0,18.37,274.52,1.0,8,101120.0,9999999
59287,0,482,14.1,8.52,0.0,0.0,18.37,273.23,0.0,0,101120.0,9999999
59287,0,483,14.1,8.7,0.0,0.0,18.37,279.9,0.0,3,101120.0,9999999
59287,0,484,14.1,8.75,0.0,0.0,18.37,279.9,0.0,4,101120.0,9999999
59287,0,485,14.1,8.81,0.0,0.0,18.37,277.86,0.0,10,101120.0,9999999
59287,0,486,14.0,8.75,0.0,0.0,18.37,276.21,0.0,16,101120.0,9999999
59287,0,487,14.0,8.75,0.0,0.0,18.37,274.52,0.0,12,101120.0,9999999
59287,0,488,15.2,9.42,32.0,32.0,18.37,276.83,0.0,0,101120.0,9999999
59287,0,489,16.4,10.06,71.0,71.0,18.37,281.49,0.0,8,101120.0,9999999
59287,0,490,17.0,10.33,109.0,109.0,18.37,280.7,0.0,5,101120.0,9999999
59287,0,491,17.3,10.33,139.0,139.0,18.37,284.99,0.0,9,101120.0,9999999
59287,0,492,17.3,10.19,155.0,155.0,18.37,276.83,0.0,3,101120.0,9999999
59287,0,493,17.4,10.13,154.0,154.0,18.37,279.29,0.0,10,101120.0,9999999
59287,0,494,17.7,10.26,137.0,137.0,18.37,281.89,1.0,7,101120.0,9999999
59287,0,495,18.1,10.53,106.0,106.0,18.37,280.7,1.0,2,101120.0,9999999
59287,0,496,17.9,10.46,67.0,67.0,18.37,281.1,1.0,5,101120.0,9999999
59287,0,497,17.5,10.33,28.0,28.0,18.37,280.1,1.0,3,101120.0,9999999
59287,0,498,17.0,10.06,0.0,0.0,18.37,280.1,1.0,2,101120.0,9999999
59287,0,499,16.4,9.8,0.0,0.0,18.37,280.5,1.0,4,101120.0,9999999
59287,0,500,15.9,9.61,0.0,0.0,18.37,278.27,2.0,1,101120.0,9999999
59287,0,501,15.5,9.48,0.0,0.0,18.37,283.06,2.0,12,101120.0,9999999
59287,0,502,15.3,9.36,0.0,0.0,18.37,278.27,2.0,1,101120.0,9999999
59287,0,503,15.2,9.36,0.0,0.0,18.37,274.52,2.0,11,101120.0,9999999
59287,0,504,15.1,9.29,0.0,0.0,18.37,279.09,2.0,7,101160.0,9999999
59287,0,505,14.9,9.29,0.0,0.0,18.37,280.9,2.0,16,101160.0,9999999
59287,0,506,14.8,9.23,0.0,0.0,18.37,277.66,3.0,1,101160.0,9999999
59287,0,507,14.6,9.17,0.0,0.0,18.37,276.83,3.0,8,101160.0,9999999
59287,0,508,14.3,9.05,0.0,0.0,18.37,279.09,3.0,11,101160.0,9999999
59287,0,509,14.0,8.93,0.0,0.0,18.37,273.23,3.0,9,101160.0,9999999
59287,0,510,13.8,8.75,0.0,0.0,18.37,281.1,3.0,9,101160.0,9999999
59287,0,511,13.6,8.58,0.0,0.0,18.37,280.7,3.0,3,101160.0,9999999
59287,0,512,13.5,8.41,71.0,51.0,18.37,278.07,2.0,1,101160.0,9999999
59287,0,513,13.6,8.18,82.0,82.0,18.37,279.09,2.0,4,101160.0,9999999
59287,0,514,13.8,8.02,240.0,173.0,18.37,279.29,2.0,6,101160.0,9999999
59287,0,515,14.1,7.91,160.0,160.0,18.37,277.66,2.0,8,101160.0,9999999
59287,0,516,14.6,7.91,340.0,246.0,18.37,275.79,2.0,3,101160.0,9999999
59287,0,517,15.3,8.02,338.0,244.0,18.37,277.66,2.0,11,101160.0,9999999
59287,0,518,16.2,8.35,299.0,216.0,18.37,279.09,3.0,16,101160.0,9999999
59287,0,519,17.1,8.93,231.0,167.0,18.37,284.41,3.0,13,101160.0,9999999
59287,0,520,17.6,9.36,148.0,107.0,18.37,276.83,3.0,14,101160.0,9999999
59287,0,521,17.2,9.29,63.0,45.0,18.37,279.9,3.0,4,101160.0,9999999
59287,0,522,16.1,8.99,0.0,0.0,18.37,277.66,3.0,11,101160.0,9999999
59287,0,523,14.9,8.46,0.0,0.0,18.37,275.15,3.0,2,101160.0,9999999
59287,0,524,13.7,8.02,0.0,0.0,18.37,276.21,3.0,1,101160.0,9999999
59287,0,525,12.9,7.7,0.0,0.0,18.37,275.15,3.0,11,101160.0,9999999
59287,0,526,12.5,7.49,0.0,0.0,18.37,274.09,3.0,3,101160.0,9999999
59287,0,527,12.3,7.39,0.0,0.0,18.37,274.94,3.0,16,101160.0,9999999
59287,0,528,12.2,7.34,0.0,0.0,18.37,278.89,3.0,4,101380.0,9999999
59287,0,529,12.1,7.29,0.0,0.0,18.37,272.14,3.0,1,101380.0,9999999
59287,0,530,12.0,7.24,0.0,0.0,18.37,275.15,3.0,1,101380.0,9999999
59287,0,531,11.7,7.14,0.0,0.0,18.37,275.79,3.0,13,101380.0,9999999
59287,0,532,11.3,6.99,0.0,0.0,18.37,274.52,3.0,9,101380.0,9999999
59287,0,533,10.9,6.9,0.0,0.0,18.37,275.79,3.0,6,101380.0,9999999
59287,0,534,10.5,6.75,0.0,0.0,18.37,270.37,3.0,8,101380.0,9999999
59287,0,535,10.4,6.61,0.0,0.0,18.37,272.36,3.0,3,101380.0,9999999
59287,0,536,10.5,6.52,92.0,62.0,18.37,271.7,2.0,2,101380.0,9999999
59287,0,537,11.0,6.48,201.0,136.0,18.37,274.73,2.0,4,101380.0,9999999
59287,0,538,11.9,6.52,150.0,150.0,18.37,276.62,2.0,13,101380.0,9999999
59287,0,539,13.0,6.57,390.0,264.0,18.37,276.62,2.0,9,101380.0,9999999
59287,0,540,14.2,6.66,435.0,295.0,18.37,279.09,2.0,1,101380.0,9999999
59287,0,541,15.4,6.8,211.0,211.0,18.37,279.09,2.0,9,101380.0,9999999
59287,0,542,16.5,6.94,383.0,259.0,18.37,280.3,4.0,1,101380.0,9999999
59287,0,543,17.1,7.09,145.0,145.0,18.37,280.9,4.0,6,101380.0,9999999
59287,0,544,16.9,7.04,189.0,128.0,18.37,279.29,4.0,8,101380.0,9999999
59287,0,545,16.5,6.99,81.0,55.0,18.37,277.86,4.0,16,101380.0,9999999
59287,0,546,15.9,6.94,0.0,0.0,18.37,278.27,4.0,3,101380.0,9999999
59287,0,547,15.3,6.9,0.0,0.0,18.37,277.66,4.0,9,101380.0,9999999
59287,0,548,14.8,6.9,0.0,0.0,18.37,273.23,2.0,2,101380.0,9999999
59287,0,549,14.5,6.9,0.0,0.0,18.37,275.15,2.0,3,101380.0,9999999
59287,0,550,14.4,6.94,0.0,0.0,18.37,275.15,2.0,9,101380.0,9999999
59287,0,551,14.3,6.99,0.0,0.0,18.37,274.94,2.0,11,101380.0,9999999
59287,0,552,14.3,7.09,0.0,0.0,18.37,274.94,2.0,10,101340.0,9999999
59287,0,553,14.1,7.19,0.0,0.0,18.37,278.07,2.0,3,101340.0,9999999
59287,0,554,13.8,7.24,0.0,0.0,18.37,277.04,1.0,3,101340.0,9999999
59287,0,555,13.3,7.29,0.0,0.0,18.37,271.92,1.0,4,101340.0,9999999
59287,0,556,12.6,7.24,0.0,0.0,18.37,271.26,1.0,9,101340.0,9999999
59287,0,557,12.0,7.24,0.0,0.0,18.37,277.04,1.0,15,101340.0,9999999
59287,0,558,11.5,7.19,0.0,0.0,18.37,272.36,1.0,6,101340.0,9999999
59287,0,559,11.3,7.19,0.0,0.0,18.37,273.87,1.0,7,101340.0,9999999
59287,0,560,11.6,7.29,115.0,79.0,18.37,273.23,2.0,16,101340.0,9999999
59287,0,561,12.2,7.39,103.0,103.0,18.37,278.89,2.0,11,101340.0,9999999
59287,0,562,12.9,7.39,384.0,261.0,18.37,275.58,2.0,5,101340.0,9999999
59287,0,563,13.9,7.39,200.0,200.0,18.37,272.58,2.0,14,101340.0,9999999
59287,0,564,15.0,7.49,222.0,222.0,18.37,281.69,2.0,15,101340.0,9999999
59287,0,565,16.3,7.7,540.0,368.0,18.37,280.5,2.0,16,101340.0,9999999
59287,0,566,17.8,8.24,196.0,196.0,18.37,276.62,1.0,16,101340.0,9999999
59287,0,567,18.9,8.87,371.0,252.0,18.37,280.9,1.0,1,101340.0,9999999
59287,0,568,18.4,8.81,97.0,97.0,18.37,282.08,1.0,9,101340.0,9999999
59287,0,569,17.2,8.58,42.0,42.0,18.37,279.7,1.0,6,101340.0,9999999
59287,0,570,15.8,8.35,0.0,0.0,18.37,274.73,1.0,15,101340.0,9999999
59287,0,571,14.7,8.24,0.0,0.0,18.37,278.27,1.0,6,101340.0,9999999
59287,0,572,14.5,8.52,0.0,0.0,18.37,281.69,2.0,1,101340.0,9999999
59287,0,573,15.2,9.29,0.0,0.0,18.37,276.83,2.0,6,101340.0,9999999
59287,0,574,15.6,9.86,0.0,0.0,18.37,281.69,2.0,1,101340.0,9999999
59287,0,575,15.5,9.99,0.0,0.0,18.37,278.68,2.0,14,101340.0,9999999
59287,0,576,15.2,9.86,0.0,0.0,18.37,277.04,2.0,14,101260.0,9999999
59287,0,577,14.9,9.67,0.0,0.0,18.37,274.3,2.0,7,101260.0,9999999
59287,0,578,14.7,9.54,0.0,0.0,18.37,280.7,1.0,2,101260.0,9999999
59287,0,579,14.7,9.36,0.0,0.0,18.37,278.68,1.0,4,101260.0,9999999
59287,0,580,14.7,9.17,0.0,0.0,18.37,282.08,1.0,12,101260.0,9999999
59287,0,581,14.6,8.93,0.0,0.0,18.37,277.45,1.0,5,101260.0,9999999
59287,0,582,14.5,8.64,0.0,0.0,18.37,278.27,1.0,11,101260.0,9999999
59287,0,583,14.4,8.35,0.0,0.0,18.37,281.49,1.0,8,101260.0,9999999
59287,0,584,14.2,8.07,38.0,38.0,18.37,277.66,3.0,1,101260.0,9999999
59287,0,585,13.9,7.8,83.0,83.0,18.37,276.83,3.0,6,101260.0,9999999
59287,0,586,13.6,7.49,126.0,126.0,18.37,277.04,3.0,14,101260.0,9999999
59287,0,587,13.3,7.29,160.0,160.0,18.37,271.92,3.0,9,101260.0,9999999
59287,0,588,12.9,7.04,178.0,178.0,18.37,271.48,3.0,4,101260.0,9999999
59287,0,589,12.4,6.8,177.0,177.0,18.37,272.14,3.0,10,101260.0,9999999
59287,0,590,12.0,6.61,157.0,157.0,18.37,274.94,6.0,1,101260.0,9999999
59287,0,591,11.6,6.43,122.0,122.0,18.37,269.93,6.0,12,101260.0,9999999
59287,0,592,11.1,6.21,78.0,78.0,18.37,275.79,6.0,8,101260.0,9999999
59287,0,593,10.7,6.04,34.0,34.0,18.37,271.7,6.0,7,101260.0,9999999
59287,0,594,10.3,5.91,0.0,0.0,18.37,268.34,6.0,7,101260.0,9999999
59287,0,595,10.0,5.74,0.0,0.0,18.37,269.25,6.0,7,101260.0,9999999
59287,0,596,9.7,5.66,0.0,0.0,18.37,271.7,3.0,3,101260.0,9999999
59287,0,597,9.5,5.54,0.0,0.0,18.37,275.36,3.0,6,101260.0,9999999
59287,0,598,9.4,5.46,0.0,0.0,18.37,268.57,3.0,5,101260.0,9999999
59287,0,599,9.3,5.42,0.0,0.0,18.37,271.04,3.0,9,101260.0,9999999
59287,0,600,9.2,5.34,0.0,0.0,18.37,269.93,3.0,7,101590.0,9999999
59287,0,601,9.1,5.3,0.0,0.0,18.37,272.14,3.0,11,101590.0,9999999
59287,0,602,9.0,5.23,0.0,0.0,18.37,266.73,3.0,3,101590.0,9999999
59287,0,603,8.8,5.15,0.0,0.0,18.37,274.3,3.0,2,101590.0,9999999
59287,0,604,8.6,5.08,0.0,0.0,18.37,269.7,3.0,11,101590.0,9999999
59287,0,605,8.4,5.0,0.0,0.0,18.37,267.43,3.0,8,101590.0,9999999
59287,0,606,8.3,4.93,0.0,0.0,18.37,269.25,3.0,12,101590.0,9999999
59287,0,607,8.2,4.89,0.0,0.0,18.37,272.14,3.0,9,101590.0,9999999
59287,0,608,8.4,4.86,42.0,42.0,18.37,269.93,2.0,3,101590.0,9999999
59287,0,609,8.7,4.82,91.0,91.0,18.37,270.82,2.0,2,101590.0,9999999
59287,0,610,8.9,4.75,139.0,139.0,18.37,268.57,2.0,2,101590.0,9999999
59287,0,611,9.2,4.68,176.0,176.0,18.37,270.6,2.0,9,101590.0,9999999
59287,0,612,9.6,4.65,196.0,196.0,18.37,266.96,2.0,15,101590.0,9999999
59287,0,613,10.1,4.68,195.0,195.0,18.37,271.92,2.0,10,101590.0,9999999
59287,0,614,10.7,4.89,173.0,173.0,18.37,272.8,4.0,2,101590.0,9999999
59287,0,615,11.2,5.11,134.0,134.0,18.37,276.62,4.0,15,101590.0,9999999
59287,0,616,11.0,5.23,86.0,86.0,18.37,269.93,4.0,5,101590.0,9999999
59287,0,617,10.6,5.27,37.0,37.0,18.37,268.34,4.0,13,101590.0,9999999
59287,0,618,10.0,5.27,0.0,0.0,18.37,273.01,4.0,16,101590.0,9999999
59287,0,619,9.3,5.23,0.0,0.0,18.37,269.93,4.0,11,101590.0,9999999
59287,0,620,8.7,5.19,0.0,0.0,18.37,272.8,4.0,2,101590.0,9999999
59287,0,621,8.3,5.15,0.0,0.0,18.37,271.26,4.0,13,101590.0,9999999
59287,0,622,8.0,5.11,0.0,0.0,18.37,273.44,4.0,5,101590.0,9999999
59287,0,623,7.8,5.08,0.0,0.0,18.37,271.92,4.0,8,101590.0,9999999
59287,0,624,7.7,5.04,0.0,0.0,18.37,267.66,4.0,5,101760.0,9999999
59287,0,625,7.6,5.0,0.0,0.0,18.37,269.25,4.0,5,101760.0,9999999
59287,0,626,7.5,4.97,0.0,0.0,18.37,269.7,4.0,3,101760.0,9999999
59287,0,627,7.4,4.93,0.0,0.0,18.37,269.48,4.0,5,101760.0,9999999
59287,0,628,7.2,4.89,0.0,0.0,18.37,266.27,4.0,6,101760.0,9999999
59287,0,629,7.1,4.89,0.0,0.0,18.37,271.04,4.0,7,101760.0,9999999
59287,0,630,7.1,4.86,0.0,0.0,18.37,266.96,4.0,4,101760.0,9999999
59287,0,631,7.2,4.86,0.0,0.0,18.37,267.66,4.0,9,101760.0,9999999
59287,0,632,7.5,4.89,45.0,45.0,18.37,265.09,3.0,2,101760.0,9999999
59287,0,633,7.8,4.89,98.0,98.0,18.37,266.73,3.0,2,101760.0,9999999
59287,0,634,8.2,4.89,149.0,149.0,18.37,265.8,3.0,9,101760.0,9999999
59287,0,635,8.7,4.89,189.0,189.0,18.37,270.15,3.0,10,101760.0,9999999
59287,0,636,9.2,4.89,210.0,210.0,18.37,268.12,3.0,10,101760.0,9999999
59287,0,637,9.7,4.97,209.0,209.0,18.37,267.43,3.0,5,101760.0,9999999
59287,0,638,10.3,5.08,185.0,185.0,18.37,274.3,3.0,3,101760.0,9999999
59287,0,639,10.7,5.19,144.0,144.0,18.37,272.36,3.0,2,101760.0,9999999
59287,0,640,10.6,5.19,92.0,92.0,18.37,270.6,3.0,6,101760.0,9999999
59287,0,641,10.5,5.23,40.0,40.0,18.37,270.37,3.0,1,101760.0,9999999
59287,0,642,10.4,5.27,0.0,0.0,18.37,269.48,3.0,15,101760.0,9999999
59287,0,643,10.2,5.27,0.0,0.0,18.37,274.3,3.0,10,101760.0,9999999
59287,0,644,10.0,5.3,0.0,0.0,18.37,275.58,3.0,2,101760.0,9999999
59287,0,645,9.9,5.27,0.0,0.0,18.37,274.09,3.0,13,101760.0,9999999
59287,0,646,9.8,5.27,0.0,0.0,18.37,269.7,3.0,14,101760.0,9999999
59287,0,647,9.8,5.23,0.0,0.0,18.37,272.8,3.0,5,101760.0,9999999
59287,0,648,9.7,5.19,0.0,0.0,18.37,269.7,3.0,4,101780.0,9999999
59287,0,649,9.6,5.19,0.0,0.0,18.37,271.26,3.0,8,101780.0,9999999
59287,0,650,9.4,5.15,0.0,0.0,18.37,274.94,2.0,2,101780.0,9999999
59287,0,651,9.2,5.11,0.0,0.0,18.37,272.14,2.0,7,101780.0,9999999
59287,0,652,8.9,5.11,0.0,0.0,18.37,270.6,2.0,12,101780.0,9999999
59287,0,653,8.7,5.11,0.0,0.0,18.37,269.7,2.0,16,101780.0,9999999
59287,0,654,8.5,5.08,0.0,0.0,18.37,269.03,2.0,3,101780.0,9999999
59287,0,655,8.5,5.08,1.0,1.0,18.37,270.82,2.0,6,101780.0,9999999
59287,0,656,8.7,5.04,45.0,45.0,18.37,270.82,3.0,2,101780.0,9999999
59287,0,657,9.1,5.0,202.0,140.0,18.37,269.03,3.0,9,101780.0,9999999
59287,0,658,9.7,4.97,306.0,212.0,18.37,272.58,3.0,1,101780.0,9999999
59287,0,659,10.5,4.97,187.0,187.0,18.37,272.58,3.0,8,101780.0,9999999
59287,0,660,11.5,5.04,432.0,300.0,18.37,271.26,3.0,13,101780.0,9999999
59287,0,661,12.6,5.19,207.0,207.0,18.37,274.73,3.0,16,101780.0,9999999
59287,0,662,13.9,5.46,381.0,264.0,18.37,274.52,3.0,16,101780.0,9999999
59287,0,663,14.8,5.78,296.0,205.0,18.37,276.0,3.0,10,101780.0,9999999
59287,0,664,14.6,5.78,92.0,92.0,18.37,278.89,3.0,10,101780.0,9999999
59287,0,665,14.0,5.74,83.0,58.0,18.37,275.36,3.0,14,101780.0,9999999
59287,0,666,13.3,5.7,0.0,0.0,18.37,271.04,3.0,16,101780.0,9999999
59287,0,667,12.5,5.66,0.0,0.0,18.37,272.58,3.0,9,101780.0,9999999
59287,0,668,11.8,5.62,0.0,0.0,18.37,271.92,3.0,2,101780.0,9999999
59287,0,669,11.4,5.62,0.0,0.0,18.37,273.87,3.0,15,101780.0,9999999
59287,0,670,11.1,5.66,0.0,0.0,18.37,277.04,3.0,6,101780.0,9999999
59287,0,671,11.0,5.74,0.0,0.0,18.37,274.3,3.0,5,101780.0,9999999
59287,0,672,11.0,5.78,0.0,0.0,18.37,275.36,3.0,14,101760.0,9999999
59287,0,673,10.9,5.82,0.0,0.0,18.37,275.36,3.0,4,101760.0,9999999
59287,0,674,10.9,5.78,0.0,0.0,18.37,269.03,2.0,1,101760.0,9999999
59287,0,675,10.8,5.7,0.0,0.0,18.37,274.09,2.0,14,101760.0,9999999
59287,0,676,10.6,5.58,0.0,0.0,18.37,271.92,2.0,10,101760.0,9999999
59287,0,677,10.5,5.46,0.0,0.0,18.37,270.6,2.0,13,101760.0,9999999
59287,0,678,10.4,5.38,0.0,0.0,18.37,271.04,2.0,9,101760.0,9999999
59287,0,679,10.4,5.3,1.0,1.0,18.37,272.8,2.0,1,101760.0,9999999
59287,0,680,10.5,5.23,38.0,38.0,18.37,268.34,3.0,1,101760.0,9999999
59287,0,681,10.6,5.19,82.0,82.0,18.37,272.14,3.0,13,101760.0,9999999
59287,0,682,10.8,5.15,124.0,124.0,18.37,276.41,3.0,4,101760.0,9999999
59287,0,683,11.0,5.19,157.0,157.0,18.37,273.23,3.0,4,101760.0,9999999
59287,0,684,11.3,5.23,175.0,175.0,18.37,273.44,3.0,11,101760.0,9999999
59287,0,685,11.6,5.34,174.0,174.0,18.37,273.23,3.0,12,101760.0,9999999
59287,0,686,12.0,5.54,154.0,154.0,18.37,271.04,4.0,2,101760.0,9999999
59287,0,687,12.4,5.74,120.0,120.0,18.37,271.7,4.0,3,101760.0,9999999
59287,0,688,12.6,5.95,77.0,77.0,18.37,274.09,4.0,11,101760.0,9999999
59287,0,689,12.5,6.04,34.0,34.0,18.37,270.6,4.0,5,101760.0,9999999
59287,0,690,12.2,6.04,0.0,0.0,18.37,274.3,4.0,15,101760.0,9999999
59287,0,691,11.9,6.04,0.0,0.0,18.37,273.87,4.0,14,101760.0,9999999
59287,0,692,11.6,5.99,0.0,0.0,18.37,274.3,1.0,2,101760.0,9999999
59287,0,693,11.4,5.99,0.0,0.0,18.37,274.73,1.0,10,101760.0,9999999
59287,0,694,11.3,5.95,0.0,0.0,18.37,272.36,1.0,3,101760.0,9999999
59287,0,695,11.2,5.95,0.0,0.0,18.37,277.25,1.0,12,101760.0,9999999
59287,0,696,11.2,5.95,0.0,0.0,18.37,274.73,1.0,9,101720.0,9999999
59287,0,697,11.2,5.95,0.0,0.0,18.37,273.87,1.0,12,101720.0,9999999
59287,0,698,11.1,5.95,0.0,0.0,18.37,274.52,3.0,2,101720.0,9999999
59287,0,699,11.0,5.95,0.0,0.0,18.37,269.03,3.0,16,101720.0,9999999
59287,0,700,10.8,5.95,0.0,0.0,18.37,271.7,3.0,13,101720.0,9999999
59287,0,701,10.7,5.95,0.0,0.0,18.37,274.09,3.0,3,101720.0,9999999
59287,0,702,10.6,5.95,0.0,0.0,18.37,268.8,3.0,2,101720.0,9999999
59287,0,703,10.7,5.99,1.0,1.0,18.37,272.14,3.0,13,101720.0,9999999
59287,0,704,10.8,5.99,55.0,55.0,18.37,275.36,2.0,1,101720.0,9999999
59287,0,705,11.0,5.99,117.0,117.0,18.37,271.26,2.0,1,101720.0,9999999
59287,0,706,11.3,5.99,178.0,178.0,18.37,277.25,2.0,12,101720.0,9999999
59287,0,707,11.8,6.04,225.0,225.0,18.37,269.93,2.0,12,101720.0,9999999
59287,0,708,12.4,6.16,250.0,250.0,18.37,271.92,2.0,11,101720.0,9999999
59287,0,709,13.4,6.39,249.0,249.0,18.37,273.87,2.0,11,101720.0,9999999
59287,0,710,14.6,6.8,221.0,221.0,18.37,277.45,1.0,2,101720.0,9999999
59287,0,711,15.6,7.14,172.0,172.0,18.37,279.49,1.0,10,101720.0,9999999
59287,0,712,15.5,7.09,111.0,111.0,18.37,276.83,1.0,5,101720.0,9999999
59287,0,713,15.2,6.99,49.0,49.0,18.37,273.66,1.0,6,101720.0,9999999
59287,0,714,14.9,6.85,0.0,0.0,18.37,276.21,1.0,3,101720.0,9999999
59287,0,715,14.5,6.75,0.0,0.0,18.37,280.9,1.0,11,101720.0,9999999
59287,0,716,14.1,6.66,0.0,0.0,18.37,277.04,1.0,1,101720.0,9999999
59287,0,717,13.8,6.61,0.0,0.0,18.37,278.68,1.0,6,101720.0,9999999
59287,0,718,13.6,6.61,0.0,0.0,18.37,278.27,1.0,9,101720.0,9999999
59287,0,719,13.3,6.57,0.0,0.0,18.37,275.15,1.0,9,101720.0,9999999
59287,0,720,13.1,6.57,0.0,0.0,18.37,277.86,1.0,12,101770.0,9999999
59287,0,721,12.9,6.48,0.0,0.0,18.37,272.58,1.0,9,101770.0,9999999
59287,0,722,12.6,6.39,0.0,0.0,18.37,278.89,3.0,1,101770.0,9999999
59287,0,723,12.2,6.3,0.0,0.0,18.37,274.94,3.0,16,101770.0,9999999
59287,0,724,11.9,6.12,0.0,0.0,18.37,276.41,3.0,16,101770.0,9999999
59287,0,725,11.7,5.99,0.0,0.0,18.37,271.92,3.0,3,101770.0,9999999
59287,0,726,11.6,5.91,0.0,0.0,18.37,276.21,3.0,10,101770.0,9999999
59287,0,727,11.8,5.91,5.0,2.0,18.37,277.86,3.0,5,101770.0,9999999
59287,0,728,12.4,5.95,319.0,74.0,18.37,276.83,3.0,1,101770.0,9999999
59287,0,729,13.4,6.12,336.0,116.0,18.37,271.48,3.0,9,101770.0,9999999
59287,0,730,14.6,6.34,298.0,298.0,18.37,274.09,3.0,4,101770.0,9999999
59287,0,731,16.0,6.61,642.0,221.0,18.37,275.58,3.0,9,101770.0,9999999
59287,0,732,17.4,6.85,714.0,246.0,18.37,279.09,3.0,14,101770.0,9999999
59287,0,733,18.5,6.99,417.0,417.0,18.37,281.49,3.0,6,101770.0,9999999
59287,0,734,19.3,7.04,370.0,370.0,18.37,281.49,4.0,16,101770.0,9999999
59287,0,735,19.6,6.99,491.0,169.0,18.37,277.86,4.0,1,101770.0,9999999
59287,0,736,19.7,6.94,317.0,109.0,18.37,284.41,4.0,13,101770.0,9999999
59287,0,737,19.2,6.75,83.0,83.0,18.37,282.87,4.0,4,101770.0,9999999
59287,0,738,18.0,6.48,0.0,0.0,18.37,280.1,4.0,15,101770.0,9999999
59287,0,739,16.5,6.21,0.0,0.0,18.37,281.1,4.0,15,101770.0,9999999
59287,0,740,15.1,6.12,0.0,0.0,18.37,273.01,4.0,16,101770.0,9999999
59287,0,741,14.0,6.3,0.0,0.0,18.37,273.44,4.0,12,101770.0,9999999
59287,0,742,12.9,6.48,0.0,0.0,18.37,274.09,4.0,3,101770.0,9999999
59287,0,743,11.2,6.34,0.0,0.0,18.37,276.0,4.0,6,101770.0,9999999
59287,0,744,9.2,6.04,0.0,0.0,16.07,268.8,4.0,5,102380.0,9999999
59287,0,745,7.3,5.66,0.0,0.0,16.07,268.34,4.0,10,102380.0,9999999
59287,0,746,5.8,5.3,0.0,0.0,16.07,268.34,3.0,16,102380.0,9999999
59287,0,747,5.0,5.08,0.0,0.0,16.07,267.43,3.0,10,102380.0,9999999
59287,0,748,4.7,4.97,0.0,0.0,16.07,262.69,3.0,6,102380.0,9999999
59287,0,749,4.7,4.86,0.0,0.0,16.07,268.8,3.0,4,102380.0,9999999
59287,0,750,4.8,4.72,0.0,0.0,16.07,263.66,3.0,1,102380.0,9999999
59287,0,751,4.8,4.48,6.0,3.0,16.07,268.57,3.0,4,102380.0,9999999
59287,0,752,5.1,4.28,165.0,76.0,16.07,268.8,4.0,2,102380.0,9999999
59287,0,753,5.9,4.22,172.0,172.0,16.07,263.18,4.0,8,102380.0,9999999
59287,0,754,7.1,4.25,259.0,259.0,16.07,268.8,4.0,1,102380.0,9999999
59287,0,755,8.6,4.35,663.0,304.0,16.07,269.25,4.0,10,102380.0,9999999
59287,0,756,10.0,4.44,738.0,339.0,16.07,268.57,4.0,6,102380.0,9999999
59287,0,757,11.3,4.54,362.0,362.0,16.07,269.7,4.0,15,102380.0,9999999
59287,0,758,12.1,4.65,652.0,299.0,16.07,271.48,2.0,2,102380.0,9999999
59287,0,759,12.4,4.72,251.0,251.0,16.07,271.04,2.0,4,102380.0,9999999
59287,0,760,12.1,4.72,329.0,151.0,16.07,277.25,2.0,3,102380.0,9999999
59287,0,761,11.5,4.72,147.0,68.0,16.07,273.44,2.0,16,102380.0,9999999
59287,0,762,10.7,4.68,0.0,0.0,16.07,273.44,2.0,11,102380.0,9999999
59287,0,763,9.8,4.58,0.0,0.0,16.07,270.6,2.0,3,102380.0,9999999
59287,0,764,9.0,4.48,0.0,0.0,16.07,269.7,2.0,1,102380.0,9999999
59287,0,765,8.4,4.35,0.0,0.0,16.07,268.57,2.0,10,102380.0,9999999
59287,0,766,7.9,4.25,0.0,0.0,16.07,269.48,2.0,6,102380.0,9999999
59287,0,767,7.6,4.15,0.0,0.0,16.07,269.25,2.0,12,102380.0,9999999
59287,0,768,7.3,4.06,0.0,0.0,16.07,266.73,2.0,3,102060.0,9999999
59287,0,769,7.2,4.03,0.0,0.0,16.07,264.38,2.0,16,102060.0,9999999
59287,0,770,7.0,4.0,0.0,0.0,16.07,270.37,3.0,2,102060.0,9999999
59287,0,771,6.8,4.03,0.0,0.0,16.07,268.34,3.0,11,102060.0,9999999
59287,0,772,6.7,4.09,0.0,0.0,16.07,263.9,3.0,12,102060.0,9999999
59287,0,773,6.6,4.15,0.0,0.0,16.07,267.66,3.0,11,102060.0,9999999
59287,0,774,6.5,4.22,0.0,0.0,16.07,271.48,3.0,3,102060.0,9999999
59287,0,775,6.6,4.31,3.0,3.0,16.07,269.25,3.0,5,102060.0,9999999
59287,0,776,7.0,4.41,68.0,68.0,16.07,264.38,1.0,3,102060.0,9999999
59287,0,777,7.5,4.44,143.0,143.0,16.07,266.96,1.0,8,102060.0,9999999
59287,0,778,8.1,4.44,215.0,215.0,16.07,267.66,1.0,8,102060.0,9999999
59287,0,779,8.8,4.48,272.0,272.0,16.07,266.27,1.0,8,102060.0,9999999
59287,0,780,9.7,4.54,302.0,302.0,16.07,269.25,1.0,15,102060.0,9999999
59287,0,781,10.7,4.68,301.0,301.0,16.07,268.12,1.0,12,102060.0,9999999
59287,0,782,11.9,4.93,267.0,267.0,16.07,273.87,1.0,16,102060.0,9999999
59287,0,783,13.1,5.34,208.0,208.0,16.07,275.36,1.0,13,102060.0,9999999
59287,0,784,13.7,5.66,135.0,135.0,16.07,278.07,1.0,6,102060.0,9999999
59287,0,785,13.6,5.82,61.0,61.0,16.07,271.48,1.0,8,102060.0,9999999
59287,0,786,13.2,5.91,0.0,0.0,16.07,277.66,1.0,7,102060.0,9999999
59287,0,787,12.8,5.99,0.0,0.0,16.07,276.21,1.0,2,102060.0,9999999
59287,0,788,12.5,6.08,0.0,0.0,16.07,278.48,0.0,0,102060.0,9999999
59287,0,789,12.3,6.21,0.0,0.0,16.07,273.44,0.0,10,102060.0,9999999
59287,0,790,12.3,6.34,0.0,0.0,16.07,278.48,0.0,3,102060.0,9999999
59287,0,791,12.3,6.43,0.0,0.0,16.07,272.8,0.0,15,102060.0,9999999
59287,0,792,12.3,6.52,0.0,0.0,16.07,278.48,0.0,14,101720.0,9999999
59287,0,793,12.2,6.57,0.0,0.0,16.07,278.48,0.0,5,101720.0,9999999
59287,0,794,12.0,6.52,0.0,0.0,16.07,274.94,2.0,16,101720.0,9999999
59287,0,795,11.6,6.39,0.0,0.0,16.07,272.14,2.0,5,101720.0,9999999
59287,0,796,11.2,6.21,0.0,0.0,16.07,270.82,2.0,1,101720.0,9999999
59287,0,797,10.9,6.04,0.0,0.0,16.07,269.03,2.0,4,101720.0,9999999
59287,0,798,10.7,5.91,0.0,0.0,16.07,268.8,2.0,14,101720.0,9999999
59287,0,799,10.9,5.87,3.0,3.0,16.07,273.44,2.0,15,101720.0,9999999
59287,0,800,11.4,5.91,68.0,68.0,16.07,269.48,2.0,2,101720.0,9999999
59287,0,801,12.1,5.95,142.0,142.0,16.07,274.73,2.0,1,101720.0,9999999
59287,0,802,12.9,5.99,214.0,214.0,16.07,275.58,2.0,6,101720.0,9999999
59287,0,803,13.8,6.04,270.0,270.0,16.07,271.92,2.0,11,101720.0,9999999
59287,0,804,14.7,6.12,300.0,300.0,16.07,276.21,2.0,5,101720.0,9999999
59287,0,805,15.6,6.25,298.0,298.0,16.07,278.27,2.0,8,101720.0,9999999
59287,0,806,16.3,6.52,265.0,265.0,16.07,280.9,3.0,14,101720.0,9999999
59287,0,807,16.7,6.85,207.0,207.0,16.07,276.21,3.0,13,101720.0,9999999
59287,0,808,16.6,7.09,134.0,134.0,16.07,277.25,3.0,5,101720.0,9999999
59287,0,809,16.3,7.39,61.0,61.0,16.07,282.87,3.0,4,101720.0,9999999
59287,0,810,16.0,7.7,0.0,0.0,16.07,277.66,3.0,1,101720.0,9999999
59287,0,811,15.5,8.02,0.0,0.0,16.07,274.3,3.0,6,101720.0,9999999
59287,0,812,15.1,8.24,0.0,0.0,16.07,278.07,0.0,0,101720.0,9999999
59287,0,813,14.7,8.41,0.0,0.0,16.07,280.3,0.0,3,101720.0,9999999
59287,0,814,14.4,8.52,0.0,0.0,16.07,274.73,0.0,4,101720.0,9999999
59287,0,815,14.0,8.64,0.0,0.0,16.07,274.52,0.0,2,101720.0,9999999
59287,0,816,13.7,8.64,0.0,0.0,16.07,277.45,0.0,11,101470.0,9999999
59287,0,817,13.4,8.64,0.0,0.0,16.07,279.09,0.0,1,101470.0,9999999
59287,0,818,13.0,8.58,0.0,0.0,16.07,278.68,0.0,0,101470.0,9999999
59287,0,819,12.6,8.52,0.0,0.0,16.07,277.25,0.0,6,101470.0,9999999
59287,0,820,12.3,8.41,0.0,0.0,16.07,272.8,0.0,12,101470.0,9999999
59287,0,821,12.0,8.3,0.0,0.0,16.07,274.52,0.0,5,101470.0,9999999
59287,0,822,11.9,8.13,0.0,0.0,16.07,272.36,0.0,10,101470.0,9999999
59287,0,823,12.2,8.13,8.0,4.0,16.07,275.15,0.0,5,101470.0,9999999
59287,0,824,12.7,8.13,66.0,66.0,16.07,276.41,0.0,0,101470.0,9999999
59287,0,825,13.2,7.97,137.0,137.0,16.07,274.3,0.0,6,101470.0,9999999
59287,0,826,13.7,7.7,414.0,237.0,16.07,273.87,0.0,8,101470.0,9999999
59287,0,827,14.4,7.49,259.0,259.0,16.07,276.62,0.0,2,101470.0,9999999
59287,0,828,15.6,7.49,581.0,332.0,16.07,277.04,0.0,9,101470.0,9999999
59287,0,829,17.4,7.91,578.0,330.0,16.07,279.7,0.0,10,101470.0,9999999
59287,0,830,20.1,8.93,514.0,294.0,16.07,281.29,2.0,16,101470.0,9999999
59287,0,831,22.4,10.13,401.0,229.0,16.07,286.5,2.0,5,101470.0,9999999
59287,0,832,22.1,10.13,129.0,129.0,16.07,282.87,2.0,1,101470.0,9999999
59287,0,833,21.4,9.99,59.0,59.0,16.07,284.79,2.0,6,101470.0,9999999
59287,0,834,20.4,9.86,0.0,0.0,16.07,284.41,2.0,8,101470.0,9999999
59287,0,835,19.4,9.8,0.0,0.0,16.07,281.1,2.0,8,101470.0,9999999
59287,0,836,18.6,9.74,0.0,0.0,16.07,278.07,0.0,0,101470.0,9999999
59287,0,837,18.1,9.93,0.0,0.0,16.07,285.74,0.0,2,101470.0,9999999
59287,0,838,17.9,10.13,0.0,0.0,16.07,280.9,0.0,11,101470.0,9999999
59287,0,839,17.8,10.4,0.0,0.0,16.07,277.45,0.0,4,101470.0,9999999
59287,0,840,17.7,10.53,0.0,0.0,16.07,281.29,0.0,1,101440.0,9999999
59287,0,841,17.3,10.46,0.0,0.0,16.07,280.5,0.0,5,101440.0,9999999
59287,0,842,16.5,10.13,0.0,0.0,16.07,278.27,0.0,0,101440.0,9999999
59287,0,843,15.3,9.42,0.0,0.0,16.07,277.04,0.0,8,101440.0,9999999
59287,0,844,13.9,8.7,0.0,0.0,16.07,279.7,0.0,7,101440.0,9999999
59287,0,845,12.9,8.02,0.0,0.0,16.07,274.73,0.0,6,101440.0,9999999
59287,0,846,12.4,7.65,0.0,0.0,16.07,277.66,0.0,3,101440.0,9999999
59287,0,847,12.5,7.49,10.0,4.0,16.07,276.62,0.0,6,101440.0,9999999
59287,0,848,13.0,7.34,93.0,93.0,16.07,275.58,2.0,16,101440.0,9999999
59287,0,849,14.0,7.34,327.0,112.0,16.07,278.07,2.0,7,101440.0,9999999
59287,0,850,15.5,7.39,503.0,117.0,16.07,278.07,2.0,15,101440.0,9999999
59287,0,851,17.1,7.39,634.0,147.0,16.07,282.08,2.0,9,101440.0,9999999
59287,0,852,18.7,7.39,687.0,236.0,16.07,280.1,2.0,2,101440.0,9999999
59287,0,853,20.2,7.39,701.0,163.0,16.07,278.48,2.0,11,101440.0,9999999
59287,0,854,21.2,7.44,623.0,145.0,16.07,279.49,3.0,16,101440.0,9999999
59287,0,855,21.6,7.59,487.0,113.0,16.07,281.29,3.0,2,101440.0,9999999
59287,0,856,21.1,7.59,310.0,106.0,16.07,283.64,3.0,3,101440.0,9999999
59287,0,857,19.8,7.44,83.0,83.0,16.07,286.31,3.0,3,101440.0,9999999
59287,0,858,18.1,7.14,0.0,0.0,16.07,281.1,3.0,9,101440.0,9999999
59287,0,859,16.2,6.75,0.0,0.0,16.07,280.9,3.0,9,101440.0,9999999
59287,0,860,14.5,6.43,0.0,0.0,16.07,276.62,4.0,16,101440.0,9999999
59287,0,861,13.2,6.16,0.0,0.0,16.07,274.3,4.0,1,101440.0,9999999
59287,0,862,12.4,5.99,0.0,0.0,16.07,274.94,4.0,16,101440.0,9999999
59287,0,863,11.8,5.91,0.0,0.0,16.07,273.87,4.0,4,101440.0,9999999
59287,0,864,11.3,5.87,0.0,0.0,16.07,271.48,4.0,13,101380.0,9999999
59287,0,865,10.9,5.82,0.0,0.0,16.07,271.92,4.0,13,101380.0,9999999
59287,0,866,10.4,5.74,0.0,0.0,16.07,276.21,2.0,16,101380.0,9999999
59287,0,867,9.7,5.66,0.0,0.0,16.07,273.01,2.0,8,101380.0,9999999
59287,0,868,9.0,5.58,0.0,0.0,16.07,272.36,2.0,4,101380.0,9999999
59287,0,869,8.4,5.54,0.0,0.0,16.07,270.37,2.0,14,101380.0,9999999
59287,0,870,8.2,5.54,0.0,0.0,16.07,271.48,2.0,4,101380.0,9999999
59287,0,871,8.4,5.62,13.0,3.0,16.07,266.5,2.0,16,101380.0,9999999
59287,0,872,9.1,5.7,101.0,101.0,16.07,273.44,3.0,16,101380.0,9999999
59287,0,873,10.1,5.78,355.0,99.0,16.07,268.12,3.0,14,101380.0,9999999
59287,0,874,11.4,5.82,545.0,102.0,16.07,275.79,3.0,13,101380.0,9999999
59287,0,875,12.9,5.82,686.0,128.0,16.07,273.66,3.0,12,101380.0,9999999
59287,0,876,14.6,5.82,743.0,207.0,16.07,277.04,3.0,7,101380.0,9999999
59287,0,877,16.4,5.91,758.0,141.0,16.07,278.27,3.0,4,101380.0,9999999
59287,0,878,18.2,6.16,674.0,126.0,16.07,282.67,3.0,16,101380.0,9999999
59287,0,879,19.4,6.48,527.0,98.0,16.07,279.7,3.0,16,101380.0,9999999
59287,0,880,19.1,6.48,336.0,94.0,16.07,280.1,3.0,11,101380.0,9999999
59287,0,881,18.3,6.48,91.0,91.0,16.07,276.21,3.0,2,101380.0,9999999
59287,0,882,17.2,6.43,0.0,0.0,16.07,280.7,3.0,15,101380.0,9999999
59287,0,883,16.0,6.39,0.0,0.0,16.07,276.41,3.0,3,101380.0,9999999
59287,0,884,15.0,6.3,0.0,0.0,16.07,277.04,2.0,16,101380.0,9999999
59287,0,885,14.2,6.25,0.0,0.0,16.07,275.79,2.0,4,101380.0,9999999
59287,0,886,13.7,6.25,0.0,0.0,16.07,278.27,2.0,9,101380.0,9999999
59287,0,887,13.3,6.25,0.0,0.0,16.07,276.83,2.0,1,101380.0,9999999
59287,0,888,13.0,6.21,0.0,0.0,16.07,271.26,2.0,5,101350.0,9999999
59287,0,889,12.7,6.16,0.0,0.0,16.07,273.01,2.0,2,101350.0,9999999
59287,0,890,12.2,6.04,0.0,0.0,16.07,271.7,2.0,1,101350.0,9999999
59287,0,891,11.6,5.91,0.0,0.0,16.07,277.45,2.0,12,101350.0,9999999
59287,0,892,10.9,5.74,0.0,0.0,16.07,273.44,2.0,6,101350.0,9999999
59287,0,893,10.4,5.58,0.0,0.0,16.07,271.26,2.0,6,101350.0,9999999
59287,0,894,10.2,5.5,0.0,0.0,16.07,271.92,2.0,7,101350.0,9999999
59287,0,895,10.4,5.54,13.0,5.0,16.07,274.73,2.0,2,101350.0,9999999
59287,0,896,11.1,5.62,93.0,93.0,16.07,270.37,3.0,16,101350.0,9999999
59287,0,897,12.1,5.74,324.0,136.0,16.07,275.36,3.0,6,101350.0,9999999
59287,0,898,13.4,5.87,844.0,251.0,16.07,279.29,3.0,9,101350.0,9999999
59287,0,899,14.9,5.95,609.0,256.0,16.07,276.21,3.0,3,101350.0,9999999
59287,0,900,16.3,6.04,397.0,397.0,16.07,275.58,3.0,8,101350.0,9999999
59287,0,901,17.8,6.12,672.0,283.0,16.07,279.09,3.0,12,101350.0,9999999
59287,0,902,19.0,6.21,352.0,352.0,16.07,283.45,4.0,3,101350.0,9999999
59287,0,903,19.7,6.25,275.0,275.0,16.07,279.7,4.0,3,101350.0,9999999
59287,0,904,19.2,5.99,307.0,129.0,16.07,284.99,4.0,3,101350.0,9999999
59287,0,905,18.1,5.58,83.0,83.0,16.07,282.28,4.0,6,101350.0,9999999
59287,0,906,16.5,5.11,0.0,0.0,16.07,281.89,4.0,2,101350.0,9999999
59287,0,907,14.9,4.68,0.0,0.0,16.07,272.14,4.0,9,101350.0,9999999
59287,0,908,13.5,4.31,0.0,0.0,16.07,270.37,3.0,16,101350.0,9999999
59287,0,909,12.5,4.03,0.0,0.0,16.07,273.23,3.0,3,101350.0,9999999
59287,0,910,11.9,3.85,0.0,0.0,16.07,268.57,3.0,8,101350.0,9999999
59287,0,911,11.6,3.73,0.0,0.0,16.07,274.52,3.0,16,101350.0,9999999
59287,0,912,11.3,3.67,0.0,0.0,16.07,267.89,3.0,9,101490.0,9999999
59287,0,913,11.0,3.67,0.0,0.0,16.07,275.36,3.0,6,101490.0,9999999
59287,0,914,10.4,3.7,0.0,0.0,16.07,269.93,3.0,2,101490.0,9999999
59287,0,915,9.5,3.76,0.0,0.0,16.07,267.66,3.0,3,101490.0,9999999
59287,0,916,8.6,3.79,0.0,0.0,16.07,270.6,3.0,11,101490.0,9999999
59287,0,917,7.8,3.88,0.0,0.0,16.07,268.57,3.0,5,101490.0,9999999
59287,0,918,7.5,4.0,0.0,0.0,16.07,266.73,3.0,10,101490.0,9999999
59287,0,919,7.8,4.22,14.0,5.0,16.07,267.2,3.0,9,101490.0,9999999
59287,0,920,8.6,4.41,159.0,62.0,16.07,272.14,2.0,16,101490.0,9999999
59287,0,921,10.0,4.61,409.0,110.0,16.07,272.58,2.0,9,101490.0,9999999
59287,0,922,11.7,4.72,485.0,189.0,16.07,271.92,2.0,4,101490.0,9999999
59287,0,923,13.6,4.75,610.0,238.0,16.07,272.14,2.0,10,101490.0,9999999
59287,0,924,15.5,4.65,398.0,398.0,16.07,272.58,2.0,4,101490.0,9999999
59287,0,925,17.2,4.48,674.0,263.0,16.07,280.5,2.0,2,101490.0,9999999
59287,0,926,18.5,4.35,755.0,203.0,16.07,275.15,3.0,14,101490.0,9999999
59287,0,927,19.1,4.31,470.0,183.0,16.07,277.04,3.0,12,101490.0,9999999
59287,0,928,18.7,4.31,181.0,181.0,16.07,281.89,3.0,7,101490.0,9999999
59287,0,929,17.7,4.31,143.0,56.0,16.07,282.48,3.0,12,101490.0,9999999
59287,0,930,16.3,4.38,0.0,0.0,16.07,277.04,3.0,8,101490.0,9999999
59287,0,931,14.8,4.44,0.0,0.0,16.07,274.09,3.0,10,101490.0,9999999
59287,0,932,13.5,4.51,0.0,0.0,16.07,277.04,0.0,0,101490.0,9999999
59287,0,933,12.5,4.61,0.0,0.0,16.07,276.21,0.0,8,101490.0,9999999
59287,0,934,11.9,4.79,0.0,0.0,16.07,273.87,0.0,14,101490.0,9999999
59287,0,935,11.5,5.0,0.0,0.0,16.07,274.3,0.0,11,101490.0,9999999
59287,0,936,11.2,5.27,0.0,0.0,16.07,272.8,0.0,6,101390.0,9999999
59287,0,937,11.0,5.54,0.0,0.0,16.07,272.36,0.0,8,101390.0,9999999
59287,0,938,10.7,5.78,0.0,0.0,16.07,276.62,0.0,0,101390.0,9999999
59287,0,939,10.3,5.99,0.0,0.0,16.07,271.92,0.0,3,101390.0,9999999
59287,0,940,9.9,6.16,0.0,0.0,16.07,274.52,0.0,3,101390.0,9999999
59287,0,941,9.5,6.3,0.0,0.0,16.07,271.26,0.0,4,101390.0,9999999
59287,0,942,9.4,6.43,0.0,0.0,16.07,269.03,0.0,14,101390.0,9999999
59287,0,943,9.8,6.61,18.0,11.0,16.07,268.34,0.0,5,101390.0,9999999
59287,0,944,10.7,6.9,194.0,120.0,16.07,273.87,1.0,2,101390.0,9999999
59287,0,945,11.8,6.94,395.0,244.0,16.07,270.37,1.0,16,101390.0,9999999
59287,0,946,13.0,6.85,207.0,207.0,16.07,276.83,1.0,11,101390.0,9999999
59287,0,947,14.2,6.66,261.0,261.0,16.07,276.62,1.0,5,101390.0,9999999
59287,0,948,15.6,6.39,821.0,506.0,16.07,275.15,1.0,4,101390.0,9999999
59287,0,949,17.1,6.25,288.0,288.0,16.07,279.7,1.0,13,101390.0,9999999
59287,0,950,18.7,6.34,256.0,256.0,16.07,280.1,2.0,10,101390.0,9999999
59287,0,951,19.8,6.71,201.0,201.0,16.07,284.41,2.0,2,101390.0,9999999
59287,0,952,19.4,6.8,132.0,132.0,16.07,278.89,2.0,15,101390.0,9999999
59287,0,953,18.5,6.9,175.0,108.0,16.07,281.29,2.0,6,101390.0,9999999
59287,0,954,17.2,6.94,1.0,1.0,16.07,282.08,2.0,1,101390.0,9999999
59287,0,955,15.9,6.94,0.0,0.0,16.07,282.28,2.0,12,101390.0,9999999
59287,0,956,14.8,6.99,0.0,0.0,16.07,276.21,1.0,14,101390.0,9999999
59287,0,957,14.1,7.04,0.0,0.0,16.07,276.62,1.0,1,101390.0,9999999
59287,0,958,13.9,7.14,0.0,0.0,16.07,278.89,1.0,4,101390.0,9999999
59287,0,959,13.8,7.29,0.0,0.0,16.07,276.0,1.0,9,101390.0,9999999
59287,0,960,13.9,7.44,0.0,0.0,16.07,277.25,1.0,11,101190.0,9999999
59287,0,961,14.0,7.54,0.0,0.0,16.07,274.94,1.0,13,101190.0,9999999
59287,0,962,13.9,7.59,0.0,0.0,16.07,277.25,1.0,9,101190.0,9999999
59287,0,963,13.6,7.54,0.0,0.0,16.07,278.89,1.0,3,101190.0,9999999
59287,0,964,13.3,7.44,0.0,0.0,16.07,275.36,1.0,1,101190.0,9999999
59287,0,965,12.9,7.29,0.0,0.0,16.07,279.49,1.0,1,101190.0,9999999
59287,0,966,12.8,7.19,0.0,0.0,16.07,275.36,1.0,3,101190.0,9999999
59287,0,967,13.1,7.19,7.0,7.0,16.07,273.87,1.0,1,101190.0,9999999
59287,0,968,13.7,7.19,73.0,73.0,16.07,274.52,1.0,5,101190.0,9999999
59287,0,969,14.4,7.14,147.0,147.0,16.07,274.3,1.0,10,101190.0,9999999
59287,0,970,15.2,6.99,218.0,218.0,16.07,278.27,1.0,10,101190.0,9999999
59287,0,971,16.1,6.8,274.0,274.0,16.07,280.9,1.0,12,101190.0,9999999
59287,0,972,17.0,6.66,304.0,304.0,16.07,278.68,1.0,2,101190.0,9999999
59287,0,973,18.0,6.66,302.0,302.0,16.07,284.22,1.0,3,101190.0,9999999
59287,0,974,19.0,6.9,269.0,269.0,16.07,280.1,1.0,6,101190.0,9999999
59287,0,975,19.7,7.39,211.0,211.0,16.07,284.6,1.0,5,101190.0,9999999
59287,0,976,19.5,7.75,139.0,139.0,16.07,282.08,1.0,6,101190.0,9999999
59287,0,977,19.2,8.18,65.0,65.0,16.07,286.12,1.0,4,101190.0,9999999
59287,0,978,18.6,8.58,1.0,1.0,16.07,279.9,1.0,2,101190.0,9999999
59287,0,979,18.1,8.99,0.0,0.0,16.07,280.7,1.0,2,101190.0,9999999
59287,0,980,17.6,9.29,0.0,0.0,16.07,279.9,1.0,8,101190.0,9999999
59287,0,981,17.3,9.54,0.0,0.0,16.07,276.62,1.0,1,101190.0,9999999
59287,0,982,17.0,9.67,0.0,0.0,16.07,284.6,1.0,16,101190.0,9999999
59287,0,983,16.9,9.8,0.0,0.0,16.07,278.48,1.0,16,101190.0,9999999
59287,0,984,16.7,9.86,0.0,0.0,16.07,281.69,1.0,10,101050.0,9999999
59287,0,985,16.4,9.86,0.0,0.0,16.07,280.5,1.0,6,101050.0,9999999
59287,0,986,16.0,9.8,0.0,0.0,16.07,279.49,2.0,5,101050.0,9999999
59287,0,987,15.4,9.67,0.0,0.0,16.07,274.94,2.0,12,101050.0,9999999
59287,0,988,14.9,9.54,0.0,0.0,16.07,279.7,2.0,16,101050.0,9999999
59287,0,989,14.4,9.42,0.0,0.0,16.07,279.29,2.0,3,101050.0,9999999
59287,0,990,14.2,9.42,0.0,0.0,16.07,273.66,2.0,12,101050.0,9999999
59287,0,991,14.5,9.61,8.0,8.0,16.07,282.08,2.0,9,101050.0,9999999
59287,0,992,15.0,9.8,70.0,70.0,16.07,277.45,0.0,0,101050.0,9999999
59287,0,993,15.4,9.8,142.0,142.0,16.07,279.49,0.0,3,101050.0,9999999
59287,0,994,15.8,9.61,210.0,210.0,16.07,283.25,0.0,16,101050.0,9999999
59287,0,995,16.4,9.42,264.0,264.0,16.07,283.84,0.0,13,101050.0,9999999
59287,0,996,17.2,9.36,293.0,293.0,16.07,277.86,0.0,3,101050.0,9999999
59287,0,997,18.5,9.74,291.0,291.0,16.07,286.12,0.0,9,101050.0,9999999
59287,0,998,20.5,10.67,260.0,260.0,16.07,280.1,2.0,14,101050.0,9999999
59287,0,999,22.2,11.83,204.0,204.0,16.07,284.41,2.0,11,101050.0,9999999
59287,0,1000,21.9,11.83,134.0,134.0,16.07,281.69,2.0,11,101050.0,9999999
59287,0,1001,21.0,11.68,63.0,63.0,16.07,283.25,2.0,6,101050.0,9999999
59287,0,1002,19.9,11.31,2.0,2.0,16.07,282.67,2.0,5,101050.0,9999999
59287,0,1003,18.6,10.95,0.0,0.0,16.07,282.48,2.0,3,101050.0,9999999
59287,0,1004,17.4,10.6,0.0,0.0,16.07,277.04,0.0,0,101050.0,9999999
59287,0,1005,16.5,10.33,0.0,0.0,16.07,280.7,0.0,16,101050.0,9999999
59287,0,1006,15.8,10.13,0.0,0.0,16.07,280.1,0.0,3,101050.0,9999999
59287,0,1007,15.4,10.06,0.0,0.0,16.07,279.09,0.0,15,101050.0,9999999
59287,0,1008,15.0,10.06,0.0,0.0,16.07,276.83,0.0,12,100970.0,9999999
59287,0,1009,14.8,10.06,0.0,0.0,16.07,282.48,0.0,14,100970.0,9999999
59287,0,1010,14.6,10.13,0.0,0.0,16.07,278.89,0.0,0,100970.0,9999999
59287,0,1011,14.4,10.13,0.0,0.0,16.07,274.09,0.0,7,100970.0,9999999
59287,0,1012,14.2,10.13,0.0,0.0,16.07,276.83,0.0,13,100970.0,9999999
59287,0,1013,14.1,10.13,0.0,0.0,16.07,278.27,0.0,7,100970.0,9999999
59287,0,1014,14.0,10.06,0.0,0.0,16.07,273.66,0.0,7,100970.0,9999999
59287,0,1015,14.6,10.26,17.0,10.0,16.07,275.58,0.0,10,100970.0,9999999
59287,0,1016,15.9,10.74,146.0,87.0,16.07,278.68,0.0,0,100970.0,9999999
59287,0,1017,17.4,11.17,293.0,175.0,16.07,280.7,0.0,4,100970.0,9999999
59287,0,1018,18.9,11.39,207.0,207.0,16.07,284.22,0.0,10,100970.0,9999999
59287,0,1019,20.3,11.39,545.0,326.0,16.07,284.79,0.0,4,100970.0,9999999
59287,0,1020,21.6,11.24,605.0,361.0,16.07,286.87,0.0,11,100970.0,9999999
59287,0,1021,22.8,11.09,601.0,359.0,16.07,284.6,0.0,14,100970.0,9999999
59287,0,1022,23.6,11.09,255.0,255.0,16.07,283.25,2.0,10,100970.0,9999999
59287,0,1023,24.0,11.24,200.0,200.0,16.07,283.64,2.0,12,100970.0,9999999
59287,0,1024,23.6,11.31,132.0,132.0,16.07,286.87,2.0,4,100970.0,9999999
59287,0,1025,22.7,11.24,132.0,79.0,16.07,282.48,2.0,15,100970.0,9999999
59287,0,1026,21.5,11.17,5.0,3.0,16.07,287.8,2.0,12,100970.0,9999999
59287,0,1027,20.1,10.88,0.0,0.0,16.07,283.84,2.0,16,100970.0,9999999
59287,0,1028,18.9,10.67,0.0,0.0,16.07,282.08,3.0,7,100970.0,9999999
59287,0,1029,17.9,10.46,0.0,0.0,16.07,277.66,3.0,6,100970.0,9999999
59287,0,1030,17.2,10.26,0.0,0.0,16.07,284.99,3.0,16,100970.0,9999999
59287,0,1031,16.7,10.19,0.0,0.0,16.07,279.29,3.0,8,100970.0,9999999
59287,0,1032,16.3,10.06,0.0,0.0,16.07,278.07,3.0,1,100850.0,9999999
59287,0,1033,15.8,9.99,0.0,0.0,16.07,278.89,3.0,3,100850.0,9999999
59287,0,1034,15.3,9.86,0.0,0.0,16.07,278.89,1.0,7,100850.0,9999999
59287,0,1035,14.7,9.74,0.0,0.0,16.07,280.7,1.0,7,100850.0,9999999
59287,0,1036,14.0,9.61,0.0,0.0,16.07,277.04,1.0,13,100850.0,9999999
59287,0,1037,13.5,9.54,0.0,0.0,16.07,273.01,1.0,7,100850.0,9999999
59287,0,1038,13.3,9.54,0.0,0.0,16.07,280.9,1.0,4,100850.0,9999999
59287,0,1039,13.8,9.8,22.0,12.0,16.07,275.58,1.0,11,100850.0,9999999
59287,0,1040,14.8,10.19,83.0,83.0,16.07,279.09,2.0,4,100850.0,9999999
59287,0,1041,16.0,10.53,165.0,165.0,16.07,279.9,2.0,12,100850.0,9999999
59287,0,1042,17.4,10.6,244.0,244.0,16.07,281.1,2.0,8,100850.0,9999999
59287,0,1043,18.8,10.6,306.0,306.0,16.07,283.84,2.0,11,100850.0,9999999
59287,0,1044,20.2,10.53,749.0,391.0,16.07,283.84,2.0,10,100850.0,9999999
59287,0,1045,21.8,10.6,745.0,389.0,16.07,284.79,2.0,12,100850.0,9999999
59287,0,1046,23.4,10.95,301.0,301.0,16.07,287.62,3.0,8,100850.0,9999999
59287,0,1047,24.5,11.46,522.0,273.0,16.07,288.35,3.0,12,100850.0,9999999
59287,0,1048,24.3,11.46,345.0,180.0,16.07,285.37,3.0,1,100850.0,9999999
59287,0,1049,23.7,11.53,164.0,86.0,16.07,287.62,3.0,8,100850.0,9999999
59287,0,1050,22.9,11.68,8.0,4.0,16.07,284.03,3.0,12,100850.0,9999999
59287,0,1051,22.1,11.76,0.0,0.0,16.07,288.72,3.0,1,100850.0,9999999
59287,0,1052,21.2,11.83,0.0,0.0,16.07,286.68,2.0,10,100850.0,9999999
59287,0,1053,20.5,11.83,0.0,0.0,16.07,284.03,2.0,1,100850.0,9999999
59287,0,1054,19.8,11.76,0.0,0.0,16.07,285.37,2.0,8,100850.0,9999999
59287,0,1055,19.3,11.68,0.0,0.0,16.07,283.84,2.0,12,100850.0,9999999
59287,0,1056,18.7,11.61,0.0,0.0,16.07,284.22,2.0,11,101020.0,9999999
59287,0,1057,18.1,11.46,0.0,0.0,16.07,282.08,2.0,9,101020.0,9999999
59287,0,1058,17.5,11.31,0.0,0.0,16.07,278.68,1.0,5,101020.0,9999999
59287,0,1059,16.8,11.09,0.0,0.0,16.07,278.07,1.0,11,101020.0,9999999
59287,0,1060,16.1,10.81,0.0,0.0,16.07,277.25,1.0,13,101020.0,9999999
59287,0,1061,15.6,10.67,0.0,0.0,16.07,278.89,1.0,15,101020.0,9999999
59287,0,1062,15.4,10.6,0.0,0.0,16.07,279.29,1.0,15,101020.0,9999999
59287,0,1063,15.9,10.88,10.0,10.0,16.07,278.68,1.0,6,101020.0,9999999
59287,0,1064,17.0,11.46,76.0,76.0,16.07,281.1,0.0,0,101020.0,9999999
59287,0,1065,18.3,11.83,151.0,151.0,16.07,284.99,0.0,0,101020.0,9999999
59287,0,1066,19.6,12.07,223.0,223.0,16.07,287.8,0.0,0,101020.0,9999999
59287,0,1067,20.8,11.99,280.0,280.0,16.07,283.84,0.0,11,101020.0,9999999
59287,0,1068,21.8,11.76,310.0,310.0,16.07,285.18,0.0,11,101020.0,9999999
59287,0,1069,22.5,11.31,308.0,308.0,16.07,290.36,0.0,2,101020.0,9999999
59287,0,1070,22.7,10.81,275.0,275.0,16.07,284.6,3.0,16,101020.0,9999999
59287,0,1071,22.5,10.4,217.0,217.0,16.07,285.93,3.0,14,101020.0,9999999
59287,0,1072,21.9,9.99,143.0,143.0,16.07,282.48,3.0,6,101020.0,9999999
59287,0,1073,21.0,9.67,69.0,69.0,16.07,285.74,3.0,2,101020.0,9999999
59287,0,1074,20.0,9.36,4.0,4.0,16.07,287.43,3.0,11,101020.0,9999999
59287,0,1075,19.0,9.05,0.0,0.0,16.07,282.08,3.0,5,101020.0,9999999
59287,0,1076,18.1,8.81,0.0,0.0,16.07,282.67,2.0,16,101020.0,9999999
59287,0,1077,17.4,8.52,0.0,0.0,16.07,276.41,2.0,5,101020.0,9999999
59287,0,1078,16.8,8.24,0.0,0.0,16.07,277.86,2.0,1,101020.0,9999999
59287,0,1079,16.4,7.97,0.0,0.0,16.07,275.15,2.0,15,101020.0,9999999
59287,0,1080,16.0,7.75,0.0,0.0,16.07,277.66,2.0,13,101460.0,9999999
59287,0,1081,15.7,7.49,0.0,0.0,16.07,274.3,2.0,5,101460.0,9999999
59287,0,1082,15.3,7.24,0.0,0.0,16.07,279.29,3.0,16,101460.0,9999999
59287,0,1083,14.9,6.94,0.0,0.0,16.07,276.21,3.0,10,101460.0,9999999
59287,0,1084,14.5,6.71,0.0,0.0,16.07,277.45,3.0,9,101460.0,9999999
59287,0,1085,14.2,6.48,0.0,0.0,16.07,280.5,3.0,3,101460.0,9999999
59287,0,1086,14.1,6.34,0.0,0.0,16.07,278.68,3.0,5,101460.0,9999999
59287,0,1087,14.3,6.25,48.0,24.0,16.07,274.52,3.0,6,101460.0,9999999
59287,0,1088,14.7,6.21,95.0,95.0,16.07,277.25,1.0,2,101460.0,9999999
59287,0,1089,15.2,6.12,189.0,189.0,16.07,276.62,1.0,9,101460.0,9999999
59287,0,1090,15.9,6.04,878.0,435.0,16.07,277.25,1.0,3,101460.0,9999999
59287,0,1091,16.8,5.99,348.0,348.0,16.07,282.67,1.0,16,101460.0,9999999
59287,0,1092,17.8,6.04,385.0,385.0,16.07,283.64,1.0,5,101460.0,9999999
59287,0,1093,19.1,6.21,383.0,383.0,16.07,279.9,1.0,2,101460.0,9999999
59287,0,1094,20.7,6.61,342.0,342.0,16.07,286.87,1.0,11,101460.0,9999999
59287,0,1095,21.9,7.04,269.0,269.0,16.07,280.1,1.0,12,101460.0,9999999
59287,0,1096,21.6,6.99,624.0,309.0,16.07,283.84,1.0,3,101460.0,9999999
59287,0,1097,20.9,6.9,86.0,86.0,16.07,284.41,1.0,2,101460.0,9999999
59287,0,1098,19.9,6.85,5.0,5.0,16.07,282.08,1.0,10,101460.0,9999999
59287,0,1099,18.9,6.85,0.0,0.0,16.07,281.69,1.0,16,101460.0,9999999
59287,0,1100,18.0,6.99,0.0,0.0,16.07,279.29,2.0,16,101460.0,9999999
59287,0,1101,17.4,7.34,0.0,0.0,16.07,275.79,2.0,16,101460.0,9999999
59287,0,1102,17.1,7.75,0.0,0.0,16.07,277.04,2.0,14,101460.0,9999999
59287,0,1103,16.9,8.24,0.0,0.0,16.07,279.7,2.0,5,101460.0,9999999
59287,0,1104,16.7,8.7,0.0,0.0,16.07,279.9,2.0,7,101360.0,9999999
59287,0,1105,16.5,9.11,0.0,0.0,16.07,283.84,2.0,1,101360.0,9999999
59287,0,1106,16.1,9.23,0.0,0.0,16.07,280.9,3.0,8,101360.0,9999999
59287,0,1107,15.5,9.17,0.0,0.0,16.07,277.04,3.0,10,101360.0,9999999
59287,0,1108,14.9,8.93,0.0,0.0,16.07,278.68,3.0,9,101360.0,9999999
59287,0,1109,14.3,8.64,0.0,0.0,16.07,281.49,3.0,7,101360.0,9999999
59287,0,1110,14.1,8.41,0.0,0.0,16.07,274.52,3.0,5,101360.0,9999999
59287,0,1111,14.2,8.3,24.0,15.0,16.07,277.86,3.0,9,101360.0,9999999
59287,0,1112,14.7,8.24,69.0,69.0,16.07,279.09,1.0,6,101360.0,9999999
59287,0,1113,15.5,8.18,136.0,136.0,16.07,277.25,1.0,9,101360.0,9999999
59287,0,1114,16.5,8.18,484.0,308.0,16.07,281.89,1.0,1,101360.0,9999999
59287,0,1115,17.6,8.18,251.0,251.0,16.07,281.89,1.0,7,101360.0,9999999
59287,0,1116,18.8,8.24,671.0,427.0,16.07,285.74,1.0,12,101360.0,9999999
59287,0,1117,19.9,8.35,667.0,424.0,16.07,280.9,1.0,2,101360.0,9999999
59287,0,1118,20.8,8.52,247.0,247.0,16.07,285.18,2.0,7,101360.0,9999999
59287,0,1119,21.4,8.87,195.0,195.0,16.07,282.67,2.0,4,101360.0,9999999
59287,0,1120,21.6,9.29,129.0,129.0,16.07,282.87,2.0,2,101360.0,9999999
59287,0,1121,21.2,9.48,63.0,63.0,16.07,282.67,2.0,8,101360.0,9999999
59287,0,1122,20.4,9.48,11.0,7.0,16.07,279.7,2.0,8,101360.0,9999999
59287,0,1123,19.6,9.36,0.0,0.0,16.07,281.1,2.0,10,101360.0,9999999
59287,0,1124,19.1,9.36,0.0,0.0,16.07,279.7,1.0,10,101360.0,9999999
59287,0,1125,19.1,9.48,0.0,0.0,16.07,278.27,1.0,2,101360.0,9999999
59287,0,1126,18.6,9.11,0.0,0.0,16.07,279.9,1.0,6,101360.0,9999999
59287,0,1127,17.5,8.41,0.0,0.0,16.07,283.06,1.0,6,101360.0,9999999
59287,0,1128,16.4,7.65,0.0,0.0,16.07,276.41,1.0,3,101360.0,9999999
59287,0,1129,15.4,7.04,0.0,0.0,16.07,279.29,1.0,9,101360.0,9999999
59287,0,1130,15.0,6.85,0.0,0.0,16.07,281.29,2.0,16,101360.0,9999999
59287,0,1131,14.8,6.85,0.0,0.0,16.07,281.1,2.0,16,101360.0,9999999
59287,0,1132,14.3,6.8,0.0,0.0,16.07,274.09,2.0,3,101360.0,9999999
59287,0,1133,13.9,6.75,0.0,0.0,16.07,276.21,2.0,10,101360.0,9999999
59287,0,1134,13.7,6.85,0.0,0.0,16.07,278.68,2.0,9,101360.0,9999999
59287,0,1135,14.0,7.14,8.0,8.0,16.07,276.62,2.0,2,101360.0,9999999
59287,0,1136,14.6,7.44,52.0,52.0,16.07,279.7,0.0,0,101360.0,9999999
59287,0,1137,15.2,7.65,102.0,102.0,16.07,275.36,0.0,11,101360.0,9999999
59287,0,1138,15.9,7.75,150.0,150.0,16.07,281.1,0.0,5,101360.0,9999999
59287,0,1139,16.4,7.8,188.0,188.0,16.07,278.07,0.0,0,101360.0,9999999
59287,0,1140,17.0,7.8,208.0,208.0,16.07,277.86,0.0,11,101360.0,9999999
59287,0,1141,17.4,7.75,207.0,207.0,16.07,281.49,0.0,11,101360.0,9999999
59287,0,1142,17.7,7.8,184.0,184.0,16.07,284.41,2.0,4,101360.0,9999999
59287,0,1143,17.9,7.86,146.0,146.0,16.07,278.89,2.0,4,101360.0,9999999
59287,0,1144,18.0,8.02,97.0,97.0,16.07,282.28,2.0,16,101360.0,9999999
59287,0,1145,18.0,8.24,47.0,47.0,16.07,278.07,2.0,13,101360.0,9999999
59287,0,1146,17.9,8.46,4.0,4.0,16.07,276.83,2.0,2,101360.0,9999999
59287,0,1147,17.8,8.7,0.0,0.0,16.07,278.07,2.0,2,101360.0,9999999
59287,0,1148,17.6,8.93,0.0,0.0,16.07,280.7,2.0,6,101360.0,9999999
59287,0,1149,17.4,9.05,0.0,0.0,16.07,276.62,2.0,9,101360.0,9999999
59287,0,1150,17.2,9.17,0.0,0.0,16.07,278.68,2.0,6,101360.0,9999999
59287,0,1151,17.1,9.29,0.0,0.0,16.07,279.29,2.0,3,101360.0,9999999
59287,0,1152,16.9,9.29,0.0,0.0,16.07,282.67,2.0,10,101040.0,9999999
59287,0,1153,16.7,9.36,0.0,0.0,16.07,281.49,2.0,2,101040.0,9999999
59287,0,1154,16.5,9.36,0.0,0.0,16.07,278.07,0.0,0,101040.0,9999999
59287,0,1155,16.3,9.36,0.0,0.0,16.07,279.7,0.0,12,101040.0,9999999
59287,0,1156,16.2,9.36,0.0,0.0,16.07,280.9,0.0,3,101040.0,9999999
59287,0,1157,16.0,9.36,0.0,0.0,16.07,275.36,0.0,1,101040.0,9999999
59287,0,1158,16.0,9.29,0.0,0.0,16.07,279.9,0.0,8,101040.0,9999999
59287,0,1159,16.1,9.29,9.0,9.0,16.07,275.58,0.0,6,101040.0,9999999
59287,0,1160,16.5,9.36,60.0,60.0,16.07,277.25,0.0,0,101040.0,9999999
59287,0,1161,16.9,9.36,117.0,117.0,16.07,280.9,0.0,0,101040.0,9999999
59287,0,1162,17.4,9.36,172.0,172.0,16.07,280.7,0.0,5,101040.0,9999999
59287,0,1163,18.0,9.36,215.0,215.0,16.07,285.37,0.0,4,101040.0,9999999
59287,0,1164,18.7,9.42,238.0,238.0,16.07,280.9,0.0,12,101040.0,9999999
59287,0,1165,19.5,9.74,236.0,236.0,16.07,281.1,0.0,12,101040.0,9999999
59287,0,1166,20.6,10.33,211.0,211.0,16.07,282.28,0.0,0,101040.0,9999999
59287,0,1167,21.4,10.95,167.0,167.0,16.07,282.48,0.0,10,101040.0,9999999
59287,0,1168,21.2,11.09,111.0,111.0,16.07,282.28,0.0,2,101040.0,9999999
59287,0,1169,20.8,11.17,54.0,54.0,16.07,280.5,0.0,2,101040.0,9999999
59287,0,1170,20.2,11.17,5.0,5.0,16.07,288.17,0.0,4,101040.0,9999999
59287,0,1171,19.6,11.09,0.0,0.0,16.07,282.87,0.0,9,101040.0,9999999
59287,0,1172,19.1,11.09,0.0,0.0,16.07,284.41,0.0,0,101040.0,9999999
59287,0,1173,18.9,11.09,0.0,0.0,16.07,282.08,0.0,5,101040.0,9999999
59287,0,1174,18.8,11.17,0.0,0.0,16.07,285.18,0.0,5,101040.0,9999999
59287,0,1175,18.8,11.24,0.0,0.0,16.07,285.37,0.0,3,101040.0,9999999
59287,0,1176,18.9,11.31,0.0,0.0,16.07,281.1,0.0,2,100590.0,9999999
59287,0,1177,18.8,11.39,0.0,0.0,16.07,282.87,0.0,4,100590.0,9999999
59287,0,1178,18.7,11.46,0.0,0.0,16.07,285.18,2.0,8,100590.0,9999999
59287,0,1179,18.4,11.53,0.0,0.0,16.07,284.99,2.0,12,100590.0,9999999
59287,0,1180,18.0,11.53,0.0,0.0,16.07,280.3,2.0,5,100590.0,9999999
59287,0,1181,17.6,11.61,0.0,0.0,16.07,279.9,2.0,16,100590.0,9999999
59287,0,1182,17.5,11.83,0.0,0.0,16.07,280.5,2.0,3,100590.0,9999999
59287,0,1183,17.6,12.22,3.0,3.0,16.07,279.09,2.0,8,100590.0,9999999
59287,0,1184,17.9,12.62,18.0,18.0,16.07,280.5,0.0,0,100590.0,9999999
59287,0,1185,18.2,12.94,36.0,36.0,16.07,282.67,0.0,13,100590.0,9999999
59287,0,1186,18.4,13.11,52.0,52.0,16.07,285.55,0.0,6,100590.0,9999999
59287,0,1187,18.7,13.28,65.0,65.0,16.07,284.6,0.0,3,100590.0,9999999
59287,0,1188,19.0,13.36,72.0,72.0,16.07,283.45,0.0,8,100590.0,9999999
59287,0,1189,19.4,13.53,72.0,72.0,16.07,284.6,0.0,10,100590.0,9999999
59287,0,1190,19.8,13.79,64.0,64.0,16.07,284.41,0.0,0,100590.0,9999999
59287,0,1191,20.3,14.15,50.0,50.0,16.07,284.99,0.0,6,100590.0,9999999
59287,0,1192,20.7,14.42,34.0,34.0,16.07,289.63,0.0,15,100590.0,9999999
59287,0,1193,20.9,14.6,17.0,17.0,16.07,284.6,0.0,3,100590.0,9999999
59287,0,1194,20.8,14.51,2.0,2.0,16.07,281.49,0.0,2,100590.0,9999999
59287,0,1195,20.7,14.42,0.0,0.0,16.07,284.79,0.0,11,100590.0,9999999
59287,0,1196,20.6,14.33,0.0,0.0,16.07,285.37,0.0,0,100590.0,9999999
59287,0,1197,20.6,14.42,0.0,0.0,16.07,289.45,0.0,15,100590.0,9999999
59287,0,1198,20.6,14.51,0.0,0.0,16.07,281.29,0.0,5,100590.0,9999999
59287,0,1199,20.7,14.6,0.0,0.0,16.07,287.99,0.0,7,100590.0,9999999
59287,0,1200,20.6,14.6,0.0,0.0,16.07,289.63,0.0,16,100670.0,9999999
59287,0,1201,20.4,14.51,0.0,0.0,16.07,283.45,0.0,16,100670.0,9999999
59287,0,1202,20.0,14.24,0.0,0.0,16.07,281.89,0.0,0,100670.0,9999999
59287,0,1203,19.3,13.79,0.0,0.0,16.07,282.87,0.0,13,100670.0,9999999
59287,0,1204,18.5,13.11,0.0,0.0,16.07,283.45,0.0,9,100670.0,9999999
59287,0,1205,17.5,12.38,0.0,0.0,16.07,281.69,0.0,8,100670.0,9999999
59287,0,1206,16.5,11.61,0.0,0.0,16.07,281.29,0.0,11,100670.0,9999999
59287,0,1207,15.6,10.95,3.0,3.0,16.07,282.08,0.0,2,100670.0,9999999
59287,0,1208,14.9,10.33,19.0,19.0,16.07,276.0,5.0,16,100670.0,9999999
59287,0,1209,14.4,9.8,37.0,37.0,16.07,280.5,5.0,5,100670.0,9999999
59287,0,1210,14.2,9.36,54.0,54.0,16.07,275.79,5.0,7,100670.0,9999999
59287,0,1211,14.1,8.99,67.0,67.0,16.07,279.9,5.0,3,100670.0,9999999
59287,0,1212,14.0,8.75,75.0,75.0,16.07,276.62,5.0,11,100670.0,9999999
59287,0,1213,14.1,8.58,74.0,74.0,16.07,278.68,5.0,10,100670.0,9999999
59287,0,1214,14.1,8.41,66.0,66.0,16.07,275.36,3.0,16,100670.0,9999999
59287,0,1215,13.8,8.18,52.0,52.0,16.07,277.45,3.0,12,100670.0,9999999
59287,0,1216,13.0,7.86,35.0,35.0,16.07,276.41,3.0,16,100670.0,9999999
59287,0,1217,12.2,7.54,17.0,17.0,16.07,274.52,3.0,4,100670.0,9999999
59287,0,1218,11.8,7.44,2.0,2.0,16.07,275.15,3.0,13,100670.0,9999999
59287,0,1219,12.0,7.65,0.0,0.0,16.07,273.01,3.0,15,100670.0,9999999
59287,0,1220,12.3,7.91,0.0,0.0,16.07,276.62,4.0,3,100670.0,9999999
59287,0,1221,12.3,8.02,0.0,0.0,16.07,279.29,4.0,1,100670.0,9999999
59287,0,1222,12.1,7.97,0.0,0.0,16.07,276.41,4.0,8,100670.0,9999999
59287,0,1223,11.8,7.86,0.0,0.0,16.07,275.36,4.0,16,100670.0,9999999
59287,0,1224,11.5,7.75,0.0,0.0,16.07,273.23,4.0,14,101100.0,9999999
59287,0,1225,11.2,7.65,0.0,0.0,16.07,270.15,4.0,8,101100.0,9999999
59287,0,1226,11.1,7.65,0.0,0.0,16.07,274.52,2.0,2,101100.0,9999999
59287,0,1227,10.9,7.59,0.0,0.0,16.07,273.66,2.0,4,101100.0,9999999
59287,0,1228,10.4,7.39,0.0,0.0,16.07,274.52,2.0,1,101100.0,9999999
59287,0,1229,9.8,7.19,0.0,0.0,16.07,276.41,2.0,4,101100.0,9999999
59287,0,1230,9.5,7.09,0.0,0.0,16.07,271.04,2.0,2,101100.0,9999999
59287,0,1231,9.6,7.19,1.0,1.0,16.07,274.73,2.0,4,101100.0,9999999
59287,0,1232,9.9,7.39,8.0,8.0,16.07,272.58,2.0,16,101100.0,9999999
59287,0,1233,10.2,7.54,16.0,16.0,16.07,273.66,2.0,12,101100.0,9999999
59287,0,1234,10.5,7.7,23.0,23.0,16.07,275.79,2.0,8,101100.0,9999999
59287,0,1235,10.7,7.75,28.0,28.0,16.07,273.23,2.0,13,101100.0,9999999
59287,0,1236,10.9,7.86,31.0,31.0,16.07,272.8,2.0,5,101100.0,9999999
59287,0,1237,11.1,7.91,31.0,31.0,16.07,278.07,2.0,16,101100.0,9999999
59287,0,1238,11.2,7.97,28.0,28.0,16.07,276.62,1.0,1,101100.0,9999999
59287,0,1239,11.3,8.02,22.0,22.0,16.07,271.7,1.0,13,101100.0,9999999
59287,0,1240,11.4,8.07,15.0,15.0,16.07,275.79,1.0,7,101100.0,9999999
59287,0,1241,11.4,8.13,7.0,7.0,16.07,275.15,1.0,13,101100.0,9999999
59287,0,1242,11.5,8.18,1.0,1.0,16.07,277.04,1.0,7,101100.0,9999999
59287,0,1243,11.5,8.18,0.0,0.0,16.07,271.92,1.0,12,101100.0,9999999
59287,0,1244,11.5,8.24,0.0,0.0,16.07,278.48,1.0,3,101100.0,9999999
59287,0,1245,11.5,8.24,0.0,0.0,16.07,274.09,1.0,2,101100.0,9999999
59287,0,1246,11.5,8.24,0.0,0.0,16.07,276.0,1.0,9,101100.0,9999999
59287,0,1247,11.5,8.24,0.0,0.0,16.07,271.92,1.0,10,101100.0,9999999
59287,0,1248,11.4,8.18,0.0,0.0,16.07,270.6,1.0,12,100980.0,9999999
59287,0,1249,11.3,8.13,0.0,0.0,16.07,270.37,1.0,5,100980.0,9999999
59287,0,1250,11.2,8.07,0.0,0.0,16.07,278.27,2.0,16,100980.0,9999999
59287,0,1251,11.0,7.97,0.0,0.0,16.07,273.44,2.0,4,100980.0,9999999
59287,0,1252,10.9,7.86,0.0,0.0,16.07,273.87,2.0,9,100980.0,9999999
59287,0,1253,10.8,7.75,0.0,0.0,16.07,272.58,2.0,15,100980.0,9999999
59287,0,1254,10.7,7.75,0.0,0.0,16.07,269.7,2.0,10,100980.0,9999999
59287,0,1255,11.1,7.91,1.0,1.0,16.07,273.01,2.0,9,100980.0,9999999
59287,0,1256,11.7,8.24,7.0,7.0,16.07,274.73,2.0,16,100980.0,9999999
59287,0,1257,12.2,8.52,14.0,14.0,16.07,275.36,2.0,16,100980.0,9999999
59287,0,1258,12.5,8.7,21.0,21.0,16.07,277.04,2.0,2,100980.0,9999999
59287,0,1259,12.6,8.75,26.0,26.0,16.07,274.73,2.0,12,100980.0,9999999
59287,0,1260,12.7,8.75,28.0,28.0,16.07,276.62,2.0,2,100980.0,9999999
59287,0,1261,12.7,8.81,28.0,28.0,16.07,273.23,2.0,4,100980.0,9999999
59287,0,1262,12.7,8.81,25.0,25.0,16.07,274.94,2.0,2,100980.0,9999999
59287,0,1263,12.8,8.87,20.0,20.0,16.07,274.94,2.0,5,100980.0,9999999
59287,0,1264,12.8,8.87,13.0,13.0,16.07,272.14,2.0,15,100980.0,9999999
59287,0,1265,12.8,8.87,7.0,7.0,16.07,274.94,2.0,15,100980.0,9999999
59287,0,1266,12.7,8.87,1.0,1.0,16.07,273.23,2.0,12,100980.0,9999999
59287,0,1267,12.5,8.81,0.0,0.0,16.07,275.79,2.0,9,100980.0,9999999
59287,0,1268,12.4,8.75,0.0,0.0,16.07,276.21,1.0,1,100980.0,9999999
59287,0,1269,12.3,8.7,0.0,0.0,16.07,274.52,1.0,9,100980.0,9999999
59287,0,1270,12.2,8.64,0.0,0.0,16.07,276.0,1.0,16,100980.0,9999999
59287,0,1271,12.1,8.58,0.0,0.0,16.07,277.86,1.0,10,100980.0,9999999
59287,0,1272,12.1,8.52,0.0,0.0,16.07,279.29,1.0,4,101050.0,9999999
59287,0,1273,11.9,8.46,0.0,0.0,16.07,279.09,1.0,10,101050.0,9999999
59287,0,1274,11.8,8.41,0.0,0.0,16.07,275.58,2.0,16,101050.0,9999999
59287,0,1275,11.6,8.3,0.0,0.0,16.07,278.68,2.0,13,101050.0,9999999
59287,0,1276,11.4,8.18,0.0,0.0,16.07,271.92,2.0,7,101050.0,9999999
59287,0,1277,11.3,8.07,0.0,0.0,16.07,273.23,2.0,4,101050.0,9999999
59287,0,1278,11.2,8.02,0.0,0.0,16.07,278.27,2.0,3,101050.0,9999999
59287,0,1279,11.4,8.13,6.0,6.0,16.07,277.04,2.0,14,101050.0,9999999
59287,0,1280,11.9,8.24,34.0,34.0,16.07,275.58,2.0,16,101050.0,9999999
59287,0,1281,12.2,8.3,66.0,66.0,16.07,276.62,2.0,7,101050.0,9999999
59287,0,1282,12.4,8.24,95.0,95.0,16.07,278.07,2.0,11,101050.0,9999999
59287,0,1283,12.5,8.13,119.0,119.0,16.07,276.83,2.0,8,101050.0,9999999
59287,0,1284,12.6,7.97,131.0,131.0,16.07,273.01,2.0,6,101050.0,9999999
59287,0,1285,12.8,7.86,131.0,131.0,16.07,277.04,2.0,9,101050.0,9999999
59287,0,1286,13.1,7.91,117.0,117.0,16.07,276.62,3.0,16,101050.0,9999999
59287,0,1287,13.4,7.91,93.0,93.0,16.07,273.66,3.0,12,101050.0,9999999
59287,0,1288,13.3,7.8,62.0,62.0,16.07,274.3,3.0,10,101050.0,9999999
59287,0,1289,13.1,7.65,31.0,31.0,16.07,271.92,3.0,3,101050.0,9999999
59287,0,1290,12.8,7.49,4.0,4.0,16.07,271.48,3.0,7,101050.0,9999999
59287,0,1291,12.5,7.34,0.0,0.0,16.07,275.15,3.0,13,101050.0,9999999
59287,0,1292,12.4,7.24,0.0,0.0,16.07,275.58,2.0,16,101050.0,9999999
59287,0,1293,12.4,7.24,0.0,0.0,16.07,279.09,2.0,1,101050.0,9999999
59287,0,1294,12.4,7.19,0.0,0.0,16.07,274.94,2.0,11,101050.0,9999999
59287,0,1295,12.3,7.14,0.0,0.0,16.07,277.45,2.0,9,101050.0,9999999
59287,0,1296,12.2,7.04,0.0,0.0,16.07,273.66,2.0,14,101430.0,9999999
59287,0,1297,12.0,6.9,0.0,0.0,16.07,275.79,2.0,13,101430.0,9999999
59287,0,1298,11.8,6.8,0.0,0.0,16.07,276.83,2.0,2,101430.0,9999999
59287,0,1299,11.6,6.66,0.0,0.0,16.07,272.14,2.0,10,101430.0,9999999
59287,0,1300,11.4,6.52,0.0,0.0,16.07,275.15,2.0,6,101430.0,9999999
59287,0,1301,11.2,6.39,0.0,0.0,16.07,274.09,2.0,13,101430.0,9999999
59287,0,1302,11.1,6.25,0.0,0.0,16.07,272.14,2.0,14,101430.0,9999999
59287,0,1303,11.0,6.16,6.0,6.0,16.07,272.58,2.0,8,101430.0,9999999
59287,0,1304,11.0,6.08,33.0,33.0,16.07,271.48,1.0,3,101430.0,9999999
59287,0,1305,11.1,6.04,64.0,64.0,16.07,269.25,1.0,9,101430.0,9999999
59287,0,1306,11.2,5.99,93.0,93.0,16.07,274.73,1.0,3,101430.0,9999999
59287,0,1307,11.4,5.99,115.0,115.0,16.07,274.09,1.0,6,101430.0,9999999
59287,0,1308,11.6,6.04,127.0,127.0,16.07,273.23,1.0,10,101430.0,9999999
59287,0,1309,11.8,6.08,127.0,127.0,16.07,276.41,1.0,9,101430.0,9999999
59287,0,1310,11.8,6.16,113.0,113.0,16.07,269.93,3.0,2,101430.0,9999999
59287,0,1311,11.5,6.16,90.0,90.0,16.07,271.04,3.0,7,101430.0,9999999
59287,0,1312,10.9,6.12,61.0,61.0,16.07,272.58,3.0,6,101430.0,9999999
59287,0,1313,10.2,6.04,30.0,30.0,16.07,273.66,3.0,1,101430.0,9999999
59287,0,1314,9.9,6.16,4.0,4.0,16.07,270.37,3.0,9,101430.0,9999999
59287,0,1315,10.1,6.43,0.0,0.0,16.07,271.26,3.0,9,101430.0,9999999
59287,0,1316,10.4,6.8,0.0,0.0,16.07,275.36,2.0,2,101430.0,9999999
59287,0,1317,10.5,7.09,0.0,0.0,16.07,277.04,2.0,6,101430.0,9999999
59287,0,1318,10.5,7.19,0.0,0.0,16.07,274.52,2.0,8,101430.0,9999999
59287,0,1319,10.2,7.19,0.0,0.0,16.07,276.83,2.0,13,101430.0,9999999
59287,0,1320,9.9,7.14,0.0,0.0,16.07,275.15,2.0,8,101680.0,9999999
59287,0,1321,9.6,6.99,0.0,0.0,16.07,274.73,2.0,3,101680.0,9999999
59287,0,1322,9.3,6.85,0.0,0.0,16.07,272.36,1.0,16,101680.0,9999999
59287,0,1323,9.1,6.71,0.0,0.0,16.07,272.14,1.0,10,101680.0,9999999
59287,0,1324,9.0,6.57,0.0,0.0,16.07,273.87,1.0,2,101680.0,9999999
59287,0,1325,8.9,6.43,0.0,0.0,16.07,272.58,1.0,14,101680.0,9999999
59287,0,1326,8.9,6.3,0.0,0.0,16.07,269.48,1.0,15,101680.0,9999999
59287,0,1327,9.1,6.21,7.0,7.0,16.07,275.36,1.0,14,101680.0,9999999
59287,0,1328,9.6,6.21,38.0,38.0,16.07,275.79,3.0,2,101680.0,9999999
59287,0,1329,10.0,6.16,71.0,71.0,16.07,274.73,3.0,1,101680.0,9999999
59287,0,1330,10.4,6.08,104.0,104.0,16.07,268.57,3.0,14,101680.0,9999999
59287,0,1331,10.7,5.91,129.0,129.0,16.07,276.62,3.0,4,101680.0,9999999
59287,0,1332,10.9,5.78,142.0,142.0,16.07,269.03,3.0,13,101680.0,9999999
59287,0,1333,11.2,5.7,141.0,141.0,16.07,269.25,3.0,10,101680.0,9999999
59287,0,1334,11.4,5.66,127.0,127.0,16.07,270.6,4.0,2,101680.0,9999999
59287,0,1335,11.6,5.7,101.0,101.0,16.07,269.48,4.0,11,101680.0,9999999
59287,0,1336,11.7,5.74,68.0,68.0,16.07,277.45,4.0,8,101680.0,9999999
59287,0,1337,11.6,5.78,34.0,34.0,16.07,273.01,4.0,3,101680.0,9999999
59287,0,1338,11.5,5.78,5.0,5.0,16.07,269.48,4.0,5,101680.0,9999999
59287,0,1339,11.3,5.78,0.0,0.0,16.07,270.6,4.0,7,101680.0,9999999
59287,0,1340,11.1,5.78,0.0,0.0,16.07,271.92,3.0,2,101680.0,9999999
59287,0,1341,11.0,5.78,0.0,0.0,16.07,276.83,3.0,7,101680.0,9999999
59287,0,1342,11.0,5.74,0.0,0.0,16.07,275.36,3.0,2,101680.0,9999999
59287,0,1343,10.9,5.66,0.0,0.0,16.07,275.36,3.0,5,101680.0,9999999
59287,0,1344,10.8,5.58,0.0,0.0,16.07,268.8,3.0,3,101880.0,9999999
59287,0,1345,10.6,5.46,0.0,0.0,16.07,273.01,3.0,10,101880.0,9999999
59287,0,1346,10.2,5.27,0.0,0.0,16.07,275.79,3.0,2,101880.0,9999999
59287,0,1347,9.6,5.08,0.0,0.0,16.07,268.57,3.0,4,101880.0,9999999
59287,0,1348,9.0,4.86,0.0,0.0,16.07,271.04,3.0,8,101880.0,9999999
59287,0,1349,8.5,4.68,0.0,0.0,16.07,269.93,3.0,15,101880.0,9999999
59287,0,1350,8.3,4.61,0.0,0.0,16.07,271.04,3.0,5,101880.0,9999999
59287,0,1351,8.6,4.65,11.0,11.0,16.07,269.48,3.0,3,101880.0,9999999
59287,0,1352,9.2,4.79,53.0,53.0,16.07,271.92,2.0,3,101880.0,9999999
59287,0,1353,9.6,4.75,100.0,100.0,16.07,267.2,2.0,13,101880.0,9999999
59287,0,1354,9.9,4.65,145.0,145.0,16.07,275.15,2.0,10,101880.0,9999999
59287,0,1355,10.1,4.51,180.0,180.0,16.07,271.26,2.0,14,101880.0,9999999
59287,0,1356,10.3,4.38,199.0,199.0,16.07,270.37,2.0,1,101880.0,9999999
59287,0,1357,10.6,4.31,198.0,198.0,16.07,270.6,2.0,8,101880.0,9999999
59287,0,1358,11.2,4.35,177.0,177.0,16.07,271.26,2.0,16,101880.0,9999999
59287,0,1359,12.0,4.54,141.0,141.0,16.07,270.37,2.0,16,101880.0,9999999
59287,0,1360,12.4,4.72,95.0,95.0,16.07,271.92,2.0,5,101880.0,9999999
59287,0,1361,12.2,4.72,48.0,48.0,16.07,274.94,2.0,6,101880.0,9999999
59287,0,1362,11.8,4.61,7.0,7.0,16.07,272.36,2.0,9,101880.0,9999999
59287,0,1363,11.2,4.51,0.0,0.0,16.07,276.21,2.0,2,101880.0,9999999
59287,0,1364,10.8,4.41,0.0,0.0,16.07,274.3,3.0,4,101880.0,9999999
59287,0,1365,10.6,4.31,0.0,0.0,16.07,271.04,3.0,4,101880.0,9999999
59287,0,1366,10.6,4.28,0.0,0.0,16.07,269.93,3.0,3,101880.0,9999999
59287,0,1367,10.7,4.28,0.0,0.0,16.07,269.03,3.0,4,101880.0,9999999
59287,0,1368,10.7,4.28,0.0,0.0,16.07,271.26,3.0,8,101780.0,9999999
59287,0,1369,10.5,4.35,0.0,0.0,16.07,267.66,3.0,10,101780.0,9999999
59287,0,1370,10.0,4.41,0.0,0.0,16.07,272.58,2.0,16,101780.0,9999999
59287,0,1371,9.1,4.48,0.0,0.0,16.07,274.3,2.0,3,101780.0,9999999
59287,0,1372,8.1,4.54,0.0,0.0,16.07,265.56,2.0,3,101780.0,9999999
59287,0,1373,7.2,4.68,0.0,0.0,16.07,270.15,2.0,9,101780.0,9999999
59287,0,1374,6.9,4.89,0.0,0.0,16.07,272.36,2.0,2,101780.0,9999999
59287,0,1375,7.3,5.34,9.0,9.0,16.07,265.33,2.0,14,101780.0,9999999
59287,0,1376,8.2,5.78,45.0,45.0,16.07,270.82,1.0,3,101780.0,9999999
59287,0,1377,8.9,6.04,85.0,85.0,16.07,271.7,1.0,7,101780.0,9999999
59287,0,1378,9.5,5.99,123.0,123.0,16.07,273.01,1.0,10,101780.0,9999999
59287,0,1379,10.0,5.82,153.0,153.0,16.07,268.12,1.0,12,101780.0,9999999
59287,0,1380,10.4,5.62,169.0,169.0,16.07,269.7,1.0,7,101780.0,9999999
59287,0,1381,11.0,5.46,168.0,168.0,16.07,276.62,1.0,9,101780.0,9999999
59287,0,1382,11.7,5.42,151.0,151.0,16.07,273.44,2.0,2,101780.0,9999999
59287,0,1383,12.3,5.46,120.0,120.0,16.07,272.36,2.0,7,101780.0,9999999
59287,0,1384,12.2,5.42,81.0,81.0,16.07,272.8,2.0,16,101780.0,9999999
59287,0,1385,11.9,5.42,41.0,41.0,16.07,274.3,2.0,13,101780.0,9999999
59287,0,1386,11.5,5.46,6.0,6.0,16.07,271.48,2.0,5,101780.0,9999999
59287,0,1387,11.1,5.54,0.0,0.0,16.07,270.15,2.0,15,101780.0,9999999
59287,0,1388,10.7,5.62,0.0,0.0,16.07,270.82,2.0,2,101780.0,9999999
59287,0,1389,10.4,5.74,0.0,0.0,16.07,276.21,2.0,3,101780.0,9999999
59287,0,1390,10.2,5.87,0.0,0.0,16.07,268.34,2.0,1,101780.0,9999999
59287,0,1391,10.0,5.99,0.0,0.0,16.07,274.52,2.0,2,101780.0,9999999
59287,0,1392,9.8,6.12,0.0,0.0,16.07,274.52,2.0,4,101750.0,9999999
59287,0,1393,9.6,6.16,0.0,0.0,16.07,274.3,2.0,12,101750.0,9999999
59287,0,1394,9.2,6.21,0.0,0.0,16.07,267.66,0.0,0,101750.0,9999999
59287,0,1395,8.7,6.16,0.0,0.0,16.07,269.25,0.0,7,101750.0,9999999
59287,0,1396,8.2,6.12,0.0,0.0,16.07,273.01,0.0,9,101750.0,9999999
59287,0,1397,7.9,6.08,0.0,0.0,16.07,269.03,0.0,1,101750.0,9999999
59287,0,1398,7.7,6.08,0.0,0.0,16.07,272.36,0.0,14,101750.0,9999999
59287,0,1399,7.8,6.21,4.0,4.0,16.07,274.09,0.0,15,101750.0,9999999
59287,0,1400,8.1,6.39,20.0,20.0,16.07,271.04,2.0,16,101750.0,9999999
59287,0,1401,8.4,6.48,37.0,37.0,16.07,269.03,2.0,7,101750.0,9999999
59287,0,1402,8.7,6.57,53.0,53.0,16.07,270.6,2.0,5,101750.0,9999999
59287,0,1403,9.0,6.61,66.0,66.0,16.07,272.14,2.0,9,101750.0,9999999
59287,0,1404,9.3,6.71,72.0,72.0,16.07,275.79,2.0,10,101750.0,9999999
59287,0,1405,9.7,6.75,72.0,72.0,16.07,272.14,2.0,3,101750.0,9999999
59287,0,1406,10.1,6.85,65.0,65.0,16.07,268.8,3.0,4,101750.0,9999999
59287,0,1407,10.5,6.94,51.0,51.0,16.07,274.52,3.0,1,101750.0,9999999
59287,0,1408,11.0,7.09,35.0,35.0,16.07,273.01,3.0,2,101750.0,9999999
59287,0,1409,11.3,7.24,18.0,18.0,16.07,274.09,3.0,11,101750.0,9999999
59287,0,1410,11.6,7.29,3.0,3.0,16.07,274.3,3.0,3,101750.0,9999999
59287,0,1411,11.7,7.24,0.0,0.0,16.07,274.94,3.0,2,101750.0,9999999
59287,0,1412,10.3,6.52,0.0,0.0,16.07,268.8,3.0,16,101750.0,9999999
59287,0,1413,11.9,7.19,0.0,0.0,16.07,274.09,3.0,4,101750.0,9999999
59287,0,1414,15.6,9.05,0.0,0.0,16.07,282.87,3.0,14,101750.0,9999999
59287,0,1415,17.7,10.19,0.0,0.0,16.07,285.37,3.0,4,101750.0,9999999
59287,0,1416,17.9,10.19,0.0,0.0,15.44,281.49,3.0,1,101340.0,9999999
59287,0,1417,18.4,10.46,0.0,0.0,15.44,282.67,3.0,7,101340.0,9999999
59287,0,1418,18.8,10.74,0.0,0.0,15.44,284.03,2.0,8,101340.0,9999999
59287,0,1419,19.0,10.95,0.0,0.0,15.44,284.22,2.0,10,101340.0,9999999
59287,0,1420,19.0,11.02,0.0,0.0,15.44,282.87,2.0,8,101340.0,9999999
59287,0,1421,18.8,11.02,0.0,0.0,15.44,282.08,2.0,7,101340.0,9999999
59287,0,1422,18.6,10.88,0.0,0.0,15.44,278.27,2.0,6,101340.0,9999999
59287,0,1423,18.4,10.67,26.0,18.0,15.44,280.3,2.0,1,101340.0,9999999
59287,0,1424,18.2,10.33,117.0,81.0,15.44,280.7,2.0,8,101340.0,9999999
59287,0,1425,18.2,9.93,219.0,151.0,15.44,280.7,2.0,14,101340.0,9999999
59287,0,1426,18.5,9.54,316.0,217.0,15.44,281.29,2.0,2,101340.0,9999999
59287,0,1427,19.0,9.23,211.0,211.0,15.44,286.31,2.0,9,101340.0,9999999
59287,0,1428,20.0,9.23,432.0,297.0,15.44,282.67,2.0,4,101340.0,9999999
59287,0,1429,21.4,9.54,429.0,295.0,15.44,281.89,2.0,8,101340.0,9999999
59287,0,1430,23.3,10.53,385.0,265.0,15.44,284.03,2.0,3,101340.0,9999999
59287,0,1431,24.9,11.68,307.0,211.0,15.44,285.93,2.0,4,101340.0,9999999
59287,0,1432,24.6,11.91,208.0,143.0,15.44,287.43,2.0,8,101340.0,9999999
59287,0,1433,23.7,11.91,107.0,74.0,15.44,288.35,2.0,16,101340.0,9999999
59287,0,1434,22.5,11.76,17.0,12.0,15.44,286.5,2.0,11,101340.0,9999999
59287,0,1435,21.3,11.53,0.0,0.0,15.44,281.1,2.0,8,101340.0,9999999
59287,0,1436,20.3,11.31,0.0,0.0,15.44,281.49,0.0,0,101340.0,9999999
59287,0,1437,19.6,11.17,0.0,0.0,15.44,283.06,0.0,2,101340.0,9999999
59287,0,1438,19.2,11.17,0.0,0.0,15.44,283.84,0.0,6,101340.0,9999999
59287,0,1439,19.0,11.17,0.0,0.0,15.44,287.06,0.0,13,101340.0,9999999
59287,0,1440,18.8,11.09,0.0,0.0,15.44,281.49,0.0,1,101010.0,9999999
59287,0,1441,18.5,11.09,0.0,0.0,15.44,286.5,0.0,1,101010.0,9999999
59287,0,1442,17.9,10.95,0.0,0.0,15.44,277.66,1.0,7,101010.0,9999999
59287,0,1443,17.0,10.67,0.0,0.0,15.44,280.3,1.0,5,101010.0,9999999
59287,0,1444,16.0,10.33,0.0,0.0,15.44,278.68,1.0,3,101010.0,9999999
59287,0,1445,15.2,10.13,0.0,0.0,15.44,277.86,1.0,2,101010.0,9999999
59287,0,1446,14.9,10.06,0.0,0.0,15.44,278.48,1.0,14,101010.0,9999999
59287,0,1447,15.3,10.33,72.0,38.0,15.44,281.49,1.0,12,101010.0,9999999
59287,0,1448,16.3,10.81,103.0,103.0,15.44,282.67,0.0,0,101010.0,9999999
59287,0,1449,17.6,11.17,193.0,193.0,15.44,277.45,0.0,7,101010.0,9999999
59287,0,1450,19.2,11.39,277.0,277.0,15.44,280.3,0.0,2,101010.0,9999999
59287,0,1451,20.8,11.46,1057.0,564.0,15.44,283.64,0.0,4,101010.0,9999999
59287,0,1452,22.3,11.39,379.0,379.0,15.44,286.12,0.0,3,101010.0,9999999
59287,0,1453,23.7,11.31,377.0,377.0,15.44,290.18,0.0,1,101010.0,9999999
59287,0,1454,24.9,11.39,338.0,338.0,15.44,288.72,3.0,12,101010.0,9999999
59287,0,1455,25.5,11.68,269.0,269.0,15.44,288.72,3.0,6,101010.0,9999999
59287,0,1456,25.2,11.83,565.0,301.0,15.44,287.24,3.0,6,101010.0,9999999
59287,0,1457,24.5,12.07,291.0,155.0,15.44,292.67,3.0,11,101010.0,9999999
59287,0,1458,23.5,12.14,49.0,26.0,15.44,288.9,3.0,16,101010.0,9999999
59287,0,1459,22.5,12.22,0.0,0.0,15.44,284.79,3.0,13,101010.0,9999999
59287,0,1460,21.6,12.3,0.0,0.0,15.44,281.69,0.0,0,101010.0,9999999
59287,0,1461,21.1,12.3,0.0,0.0,15.44,284.79,0.0,0,101010.0,9999999
59287,0,1462,20.8,12.38,0.0,0.0,15.44,286.5,0.0,6,101010.0,9999999
59287,0,1463,20.8,12.54,0.0,0.0,15.44,280.9,0.0,16,101010.0,9999999
59287,0,1464,20.7,12.62,0.0,0.0,15.44,283.84,0.0,14,100740.0,9999999
59287,0,1465,20.6,12.7,0.0,0.0,15.44,282.28,0.0,12,100740.0,9999999
59287,0,1466,20.4,12.78,0.0,0.0,15.44,281.89,2.0,8,100740.0,9999999
59287,0,1467,19.9,12.78,0.0,0.0,15.44,286.87,2.0,6,100740.0,9999999
59287,0,1468,19.4,12.7,0.0,0.0,15.44,281.89,2.0,8,100740.0,9999999
59287,0,1469,18.9,12.7,0.0,0.0,15.44,285.74,2.0,7,100740.0,9999999
59287,0,1470,18.7,12.7,0.0,0.0,15.44,280.3,2.0,13,100740.0,9999999
59287,0,1471,18.9,12.78,55.0,30.0,15.44,287.43,2.0,4,100740.0,9999999
59287,0,1472,19.6,12.86,98.0,98.0,15.44,281.29,1.0,3,100740.0,9999999
59287,0,1473,20.7,12.86,183.0,183.0,15.44,284.99,1.0,8,100740.0,9999999
59287,0,1474,22.2,12.62,263.0,263.0,15.44,289.09,1.0,12,100740.0,9999999
59287,0,1475,23.9,12.22,325.0,325.0,15.44,289.45,1.0,3,100740.0,9999999
59287,0,1476,25.5,11.68,870.0,476.0,15.44,286.5,1.0,16,100740.0,9999999
59287,0,1477,27.1,11.09,865.0,474.0,15.44,294.93,1.0,4,100740.0,9999999
59287,0,1478,28.3,10.74,319.0,319.0,15.44,293.2,2.0,12,100740.0,9999999
59287,0,1479,28.9,10.81,255.0,255.0,15.44,292.32,2.0,4,100740.0,9999999
59287,0,1480,28.6,11.09,422.0,231.0,15.44,292.85,2.0,13,100740.0,9999999
59287,0,1481,27.8,11.61,218.0,120.0,15.44,289.63,2.0,8,100740.0,9999999
59287,0,1482,26.6,12.07,16.0,16.0,15.44,288.72,2.0,5,100740.0,9999999
59287,0,1483,25.3,12.54,0.0,0.0,15.44,291.96,2.0,7,100740.0,9999999
59287,0,1484,24.1,12.78,0.0,0.0,15.44,287.8,2.0,7,100740.0,9999999
59287,0,1485,23.1,12.94,0.0,0.0,15.44,287.43,2.0,12,100740.0,9999999
59287,0,1486,22.3,13.03,0.0,0.0,15.44,286.12,2.0,5,100740.0,9999999
59287,0,1487,21.6,13.11,0.0,0.0,15.44,290.18,2.0,4,100740.0,9999999
59287,0,1488,21.1,13.19,0.0,0.0,15.44,288.17,2.0,5,100520.0,9999999
59287,0,1489,20.7,13.28,0.0,0.0,15.44,285.74,2.0,5,100520.0,9999999
59287,0,1490,20.4,13.36,0.0,0.0,15.44,283.06,2.0,7,100520.0,9999999
59287,0,1491,20.1,13.45,0.0,0.0,15.44,286.12,2.0,3,100520.0,9999999
59287,0,1492,19.8,13.53,0.0,0.0,15.44,282.67,2.0,3,100520.0,9999999
59287,0,1493,19.7,13.62,0.0,0.0,15.44,283.64,2.0,4,100520.0,9999999
59287,0,1494,19.6,13.53,0.0,0.0,15.44,285.55,2.0,4,100520.0,9999999
59287,0,1495,19.9,13.71,30.0,20.0,15.44,280.3,2.0,1,100520.0,9999999
59287,0,1496,20.5,13.79,67.0,67.0,15.44,289.27,1.0,6,100520.0,9999999
59287,0,1497,21.1,13.62,124.0,124.0,15.44,283.84,1.0,5,100520.0,9999999
59287,0,1498,21.7,13.19,332.0,225.0,15.44,282.08,1.0,8,100520.0,9999999
59287,0,1499,22.5,12.7,410.0,279.0,15.44,288.17,1.0,11,100520.0,9999999
59287,0,1500,23.4,12.38,451.0,307.0,15.44,284.6,1.0,5,100520.0,9999999
59287,0,1501,24.5,12.3,449.0,305.0,15.44,284.41,1.0,6,100520.0,9999999
59287,0,1502,26.0,12.78,403.0,274.0,15.44,291.61,2.0,8,100520.0,9999999
59287,0,1503,27.2,13.53,322.0,219.0,15.44,287.43,2.0,11,100520.0,9999999
59287,0,1504,27.0,13.62,220.0,149.0,15.44,287.06,2.0,13,100520.0,9999999
59287,0,1505,26.3,13.71,61.0,61.0,15.44,286.5,2.0,9,100520.0,9999999
59287,0,1506,25.4,13.71,21.0,14.0,15.44,285.55,2.0,6,100520.0,9999999
59287,0,1507,24.3,13.71,0.0,0.0,15.44,287.62,2.0,14,100520.0,9999999
59287,0,1508,23.3,13.62,0.0,0.0,15.44,284.99,1.0,9,100520.0,9999999
59287,0,1509,22.4,13.53,0.0,0.0,15.44,291.07,1.0,11,100520.0,9999999
59287,0,1510,21.6,13.45,0.0,0.0,15.44,286.68,1.0,2,100520.0,9999999
59287,0,1511,21.0,13.36,0.0,0.0,15.44,281.29,1.0,6,100520.0,9999999
59287,0,1512,20.4,13.36,0.0,0.0,15.44,282.08,1.0,3,100230.0,9999999
59287,0,1513,20.0,13.36,0.0,0.0,15.44,282.67,1.0,9,100230.0,9999999
59287,0,1514,19.6,13.45,0.0,0.0,15.44,283.64,1.0,5,100230.0,9999999
59287,0,1515,19.3,13.62,0.0,0.0,15.44,286.5,1.0,13,100230.0,9999999
59287,0,1516,19.1,13.71,0.0,0.0,15.44,283.64,1.0,10,100230.0,9999999
59287,0,1517,19.0,13.79,0.0,0.0,15.44,279.49,1.0,13,100230.0,9999999
59287,0,1518,18.9,13.71,0.0,0.0,15.44,287.62,1.0,16,100230.0,9999999
59287,0,1519,19.2,13.71,57.0,28.0,15.44,286.31,1.0,2,100230.0,9999999
59287,0,1520,20.0,13.79,107.0,107.0,15.44,285.18,1.0,8,100230.0,9999999
59287,0,1521,21.2,13.79,431.0,215.0,15.44,285.74,1.0,9,100230.0,9999999
59287,0,1522,22.7,13.62,281.0,281.0,15.44,284.41,1.0,16,100230.0,9999999
59287,0,1523,24.4,13.36,762.0,381.0,15.44,291.25,1.0,5,100230.0,9999999
59287,0,1524,26.1,12.94,382.0,382.0,15.44,290.89,1.0,9,100230.0,9999999
59287,0,1525,27.8,12.62,380.0,380.0,15.44,289.99,1.0,9,100230.0,9999999
59287,0,1526,29.3,12.7,750.0,375.0,15.44,294.76,2.0,10,100230.0,9999999
59287,0,1527,30.2,13.11,599.0,299.0,15.44,293.72,2.0,5,100230.0,9999999
59287,0,1528,29.7,13.19,410.0,205.0,15.44,292.67,2.0,12,100230.0,9999999
59287,0,1529,28.4,13.28,97.0,97.0,15.44,290.72,2.0,5,100230.0,9999999
59287,0,1530,26.7,13.19,18.0,18.0,15.44,288.17,2.0,7,100230.0,9999999
59287,0,1531,24.9,12.94,0.0,0.0,15.44,287.99,2.0,9,100230.0,9999999
59287,0,1532,23.3,12.7,0.0,0.0,15.44,285.74,2.0,7,100230.0,9999999
59287,0,1533,22.1,12.62,0.0,0.0,15.44,287.06,2.0,15,100230.0,9999999
59287,0,1534,21.4,12.54,0.0,0.0,15.44,289.81,2.0,11,100230.0,9999999
59287,0,1535,20.9,12.62,0.0,0.0,15.44,282.48,2.0,14,100230.0,9999999
59287,0,1536,20.6,12.78,0.0,0.0,15.44,282.08,2.0,14,100060.0,9999999
59287,0,1537,20.2,12.86,0.0,0.0,15.44,288.72,2.0,9,100060.0,9999999
59287,0,1538,19.8,12.94,0.0,0.0,15.44,286.68,0.0,0,100060.0,9999999
59287,0,1539,19.2,12.78,0.0,0.0,15.44,280.7,0.0,12,100060.0,9999999
59287,0,1540,18.5,12.62,0.0,0.0,15.44,281.1,0.0,8,100060.0,9999999
59287,0,1541,17.9,12.46,0.0,0.0,15.44,286.31,0.0,2,100060.0,9999999
59287,0,1542,17.7,12.46,0.0,0.0,15.44,286.12,0.0,4,100060.0,9999999
59287,0,1543,18.3,12.86,53.0,32.0,15.44,282.67,0.0,4,100060.0,9999999
59287,0,1544,19.5,13.53,214.0,129.0,15.44,285.55,2.0,7,100060.0,9999999
59287,0,1545,20.6,13.79,166.0,166.0,15.44,284.22,2.0,9,100060.0,9999999
59287,0,1546,21.7,13.62,237.0,237.0,15.44,290.36,2.0,12,100060.0,9999999
59287,0,1547,22.7,13.28,293.0,293.0,15.44,287.06,2.0,1,100060.0,9999999
59287,0,1548,23.8,12.86,763.0,459.0,15.44,290.72,2.0,16,100060.0,9999999
59287,0,1549,25.1,12.7,321.0,321.0,15.44,289.27,2.0,16,100060.0,9999999
59287,0,1550,26.6,13.03,682.0,410.0,15.44,293.37,3.0,13,100060.0,9999999
59287,0,1551,27.8,13.71,230.0,230.0,15.44,296.3,3.0,1,100060.0,9999999
59287,0,1552,27.5,13.71,374.0,225.0,15.44,292.49,3.0,2,100060.0,9999999
59287,0,1553,26.7,13.62,196.0,118.0,15.44,291.61,3.0,13,100060.0,9999999
59287,0,1554,25.5,13.53,16.0,16.0,15.44,291.43,3.0,3,100060.0,9999999
59287,0,1555,24.4,13.45,0.0,0.0,15.44,288.72,3.0,9,100060.0,9999999
59287,0,1556,23.3,13.45,0.0,0.0,15.44,290.36,3.0,8,100060.0,9999999
59287,0,1557,22.5,13.53,0.0,0.0,15.44,288.35,3.0,11,100060.0,9999999
59287,0,1558,22.0,13.71,0.0,0.0,15.44,283.64,3.0,2,100060.0,9999999
59287,0,1559,21.6,13.88,0.0,0.0,15.44,286.87,3.0,2,100060.0,9999999
59287,0,1560,21.4,14.15,0.0,0.0,15.44,286.68,3.0,4,100140.0,9999999
59287,0,1561,21.1,14.33,0.0,0.0,15.44,281.69,3.0,3,100140.0,9999999
59287,0,1562,20.7,14.42,0.0,0.0,15.44,286.87,0.0,0,100140.0,9999999
59287,0,1563,20.2,14.42,0.0,0.0,15.44,284.99,0.0,8,100140.0,9999999
59287,0,1564,19.6,14.24,0.0,0.0,15.44,284.99,0.0,7,100140.0,9999999
59287,0,1565,19.2,14.06,0.0,0.0,15.44,283.25,0.0,5,100140.0,9999999
59287,0,1566,19.0,13.97,0.0,0.0,15.44,287.8,0.0,12,100140.0,9999999
59287,0,1567,19.3,14.06,50.0,31.0,15.44,282.28,0.0,15,100140.0,9999999
59287,0,1568,20.1,14.24,86.0,86.0,15.44,280.7,1.0,4,100140.0,9999999
59287,0,1569,21.0,14.15,158.0,158.0,15.44,288.35,1.0,2,100140.0,9999999
59287,0,1570,22.1,13.79,519.0,323.0,15.44,287.24,1.0,9,100140.0,9999999
59287,0,1571,23.3,13.28,639.0,399.0,15.44,287.62,1.0,3,100140.0,9999999
59287,0,1572,24.5,12.7,704.0,439.0,15.44,288.72,1.0,7,100140.0,9999999
59287,0,1573,25.8,12.22,305.0,305.0,15.44,291.25,1.0,5,100140.0,9999999
59287,0,1574,27.1,12.07,274.0,274.0,15.44,289.09,3.0,14,100140.0,9999999
59287,0,1575,28.0,12.14,219.0,219.0,15.44,291.43,3.0,11,100140.0,9999999
59287,0,1576,27.6,11.83,346.0,215.0,15.44,287.24,3.0,5,100140.0,9999999
59287,0,1577,26.5,11.46,79.0,79.0,15.44,287.43,3.0,9,100140.0,9999999
59287,0,1578,25.2,11.09,16.0,16.0,15.44,289.45,3.0,6,100140.0,9999999
59287,0,1579,24.0,10.81,0.0,0.0,15.44,285.74,3.0,11,100140.0,9999999
59287,0,1580,23.4,10.74,0.0,0.0,15.44,291.25,0.0,0,100140.0,9999999
59287,0,1581,23.5,10.95,0.0,0.0,15.44,284.41,0.0,11,100140.0,9999999
59287,0,1582,23.7,11.09,0.0,0.0,15.44,291.61,0.0,9,100140.0,9999999
59287,0,1583,23.3,10.67,0.0,0.0,15.44,288.35,0.0,7,100140.0,9999999
59287,0,1584,22.5,10.06,0.0,0.0,15.44,285.93,0.0,4,100360.0,9999999
59287,0,1585,21.8,9.48,0.0,0.0,15.44,289.09,0.0,11,100360.0,9999999
59287,0,1586,21.4,9.36,0.0,0.0,15.44,280.5,2.0,4,100360.0,9999999
59287,0,1587,21.1,9.42,0.0,0.0,15.44,281.69,2.0,9,100360.0,9999999
59287,0,1588,20.4,9.29,0.0,0.0,15.44,284.22,2.0,16,100360.0,9999999
59287,0,1589,19.5,9.17,0.0,0.0,15.44,286.87,2.0,4,100360.0,9999999
59287,0,1590,18.7,8.99,0.0,0.0,15.44,280.7,2.0,12,100360.0,9999999
59287,0,1591,18.0,8.93,8.0,8.0,15.44,285.18,2.0,5,100360.0,9999999
59287,0,1592,17.7,8.93,30.0,30.0,15.44,276.83,2.0,6,100360.0,9999999
59287,0,1593,17.2,8.75,54.0,54.0,15.44,284.41,2.0,14,100360.0,9999999
59287,0,1594,17.0,8.64,77.0,77.0,15.44,281.49,2.0,16,100360.0,9999999
59287,0,1595,17.5,8.87,95.0,95.0,15.44,278.89,2.0,1,100360.0,9999999
59287,0,1596,18.2,9.23,105.0,105.0,15.44,278.68,2.0,14,100360.0,9999999
59287,0,1597,19.1,9.67,104.0,104.0,15.44,286.68,2.0,11,100360.0,9999999
59287,0,1598,19.9,10.13,94.0,94.0,15.44,284.79,3.0,7,100360.0,9999999
59287,0,1599,20.4,10.53,75.0,75.0,15.44,279.9,3.0,11,100360.0,9999999
59287,0,1600,20.6,10.81,52.0,52.0,15.44,280.3,3.0,3,100360.0,9999999
59287,0,1601,20.6,11.02,27.0,27.0,15.44,283.84,3.0,2,100360.0,9999999
59287,0,1602,20.6,11.24,6.0,6.0,15.44,283.84,3.0,6,100360.0,9999999
59287,0,1603,20.5,11.39,0.0,0.0,15.44,282.48,3.0,16,100360.0,9999999
59287,0,1604,20.4,11.53,0.0,0.0,15.44,284.99,0.0,0,100360.0,9999999
59287,0,1605,20.5,11.76,0.0,0.0,15.44,280.3,0.0,6,100360.0,9999999
59287,0,1606,20.6,12.07,0.0,0.0,15.44,284.6,0.0,12,100360.0,9999999
59287,0,1607,20.7,12.3,0.0,0.0,15.44,285.55,0.0,11,100360.0,9999999
59287,0,1608,20.8,12.54,0.0,0.0,15.44,284.03,0.0,7,100290.0,9999999
59287,0,1609,20.8,12.62,0.0,0.0,15.44,285.74,0.0,1,100290.0,9999999
59287,0,1610,20.7,12.7,0.0,0.0,15.44,289.09,1.0,6,100290.0,9999999
59287,0,1611,20.4,12.62,0.0,0.0,15.44,280.5,1.0,5,100290.0,9999999
59287,0,1612,20.0,12.54,0.0,0.0,15.44,282.48,1.0,7,100290.0,9999999
59287,0,1613,19.6,12.38,0.0,0.0,15.44,281.1,1.0,8,100290.0,9999999
59287,0,1614,19.5,12.38,0.0,0.0,15.44,283.25,1.0,5,100290.0,9999999
59287,0,1615,19.7,12.46,17.0,17.0,15.44,287.99,1.0,5,100290.0,9999999
59287,0,1616,20.1,12.7,66.0,66.0,15.44,280.3,3.0,7,100290.0,9999999
59287,0,1617,20.6,12.78,120.0,120.0,15.44,286.31,3.0,12,100290.0,9999999
59287,0,1618,21.2,12.94,171.0,171.0,15.44,284.99,3.0,2,100290.0,9999999
59287,0,1619,21.9,13.03,211.0,211.0,15.44,285.74,3.0,2,100290.0,9999999
59287,0,1620,22.7,13.28,232.0,232.0,15.44,287.62,3.0,9,100290.0,9999999
59287,0,1621,23.6,13.71,231.0,231.0,15.44,292.14,3.0,1,100290.0,9999999
59287,0,1622,24.7,14.42,208.0,208.0,15.44,289.99,4.0,8,100290.0,9999999
59287,0,1623,25.9,15.54,166.0,166.0,15.44,293.37,4.0,14,100290.0,9999999
59287,0,1624,26.4,16.44,115.0,115.0,15.44,291.43,4.0,14,100290.0,9999999
59287,0,1625,26.0,16.54,61.0,61.0,15.44,290.54,4.0,8,100290.0,9999999
59287,0,1626,25.1,16.14,13.0,13.0,15.44,291.61,4.0,7,100290.0,9999999
59287,0,1627,24.0,15.74,0.0,0.0,15.44,288.9,4.0,12,100290.0,9999999
59287,0,1628,23.3,15.45,0.0,0.0,15.44,290.89,3.0,8,100290.0,9999999
59287,0,1629,23.1,15.74,0.0,0.0,15.44,289.63,3.0,7,100290.0,9999999
59287,0,1630,23.2,16.04,0.0,0.0,15.44,287.06,3.0,10,100290.0,9999999
59287,0,1631,23.0,16.04,0.0,0.0,15.44,285.37,3.0,8,100290.0,9999999
59287,0,1632,22.7,15.84,0.0,0.0,15.44,283.64,3.0,13,100530.0,9999999
59287,0,1633,22.4,15.54,0.0,0.0,15.44,284.6,3.0,4,100530.0,9999999
59287,0,1634,22.2,15.35,0.0,0.0,15.44,288.54,2.0,6,100530.0,9999999
59287,0,1635,22.1,15.16,0.0,0.0,15.44,286.5,2.0,10,100530.0,9999999
59287,0,1636,22.0,14.88,0.0,0.0,15.44,286.12,2.0,8,100530.0,9999999
59287,0,1637,21.6,14.42,0.0,0.0,15.44,284.41,2.0,3,100530.0,9999999
59287,0,1638,21.1,13.79,0.0,0.0,15.44,282.87,2.0,14,100530.0,9999999
59287,0,1639,20.4,13.11,2.0,2.0,15.44,282.08,2.0,7,100530.0,9999999
59287,0,1640,19.4,12.3,6.0,6.0,15.44,282.48,2.0,15,100530.0,9999999
59287,0,1641,18.2,11.46,11.0,11.0,15.44,280.5,2.0,8,100530.0,9999999
59287,0,1642,17.0,10.67,16.0,16.0,15.44,283.25,2.0,8,100530.0,9999999
59287,0,1643,15.8,9.99,20.0,20.0,15.44,281.89,2.0,3,100530.0,9999999
59287,0,1644,14.7,9.42,22.0,22.0,15.44,276.41,2.0,6,100530.0,9999999
59287,0,1645,14.0,9.11,22.0,22.0,15.44,278.68,2.0,5,100530.0,9999999
59287,0,1646,13.7,9.11,20.0,20.0,15.44,277.66,3.0,16,100530.0,9999999
59287,0,1647,12.9,8.75,16.0,16.0,15.44,275.58,3.0,12,100530.0,9999999
59287,0,1648,11.5,8.07,11.0,11.0,15.44,273.44,3.0,8,100530.0,9999999
59287,0,1649,10.8,7.8,6.0,6.0,15.44,271.04,3.0,1,100530.0,9999999
59287,0,1650,10.9,7.86,1.0,1.0,15.44,276.41,3.0,2,100530.0,9999999
59287,0,1651,11.3,8.02,0.0,0.0,15.44,274.94,3.0,5,100530.0,9999999
59287,0,1652,11.8,8.18,0.0,0.0,15.44,276.21,3.0,16,100530.0,9999999
59287,0,1653,12.1,8.18,0.0,0.0,15.44,271.26,3.0,6,100530.0,9999999
59287,0,1654,12.2,8.02,0.0,0.0,15.44,276.62,3.0,15,100530.0,9999999
59287,0,1655,12.2,7.7,0.0,0.0,15.44,279.09,3.0,8,100530.0,9999999
59287,0,1656,12.1,7.34,0.0,0.0,15.44,270.82,3.0,13,101000.0,9999999
59287,0,1657,11.9,6.94,0.0,0.0,15.44,274.3,3.0,14,101000.0,9999999
59287,0,1658,11.7,6.66,0.0,0.0,15.44,272.36,1.0,2,101000.0,9999999
59287,0,1659,11.6,6.43,0.0,0.0,15.44,272.8,1.0,3,101000.0,9999999
59287,0,1660,11.5,6.25,0.0,0.0,15.44,272.58,1.0,9,101000.0,9999999
59287,0,1661,11.5,6.16,0.0,0.0,15.44,274.3,1.0,2,101000.0,9999999
59287,0,1662,11.5,6.12,0.0,0.0,15.44,269.7,1.0,1,101000.0,9999999
59287,0,1663,11.6,6.12,8.0,8.0,15.44,273.66,1.0,12,101000.0,9999999
59287,0,1664,11.8,6.08,29.0,29.0,15.44,272.14,2.0,2,101000.0,9999999
59287,0,1665,12.0,6.04,53.0,53.0,15.44,272.36,2.0,7,101000.0,9999999
59287,0,1666,12.3,5.99,75.0,75.0,15.44,274.94,2.0,3,101000.0,9999999
59287,0,1667,12.5,5.99,92.0,92.0,15.44,273.44,2.0,11,101000.0,9999999
59287,0,1668,12.7,5.99,102.0,102.0,15.44,277.25,2.0,8,101000.0,9999999
59287,0,1669,12.8,6.08,101.0,101.0,15.44,277.25,2.0,10,101000.0,9999999
59287,0,1670,12.7,6.16,91.0,91.0,15.44,274.73,3.0,4,101000.0,9999999
59287,0,1671,12.1,6.16,73.0,73.0,15.44,270.15,3.0,8,101000.0,9999999
59287,0,1672,11.1,6.16,50.0,50.0,15.44,272.8,3.0,7,101000.0,9999999
59287,0,1673,10.4,6.25,27.0,27.0,15.44,272.58,3.0,7,101000.0,9999999
59287,0,1674,10.2,6.52,6.0,6.0,15.44,271.48,3.0,9,101000.0,9999999
59287,0,1675,10.3,6.99,0.0,0.0,15.44,270.37,3.0,12,101000.0,9999999
59287,0,1676,10.6,7.39,0.0,0.0,15.44,272.36,1.0,2,101000.0,9999999
59287,0,1677,10.8,7.7,0.0,0.0,15.44,273.23,1.0,4,101000.0,9999999
59287,0,1678,10.8,7.8,0.0,0.0,15.44,275.15,1.0,2,101000.0,9999999
59287,0,1679,10.8,7.86,0.0,0.0,15.44,272.58,1.0,4,101000.0,9999999
59287,0,1680,10.7,7.75,0.0,0.0,15.44,274.94,1.0,11,100870.0,9999999
59287,0,1681,10.5,7.65,0.0,0.0,15.44,272.8,1.0,1,100870.0,9999999
59287,0,1682,10.4,7.49,0.0,0.0,15.44,272.14,2.0,2,100870.0,9999999
59287,0,1683,10.3,7.29,0.0,0.0,15.44,270.37,2.0,4,100870.0,9999999
59287,0,1684,10.2,7.14,0.0,0.0,15.44,269.03,2.0,7,100870.0,9999999
59287,0,1685,10.1,6.99,0.0,0.0,15.44,270.15,2.0,11,100870.0,9999999
59287,0,1686,10.1,6.9,0.0,0.0,15.44,270.82,2.0,2,100870.0,9999999
59287,0,1687,10.4,6.9,6.0,6.0,15.44,273.66,2.0,16,100870.0,9999999
59287,0,1688,11.0,7.09,21.0,21.0,15.44,277.66,2.0,2,100870.0,9999999
59287,0,1689,11.4,7.19,38.0,38.0,15.44,275.36,2.0,11,100870.0,9999999
59287,0,1690,11.6,7.24,54.0,54.0,15.44,275.58,2.0,2,100870.0,9999999
59287,0,1691,11.7,7.24,66.0,66.0,15.44,278.27,2.0,13,100870.0,9999999
59287,0,1692,11.8,7.19,73.0,73.0,15.44,275.79,2.0,3,100870.0,9999999
59287,0,1693,11.8,7.24,72.0,72.0,15.44,273.44,2.0,8,100870.0,9999999
59287,0,1694,12.0,7.44,65.0,65.0,15.44,275.36,2.0,2,100870.0,9999999
59287,0,1695,12.2,7.65,52.0,52.0,15.44,274.94,2.0,2,100870.0,9999999
59287,0,1696,12.1,7.75,36.0,36.0,15.44,273.87,2.0,10,100870.0,9999999
59287,0,1697,11.9,7.8,19.0,19.0,15.44,273.87,2.0,7,100870.0,9999999
59287,0,1698,11.7,7.86,4.0,4.0,15.44,278.68,2.0,13,100870.0,9999999
59287,0,1699,11.4,7.86,0.0,0.0,15.44,273.87,2.0,6,100870.0,9999999
59287,0,1700,11.2,7.86,0.0,0.0,15.44,270.15,2.0,1,100870.0,9999999
59287,0,1701,11.1,7.91,0.0,0.0,15.44,273.01,2.0,11,100870.0,9999999
59287,0,1702,11.0,7.91,0.0,0.0,15.44,275.36,2.0,1,100870.0,9999999
59287,0,1703,11.0,7.97,0.0,0.0,15.44,274.52,2.0,6,100870.0,9999999
59287,0,1704,11.0,7.97,0.0,0.0,15.44,276.41,2.0,11,100700.0,9999999
59287,0,1705,11.0,7.97,0.0,0.0,15.44,273.44,2.0,15,100700.0,9999999
59287,0,1706,11.0,7.97,0.0,0.0,15.44,270.15,2.0,16,100700.0,9999999
59287,0,1707,10.9,7.91,0.0,0.0,15.44,269.93,2.0,7,100700.0,9999999
59287,0,1708,10.8,7.86,0.0,0.0,15.44,272.14,2.0,9,100700.0,9999999
59287,0,1709,10.7,7.8,0.0,0.0,15.44,269.7,2.0,2,100700.0,9999999
59287,0,1710,10.7,7.75,0.0,0.0,15.44,271.92,2.0,5,100700.0,9999999
59287,0,1711,10.9,7.8,6.0,6.0,15.44,277.86,2.0,9,100700.0,9999999
59287,0,1712,11.2,7.97,20.0,20.0,15.44,274.73,1.0,16,100700.0,9999999
59287,0,1713,11.5,8.07,35.0,35.0,15.44,271.92,1.0,10,100700.0,9999999
59287,0,1714,11.7,8.13,49.0,49.0,15.44,275.36,1.0,15,100700.0,9999999
59287,0,1715,11.8,8.18,61.0,61.0,15.44,276.41,1.0,8,100700.0,9999999
59287,0,1716,12.0,8.24,67.0,67.0,15.44,274.52,1.0,10,100700.0,9999999
59287,0,1717,12.1,8.3,66.0,66.0,15.44,279.09,1.0,5,100700.0,9999999
59287,0,1718,12.2,8.35,60.0,60.0,15.44,272.58,2.0,16,100700.0,9999999
59287,0,1719,12.3,8.41,48.0,48.0,15.44,273.66,2.0,11,100700.0,9999999
59287,0,1720,12.4,8.52,33.0,33.0,15.44,275.15,2.0,7,100700.0,9999999
59287,0,1721,12.4,8.58,18.0,18.0,15.44,273.01,2.0,3,100700.0,9999999
59287,0,1722,12.3,8.58,4.0,4.0,15.44,277.04,2.0,13,100700.0,9999999
59287,0,1723,12.3,8.64,0.0,0.0,15.44,273.66,2.0,9,100700.0,9999999
59287,0,1724,12.2,8.64,0.0,0.0,15.44,276.0,1.0,2,100700.0,9999999
59287,0,1725,12.1,8.58,0.0,0.0,15.44,276.83,1.0,1,100700.0,9999999
59287,0,1726,12.0,8.52,0.0,0.0,15.44,279.29,1.0,13,100700.0,9999999
59287,0,1727,12.0,8.52,0.0,0.0,15.44,274.09,1.0,3,100700.0,9999999
59287,0,1728,12.1,8.58,0.0,0.0,15.44,274.73,1.0,4,100790.0,9999999
59287,0,1729,12.4,8.7,0.0,0.0,15.44,278.07,1.0,10,100790.0,9999999
59287,0,1730,12.6,8.81,0.0,0.0,15.44,276.0,1.0,16,100790.0,9999999
59287,0,1731,12.7,8.93,0.0,0.0,15.44,273.44,1.0,12,100790.0,9999999
59287,0,1732,12.8,8.99,0.0,0.0,15.44,277.45,1.0,14,100790.0,9999999
59287,0,1733,12.8,8.99,0.0,0.0,15.44,277.45,1.0,12,100790.0,9999999
59287,0,1734,12.7,8.93,0.0,0.0,15.44,280.1,1.0,2,100790.0,9999999
59287,0,1735,12.7,8.93,6.0,6.0,15.44,276.0,1.0,9,100790.0,9999999
59287,0,1736,12.7,8.87,20.0,20.0,15.44,274.3,2.0,16,100790.0,9999999
59287,0,1737,12.8,8.93,36.0,36.0,15.44,276.62,2.0,13,100790.0,9999999
59287,0,1738,12.9,8.99,51.0,51.0,15.44,280.3,2.0,2,100790.0,9999999
59287,0,1739,13.1,8.99,63.0,63.0,15.44,273.66,2.0,9,100790.0,9999999
59287,0,1740,13.3,9.05,69.0,69.0,15.44,272.58,2.0,3,100790.0,9999999
59287,0,1741,13.4,9.11,69.0,69.0,15.44,276.21,2.0,11,100790.0,9999999
59287,0,1742,13.6,9.17,62.0,62.0,15.44,277.04,2.0,16,100790.0,9999999
59287,0,1743,13.7,9.17,50.0,50.0,15.44,278.48,2.0,11,100790.0,9999999
59287,0,1744,13.8,9.17,35.0,35.0,15.44,274.52,2.0,12,100790.0,9999999
59287,0,1745,13.8,9.17,19.0,19.0,15.44,276.21,2.0,5,100790.0,9999999
59287,0,1746,13.9,9.11,4.0,4.0,15.44,281.29,2.0,8,100790.0,9999999
59287,0,1747,14.0,9.11,0.0,0.0,15.44,277.25,2.0,14,100790.0,9999999
59287,0,1748,14.1,9.05,0.0,0.0,15.44,278.89,1.0,16,100790.0,9999999
59287,0,1749,14.3,8.99,0.0,0.0,15.44,277.04,1.0,4,100790.0,9999999
59287,0,1750,14.4,8.93,0.0,0.0,15.44,280.3,1.0,15,100790.0,9999999
59287,0,1751,14.6,8.87,0.0,0.0,15.44,281.89,1.0,13,100790.0,9999999
59287,0,1752,14.7,8.75,0.0,0.0,15.44,279.29,1.0,6,100880.0,9999999
59287,0,1753,14.7,8.58,0.0,0.0,15.44,276.62,1.0,16,100880.0,9999999
59287,0,1754,14.5,8.35,0.0,0.0,15.44,273.44,3.0,16,100880.0,9999999
59287,0,1755,14.2,8.07,0.0,0.0,15.44,276.0,3.0,8,100880.0,9999999
59287,0,1756,13.8,7.8,0.0,0.0,15.44,277.25,3.0,10,100880.0,9999999
59287,0,1757,13.4,7.54,0.0,0.0,15.44,272.14,3.0,3,100880.0,9999999
59287,0,1758,13.3,7.34,0.0,0.0,15.44,276.62,3.0,7,100880.0,9999999
59287,0,1759,13.4,7.29,32.0,32.0,15.44,277.45,3.0,9,100880.0,9999999
59287,0,1760,13.7,7.19,110.0,110.0,15.44,272.36,2.0,16,100880.0,9999999
59287,0,1761,14.0,7.04,196.0,196.0,15.44,277.86,2.0,2,100880.0,9999999
59287,0,1762,14.3,6.85,277.0,277.0,15.44,276.21,2.0,6,100880.0,9999999
59287,0,1763,14.7,6.66,340.0,340.0,15.44,277.45,2.0,8,100880.0,9999999
59287,0,1764,15.2,6.57,373.0,373.0,15.44,278.89,2.0,8,100880.0,9999999
59287,0,1765,15.9,6.61,371.0,371.0,15.44,274.09,2.0,6,100880.0,9999999
59287,0,1766,16.9,6.9,334.0,334.0,15.44,278.68,4.0,16,100880.0,9999999
59287,0,1767,18.1,7.49,269.0,269.0,15.44,277.86,4.0,9,100880.0,9999999
59287,0,1768,19.1,8.18,187.0,187.0,15.44,284.6,4.0,8,100880.0,9999999
59287,0,1769,19.6,8.75,101.0,101.0,15.44,281.49,4.0,7,100880.0,9999999
59287,0,1770,18.7,8.7,25.0,25.0,15.44,279.09,4.0,7,100880.0,9999999
59287,0,1771,16.8,8.13,0.0,0.0,15.44,280.3,4.0,2,100880.0,9999999
59287,0,1772,14.9,7.59,0.0,0.0,15.44,279.09,1.0,4,100880.0,9999999
59287,0,1773,13.7,7.39,0.0,0.0,15.44,274.73,1.0,10,100880.0,9999999
59287,0,1774,13.3,7.49,0.0,0.0,15.44,274.3,1.0,16,100880.0,9999999
59287,0,1775,13.4,7.86,0.0,0.0,15.44,275.15,1.0,11,100880.0,9999999
59287,0,1776,13.6,8.24,0.0,0.0,15.44,277.25,1.0,4,100650.0,9999999
59287,0,1777,13.9,8.58,0.0,0.0,15.44,281.1,1.0,4,100650.0,9999999
59287,0,1778,14.0,8.7,0.0,0.0,15.44,274.52,0.0,0,100650.0,9999999
59287,0,1779,13.6,8.46,0.0,0.0,15.44,276.21,0.0,11,100650.0,9999999
59287,0,1780,13.1,8.02,0.0,0.0,15.44,278.48,0.0,13,100650.0,9999999
59287,0,1781,12.5,7.59,0.0,0.0,15.44,274.73,0.0,7,100650.0,9999999
59287,0,1782,12.3,7.29,0.0,0.0,15.44,277.45,0.0,4,100650.0,9999999
59287,0,1783,12.8,7.39,13.0,13.0,15.44,272.8,0.0,15,100650.0,9999999
59287,0,1784,13.8,7.75,44.0,44.0,15.44,273.87,0.0,0,100650.0,9999999
59287,0,1785,14.4,8.02,78.0,78.0,15.44,281.29,0.0,7,100650.0,9999999
59287,0,1786,14.6,8.13,110.0,110.0,15.44,280.1,0.0,9,100650.0,9999999
59287,0,1787,14.7,8.18,135.0,135.0,15.44,279.09,0.0,1,100650.0,9999999
59287,0,1788,14.8,8.35,148.0,148.0,15.44,280.3,0.0,4,100650.0,9999999
59287,0,1789,15.1,8.7,147.0,147.0,15.44,278.89,0.0,12,100650.0,9999999
59287,0,1790,15.9,9.36,133.0,133.0,15.44,283.25,2.0,9,100650.0,9999999
59287,0,1791,17.2,10.4,107.0,107.0,15.44,279.09,2.0,15,100650.0,9999999
59287,0,1792,18.4,11.53,75.0,75.0,15.44,278.48,2.0,2,100650.0,9999999
59287,0,1793,19.0,12.22,41.0,41.0,15.44,282.08,2.0,11,100650.0,9999999
59287,0,1794,18.2,11.91,10.0,10.0,15.44,279.7,2.0,7,100650.0,9999999
59287,0,1795,16.5,10.88,0.0,0.0,15.44,279.29,2.0,11,100650.0,9999999
59287,0,1796,15.0,10.06,0.0,0.0,15.44,280.1,0.0,0,100650.0,9999999
59287,0,1797,14.3,9.74,0.0,0.0,15.44,277.86,0.0,16,100650.0,9999999
59287,0,1798,14.3,9.86,0.0,0.0,15.44,275.15,0.0,3,100650.0,9999999
59287,0,1799,14.4,9.99,0.0,0.0,15.44,279.49,0.0,4,100650.0,9999999
59287,0,1800,14.5,10.19,0.0,0.0,15.44,277.66,0.0,9,100370.0,9999999
59287,0,1801,14.8,10.46,0.0,0.0,15.44,282.67,0.0,4,100370.0,9999999
59287,0,1802,15.2,10.74,0.0,0.0,15.44,278.48,0.0,0,100370.0,9999999
59287,0,1803,15.5,10.95,0.0,0.0,15.44,280.1,0.0,11,100370.0,9999999
59287,0,1804,15.8,11.09,0.0,0.0,15.44,279.29,0.0,12,100370.0,9999999
59287,0,1805,15.9,11.24,0.0,0.0,15.44,278.89,0.0,2,100370.0,9999999
59287,0,1806,16.1,11.31,0.0,0.0,15.44,276.21,0.0,4,100370.0,9999999
59287,0,1807,16.3,11.39,3.0,3.0,15.44,280.3,0.0,5,100370.0,9999999
59287,0,1808,16.4,11.46,10.0,10.0,15.44,276.41,2.0,6,100370.0,9999999
59287,0,1809,16.5,11.61,18.0,18.0,15.44,280.1,2.0,9,100370.0,9999999
59287,0,1810,16.7,11.68,25.0,25.0,15.44,280.3,2.0,10,100370.0,9999999
59287,0,1811,16.9,11.91,31.0,31.0,15.44,285.18,2.0,13,100370.0,9999999
59287,0,1812,17.1,12.07,34.0,34.0,15.44,278.68,2.0,13,100370.0,9999999
59287,0,1813,17.4,12.3,34.0,34.0,15.44,281.69,2.0,13,100370.0,9999999
59287,0,1814,17.7,12.62,30.0,30.0,15.44,280.9,2.0,12,100370.0,9999999
59287,0,1815,18.1,12.86,25.0,25.0,15.44,279.7,2.0,15,100370.0,9999999
59287,0,1816,18.5,13.19,17.0,17.0,15.44,284.41,2.0,3,100370.0,9999999
59287,0,1817,18.9,13.53,9.0,9.0,15.44,279.29,2.0,12,100370.0,9999999
59287,0,1818,19.2,13.71,2.0,2.0,15.44,287.8,2.0,15,100370.0,9999999
59287,0,1819,19.4,13.88,0.0,0.0,15.44,282.28,2.0,12,100370.0,9999999
59287,0,1820,19.4,13.88,0.0,0.0,15.44,281.29,2.0,6,100370.0,9999999
59287,0,1821,19.3,13.79,0.0,0.0,15.44,287.99,2.0,14,100370.0,9999999
59287,0,1822,19.2,13.71,0.0,0.0,15.44,283.25,2.0,6,100370.0,9999999
59287,0,1823,19.3,13.79,0.0,0.0,15.44,283.45,2.0,7,100370.0,9999999
59287,0,1824,19.5,13.97,0.0,0.0,15.44,286.68,2.0,3,100020.0,9999999
59287,0,1825,19.8,14.33,0.0,0.0,15.44,287.06,2.0,16,100020.0,9999999
59287,0,1826,20.1,14.69,0.0,0.0,15.44,287.43,2.0,8,100020.0,9999999
59287,0,1827,20.4,14.97,0.0,0.0,15.44,282.48,2.0,15,100020.0,9999999
59287,0,1828,20.6,15.35,0.0,0.0,15.44,287.06,2.0,10,100020.0,9999999
59287,0,1829,20.9,15.64,0.0,0.0,15.44,281.69,2.0,12,100020.0,9999999
59287,0,1830,21.1,15.84,0.0,0.0,15.44,283.45,2.0,10,100020.0,9999999
59287,0,1831,21.4,16.04,28.0,28.0,15.44,290.72,2.0,12,100020.0,9999999
59287,0,1832,21.8,16.14,90.0,90.0,15.44,286.31,3.0,8,100020.0,9999999
59287,0,1833,22.3,16.14,159.0,159.0,15.44,284.6,3.0,12,100020.0,9999999
59287,0,1834,22.9,16.14,223.0,223.0,15.44,283.84,3.0,16,100020.0,9999999
59287,0,1835,23.6,16.14,273.0,273.0,15.44,288.72,3.0,2,100020.0,9999999
59287,0,1836,24.6,16.44,299.0,299.0,15.44,290.36,3.0,16,100020.0,9999999
59287,0,1837,25.8,17.06,298.0,298.0,15.44,291.61,3.0,3,100020.0,9999999
59287,0,1838,27.2,18.15,269.0,269.0,15.44,293.2,4.0,10,100020.0,9999999
59287,0,1839,28.3,19.42,217.0,217.0,15.44,298.14,4.0,12,100020.0,9999999
59287,0,1840,28.0,19.3,151.0,151.0,15.44,296.3,4.0,16,100020.0,9999999
59287,0,1841,27.3,18.95,83.0,83.0,15.44,295.44,4.0,7,100020.0,9999999
59287,0,1842,26.3,18.38,22.0,22.0,15.44,287.62,4.0,10,100020.0,9999999
59287,0,1843,25.3,17.82,0.0,0.0,15.44,292.14,4.0,10,100020.0,9999999
59287,0,1844,24.4,17.38,0.0,0.0,15.44,289.63,3.0,6,100020.0,9999999
59287,0,1845,23.8,17.06,0.0,0.0,15.44,287.8,3.0,1,100020.0,9999999
59287,0,1846,23.4,16.96,0.0,0.0,15.44,289.99,3.0,12,100020.0,9999999
59287,0,1847,23.1,16.85,0.0,0.0,15.44,287.8,3.0,6,100020.0,9999999
59287,0,1848,23.0,16.96,0.0,0.0,15.44,290.89,3.0,2,100060.0,9999999
59287,0,1849,22.9,16.96,0.0,0.0,15.44,288.17,3.0,10,100060.0,9999999
59287,0,1850,22.7,16.85,0.0,0.0,15.44,287.43,2.0,7,100060.0,9999999
59287,0,1851,22.4,16.75,0.0,0.0,15.44,286.5,2.0,15,100060.0,9999999
59287,0,1852,22.1,16.54,0.0,0.0,15.44,287.24,2.0,7,100060.0,9999999
59287,0,1853,21.8,16.34,0.0,0.0,15.44,288.35,2.0,1,100060.0,9999999
59287,0,1854,21.7,16.24,0.0,0.0,15.44,286.87,2.0,7,100060.0,9999999
59287,0,1855,22.2,16.65,30.0,30.0,15.44,286.31,2.0,7,100060.0,9999999
59287,0,1856,23.3,17.49,95.0,95.0,15.44,286.87,2.0,7,100060.0,9999999
59287,0,1857,24.3,18.04,167.0,167.0,15.44,289.63,2.0,1,100060.0,9999999
59287,0,1858,25.0,18.26,235.0,235.0,15.44,289.99,2.0,2,100060.0,9999999
59287,0,1859,25.7,18.26,287.0,287.0,15.44,289.27,2.0,3,100060.0,9999999
59287,0,1860,26.3,18.15,315.0,315.0,15.44,293.2,2.0,10,100060.0,9999999
59287,0,1861,26.9,18.26,313.0,313.0,15.44,293.89,2.0,11,100060.0,9999999
59287,0,1862,27.6,18.61,282.0,282.0,15.44,288.9,4.0,7,100060.0,9999999
59287,0,1863,28.1,19.3,228.0,228.0,15.44,291.79,4.0,4,100060.0,9999999
59287,0,1864,27.7,19.19,159.0,159.0,15.44,290.54,4.0,12,100060.0,9999999
59287,0,1865,26.9,18.72,88.0,88.0,15.44,293.02,4.0,9,100060.0,9999999
59287,0,1866,25.8,18.15,23.0,23.0,15.44,289.45,4.0,12,100060.0,9999999
59287,0,1867,25.0,17.71,0.0,0.0,15.44,290.89,4.0,16,100060.0,9999999
59287,0,1868,24.6,17.82,0.0,0.0,15.44,285.74,3.0,7,100060.0,9999999
59287,0,1869,24.8,18.26,0.0,0.0,15.44,290.89,3.0,6,100060.0,9999999
59287,0,1870,24.9,18.38,0.0,0.0,15.44,287.62,3.0,7,100060.0,9999999
59287,0,1871,24.7,18.15,0.0,0.0,15.44,294.24,3.0,14,100060.0,9999999
59287,0,1872,24.4,17.82,0.0,0.0,15.44,288.72,3.0,16,100280.0,9999999
59287,0,1873,24.1,17.6,0.0,0.0,15.44,290.89,3.0,6,100280.0,9999999
59287,0,1874,24.0,17.49,0.0,0.0,15.44,291.96,2.0,6,100280.0,9999999
59287,0,1875,24.0,17.71,0.0,0.0,15.44,293.55,2.0,8,100280.0,9999999
59287,0,1876,24.1,18.04,0.0,0.0,15.44,288.35,2.0,12,100280.0,9999999
59287,0,1877,24.1,18.38,0.0,0.0,15.44,290.18,2.0,13,100280.0,9999999
59287,0,1878,24.1,18.49,0.0,0.0,15.44,285.55,2.0,1,100280.0,9999999
59287,0,1879,24.1,18.38,22.0,22.0,15.44,287.8,2.0,10,100280.0,9999999
59287,0,1880,23.9,18.04,70.0,70.0,15.44,286.5,1.0,8,100280.0,9999999
59287,0,1881,23.6,17.17,123.0,123.0,15.44,287.8,1.0,12,100280.0,9999999
59287,0,1882,23.2,16.04,173.0,173.0,15.44,288.9,1.0,3,100280.0,9999999
59287,0,1883,22.8,14.97,211.0,211.0,15.44,283.45,1.0,7,100280.0,9999999
59287,0,1884,22.4,13.88,232.0,232.0,15.44,284.22,1.0,8,100280.0,9999999
59287,0,1885,22.1,13.11,231.0,231.0,15.44,283.64,1.0,16,100280.0,9999999
59287,0,1886,22.0,12.62,208.0,208.0,15.44,286.12,2.0,16,100280.0,9999999
59287,0,1887,21.6,12.14,168.0,168.0,15.44,288.35,2.0,2,100280.0,9999999
59287,0,1888,20.6,11.46,118.0,118.0,15.44,280.5,2.0,12,100280.0,9999999
59287,0,1889,19.5,10.88,65.0,65.0,15.44,280.5,2.0,8,100280.0,9999999
59287,0,1890,18.5,10.53,18.0,18.0,15.44,280.5,2.0,2,100280.0,9999999
59287,0,1891,18.2,10.67,0.0,0.0,15.44,277.86,2.0,7,100280.0,9999999
59287,0,1892,18.5,11.24,0.0,0.0,15.44,286.5,2.0,16,100280.0,9999999
59287,0,1893,18.5,11.53,0.0,0.0,15.44,283.06,2.0,12,100280.0,9999999
59287,0,1894,18.1,11.53,0.0,0.0,15.44,283.64,2.0,7,100280.0,9999999
59287,0,1895,17.5,11.31,0.0,0.0,15.44,285.55,2.0,6,100280.0,9999999
59287,0,1896,16.7,10.95,0.0,0.0,15.44,278.68,2.0,15,100830.0,9999999
59287,0,1897,15.9,10.53,0.0,0.0,15.44,279.7,2.0,11,100830.0,9999999
59287,0,1898,15.2,10.19,0.0,0.0,15.44,274.94,2.0,16,100830.0,9999999
59287,0,1899,14.8,9.93,0.0,0.0,15.44,274.3,2.0,11,100830.0,9999999
59287,0,1900,14.5,9.74,0.0,0.0,15.44,278.07,2.0,15,100830.0,9999999
59287,0,1901,14.3,9.67,0.0,0.0,15.44,273.87,2.0,4,100830.0,9999999
59287,0,1902,14.2,9.61,0.0,0.0,15.44,278.27,2.0,12,100830.0,9999999
59287,0,1903,14.1,9.48,3.0,3.0,15.44,278.27,2.0,15,100830.0,9999999
59287,0,1904,13.9,9.36,11.0,11.0,15.44,277.86,3.0,2,100830.0,9999999
59287,0,1905,13.6,9.11,19.0,19.0,15.44,278.27,3.0,13,100830.0,9999999
59287,0,1906,13.1,8.87,27.0,27.0,15.44,276.41,3.0,14,100830.0,9999999
59287,0,1907,12.7,8.64,33.0,33.0,15.44,278.48,3.0,9,100830.0,9999999
59287,0,1908,12.3,8.41,36.0,36.0,15.44,276.83,3.0,14,100830.0,9999999
59287,0,1909,12.0,8.3,36.0,36.0,15.44,277.66,3.0,2,100830.0,9999999
59287,0,1910,11.9,8.24,32.0,32.0,15.44,271.04,5.0,2,100830.0,9999999
59287,0,1911,11.6,8.13,26.0,26.0,15.44,273.01,5.0,1,100830.0,9999999
59287,0,1912,11.0,7.86,18.0,18.0,15.44,271.26,5.0,15,100830.0,9999999
59287,0,1913,10.4,7.54,10.0,10.0,15.44,271.48,5.0,11,100830.0,9999999
59287,0,1914,10.1,7.34,3.0,3.0,15.44,270.15,5.0,3,100830.0,9999999
59287,0,1915,10.2,7.34,0.0,0.0,15.44,275.36,5.0,9,100830.0,9999999
59287,0,1916,10.2,7.19,0.0,0.0,15.44,273.44,2.0,16,100830.0,9999999
59287,0,1917,9.7,6.8,0.0,0.0,15.44,268.34,2.0,14,100830.0,9999999
59287,0,1918,9.4,6.43,0.0,0.0,15.44,271.7,2.0,2,100830.0,9999999
59287,0,1919,9.5,6.25,0.0,0.0,15.44,270.15,2.0,4,100830.0,9999999
59287,0,1920,9.8,6.16,0.0,0.0,15.44,276.0,2.0,10,101470.0,9999999
59287,0,1921,10.1,6.16,0.0,0.0,15.44,273.66,2.0,4,101470.0,9999999
59287,0,1922,10.4,6.16,0.0,0.0,15.44,268.57,2.0,2,101470.0,9999999
59287,0,1923,10.5,6.21,0.0,0.0,15.44,275.15,2.0,11,101470.0,9999999
59287,0,1924,10.6,6.25,0.0,0.0,15.44,271.04,2.0,15,101470.0,9999999
59287,0,1925,10.5,6.3,0.0,0.0,15.44,270.15,2.0,16,101470.0,9999999
59287,0,1926,10.4,6.34,0.0,0.0,15.44,272.8,2.0,4,101470.0,9999999
59287,0,1927,10.4,6.34,15.0,15.0,15.44,270.15,2.0,15,101470.0,9999999
59287,0,1928,10.5,6.39,46.0,46.0,15.44,272.36,2.0,2,101470.0,9999999
59287,0,1929,10.7,6.39,79.0,79.0,15.44,269.03,2.0,11,101470.0,9999999
59287,0,1930,11.1,6.34,111.0,111.0,15.44,273.23,2.0,5,101470.0,9999999
59287,0,1931,11.5,6.34,135.0,135.0,15.44,271.04,2.0,6,101470.0,9999999
59287,0,1932,11.9,6.39,148.0,148.0,15.44,273.01,2.0,1,101470.0,9999999
59287,0,1933,12.3,6.48,148.0,148.0,15.44,274.09,2.0,3,101470.0,9999999
59287,0,1934,12.7,6.66,133.0,133.0,15.44,279.09,3.0,2,101470.0,9999999
59287,0,1935,12.9,6.85,108.0,108.0,15.44,272.58,3.0,6,101470.0,9999999
59287,0,1936,12.8,7.04,76.0,76.0,15.44,279.29,3.0,2,101470.0,9999999
59287,0,1937,12.4,7.19,42.0,42.0,15.44,274.94,3.0,9,101470.0,9999999
59287,0,1938,11.9,7.29,12.0,12.0,15.44,271.92,3.0,10,101470.0,9999999
59287,0,1939,11.4,7.34,0.0,0.0,15.44,273.66,3.0,13,101470.0,9999999
59287,0,1940,11.0,7.34,0.0,0.0,15.44,269.7,3.0,16,101470.0,9999999
59287,0,1941,10.7,7.34,0.0,0.0,15.44,277.45,3.0,6,101470.0,9999999
59287,0,1942,10.6,7.39,0.0,0.0,15.44,272.8,3.0,4,101470.0,9999999
59287,0,1943,10.7,7.44,0.0,0.0,15.44,277.45,3.0,12,101470.0,9999999
59287,0,1944,10.9,7.54,0.0,0.0,15.44,271.04,3.0,14,101310.0,9999999
59287,0,1945,11.1,7.59,0.0,0.0,15.44,273.87,3.0,3,101310.0,9999999
59287,0,1946,11.2,7.65,0.0,0.0,15.44,275.36,2.0,2,101310.0,9999999
59287,0,1947,11.2,7.59,0.0,0.0,15.44,273.44,2.0,11,101310.0,9999999
59287,0,1948,11.1,7.54,0.0,0.0,15.44,272.8,2.0,6,101310.0,9999999
59287,0,1949,10.9,7.49,0.0,0.0,15.44,272.58,2.0,15,101310.0,9999999
59287,0,1950,10.9,7.44,0.0,0.0,15.44,276.21,2.0,3,101310.0,9999999
59287,0,1951,11.0,7.49,16.0,16.0,15.44,272.14,2.0,7,101310.0,9999999
59287,0,1952,11.4,7.54,48.0,48.0,15.44,276.62,2.0,2,101310.0,9999999
59287,0,1953,12.1,7.75,83.0,83.0,15.44,273.87,2.0,12,101310.0,9999999
59287,0,1954,12.9,7.97,116.0,116.0,15.44,274.73,2.0,7,101310.0,9999999
59287,0,1955,13.9,8.24,141.0,141.0,15.44,272.8,2.0,8,101310.0,9999999
59287,0,1956,14.7,8.46,155.0,155.0,15.44,273.87,2.0,4,101310.0,9999999
59287,0,1957,15.3,8.7,154.0,154.0,15.44,277.86,2.0,3,101310.0,9999999
59287,0,1958,15.5,8.81,139.0,139.0,15.44,277.66,1.0,6,101310.0,9999999
59287,0,1959,15.4,8.87,113.0,113.0,15.44,278.07,1.0,9,101310.0,9999999
59287,0,1960,15.2,8.99,79.0,79.0,15.44,279.9,1.0,3,101310.0,9999999
59287,0,1961,14.9,9.11,44.0,44.0,15.44,282.28,1.0,6,101310.0,9999999
59287,0,1962,14.5,9.17,13.0,13.0,15.44,280.3,1.0,12,101310.0,9999999
59287,0,1963,14.1,9.23,0.0,0.0,15.44,278.89,1.0,13,101310.0,9999999
59287,0,1964,13.6,9.17,0.0,0.0,15.44,275.15,2.0,16,101310.0,9999999
59287,0,1965,13.2,9.05,0.0,0.0,15.44,273.87,2.0,16,101310.0,9999999
59287,0,1966,13.1,9.05,0.0,0.0,15.44,276.41,2.0,3,101310.0,9999999
59287,0,1967,13.3,9.23,0.0,0.0,15.44,272.8,2.0,5,101310.0,9999999
59287,0,1968,13.7,9.42,0.0,0.0,15.44,276.62,2.0,10,100910.0,9999999
59287,0,1969,14.1,9.67,0.0,0.0,15.44,278.27,2.0,7,100910.0,9999999
59287,0,1970,14.5,9.93,0.0,0.0,15.44,277.04,0.0,0,100910.0,9999999
59287,0,1971,14.7,10.13,0.0,0.0,15.44,276.62,0.0,7,100910.0,9999999
59287,0,1972,14.8,10.19,0.0,0.0,15.44,274.52,0.0,3,100910.0,9999999
59287,0,1973,14.8,10.26,0.0,0.0,15.44,279.9,0.0,1,100910.0,9999999
59287,0,1974,14.8,10.33,0.0,0.0,15.44,274.52,0.0,16,100910.0,9999999
59287,0,1975,14.8,10.33,9.0,9.0,15.44,274.52,0.0,4,100910.0,9999999
59287,0,1976,14.8,10.33,26.0,26.0,15.44,279.9,1.0,16,100910.0,9999999
59287,0,1977,14.9,10.33,45.0,45.0,15.44,274.73,1.0,4,100910.0,9999999
59287,0,1978,15.2,10.4,63.0,63.0,15.44,279.7,1.0,2,100910.0,9999999
59287,0,1979,15.7,10.53,77.0,77.0,15.44,280.1,1.0,16,100910.0,9999999
59287,0,1980,16.4,10.88,84.0,84.0,15.44,280.9,1.0,11,100910.0,9999999
59287,0,1981,17.4,11.39,83.0,83.0,15.44,280.3,1.0,15,100910.0,9999999
59287,0,1982,18.6,12.22,75.0,75.0,15.44,284.22,2.0,16,100910.0,9999999
59287,0,1983,19.6,13.03,61.0,61.0,15.44,281.29,2.0,14,100910.0,9999999
59287,0,1984,19.5,12.94,43.0,43.0,15.44,287.99,2.0,5,100910.0,9999999
59287,0,1985,19.1,12.7,24.0,24.0,15.44,285.93,2.0,12,100910.0,9999999
59287,0,1986,18.6,12.46,7.0,7.0,15.44,284.22,2.0,4,100910.0,9999999
59287,0,1987,18.1,12.14,0.0,0.0,15.44,278.27,2.0,13,100910.0,9999999
59287,0,1988,17.8,11.99,0.0,0.0,15.44,282.67,0.0,0,100910.0,9999999
59287,0,1989,17.7,11.99,0.0,0.0,15.44,280.7,0.0,2,100910.0,9999999
59287,0,1990,17.7,12.07,0.0,0.0,15.44,282.48,0.0,1,100910.0,9999999
59287,0,1991,17.8,12.14,0.0,0.0,15.44,280.3,0.0,15,100910.0,9999999
59287,0,1992,18.1,12.38,0.0,0.0,15.44,284.99,0.0,3,100660.0,9999999
59287,0,1993,18.5,12.78,0.0,0.0,15.44,284.22,0.0,1,100660.0,9999999
59287,0,1994,18.9,13.19,0.0,0.0,15.44,285.93,0.0,0,100660.0,9999999
59287,0,1995,19.3,13.62,0.0,0.0,15.44,281.1,0.0,6,100660.0,9999999
59287,0,1996,19.6,14.06,0.0,0.0,15.44,284.22,0.0,11,100660.0,9999999
59287,0,1997,20.0,14.51,0.0,0.0,15.44,284.79,0.0,8,100660.0,9999999
59287,0,1998,20.3,14.88,0.0,0.0,15.44,287.8,0.0,12,100660.0,9999999
59287,0,1999,20.6,15.06,31.0,31.0,15.44,284.99,0.0,10,100660.0,9999999
59287,0,2000,20.9,15.06,93.0,93.0,15.44,284.03,1.0,7,100660.0,9999999
59287,0,2001,21.2,14.97,160.0,160.0,15.44,283.25,1.0,1,100660.0,9999999
59287,0,2002,21.7,14.78,223.0,223.0,15.44,282.28,1.0,9,100660.0,9999999
59287,0,2003,22.3,14.6,271.0,271.0,15.44,291.25,1.0,12,100660.0,9999999
59287,0,2004,23.2,14.78,297.0,297.0,15.44,287.43,1.0,10,100660.0,9999999
59287,0,2005,24.5,15.35,296.0,296.0,15.44,290.89,1.0,12,100660.0,9999999
59287,0,2006,26.2,16.65,267.0,267.0,15.44,293.89,3.0,9,100660.0,9999999
59287,0,2007,27.6,18.15,217.0,217.0,15.44,297.14,3.0,12,100660.0,9999999
59287,0,2008,27.3,18.26,153.0,153.0,15.44,291.61,3.0,11,100660.0,9999999
59287,0,2009,26.5,18.04,86.0,86.0,15.44,293.37,3.0,3,100660.0,9999999
59287,0,2010,25.5,17.6,25.0,25.0,15.44,293.55,3.0,10,100660.0,9999999
59287,0,2011,24.5,17.06,0.0,0.0,15.44,286.87,3.0,10,100660.0,9999999
59287,0,2012,23.5,16.65,0.0,0.0,15.44,284.41,2.0,7,100660.0,9999999
59287,0,2013,22.8,16.34,0.0,0.0,15.44,289.45,2.0,8,100660.0,9999999
59287,0,2014,22.4,16.14,0.0,0.0,15.44,285.74,2.0,6,100660.0,9999999
59287,0,2015,22.2,16.04,0.0,0.0,15.44,289.99,2.0,1,100660.0,9999999
59287,0,2016,22.2,16.04,0.0,0.0,15.44,287.8,2.0,3,100530.0,9999999
59287,0,2017,22.1,16.04,0.0,0.0,15.44,287.24,2.0,7,100530.0,9999999
59287,0,2018,22.1,16.14,0.0,0.0,15.44,284.41,2.0,6,100530.0,9999999
59287,0,2019,22.0,16.14,0.0,0.0,15.44,287.06,2.0,3,100530.0,9999999
59287,0,2020,21.9,16.04,0.0,0.0,15.44,288.35,2.0,9,100530.0,9999999
59287,0,2021,21.8,16.04,0.0,0.0,15.44,286.87,2.0,12,100530.0,9999999
59287,0,2022,21.7,15.94,0.0,0.0,15.44,284.99,2.0,14,100530.0,9999999
59287,0,2023,22.0,16.14,30.0,30.0,15.44,287.06,2.0,10,100530.0,9999999
59287,0,2024,22.7,16.54,87.0,87.0,15.44,291.96,2.0,6,100530.0,9999999
59287,0,2025,23.5,16.85,150.0,150.0,15.44,292.85,2.0,3,100530.0,9999999
59287,0,2026,24.3,16.96,208.0,208.0,15.44,287.62,2.0,13,100530.0,9999999
59287,0,2027,25.1,17.06,254.0,254.0,15.44,293.02,2.0,5,100530.0,9999999
59287,0,2028,26.0,17.17,278.0,278.0,15.44,290.54,2.0,2,100530.0,9999999
59287,0,2029,26.8,17.49,276.0,276.0,15.44,289.27,2.0,8,100530.0,9999999
59287,0,2030,27.7,18.04,250.0,250.0,15.44,288.9,5.0,8,100530.0,9999999
59287,0,2031,28.3,18.72,203.0,203.0,15.44,293.72,5.0,13,100530.0,9999999
59287,0,2032,28.1,18.72,143.0,143.0,15.44,293.55,5.0,9,100530.0,9999999
59287,0,2033,27.5,18.72,81.0,81.0,15.44,295.61,5.0,11,100530.0,9999999
59287,0,2034,26.7,18.38,24.0,24.0,15.44,292.67,5.0,11,100530.0,9999999
59287,0,2035,25.8,18.15,0.0,0.0,15.44,292.67,5.0,1,100530.0,9999999
59287,0,2036,25.0,17.82,0.0,0.0,15.44,289.81,3.0,6,100530.0,9999999
59287,0,2037,24.4,17.6,0.0,0.0,15.44,290.36,3.0,7,100530.0,9999999
59287,0,2038,24.0,17.38,0.0,0.0,15.44,289.27,3.0,9,100530.0,9999999
59287,0,2039,23.7,17.38,0.0,0.0,15.44,293.2,3.0,6,100530.0,9999999
59287,0,2040,23.5,17.38,0.0,0.0,15.44,284.79,3.0,12,100780.0,9999999
59287,0,2041,23.4,17.38,0.0,0.0,15.44,292.85,3.0,7,100780.0,9999999
59287,0,2042,23.3,17.49,0.0,0.0,15.44,287.62,2.0,6,100780.0,9999999
59287,0,2043,23.2,17.6,0.0,0.0,15.44,285.74,2.0,6,100780.0,9999999
59287,0,2044,23.0,17.71,0.0,0.0,15.44,291.07,2.0,7,100780.0,9999999
59287,0,2045,23.0,17.82,0.0,0.0,15.44,287.24,2.0,4,100780.0,9999999
59287,0,2046,23.0,17.82,0.0,0.0,15.44,289.81,2.0,15,100780.0,9999999
59287,0,2047,23.2,17.93,34.0,34.0,15.44,289.27,2.0,5,100780.0,9999999
59287,0,2048,23.6,18.04,99.0,99.0,15.44,286.31,4.0,16,100780.0,9999999
59287,0,2049,24.2,17.93,170.0,170.0,15.44,289.63,4.0,9,100780.0,9999999
59287,0,2050,24.9,17.49,236.0,236.0,15.44,290.72,4.0,3,100780.0,9999999
59287,0,2051,25.3,16.75,287.0,287.0,15.44,290.36,4.0,4,100780.0,9999999
59287,0,2052,25.3,15.54,314.0,314.0,15.44,290.18,4.0,3,100780.0,9999999
59287,0,2053,24.7,13.97,312.0,312.0,15.44,291.79,4.0,2,100780.0,9999999
59287,0,2054,23.8,12.54,282.0,282.0,15.44,287.99,3.0,16,100780.0,9999999
59287,0,2055,22.8,11.53,229.0,229.0,15.44,290.89,3.0,3,100780.0,9999999
59287,0,2056,21.9,10.88,162.0,162.0,15.44,284.99,3.0,2,100780.0,9999999
59287,0,2057,21.1,10.6,92.0,92.0,15.44,284.6,3.0,4,100780.0,9999999
59287,0,2058,20.5,10.53,28.0,28.0,15.44,284.22,3.0,13,100780.0,9999999
59287,0,2059,20.3,10.67,0.0,0.0,15.44,283.45,3.0,8,100780.0,9999999
59287,0,2060,20.4,10.95,0.0,0.0,15.44,286.68,3.0,2,100780.0,9999999
59287,0,2061,20.5,11.09,0.0,0.0,15.44,284.99,3.0,3,100780.0,9999999
59287,0,2062,20.4,11.02,0.0,0.0,15.44,282.48,3.0,10,100780.0,9999999
59287,0,2063,20.3,10.88,0.0,0.0,15.44,282.28,3.0,10,100780.0,9999999
59287,0,2064,20.0,10.6,0.0,0.0,15.44,287.8,3.0,13,101030.0,9999999
59287,0,2065,19.5,10.4,0.0,0.0,15.44,283.06,3.0,3,101030.0,9999999
59287,0,2066,19.0,10.13,0.0,0.0,15.44,284.03,2.0,16,101030.0,9999999
59287,0,2067,18.3,9.99,0.0,0.0,15.44,281.89,2.0,1,101030.0,9999999
59287,0,2068,17.7,9.99,0.0,0.0,15.44,280.7,2.0,14,101030.0,9999999
59287,0,2069,17.2,10.06,0.0,0.0,15.44,284.79,2.0,16,101030.0,9999999
59287,0,2070,17.0,10.26,0.0,0.0,15.44,279.49,2.0,7,101030.0,9999999
59287,0,2071,17.1,10.6,16.0,16.0,15.44,283.45,2.0,1,101030.0,9999999
59287,0,2072,17.4,10.95,45.0,45.0,15.44,281.29,2.0,2,101030.0,9999999
59287,0,2073,17.8,11.17,76.0,76.0,15.44,279.9,2.0,16,101030.0,9999999
59287,0,2074,18.4,11.31,106.0,106.0,15.44,279.49,2.0,10,101030.0,9999999
59287,0,2075,19.0,11.46,128.0,128.0,15.44,278.89,2.0,14,101030.0,9999999
59287,0,2076,19.6,11.61,140.0,140.0,15.44,286.12,2.0,11,101030.0,9999999
59287,0,2077,20.3,11.76,140.0,140.0,15.44,285.74,2.0,16,101030.0,9999999
59287,0,2078,21.0,11.99,126.0,126.0,15.44,284.99,3.0,6,101030.0,9999999
59287,0,2079,21.6,12.38,103.0,103.0,15.44,285.74,3.0,14,101030.0,9999999
59287,0,2080,21.9,12.62,73.0,73.0,15.44,286.12,3.0,6,101030.0,9999999
59287,0,2081,21.7,12.7,41.0,41.0,15.44,290.18,3.0,4,101030.0,9999999
59287,0,2082,21.4,12.62,13.0,13.0,15.44,281.49,3.0,3,101030.0,9999999
59287,0,2083,21.0,12.54,0.0,0.0,15.44,285.93,3.0,9,101030.0,9999999
59287,0,2084,20.8,12.62,0.0,0.0,15.44,283.25,3.0,5,101030.0,9999999
59287,0,2085,20.8,12.78,0.0,0.0,15.44,285.74,3.0,5,101030.0,9999999
59287,0,2086,20.6,12.78,0.0,0.0,15.44,284.99,3.0,4,101030.0,9999999
59287,0,2087,20.3,12.62,0.0,0.0,15.44,281.89,3.0,4,101030.0,9999999
59287,0,2088,19.8,12.3,0.0,0.0,15.44,283.45,3.0,2,101150.0,9999999
59287,0,2089,19.2,11.99,0.0,0.0,15.44,284.79,3.0,1,101150.0,9999999
59287,0,2090,18.6,11.68,0.0,0.0,15.44,285.18,0.0,0,101150.0,9999999
59287,0,2091,18.0,11.46,0.0,0.0,15.44,282.08,0.0,0,101150.0,9999999
59287,0,2092,17.5,11.31,0.0,0.0,15.44,284.03,0.0,1,101150.0,9999999
59287,0,2093,17.0,11.24,0.0,0.0,15.44,276.83,0.0,5,101150.0,9999999
59287,0,2094,16.6,11.17,0.0,0.0,15.44,279.9,0.0,7,101150.0,9999999
59287,0,2095,16.2,11.09,1.0,1.0,15.44,282.67,0.0,1,101150.0,9999999
59287,0,2096,15.9,10.95,2.0,2.0,15.44,283.84,3.0,16,101150.0,9999999
59287,0,2097,15.7,10.88,3.0,3.0,15.44,283.64,3.0,3,101150.0,9999999
59287,0,2098,15.5,10.81,4.0,4.0,15.44,281.89,3.0,7,101150.0,9999999
59287,0,2099,15.4,10.67,5.0,5.0,15.44,277.45,3.0,2,101150.0,9999999
59287,0,2100,15.3,10.6,5.0,5.0,15.44,276.41,3.0,14,101150.0,9999999
59287,0,2101,15.3,10.53,5.0,5.0,15.44,283.06,3.0,8,101150.0,9999999
59287,0,2102,15.3,10.46,5.0,5.0,15.44,279.09,2.0,16,101150.0,9999999
59287,0,2103,14.8,10.06,4.0,4.0,15.44,275.79,2.0,2,101150.0,9999999
59287,0,2104,13.6,9.36,3.0,3.0,15.44,281.1,2.0,3,101150.0,9999999
59287,0,2105,12.6,8.7,2.0,2.0,15.44,276.41,2.0,7,101150.0,9999999
59287,0,2106,12.2,8.46,1.0,1.0,15.44,274.3,2.0,16,101150.0,9999999
59287,0,2107,12.4,8.52,0.0,0.0,15.44,275.15,2.0,5,101150.0,9999999
59287,0,2108,12.8,8.7,0.0,0.0,15.44,277.45,3.0,16,101150.0,9999999
59287,0,2109,13.1,8.75,0.0,0.0,15.44,280.3,3.0,14,101150.0,9999999
59287,0,2110,13.4,8.7,0.0,0.0,15.44,278.07,3.0,3,101150.0,9999999
59287,0,2111,13.4,8.58,0.0,0.0,15.44,276.62,3.0,7,101150.0,9999999
59287,0,2112,13.4,8.35,0.0,0.0,15.44,274.73,3.0,14,101220.0,9999999
59287,0,2113,13.1,8.02,0.0,0.0,15.44,272.14,3.0,14,101220.0,9999999
59287,0,2114,12.7,7.7,0.0,0.0,15.44,278.07,2.0,1,101220.0,9999999
59287,0,2115,12.1,7.29,0.0,0.0,15.44,277.25,2.0,11,101220.0,9999999
59287,0,2116,11.4,6.94,0.0,0.0,15.44,275.36,2.0,12,101220.0,9999999
59287,0,2117,10.9,6.66,0.0,0.0,15.44,272.8,2.0,6,101220.0,9999999
59287,0,2118,10.7,6.48,0.0,0.0,15.44,273.66,2.0,9,101220.0,9999999
59287,0,2119,11.4,6.61,105.0,30.0,15.44,274.3,2.0,12,101220.0,9999999
59287,0,2120,12.7,6.99,295.0,85.0,15.44,274.09,3.0,2,101220.0,9999999
59287,0,2121,13.9,7.24,294.0,294.0,15.44,276.41,3.0,10,101220.0,9999999
59287,0,2122,14.9,7.24,407.0,407.0,15.44,273.44,3.0,16,101220.0,9999999
59287,0,2123,15.9,7.19,840.0,243.0,15.44,277.25,3.0,12,101220.0,9999999
59287,0,2124,16.9,7.19,540.0,540.0,15.44,279.9,3.0,2,101220.0,9999999
59287,0,2125,18.2,7.34,914.0,264.0,15.44,278.89,3.0,16,101220.0,9999999
59287,0,2126,19.8,7.86,1180.0,229.0,15.44,283.06,3.0,16,101220.0,9999999
59287,0,2127,21.1,8.52,673.0,194.0,15.44,282.28,3.0,4,101220.0,9999999
59287,0,2128,20.8,8.64,478.0,138.0,15.44,283.25,3.0,2,101220.0,9999999
59287,0,2129,20.1,8.64,390.0,76.0,15.44,283.06,3.0,7,101220.0,9999999
59287,0,2130,19.1,8.64,124.0,24.0,15.44,280.3,3.0,7,101220.0,9999999
59287,0,2131,18.0,8.58,0.0,0.0,15.44,280.9,3.0,12,101220.0,9999999
59287,0,2132,16.9,8.52,0.0,0.0,15.44,280.5,1.0,1,101220.0,9999999
59287,0,2133,16.0,8.46,0.0,0.0,15.44,280.5,1.0,7,101220.0,9999999
59287,0,2134,15.3,8.46,0.0,0.0,15.44,274.3,1.0,7,101220.0,9999999
59287,0,2135,14.7,8.46,0.0,0.0,15.44,273.87,1.0,8,101220.0,9999999
59287,0,2136,14.1,8.41,0.0,0.0,15.44,278.68,1.0,4,101050.0,9999999
59287,0,2137,13.5,8.3,0.0,0.0,15.44,273.87,1.0,15,101050.0,9999999
59287,0,2138,12.9,8.07,0.0,0.0,15.44,273.23,1.0,4,101050.0,9999999
59287,0,2139,12.2,7.75,0.0,0.0,15.44,276.41,1.0,8,101050.0,9999999
59287,0,2140,11.4,7.39,0.0,0.0,15.44,275.58,1.0,1,101050.0,9999999
59287,0,2141,10.9,7.09,0.0,0.0,15.44,273.44,1.0,5,101050.0,9999999
59287,0,2142,10.7,6.85,0.0,0.0,15.44,271.48,1.0,4,101050.0,9999999
59287,0,2143,11.8,7.14,100.0,36.0,15.44,278.48,1.0,10,101050.0,9999999
59287,0,2144,14.1,7.91,277.0,99.0,15.44,276.41,1.0,7,101050.0,9999999
59287,0,2145,16.2,8.46,707.0,172.0,15.44,276.41,1.0,3,101050.0,9999999
59287,0,2146,17.9,8.7,977.0,238.0,15.44,279.9,1.0,3,101050.0,9999999
59287,0,2147,19.4,8.75,786.0,282.0,15.44,284.99,1.0,15,101050.0,9999999
59287,0,2148,20.9,8.81,505.0,505.0,15.44,282.87,1.0,1,101050.0,9999999
59287,0,2149,22.5,9.05,855.0,307.0,15.44,283.64,1.0,1,101050.0,9999999
59287,0,2150,24.3,9.8,454.0,454.0,15.44,287.62,2.0,9,101050.0,9999999
59287,0,2151,25.7,10.88,630.0,226.0,15.44,290.72,2.0,5,101050.0,9999999
59287,0,2152,25.3,11.17,263.0,263.0,15.44,287.24,2.0,10,101050.0,9999999
59287,0,2153,24.2,11.39,151.0,151.0,15.44,292.14,2.0,16,101050.0,9999999
59287,0,2154,22.9,11.39,82.0,30.0,15.44,289.27,2.0,2,101050.0,9999999
59287,0,2155,21.5,11.24,0.0,0.0,15.44,282.48,2.0,4,101050.0,9999999
59287,0,2156,20.3,11.17,0.0,0.0,15.44,283.06,0.0,0,101050.0,9999999
59287,0,2157,19.6,11.24,0.0,0.0,15.44,283.45,0.0,15,101050.0,9999999
59287,0,2158,19.4,11.39,0.0,0.0,15.44,283.84,0.0,4,101050.0,9999999
59287,0,2159,19.4,11.68,0.0,0.0,15.44,287.43,0.0,8,101050.0,9999999
59287,0,2160,19.6,11.99,0.0,0.0,15.99,280.9,0.0,9,101040.0,9999999
59287,0,2161,19.7,12.22,0.0,0.0,15.99,279.9,0.0,8,101040.0,9999999
59287,0,2162,19.8,12.46,0.0,0.0,15.99,286.68,2.0,9,101040.0,9999999
59287,0,2163,19.6,12.54,0.0,0.0,15.99,283.84,2.0,6,101040.0,9999999
59287,0,2164,19.4,12.54,0.0,0.0,15.99,286.31,2.0,3,101040.0,9999999
59287,0,2165,19.1,12.46,0.0,0.0,15.99,285.93,2.0,1,101040.0,9999999
59287,0,2166,19.0,12.46,0.0,0.0,15.99,284.79,2.0,10,101040.0,9999999
59287,0,2167,19.1,12.38,37.0,37.0,15.99,281.49,2.0,6,101040.0,9999999
59287,0,2168,19.2,12.3,100.0,100.0,15.99,283.45,2.0,6,101040.0,9999999
59287,0,2169,19.4,11.99,169.0,169.0,15.99,287.62,2.0,1,101040.0,9999999
59287,0,2170,19.7,11.68,234.0,234.0,15.99,284.22,2.0,5,101040.0,9999999
59287,0,2171,20.1,11.39,283.0,283.0,15.99,288.17,2.0,1,101040.0,9999999
59287,0,2172,20.8,11.31,310.0,310.0,15.99,287.24,2.0,12,101040.0,9999999
59287,0,2173,21.8,11.61,308.0,308.0,15.99,285.74,2.0,7,101040.0,9999999
59287,0,2174,23.1,12.54,279.0,279.0,15.99,285.37,3.0,8,101040.0,9999999
59287,0,2175,24.2,13.79,227.0,227.0,15.99,291.25,3.0,3,101040.0,9999999
59287,0,2176,24.0,14.33,162.0,162.0,15.99,285.74,3.0,16,101040.0,9999999
59287,0,2177,23.5,14.78,93.0,93.0,15.99,288.9,3.0,15,101040.0,9999999
59287,0,2178,22.8,15.06,30.0,30.0,15.99,285.74,3.0,15,101040.0,9999999
59287,0,2179,22.1,15.16,0.0,0.0,15.99,282.87,3.0,12,101040.0,9999999
59287,0,2180,21.5,15.16,0.0,0.0,15.99,287.06,0.0,0,101040.0,9999999
59287,0,2181,21.2,15.06,0.0,0.0,15.99,285.55,0.0,5,101040.0,9999999
59287,0,2182,21.0,14.97,0.0,0.0,15.99,289.99,0.0,13,101040.0,9999999
59287,0,2183,21.0,14.78,0.0,0.0,15.99,288.35,0.0,9,101040.0,9999999
59287,0,2184,21.1,14.51,0.0,0.0,15.99,284.79,0.0,13,100720.0,9999999
59287,0,2185,21.2,14.33,0.0,0.0,15.99,286.5,0.0,14,100720.0,9999999
59287,0,2186,21.2,14.06,0.0,0.0,15.99,287.24,2.0,7,100720.0,9999999
59287,0,2187,21.1,13.88,0.0,0.0,15.99,282.87,2.0,3,100720.0,9999999
59287,0,2188,21.0,13.71,0.0,0.0,15.99,283.64,2.0,1,100720.0,9999999
59287,0,2189,20.9,13.62,0.0,0.0,15.99,286.87,2.0,13,100720.0,9999999
59287,0,2190,20.8,13.71,0.0,0.0,15.99,283.45,2.0,10,100720.0,9999999
59287,0,2191,21.1,13.97,38.0,38.0,15.99,287.06,2.0,11,100720.0,9999999
59287,0,2192,21.6,14.42,104.0,104.0,15.99,288.9,3.0,8,100720.0,9999999
59287,0,2193,22.1,14.78,176.0,176.0,15.99,286.87,3.0,8,100720.0,9999999
59287,0,2194,22.5,14.97,242.0,242.0,15.99,286.12,3.0,9,100720.0,9999999
59287,0,2195,22.8,15.16,293.0,293.0,15.99,290.36,3.0,13,100720.0,9999999
59287,0,2196,23.3,15.35,321.0,321.0,15.99,288.17,3.0,9,100720.0,9999999
59287,0,2197,23.8,15.74,319.0,319.0,15.99,285.93,3.0,5,100720.0,9999999
59287,0,2198,24.6,16.34,289.0,289.0,15.99,286.87,2.0,7,100720.0,9999999
59287,0,2199,25.6,17.28,235.0,235.0,15.99,289.63,2.0,15,100720.0,9999999
59287,0,2200,26.4,18.15,168.0,168.0,15.99,289.99,2.0,7,100720.0,9999999
59287,0,2201,26.8,18.61,97.0,97.0,15.99,292.85,2.0,11,100720.0,9999999
59287,0,2202,26.3,18.15,32.0,32.0,15.99,291.61,2.0,3,100720.0,9999999
59287,0,2203,25.1,17.06,0.0,0.0,15.99,290.89,2.0,10,100720.0,9999999
59287,0,2204,23.8,15.94,0.0,0.0,15.99,285.93,2.0,7,100720.0,9999999
59287,0,2205,22.9,15.35,0.0,0.0,15.99,285.93,2.0,1,100720.0,9999999
59287,0,2206,22.4,15.16,0.0,0.0,15.99,289.81,2.0,12,100720.0,9999999
59287,0,2207,22.2,15.16,0.0,0.0,15.99,282.87,2.0,16,100720.0,9999999
59287,0,2208,22.1,15.35,0.0,0.0,15.99,287.06,2.0,5,100700.0,9999999
59287,0,2209,22.0,15.54,0.0,0.0,15.99,285.18,2.0,2,100700.0,9999999
59287,0,2210,21.9,15.54,0.0,0.0,15.99,289.45,2.0,7,100700.0,9999999
59287,0,2211,21.6,15.35,0.0,0.0,15.99,289.09,2.0,5,100700.0,9999999
59287,0,2212,21.2,15.06,0.0,0.0,15.99,286.12,2.0,3,100700.0,9999999
59287,0,2213,20.9,14.78,0.0,0.0,15.99,287.24,2.0,15,100700.0,9999999
59287,0,2214,20.8,14.6,0.0,0.0,15.99,286.12,2.0,15,100700.0,9999999
59287,0,2215,21.2,14.78,33.0,33.0,15.99,287.43,2.0,7,100700.0,9999999
59287,0,2216,22.0,15.35,89.0,89.0,15.99,289.45,2.0,7,100700.0,9999999
59287,0,2217,22.6,15.64,149.0,149.0,15.99,288.17,2.0,9,100700.0,9999999
59287,0,2218,23.1,15.64,206.0,206.0,15.99,290.72,2.0,8,100700.0,9999999
59287,0,2219,23.4,15.64,249.0,249.0,15.99,288.9,2.0,14,100700.0,9999999
59287,0,2220,23.7,15.54,272.0,272.0,15.99,290.18,2.0,1,100700.0,9999999
59287,0,2221,24.1,15.64,271.0,271.0,15.99,284.79,2.0,14,100700.0,9999999
59287,0,2222,24.6,15.94,245.0,245.0,15.99,293.72,3.0,6,100700.0,9999999
59287,0,2223,25.3,16.54,200.0,200.0,15.99,288.54,3.0,1,100700.0,9999999
59287,0,2224,25.6,16.96,143.0,143.0,15.99,290.72,3.0,3,100700.0,9999999
59287,0,2225,25.4,16.75,82.0,82.0,15.99,291.96,3.0,9,100700.0,9999999
59287,0,2226,24.8,16.44,28.0,28.0,15.99,294.07,3.0,12,100700.0,9999999
59287,0,2227,24.2,15.94,0.0,0.0,15.99,291.79,3.0,1,100700.0,9999999
59287,0,2228,23.8,15.74,0.0,0.0,15.99,289.45,4.0,7,100700.0,9999999
59287,0,2229,23.8,15.84,0.0,0.0,15.99,291.43,4.0,5,100700.0,9999999
59287,0,2230,23.9,16.14,0.0,0.0,15.99,287.8,4.0,8,100700.0,9999999
59287,0,2231,23.9,16.24,0.0,0.0,15.99,288.9,4.0,16,100700.0,9999999
59287,0,2232,23.5,16.04,0.0,0.0,15.99,289.99,4.0,11,100800.0,9999999
59287,0,2233,23.0,15.74,0.0,0.0,15.99,287.99,4.0,13,100800.0,9999999
59287,0,2234,22.8,15.74,0.0,0.0,15.99,283.64,0.0,0,100800.0,9999999
59287,0,2235,22.5,15.74,0.0,0.0,15.99,283.45,0.0,0,100800.0,9999999
59287,0,2236,21.8,15.35,0.0,0.0,15.99,282.67,0.0,13,100800.0,9999999
59287,0,2237,20.9,14.78,0.0,0.0,15.99,281.49,0.0,11,100800.0,9999999
59287,0,2238,19.9,14.24,0.0,0.0,15.99,283.45,0.0,1,100800.0,9999999
59287,0,2239,19.2,13.79,13.0,13.0,15.99,286.31,0.0,15,100800.0,9999999
59287,0,2240,18.9,13.62,35.0,35.0,15.99,281.69,1.0,4,100800.0,9999999
59287,0,2241,18.6,13.28,59.0,59.0,15.99,283.64,1.0,14,100800.0,9999999
59287,0,2242,18.7,13.28,81.0,81.0,15.99,279.09,1.0,2,100800.0,9999999
59287,0,2243,19.3,13.62,98.0,98.0,15.99,279.7,1.0,3,100800.0,9999999
59287,0,2244,20.2,14.15,107.0,107.0,15.99,284.22,1.0,4,100800.0,9999999
59287,0,2245,21.1,14.6,107.0,107.0,15.99,284.79,1.0,16,100800.0,9999999
59287,0,2246,21.8,14.97,97.0,97.0,15.99,287.24,3.0,16,100800.0,9999999
59287,0,2247,22.1,14.88,79.0,79.0,15.99,288.35,3.0,16,100800.0,9999999
59287,0,2248,22.1,14.6,57.0,57.0,15.99,286.31,3.0,11,100800.0,9999999
59287,0,2249,21.7,13.97,33.0,33.0,15.99,282.28,3.0,13,100800.0,9999999
59287,0,2250,21.3,13.36,11.0,11.0,15.99,282.87,3.0,14,100800.0,9999999
59287,0,2251,20.7,12.7,0.0,0.0,15.99,280.9,3.0,2,100800.0,9999999
59287,0,2252,20.2,12.14,0.0,0.0,15.99,284.99,2.0,2,100800.0,9999999
59287,0,2253,19.8,11.76,0.0,0.0,15.99,279.7,2.0,2,100800.0,9999999
59287,0,2254,19.5,11.46,0.0,0.0,15.99,281.69,2.0,1,100800.0,9999999
59287,0,2255,19.2,11.24,0.0,0.0,15.99,280.3,2.0,16,100800.0,9999999
59287,0,2256,19.0,11.09,0.0,0.0,15.99,281.69,2.0,11,100970.0,9999999
59287,0,2257,18.7,11.02,0.0,0.0,15.99,282.08,2.0,15,100970.0,9999999
59287,0,2258,18.4,10.88,0.0,0.0,15.99,281.1,3.0,16,100970.0,9999999
59287,0,2259,18.0,10.74,0.0,0.0,15.99,280.7,3.0,4,100970.0,9999999
59287,0,2260,17.7,10.53,0.0,0.0,15.99,278.68,3.0,13,100970.0,9999999
59287,0,2261,17.5,10.46,0.0,0.0,15.99,277.04,3.0,10,100970.0,9999999
59287,0,2262,17.4,10.46,0.0,0.0,15.99,281.69,3.0,16,100970.0,9999999
59287,0,2263,17.6,10.53,30.0,30.0,15.99,282.87,3.0,10,100970.0,9999999
59287,0,2264,18.2,10.88,80.0,80.0,15.99,281.49,2.0,1,100970.0,9999999
59287,0,2265,19.2,11.39,134.0,134.0,15.99,284.6,2.0,4,100970.0,9999999
59287,0,2266,20.3,11.91,184.0,184.0,15.99,280.3,2.0,3,100970.0,9999999
59287,0,2267,21.3,12.38,222.0,222.0,15.99,283.64,2.0,5,100970.0,9999999
59287,0,2268,22.0,12.62,242.0,242.0,15.99,284.41,2.0,4,100970.0,9999999
59287,0,2269,21.9,12.38,241.0,241.0,15.99,287.43,2.0,14,100970.0,9999999
59287,0,2270,21.0,11.68,219.0,219.0,15.99,280.9,2.0,16,100970.0,9999999
59287,0,2271,19.6,10.81,179.0,179.0,15.99,280.7,2.0,14,100970.0,9999999
59287,0,2272,18.2,10.13,128.0,128.0,15.99,284.41,2.0,8,100970.0,9999999
59287,0,2273,17.3,9.8,74.0,74.0,15.99,280.7,2.0,4,100970.0,9999999
59287,0,2274,17.1,9.99,25.0,25.0,15.99,276.62,2.0,6,100970.0,9999999
59287,0,2275,17.5,10.53,0.0,0.0,15.99,282.67,2.0,14,100970.0,9999999
59287,0,2276,18.0,11.09,0.0,0.0,15.99,283.25,3.0,1,100970.0,9999999
59287,0,2277,18.3,11.53,0.0,0.0,15.99,278.27,3.0,1,100970.0,9999999
59287,0,2278,18.4,11.76,0.0,0.0,15.99,284.03,3.0,2,100970.0,9999999
59287,0,2279,18.4,11.76,0.0,0.0,15.99,281.89,3.0,2,100970.0,9999999
59287,0,2280,18.3,11.76,0.0,0.0,15.99,280.5,3.0,12,100920.0,9999999
59287,0,2281,18.1,11.61,0.0,0.0,15.99,282.08,3.0,16,100920.0,9999999
59287,0,2282,18.0,11.53,0.0,0.0,15.99,278.07,1.0,15,100920.0,9999999
59287,0,2283,17.9,11.46,0.0,0.0,15.99,280.9,1.0,8,100920.0,9999999
59287,0,2284,17.9,11.46,0.0,0.0,15.99,280.9,1.0,5,100920.0,9999999
59287,0,2285,18.0,11.46,0.0,0.0,15.99,282.08,1.0,11,100920.0,9999999
59287,0,2286,18.0,11.53,0.0,0.0,15.99,282.67,1.0,13,100920.0,9999999
59287,0,2287,18.0,11.61,12.0,12.0,15.99,282.67,1.0,10,100920.0,9999999
59287,0,2288,18.0,11.61,32.0,32.0,15.99,280.9,1.0,1,100920.0,9999999
59287,0,2289,17.9,11.68,53.0,53.0,15.99,281.49,1.0,7,100920.0,9999999
59287,0,2290,17.8,11.68,72.0,72.0,15.99,280.1,1.0,8,100920.0,9999999
59287,0,2291,17.6,11.76,87.0,87.0,15.99,281.29,1.0,4,100920.0,9999999
59287,0,2292,17.5,11.76,95.0,95.0,15.99,278.89,1.0,9,100920.0,9999999
59287,0,2293,17.5,11.83,95.0,95.0,15.99,281.69,1.0,9,100920.0,9999999
59287,0,2294,17.9,12.22,86.0,86.0,15.99,286.31,2.0,15,100920.0,9999999
59287,0,2295,18.8,13.03,70.0,70.0,15.99,282.08,2.0,11,100920.0,9999999
59287,0,2296,19.8,13.88,50.0,50.0,15.99,284.99,2.0,10,100920.0,9999999
59287,0,2297,20.2,14.24,29.0,29.0,15.99,282.08,2.0,10,100920.0,9999999
59287,0,2298,20.0,14.15,10.0,10.0,15.99,283.64,2.0,8,100920.0,9999999
59287,0,2299,19.6,13.79,0.0,0.0,15.99,285.74,2.0,9,100920.0,9999999
59287,0,2300,19.2,13.45,0.0,0.0,15.99,283.25,2.0,6,100920.0,9999999
59287,0,2301,18.9,13.19,0.0,0.0,15.99,287.43,2.0,5,100920.0,9999999
59287,0,2302,18.8,13.19,0.0,0.0,15.99,287.43,2.0,6,100920.0,9999999
59287,0,2303,18.7,13.19,0.0,0.0,15.99,279.09,2.0,5,100920.0,9999999
59287,0,2304,18.8,13.28,0.0,0.0,15.99,281.49,2.0,3,100760.0,9999999
59287,0,2305,18.8,13.36,0.0,0.0,15.99,283.84,2.0,2,100760.0,9999999
59287,0,2306,18.8,13.36,0.0,0.0,15.99,287.43,0.0,0,100760.0,9999999
59287,0,2307,18.8,13.28,0.0,0.0,15.99,284.79,0.0,0,100760.0,9999999
59287,0,2308,18.7,13.19,0.0,0.0,15.99,283.25,0.0,1,100760.0,9999999
59287,0,2309,18.6,13.11,0.0,0.0,15.99,285.74,0.0,13,100760.0,9999999
59287,0,2310,18.6,13.03,0.0,0.0,15.99,287.06,0.0,2,100760.0,9999999
59287,0,2311,18.8,13.11,23.0,23.0,15.99,282.67,0.0,14,100760.0,9999999
59287,0,2312,19.2,13.45,60.0,60.0,15.99,287.8,2.0,7,100760.0,9999999
59287,0,2313,19.6,13.71,100.0,100.0,15.99,283.64,2.0,13,100760.0,9999999
59287,0,2314,20.0,13.97,137.0,137.0,15.99,282.87,2.0,16,100760.0,9999999
59287,0,2315,20.3,14.24,165.0,165.0,15.99,282.28,2.0,3,100760.0,9999999
59287,0,2316,20.7,14.6,180.0,180.0,15.99,286.87,2.0,5,100760.0,9999999
59287,0,2317,21.1,14.97,179.0,179.0,15.99,290.18,2.0,11,100760.0,9999999
59287,0,2318,21.7,15.35,163.0,163.0,15.99,290.72,2.0,9,100760.0,9999999
59287,0,2319,22.3,15.84,133.0,133.0,15.99,285.55,2.0,16,100760.0,9999999
59287,0,2320,22.9,16.24,95.0,95.0,15.99,288.54,2.0,9,100760.0,9999999
59287,0,2321,23.1,16.34,56.0,56.0,15.99,284.03,2.0,3,100760.0,9999999
59287,0,2322,23.0,16.04,19.0,19.0,15.99,290.72,2.0,9,100760.0,9999999
59287,0,2323,22.7,15.64,0.0,0.0,15.99,284.99,2.0,4,100760.0,9999999
59287,0,2324,22.4,15.35,0.0,0.0,15.99,287.24,2.0,7,100760.0,9999999
59287,0,2325,22.1,15.06,0.0,0.0,15.99,282.87,2.0,14,100760.0,9999999
59287,0,2326,21.8,14.97,0.0,0.0,15.99,285.55,2.0,5,100760.0,9999999
59287,0,2327,21.6,14.88,0.0,0.0,15.99,287.06,2.0,7,100760.0,9999999
59287,0,2328,21.4,14.78,0.0,0.0,15.99,284.99,2.0,11,100680.0,9999999
59287,0,2329,21.2,14.78,0.0,0.0,15.99,286.68,2.0,15,100680.0,9999999
59287,0,2330,21.0,14.69,0.0,0.0,15.99,285.18,2.0,7,100680.0,9999999
59287,0,2331,20.8,14.69,0.0,0.0,15.99,287.06,2.0,12,100680.0,9999999
59287,0,2332,20.7,14.6,0.0,0.0,15.99,289.63,2.0,10,100680.0,9999999
59287,0,2333,20.6,14.51,0.0,0.0,15.99,285.93,2.0,1,100680.0,9999999
59287,0,2334,20.6,14.51,0.0,0.0,15.99,283.64,2.0,15,100680.0,9999999
59287,0,2335,20.8,14.69,1.0,1.0,15.99,289.81,2.0,10,100680.0,9999999
59287,0,2336,21.2,15.06,2.0,2.0,15.99,281.89,1.0,5,100680.0,9999999
59287,0,2337,21.5,15.35,3.0,3.0,15.99,289.09,1.0,4,100680.0,9999999
59287,0,2338,21.8,15.54,3.0,3.0,15.99,286.12,1.0,16,100680.0,9999999
59287,0,2339,22.0,15.74,4.0,4.0,15.99,284.22,1.0,9,100680.0,9999999
59287,0,2340,22.3,16.04,5.0,5.0,15.99,288.9,1.0,16,100680.0,9999999
59287,0,2341,22.7,16.54,5.0,5.0,15.99,283.64,1.0,8,100680.0,9999999
59287,0,2342,23.3,17.17,4.0,4.0,15.99,289.99,2.0,7,100680.0,9999999
59287,0,2343,23.8,17.82,3.0,3.0,15.99,293.37,2.0,10,100680.0,9999999
59287,0,2344,23.7,17.82,2.0,2.0,15.99,286.31,2.0,12,100680.0,9999999
59287,0,2345,23.5,17.71,1.0,1.0,15.99,293.02,2.0,1,100680.0,9999999
59287,0,2346,23.3,17.49,1.0,1.0,15.99,284.41,2.0,2,100680.0,9999999
59287,0,2347,23.0,17.28,0.0,0.0,15.99,287.24,2.0,14,100680.0,9999999
59287,0,2348,22.7,17.06,0.0,0.0,15.99,287.43,0.0,0,100680.0,9999999
59287,0,2349,22.5,16.85,0.0,0.0,15.99,287.8,0.0,7,100680.0,9999999
59287,0,2350,22.4,16.75,0.0,0.0,15.99,287.62,0.0,7,100680.0,9999999
59287,0,2351,22.2,16.54,0.0,0.0,15.99,286.87,0.0,13,100680.0,9999999
59287,0,2352,22.1,16.54,0.0,0.0,15.99,287.99,0.0,12,100710.0,9999999
59287,0,2353,22.1,16.44,0.0,0.0,15.99,289.81,0.0,5,100710.0,9999999
59287,0,2354,22.0,16.54,0.0,0.0,15.99,283.06,2.0,6,100710.0,9999999
59287,0,2355,21.9,16.44,0.0,0.0,15.99,285.18,2.0,3,100710.0,9999999
59287,0,2356,21.8,16.44,0.0,0.0,15.99,285.93,2.0,8,100710.0,9999999
59287,0,2357,21.7,16.54,0.0,0.0,15.99,287.62,2.0,5,100710.0,9999999
59287,0,2358,21.7,16.34,0.0,0.0,15.99,291.07,2.0,8,100710.0,9999999
59287,0,2359,21.8,16.54,31.0,31.0,15.99,285.18,2.0,2,100710.0,9999999
59287,0,2360,22.2,16.85,79.0,79.0,15.99,287.99,0.0,0,100710.0,9999999
59287,0,2361,22.8,16.96,130.0,130.0,15.99,292.14,0.0,0,100710.0,9999999
59287,0,2362,23.5,16.85,178.0,178.0,15.99,291.25,0.0,5,100710.0,9999999
59287,0,2363,24.2,16.75,215.0,215.0,15.99,285.18,0.0,12,100710.0,9999999
59287,0,2364,25.0,16.65,234.0,234.0,15.99,285.93,0.0,9,100710.0,9999999
59287,0,2365,25.6,16.54,233.0,233.0,15.99,290.72,0.0,7,100710.0,9999999
59287,0,2366,26.1,16.65,211.0,211.0,15.99,287.06,2.0,6,100710.0,9999999
59287,0,2367,26.3,16.75,173.0,173.0,15.99,295.61,2.0,14,100710.0,9999999
59287,0,2368,26.1,16.85,125.0,125.0,15.99,290.72,2.0,11,100710.0,9999999
59287,0,2369,25.5,16.75,73.0,73.0,15.99,289.99,2.0,6,100710.0,9999999
59287,0,2370,24.7,16.65,26.0,26.0,15.99,290.54,2.0,16,100710.0,9999999
59287,0,2371,24.0,16.65,0.0,0.0,15.99,286.31,2.0,7,100710.0,9999999
59287,0,2372,23.6,16.75,0.0,0.0,15.99,286.87,2.0,6,100710.0,9999999
59287,0,2373,23.4,16.96,0.0,0.0,15.99,287.99,2.0,11,100710.0,9999999
59287,0,2374,22.9,16.75,0.0,0.0,15.99,286.31,2.0,14,100710.0,9999999
59287,0,2375,22.1,16.14,0.0,0.0,15.99,288.72,2.0,9,100710.0,9999999
59287,0,2376,21.2,15.45,0.0,0.0,15.99,285.74,2.0,1,101060.0,9999999
59287,0,2377,20.6,14.88,0.0,0.0,15.99,287.99,2.0,8,101060.0,9999999
59287,0,2378,20.3,14.69,0.0,0.0,15.99,284.6,5.0,2,101060.0,9999999
59287,0,2379,20.1,14.51,0.0,0.0,15.99,285.55,5.0,5,101060.0,9999999
59287,0,2380,19.6,14.15,0.0,0.0,15.99,286.87,5.0,8,101060.0,9999999
59287,0,2381,19.2,13.79,0.0,0.0,15.99,282.67,5.0,13,101060.0,9999999
59287,0,2382,19.1,13.79,0.0,0.0,15.99,286.31,5.0,13,101060.0,9999999
59287,0,2383,19.5,14.06,15.0,15.0,15.99,284.79,5.0,9,101060.0,9999999
59287,0,2384,20.2,14.6,38.0,38.0,15.99,286.5,2.0,6,101060.0,9999999
59287,0,2385,20.7,14.97,62.0,62.0,15.99,285.55,2.0,14,101060.0,9999999
59287,0,2386,21.1,15.06,85.0,85.0,15.99,284.99,2.0,9,101060.0,9999999
59287,0,2387,21.4,15.06,103.0,103.0,15.99,286.87,2.0,7,101060.0,9999999
59287,0,2388,21.5,14.97,112.0,112.0,15.99,285.18,2.0,10,101060.0,9999999
59287,0,2389,21.5,14.78,112.0,112.0,15.99,287.8,2.0,10,101060.0,9999999
59287,0,2390,21.4,14.6,101.0,101.0,15.99,287.62,2.0,7,101060.0,9999999
59287,0,2391,21.3,14.42,83.0,83.0,15.99,285.37,2.0,16,101060.0,9999999
59287,0,2392,21.1,14.33,60.0,60.0,15.99,284.03,2.0,1,101060.0,9999999
59287,0,2393,21.0,14.15,35.0,35.0,15.99,287.06,2.0,16,101060.0,9999999
59287,0,2394,20.8,14.06,13.0,13.0,15.99,285.37,2.0,5,101060.0,9999999
59287,0,2395,20.6,13.97,0.0,0.0,15.99,284.22,2.0,9,101060.0,9999999
59287,0,2396,20.5,13.97,0.0,0.0,15.99,289.27,2.0,15,101060.0,9999999
59287,0,2397,20.4,13.88,0.0,0.0,15.99,289.09,2.0,9,101060.0,9999999
59287,0,2398,20.4,13.79,0.0,0.0,15.99,283.84,2.0,11,101060.0,9999999
59287,0,2399,20.3,13.79,0.0,0.0,15.99,285.55,2.0,10,101060.0,9999999
59287,0,2400,20.3,13.71,0.0,0.0,15.99,284.22,2.0,1,101200.0,9999999
59287,0,2401,20.2,13.53,0.0,0.0,15.99,284.22,2.0,2,101200.0,9999999
59287,0,2402,20.0,13.36,0.0,0.0,15.99,281.69,2.0,16,101200.0,9999999
59287,0,2403,19.8,13.11,0.0,0.0,15.99,284.22,2.0,15,101200.0,9999999
59287,0,2404,19.5,12.86,0.0,0.0,15.99,282.08,2.0,2,101200.0,9999999
59287,0,2405,19.3,12.62,0.0,0.0,15.99,284.99,2.0,7,101200.0,9999999
59287,0,2406,19.2,12.38,0.0,0.0,15.99,280.7,2.0,2,101200.0,9999999
59287,0,2407,19.5,12.38,149.0,97.0,15.99,280.9,2.0,12,101200.0,9999999
59287,0,2408,20.1,12.38,374.0,242.0,15.99,283.25,1.0,2,101200.0,9999999
59287,0,2409,20.8,12.3,616.0,398.0,15.99,287.43,1.0,1,101200.0,9999999
59287,0,2410,21.4,12.07,247.0,247.0,15.99,283.64,1.0,16,101200.0,9999999
59287,0,2411,22.2,11.83,297.0,297.0,15.99,285.55,1.0,8,101200.0,9999999
59287,0,2412,23.0,11.61,324.0,324.0,15.99,285.74,1.0,12,101200.0,9999999
59287,0,2413,23.9,11.61,322.0,322.0,15.99,291.96,1.0,8,101200.0,9999999
59287,0,2414,24.9,11.99,293.0,293.0,15.99,288.35,1.0,2,101200.0,9999999
59287,0,2415,26.0,12.78,240.0,240.0,15.99,289.63,1.0,2,101200.0,9999999
59287,0,2416,26.5,13.53,589.0,381.0,15.99,290.36,1.0,1,101200.0,9999999
59287,0,2417,26.0,13.62,102.0,102.0,15.99,287.62,1.0,10,101200.0,9999999
59287,0,2418,24.7,13.36,37.0,37.0,15.99,287.99,1.0,8,101200.0,9999999
59287,0,2419,23.1,12.78,0.0,0.0,15.99,286.87,1.0,11,101200.0,9999999
59287,0,2420,21.7,12.38,0.0,0.0,15.99,289.99,1.0,1,101200.0,9999999
59287,0,2421,20.7,12.14,0.0,0.0,15.99,284.79,1.0,12,101200.0,9999999
59287,0,2422,20.2,12.22,0.0,0.0,15.99,284.99,1.0,2,101200.0,9999999
59287,0,2423,20.0,12.38,0.0,0.0,15.99,282.28,1.0,6,101200.0,9999999
59287,0,2424,19.8,12.54,0.0,0.0,15.99,285.55,1.0,12,100990.0,9999999
59287,0,2425,19.7,12.54,0.0,0.0,15.99,282.87,1.0,11,100990.0,9999999
59287,0,2426,19.5,12.38,0.0,0.0,15.99,283.25,1.0,2,100990.0,9999999
59287,0,2427,19.0,11.91,0.0,0.0,15.99,283.84,1.0,1,100990.0,9999999
59287,0,2428,18.5,11.24,0.0,0.0,15.99,286.5,1.0,7,100990.0,9999999
59287,0,2429,18.0,10.67,0.0,0.0,15.99,281.69,1.0,7,100990.0,9999999
59287,0,2430,17.8,10.19,0.0,0.0,15.99,285.55,1.0,2,100990.0,9999999
59287,0,2431,18.8,10.53,99.0,60.0,15.99,283.06,1.0,12,100990.0,9999999
59287,0,2432,20.6,11.39,113.0,113.0,15.99,283.45,3.0,7,100990.0,9999999
59287,0,2433,21.8,11.83,405.0,245.0,15.99,285.18,3.0,11,100990.0,9999999
59287,0,2434,22.4,11.91,254.0,254.0,15.99,283.64,3.0,13,100990.0,9999999
59287,0,2435,22.6,11.76,664.0,402.0,15.99,283.84,3.0,3,100990.0,9999999
59287,0,2436,22.8,11.68,333.0,333.0,15.99,290.89,3.0,12,100990.0,9999999
59287,0,2437,23.4,11.99,331.0,331.0,15.99,285.55,3.0,14,100990.0,9999999
59287,0,2438,24.7,12.86,654.0,396.0,15.99,290.36,3.0,9,100990.0,9999999
59287,0,2439,26.0,13.88,536.0,325.0,15.99,293.02,3.0,5,100990.0,9999999
59287,0,2440,25.8,13.88,387.0,234.0,15.99,292.85,3.0,2,100990.0,9999999
59287,0,2441,25.3,13.71,106.0,106.0,15.99,289.63,3.0,6,100990.0,9999999
59287,0,2442,24.5,13.45,84.0,51.0,15.99,288.9,3.0,8,100990.0,9999999
59287,0,2443,23.8,13.19,0.0,0.0,15.99,287.62,3.0,15,100990.0,9999999
59287,0,2444,23.0,13.03,0.0,0.0,15.99,285.55,2.0,8,100990.0,9999999
59287,0,2445,22.4,13.03,0.0,0.0,15.99,284.99,2.0,6,100990.0,9999999
59287,0,2446,21.9,13.11,0.0,0.0,15.99,285.18,2.0,7,100990.0,9999999
59287,0,2447,21.5,13.36,0.0,0.0,15.99,286.68,2.0,7,100990.0,9999999
59287,0,2448,21.2,13.53,0.0,0.0,15.99,287.24,2.0,10,100780.0,9999999
59287,0,2449,21.0,13.79,0.0,0.0,15.99,283.64,2.0,10,100780.0,9999999
59287,0,2450,20.7,13.97,0.0,0.0,15.99,285.37,3.0,8,100780.0,9999999
59287,0,2451,20.4,14.06,0.0,0.0,15.99,283.25,3.0,15,100780.0,9999999
59287,0,2452,20.2,14.06,0.0,0.0,15.99,287.43,3.0,7,100780.0,9999999
59287,0,2453,20.0,14.06,0.0,0.0,15.99,284.6,3.0,6,100780.0,9999999
59287,0,2454,19.9,14.06,0.0,0.0,15.99,280.5,3.0,3,100780.0,9999999
59287,0,2455,20.1,14.15,31.0,31.0,15.99,287.24,3.0,12,100780.0,9999999
59287,0,2456,20.5,14.24,76.0,76.0,15.99,285.18,2.0,7,100780.0,9999999
59287,0,2457,21.0,14.33,124.0,124.0,15.99,286.31,2.0,5,100780.0,9999999
59287,0,2458,21.5,14.33,168.0,168.0,15.99,284.99,2.0,11,100780.0,9999999
59287,0,2459,22.0,14.33,203.0,203.0,15.99,282.67,2.0,12,100780.0,9999999
59287,0,2460,22.6,14.42,221.0,221.0,15.99,287.99,2.0,5,100780.0,9999999
59287,0,2461,23.3,14.6,220.0,220.0,15.99,283.84,2.0,2,100780.0,9999999
59287,0,2462,24.0,15.16,200.0,200.0,15.99,287.62,2.0,7,100780.0,9999999
59287,0,2463,24.5,15.94,164.0,164.0,15.99,288.9,2.0,5,100780.0,9999999
59287,0,2464,24.3,16.14,118.0,118.0,15.99,285.18,2.0,5,100780.0,9999999
59287,0,2465,23.7,16.14,70.0,70.0,15.99,291.43,2.0,9,100780.0,9999999
59287,0,2466,22.9,16.04,26.0,26.0,15.99,285.18,2.0,4,100780.0,9999999
59287,0,2467,22.1,15.74,0.0,0.0,15.99,287.06,2.0,6,100780.0,9999999
59287,0,2468,21.3,15.45,0.0,0.0,15.99,288.9,1.0,8,100780.0,9999999
59287,0,2469,20.8,15.16,0.0,0.0,15.99,282.87,1.0,13,100780.0,9999999
59287,0,2470,20.4,14.97,0.0,0.0,15.99,284.22,1.0,7,100780.0,9999999
59287,0,2471,20.2,14.78,0.0,0.0,15.99,284.99,1.0,7,100780.0,9999999
59287,0,2472,20.1,14.6,0.0,0.0,15.99,287.43,1.0,1,100760.0,9999999
59287,0,2473,20.0,14.6,0.0,0.0,15.99,283.06,1.0,13,100760.0,9999999
59287,0,2474,20.0,14.6,0.0,0.0,15.99,282.08,2.0,16,100760.0,9999999
59287,0,2475,19.9,14.51,0.0,0.0,15.99,281.89,2.0,8,100760.0,9999999
59287,0,2476,19.9,14.6,0.0,0.0,15.99,281.89,2.0,9,100760.0,9999999
59287,0,2477,19.8,14.69,0.0,0.0,15.99,284.6,2.0,11,100760.0,9999999
59287,0,2478,19.8,14.51,0.0,0.0,15.99,281.89,2.0,7,100760.0,9999999
59287,0,2479,20.1,14.88,49.0,49.0,15.99,284.99,2.0,8,100760.0,9999999
59287,0,2480,21.1,15.64,120.0,120.0,15.99,290.18,0.0,0,100760.0,9999999
59287,0,2481,22.5,16.34,196.0,196.0,15.99,284.79,0.0,1,100760.0,9999999
59287,0,2482,24.2,17.17,267.0,267.0,15.99,286.68,0.0,15,100760.0,9999999
59287,0,2483,25.7,17.71,321.0,321.0,15.99,292.49,0.0,7,100760.0,9999999
59287,0,2484,26.9,17.82,349.0,349.0,15.99,287.99,0.0,6,100760.0,9999999
59287,0,2485,27.3,17.49,348.0,348.0,15.99,289.63,0.0,3,100760.0,9999999
59287,0,2486,26.7,16.54,316.0,316.0,15.99,290.54,1.0,7,100760.0,9999999
59287,0,2487,25.6,15.74,260.0,260.0,15.99,291.25,1.0,10,100760.0,9999999
59287,0,2488,24.4,15.25,188.0,188.0,15.99,285.18,1.0,15,100760.0,9999999
59287,0,2489,23.2,14.97,112.0,112.0,15.99,287.99,1.0,3,100760.0,9999999
59287,0,2490,22.0,14.78,42.0,42.0,15.99,288.35,1.0,3,100760.0,9999999
59287,0,2491,21.0,14.6,0.0,0.0,15.99,288.35,1.0,15,100760.0,9999999
59287,0,2492,20.3,14.51,0.0,0.0,15.99,284.03,2.0,10,100760.0,9999999
59287,0,2493,19.9,14.51,0.0,0.0,15.99,286.12,2.0,6,100760.0,9999999
59287,0,2494,19.8,14.51,0.0,0.0,15.99,280.5,2.0,1,100760.0,9999999
59287,0,2495,19.8,14.6,0.0,0.0,15.99,284.6,2.0,14,100760.0,9999999
59287,0,2496,20.0,14.69,0.0,0.0,15.99,285.37,2.0,4,100730.0,9999999
59287,0,2497,20.1,14.69,0.0,0.0,15.99,283.06,2.0,15,100730.0,9999999
59287,0,2498,20.2,14.78,0.0,0.0,15.99,286.5,0.0,0,100730.0,9999999
59287,0,2499,20.1,14.78,0.0,0.0,15.99,283.06,0.0,10,100730.0,9999999
59287,0,2500,20.0,14.69,0.0,0.0,15.99,284.79,0.0,3,100730.0,9999999
59287,0,2501,19.8,14.69,0.0,0.0,15.99,285.18,0.0,15,100730.0,9999999
59287,0,2502,19.7,14.6,0.0,0.0,15.99,280.5,0.0,7,100730.0,9999999
59287,0,2503,20.2,14.88,138.0,41.0,15.99,284.99,0.0,7,100730.0,9999999
59287,0,2504,21.2,15.35,197.0,197.0,15.99,283.45,2.0,15,100730.0,9999999
59287,0,2505,22.4,15.74,321.0,321.0,15.99,287.43,2.0,15,100730.0,9999999
59287,0,2506,23.5,15.84,437.0,437.0,15.99,284.41,2.0,2,100730.0,9999999
59287,0,2507,24.8,15.74,525.0,525.0,15.99,287.8,2.0,7,100730.0,9999999
59287,0,2508,26.0,15.54,973.0,287.0,15.99,290.72,2.0,2,100730.0,9999999
59287,0,2509,27.2,15.35,569.0,569.0,15.99,287.8,2.0,10,100730.0,9999999
59287,0,2510,28.4,15.54,517.0,517.0,15.99,291.96,2.0,15,100730.0,9999999
59287,0,2511,29.2,15.84,723.0,214.0,15.99,289.81,2.0,9,100730.0,9999999
59287,0,2512,28.9,15.54,308.0,308.0,15.99,296.3,2.0,2,100730.0,9999999
59287,0,2513,28.1,15.25,313.0,92.0,15.99,297.14,2.0,6,100730.0,9999999
59287,0,2514,27.1,14.97,232.0,46.0,15.99,291.25,2.0,3,100730.0,9999999
59287,0,2515,26.0,14.78,0.0,0.0,15.99,287.8,2.0,9,100730.0,9999999
59287,0,2516,25.0,14.69,0.0,0.0,15.99,287.8,1.0,2,100730.0,9999999
59287,0,2517,24.3,14.88,0.0,0.0,15.99,293.2,1.0,11,100730.0,9999999
59287,0,2518,23.8,15.06,0.0,0.0,15.99,284.41,1.0,15,100730.0,9999999
59287,0,2519,23.5,15.45,0.0,0.0,15.99,288.35,1.0,3,100730.0,9999999
59287,0,2520,23.2,15.74,0.0,0.0,15.99,292.32,1.0,8,100880.0,9999999
59287,0,2521,22.9,16.04,0.0,0.0,15.99,286.87,1.0,3,100880.0,9999999
59287,0,2522,22.6,16.04,0.0,0.0,15.99,291.79,1.0,2,100880.0,9999999
59287,0,2523,22.1,15.84,0.0,0.0,15.99,287.24,1.0,6,100880.0,9999999
59287,0,2524,21.6,15.54,0.0,0.0,15.99,284.79,1.0,6,100880.0,9999999
59287,0,2525,21.3,15.16,0.0,0.0,15.99,286.12,1.0,2,100880.0,9999999
59287,0,2526,21.1,14.88,0.0,0.0,15.99,283.25,1.0,10,100880.0,9999999
59287,0,2527,21.3,14.78,67.0,45.0,15.99,286.12,1.0,10,100880.0,9999999
59287,0,2528,21.8,14.78,88.0,88.0,15.99,287.99,1.0,7,100880.0,9999999
59287,0,2529,22.5,14.78,262.0,179.0,15.99,286.12,1.0,6,100880.0,9999999
59287,0,2530,23.3,14.78,356.0,242.0,15.99,288.72,1.0,11,100880.0,9999999
59287,0,2531,24.2,14.69,427.0,291.0,15.99,287.06,1.0,2,100880.0,9999999
59287,0,2532,25.0,14.69,465.0,317.0,15.99,288.54,1.0,14,100880.0,9999999
59287,0,2533,25.6,14.6,463.0,315.0,15.99,289.63,1.0,8,100880.0,9999999
59287,0,2534,26.0,14.51,421.0,287.0,15.99,292.14,2.0,5,100880.0,9999999
59287,0,2535,26.1,14.6,346.0,236.0,15.99,292.14,2.0,10,100880.0,9999999
59287,0,2536,25.9,14.78,251.0,171.0,15.99,291.25,2.0,4,100880.0,9999999
59287,0,2537,25.4,14.88,82.0,82.0,15.99,285.93,2.0,11,100880.0,9999999
59287,0,2538,24.8,14.88,57.0,39.0,15.99,292.14,2.0,9,100880.0,9999999
59287,0,2539,24.1,14.78,0.0,0.0,15.99,285.93,2.0,11,100880.0,9999999
59287,0,2540,23.4,14.69,0.0,0.0,15.99,292.32,4.0,9,100880.0,9999999
59287,0,2541,22.9,14.51,0.0,0.0,15.99,288.17,4.0,10,100880.0,9999999
59287,0,2542,22.5,14.33,0.0,0.0,15.99,288.54,4.0,3,100880.0,9999999
59287,0,2543,22.2,14.15,0.0,0.0,15.99,290.89,4.0,9,100880.0,9999999
59287,0,2544,22.0,13.97,0.0,0.0,15.99,283.84,4.0,12,100890.0,9999999
59287,0,2545,21.8,13.71,0.0,0.0,15.99,287.8,4.0,8,100890.0,9999999
59287,0,2546,21.6,13.45,0.0,0.0,15.99,283.25,0.0,0,100890.0,9999999
59287,0,2547,21.4,13.11,0.0,0.0,15.99,284.6,0.0,1,100890.0,9999999
59287,0,2548,21.2,12.86,0.0,0.0,15.99,282.67,0.0,3,100890.0,9999999
59287,0,2549,21.1,12.62,0.0,0.0,15.99,285.37,0.0,11,100890.0,9999999
59287,0,2550,21.0,12.38,0.0,0.0,15.99,285.74,0.0,6,100890.0,9999999
59287,0,2551,21.2,12.46,33.0,33.0,15.99,285.93,0.0,2,100890.0,9999999
59287,0,2552,21.6,12.62,80.0,80.0,15.99,288.35,3.0,6,100890.0,9999999
59287,0,2553,22.0,12.78,129.0,129.0,15.99,284.41,3.0,6,100890.0,9999999
59287,0,2554,22.4,13.03,175.0,175.0,15.99,289.27,3.0,2,100890.0,9999999
59287,0,2555,22.8,13.28,210.0,210.0,15.99,287.8,3.0,11,100890.0,9999999
59287,0,2556,23.2,13.71,229.0,229.0,15.99,285.74,3.0,10,100890.0,9999999
59287,0,2557,23.6,14.24,228.0,228.0,15.99,287.06,3.0,1,100890.0,9999999
59287,0,2558,24.2,14.97,207.0,207.0,15.99,287.8,2.0,7,100890.0,9999999
59287,0,2559,24.8,15.94,170.0,170.0,15.99,291.25,2.0,16,100890.0,9999999
59287,0,2560,25.1,16.85,124.0,124.0,15.99,286.12,2.0,13,100890.0,9999999
59287,0,2561,24.8,17.06,74.0,74.0,15.99,292.67,2.0,4,100890.0,9999999
59287,0,2562,24.1,16.85,28.0,28.0,15.99,288.72,2.0,15,100890.0,9999999
59287,0,2563,23.1,16.44,0.0,0.0,15.99,288.9,2.0,2,100890.0,9999999
59287,0,2564,22.3,15.94,0.0,0.0,15.99,283.25,2.0,10,100890.0,9999999
59287,0,2565,21.7,15.64,0.0,0.0,15.99,290.89,2.0,3,100890.0,9999999
59287,0,2566,21.5,15.45,0.0,0.0,15.99,288.9,2.0,1,100890.0,9999999
59287,0,2567,21.4,15.35,0.0,0.0,15.99,282.08,2.0,10,100890.0,9999999
59287,0,2568,21.4,15.35,0.0,0.0,15.99,285.18,2.0,9,100900.0,9999999
59287,0,2569,21.5,15.35,0.0,0.0,15.99,288.9,2.0,2,100900.0,9999999
59287,0,2570,21.5,15.35,0.0,0.0,15.99,285.37,2.0,6,100900.0,9999999
59287,0,2571,21.5,15.35,0.0,0.0,15.99,283.64,2.0,8,100900.0,9999999
59287,0,2572,21.4,15.25,0.0,0.0,15.99,287.8,2.0,11,100900.0,9999999
59287,0,2573,21.3,15.25,0.0,0.0,15.99,288.9,2.0,9,100900.0,9999999
59287,0,2574,21.3,15.16,0.0,0.0,15.99,290.36,2.0,6,100900.0,9999999
59287,0,2575,21.6,15.25,66.0,48.0,15.99,283.64,2.0,4,100900.0,9999999
59287,0,2576,22.1,15.54,80.0,80.0,15.99,291.25,2.0,5,100900.0,9999999
59287,0,2577,22.6,15.64,255.0,185.0,15.99,285.74,2.0,2,100900.0,9999999
59287,0,2578,23.0,15.64,346.0,250.0,15.99,286.87,2.0,14,100900.0,9999999
59287,0,2579,23.4,15.54,415.0,301.0,15.99,286.5,2.0,11,100900.0,9999999
59287,0,2580,23.9,15.54,230.0,230.0,15.99,285.93,2.0,10,100900.0,9999999
59287,0,2581,24.5,15.84,449.0,326.0,15.99,289.45,2.0,12,100900.0,9999999
59287,0,2582,25.5,16.65,409.0,296.0,15.99,288.72,4.0,16,100900.0,9999999
59287,0,2583,26.6,17.93,171.0,171.0,15.99,292.67,4.0,12,100900.0,9999999
59287,0,2584,27.2,18.95,244.0,177.0,15.99,291.61,4.0,10,100900.0,9999999
59287,0,2585,26.7,18.95,147.0,106.0,15.99,293.72,4.0,10,100900.0,9999999
59287,0,2586,25.6,18.26,57.0,41.0,15.99,288.17,4.0,16,100900.0,9999999
59287,0,2587,24.2,17.28,0.0,0.0,15.99,288.9,4.0,3,100900.0,9999999
59287,0,2588,23.0,16.44,0.0,0.0,15.99,288.72,0.0,0,100900.0,9999999
59287,0,2589,22.2,16.04,0.0,0.0,15.99,287.99,0.0,4,100900.0,9999999
59287,0,2590,21.9,15.84,0.0,0.0,15.99,286.87,0.0,9,100900.0,9999999
59287,0,2591,21.8,15.94,0.0,0.0,15.99,285.74,0.0,11,100900.0,9999999
59287,0,2592,22.0,16.14,0.0,0.0,15.99,289.63,0.0,2,100940.0,9999999
59287,0,2593,22.1,16.34,0.0,0.0,15.99,285.37,0.0,2,100940.0,9999999
59287,0,2594,22.2,16.34,0.0,0.0,15.99,286.87,1.0,5,100940.0,9999999
59287,0,2595,22.1,16.24,0.0,0.0,15.99,291.43,1.0,4,100940.0,9999999
59287,0,2596,21.9,15.94,0.0,0.0,15.99,285.74,1.0,12,100940.0,9999999
59287,0,2597,21.7,15.64,0.0,0.0,15.99,288.17,1.0,3,100940.0,9999999
59287,0,2598,21.6,15.54,0.0,0.0,15.99,283.84,1.0,3,100940.0,9999999
59287,0,2599,21.7,15.54,40.0,40.0,15.99,286.68,1.0,2,100940.0,9999999
59287,0,2600,22.0,15.64,95.0,95.0,15.99,282.87,1.0,7,100940.0,9999999
59287,0,2601,22.3,15.74,154.0,154.0,15.99,287.24,1.0,10,100940.0,9999999
59287,0,2602,22.6,15.94,208.0,208.0,15.99,291.79,1.0,3,100940.0,9999999
59287,0,2603,23.0,16.14,250.0,250.0,15.99,286.87,1.0,7,100940.0,9999999
59287,0,2604,23.5,16.54,272.0,272.0,15.99,289.99,1.0,6,100940.0,9999999
59287,0,2605,24.2,17.17,270.0,270.0,15.99,290.89,1.0,11,100940.0,9999999
59287,0,2606,25.1,18.15,246.0,246.0,15.99,290.54,3.0,9,100940.0,9999999
59287,0,2607,26.2,19.42,203.0,203.0,15.99,289.99,3.0,9,100940.0,9999999
59287,0,2608,27.3,20.78,147.0,147.0,15.99,294.59,3.0,6,100940.0,9999999
59287,0,2609,27.7,21.42,89.0,89.0,15.99,294.24,3.0,5,100940.0,9999999
59287,0,2610,27.0,20.65,35.0,35.0,15.99,294.24,3.0,11,100940.0,9999999
59287,0,2611,25.3,18.72,0.0,0.0,15.99,287.99,3.0,5,100940.0,9999999
59287,0,2612,23.6,16.85,0.0,0.0,15.99,287.06,2.0,6,100940.0,9999999
59287,0,2613,22.4,15.74,0.0,0.0,15.99,287.99,2.0,15,100940.0,9999999
59287,0,2614,21.8,15.06,0.0,0.0,15.99,283.84,2.0,14,100940.0,9999999
59287,0,2615,21.5,14.88,0.0,0.0,15.99,290.54,2.0,2,100940.0,9999999
59287,0,2616,21.6,14.88,0.0,0.0,15.99,286.31,2.0,7,100880.0,9999999
59287,0,2617,21.7,14.97,0.0,0.0,15.99,287.24,2.0,7,100880.0,9999999
59287,0,2618,21.8,15.16,0.0,0.0,15.99,284.79,3.0,6,100880.0,9999999
59287,0,2619,21.8,15.16,0.0,0.0,15.99,285.55,3.0,16,100880.0,9999999
59287,0,2620,21.6,15.16,0.0,0.0,15.99,282.48,3.0,4,100880.0,9999999
59287,0,2621,21.5,15.16,0.0,0.0,15.99,287.8,3.0,2,100880.0,9999999
59287,0,2622,21.4,15.16,0.0,0.0,15.99,286.31,3.0,16,100880.0,9999999
59287,0,2623,21.5,15.16,49.0,49.0,15.99,287.06,3.0,14,100880.0,9999999
59287,0,2624,21.8,15.25,115.0,115.0,15.99,282.67,2.0,6,100880.0,9999999
59287,0,2625,22.3,15.35,185.0,185.0,15.99,287.24,2.0,11,100880.0,9999999
59287,0,2626,22.9,15.45,250.0,250.0,15.99,291.96,2.0,10,100880.0,9999999
59287,0,2627,23.5,15.54,300.0,300.0,15.99,288.35,2.0,8,100880.0,9999999
59287,0,2628,24.2,15.64,326.0,326.0,15.99,291.79,2.0,9,100880.0,9999999
59287,0,2629,24.9,15.84,325.0,325.0,15.99,288.72,2.0,8,100880.0,9999999
59287,0,2630,25.6,16.14,296.0,296.0,15.99,290.54,2.0,8,100880.0,9999999
59287,0,2631,26.0,16.44,244.0,244.0,15.99,291.07,2.0,12,100880.0,9999999
59287,0,2632,25.9,16.44,177.0,177.0,15.99,291.61,2.0,12,100880.0,9999999
59287,0,2633,25.7,16.44,107.0,107.0,15.99,293.37,2.0,10,100880.0,9999999
59287,0,2634,25.3,16.54,42.0,42.0,15.99,291.96,2.0,10,100880.0,9999999
59287,0,2635,25.0,16.54,0.0,0.0,15.99,288.9,2.0,6,100880.0,9999999
59287,0,2636,24.6,16.54,0.0,0.0,15.99,290.36,2.0,8,100880.0,9999999
59287,0,2637,24.3,16.54,0.0,0.0,15.99,288.9,2.0,6,100880.0,9999999
59287,0,2638,24.1,16.54,0.0,0.0,15.99,293.37,2.0,9,100880.0,9999999
59287,0,2639,23.9,16.54,0.0,0.0,15.99,290.54,2.0,11,100880.0,9999999
59287,0,2640,23.7,16.44,0.0,0.0,15.99,289.45,2.0,5,100740.0,9999999
59287,0,2641,23.5,16.44,0.0,0.0,15.99,292.85,2.0,4,100740.0,9999999
59287,0,2642,23.3,16.44,0.0,0.0,15.99,289.81,2.0,8,100740.0,9999999
59287,0,2643,23.1,16.34,0.0,0.0,15.99,285.37,2.0,8,100740.0,9999999
59287,0,2644,22.8,16.34,0.0,0.0,15.99,287.99,2.0,12,100740.0,9999999
59287,0,2645,22.7,16.24,0.0,0.0,15.99,284.99,2.0,15,100740.0,9999999
59287,0,2646,22.6,16.24,0.0,0.0,15.99,288.35,2.0,3,100740.0,9999999
59287,0,2647,22.9,16.44,42.0,42.0,15.99,289.45,2.0,13,100740.0,9999999
59287,0,2648,23.5,16.75,98.0,98.0,15.99,286.87,2.0,5,100740.0,9999999
59287,0,2649,24.1,16.85,158.0,158.0,15.99,285.18,2.0,11,100740.0,9999999
59287,0,2650,24.5,16.75,214.0,214.0,15.99,286.87,2.0,7,100740.0,9999999
59287,0,2651,25.0,16.54,256.0,256.0,15.99,289.63,2.0,15,100740.0,9999999
59287,0,2652,25.5,16.34,278.0,278.0,15.99,292.14,2.0,15,100740.0,9999999
59287,0,2653,26.1,16.34,277.0,277.0,15.99,289.27,2.0,16,100740.0,9999999
59287,0,2654,26.9,16.75,252.0,252.0,15.99,294.59,2.0,10,100740.0,9999999
59287,0,2655,27.5,17.28,208.0,208.0,15.99,292.14,2.0,2,100740.0,9999999
59287,0,2656,27.3,17.28,152.0,152.0,15.99,293.89,2.0,7,100740.0,9999999
59287,0,2657,26.8,17.17,92.0,92.0,15.99,287.8,2.0,12,100740.0,9999999
59287,0,2658,26.1,16.96,36.0,36.0,15.99,289.99,2.0,2,100740.0,9999999
59287,0,2659,25.3,16.75,0.0,0.0,15.99,290.36,2.0,11,100740.0,9999999
59287,0,2660,24.6,16.54,0.0,0.0,15.99,290.36,2.0,5,100740.0,9999999
59287,0,2661,24.1,16.54,0.0,0.0,15.99,289.81,2.0,13,100740.0,9999999
59287,0,2662,23.8,16.54,0.0,0.0,15.99,287.8,2.0,1,100740.0,9999999
59287,0,2663,23.5,16.75,0.0,0.0,15.99,290.18,2.0,10,100740.0,9999999
59287,0,2664,23.4,16.85,0.0,0.0,15.99,287.43,2.0,15,100870.0,9999999
59287,0,2665,23.3,16.96,0.0,0.0,15.99,284.41,2.0,7,100870.0,9999999
59287,0,2666,23.2,17.06,0.0,0.0,15.99,292.67,1.0,15,100870.0,9999999
59287,0,2667,23.0,16.96,0.0,0.0,15.99,286.5,1.0,1,100870.0,9999999
59287,0,2668,22.9,16.85,0.0,0.0,15.99,288.17,1.0,6,100870.0,9999999
59287,0,2669,22.8,16.65,0.0,0.0,15.99,283.84,1.0,2,100870.0,9999999
59287,0,2670,22.7,16.44,0.0,0.0,15.99,291.96,1.0,1,100870.0,9999999
59287,0,2671,22.9,16.34,54.0,54.0,15.99,285.18,1.0,16,100870.0,9999999
59287,0,2672,23.4,16.34,125.0,125.0,15.99,284.41,1.0,16,100870.0,9999999
59287,0,2673,23.8,16.04,201.0,201.0,15.99,287.06,1.0,12,100870.0,9999999
59287,0,2674,24.1,15.54,271.0,271.0,15.99,289.09,1.0,12,100870.0,9999999
59287,0,2675,24.5,15.16,324.0,324.0,15.99,286.5,1.0,7,100870.0,9999999
59287,0,2676,25.1,14.88,353.0,353.0,15.99,290.54,1.0,4,100870.0,9999999
59287,0,2677,26.0,15.06,351.0,351.0,15.99,289.63,1.0,2,100870.0,9999999
59287,0,2678,27.3,15.94,319.0,319.0,15.99,287.99,2.0,8,100870.0,9999999
59287,0,2679,28.4,17.06,264.0,264.0,15.99,291.61,2.0,10,100870.0,9999999
59287,0,2680,28.2,17.17,192.0,192.0,15.99,297.64,2.0,8,100870.0,9999999
59287,0,2681,27.6,17.17,117.0,117.0,15.99,290.89,2.0,6,100870.0,9999999
59287,0,2682,26.8,17.06,47.0,47.0,15.99,291.43,2.0,2,100870.0,9999999
59287,0,2683,26.0,16.85,0.0,0.0,15.99,291.07,2.0,3,100870.0,9999999
59287,0,2684,25.2,16.54,0.0,0.0,15.99,290.89,2.0,6,100870.0,9999999
59287,0,2685,24.6,16.24,0.0,0.0,15.99,288.54,2.0,12,100870.0,9999999
59287,0,2686,24.2,16.04,0.0,0.0,15.99,286.5,2.0,14,100870.0,9999999
59287,0,2687,23.9,15.84,0.0,0.0,15.99,286.12,2.0,6,100870.0,9999999
59287,0,2688,23.6,15.54,0.0,0.0,15.99,284.41,2.0,7,101140.0,9999999
59287,0,2689,23.4,15.25,0.0,0.0,15.99,288.9,2.0,9,101140.0,9999999
59287,0,2690,23.0,15.06,0.0,0.0,15.99,286.68,1.0,9,101140.0,9999999
59287,0,2691,22.5,14.69,0.0,0.0,15.99,285.55,1.0,16,101140.0,9999999
59287,0,2692,22.0,14.42,0.0,0.0,15.99,286.12,1.0,9,101140.0,9999999
59287,0,2693,21.7,14.15,0.0,0.0,15.99,285.18,1.0,7,101140.0,9999999
59287,0,2694,21.5,14.06,0.0,0.0,15.99,285.55,1.0,8,101140.0,9999999
59287,0,2695,21.7,14.06,106.0,62.0,15.99,285.74,1.0,15,101140.0,9999999
59287,0,2696,22.1,14.06,120.0,120.0,15.99,290.89,2.0,5,101140.0,9999999
59287,0,2697,22.6,13.88,193.0,193.0,15.99,288.72,2.0,16,101140.0,9999999
59287,0,2698,23.3,13.62,529.0,308.0,15.99,287.8,2.0,1,101140.0,9999999
59287,0,2699,24.0,13.36,633.0,368.0,15.99,287.8,2.0,3,101140.0,9999999
59287,0,2700,24.9,13.28,689.0,400.0,15.99,289.27,2.0,14,101140.0,9999999
59287,0,2701,26.0,13.53,685.0,398.0,15.99,289.81,2.0,10,101140.0,9999999
59287,0,2702,27.2,14.24,624.0,363.0,15.99,290.54,3.0,7,101140.0,9999999
59287,0,2703,28.1,15.25,253.0,253.0,15.99,296.97,3.0,10,101140.0,9999999
59287,0,2704,27.7,15.54,185.0,185.0,15.99,296.63,3.0,6,101140.0,9999999
59287,0,2705,26.6,15.54,112.0,112.0,15.99,295.61,3.0,11,101140.0,9999999
59287,0,2706,25.4,15.35,45.0,45.0,15.99,285.93,3.0,13,101140.0,9999999
59287,0,2707,24.2,15.16,0.0,0.0,15.99,289.09,3.0,1,101140.0,9999999
59287,0,2708,23.6,15.35,0.0,0.0,15.99,284.41,2.0,11,101140.0,9999999
59287,0,2709,23.6,15.94,0.0,0.0,15.99,289.99,2.0,4,101140.0,9999999
59287,0,2710,23.5,16.24,0.0,0.0,15.99,291.25,2.0,11,101140.0,9999999
59287,0,2711,23.2,16.14,0.0,0.0,15.99,284.22,2.0,1,101140.0,9999999
59287,0,2712,22.8,15.94,0.0,0.0,15.99,288.35,2.0,13,101340.0,9999999
59287,0,2713,22.2,15.45,0.0,0.0,15.99,285.37,2.0,9,101340.0,9999999
59287,0,2714,21.5,14.97,0.0,0.0,15.99,283.64,2.0,13,101340.0,9999999
59287,0,2715,20.8,14.6,0.0,0.0,15.99,289.63,2.0,16,101340.0,9999999
59287,0,2716,20.1,14.24,0.0,0.0,15.99,283.06,2.0,15,101340.0,9999999
59287,0,2717,19.5,13.97,0.0,0.0,15.99,284.22,2.0,8,101340.0,9999999
59287,0,2718,19.0,13.71,0.0,0.0,15.99,287.8,2.0,10,101340.0,9999999
59287,0,2719,18.8,13.53,21.0,21.0,15.99,283.25,2.0,15,101340.0,9999999
59287,0,2720,18.7,13.45,49.0,49.0,15.99,283.25,1.0,6,101340.0,9999999
59287,0,2721,18.9,13.36,78.0,78.0,15.99,280.7,1.0,4,101340.0,9999999
59287,0,2722,19.3,13.36,105.0,105.0,15.99,287.99,1.0,4,101340.0,9999999
59287,0,2723,19.8,13.36,125.0,125.0,15.99,286.87,1.0,6,101340.0,9999999
59287,0,2724,20.2,13.28,136.0,136.0,15.99,287.24,1.0,13,101340.0,9999999
59287,0,2725,20.6,13.11,136.0,136.0,15.99,282.28,1.0,5,101340.0,9999999
59287,0,2726,20.7,12.86,124.0,124.0,15.99,280.9,3.0,16,101340.0,9999999
59287,0,2727,20.5,12.38,102.0,102.0,15.99,282.87,3.0,10,101340.0,9999999
59287,0,2728,19.8,11.76,75.0,75.0,15.99,287.99,3.0,10,101340.0,9999999
59287,0,2729,19.1,11.17,45.0,45.0,15.99,287.06,3.0,14,101340.0,9999999
59287,0,2730,18.5,10.67,18.0,18.0,15.99,281.69,3.0,6,101340.0,9999999
59287,0,2731,18.3,10.4,0.0,0.0,15.99,282.67,3.0,15,101340.0,9999999
59287,0,2732,18.5,10.4,0.0,0.0,15.99,280.3,3.0,2,101340.0,9999999
59287,0,2733,18.7,10.33,0.0,0.0,15.99,281.29,3.0,2,101340.0,9999999
59287,0,2734,18.7,10.06,0.0,0.0,15.99,282.28,3.0,11,101340.0,9999999
59287,0,2735,18.6,9.8,0.0,0.0,15.99,280.9,3.0,5,101340.0,9999999
59287,0,2736,18.4,9.42,0.0,0.0,15.99,277.66,3.0,10,101390.0,9999999
59287,0,2737,18.1,9.17,0.0,0.0,15.99,280.1,3.0,1,101390.0,9999999
59287,0,2738,17.6,8.87,0.0,0.0,15.99,281.29,2.0,2,101390.0,9999999
59287,0,2739,17.0,8.75,0.0,0.0,15.99,280.7,2.0,10,101390.0,9999999
59287,0,2740,16.5,8.7,0.0,0.0,15.99,276.83,2.0,5,101390.0,9999999
59287,0,2741,16.1,8.7,0.0,0.0,15.99,276.41,2.0,10,101390.0,9999999
59287,0,2742,15.9,8.87,0.0,0.0,15.99,279.7,2.0,13,101390.0,9999999
59287,0,2743,16.2,9.17,86.0,57.0,15.99,276.83,2.0,2,101390.0,9999999
59287,0,2744,16.9,9.61,197.0,130.0,15.99,280.9,2.0,2,101390.0,9999999
59287,0,2745,17.8,9.99,159.0,159.0,15.99,285.37,2.0,1,101390.0,9999999
59287,0,2746,18.7,10.19,422.0,278.0,15.99,281.69,2.0,16,101390.0,9999999
59287,0,2747,19.6,10.33,505.0,333.0,15.99,283.84,2.0,6,101390.0,9999999
59287,0,2748,20.6,10.46,549.0,362.0,15.99,281.49,2.0,12,101390.0,9999999
59287,0,2749,21.5,10.6,276.0,276.0,15.99,285.18,2.0,3,101390.0,9999999
59287,0,2750,22.3,10.74,497.0,328.0,15.99,285.37,1.0,9,101390.0,9999999
59287,0,2751,22.8,10.95,411.0,271.0,15.99,287.06,1.0,14,101390.0,9999999
59287,0,2752,22.7,10.88,152.0,152.0,15.99,290.54,1.0,2,101390.0,9999999
59287,0,2753,22.3,10.88,184.0,121.0,15.99,290.18,1.0,11,101390.0,9999999
59287,0,2754,21.9,10.88,38.0,38.0,15.99,282.87,1.0,3,101390.0,9999999
59287,0,2755,21.3,10.95,0.0,0.0,15.99,285.74,1.0,8,101390.0,9999999
59287,0,2756,20.8,11.02,0.0,0.0,15.99,284.03,1.0,2,101390.0,9999999
59287,0,2757,20.3,11.17,0.0,0.0,15.99,281.49,1.0,16,101390.0,9999999
59287,0,2758,19.9,11.31,0.0,0.0,15.99,284.41,1.0,16,101390.0,9999999
59287,0,2759,19.5,11.46,0.0,0.0,15.99,282.48,1.0,3,101390.0,9999999
59287,0,2760,19.2,11.61,0.0,0.0,15.99,280.5,1.0,16,101250.0,9999999
59287,0,2761,18.9,11.68,0.0,0.0,15.99,281.89,1.0,4,101250.0,9999999
59287,0,2762,18.5,11.61,0.0,0.0,15.99,283.06,1.0,1,101250.0,9999999
59287,0,2763,18.1,11.46,0.0,0.0,15.99,278.07,1.0,8,101250.0,9999999
59287,0,2764,17.8,11.24,0.0,0.0,15.99,285.93,1.0,5,101250.0,9999999
59287,0,2765,17.6,11.02,0.0,0.0,15.99,279.7,1.0,2,101250.0,9999999
59287,0,2766,17.5,10.74,0.0,0.0,15.99,279.49,1.0,12,101250.0,9999999
59287,0,2767,18.2,10.81,123.0,72.0,15.99,279.29,1.0,13,101250.0,9999999
59287,0,2768,19.6,11.24,279.0,164.0,15.99,284.03,0.0,0,101250.0,9999999
59287,0,2769,20.9,11.46,444.0,261.0,15.99,282.08,0.0,12,101250.0,9999999
59287,0,2770,22.1,11.39,264.0,264.0,15.99,281.89,0.0,10,101250.0,9999999
59287,0,2771,23.0,11.02,713.0,419.0,15.99,284.03,0.0,6,101250.0,9999999
59287,0,2772,23.9,10.67,343.0,343.0,15.99,286.87,0.0,7,101250.0,9999999
59287,0,2773,24.6,10.46,341.0,341.0,15.99,288.72,0.0,4,101250.0,9999999
59287,0,2774,25.4,10.46,702.0,412.0,15.99,287.8,1.0,13,101250.0,9999999
59287,0,2775,25.9,10.81,257.0,257.0,15.99,292.14,1.0,5,101250.0,9999999
59287,0,2776,25.7,11.09,426.0,250.0,15.99,288.17,1.0,7,101250.0,9999999
59287,0,2777,25.2,11.46,115.0,115.0,15.99,290.54,1.0,12,101250.0,9999999
59287,0,2778,24.5,11.83,107.0,63.0,15.99,289.09,1.0,8,101250.0,9999999
59287,0,2779,23.8,12.22,0.0,0.0,15.99,283.64,1.0,8,101250.0,9999999
59287,0,2780,23.0,12.46,0.0,0.0,15.99,286.68,0.0,0,101250.0,9999999
59287,0,2781,22.3,12.7,0.0,0.0,15.99,287.99,0.0,6,101250.0,9999999
59287,0,2782,21.8,12.86,0.0,0.0,15.99,285.55,0.0,7,101250.0,9999999
59287,0,2783,21.3,13.03,0.0,0.0,15.99,284.6,0.0,10,101250.0,9999999
59287,0,2784,20.9,13.19,0.0,0.0,15.99,281.1,0.0,9,101100.0,9999999
59287,0,2785,20.5,13.19,0.0,0.0,15.99,284.41,0.0,9,101100.0,9999999
59287,0,2786,20.2,13.19,0.0,0.0,15.99,287.24,1.0,10,101100.0,9999999
59287,0,2787,19.9,13.19,0.0,0.0,15.99,283.84,1.0,2,101100.0,9999999
59287,0,2788,19.6,13.11,0.0,0.0,15.99,281.29,1.0,15,101100.0,9999999
59287,0,2789,19.5,12.94,0.0,0.0,15.99,282.67,1.0,1,101100.0,9999999
59287,0,2790,19.4,12.7,0.0,0.0,15.99,286.31,1.0,16,101100.0,9999999
59287,0,2791,20.1,12.94,117.0,54.0,15.99,288.54,1.0,14,101100.0,9999999
59287,0,2792,21.4,13.45,155.0,155.0,15.99,289.99,0.0,0,101100.0,9999999
59287,0,2793,22.5,13.45,247.0,247.0,15.99,284.22,0.0,4,101100.0,9999999
59287,0,2794,23.3,13.11,331.0,331.0,15.99,287.06,0.0,11,101100.0,9999999
59287,0,2795,24.1,12.54,673.0,310.0,15.99,286.5,0.0,13,101100.0,9999999
59287,0,2796,25.1,12.07,1191.0,403.0,15.99,289.09,0.0,16,101100.0,9999999
59287,0,2797,26.5,11.99,727.0,335.0,15.99,293.02,0.0,1,101100.0,9999999
59287,0,2798,28.5,12.62,663.0,305.0,15.99,291.43,1.0,11,101100.0,9999999
59287,0,2799,30.2,13.53,549.0,253.0,15.99,293.89,1.0,3,101100.0,9999999
59287,0,2800,29.8,13.36,236.0,236.0,15.99,294.59,1.0,7,101100.0,9999999
59287,0,2801,28.8,13.11,145.0,145.0,15.99,293.55,1.0,11,101100.0,9999999
59287,0,2802,27.4,12.86,102.0,47.0,15.99,291.07,1.0,10,101100.0,9999999
59287,0,2803,25.9,12.62,0.0,0.0,15.99,289.99,1.0,12,101100.0,9999999
59287,0,2804,24.5,12.46,0.0,0.0,15.99,288.54,2.0,8,101100.0,9999999
59287,0,2805,23.4,12.54,0.0,0.0,15.99,287.62,2.0,1,101100.0,9999999
59287,0,2806,22.6,12.78,0.0,0.0,15.99,282.67,2.0,4,101100.0,9999999
59287,0,2807,22.0,13.03,0.0,0.0,15.99,285.18,2.0,16,101100.0,9999999
59287,0,2808,21.5,13.19,0.0,0.0,15.99,287.24,2.0,11,100860.0,9999999
59287,0,2809,21.0,13.28,0.0,0.0,15.99,282.67,2.0,10,100860.0,9999999
59287,0,2810,20.6,13.11,0.0,0.0,15.99,285.55,1.0,5,100860.0,9999999
59287,0,2811,20.1,12.7,0.0,0.0,15.99,284.41,1.0,6,100860.0,9999999
59287,0,2812,19.6,12.07,0.0,0.0,15.99,287.8,1.0,12,100860.0,9999999
59287,0,2813,19.2,11.46,0.0,0.0,15.99,280.5,1.0,8,100860.0,9999999
59287,0,2814,19.1,10.88,0.0,0.0,15.99,284.41,1.0,5,100860.0,9999999
59287,0,2815,20.2,11.09,110.0,71.0,15.99,282.87,1.0,4,100860.0,9999999
59287,0,2816,22.5,12.07,108.0,108.0,15.99,285.93,2.0,7,100860.0,9999999
59287,0,2817,24.5,12.94,391.0,253.0,15.99,285.93,2.0,3,100860.0,9999999
59287,0,2818,26.1,13.36,524.0,339.0,15.99,288.54,2.0,8,100860.0,9999999
59287,0,2819,27.2,13.62,275.0,275.0,15.99,293.02,2.0,5,100860.0,9999999
59287,0,2820,27.9,13.62,298.0,298.0,15.99,290.36,2.0,12,100860.0,9999999
59287,0,2821,28.3,13.53,676.0,438.0,15.99,291.96,2.0,12,100860.0,9999999
59287,0,2822,28.4,13.53,271.0,271.0,15.99,291.61,2.0,11,100860.0,9999999
59287,0,2823,28.3,13.62,224.0,224.0,15.99,291.96,2.0,10,100860.0,9999999
59287,0,2824,27.9,13.79,375.0,243.0,15.99,293.72,2.0,10,100860.0,9999999
59287,0,2825,27.3,14.06,230.0,149.0,15.99,293.2,2.0,10,100860.0,9999999
59287,0,2826,26.7,14.24,96.0,62.0,15.99,289.27,2.0,10,100860.0,9999999
59287,0,2827,25.9,14.51,0.0,0.0,15.99,287.8,2.0,5,100860.0,9999999
59287,0,2828,25.2,14.69,0.0,0.0,15.99,289.27,1.0,7,100860.0,9999999
59287,0,2829,24.5,14.88,0.0,0.0,15.99,291.79,1.0,15,100860.0,9999999
59287,0,2830,23.9,15.06,0.0,0.0,15.99,285.93,1.0,14,100860.0,9999999
59287,0,2831,23.3,15.25,0.0,0.0,15.99,288.17,1.0,12,100860.0,9999999
59287,0,2832,22.8,15.35,0.0,0.0,15.99,284.99,1.0,4,100720.0,9999999
59287,0,2833,22.4,15.54,0.0,0.0,15.99,285.55,1.0,7,100720.0,9999999
59287,0,2834,22.0,15.64,0.0,0.0,15.99,289.63,0.0,0,100720.0,9999999
59287,0,2835,21.7,15.74,0.0,0.0,15.99,286.68,0.0,6,100720.0,9999999
59287,0,2836,21.5,15.84,0.0,0.0,15.99,285.93,0.0,2,100720.0,9999999
59287,0,2837,21.4,15.74,0.0,0.0,15.99,284.6,0.0,1,100720.0,9999999
59287,0,2838,21.4,15.54,0.0,0.0,15.99,285.74,0.0,14,100720.0,9999999
59287,0,2839,22.2,15.94,203.0,92.0,15.99,284.41,0.0,4,100720.0,9999999
59287,0,2840,23.8,16.75,167.0,167.0,15.99,289.63,2.0,5,100720.0,9999999
59287,0,2841,25.3,17.06,265.0,265.0,15.99,291.96,2.0,1,100720.0,9999999
59287,0,2842,26.5,16.65,958.0,436.0,15.99,289.81,2.0,14,100720.0,9999999
59287,0,2843,27.6,16.04,1143.0,521.0,15.99,295.1,2.0,16,100720.0,9999999
59287,0,2844,28.5,15.25,460.0,460.0,15.99,291.43,2.0,5,100720.0,9999999
59287,0,2845,29.4,14.88,458.0,458.0,15.99,289.81,2.0,11,100720.0,9999999
59287,0,2846,30.4,15.16,418.0,418.0,15.99,294.41,3.0,9,100720.0,9999999
59287,0,2847,31.1,16.24,346.0,346.0,15.99,294.76,3.0,11,100720.0,9999999
59287,0,2848,30.7,17.17,254.0,254.0,15.99,295.79,3.0,11,100720.0,9999999
59287,0,2849,29.8,17.82,422.0,192.0,15.99,296.63,3.0,6,100720.0,9999999
59287,0,2850,28.5,18.38,66.0,66.0,15.99,293.37,3.0,8,100720.0,9999999
59287,0,2851,27.2,18.49,0.0,0.0,15.99,292.67,3.0,11,100720.0,9999999
59287,0,2852,26.0,18.49,0.0,0.0,15.99,289.63,2.0,8,100720.0,9999999
59287,0,2853,25.2,18.38,0.0,0.0,15.99,292.14,2.0,9,100720.0,9999999
59287,0,2854,24.6,18.26,0.0,0.0,15.99,290.72,2.0,10,100720.0,9999999
59287,0,2855,24.4,18.04,0.0,0.0,15.99,287.99,2.0,3,100720.0,9999999
59287,0,2856,24.2,17.93,0.0,0.0,15.99,285.55,2.0,12,100710.0,9999999
59287,0,2857,24.1,17.82,0.0,0.0,15.99,288.9,2.0,10,100710.0,9999999
59287,0,2858,24.0,17.71,0.0,0.0,15.99,285.18,1.0,7,100710.0,9999999
59287,0,2859,23.8,17.6,0.0,0.0,15.99,293.37,1.0,4,100710.0,9999999
59287,0,2860,23.6,17.38,0.0,0.0,15.99,287.06,1.0,11,100710.0,9999999
59287,0,2861,23.5,17.28,0.0,0.0,15.99,291.43,1.0,9,100710.0,9999999
59287,0,2862,23.5,17.28,0.0,0.0,15.99,284.6,1.0,8,100710.0,9999999
59287,0,2863,23.9,17.38,60.0,60.0,15.99,288.72,1.0,2,100710.0,9999999
59287,0,2864,24.7,17.71,132.0,132.0,15.99,294.24,0.0,0,100710.0,9999999
59287,0,2865,25.9,18.04,209.0,209.0,15.99,288.54,0.0,1,100710.0,9999999
59287,0,2866,27.4,18.26,280.0,280.0,15.99,289.99,0.0,7,100710.0,9999999
59287,0,2867,28.7,18.26,334.0,334.0,15.99,291.25,0.0,1,100710.0,9999999
59287,0,2868,29.6,17.82,363.0,363.0,15.99,294.76,0.0,7,100710.0,9999999
59287,0,2869,29.7,16.96,361.0,361.0,15.99,290.54,0.0,13,100710.0,9999999
59287,0,2870,28.8,15.94,329.0,329.0,15.99,293.02,2.0,12,100710.0,9999999
59287,0,2871,26.9,14.69,273.0,273.0,15.99,295.79,2.0,13,100710.0,9999999
59287,0,2872,24.8,13.97,201.0,201.0,15.99,290.72,2.0,7,100710.0,9999999
59287,0,2873,23.4,13.97,124.0,124.0,15.99,286.87,2.0,2,100710.0,9999999
59287,0,2874,23.3,15.16,52.0,52.0,15.99,289.63,2.0,11,100710.0,9999999
59287,0,2875,23.8,16.96,0.0,0.0,15.99,291.61,2.0,9,100710.0,9999999
59287,0,2876,23.9,18.04,0.0,0.0,15.99,289.99,0.0,0,100710.0,9999999
59287,0,2877,23.0,17.6,0.0,0.0,15.99,287.24,0.0,5,100710.0,9999999
59287,0,2878,22.5,17.28,0.0,0.0,15.99,291.96,0.0,2,100710.0,9999999
59287,0,2879,22.6,17.38,0.0,0.0,15.99,287.99,0.0,1,100710.0,9999999
59287,0,2880,23.0,17.82,0.0,0.0,19.1,286.68,0.0,4,100430.0,9999999
59287,0,2881,23.6,18.26,0.0,0.0,19.1,287.99,0.0,1,100430.0,9999999
59287,0,2882,24.0,18.72,0.0,0.0,19.1,289.09,0.0,0,100430.0,9999999
59287,0,2883,24.1,18.95,0.0,0.0,19.1,289.63,0.0,10,100430.0,9999999
59287,0,2884,24.0,18.95,0.0,0.0,19.1,292.32,0.0,13,100430.0,9999999
59287,0,2885,23.9,18.84,0.0,0.0,19.1,287.62,0.0,11,100430.0,9999999
59287,0,2886,23.8,18.72,0.0,0.0,19.1,290.89,0.0,1,100430.0,9999999
59287,0,2887,23.8,18.72,79.0,55.0,19.1,288.17,0.0,7,100430.0,9999999
59287,0,2888,24.2,18.72,90.0,90.0,19.1,289.27,1.0,14,100430.0,9999999
59287,0,2889,25.0,18.84,141.0,141.0,19.1,289.99,1.0,14,100430.0,9999999
59287,0,2890,26.1,19.07,366.0,254.0,19.1,290.54,1.0,10,100430.0,9999999
59287,0,2891,27.4,19.3,226.0,226.0,19.1,290.18,1.0,12,100430.0,9999999
59287,0,2892,28.6,19.54,473.0,329.0,19.1,294.93,1.0,11,100430.0,9999999
59287,0,2893,29.7,19.91,471.0,327.0,19.1,291.07,1.0,7,100430.0,9999999
59287,0,2894,30.5,20.4,430.0,299.0,19.1,298.97,3.0,14,100430.0,9999999
59287,0,2895,30.8,21.16,356.0,248.0,19.1,296.63,3.0,4,100430.0,9999999
59287,0,2896,30.3,21.42,262.0,182.0,19.1,294.24,3.0,3,100430.0,9999999
59287,0,2897,29.0,21.16,162.0,113.0,19.1,295.61,3.0,8,100430.0,9999999
59287,0,2898,27.4,20.4,69.0,48.0,19.1,292.67,3.0,13,100430.0,9999999
59287,0,2899,25.7,19.42,0.0,0.0,19.1,289.45,3.0,12,100430.0,9999999
59287,0,2900,24.3,18.61,0.0,0.0,19.1,291.25,0.0,0,100430.0,9999999
59287,0,2901,23.5,18.15,0.0,0.0,19.1,289.63,0.0,10,100430.0,9999999
59287,0,2902,23.3,18.04,0.0,0.0,19.1,286.87,0.0,11,100430.0,9999999
59287,0,2903,23.4,18.15,0.0,0.0,19.1,286.12,0.0,11,100430.0,9999999
59287,0,2904,23.6,18.38,0.0,0.0,19.1,287.99,0.0,5,100560.0,9999999
59287,0,2905,24.0,18.61,0.0,0.0,19.1,288.35,0.0,15,100560.0,9999999
59287,0,2906,24.1,18.61,0.0,0.0,19.1,292.32,0.0,0,100560.0,9999999
59287,0,2907,24.0,18.38,0.0,0.0,19.1,288.35,0.0,13,100560.0,9999999
59287,0,2908,23.7,18.15,0.0,0.0,19.1,284.99,0.0,11,100560.0,9999999
59287,0,2909,23.4,17.93,0.0,0.0,19.1,290.36,0.0,5,100560.0,9999999
59287,0,2910,23.3,17.82,0.0,0.0,19.1,288.72,0.0,3,100560.0,9999999
59287,0,2911,23.5,18.04,37.0,37.0,19.1,288.9,0.0,15,100560.0,9999999
59287,0,2912,24.1,18.61,81.0,81.0,19.1,285.55,0.0,0,100560.0,9999999
59287,0,2913,25.3,19.66,127.0,127.0,19.1,289.81,0.0,11,100560.0,9999999
59287,0,2914,26.6,21.03,170.0,170.0,19.1,292.49,0.0,10,100560.0,9999999
59287,0,2915,27.7,21.95,202.0,202.0,19.1,291.96,0.0,12,100560.0,9999999
59287,0,2916,28.1,22.08,219.0,219.0,19.1,292.32,0.0,16,100560.0,9999999
59287,0,2917,27.6,21.16,218.0,218.0,19.1,292.32,0.0,12,100560.0,9999999
59287,0,2918,26.5,19.66,199.0,199.0,19.1,292.14,0.0,0,100560.0,9999999
59287,0,2919,25.4,18.61,165.0,165.0,19.1,289.09,0.0,1,100560.0,9999999
59287,0,2920,24.5,17.82,122.0,122.0,19.1,290.54,0.0,2,100560.0,9999999
59287,0,2921,23.7,17.28,75.0,75.0,19.1,290.54,0.0,9,100560.0,9999999
59287,0,2922,23.3,17.17,32.0,32.0,19.1,287.99,0.0,9,100560.0,9999999
59287,0,2923,23.3,17.49,0.0,0.0,19.1,290.18,0.0,9,100560.0,9999999
59287,0,2924,23.6,18.04,0.0,0.0,19.1,287.24,0.0,0,100560.0,9999999
59287,0,2925,23.7,18.26,0.0,0.0,19.1,289.81,0.0,4,100560.0,9999999
59287,0,2926,23.6,18.04,0.0,0.0,19.1,289.63,0.0,9,100560.0,9999999
59287,0,2927,23.3,17.6,0.0,0.0,19.1,288.72,0.0,2,100560.0,9999999
59287,0,2928,22.8,16.96,0.0,0.0,19.1,286.31,0.0,3,100810.0,9999999
59287,0,2929,22.3,16.34,0.0,0.0,19.1,286.87,0.0,14,100810.0,9999999
59287,0,2930,21.7,15.74,0.0,0.0,19.1,285.55,2.0,16,100810.0,9999999
59287,0,2931,21.2,15.16,0.0,0.0,19.1,285.55,2.0,9,100810.0,9999999
59287,0,2932,20.8,14.88,0.0,0.0,19.1,288.17,2.0,2,100810.0,9999999
59287,0,2933,20.6,14.78,0.0,0.0,19.1,285.37,2.0,11,100810.0,9999999
59287,0,2934,20.6,14.78,0.0,0.0,19.1,287.99,2.0,5,100810.0,9999999
59287,0,2935,20.8,14.88,23.0,23.0,19.1,285.18,2.0,9,100810.0,9999999
59287,0,2936,21.1,14.97,50.0,50.0,19.1,286.5,1.0,2,100810.0,9999999
59287,0,2937,21.5,14.97,79.0,79.0,19.1,288.9,1.0,7,100810.0,9999999
59287,0,2938,22.0,14.97,105.0,105.0,19.1,285.74,1.0,16,100810.0,9999999
59287,0,2939,22.5,15.06,125.0,125.0,19.1,288.72,1.0,3,100810.0,9999999
59287,0,2940,23.0,15.06,136.0,136.0,19.1,291.96,1.0,10,100810.0,9999999
59287,0,2941,23.5,15.16,135.0,135.0,19.1,287.8,1.0,9,100810.0,9999999
59287,0,2942,23.9,15.45,123.0,123.0,19.1,287.62,1.0,8,100810.0,9999999
59287,0,2943,24.1,15.84,102.0,102.0,19.1,289.09,1.0,14,100810.0,9999999
59287,0,2944,24.0,16.14,75.0,75.0,19.1,291.61,1.0,12,100810.0,9999999
59287,0,2945,23.7,16.44,47.0,47.0,19.1,289.45,1.0,10,100810.0,9999999
59287,0,2946,23.3,16.54,20.0,20.0,19.1,285.74,1.0,10,100810.0,9999999
59287,0,2947,22.9,16.65,0.0,0.0,19.1,288.72,1.0,16,100810.0,9999999
59287,0,2948,22.5,16.65,0.0,0.0,19.1,291.79,0.0,0,100810.0,9999999
59287,0,2949,22.2,16.65,0.0,0.0,19.1,289.99,0.0,13,100810.0,9999999
59287,0,2950,22.1,16.44,0.0,0.0,19.1,287.24,0.0,11,100810.0,9999999
59287,0,2951,22.0,16.34,0.0,0.0,19.1,287.06,0.0,9,100810.0,9999999
59287,0,2952,21.9,16.14,0.0,0.0,19.1,291.25,0.0,9,100820.0,9999999
59287,0,2953,21.8,16.04,0.0,0.0,19.1,286.87,0.0,2,100820.0,9999999
59287,0,2954,21.7,15.84,0.0,0.0,19.1,287.43,0.0,0,100820.0,9999999
59287,0,2955,21.5,15.74,0.0,0.0,19.1,285.37,0.0,6,100820.0,9999999
59287,0,2956,21.3,15.74,0.0,0.0,19.1,285.74,0.0,1,100820.0,9999999
59287,0,2957,21.2,15.84,0.0,0.0,19.1,282.08,0.0,0,100820.0,9999999
59287,0,2958,21.2,15.94,2.0,2.0,19.1,283.64,0.0,9,100820.0,9999999
59287,0,2959,21.4,16.04,102.0,69.0,19.1,290.72,0.0,5,100820.0,9999999
59287,0,2960,21.7,16.04,221.0,150.0,19.1,289.45,0.0,0,100820.0,9999999
59287,0,2961,22.1,15.94,156.0,156.0,19.1,288.72,0.0,3,100820.0,9999999
59287,0,2962,22.7,15.74,208.0,208.0,19.1,284.99,0.0,11,100820.0,9999999
59287,0,2963,23.4,15.54,552.0,374.0,19.1,284.22,0.0,8,100820.0,9999999
59287,0,2964,24.2,15.45,598.0,406.0,19.1,290.54,0.0,12,100820.0,9999999
59287,0,2965,25.2,15.54,268.0,268.0,19.1,292.67,0.0,8,100820.0,9999999
59287,0,2966,26.2,16.04,244.0,244.0,19.1,291.07,2.0,6,100820.0,9999999
59287,0,2967,27.2,16.85,451.0,306.0,19.1,293.02,2.0,10,100820.0,9999999
59287,0,2968,27.7,17.49,333.0,226.0,19.1,293.55,2.0,8,100820.0,9999999
59287,0,2969,27.4,17.6,93.0,93.0,19.1,294.07,2.0,10,100820.0,9999999
59287,0,2970,26.6,17.28,40.0,40.0,19.1,294.41,2.0,12,100820.0,9999999
59287,0,2971,25.5,16.85,0.0,0.0,19.1,293.37,2.0,10,100820.0,9999999
59287,0,2972,24.6,16.34,0.0,0.0,19.1,289.63,1.0,8,100820.0,9999999
59287,0,2973,23.9,16.04,0.0,0.0,19.1,291.61,1.0,2,100820.0,9999999
59287,0,2974,23.5,15.94,0.0,0.0,19.1,289.09,1.0,8,100820.0,9999999
59287,0,2975,23.2,15.84,0.0,0.0,19.1,287.62,1.0,11,100820.0,9999999
59287,0,2976,23.0,15.64,0.0,0.0,19.1,289.45,1.0,13,100860.0,9999999
59287,0,2977,22.6,15.45,0.0,0.0,19.1,290.18,1.0,4,100860.0,9999999
59287,0,2978,22.0,14.97,0.0,0.0,19.1,287.43,1.0,8,100860.0,9999999
59287,0,2979,21.2,14.33,0.0,0.0,19.1,287.43,1.0,6,100860.0,9999999
59287,0,2980,20.4,13.71,0.0,0.0,19.1,289.09,1.0,5,100860.0,9999999
59287,0,2981,20.1,13.36,0.0,0.0,19.1,285.18,1.0,3,100860.0,9999999
59287,0,2982,20.4,13.53,5.0,2.0,19.1,289.09,1.0,16,100860.0,9999999
59287,0,2983,21.2,13.79,159.0,70.0,19.1,285.18,1.0,4,100860.0,9999999
59287,0,2984,22.3,14.06,165.0,165.0,19.1,285.74,1.0,4,100860.0,9999999
59287,0,2985,23.5,13.97,539.0,236.0,19.1,286.87,1.0,11,100860.0,9999999
59287,0,2986,24.8,13.71,719.0,314.0,19.1,286.31,1.0,4,100860.0,9999999
59287,0,2987,26.0,13.28,411.0,411.0,19.1,293.02,1.0,1,100860.0,9999999
59287,0,2988,27.4,12.78,446.0,446.0,19.1,292.14,1.0,2,100860.0,9999999
59287,0,2989,28.7,12.62,923.0,404.0,19.1,292.67,1.0,10,100860.0,9999999
59287,0,2990,30.1,13.03,843.0,369.0,19.1,296.8,1.0,4,100860.0,9999999
59287,0,2991,31.0,13.88,337.0,337.0,19.1,299.63,1.0,13,100860.0,9999999
59287,0,2992,30.6,14.51,249.0,249.0,19.1,293.89,1.0,11,100860.0,9999999
59287,0,2993,29.7,15.16,322.0,141.0,19.1,295.79,1.0,13,100860.0,9999999
59287,0,2994,28.4,15.54,140.0,61.0,19.1,293.72,1.0,3,100860.0,9999999
59287,0,2995,27.0,15.84,0.0,0.0,19.1,289.09,1.0,8,100860.0,9999999
59287,0,2996,25.9,15.94,0.0,0.0,19.1,289.63,0.0,0,100860.0,9999999
59287,0,2997,25.2,16.14,0.0,0.0,19.1,287.43,0.0,13,100860.0,9999999
59287,0,2998,24.8,16.44,0.0,0.0,19.1,287.99,0.0,4,100860.0,9999999
59287,0,2999,24.6,16.65,0.0,0.0,19.1,285.55,0.0,7,100860.0,9999999
59287,0,3000,24.5,16.85,0.0,0.0,19.1,286.87,0.0,2,100860.0,9999999
59287,0,3001,24.3,16.96,0.0,0.0,19.1,288.9,0.0,11,100860.0,9999999
59287,0,3002,24.0,16.75,0.0,0.0,19.1,284.99,2.0,8,100860.0,9999999
59287,0,3003,23.5,16.34,0.0,0.0,19.1,289.99,2.0,6,100860.0,9999999
59287,0,3004,22.9,15.84,0.0,0.0,19.1,287.43,2.0,14,100860.0,9999999
59287,0,3005,22.7,15.64,0.0,0.0,19.1,284.79,2.0,12,100860.0,9999999
59287,0,3006,22.8,15.74,3.0,2.0,19.1,290.36,2.0,4,100860.0,9999999
59287,0,3007,23.2,15.94,44.0,44.0,19.1,292.32,2.0,5,100860.0,9999999
59287,0,3008,23.7,16.04,95.0,95.0,19.1,287.62,1.0,8,100860.0,9999999
59287,0,3009,24.2,16.04,289.0,195.0,19.1,290.72,1.0,3,100860.0,9999999
59287,0,3010,24.9,16.04,199.0,199.0,19.1,290.54,1.0,7,100860.0,9999999
59287,0,3011,25.7,16.04,458.0,309.0,19.1,289.45,1.0,16,100860.0,9999999
59287,0,3012,26.6,16.24,496.0,334.0,19.1,287.43,1.0,1,100860.0,9999999
59287,0,3013,27.9,16.85,494.0,333.0,19.1,288.72,1.0,3,100860.0,9999999
59287,0,3014,29.4,18.04,451.0,304.0,19.1,296.13,1.0,16,100860.0,9999999
59287,0,3015,30.6,19.3,375.0,253.0,19.1,295.61,1.0,11,100860.0,9999999
59287,0,3016,30.4,19.3,143.0,143.0,19.1,291.61,1.0,5,100860.0,9999999
59287,0,3017,29.8,19.19,173.0,116.0,19.1,295.96,1.0,8,100860.0,9999999
59287,0,3018,29.0,18.95,75.0,51.0,19.1,293.89,1.0,7,100860.0,9999999
59287,0,3019,28.2,18.61,0.0,0.0,19.1,293.72,1.0,16,100860.0,9999999
59287,0,3020,27.4,18.38,0.0,0.0,19.1,294.24,0.0,0,100860.0,9999999
59287,0,3021,26.8,18.26,0.0,0.0,19.1,294.76,0.0,1,100860.0,9999999
59287,0,3022,26.2,18.26,0.0,0.0,19.1,291.07,0.0,3,100860.0,9999999
59287,0,3023,25.8,18.26,0.0,0.0,19.1,295.44,0.0,4,100860.0,9999999
59287,0,3024,25.4,18.38,0.0,0.0,19.1,292.32,0.0,9,100760.0,9999999
59287,0,3025,25.0,18.26,0.0,0.0,19.1,289.99,0.0,5,100760.0,9999999
59287,0,3026,24.6,18.15,0.0,0.0,19.1,288.17,1.0,5,100760.0,9999999
59287,0,3027,24.1,17.93,0.0,0.0,19.1,286.68,1.0,1,100760.0,9999999
59287,0,3028,23.7,17.71,0.0,0.0,19.1,288.54,1.0,11,100760.0,9999999
59287,0,3029,23.5,17.6,0.0,0.0,19.1,287.8,1.0,5,100760.0,9999999
59287,0,3030,23.7,17.82,4.0,3.0,19.1,287.99,1.0,8,100760.0,9999999
59287,0,3031,24.3,18.26,43.0,43.0,19.1,289.81,1.0,8,100760.0,9999999
59287,0,3032,24.9,18.49,192.0,134.0,19.1,291.07,1.0,6,100760.0,9999999
59287,0,3033,25.4,18.38,300.0,209.0,19.1,289.81,1.0,4,100760.0,9999999
59287,0,3034,25.9,17.93,399.0,278.0,19.1,295.44,1.0,6,100760.0,9999999
59287,0,3035,26.4,17.49,229.0,229.0,19.1,291.61,1.0,5,100760.0,9999999
59287,0,3036,27.0,17.17,248.0,248.0,19.1,292.14,1.0,15,100760.0,9999999
59287,0,3037,27.9,17.28,513.0,357.0,19.1,288.9,1.0,2,100760.0,9999999
59287,0,3038,29.1,18.04,225.0,225.0,19.1,295.1,1.0,8,100760.0,9999999
59287,0,3039,30.1,18.95,389.0,271.0,19.1,299.79,1.0,3,100760.0,9999999
59287,0,3040,29.9,19.07,288.0,201.0,19.1,294.76,1.0,9,100760.0,9999999
59287,0,3041,29.4,19.07,180.0,125.0,19.1,294.93,1.0,7,100760.0,9999999
59287,0,3042,28.8,19.07,79.0,55.0,19.1,292.49,1.0,6,100760.0,9999999
59287,0,3043,28.0,18.84,0.0,0.0,19.1,291.61,1.0,9,100760.0,9999999
59287,0,3044,27.3,18.61,0.0,0.0,19.1,289.99,1.0,8,100760.0,9999999
59287,0,3045,26.7,18.26,0.0,0.0,19.1,291.61,1.0,4,100760.0,9999999
59287,0,3046,26.2,17.82,0.0,0.0,19.1,295.79,1.0,5,100760.0,9999999
59287,0,3047,25.7,17.38,0.0,0.0,19.1,291.61,1.0,7,100760.0,9999999
59287,0,3048,25.3,16.96,0.0,0.0,19.1,288.72,1.0,10,100670.0,9999999
59287,0,3049,24.8,16.54,0.0,0.0,19.1,289.45,1.0,5,100670.0,9999999
59287,0,3050,24.3,16.04,0.0,0.0,19.1,293.55,3.0,10,100670.0,9999999
59287,0,3051,23.7,15.64,0.0,0.0,19.1,288.72,3.0,11,100670.0,9999999
59287,0,3052,23.2,15.25,0.0,0.0,19.1,285.37,3.0,4,100670.0,9999999
59287,0,3053,23.0,15.16,0.0,0.0,19.1,284.99,3.0,12,100670.0,9999999
59287,0,3054,23.1,15.25,8.0,5.0,19.1,292.14,3.0,7,100670.0,9999999
59287,0,3055,23.3,15.25,63.0,63.0,19.1,284.03,3.0,8,100670.0,9999999
59287,0,3056,23.6,15.16,334.0,185.0,19.1,286.68,2.0,6,100670.0,9999999
59287,0,3057,23.9,14.88,521.0,289.0,19.1,285.93,2.0,14,100670.0,9999999
59287,0,3058,24.3,14.51,281.0,281.0,19.1,288.35,2.0,16,100670.0,9999999
59287,0,3059,24.9,14.15,334.0,334.0,19.1,286.68,2.0,16,100670.0,9999999
59287,0,3060,25.7,13.97,362.0,362.0,19.1,291.61,2.0,6,100670.0,9999999
59287,0,3061,26.8,14.15,360.0,360.0,19.1,291.96,2.0,7,100670.0,9999999
59287,0,3062,28.3,14.97,811.0,450.0,19.1,291.07,3.0,7,100670.0,9999999
59287,0,3063,29.5,15.94,675.0,374.0,19.1,290.18,3.0,12,100670.0,9999999
59287,0,3064,29.2,16.04,203.0,203.0,19.1,293.02,3.0,4,100670.0,9999999
59287,0,3065,28.6,15.94,313.0,174.0,19.1,296.13,3.0,9,100670.0,9999999
59287,0,3066,27.7,15.74,56.0,56.0,19.1,291.96,3.0,15,100670.0,9999999
59287,0,3067,26.8,15.54,0.0,0.0,19.1,287.43,3.0,1,100670.0,9999999
59287,0,3068,25.9,15.35,0.0,0.0,19.1,291.25,2.0,8,100670.0,9999999
59287,0,3069,25.3,15.16,0.0,0.0,19.1,291.61,2.0,9,100670.0,9999999
59287,0,3070,24.9,15.06,0.0,0.0,19.1,286.87,2.0,3,100670.0,9999999
59287,0,3071,24.6,14.97,0.0,0.0,19.1,289.27,2.0,9,100670.0,9999999
59287,0,3072,24.3,14.88,0.0,0.0,19.1,289.63,2.0,13,100400.0,9999999
59287,0,3073,24.1,14.78,0.0,0.0,19.1,288.17,2.0,6,100400.0,9999999
59287,0,3074,23.7,14.51,0.0,0.0,19.1,291.07,2.0,6,100400.0,9999999
59287,0,3075,23.2,14.24,0.0,0.0,19.1,290.54,2.0,8,100400.0,9999999
59287,0,3076,22.8,14.06,0.0,0.0,19.1,283.25,2.0,1,100400.0,9999999
59287,0,3077,22.6,13.97,0.0,0.0,19.1,284.41,2.0,3,100400.0,9999999
59287,0,3078,22.7,14.24,3.0,3.0,19.1,287.43,2.0,4,100400.0,9999999
59287,0,3079,23.1,14.51,44.0,44.0,19.1,287.8,2.0,10,100400.0,9999999
59287,0,3080,23.4,14.88,93.0,93.0,19.1,287.06,3.0,6,100400.0,9999999
59287,0,3081,23.6,14.97,145.0,145.0,19.1,291.07,3.0,9,100400.0,9999999
59287,0,3082,23.9,14.97,193.0,193.0,19.1,290.18,3.0,7,100400.0,9999999
59287,0,3083,24.1,14.97,229.0,229.0,19.1,293.02,3.0,8,100400.0,9999999
59287,0,3084,24.5,15.16,248.0,248.0,19.1,291.96,3.0,2,100400.0,9999999
59287,0,3085,25.1,15.54,247.0,247.0,19.1,291.43,3.0,2,100400.0,9999999
59287,0,3086,26.0,16.24,226.0,226.0,19.1,291.07,3.0,8,100400.0,9999999
59287,0,3087,26.8,17.06,188.0,188.0,19.1,296.13,3.0,13,100400.0,9999999
59287,0,3088,26.6,16.96,139.0,139.0,19.1,295.96,3.0,8,100400.0,9999999
59287,0,3089,26.1,16.75,87.0,87.0,19.1,289.45,3.0,10,100400.0,9999999
59287,0,3090,25.6,16.44,39.0,39.0,19.1,294.76,3.0,13,100400.0,9999999
59287,0,3091,25.1,16.24,0.0,0.0,19.1,291.61,3.0,6,100400.0,9999999
59287,0,3092,24.8,16.34,0.0,0.0,19.1,288.72,0.0,0,100400.0,9999999
59287,0,3093,24.8,16.75,0.0,0.0,19.1,290.54,0.0,10,100400.0,9999999
59287,0,3094,24.7,17.06,0.0,0.0,19.1,289.45,0.0,1,100400.0,9999999
59287,0,3095,24.5,17.28,0.0,0.0,19.1,285.55,0.0,4,100400.0,9999999
59287,0,3096,24.2,17.38,0.0,0.0,19.1,292.14,0.0,2,100300.0,9999999
59287,0,3097,23.9,17.38,0.0,0.0,19.1,287.43,0.0,8,100300.0,9999999
59287,0,3098,23.6,17.28,0.0,0.0,19.1,288.9,1.0,5,100300.0,9999999
59287,0,3099,23.3,17.17,0.0,0.0,19.1,285.74,1.0,16,100300.0,9999999
59287,0,3100,23.1,17.06,0.0,0.0,19.1,289.81,1.0,6,100300.0,9999999
59287,0,3101,23.0,16.96,0.0,0.0,19.1,287.06,1.0,5,100300.0,9999999
59287,0,3102,22.9,16.85,0.0,0.0,19.1,286.31,1.0,11,100300.0,9999999
59287,0,3103,22.8,16.85,1.0,1.0,19.1,285.18,1.0,12,100300.0,9999999
59287,0,3104,22.8,16.85,2.0,2.0,19.1,287.43,2.0,4,100300.0,9999999
59287,0,3105,22.6,16.65,3.0,3.0,19.1,288.35,2.0,7,100300.0,9999999
59287,0,3106,22.2,16.24,5.0,5.0,19.1,286.12,2.0,2,100300.0,9999999
59287,0,3107,21.9,15.94,5.0,5.0,19.1,285.93,2.0,4,100300.0,9999999
59287,0,3108,22.0,16.04,6.0,6.0,19.1,291.25,2.0,8,100300.0,9999999
59287,0,3109,22.3,16.44,6.0,6.0,19.1,287.43,2.0,3,100300.0,9999999
59287,0,3110,22.7,16.85,5.0,5.0,19.1,286.87,1.0,4,100300.0,9999999
59287,0,3111,23.0,17.17,4.0,4.0,19.1,288.35,1.0,5,100300.0,9999999
59287,0,3112,23.1,17.38,3.0,3.0,19.1,286.68,1.0,10,100300.0,9999999
59287,0,3113,23.2,17.49,2.0,2.0,19.1,287.43,1.0,15,100300.0,9999999
59287,0,3114,23.2,17.49,1.0,1.0,19.1,287.43,1.0,10,100300.0,9999999
59287,0,3115,23.2,17.38,0.0,0.0,19.1,291.07,1.0,2,100300.0,9999999
59287,0,3116,23.1,17.28,0.0,0.0,19.1,285.55,1.0,7,100300.0,9999999
59287,0,3117,23.0,17.28,0.0,0.0,19.1,284.22,1.0,7,100300.0,9999999
59287,0,3118,22.9,17.17,0.0,0.0,19.1,287.06,1.0,4,100300.0,9999999
59287,0,3119,22.8,17.06,0.0,0.0,19.1,290.72,1.0,2,100300.0,9999999
59287,0,3120,22.7,16.96,0.0,0.0,19.1,292.14,1.0,16,100280.0,9999999
59287,0,3121,22.4,16.75,0.0,0.0,19.1,291.79,1.0,3,100280.0,9999999
59287,0,3122,22.1,16.65,0.0,0.0,19.1,287.24,1.0,14,100280.0,9999999
59287,0,3123,21.7,16.24,0.0,0.0,19.1,289.45,1.0,6,100280.0,9999999
59287,0,3124,21.4,16.14,0.0,0.0,19.1,289.09,1.0,6,100280.0,9999999
59287,0,3125,21.2,15.94,0.0,0.0,19.1,282.08,1.0,11,100280.0,9999999
59287,0,3126,21.4,16.24,26.0,14.0,19.1,287.24,1.0,4,100280.0,9999999
59287,0,3127,22.0,16.54,70.0,70.0,19.1,288.54,1.0,14,100280.0,9999999
59287,0,3128,22.8,16.96,623.0,336.0,19.1,285.18,1.0,2,100280.0,9999999
59287,0,3129,23.8,17.17,231.0,231.0,19.1,286.31,1.0,14,100280.0,9999999
59287,0,3130,24.9,17.06,306.0,306.0,19.1,291.61,1.0,16,100280.0,9999999
59287,0,3131,26.0,16.96,363.0,363.0,19.1,289.27,1.0,15,100280.0,9999999
59287,0,3132,27.1,16.65,394.0,394.0,19.1,291.61,1.0,9,100280.0,9999999
59287,0,3133,28.2,16.34,392.0,392.0,19.1,291.96,1.0,11,100280.0,9999999
59287,0,3134,29.2,16.24,358.0,358.0,19.1,295.61,1.0,8,100280.0,9999999
59287,0,3135,29.8,16.24,298.0,298.0,19.1,297.31,1.0,6,100280.0,9999999
59287,0,3136,29.6,15.94,221.0,221.0,19.1,290.18,1.0,2,100280.0,9999999
59287,0,3137,29.0,15.74,591.0,318.0,19.1,298.14,1.0,3,100280.0,9999999
59287,0,3138,28.3,15.54,297.0,160.0,19.1,293.02,1.0,2,100280.0,9999999
59287,0,3139,27.4,15.54,0.0,0.0,19.1,296.46,1.0,3,100280.0,9999999
59287,0,3140,26.6,15.54,0.0,0.0,19.1,290.36,3.0,8,100280.0,9999999
59287,0,3141,25.9,15.64,0.0,0.0,19.1,291.43,3.0,2,100280.0,9999999
59287,0,3142,25.4,15.84,0.0,0.0,19.1,289.09,3.0,2,100280.0,9999999
59287,0,3143,24.9,16.14,0.0,0.0,19.1,292.49,3.0,16,100280.0,9999999
59287,0,3144,24.4,16.24,0.0,0.0,19.1,285.37,3.0,7,100290.0,9999999
59287,0,3145,24.0,16.34,0.0,0.0,19.1,286.31,3.0,7,100290.0,9999999
59287,0,3146,23.5,16.24,0.0,0.0,19.1,291.25,0.0,0,100290.0,9999999
59287,0,3147,23.0,15.94,0.0,0.0,19.1,286.87,0.0,3,100290.0,9999999
59287,0,3148,22.5,15.64,0.0,0.0,19.1,283.25,0.0,7,100290.0,9999999
59287,0,3149,22.3,15.35,0.0,0.0,19.1,286.68,0.0,7,100290.0,9999999
59287,0,3150,22.6,15.54,8.0,5.0,19.1,285.74,0.0,10,100290.0,9999999
59287,0,3151,23.4,15.94,54.0,54.0,19.1,289.81,0.0,9,100290.0,9999999
59287,0,3152,24.3,16.24,113.0,113.0,19.1,288.17,0.0,0,100290.0,9999999
59287,0,3153,25.0,16.24,354.0,219.0,19.1,287.24,0.0,1,100290.0,9999999
59287,0,3154,25.7,15.94,232.0,232.0,19.1,290.54,0.0,11,100290.0,9999999
59287,0,3155,26.2,15.64,558.0,344.0,19.1,293.72,0.0,13,100290.0,9999999
59287,0,3156,26.8,15.25,298.0,298.0,19.1,288.72,0.0,12,100290.0,9999999
59287,0,3157,27.5,15.16,601.0,371.0,19.1,287.99,0.0,10,100290.0,9999999
59287,0,3158,28.4,15.54,550.0,339.0,19.1,293.2,1.0,8,100290.0,9999999
59287,0,3159,29.4,16.34,458.0,283.0,19.1,298.64,1.0,8,100290.0,9999999
59287,0,3160,29.9,17.17,340.0,210.0,19.1,293.2,1.0,8,100290.0,9999999
59287,0,3161,29.4,17.28,106.0,106.0,19.1,292.67,1.0,9,100290.0,9999999
59287,0,3162,28.3,16.85,96.0,59.0,19.1,292.85,1.0,9,100290.0,9999999
59287,0,3163,26.9,16.24,0.0,0.0,19.1,290.72,1.0,10,100290.0,9999999
59287,0,3164,25.6,15.64,0.0,0.0,19.1,290.54,0.0,0,100290.0,9999999
59287,0,3165,24.7,15.54,0.0,0.0,19.1,287.8,0.0,14,100290.0,9999999
59287,0,3166,24.2,15.54,0.0,0.0,19.1,287.99,0.0,1,100290.0,9999999
59287,0,3167,24.0,15.84,0.0,0.0,19.1,284.79,0.0,8,100290.0,9999999
59287,0,3168,23.8,16.14,0.0,0.0,19.1,289.45,0.0,15,100280.0,9999999
59287,0,3169,23.7,16.34,0.0,0.0,19.1,287.62,0.0,9,100280.0,9999999
59287,0,3170,23.4,16.34,0.0,0.0,19.1,289.99,1.0,4,100280.0,9999999
59287,0,3171,22.9,16.04,0.0,0.0,19.1,292.14,1.0,7,100280.0,9999999
59287,0,3172,22.4,15.64,0.0,0.0,19.1,287.43,1.0,16,100280.0,9999999
59287,0,3173,22.2,15.35,0.0,0.0,19.1,285.93,1.0,10,100280.0,9999999
59287,0,3174,22.6,15.54,11.0,5.0,19.1,289.09,1.0,7,100280.0,9999999
59287,0,3175,23.6,16.14,132.0,57.0,19.1,292.85,1.0,2,100280.0,9999999
59287,0,3176,25.0,16.75,277.0,119.0,19.1,291.61,1.0,1,100280.0,9999999
59287,0,3177,26.4,17.17,429.0,185.0,19.1,288.72,1.0,6,100280.0,9999999
59287,0,3178,27.8,17.38,334.0,334.0,19.1,291.07,1.0,5,100280.0,9999999
59287,0,3179,29.1,17.28,674.0,291.0,19.1,293.72,1.0,2,100280.0,9999999
59287,0,3180,30.3,16.96,1192.0,367.0,19.1,294.24,1.0,1,100280.0,9999999
59287,0,3181,31.3,16.65,727.0,314.0,19.1,300.61,1.0,10,100280.0,9999999
59287,0,3182,32.1,16.44,390.0,390.0,19.1,295.79,2.0,6,100280.0,9999999
59287,0,3183,32.5,16.44,554.0,239.0,19.1,294.41,2.0,15,100280.0,9999999
59287,0,3184,32.2,16.34,242.0,242.0,19.1,301.42,2.0,7,100280.0,9999999
59287,0,3185,31.5,16.14,153.0,153.0,19.1,293.37,2.0,5,100280.0,9999999
59287,0,3186,30.5,15.94,117.0,51.0,19.1,294.07,2.0,7,100280.0,9999999
59287,0,3187,29.4,15.84,0.0,0.0,19.1,293.02,2.0,1,100280.0,9999999
59287,0,3188,28.4,15.74,0.0,0.0,19.1,295.96,2.0,10,100280.0,9999999
59287,0,3189,27.6,15.94,0.0,0.0,19.1,295.1,2.0,5,100280.0,9999999
59287,0,3190,27.1,16.14,0.0,0.0,19.1,296.3,2.0,10,100280.0,9999999
59287,0,3191,26.6,16.34,0.0,0.0,19.1,291.07,2.0,16,100280.0,9999999
59287,0,3192,26.1,16.54,0.0,0.0,19.1,288.35,2.0,7,100410.0,9999999
59287,0,3193,25.5,16.44,0.0,0.0,19.1,293.2,2.0,3,100410.0,9999999
59287,0,3194,24.8,16.14,0.0,0.0,19.1,288.72,0.0,0,100410.0,9999999
59287,0,3195,23.9,15.54,0.0,0.0,19.1,293.02,0.0,8,100410.0,9999999
59287,0,3196,23.1,14.97,0.0,0.0,19.1,287.8,0.0,6,100410.0,9999999
59287,0,3197,22.7,14.69,0.0,0.0,19.1,289.99,0.0,1,100410.0,9999999
59287,0,3198,23.2,14.97,15.0,7.0,19.1,285.18,0.0,10,100410.0,9999999
59287,0,3199,24.3,15.74,73.0,73.0,19.1,289.27,0.0,1,100410.0,9999999
59287,0,3200,25.5,16.44,152.0,152.0,19.1,287.8,1.0,4,100410.0,9999999
59287,0,3201,26.5,16.65,235.0,235.0,19.1,294.24,1.0,5,100410.0,9999999
59287,0,3202,27.3,16.44,706.0,338.0,19.1,294.93,1.0,9,100410.0,9999999
59287,0,3203,27.9,15.94,368.0,368.0,19.1,290.89,1.0,11,100410.0,9999999
59287,0,3204,28.6,15.35,399.0,399.0,19.1,294.76,1.0,1,100410.0,9999999
59287,0,3205,29.3,14.97,903.0,432.0,19.1,292.85,1.0,2,100410.0,9999999
59287,0,3206,30.3,14.88,826.0,395.0,19.1,297.47,3.0,4,100410.0,9999999
59287,0,3207,31.1,14.88,688.0,329.0,19.1,294.41,3.0,8,100410.0,9999999
59287,0,3208,30.9,14.33,225.0,225.0,19.1,296.8,3.0,2,100410.0,9999999
59287,0,3209,30.3,13.79,142.0,142.0,19.1,294.59,3.0,8,100410.0,9999999
59287,0,3210,29.4,13.36,147.0,70.0,19.1,293.02,3.0,2,100410.0,9999999
59287,0,3211,28.5,13.19,0.0,0.0,19.1,291.61,3.0,2,100410.0,9999999
59287,0,3212,27.7,13.19,0.0,0.0,19.1,289.99,2.0,7,100410.0,9999999
59287,0,3213,27.0,13.53,0.0,0.0,19.1,289.45,2.0,4,100410.0,9999999
59287,0,3214,26.5,14.06,0.0,0.0,19.1,292.49,2.0,7,100410.0,9999999
59287,0,3215,26.0,14.6,0.0,0.0,19.1,289.45,2.0,10,100410.0,9999999
59287,0,3216,25.5,14.97,0.0,0.0,19.1,287.43,2.0,3,100340.0,9999999
59287,0,3217,24.9,15.06,0.0,0.0,19.1,289.09,2.0,9,100340.0,9999999
59287,0,3218,24.1,14.69,0.0,0.0,19.1,284.6,0.0,0,100340.0,9999999
59287,0,3219,23.1,13.97,0.0,0.0,19.1,286.5,0.0,16,100340.0,9999999
59287,0,3220,22.3,13.11,0.0,0.0,19.1,288.17,0.0,0,100340.0,9999999
59287,0,3221,21.9,12.54,0.0,0.0,19.1,288.72,0.0,5,100340.0,9999999
59287,0,3222,22.8,12.86,15.0,5.0,19.1,283.06,0.0,3,100340.0,9999999
59287,0,3223,25.0,14.06,156.0,47.0,19.1,293.72,0.0,5,100340.0,9999999
59287,0,3224,27.2,15.35,426.0,88.0,19.1,290.18,2.0,6,100340.0,9999999
59287,0,3225,28.8,16.14,658.0,136.0,19.1,292.49,2.0,4,100340.0,9999999
59287,0,3226,29.6,16.34,662.0,202.0,19.1,291.79,2.0,3,100340.0,9999999
59287,0,3227,30.1,16.14,461.0,461.0,19.1,294.93,2.0,6,100340.0,9999999
59287,0,3228,30.4,15.84,499.0,499.0,19.1,295.79,2.0,12,100340.0,9999999
59287,0,3229,30.7,15.74,497.0,497.0,19.1,295.44,2.0,16,100340.0,9999999
59287,0,3230,31.3,16.04,774.0,236.0,19.1,294.24,4.0,8,100340.0,9999999
59287,0,3231,32.3,16.85,849.0,175.0,19.1,294.41,4.0,10,100340.0,9999999
59287,0,3232,32.8,17.49,481.0,146.0,19.1,302.22,4.0,7,100340.0,9999999
59287,0,3233,32.4,17.38,400.0,83.0,19.1,296.3,4.0,8,100340.0,9999999
59287,0,3234,31.4,16.96,182.0,38.0,19.1,296.46,4.0,10,100340.0,9999999
59287,0,3235,30.2,16.44,1.0,0.0,19.1,296.63,4.0,2,100340.0,9999999
59287,0,3236,29.0,16.04,0.0,0.0,19.1,289.63,3.0,9,100340.0,9999999
59287,0,3237,28.1,16.14,0.0,0.0,19.1,295.61,3.0,1,100340.0,9999999
59287,0,3238,27.4,16.44,0.0,0.0,19.1,293.89,3.0,9,100340.0,9999999
59287,0,3239,26.8,16.96,0.0,0.0,19.1,294.59,3.0,1,100340.0,9999999
59287,0,3240,26.3,17.28,0.0,0.0,19.1,289.63,3.0,15,100200.0,9999999
59287,0,3241,25.7,17.38,0.0,0.0,19.1,293.72,3.0,9,100200.0,9999999
59287,0,3242,25.0,17.17,0.0,0.0,19.1,290.89,1.0,7,100200.0,9999999
59287,0,3243,24.1,16.44,0.0,0.0,19.1,286.31,1.0,11,100200.0,9999999
59287,0,3244,23.2,15.64,0.0,0.0,19.1,284.03,1.0,14,100200.0,9999999
59287,0,3245,22.9,15.06,0.0,0.0,19.1,283.64,1.0,11,100200.0,9999999
59287,0,3246,23.6,15.35,14.0,5.0,19.1,289.99,1.0,2,100200.0,9999999
59287,0,3247,25.3,16.24,80.0,80.0,19.1,293.02,1.0,1,100200.0,9999999
59287,0,3248,27.2,17.28,281.0,111.0,19.1,289.63,2.0,16,100200.0,9999999
59287,0,3249,28.8,17.6,433.0,171.0,19.1,294.07,2.0,9,100200.0,9999999
59287,0,3250,30.0,17.38,336.0,336.0,19.1,299.46,2.0,16,100200.0,9999999
59287,0,3251,31.0,16.85,679.0,268.0,19.1,293.2,2.0,2,100200.0,9999999
59287,0,3252,31.9,16.24,735.0,290.0,19.1,292.49,2.0,16,100200.0,9999999
59287,0,3253,32.7,15.74,731.0,288.0,19.1,298.97,2.0,15,100200.0,9999999
59287,0,3254,33.6,15.94,793.0,216.0,19.1,302.7,2.0,2,100200.0,9999999
59287,0,3255,34.3,16.54,558.0,220.0,19.1,294.76,2.0,15,100200.0,9999999
59287,0,3256,33.9,16.75,493.0,135.0,19.1,296.97,2.0,7,100200.0,9999999
59287,0,3257,33.0,16.85,263.0,104.0,19.1,299.46,2.0,8,100200.0,9999999
59287,0,3258,31.8,16.85,71.0,71.0,19.1,301.09,2.0,9,100200.0,9999999
59287,0,3259,30.4,16.75,2.0,1.0,19.1,296.97,2.0,8,100200.0,9999999
59287,0,3260,29.2,16.75,0.0,0.0,19.1,294.93,0.0,0,100200.0,9999999
59287,0,3261,28.3,16.96,0.0,0.0,19.1,290.54,0.0,13,100200.0,9999999
59287,0,3262,27.7,17.38,0.0,0.0,19.1,292.85,0.0,11,100200.0,9999999
59287,0,3263,27.3,17.82,0.0,0.0,19.1,292.49,0.0,3,100200.0,9999999
59287,0,3264,26.9,18.15,0.0,0.0,19.1,292.32,0.0,11,100160.0,9999999
59287,0,3265,26.6,18.49,0.0,0.0,19.1,290.89,0.0,14,100160.0,9999999
59287,0,3266,26.1,18.61,0.0,0.0,19.1,290.54,1.0,5,100160.0,9999999
59287,0,3267,25.5,18.38,0.0,0.0,19.1,288.17,1.0,11,100160.0,9999999
59287,0,3268,24.9,18.15,0.0,0.0,19.1,290.36,1.0,3,100160.0,9999999
59287,0,3269,24.7,18.04,0.0,0.0,19.1,288.35,1.0,12,100160.0,9999999
59287,0,3270,25.0,18.38,10.0,7.0,19.1,290.36,1.0,2,100160.0,9999999
59287,0,3271,25.6,18.84,98.0,66.0,19.1,293.89,1.0,4,100160.0,9999999
59287,0,3272,26.6,19.42,98.0,98.0,19.1,294.93,1.0,6,100160.0,9999999
59287,0,3273,27.7,19.66,312.0,211.0,19.1,294.07,1.0,12,100160.0,9999999
59287,0,3274,28.8,19.66,199.0,199.0,19.1,295.96,1.0,4,100160.0,9999999
59287,0,3275,29.8,19.42,488.0,330.0,19.1,295.96,1.0,1,100160.0,9999999
59287,0,3276,30.7,18.95,529.0,357.0,19.1,300.44,1.0,7,100160.0,9999999
59287,0,3277,31.3,18.26,526.0,356.0,19.1,297.14,1.0,12,100160.0,9999999
59287,0,3278,31.5,17.71,232.0,232.0,19.1,296.63,3.0,7,100160.0,9999999
59287,0,3279,31.3,17.28,402.0,272.0,19.1,296.3,3.0,7,100160.0,9999999
59287,0,3280,30.7,17.06,145.0,145.0,19.1,291.43,3.0,11,100160.0,9999999
59287,0,3281,29.9,16.85,92.0,92.0,19.1,293.72,3.0,12,100160.0,9999999
59287,0,3282,29.0,16.96,87.0,59.0,19.1,294.76,3.0,6,100160.0,9999999
59287,0,3283,28.3,17.06,2.0,1.0,19.1,296.13,3.0,12,100160.0,9999999
59287,0,3284,27.9,17.49,0.0,0.0,19.1,291.96,3.0,8,100160.0,9999999
59287,0,3285,27.8,18.04,0.0,0.0,19.1,293.72,3.0,9,100160.0,9999999
59287,0,3286,27.6,18.38,0.0,0.0,19.1,295.61,3.0,6,100160.0,9999999
59287,0,3287,27.2,18.38,0.0,0.0,19.1,295.27,3.0,3,100160.0,9999999
59287,0,3288,26.7,18.15,0.0,0.0,19.1,287.99,3.0,5,100310.0,9999999
59287,0,3289,26.3,17.82,0.0,0.0,19.1,290.54,3.0,4,100310.0,9999999
59287,0,3290,25.9,17.49,0.0,0.0,19.1,293.89,3.0,8,100310.0,9999999
59287,0,3291,25.7,17.28,0.0,0.0,19.1,289.81,3.0,5,100310.0,9999999
59287,0,3292,25.6,17.28,0.0,0.0,19.1,287.99,3.0,1,100310.0,9999999
59287,0,3293,25.7,17.28,0.0,0.0,19.1,290.89,3.0,13,100310.0,9999999
59287,0,3294,25.7,17.38,2.0,2.0,19.1,290.36,3.0,7,100310.0,9999999
59287,0,3295,25.8,17.49,22.0,22.0,19.1,289.27,3.0,8,100310.0,9999999
59287,0,3296,25.9,17.71,44.0,44.0,19.1,288.35,3.0,10,100310.0,9999999
59287,0,3297,25.9,17.93,68.0,68.0,19.1,290.18,3.0,10,100310.0,9999999
59287,0,3298,25.9,18.15,90.0,90.0,19.1,290.18,3.0,9,100310.0,9999999
59287,0,3299,25.8,18.26,107.0,107.0,19.1,293.89,3.0,5,100310.0,9999999
59287,0,3300,25.7,18.49,116.0,116.0,19.1,289.27,3.0,10,100310.0,9999999
59287,0,3301,25.6,18.72,115.0,115.0,19.1,290.54,3.0,2,100310.0,9999999
59287,0,3302,25.6,18.84,106.0,106.0,19.1,295.44,2.0,16,100310.0,9999999
59287,0,3303,25.2,18.61,88.0,88.0,19.1,289.63,2.0,4,100310.0,9999999
59287,0,3304,24.2,17.6,66.0,66.0,19.1,288.54,2.0,6,100310.0,9999999
59287,0,3305,23.1,16.34,42.0,42.0,19.1,287.62,2.0,1,100310.0,9999999
59287,0,3306,22.2,15.35,19.0,19.0,19.1,291.25,2.0,11,100310.0,9999999
59287,0,3307,21.9,14.97,1.0,1.0,19.1,288.17,2.0,6,100310.0,9999999
59287,0,3308,22.2,14.97,0.0,0.0,19.1,285.18,2.0,16,100310.0,9999999
59287,0,3309,22.2,14.69,0.0,0.0,19.1,289.63,2.0,14,100310.0,9999999
59287,0,3310,22.0,14.24,0.0,0.0,19.1,286.12,2.0,2,100310.0,9999999
59287,0,3311,21.8,13.79,0.0,0.0,19.1,286.31,2.0,8,100310.0,9999999
59287,0,3312,21.5,13.45,0.0,0.0,19.1,290.18,2.0,8,100500.0,9999999
59287,0,3313,21.4,13.19,0.0,0.0,19.1,289.81,2.0,15,100500.0,9999999
59287,0,3314,21.3,13.19,0.0,0.0,19.1,289.81,3.0,2,100500.0,9999999
59287,0,3315,20.7,12.94,0.0,0.0,19.1,283.25,3.0,10,100500.0,9999999
59287,0,3316,19.5,12.3,0.0,0.0,19.1,283.64,3.0,13,100500.0,9999999
59287,0,3317,18.4,11.76,0.0,0.0,19.1,280.7,3.0,2,100500.0,9999999
59287,0,3318,18.0,11.76,3.0,3.0,19.1,280.3,3.0,6,100500.0,9999999
59287,0,3319,18.2,12.22,28.0,28.0,19.1,281.29,3.0,6,100500.0,9999999
59287,0,3320,18.7,12.7,57.0,57.0,19.1,280.3,3.0,2,100500.0,9999999
59287,0,3321,19.3,13.19,88.0,88.0,19.1,286.31,3.0,8,100500.0,9999999
59287,0,3322,19.8,13.53,116.0,116.0,19.1,285.74,3.0,4,100500.0,9999999
59287,0,3323,20.4,13.79,137.0,137.0,19.1,282.28,3.0,14,100500.0,9999999
59287,0,3324,20.8,13.88,149.0,149.0,19.1,286.87,3.0,11,100500.0,9999999
59287,0,3325,21.2,13.97,148.0,148.0,19.1,281.69,3.0,10,100500.0,9999999
59287,0,3326,21.4,13.97,135.0,135.0,19.1,287.43,1.0,14,100500.0,9999999
59287,0,3327,21.5,13.88,113.0,113.0,19.1,286.68,1.0,5,100500.0,9999999
59287,0,3328,21.4,13.79,85.0,85.0,19.1,284.79,1.0,14,100500.0,9999999
59287,0,3329,21.3,13.71,54.0,54.0,19.1,288.35,1.0,8,100500.0,9999999
59287,0,3330,21.2,13.71,25.0,25.0,19.1,284.6,1.0,2,100500.0,9999999
59287,0,3331,21.0,13.79,1.0,1.0,19.1,284.41,1.0,2,100500.0,9999999
59287,0,3332,21.0,13.88,0.0,0.0,19.1,281.49,2.0,16,100500.0,9999999
59287,0,3333,21.1,14.15,0.0,0.0,19.1,282.87,2.0,11,100500.0,9999999
59287,0,3334,21.2,14.42,0.0,0.0,19.1,285.93,2.0,2,100500.0,9999999
59287,0,3335,21.2,14.6,0.0,0.0,19.1,285.55,2.0,9,100500.0,9999999
59287,0,3336,21.2,14.78,0.0,0.0,19.1,284.99,2.0,5,100430.0,9999999
59287,0,3337,21.1,14.78,0.0,0.0,19.1,284.79,2.0,9,100430.0,9999999
59287,0,3338,20.7,14.42,0.0,0.0,19.1,286.87,0.0,0,100430.0,9999999
59287,0,3339,20.1,13.88,0.0,0.0,19.1,285.37,0.0,2,100430.0,9999999
59287,0,3340,19.5,13.28,0.0,0.0,19.1,282.87,0.0,10,100430.0,9999999
59287,0,3341,19.2,12.86,0.0,0.0,19.1,280.9,0.0,12,100430.0,9999999
59287,0,3342,19.6,12.94,18.0,7.0,19.1,284.6,0.0,6,100430.0,9999999
59287,0,3343,20.7,13.28,149.0,55.0,19.1,285.74,0.0,6,100430.0,9999999
59287,0,3344,22.1,13.71,432.0,109.0,19.1,286.12,2.0,16,100430.0,9999999
59287,0,3345,23.5,13.79,469.0,174.0,19.1,286.12,2.0,4,100430.0,9999999
59287,0,3346,24.8,13.53,876.0,222.0,19.1,288.54,2.0,11,100430.0,9999999
59287,0,3347,26.0,13.11,1037.0,263.0,19.1,290.36,2.0,6,100430.0,9999999
59287,0,3348,27.3,12.62,792.0,294.0,19.1,290.18,2.0,16,100430.0,9999999
59287,0,3349,28.5,12.3,463.0,463.0,19.1,296.63,2.0,9,100430.0,9999999
59287,0,3350,29.7,12.46,424.0,424.0,19.1,296.3,3.0,4,100430.0,9999999
59287,0,3351,30.5,12.94,354.0,354.0,19.1,294.59,3.0,8,100430.0,9999999
59287,0,3352,30.2,13.36,265.0,265.0,19.1,295.1,3.0,5,100430.0,9999999
59287,0,3353,29.6,13.79,169.0,169.0,19.1,295.44,3.0,3,100430.0,9999999
59287,0,3354,28.7,14.24,133.0,49.0,19.1,293.72,3.0,5,100430.0,9999999
59287,0,3355,27.7,14.6,7.0,2.0,19.1,291.07,3.0,8,100430.0,9999999
59287,0,3356,26.8,14.78,0.0,0.0,19.1,293.02,1.0,3,100430.0,9999999
59287,0,3357,26.1,14.97,0.0,0.0,19.1,293.37,1.0,9,100430.0,9999999
59287,0,3358,25.6,15.06,0.0,0.0,19.1,291.79,1.0,11,100430.0,9999999
59287,0,3359,25.2,15.16,0.0,0.0,19.1,288.17,1.0,11,100430.0,9999999
59287,0,3360,24.8,15.16,0.0,0.0,19.1,290.18,1.0,1,100500.0,9999999
59287,0,3361,24.4,15.16,0.0,0.0,19.1,284.99,1.0,6,100500.0,9999999
59287,0,3362,24.0,14.97,0.0,0.0,19.1,288.72,0.0,0,100500.0,9999999
59287,0,3363,23.5,14.78,0.0,0.0,19.1,285.37,0.0,2,100500.0,9999999
59287,0,3364,23.0,14.6,0.0,0.0,19.1,288.35,0.0,7,100500.0,9999999
59287,0,3365,22.8,14.6,0.0,0.0,19.1,286.31,0.0,12,100500.0,9999999
59287,0,3366,23.1,14.78,15.0,9.0,19.1,284.99,0.0,2,100500.0,9999999
59287,0,3367,23.8,15.06,60.0,60.0,19.1,287.99,0.0,3,100500.0,9999999
59287,0,3368,24.6,15.16,123.0,123.0,19.1,293.55,0.0,0,100500.0,9999999
59287,0,3369,25.4,14.69,386.0,222.0,19.1,290.72,0.0,5,100500.0,9999999
59287,0,3370,26.1,13.79,508.0,293.0,19.1,287.62,0.0,12,100500.0,9999999
59287,0,3371,26.8,12.62,602.0,347.0,19.1,291.43,0.0,14,100500.0,9999999
59287,0,3372,27.6,11.31,651.0,375.0,19.1,292.67,0.0,4,100500.0,9999999
59287,0,3373,28.5,10.26,316.0,316.0,19.1,291.25,0.0,6,100500.0,9999999
59287,0,3374,29.7,9.48,290.0,290.0,19.1,292.14,3.0,4,100500.0,9999999
59287,0,3375,30.6,9.11,496.0,286.0,19.1,297.64,3.0,1,100500.0,9999999
59287,0,3376,30.4,8.7,371.0,214.0,19.1,292.49,3.0,8,100500.0,9999999
59287,0,3377,29.8,8.58,115.0,115.0,19.1,291.25,3.0,15,100500.0,9999999
59287,0,3378,28.9,8.81,110.0,63.0,19.1,289.81,3.0,8,100500.0,9999999
59287,0,3379,27.9,9.23,5.0,3.0,19.1,290.18,3.0,8,100500.0,9999999
59287,0,3380,26.9,9.86,0.0,0.0,19.1,290.18,2.0,8,100500.0,9999999
59287,0,3381,26.0,10.67,0.0,0.0,19.1,292.14,2.0,8,100500.0,9999999
59287,0,3382,25.2,11.53,0.0,0.0,19.1,287.24,2.0,7,100500.0,9999999
59287,0,3383,24.5,12.3,0.0,0.0,19.1,284.41,2.0,7,100500.0,9999999
59287,0,3384,23.8,12.86,0.0,0.0,19.1,283.84,2.0,2,100640.0,9999999
59287,0,3385,23.0,13.19,0.0,0.0,19.1,283.25,2.0,2,100640.0,9999999
59287,0,3386,22.2,13.11,0.0,0.0,19.1,287.99,0.0,0,100640.0,9999999
59287,0,3387,21.3,12.62,0.0,0.0,19.1,281.49,0.0,5,100640.0,9999999
59287,0,3388,20.5,11.99,0.0,0.0,19.1,284.6,0.0,9,100640.0,9999999
59287,0,3389,20.2,11.53,0.0,0.0,19.1,280.1,0.0,7,100640.0,9999999
59287,0,3390,21.1,11.68,21.0,10.0,19.1,282.28,0.0,7,100640.0,9999999
59287,0,3391,23.1,12.54,166.0,82.0,19.1,287.8,0.0,13,100640.0,9999999
59287,0,3392,25.2,13.45,147.0,147.0,19.1,289.09,0.0,0,100640.0,9999999
59287,0,3393,26.7,13.71,517.0,255.0,19.1,289.99,0.0,1,100640.0,9999999
59287,0,3394,27.7,13.45,298.0,298.0,19.1,292.67,0.0,3,100640.0,9999999
59287,0,3395,28.3,12.86,806.0,398.0,19.1,296.63,0.0,6,100640.0,9999999
59287,0,3396,28.8,12.38,381.0,381.0,19.1,289.81,0.0,5,100640.0,9999999
59287,0,3397,29.4,12.22,379.0,379.0,19.1,293.89,0.0,2,100640.0,9999999
59287,0,3398,30.3,12.62,347.0,347.0,19.1,291.43,2.0,6,100640.0,9999999
59287,0,3399,31.2,13.45,665.0,328.0,19.1,299.63,2.0,13,100640.0,9999999
59287,0,3400,30.9,13.71,497.0,245.0,19.1,295.79,2.0,4,100640.0,9999999
59287,0,3401,30.2,13.88,317.0,157.0,19.1,295.1,2.0,8,100640.0,9999999
59287,0,3402,29.1,13.97,148.0,73.0,19.1,290.72,2.0,13,100640.0,9999999
59287,0,3403,28.1,14.06,3.0,3.0,19.1,289.63,2.0,6,100640.0,9999999
59287,0,3404,27.1,14.15,0.0,0.0,19.1,294.24,2.0,8,100640.0,9999999
59287,0,3405,26.4,14.33,0.0,0.0,19.1,289.09,2.0,5,100640.0,9999999
59287,0,3406,25.9,14.6,0.0,0.0,19.1,291.25,2.0,15,100640.0,9999999
59287,0,3407,25.6,14.88,0.0,0.0,19.1,289.81,2.0,3,100640.0,9999999
59287,0,3408,25.2,15.16,0.0,0.0,19.1,291.43,2.0,6,100600.0,9999999
59287,0,3409,24.8,15.16,0.0,0.0,19.1,287.8,2.0,15,100600.0,9999999
59287,0,3410,24.2,14.97,0.0,0.0,19.1,291.61,0.0,0,100600.0,9999999
59287,0,3411,23.4,14.51,0.0,0.0,19.1,286.31,0.0,4,100600.0,9999999
59287,0,3412,22.6,14.06,0.0,0.0,19.1,291.43,0.0,7,100600.0,9999999
59287,0,3413,22.3,13.79,0.0,0.0,19.1,290.89,0.0,15,100600.0,9999999
59287,0,3414,22.6,13.97,22.0,11.0,19.1,283.06,0.0,7,100600.0,9999999
59287,0,3415,23.4,14.42,168.0,84.0,19.1,287.06,0.0,10,100600.0,9999999
59287,0,3416,24.4,14.78,146.0,146.0,19.1,286.31,1.0,7,100600.0,9999999
59287,0,3417,25.3,14.78,224.0,224.0,19.1,292.67,1.0,12,100600.0,9999999
59287,0,3418,26.1,14.51,295.0,295.0,19.1,293.37,1.0,12,100600.0,9999999
59287,0,3419,26.9,14.06,349.0,349.0,19.1,295.61,1.0,12,100600.0,9999999
59287,0,3420,27.7,13.71,378.0,378.0,19.1,294.76,1.0,6,100600.0,9999999
59287,0,3421,28.6,13.53,874.0,437.0,19.1,292.32,1.0,3,100600.0,9999999
59287,0,3422,29.7,13.79,800.0,400.0,19.1,295.44,3.0,6,100600.0,9999999
59287,0,3423,30.5,14.33,669.0,335.0,19.1,297.64,3.0,15,100600.0,9999999
59287,0,3424,30.2,14.51,501.0,251.0,19.1,294.24,3.0,9,100600.0,9999999
59287,0,3425,29.6,14.6,138.0,138.0,19.1,291.25,3.0,8,100600.0,9999999
59287,0,3426,28.7,14.78,64.0,64.0,19.1,294.76,3.0,12,100600.0,9999999
59287,0,3427,27.8,14.88,8.0,4.0,19.1,292.49,3.0,2,100600.0,9999999
59287,0,3428,26.9,15.16,0.0,0.0,19.1,292.32,2.0,9,100600.0,9999999
59287,0,3429,26.2,15.45,0.0,0.0,19.1,293.72,2.0,5,100600.0,9999999
59287,0,3430,25.7,15.74,0.0,0.0,19.1,289.45,2.0,3,100600.0,9999999
59287,0,3431,25.3,16.14,0.0,0.0,19.1,294.59,2.0,7,100600.0,9999999
59287,0,3432,25.0,16.44,0.0,0.0,19.1,289.45,2.0,5,100400.0,9999999
59287,0,3433,24.7,16.54,0.0,0.0,19.1,285.55,2.0,7,100400.0,9999999
59287,0,3434,24.3,16.44,0.0,0.0,19.1,285.18,2.0,6,100400.0,9999999
59287,0,3435,23.9,16.14,0.0,0.0,19.1,288.9,2.0,4,100400.0,9999999
59287,0,3436,23.5,15.74,0.0,0.0,19.1,289.09,2.0,13,100400.0,9999999
59287,0,3437,23.3,15.45,0.0,0.0,19.1,286.31,2.0,10,100400.0,9999999
59287,0,3438,23.5,15.45,7.0,7.0,19.1,284.22,2.0,9,100400.0,9999999
59287,0,3439,24.1,15.64,54.0,54.0,19.1,293.2,2.0,6,100400.0,9999999
59287,0,3440,24.7,15.84,109.0,109.0,19.1,293.89,2.0,5,100400.0,9999999
59287,0,3441,25.2,15.94,167.0,167.0,19.1,289.63,2.0,10,100400.0,9999999
59287,0,3442,25.6,15.94,220.0,220.0,19.1,287.62,2.0,2,100400.0,9999999
59287,0,3443,25.9,15.94,260.0,260.0,19.1,292.32,2.0,13,100400.0,9999999
59287,0,3444,26.4,16.14,281.0,281.0,19.1,291.43,2.0,7,100400.0,9999999
59287,0,3445,27.1,16.65,280.0,280.0,19.1,291.61,2.0,6,100400.0,9999999
59287,0,3446,28.0,17.6,256.0,256.0,19.1,292.14,3.0,7,100400.0,9999999
59287,0,3447,28.8,18.72,214.0,214.0,19.1,295.79,3.0,11,100400.0,9999999
59287,0,3448,28.6,18.95,160.0,160.0,19.1,289.81,3.0,16,100400.0,9999999
59287,0,3449,28.1,18.84,103.0,103.0,19.1,289.27,3.0,16,100400.0,9999999
59287,0,3450,27.3,18.72,48.0,48.0,19.1,289.99,3.0,12,100400.0,9999999
59287,0,3451,26.6,18.38,3.0,3.0,19.1,290.18,3.0,1,100400.0,9999999
59287,0,3452,25.9,18.15,0.0,0.0,19.1,292.85,3.0,7,100400.0,9999999
59287,0,3453,25.4,18.04,0.0,0.0,19.1,295.1,3.0,9,100400.0,9999999
59287,0,3454,25.1,18.04,0.0,0.0,19.1,289.99,3.0,13,100400.0,9999999
59287,0,3455,24.9,18.04,0.0,0.0,19.1,286.12,3.0,13,100400.0,9999999
59287,0,3456,24.8,18.15,0.0,0.0,19.1,289.63,3.0,13,100040.0,9999999
59287,0,3457,24.6,18.26,0.0,0.0,19.1,287.24,3.0,15,100040.0,9999999
59287,0,3458,24.4,18.38,0.0,0.0,19.1,285.74,2.0,7,100040.0,9999999
59287,0,3459,24.1,18.38,0.0,0.0,19.1,291.07,2.0,12,100040.0,9999999
59287,0,3460,23.8,18.38,0.0,0.0,19.1,290.72,2.0,10,100040.0,9999999
59287,0,3461,23.7,18.38,0.0,0.0,19.1,289.81,2.0,8,100040.0,9999999
59287,0,3462,23.9,18.72,17.0,11.0,19.1,285.37,2.0,15,100040.0,9999999
59287,0,3463,24.4,19.07,56.0,56.0,19.1,287.24,2.0,6,100040.0,9999999
59287,0,3464,25.0,19.3,247.0,155.0,19.1,292.14,2.0,6,100040.0,9999999
59287,0,3465,25.6,19.07,171.0,171.0,19.1,292.67,2.0,14,100040.0,9999999
59287,0,3466,26.2,18.49,497.0,312.0,19.1,287.43,2.0,3,100040.0,9999999
59287,0,3467,26.9,17.93,587.0,369.0,19.1,292.85,2.0,2,100040.0,9999999
59287,0,3468,27.8,17.6,288.0,288.0,19.1,288.72,2.0,7,100040.0,9999999
59287,0,3469,28.9,17.71,287.0,287.0,19.1,295.61,2.0,9,100040.0,9999999
59287,0,3470,30.4,18.61,579.0,363.0,19.1,296.46,2.0,8,100040.0,9999999
59287,0,3471,31.6,19.91,485.0,304.0,19.1,299.96,2.0,1,100040.0,9999999
59287,0,3472,31.4,20.15,165.0,165.0,19.1,299.79,2.0,3,100040.0,9999999
59287,0,3473,30.8,20.4,106.0,106.0,19.1,295.96,2.0,11,100040.0,9999999
59287,0,3474,30.1,20.52,109.0,69.0,19.1,293.89,2.0,14,100040.0,9999999
59287,0,3475,29.3,20.78,3.0,3.0,19.1,293.89,2.0,9,100040.0,9999999
59287,0,3476,28.6,20.78,0.0,0.0,19.1,291.61,3.0,8,100040.0,9999999
59287,0,3477,28.1,20.9,0.0,0.0,19.1,296.63,3.0,15,100040.0,9999999
59287,0,3478,27.9,21.03,0.0,0.0,19.1,292.67,3.0,7,100040.0,9999999
59287,0,3479,27.7,21.16,0.0,0.0,19.1,292.49,3.0,14,100040.0,9999999
59287,0,3480,27.5,21.16,0.0,0.0,19.1,292.85,3.0,15,99970.0,9999999
59287,0,3481,27.4,21.03,0.0,0.0,19.1,292.67,3.0,3,99970.0,9999999
59287,0,3482,27.1,20.65,0.0,0.0,19.1,291.07,2.0,8,99970.0,9999999
59287,0,3483,26.7,20.15,0.0,0.0,19.1,292.49,2.0,12,99970.0,9999999
59287,0,3484,26.3,19.66,0.0,0.0,19.1,291.43,2.0,9,99970.0,9999999
59287,0,3485,26.1,19.42,0.0,0.0,19.1,290.54,2.0,11,99970.0,9999999
59287,0,3486,26.4,19.54,19.0,11.0,19.1,292.67,2.0,5,99970.0,9999999
59287,0,3487,27.1,19.91,60.0,60.0,19.1,294.24,2.0,10,99970.0,9999999
59287,0,3488,27.9,20.27,262.0,155.0,19.1,293.72,3.0,8,99970.0,9999999
59287,0,3489,28.7,20.15,184.0,184.0,19.1,294.41,3.0,4,99970.0,9999999
59287,0,3490,29.5,19.91,242.0,242.0,19.1,299.46,3.0,13,99970.0,9999999
59287,0,3491,30.3,19.54,622.0,369.0,19.1,295.79,3.0,6,99970.0,9999999
59287,0,3492,31.1,19.3,672.0,399.0,19.1,297.31,3.0,1,99970.0,9999999
59287,0,3493,32.0,19.42,669.0,397.0,19.1,293.2,3.0,8,99970.0,9999999
59287,0,3494,33.1,20.15,282.0,282.0,19.1,303.01,2.0,8,99970.0,9999999
59287,0,3495,33.9,21.16,513.0,304.0,19.1,301.25,2.0,8,99970.0,9999999
59287,0,3496,33.6,21.55,177.0,177.0,19.1,302.06,2.0,9,99970.0,9999999
59287,0,3497,32.8,21.55,113.0,113.0,19.1,298.64,2.0,14,99970.0,9999999
59287,0,3498,31.6,21.29,54.0,54.0,19.1,298.97,2.0,15,99970.0,9999999
59287,0,3499,30.5,21.03,8.0,5.0,19.1,300.61,2.0,14,99970.0,9999999
59287,0,3500,29.4,20.78,0.0,0.0,19.1,295.27,3.0,8,99970.0,9999999
59287,0,3501,28.7,20.65,0.0,0.0,19.1,295.96,3.0,3,99970.0,9999999
59287,0,3502,28.2,20.65,0.0,0.0,19.1,293.37,3.0,2,99970.0,9999999
59287,0,3503,27.9,20.65,0.0,0.0,19.1,290.89,3.0,14,99970.0,9999999
59287,0,3504,27.8,20.78,0.0,0.0,19.1,293.02,3.0,4,100100.0,9999999
59287,0,3505,27.8,20.9,0.0,0.0,19.1,290.72,3.0,10,100100.0,9999999
59287,0,3506,27.7,20.9,0.0,0.0,19.1,290.72,2.0,10,100100.0,9999999
59287,0,3507,27.6,20.9,0.0,0.0,19.1,293.37,2.0,11,100100.0,9999999
59287,0,3508,27.4,20.78,0.0,0.0,19.1,297.47,2.0,5,100100.0,9999999
59287,0,3509,27.4,20.65,0.0,0.0,19.1,294.76,2.0,7,100100.0,9999999
59287,0,3510,27.5,20.65,9.0,9.0,19.1,294.76,2.0,4,100100.0,9999999
59287,0,3511,27.8,20.65,61.0,61.0,19.1,294.24,2.0,11,100100.0,9999999
59287,0,3512,28.4,20.78,123.0,123.0,19.1,294.24,2.0,8,100100.0,9999999
59287,0,3513,29.4,21.16,187.0,187.0,19.1,297.98,2.0,10,100100.0,9999999
59287,0,3514,30.5,21.55,246.0,246.0,19.1,294.41,2.0,7,100100.0,9999999
59287,0,3515,31.5,21.68,291.0,291.0,19.1,301.74,2.0,1,100100.0,9999999
59287,0,3516,32.2,21.68,315.0,315.0,19.1,299.63,2.0,10,100100.0,9999999
59287,0,3517,32.3,21.29,313.0,313.0,19.1,300.77,2.0,11,100100.0,9999999
59287,0,3518,31.6,20.52,287.0,287.0,19.1,301.58,2.0,8,100100.0,9999999
59287,0,3519,29.8,19.19,240.0,240.0,19.1,297.98,2.0,2,100100.0,9999999
59287,0,3520,27.4,17.6,180.0,180.0,19.1,292.67,2.0,1,100100.0,9999999
59287,0,3521,25.3,16.65,116.0,116.0,19.1,291.79,2.0,1,100100.0,9999999
59287,0,3522,24.2,16.65,55.0,55.0,19.1,288.72,2.0,11,100100.0,9999999
59287,0,3523,24.6,18.15,4.0,4.0,19.1,288.17,2.0,1,100100.0,9999999
59287,0,3524,25.1,19.54,0.0,0.0,19.1,292.32,0.0,0,100100.0,9999999
59287,0,3525,24.7,19.66,0.0,0.0,19.1,293.02,0.0,6,100100.0,9999999
59287,0,3526,24.5,19.66,0.0,0.0,19.1,289.09,0.0,13,100100.0,9999999
59287,0,3527,24.8,20.03,0.0,0.0,19.1,292.14,0.0,12,100100.0,9999999
59287,0,3528,25.4,20.52,0.0,0.0,19.1,287.06,0.0,14,100310.0,9999999
59287,0,3529,26.0,21.16,0.0,0.0,19.1,291.43,0.0,14,100310.0,9999999
59287,0,3530,26.5,21.55,0.0,0.0,19.1,291.96,2.0,6,100310.0,9999999
59287,0,3531,26.8,21.68,0.0,0.0,19.1,290.89,2.0,6,100310.0,9999999
59287,0,3532,26.9,21.68,0.0,0.0,19.1,292.32,2.0,9,100310.0,9999999
59287,0,3533,26.9,21.55,0.0,0.0,19.1,291.79,2.0,16,100310.0,9999999
59287,0,3534,27.0,21.42,13.0,9.0,19.1,294.41,2.0,1,100310.0,9999999
59287,0,3535,27.2,21.42,85.0,61.0,19.1,290.36,2.0,4,100310.0,9999999
59287,0,3536,27.8,21.55,171.0,122.0,19.1,292.67,2.0,8,100310.0,9999999
59287,0,3537,28.7,21.95,261.0,186.0,19.1,298.97,2.0,10,100310.0,9999999
59287,0,3538,29.8,22.49,171.0,171.0,19.1,298.47,2.0,2,100310.0,9999999
59287,0,3539,30.8,22.9,405.0,289.0,19.1,292.67,2.0,16,100310.0,9999999
59287,0,3540,31.6,23.04,218.0,218.0,19.1,298.31,2.0,9,100310.0,9999999
59287,0,3541,31.9,22.9,435.0,311.0,19.1,297.98,2.0,4,100310.0,9999999
59287,0,3542,31.4,22.08,399.0,285.0,19.1,300.12,3.0,6,100310.0,9999999
59287,0,3543,30.6,21.55,334.0,238.0,19.1,294.59,3.0,1,100310.0,9999999
59287,0,3544,29.8,21.29,125.0,125.0,19.1,292.85,3.0,8,100310.0,9999999
59287,0,3545,29.0,21.42,161.0,115.0,19.1,299.14,3.0,10,100310.0,9999999
59287,0,3546,28.3,21.55,38.0,38.0,19.1,294.24,3.0,11,100310.0,9999999
59287,0,3547,27.7,21.68,6.0,4.0,19.1,289.45,3.0,1,100310.0,9999999
59287,0,3548,27.3,21.95,0.0,0.0,19.1,292.14,1.0,6,100310.0,9999999
59287,0,3549,27.1,22.08,0.0,0.0,19.1,290.36,1.0,12,100310.0,9999999
59287,0,3550,27.1,22.21,0.0,0.0,19.1,292.14,1.0,1,100310.0,9999999
59287,0,3551,27.2,22.21,0.0,0.0,19.1,295.96,1.0,5,100310.0,9999999
59287,0,3552,27.2,21.95,0.0,0.0,19.1,290.36,1.0,4,100440.0,9999999
59287,0,3553,27.1,21.55,0.0,0.0,19.1,292.49,1.0,6,100440.0,9999999
59287,0,3554,26.8,21.03,0.0,0.0,19.1,289.81,1.0,7,100440.0,9999999
59287,0,3555,26.3,20.15,0.0,0.0,19.1,287.8,1.0,5,100440.0,9999999
59287,0,3556,25.7,19.54,0.0,0.0,19.1,290.36,1.0,8,100440.0,9999999
59287,0,3557,25.5,19.19,0.0,0.0,19.1,293.72,1.0,16,100440.0,9999999
59287,0,3558,25.9,19.66,17.0,11.0,19.1,291.07,1.0,5,100440.0,9999999
59287,0,3559,26.7,20.65,108.0,75.0,19.1,289.63,1.0,1,100440.0,9999999
59287,0,3560,27.5,21.68,215.0,150.0,19.1,292.32,1.0,5,100440.0,9999999
59287,0,3561,28.1,22.35,144.0,144.0,19.1,294.76,1.0,3,100440.0,9999999
59287,0,3562,28.4,22.76,431.0,299.0,19.1,295.96,1.0,2,100440.0,9999999
59287,0,3563,28.5,22.76,223.0,223.0,19.1,292.85,1.0,2,100440.0,9999999
59287,0,3564,28.7,22.76,241.0,241.0,19.1,290.54,1.0,6,100440.0,9999999
59287,0,3565,28.9,22.76,240.0,240.0,19.1,299.3,1.0,8,100440.0,9999999
59287,0,3566,29.4,22.9,502.0,349.0,19.1,294.41,1.0,8,100440.0,9999999
59287,0,3567,30.1,23.32,420.0,292.0,19.1,295.1,1.0,1,100440.0,9999999
59287,0,3568,30.8,23.6,138.0,138.0,19.1,297.64,1.0,2,100440.0,9999999
59287,0,3569,31.1,23.46,203.0,141.0,19.1,298.81,1.0,4,100440.0,9999999
59287,0,3570,30.7,22.35,96.0,67.0,19.1,296.8,1.0,2,100440.0,9999999
59287,0,3571,29.7,20.9,8.0,5.0,19.1,292.67,1.0,5,100440.0,9999999
59287,0,3572,28.7,19.66,0.0,0.0,19.1,294.93,2.0,8,100440.0,9999999
59287,0,3573,28.0,19.07,0.0,0.0,19.1,290.72,2.0,9,100440.0,9999999
59287,0,3574,27.6,19.07,0.0,0.0,19.1,291.96,2.0,5,100440.0,9999999
59287,0,3575,27.3,19.3,0.0,0.0,19.1,291.79,2.0,8,100440.0,9999999
59287,0,3576,27.1,19.78,0.0,0.0,19.1,292.85,2.0,12,100370.0,9999999
59287,0,3577,26.9,20.03,0.0,0.0,19.1,292.14,2.0,1,100370.0,9999999
59287,0,3578,26.5,19.91,0.0,0.0,19.1,292.85,1.0,8,100370.0,9999999
59287,0,3579,25.9,19.42,0.0,0.0,19.1,290.89,1.0,12,100370.0,9999999
59287,0,3580,25.3,18.84,0.0,0.0,19.1,289.63,1.0,1,100370.0,9999999
59287,0,3581,25.0,18.38,0.0,0.0,19.1,291.96,1.0,9,100370.0,9999999
59287,0,3582,25.5,18.61,23.0,9.0,19.1,290.36,1.0,1,100370.0,9999999
59287,0,3583,26.5,19.3,85.0,85.0,19.1,289.27,1.0,14,100370.0,9999999
59287,0,3584,27.8,20.15,290.0,109.0,19.1,294.24,1.0,7,100370.0,9999999
59287,0,3585,28.9,20.4,259.0,259.0,19.1,297.31,1.0,2,100370.0,9999999
59287,0,3586,29.8,20.27,580.0,219.0,19.1,296.97,1.0,1,100370.0,9999999
59287,0,3587,30.6,19.78,684.0,258.0,19.1,296.13,1.0,16,100370.0,9999999
59287,0,3588,31.2,19.3,1116.0,289.0,19.1,298.31,1.0,6,100370.0,9999999
59287,0,3589,31.9,19.07,736.0,278.0,19.1,296.8,1.0,5,100370.0,9999999
59287,0,3590,32.6,19.19,675.0,255.0,19.1,297.98,4.0,8,100370.0,9999999
59287,0,3591,33.1,19.66,332.0,332.0,19.1,298.64,4.0,2,100370.0,9999999
59287,0,3592,32.8,19.66,425.0,160.0,19.1,298.31,4.0,10,100370.0,9999999
59287,0,3593,32.1,19.54,160.0,160.0,19.1,301.9,4.0,16,100370.0,9999999
59287,0,3594,31.2,19.42,77.0,77.0,19.1,297.31,4.0,9,100370.0,9999999
59287,0,3595,30.2,19.3,11.0,4.0,19.1,295.61,4.0,15,100370.0,9999999
59287,0,3596,29.3,19.3,0.0,0.0,19.1,297.47,3.0,8,100370.0,9999999
59287,0,3597,28.7,19.54,0.0,0.0,19.1,295.79,3.0,12,100370.0,9999999
59287,0,3598,28.4,19.91,0.0,0.0,19.1,293.55,3.0,7,100370.0,9999999
59287,0,3599,28.2,20.4,0.0,0.0,19.1,293.89,3.0,6,100370.0,9999999
59287,0,3600,27.9,20.65,0.0,0.0,19.1,296.46,3.0,3,100280.0,9999999
59287,0,3601,27.6,20.78,0.0,0.0,19.1,294.07,3.0,5,100280.0,9999999
59287,0,3602,27.1,20.4,0.0,0.0,19.1,288.72,0.0,0,100280.0,9999999
59287,0,3603,26.3,19.78,0.0,0.0,19.1,292.67,0.0,11,100280.0,9999999
59287,0,3604,25.6,18.95,0.0,0.0,19.1,292.67,0.0,2,100280.0,9999999
59287,0,3605,25.3,18.49,0.0,0.0,19.1,290.18,0.0,7,100280.0,9999999
59287,0,3606,25.8,18.95,23.0,10.0,19.1,295.61,0.0,7,100280.0,9999999
59287,0,3607,26.9,19.91,85.0,85.0,19.1,296.8,0.0,2,100280.0,9999999
59287,0,3608,28.0,20.9,287.0,124.0,19.1,293.89,1.0,8,100280.0,9999999
59287,0,3609,28.7,21.16,436.0,188.0,19.1,294.59,1.0,14,100280.0,9999999
59287,0,3610,29.0,20.9,336.0,336.0,19.1,297.47,1.0,1,100280.0,9999999
59287,0,3611,29.2,20.4,397.0,397.0,19.1,294.93,1.0,4,100280.0,9999999
59287,0,3612,29.4,20.03,429.0,429.0,19.1,295.1,1.0,11,100280.0,9999999
59287,0,3613,29.9,20.03,727.0,313.0,19.1,295.44,1.0,10,100280.0,9999999
59287,0,3614,30.7,20.65,392.0,392.0,19.1,292.14,3.0,8,100280.0,9999999
59287,0,3615,32.0,22.21,328.0,328.0,19.1,300.61,3.0,13,100280.0,9999999
59287,0,3616,33.2,24.03,420.0,181.0,19.1,303.8,3.0,1,100280.0,9999999
59287,0,3617,33.8,25.22,610.0,187.0,19.1,299.63,3.0,15,100280.0,9999999
59287,0,3618,32.9,24.33,325.0,100.0,19.1,298.64,3.0,3,100280.0,9999999
59287,0,3619,31.0,22.21,11.0,5.0,19.1,296.46,3.0,7,100280.0,9999999
59287,0,3620,29.4,20.52,0.0,0.0,19.1,296.63,2.0,7,100280.0,9999999
59287,0,3621,28.9,20.03,0.0,0.0,19.1,294.59,2.0,10,100280.0,9999999
59287,0,3622,28.9,20.15,0.0,0.0,19.1,290.36,2.0,14,100280.0,9999999
59287,0,3623,28.6,19.78,0.0,0.0,19.1,289.99,2.0,12,100280.0,9999999
59287,0,3624,27.9,19.07,0.0,0.0,22.58,294.07,2.0,2,100690.0,9999999
59287,0,3625,26.9,18.15,0.0,0.0,22.58,293.72,2.0,2,100690.0,9999999
59287,0,3626,25.9,17.28,0.0,0.0,22.58,295.27,1.0,5,100690.0,9999999
59287,0,3627,25.0,16.65,0.0,0.0,22.58,288.17,1.0,16,100690.0,9999999
59287,0,3628,24.2,16.24,0.0,0.0,22.58,291.96,1.0,13,100690.0,9999999
59287,0,3629,23.8,16.14,0.0,0.0,22.58,286.12,1.0,9,100690.0,9999999
59287,0,3630,23.8,16.24,8.0,8.0,22.58,293.02,1.0,4,100690.0,9999999
59287,0,3631,24.1,16.65,47.0,47.0,22.58,290.72,1.0,4,100690.0,9999999
59287,0,3632,24.7,16.85,94.0,94.0,22.58,287.99,2.0,6,100690.0,9999999
59287,0,3633,25.4,16.85,143.0,143.0,22.58,286.31,2.0,7,100690.0,9999999
59287,0,3634,26.0,16.65,188.0,188.0,22.58,292.67,2.0,5,100690.0,9999999
59287,0,3635,26.7,16.24,222.0,222.0,22.58,294.24,2.0,2,100690.0,9999999
59287,0,3636,27.3,15.74,240.0,240.0,22.58,292.67,2.0,11,100690.0,9999999
59287,0,3637,27.7,15.25,239.0,239.0,22.58,296.63,2.0,8,100690.0,9999999
59287,0,3638,28.0,14.88,219.0,219.0,22.58,290.72,2.0,4,100690.0,9999999
59287,0,3639,28.0,14.88,184.0,184.0,22.58,293.37,2.0,8,100690.0,9999999
59287,0,3640,27.9,15.16,138.0,138.0,22.58,292.67,2.0,7,100690.0,9999999
59287,0,3641,27.7,15.54,89.0,89.0,22.58,292.49,2.0,3,100690.0,9999999
59287,0,3642,27.3,15.94,43.0,43.0,22.58,292.14,2.0,3,100690.0,9999999
59287,0,3643,27.0,16.34,4.0,4.0,22.58,291.43,2.0,3,100690.0,9999999
59287,0,3644,26.6,16.65,0.0,0.0,22.58,289.81,1.0,8,100690.0,9999999
59287,0,3645,26.3,16.75,0.0,0.0,22.58,289.63,1.0,5,100690.0,9999999
59287,0,3646,26.1,16.75,0.0,0.0,22.58,295.44,1.0,2,100690.0,9999999
59287,0,3647,25.8,16.65,0.0,0.0,22.58,291.61,1.0,8,100690.0,9999999
59287,0,3648,25.6,16.44,0.0,0.0,22.58,287.8,1.0,7,100720.0,9999999
59287,0,3649,25.2,16.14,0.0,0.0,22.58,287.43,1.0,9,100720.0,9999999
59287,0,3650,24.8,15.74,0.0,0.0,22.58,288.54,1.0,4,100720.0,9999999
59287,0,3651,24.3,15.35,0.0,0.0,22.58,288.54,1.0,11,100720.0,9999999
59287,0,3652,23.8,14.97,0.0,0.0,22.58,285.74,1.0,3,100720.0,9999999
59287,0,3653,23.6,14.78,0.0,0.0,22.58,289.81,1.0,4,100720.0,9999999
59287,0,3654,23.8,14.97,9.0,9.0,22.58,287.43,1.0,8,100720.0,9999999
59287,0,3655,24.3,15.16,52.0,52.0,22.58,287.99,1.0,7,100720.0,9999999
59287,0,3656,24.8,15.35,103.0,103.0,22.58,289.63,1.0,4,100720.0,9999999
59287,0,3657,25.3,15.25,157.0,157.0,22.58,290.72,1.0,15,100720.0,9999999
59287,0,3658,25.7,14.97,205.0,205.0,22.58,289.81,1.0,9,100720.0,9999999
59287,0,3659,26.1,14.6,242.0,242.0,22.58,288.9,1.0,6,100720.0,9999999
59287,0,3660,26.6,14.51,262.0,262.0,22.58,292.67,1.0,2,100720.0,9999999
59287,0,3661,27.2,14.6,261.0,261.0,22.58,291.79,1.0,3,100720.0,9999999
59287,0,3662,27.9,15.35,239.0,239.0,22.58,292.14,2.0,4,100720.0,9999999
59287,0,3663,28.7,16.65,200.0,200.0,22.58,293.72,2.0,6,100720.0,9999999
59287,0,3664,29.1,18.04,151.0,151.0,22.58,298.64,2.0,12,100720.0,9999999
59287,0,3665,28.7,18.84,97.0,97.0,22.58,289.99,2.0,15,100720.0,9999999
59287,0,3666,27.7,18.95,47.0,47.0,22.58,292.14,2.0,8,100720.0,9999999
59287,0,3667,26.5,18.72,4.0,4.0,22.58,292.67,2.0,4,100720.0,9999999
59287,0,3668,25.4,18.49,0.0,0.0,22.58,289.81,1.0,6,100720.0,9999999
59287,0,3669,24.8,18.38,0.0,0.0,22.58,292.85,1.0,16,100720.0,9999999
59287,0,3670,24.7,18.38,0.0,0.0,22.58,289.09,1.0,15,100720.0,9999999
59287,0,3671,24.8,18.61,0.0,0.0,22.58,290.89,1.0,10,100720.0,9999999
59287,0,3672,25.0,18.84,0.0,0.0,22.58,291.25,1.0,9,100610.0,9999999
59287,0,3673,25.2,18.95,0.0,0.0,22.58,286.5,1.0,16,100610.0,9999999
59287,0,3674,25.2,18.84,0.0,0.0,22.58,293.37,2.0,5,100610.0,9999999
59287,0,3675,25.0,18.61,0.0,0.0,22.58,289.27,2.0,5,100610.0,9999999
59287,0,3676,24.7,18.26,0.0,0.0,22.58,290.72,2.0,12,100610.0,9999999
59287,0,3677,24.5,18.15,0.0,0.0,22.58,288.72,2.0,7,100610.0,9999999
59287,0,3678,24.7,18.38,7.0,7.0,22.58,289.09,2.0,13,100610.0,9999999
59287,0,3679,25.2,18.95,42.0,42.0,22.58,290.89,2.0,11,100610.0,9999999
59287,0,3680,25.8,19.54,84.0,84.0,22.58,294.07,3.0,7,100610.0,9999999
59287,0,3681,26.2,19.91,128.0,128.0,22.58,290.72,3.0,15,100610.0,9999999
59287,0,3682,26.5,19.91,167.0,167.0,22.58,290.36,3.0,3,100610.0,9999999
59287,0,3683,26.6,19.91,197.0,197.0,22.58,289.45,3.0,1,100610.0,9999999
59287,0,3684,26.9,19.78,213.0,213.0,22.58,296.8,3.0,10,100610.0,9999999
59287,0,3685,27.1,19.78,212.0,212.0,22.58,294.41,3.0,13,100610.0,9999999
59287,0,3686,27.6,20.15,195.0,195.0,22.58,293.89,3.0,8,100610.0,9999999
59287,0,3687,28.2,20.65,163.0,163.0,22.58,289.81,3.0,9,100610.0,9999999
59287,0,3688,28.5,20.9,123.0,123.0,22.58,294.93,3.0,16,100610.0,9999999
59287,0,3689,28.3,20.52,79.0,79.0,22.58,298.31,3.0,9,100610.0,9999999
59287,0,3690,27.7,19.78,38.0,38.0,22.58,294.07,3.0,4,100610.0,9999999
59287,0,3691,27.0,19.07,4.0,4.0,22.58,296.8,3.0,12,100610.0,9999999
59287,0,3692,26.4,18.49,0.0,0.0,22.58,291.79,2.0,7,100610.0,9999999
59287,0,3693,26.0,18.15,0.0,0.0,22.58,295.61,2.0,8,100610.0,9999999
59287,0,3694,25.8,18.15,0.0,0.0,22.58,289.45,2.0,11,100610.0,9999999
59287,0,3695,25.7,18.38,0.0,0.0,22.58,292.67,2.0,9,100610.0,9999999
59287,0,3696,25.7,18.61,0.0,0.0,22.58,289.45,2.0,6,100240.0,9999999
59287,0,3697,25.7,18.95,0.0,0.0,22.58,293.89,2.0,16,100240.0,9999999
59287,0,3698,25.6,19.07,0.0,0.0,22.58,288.35,1.0,8,100240.0,9999999
59287,0,3699,25.4,19.19,0.0,0.0,22.58,295.27,1.0,3,100240.0,9999999
59287,0,3700,25.1,19.19,0.0,0.0,22.58,290.72,1.0,4,100240.0,9999999
59287,0,3701,25.0,19.19,0.0,0.0,22.58,294.76,1.0,12,100240.0,9999999
59287,0,3702,25.0,19.3,11.0,11.0,22.58,294.93,1.0,6,100240.0,9999999
59287,0,3703,25.5,19.66,67.0,67.0,22.58,292.67,1.0,9,100240.0,9999999
59287,0,3704,26.4,20.27,133.0,133.0,22.58,293.72,2.0,8,100240.0,9999999
59287,0,3705,27.8,21.29,202.0,202.0,22.58,293.72,2.0,6,100240.0,9999999
59287,0,3706,29.5,22.35,265.0,265.0,22.58,295.61,2.0,6,100240.0,9999999
59287,0,3707,30.9,23.04,313.0,313.0,22.58,298.64,2.0,16,100240.0,9999999
59287,0,3708,31.8,23.04,338.0,338.0,22.58,299.46,2.0,10,100240.0,9999999
59287,0,3709,31.6,22.08,337.0,337.0,22.58,300.28,2.0,5,100240.0,9999999
59287,0,3710,30.2,20.03,309.0,309.0,22.58,291.61,3.0,13,100240.0,9999999
59287,0,3711,28.0,17.93,259.0,259.0,22.58,293.2,3.0,16,100240.0,9999999
59287,0,3712,25.7,16.24,195.0,195.0,22.58,288.9,3.0,5,100240.0,9999999
59287,0,3713,24.0,15.45,126.0,126.0,22.58,288.35,3.0,5,100240.0,9999999
59287,0,3714,23.5,15.94,61.0,61.0,22.58,287.99,3.0,2,100240.0,9999999
59287,0,3715,23.9,17.06,6.0,6.0,22.58,284.99,3.0,5,100240.0,9999999
59287,0,3716,24.5,18.49,0.0,0.0,22.58,289.45,0.0,0,100240.0,9999999
59287,0,3717,25.0,19.42,0.0,0.0,22.58,288.72,0.0,2,100240.0,9999999
59287,0,3718,25.2,19.91,0.0,0.0,22.58,290.89,0.0,10,100240.0,9999999
59287,0,3719,25.2,19.91,0.0,0.0,22.58,292.49,0.0,9,100240.0,9999999
59287,0,3720,25.1,19.66,0.0,0.0,22.58,293.37,0.0,14,100060.0,9999999
59287,0,3721,24.8,19.19,0.0,0.0,22.58,289.81,0.0,7,100060.0,9999999
59287,0,3722,24.4,18.49,0.0,0.0,22.58,287.06,0.0,0,100060.0,9999999
59287,0,3723,23.9,18.04,0.0,0.0,22.58,289.99,0.0,8,100060.0,9999999
59287,0,3724,23.6,17.6,0.0,0.0,22.58,293.02,0.0,13,100060.0,9999999
59287,0,3725,23.4,17.49,0.0,0.0,22.58,284.6,0.0,6,100060.0,9999999
59287,0,3726,23.7,17.82,7.0,7.0,22.58,290.54,0.0,5,100060.0,9999999
59287,0,3727,24.3,18.61,40.0,40.0,22.58,289.27,0.0,7,100060.0,9999999
59287,0,3728,24.8,19.19,78.0,78.0,22.58,289.81,1.0,5,100060.0,9999999
59287,0,3729,24.9,19.3,119.0,119.0,22.58,290.54,1.0,13,100060.0,9999999
59287,0,3730,24.7,19.07,156.0,156.0,22.58,289.81,1.0,12,100060.0,9999999
59287,0,3731,24.4,18.61,184.0,184.0,22.58,288.17,1.0,16,100060.0,9999999
59287,0,3732,24.2,18.26,198.0,198.0,22.58,290.36,1.0,15,100060.0,9999999
59287,0,3733,24.4,18.26,197.0,197.0,22.58,287.06,1.0,8,100060.0,9999999
59287,0,3734,25.1,18.95,181.0,181.0,22.58,288.9,1.0,16,100060.0,9999999
59287,0,3735,26.4,20.27,152.0,152.0,22.58,294.93,1.0,4,100060.0,9999999
59287,0,3736,27.8,21.81,114.0,114.0,22.58,295.27,1.0,11,100060.0,9999999
59287,0,3737,28.4,22.35,74.0,74.0,22.58,298.81,1.0,11,100060.0,9999999
59287,0,3738,28.0,21.68,36.0,36.0,22.58,296.63,1.0,10,100060.0,9999999
59287,0,3739,27.2,20.65,4.0,4.0,22.58,294.59,1.0,7,100060.0,9999999
59287,0,3740,26.4,19.54,0.0,0.0,22.58,293.55,1.0,7,100060.0,9999999
59287,0,3741,25.8,19.07,0.0,0.0,22.58,287.24,1.0,6,100060.0,9999999
59287,0,3742,25.5,18.95,0.0,0.0,22.58,292.49,1.0,5,100060.0,9999999
59287,0,3743,25.4,18.95,0.0,0.0,22.58,289.81,1.0,9,100060.0,9999999
59287,0,3744,25.3,19.19,0.0,0.0,22.58,289.81,1.0,5,100200.0,9999999
59287,0,3745,25.2,19.3,0.0,0.0,22.58,290.36,1.0,12,100200.0,9999999
59287,0,3746,25.1,19.19,0.0,0.0,22.58,286.5,0.0,0,100200.0,9999999
59287,0,3747,24.8,18.84,0.0,0.0,22.58,293.02,0.0,2,100200.0,9999999
59287,0,3748,24.5,18.26,0.0,0.0,22.58,290.72,0.0,6,100200.0,9999999
59287,0,3749,24.4,17.93,0.0,0.0,22.58,290.36,0.0,12,100200.0,9999999
59287,0,3750,24.6,18.04,5.0,5.0,22.58,288.17,0.0,5,100200.0,9999999
59287,0,3751,25.3,18.61,26.0,26.0,22.58,292.32,0.0,3,100200.0,9999999
59287,0,3752,26.2,19.54,51.0,51.0,22.58,294.59,2.0,6,100200.0,9999999
59287,0,3753,27.3,21.03,78.0,78.0,22.58,292.67,2.0,6,100200.0,9999999
59287,0,3754,28.3,22.49,102.0,102.0,22.58,293.2,2.0,7,100200.0,9999999
59287,0,3755,28.7,23.32,120.0,120.0,22.58,297.64,2.0,6,100200.0,9999999
59287,0,3756,28.1,22.76,130.0,130.0,22.58,293.2,2.0,16,100200.0,9999999
59287,0,3757,26.8,21.16,129.0,129.0,22.58,290.89,2.0,1,100200.0,9999999
59287,0,3758,25.4,19.66,119.0,119.0,22.58,289.27,2.0,6,100200.0,9999999
59287,0,3759,24.6,18.84,99.0,99.0,22.58,289.09,2.0,1,100200.0,9999999
59287,0,3760,24.2,18.61,75.0,75.0,22.58,287.06,2.0,1,100200.0,9999999
59287,0,3761,24.3,18.72,48.0,48.0,22.58,291.43,2.0,16,100200.0,9999999
59287,0,3762,24.6,19.07,23.0,23.0,22.58,287.43,2.0,10,100200.0,9999999
59287,0,3763,25.0,19.54,2.0,2.0,22.58,290.72,2.0,7,100200.0,9999999
59287,0,3764,25.4,19.91,0.0,0.0,22.58,290.54,2.0,5,100200.0,9999999
59287,0,3765,25.6,20.15,0.0,0.0,22.58,295.61,2.0,13,100200.0,9999999
59287,0,3766,25.7,20.27,0.0,0.0,22.58,294.07,2.0,15,100200.0,9999999
59287,0,3767,25.6,20.27,0.0,0.0,22.58,294.07,2.0,12,100200.0,9999999
59287,0,3768,25.5,20.15,0.0,0.0,22.58,295.44,2.0,8,100210.0,9999999
59287,0,3769,25.3,19.91,0.0,0.0,22.58,288.17,2.0,4,100210.0,9999999
59287,0,3770,25.1,19.78,0.0,0.0,22.58,289.63,1.0,9,100210.0,9999999
59287,0,3771,24.9,19.66,0.0,0.0,22.58,289.45,1.0,1,100210.0,9999999
59287,0,3772,24.8,19.66,0.0,0.0,22.58,288.72,1.0,4,100210.0,9999999
59287,0,3773,24.8,19.66,0.0,0.0,22.58,289.45,1.0,3,100210.0,9999999
59287,0,3774,24.8,19.66,1.0,1.0,22.58,291.96,1.0,6,100210.0,9999999
59287,0,3775,24.9,19.66,8.0,8.0,22.58,289.99,1.0,15,100210.0,9999999
59287,0,3776,25.0,19.66,15.0,15.0,22.58,286.5,2.0,6,100210.0,9999999
59287,0,3777,25.1,19.54,23.0,23.0,22.58,291.43,2.0,8,100210.0,9999999
59287,0,3778,25.2,19.42,31.0,31.0,22.58,290.36,2.0,4,100210.0,9999999
59287,0,3779,25.4,19.3,36.0,36.0,22.58,290.36,2.0,1,100210.0,9999999
59287,0,3780,25.5,19.19,39.0,39.0,22.58,289.27,2.0,13,100210.0,9999999
59287,0,3781,25.7,19.19,39.0,39.0,22.58,288.54,2.0,8,100210.0,9999999
59287,0,3782,26.0,19.3,36.0,36.0,22.58,292.32,2.0,8,100210.0,9999999
59287,0,3783,26.3,19.66,30.0,30.0,22.58,287.8,2.0,2,100210.0,9999999
59287,0,3784,26.6,20.03,23.0,23.0,22.58,294.93,2.0,5,100210.0,9999999
59287,0,3785,26.7,20.27,15.0,15.0,22.58,295.1,2.0,12,100210.0,9999999
59287,0,3786,26.4,20.03,7.0,7.0,22.58,296.3,2.0,6,100210.0,9999999
59287,0,3787,25.7,19.3,1.0,1.0,22.58,293.89,2.0,9,100210.0,9999999
59287,0,3788,25.0,18.61,0.0,0.0,22.58,286.31,2.0,7,100210.0,9999999
59287,0,3789,24.6,18.26,0.0,0.0,22.58,290.72,2.0,12,100210.0,9999999
59287,0,3790,24.5,18.15,0.0,0.0,22.58,289.45,2.0,7,100210.0,9999999
59287,0,3791,24.5,18.15,0.0,0.0,22.58,291.43,2.0,7,100210.0,9999999
59287,0,3792,24.7,18.26,0.0,0.0,22.58,285.93,2.0,13,100160.0,9999999
59287,0,3793,24.8,18.49,0.0,0.0,22.58,292.85,2.0,4,100160.0,9999999
59287,0,3794,24.7,18.49,0.0,0.0,22.58,290.18,2.0,5,100160.0,9999999
59287,0,3795,24.5,18.38,0.0,0.0,22.58,289.99,2.0,13,100160.0,9999999
59287,0,3796,24.1,18.26,0.0,0.0,22.58,290.18,2.0,4,100160.0,9999999
59287,0,3797,24.0,18.26,0.0,0.0,22.58,287.62,2.0,8,100160.0,9999999
59287,0,3798,24.1,18.49,6.0,6.0,22.58,286.87,2.0,11,100160.0,9999999
59287,0,3799,24.4,18.72,34.0,34.0,22.58,289.99,2.0,2,100160.0,9999999
59287,0,3800,24.8,18.95,67.0,67.0,22.58,290.36,1.0,8,100160.0,9999999
59287,0,3801,25.2,19.07,102.0,102.0,22.58,295.1,1.0,3,100160.0,9999999
59287,0,3802,25.6,18.95,133.0,133.0,22.58,291.79,1.0,6,100160.0,9999999
59287,0,3803,26.0,18.84,157.0,157.0,22.58,290.36,1.0,15,100160.0,9999999
59287,0,3804,26.4,18.72,170.0,170.0,22.58,291.96,1.0,1,100160.0,9999999
59287,0,3805,26.8,18.61,169.0,169.0,22.58,291.61,1.0,6,100160.0,9999999
59287,0,3806,27.1,18.84,155.0,155.0,22.58,295.27,4.0,7,100160.0,9999999
59287,0,3807,27.3,19.19,130.0,130.0,22.58,293.55,4.0,7,100160.0,9999999
59287,0,3808,27.1,19.3,98.0,98.0,22.58,290.89,4.0,16,100160.0,9999999
59287,0,3809,26.7,19.3,63.0,63.0,22.58,293.72,4.0,8,100160.0,9999999
59287,0,3810,26.1,19.19,31.0,31.0,22.58,291.61,4.0,2,100160.0,9999999
59287,0,3811,25.5,19.07,3.0,3.0,22.58,289.99,4.0,1,100160.0,9999999
59287,0,3812,25.2,19.07,0.0,0.0,22.58,290.18,1.0,5,100160.0,9999999
59287,0,3813,25.1,19.19,0.0,0.0,22.58,286.5,1.0,1,100160.0,9999999
59287,0,3814,25.3,19.42,0.0,0.0,22.58,293.55,1.0,14,100160.0,9999999
59287,0,3815,25.5,19.66,0.0,0.0,22.58,293.89,1.0,6,100160.0,9999999
59287,0,3816,25.6,19.66,0.0,0.0,22.58,293.89,1.0,1,100200.0,9999999
59287,0,3817,25.5,19.54,0.0,0.0,22.58,292.67,1.0,13,100200.0,9999999
59287,0,3818,25.1,18.95,0.0,0.0,22.58,293.37,1.0,5,100200.0,9999999
59287,0,3819,24.3,18.04,0.0,0.0,22.58,289.27,1.0,16,100200.0,9999999
59287,0,3820,23.5,17.28,0.0,0.0,22.58,284.6,1.0,3,100200.0,9999999
59287,0,3821,23.1,16.96,0.0,0.0,22.58,288.35,1.0,11,100200.0,9999999
59287,0,3822,23.1,17.17,0.0,0.0,22.58,286.5,1.0,11,100200.0,9999999
59287,0,3823,23.1,17.28,0.0,0.0,22.58,285.55,1.0,6,100200.0,9999999
59287,0,3824,23.2,17.38,0.0,0.0,22.58,287.99,0.0,0,100200.0,9999999
59287,0,3825,23.4,17.6,0.0,0.0,22.58,290.18,0.0,5,100200.0,9999999
59287,0,3826,23.8,17.93,0.0,0.0,22.58,289.09,0.0,13,100200.0,9999999
59287,0,3827,24.1,18.26,0.0,0.0,22.58,292.32,0.0,6,100200.0,9999999
59287,0,3828,24.6,18.61,0.0,0.0,22.58,288.9,0.0,8,100200.0,9999999
59287,0,3829,25.0,18.95,0.0,0.0,22.58,292.14,0.0,10,100200.0,9999999
59287,0,3830,25.4,19.3,0.0,0.0,22.58,295.27,2.0,7,100200.0,9999999
59287,0,3831,25.7,19.66,0.0,0.0,22.58,295.61,2.0,14,100200.0,9999999
59287,0,3832,25.9,19.91,0.0,0.0,22.58,292.32,2.0,16,100200.0,9999999
59287,0,3833,26.0,20.03,0.0,0.0,22.58,292.32,2.0,8,100200.0,9999999
59287,0,3834,26.0,20.03,0.0,0.0,22.58,294.41,2.0,5,100200.0,9999999
59287,0,3835,25.9,20.03,0.0,0.0,22.58,291.07,2.0,5,100200.0,9999999
59287,0,3836,25.8,20.03,0.0,0.0,22.58,287.43,2.0,8,100200.0,9999999
59287,0,3837,25.7,20.03,0.0,0.0,22.58,288.72,2.0,11,100200.0,9999999
59287,0,3838,25.7,20.03,0.0,0.0,22.58,290.36,2.0,12,100200.0,9999999
59287,0,3839,25.6,20.03,0.0,0.0,22.58,289.63,2.0,7,100200.0,9999999
59287,0,3840,25.5,20.03,0.0,0.0,22.58,288.54,2.0,1,100130.0,9999999
59287,0,3841,25.4,19.91,0.0,0.0,22.58,291.07,2.0,10,100130.0,9999999
59287,0,3842,25.2,19.66,0.0,0.0,22.58,289.09,2.0,6,100130.0,9999999
59287,0,3843,24.9,19.3,0.0,0.0,22.58,289.45,2.0,2,100130.0,9999999
59287,0,3844,24.7,18.95,0.0,0.0,22.58,289.09,2.0,7,100130.0,9999999
59287,0,3845,24.6,18.84,0.0,0.0,22.58,285.93,2.0,1,100130.0,9999999
59287,0,3846,24.7,18.84,3.0,3.0,22.58,286.12,2.0,13,100130.0,9999999
59287,0,3847,24.8,18.84,16.0,16.0,22.58,293.02,2.0,4,100130.0,9999999
59287,0,3848,24.9,18.95,31.0,31.0,22.58,288.72,3.0,11,100130.0,9999999
59287,0,3849,24.9,18.95,47.0,47.0,22.58,287.62,3.0,7,100130.0,9999999
59287,0,3850,24.9,18.95,61.0,61.0,22.58,291.07,3.0,8,100130.0,9999999
59287,0,3851,25.0,19.07,72.0,72.0,22.58,288.72,3.0,6,100130.0,9999999
59287,0,3852,25.2,19.3,78.0,78.0,22.58,289.63,3.0,15,100130.0,9999999
59287,0,3853,25.5,19.78,78.0,78.0,22.58,289.45,3.0,3,100130.0,9999999
59287,0,3854,26.2,20.65,71.0,71.0,22.58,294.76,2.0,12,100130.0,9999999
59287,0,3855,27.1,22.08,60.0,60.0,22.58,292.67,2.0,4,100130.0,9999999
59287,0,3856,28.0,23.32,45.0,45.0,22.58,295.79,2.0,7,100130.0,9999999
59287,0,3857,28.4,23.89,29.0,29.0,22.58,297.47,2.0,11,100130.0,9999999
59287,0,3858,28.0,23.46,14.0,14.0,22.58,292.49,2.0,5,100130.0,9999999
59287,0,3859,27.2,22.35,2.0,2.0,22.58,297.47,2.0,16,100130.0,9999999
59287,0,3860,26.2,21.16,0.0,0.0,22.58,287.99,0.0,0,100130.0,9999999
59287,0,3861,25.4,20.15,0.0,0.0,22.58,290.72,0.0,14,100130.0,9999999
59287,0,3862,24.9,19.54,0.0,0.0,22.58,289.99,0.0,5,100130.0,9999999
59287,0,3863,24.7,19.3,0.0,0.0,22.58,286.12,0.0,8,100130.0,9999999
59287,0,3864,24.8,19.42,0.0,0.0,22.58,287.62,0.0,13,100140.0,9999999
59287,0,3865,25.3,20.03,0.0,0.0,22.58,291.07,0.0,14,100140.0,9999999
59287,0,3866,26.2,21.16,0.0,0.0,22.58,291.07,1.0,7,100140.0,9999999
59287,0,3867,27.4,22.76,0.0,0.0,22.58,290.72,1.0,11,100140.0,9999999
59287,0,3868,28.5,24.18,0.0,0.0,22.58,293.02,1.0,3,100140.0,9999999
59287,0,3869,28.8,24.62,0.0,0.0,22.58,297.98,1.0,6,100140.0,9999999
59287,0,3870,28.0,23.46,8.0,8.0,22.58,292.49,1.0,16,100140.0,9999999
59287,0,3871,26.8,21.81,46.0,46.0,22.58,294.41,1.0,16,100140.0,9999999
59287,0,3872,26.2,20.9,90.0,90.0,22.58,296.3,0.0,0,100140.0,9999999
59287,0,3873,26.1,20.78,136.0,136.0,22.58,293.37,0.0,9,100140.0,9999999
59287,0,3874,25.8,20.4,178.0,178.0,22.58,291.61,0.0,16,100140.0,9999999
59287,0,3875,25.4,19.91,210.0,210.0,22.58,293.72,0.0,4,100140.0,9999999
59287,0,3876,25.0,19.42,226.0,226.0,22.58,293.37,0.0,7,100140.0,9999999
59287,0,3877,24.7,19.07,225.0,225.0,22.58,287.62,0.0,3,100140.0,9999999
59287,0,3878,24.6,18.95,207.0,207.0,22.58,290.18,0.0,0,100140.0,9999999
59287,0,3879,24.4,18.72,174.0,174.0,22.58,292.49,0.0,3,100140.0,9999999
59287,0,3880,23.9,18.15,131.0,131.0,22.58,289.99,0.0,12,100140.0,9999999
59287,0,3881,23.5,17.71,85.0,85.0,22.58,293.02,0.0,2,100140.0,9999999
59287,0,3882,23.4,17.6,41.0,41.0,22.58,287.62,0.0,8,100140.0,9999999
59287,0,3883,23.5,17.71,5.0,5.0,22.58,287.8,0.0,11,100140.0,9999999
59287,0,3884,23.6,17.82,0.0,0.0,22.58,287.24,0.0,0,100140.0,9999999
59287,0,3885,23.6,17.82,0.0,0.0,22.58,289.63,0.0,5,100140.0,9999999
59287,0,3886,23.5,17.71,0.0,0.0,22.58,293.02,0.0,10,100140.0,9999999
59287,0,3887,23.4,17.6,0.0,0.0,22.58,287.62,0.0,2,100140.0,9999999
59287,0,3888,23.5,17.71,0.0,0.0,22.58,287.8,0.0,3,100120.0,9999999
59287,0,3889,23.6,17.93,0.0,0.0,22.58,289.63,0.0,13,100120.0,9999999
59287,0,3890,23.7,18.15,0.0,0.0,22.58,287.99,0.0,0,100120.0,9999999
59287,0,3891,23.6,18.26,0.0,0.0,22.58,289.09,0.0,8,100120.0,9999999
59287,0,3892,23.5,18.26,0.0,0.0,22.58,289.63,0.0,8,100120.0,9999999
59287,0,3893,23.5,18.38,0.0,0.0,22.58,291.61,0.0,5,100120.0,9999999
59287,0,3894,23.7,18.49,42.0,20.0,22.58,290.72,0.0,8,100120.0,9999999
59287,0,3895,24.3,18.84,230.0,110.0,22.58,287.06,0.0,14,100120.0,9999999
59287,0,3896,25.4,19.54,156.0,156.0,22.58,291.07,1.0,8,100120.0,9999999
59287,0,3897,27.0,20.4,235.0,235.0,22.58,297.14,1.0,7,100120.0,9999999
59287,0,3898,29.0,21.29,892.0,425.0,22.58,294.93,1.0,5,100120.0,9999999
59287,0,3899,30.8,21.95,363.0,363.0,22.58,298.31,1.0,1,100120.0,9999999
59287,0,3900,32.2,22.08,1136.0,541.0,22.58,302.38,1.0,7,100120.0,9999999
59287,0,3901,32.7,21.42,390.0,390.0,22.58,297.31,1.0,5,100120.0,9999999
59287,0,3902,31.5,19.54,358.0,358.0,22.58,298.47,2.0,10,100120.0,9999999
59287,0,3903,29.8,18.04,300.0,300.0,22.58,294.59,2.0,3,100120.0,9999999
59287,0,3904,28.3,17.49,226.0,226.0,22.58,296.13,2.0,6,100120.0,9999999
59287,0,3905,27.1,17.38,147.0,147.0,22.58,289.45,2.0,5,100120.0,9999999
59287,0,3906,26.0,17.6,207.0,99.0,22.58,291.25,2.0,2,100120.0,9999999
59287,0,3907,25.2,17.82,8.0,8.0,22.58,288.72,2.0,10,100120.0,9999999
59287,0,3908,24.6,18.15,0.0,0.0,22.58,289.45,0.0,0,100120.0,9999999
59287,0,3909,24.3,18.38,0.0,0.0,22.58,292.49,0.0,13,100120.0,9999999
59287,0,3910,24.2,18.49,0.0,0.0,22.58,289.09,0.0,11,100120.0,9999999
59287,0,3911,24.2,18.61,0.0,0.0,22.58,291.25,0.0,12,100120.0,9999999
59287,0,3912,24.3,18.61,0.0,0.0,22.58,288.72,0.0,3,99810.0,9999999
59287,0,3913,24.5,18.49,0.0,0.0,22.58,285.74,0.0,10,99810.0,9999999
59287,0,3914,24.5,18.49,0.0,0.0,22.58,291.43,0.0,0,99810.0,9999999
59287,0,3915,24.5,18.38,0.0,0.0,22.58,289.99,0.0,1,99810.0,9999999
59287,0,3916,24.4,18.26,0.0,0.0,22.58,291.25,0.0,3,99810.0,9999999
59287,0,3917,24.3,18.26,0.0,0.0,22.58,289.81,0.0,14,99810.0,9999999
59287,0,3918,24.6,18.49,12.0,12.0,22.58,285.93,0.0,13,99810.0,9999999
59287,0,3919,25.4,19.42,63.0,63.0,22.58,295.27,0.0,14,99810.0,9999999
59287,0,3920,26.8,20.78,123.0,123.0,22.58,291.61,2.0,9,99810.0,9999999
59287,0,3921,28.5,22.49,187.0,187.0,22.58,298.97,2.0,14,99810.0,9999999
59287,0,3922,30.0,23.89,244.0,244.0,22.58,295.1,2.0,13,99810.0,9999999
59287,0,3923,30.7,23.89,288.0,288.0,22.58,295.1,2.0,10,99810.0,9999999
59287,0,3924,30.2,22.49,310.0,310.0,22.58,295.79,2.0,3,99810.0,9999999
59287,0,3925,29.1,20.65,309.0,309.0,22.58,290.72,2.0,6,99810.0,9999999
59287,0,3926,27.9,18.95,284.0,284.0,22.58,297.64,2.0,13,99810.0,9999999
59287,0,3927,26.9,18.04,238.0,238.0,22.58,291.07,2.0,2,99810.0,9999999
59287,0,3928,26.2,17.71,180.0,180.0,22.58,291.43,2.0,2,99810.0,9999999
59287,0,3929,25.6,17.71,116.0,116.0,22.58,288.17,2.0,10,99810.0,9999999
59287,0,3930,25.2,17.93,57.0,57.0,22.58,292.14,2.0,2,99810.0,9999999
59287,0,3931,25.0,18.15,7.0,7.0,22.58,294.59,2.0,15,99810.0,9999999
59287,0,3932,24.7,18.26,0.0,0.0,22.58,294.41,1.0,16,99810.0,9999999
59287,0,3933,24.4,18.26,0.0,0.0,22.58,287.99,1.0,9,99810.0,9999999
59287,0,3934,24.1,17.93,0.0,0.0,22.58,287.8,1.0,9,99810.0,9999999
59287,0,3935,23.8,17.6,0.0,0.0,22.58,290.72,1.0,10,99810.0,9999999
59287,0,3936,23.5,17.17,0.0,0.0,22.58,290.18,1.0,2,99900.0,9999999
59287,0,3937,23.1,16.75,0.0,0.0,22.58,292.49,1.0,10,99900.0,9999999
59287,0,3938,22.8,16.44,0.0,0.0,22.58,288.54,1.0,16,99900.0,9999999
59287,0,3939,22.5,16.24,0.0,0.0,22.58,291.79,1.0,4,99900.0,9999999
59287,0,3940,22.2,16.04,0.0,0.0,22.58,283.06,1.0,16,99900.0,9999999
59287,0,3941,22.1,16.04,0.0,0.0,22.58,283.06,1.0,4,99900.0,9999999
59287,0,3942,22.2,16.14,19.0,4.0,22.58,287.99,1.0,6,99900.0,9999999
59287,0,3943,22.7,16.34,174.0,22.0,22.58,285.93,1.0,3,99900.0,9999999
59287,0,3944,23.3,16.44,340.0,44.0,22.58,291.07,2.0,16,99900.0,9999999
59287,0,3945,24.1,16.24,514.0,66.0,22.58,286.31,2.0,6,99900.0,9999999
59287,0,3946,25.1,15.94,672.0,87.0,22.58,288.9,2.0,8,99900.0,9999999
59287,0,3947,26.3,15.64,792.0,102.0,22.58,286.87,2.0,10,99900.0,9999999
59287,0,3948,27.6,15.35,855.0,110.0,22.58,288.17,2.0,10,99900.0,9999999
59287,0,3949,29.2,15.45,852.0,110.0,22.58,296.63,2.0,10,99900.0,9999999
59287,0,3950,31.0,16.04,782.0,101.0,22.58,291.61,1.0,12,99900.0,9999999
59287,0,3951,32.3,16.85,656.0,85.0,22.58,297.98,1.0,10,99900.0,9999999
59287,0,3952,32.0,16.75,495.0,64.0,22.58,295.1,1.0,12,99900.0,9999999
59287,0,3953,31.2,16.65,321.0,41.0,22.58,295.61,1.0,7,99900.0,9999999
59287,0,3954,30.1,16.65,156.0,20.0,22.58,294.41,1.0,1,99900.0,9999999
59287,0,3955,28.9,16.65,18.0,2.0,22.58,295.44,1.0,9,99900.0,9999999
59287,0,3956,27.8,16.65,0.0,0.0,22.58,297.14,0.0,0,99900.0,9999999
59287,0,3957,27.0,16.85,0.0,0.0,22.58,287.8,0.0,3,99900.0,9999999
59287,0,3958,26.4,17.17,0.0,0.0,22.58,295.79,0.0,0,99900.0,9999999
59287,0,3959,26.0,17.6,0.0,0.0,22.58,295.44,0.0,2,99900.0,9999999
59287,0,3960,25.6,17.93,0.0,0.0,22.58,291.61,0.0,5,100020.0,9999999
59287,0,3961,25.3,18.15,0.0,0.0,22.58,290.72,0.0,4,100020.0,9999999
59287,0,3962,25.0,18.15,0.0,0.0,22.58,291.96,1.0,5,100020.0,9999999
59287,0,3963,24.6,18.04,0.0,0.0,22.58,285.93,1.0,11,100020.0,9999999
59287,0,3964,24.2,17.71,0.0,0.0,22.58,293.72,1.0,6,100020.0,9999999
59287,0,3965,24.1,17.49,0.0,0.0,22.58,293.55,1.0,14,100020.0,9999999
59287,0,3966,24.5,17.71,22.0,13.0,22.58,292.49,1.0,2,100020.0,9999999
59287,0,3967,25.5,18.38,122.0,73.0,22.58,288.17,1.0,2,100020.0,9999999
59287,0,3968,26.5,19.07,116.0,116.0,22.58,291.43,1.0,7,100020.0,9999999
59287,0,3969,27.2,19.07,175.0,175.0,22.58,294.24,1.0,2,100020.0,9999999
59287,0,3970,27.7,18.84,470.0,281.0,22.58,293.89,1.0,8,100020.0,9999999
59287,0,3971,28.0,18.26,554.0,331.0,22.58,294.07,1.0,3,100020.0,9999999
59287,0,3972,28.4,17.93,291.0,291.0,22.58,295.27,1.0,3,100020.0,9999999
59287,0,3973,29.0,17.82,595.0,356.0,22.58,295.79,1.0,2,100020.0,9999999
59287,0,3974,29.9,18.38,546.0,327.0,22.58,292.32,3.0,6,100020.0,9999999
59287,0,3975,31.1,19.54,459.0,275.0,22.58,296.63,3.0,7,100020.0,9999999
59287,0,3976,31.7,20.52,168.0,168.0,22.58,295.44,3.0,10,100020.0,9999999
59287,0,3977,31.4,20.52,109.0,109.0,22.58,295.96,3.0,1,100020.0,9999999
59287,0,3978,30.6,20.27,110.0,66.0,22.58,296.97,3.0,3,100020.0,9999999
59287,0,3979,29.6,19.78,13.0,8.0,22.58,295.27,3.0,12,100020.0,9999999
59287,0,3980,28.7,19.42,0.0,0.0,22.58,293.72,2.0,9,100020.0,9999999
59287,0,3981,28.1,19.3,0.0,0.0,22.58,297.98,2.0,12,100020.0,9999999
59287,0,3982,27.7,19.42,0.0,0.0,22.58,293.37,2.0,10,100020.0,9999999
59287,0,3983,27.5,19.66,0.0,0.0,22.58,297.47,2.0,7,100020.0,9999999
59287,0,3984,27.4,19.91,0.0,0.0,22.58,292.49,2.0,1,100030.0,9999999
59287,0,3985,27.3,20.03,0.0,0.0,22.58,291.25,2.0,16,100030.0,9999999
59287,0,3986,27.1,20.03,0.0,0.0,22.58,292.32,2.0,6,100030.0,9999999
59287,0,3987,26.7,19.66,0.0,0.0,22.58,290.54,2.0,9,100030.0,9999999
59287,0,3988,26.4,19.3,0.0,0.0,22.58,290.89,2.0,4,100030.0,9999999
59287,0,3989,26.2,18.95,0.0,0.0,22.58,289.99,2.0,2,100030.0,9999999
59287,0,3990,26.6,19.19,28.0,9.0,22.58,294.76,2.0,1,100030.0,9999999
59287,0,3991,27.4,19.78,91.0,91.0,22.58,288.9,2.0,2,100030.0,9999999
59287,0,3992,28.4,20.27,302.0,94.0,22.58,293.02,2.0,7,100030.0,9999999
59287,0,3993,29.2,20.4,507.0,108.0,22.58,293.89,2.0,9,100030.0,9999999
59287,0,3994,29.9,20.15,596.0,186.0,22.58,295.1,2.0,10,100030.0,9999999
59287,0,3995,30.5,19.78,781.0,167.0,22.58,291.79,2.0,4,100030.0,9999999
59287,0,3996,31.0,19.3,758.0,237.0,22.58,294.59,2.0,1,100030.0,9999999
59287,0,3997,31.5,19.07,840.0,179.0,22.58,292.67,2.0,7,100030.0,9999999
59287,0,3998,32.0,19.19,692.0,217.0,22.58,293.2,4.0,7,100030.0,9999999
59287,0,3999,32.4,19.66,581.0,182.0,22.58,298.64,4.0,14,100030.0,9999999
59287,0,4000,32.2,19.91,258.0,258.0,22.58,293.37,4.0,15,100030.0,9999999
59287,0,4001,31.5,19.91,167.0,167.0,22.58,299.79,4.0,2,100030.0,9999999
59287,0,4002,30.7,19.91,139.0,43.0,22.58,293.37,4.0,11,100030.0,9999999
59287,0,4003,29.8,19.78,10.0,10.0,22.58,298.14,4.0,2,100030.0,9999999
59287,0,4004,29.0,19.78,0.0,0.0,22.58,298.97,3.0,6,100030.0,9999999
59287,0,4005,28.5,19.78,0.0,0.0,22.58,293.02,3.0,3,100030.0,9999999
59287,0,4006,28.1,20.03,0.0,0.0,22.58,293.89,3.0,3,100030.0,9999999
59287,0,4007,27.9,20.27,0.0,0.0,22.58,291.79,3.0,10,100030.0,9999999
59287,0,4008,27.7,20.52,0.0,0.0,22.58,294.24,3.0,13,100160.0,9999999
59287,0,4009,27.5,20.65,0.0,0.0,22.58,292.14,3.0,2,100160.0,9999999
59287,0,4010,27.2,20.52,0.0,0.0,22.58,291.96,2.0,7,100160.0,9999999
59287,0,4011,26.7,20.27,0.0,0.0,22.58,291.96,2.0,10,100160.0,9999999
59287,0,4012,26.3,20.03,0.0,0.0,22.58,289.27,2.0,6,100160.0,9999999
59287,0,4013,26.1,19.91,0.0,0.0,22.58,290.72,2.0,4,100160.0,9999999
59287,0,4014,26.4,20.15,37.0,19.0,22.58,293.55,2.0,5,100160.0,9999999
59287,0,4015,27.0,20.65,73.0,73.0,22.58,290.89,2.0,7,100160.0,9999999
59287,0,4016,27.6,20.78,386.0,201.0,22.58,294.07,2.0,5,100160.0,9999999
59287,0,4017,28.1,20.52,582.0,304.0,22.58,293.37,2.0,15,100160.0,9999999
59287,0,4018,28.4,19.78,282.0,282.0,22.58,298.31,2.0,5,100160.0,9999999
59287,0,4019,28.7,18.84,898.0,468.0,22.58,289.99,2.0,12,100160.0,9999999
59287,0,4020,29.2,18.15,359.0,359.0,22.58,298.81,2.0,5,100160.0,9999999
59287,0,4021,29.8,17.93,358.0,358.0,22.58,297.81,2.0,2,100160.0,9999999
59287,0,4022,30.8,18.49,328.0,328.0,22.58,297.64,5.0,8,100160.0,9999999
59287,0,4023,32.0,19.91,276.0,276.0,22.58,298.31,5.0,8,100160.0,9999999
59287,0,4024,32.7,21.16,208.0,208.0,22.58,298.47,5.0,13,100160.0,9999999
59287,0,4025,32.2,21.55,364.0,190.0,22.58,298.81,5.0,8,100160.0,9999999
59287,0,4026,31.1,21.16,178.0,93.0,22.58,299.63,5.0,4,100160.0,9999999
59287,0,4027,29.8,20.65,21.0,11.0,22.58,292.67,5.0,4,100160.0,9999999
59287,0,4028,28.6,20.03,0.0,0.0,22.58,294.93,3.0,6,100160.0,9999999
59287,0,4029,27.9,19.78,0.0,0.0,22.58,293.55,3.0,6,100160.0,9999999
59287,0,4030,27.5,19.91,0.0,0.0,22.58,293.2,3.0,13,100160.0,9999999
59287,0,4031,27.5,20.15,0.0,0.0,22.58,293.2,3.0,5,100160.0,9999999
59287,0,4032,27.5,20.52,0.0,0.0,22.58,293.37,3.0,2,99980.0,9999999
59287,0,4033,27.6,20.78,0.0,0.0,22.58,293.55,3.0,6,99980.0,9999999
59287,0,4034,27.6,20.78,0.0,0.0,22.58,294.93,3.0,8,99980.0,9999999
59287,0,4035,27.4,20.65,0.0,0.0,22.58,297.47,3.0,2,99980.0,9999999
59287,0,4036,27.0,20.27,0.0,0.0,22.58,289.99,3.0,9,99980.0,9999999
59287,0,4037,26.9,20.15,0.0,0.0,22.58,289.81,3.0,5,99980.0,9999999
59287,0,4038,27.1,20.15,32.0,16.0,22.58,291.79,3.0,5,99980.0,9999999
59287,0,4039,27.6,20.4,75.0,75.0,22.58,292.32,3.0,8,99980.0,9999999
59287,0,4040,28.3,20.4,147.0,147.0,22.58,293.02,2.0,13,99980.0,9999999
59287,0,4041,29.0,20.27,514.0,250.0,22.58,292.85,2.0,16,99980.0,9999999
59287,0,4042,29.7,19.78,672.0,327.0,22.58,292.49,2.0,1,99980.0,9999999
59287,0,4043,30.4,19.19,792.0,386.0,22.58,293.02,2.0,12,99980.0,9999999
59287,0,4044,31.2,18.72,370.0,370.0,22.58,300.93,2.0,2,99980.0,9999999
59287,0,4045,32.0,18.61,851.0,414.0,22.58,298.81,2.0,5,99980.0,9999999
59287,0,4046,33.0,18.95,338.0,338.0,22.58,298.31,3.0,8,99980.0,9999999
59287,0,4047,33.7,19.78,284.0,284.0,22.58,298.64,3.0,2,99980.0,9999999
59287,0,4048,33.4,20.03,214.0,214.0,22.58,298.31,3.0,12,99980.0,9999999
59287,0,4049,32.5,20.03,139.0,139.0,22.58,298.81,3.0,11,99980.0,9999999
59287,0,4050,31.4,19.91,157.0,76.0,22.58,292.67,3.0,3,99980.0,9999999
59287,0,4051,30.2,19.66,19.0,9.0,22.58,296.46,3.0,3,99980.0,9999999
59287,0,4052,29.1,19.54,0.0,0.0,22.58,292.85,2.0,7,99980.0,9999999
59287,0,4053,28.4,19.66,0.0,0.0,22.58,295.44,2.0,9,99980.0,9999999
59287,0,4054,27.9,20.03,0.0,0.0,22.58,293.02,2.0,1,99980.0,9999999
59287,0,4055,27.6,20.4,0.0,0.0,22.58,292.85,2.0,10,99980.0,9999999
59287,0,4056,27.5,20.65,0.0,0.0,22.58,290.54,2.0,12,99690.0,9999999
59287,0,4057,27.3,20.9,0.0,0.0,22.58,293.89,2.0,6,99690.0,9999999
59287,0,4058,27.1,20.9,0.0,0.0,22.58,291.79,1.0,9,99690.0,9999999
59287,0,4059,26.8,20.65,0.0,0.0,22.58,288.35,1.0,14,99690.0,9999999
59287,0,4060,26.5,20.27,0.0,0.0,22.58,293.72,1.0,10,99690.0,9999999
59287,0,4061,26.3,19.91,0.0,0.0,22.58,296.3,1.0,9,99690.0,9999999
59287,0,4062,26.6,19.91,56.0,26.0,22.58,294.93,1.0,13,99690.0,9999999
59287,0,4063,27.4,20.27,303.0,141.0,22.58,290.36,1.0,3,99690.0,9999999
59287,0,4064,28.4,20.52,592.0,276.0,22.58,289.99,1.0,8,99690.0,9999999
59287,0,4065,29.3,20.52,250.0,250.0,22.58,297.64,1.0,4,99690.0,9999999
59287,0,4066,30.1,20.03,327.0,327.0,22.58,296.46,1.0,6,99690.0,9999999
59287,0,4067,30.8,19.54,386.0,386.0,22.58,298.97,1.0,9,99690.0,9999999
59287,0,4068,31.5,18.95,416.0,416.0,22.58,296.97,1.0,7,99690.0,9999999
59287,0,4069,32.3,18.84,414.0,414.0,22.58,299.14,1.0,9,99690.0,9999999
59287,0,4070,33.1,19.07,380.0,380.0,22.58,297.98,0.0,0,99690.0,9999999
59287,0,4071,33.7,19.78,1075.0,501.0,22.58,297.31,0.0,12,99690.0,9999999
59287,0,4072,33.3,20.03,241.0,241.0,22.58,296.97,0.0,3,99690.0,9999999
59287,0,4073,32.4,19.91,156.0,156.0,22.58,297.31,0.0,15,99690.0,9999999
59287,0,4074,31.1,19.66,76.0,76.0,22.58,293.72,0.0,2,99690.0,9999999
59287,0,4075,29.8,19.3,9.0,9.0,22.58,295.96,0.0,10,99690.0,9999999
59287,0,4076,28.7,19.19,0.0,0.0,22.58,296.97,1.0,11,99690.0,9999999
59287,0,4077,28.1,19.3,0.0,0.0,22.58,293.55,1.0,1,99690.0,9999999
59287,0,4078,27.8,19.66,0.0,0.0,22.58,292.85,1.0,1,99690.0,9999999
59287,0,4079,27.8,20.27,0.0,0.0,22.58,292.32,1.0,6,99690.0,9999999
59287,0,4080,27.9,20.78,0.0,0.0,22.58,291.79,1.0,9,99750.0,9999999
59287,0,4081,27.9,21.29,0.0,0.0,22.58,296.46,1.0,10,99750.0,9999999
59287,0,4082,27.8,21.29,0.0,0.0,22.58,292.67,0.0,0,99750.0,9999999
59287,0,4083,27.5,21.03,0.0,0.0,22.58,294.07,0.0,4,99750.0,9999999
59287,0,4084,27.1,20.52,0.0,0.0,22.58,288.72,0.0,7,99750.0,9999999
59287,0,4085,26.9,20.15,0.0,0.0,22.58,292.14,0.0,1,99750.0,9999999
59287,0,4086,27.2,20.4,59.0,31.0,22.58,293.72,0.0,2,99750.0,9999999
59287,0,4087,28.0,21.03,76.0,76.0,22.58,293.37,0.0,14,99750.0,9999999
59287,0,4088,28.8,21.55,616.0,322.0,22.58,296.3,2.0,8,99750.0,9999999
59287,0,4089,29.4,21.81,224.0,224.0,22.58,294.76,2.0,4,99750.0,9999999
59287,0,4090,29.9,21.68,292.0,292.0,22.58,300.12,2.0,5,99750.0,9999999
59287,0,4091,30.2,21.42,345.0,345.0,22.58,295.44,2.0,10,99750.0,9999999
59287,0,4092,30.5,21.29,372.0,372.0,22.58,296.97,2.0,1,99750.0,9999999
59287,0,4093,31.0,21.29,370.0,370.0,22.58,292.49,2.0,2,99750.0,9999999
59287,0,4094,31.6,21.81,340.0,340.0,22.58,298.97,3.0,8,99750.0,9999999
59287,0,4095,32.4,22.76,286.0,286.0,22.58,301.09,3.0,10,99750.0,9999999
59287,0,4096,32.8,23.6,868.0,454.0,22.58,298.47,3.0,4,99750.0,9999999
59287,0,4097,32.4,23.46,140.0,140.0,22.58,297.47,3.0,11,99750.0,9999999
59287,0,4098,31.5,22.76,284.0,149.0,22.58,295.79,3.0,9,99750.0,9999999
59287,0,4099,30.4,21.81,34.0,18.0,22.58,300.61,3.0,10,99750.0,9999999
59287,0,4100,29.3,20.9,0.0,0.0,22.58,292.32,1.0,7,99750.0,9999999
59287,0,4101,28.5,20.4,0.0,0.0,22.58,294.93,1.0,6,99750.0,9999999
59287,0,4102,28.1,20.27,0.0,0.0,22.58,294.41,1.0,8,99750.0,9999999
59287,0,4103,27.8,20.27,0.0,0.0,22.58,294.24,1.0,5,99750.0,9999999
59287,0,4104,27.7,20.52,0.0,0.0,22.58,292.32,1.0,9,99900.0,9999999
59287,0,4105,27.7,20.78,0.0,0.0,22.58,293.55,1.0,11,99900.0,9999999
59287,0,4106,27.6,21.03,0.0,0.0,22.58,290.72,1.0,5,99900.0,9999999
59287,0,4107,27.4,21.16,0.0,0.0,22.58,297.64,1.0,2,99900.0,9999999
59287,0,4108,27.3,21.29,0.0,0.0,22.58,289.09,1.0,10,99900.0,9999999
59287,0,4109,27.2,21.29,0.0,0.0,22.58,292.67,1.0,4,99900.0,9999999
59287,0,4110,27.4,21.55,30.0,16.0,22.58,296.13,1.0,8,99900.0,9999999
59287,0,4111,28.0,21.95,162.0,86.0,22.58,294.76,1.0,14,99900.0,9999999
59287,0,4112,28.6,22.08,317.0,169.0,22.58,290.36,1.0,5,99900.0,9999999
59287,0,4113,29.1,21.68,205.0,205.0,22.58,299.3,1.0,8,99900.0,9999999
59287,0,4114,29.5,20.78,268.0,268.0,22.58,292.32,1.0,1,99900.0,9999999
59287,0,4115,29.9,19.78,316.0,316.0,22.58,296.13,1.0,7,99900.0,9999999
59287,0,4116,30.6,19.07,341.0,341.0,22.58,291.79,1.0,6,99900.0,9999999
59287,0,4117,31.6,18.95,791.0,423.0,22.58,294.07,1.0,3,99900.0,9999999
59287,0,4118,33.1,19.78,726.0,388.0,22.58,303.01,1.0,10,99900.0,9999999
59287,0,4119,34.4,21.03,610.0,326.0,22.58,295.79,1.0,9,99900.0,9999999
59287,0,4120,34.1,21.03,198.0,198.0,22.58,299.79,1.0,11,99900.0,9999999
59287,0,4121,33.2,20.9,128.0,128.0,22.58,297.14,1.0,6,99900.0,9999999
59287,0,4122,32.1,20.65,146.0,78.0,22.58,298.47,1.0,4,99900.0,9999999
59287,0,4123,31.0,20.27,7.0,7.0,22.58,298.14,1.0,14,99900.0,9999999
59287,0,4124,30.0,20.15,0.0,0.0,22.58,295.1,0.0,0,99900.0,9999999
59287,0,4125,29.4,20.15,0.0,0.0,22.58,297.81,0.0,15,99900.0,9999999
59287,0,4126,29.1,20.4,0.0,0.0,22.58,293.02,0.0,5,99900.0,9999999
59287,0,4127,29.0,20.65,0.0,0.0,22.58,295.44,0.0,1,99900.0,9999999
59287,0,4128,28.9,20.9,0.0,0.0,22.58,295.27,0.0,4,99960.0,9999999
59287,0,4129,28.6,20.9,0.0,0.0,22.58,292.67,0.0,0,99960.0,9999999
59287,0,4130,28.1,20.4,0.0,0.0,22.58,295.44,1.0,4,99960.0,9999999
59287,0,4131,27.3,19.66,0.0,0.0,22.58,293.55,1.0,10,99960.0,9999999
59287,0,4132,26.5,18.84,0.0,0.0,22.58,290.89,1.0,8,99960.0,9999999
59287,0,4133,26.1,18.38,0.0,0.0,22.58,293.02,1.0,10,99960.0,9999999
59287,0,4134,26.5,18.61,29.0,8.0,22.58,293.55,1.0,11,99960.0,9999999
59287,0,4135,27.5,19.3,158.0,31.0,22.58,291.25,1.0,1,99960.0,9999999
59287,0,4136,28.7,19.91,309.0,61.0,22.58,293.89,3.0,5,99960.0,9999999
59287,0,4137,29.8,20.03,466.0,92.0,22.58,296.13,3.0,9,99960.0,9999999
59287,0,4138,30.8,19.78,601.0,175.0,22.58,299.14,3.0,1,99960.0,9999999
59287,0,4139,31.7,19.19,719.0,141.0,22.58,297.81,3.0,7,99960.0,9999999
59287,0,4140,32.6,18.61,776.0,152.0,22.58,295.96,3.0,10,99960.0,9999999
59287,0,4141,33.4,18.15,773.0,152.0,22.58,295.79,3.0,14,99960.0,9999999
59287,0,4142,34.3,18.26,709.0,139.0,22.58,297.64,1.0,1,99960.0,9999999
59287,0,4143,34.9,18.95,596.0,117.0,22.58,295.96,1.0,16,99960.0,9999999
59287,0,4144,34.7,19.3,443.0,129.0,22.58,298.14,1.0,9,99960.0,9999999
59287,0,4145,34.0,19.66,169.0,169.0,22.58,296.63,1.0,10,99960.0,9999999
59287,0,4146,33.1,19.91,140.0,41.0,22.58,301.42,1.0,3,99960.0,9999999
59287,0,4147,32.2,20.15,17.0,3.0,22.58,297.31,1.0,15,99960.0,9999999
59287,0,4148,31.4,20.27,0.0,0.0,22.58,295.96,1.0,9,99960.0,9999999
59287,0,4149,30.8,20.52,0.0,0.0,22.58,299.3,1.0,15,99960.0,9999999
59287,0,4150,30.4,20.65,0.0,0.0,22.58,300.44,1.0,3,99960.0,9999999
59287,0,4151,30.1,20.9,0.0,0.0,22.58,295.96,1.0,16,99960.0,9999999
59287,0,4152,29.9,20.9,0.0,0.0,22.58,293.89,1.0,15,99740.0,9999999
59287,0,4153,29.6,20.78,0.0,0.0,22.58,294.24,1.0,7,99740.0,9999999
59287,0,4154,29.2,20.52,0.0,0.0,22.58,292.14,0.0,0,99740.0,9999999
59287,0,4155,28.6,20.03,0.0,0.0,22.58,291.43,0.0,10,99740.0,9999999
59287,0,4156,28.1,19.42,0.0,0.0,22.58,292.67,0.0,7,99740.0,9999999
59287,0,4157,27.9,19.19,0.0,0.0,22.58,292.85,0.0,9,99740.0,9999999
59287,0,4158,28.1,19.3,19.0,4.0,22.58,297.98,0.0,9,99740.0,9999999
59287,0,4159,28.7,19.66,184.0,29.0,22.58,296.97,0.0,4,99740.0,9999999
59287,0,4160,29.5,20.03,361.0,57.0,22.58,295.79,3.0,16,99740.0,9999999
59287,0,4161,30.3,20.15,298.0,72.0,22.58,295.44,3.0,2,99740.0,9999999
59287,0,4162,31.1,20.15,389.0,94.0,22.58,296.13,3.0,1,99740.0,9999999
59287,0,4163,31.9,19.91,839.0,132.0,22.58,297.47,3.0,1,99740.0,9999999
59287,0,4164,32.7,19.78,906.0,142.0,22.58,302.54,3.0,15,99740.0,9999999
59287,0,4165,33.4,19.78,902.0,142.0,22.58,301.74,3.0,2,99740.0,9999999
59287,0,4166,34.2,20.03,828.0,130.0,22.58,297.81,2.0,2,99740.0,9999999
59287,0,4167,34.9,20.65,695.0,109.0,22.58,296.3,2.0,6,99740.0,9999999
59287,0,4168,35.2,21.29,525.0,82.0,22.58,300.93,2.0,10,99740.0,9999999
59287,0,4169,34.9,21.42,186.0,45.0,22.58,298.81,2.0,16,99740.0,9999999
59287,0,4170,34.1,21.29,166.0,26.0,22.58,295.61,2.0,4,99740.0,9999999
59287,0,4171,33.1,20.9,11.0,3.0,22.58,295.96,2.0,6,99740.0,9999999
59287,0,4172,32.0,20.4,0.0,0.0,22.58,297.64,1.0,15,99740.0,9999999
59287,0,4173,31.0,19.91,0.0,0.0,22.58,292.32,1.0,4,99740.0,9999999
59287,0,4174,30.1,19.54,0.0,0.0,22.58,292.85,1.0,15,99740.0,9999999
59287,0,4175,29.3,19.3,0.0,0.0,22.58,296.3,1.0,8,99740.0,9999999
59287,0,4176,28.5,18.95,0.0,0.0,22.58,298.31,1.0,8,100020.0,9999999
59287,0,4177,27.8,18.72,0.0,0.0,22.58,293.37,1.0,9,100020.0,9999999
59287,0,4178,27.1,18.61,0.0,0.0,22.58,296.8,4.0,6,100020.0,9999999
59287,0,4179,26.4,18.38,0.0,0.0,22.58,290.72,4.0,8,100020.0,9999999
59287,0,4180,25.8,18.26,0.0,0.0,22.58,291.79,4.0,5,100020.0,9999999
59287,0,4181,25.4,18.38,0.0,0.0,22.58,292.32,4.0,13,100020.0,9999999
59287,0,4182,25.3,18.49,35.0,19.0,22.58,290.89,4.0,5,100020.0,9999999
59287,0,4183,25.8,19.07,71.0,71.0,22.58,291.96,4.0,11,100020.0,9999999
59287,0,4184,26.8,19.91,373.0,199.0,22.58,294.07,2.0,7,100020.0,9999999
59287,0,4185,28.5,21.03,211.0,211.0,22.58,298.64,2.0,9,100020.0,9999999
59287,0,4186,30.4,22.21,737.0,393.0,22.58,299.14,2.0,6,100020.0,9999999
59287,0,4187,32.1,22.9,326.0,326.0,22.58,296.97,2.0,5,100020.0,9999999
59287,0,4188,33.2,22.9,938.0,500.0,22.58,299.96,2.0,2,100020.0,9999999
59287,0,4189,33.2,21.81,350.0,350.0,22.58,297.98,2.0,4,100020.0,9999999
59287,0,4190,31.8,19.91,321.0,321.0,22.58,297.98,3.0,4,100020.0,9999999
59287,0,4191,29.4,17.82,270.0,270.0,22.58,296.13,3.0,9,100020.0,9999999
59287,0,4192,26.8,16.34,204.0,204.0,22.58,292.49,3.0,13,100020.0,9999999
59287,0,4193,25.0,15.84,352.0,188.0,22.58,289.99,3.0,7,100020.0,9999999
59287,0,4194,24.6,16.65,64.0,64.0,22.58,289.63,3.0,11,100020.0,9999999
59287,0,4195,25.1,18.49,8.0,8.0,22.58,288.72,3.0,13,100020.0,9999999
59287,0,4196,26.0,20.52,0.0,0.0,22.58,291.25,0.0,0,100020.0,9999999
59287,0,4197,26.6,21.81,0.0,0.0,22.58,293.2,0.0,15,100020.0,9999999
59287,0,4198,26.9,22.35,0.0,0.0,22.58,297.14,0.0,5,100020.0,9999999
59287,0,4199,26.9,22.21,0.0,0.0,22.58,292.49,0.0,3,100020.0,9999999
59287,0,4200,26.7,21.68,0.0,0.0,22.58,288.54,0.0,0,100050.0,9999999
59287,0,4201,26.3,20.9,0.0,0.0,22.58,290.36,0.0,4,100050.0,9999999
59287,0,4202,25.9,20.15,0.0,0.0,22.58,291.07,2.0,5,100050.0,9999999
59287,0,4203,25.5,19.42,0.0,0.0,22.58,289.99,2.0,5,100050.0,9999999
59287,0,4204,25.1,18.95,0.0,0.0,22.58,293.37,2.0,5,100050.0,9999999
59287,0,4205,25.0,18.84,0.0,0.0,22.58,290.54,2.0,16,100050.0,9999999
59287,0,4206,25.2,18.84,22.0,14.0,22.58,292.14,2.0,1,100050.0,9999999
59287,0,4207,25.7,19.07,57.0,57.0,22.58,288.35,2.0,5,100050.0,9999999
59287,0,4208,26.5,19.54,237.0,148.0,22.58,290.36,1.0,5,100050.0,9999999
59287,0,4209,27.7,19.91,167.0,167.0,22.58,292.85,1.0,6,100050.0,9999999
59287,0,4210,29.0,20.27,469.0,292.0,22.58,295.27,1.0,4,100050.0,9999999
59287,0,4211,30.2,20.4,552.0,344.0,22.58,296.46,1.0,9,100050.0,9999999
59287,0,4212,31.0,20.15,596.0,372.0,22.58,297.31,1.0,5,100050.0,9999999
59287,0,4213,31.4,19.66,594.0,370.0,22.58,292.67,1.0,6,100050.0,9999999
59287,0,4214,31.2,19.19,255.0,255.0,22.58,294.76,2.0,7,100050.0,9999999
59287,0,4215,30.6,19.07,214.0,214.0,22.58,300.44,2.0,11,100050.0,9999999
59287,0,4216,29.9,19.19,161.0,161.0,22.58,295.27,2.0,13,100050.0,9999999
59287,0,4217,28.9,19.42,105.0,105.0,22.58,293.89,2.0,8,100050.0,9999999
59287,0,4218,27.9,19.66,109.0,68.0,22.58,291.61,2.0,5,100050.0,9999999
59287,0,4219,27.0,19.78,6.0,6.0,22.58,290.72,2.0,4,100050.0,9999999
59287,0,4220,26.2,19.78,0.0,0.0,22.58,292.49,3.0,5,100050.0,9999999
59287,0,4221,25.7,19.78,0.0,0.0,22.58,291.96,3.0,7,100050.0,9999999
59287,0,4222,25.4,19.66,0.0,0.0,22.58,291.07,3.0,6,100050.0,9999999
59287,0,4223,25.2,19.66,0.0,0.0,22.58,288.17,3.0,8,100050.0,9999999
59287,0,4224,25.2,19.54,0.0,0.0,22.58,290.89,3.0,15,99920.0,9999999
59287,0,4225,25.3,19.42,0.0,0.0,22.58,286.68,3.0,6,99920.0,9999999
59287,0,4226,25.4,19.3,0.0,0.0,22.58,291.61,3.0,5,99920.0,9999999
59287,0,4227,25.5,19.19,0.0,0.0,22.58,293.72,3.0,12,99920.0,9999999
59287,0,4228,25.7,19.07,0.0,0.0,22.58,291.96,3.0,9,99920.0,9999999
59287,0,4229,25.9,19.07,0.0,0.0,22.58,290.89,3.0,3,99920.0,9999999
59287,0,4230,26.1,19.19,7.0,7.0,22.58,292.32,3.0,6,99920.0,9999999
59287,0,4231,26.4,19.3,38.0,38.0,22.58,292.67,3.0,6,99920.0,9999999
59287,0,4232,26.8,19.66,75.0,75.0,22.58,296.63,3.0,6,99920.0,9999999
59287,0,4233,27.3,20.03,113.0,113.0,22.58,293.02,3.0,8,99920.0,9999999
59287,0,4234,27.8,20.52,148.0,148.0,22.58,297.81,3.0,2,99920.0,9999999
59287,0,4235,28.1,20.78,174.0,174.0,22.58,296.63,3.0,6,99920.0,9999999
59287,0,4236,28.2,20.9,188.0,188.0,22.58,298.31,3.0,12,99920.0,9999999
59287,0,4237,28.0,20.65,187.0,187.0,22.58,293.2,3.0,14,99920.0,9999999
59287,0,4238,27.4,20.15,172.0,172.0,22.58,290.36,2.0,7,99920.0,9999999
59287,0,4239,26.8,19.66,144.0,144.0,22.58,293.89,2.0,14,99920.0,9999999
59287,0,4240,26.3,19.42,109.0,109.0,22.58,291.96,2.0,6,99920.0,9999999
59287,0,4241,25.9,19.3,71.0,71.0,22.58,292.14,2.0,7,99920.0,9999999
59287,0,4242,25.5,19.19,34.0,34.0,22.58,289.27,2.0,6,99920.0,9999999
59287,0,4243,25.2,19.07,4.0,4.0,22.58,288.9,2.0,8,99920.0,9999999
59287,0,4244,24.9,18.95,0.0,0.0,22.58,287.62,3.0,6,99920.0,9999999
59287,0,4245,24.6,18.72,0.0,0.0,22.58,294.24,3.0,3,99920.0,9999999
59287,0,4246,24.3,18.38,0.0,0.0,22.58,290.54,3.0,11,99920.0,9999999
59287,0,4247,24.2,18.26,0.0,0.0,22.58,285.55,3.0,1,99920.0,9999999
59287,0,4248,24.2,18.26,0.0,0.0,22.58,291.07,3.0,14,100140.0,9999999
59287,0,4249,24.5,18.49,0.0,0.0,22.58,291.43,3.0,8,100140.0,9999999
59287,0,4250,25.1,19.19,0.0,0.0,22.58,287.99,2.0,5,100140.0,9999999
59287,0,4251,26.0,20.27,0.0,0.0,22.58,292.49,2.0,8,100140.0,9999999
59287,0,4252,26.8,21.29,0.0,0.0,22.58,296.97,2.0,12,100140.0,9999999
59287,0,4253,27.1,21.81,0.0,0.0,22.58,290.36,2.0,13,100140.0,9999999
59287,0,4254,26.6,21.29,1.0,1.0,22.58,289.81,2.0,3,100140.0,9999999
59287,0,4255,25.8,20.4,6.0,6.0,22.58,290.54,2.0,2,100140.0,9999999
59287,0,4256,25.4,19.91,11.0,11.0,22.58,295.44,2.0,7,100140.0,9999999
59287,0,4257,25.3,19.91,17.0,17.0,22.58,289.99,2.0,5,100140.0,9999999
59287,0,4258,25.1,19.66,22.0,22.0,22.58,288.9,2.0,14,100140.0,9999999
59287,0,4259,24.8,19.42,26.0,26.0,22.58,293.2,2.0,9,100140.0,9999999
59287,0,4260,24.5,19.07,28.0,28.0,22.58,294.41,2.0,2,100140.0,9999999
59287,0,4261,24.2,18.72,28.0,28.0,22.58,289.81,2.0,4,100140.0,9999999
59287,0,4262,24.0,18.49,25.0,25.0,22.58,290.18,2.0,5,100140.0,9999999
59287,0,4263,23.9,18.38,21.0,21.0,22.58,289.45,2.0,2,100140.0,9999999
59287,0,4264,23.9,18.26,16.0,16.0,22.58,285.18,2.0,3,100140.0,9999999
59287,0,4265,23.9,18.26,10.0,10.0,22.58,289.99,2.0,1,100140.0,9999999
59287,0,4266,24.0,18.26,5.0,5.0,22.58,287.62,2.0,11,100140.0,9999999
59287,0,4267,24.0,18.38,1.0,1.0,22.58,289.45,2.0,5,100140.0,9999999
59287,0,4268,24.1,18.38,0.0,0.0,22.58,289.09,3.0,7,100140.0,9999999
59287,0,4269,24.1,18.38,0.0,0.0,22.58,289.09,3.0,11,100140.0,9999999
59287,0,4270,24.1,18.38,0.0,0.0,22.58,286.87,3.0,15,100140.0,9999999
59287,0,4271,24.1,18.38,0.0,0.0,22.58,290.18,3.0,12,100140.0,9999999
59287,0,4272,24.0,18.26,0.0,0.0,22.58,292.14,3.0,12,100260.0,9999999
59287,0,4273,23.9,18.26,0.0,0.0,22.58,291.96,3.0,16,100260.0,9999999
59287,0,4274,23.8,18.26,0.0,0.0,22.58,288.72,2.0,7,100260.0,9999999
59287,0,4275,23.7,18.26,0.0,0.0,22.58,287.43,2.0,14,100260.0,9999999
59287,0,4276,23.6,18.38,0.0,0.0,22.58,289.81,2.0,8,100260.0,9999999
59287,0,4277,23.6,18.49,0.0,0.0,22.58,289.81,2.0,14,100260.0,9999999
59287,0,4278,23.8,18.72,21.0,13.0,22.58,285.18,2.0,10,100260.0,9999999
59287,0,4279,24.4,19.19,117.0,72.0,22.58,287.24,2.0,3,100260.0,9999999
59287,0,4280,25.0,19.66,113.0,113.0,22.58,289.63,2.0,7,100260.0,9999999
59287,0,4281,25.6,19.91,349.0,212.0,22.58,291.96,2.0,10,100260.0,9999999
59287,0,4282,26.3,19.91,223.0,223.0,22.58,287.8,2.0,5,100260.0,9999999
59287,0,4283,27.0,19.91,262.0,262.0,22.58,292.14,2.0,16,100260.0,9999999
59287,0,4284,27.9,20.03,581.0,354.0,22.58,290.72,2.0,2,100260.0,9999999
59287,0,4285,29.1,20.52,578.0,352.0,22.58,296.3,2.0,3,100260.0,9999999
59287,0,4286,30.6,21.68,530.0,323.0,22.58,295.96,3.0,8,100260.0,9999999
59287,0,4287,31.8,22.76,445.0,271.0,22.58,298.47,3.0,6,100260.0,9999999
59287,0,4288,31.6,22.35,164.0,164.0,22.58,301.9,3.0,6,100260.0,9999999
59287,0,4289,31.1,21.81,218.0,133.0,22.58,301.25,3.0,11,100260.0,9999999
59287,0,4290,30.4,21.16,52.0,52.0,22.58,298.97,3.0,13,100260.0,9999999
59287,0,4291,29.5,20.52,6.0,6.0,22.58,292.49,3.0,4,100260.0,9999999
59287,0,4292,28.7,19.91,0.0,0.0,22.58,294.41,2.0,8,100260.0,9999999
59287,0,4293,28.0,19.42,0.0,0.0,22.58,295.1,2.0,11,100260.0,9999999
59287,0,4294,27.3,19.19,0.0,0.0,22.58,295.61,2.0,16,100260.0,9999999
59287,0,4295,26.8,18.95,0.0,0.0,22.58,288.17,2.0,1,100260.0,9999999
59287,0,4296,26.3,18.84,0.0,0.0,22.58,294.41,2.0,11,100300.0,9999999
59287,0,4297,25.9,18.72,0.0,0.0,22.58,290.89,2.0,8,100300.0,9999999
59287,0,4298,25.6,18.72,0.0,0.0,22.58,293.72,0.0,0,100300.0,9999999
59287,0,4299,25.3,18.72,0.0,0.0,22.58,290.36,0.0,8,100300.0,9999999
59287,0,4300,25.2,18.72,0.0,0.0,22.58,294.93,0.0,8,100300.0,9999999
59287,0,4301,25.1,18.72,0.0,0.0,22.58,288.72,0.0,8,100300.0,9999999
59287,0,4302,25.5,19.07,26.0,15.0,22.58,288.35,0.0,3,100300.0,9999999
59287,0,4303,26.4,19.91,63.0,63.0,22.58,291.61,0.0,5,100300.0,9999999
59287,0,4304,27.3,20.4,280.0,161.0,22.58,294.59,0.0,0,100300.0,9999999
59287,0,4305,27.9,20.27,423.0,244.0,22.58,294.24,0.0,7,100300.0,9999999
59287,0,4306,28.3,19.66,246.0,246.0,22.58,292.14,0.0,1,100300.0,9999999
59287,0,4307,28.7,18.95,290.0,290.0,22.58,293.02,0.0,1,100300.0,9999999
59287,0,4308,29.2,18.38,704.0,406.0,22.58,292.67,0.0,4,100300.0,9999999
59287,0,4309,30.0,18.38,701.0,404.0,22.58,293.37,0.0,12,100300.0,9999999
59287,0,4310,31.3,19.3,286.0,286.0,22.58,296.3,4.0,6,100300.0,9999999
59287,0,4311,32.5,20.78,240.0,240.0,22.58,300.93,4.0,7,100300.0,9999999
59287,0,4312,32.2,21.03,407.0,235.0,22.58,302.22,4.0,9,100300.0,9999999
59287,0,4313,31.4,20.9,117.0,117.0,22.58,298.64,4.0,14,100300.0,9999999
59287,0,4314,30.3,20.65,128.0,74.0,22.58,296.63,4.0,3,100300.0,9999999
59287,0,4315,29.1,20.27,15.0,8.0,22.58,294.76,4.0,10,100300.0,9999999
59287,0,4316,28.0,19.78,0.0,0.0,22.58,293.2,0.0,0,100300.0,9999999
59287,0,4317,27.1,19.42,0.0,0.0,22.58,289.99,0.0,9,100300.0,9999999
59287,0,4318,26.5,19.19,0.0,0.0,22.58,291.07,0.0,12,100300.0,9999999
59287,0,4319,26.2,19.07,0.0,0.0,22.58,293.2,0.0,10,100300.0,9999999
59287,0,4320,26.0,18.95,0.0,0.0,22.58,289.63,0.0,11,100110.0,9999999
59287,0,4321,25.9,18.95,0.0,0.0,22.58,295.61,0.0,8,100110.0,9999999
59287,0,4322,26.0,18.95,0.0,0.0,22.58,288.72,1.0,5,100110.0,9999999
59287,0,4323,26.2,18.95,0.0,0.0,22.58,291.25,1.0,11,100110.0,9999999
59287,0,4324,26.5,18.95,0.0,0.0,22.58,287.8,1.0,3,100110.0,9999999
59287,0,4325,26.9,19.07,0.0,0.0,22.58,291.96,1.0,8,100110.0,9999999
59287,0,4326,27.5,19.19,27.0,10.0,22.58,294.59,1.0,15,100110.0,9999999
59287,0,4327,28.2,19.3,89.0,89.0,22.58,291.96,1.0,9,100110.0,9999999
59287,0,4328,29.1,19.3,299.0,111.0,22.58,296.13,3.0,4,100110.0,9999999
59287,0,4329,30.2,19.3,891.0,226.0,22.58,298.47,3.0,13,100110.0,9999999
59287,0,4330,31.3,19.3,592.0,219.0,22.58,298.31,3.0,11,100110.0,9999999
59287,0,4331,32.4,19.07,697.0,259.0,22.58,295.96,3.0,12,100110.0,9999999
59287,0,4332,33.1,18.95,442.0,442.0,22.58,297.98,3.0,13,100110.0,9999999
59287,0,4333,33.5,18.84,750.0,278.0,22.58,301.58,3.0,4,100110.0,9999999
59287,0,4334,33.2,18.84,404.0,404.0,22.58,295.61,4.0,5,100110.0,9999999
59287,0,4335,31.9,18.72,339.0,339.0,22.58,297.81,4.0,6,100110.0,9999999
59287,0,4336,29.9,18.26,256.0,256.0,22.58,295.27,4.0,1,100110.0,9999999
59287,0,4337,27.8,17.82,282.0,105.0,22.58,288.9,4.0,1,100110.0,9999999
59287,0,4338,26.1,17.71,280.0,71.0,22.58,289.63,4.0,1,100110.0,9999999
59287,0,4339,25.4,18.38,31.0,8.0,22.58,292.32,4.0,13,100110.0,9999999
59287,0,4340,25.9,19.91,0.0,0.0,22.58,291.61,0.0,0,100110.0,9999999
59287,0,4341,26.6,21.16,0.0,0.0,22.58,290.72,0.0,16,100110.0,9999999
59287,0,4342,27.1,21.81,0.0,0.0,22.58,290.36,0.0,8,100110.0,9999999
59287,0,4343,27.5,22.08,0.0,0.0,22.58,292.49,0.0,11,100110.0,9999999
59287,0,4344,27.8,21.95,0.0,0.0,25.85,293.2,0.0,10,100570.0,9999999
59287,0,4345,27.9,21.55,0.0,0.0,25.85,294.41,0.0,13,100570.0,9999999
59287,0,4346,27.8,21.03,0.0,0.0,25.85,293.72,1.0,7,100570.0,9999999
59287,0,4347,27.5,20.78,0.0,0.0,25.85,297.64,1.0,1,100570.0,9999999
59287,0,4348,27.2,20.52,0.0,0.0,25.85,293.02,1.0,2,100570.0,9999999
59287,0,4349,27.0,20.52,0.0,0.0,25.85,288.54,1.0,8,100570.0,9999999
59287,0,4350,27.0,20.65,16.0,11.0,25.85,292.85,1.0,10,100570.0,9999999
59287,0,4351,27.3,20.9,92.0,63.0,25.85,294.59,1.0,11,100570.0,9999999
59287,0,4352,28.1,21.42,92.0,92.0,25.85,295.61,2.0,6,100570.0,9999999
59287,0,4353,29.5,22.21,140.0,140.0,25.85,296.97,2.0,12,100570.0,9999999
59287,0,4354,31.1,22.76,358.0,244.0,25.85,301.42,2.0,8,100570.0,9999999
59287,0,4355,32.6,23.04,422.0,288.0,25.85,298.14,2.0,10,100570.0,9999999
59287,0,4356,33.6,22.62,456.0,311.0,25.85,300.28,2.0,3,100570.0,9999999
59287,0,4357,33.7,21.55,232.0,232.0,25.85,300.12,2.0,15,100570.0,9999999
59287,0,4358,32.6,19.91,416.0,284.0,25.85,300.93,4.0,7,100570.0,9999999
59287,0,4359,30.1,17.82,349.0,238.0,25.85,294.24,4.0,11,100570.0,9999999
59287,0,4360,27.2,16.04,263.0,179.0,25.85,294.76,4.0,14,100570.0,9999999
59287,0,4361,25.0,15.25,171.0,116.0,25.85,287.99,4.0,4,100570.0,9999999
59287,0,4362,24.3,15.94,42.0,42.0,25.85,289.81,4.0,6,100570.0,9999999
59287,0,4363,24.6,17.6,9.0,6.0,25.85,285.74,4.0,8,100570.0,9999999
59287,0,4364,25.4,19.54,0.0,0.0,25.85,289.99,0.0,0,100570.0,9999999
59287,0,4365,25.9,20.9,0.0,0.0,25.85,291.79,0.0,9,100570.0,9999999
59287,0,4366,26.2,21.55,0.0,0.0,25.85,292.85,0.0,4,100570.0,9999999
59287,0,4367,26.2,21.55,0.0,0.0,25.85,294.76,0.0,8,100570.0,9999999
59287,0,4368,26.0,21.03,0.0,0.0,25.85,294.59,0.0,3,100630.0,9999999
59287,0,4369,25.6,20.27,0.0,0.0,25.85,287.24,0.0,5,100630.0,9999999
59287,0,4370,25.1,19.42,0.0,0.0,25.85,294.93,0.0,0,100630.0,9999999
59287,0,4371,24.6,18.49,0.0,0.0,25.85,288.9,0.0,5,100630.0,9999999
59287,0,4372,24.1,17.71,0.0,0.0,25.85,288.35,0.0,6,100630.0,9999999
59287,0,4373,24.0,17.38,0.0,0.0,25.85,287.43,0.0,6,100630.0,9999999
59287,0,4374,24.2,17.49,11.0,11.0,25.85,293.72,0.0,5,100630.0,9999999
59287,0,4375,25.0,18.26,64.0,64.0,25.85,287.62,0.0,10,100630.0,9999999
59287,0,4376,26.6,20.03,126.0,126.0,25.85,290.54,2.0,6,100630.0,9999999
59287,0,4377,28.8,23.04,191.0,191.0,25.85,294.41,2.0,11,100630.0,9999999
59287,0,4378,30.9,26.15,250.0,250.0,25.85,298.14,2.0,11,100630.0,9999999
59287,0,4379,31.7,27.6,295.0,295.0,25.85,296.63,2.0,4,100630.0,9999999
59287,0,4380,30.6,25.99,318.0,318.0,25.85,292.85,2.0,6,100630.0,9999999
59287,0,4381,28.2,22.76,317.0,317.0,25.85,294.41,2.0,2,100630.0,9999999
59287,0,4382,25.9,19.91,291.0,291.0,25.85,293.2,4.0,7,100630.0,9999999
59287,0,4383,24.5,18.26,244.0,244.0,25.85,289.99,4.0,11,100630.0,9999999
59287,0,4384,23.9,17.71,184.0,184.0,25.85,293.37,4.0,10,100630.0,9999999
59287,0,4385,23.9,17.82,119.0,119.0,25.85,288.17,4.0,13,100630.0,9999999
59287,0,4386,24.3,18.38,58.0,58.0,25.85,285.55,4.0,10,100630.0,9999999
59287,0,4387,24.7,18.84,6.0,6.0,25.85,290.36,4.0,10,100630.0,9999999
59287,0,4388,24.9,19.19,0.0,0.0,25.85,287.8,2.0,6,100630.0,9999999
59287,0,4389,24.5,18.84,0.0,0.0,25.85,290.72,2.0,4,100630.0,9999999
59287,0,4390,23.9,18.15,0.0,0.0,25.85,289.99,2.0,5,100630.0,9999999
59287,0,4391,23.3,17.49,0.0,0.0,25.85,292.85,2.0,5,100630.0,9999999
59287,0,4392,23.0,17.28,0.0,0.0,25.85,284.22,2.0,11,100720.0,9999999
59287,0,4393,23.4,17.82,0.0,0.0,25.85,293.02,2.0,6,100720.0,9999999
59287,0,4394,24.8,19.42,0.0,0.0,25.85,288.72,2.0,5,100720.0,9999999
59287,0,4395,27.2,22.49,0.0,0.0,25.85,294.07,2.0,7,100720.0,9999999
59287,0,4396,29.5,25.84,0.0,0.0,25.85,300.44,2.0,5,100720.0,9999999
59287,0,4397,30.3,27.11,0.0,0.0,25.85,301.42,2.0,1,100720.0,9999999
59287,0,4398,28.7,24.77,9.0,9.0,25.85,293.37,2.0,6,100720.0,9999999
59287,0,4399,26.3,21.29,52.0,52.0,25.85,293.72,2.0,4,100720.0,9999999
59287,0,4400,25.0,19.66,102.0,102.0,25.85,291.43,1.0,7,100720.0,9999999
59287,0,4401,24.9,19.54,154.0,154.0,25.85,290.54,1.0,4,100720.0,9999999
59287,0,4402,24.7,19.3,202.0,202.0,25.85,288.54,1.0,3,100720.0,9999999
59287,0,4403,24.5,18.95,238.0,238.0,25.85,288.35,1.0,12,100720.0,9999999
59287,0,4404,24.3,18.61,257.0,257.0,25.85,290.36,1.0,15,100720.0,9999999
59287,0,4405,24.1,18.38,256.0,256.0,25.85,287.8,1.0,3,100720.0,9999999
59287,0,4406,24.0,18.26,235.0,235.0,25.85,290.89,4.0,9,100720.0,9999999
59287,0,4407,23.8,18.04,197.0,197.0,25.85,290.72,4.0,2,100720.0,9999999
59287,0,4408,23.4,17.6,149.0,149.0,25.85,289.45,4.0,6,100720.0,9999999
59287,0,4409,23.2,17.38,96.0,96.0,25.85,289.99,4.0,3,100720.0,9999999
59287,0,4410,23.5,17.71,47.0,47.0,25.85,287.8,4.0,7,100720.0,9999999
59287,0,4411,24.1,18.38,5.0,5.0,25.85,293.72,4.0,16,100720.0,9999999
59287,0,4412,24.6,18.95,0.0,0.0,25.85,294.41,0.0,0,100720.0,9999999
59287,0,4413,24.9,19.3,0.0,0.0,25.85,288.72,0.0,14,100720.0,9999999
59287,0,4414,24.9,19.3,0.0,0.0,25.85,294.76,0.0,4,100720.0,9999999
59287,0,4415,24.6,19.07,0.0,0.0,25.85,290.89,0.0,7,100720.0,9999999
59287,0,4416,24.3,18.72,0.0,0.0,25.85,287.06,0.0,15,100800.0,9999999
59287,0,4417,24.0,18.26,0.0,0.0,25.85,292.14,0.0,9,100800.0,9999999
59287,0,4418,23.6,17.82,0.0,0.0,25.85,289.63,0.0,0,100800.0,9999999
59287,0,4419,23.4,17.49,0.0,0.0,25.85,290.18,0.0,7,100800.0,9999999
59287,0,4420,23.2,17.28,0.0,0.0,25.85,286.68,0.0,4,100800.0,9999999
59287,0,4421,23.3,17.28,0.0,0.0,25.85,289.27,0.0,14,100800.0,9999999
59287,0,4422,23.6,17.38,7.0,7.0,25.85,293.02,0.0,4,100800.0,9999999
59287,0,4423,24.1,17.71,44.0,44.0,25.85,287.62,0.0,10,100800.0,9999999
59287,0,4424,24.9,18.26,86.0,86.0,25.85,289.81,0.0,0,100800.0,9999999
59287,0,4425,26.0,19.19,131.0,131.0,25.85,291.61,0.0,3,100800.0,9999999
59287,0,4426,27.1,20.15,171.0,171.0,25.85,292.85,0.0,4,100800.0,9999999
59287,0,4427,28.1,21.03,202.0,202.0,25.85,294.59,0.0,12,100800.0,9999999
59287,0,4428,28.7,21.42,218.0,218.0,25.85,293.55,0.0,8,100800.0,9999999
59287,0,4429,28.7,21.16,217.0,217.0,25.85,297.31,0.0,12,100800.0,9999999
59287,0,4430,27.8,20.15,199.0,199.0,25.85,293.55,4.0,7,100800.0,9999999
59287,0,4431,26.0,18.26,167.0,167.0,25.85,294.07,4.0,3,100800.0,9999999
59287,0,4432,24.0,16.44,126.0,126.0,25.85,284.99,4.0,16,100800.0,9999999
59287,0,4433,22.4,15.35,81.0,81.0,25.85,289.99,4.0,3,100800.0,9999999
59287,0,4434,21.9,15.35,39.0,39.0,25.85,288.35,4.0,1,100800.0,9999999
59287,0,4435,22.2,16.04,4.0,4.0,25.85,284.6,4.0,7,100800.0,9999999
59287,0,4436,22.8,16.96,0.0,0.0,25.85,287.99,2.0,7,100800.0,9999999
59287,0,4437,23.2,17.6,0.0,0.0,25.85,288.54,2.0,4,100800.0,9999999
59287,0,4438,23.4,17.93,0.0,0.0,25.85,288.17,2.0,3,100800.0,9999999
59287,0,4439,23.4,17.93,0.0,0.0,25.85,287.62,2.0,2,100800.0,9999999
59287,0,4440,23.2,17.82,0.0,0.0,25.85,292.85,2.0,7,100720.0,9999999
59287,0,4441,23.0,17.38,0.0,0.0,25.85,287.8,2.0,5,100720.0,9999999
59287,0,4442,22.8,16.96,0.0,0.0,25.85,286.31,2.0,8,100720.0,9999999
59287,0,4443,22.6,16.54,0.0,0.0,25.85,291.96,2.0,11,100720.0,9999999
59287,0,4444,22.5,16.14,0.0,0.0,25.85,287.06,2.0,10,100720.0,9999999
59287,0,4445,22.4,15.84,0.0,0.0,25.85,288.9,2.0,2,100720.0,9999999
59287,0,4446,22.7,15.84,15.0,10.0,25.85,286.5,2.0,7,100720.0,9999999
59287,0,4447,23.6,16.65,87.0,62.0,25.85,286.87,2.0,7,100720.0,9999999
59287,0,4448,25.2,18.26,172.0,122.0,25.85,288.72,2.0,5,100720.0,9999999
59287,0,4449,27.4,20.9,130.0,130.0,25.85,290.54,2.0,5,100720.0,9999999
59287,0,4450,29.5,23.75,343.0,243.0,25.85,296.46,2.0,2,100720.0,9999999
59287,0,4451,30.4,25.37,404.0,287.0,25.85,295.79,2.0,8,100720.0,9999999
59287,0,4452,29.4,24.18,217.0,217.0,25.85,295.79,2.0,2,100720.0,9999999
59287,0,4453,27.2,21.42,216.0,216.0,25.85,293.2,2.0,15,100720.0,9999999
59287,0,4454,25.0,18.84,399.0,283.0,25.85,288.72,3.0,8,100720.0,9999999
59287,0,4455,23.6,17.38,335.0,237.0,25.85,284.79,3.0,3,100720.0,9999999
59287,0,4456,23.1,16.75,252.0,179.0,25.85,292.49,3.0,6,100720.0,9999999
59287,0,4457,23.1,16.75,163.0,115.0,25.85,292.49,3.0,10,100720.0,9999999
59287,0,4458,23.6,17.28,79.0,56.0,25.85,291.43,3.0,2,100720.0,9999999
59287,0,4459,24.2,17.93,8.0,6.0,25.85,285.55,3.0,13,100720.0,9999999
59287,0,4460,24.8,18.61,0.0,0.0,25.85,291.79,2.0,5,100720.0,9999999
59287,0,4461,25.1,19.07,0.0,0.0,25.85,288.9,2.0,1,100720.0,9999999
59287,0,4462,25.2,19.3,0.0,0.0,25.85,292.32,2.0,9,100720.0,9999999
59287,0,4463,25.1,19.42,0.0,0.0,25.85,292.32,2.0,4,100720.0,9999999
59287,0,4464,24.9,19.3,0.0,0.0,25.85,291.25,2.0,4,100600.0,9999999
59287,0,4465,24.6,19.07,0.0,0.0,25.85,289.63,2.0,8,100600.0,9999999
59287,0,4466,24.3,18.61,0.0,0.0,25.85,292.49,0.0,0,100600.0,9999999
59287,0,4467,24.0,18.15,0.0,0.0,25.85,288.35,0.0,9,100600.0,9999999
59287,0,4468,23.9,17.71,0.0,0.0,25.85,290.72,0.0,12,100600.0,9999999
59287,0,4469,23.8,17.38,0.0,0.0,25.85,287.24,0.0,11,100600.0,9999999
59287,0,4470,23.9,17.17,17.0,11.0,25.85,289.09,0.0,7,100600.0,9999999
59287,0,4471,24.3,17.49,102.0,68.0,25.85,290.36,0.0,3,100600.0,9999999
59287,0,4472,25.7,18.95,97.0,97.0,25.85,288.54,3.0,6,100600.0,9999999
59287,0,4473,28.1,22.08,306.0,206.0,25.85,293.55,3.0,5,100600.0,9999999
59287,0,4474,30.5,25.84,401.0,270.0,25.85,298.64,3.0,6,100600.0,9999999
59287,0,4475,31.6,28.1,473.0,318.0,25.85,299.96,3.0,6,100600.0,9999999
59287,0,4476,30.5,26.78,246.0,246.0,25.85,299.79,3.0,1,100600.0,9999999
59287,0,4477,27.9,23.32,509.0,342.0,25.85,291.25,3.0,9,100600.0,9999999
59287,0,4478,25.3,20.03,224.0,224.0,25.85,288.17,2.0,5,100600.0,9999999
59287,0,4479,23.7,18.15,188.0,188.0,25.85,287.43,2.0,14,100600.0,9999999
59287,0,4480,23.1,17.38,295.0,198.0,25.85,284.41,2.0,1,100600.0,9999999
59287,0,4481,23.3,17.28,190.0,128.0,25.85,287.99,2.0,1,100600.0,9999999
59287,0,4482,23.9,17.71,92.0,62.0,25.85,293.37,2.0,10,100600.0,9999999
59287,0,4483,24.7,18.38,4.0,4.0,25.85,288.35,2.0,6,100600.0,9999999
59287,0,4484,25.3,18.95,0.0,0.0,25.85,289.81,2.0,8,100600.0,9999999
59287,0,4485,25.6,19.3,0.0,0.0,25.85,290.72,2.0,8,100600.0,9999999
59287,0,4486,25.6,19.42,0.0,0.0,25.85,289.45,2.0,9,100600.0,9999999
59287,0,4487,25.3,19.42,0.0,0.0,25.85,295.1,2.0,3,100600.0,9999999
59287,0,4488,24.9,19.07,0.0,0.0,25.85,293.2,2.0,2,100460.0,9999999
59287,0,4489,24.4,18.72,0.0,0.0,25.85,290.54,2.0,16,100460.0,9999999
59287,0,4490,23.9,18.38,0.0,0.0,25.85,287.62,0.0,0,100460.0,9999999
59287,0,4491,23.5,17.93,0.0,0.0,25.85,291.61,0.0,8,100460.0,9999999
59287,0,4492,23.2,17.6,0.0,0.0,25.85,284.41,0.0,9,100460.0,9999999
59287,0,4493,23.1,17.38,0.0,0.0,25.85,284.22,0.0,3,100460.0,9999999
59287,0,4494,23.6,17.6,26.0,7.0,25.85,293.2,0.0,14,100460.0,9999999
59287,0,4495,24.7,18.38,156.0,30.0,25.85,291.61,0.0,7,100460.0,9999999
59287,0,4496,26.0,19.19,310.0,59.0,25.85,291.61,2.0,5,100460.0,9999999
59287,0,4497,27.0,19.3,471.0,89.0,25.85,292.14,2.0,13,100460.0,9999999
59287,0,4498,27.8,19.07,618.0,117.0,25.85,290.54,2.0,6,100460.0,9999999
59287,0,4499,28.4,18.61,722.0,204.0,25.85,298.14,2.0,16,100460.0,9999999
59287,0,4500,29.1,18.15,787.0,149.0,25.85,291.61,2.0,10,100460.0,9999999
59287,0,4501,29.9,17.93,784.0,149.0,25.85,297.81,2.0,9,100460.0,9999999
59287,0,4502,31.0,18.38,712.0,201.0,25.85,296.3,2.0,9,100460.0,9999999
59287,0,4503,31.9,19.07,597.0,169.0,25.85,297.98,2.0,11,100460.0,9999999
59287,0,4504,31.6,18.95,454.0,86.0,25.85,296.46,2.0,9,100460.0,9999999
59287,0,4505,31.0,18.84,290.0,82.0,25.85,296.46,2.0,10,100460.0,9999999
59287,0,4506,30.1,18.61,82.0,82.0,25.85,299.79,2.0,5,100460.0,9999999
59287,0,4507,29.2,18.49,13.0,4.0,25.85,296.13,2.0,14,100460.0,9999999
59287,0,4508,28.3,18.49,0.0,0.0,25.85,291.79,3.0,7,100460.0,9999999
59287,0,4509,27.6,18.61,0.0,0.0,25.85,292.49,3.0,1,100460.0,9999999
59287,0,4510,27.1,18.84,0.0,0.0,25.85,292.14,3.0,15,100460.0,9999999
59287,0,4511,26.7,19.19,0.0,0.0,25.85,294.93,3.0,10,100460.0,9999999
59287,0,4512,26.4,19.42,0.0,0.0,25.85,291.96,3.0,4,100320.0,9999999
59287,0,4513,26.1,19.66,0.0,0.0,25.85,293.2,3.0,14,100320.0,9999999
59287,0,4514,25.8,19.54,0.0,0.0,25.85,290.89,0.0,0,100320.0,9999999
59287,0,4515,25.4,19.19,0.0,0.0,25.85,289.99,0.0,8,100320.0,9999999
59287,0,4516,25.1,18.84,0.0,0.0,25.85,294.93,0.0,4,100320.0,9999999
59287,0,4517,25.0,18.38,0.0,0.0,25.85,290.36,0.0,13,100320.0,9999999
59287,0,4518,25.1,18.15,16.0,11.0,25.85,294.76,0.0,9,100320.0,9999999
59287,0,4519,25.6,18.15,97.0,70.0,25.85,289.09,0.0,12,100320.0,9999999
59287,0,4520,26.6,18.72,193.0,140.0,25.85,292.14,3.0,6,100320.0,9999999
59287,0,4521,28.1,19.66,293.0,212.0,25.85,295.27,3.0,12,100320.0,9999999
59287,0,4522,29.8,20.9,384.0,279.0,25.85,297.14,3.0,11,100320.0,9999999
59287,0,4523,31.2,21.81,199.0,199.0,25.85,292.85,3.0,12,100320.0,9999999
59287,0,4524,31.8,21.81,215.0,215.0,25.85,300.44,3.0,5,100320.0,9999999
59287,0,4525,31.3,20.9,214.0,214.0,25.85,296.97,3.0,15,100320.0,9999999
59287,0,4526,29.8,19.3,447.0,324.0,25.85,292.49,1.0,8,100320.0,9999999
59287,0,4527,27.8,17.71,165.0,165.0,25.85,290.18,1.0,7,100320.0,9999999
59287,0,4528,25.8,16.54,282.0,205.0,25.85,289.09,1.0,3,100320.0,9999999
59287,0,4529,24.5,16.14,80.0,80.0,25.85,293.72,1.0,3,100320.0,9999999
59287,0,4530,24.3,16.85,87.0,63.0,25.85,286.68,1.0,8,100320.0,9999999
59287,0,4531,24.9,18.38,8.0,6.0,25.85,288.54,1.0,5,100320.0,9999999
59287,0,4532,25.6,19.91,0.0,0.0,25.85,290.72,0.0,0,100320.0,9999999
59287,0,4533,26.1,21.16,0.0,0.0,25.85,290.89,0.0,15,100320.0,9999999
59287,0,4534,26.3,21.68,0.0,0.0,25.85,292.32,0.0,8,100320.0,9999999
59287,0,4535,26.3,21.68,0.0,0.0,25.85,293.89,0.0,6,100320.0,9999999
59287,0,4536,26.1,21.29,0.0,0.0,25.85,291.61,0.0,13,100280.0,9999999
59287,0,4537,25.7,20.78,0.0,0.0,25.85,292.32,0.0,7,100280.0,9999999
59287,0,4538,25.3,20.03,0.0,0.0,25.85,292.49,0.0,0,100280.0,9999999
59287,0,4539,24.8,19.3,0.0,0.0,25.85,288.72,0.0,2,100280.0,9999999
59287,0,4540,24.5,18.72,0.0,0.0,25.85,292.67,0.0,15,100280.0,9999999
59287,0,4541,24.3,18.49,0.0,0.0,25.85,293.89,0.0,13,100280.0,9999999
59287,0,4542,24.4,18.49,8.0,8.0,25.85,289.45,0.0,14,100280.0,9999999
59287,0,4543,25.0,19.19,53.0,53.0,25.85,294.76,0.0,5,100280.0,9999999
59287,0,4544,26.2,20.52,105.0,105.0,25.85,294.76,0.0,0,100280.0,9999999
59287,0,4545,27.9,22.62,160.0,160.0,25.85,295.61,0.0,2,100280.0,9999999
59287,0,4546,29.6,24.92,210.0,210.0,25.85,294.93,0.0,12,100280.0,9999999
59287,0,4547,30.5,26.15,248.0,248.0,25.85,297.81,0.0,11,100280.0,9999999
59287,0,4548,30.1,25.53,268.0,268.0,25.85,292.32,0.0,13,100280.0,9999999
59287,0,4549,28.7,23.46,267.0,267.0,25.85,293.89,0.0,2,100280.0,9999999
59287,0,4550,27.0,21.29,245.0,245.0,25.85,291.07,3.0,16,100280.0,9999999
59287,0,4551,25.5,19.54,205.0,205.0,25.85,295.44,3.0,5,100280.0,9999999
59287,0,4552,24.4,18.38,154.0,154.0,25.85,294.07,3.0,11,100280.0,9999999
59287,0,4553,23.8,17.82,99.0,99.0,25.85,286.5,3.0,1,100280.0,9999999
59287,0,4554,23.8,18.04,48.0,48.0,25.85,290.72,3.0,5,100280.0,9999999
59287,0,4555,24.1,18.49,4.0,4.0,25.85,286.87,3.0,5,100280.0,9999999
59287,0,4556,24.5,19.07,0.0,0.0,25.85,291.61,0.0,0,100280.0,9999999
59287,0,4557,24.7,19.42,0.0,0.0,25.85,286.31,0.0,12,100280.0,9999999
59287,0,4558,24.8,19.54,0.0,0.0,25.85,288.72,0.0,0,100280.0,9999999
59287,0,4559,24.7,19.42,0.0,0.0,25.85,287.62,0.0,6,100280.0,9999999
59287,0,4560,24.5,19.19,0.0,0.0,25.85,292.85,0.0,9,100140.0,9999999
59287,0,4561,24.3,18.95,0.0,0.0,25.85,291.43,0.0,6,100140.0,9999999
59287,0,4562,24.0,18.72,0.0,0.0,25.85,286.68,0.0,0,100140.0,9999999
59287,0,4563,23.8,18.49,0.0,0.0,25.85,288.17,0.0,4,100140.0,9999999
59287,0,4564,23.6,18.38,0.0,0.0,25.85,291.61,0.0,6,100140.0,9999999
59287,0,4565,23.5,18.26,0.0,0.0,25.85,287.24,0.0,8,100140.0,9999999
59287,0,4566,23.9,18.61,42.0,20.0,25.85,293.72,0.0,7,100140.0,9999999
59287,0,4567,24.9,19.42,265.0,127.0,25.85,289.99,0.0,6,100140.0,9999999
59287,0,4568,25.9,20.15,157.0,157.0,25.85,293.2,0.0,0,100140.0,9999999
59287,0,4569,26.7,20.15,239.0,239.0,25.85,291.96,0.0,8,100140.0,9999999
59287,0,4570,27.3,19.91,314.0,314.0,25.85,291.25,0.0,6,100140.0,9999999
59287,0,4571,28.0,19.42,1234.0,592.0,25.85,292.49,0.0,15,100140.0,9999999
59287,0,4572,29.0,19.3,401.0,401.0,25.85,294.59,0.0,7,100140.0,9999999
59287,0,4573,30.4,19.91,399.0,399.0,25.85,294.93,0.0,2,100140.0,9999999
59287,0,4574,32.5,21.68,366.0,366.0,25.85,297.81,2.0,13,100140.0,9999999
59287,0,4575,34.3,23.75,307.0,307.0,25.85,297.64,2.0,11,100140.0,9999999
59287,0,4576,34.0,23.75,231.0,231.0,25.85,302.85,2.0,8,100140.0,9999999
59287,0,4577,33.3,23.46,498.0,239.0,25.85,295.1,2.0,3,100140.0,9999999
59287,0,4578,32.3,23.18,238.0,114.0,25.85,295.61,2.0,11,100140.0,9999999
59287,0,4579,31.2,22.76,6.0,6.0,25.85,297.31,2.0,12,100140.0,9999999
59287,0,4580,30.2,22.35,0.0,0.0,25.85,291.96,0.0,0,100140.0,9999999
59287,0,4581,29.4,22.08,0.0,0.0,25.85,292.67,0.0,15,100140.0,9999999
59287,0,4582,28.9,21.95,0.0,0.0,25.85,294.24,0.0,9,100140.0,9999999
59287,0,4583,28.4,21.95,0.0,0.0,25.85,290.18,0.0,8,100140.0,9999999
59287,0,4584,28.0,21.81,0.0,0.0,25.85,289.81,0.0,7,99970.0,9999999
59287,0,4585,27.6,21.68,0.0,0.0,25.85,292.49,0.0,0,99970.0,9999999
59287,0,4586,27.2,21.29,0.0,0.0,25.85,290.36,0.0,0,99970.0,9999999
59287,0,4587,26.7,20.78,0.0,0.0,25.85,291.43,0.0,2,99970.0,9999999
59287,0,4588,26.2,20.15,0.0,0.0,25.85,296.13,0.0,15,99970.0,9999999
59287,0,4589,26.0,19.78,0.0,0.0,25.85,292.32,0.0,10,99970.0,9999999
59287,0,4590,26.4,20.15,17.0,10.0,25.85,292.14,0.0,12,99970.0,9999999
59287,0,4591,27.4,20.9,58.0,58.0,25.85,292.67,0.0,10,99970.0,9999999
59287,0,4592,28.5,21.42,116.0,116.0,25.85,298.64,1.0,12,99970.0,9999999
59287,0,4593,29.3,21.42,339.0,198.0,25.85,296.8,1.0,16,99970.0,9999999
59287,0,4594,29.9,20.9,445.0,260.0,25.85,293.89,1.0,4,99970.0,9999999
59287,0,4595,30.4,20.27,525.0,307.0,25.85,294.93,1.0,8,99970.0,9999999
59287,0,4596,31.1,19.91,296.0,296.0,25.85,299.46,1.0,4,99970.0,9999999
59287,0,4597,32.0,20.15,565.0,331.0,25.85,298.31,1.0,16,99970.0,9999999
59287,0,4598,33.4,21.42,518.0,303.0,25.85,300.77,0.0,0,99970.0,9999999
59287,0,4599,34.6,23.32,434.0,254.0,25.85,302.22,0.0,7,99970.0,9999999
59287,0,4600,34.2,23.89,326.0,191.0,25.85,296.13,0.0,14,99970.0,9999999
59287,0,4601,33.2,23.75,210.0,123.0,25.85,299.96,0.0,7,99970.0,9999999
59287,0,4602,31.8,23.46,52.0,52.0,25.85,297.47,0.0,3,99970.0,9999999
59287,0,4603,30.5,22.9,4.0,4.0,25.85,300.93,0.0,7,99970.0,9999999
59287,0,4604,29.4,22.62,0.0,0.0,25.85,298.14,0.0,0,99970.0,9999999
59287,0,4605,28.8,22.76,0.0,0.0,25.85,294.41,0.0,12,99970.0,9999999
59287,0,4606,28.6,23.04,0.0,0.0,25.85,290.54,0.0,14,99970.0,9999999
59287,0,4607,28.6,23.32,0.0,0.0,25.85,290.54,0.0,11,99970.0,9999999
59287,0,4608,28.5,23.32,0.0,0.0,25.85,292.85,0.0,0,99920.0,9999999
59287,0,4609,28.1,23.04,0.0,0.0,25.85,294.93,0.0,2,99920.0,9999999
59287,0,4610,27.3,21.95,0.0,0.0,25.85,293.37,0.0,0,99920.0,9999999
59287,0,4611,25.9,20.15,0.0,0.0,25.85,292.32,0.0,15,99920.0,9999999
59287,0,4612,24.6,18.61,0.0,0.0,25.85,288.35,0.0,16,99920.0,9999999
59287,0,4613,24.0,17.82,0.0,0.0,25.85,287.62,0.0,3,99920.0,9999999
59287,0,4614,24.1,17.82,7.0,7.0,25.85,289.45,0.0,8,99920.0,9999999
59287,0,4615,24.4,17.93,45.0,45.0,25.85,291.25,0.0,2,99920.0,9999999
59287,0,4616,24.7,18.04,89.0,89.0,25.85,285.93,2.0,15,99920.0,9999999
59287,0,4617,25.0,18.15,136.0,136.0,25.85,291.96,2.0,12,99920.0,9999999
59287,0,4618,25.5,18.26,179.0,179.0,25.85,286.68,2.0,9,99920.0,9999999
59287,0,4619,26.0,18.38,211.0,211.0,25.85,295.61,2.0,4,99920.0,9999999
59287,0,4620,26.6,18.72,228.0,228.0,25.85,287.99,2.0,13,99920.0,9999999
59287,0,4621,27.5,19.42,227.0,227.0,25.85,293.72,2.0,12,99920.0,9999999
59287,0,4622,28.6,20.52,208.0,208.0,25.85,298.64,1.0,6,99920.0,9999999
59287,0,4623,29.9,22.21,175.0,175.0,25.85,291.79,1.0,11,99920.0,9999999
59287,0,4624,31.1,23.89,131.0,131.0,25.85,296.8,1.0,16,99920.0,9999999
59287,0,4625,31.6,24.77,84.0,84.0,25.85,300.77,1.0,4,99920.0,9999999
59287,0,4626,31.1,24.33,40.0,40.0,25.85,295.61,1.0,14,99920.0,9999999
59287,0,4627,30.0,23.18,3.0,3.0,25.85,300.44,1.0,9,99920.0,9999999
59287,0,4628,28.7,21.68,0.0,0.0,25.85,295.27,1.0,7,99920.0,9999999
59287,0,4629,27.7,20.78,0.0,0.0,25.85,293.02,1.0,10,99920.0,9999999
59287,0,4630,27.0,20.15,0.0,0.0,25.85,292.85,1.0,9,99920.0,9999999
59287,0,4631,26.6,19.91,0.0,0.0,25.85,293.72,1.0,2,99920.0,9999999
59287,0,4632,26.3,19.78,0.0,0.0,25.85,291.96,1.0,14,100200.0,9999999
59287,0,4633,26.1,19.91,0.0,0.0,25.85,287.62,1.0,9,100200.0,9999999
59287,0,4634,26.0,20.03,0.0,0.0,25.85,295.96,0.0,0,100200.0,9999999
59287,0,4635,25.9,20.15,0.0,0.0,25.85,290.54,0.0,14,100200.0,9999999
59287,0,4636,25.8,20.4,0.0,0.0,25.85,293.02,0.0,13,100200.0,9999999
59287,0,4637,25.7,20.52,0.0,0.0,25.85,290.36,0.0,10,100200.0,9999999
59287,0,4638,25.8,20.65,19.0,11.0,25.85,289.81,0.0,2,100200.0,9999999
59287,0,4639,25.9,20.78,57.0,57.0,25.85,295.96,0.0,12,100200.0,9999999
59287,0,4640,26.2,20.65,115.0,115.0,25.85,293.55,2.0,7,100200.0,9999999
59287,0,4641,26.6,20.4,383.0,235.0,25.85,288.17,2.0,4,100200.0,9999999
59287,0,4642,27.1,20.03,503.0,308.0,25.85,292.32,2.0,5,100200.0,9999999
59287,0,4643,27.7,19.66,594.0,365.0,25.85,292.14,2.0,7,100200.0,9999999
59287,0,4644,28.5,19.42,294.0,294.0,25.85,296.8,2.0,7,100200.0,9999999
59287,0,4645,29.5,19.54,292.0,292.0,25.85,290.72,2.0,1,100200.0,9999999
59287,0,4646,30.6,20.27,268.0,268.0,25.85,298.97,2.0,7,100200.0,9999999
59287,0,4647,31.8,21.55,491.0,301.0,25.85,299.14,2.0,7,100200.0,9999999
59287,0,4648,32.4,22.62,369.0,226.0,25.85,297.31,2.0,7,100200.0,9999999
59287,0,4649,32.0,22.76,237.0,145.0,25.85,296.13,2.0,3,100200.0,9999999
59287,0,4650,31.0,22.35,51.0,51.0,25.85,292.85,2.0,7,100200.0,9999999
59287,0,4651,29.8,21.55,9.0,5.0,25.85,296.3,2.0,10,100200.0,9999999
59287,0,4652,28.6,20.78,0.0,0.0,25.85,295.96,1.0,8,100200.0,9999999
59287,0,4653,27.8,20.4,0.0,0.0,25.85,289.27,1.0,1,100200.0,9999999
59287,0,4654,27.3,20.15,0.0,0.0,25.85,295.79,1.0,5,100200.0,9999999
59287,0,4655,27.0,20.15,0.0,0.0,25.85,290.89,1.0,9,100200.0,9999999
59287,0,4656,26.9,20.03,0.0,0.0,25.85,291.43,1.0,14,100440.0,9999999
59287,0,4657,26.7,20.03,0.0,0.0,25.85,295.1,1.0,6,100440.0,9999999
59287,0,4658,26.4,19.78,0.0,0.0,25.85,294.76,2.0,7,100440.0,9999999
59287,0,4659,25.9,19.42,0.0,0.0,25.85,294.24,2.0,8,100440.0,9999999
59287,0,4660,25.5,19.07,0.0,0.0,25.85,288.35,2.0,13,100440.0,9999999
59287,0,4661,25.3,18.95,0.0,0.0,25.85,290.36,2.0,8,100440.0,9999999
59287,0,4662,25.6,19.42,19.0,11.0,25.85,295.44,2.0,4,100440.0,9999999
59287,0,4663,26.4,20.27,61.0,61.0,25.85,294.76,2.0,8,100440.0,9999999
59287,0,4664,27.2,21.03,123.0,123.0,25.85,295.79,2.0,5,100440.0,9999999
59287,0,4665,27.8,21.42,404.0,233.0,25.85,291.79,2.0,4,100440.0,9999999
59287,0,4666,28.2,21.42,531.0,306.0,25.85,294.07,2.0,7,100440.0,9999999
59287,0,4667,28.5,21.29,628.0,362.0,25.85,293.2,2.0,5,100440.0,9999999
59287,0,4668,28.9,21.29,679.0,391.0,25.85,294.76,2.0,3,100440.0,9999999
59287,0,4669,29.5,21.42,315.0,315.0,25.85,294.93,2.0,10,100440.0,9999999
59287,0,4670,30.5,22.21,289.0,289.0,25.85,295.96,2.0,11,100440.0,9999999
59287,0,4671,31.8,23.46,519.0,299.0,25.85,299.46,2.0,1,100440.0,9999999
59287,0,4672,32.4,24.03,182.0,182.0,25.85,299.3,2.0,5,100440.0,9999999
59287,0,4673,32.1,23.6,116.0,116.0,25.85,298.97,2.0,1,100440.0,9999999
59287,0,4674,31.5,22.76,118.0,68.0,25.85,296.46,2.0,6,100440.0,9999999
59287,0,4675,30.7,21.81,4.0,4.0,25.85,293.72,2.0,7,100440.0,9999999
59287,0,4676,29.9,21.16,0.0,0.0,25.85,298.47,2.0,8,100440.0,9999999
59287,0,4677,29.3,20.78,0.0,0.0,25.85,290.89,2.0,9,100440.0,9999999
59287,0,4678,28.9,20.78,0.0,0.0,25.85,291.79,2.0,11,100440.0,9999999
59287,0,4679,28.6,20.9,0.0,0.0,25.85,298.64,2.0,12,100440.0,9999999
59287,0,4680,28.4,21.16,0.0,0.0,25.85,296.97,2.0,16,100440.0,9999999
59287,0,4681,28.1,21.29,0.0,0.0,25.85,294.07,2.0,14,100440.0,9999999
59287,0,4682,27.8,21.29,0.0,0.0,25.85,295.27,1.0,7,100440.0,9999999
59287,0,4683,27.4,21.16,0.0,0.0,25.85,297.47,1.0,16,100440.0,9999999
59287,0,4684,27.0,20.9,0.0,0.0,25.85,294.41,1.0,4,100440.0,9999999
59287,0,4685,26.8,20.78,0.0,0.0,25.85,292.67,1.0,13,100440.0,9999999
59287,0,4686,27.1,21.16,20.0,8.0,25.85,295.79,1.0,9,100440.0,9999999
59287,0,4687,27.9,21.68,143.0,56.0,25.85,298.14,1.0,4,100440.0,9999999
59287,0,4688,28.8,22.08,412.0,112.0,25.85,290.54,1.0,7,100440.0,9999999
59287,0,4689,29.5,21.81,439.0,173.0,25.85,294.93,1.0,5,100440.0,9999999
59287,0,4690,30.1,21.16,340.0,340.0,25.85,291.61,1.0,14,100440.0,9999999
59287,0,4691,30.6,20.27,401.0,401.0,25.85,291.96,1.0,6,100440.0,9999999
59287,0,4692,31.3,19.66,434.0,434.0,25.85,295.61,1.0,8,100440.0,9999999
59287,0,4693,32.2,19.66,736.0,289.0,25.85,294.93,1.0,4,100440.0,9999999
59287,0,4694,33.5,20.52,674.0,265.0,25.85,299.79,2.0,10,100440.0,9999999
59287,0,4695,34.6,22.08,808.0,219.0,25.85,298.64,2.0,12,100440.0,9999999
59287,0,4696,34.3,22.62,423.0,166.0,25.85,303.01,2.0,3,100440.0,9999999
59287,0,4697,33.6,23.04,388.0,106.0,25.85,299.14,2.0,14,100440.0,9999999
59287,0,4698,32.6,23.32,128.0,50.0,25.85,295.79,2.0,9,100440.0,9999999
59287,0,4699,31.5,23.32,9.0,3.0,25.85,298.31,2.0,5,100440.0,9999999
59287,0,4700,30.6,23.18,0.0,0.0,25.85,292.49,1.0,7,100440.0,9999999
59287,0,4701,29.9,23.04,0.0,0.0,25.85,298.81,1.0,5,100440.0,9999999
59287,0,4702,29.5,22.9,0.0,0.0,25.85,294.41,1.0,15,100440.0,9999999
59287,0,4703,29.1,22.76,0.0,0.0,25.85,299.63,1.0,11,100440.0,9999999
59287,0,4704,28.9,22.49,0.0,0.0,25.85,294.93,1.0,13,100180.0,9999999
59287,0,4705,28.5,22.21,0.0,0.0,25.85,290.36,1.0,16,100180.0,9999999
59287,0,4706,28.1,21.68,0.0,0.0,25.85,295.61,0.0,0,100180.0,9999999
59287,0,4707,27.5,21.03,0.0,0.0,25.85,290.54,0.0,5,100180.0,9999999
59287,0,4708,26.9,20.52,0.0,0.0,25.85,294.24,0.0,14,100180.0,9999999
59287,0,4709,26.7,20.27,0.0,0.0,25.85,288.35,0.0,10,100180.0,9999999
59287,0,4710,27.0,20.4,16.0,10.0,25.85,289.99,0.0,12,100180.0,9999999
59287,0,4711,27.6,20.9,114.0,70.0,25.85,291.61,0.0,2,100180.0,9999999
59287,0,4712,28.5,21.42,112.0,112.0,25.85,292.67,2.0,7,100180.0,9999999
59287,0,4713,29.5,21.81,351.0,215.0,25.85,293.55,2.0,5,100180.0,9999999
59287,0,4714,30.5,21.81,462.0,283.0,25.85,297.98,2.0,14,100180.0,9999999
59287,0,4715,31.6,21.68,546.0,335.0,25.85,296.3,2.0,15,100180.0,9999999
59287,0,4716,32.6,21.55,590.0,362.0,25.85,301.09,2.0,12,100180.0,9999999
59287,0,4717,33.5,21.55,287.0,287.0,25.85,300.77,2.0,12,100180.0,9999999
59287,0,4718,34.2,21.81,263.0,263.0,25.85,304.43,2.0,8,100180.0,9999999
59287,0,4719,34.6,22.35,451.0,277.0,25.85,296.3,2.0,13,100180.0,9999999
59287,0,4720,34.2,22.62,338.0,207.0,25.85,301.74,2.0,14,100180.0,9999999
59287,0,4721,33.3,22.49,106.0,106.0,25.85,300.77,2.0,10,100180.0,9999999
59287,0,4722,32.1,22.08,50.0,50.0,25.85,296.97,2.0,7,100180.0,9999999
59287,0,4723,30.9,21.68,6.0,4.0,25.85,296.8,2.0,7,100180.0,9999999
59287,0,4724,29.8,21.29,0.0,0.0,25.85,293.89,2.0,7,100180.0,9999999
59287,0,4725,29.1,21.03,0.0,0.0,25.85,294.93,2.0,6,100180.0,9999999
59287,0,4726,28.8,21.16,0.0,0.0,25.85,290.54,2.0,11,100180.0,9999999
59287,0,4727,28.7,21.29,0.0,0.0,25.85,294.07,2.0,6,100180.0,9999999
59287,0,4728,28.6,21.42,0.0,0.0,25.85,293.37,2.0,1,100080.0,9999999
59287,0,4729,28.5,21.42,0.0,0.0,25.85,297.14,2.0,9,100080.0,9999999
59287,0,4730,28.3,21.16,0.0,0.0,25.85,296.8,1.0,11,100080.0,9999999
59287,0,4731,27.8,20.78,0.0,0.0,25.85,291.79,1.0,6,100080.0,9999999
59287,0,4732,27.3,20.27,0.0,0.0,25.85,290.36,1.0,8,100080.0,9999999
59287,0,4733,27.1,20.15,0.0,0.0,25.85,292.32,1.0,9,100080.0,9999999
59287,0,4734,27.4,20.4,22.0,11.0,25.85,288.9,1.0,12,100080.0,9999999
59287,0,4735,28.1,21.03,161.0,78.0,25.85,292.85,1.0,2,100080.0,9999999
59287,0,4736,28.8,21.29,147.0,147.0,25.85,295.44,1.0,8,100080.0,9999999
59287,0,4737,29.3,21.03,499.0,243.0,25.85,293.37,1.0,6,100080.0,9999999
59287,0,4738,29.7,20.4,296.0,296.0,25.85,294.93,1.0,8,100080.0,9999999
59287,0,4739,30.1,19.66,778.0,379.0,25.85,291.43,1.0,6,100080.0,9999999
59287,0,4740,30.8,19.19,841.0,410.0,25.85,294.41,1.0,1,100080.0,9999999
59287,0,4741,31.9,19.42,377.0,377.0,25.85,295.44,1.0,5,100080.0,9999999
59287,0,4742,33.6,20.65,345.0,345.0,25.85,298.14,3.0,11,100080.0,9999999
59287,0,4743,35.1,22.49,642.0,313.0,25.85,305.36,3.0,4,100080.0,9999999
59287,0,4744,34.8,22.49,216.0,216.0,25.85,300.77,3.0,7,100080.0,9999999
59287,0,4745,34.2,22.49,308.0,150.0,25.85,301.74,3.0,12,100080.0,9999999
59287,0,4746,33.2,22.35,65.0,65.0,25.85,303.49,3.0,3,100080.0,9999999
59287,0,4747,32.3,22.08,4.0,4.0,25.85,295.27,3.0,3,100080.0,9999999
59287,0,4748,31.4,21.81,0.0,0.0,25.85,298.81,2.0,8,100080.0,9999999
59287,0,4749,30.8,21.68,0.0,0.0,25.85,294.76,2.0,9,100080.0,9999999
59287,0,4750,30.3,21.68,0.0,0.0,25.85,295.61,2.0,1,100080.0,9999999
59287,0,4751,30.0,21.68,0.0,0.0,25.85,300.28,2.0,4,100080.0,9999999
59287,0,4752,29.7,21.55,0.0,0.0,25.85,297.14,2.0,1,100130.0,9999999
59287,0,4753,29.4,21.42,0.0,0.0,25.85,296.8,2.0,5,100130.0,9999999
59287,0,4754,28.9,21.16,0.0,0.0,25.85,292.85,3.0,13,100130.0,9999999
59287,0,4755,28.3,20.78,0.0,0.0,25.85,296.8,3.0,6,100130.0,9999999
59287,0,4756,27.7,20.4,0.0,0.0,25.85,293.02,3.0,12,100130.0,9999999
59287,0,4757,27.5,20.4,0.0,0.0,25.85,292.14,3.0,1,100130.0,9999999
59287,0,4758,27.9,20.78,33.0,16.0,25.85,292.49,3.0,8,100130.0,9999999
59287,0,4759,28.7,21.68,76.0,76.0,25.85,293.55,3.0,5,100130.0,9999999
59287,0,4760,29.6,22.35,154.0,154.0,25.85,292.85,1.0,9,100130.0,9999999
59287,0,4761,30.4,22.49,236.0,236.0,25.85,292.14,1.0,7,100130.0,9999999
59287,0,4762,31.1,22.08,1030.0,509.0,25.85,295.96,1.0,9,100130.0,9999999
59287,0,4763,31.7,21.55,368.0,368.0,25.85,296.97,1.0,1,100130.0,9999999
59287,0,4764,32.4,20.9,398.0,398.0,25.85,299.79,1.0,13,100130.0,9999999
59287,0,4765,33.3,20.78,396.0,396.0,25.85,297.14,1.0,16,100130.0,9999999
59287,0,4766,34.4,21.29,1202.0,595.0,25.85,298.31,2.0,9,100130.0,9999999
59287,0,4767,35.3,22.21,304.0,304.0,25.85,303.96,2.0,6,100130.0,9999999
59287,0,4768,35.1,22.21,227.0,227.0,25.85,305.36,2.0,4,100130.0,9999999
59287,0,4769,34.5,22.21,145.0,145.0,25.85,300.44,2.0,10,100130.0,9999999
59287,0,4770,33.6,22.21,68.0,68.0,25.85,301.09,2.0,9,100130.0,9999999
59287,0,4771,32.7,22.08,12.0,6.0,25.85,298.14,2.0,6,100130.0,9999999
59287,0,4772,31.8,22.08,0.0,0.0,25.85,296.63,3.0,9,100130.0,9999999
59287,0,4773,31.1,22.08,0.0,0.0,25.85,294.24,3.0,7,100130.0,9999999
59287,0,4774,30.5,22.08,0.0,0.0,25.85,295.96,3.0,8,100130.0,9999999
59287,0,4775,30.1,22.08,0.0,0.0,25.85,294.93,3.0,10,100130.0,9999999
59287,0,4776,29.6,22.21,0.0,0.0,25.85,299.96,3.0,15,100040.0,9999999
59287,0,4777,29.2,22.08,0.0,0.0,25.85,293.37,3.0,5,100040.0,9999999
59287,0,4778,28.8,21.81,0.0,0.0,25.85,290.54,0.0,0,100040.0,9999999
59287,0,4779,28.3,21.42,0.0,0.0,25.85,298.47,0.0,10,100040.0,9999999
59287,0,4780,27.9,21.03,0.0,0.0,25.85,296.46,0.0,1,100040.0,9999999
59287,0,4781,27.7,20.9,0.0,0.0,25.85,290.72,0.0,3,100040.0,9999999
59287,0,4782,27.9,20.9,22.0,9.0,25.85,289.45,0.0,11,100040.0,9999999
59287,0,4783,28.4,21.03,84.0,84.0,25.85,294.93,0.0,4,100040.0,9999999
59287,0,4784,29.2,21.29,171.0,171.0,25.85,297.81,2.0,10,100040.0,9999999
59287,0,4785,30.3,21.55,262.0,262.0,25.85,300.44,2.0,14,100040.0,9999999
59287,0,4786,31.5,21.55,345.0,345.0,25.85,293.02,2.0,6,100040.0,9999999
59287,0,4787,32.7,21.55,845.0,341.0,25.85,298.47,2.0,15,100040.0,9999999
59287,0,4788,33.8,21.29,915.0,369.0,25.85,302.22,2.0,10,100040.0,9999999
59287,0,4789,34.6,20.9,911.0,368.0,25.85,297.47,2.0,1,100040.0,9999999
59287,0,4790,35.1,20.65,403.0,403.0,25.85,299.63,3.0,12,100040.0,9999999
59287,0,4791,35.2,20.65,337.0,337.0,25.85,298.97,3.0,8,100040.0,9999999
59287,0,4792,35.0,20.78,522.0,211.0,25.85,300.12,3.0,7,100040.0,9999999
59287,0,4793,34.3,20.9,333.0,134.0,25.85,304.43,3.0,6,100040.0,9999999
59287,0,4794,33.5,21.03,156.0,63.0,25.85,298.64,3.0,8,100040.0,9999999
59287,0,4795,32.6,21.16,8.0,3.0,25.85,297.14,3.0,11,100040.0,9999999
59287,0,4796,31.7,21.29,0.0,0.0,25.85,293.2,4.0,9,100040.0,9999999
59287,0,4797,31.0,21.55,0.0,0.0,25.85,294.07,4.0,10,100040.0,9999999
59287,0,4798,30.5,21.81,0.0,0.0,25.85,293.55,4.0,10,100040.0,9999999
59287,0,4799,30.0,21.95,0.0,0.0,25.85,297.47,4.0,8,100040.0,9999999
59287,0,4800,29.6,22.08,0.0,0.0,25.85,294.59,4.0,7,99940.0,9999999
59287,0,4801,29.2,22.08,0.0,0.0,25.85,294.76,4.0,1,99940.0,9999999
59287,0,4802,28.7,21.68,0.0,0.0,25.85,294.76,1.0,9,99940.0,9999999
59287,0,4803,28.1,21.16,0.0,0.0,25.85,295.44,1.0,7,99940.0,9999999
59287,0,4804,27.5,20.52,0.0,0.0,25.85,291.43,1.0,14,99940.0,9999999
59287,0,4805,27.3,20.15,0.0,0.0,25.85,294.59,1.0,11,99940.0,9999999
59287,0,4806,27.6,20.4,47.0,25.0,25.85,297.64,1.0,8,99940.0,9999999
59287,0,4807,28.5,20.9,74.0,74.0,25.85,296.97,1.0,1,99940.0,9999999
59287,0,4808,29.5,21.42,152.0,152.0,25.85,293.55,1.0,8,99940.0,9999999
59287,0,4809,30.5,21.68,233.0,233.0,25.85,297.14,1.0,8,99940.0,9999999
59287,0,4810,31.5,21.55,307.0,307.0,25.85,294.59,1.0,12,99940.0,9999999
59287,0,4811,32.4,21.29,364.0,364.0,25.85,300.93,1.0,16,99940.0,9999999
59287,0,4812,33.2,20.9,394.0,394.0,25.85,296.97,1.0,7,99940.0,9999999
59287,0,4813,33.8,20.65,392.0,392.0,25.85,296.63,1.0,1,99940.0,9999999
59287,0,4814,34.4,20.52,359.0,359.0,25.85,301.58,3.0,8,99940.0,9999999
59287,0,4815,34.7,20.9,300.0,300.0,25.85,300.44,3.0,7,99940.0,9999999
59287,0,4816,34.4,21.03,224.0,224.0,25.85,298.31,3.0,12,99940.0,9999999
59287,0,4817,33.8,20.9,143.0,143.0,25.85,298.31,3.0,1,99940.0,9999999
59287,0,4818,32.8,20.9,312.0,166.0,25.85,298.47,3.0,9,99940.0,9999999
59287,0,4819,31.8,20.78,16.0,8.0,25.85,296.46,3.0,1,99940.0,9999999
59287,0,4820,30.9,20.65,0.0,0.0,25.85,296.13,3.0,9,99940.0,9999999
59287,0,4821,30.2,20.65,0.0,0.0,25.85,294.07,3.0,7,99940.0,9999999
59287,0,4822,29.7,20.78,0.0,0.0,25.85,291.25,3.0,10,99940.0,9999999
59287,0,4823,29.4,21.03,0.0,0.0,25.85,294.59,3.0,8,99940.0,9999999
59287,0,4824,29.1,21.16,0.0,0.0,25.85,293.89,3.0,2,99940.0,9999999
59287,0,4825,28.9,21.29,0.0,0.0,25.85,299.14,3.0,15,99940.0,9999999
59287,0,4826,28.6,21.29,0.0,0.0,25.85,291.61,2.0,8,99940.0,9999999
59287,0,4827,28.2,21.16,0.0,0.0,25.85,291.25,2.0,16,99940.0,9999999
59287,0,4828,27.9,21.03,0.0,0.0,25.85,292.67,2.0,6,99940.0,9999999
59287,0,4829,27.8,20.9,0.0,0.0,25.85,290.89,2.0,9,99940.0,9999999
59287,0,4830,28.0,21.16,19.0,11.0,25.85,291.07,2.0,6,99940.0,9999999
59287,0,4831,28.6,21.68,63.0,63.0,25.85,293.55,2.0,11,99940.0,9999999
59287,0,4832,29.3,21.95,129.0,129.0,25.85,296.8,2.0,9,99940.0,9999999
59287,0,4833,29.9,21.95,198.0,198.0,25.85,298.47,2.0,6,99940.0,9999999
59287,0,4834,30.4,21.55,676.0,390.0,25.85,300.61,2.0,2,99940.0,9999999
59287,0,4835,31.0,21.16,801.0,462.0,25.85,294.93,2.0,13,99940.0,9999999
59287,0,4836,31.7,20.9,866.0,500.0,25.85,298.14,2.0,7,99940.0,9999999
59287,0,4837,32.6,21.16,334.0,334.0,25.85,301.09,2.0,8,99940.0,9999999
59287,0,4838,33.8,21.95,306.0,306.0,25.85,303.96,4.0,8,99940.0,9999999
59287,0,4839,34.8,23.04,255.0,255.0,25.85,305.21,4.0,12,99940.0,9999999
59287,0,4840,34.5,22.9,191.0,191.0,25.85,304.9,4.0,4,99940.0,9999999
59287,0,4841,33.7,22.35,122.0,122.0,25.85,301.25,4.0,4,99940.0,9999999
59287,0,4842,32.7,21.81,56.0,56.0,25.85,297.98,4.0,16,99940.0,9999999
59287,0,4843,31.6,21.29,6.0,3.0,25.85,301.74,4.0,14,99940.0,9999999
59287,0,4844,30.6,20.78,0.0,0.0,25.85,296.46,4.0,9,99940.0,9999999
59287,0,4845,29.9,20.78,0.0,0.0,25.85,298.31,4.0,9,99940.0,9999999
59287,0,4846,29.5,20.78,0.0,0.0,25.85,291.07,4.0,1,99940.0,9999999
59287,0,4847,29.1,21.03,0.0,0.0,25.85,297.64,4.0,10,99940.0,9999999
59287,0,4848,28.9,21.29,0.0,0.0,25.85,295.44,4.0,8,99980.0,9999999
59287,0,4849,28.7,21.29,0.0,0.0,25.85,290.36,4.0,5,99980.0,9999999
59287,0,4850,28.3,21.16,0.0,0.0,25.85,295.79,2.0,9,99980.0,9999999
59287,0,4851,27.8,20.78,0.0,0.0,25.85,292.49,2.0,4,99980.0,9999999
59287,0,4852,27.3,20.27,0.0,0.0,25.85,293.72,2.0,16,99980.0,9999999
59287,0,4853,27.1,20.03,0.0,0.0,25.85,291.61,2.0,9,99980.0,9999999
59287,0,4854,27.5,20.27,14.0,8.0,25.85,293.89,2.0,11,99980.0,9999999
59287,0,4855,28.4,21.03,61.0,61.0,25.85,294.24,2.0,1,99980.0,9999999
59287,0,4856,29.4,21.55,125.0,125.0,25.85,299.63,2.0,9,99980.0,9999999
59287,0,4857,30.2,21.55,395.0,222.0,25.85,296.13,2.0,16,99980.0,9999999
59287,0,4858,30.8,21.16,255.0,255.0,25.85,295.44,2.0,9,99980.0,9999999
59287,0,4859,31.3,20.4,617.0,347.0,25.85,295.79,2.0,4,99980.0,9999999
59287,0,4860,31.8,19.91,668.0,376.0,25.85,294.59,2.0,13,99980.0,9999999
59287,0,4861,32.5,19.66,665.0,374.0,25.85,295.1,2.0,5,99980.0,9999999
59287,0,4862,33.5,20.27,297.0,297.0,25.85,299.79,2.0,11,99980.0,9999999
59287,0,4863,34.7,21.55,509.0,286.0,25.85,304.9,2.0,12,99980.0,9999999
59287,0,4864,35.3,22.76,186.0,186.0,25.85,301.25,2.0,6,99980.0,9999999
59287,0,4865,34.8,22.9,242.0,136.0,25.85,300.77,2.0,16,99980.0,9999999
59287,0,4866,33.5,22.35,112.0,63.0,25.85,300.12,2.0,3,99980.0,9999999
59287,0,4867,32.0,21.42,2.0,2.0,25.85,299.3,2.0,9,99980.0,9999999
59287,0,4868,30.6,20.52,0.0,0.0,25.85,295.27,2.0,9,99980.0,9999999
59287,0,4869,29.7,20.15,0.0,0.0,25.85,292.49,2.0,3,99980.0,9999999
59287,0,4870,29.2,20.15,0.0,0.0,25.85,291.96,2.0,1,99980.0,9999999
59287,0,4871,29.0,20.4,0.0,0.0,25.85,290.54,2.0,10,99980.0,9999999
59287,0,4872,29.0,20.9,0.0,0.0,25.85,293.72,2.0,1,99930.0,9999999
59287,0,4873,29.0,21.42,0.0,0.0,25.85,294.41,2.0,4,99930.0,9999999
59287,0,4874,28.9,21.68,0.0,0.0,25.85,299.14,2.0,8,99930.0,9999999
59287,0,4875,28.6,21.95,0.0,0.0,25.85,298.97,2.0,1,99930.0,9999999
59287,0,4876,28.3,21.95,0.0,0.0,25.85,292.49,2.0,14,99930.0,9999999
59287,0,4877,28.2,22.08,0.0,0.0,25.85,292.32,2.0,12,99930.0,9999999
59287,0,4878,28.3,22.35,11.0,7.0,25.85,293.89,2.0,14,99930.0,9999999
59287,0,4879,28.6,22.49,106.0,65.0,25.85,292.85,2.0,11,99930.0,9999999
59287,0,4880,29.1,22.49,218.0,135.0,25.85,292.32,2.0,7,99930.0,9999999
59287,0,4881,29.8,22.21,170.0,170.0,25.85,293.89,2.0,1,99930.0,9999999
59287,0,4882,30.5,21.81,444.0,274.0,25.85,296.46,2.0,8,99930.0,9999999
59287,0,4883,31.4,21.16,526.0,325.0,25.85,299.96,2.0,4,99930.0,9999999
59287,0,4884,32.3,20.52,287.0,287.0,25.85,300.61,2.0,3,99930.0,9999999
59287,0,4885,33.1,20.03,566.0,350.0,25.85,296.8,2.0,1,99930.0,9999999
59287,0,4886,33.8,19.91,519.0,320.0,25.85,297.47,3.0,11,99930.0,9999999
59287,0,4887,34.2,20.15,433.0,268.0,25.85,299.14,3.0,16,99930.0,9999999
59287,0,4888,33.9,20.4,163.0,163.0,25.85,297.64,3.0,11,99930.0,9999999
59287,0,4889,33.3,20.52,205.0,127.0,25.85,296.97,3.0,10,99930.0,9999999
59287,0,4890,32.4,20.65,48.0,48.0,25.85,295.27,3.0,12,99930.0,9999999
59287,0,4891,31.4,20.78,1.0,1.0,25.85,292.85,3.0,4,99930.0,9999999
59287,0,4892,30.6,20.78,0.0,0.0,25.85,299.14,4.0,8,99930.0,9999999
59287,0,4893,30.0,21.03,0.0,0.0,25.85,298.47,4.0,13,99930.0,9999999
59287,0,4894,29.7,21.29,0.0,0.0,25.85,297.14,4.0,2,99930.0,9999999
59287,0,4895,29.5,21.42,0.0,0.0,25.85,296.13,4.0,1,99930.0,9999999
59287,0,4896,29.4,21.68,0.0,0.0,25.85,293.55,4.0,4,99840.0,9999999
59287,0,4897,29.2,21.81,0.0,0.0,25.85,297.98,4.0,8,99840.0,9999999
59287,0,4898,29.0,21.81,0.0,0.0,25.85,294.41,0.0,0,99840.0,9999999
59287,0,4899,28.6,21.68,0.0,0.0,25.85,297.31,0.0,7,99840.0,9999999
59287,0,4900,28.3,21.42,0.0,0.0,25.85,293.72,0.0,0,99840.0,9999999
59287,0,4901,28.1,21.42,0.0,0.0,25.85,296.63,0.0,9,99840.0,9999999
59287,0,4902,28.3,21.68,13.0,8.0,25.85,295.79,0.0,9,99840.0,9999999
59287,0,4903,28.8,22.08,54.0,54.0,25.85,294.93,0.0,2,99840.0,9999999
59287,0,4904,29.5,22.21,112.0,112.0,25.85,296.13,2.0,9,99840.0,9999999
59287,0,4905,30.1,22.08,407.0,257.0,25.85,291.96,2.0,5,99840.0,9999999
59287,0,4906,30.8,21.55,229.0,229.0,25.85,292.49,2.0,13,99840.0,9999999
59287,0,4907,31.4,20.78,272.0,272.0,25.85,294.24,2.0,12,99840.0,9999999
59287,0,4908,32.0,20.03,294.0,294.0,25.85,298.31,2.0,4,99840.0,9999999
59287,0,4909,32.7,19.66,293.0,293.0,25.85,295.27,2.0,8,99840.0,9999999
59287,0,4910,33.4,19.78,629.0,397.0,25.85,296.97,3.0,11,99840.0,9999999
59287,0,4911,33.9,20.27,525.0,332.0,25.85,302.22,3.0,1,99840.0,9999999
59287,0,4912,33.7,20.65,392.0,247.0,25.85,302.06,3.0,12,99840.0,9999999
59287,0,4913,33.2,21.03,248.0,157.0,25.85,303.17,3.0,12,99840.0,9999999
59287,0,4914,32.3,21.16,114.0,72.0,25.85,298.81,3.0,16,99840.0,9999999
59287,0,4915,31.3,21.16,1.0,1.0,25.85,296.63,3.0,9,99840.0,9999999
59287,0,4916,30.2,20.9,0.0,0.0,25.85,295.96,3.0,9,99840.0,9999999
59287,0,4917,29.0,20.4,0.0,0.0,25.85,291.96,3.0,1,99840.0,9999999
59287,0,4918,28.0,19.78,0.0,0.0,25.85,293.02,3.0,5,99840.0,9999999
59287,0,4919,27.2,19.42,0.0,0.0,25.85,295.44,3.0,15,99840.0,9999999
59287,0,4920,27.0,19.42,0.0,0.0,25.85,291.96,3.0,4,99970.0,9999999
59287,0,4921,27.3,20.03,0.0,0.0,25.85,292.49,3.0,2,99970.0,9999999
59287,0,4922,28.5,21.42,0.0,0.0,25.85,294.41,1.0,9,99970.0,9999999
59287,0,4923,30.5,24.03,0.0,0.0,25.85,296.8,1.0,9,99970.0,9999999
59287,0,4924,32.4,26.62,0.0,0.0,25.85,298.97,1.0,2,99970.0,9999999
59287,0,4925,33.1,27.43,0.0,0.0,25.85,296.97,1.0,3,99970.0,9999999
59287,0,4926,32.1,25.53,8.0,5.0,25.85,297.98,1.0,1,99970.0,9999999
59287,0,4927,30.3,23.04,77.0,56.0,25.85,295.27,1.0,5,99970.0,9999999
59287,0,4928,29.4,21.81,160.0,116.0,25.85,299.63,2.0,9,99970.0,9999999
59287,0,4929,29.2,21.95,126.0,126.0,25.85,296.8,2.0,13,99970.0,9999999
59287,0,4930,28.8,21.81,167.0,167.0,25.85,293.72,2.0,16,99970.0,9999999
59287,0,4931,28.2,21.55,388.0,281.0,25.85,291.43,2.0,8,99970.0,9999999
59287,0,4932,27.7,21.29,420.0,304.0,25.85,292.49,2.0,16,99970.0,9999999
59287,0,4933,27.3,21.03,419.0,303.0,25.85,290.36,2.0,16,99970.0,9999999
59287,0,4934,27.1,20.9,383.0,277.0,25.85,295.61,0.0,0,99970.0,9999999
59287,0,4935,26.4,19.91,163.0,163.0,25.85,290.36,0.0,13,99970.0,9999999
59287,0,4936,26.1,19.3,238.0,172.0,25.85,292.32,0.0,2,99970.0,9999999
59287,0,4937,26.4,19.42,151.0,109.0,25.85,294.76,0.0,8,99970.0,9999999
59287,0,4938,27.2,20.03,69.0,50.0,25.85,293.02,0.0,15,99970.0,9999999
59287,0,4939,28.1,20.78,1.0,1.0,25.85,291.07,0.0,10,99970.0,9999999
59287,0,4940,28.8,21.55,0.0,0.0,25.85,290.54,1.0,9,99970.0,9999999
59287,0,4941,29.1,22.08,0.0,0.0,25.85,292.32,1.0,7,99970.0,9999999
59287,0,4942,29.0,22.35,0.0,0.0,25.85,299.3,1.0,9,99970.0,9999999
59287,0,4943,28.6,22.35,0.0,0.0,25.85,294.07,1.0,1,99970.0,9999999
59287,0,4944,28.0,22.08,0.0,0.0,25.85,289.81,1.0,4,100150.0,9999999
59287,0,4945,27.5,21.81,0.0,0.0,25.85,289.27,1.0,13,100150.0,9999999
59287,0,4946,27.0,21.55,0.0,0.0,25.85,291.07,1.0,7,100150.0,9999999
59287,0,4947,26.7,21.29,0.0,0.0,25.85,291.43,1.0,2,100150.0,9999999
59287,0,4948,26.5,21.03,0.0,0.0,25.85,290.54,1.0,16,100150.0,9999999
59287,0,4949,26.5,20.78,0.0,0.0,25.85,290.54,1.0,9,100150.0,9999999
59287,0,4950,27.0,20.9,13.0,7.0,25.85,295.44,1.0,15,100150.0,9999999
59287,0,4951,28.0,21.55,143.0,79.0,25.85,295.44,1.0,2,100150.0,9999999
59287,0,4952,29.0,22.08,298.0,164.0,25.85,292.14,1.0,9,100150.0,9999999
59287,0,4953,29.7,21.95,205.0,205.0,25.85,292.85,1.0,3,100150.0,9999999
59287,0,4954,30.1,21.29,610.0,336.0,25.85,295.96,1.0,2,100150.0,9999999
59287,0,4955,30.3,20.4,321.0,321.0,25.85,298.64,1.0,6,100150.0,9999999
59287,0,4956,30.4,19.66,783.0,431.0,25.85,300.28,1.0,9,100150.0,9999999
59287,0,4957,30.7,19.19,780.0,430.0,25.85,297.64,1.0,9,100150.0,9999999
59287,0,4958,31.2,19.54,317.0,317.0,25.85,296.8,2.0,9,100150.0,9999999
59287,0,4959,32.0,20.65,264.0,264.0,25.85,300.44,2.0,2,100150.0,9999999
59287,0,4960,32.8,22.35,197.0,197.0,25.85,295.79,2.0,11,100150.0,9999999
59287,0,4961,33.1,23.75,281.0,155.0,25.85,298.81,2.0,6,100150.0,9999999
59287,0,4962,32.5,23.89,57.0,57.0,25.85,298.14,2.0,5,100150.0,9999999
59287,0,4963,31.0,23.04,1.0,1.0,25.85,299.79,2.0,14,100150.0,9999999
59287,0,4964,29.6,21.81,0.0,0.0,25.85,291.25,0.0,0,100150.0,9999999
59287,0,4965,28.8,21.16,0.0,0.0,25.85,293.55,0.0,11,100150.0,9999999
59287,0,4966,28.5,20.9,0.0,0.0,25.85,294.93,0.0,6,100150.0,9999999
59287,0,4967,28.5,21.03,0.0,0.0,25.85,293.2,0.0,12,100150.0,9999999
59287,0,4968,28.8,21.29,0.0,0.0,25.85,296.13,0.0,9,100240.0,9999999
59287,0,4969,28.9,21.29,0.0,0.0,25.85,292.85,0.0,1,100240.0,9999999
59287,0,4970,28.7,21.16,0.0,0.0,25.85,294.59,2.0,13,100240.0,9999999
59287,0,4971,28.1,20.78,0.0,0.0,25.85,298.14,2.0,4,100240.0,9999999
59287,0,4972,27.5,20.27,0.0,0.0,25.85,292.14,2.0,5,100240.0,9999999
59287,0,4973,27.2,20.03,0.0,0.0,25.85,293.55,2.0,8,100240.0,9999999
59287,0,4974,27.5,20.52,12.0,4.0,25.85,297.64,2.0,5,100240.0,9999999
59287,0,4975,28.3,21.29,136.0,51.0,25.85,289.99,2.0,9,100240.0,9999999
59287,0,4976,29.1,21.68,283.0,107.0,25.85,292.14,0.0,0,100240.0,9999999
59287,0,4977,29.7,21.42,477.0,123.0,25.85,295.61,0.0,2,100240.0,9999999
59287,0,4978,30.2,20.52,581.0,219.0,25.85,296.63,0.0,14,100240.0,9999999
59287,0,4979,30.8,19.54,750.0,193.0,25.85,291.96,0.0,6,100240.0,9999999
59287,0,4980,31.5,18.72,747.0,281.0,25.85,298.31,0.0,0,100240.0,9999999
59287,0,4981,32.5,18.49,437.0,437.0,25.85,300.44,0.0,7,100240.0,9999999
59287,0,4982,34.0,19.42,680.0,256.0,25.85,296.46,1.0,9,100240.0,9999999
59287,0,4983,35.3,21.03,616.0,159.0,25.85,301.58,1.0,12,100240.0,9999999
59287,0,4984,35.0,21.42,422.0,159.0,25.85,302.38,1.0,9,100240.0,9999999
59287,0,4985,34.2,21.81,290.0,75.0,25.85,304.43,1.0,11,100240.0,9999999
59287,0,4986,33.2,22.08,132.0,34.0,25.85,301.9,1.0,2,100240.0,9999999
59287,0,4987,32.2,22.21,0.0,0.0,25.85,296.3,1.0,6,100240.0,9999999
59287,0,4988,31.2,22.21,0.0,0.0,25.85,296.63,2.0,9,100240.0,9999999
59287,0,4989,30.5,22.21,0.0,0.0,25.85,297.98,2.0,8,100240.0,9999999
59287,0,4990,30.1,22.21,0.0,0.0,25.85,300.44,2.0,5,100240.0,9999999
59287,0,4991,29.8,22.21,0.0,0.0,25.85,298.47,2.0,8,100240.0,9999999
59287,0,4992,29.6,22.08,0.0,0.0,25.85,298.31,2.0,4,100220.0,9999999
59287,0,4993,29.4,21.95,0.0,0.0,25.85,291.25,2.0,6,100220.0,9999999
59287,0,4994,29.1,21.68,0.0,0.0,25.85,294.59,0.0,0,100220.0,9999999
59287,0,4995,28.7,21.29,0.0,0.0,25.85,298.81,0.0,15,100220.0,9999999
59287,0,4996,28.3,20.9,0.0,0.0,25.85,291.25,0.0,16,100220.0,9999999
59287,0,4997,28.1,20.78,0.0,0.0,25.85,292.85,0.0,10,100220.0,9999999
59287,0,4998,28.3,20.9,31.0,15.0,25.85,293.55,0.0,11,100220.0,9999999
59287,0,4999,28.8,21.16,76.0,76.0,25.85,296.3,0.0,7,100220.0,9999999
59287,0,5000,29.5,21.42,160.0,160.0,25.85,298.14,1.0,11,100220.0,9999999
59287,0,5001,30.1,21.29,248.0,248.0,25.85,298.64,1.0,2,100220.0,9999999
59287,0,5002,30.8,20.9,329.0,329.0,25.85,296.46,1.0,16,100220.0,9999999
59287,0,5003,31.4,20.27,390.0,390.0,25.85,295.96,1.0,8,100220.0,9999999
59287,0,5004,32.2,19.91,422.0,422.0,25.85,297.14,1.0,1,100220.0,9999999
59287,0,5005,33.0,19.91,421.0,421.0,25.85,298.47,1.0,2,100220.0,9999999
59287,0,5006,34.0,20.52,385.0,385.0,25.85,297.81,2.0,11,100220.0,9999999
59287,0,5007,35.1,21.81,1066.0,524.0,25.85,300.93,2.0,11,100220.0,9999999
59287,0,5008,35.6,23.04,239.0,239.0,25.85,301.58,2.0,3,100220.0,9999999
59287,0,5009,35.2,23.46,151.0,151.0,25.85,303.96,2.0,1,100220.0,9999999
59287,0,5010,34.1,23.18,68.0,68.0,25.85,295.96,2.0,7,100220.0,9999999
59287,0,5011,32.8,22.49,0.0,0.0,25.85,298.14,2.0,7,100220.0,9999999
59287,0,5012,31.5,21.68,0.0,0.0,25.85,297.98,1.0,9,100220.0,9999999
59287,0,5013,30.6,21.03,0.0,0.0,25.85,292.14,1.0,2,100220.0,9999999
59287,0,5014,30.0,20.65,0.0,0.0,25.85,292.85,1.0,3,100220.0,9999999
59287,0,5015,29.6,20.27,0.0,0.0,25.85,299.63,1.0,2,100220.0,9999999
59287,0,5016,29.3,20.15,0.0,0.0,25.85,294.93,1.0,5,100200.0,9999999
59287,0,5017,29.0,19.91,0.0,0.0,25.85,292.85,1.0,10,100200.0,9999999
59287,0,5018,28.7,19.66,0.0,0.0,25.85,290.18,2.0,11,100200.0,9999999
59287,0,5019,28.2,19.3,0.0,0.0,25.85,293.2,2.0,16,100200.0,9999999
59287,0,5020,27.8,19.07,0.0,0.0,25.85,295.96,2.0,3,100200.0,9999999
59287,0,5021,27.6,19.07,0.0,0.0,25.85,293.2,2.0,16,100200.0,9999999
59287,0,5022,27.9,19.54,11.0,4.0,25.85,292.32,2.0,15,100200.0,9999999
59287,0,5023,28.6,20.27,329.0,86.0,25.85,295.79,2.0,16,100200.0,9999999
59287,0,5024,29.4,20.78,295.0,112.0,25.85,295.79,2.0,11,100200.0,9999999
59287,0,5025,30.0,20.65,269.0,269.0,25.85,295.79,2.0,9,100200.0,9999999
59287,0,5026,30.5,20.15,607.0,231.0,25.85,297.64,2.0,16,100200.0,9999999
59287,0,5027,31.0,19.42,423.0,423.0,25.85,297.14,2.0,2,100200.0,9999999
59287,0,5028,31.6,18.95,780.0,297.0,25.85,301.42,2.0,13,100200.0,9999999
59287,0,5029,32.6,18.84,456.0,456.0,25.85,295.1,2.0,8,100200.0,9999999
59287,0,5030,34.0,19.42,710.0,271.0,25.85,298.31,3.0,11,100200.0,9999999
59287,0,5031,35.2,20.27,592.0,226.0,25.85,300.28,3.0,1,100200.0,9999999
59287,0,5032,35.0,20.03,440.0,168.0,25.85,300.44,3.0,6,100200.0,9999999
59287,0,5033,34.3,19.78,163.0,163.0,25.85,300.44,3.0,6,100200.0,9999999
59287,0,5034,33.5,19.54,125.0,48.0,25.85,301.74,3.0,6,100200.0,9999999
59287,0,5035,32.5,19.42,0.0,0.0,25.85,298.64,3.0,8,100200.0,9999999
59287,0,5036,31.6,19.3,0.0,0.0,25.85,297.14,2.0,11,100200.0,9999999
59287,0,5037,30.8,19.42,0.0,0.0,25.85,293.55,2.0,2,100200.0,9999999
59287,0,5038,30.2,19.66,0.0,0.0,25.85,295.27,2.0,1,100200.0,9999999
59287,0,5039,29.6,19.91,0.0,0.0,25.85,295.96,2.0,2,100200.0,9999999
59287,0,5040,29.2,20.27,0.0,0.0,25.85,295.61,2.0,14,100240.0,9999999
59287,0,5041,28.8,20.52,0.0,0.0,25.85,290.36,2.0,10,100240.0,9999999
59287,0,5042,28.4,20.52,0.0,0.0,25.85,294.76,2.0,9,100240.0,9999999
59287,0,5043,28.0,20.52,0.0,0.0,25.85,290.89,2.0,7,100240.0,9999999
59287,0,5044,27.7,20.4,0.0,0.0,25.85,294.93,2.0,1,100240.0,9999999
59287,0,5045,27.6,20.27,0.0,0.0,25.85,290.54,2.0,8,100240.0,9999999
59287,0,5046,27.8,20.4,15.0,8.0,25.85,295.1,2.0,12,100240.0,9999999
59287,0,5047,28.4,20.78,214.0,113.0,25.85,293.72,2.0,5,100240.0,9999999
59287,0,5048,29.1,20.9,146.0,146.0,25.85,296.46,1.0,9,100240.0,9999999
59287,0,5049,29.8,20.78,227.0,227.0,25.85,298.31,1.0,9,100240.0,9999999
59287,0,5050,30.5,20.4,302.0,302.0,25.85,296.13,1.0,5,100240.0,9999999
59287,0,5051,31.2,20.03,358.0,358.0,25.85,301.09,1.0,9,100240.0,9999999
59287,0,5052,32.0,19.66,1202.0,631.0,25.85,298.14,1.0,1,100240.0,9999999
59287,0,5053,32.9,19.66,387.0,387.0,25.85,302.7,1.0,2,100240.0,9999999
59287,0,5054,34.0,20.15,353.0,353.0,25.85,303.96,1.0,11,100240.0,9999999
59287,0,5055,34.8,20.78,294.0,294.0,25.85,300.44,1.0,1,100240.0,9999999
59287,0,5056,34.5,20.78,677.0,355.0,25.85,298.97,1.0,8,100240.0,9999999
59287,0,5057,33.8,20.52,138.0,138.0,25.85,299.46,1.0,5,100240.0,9999999
59287,0,5058,32.8,20.27,191.0,100.0,25.85,296.63,1.0,4,100240.0,9999999
59287,0,5059,31.8,20.15,0.0,0.0,25.85,300.12,1.0,15,100240.0,9999999
59287,0,5060,30.9,20.03,0.0,0.0,25.85,299.3,2.0,9,100240.0,9999999
59287,0,5061,30.2,20.15,0.0,0.0,25.85,293.02,2.0,3,100240.0,9999999
59287,0,5062,29.8,20.52,0.0,0.0,25.85,294.41,2.0,1,100240.0,9999999
59287,0,5063,29.4,20.78,0.0,0.0,25.85,294.76,2.0,1,100240.0,9999999
59287,0,5064,29.1,21.16,0.0,0.0,25.85,294.41,2.0,3,100360.0,9999999
59287,0,5065,28.8,21.29,0.0,0.0,25.85,290.54,2.0,6,100360.0,9999999
59287,0,5066,28.4,21.03,0.0,0.0,25.85,293.72,1.0,9,100360.0,9999999
59287,0,5067,27.8,20.65,0.0,0.0,25.85,291.79,1.0,12,100360.0,9999999
59287,0,5068,27.3,20.03,0.0,0.0,25.85,295.61,1.0,8,100360.0,9999999
59287,0,5069,27.1,19.54,0.0,0.0,25.85,294.24,1.0,8,100360.0,9999999
59287,0,5070,27.5,19.78,9.0,3.0,25.85,297.47,1.0,7,100360.0,9999999
59287,0,5071,28.5,20.27,153.0,30.0,25.85,294.93,1.0,7,100360.0,9999999
59287,0,5072,29.7,20.9,308.0,91.0,25.85,299.79,2.0,9,100360.0,9999999
59287,0,5073,30.7,20.78,503.0,100.0,25.85,297.14,2.0,6,100360.0,9999999
59287,0,5074,31.4,20.27,636.0,188.0,25.85,299.79,2.0,2,100360.0,9999999
59287,0,5075,32.1,19.42,756.0,223.0,25.85,293.37,2.0,9,100360.0,9999999
59287,0,5076,32.7,18.72,861.0,172.0,25.85,302.38,2.0,1,100360.0,9999999
59287,0,5077,33.4,18.15,815.0,241.0,25.85,297.98,2.0,7,100360.0,9999999
59287,0,5078,34.2,18.26,783.0,156.0,25.85,296.46,3.0,13,100360.0,9999999
59287,0,5079,35.1,18.95,621.0,183.0,25.85,300.44,3.0,8,100360.0,9999999
59287,0,5080,35.6,19.78,271.0,271.0,25.85,301.09,3.0,5,100360.0,9999999
59287,0,5081,35.3,20.15,289.0,85.0,25.85,300.77,3.0,1,100360.0,9999999
59287,0,5082,34.4,20.27,129.0,38.0,25.85,298.14,3.0,5,100360.0,9999999
59287,0,5083,33.2,20.27,0.0,0.0,25.85,301.58,3.0,3,100360.0,9999999
59287,0,5084,32.0,20.15,0.0,0.0,25.85,301.9,3.0,9,100360.0,9999999
59287,0,5085,30.9,20.03,0.0,0.0,25.85,300.77,3.0,5,100360.0,9999999
59287,0,5086,29.9,20.03,0.0,0.0,25.85,295.61,3.0,3,100360.0,9999999
59287,0,5087,29.0,20.03,0.0,0.0,25.85,296.3,3.0,5,100360.0,9999999
59287,0,5088,28.3,20.03,0.0,0.0,28.23,294.07,3.0,6,99660.0,9999999
59287,0,5089,27.7,19.91,0.0,0.0,28.23,294.07,3.0,3,99660.0,9999999
59287,0,5090,27.2,19.66,0.0,0.0,28.23,292.32,1.0,2,99660.0,9999999
59287,0,5091,26.8,19.19,0.0,0.0,28.23,296.63,1.0,5,99660.0,9999999
59287,0,5092,26.7,18.72,0.0,0.0,28.23,289.27,1.0,15,99660.0,9999999
59287,0,5093,26.7,18.38,0.0,0.0,28.23,291.07,1.0,8,99660.0,9999999
59287,0,5094,27.0,18.04,8.0,2.0,28.23,296.63,1.0,10,99660.0,9999999
59287,0,5095,27.7,18.15,149.0,29.0,28.23,290.18,1.0,15,99660.0,9999999
59287,0,5096,28.8,18.49,316.0,63.0,28.23,298.47,2.0,2,99660.0,9999999
59287,0,5097,30.3,19.3,493.0,98.0,28.23,292.85,2.0,8,99660.0,9999999
59287,0,5098,31.9,20.27,638.0,188.0,28.23,295.61,2.0,5,99660.0,9999999
59287,0,5099,33.2,21.16,779.0,154.0,28.23,294.76,2.0,3,99660.0,9999999
59287,0,5100,33.9,21.55,844.0,167.0,28.23,299.14,2.0,10,99660.0,9999999
59287,0,5101,33.7,21.16,841.0,167.0,28.23,298.31,2.0,1,99660.0,9999999
59287,0,5102,32.3,19.78,768.0,152.0,28.23,296.63,2.0,2,99660.0,9999999
59287,0,5103,30.1,18.15,623.0,183.0,28.23,299.63,2.0,8,99660.0,9999999
59287,0,5104,27.9,16.75,271.0,271.0,28.23,288.72,2.0,2,99660.0,9999999
59287,0,5105,26.3,16.24,290.0,85.0,28.23,288.54,2.0,6,99660.0,9999999
59287,0,5106,25.9,16.75,132.0,26.0,28.23,286.87,2.0,14,99660.0,9999999
59287,0,5107,26.4,18.15,0.0,0.0,28.23,289.99,2.0,16,99660.0,9999999
59287,0,5108,27.1,19.54,0.0,0.0,28.23,294.24,4.0,2,99660.0,9999999
59287,0,5109,27.5,20.27,0.0,0.0,28.23,292.14,4.0,13,99660.0,9999999
59287,0,5110,27.7,20.4,0.0,0.0,28.23,293.55,4.0,16,99660.0,9999999
59287,0,5111,27.6,20.03,0.0,0.0,28.23,294.76,4.0,4,99660.0,9999999
59287,0,5112,27.4,19.42,0.0,0.0,28.23,293.72,4.0,6,99040.0,9999999
59287,0,5113,27.1,18.61,0.0,0.0,28.23,296.8,4.0,3,99040.0,9999999
59287,0,5114,26.9,17.93,0.0,0.0,28.23,292.14,4.0,4,99040.0,9999999
59287,0,5115,26.7,17.38,0.0,0.0,28.23,296.13,4.0,11,99040.0,9999999
59287,0,5116,26.7,16.96,0.0,0.0,28.23,290.72,4.0,7,99040.0,9999999
59287,0,5117,26.7,16.85,0.0,0.0,28.23,289.09,4.0,10,99040.0,9999999
59287,0,5118,26.9,16.85,2.0,2.0,28.23,289.09,4.0,6,99040.0,9999999
59287,0,5119,27.1,17.06,30.0,30.0,28.23,287.99,4.0,3,99040.0,9999999
59287,0,5120,27.4,17.49,65.0,65.0,28.23,293.2,3.0,2,99040.0,9999999
59287,0,5121,27.8,18.04,102.0,102.0,28.23,297.31,3.0,14,99040.0,9999999
59287,0,5122,28.1,18.72,135.0,135.0,28.23,289.45,3.0,3,99040.0,9999999
59287,0,5123,28.4,19.3,161.0,161.0,28.23,292.85,3.0,10,99040.0,9999999
59287,0,5124,28.3,19.54,174.0,174.0,28.23,291.07,3.0,6,99040.0,9999999
59287,0,5125,27.9,19.42,174.0,174.0,28.23,293.02,3.0,11,99040.0,9999999
59287,0,5126,27.2,18.95,159.0,159.0,28.23,295.44,3.0,2,99040.0,9999999
59287,0,5127,26.3,18.15,132.0,132.0,28.23,287.62,3.0,15,99040.0,9999999
59287,0,5128,25.4,17.38,98.0,98.0,28.23,290.18,3.0,15,99040.0,9999999
59287,0,5129,24.7,16.85,61.0,61.0,28.23,292.49,3.0,2,99040.0,9999999
59287,0,5130,24.4,16.75,27.0,27.0,28.23,292.14,3.0,3,99040.0,9999999
59287,0,5131,24.5,17.06,0.0,0.0,28.23,292.32,3.0,14,99040.0,9999999
59287,0,5132,24.8,17.6,0.0,0.0,28.23,289.63,7.0,1,99040.0,9999999
59287,0,5133,24.9,18.04,0.0,0.0,28.23,286.12,7.0,2,99040.0,9999999
59287,0,5134,24.9,18.26,0.0,0.0,28.23,287.62,7.0,6,99040.0,9999999
59287,0,5135,24.7,18.38,0.0,0.0,28.23,288.35,7.0,8,99040.0,9999999
59287,0,5136,24.5,18.49,0.0,0.0,28.23,292.67,7.0,12,99270.0,9999999
59287,0,5137,24.3,18.49,0.0,0.0,28.23,292.49,7.0,1,99270.0,9999999
59287,0,5138,24.1,18.61,0.0,0.0,28.23,290.36,4.0,13,99270.0,9999999
59287,0,5139,24.0,18.72,0.0,0.0,28.23,292.14,4.0,14,99270.0,9999999
59287,0,5140,24.0,18.84,0.0,0.0,28.23,289.09,4.0,1,99270.0,9999999
59287,0,5141,24.0,18.84,0.0,0.0,28.23,289.63,4.0,6,99270.0,9999999
59287,0,5142,24.1,18.95,2.0,2.0,28.23,290.36,4.0,13,99270.0,9999999
59287,0,5143,24.3,19.07,50.0,50.0,28.23,290.54,4.0,9,99270.0,9999999
59287,0,5144,24.6,19.19,107.0,107.0,28.23,294.41,2.0,11,99270.0,9999999
59287,0,5145,24.9,19.19,167.0,167.0,28.23,293.2,2.0,1,99270.0,9999999
59287,0,5146,25.3,19.19,222.0,222.0,28.23,291.43,2.0,10,99270.0,9999999
59287,0,5147,25.8,19.19,264.0,264.0,28.23,294.07,2.0,9,99270.0,9999999
59287,0,5148,26.5,19.54,287.0,287.0,28.23,290.36,2.0,11,99270.0,9999999
59287,0,5149,27.5,20.15,285.0,285.0,28.23,292.67,2.0,7,99270.0,9999999
59287,0,5150,28.8,21.29,261.0,261.0,28.23,296.3,3.0,9,99270.0,9999999
59287,0,5151,29.9,22.35,217.0,217.0,28.23,293.02,3.0,11,99270.0,9999999
59287,0,5152,29.8,22.08,161.0,161.0,28.23,296.46,3.0,2,99270.0,9999999
59287,0,5153,29.5,21.55,100.0,100.0,28.23,299.79,3.0,9,99270.0,9999999
59287,0,5154,29.1,21.16,44.0,44.0,28.23,290.72,3.0,5,99270.0,9999999
59287,0,5155,28.7,20.9,0.0,0.0,28.23,293.37,3.0,10,99270.0,9999999
59287,0,5156,28.3,20.65,0.0,0.0,28.23,293.55,4.0,9,99270.0,9999999
59287,0,5157,28.0,20.78,0.0,0.0,28.23,296.46,4.0,5,99270.0,9999999
59287,0,5158,27.7,20.9,0.0,0.0,28.23,295.1,4.0,2,99270.0,9999999
59287,0,5159,27.5,21.29,0.0,0.0,28.23,292.85,4.0,3,99270.0,9999999
59287,0,5160,27.3,21.55,0.0,0.0,28.23,293.37,4.0,6,99910.0,9999999
59287,0,5161,27.1,21.81,0.0,0.0,28.23,290.36,4.0,9,99910.0,9999999
59287,0,5162,26.9,21.81,0.0,0.0,28.23,292.32,2.0,7,99910.0,9999999
59287,0,5163,26.6,21.68,0.0,0.0,28.23,294.24,2.0,1,99910.0,9999999
59287,0,5164,26.4,21.55,0.0,0.0,28.23,295.1,2.0,3,99910.0,9999999
59287,0,5165,26.3,21.29,0.0,0.0,28.23,287.99,2.0,6,99910.0,9999999
59287,0,5166,26.6,21.55,5.0,2.0,28.23,294.07,2.0,16,99910.0,9999999
59287,0,5167,27.4,22.08,136.0,66.0,28.23,294.93,2.0,3,99910.0,9999999
59287,0,5168,28.2,22.35,144.0,144.0,28.23,298.47,2.0,7,99910.0,9999999
59287,0,5169,28.7,22.08,460.0,222.0,28.23,294.24,2.0,4,99910.0,9999999
59287,0,5170,29.1,21.29,613.0,296.0,28.23,293.89,2.0,8,99910.0,9999999
59287,0,5171,29.4,20.4,729.0,352.0,28.23,293.2,2.0,7,99910.0,9999999
59287,0,5172,29.8,19.91,791.0,382.0,28.23,296.13,2.0,7,99910.0,9999999
59287,0,5173,30.6,20.03,787.0,380.0,28.23,295.61,2.0,14,99910.0,9999999
59287,0,5174,31.8,21.16,352.0,352.0,28.23,298.31,2.0,9,99910.0,9999999
59287,0,5175,32.9,22.76,293.0,293.0,28.23,294.59,2.0,14,99910.0,9999999
59287,0,5176,32.6,23.32,217.0,217.0,28.23,294.41,2.0,13,99910.0,9999999
59287,0,5177,31.8,23.32,276.0,133.0,28.23,297.98,2.0,12,99910.0,9999999
59287,0,5178,30.7,23.04,59.0,59.0,28.23,295.61,2.0,11,99910.0,9999999
59287,0,5179,29.5,22.76,0.0,0.0,28.23,299.96,2.0,8,99910.0,9999999
59287,0,5180,28.6,22.35,0.0,0.0,28.23,294.76,2.0,7,99910.0,9999999
59287,0,5181,28.0,22.21,0.0,0.0,28.23,289.81,2.0,5,99910.0,9999999
59287,0,5182,27.8,22.21,0.0,0.0,28.23,293.2,2.0,9,99910.0,9999999
59287,0,5183,27.7,22.21,0.0,0.0,28.23,297.98,2.0,6,99910.0,9999999
59287,0,5184,27.7,22.35,0.0,0.0,28.23,296.46,2.0,11,99880.0,9999999
59287,0,5185,27.7,22.35,0.0,0.0,28.23,291.96,2.0,16,99880.0,9999999
59287,0,5186,27.6,22.35,0.0,0.0,28.23,290.89,1.0,7,99880.0,9999999
59287,0,5187,27.3,22.08,0.0,0.0,28.23,292.14,1.0,6,99880.0,9999999
59287,0,5188,27.0,21.81,0.0,0.0,28.23,295.61,1.0,5,99880.0,9999999
59287,0,5189,26.8,21.81,0.0,0.0,28.23,294.41,1.0,13,99880.0,9999999
59287,0,5190,26.9,21.81,4.0,2.0,28.23,295.61,1.0,6,99880.0,9999999
59287,0,5191,27.2,21.95,120.0,74.0,28.23,293.2,1.0,9,99880.0,9999999
59287,0,5192,27.7,21.95,115.0,115.0,28.23,293.72,1.0,9,99880.0,9999999
59287,0,5193,28.5,21.81,181.0,181.0,28.23,295.1,1.0,11,99880.0,9999999
59287,0,5194,29.5,21.42,543.0,334.0,28.23,293.55,1.0,7,99880.0,9999999
59287,0,5195,30.5,21.16,646.0,398.0,28.23,299.14,1.0,16,99880.0,9999999
59287,0,5196,31.6,20.9,312.0,312.0,28.23,293.2,1.0,16,99880.0,9999999
59287,0,5197,32.7,21.03,310.0,310.0,28.23,294.24,1.0,12,99880.0,9999999
59287,0,5198,33.6,21.68,283.0,283.0,28.23,299.46,1.0,16,99880.0,9999999
59287,0,5199,34.1,23.04,530.0,326.0,28.23,301.74,1.0,5,99880.0,9999999
59287,0,5200,33.6,23.89,392.0,241.0,28.23,299.79,1.0,10,99880.0,9999999
59287,0,5201,32.4,24.18,244.0,150.0,28.23,300.28,1.0,1,99880.0,9999999
59287,0,5202,30.8,24.03,106.0,65.0,28.23,292.85,1.0,5,99880.0,9999999
59287,0,5203,29.2,23.46,0.0,0.0,28.23,299.63,1.0,9,99880.0,9999999
59287,0,5204,27.8,22.76,0.0,0.0,28.23,296.63,2.0,4,99880.0,9999999
59287,0,5205,27.0,22.35,0.0,0.0,28.23,290.18,2.0,12,99880.0,9999999
59287,0,5206,26.6,22.08,0.0,0.0,28.23,288.54,2.0,12,99880.0,9999999
59287,0,5207,26.5,22.08,0.0,0.0,28.23,288.35,2.0,4,99880.0,9999999
59287,0,5208,26.6,22.08,0.0,0.0,28.23,290.89,2.0,16,99800.0,9999999
59287,0,5209,26.9,22.08,0.0,0.0,28.23,291.07,2.0,14,99800.0,9999999
59287,0,5210,27.0,21.95,0.0,0.0,28.23,290.18,0.0,0,99800.0,9999999
59287,0,5211,27.0,21.81,0.0,0.0,28.23,292.49,0.0,4,99800.0,9999999
59287,0,5212,26.9,21.55,0.0,0.0,28.23,288.72,0.0,7,99800.0,9999999
59287,0,5213,26.8,21.42,0.0,0.0,28.23,289.99,0.0,10,99800.0,9999999
59287,0,5214,27.0,21.55,2.0,1.0,28.23,295.79,0.0,7,99800.0,9999999
59287,0,5215,27.6,22.08,37.0,37.0,28.23,297.81,0.0,12,99800.0,9999999
59287,0,5216,28.2,22.35,159.0,116.0,28.23,293.72,0.0,0,99800.0,9999999
59287,0,5217,28.7,22.21,250.0,182.0,28.23,296.3,0.0,12,99800.0,9999999
59287,0,5218,29.1,21.81,333.0,243.0,28.23,297.81,0.0,2,99800.0,9999999
59287,0,5219,29.6,21.29,397.0,289.0,28.23,293.55,0.0,2,99800.0,9999999
59287,0,5220,30.2,20.9,218.0,218.0,28.23,294.76,0.0,13,99800.0,9999999
59287,0,5221,30.9,21.03,429.0,312.0,28.23,298.31,0.0,3,99800.0,9999999
59287,0,5222,32.0,21.95,392.0,285.0,28.23,299.46,2.0,13,99800.0,9999999
59287,0,5223,32.9,23.18,325.0,237.0,28.23,298.97,2.0,4,99800.0,9999999
59287,0,5224,32.7,23.46,122.0,122.0,28.23,298.81,2.0,1,99800.0,9999999
59287,0,5225,32.1,23.46,76.0,76.0,28.23,293.89,2.0,3,99800.0,9999999
59287,0,5226,31.2,23.32,33.0,33.0,28.23,296.8,2.0,10,99800.0,9999999
59287,0,5227,30.4,23.04,0.0,0.0,28.23,297.98,2.0,8,99800.0,9999999
59287,0,5228,29.6,22.62,0.0,0.0,28.23,295.1,2.0,9,99800.0,9999999
59287,0,5229,29.0,22.35,0.0,0.0,28.23,297.81,2.0,13,99800.0,9999999
59287,0,5230,28.7,22.21,0.0,0.0,28.23,291.96,2.0,10,99800.0,9999999
59287,0,5231,28.5,22.08,0.0,0.0,28.23,291.79,2.0,1,99800.0,9999999
59287,0,5232,28.4,21.95,0.0,0.0,28.23,290.18,2.0,5,99760.0,9999999
59287,0,5233,28.4,21.95,0.0,0.0,28.23,295.1,2.0,16,99760.0,9999999
59287,0,5234,28.3,21.95,0.0,0.0,28.23,293.72,2.0,9,99760.0,9999999
59287,0,5235,28.2,22.08,0.0,0.0,28.23,294.93,2.0,11,99760.0,9999999
59287,0,5236,28.0,22.08,0.0,0.0,28.23,295.61,2.0,14,99760.0,9999999
59287,0,5237,27.9,22.35,0.0,0.0,28.23,294.59,2.0,4,99760.0,9999999
59287,0,5238,27.9,22.49,0.0,0.0,28.23,289.81,2.0,1,99760.0,9999999
59287,0,5239,28.0,22.9,17.0,17.0,28.23,298.31,2.0,7,99760.0,9999999
59287,0,5240,28.2,23.32,36.0,36.0,28.23,291.61,0.0,0,99760.0,9999999
59287,0,5241,28.6,24.03,57.0,57.0,28.23,293.89,0.0,4,99760.0,9999999
59287,0,5242,29.1,24.62,76.0,76.0,28.23,294.41,0.0,3,99760.0,9999999
59287,0,5243,29.6,25.07,91.0,91.0,28.23,294.93,0.0,15,99760.0,9999999
59287,0,5244,29.8,25.07,99.0,99.0,28.23,295.1,0.0,12,99760.0,9999999
59287,0,5245,29.7,24.62,98.0,98.0,28.23,297.64,0.0,4,99760.0,9999999
59287,0,5246,29.1,23.6,90.0,90.0,28.23,294.24,2.0,5,99760.0,9999999
59287,0,5247,28.0,21.95,74.0,74.0,28.23,293.55,2.0,4,99760.0,9999999
59287,0,5248,26.7,20.15,55.0,55.0,28.23,290.54,2.0,2,99760.0,9999999
59287,0,5249,25.5,18.72,34.0,34.0,28.23,290.36,2.0,14,99760.0,9999999
59287,0,5250,24.7,17.82,15.0,15.0,28.23,292.67,2.0,7,99760.0,9999999
59287,0,5251,24.6,17.82,0.0,0.0,28.23,285.74,2.0,14,99760.0,9999999
59287,0,5252,24.8,18.15,0.0,0.0,28.23,292.85,1.0,11,99760.0,9999999
59287,0,5253,25.0,18.49,0.0,0.0,28.23,288.72,1.0,11,99760.0,9999999
59287,0,5254,25.0,18.84,0.0,0.0,28.23,287.8,1.0,1,99760.0,9999999
59287,0,5255,25.0,19.07,0.0,0.0,28.23,290.54,1.0,10,99760.0,9999999
59287,0,5256,24.9,19.19,0.0,0.0,28.23,288.72,1.0,9,99940.0,9999999
59287,0,5257,24.8,19.19,0.0,0.0,28.23,289.27,1.0,3,99940.0,9999999
59287,0,5258,24.6,19.19,0.0,0.0,28.23,291.79,0.0,0,99940.0,9999999
59287,0,5259,24.5,19.19,0.0,0.0,28.23,290.72,0.0,2,99940.0,9999999
59287,0,5260,24.3,19.07,0.0,0.0,28.23,292.67,0.0,3,99940.0,9999999
59287,0,5261,24.3,19.07,0.0,0.0,28.23,289.45,0.0,5,99940.0,9999999
59287,0,5262,24.4,19.19,0.0,0.0,28.23,290.72,0.0,8,99940.0,9999999
59287,0,5263,24.7,19.42,27.0,27.0,28.23,291.07,0.0,12,99940.0,9999999
59287,0,5264,25.0,19.66,60.0,60.0,28.23,290.18,1.0,5,99940.0,9999999
59287,0,5265,25.2,19.78,94.0,94.0,28.23,290.89,1.0,5,99940.0,9999999
59287,0,5266,25.4,19.91,126.0,126.0,28.23,291.79,1.0,3,99940.0,9999999
59287,0,5267,25.6,19.91,150.0,150.0,28.23,293.89,1.0,2,99940.0,9999999
59287,0,5268,25.7,19.91,163.0,163.0,28.23,295.61,1.0,3,99940.0,9999999
59287,0,5269,25.9,20.03,162.0,162.0,28.23,294.41,1.0,9,99940.0,9999999
59287,0,5270,26.2,20.27,148.0,148.0,28.23,296.3,1.0,11,99940.0,9999999
59287,0,5271,26.5,20.65,123.0,123.0,28.23,292.32,1.0,5,99940.0,9999999
59287,0,5272,26.9,21.03,90.0,90.0,28.23,288.54,1.0,12,99940.0,9999999
59287,0,5273,27.0,21.29,56.0,56.0,28.23,291.79,1.0,5,99940.0,9999999
59287,0,5274,26.9,21.16,24.0,24.0,28.23,291.61,1.0,12,99940.0,9999999
59287,0,5275,26.6,20.9,0.0,0.0,28.23,292.49,1.0,9,99940.0,9999999
59287,0,5276,26.4,20.78,0.0,0.0,28.23,296.46,2.0,6,99940.0,9999999
59287,0,5277,26.4,20.65,0.0,0.0,28.23,289.45,2.0,10,99940.0,9999999
59287,0,5278,26.4,20.78,0.0,0.0,28.23,291.25,2.0,3,99940.0,9999999
59287,0,5279,26.5,21.03,0.0,0.0,28.23,289.63,2.0,8,99940.0,9999999
59287,0,5280,26.7,21.29,0.0,0.0,28.23,289.81,2.0,3,100060.0,9999999
59287,0,5281,26.7,21.42,0.0,0.0,28.23,294.07,2.0,11,100060.0,9999999
59287,0,5282,26.5,21.55,0.0,0.0,28.23,293.2,0.0,0,100060.0,9999999
59287,0,5283,26.1,21.03,0.0,0.0,28.23,291.43,0.0,7,100060.0,9999999
59287,0,5284,25.6,20.78,0.0,0.0,28.23,293.02,0.0,15,100060.0,9999999
59287,0,5285,25.3,20.52,0.0,0.0,28.23,289.27,0.0,6,100060.0,9999999
59287,0,5286,25.2,20.03,0.0,0.0,28.23,291.61,0.0,6,100060.0,9999999
59287,0,5287,25.5,20.65,54.0,54.0,28.23,292.85,0.0,12,100060.0,9999999
59287,0,5288,26.4,21.68,120.0,120.0,28.23,289.63,0.0,0,100060.0,9999999
59287,0,5289,28.0,22.49,189.0,189.0,28.23,296.8,0.0,6,100060.0,9999999
59287,0,5290,29.9,23.32,253.0,253.0,28.23,291.79,0.0,10,100060.0,9999999
59287,0,5291,31.6,23.75,302.0,302.0,28.23,296.63,0.0,15,100060.0,9999999
59287,0,5292,32.8,23.18,328.0,328.0,28.23,298.81,0.0,2,100060.0,9999999
59287,0,5293,32.8,21.68,326.0,326.0,28.23,298.64,0.0,10,100060.0,9999999
59287,0,5294,32.1,20.27,298.0,298.0,28.23,298.47,3.0,9,100060.0,9999999
59287,0,5295,31.7,20.27,247.0,247.0,28.23,297.98,3.0,9,100060.0,9999999
59287,0,5296,30.7,20.4,182.0,182.0,28.23,297.98,3.0,4,100060.0,9999999
59287,0,5297,29.4,20.4,113.0,113.0,28.23,297.81,3.0,8,100060.0,9999999
59287,0,5298,27.9,20.27,48.0,48.0,28.23,292.49,3.0,10,100060.0,9999999
59287,0,5299,26.4,20.03,0.0,0.0,28.23,296.46,3.0,5,100060.0,9999999
59287,0,5300,25.3,19.78,0.0,0.0,28.23,293.72,0.0,0,100060.0,9999999
59287,0,5301,24.6,19.54,0.0,0.0,28.23,290.89,0.0,8,100060.0,9999999
59287,0,5302,24.4,19.42,0.0,0.0,28.23,287.24,0.0,7,100060.0,9999999
59287,0,5303,24.4,19.54,0.0,0.0,28.23,289.99,0.0,7,100060.0,9999999
59287,0,5304,24.6,19.54,0.0,0.0,28.23,289.09,0.0,8,100180.0,9999999
59287,0,5305,24.8,19.54,0.0,0.0,28.23,294.76,0.0,12,100180.0,9999999
59287,0,5306,25.0,19.66,0.0,0.0,28.23,290.72,0.0,0,100180.0,9999999
59287,0,5307,25.0,19.66,0.0,0.0,28.23,289.63,0.0,15,100180.0,9999999
59287,0,5308,25.0,19.54,0.0,0.0,28.23,293.37,0.0,4,100180.0,9999999
59287,0,5309,24.9,19.54,0.0,0.0,28.23,288.72,0.0,7,100180.0,9999999
59287,0,5310,24.8,19.54,0.0,0.0,28.23,286.31,0.0,4,100180.0,9999999
59287,0,5311,25.2,20.15,41.0,41.0,28.23,289.09,0.0,7,100180.0,9999999
59287,0,5312,26.3,21.55,91.0,91.0,28.23,289.45,1.0,5,100180.0,9999999
59287,0,5313,28.1,23.89,144.0,144.0,28.23,298.64,1.0,16,100180.0,9999999
59287,0,5314,29.9,26.15,193.0,193.0,28.23,295.96,1.0,6,100180.0,9999999
59287,0,5315,30.7,27.11,230.0,230.0,28.23,295.61,1.0,4,100180.0,9999999
59287,0,5316,29.9,25.37,250.0,250.0,28.23,295.27,1.0,15,100180.0,9999999
59287,0,5317,28.2,22.62,249.0,249.0,28.23,292.49,1.0,1,100180.0,9999999
59287,0,5318,26.5,20.15,227.0,227.0,28.23,296.46,1.0,9,100180.0,9999999
59287,0,5319,25.4,18.72,188.0,188.0,28.23,295.1,1.0,13,100180.0,9999999
59287,0,5320,24.9,18.26,139.0,139.0,28.23,290.36,1.0,9,100180.0,9999999
59287,0,5321,24.9,18.38,86.0,86.0,28.23,286.31,1.0,14,100180.0,9999999
59287,0,5322,25.2,18.72,36.0,36.0,28.23,290.72,1.0,11,100180.0,9999999
59287,0,5323,25.6,19.42,0.0,0.0,28.23,292.67,1.0,3,100180.0,9999999
59287,0,5324,25.9,19.91,0.0,0.0,28.23,290.54,0.0,0,100180.0,9999999
59287,0,5325,26.0,20.15,0.0,0.0,28.23,292.49,0.0,6,100180.0,9999999
59287,0,5326,25.9,20.15,0.0,0.0,28.23,287.62,0.0,6,100180.0,9999999
59287,0,5327,25.7,20.03,0.0,0.0,28.23,291.43,0.0,12,100180.0,9999999
59287,0,5328,25.5,19.78,0.0,0.0,28.23,293.89,0.0,8,100180.0,9999999
59287,0,5329,25.2,19.66,0.0,0.0,28.23,290.89,0.0,0,100180.0,9999999
59287,0,5330,25.0,19.66,0.0,0.0,28.23,290.72,0.0,0,100180.0,9999999
59287,0,5331,24.9,19.66,0.0,0.0,28.23,289.45,0.0,5,100180.0,9999999
59287,0,5332,24.9,19.91,0.0,0.0,28.23,293.2,0.0,0,100180.0,9999999
59287,0,5333,24.9,20.15,0.0,0.0,28.23,292.14,0.0,15,100180.0,9999999
59287,0,5334,24.9,19.91,0.0,0.0,28.23,294.93,0.0,8,100180.0,9999999
59287,0,5335,25.2,20.27,100.0,62.0,28.23,286.87,0.0,8,100180.0,9999999
59287,0,5336,25.9,20.78,110.0,110.0,28.23,287.62,2.0,11,100180.0,9999999
59287,0,5337,26.6,20.65,352.0,218.0,28.23,289.63,2.0,8,100180.0,9999999
59287,0,5338,27.3,20.03,471.0,292.0,28.23,293.72,2.0,14,100180.0,9999999
59287,0,5339,28.1,19.42,562.0,349.0,28.23,293.2,2.0,1,100180.0,9999999
59287,0,5340,29.0,18.95,611.0,379.0,28.23,295.96,2.0,4,100180.0,9999999
59287,0,5341,30.1,19.07,608.0,377.0,28.23,292.67,2.0,10,100180.0,9999999
59287,0,5342,31.4,20.03,275.0,275.0,28.23,299.79,3.0,9,100180.0,9999999
59287,0,5343,32.4,21.68,227.0,227.0,28.23,299.79,3.0,15,100180.0,9999999
59287,0,5344,32.0,22.21,167.0,167.0,28.23,297.98,3.0,1,100180.0,9999999
59287,0,5345,30.8,22.35,208.0,129.0,28.23,297.47,3.0,1,100180.0,9999999
59287,0,5346,29.4,22.08,87.0,54.0,28.23,295.96,3.0,11,100180.0,9999999
59287,0,5347,27.8,21.55,0.0,0.0,28.23,298.14,3.0,6,100180.0,9999999
59287,0,5348,26.6,21.03,0.0,0.0,28.23,295.1,1.0,8,100180.0,9999999
59287,0,5349,25.9,20.65,0.0,0.0,28.23,291.25,1.0,11,100180.0,9999999
59287,0,5350,25.6,20.4,0.0,0.0,28.23,294.07,1.0,7,100180.0,9999999
59287,0,5351,25.6,20.4,0.0,0.0,28.23,292.14,1.0,8,100180.0,9999999
59287,0,5352,25.7,20.4,0.0,0.0,28.23,293.02,1.0,16,100170.0,9999999
59287,0,5353,25.9,20.4,0.0,0.0,28.23,294.41,1.0,10,100170.0,9999999
59287,0,5354,25.9,20.27,0.0,0.0,28.23,289.81,2.0,6,100170.0,9999999
59287,0,5355,25.7,20.15,0.0,0.0,28.23,287.24,2.0,1,100170.0,9999999
59287,0,5356,25.3,19.78,0.0,0.0,28.23,291.07,2.0,10,100170.0,9999999
59287,0,5357,25.0,19.66,0.0,0.0,28.23,289.45,2.0,3,100170.0,9999999
59287,0,5358,24.8,19.66,0.0,0.0,28.23,291.07,2.0,10,100170.0,9999999
59287,0,5359,24.9,19.91,36.0,36.0,28.23,289.45,2.0,10,100170.0,9999999
59287,0,5360,25.2,20.15,81.0,81.0,28.23,295.27,2.0,6,100170.0,9999999
59287,0,5361,25.7,20.4,129.0,129.0,28.23,294.24,2.0,8,100170.0,9999999
59287,0,5362,26.3,20.52,172.0,172.0,28.23,291.07,2.0,1,100170.0,9999999
59287,0,5363,27.0,20.78,206.0,206.0,28.23,294.24,2.0,1,100170.0,9999999
59287,0,5364,27.5,20.78,224.0,224.0,28.23,296.13,2.0,9,100170.0,9999999
59287,0,5365,27.9,20.78,223.0,223.0,28.23,293.2,2.0,11,100170.0,9999999
59287,0,5366,28.1,20.65,203.0,203.0,28.23,292.14,2.0,9,100170.0,9999999
59287,0,5367,28.0,20.65,168.0,168.0,28.23,293.37,2.0,11,100170.0,9999999
59287,0,5368,27.9,20.9,123.0,123.0,28.23,292.49,2.0,4,100170.0,9999999
59287,0,5369,27.6,21.16,76.0,76.0,28.23,292.32,2.0,3,100170.0,9999999
59287,0,5370,27.4,21.42,32.0,32.0,28.23,294.76,2.0,8,100170.0,9999999
59287,0,5371,27.2,21.68,0.0,0.0,28.23,291.25,2.0,10,100170.0,9999999
59287,0,5372,27.0,21.95,0.0,0.0,28.23,290.18,1.0,5,100170.0,9999999
59287,0,5373,26.9,22.21,0.0,0.0,28.23,292.49,1.0,8,100170.0,9999999
59287,0,5374,26.9,22.35,0.0,0.0,28.23,291.96,1.0,15,100170.0,9999999
59287,0,5375,27.0,22.35,0.0,0.0,28.23,293.02,1.0,14,100170.0,9999999
59287,0,5376,26.9,22.35,0.0,0.0,28.23,288.9,1.0,10,100220.0,9999999
59287,0,5377,26.8,22.08,0.0,0.0,28.23,288.72,1.0,2,100220.0,9999999
59287,0,5378,26.6,21.68,0.0,0.0,28.23,290.72,2.0,7,100220.0,9999999
59287,0,5379,26.2,21.16,0.0,0.0,28.23,290.36,2.0,7,100220.0,9999999
59287,0,5380,25.8,20.52,0.0,0.0,28.23,293.2,2.0,5,100220.0,9999999
59287,0,5381,25.4,20.15,0.0,0.0,28.23,288.35,2.0,4,100220.0,9999999
59287,0,5382,25.3,20.03,0.0,0.0,28.23,289.99,2.0,4,100220.0,9999999
59287,0,5383,25.5,20.27,19.0,19.0,28.23,292.85,2.0,10,100220.0,9999999
59287,0,5384,25.9,20.78,43.0,43.0,28.23,288.9,2.0,4,100220.0,9999999
59287,0,5385,26.1,21.03,69.0,69.0,28.23,293.55,2.0,16,100220.0,9999999
59287,0,5386,26.1,21.03,92.0,92.0,28.23,296.3,2.0,1,100220.0,9999999
59287,0,5387,26.0,21.03,110.0,110.0,28.23,291.43,2.0,15,100220.0,9999999
59287,0,5388,26.0,20.9,120.0,120.0,28.23,294.59,2.0,16,100220.0,9999999
59287,0,5389,26.2,21.16,119.0,119.0,28.23,289.27,2.0,8,100220.0,9999999
59287,0,5390,26.6,21.68,109.0,109.0,28.23,288.35,0.0,0,100220.0,9999999
59287,0,5391,27.3,22.62,90.0,90.0,28.23,290.72,0.0,3,100220.0,9999999
59287,0,5392,28.1,23.6,66.0,66.0,28.23,294.41,0.0,4,100220.0,9999999
59287,0,5393,28.4,24.03,40.0,40.0,28.23,294.24,0.0,15,100220.0,9999999
59287,0,5394,28.0,23.32,17.0,17.0,28.23,293.72,0.0,1,100220.0,9999999
59287,0,5395,27.1,22.08,0.0,0.0,28.23,291.96,0.0,11,100220.0,9999999
59287,0,5396,26.2,20.9,0.0,0.0,28.23,296.3,2.0,5,100220.0,9999999
59287,0,5397,25.7,20.27,0.0,0.0,28.23,295.79,2.0,5,100220.0,9999999
59287,0,5398,25.5,20.15,0.0,0.0,28.23,291.96,2.0,12,100220.0,9999999
59287,0,5399,25.5,20.15,0.0,0.0,28.23,290.18,2.0,16,100220.0,9999999
59287,0,5400,25.7,20.52,0.0,0.0,28.23,288.72,2.0,4,100180.0,9999999
59287,0,5401,26.1,21.16,0.0,0.0,28.23,291.43,2.0,14,100180.0,9999999
59287,0,5402,26.4,21.68,0.0,0.0,28.23,295.1,2.0,6,100180.0,9999999
59287,0,5403,26.4,21.68,0.0,0.0,28.23,289.63,2.0,8,100180.0,9999999
59287,0,5404,26.1,21.55,0.0,0.0,28.23,289.27,2.0,15,100180.0,9999999
59287,0,5405,25.9,21.16,0.0,0.0,28.23,289.99,2.0,9,100180.0,9999999
59287,0,5406,25.8,21.03,0.0,0.0,28.23,293.2,2.0,15,100180.0,9999999
59287,0,5407,26.2,21.16,108.0,61.0,28.23,292.14,2.0,3,100180.0,9999999
59287,0,5408,27.1,21.81,122.0,122.0,28.23,297.31,2.0,6,100180.0,9999999
59287,0,5409,28.7,23.32,390.0,221.0,28.23,297.64,2.0,4,100180.0,9999999
59287,0,5410,30.5,24.77,262.0,262.0,28.23,296.46,2.0,1,100180.0,9999999
59287,0,5411,32.1,25.84,626.0,354.0,28.23,294.24,2.0,5,100180.0,9999999
59287,0,5412,32.7,25.68,680.0,385.0,28.23,294.93,2.0,6,100180.0,9999999
59287,0,5413,32.1,24.03,677.0,383.0,28.23,297.31,2.0,2,100180.0,9999999
59287,0,5414,31.0,22.21,617.0,349.0,28.23,295.79,1.0,12,100180.0,9999999
59287,0,5415,29.9,21.03,255.0,255.0,28.23,298.47,1.0,10,100180.0,9999999
59287,0,5416,29.0,20.52,187.0,187.0,28.23,297.47,1.0,10,100180.0,9999999
59287,0,5417,28.3,20.52,229.0,130.0,28.23,295.61,1.0,9,100180.0,9999999
59287,0,5418,27.7,20.65,95.0,53.0,28.23,296.3,1.0,15,100180.0,9999999
59287,0,5419,27.3,21.03,0.0,0.0,28.23,295.79,1.0,5,100180.0,9999999
59287,0,5420,27.0,21.29,0.0,0.0,28.23,291.79,0.0,0,100180.0,9999999
59287,0,5421,26.8,21.42,0.0,0.0,28.23,292.85,0.0,11,100180.0,9999999
59287,0,5422,26.7,21.42,0.0,0.0,28.23,292.67,0.0,16,100180.0,9999999
59287,0,5423,26.7,21.42,0.0,0.0,28.23,295.27,0.0,1,100180.0,9999999
59287,0,5424,26.8,21.42,0.0,0.0,28.23,290.89,0.0,4,100210.0,9999999
59287,0,5425,26.9,21.55,0.0,0.0,28.23,294.41,0.0,1,100210.0,9999999
59287,0,5426,27.1,21.68,0.0,0.0,28.23,295.79,0.0,0,100210.0,9999999
59287,0,5427,27.3,21.95,0.0,0.0,28.23,291.43,0.0,10,100210.0,9999999
59287,0,5428,27.5,22.21,0.0,0.0,28.23,293.72,0.0,3,100210.0,9999999
59287,0,5429,27.7,22.49,0.0,0.0,28.23,290.89,0.0,5,100210.0,9999999
59287,0,5430,27.7,22.49,0.0,0.0,28.23,292.67,0.0,5,100210.0,9999999
59287,0,5431,27.4,22.21,93.0,61.0,28.23,292.32,0.0,8,100210.0,9999999
59287,0,5432,26.9,21.55,102.0,102.0,28.23,292.32,0.0,0,100210.0,9999999
59287,0,5433,26.1,20.65,162.0,162.0,28.23,289.09,0.0,8,100210.0,9999999
59287,0,5434,25.3,19.54,454.0,297.0,28.23,292.49,0.0,8,100210.0,9999999
59287,0,5435,25.0,19.07,543.0,355.0,28.23,289.45,0.0,4,100210.0,9999999
59287,0,5436,25.1,18.95,590.0,386.0,28.23,291.25,0.0,3,100210.0,9999999
59287,0,5437,25.6,19.3,282.0,282.0,28.23,291.25,0.0,9,100210.0,9999999
59287,0,5438,26.9,20.4,257.0,257.0,28.23,293.37,0.0,0,100210.0,9999999
59287,0,5439,29.2,22.76,443.0,289.0,28.23,295.96,0.0,10,100210.0,9999999
59287,0,5440,31.5,25.37,324.0,212.0,28.23,296.13,0.0,12,100210.0,9999999
59287,0,5441,32.5,26.15,198.0,129.0,28.23,294.76,0.0,9,100210.0,9999999
59287,0,5442,31.7,24.33,39.0,39.0,28.23,297.98,0.0,2,100210.0,9999999
59287,0,5443,29.9,21.55,0.0,0.0,28.23,296.46,0.0,8,100210.0,9999999
59287,0,5444,27.9,19.19,0.0,0.0,28.23,291.61,3.0,1,100210.0,9999999
59287,0,5445,26.4,17.93,0.0,0.0,28.23,287.62,3.0,1,100210.0,9999999
59287,0,5446,25.5,17.49,0.0,0.0,28.23,294.93,3.0,1,100210.0,9999999
59287,0,5447,24.9,17.71,0.0,0.0,28.23,288.35,3.0,8,100210.0,9999999
59287,0,5448,24.7,18.15,0.0,0.0,28.23,285.93,3.0,9,100080.0,9999999
59287,0,5449,24.6,18.72,0.0,0.0,28.23,291.61,3.0,2,100080.0,9999999
59287,0,5450,24.6,19.19,0.0,0.0,28.23,289.63,2.0,16,100080.0,9999999
59287,0,5451,24.5,19.42,0.0,0.0,28.23,291.61,2.0,12,100080.0,9999999
59287,0,5452,24.4,19.3,0.0,0.0,28.23,294.24,2.0,16,100080.0,9999999
59287,0,5453,24.3,19.07,0.0,0.0,28.23,289.99,2.0,9,100080.0,9999999
59287,0,5454,24.3,18.84,0.0,0.0,28.23,287.99,2.0,9,100080.0,9999999
59287,0,5455,24.9,19.07,68.0,49.0,28.23,294.76,2.0,11,100080.0,9999999
59287,0,5456,25.9,19.91,155.0,113.0,28.23,288.9,1.0,1,100080.0,9999999
59287,0,5457,26.4,20.03,248.0,180.0,28.23,296.46,1.0,9,100080.0,9999999
59287,0,5458,26.5,19.78,334.0,242.0,28.23,294.93,1.0,8,100080.0,9999999
59287,0,5459,26.5,19.19,206.0,206.0,28.23,294.76,1.0,7,100080.0,9999999
59287,0,5460,26.5,18.84,435.0,315.0,28.23,293.55,1.0,3,100080.0,9999999
59287,0,5461,26.8,19.07,433.0,314.0,28.23,293.02,1.0,16,100080.0,9999999
59287,0,5462,27.8,20.15,394.0,286.0,28.23,297.81,1.0,9,100080.0,9999999
59287,0,5463,29.4,22.21,326.0,236.0,28.23,293.55,1.0,7,100080.0,9999999
59287,0,5464,31.1,24.77,123.0,123.0,28.23,293.2,1.0,15,100080.0,9999999
59287,0,5465,31.8,26.46,75.0,75.0,28.23,299.14,1.0,2,100080.0,9999999
59287,0,5466,30.9,25.53,30.0,30.0,28.23,296.8,1.0,6,100080.0,9999999
59287,0,5467,28.7,22.9,0.0,0.0,28.23,297.64,1.0,6,100080.0,9999999
59287,0,5468,26.5,20.4,0.0,0.0,28.23,294.93,1.0,1,100080.0,9999999
59287,0,5469,25.1,18.95,0.0,0.0,28.23,286.5,1.0,2,100080.0,9999999
59287,0,5470,24.4,18.38,0.0,0.0,28.23,289.81,1.0,9,100080.0,9999999
59287,0,5471,24.3,18.49,0.0,0.0,28.23,290.36,1.0,1,100080.0,9999999
59287,0,5472,24.5,18.84,0.0,0.0,28.23,288.17,1.0,12,99780.0,9999999
59287,0,5473,24.9,19.42,0.0,0.0,28.23,287.62,1.0,9,99780.0,9999999
59287,0,5474,25.1,19.78,0.0,0.0,28.23,290.89,1.0,15,99780.0,9999999
59287,0,5475,25.1,19.91,0.0,0.0,28.23,293.55,1.0,4,99780.0,9999999
59287,0,5476,24.9,19.78,0.0,0.0,28.23,289.45,1.0,6,99780.0,9999999
59287,0,5477,24.7,19.42,0.0,0.0,28.23,289.27,1.0,16,99780.0,9999999
59287,0,5478,24.6,19.07,0.0,0.0,28.23,294.41,1.0,9,99780.0,9999999
59287,0,5479,25.2,19.3,84.0,20.0,28.23,289.09,1.0,3,99780.0,9999999
59287,0,5480,26.6,20.03,348.0,55.0,28.23,293.89,1.0,16,99780.0,9999999
59287,0,5481,28.0,20.4,557.0,88.0,28.23,293.2,1.0,1,99780.0,9999999
59287,0,5482,29.3,20.27,750.0,118.0,28.23,293.2,1.0,2,99780.0,9999999
59287,0,5483,30.5,19.78,898.0,141.0,28.23,297.64,1.0,2,99780.0,9999999
59287,0,5484,31.6,19.07,546.0,132.0,28.23,292.85,1.0,12,99780.0,9999999
59287,0,5485,32.7,18.49,972.0,153.0,28.23,297.98,1.0,12,99780.0,9999999
59287,0,5486,33.6,18.26,885.0,139.0,28.23,297.64,3.0,1,99780.0,9999999
59287,0,5487,34.2,18.61,731.0,115.0,28.23,302.22,3.0,10,99780.0,9999999
59287,0,5488,33.9,18.61,534.0,84.0,28.23,297.98,3.0,3,99780.0,9999999
59287,0,5489,33.0,18.61,325.0,51.0,28.23,298.97,3.0,3,99780.0,9999999
59287,0,5490,31.9,18.49,73.0,18.0,28.23,296.63,3.0,4,99780.0,9999999
59287,0,5491,30.6,18.26,0.0,0.0,28.23,294.07,3.0,12,99780.0,9999999
59287,0,5492,29.5,18.15,0.0,0.0,28.23,294.76,2.0,1,99780.0,9999999
59287,0,5493,28.7,18.15,0.0,0.0,28.23,292.85,2.0,4,99780.0,9999999
59287,0,5494,28.2,18.15,0.0,0.0,28.23,291.61,2.0,3,99780.0,9999999
59287,0,5495,27.8,18.26,0.0,0.0,28.23,291.43,2.0,11,99780.0,9999999
59287,0,5496,27.6,18.38,0.0,0.0,28.23,293.55,2.0,10,99440.0,9999999
59287,0,5497,27.3,18.49,0.0,0.0,28.23,288.54,2.0,2,99440.0,9999999
59287,0,5498,27.0,18.49,0.0,0.0,28.23,295.1,2.0,2,99440.0,9999999
59287,0,5499,26.5,18.26,0.0,0.0,28.23,290.89,2.0,12,99440.0,9999999
59287,0,5500,26.0,17.93,0.0,0.0,28.23,290.89,2.0,16,99440.0,9999999
59287,0,5501,25.7,17.71,0.0,0.0,28.23,286.87,2.0,13,99440.0,9999999
59287,0,5502,25.5,17.38,0.0,0.0,28.23,288.9,2.0,3,99440.0,9999999
59287,0,5503,26.2,17.82,151.0,33.0,28.23,292.14,2.0,4,99440.0,9999999
59287,0,5504,27.6,18.61,350.0,76.0,28.23,288.9,2.0,1,99440.0,9999999
59287,0,5505,28.9,18.95,330.0,330.0,28.23,295.96,2.0,3,99440.0,9999999
59287,0,5506,30.0,18.61,758.0,164.0,28.23,292.49,2.0,13,99440.0,9999999
59287,0,5507,31.0,17.82,1219.0,168.0,28.23,291.96,2.0,4,99440.0,9999999
59287,0,5508,31.9,17.06,987.0,214.0,28.23,298.47,2.0,14,99440.0,9999999
59287,0,5509,32.8,16.44,577.0,577.0,28.23,294.76,2.0,9,99440.0,9999999
59287,0,5510,33.8,16.44,895.0,194.0,28.23,299.3,3.0,15,99440.0,9999999
59287,0,5511,34.5,16.96,434.0,434.0,28.23,299.46,3.0,2,99440.0,9999999
59287,0,5512,34.3,17.38,539.0,117.0,28.23,298.64,3.0,3,99440.0,9999999
59287,0,5513,33.7,17.82,460.0,63.0,28.23,300.28,3.0,7,99440.0,9999999
59287,0,5514,32.8,18.15,184.0,25.0,28.23,298.64,3.0,12,99440.0,9999999
59287,0,5515,31.8,18.49,0.0,0.0,28.23,298.64,3.0,6,99440.0,9999999
59287,0,5516,30.9,18.61,0.0,0.0,28.23,295.1,2.0,16,99440.0,9999999
59287,0,5517,30.1,18.49,0.0,0.0,28.23,295.44,2.0,10,99440.0,9999999
59287,0,5518,29.4,18.26,0.0,0.0,28.23,291.96,2.0,7,99440.0,9999999
59287,0,5519,28.9,18.04,0.0,0.0,28.23,292.32,2.0,16,99440.0,9999999
59287,0,5520,28.4,17.6,0.0,0.0,28.23,297.81,2.0,7,99440.0,9999999
59287,0,5521,27.9,17.28,0.0,0.0,28.23,293.72,2.0,9,99440.0,9999999
59287,0,5522,27.5,16.85,0.0,0.0,28.23,294.07,2.0,16,99440.0,9999999
59287,0,5523,27.1,16.44,0.0,0.0,28.23,292.14,2.0,1,99440.0,9999999
59287,0,5524,26.7,16.04,0.0,0.0,28.23,294.24,2.0,5,99440.0,9999999
59287,0,5525,26.4,15.64,0.0,0.0,28.23,289.45,2.0,16,99440.0,9999999
59287,0,5526,26.3,15.35,0.0,0.0,28.23,291.79,2.0,11,99440.0,9999999
59287,0,5527,27.0,15.74,79.0,22.0,28.23,287.8,2.0,7,99440.0,9999999
59287,0,5528,28.6,16.75,184.0,52.0,28.23,297.81,1.0,16,99440.0,9999999
59287,0,5529,30.0,17.38,532.0,100.0,28.23,295.79,1.0,1,99440.0,9999999
59287,0,5530,31.2,17.71,718.0,135.0,28.23,292.14,1.0,2,99440.0,9999999
59287,0,5531,32.2,17.6,860.0,162.0,28.23,296.13,1.0,10,99440.0,9999999
59287,0,5532,33.1,17.38,936.0,176.0,28.23,297.47,1.0,3,99440.0,9999999
59287,0,5533,33.8,17.06,931.0,175.0,28.23,300.28,1.0,10,99440.0,9999999
59287,0,5534,34.4,16.96,848.0,160.0,28.23,299.3,2.0,16,99440.0,9999999
59287,0,5535,34.8,17.06,389.0,109.0,28.23,299.79,2.0,1,99440.0,9999999
59287,0,5536,34.6,16.96,510.0,96.0,28.23,303.8,2.0,1,99440.0,9999999
59287,0,5537,34.1,16.75,309.0,58.0,28.23,301.74,2.0,6,99440.0,9999999
59287,0,5538,33.3,16.65,68.0,19.0,28.23,299.79,2.0,12,99440.0,9999999
59287,0,5539,32.4,16.54,0.0,0.0,28.23,298.81,2.0,3,99440.0,9999999
59287,0,5540,31.5,16.54,0.0,0.0,28.23,295.79,3.0,1,99440.0,9999999
59287,0,5541,30.6,16.54,0.0,0.0,28.23,298.31,3.0,7,99440.0,9999999
59287,0,5542,29.8,16.54,0.0,0.0,28.23,294.76,3.0,3,99440.0,9999999
59287,0,5543,29.1,16.65,0.0,0.0,28.23,291.25,3.0,10,99440.0,9999999
59287,0,5544,28.4,16.75,0.0,0.0,28.23,296.13,3.0,9,99800.0,9999999
59287,0,5545,27.9,16.75,0.0,0.0,28.23,291.79,3.0,9,99800.0,9999999
59287,0,5546,27.4,16.75,0.0,0.0,28.23,290.72,2.0,1,99800.0,9999999
59287,0,5547,27.0,16.65,0.0,0.0,28.23,291.61,2.0,7,99800.0,9999999
59287,0,5548,26.7,16.54,0.0,0.0,28.23,291.25,2.0,15,99800.0,9999999
59287,0,5549,26.6,16.44,0.0,0.0,28.23,287.43,2.0,4,99800.0,9999999
59287,0,5550,26.5,16.24,0.0,0.0,28.23,293.02,2.0,10,99800.0,9999999
59287,0,5551,27.1,16.44,124.0,43.0,28.23,289.27,2.0,3,99800.0,9999999
59287,0,5552,28.3,17.17,171.0,171.0,28.23,294.93,0.0,0,99800.0,9999999
59287,0,5553,29.5,17.6,470.0,164.0,28.23,291.79,0.0,13,99800.0,9999999
59287,0,5554,30.5,17.82,740.0,175.0,28.23,294.59,0.0,10,99800.0,9999999
59287,0,5555,31.4,17.93,888.0,210.0,28.23,298.14,0.0,9,99800.0,9999999
59287,0,5556,32.3,18.04,827.0,289.0,28.23,296.97,0.0,14,99800.0,9999999
59287,0,5557,33.3,18.49,484.0,484.0,28.23,295.79,0.0,11,99800.0,9999999
59287,0,5558,34.4,19.54,749.0,262.0,28.23,299.79,3.0,4,99800.0,9999999
59287,0,5559,35.2,20.78,721.0,171.0,28.23,297.98,3.0,1,99800.0,9999999
59287,0,5560,34.8,21.16,450.0,157.0,28.23,297.64,3.0,6,99800.0,9999999
59287,0,5561,33.7,21.03,160.0,160.0,28.23,298.31,3.0,11,99800.0,9999999
59287,0,5562,32.3,20.52,107.0,38.0,28.23,297.98,3.0,12,99800.0,9999999
59287,0,5563,30.7,19.91,0.0,0.0,28.23,294.41,3.0,6,99800.0,9999999
59287,0,5564,29.3,19.3,0.0,0.0,28.23,299.14,4.0,7,99800.0,9999999
59287,0,5565,28.3,18.95,0.0,0.0,28.23,292.67,4.0,7,99800.0,9999999
59287,0,5566,27.6,18.84,0.0,0.0,28.23,295.79,4.0,10,99800.0,9999999
59287,0,5567,27.2,18.95,0.0,0.0,28.23,290.89,4.0,10,99800.0,9999999
59287,0,5568,27.0,19.07,0.0,0.0,28.23,293.2,4.0,7,99840.0,9999999
59287,0,5569,26.8,19.19,0.0,0.0,28.23,295.1,4.0,13,99840.0,9999999
59287,0,5570,26.7,19.3,0.0,0.0,28.23,288.17,1.0,16,99840.0,9999999
59287,0,5571,26.5,19.19,0.0,0.0,28.23,292.67,1.0,3,99840.0,9999999
59287,0,5572,26.3,18.95,0.0,0.0,28.23,293.37,1.0,6,99840.0,9999999
59287,0,5573,26.1,18.61,0.0,0.0,28.23,293.02,1.0,12,99840.0,9999999
59287,0,5574,26.0,18.26,0.0,0.0,28.23,290.36,1.0,12,99840.0,9999999
59287,0,5575,26.5,18.38,73.0,29.0,28.23,292.67,1.0,2,99840.0,9999999
59287,0,5576,27.7,18.95,403.0,114.0,28.23,290.36,2.0,1,99840.0,9999999
59287,0,5577,28.8,19.3,277.0,112.0,28.23,292.49,2.0,8,99840.0,9999999
59287,0,5578,29.8,19.19,881.0,249.0,28.23,292.49,2.0,8,99840.0,9999999
59287,0,5579,30.6,18.84,449.0,182.0,28.23,298.64,2.0,11,99840.0,9999999
59287,0,5580,31.3,18.49,1150.0,325.0,28.23,298.14,2.0,5,99840.0,9999999
59287,0,5581,32.0,18.26,486.0,197.0,28.23,297.31,2.0,5,99840.0,9999999
59287,0,5582,32.6,18.61,442.0,179.0,28.23,295.1,0.0,0,99840.0,9999999
59287,0,5583,33.0,19.19,858.0,243.0,28.23,299.14,0.0,1,99840.0,9999999
59287,0,5584,32.5,19.42,265.0,107.0,28.23,297.98,0.0,5,99840.0,9999999
59287,0,5585,31.3,19.07,160.0,65.0,28.23,297.31,0.0,9,99840.0,9999999
59287,0,5586,29.8,18.49,63.0,25.0,28.23,295.79,0.0,9,99840.0,9999999
59287,0,5587,28.4,18.04,0.0,0.0,28.23,293.2,0.0,2,99840.0,9999999
59287,0,5588,27.7,18.04,0.0,0.0,28.23,294.59,2.0,6,99840.0,9999999
59287,0,5589,27.7,18.61,0.0,0.0,28.23,292.49,2.0,11,99840.0,9999999
59287,0,5590,27.6,18.84,0.0,0.0,28.23,291.25,2.0,6,99840.0,9999999
59287,0,5591,27.4,18.61,0.0,0.0,28.23,297.14,2.0,2,99840.0,9999999
59287,0,5592,27.0,18.26,0.0,0.0,28.23,292.32,2.0,16,99860.0,9999999
59287,0,5593,26.6,17.71,0.0,0.0,28.23,287.62,2.0,7,99860.0,9999999
59287,0,5594,26.2,17.38,0.0,0.0,28.23,295.61,3.0,3,99860.0,9999999
59287,0,5595,26.0,17.17,0.0,0.0,28.23,287.06,3.0,1,99860.0,9999999
59287,0,5596,25.8,17.06,0.0,0.0,28.23,286.87,3.0,11,99860.0,9999999
59287,0,5597,25.8,17.17,0.0,0.0,28.23,291.07,3.0,9,99860.0,9999999
59287,0,5598,25.8,17.38,0.0,0.0,28.23,289.27,3.0,11,99860.0,9999999
59287,0,5599,25.8,17.71,3.0,3.0,28.23,293.72,3.0,6,99860.0,9999999
59287,0,5600,25.8,18.04,6.0,6.0,28.23,289.27,3.0,5,99860.0,9999999
59287,0,5601,25.8,18.38,10.0,10.0,28.23,291.25,3.0,11,99860.0,9999999
59287,0,5602,25.7,18.72,14.0,14.0,28.23,289.45,3.0,5,99860.0,9999999
59287,0,5603,25.6,19.07,16.0,16.0,28.23,295.44,3.0,4,99860.0,9999999
59287,0,5604,25.6,19.42,18.0,18.0,28.23,287.06,3.0,15,99860.0,9999999
59287,0,5605,25.5,19.66,18.0,18.0,28.23,289.45,3.0,5,99860.0,9999999
59287,0,5606,25.5,19.78,16.0,16.0,28.23,290.72,3.0,6,99860.0,9999999
59287,0,5607,25.2,19.54,13.0,13.0,28.23,291.43,3.0,7,99860.0,9999999
59287,0,5608,24.5,18.84,10.0,10.0,28.23,290.18,3.0,7,99860.0,9999999
59287,0,5609,24.1,18.26,6.0,6.0,28.23,290.18,3.0,16,99860.0,9999999
59287,0,5610,24.3,18.49,2.0,2.0,28.23,285.55,3.0,6,99860.0,9999999
59287,0,5611,24.8,18.95,0.0,0.0,28.23,293.02,3.0,4,99860.0,9999999
59287,0,5612,25.3,19.42,0.0,0.0,28.23,290.36,3.0,6,99860.0,9999999
59287,0,5613,25.4,19.42,0.0,0.0,28.23,290.54,3.0,1,99860.0,9999999
59287,0,5614,25.1,19.07,0.0,0.0,28.23,291.43,3.0,7,99860.0,9999999
59287,0,5615,24.9,18.61,0.0,0.0,28.23,294.59,3.0,8,99860.0,9999999
59287,0,5616,24.7,18.38,0.0,0.0,28.23,294.41,3.0,10,100100.0,9999999
59287,0,5617,25.0,18.49,0.0,0.0,28.23,287.62,3.0,2,100100.0,9999999
59287,0,5618,25.4,18.84,0.0,0.0,28.23,290.89,0.0,0,100100.0,9999999
59287,0,5619,25.5,18.72,0.0,0.0,28.23,292.49,0.0,12,100100.0,9999999
59287,0,5620,25.2,18.26,0.0,0.0,28.23,292.14,0.0,4,100100.0,9999999
59287,0,5621,25.0,17.82,0.0,0.0,28.23,291.07,0.0,11,100100.0,9999999
59287,0,5622,25.0,17.71,0.0,0.0,28.23,290.89,0.0,12,100100.0,9999999
59287,0,5623,25.5,18.04,114.0,76.0,28.23,292.32,0.0,1,100100.0,9999999
59287,0,5624,26.6,19.42,102.0,102.0,28.23,296.46,2.0,7,100100.0,9999999
59287,0,5625,28.5,21.81,442.0,295.0,28.23,295.96,2.0,16,100100.0,9999999
59287,0,5626,30.4,24.62,599.0,400.0,28.23,298.31,2.0,11,100100.0,9999999
59287,0,5627,31.2,26.15,270.0,270.0,28.23,294.93,2.0,3,100100.0,9999999
59287,0,5628,30.2,24.92,294.0,294.0,28.23,300.93,2.0,4,100100.0,9999999
59287,0,5629,28.0,22.08,292.0,292.0,28.23,292.85,2.0,12,100100.0,9999999
59287,0,5630,25.7,19.42,266.0,266.0,28.23,291.96,0.0,0,100100.0,9999999
59287,0,5631,24.3,18.04,219.0,219.0,28.23,288.72,0.0,5,100100.0,9999999
59287,0,5632,23.9,17.6,424.0,283.0,28.23,293.37,0.0,4,100100.0,9999999
59287,0,5633,24.1,17.82,254.0,170.0,28.23,287.62,0.0,14,100100.0,9999999
59287,0,5634,24.6,18.49,98.0,65.0,28.23,285.93,0.0,13,100100.0,9999999
59287,0,5635,25.4,19.3,0.0,0.0,28.23,291.07,0.0,7,100100.0,9999999
59287,0,5636,26.0,20.03,0.0,0.0,28.23,291.25,0.0,0,100100.0,9999999
59287,0,5637,26.3,20.4,0.0,0.0,28.23,291.61,0.0,5,100100.0,9999999
59287,0,5638,26.4,20.4,0.0,0.0,28.23,287.99,0.0,11,100100.0,9999999
59287,0,5639,26.2,20.15,0.0,0.0,28.23,290.89,0.0,9,100100.0,9999999
59287,0,5640,25.9,19.91,0.0,0.0,28.23,290.54,0.0,15,100210.0,9999999
59287,0,5641,25.5,19.54,0.0,0.0,28.23,290.72,0.0,13,100210.0,9999999
59287,0,5642,25.2,19.3,0.0,0.0,28.23,295.1,0.0,0,100210.0,9999999
59287,0,5643,24.9,19.19,0.0,0.0,28.23,290.54,0.0,13,100210.0,9999999
59287,0,5644,24.7,19.19,0.0,0.0,28.23,286.12,0.0,9,100210.0,9999999
59287,0,5645,24.6,19.19,0.0,0.0,28.23,289.09,0.0,2,100210.0,9999999
59287,0,5646,24.6,19.19,0.0,0.0,28.23,294.41,0.0,14,100210.0,9999999
59287,0,5647,24.9,19.3,178.0,94.0,28.23,288.72,0.0,1,100210.0,9999999
59287,0,5648,25.5,19.66,141.0,141.0,28.23,292.67,0.0,0,100210.0,9999999
59287,0,5649,26.0,19.54,229.0,229.0,28.23,295.79,0.0,3,100210.0,9999999
59287,0,5650,26.4,19.07,311.0,311.0,28.23,290.18,0.0,10,100210.0,9999999
59287,0,5651,26.9,18.49,373.0,373.0,28.23,293.89,0.0,1,100210.0,9999999
59287,0,5652,27.5,18.26,406.0,406.0,28.23,297.14,0.0,10,100210.0,9999999
59287,0,5653,28.5,18.38,404.0,404.0,28.23,293.37,0.0,5,100210.0,9999999
59287,0,5654,29.9,19.42,1119.0,590.0,28.23,298.14,1.0,7,100210.0,9999999
59287,0,5655,31.1,20.78,302.0,302.0,28.23,297.47,1.0,16,100210.0,9999999
59287,0,5656,30.7,20.78,668.0,352.0,28.23,296.46,1.0,3,100210.0,9999999
59287,0,5657,29.8,20.4,400.0,211.0,28.23,295.44,1.0,6,100210.0,9999999
59287,0,5658,28.5,19.78,50.0,50.0,28.23,295.61,1.0,10,100210.0,9999999
59287,0,5659,27.2,19.07,0.0,0.0,28.23,289.99,1.0,13,100210.0,9999999
59287,0,5660,26.1,18.61,0.0,0.0,28.23,289.81,0.0,0,100210.0,9999999
59287,0,5661,25.4,18.38,0.0,0.0,28.23,289.63,0.0,9,100210.0,9999999
59287,0,5662,25.0,18.38,0.0,0.0,28.23,291.07,0.0,6,100210.0,9999999
59287,0,5663,24.9,18.61,0.0,0.0,28.23,293.02,0.0,2,100210.0,9999999
59287,0,5664,24.9,18.84,0.0,0.0,28.23,291.96,0.0,0,100200.0,9999999
59287,0,5665,24.9,18.95,0.0,0.0,28.23,294.76,0.0,9,100200.0,9999999
59287,0,5666,24.9,18.95,0.0,0.0,28.23,288.72,0.0,0,100200.0,9999999
59287,0,5667,24.8,18.61,0.0,0.0,28.23,290.89,0.0,7,100200.0,9999999
59287,0,5668,24.6,18.04,0.0,0.0,28.23,288.17,0.0,5,100200.0,9999999
59287,0,5669,24.4,17.6,0.0,0.0,28.23,285.55,0.0,3,100200.0,9999999
59287,0,5670,24.3,17.06,0.0,0.0,28.23,289.45,0.0,12,100200.0,9999999
59287,0,5671,25.2,17.6,83.0,58.0,28.23,289.99,0.0,11,100200.0,9999999
59287,0,5672,26.8,18.95,201.0,141.0,28.23,291.25,2.0,5,100200.0,9999999
59287,0,5673,27.9,19.66,145.0,145.0,28.23,291.61,2.0,15,100200.0,9999999
59287,0,5674,28.3,19.78,197.0,197.0,28.23,292.14,2.0,14,100200.0,9999999
59287,0,5675,28.4,19.54,534.0,374.0,28.23,293.55,2.0,7,100200.0,9999999
59287,0,5676,28.4,19.3,258.0,258.0,28.23,291.07,2.0,14,100200.0,9999999
59287,0,5677,28.6,19.3,578.0,405.0,28.23,293.02,2.0,2,100200.0,9999999
59287,0,5678,29.2,20.03,233.0,233.0,28.23,299.14,1.0,5,100200.0,9999999
59287,0,5679,30.3,21.42,432.0,303.0,28.23,295.61,1.0,4,100200.0,9999999
59287,0,5680,31.5,23.18,139.0,139.0,28.23,296.97,1.0,16,100200.0,9999999
59287,0,5681,32.0,24.18,187.0,131.0,28.23,302.54,1.0,10,100200.0,9999999
59287,0,5682,31.2,23.46,71.0,50.0,28.23,297.31,1.0,16,100200.0,9999999
59287,0,5683,29.3,21.42,0.0,0.0,28.23,294.07,1.0,15,100200.0,9999999
59287,0,5684,27.3,19.54,0.0,0.0,28.23,291.79,1.0,5,100200.0,9999999
59287,0,5685,25.9,18.38,0.0,0.0,28.23,288.54,1.0,5,100200.0,9999999
59287,0,5686,25.2,18.04,0.0,0.0,28.23,293.2,1.0,6,100200.0,9999999
59287,0,5687,25.0,18.15,0.0,0.0,28.23,293.02,1.0,15,100200.0,9999999
59287,0,5688,25.0,18.61,0.0,0.0,28.23,291.96,1.0,9,100280.0,9999999
59287,0,5689,25.1,18.95,0.0,0.0,28.23,287.99,1.0,4,100280.0,9999999
59287,0,5690,25.2,19.3,0.0,0.0,28.23,290.36,0.0,0,100280.0,9999999
59287,0,5691,25.1,19.19,0.0,0.0,28.23,287.99,0.0,2,100280.0,9999999
59287,0,5692,24.8,18.84,0.0,0.0,28.23,290.36,0.0,4,100280.0,9999999
59287,0,5693,24.6,18.38,0.0,0.0,28.23,287.24,0.0,7,100280.0,9999999
59287,0,5694,24.5,17.82,0.0,0.0,28.23,285.74,0.0,15,100280.0,9999999
59287,0,5695,25.4,18.26,119.0,36.0,28.23,292.32,0.0,14,100280.0,9999999
59287,0,5696,27.1,19.54,298.0,62.0,28.23,290.89,1.0,1,100280.0,9999999
59287,0,5697,28.4,20.03,475.0,145.0,28.23,293.55,1.0,8,100280.0,9999999
59287,0,5698,29.2,19.78,645.0,197.0,28.23,293.02,1.0,12,100280.0,9999999
59287,0,5699,29.7,19.19,796.0,165.0,28.23,295.27,1.0,10,100280.0,9999999
59287,0,5700,30.2,18.61,845.0,258.0,28.23,295.61,1.0,11,100280.0,9999999
59287,0,5701,30.7,18.38,863.0,179.0,28.23,293.2,1.0,4,100280.0,9999999
59287,0,5702,31.5,18.95,764.0,234.0,28.23,296.97,2.0,5,100280.0,9999999
59287,0,5703,32.6,20.4,644.0,134.0,28.23,295.44,2.0,5,100280.0,9999999
59287,0,5704,33.2,21.81,455.0,139.0,28.23,300.61,2.0,7,100280.0,9999999
59287,0,5705,32.7,22.21,159.0,159.0,28.23,300.12,2.0,15,100280.0,9999999
59287,0,5706,31.5,21.81,102.0,31.0,28.23,293.2,2.0,1,100280.0,9999999
59287,0,5707,29.9,21.03,0.0,0.0,28.23,293.89,2.0,5,100280.0,9999999
59287,0,5708,28.5,20.15,0.0,0.0,28.23,296.97,0.0,0,100280.0,9999999
59287,0,5709,27.5,19.66,0.0,0.0,28.23,293.72,0.0,7,100280.0,9999999
59287,0,5710,26.9,19.3,0.0,0.0,28.23,292.49,0.0,6,100280.0,9999999
59287,0,5711,26.6,19.19,0.0,0.0,28.23,289.45,0.0,5,100280.0,9999999
59287,0,5712,26.5,19.07,0.0,0.0,28.23,296.3,0.0,3,100300.0,9999999
59287,0,5713,26.3,18.95,0.0,0.0,28.23,291.25,0.0,10,100300.0,9999999
59287,0,5714,26.1,18.61,0.0,0.0,28.23,294.24,0.0,0,100300.0,9999999
59287,0,5715,25.7,17.93,0.0,0.0,28.23,293.72,0.0,13,100300.0,9999999
59287,0,5716,25.2,17.28,0.0,0.0,28.23,289.45,0.0,8,100300.0,9999999
59287,0,5717,24.9,16.54,0.0,0.0,28.23,294.24,0.0,6,100300.0,9999999
59287,0,5718,24.7,15.94,0.0,0.0,28.23,292.32,0.0,3,100300.0,9999999
59287,0,5719,25.7,16.34,174.0,86.0,28.23,290.72,0.0,2,100300.0,9999999
59287,0,5720,27.7,17.49,147.0,147.0,28.23,297.14,0.0,0,100300.0,9999999
59287,0,5721,29.6,18.49,240.0,240.0,28.23,293.89,0.0,5,100300.0,9999999
59287,0,5722,31.3,18.95,327.0,327.0,28.23,296.13,0.0,1,100300.0,9999999
59287,0,5723,32.5,18.95,1150.0,567.0,28.23,295.96,0.0,10,100300.0,9999999
59287,0,5724,33.2,18.61,1252.0,618.0,28.23,302.85,0.0,12,100300.0,9999999
59287,0,5725,33.5,18.38,427.0,427.0,28.23,303.01,0.0,8,100300.0,9999999
59287,0,5726,33.0,18.04,388.0,388.0,28.23,293.89,3.0,5,100300.0,9999999
59287,0,5727,32.0,17.93,318.0,318.0,28.23,293.02,3.0,11,100300.0,9999999
59287,0,5728,30.8,18.26,230.0,230.0,28.23,296.13,3.0,11,100300.0,9999999
59287,0,5729,29.6,18.72,137.0,137.0,28.23,292.14,3.0,16,100300.0,9999999
59287,0,5730,28.3,19.07,51.0,51.0,28.23,289.63,3.0,4,100300.0,9999999
59287,0,5731,27.1,19.3,0.0,0.0,28.23,292.67,3.0,12,100300.0,9999999
59287,0,5732,26.2,19.42,0.0,0.0,28.23,291.25,0.0,0,100300.0,9999999
59287,0,5733,25.6,19.42,0.0,0.0,28.23,295.44,0.0,4,100300.0,9999999
59287,0,5734,25.2,19.3,0.0,0.0,28.23,291.61,0.0,13,100300.0,9999999
59287,0,5735,25.1,19.3,0.0,0.0,28.23,289.63,0.0,3,100300.0,9999999
59287,0,5736,25.0,19.19,0.0,0.0,28.23,286.5,0.0,1,100070.0,9999999
59287,0,5737,25.0,19.07,0.0,0.0,28.23,289.45,0.0,11,100070.0,9999999
59287,0,5738,25.0,19.07,0.0,0.0,28.23,292.14,0.0,0,100070.0,9999999
59287,0,5739,24.9,18.95,0.0,0.0,28.23,288.72,0.0,5,100070.0,9999999
59287,0,5740,24.7,18.84,0.0,0.0,28.23,291.79,0.0,2,100070.0,9999999
59287,0,5741,24.6,18.72,0.0,0.0,28.23,292.67,0.0,12,100070.0,9999999
59287,0,5742,24.5,18.49,0.0,0.0,28.23,292.67,0.0,11,100070.0,9999999
59287,0,5743,25.2,18.84,136.0,35.0,28.23,294.93,0.0,6,100070.0,9999999
59287,0,5744,26.7,19.78,549.0,94.0,28.23,292.32,1.0,1,100070.0,9999999
59287,0,5745,28.2,20.03,832.0,143.0,28.23,293.89,1.0,13,100070.0,9999999
59287,0,5746,29.5,19.78,1052.0,181.0,28.23,299.46,1.0,6,100070.0,9999999
59287,0,5747,30.8,19.19,909.0,236.0,28.23,296.97,1.0,11,100070.0,9999999
59287,0,5748,32.0,18.61,582.0,582.0,28.23,297.98,1.0,13,100070.0,9999999
59287,0,5749,33.2,18.38,579.0,579.0,28.23,301.25,1.0,4,100070.0,9999999
59287,0,5750,34.5,19.3,526.0,526.0,28.23,297.98,2.0,15,100070.0,9999999
59287,0,5751,35.4,21.03,431.0,431.0,28.23,303.8,2.0,12,100070.0,9999999
59287,0,5752,34.9,22.21,312.0,312.0,28.23,301.42,2.0,12,100070.0,9999999
59287,0,5753,33.6,22.9,314.0,82.0,28.23,297.81,2.0,10,100070.0,9999999
59287,0,5754,31.9,22.9,68.0,68.0,28.23,299.46,2.0,8,100070.0,9999999
59287,0,5755,30.1,22.35,0.0,0.0,28.23,300.44,2.0,11,100070.0,9999999
59287,0,5756,28.6,21.55,0.0,0.0,28.23,292.67,0.0,0,100070.0,9999999
59287,0,5757,27.7,20.78,0.0,0.0,28.23,289.27,0.0,12,100070.0,9999999
59287,0,5758,27.3,20.15,0.0,0.0,28.23,292.49,0.0,6,100070.0,9999999
59287,0,5759,27.3,19.54,0.0,0.0,28.23,295.61,0.0,9,100070.0,9999999
59287,0,5760,27.5,18.95,0.0,0.0,28.23,295.61,0.0,6,99780.0,9999999
59287,0,5761,27.6,18.38,0.0,0.0,28.23,288.9,0.0,12,99780.0,9999999
59287,0,5762,27.7,17.82,0.0,0.0,28.23,288.72,2.0,16,99780.0,9999999
59287,0,5763,27.5,17.28,0.0,0.0,28.23,293.37,2.0,6,99780.0,9999999
59287,0,5764,27.2,16.96,0.0,0.0,28.23,293.72,2.0,5,99780.0,9999999
59287,0,5765,26.8,16.75,0.0,0.0,28.23,291.43,2.0,16,99780.0,9999999
59287,0,5766,26.7,16.65,0.0,0.0,28.23,293.2,2.0,12,99780.0,9999999
59287,0,5767,27.3,17.17,80.0,14.0,28.23,291.25,2.0,14,99780.0,9999999
59287,0,5768,28.5,18.15,343.0,37.0,28.23,293.89,2.0,16,99780.0,9999999
59287,0,5769,29.7,18.61,565.0,60.0,28.23,295.1,2.0,7,99780.0,9999999
59287,0,5770,30.7,18.61,770.0,82.0,28.23,296.13,2.0,2,99780.0,9999999
59287,0,5771,31.7,18.38,928.0,99.0,28.23,296.46,2.0,15,99780.0,9999999
59287,0,5772,32.7,18.04,1011.0,108.0,28.23,296.8,2.0,2,99780.0,9999999
59287,0,5773,33.8,17.93,1006.0,108.0,28.23,301.58,2.0,15,99780.0,9999999
59287,0,5774,35.0,18.38,913.0,98.0,28.23,298.97,3.0,1,99780.0,9999999
59287,0,5775,35.9,19.07,749.0,80.0,28.23,300.12,3.0,3,99780.0,9999999
59287,0,5776,35.6,19.19,540.0,58.0,28.23,296.63,3.0,12,99780.0,9999999
59287,0,5777,34.7,19.07,319.0,34.0,28.23,299.96,3.0,10,99780.0,9999999
59287,0,5778,33.5,18.95,117.0,12.0,28.23,296.97,3.0,13,99780.0,9999999
59287,0,5779,32.3,18.72,0.0,0.0,28.23,293.37,3.0,2,99780.0,9999999
59287,0,5780,31.3,18.72,0.0,0.0,28.23,294.76,1.0,15,99780.0,9999999
59287,0,5781,30.7,18.95,0.0,0.0,28.23,293.2,1.0,9,99780.0,9999999
59287,0,5782,30.3,19.3,0.0,0.0,28.23,293.89,1.0,9,99780.0,9999999
59287,0,5783,30.2,19.78,0.0,0.0,28.23,296.46,1.0,16,99780.0,9999999
59287,0,5784,30.1,20.27,0.0,0.0,28.23,297.31,1.0,3,99910.0,9999999
59287,0,5785,29.9,20.65,0.0,0.0,28.23,295.1,1.0,11,99910.0,9999999
59287,0,5786,29.6,20.78,0.0,0.0,28.23,296.97,0.0,0,99910.0,9999999
59287,0,5787,29.0,20.4,0.0,0.0,28.23,291.96,0.0,4,99910.0,9999999
59287,0,5788,28.3,19.91,0.0,0.0,28.23,296.63,0.0,1,99910.0,9999999
59287,0,5789,27.7,19.42,0.0,0.0,28.23,293.37,0.0,6,99910.0,9999999
59287,0,5790,27.5,19.07,0.0,0.0,28.23,290.18,0.0,15,99910.0,9999999
59287,0,5791,28.2,19.66,166.0,75.0,28.23,293.37,0.0,6,99910.0,9999999
59287,0,5792,29.7,20.9,419.0,189.0,28.23,294.41,0.0,0,99910.0,9999999
59287,0,5793,31.0,21.42,262.0,262.0,28.23,296.3,0.0,2,99910.0,9999999
59287,0,5794,32.1,21.42,358.0,358.0,28.23,298.64,0.0,14,99910.0,9999999
59287,0,5795,33.0,21.03,1135.0,512.0,28.23,294.41,0.0,8,99910.0,9999999
59287,0,5796,33.9,20.52,470.0,470.0,28.23,295.27,0.0,4,99910.0,9999999
59287,0,5797,34.8,20.4,467.0,467.0,28.23,299.14,0.0,0,99910.0,9999999
59287,0,5798,35.8,20.78,424.0,424.0,28.23,300.93,3.0,15,99910.0,9999999
59287,0,5799,36.6,21.55,916.0,413.0,28.23,302.38,3.0,12,99910.0,9999999
59287,0,5800,36.3,21.68,251.0,251.0,28.23,302.7,3.0,13,99910.0,9999999
59287,0,5801,35.5,21.55,148.0,148.0,28.23,299.3,3.0,5,99910.0,9999999
59287,0,5802,34.3,21.29,141.0,63.0,28.23,300.77,3.0,16,99910.0,9999999
59287,0,5803,33.1,21.03,0.0,0.0,28.23,297.64,3.0,8,99910.0,9999999
59287,0,5804,32.0,20.78,0.0,0.0,28.23,293.37,0.0,0,99910.0,9999999
59287,0,5805,31.2,20.65,0.0,0.0,28.23,295.1,0.0,6,99910.0,9999999
59287,0,5806,30.6,20.65,0.0,0.0,28.23,295.27,0.0,8,99910.0,9999999
59287,0,5807,30.3,20.9,0.0,0.0,28.23,300.28,0.0,1,99910.0,9999999
59287,0,5808,30.0,21.16,0.0,0.0,28.23,296.46,0.0,4,100150.0,9999999
59287,0,5809,29.9,21.42,0.0,0.0,28.23,295.79,0.0,13,100150.0,9999999
59287,0,5810,29.7,21.68,0.0,0.0,28.23,297.14,0.0,0,100150.0,9999999
59287,0,5811,29.5,21.95,0.0,0.0,28.23,298.14,0.0,13,100150.0,9999999
59287,0,5812,29.2,21.95,0.0,0.0,28.23,292.32,0.0,0,100150.0,9999999
59287,0,5813,29.0,21.95,0.0,0.0,28.23,296.46,0.0,12,100150.0,9999999
59287,0,5814,28.8,21.95,0.0,0.0,28.23,294.76,0.0,7,100150.0,9999999
59287,0,5815,28.8,21.68,238.0,154.0,28.23,297.47,0.0,1,100150.0,9999999
59287,0,5816,28.8,21.29,110.0,110.0,28.23,290.54,0.0,0,100150.0,9999999
59287,0,5817,29.0,20.9,182.0,182.0,28.23,293.72,0.0,9,100150.0,9999999
59287,0,5818,29.4,20.4,248.0,248.0,28.23,297.81,0.0,15,100150.0,9999999
59287,0,5819,30.0,20.15,299.0,299.0,28.23,299.96,0.0,6,100150.0,9999999
59287,0,5820,30.8,20.15,326.0,326.0,28.23,300.77,0.0,5,100150.0,9999999
59287,0,5821,31.9,20.65,325.0,325.0,28.23,299.14,0.0,13,100150.0,9999999
59287,0,5822,33.2,21.95,295.0,295.0,28.23,299.79,2.0,9,100150.0,9999999
59287,0,5823,34.2,23.46,241.0,241.0,28.23,299.14,2.0,3,100150.0,9999999
59287,0,5824,33.9,23.75,797.0,518.0,28.23,298.14,2.0,1,100150.0,9999999
59287,0,5825,33.1,23.89,102.0,102.0,28.23,302.06,2.0,16,100150.0,9999999
59287,0,5826,32.1,23.6,201.0,130.0,28.23,299.79,2.0,5,100150.0,9999999
59287,0,5827,31.0,23.04,0.0,0.0,28.23,292.85,2.0,5,100150.0,9999999
59287,0,5828,30.0,22.62,0.0,0.0,28.23,298.81,1.0,7,100150.0,9999999
59287,0,5829,29.3,22.21,0.0,0.0,28.23,291.07,1.0,11,100150.0,9999999
59287,0,5830,28.9,21.95,0.0,0.0,28.23,292.14,1.0,10,100150.0,9999999
59287,0,5831,28.7,21.81,0.0,0.0,28.23,290.54,1.0,11,100150.0,9999999
59287,0,5832,28.6,21.68,0.0,0.0,28.92,290.36,1.0,12,100140.0,9999999
59287,0,5833,28.5,21.42,0.0,0.0,28.92,293.89,1.0,2,100140.0,9999999
59287,0,5834,28.3,21.16,0.0,0.0,28.92,294.24,0.0,0,100140.0,9999999
59287,0,5835,28.0,20.9,0.0,0.0,28.92,298.14,0.0,9,100140.0,9999999
59287,0,5836,27.7,20.65,0.0,0.0,28.92,296.3,0.0,7,100140.0,9999999
59287,0,5837,27.6,20.52,0.0,0.0,28.92,292.14,0.0,0,100140.0,9999999
59287,0,5838,27.6,20.65,0.0,0.0,28.92,292.85,0.0,2,100140.0,9999999
59287,0,5839,28.1,21.03,56.0,40.0,28.92,292.85,0.0,12,100140.0,9999999
59287,0,5840,29.1,21.95,142.0,102.0,28.92,290.89,1.0,3,100140.0,9999999
59287,0,5841,30.6,23.46,235.0,169.0,28.92,299.63,1.0,2,100140.0,9999999
59287,0,5842,32.4,25.07,322.0,231.0,28.92,298.81,1.0,4,100140.0,9999999
59287,0,5843,33.8,26.31,388.0,279.0,28.92,299.14,1.0,3,100140.0,9999999
59287,0,5844,34.5,26.31,423.0,304.0,28.92,300.44,1.0,9,100140.0,9999999
59287,0,5845,34.0,24.77,227.0,227.0,28.92,301.9,1.0,16,100140.0,9999999
59287,0,5846,32.3,22.08,382.0,274.0,28.92,298.31,0.0,0,100140.0,9999999
59287,0,5847,29.5,18.72,313.0,224.0,28.92,293.72,0.0,12,100140.0,9999999
59287,0,5848,26.5,15.94,225.0,161.0,28.92,289.63,0.0,15,100140.0,9999999
59287,0,5849,24.7,14.6,132.0,95.0,28.92,289.99,0.0,1,100140.0,9999999
59287,0,5850,24.8,14.97,47.0,34.0,28.92,293.72,0.0,15,100140.0,9999999
59287,0,5851,26.1,16.44,0.0,0.0,28.92,291.79,0.0,10,100140.0,9999999
59287,0,5852,27.6,18.15,0.0,0.0,28.92,291.79,2.0,15,100140.0,9999999
59287,0,5853,28.5,19.07,0.0,0.0,28.92,292.14,2.0,7,100140.0,9999999
59287,0,5854,28.9,19.19,0.0,0.0,28.92,294.41,2.0,7,100140.0,9999999
59287,0,5855,28.7,18.49,0.0,0.0,28.92,294.76,2.0,1,100140.0,9999999
59287,0,5856,28.3,17.6,0.0,0.0,28.92,293.55,2.0,3,99420.0,9999999
59287,0,5857,27.6,16.65,0.0,0.0,28.92,289.81,2.0,9,99420.0,9999999
59287,0,5858,27.0,15.94,0.0,0.0,28.92,293.37,2.0,15,99420.0,9999999
59287,0,5859,26.5,15.54,0.0,0.0,28.92,288.54,2.0,10,99420.0,9999999
59287,0,5860,26.2,15.45,0.0,0.0,28.92,291.61,2.0,16,99420.0,9999999
59287,0,5861,26.1,15.64,0.0,0.0,28.92,289.81,2.0,4,99420.0,9999999
59287,0,5862,26.2,16.04,0.0,0.0,28.92,293.89,2.0,2,99420.0,9999999
59287,0,5863,26.7,16.65,46.0,46.0,28.92,292.49,2.0,2,99420.0,9999999
59287,0,5864,27.5,17.38,118.0,118.0,28.92,293.37,3.0,15,99420.0,9999999
59287,0,5865,28.6,18.04,196.0,196.0,28.92,291.07,3.0,14,99420.0,9999999
59287,0,5866,29.8,18.72,269.0,269.0,28.92,295.96,3.0,2,99420.0,9999999
59287,0,5867,31.0,19.07,325.0,325.0,28.92,292.14,3.0,9,99420.0,9999999
59287,0,5868,31.7,19.07,354.0,354.0,28.92,292.85,3.0,12,99420.0,9999999
59287,0,5869,31.8,18.72,352.0,352.0,28.92,297.14,3.0,10,99420.0,9999999
59287,0,5870,31.0,17.82,320.0,320.0,28.92,297.64,3.0,1,99420.0,9999999
59287,0,5871,29.0,16.34,261.0,261.0,28.92,292.85,3.0,9,99420.0,9999999
59287,0,5872,26.6,14.88,188.0,188.0,28.92,293.89,3.0,11,99420.0,9999999
59287,0,5873,24.7,14.15,110.0,110.0,28.92,286.5,3.0,1,99420.0,9999999
59287,0,5874,24.1,14.6,39.0,39.0,28.92,288.17,3.0,11,99420.0,9999999
59287,0,5875,24.4,15.74,0.0,0.0,28.92,287.43,3.0,6,99420.0,9999999
59287,0,5876,25.0,17.17,0.0,0.0,28.92,290.89,5.0,15,99420.0,9999999
59287,0,5877,25.4,18.26,0.0,0.0,28.92,290.36,5.0,6,99420.0,9999999
59287,0,5878,25.6,18.72,0.0,0.0,28.92,291.07,5.0,1,99420.0,9999999
59287,0,5879,25.5,18.95,0.0,0.0,28.92,292.67,5.0,2,99420.0,9999999
59287,0,5880,25.4,18.84,0.0,0.0,28.92,288.17,5.0,11,99720.0,9999999
59287,0,5881,25.1,18.61,0.0,0.0,28.92,293.2,5.0,9,99720.0,9999999
59287,0,5882,24.7,18.26,0.0,0.0,28.92,289.09,4.0,6,99720.0,9999999
59287,0,5883,24.3,18.04,0.0,0.0,28.92,289.81,4.0,16,99720.0,9999999
59287,0,5884,24.0,17.93,0.0,0.0,28.92,287.62,4.0,16,99720.0,9999999
59287,0,5885,23.8,17.82,0.0,0.0,28.92,289.09,4.0,10,99720.0,9999999
59287,0,5886,23.7,17.82,0.0,0.0,28.92,291.79,4.0,10,99720.0,9999999
59287,0,5887,24.1,18.38,12.0,12.0,28.92,291.07,4.0,13,99720.0,9999999
59287,0,5888,25.0,19.19,32.0,32.0,28.92,294.76,3.0,5,99720.0,9999999
59287,0,5889,25.6,19.66,53.0,53.0,28.92,292.85,3.0,10,99720.0,9999999
59287,0,5890,26.0,19.66,73.0,73.0,28.92,287.43,3.0,13,99720.0,9999999
59287,0,5891,26.1,19.3,88.0,88.0,28.92,292.32,3.0,2,99720.0,9999999
59287,0,5892,26.2,18.84,96.0,96.0,28.92,290.54,3.0,1,99720.0,9999999
59287,0,5893,26.2,18.61,95.0,95.0,28.92,289.81,3.0,11,99720.0,9999999
59287,0,5894,26.4,18.49,86.0,86.0,28.92,291.79,3.0,7,99720.0,9999999
59287,0,5895,26.6,18.61,70.0,70.0,28.92,296.3,3.0,9,99720.0,9999999
59287,0,5896,26.5,18.72,51.0,51.0,28.92,292.67,3.0,2,99720.0,9999999
59287,0,5897,26.4,18.72,29.0,29.0,28.92,292.49,3.0,10,99720.0,9999999
59287,0,5898,26.2,18.84,10.0,10.0,28.92,292.32,3.0,12,99720.0,9999999
59287,0,5899,26.0,18.84,0.0,0.0,28.92,289.63,3.0,14,99720.0,9999999
59287,0,5900,25.9,19.07,0.0,0.0,28.92,295.61,2.0,6,99720.0,9999999
59287,0,5901,25.9,19.19,0.0,0.0,28.92,288.72,2.0,15,99720.0,9999999
59287,0,5902,26.0,19.3,0.0,0.0,28.92,293.02,2.0,5,99720.0,9999999
59287,0,5903,26.0,19.42,0.0,0.0,28.92,294.24,2.0,1,99720.0,9999999
59287,0,5904,26.0,19.42,0.0,0.0,28.92,294.24,2.0,9,100500.0,9999999
59287,0,5905,25.9,19.19,0.0,0.0,28.92,291.43,2.0,3,100500.0,9999999
59287,0,5906,25.6,18.72,0.0,0.0,28.92,291.79,2.0,7,100500.0,9999999
59287,0,5907,25.1,17.93,0.0,0.0,28.92,287.62,2.0,14,100500.0,9999999
59287,0,5908,24.5,17.17,0.0,0.0,28.92,289.81,2.0,9,100500.0,9999999
59287,0,5909,24.1,16.65,0.0,0.0,28.92,289.99,2.0,5,100500.0,9999999
59287,0,5910,24.1,16.54,0.0,0.0,28.92,289.81,2.0,10,100500.0,9999999
59287,0,5911,24.7,17.06,62.0,43.0,28.92,290.54,2.0,14,100500.0,9999999
59287,0,5912,26.1,18.61,163.0,112.0,28.92,290.54,0.0,0,100500.0,9999999
59287,0,5913,28.3,21.29,273.0,187.0,28.92,294.76,0.0,13,100500.0,9999999
59287,0,5914,30.4,24.33,194.0,194.0,28.92,301.09,0.0,8,100500.0,9999999
59287,0,5915,31.4,26.15,234.0,234.0,28.92,299.46,0.0,3,100500.0,9999999
59287,0,5916,30.6,25.22,494.0,339.0,28.92,298.64,0.0,1,100500.0,9999999
59287,0,5917,28.6,22.62,491.0,338.0,28.92,293.55,0.0,11,100500.0,9999999
59287,0,5918,26.4,20.03,445.0,306.0,28.92,289.27,2.0,11,100500.0,9999999
59287,0,5919,24.8,18.38,364.0,250.0,28.92,289.09,2.0,9,100500.0,9999999
59287,0,5920,23.9,17.49,260.0,179.0,28.92,291.96,2.0,8,100500.0,9999999
59287,0,5921,23.7,17.38,151.0,104.0,28.92,287.99,2.0,10,100500.0,9999999
59287,0,5922,24.0,17.93,27.0,27.0,28.92,288.9,2.0,9,100500.0,9999999
59287,0,5923,24.6,18.72,0.0,0.0,28.92,290.89,2.0,6,100500.0,9999999
59287,0,5924,25.2,19.42,0.0,0.0,28.92,290.36,0.0,0,100500.0,9999999
59287,0,5925,25.5,19.91,0.0,0.0,28.92,295.44,0.0,5,100500.0,9999999
59287,0,5926,25.4,20.03,0.0,0.0,28.92,287.06,0.0,14,100500.0,9999999
59287,0,5927,25.2,19.91,0.0,0.0,28.92,292.49,0.0,2,100500.0,9999999
59287,0,5928,24.9,19.54,0.0,0.0,28.92,293.2,0.0,4,100540.0,9999999
59287,0,5929,24.6,19.3,0.0,0.0,28.92,287.43,0.0,2,100540.0,9999999
59287,0,5930,24.4,18.95,0.0,0.0,28.92,289.99,0.0,0,100540.0,9999999
59287,0,5931,24.4,18.72,0.0,0.0,28.92,287.24,0.0,12,100540.0,9999999
59287,0,5932,24.6,18.72,0.0,0.0,28.92,292.85,0.0,8,100540.0,9999999
59287,0,5933,25.0,18.72,0.0,0.0,28.92,289.45,0.0,5,100540.0,9999999
59287,0,5934,25.6,18.84,0.0,0.0,28.92,289.99,0.0,13,100540.0,9999999
59287,0,5935,26.4,18.95,143.0,85.0,28.92,290.89,0.0,5,100540.0,9999999
59287,0,5936,27.4,19.19,118.0,118.0,28.92,291.79,1.0,3,100540.0,9999999
59287,0,5937,28.5,19.3,198.0,198.0,28.92,295.61,1.0,16,100540.0,9999999
59287,0,5938,29.7,19.3,872.0,519.0,28.92,296.8,1.0,6,100540.0,9999999
59287,0,5939,30.8,19.19,329.0,329.0,28.92,296.3,1.0,12,100540.0,9999999
59287,0,5940,31.7,19.07,359.0,359.0,28.92,294.24,1.0,6,100540.0,9999999
59287,0,5941,32.1,18.95,358.0,358.0,28.92,293.2,1.0,6,100540.0,9999999
59287,0,5942,31.7,18.49,324.0,324.0,28.92,294.24,2.0,7,100540.0,9999999
59287,0,5943,29.4,16.85,847.0,505.0,28.92,293.37,2.0,5,100540.0,9999999
59287,0,5944,26.1,14.88,189.0,189.0,28.92,293.55,2.0,13,100540.0,9999999
59287,0,5945,23.6,13.88,110.0,110.0,28.92,290.72,2.0,7,100540.0,9999999
59287,0,5946,22.9,14.42,119.0,71.0,28.92,287.62,2.0,9,100540.0,9999999
59287,0,5947,23.5,16.04,0.0,0.0,28.92,287.43,2.0,10,100540.0,9999999
59287,0,5948,24.2,17.71,0.0,0.0,28.92,285.37,1.0,7,100540.0,9999999
59287,0,5949,24.3,18.49,0.0,0.0,28.92,290.54,1.0,5,100540.0,9999999
59287,0,5950,24.0,18.61,0.0,0.0,28.92,286.68,1.0,10,100540.0,9999999
59287,0,5951,23.8,18.49,0.0,0.0,28.92,285.18,1.0,4,100540.0,9999999
59287,0,5952,23.9,18.61,0.0,0.0,28.92,290.18,1.0,15,100380.0,9999999
59287,0,5953,24.2,18.84,0.0,0.0,28.92,289.27,1.0,12,100380.0,9999999
59287,0,5954,24.5,19.07,0.0,0.0,28.92,288.35,0.0,0,100380.0,9999999
59287,0,5955,24.7,19.19,0.0,0.0,28.92,290.36,0.0,10,100380.0,9999999
59287,0,5956,24.9,19.3,0.0,0.0,28.92,291.96,0.0,15,100380.0,9999999
59287,0,5957,25.1,19.3,0.0,0.0,28.92,290.18,0.0,5,100380.0,9999999
59287,0,5958,25.5,19.42,0.0,0.0,28.92,288.35,0.0,7,100380.0,9999999
59287,0,5959,26.1,19.54,108.0,60.0,28.92,294.41,0.0,8,100380.0,9999999
59287,0,5960,27.0,19.91,290.0,161.0,28.92,288.54,2.0,1,100380.0,9999999
59287,0,5961,28.3,20.15,486.0,270.0,28.92,292.85,2.0,9,100380.0,9999999
59287,0,5962,29.7,20.4,282.0,282.0,28.92,296.97,2.0,9,100380.0,9999999
59287,0,5963,31.0,20.52,809.0,450.0,28.92,299.46,2.0,1,100380.0,9999999
59287,0,5964,32.0,20.27,373.0,373.0,28.92,299.14,2.0,1,100380.0,9999999
59287,0,5965,32.4,19.78,371.0,371.0,28.92,298.64,2.0,8,100380.0,9999999
59287,0,5966,31.7,18.84,796.0,442.0,28.92,295.96,1.0,7,100380.0,9999999
59287,0,5967,30.5,18.38,274.0,274.0,28.92,293.02,1.0,6,100380.0,9999999
59287,0,5968,29.3,18.26,196.0,196.0,28.92,293.55,1.0,12,100380.0,9999999
59287,0,5969,28.0,18.49,268.0,149.0,28.92,289.27,1.0,8,100380.0,9999999
59287,0,5970,26.8,18.84,38.0,38.0,28.92,288.17,1.0,7,100380.0,9999999
59287,0,5971,25.7,18.95,0.0,0.0,28.92,295.44,1.0,3,100380.0,9999999
59287,0,5972,24.8,19.07,0.0,0.0,28.92,289.27,0.0,0,100380.0,9999999
59287,0,5973,24.1,18.95,0.0,0.0,28.92,291.25,0.0,15,100380.0,9999999
59287,0,5974,23.9,18.84,0.0,0.0,28.92,293.72,0.0,8,100380.0,9999999
59287,0,5975,24.0,18.95,0.0,0.0,28.92,288.54,0.0,12,100380.0,9999999
59287,0,5976,24.3,19.07,0.0,0.0,28.92,289.45,0.0,3,100300.0,9999999
59287,0,5977,24.8,19.19,0.0,0.0,28.92,290.54,0.0,0,100300.0,9999999
59287,0,5978,25.4,19.3,0.0,0.0,28.92,291.07,1.0,5,100300.0,9999999
59287,0,5979,26.0,19.3,0.0,0.0,28.92,289.81,1.0,13,100300.0,9999999
59287,0,5980,26.6,19.42,0.0,0.0,28.92,292.85,1.0,11,100300.0,9999999
59287,0,5981,27.2,19.42,0.0,0.0,28.92,296.97,1.0,2,100300.0,9999999
59287,0,5982,27.6,19.3,0.0,0.0,28.92,294.76,1.0,6,100300.0,9999999
59287,0,5983,27.8,19.19,45.0,45.0,28.92,294.07,1.0,3,100300.0,9999999
59287,0,5984,27.8,19.07,120.0,120.0,28.92,292.14,1.0,5,100300.0,9999999
59287,0,5985,27.5,18.95,202.0,202.0,28.92,291.25,1.0,6,100300.0,9999999
59287,0,5986,27.1,18.95,279.0,279.0,28.92,293.2,1.0,6,100300.0,9999999
59287,0,5987,26.7,18.95,337.0,337.0,28.92,294.93,1.0,9,100300.0,9999999
59287,0,5988,26.5,19.19,368.0,368.0,28.92,287.99,1.0,1,100300.0,9999999
59287,0,5989,26.7,19.78,366.0,366.0,28.92,290.54,1.0,2,100300.0,9999999
59287,0,5990,27.5,20.65,332.0,332.0,28.92,292.85,1.0,3,100300.0,9999999
59287,0,5991,28.9,22.08,271.0,271.0,28.92,299.14,1.0,4,100300.0,9999999
59287,0,5992,30.2,23.32,193.0,193.0,28.92,296.97,1.0,6,100300.0,9999999
59287,0,5993,30.8,23.32,111.0,111.0,28.92,292.67,1.0,2,100300.0,9999999
59287,0,5994,30.3,21.95,37.0,37.0,28.92,294.41,1.0,13,100300.0,9999999
59287,0,5995,29.1,20.15,0.0,0.0,28.92,295.44,1.0,8,100300.0,9999999
59287,0,5996,27.9,18.72,0.0,0.0,28.92,294.93,1.0,5,100300.0,9999999
59287,0,5997,27.0,18.15,0.0,0.0,28.92,293.02,1.0,15,100300.0,9999999
59287,0,5998,26.4,18.38,0.0,0.0,28.92,289.99,1.0,14,100300.0,9999999
59287,0,5999,26.0,18.84,0.0,0.0,28.92,289.81,1.0,16,100300.0,9999999
59287,0,6000,25.8,19.42,0.0,0.0,28.92,289.63,1.0,12,100340.0,9999999
59287,0,6001,25.6,19.78,0.0,0.0,28.92,290.18,1.0,13,100340.0,9999999
59287,0,6002,25.4,19.66,0.0,0.0,28.92,290.54,0.0,0,100340.0,9999999
59287,0,6003,25.0,18.95,0.0,0.0,28.92,289.99,0.0,8,100340.0,9999999
59287,0,6004,24.6,17.93,0.0,0.0,28.92,288.17,0.0,1,100340.0,9999999
59287,0,6005,24.2,16.65,0.0,0.0,28.92,289.99,0.0,15,100340.0,9999999
59287,0,6006,24.1,15.64,0.0,0.0,28.92,287.24,0.0,8,100340.0,9999999
59287,0,6007,25.4,16.14,84.0,55.0,28.92,294.59,0.0,10,100340.0,9999999
59287,0,6008,28.0,18.15,229.0,149.0,28.92,292.14,2.0,5,100340.0,9999999
59287,0,6009,30.1,20.15,164.0,164.0,28.92,295.1,2.0,10,100340.0,9999999
59287,0,6010,31.3,21.68,227.0,227.0,28.92,297.81,2.0,9,100340.0,9999999
59287,0,6011,31.7,22.62,644.0,421.0,28.92,302.06,2.0,12,100340.0,9999999
59287,0,6012,31.1,22.49,300.0,300.0,28.92,296.63,2.0,6,100340.0,9999999
59287,0,6013,29.8,21.55,700.0,457.0,28.92,293.89,2.0,9,100340.0,9999999
59287,0,6014,28.4,20.27,270.0,270.0,28.92,298.47,1.0,11,100340.0,9999999
59287,0,6015,27.4,19.54,220.0,220.0,28.92,292.49,1.0,7,100340.0,9999999
59287,0,6016,26.8,19.19,368.0,240.0,28.92,293.89,1.0,12,100340.0,9999999
59287,0,6017,26.4,19.07,211.0,138.0,28.92,287.8,1.0,8,100340.0,9999999
59287,0,6018,26.3,19.19,29.0,29.0,28.92,290.72,1.0,9,100340.0,9999999
59287,0,6019,26.3,19.42,0.0,0.0,28.92,293.37,1.0,5,100340.0,9999999
59287,0,6020,26.3,19.66,0.0,0.0,28.92,291.96,1.0,3,100340.0,9999999
59287,0,6021,26.2,19.91,0.0,0.0,28.92,294.59,1.0,2,100340.0,9999999
59287,0,6022,26.0,20.15,0.0,0.0,28.92,288.9,1.0,16,100340.0,9999999
59287,0,6023,25.8,20.15,0.0,0.0,28.92,288.72,1.0,8,100340.0,9999999
59287,0,6024,25.5,20.03,0.0,0.0,28.92,295.44,1.0,4,100410.0,9999999
59287,0,6025,25.2,19.78,0.0,0.0,28.92,291.61,1.0,13,100410.0,9999999
59287,0,6026,24.8,19.42,0.0,0.0,28.92,287.62,0.0,0,100410.0,9999999
59287,0,6027,24.4,18.84,0.0,0.0,28.92,292.67,0.0,7,100410.0,9999999
59287,0,6028,24.1,18.15,0.0,0.0,28.92,289.09,0.0,3,100410.0,9999999
59287,0,6029,23.9,17.38,0.0,0.0,28.92,288.17,0.0,6,100410.0,9999999
59287,0,6030,23.8,16.75,0.0,0.0,28.92,293.2,0.0,16,100410.0,9999999
59287,0,6031,25.2,17.28,100.0,35.0,28.92,291.96,0.0,4,100410.0,9999999
59287,0,6032,27.8,19.07,276.0,98.0,28.92,292.85,2.0,1,100410.0,9999999
59287,0,6033,29.8,20.03,466.0,165.0,28.92,298.14,2.0,3,100410.0,9999999
59287,0,6034,31.0,19.78,378.0,378.0,28.92,299.3,2.0,6,100410.0,9999999
59287,0,6035,31.7,18.95,458.0,458.0,28.92,299.79,2.0,6,100410.0,9999999
59287,0,6036,32.1,17.93,501.0,501.0,28.92,301.58,2.0,3,100410.0,9999999
59287,0,6037,32.5,17.17,848.0,300.0,28.92,294.59,2.0,13,100410.0,9999999
59287,0,6038,33.1,17.06,767.0,272.0,28.92,296.3,2.0,4,100410.0,9999999
59287,0,6039,33.7,17.71,947.0,228.0,28.92,300.28,2.0,11,100410.0,9999999
59287,0,6040,33.4,18.15,674.0,162.0,28.92,299.3,2.0,5,100410.0,9999999
59287,0,6041,32.7,18.49,255.0,90.0,28.92,302.38,2.0,16,100410.0,9999999
59287,0,6042,31.8,18.72,82.0,29.0,28.92,295.27,2.0,4,100410.0,9999999
59287,0,6043,30.7,18.95,0.0,0.0,28.92,294.93,2.0,10,100410.0,9999999
59287,0,6044,29.7,19.19,0.0,0.0,28.92,294.59,1.0,9,100410.0,9999999
59287,0,6045,28.9,19.54,0.0,0.0,28.92,297.14,1.0,2,100410.0,9999999
59287,0,6046,28.2,19.91,0.0,0.0,28.92,291.07,1.0,2,100410.0,9999999
59287,0,6047,27.7,20.15,0.0,0.0,28.92,296.13,1.0,16,100410.0,9999999
59287,0,6048,27.3,20.4,0.0,0.0,28.92,291.25,1.0,11,100310.0,9999999
59287,0,6049,26.9,20.4,0.0,0.0,28.92,290.89,1.0,8,100310.0,9999999
59287,0,6050,26.5,20.15,0.0,0.0,28.92,294.93,0.0,0,100310.0,9999999
59287,0,6051,26.1,19.66,0.0,0.0,28.92,290.54,0.0,12,100310.0,9999999
59287,0,6052,25.6,18.95,0.0,0.0,28.92,288.35,0.0,2,100310.0,9999999
59287,0,6053,25.3,18.26,0.0,0.0,28.92,286.68,0.0,4,100310.0,9999999
59287,0,6054,25.2,17.71,0.0,0.0,28.92,291.96,0.0,9,100310.0,9999999
59287,0,6055,26.2,18.15,116.0,60.0,28.92,288.9,0.0,5,100310.0,9999999
59287,0,6056,28.2,19.54,321.0,166.0,28.92,291.96,1.0,15,100310.0,9999999
59287,0,6057,29.7,20.4,544.0,281.0,28.92,294.93,1.0,12,100310.0,9999999
59287,0,6058,30.6,20.4,304.0,304.0,28.92,295.1,1.0,10,100310.0,9999999
59287,0,6059,31.2,20.15,369.0,369.0,28.92,292.49,1.0,8,100310.0,9999999
59287,0,6060,31.7,19.78,403.0,403.0,28.92,299.96,1.0,12,100310.0,9999999
59287,0,6061,32.3,19.91,993.0,513.0,28.92,296.8,1.0,11,100310.0,9999999
59287,0,6062,33.4,20.78,363.0,363.0,28.92,296.3,1.0,13,100310.0,9999999
59287,0,6063,34.4,22.08,731.0,378.0,28.92,303.01,1.0,11,100310.0,9999999
59287,0,6064,34.1,22.08,210.0,210.0,28.92,302.7,1.0,14,100310.0,9999999
59287,0,6065,33.3,21.55,120.0,120.0,28.92,301.9,1.0,8,100310.0,9999999
59287,0,6066,32.2,21.03,95.0,49.0,28.92,297.31,1.0,10,100310.0,9999999
59287,0,6067,30.9,20.27,0.0,0.0,28.92,299.3,1.0,4,100310.0,9999999
59287,0,6068,29.8,19.54,0.0,0.0,28.92,299.63,2.0,16,100310.0,9999999
59287,0,6069,28.9,19.07,0.0,0.0,28.92,295.1,2.0,11,100310.0,9999999
59287,0,6070,28.2,18.84,0.0,0.0,28.92,297.98,2.0,16,100310.0,9999999
59287,0,6071,27.7,18.49,0.0,0.0,28.92,294.59,2.0,16,100310.0,9999999
59287,0,6072,27.3,18.26,0.0,0.0,28.92,292.67,2.0,12,100280.0,9999999
59287,0,6073,26.8,17.93,0.0,0.0,28.92,294.76,2.0,15,100280.0,9999999
59287,0,6074,26.3,17.49,0.0,0.0,28.92,288.72,2.0,16,100280.0,9999999
59287,0,6075,25.7,16.85,0.0,0.0,28.92,291.43,2.0,8,100280.0,9999999
59287,0,6076,25.1,16.14,0.0,0.0,28.92,288.17,2.0,1,100280.0,9999999
59287,0,6077,24.6,15.54,0.0,0.0,28.92,285.37,2.0,2,100280.0,9999999
59287,0,6078,24.4,14.97,0.0,0.0,28.92,290.72,2.0,7,100280.0,9999999
59287,0,6079,25.1,15.16,101.0,29.0,28.92,285.74,2.0,6,100280.0,9999999
59287,0,6080,26.4,15.74,167.0,167.0,28.92,290.72,2.0,16,100280.0,9999999
59287,0,6081,27.6,16.04,283.0,283.0,28.92,291.43,2.0,15,100280.0,9999999
59287,0,6082,28.6,15.94,668.0,193.0,28.92,293.02,2.0,2,100280.0,9999999
59287,0,6083,29.6,15.74,880.0,171.0,28.92,292.49,2.0,7,100280.0,9999999
59287,0,6084,30.4,15.45,962.0,187.0,28.92,290.89,2.0,8,100280.0,9999999
59287,0,6085,31.4,15.35,957.0,186.0,28.92,295.44,2.0,6,100280.0,9999999
59287,0,6086,32.4,15.84,866.0,168.0,28.92,298.64,3.0,13,100280.0,9999999
59287,0,6087,33.2,16.54,649.0,187.0,28.92,298.64,3.0,9,100280.0,9999999
59287,0,6088,32.9,16.65,270.0,270.0,28.92,302.06,3.0,12,100280.0,9999999
59287,0,6089,32.1,16.65,262.0,76.0,28.92,296.97,3.0,1,100280.0,9999999
59287,0,6090,31.0,16.54,89.0,17.0,28.92,297.31,3.0,8,100280.0,9999999
59287,0,6091,29.7,16.34,0.0,0.0,28.92,293.55,3.0,7,100280.0,9999999
59287,0,6092,28.6,16.24,0.0,0.0,28.92,296.13,2.0,1,100280.0,9999999
59287,0,6093,27.7,16.24,0.0,0.0,28.92,294.24,2.0,1,100280.0,9999999
59287,0,6094,27.1,16.24,0.0,0.0,28.92,290.18,2.0,8,100280.0,9999999
59287,0,6095,26.6,16.34,0.0,0.0,28.92,291.07,2.0,15,100280.0,9999999
59287,0,6096,26.2,16.44,0.0,0.0,28.92,295.44,2.0,1,100350.0,9999999
59287,0,6097,25.8,16.34,0.0,0.0,28.92,286.68,2.0,11,100350.0,9999999
59287,0,6098,25.4,16.14,0.0,0.0,28.92,294.59,1.0,15,100350.0,9999999
59287,0,6099,24.9,15.64,0.0,0.0,28.92,291.25,1.0,11,100350.0,9999999
59287,0,6100,24.5,15.06,0.0,0.0,28.92,285.18,1.0,10,100350.0,9999999
59287,0,6101,24.1,14.33,0.0,0.0,28.92,287.62,1.0,8,100350.0,9999999
59287,0,6102,24.0,13.79,0.0,0.0,28.92,291.07,1.0,2,100350.0,9999999
59287,0,6103,25.0,14.06,98.0,29.0,28.92,293.72,1.0,12,100350.0,9999999
59287,0,6104,27.0,14.97,301.0,59.0,28.92,291.61,2.0,1,100350.0,9999999
59287,0,6105,28.8,15.54,474.0,139.0,28.92,294.24,2.0,14,100350.0,9999999
59287,0,6106,30.1,15.64,710.0,140.0,28.92,293.72,2.0,4,100350.0,9999999
59287,0,6107,31.1,15.35,862.0,170.0,28.92,297.31,2.0,1,100350.0,9999999
59287,0,6108,31.8,15.06,873.0,255.0,28.92,294.41,2.0,11,100350.0,9999999
59287,0,6109,32.3,14.78,510.0,510.0,28.92,296.8,2.0,15,100350.0,9999999
59287,0,6110,32.8,14.88,785.0,230.0,28.92,298.81,1.0,5,100350.0,9999999
59287,0,6111,33.1,15.45,689.0,136.0,28.92,297.64,1.0,4,100350.0,9999999
59287,0,6112,32.8,15.84,452.0,132.0,28.92,296.3,1.0,2,100350.0,9999999
59287,0,6113,31.9,16.04,277.0,55.0,28.92,295.61,1.0,10,100350.0,9999999
59287,0,6114,30.8,16.14,80.0,23.0,28.92,298.31,1.0,2,100350.0,9999999
59287,0,6115,29.5,16.14,0.0,0.0,28.92,293.89,1.0,5,100350.0,9999999
59287,0,6116,28.4,16.04,0.0,0.0,28.92,291.43,1.0,2,100350.0,9999999
59287,0,6117,27.5,16.04,0.0,0.0,28.92,289.63,1.0,12,100350.0,9999999
59287,0,6118,26.8,16.04,0.0,0.0,28.92,291.79,1.0,13,100350.0,9999999
59287,0,6119,26.4,16.14,0.0,0.0,28.92,290.18,1.0,11,100350.0,9999999
59287,0,6120,26.0,16.24,0.0,0.0,28.92,286.87,1.0,3,100460.0,9999999
59287,0,6121,25.7,16.34,0.0,0.0,28.92,287.99,1.0,1,100460.0,9999999
59287,0,6122,25.4,16.34,0.0,0.0,28.92,288.54,0.0,0,100460.0,9999999
59287,0,6123,25.1,16.24,0.0,0.0,28.92,285.93,0.0,11,100460.0,9999999
59287,0,6124,24.7,16.14,0.0,0.0,28.92,285.55,0.0,4,100460.0,9999999
59287,0,6125,24.5,15.94,0.0,0.0,28.92,292.14,0.0,2,100460.0,9999999
59287,0,6126,24.4,15.74,0.0,0.0,28.92,288.17,0.0,3,100460.0,9999999
59287,0,6127,25.3,16.34,146.0,72.0,28.92,288.54,0.0,12,100460.0,9999999
59287,0,6128,27.0,17.49,136.0,136.0,28.92,293.72,1.0,5,100460.0,9999999
59287,0,6129,28.5,18.15,233.0,233.0,28.92,296.46,1.0,10,100460.0,9999999
59287,0,6130,29.5,18.15,323.0,323.0,28.92,290.54,1.0,4,100460.0,9999999
59287,0,6131,30.4,17.82,1173.0,580.0,28.92,296.3,1.0,15,100460.0,9999999
59287,0,6132,31.1,17.38,429.0,429.0,28.92,298.97,1.0,12,100460.0,9999999
59287,0,6133,31.9,17.28,427.0,427.0,28.92,292.67,1.0,2,100460.0,9999999
59287,0,6134,32.9,17.93,386.0,386.0,28.92,300.77,2.0,5,100460.0,9999999
59287,0,6135,33.7,18.95,314.0,314.0,28.92,303.33,2.0,8,100460.0,9999999
59287,0,6136,33.4,19.42,681.0,336.0,28.92,297.64,2.0,8,100460.0,9999999
59287,0,6137,32.5,19.66,385.0,190.0,28.92,300.77,2.0,6,100460.0,9999999
59287,0,6138,31.3,19.66,38.0,38.0,28.92,294.93,2.0,6,100460.0,9999999
59287,0,6139,30.1,19.42,0.0,0.0,28.92,294.41,2.0,5,100460.0,9999999
59287,0,6140,29.0,19.19,0.0,0.0,28.92,292.67,1.0,4,100460.0,9999999
59287,0,6141,28.2,19.07,0.0,0.0,28.92,296.46,1.0,4,100460.0,9999999
59287,0,6142,27.8,18.95,0.0,0.0,28.92,290.54,1.0,9,100460.0,9999999
59287,0,6143,27.6,18.95,0.0,0.0,28.92,292.49,1.0,10,100460.0,9999999
59287,0,6144,27.5,18.95,0.0,0.0,28.92,293.55,1.0,11,100430.0,9999999
59287,0,6145,27.4,18.95,0.0,0.0,28.92,293.55,1.0,4,100430.0,9999999
59287,0,6146,27.3,18.84,0.0,0.0,28.92,289.99,1.0,3,100430.0,9999999
59287,0,6147,27.1,18.49,0.0,0.0,28.92,292.49,1.0,6,100430.0,9999999
59287,0,6148,26.9,18.15,0.0,0.0,28.92,293.72,1.0,6,100430.0,9999999
59287,0,6149,26.8,17.93,0.0,0.0,28.92,287.99,1.0,6,100430.0,9999999
59287,0,6150,26.8,17.82,0.0,0.0,28.92,291.07,1.0,15,100430.0,9999999
59287,0,6151,27.2,17.93,85.0,53.0,28.92,291.43,1.0,8,100430.0,9999999
59287,0,6152,28.0,18.38,102.0,102.0,28.92,296.13,2.0,3,100430.0,9999999
59287,0,6153,29.2,19.19,175.0,175.0,28.92,294.76,2.0,1,100430.0,9999999
59287,0,6154,30.6,20.03,586.0,364.0,28.92,293.37,2.0,11,100430.0,9999999
59287,0,6155,31.6,20.65,296.0,296.0,28.92,296.63,2.0,13,100430.0,9999999
59287,0,6156,31.8,20.4,780.0,484.0,28.92,301.74,2.0,4,100430.0,9999999
59287,0,6157,31.0,19.3,322.0,322.0,28.92,295.96,2.0,9,100430.0,9999999
59287,0,6158,29.6,18.04,291.0,291.0,28.92,297.47,3.0,6,100430.0,9999999
59287,0,6159,28.0,16.96,569.0,353.0,28.92,293.2,3.0,16,100430.0,9999999
59287,0,6160,26.6,16.44,167.0,167.0,28.92,291.07,3.0,11,100430.0,9999999
59287,0,6161,25.5,16.34,227.0,141.0,28.92,289.45,3.0,7,100430.0,9999999
59287,0,6162,25.0,16.75,68.0,42.0,28.92,288.35,3.0,8,100430.0,9999999
59287,0,6163,25.2,17.82,0.0,0.0,28.92,286.31,3.0,10,100430.0,9999999
59287,0,6164,25.6,19.07,0.0,0.0,28.92,295.44,2.0,5,100430.0,9999999
59287,0,6165,25.8,19.91,0.0,0.0,28.92,291.43,2.0,5,100430.0,9999999
59287,0,6166,25.7,20.03,0.0,0.0,28.92,289.63,2.0,6,100430.0,9999999
59287,0,6167,25.4,19.78,0.0,0.0,28.92,291.07,2.0,4,100430.0,9999999
59287,0,6168,25.0,19.42,0.0,0.0,28.92,286.5,2.0,7,100380.0,9999999
59287,0,6169,24.6,18.84,0.0,0.0,28.92,291.61,2.0,8,100380.0,9999999
59287,0,6170,24.2,18.38,0.0,0.0,28.92,292.32,3.0,5,100380.0,9999999
59287,0,6171,23.9,17.93,0.0,0.0,28.92,289.27,3.0,15,100380.0,9999999
59287,0,6172,23.7,17.82,0.0,0.0,28.92,286.31,3.0,11,100380.0,9999999
59287,0,6173,23.6,17.71,0.0,0.0,28.92,288.54,3.0,2,100380.0,9999999
59287,0,6174,23.6,17.6,0.0,0.0,28.92,288.35,3.0,13,100380.0,9999999
59287,0,6175,23.8,17.93,2.0,2.0,28.92,289.81,3.0,4,100380.0,9999999
59287,0,6176,24.2,18.38,7.0,7.0,28.92,292.32,2.0,5,100380.0,9999999
59287,0,6177,24.5,18.72,12.0,12.0,28.92,289.45,2.0,10,100380.0,9999999
59287,0,6178,24.8,18.95,17.0,17.0,28.92,289.27,2.0,7,100380.0,9999999
59287,0,6179,25.0,19.07,21.0,21.0,28.92,288.72,2.0,6,100380.0,9999999
59287,0,6180,25.2,19.3,23.0,23.0,28.92,288.9,2.0,4,100380.0,9999999
59287,0,6181,25.4,19.42,23.0,23.0,28.92,292.49,2.0,9,100380.0,9999999
59287,0,6182,25.6,19.78,21.0,21.0,28.92,295.44,2.0,7,100380.0,9999999
59287,0,6183,25.8,20.03,17.0,17.0,28.92,291.07,2.0,1,100380.0,9999999
59287,0,6184,25.7,20.03,12.0,12.0,28.92,294.07,2.0,11,100380.0,9999999
59287,0,6185,25.5,19.78,7.0,7.0,28.92,291.96,2.0,4,100380.0,9999999
59287,0,6186,25.2,19.54,2.0,2.0,28.92,291.61,2.0,1,100380.0,9999999
59287,0,6187,24.9,19.19,0.0,0.0,28.92,293.2,2.0,15,100380.0,9999999
59287,0,6188,24.6,18.72,0.0,0.0,28.92,291.61,1.0,7,100380.0,9999999
59287,0,6189,24.3,18.38,0.0,0.0,28.92,287.06,1.0,16,100380.0,9999999
59287,0,6190,24.2,18.15,0.0,0.0,28.92,291.07,1.0,8,100380.0,9999999
59287,0,6191,24.2,18.04,0.0,0.0,28.92,288.54,1.0,12,100380.0,9999999
59287,0,6192,24.4,18.04,0.0,0.0,28.92,287.06,1.0,4,100470.0,9999999
59287,0,6193,24.5,18.15,0.0,0.0,28.92,285.74,1.0,16,100470.0,9999999
59287,0,6194,24.7,18.26,0.0,0.0,28.92,289.63,2.0,5,100470.0,9999999
59287,0,6195,24.9,18.49,0.0,0.0,28.92,291.07,2.0,9,100470.0,9999999
59287,0,6196,25.0,18.72,0.0,0.0,28.92,288.72,2.0,3,100470.0,9999999
59287,0,6197,25.1,18.95,0.0,0.0,28.92,288.9,2.0,3,100470.0,9999999
59287,0,6198,25.1,19.07,0.0,0.0,28.92,290.72,2.0,10,100470.0,9999999
59287,0,6199,25.1,19.19,7.0,7.0,28.92,290.18,2.0,3,100470.0,9999999
59287,0,6200,25.0,19.19,21.0,21.0,28.92,290.72,3.0,5,100470.0,9999999
59287,0,6201,24.8,19.19,36.0,36.0,28.92,287.62,3.0,2,100470.0,9999999
59287,0,6202,24.6,18.95,50.0,50.0,28.92,287.43,3.0,16,100470.0,9999999
59287,0,6203,24.5,18.84,61.0,61.0,28.92,288.9,3.0,14,100470.0,9999999
59287,0,6204,24.5,18.95,66.0,66.0,28.92,294.24,3.0,13,100470.0,9999999
59287,0,6205,24.7,19.19,66.0,66.0,28.92,290.89,3.0,11,100470.0,9999999
59287,0,6206,25.2,19.91,60.0,60.0,28.92,290.36,2.0,11,100470.0,9999999
59287,0,6207,26.0,20.9,48.0,48.0,28.92,290.18,2.0,15,100470.0,9999999
59287,0,6208,26.8,21.95,34.0,34.0,28.92,291.79,2.0,2,100470.0,9999999
59287,0,6209,27.2,22.49,19.0,19.0,28.92,292.14,2.0,11,100470.0,9999999
59287,0,6210,26.9,22.08,6.0,6.0,28.92,292.49,2.0,7,100470.0,9999999
59287,0,6211,26.3,21.16,0.0,0.0,28.92,294.93,2.0,6,100470.0,9999999
59287,0,6212,25.7,20.27,0.0,0.0,28.92,294.24,2.0,6,100470.0,9999999
59287,0,6213,25.4,19.78,0.0,0.0,28.92,292.49,2.0,1,100470.0,9999999
59287,0,6214,25.2,19.42,0.0,0.0,28.92,290.89,2.0,16,100470.0,9999999
59287,0,6215,25.3,19.42,0.0,0.0,28.92,292.49,2.0,12,100470.0,9999999
59287,0,6216,25.4,19.42,0.0,0.0,28.92,286.87,2.0,4,100590.0,9999999
59287,0,6217,25.5,19.42,0.0,0.0,28.92,289.99,2.0,1,100590.0,9999999
59287,0,6218,25.5,19.42,0.0,0.0,28.92,291.07,2.0,5,100590.0,9999999
59287,0,6219,25.3,19.3,0.0,0.0,28.92,289.09,2.0,14,100590.0,9999999
59287,0,6220,25.0,19.07,0.0,0.0,28.92,287.8,2.0,1,100590.0,9999999
59287,0,6221,24.8,18.84,0.0,0.0,28.92,290.36,2.0,5,100590.0,9999999
59287,0,6222,24.7,18.61,0.0,0.0,28.92,289.63,2.0,7,100590.0,9999999
59287,0,6223,25.3,19.07,99.0,45.0,28.92,291.61,2.0,14,100590.0,9999999
59287,0,6224,26.5,19.91,297.0,136.0,28.92,291.61,2.0,7,100590.0,9999999
59287,0,6225,27.5,20.27,239.0,239.0,28.92,294.76,2.0,10,100590.0,9999999
59287,0,6226,28.3,20.15,333.0,333.0,28.92,295.44,2.0,4,100590.0,9999999
59287,0,6227,29.0,19.66,406.0,406.0,28.92,293.37,2.0,5,100590.0,9999999
59287,0,6228,29.7,19.07,955.0,437.0,28.92,295.1,2.0,3,100590.0,9999999
59287,0,6229,30.5,18.72,950.0,435.0,28.92,300.12,2.0,10,100590.0,9999999
59287,0,6230,31.6,19.07,399.0,399.0,28.92,301.25,3.0,8,100590.0,9999999
59287,0,6231,32.5,19.54,694.0,318.0,28.92,298.64,3.0,5,100590.0,9999999
59287,0,6232,32.2,19.19,227.0,227.0,28.92,301.9,3.0,14,100590.0,9999999
59287,0,6233,31.5,18.72,273.0,125.0,28.92,298.31,3.0,8,100590.0,9999999
59287,0,6234,30.4,18.26,36.0,36.0,28.92,299.96,3.0,16,100590.0,9999999
59287,0,6235,29.3,17.93,0.0,0.0,28.92,295.27,3.0,13,100590.0,9999999
59287,0,6236,28.2,17.82,0.0,0.0,28.92,294.93,2.0,7,100590.0,9999999
59287,0,6237,27.3,17.93,0.0,0.0,28.92,289.81,2.0,11,100590.0,9999999
59287,0,6238,26.7,18.26,0.0,0.0,28.92,293.55,2.0,8,100590.0,9999999
59287,0,6239,26.2,18.72,0.0,0.0,28.92,292.32,2.0,5,100590.0,9999999
59287,0,6240,25.8,19.19,0.0,0.0,28.92,288.54,2.0,2,100530.0,9999999
59287,0,6241,25.5,19.42,0.0,0.0,28.92,289.27,2.0,5,100530.0,9999999
59287,0,6242,25.2,19.54,0.0,0.0,28.92,289.81,0.0,0,100530.0,9999999
59287,0,6243,24.9,19.3,0.0,0.0,28.92,288.72,0.0,3,100530.0,9999999
59287,0,6244,24.7,18.84,0.0,0.0,28.92,289.63,0.0,15,100530.0,9999999
59287,0,6245,24.5,18.15,0.0,0.0,28.92,294.07,0.0,13,100530.0,9999999
59287,0,6246,24.4,17.49,0.0,0.0,28.92,293.89,0.0,11,100530.0,9999999
59287,0,6247,25.6,18.04,132.0,74.0,28.92,291.61,0.0,3,100530.0,9999999
59287,0,6248,27.8,19.54,403.0,224.0,28.92,297.64,0.0,0,100530.0,9999999
59287,0,6249,29.3,20.15,699.0,389.0,28.92,295.61,0.0,3,100530.0,9999999
59287,0,6250,30.0,19.78,289.0,289.0,28.92,295.1,0.0,0,100530.0,9999999
59287,0,6251,30.3,18.95,352.0,352.0,28.92,295.27,0.0,12,100530.0,9999999
59287,0,6252,30.6,18.15,385.0,385.0,28.92,300.12,0.0,12,100530.0,9999999
59287,0,6253,31.2,18.15,383.0,383.0,28.92,293.55,0.0,13,100530.0,9999999
59287,0,6254,32.4,19.3,346.0,346.0,28.92,296.63,1.0,3,100530.0,9999999
59287,0,6255,33.7,21.16,280.0,280.0,28.92,299.46,1.0,14,100530.0,9999999
59287,0,6256,33.3,21.68,665.0,370.0,28.92,297.31,1.0,2,100530.0,9999999
59287,0,6257,32.2,21.55,109.0,109.0,28.92,296.13,1.0,9,100530.0,9999999
59287,0,6258,30.8,21.03,105.0,58.0,28.92,300.93,1.0,14,100530.0,9999999
59287,0,6259,29.2,20.27,0.0,0.0,28.92,294.93,1.0,9,100530.0,9999999
59287,0,6260,27.8,19.54,0.0,0.0,28.92,294.93,2.0,3,100530.0,9999999
59287,0,6261,26.8,19.07,0.0,0.0,28.92,296.63,2.0,3,100530.0,9999999
59287,0,6262,26.1,18.72,0.0,0.0,28.92,287.43,2.0,16,100530.0,9999999
59287,0,6263,25.7,18.61,0.0,0.0,28.92,292.67,2.0,7,100530.0,9999999
59287,0,6264,25.5,18.49,0.0,0.0,28.92,289.09,2.0,1,100360.0,9999999
59287,0,6265,25.3,18.49,0.0,0.0,28.92,289.63,2.0,14,100360.0,9999999
59287,0,6266,25.2,18.38,0.0,0.0,28.92,293.37,0.0,0,100360.0,9999999
59287,0,6267,25.0,18.26,0.0,0.0,28.92,289.99,0.0,2,100360.0,9999999
59287,0,6268,24.8,18.15,0.0,0.0,28.92,291.79,0.0,8,100360.0,9999999
59287,0,6269,24.7,17.82,0.0,0.0,28.92,294.24,0.0,1,100360.0,9999999
59287,0,6270,24.6,17.6,0.0,0.0,28.92,292.49,0.0,9,100360.0,9999999
59287,0,6271,25.5,18.26,123.0,45.0,28.92,291.61,0.0,12,100360.0,9999999
59287,0,6272,27.4,19.66,158.0,158.0,28.92,294.59,0.0,0,100360.0,9999999
59287,0,6273,29.0,20.4,662.0,239.0,28.92,294.76,0.0,16,100360.0,9999999
59287,0,6274,30.2,20.4,384.0,384.0,28.92,295.27,0.0,10,100360.0,9999999
59287,0,6275,31.1,20.03,469.0,469.0,28.92,298.31,0.0,15,100360.0,9999999
59287,0,6276,32.0,19.54,1236.0,447.0,28.92,300.28,0.0,8,100360.0,9999999
59287,0,6277,33.0,19.3,511.0,511.0,28.92,299.96,0.0,5,100360.0,9999999
59287,0,6278,34.2,20.03,1110.0,401.0,28.92,297.81,3.0,13,100360.0,9999999
59287,0,6279,35.2,21.16,373.0,373.0,28.92,297.98,3.0,5,100360.0,9999999
59287,0,6280,34.8,21.29,261.0,261.0,28.92,297.64,3.0,1,100360.0,9999999
59287,0,6281,33.8,21.16,145.0,145.0,28.92,299.46,3.0,10,100360.0,9999999
59287,0,6282,32.4,20.78,97.0,35.0,28.92,300.77,3.0,15,100360.0,9999999
59287,0,6283,30.9,20.27,0.0,0.0,28.92,295.44,3.0,6,100360.0,9999999
59287,0,6284,29.6,19.91,0.0,0.0,28.92,295.96,0.0,0,100360.0,9999999
59287,0,6285,28.7,19.78,0.0,0.0,28.92,298.64,0.0,10,100360.0,9999999
59287,0,6286,28.1,19.91,0.0,0.0,28.92,293.89,0.0,13,100360.0,9999999
59287,0,6287,27.9,20.15,0.0,0.0,28.92,296.3,0.0,11,100360.0,9999999
59287,0,6288,27.7,20.4,0.0,0.0,28.92,290.72,0.0,1,100400.0,9999999
59287,0,6289,27.6,20.52,0.0,0.0,28.92,291.61,0.0,0,100400.0,9999999
59287,0,6290,27.4,20.52,0.0,0.0,28.92,292.14,0.0,0,100400.0,9999999
59287,0,6291,27.1,20.27,0.0,0.0,28.92,294.41,0.0,10,100400.0,9999999
59287,0,6292,26.7,19.91,0.0,0.0,28.92,288.17,0.0,13,100400.0,9999999
59287,0,6293,26.4,19.42,0.0,0.0,28.92,294.76,0.0,9,100400.0,9999999
59287,0,6294,26.3,19.07,0.0,0.0,28.92,289.99,0.0,12,100400.0,9999999
59287,0,6295,27.3,19.78,117.0,43.0,28.92,293.02,0.0,15,100400.0,9999999
59287,0,6296,29.2,21.29,366.0,134.0,28.92,295.1,2.0,13,100400.0,9999999
59287,0,6297,30.5,21.95,271.0,271.0,28.92,299.14,2.0,10,100400.0,9999999
59287,0,6298,31.2,21.55,894.0,328.0,28.92,297.14,2.0,14,100400.0,9999999
59287,0,6299,31.6,20.65,463.0,463.0,28.92,296.8,2.0,12,100400.0,9999999
59287,0,6300,32.0,19.91,1195.0,439.0,28.92,298.31,2.0,2,100400.0,9999999
59287,0,6301,32.8,19.66,504.0,504.0,28.92,299.79,2.0,16,100400.0,9999999
59287,0,6302,34.2,20.65,455.0,455.0,28.92,298.64,1.0,15,100400.0,9999999
59287,0,6303,35.6,22.21,367.0,367.0,28.92,297.14,1.0,8,100400.0,9999999
59287,0,6304,35.1,22.08,607.0,223.0,28.92,298.14,1.0,10,100400.0,9999999
59287,0,6305,34.0,21.42,142.0,142.0,28.92,304.12,1.0,6,100400.0,9999999
59287,0,6306,32.4,20.4,91.0,34.0,28.92,298.64,1.0,4,100400.0,9999999
59287,0,6307,30.7,19.3,0.0,0.0,28.92,293.37,1.0,14,100400.0,9999999
59287,0,6308,29.3,18.49,0.0,0.0,28.92,297.31,2.0,2,100400.0,9999999
59287,0,6309,28.3,18.04,0.0,0.0,28.92,291.79,2.0,16,100400.0,9999999
59287,0,6310,27.8,17.93,0.0,0.0,28.92,288.9,2.0,6,100400.0,9999999
59287,0,6311,27.5,17.93,0.0,0.0,28.92,295.44,2.0,13,100400.0,9999999
59287,0,6312,27.3,18.15,0.0,0.0,28.92,294.24,2.0,14,100630.0,9999999
59287,0,6313,27.2,18.26,0.0,0.0,28.92,288.35,2.0,9,100630.0,9999999
59287,0,6314,27.0,18.26,0.0,0.0,28.92,296.63,2.0,2,100630.0,9999999
59287,0,6315,26.6,17.93,0.0,0.0,28.92,291.96,2.0,3,100630.0,9999999
59287,0,6316,26.1,17.6,0.0,0.0,28.92,291.43,2.0,12,100630.0,9999999
59287,0,6317,25.7,17.17,0.0,0.0,28.92,291.61,2.0,3,100630.0,9999999
59287,0,6318,25.5,16.85,0.0,0.0,28.92,287.8,2.0,12,100630.0,9999999
59287,0,6319,25.5,16.75,65.0,40.0,28.92,288.9,2.0,3,100630.0,9999999
59287,0,6320,26.1,17.06,96.0,96.0,28.92,287.06,2.0,13,100630.0,9999999
59287,0,6321,27.2,17.6,363.0,222.0,28.92,289.63,2.0,9,100630.0,9999999
59287,0,6322,28.5,18.38,236.0,236.0,28.92,294.59,2.0,2,100630.0,9999999
59287,0,6323,29.8,19.07,288.0,288.0,28.92,296.8,2.0,11,100630.0,9999999
59287,0,6324,30.6,19.19,681.0,418.0,28.92,291.79,2.0,10,100630.0,9999999
59287,0,6325,30.7,18.72,677.0,415.0,28.92,291.79,2.0,9,100630.0,9999999
59287,0,6326,29.9,17.49,283.0,283.0,28.92,296.63,2.0,15,100630.0,9999999
59287,0,6327,28.8,16.34,493.0,302.0,28.92,289.45,2.0,11,100630.0,9999999
59287,0,6328,27.6,15.45,345.0,211.0,28.92,290.54,2.0,3,100630.0,9999999
59287,0,6329,26.5,14.88,88.0,88.0,28.92,288.35,2.0,6,100630.0,9999999
59287,0,6330,25.8,14.6,24.0,24.0,28.92,291.96,2.0,5,100630.0,9999999
59287,0,6331,25.6,14.78,0.0,0.0,28.92,290.89,2.0,14,100630.0,9999999
59287,0,6332,25.9,15.35,0.0,0.0,28.92,287.8,3.0,3,100630.0,9999999
59287,0,6333,26.0,15.54,0.0,0.0,28.92,293.55,3.0,2,100630.0,9999999
59287,0,6334,25.8,15.35,0.0,0.0,28.92,290.72,3.0,9,100630.0,9999999
59287,0,6335,25.4,14.97,0.0,0.0,28.92,290.72,3.0,1,100630.0,9999999
59287,0,6336,24.9,14.42,0.0,0.0,28.92,293.72,3.0,12,100730.0,9999999
59287,0,6337,24.3,13.79,0.0,0.0,28.92,285.93,3.0,2,100730.0,9999999
59287,0,6338,23.8,13.28,0.0,0.0,28.92,288.72,3.0,2,100730.0,9999999
59287,0,6339,23.4,12.94,0.0,0.0,28.92,287.62,3.0,8,100730.0,9999999
59287,0,6340,23.0,12.7,0.0,0.0,28.92,283.06,3.0,11,100730.0,9999999
59287,0,6341,22.9,12.62,0.0,0.0,28.92,285.93,3.0,10,100730.0,9999999
59287,0,6342,22.8,12.54,0.0,0.0,28.92,285.93,3.0,3,100730.0,9999999
59287,0,6343,23.0,12.7,70.0,42.0,28.92,288.72,3.0,6,100730.0,9999999
59287,0,6344,23.5,12.86,100.0,100.0,28.92,290.36,2.0,16,100730.0,9999999
59287,0,6345,24.0,12.94,175.0,175.0,28.92,286.5,2.0,4,100730.0,9999999
59287,0,6346,24.5,12.94,246.0,246.0,28.92,290.18,2.0,14,100730.0,9999999
59287,0,6347,25.1,12.94,674.0,403.0,28.92,287.43,2.0,4,100730.0,9999999
59287,0,6348,25.7,13.11,330.0,330.0,28.92,289.99,2.0,1,100730.0,9999999
59287,0,6349,26.5,13.45,328.0,328.0,28.92,286.68,2.0,6,100730.0,9999999
59287,0,6350,27.4,14.15,662.0,396.0,28.92,294.59,2.0,2,100730.0,9999999
59287,0,6351,28.1,14.97,534.0,319.0,28.92,293.37,2.0,5,100730.0,9999999
59287,0,6352,27.9,15.35,373.0,223.0,28.92,294.07,2.0,9,100730.0,9999999
59287,0,6353,27.4,15.54,205.0,122.0,28.92,293.72,2.0,14,100730.0,9999999
59287,0,6354,26.8,15.64,54.0,32.0,28.92,291.61,2.0,6,100730.0,9999999
59287,0,6355,26.0,15.54,0.0,0.0,28.92,286.68,2.0,3,100730.0,9999999
59287,0,6356,25.4,15.45,0.0,0.0,28.92,291.79,1.0,5,100730.0,9999999
59287,0,6357,24.9,15.35,0.0,0.0,28.92,289.27,1.0,4,100730.0,9999999
59287,0,6358,24.5,15.25,0.0,0.0,28.92,286.5,1.0,12,100730.0,9999999
59287,0,6359,24.3,15.06,0.0,0.0,28.92,287.99,1.0,8,100730.0,9999999
59287,0,6360,24.1,14.88,0.0,0.0,28.92,293.02,1.0,11,100760.0,9999999
59287,0,6361,23.9,14.51,0.0,0.0,28.92,284.41,1.0,16,100760.0,9999999
59287,0,6362,23.6,14.06,0.0,0.0,28.92,292.32,1.0,16,100760.0,9999999
59287,0,6363,23.3,13.53,0.0,0.0,28.92,286.68,1.0,8,100760.0,9999999
59287,0,6364,23.0,12.94,0.0,0.0,28.92,289.81,1.0,9,100760.0,9999999
59287,0,6365,22.7,12.46,0.0,0.0,28.92,286.87,1.0,3,100760.0,9999999
59287,0,6366,22.6,12.07,0.0,0.0,28.92,289.27,1.0,9,100760.0,9999999
59287,0,6367,22.9,11.99,42.0,28.0,28.92,288.35,1.0,8,100760.0,9999999
59287,0,6368,23.5,12.14,75.0,75.0,28.92,286.5,2.0,1,100760.0,9999999
59287,0,6369,24.1,12.3,239.0,161.0,28.92,288.17,2.0,2,100760.0,9999999
59287,0,6370,24.6,12.46,335.0,226.0,28.92,284.6,2.0,8,100760.0,9999999
59287,0,6371,25.1,12.7,410.0,276.0,28.92,291.79,2.0,12,100760.0,9999999
59287,0,6372,25.6,13.03,450.0,303.0,28.92,285.74,2.0,9,100760.0,9999999
59287,0,6373,26.3,13.53,447.0,301.0,28.92,294.93,2.0,11,100760.0,9999999
59287,0,6374,27.2,14.24,403.0,271.0,28.92,292.32,2.0,3,100760.0,9999999
59287,0,6375,28.2,15.06,325.0,219.0,28.92,297.14,2.0,14,100760.0,9999999
59287,0,6376,28.7,15.64,227.0,153.0,28.92,291.61,2.0,10,100760.0,9999999
59287,0,6377,28.3,15.45,124.0,83.0,28.92,288.9,2.0,11,100760.0,9999999
59287,0,6378,27.3,14.88,32.0,21.0,28.92,291.96,2.0,14,100760.0,9999999
59287,0,6379,26.1,14.15,0.0,0.0,28.92,290.54,2.0,2,100760.0,9999999
59287,0,6380,25.0,13.71,0.0,0.0,28.92,293.55,2.0,1,100760.0,9999999
59287,0,6381,24.2,13.62,0.0,0.0,28.92,288.72,2.0,5,100760.0,9999999
59287,0,6382,23.8,13.88,0.0,0.0,28.92,285.55,2.0,10,100760.0,9999999
59287,0,6383,23.6,14.33,0.0,0.0,28.92,286.31,2.0,3,100760.0,9999999
59287,0,6384,23.4,14.69,0.0,0.0,28.92,284.03,2.0,14,100840.0,9999999
59287,0,6385,23.2,14.97,0.0,0.0,28.92,287.43,2.0,5,100840.0,9999999
59287,0,6386,22.9,14.97,0.0,0.0,28.92,287.06,2.0,16,100840.0,9999999
59287,0,6387,22.4,14.51,0.0,0.0,28.92,291.25,2.0,4,100840.0,9999999
59287,0,6388,21.7,13.79,0.0,0.0,28.92,287.8,2.0,5,100840.0,9999999
59287,0,6389,21.2,13.03,0.0,0.0,28.92,281.49,2.0,9,100840.0,9999999
59287,0,6390,21.0,12.46,0.0,0.0,28.92,285.74,2.0,10,100840.0,9999999
59287,0,6391,22.0,12.7,71.0,26.0,28.92,287.62,2.0,12,100840.0,9999999
59287,0,6392,24.0,13.62,255.0,65.0,28.92,292.67,2.0,2,100840.0,9999999
59287,0,6393,26.0,14.51,413.0,153.0,28.92,286.31,2.0,9,100840.0,9999999
59287,0,6394,27.6,15.06,633.0,161.0,28.92,288.17,2.0,10,100840.0,9999999
59287,0,6395,29.0,15.35,774.0,197.0,28.92,297.98,2.0,6,100840.0,9999999
59287,0,6396,30.1,15.54,781.0,290.0,28.92,294.76,2.0,13,100840.0,9999999
59287,0,6397,30.8,15.74,845.0,214.0,28.92,294.93,2.0,15,100840.0,9999999
59287,0,6398,31.2,15.94,700.0,260.0,28.92,291.79,3.0,3,100840.0,9999999
59287,0,6399,31.3,16.34,331.0,331.0,28.92,291.96,3.0,7,100840.0,9999999
59287,0,6400,31.0,16.75,392.0,146.0,28.92,298.64,3.0,13,100840.0,9999999
59287,0,6401,30.2,16.96,126.0,126.0,28.92,294.07,3.0,5,100840.0,9999999
59287,0,6402,29.0,16.96,32.0,32.0,28.92,298.31,3.0,12,100840.0,9999999
59287,0,6403,27.8,16.85,0.0,0.0,28.92,292.32,3.0,4,100840.0,9999999
59287,0,6404,26.7,16.75,0.0,0.0,28.92,291.79,1.0,16,100840.0,9999999
59287,0,6405,25.8,16.75,0.0,0.0,28.92,289.09,1.0,15,100840.0,9999999
59287,0,6406,25.2,16.75,0.0,0.0,28.92,293.02,1.0,2,100840.0,9999999
59287,0,6407,24.7,16.85,0.0,0.0,28.92,288.72,1.0,2,100840.0,9999999
59287,0,6408,24.3,16.85,0.0,0.0,28.92,293.72,1.0,5,100830.0,9999999
59287,0,6409,23.9,16.65,0.0,0.0,28.92,289.63,1.0,12,100830.0,9999999
59287,0,6410,23.5,16.24,0.0,0.0,28.92,287.99,1.0,3,100830.0,9999999
59287,0,6411,23.0,15.54,0.0,0.0,28.92,286.12,1.0,5,100830.0,9999999
59287,0,6412,22.5,14.78,0.0,0.0,28.92,288.72,1.0,7,100830.0,9999999
59287,0,6413,22.1,13.97,0.0,0.0,28.92,288.17,1.0,9,100830.0,9999999
59287,0,6414,21.9,13.19,0.0,0.0,28.92,290.36,1.0,10,100830.0,9999999
59287,0,6415,23.2,13.53,44.0,14.0,28.92,291.79,1.0,9,100830.0,9999999
59287,0,6416,25.8,14.78,274.0,59.0,28.92,288.72,2.0,1,100830.0,9999999
59287,0,6417,28.0,15.45,486.0,104.0,28.92,293.37,2.0,9,100830.0,9999999
59287,0,6418,29.5,15.45,369.0,116.0,28.92,289.99,2.0,4,100830.0,9999999
59287,0,6419,30.5,14.88,840.0,180.0,28.92,299.3,2.0,9,100830.0,9999999
59287,0,6420,31.2,14.24,497.0,156.0,28.92,296.3,2.0,10,100830.0,9999999
59287,0,6421,31.8,13.79,916.0,197.0,28.92,298.64,2.0,9,100830.0,9999999
59287,0,6422,32.3,13.88,825.0,177.0,28.92,294.76,3.0,3,100830.0,9999999
59287,0,6423,32.7,14.51,664.0,143.0,28.92,301.42,3.0,11,100830.0,9999999
59287,0,6424,32.3,15.06,462.0,99.0,28.92,297.47,3.0,13,100830.0,9999999
59287,0,6425,31.2,15.35,251.0,54.0,28.92,295.96,3.0,16,100830.0,9999999
59287,0,6426,29.8,15.54,33.0,10.0,28.92,294.59,3.0,10,100830.0,9999999
59287,0,6427,28.3,15.45,0.0,0.0,28.92,291.25,3.0,8,100830.0,9999999
59287,0,6428,27.0,15.45,0.0,0.0,28.92,295.96,1.0,5,100830.0,9999999
59287,0,6429,26.1,15.45,0.0,0.0,28.92,289.09,1.0,1,100830.0,9999999
59287,0,6430,25.5,15.64,0.0,0.0,28.92,290.89,1.0,14,100830.0,9999999
59287,0,6431,25.1,15.84,0.0,0.0,28.92,294.24,1.0,6,100830.0,9999999
59287,0,6432,24.9,16.04,0.0,0.0,28.92,287.99,1.0,5,100710.0,9999999
59287,0,6433,24.6,16.14,0.0,0.0,28.92,289.63,1.0,8,100710.0,9999999
59287,0,6434,24.3,16.04,0.0,0.0,28.92,288.17,1.0,4,100710.0,9999999
59287,0,6435,23.8,15.74,0.0,0.0,28.92,286.87,1.0,6,100710.0,9999999
59287,0,6436,23.3,15.35,0.0,0.0,28.92,285.37,1.0,14,100710.0,9999999
59287,0,6437,22.9,14.88,0.0,0.0,28.92,286.5,1.0,1,100710.0,9999999
59287,0,6438,22.7,14.42,0.0,0.0,28.92,291.61,1.0,9,100710.0,9999999
59287,0,6439,23.8,14.97,61.0,27.0,28.92,284.41,1.0,8,100710.0,9999999
59287,0,6440,26.0,16.24,122.0,122.0,28.92,289.09,1.0,3,100710.0,9999999
59287,0,6441,27.8,16.85,370.0,166.0,28.92,292.85,1.0,15,100710.0,9999999
59287,0,6442,28.9,16.44,307.0,307.0,28.92,294.59,1.0,1,100710.0,9999999
59287,0,6443,29.8,15.54,640.0,287.0,28.92,297.14,1.0,13,100710.0,9999999
59287,0,6444,30.4,14.6,778.0,253.0,28.92,296.46,1.0,14,100710.0,9999999
59287,0,6445,31.1,13.88,774.0,252.0,28.92,295.44,1.0,6,100710.0,9999999
59287,0,6446,32.0,13.88,629.0,282.0,28.92,295.1,3.0,7,100710.0,9999999
59287,0,6447,32.8,14.6,506.0,227.0,28.92,296.13,3.0,6,100710.0,9999999
59287,0,6448,32.5,15.06,389.0,127.0,28.92,294.24,3.0,1,100710.0,9999999
59287,0,6449,31.9,15.64,190.0,85.0,28.92,300.93,3.0,13,100710.0,9999999
59287,0,6450,31.0,16.24,27.0,27.0,28.92,295.27,3.0,12,100710.0,9999999
59287,0,6451,30.0,16.75,0.0,0.0,28.92,296.46,3.0,13,100710.0,9999999
59287,0,6452,29.1,17.28,0.0,0.0,28.92,294.93,1.0,3,100710.0,9999999
59287,0,6453,28.4,17.71,0.0,0.0,28.92,296.3,1.0,9,100710.0,9999999
59287,0,6454,27.9,18.15,0.0,0.0,28.92,293.89,1.0,2,100710.0,9999999
59287,0,6455,27.5,18.49,0.0,0.0,28.92,289.99,1.0,9,100710.0,9999999
59287,0,6456,27.1,18.84,0.0,0.0,28.92,289.81,1.0,16,100530.0,9999999
59287,0,6457,26.7,18.84,0.0,0.0,28.92,287.99,1.0,9,100530.0,9999999
59287,0,6458,26.2,18.72,0.0,0.0,28.92,292.32,0.0,0,100530.0,9999999
59287,0,6459,25.6,18.26,0.0,0.0,28.92,289.81,0.0,7,100530.0,9999999
59287,0,6460,25.0,17.71,0.0,0.0,28.92,290.36,0.0,5,100530.0,9999999
59287,0,6461,24.5,17.06,0.0,0.0,28.92,289.09,0.0,8,100530.0,9999999
59287,0,6462,24.3,16.75,0.0,0.0,28.92,288.35,0.0,12,100530.0,9999999
59287,0,6463,25.2,17.28,31.0,31.0,28.92,291.96,0.0,4,100530.0,9999999
59287,0,6464,26.8,18.49,106.0,106.0,28.92,292.85,1.0,4,100530.0,9999999
59287,0,6465,28.0,18.95,190.0,190.0,28.92,293.55,1.0,7,100530.0,9999999
59287,0,6466,28.6,18.72,268.0,268.0,28.92,296.8,1.0,4,100530.0,9999999
59287,0,6467,29.0,18.15,329.0,329.0,28.92,292.49,1.0,11,100530.0,9999999
59287,0,6468,29.3,17.49,361.0,361.0,28.92,298.64,1.0,10,100530.0,9999999
59287,0,6469,29.7,17.28,359.0,359.0,28.92,294.24,1.0,6,100530.0,9999999
59287,0,6470,30.5,17.82,323.0,323.0,28.92,293.89,1.0,3,100530.0,9999999
59287,0,6471,31.3,18.84,260.0,260.0,28.92,293.89,1.0,13,100530.0,9999999
59287,0,6472,31.0,19.19,180.0,180.0,28.92,297.14,1.0,14,100530.0,9999999
59287,0,6473,30.3,19.3,97.0,97.0,28.92,291.61,1.0,10,100530.0,9999999
59287,0,6474,29.4,19.19,23.0,23.0,28.92,293.02,1.0,16,100530.0,9999999
59287,0,6475,28.4,18.95,0.0,0.0,28.92,298.14,1.0,10,100530.0,9999999
59287,0,6476,27.5,18.72,0.0,0.0,28.92,291.79,1.0,4,100530.0,9999999
59287,0,6477,26.9,18.61,0.0,0.0,28.92,290.54,1.0,6,100530.0,9999999
59287,0,6478,26.4,18.61,0.0,0.0,28.92,291.43,1.0,16,100530.0,9999999
59287,0,6479,26.2,18.61,0.0,0.0,28.92,294.24,1.0,13,100530.0,9999999
59287,0,6480,26.0,18.61,0.0,0.0,28.92,293.02,1.0,6,100480.0,9999999
59287,0,6481,26.0,18.72,0.0,0.0,28.92,292.14,1.0,4,100480.0,9999999
59287,0,6482,25.9,18.84,0.0,0.0,28.92,292.85,1.0,7,100480.0,9999999
59287,0,6483,25.8,18.84,0.0,0.0,28.92,287.06,1.0,8,100480.0,9999999
59287,0,6484,25.6,18.84,0.0,0.0,28.92,293.89,1.0,10,100480.0,9999999
59287,0,6485,25.5,18.72,0.0,0.0,28.92,295.27,1.0,7,100480.0,9999999
59287,0,6486,25.5,18.49,0.0,0.0,28.92,288.17,1.0,6,100480.0,9999999
59287,0,6487,25.8,18.61,62.0,40.0,28.92,294.07,1.0,8,100480.0,9999999
59287,0,6488,26.6,18.95,219.0,139.0,28.92,289.27,1.0,3,100480.0,9999999
59287,0,6489,27.4,18.95,391.0,249.0,28.92,288.72,1.0,16,100480.0,9999999
59287,0,6490,28.3,18.84,225.0,225.0,28.92,290.89,1.0,16,100480.0,9999999
59287,0,6491,29.1,18.49,680.0,432.0,28.92,291.61,1.0,7,100480.0,9999999
59287,0,6492,30.0,18.26,304.0,304.0,28.92,299.63,1.0,2,100480.0,9999999
59287,0,6493,31.0,18.26,302.0,302.0,28.92,295.1,1.0,6,100480.0,9999999
59287,0,6494,32.0,18.49,668.0,425.0,28.92,296.13,1.0,9,100480.0,9999999
59287,0,6495,32.7,19.07,218.0,218.0,28.92,298.14,1.0,15,100480.0,9999999
59287,0,6496,32.5,19.07,151.0,151.0,28.92,298.47,1.0,12,100480.0,9999999
59287,0,6497,31.9,19.07,81.0,81.0,28.92,295.44,1.0,2,100480.0,9999999
59287,0,6498,31.1,19.07,46.0,29.0,28.92,296.46,1.0,16,100480.0,9999999
59287,0,6499,30.2,19.07,0.0,0.0,28.92,297.14,1.0,1,100480.0,9999999
59287,0,6500,29.3,19.07,0.0,0.0,28.92,298.97,2.0,6,100480.0,9999999
59287,0,6501,28.5,19.07,0.0,0.0,28.92,293.55,2.0,8,100480.0,9999999
59287,0,6502,27.9,19.19,0.0,0.0,28.92,291.61,2.0,8,100480.0,9999999
59287,0,6503,27.4,19.3,0.0,0.0,28.92,292.49,2.0,7,100480.0,9999999
59287,0,6504,27.0,19.42,0.0,0.0,28.92,290.72,2.0,16,100560.0,9999999
59287,0,6505,26.7,19.66,0.0,0.0,28.92,291.79,2.0,14,100560.0,9999999
59287,0,6506,26.4,19.78,0.0,0.0,28.92,289.27,1.0,3,100560.0,9999999
59287,0,6507,26.2,20.03,0.0,0.0,28.92,291.43,1.0,4,100560.0,9999999
59287,0,6508,26.0,20.03,0.0,0.0,28.92,290.54,1.0,6,100560.0,9999999
59287,0,6509,25.9,20.03,0.0,0.0,28.92,292.32,1.0,16,100560.0,9999999
59287,0,6510,25.8,19.91,0.0,0.0,28.92,288.72,1.0,8,100560.0,9999999
59287,0,6511,26.2,20.03,82.0,50.0,28.92,291.96,1.0,4,100560.0,9999999
59287,0,6512,27.1,20.15,96.0,96.0,28.92,295.44,2.0,5,100560.0,9999999
59287,0,6513,27.8,19.78,528.0,324.0,28.92,294.93,2.0,8,100560.0,9999999
59287,0,6514,28.4,18.84,243.0,243.0,28.92,295.44,2.0,14,100560.0,9999999
59287,0,6515,29.0,17.71,919.0,565.0,28.92,295.79,2.0,8,100560.0,9999999
59287,0,6516,29.8,16.75,329.0,329.0,28.92,294.24,2.0,6,100560.0,9999999
59287,0,6517,30.8,16.24,327.0,327.0,28.92,295.61,2.0,9,100560.0,9999999
59287,0,6518,32.2,16.54,294.0,294.0,28.92,297.81,1.0,11,100560.0,9999999
59287,0,6519,33.4,17.38,236.0,236.0,28.92,297.31,1.0,2,100560.0,9999999
59287,0,6520,33.1,17.6,163.0,163.0,28.92,293.89,1.0,13,100560.0,9999999
59287,0,6521,32.3,17.71,268.0,164.0,28.92,298.14,1.0,4,100560.0,9999999
59287,0,6522,31.3,17.93,20.0,20.0,28.92,292.32,1.0,8,100560.0,9999999
59287,0,6523,30.1,18.04,0.0,0.0,28.92,299.63,1.0,15,100560.0,9999999
59287,0,6524,29.0,18.15,0.0,0.0,28.92,295.79,1.0,7,100560.0,9999999
59287,0,6525,28.1,18.38,0.0,0.0,28.92,291.61,1.0,12,100560.0,9999999
59287,0,6526,27.4,18.61,0.0,0.0,28.92,289.99,1.0,14,100560.0,9999999
59287,0,6527,26.8,18.84,0.0,0.0,28.92,291.79,1.0,7,100560.0,9999999
59287,0,6528,26.4,19.07,0.0,0.0,28.92,291.43,1.0,10,100660.0,9999999
59287,0,6529,26.0,19.3,0.0,0.0,28.92,287.43,1.0,11,100660.0,9999999
59287,0,6530,25.6,19.54,0.0,0.0,28.92,291.25,0.0,0,100660.0,9999999
59287,0,6531,25.2,19.66,0.0,0.0,28.92,292.49,0.0,12,100660.0,9999999
59287,0,6532,24.9,19.66,0.0,0.0,28.92,291.25,0.0,3,100660.0,9999999
59287,0,6533,24.7,19.66,0.0,0.0,28.92,294.59,0.0,8,100660.0,9999999
59287,0,6534,24.6,19.54,0.0,0.0,28.92,287.43,0.0,2,100660.0,9999999
59287,0,6535,24.8,19.54,48.0,31.0,28.92,293.2,0.0,14,100660.0,9999999
59287,0,6536,25.4,19.66,175.0,112.0,28.92,293.72,1.0,7,100660.0,9999999
59287,0,6537,26.2,19.78,149.0,149.0,28.92,287.8,1.0,9,100660.0,9999999
59287,0,6538,27.2,19.66,211.0,211.0,28.92,292.32,1.0,12,100660.0,9999999
59287,0,6539,28.2,19.42,549.0,353.0,28.92,291.07,1.0,11,100660.0,9999999
59287,0,6540,29.3,19.19,285.0,285.0,28.92,295.44,1.0,5,100660.0,9999999
59287,0,6541,30.2,18.95,600.0,386.0,28.92,295.61,1.0,8,100660.0,9999999
59287,0,6542,31.0,18.95,539.0,347.0,28.92,296.46,2.0,9,100660.0,9999999
59287,0,6543,31.4,19.19,204.0,204.0,28.92,294.93,2.0,9,100660.0,9999999
59287,0,6544,31.1,19.19,298.0,192.0,28.92,293.72,2.0,1,100660.0,9999999
59287,0,6545,30.5,19.07,159.0,102.0,28.92,295.96,2.0,7,100660.0,9999999
59287,0,6546,29.5,18.72,35.0,22.0,28.92,297.64,2.0,7,100660.0,9999999
59287,0,6547,28.5,18.15,0.0,0.0,28.92,295.27,2.0,10,100660.0,9999999
59287,0,6548,27.4,17.49,0.0,0.0,28.92,295.27,1.0,9,100660.0,9999999
59287,0,6549,26.4,16.65,0.0,0.0,28.92,293.02,1.0,10,100660.0,9999999
59287,0,6550,25.6,15.64,0.0,0.0,28.92,289.27,1.0,16,100660.0,9999999
59287,0,6551,24.8,14.69,0.0,0.0,28.92,293.72,1.0,3,100660.0,9999999
59287,0,6552,24.1,13.88,0.0,0.0,27.8,284.41,1.0,3,101430.0,9999999
59287,0,6553,23.5,13.03,0.0,0.0,27.8,283.64,1.0,9,101430.0,9999999
59287,0,6554,22.9,12.38,0.0,0.0,27.8,287.06,0.0,0,101430.0,9999999
59287,0,6555,22.3,11.91,0.0,0.0,27.8,286.31,0.0,5,101430.0,9999999
59287,0,6556,21.8,11.53,0.0,0.0,27.8,289.81,0.0,5,101430.0,9999999
59287,0,6557,21.4,11.31,0.0,0.0,27.8,284.22,0.0,1,101430.0,9999999
59287,0,6558,21.3,11.09,0.0,0.0,27.8,280.9,0.0,14,101430.0,9999999
59287,0,6559,22.1,11.39,140.0,67.0,27.8,290.18,0.0,12,101430.0,9999999
59287,0,6560,23.9,12.07,124.0,124.0,27.8,292.14,0.0,0,101430.0,9999999
59287,0,6561,25.7,12.3,224.0,224.0,27.8,289.09,0.0,3,101430.0,9999999
59287,0,6562,27.2,12.07,959.0,460.0,27.8,293.72,0.0,12,101430.0,9999999
59287,0,6563,28.6,11.39,391.0,391.0,27.8,290.36,0.0,12,101430.0,9999999
59287,0,6564,29.6,10.53,430.0,430.0,27.8,291.07,0.0,9,101430.0,9999999
59287,0,6565,30.5,9.74,428.0,428.0,27.8,294.07,0.0,7,101430.0,9999999
59287,0,6566,31.0,9.36,384.0,384.0,27.8,298.14,4.0,7,101430.0,9999999
59287,0,6567,31.2,9.67,308.0,308.0,27.8,289.99,4.0,15,101430.0,9999999
59287,0,6568,30.8,10.26,212.0,212.0,27.8,296.63,4.0,6,101430.0,9999999
59287,0,6569,29.8,10.95,418.0,201.0,27.8,291.43,4.0,4,101430.0,9999999
59287,0,6570,28.5,11.53,24.0,24.0,27.8,287.99,4.0,8,101430.0,9999999
59287,0,6571,27.0,11.91,0.0,0.0,27.8,289.09,4.0,16,101430.0,9999999
59287,0,6572,25.7,12.14,0.0,0.0,27.8,285.55,1.0,3,101430.0,9999999
59287,0,6573,24.7,12.3,0.0,0.0,27.8,290.18,1.0,10,101430.0,9999999
59287,0,6574,24.1,12.54,0.0,0.0,27.8,284.03,1.0,10,101430.0,9999999
59287,0,6575,23.7,12.78,0.0,0.0,27.8,287.43,1.0,16,101430.0,9999999
59287,0,6576,23.4,13.03,0.0,0.0,27.8,291.96,1.0,3,101340.0,9999999
59287,0,6577,23.3,13.28,0.0,0.0,27.8,290.18,1.0,8,101340.0,9999999
59287,0,6578,23.1,13.62,0.0,0.0,27.8,287.62,1.0,5,101340.0,9999999
59287,0,6579,22.9,13.97,0.0,0.0,27.8,287.43,1.0,15,101340.0,9999999
59287,0,6580,22.7,14.33,0.0,0.0,27.8,291.43,1.0,16,101340.0,9999999
59287,0,6581,22.5,14.6,0.0,0.0,27.8,286.12,1.0,1,101340.0,9999999
59287,0,6582,22.4,14.69,0.0,0.0,27.8,286.68,1.0,16,101340.0,9999999
59287,0,6583,22.7,14.88,77.0,35.0,27.8,288.9,1.0,15,101340.0,9999999
59287,0,6584,23.4,15.06,290.0,133.0,27.8,290.89,3.0,5,101340.0,9999999
59287,0,6585,24.2,14.78,225.0,225.0,27.8,291.61,3.0,16,101340.0,9999999
59287,0,6586,25.2,14.15,321.0,321.0,27.8,289.63,3.0,9,101340.0,9999999
59287,0,6587,26.2,13.36,921.0,422.0,27.8,294.76,3.0,9,101340.0,9999999
59287,0,6588,27.3,12.54,434.0,434.0,27.8,290.72,3.0,8,101340.0,9999999
59287,0,6589,28.5,11.99,431.0,431.0,27.8,292.32,3.0,2,101340.0,9999999
59287,0,6590,29.8,11.99,387.0,387.0,27.8,290.72,2.0,15,101340.0,9999999
59287,0,6591,30.7,12.54,724.0,332.0,27.8,297.31,2.0,9,101340.0,9999999
59287,0,6592,30.4,13.03,498.0,228.0,27.8,295.1,2.0,6,101340.0,9999999
59287,0,6593,29.8,13.62,263.0,120.0,27.8,293.37,2.0,16,101340.0,9999999
59287,0,6594,28.8,14.24,23.0,23.0,27.8,292.14,2.0,3,101340.0,9999999
59287,0,6595,27.8,14.78,0.0,0.0,27.8,292.49,2.0,3,101340.0,9999999
59287,0,6596,26.9,15.16,0.0,0.0,27.8,295.79,3.0,6,101340.0,9999999
59287,0,6597,26.2,15.35,0.0,0.0,27.8,292.49,3.0,5,101340.0,9999999
59287,0,6598,25.7,15.45,0.0,0.0,27.8,293.2,3.0,7,101340.0,9999999
59287,0,6599,25.4,15.45,0.0,0.0,27.8,294.41,3.0,5,101340.0,9999999
59287,0,6600,25.0,15.45,0.0,0.0,27.8,287.06,3.0,13,101310.0,9999999
59287,0,6601,24.7,15.25,0.0,0.0,27.8,289.45,3.0,14,101310.0,9999999
59287,0,6602,24.3,15.06,0.0,0.0,27.8,291.79,2.0,5,101310.0,9999999
59287,0,6603,23.8,14.78,0.0,0.0,27.8,287.99,2.0,9,101310.0,9999999
59287,0,6604,23.2,14.51,0.0,0.0,27.8,283.84,2.0,10,101310.0,9999999
59287,0,6605,22.8,14.24,0.0,0.0,27.8,286.87,2.0,2,101310.0,9999999
59287,0,6606,22.6,14.06,0.0,0.0,27.8,283.06,2.0,3,101310.0,9999999
59287,0,6607,23.0,14.33,72.0,40.0,27.8,284.79,2.0,3,101310.0,9999999
59287,0,6608,24.0,14.78,278.0,155.0,27.8,286.87,2.0,6,101310.0,9999999
59287,0,6609,25.1,15.16,186.0,186.0,27.8,289.27,2.0,9,101310.0,9999999
59287,0,6610,26.3,15.25,265.0,265.0,27.8,292.49,2.0,8,101310.0,9999999
59287,0,6611,27.4,15.25,326.0,326.0,27.8,291.61,2.0,16,101310.0,9999999
59287,0,6612,28.5,15.06,359.0,359.0,27.8,290.36,2.0,2,101310.0,9999999
59287,0,6613,29.4,14.97,357.0,357.0,27.8,295.61,2.0,5,101310.0,9999999
59287,0,6614,30.2,15.06,872.0,487.0,27.8,294.76,2.0,9,101310.0,9999999
59287,0,6615,30.6,15.25,697.0,390.0,27.8,295.96,2.0,10,101310.0,9999999
59287,0,6616,30.3,15.35,176.0,176.0,27.8,294.93,2.0,2,101310.0,9999999
59287,0,6617,29.7,15.35,252.0,141.0,27.8,297.14,2.0,13,101310.0,9999999
59287,0,6618,28.8,15.35,19.0,19.0,27.8,291.61,2.0,2,101310.0,9999999
59287,0,6619,27.9,15.35,0.0,0.0,27.8,293.2,2.0,8,101310.0,9999999
59287,0,6620,27.0,15.45,0.0,0.0,27.8,294.41,2.0,7,101310.0,9999999
59287,0,6621,26.4,15.54,0.0,0.0,27.8,289.45,2.0,10,101310.0,9999999
59287,0,6622,26.0,15.84,0.0,0.0,27.8,290.89,2.0,10,101310.0,9999999
59287,0,6623,25.7,16.04,0.0,0.0,27.8,294.93,2.0,4,101310.0,9999999
59287,0,6624,25.5,16.34,0.0,0.0,27.8,289.45,2.0,15,101330.0,9999999
59287,0,6625,25.3,16.54,0.0,0.0,27.8,289.81,2.0,11,101330.0,9999999
59287,0,6626,25.0,16.54,0.0,0.0,27.8,287.24,2.0,7,101330.0,9999999
59287,0,6627,24.6,16.44,0.0,0.0,27.8,289.09,2.0,10,101330.0,9999999
59287,0,6628,24.2,16.24,0.0,0.0,27.8,288.72,2.0,13,101330.0,9999999
59287,0,6629,23.9,15.94,0.0,0.0,27.8,293.02,2.0,1,101330.0,9999999
59287,0,6630,23.8,15.74,0.0,0.0,27.8,285.93,2.0,16,101330.0,9999999
59287,0,6631,24.0,15.64,49.0,30.0,27.8,286.12,2.0,15,101330.0,9999999
59287,0,6632,24.5,15.64,85.0,85.0,27.8,285.18,3.0,5,101330.0,9999999
59287,0,6633,25.1,15.54,155.0,155.0,27.8,288.17,3.0,3,101330.0,9999999
59287,0,6634,25.8,15.25,221.0,221.0,27.8,289.99,3.0,6,101330.0,9999999
59287,0,6635,26.6,14.97,615.0,384.0,27.8,293.89,3.0,5,101330.0,9999999
59287,0,6636,27.5,14.88,300.0,300.0,27.8,289.27,3.0,4,101330.0,9999999
59287,0,6637,28.7,15.06,673.0,420.0,27.8,293.89,3.0,3,101330.0,9999999
59287,0,6638,30.0,15.64,604.0,377.0,27.8,294.24,2.0,6,101330.0,9999999
59287,0,6639,31.0,16.44,214.0,214.0,27.8,298.64,2.0,1,101330.0,9999999
59287,0,6640,30.8,16.54,331.0,207.0,27.8,293.89,2.0,10,101330.0,9999999
59287,0,6641,30.1,16.44,77.0,77.0,27.8,299.3,2.0,5,101330.0,9999999
59287,0,6642,29.3,16.34,15.0,15.0,27.8,295.79,2.0,8,101330.0,9999999
59287,0,6643,28.4,16.14,0.0,0.0,27.8,289.09,2.0,5,101330.0,9999999
59287,0,6644,27.6,16.04,0.0,0.0,27.8,296.8,2.0,7,101330.0,9999999
59287,0,6645,27.0,15.94,0.0,0.0,27.8,290.18,2.0,9,101330.0,9999999
59287,0,6646,26.7,15.94,0.0,0.0,27.8,295.79,2.0,1,101330.0,9999999
59287,0,6647,26.5,15.94,0.0,0.0,27.8,291.43,2.0,1,101330.0,9999999
59287,0,6648,26.3,16.04,0.0,0.0,27.8,287.06,2.0,11,101440.0,9999999
59287,0,6649,26.1,16.04,0.0,0.0,27.8,295.27,2.0,12,101440.0,9999999
59287,0,6650,25.8,16.04,0.0,0.0,27.8,288.9,1.0,9,101440.0,9999999
59287,0,6651,25.4,16.04,0.0,0.0,27.8,289.27,1.0,7,101440.0,9999999
59287,0,6652,24.9,15.94,0.0,0.0,27.8,287.99,1.0,1,101440.0,9999999
59287,0,6653,24.5,15.94,0.0,0.0,27.8,292.14,1.0,1,101440.0,9999999
59287,0,6654,24.3,15.94,0.0,0.0,27.8,291.96,1.0,8,101440.0,9999999
59287,0,6655,24.3,16.14,21.0,21.0,27.8,288.17,1.0,1,101440.0,9999999
59287,0,6656,24.8,16.54,85.0,85.0,27.8,285.74,0.0,0,101440.0,9999999
59287,0,6657,25.7,17.17,156.0,156.0,27.8,288.17,0.0,13,101440.0,9999999
59287,0,6658,26.7,17.82,224.0,224.0,27.8,290.18,0.0,13,101440.0,9999999
59287,0,6659,27.5,18.15,276.0,276.0,27.8,288.72,0.0,1,101440.0,9999999
59287,0,6660,27.7,17.71,304.0,304.0,27.8,297.14,0.0,5,101440.0,9999999
59287,0,6661,27.1,16.65,302.0,302.0,27.8,291.07,0.0,1,101440.0,9999999
59287,0,6662,26.7,15.84,271.0,271.0,27.8,287.43,2.0,3,101440.0,9999999
59287,0,6663,26.6,15.54,216.0,216.0,27.8,291.43,2.0,7,101440.0,9999999
59287,0,6664,26.2,15.25,148.0,148.0,27.8,293.55,2.0,1,101440.0,9999999
59287,0,6665,25.7,14.88,77.0,77.0,27.8,289.27,2.0,3,101440.0,9999999
59287,0,6666,25.1,14.6,15.0,15.0,27.8,286.87,2.0,2,101440.0,9999999
59287,0,6667,24.5,14.33,0.0,0.0,27.8,293.2,2.0,15,101440.0,9999999
59287,0,6668,24.0,14.06,0.0,0.0,27.8,289.09,2.0,3,101440.0,9999999
59287,0,6669,23.6,13.79,0.0,0.0,27.8,288.17,2.0,4,101440.0,9999999
59287,0,6670,23.4,13.71,0.0,0.0,27.8,287.8,2.0,8,101440.0,9999999
59287,0,6671,23.1,13.53,0.0,0.0,27.8,291.79,2.0,12,101440.0,9999999
59287,0,6672,23.0,13.45,0.0,0.0,27.8,289.99,2.0,14,101500.0,9999999
59287,0,6673,22.8,13.36,0.0,0.0,27.8,286.68,2.0,2,101500.0,9999999
59287,0,6674,22.6,13.19,0.0,0.0,27.8,288.35,2.0,4,101500.0,9999999
59287,0,6675,22.3,13.11,0.0,0.0,27.8,286.68,2.0,2,101500.0,9999999
59287,0,6676,22.0,12.94,0.0,0.0,27.8,282.28,2.0,9,101500.0,9999999
59287,0,6677,21.8,12.86,0.0,0.0,27.8,281.89,2.0,2,101500.0,9999999
59287,0,6678,21.7,12.86,0.0,0.0,27.8,285.37,2.0,5,101500.0,9999999
59287,0,6679,22.3,13.28,22.0,22.0,27.8,288.17,2.0,7,101500.0,9999999
59287,0,6680,23.3,13.97,89.0,89.0,27.8,291.96,0.0,0,101500.0,9999999
59287,0,6681,24.1,14.42,164.0,164.0,27.8,285.93,0.0,13,101500.0,9999999
59287,0,6682,24.6,14.42,234.0,234.0,27.8,287.43,0.0,5,101500.0,9999999
59287,0,6683,25.0,14.33,289.0,289.0,27.8,289.63,0.0,15,101500.0,9999999
59287,0,6684,25.5,14.33,318.0,318.0,27.8,288.35,0.0,9,101500.0,9999999
59287,0,6685,26.3,14.69,316.0,316.0,27.8,295.1,0.0,7,101500.0,9999999
59287,0,6686,27.5,15.64,284.0,284.0,27.8,288.17,0.0,0,101500.0,9999999
59287,0,6687,28.6,16.85,226.0,226.0,27.8,290.89,0.0,14,101500.0,9999999
59287,0,6688,28.4,16.96,155.0,155.0,27.8,293.37,0.0,12,101500.0,9999999
59287,0,6689,27.7,16.85,80.0,80.0,27.8,289.99,0.0,3,101500.0,9999999
59287,0,6690,26.9,16.54,15.0,15.0,27.8,292.49,0.0,8,101500.0,9999999
59287,0,6691,26.0,16.24,0.0,0.0,27.8,289.81,0.0,11,101500.0,9999999
59287,0,6692,25.2,15.94,0.0,0.0,27.8,288.35,0.0,0,101500.0,9999999
59287,0,6693,24.6,15.74,0.0,0.0,27.8,288.54,0.0,4,101500.0,9999999
59287,0,6694,24.3,15.64,0.0,0.0,27.8,288.72,0.0,12,101500.0,9999999
59287,0,6695,24.1,15.74,0.0,0.0,27.8,289.63,0.0,14,101500.0,9999999
59287,0,6696,24.1,15.74,0.0,0.0,27.8,291.61,0.0,2,101400.0,9999999
59287,0,6697,24.0,15.84,0.0,0.0,27.8,289.09,0.0,11,101400.0,9999999
59287,0,6698,24.0,15.94,0.0,0.0,27.8,286.12,0.0,0,101400.0,9999999
59287,0,6699,23.9,16.04,0.0,0.0,27.8,290.36,0.0,7,101400.0,9999999
59287,0,6700,23.8,16.04,0.0,0.0,27.8,287.62,0.0,14,101400.0,9999999
59287,0,6701,23.6,16.04,0.0,0.0,27.8,286.87,0.0,0,101400.0,9999999
59287,0,6702,23.6,16.04,0.0,0.0,27.8,286.87,0.0,0,101400.0,9999999
59287,0,6703,23.6,16.14,16.0,16.0,27.8,284.6,0.0,15,101400.0,9999999
59287,0,6704,23.8,16.14,68.0,68.0,27.8,284.6,0.0,0,101400.0,9999999
59287,0,6705,24.1,16.14,125.0,125.0,27.8,284.99,0.0,6,101400.0,9999999
59287,0,6706,24.5,16.24,179.0,179.0,27.8,290.18,0.0,11,101400.0,9999999
59287,0,6707,25.0,16.44,222.0,222.0,27.8,287.24,0.0,0,101400.0,9999999
59287,0,6708,25.7,16.65,244.0,244.0,27.8,290.18,0.0,2,101400.0,9999999
59287,0,6709,26.5,17.06,243.0,243.0,27.8,290.54,0.0,9,101400.0,9999999
59287,0,6710,27.4,17.71,218.0,218.0,27.8,294.24,0.0,0,101400.0,9999999
59287,0,6711,28.4,18.49,173.0,173.0,27.8,296.46,0.0,12,101400.0,9999999
59287,0,6712,28.8,18.95,118.0,118.0,27.8,296.97,0.0,9,101400.0,9999999
59287,0,6713,28.5,18.84,61.0,61.0,27.8,295.44,0.0,11,101400.0,9999999
59287,0,6714,27.9,18.26,11.0,11.0,27.8,295.96,0.0,0,101400.0,9999999
59287,0,6715,27.1,17.71,0.0,0.0,27.8,293.89,0.0,5,101400.0,9999999
59287,0,6716,26.2,17.17,0.0,0.0,27.8,295.61,2.0,5,101400.0,9999999
59287,0,6717,25.5,16.75,0.0,0.0,27.8,289.45,2.0,8,101400.0,9999999
59287,0,6718,24.9,16.54,0.0,0.0,27.8,289.99,2.0,10,101400.0,9999999
59287,0,6719,24.4,16.54,0.0,0.0,27.8,290.18,2.0,11,101400.0,9999999
59287,0,6720,24.0,16.44,0.0,0.0,27.8,289.81,2.0,15,101180.0,9999999
59287,0,6721,23.7,16.54,0.0,0.0,27.8,287.62,2.0,16,101180.0,9999999
59287,0,6722,23.4,16.54,0.0,0.0,27.8,292.67,0.0,0,101180.0,9999999
59287,0,6723,23.2,16.44,0.0,0.0,27.8,287.8,0.0,6,101180.0,9999999
59287,0,6724,23.0,16.34,0.0,0.0,27.8,288.17,0.0,16,101180.0,9999999
59287,0,6725,22.9,16.14,0.0,0.0,27.8,287.43,0.0,7,101180.0,9999999
59287,0,6726,22.8,15.94,0.0,0.0,27.8,287.8,0.0,5,101180.0,9999999
59287,0,6727,23.3,15.94,46.0,28.0,27.8,290.89,0.0,12,101180.0,9999999
59287,0,6728,24.4,16.34,196.0,119.0,27.8,288.35,0.0,0,101180.0,9999999
59287,0,6729,25.6,16.54,158.0,158.0,27.8,289.99,0.0,5,101180.0,9999999
59287,0,6730,26.7,16.34,227.0,227.0,27.8,287.43,0.0,10,101180.0,9999999
59287,0,6731,27.8,16.04,644.0,391.0,27.8,295.44,0.0,9,101180.0,9999999
59287,0,6732,28.9,15.74,709.0,431.0,27.8,291.79,0.0,3,101180.0,9999999
59287,0,6733,30.0,15.64,307.0,307.0,27.8,296.3,0.0,7,101180.0,9999999
59287,0,6734,31.0,16.04,632.0,384.0,27.8,291.61,2.0,13,101180.0,9999999
59287,0,6735,31.7,16.75,219.0,219.0,27.8,296.13,2.0,7,101180.0,9999999
59287,0,6736,31.4,17.17,149.0,149.0,27.8,295.27,2.0,13,101180.0,9999999
59287,0,6737,30.5,17.28,77.0,77.0,27.8,294.41,2.0,9,101180.0,9999999
59287,0,6738,29.4,17.28,30.0,18.0,27.8,297.14,2.0,2,101180.0,9999999
59287,0,6739,28.1,17.06,0.0,0.0,27.8,289.09,2.0,4,101180.0,9999999
59287,0,6740,27.1,16.65,0.0,0.0,27.8,291.61,0.0,0,101180.0,9999999
59287,0,6741,26.4,16.34,0.0,0.0,27.8,292.85,0.0,8,101180.0,9999999
59287,0,6742,26.0,16.04,0.0,0.0,27.8,295.1,0.0,6,101180.0,9999999
59287,0,6743,25.8,15.74,0.0,0.0,27.8,290.72,0.0,6,101180.0,9999999
59287,0,6744,25.7,15.45,0.0,0.0,27.8,289.45,0.0,13,100950.0,9999999
59287,0,6745,25.5,15.16,0.0,0.0,27.8,291.79,0.0,3,100950.0,9999999
59287,0,6746,25.3,14.78,0.0,0.0,27.8,289.45,1.0,1,100950.0,9999999
59287,0,6747,24.9,14.33,0.0,0.0,27.8,292.14,1.0,11,100950.0,9999999
59287,0,6748,24.4,13.97,0.0,0.0,27.8,286.12,1.0,9,100950.0,9999999
59287,0,6749,24.0,13.62,0.0,0.0,27.8,284.22,1.0,10,100950.0,9999999
59287,0,6750,23.8,13.45,0.0,0.0,27.8,284.03,1.0,12,100950.0,9999999
59287,0,6751,24.4,13.79,92.0,38.0,27.8,288.9,1.0,4,100950.0,9999999
59287,0,6752,25.7,14.51,128.0,128.0,27.8,287.43,2.0,4,100950.0,9999999
59287,0,6753,26.8,14.78,239.0,239.0,27.8,291.96,2.0,7,100950.0,9999999
59287,0,6754,27.6,14.6,929.0,380.0,27.8,290.36,2.0,3,100950.0,9999999
59287,0,6755,28.3,14.24,425.0,425.0,27.8,292.14,2.0,16,100950.0,9999999
59287,0,6756,29.0,13.88,468.0,468.0,27.8,294.93,2.0,2,100950.0,9999999
59287,0,6757,30.0,13.88,465.0,465.0,27.8,296.97,2.0,1,100950.0,9999999
59287,0,6758,31.3,14.51,417.0,417.0,27.8,294.59,2.0,1,100950.0,9999999
59287,0,6759,32.4,15.54,905.0,371.0,27.8,295.96,2.0,13,100950.0,9999999
59287,0,6760,32.1,15.74,226.0,226.0,27.8,294.93,2.0,13,100950.0,9999999
59287,0,6761,31.4,15.84,116.0,116.0,27.8,295.1,2.0,1,100950.0,9999999
59287,0,6762,30.5,15.84,19.0,19.0,27.8,299.63,2.0,10,100950.0,9999999
59287,0,6763,29.5,15.74,0.0,0.0,27.8,298.47,2.0,4,100950.0,9999999
59287,0,6764,28.5,15.64,0.0,0.0,27.8,292.67,0.0,0,100950.0,9999999
59287,0,6765,27.8,15.45,0.0,0.0,27.8,295.27,0.0,3,100950.0,9999999
59287,0,6766,27.2,15.35,0.0,0.0,27.8,294.59,0.0,2,100950.0,9999999
59287,0,6767,26.8,15.35,0.0,0.0,27.8,291.07,0.0,11,100950.0,9999999
59287,0,6768,26.5,15.25,0.0,0.0,27.8,291.79,0.0,14,100880.0,9999999
59287,0,6769,26.1,15.16,0.0,0.0,27.8,286.68,0.0,9,100880.0,9999999
59287,0,6770,25.8,14.97,0.0,0.0,27.8,289.45,1.0,2,100880.0,9999999
59287,0,6771,25.4,14.88,0.0,0.0,27.8,288.17,1.0,15,100880.0,9999999
59287,0,6772,25.0,14.69,0.0,0.0,27.8,293.72,1.0,3,100880.0,9999999
59287,0,6773,24.6,14.42,0.0,0.0,27.8,288.17,1.0,3,100880.0,9999999
59287,0,6774,24.5,14.33,0.0,0.0,27.8,289.09,1.0,1,100880.0,9999999
59287,0,6775,24.9,14.51,64.0,30.0,27.8,293.72,1.0,3,100880.0,9999999
59287,0,6776,25.9,14.88,114.0,114.0,27.8,287.8,1.0,3,100880.0,9999999
59287,0,6777,27.1,15.16,213.0,213.0,27.8,295.96,1.0,5,100880.0,9999999
59287,0,6778,28.3,15.25,778.0,366.0,27.8,293.55,1.0,12,100880.0,9999999
59287,0,6779,29.4,15.06,380.0,380.0,27.8,292.32,1.0,6,100880.0,9999999
59287,0,6780,30.5,14.88,419.0,419.0,27.8,297.81,1.0,3,100880.0,9999999
59287,0,6781,31.3,14.69,1054.0,496.0,27.8,296.46,1.0,7,100880.0,9999999
59287,0,6782,31.9,14.78,373.0,373.0,27.8,293.55,2.0,15,100880.0,9999999
59287,0,6783,32.1,15.06,297.0,297.0,27.8,292.32,2.0,14,100880.0,9999999
59287,0,6784,31.8,15.45,510.0,240.0,27.8,292.14,2.0,2,100880.0,9999999
59287,0,6785,31.0,15.74,103.0,103.0,27.8,291.43,2.0,4,100880.0,9999999
59287,0,6786,29.9,15.74,16.0,16.0,27.8,290.36,2.0,5,100880.0,9999999
59287,0,6787,28.7,15.74,0.0,0.0,27.8,290.72,2.0,3,100880.0,9999999
59287,0,6788,27.7,15.64,0.0,0.0,27.8,291.96,0.0,0,100880.0,9999999
59287,0,6789,27.0,15.54,0.0,0.0,27.8,288.9,0.0,7,100880.0,9999999
59287,0,6790,26.5,15.45,0.0,0.0,27.8,291.96,0.0,1,100880.0,9999999
59287,0,6791,26.2,15.45,0.0,0.0,27.8,293.72,0.0,11,100880.0,9999999
59287,0,6792,26.0,15.35,0.0,0.0,27.8,291.43,0.0,10,100880.0,9999999
59287,0,6793,25.8,15.25,0.0,0.0,27.8,289.99,0.0,11,100880.0,9999999
59287,0,6794,25.4,15.06,0.0,0.0,27.8,285.93,0.0,0,100880.0,9999999
59287,0,6795,24.9,14.78,0.0,0.0,27.8,289.09,0.0,10,100880.0,9999999
59287,0,6796,24.3,14.51,0.0,0.0,27.8,287.06,0.0,0,100880.0,9999999
59287,0,6797,23.8,14.24,0.0,0.0,27.8,287.8,0.0,12,100880.0,9999999
59287,0,6798,23.6,14.15,0.0,0.0,27.8,287.06,0.0,9,100880.0,9999999
59287,0,6799,23.6,13.97,53.0,29.0,27.8,288.72,0.0,3,100880.0,9999999
59287,0,6800,23.7,13.79,244.0,133.0,27.8,285.37,1.0,15,100880.0,9999999
59287,0,6801,24.0,13.53,180.0,180.0,27.8,291.07,1.0,6,100880.0,9999999
59287,0,6802,24.6,13.19,259.0,259.0,27.8,293.2,1.0,14,100880.0,9999999
59287,0,6803,25.5,13.03,321.0,321.0,27.8,289.63,1.0,12,100880.0,9999999
59287,0,6804,26.5,12.86,900.0,491.0,27.8,286.5,1.0,13,100880.0,9999999
59287,0,6805,27.7,12.94,352.0,352.0,27.8,294.59,1.0,12,100880.0,9999999
59287,0,6806,29.1,13.28,315.0,315.0,27.8,294.76,3.0,15,100880.0,9999999
59287,0,6807,30.5,14.06,637.0,347.0,27.8,291.96,3.0,11,100880.0,9999999
59287,0,6808,31.1,14.6,431.0,235.0,27.8,298.31,3.0,13,100880.0,9999999
59287,0,6809,30.6,14.42,86.0,86.0,27.8,290.89,3.0,1,100880.0,9999999
59287,0,6810,29.5,13.88,13.0,13.0,27.8,296.46,3.0,12,100880.0,9999999
59287,0,6811,28.1,13.28,0.0,0.0,27.8,290.54,3.0,11,100880.0,9999999
59287,0,6812,26.8,12.78,0.0,0.0,27.8,292.32,3.0,4,100880.0,9999999
59287,0,6813,25.9,12.54,0.0,0.0,27.8,287.24,3.0,3,100880.0,9999999
59287,0,6814,25.4,12.46,0.0,0.0,27.8,293.72,3.0,3,100880.0,9999999
59287,0,6815,25.2,12.62,0.0,0.0,27.8,290.72,3.0,7,100880.0,9999999
59287,0,6816,25.1,12.86,0.0,0.0,27.8,288.72,3.0,4,101030.0,9999999
59287,0,6817,25.0,13.11,0.0,0.0,27.8,293.55,3.0,10,101030.0,9999999
59287,0,6818,24.8,13.28,0.0,0.0,27.8,293.37,2.0,5,101030.0,9999999
59287,0,6819,24.4,13.36,0.0,0.0,27.8,285.93,2.0,12,101030.0,9999999
59287,0,6820,24.0,13.28,0.0,0.0,27.8,286.5,2.0,11,101030.0,9999999
59287,0,6821,23.6,13.19,0.0,0.0,27.8,290.54,2.0,1,101030.0,9999999
59287,0,6822,23.4,13.19,0.0,0.0,27.8,289.27,2.0,8,101030.0,9999999
59287,0,6823,23.5,13.19,73.0,33.0,27.8,290.36,2.0,16,101030.0,9999999
59287,0,6824,23.7,13.19,116.0,116.0,27.8,283.84,2.0,1,101030.0,9999999
59287,0,6825,24.2,13.19,219.0,219.0,27.8,284.41,2.0,2,101030.0,9999999
59287,0,6826,24.9,13.19,917.0,416.0,27.8,293.37,2.0,5,101030.0,9999999
59287,0,6827,25.8,13.28,392.0,392.0,27.8,290.72,2.0,8,101030.0,9999999
59287,0,6828,26.9,13.45,433.0,433.0,27.8,292.67,2.0,2,101030.0,9999999
59287,0,6829,28.2,13.79,430.0,430.0,27.8,290.72,2.0,7,101030.0,9999999
59287,0,6830,29.6,14.51,1060.0,481.0,27.8,289.81,1.0,9,101030.0,9999999
59287,0,6831,31.0,15.54,306.0,306.0,27.8,297.14,1.0,7,101030.0,9999999
59287,0,6832,31.6,16.24,207.0,207.0,27.8,295.96,1.0,11,101030.0,9999999
59287,0,6833,31.2,16.34,105.0,105.0,27.8,296.8,1.0,1,101030.0,9999999
59287,0,6834,30.4,16.04,15.0,15.0,27.8,295.96,1.0,3,101030.0,9999999
59287,0,6835,29.3,15.64,0.0,0.0,27.8,294.76,1.0,13,101030.0,9999999
59287,0,6836,28.3,15.16,0.0,0.0,27.8,291.79,1.0,11,101030.0,9999999
59287,0,6837,27.5,14.97,0.0,0.0,27.8,296.46,1.0,2,101030.0,9999999
59287,0,6838,27.0,14.88,0.0,0.0,27.8,291.07,1.0,9,101030.0,9999999
59287,0,6839,26.7,14.88,0.0,0.0,27.8,292.14,1.0,4,101030.0,9999999
59287,0,6840,26.5,15.06,0.0,0.0,27.8,291.96,1.0,8,101200.0,9999999
59287,0,6841,26.4,15.16,0.0,0.0,27.8,289.99,1.0,11,101200.0,9999999
59287,0,6842,26.2,15.35,0.0,0.0,27.8,288.17,1.0,5,101200.0,9999999
59287,0,6843,25.9,15.45,0.0,0.0,27.8,287.99,1.0,14,101200.0,9999999
59287,0,6844,25.6,15.54,0.0,0.0,27.8,286.31,1.0,15,101200.0,9999999
59287,0,6845,25.4,15.64,0.0,0.0,27.8,287.43,1.0,8,101200.0,9999999
59287,0,6846,25.3,15.74,0.0,0.0,27.8,287.43,1.0,11,101200.0,9999999
59287,0,6847,25.5,15.94,27.0,18.0,27.8,291.07,1.0,8,101200.0,9999999
59287,0,6848,25.9,16.14,130.0,86.0,27.8,289.81,2.0,3,101200.0,9999999
59287,0,6849,26.4,16.24,246.0,162.0,27.8,289.45,2.0,14,101200.0,9999999
59287,0,6850,26.9,16.04,356.0,235.0,27.8,287.62,2.0,8,101200.0,9999999
59287,0,6851,27.4,15.94,442.0,291.0,27.8,294.93,2.0,15,101200.0,9999999
59287,0,6852,28.1,15.84,488.0,321.0,27.8,292.32,2.0,7,101200.0,9999999
59287,0,6853,28.8,15.94,251.0,251.0,27.8,296.3,2.0,3,101200.0,9999999
59287,0,6854,29.6,16.44,434.0,286.0,27.8,292.67,2.0,7,101200.0,9999999
59287,0,6855,30.2,17.06,178.0,178.0,27.8,292.49,2.0,5,101200.0,9999999
59287,0,6856,30.0,17.28,232.0,153.0,27.8,292.32,2.0,3,101200.0,9999999
59287,0,6857,29.5,17.49,117.0,77.0,27.8,290.54,2.0,9,101200.0,9999999
59287,0,6858,28.9,17.6,16.0,10.0,27.8,291.25,2.0,9,101200.0,9999999
59287,0,6859,28.1,17.6,0.0,0.0,27.8,292.32,2.0,6,101200.0,9999999
59287,0,6860,27.4,17.49,0.0,0.0,27.8,292.14,2.0,8,101200.0,9999999
59287,0,6861,26.8,17.28,0.0,0.0,27.8,289.09,2.0,8,101200.0,9999999
59287,0,6862,26.2,17.17,0.0,0.0,27.8,288.54,2.0,11,101200.0,9999999
59287,0,6863,25.8,16.96,0.0,0.0,27.8,289.09,2.0,9,101200.0,9999999
59287,0,6864,25.4,16.85,0.0,0.0,27.8,288.72,2.0,8,101240.0,9999999
59287,0,6865,25.1,16.65,0.0,0.0,27.8,290.89,2.0,15,101240.0,9999999
59287,0,6866,24.8,16.54,0.0,0.0,27.8,291.43,2.0,5,101240.0,9999999
59287,0,6867,24.6,16.44,0.0,0.0,27.8,292.32,2.0,6,101240.0,9999999
59287,0,6868,24.4,16.34,0.0,0.0,27.8,286.68,2.0,6,101240.0,9999999
59287,0,6869,24.2,16.24,0.0,0.0,27.8,291.96,2.0,5,101240.0,9999999
59287,0,6870,24.2,16.04,0.0,0.0,27.8,290.72,2.0,11,101240.0,9999999
59287,0,6871,24.5,16.04,39.0,22.0,27.8,287.8,2.0,4,101240.0,9999999
59287,0,6872,25.3,16.24,86.0,86.0,27.8,289.27,3.0,4,101240.0,9999999
59287,0,6873,26.2,16.24,163.0,163.0,27.8,291.07,3.0,10,101240.0,9999999
59287,0,6874,27.1,15.94,541.0,309.0,27.8,293.55,3.0,10,101240.0,9999999
59287,0,6875,28.0,15.64,294.0,294.0,27.8,294.24,3.0,6,101240.0,9999999
59287,0,6876,29.0,15.35,741.0,424.0,27.8,292.49,3.0,11,101240.0,9999999
59287,0,6877,29.9,15.25,323.0,323.0,27.8,294.07,3.0,14,101240.0,9999999
59287,0,6878,30.8,15.54,289.0,289.0,27.8,296.97,3.0,7,101240.0,9999999
59287,0,6879,31.4,16.24,522.0,299.0,27.8,291.96,3.0,7,101240.0,9999999
59287,0,6880,31.1,16.65,352.0,201.0,27.8,294.93,3.0,4,101240.0,9999999
59287,0,6881,30.4,17.06,176.0,101.0,27.8,298.14,3.0,2,101240.0,9999999
59287,0,6882,29.5,17.28,10.0,10.0,27.8,298.81,3.0,5,101240.0,9999999
59287,0,6883,28.5,17.38,0.0,0.0,27.8,294.24,3.0,11,101240.0,9999999
59287,0,6884,27.5,17.28,0.0,0.0,27.8,293.37,2.0,8,101240.0,9999999
59287,0,6885,26.8,17.28,0.0,0.0,27.8,291.43,2.0,7,101240.0,9999999
59287,0,6886,26.2,17.17,0.0,0.0,27.8,291.43,2.0,12,101240.0,9999999
59287,0,6887,25.8,17.06,0.0,0.0,27.8,289.09,2.0,9,101240.0,9999999
59287,0,6888,25.4,16.96,0.0,0.0,27.8,289.45,2.0,14,101330.0,9999999
59287,0,6889,25.1,16.75,0.0,0.0,27.8,287.43,2.0,3,101330.0,9999999
59287,0,6890,24.8,16.54,0.0,0.0,27.8,291.43,2.0,4,101330.0,9999999
59287,0,6891,24.4,16.24,0.0,0.0,27.8,290.89,2.0,14,101330.0,9999999
59287,0,6892,24.0,15.94,0.0,0.0,27.8,289.09,2.0,6,101330.0,9999999
59287,0,6893,23.7,15.64,0.0,0.0,27.8,284.6,2.0,4,101330.0,9999999
59287,0,6894,23.6,15.45,0.0,0.0,27.8,287.99,2.0,6,101330.0,9999999
59287,0,6895,23.8,15.45,40.0,22.0,27.8,288.72,2.0,16,101330.0,9999999
59287,0,6896,24.2,15.35,90.0,90.0,27.8,287.24,3.0,5,101330.0,9999999
59287,0,6897,24.7,15.25,392.0,214.0,27.8,286.68,3.0,10,101330.0,9999999
59287,0,6898,25.3,14.97,570.0,310.0,27.8,292.67,3.0,16,101330.0,9999999
59287,0,6899,26.1,14.88,309.0,309.0,27.8,292.32,3.0,6,101330.0,9999999
59287,0,6900,27.1,14.88,341.0,341.0,27.8,288.9,3.0,5,101330.0,9999999
59287,0,6901,28.4,15.35,776.0,423.0,27.8,290.18,3.0,7,101330.0,9999999
59287,0,6902,29.9,16.44,694.0,378.0,27.8,295.44,3.0,7,101330.0,9999999
59287,0,6903,31.1,17.71,240.0,240.0,27.8,296.97,3.0,11,101330.0,9999999
59287,0,6904,30.9,17.93,161.0,161.0,27.8,291.79,3.0,8,101330.0,9999999
59287,0,6905,30.2,17.93,81.0,81.0,27.8,294.24,3.0,4,101330.0,9999999
59287,0,6906,29.3,17.93,10.0,10.0,27.8,297.31,3.0,10,101330.0,9999999
59287,0,6907,28.4,17.71,0.0,0.0,27.8,294.24,3.0,8,101330.0,9999999
59287,0,6908,27.5,17.6,0.0,0.0,27.8,293.37,2.0,11,101330.0,9999999
59287,0,6909,26.8,17.38,0.0,0.0,27.8,289.27,2.0,9,101330.0,9999999
59287,0,6910,26.4,17.28,0.0,0.0,27.8,293.02,2.0,1,101330.0,9999999
59287,0,6911,26.0,17.28,0.0,0.0,27.8,291.25,2.0,7,101330.0,9999999
59287,0,6912,25.8,17.28,0.0,0.0,27.8,289.27,2.0,10,101320.0,9999999
59287,0,6913,25.7,17.28,0.0,0.0,27.8,295.1,2.0,8,101320.0,9999999
59287,0,6914,25.5,17.28,0.0,0.0,27.8,290.18,2.0,5,101320.0,9999999
59287,0,6915,25.3,17.28,0.0,0.0,27.8,291.25,2.0,5,101320.0,9999999
59287,0,6916,25.1,17.28,0.0,0.0,27.8,291.07,2.0,4,101320.0,9999999
59287,0,6917,25.0,17.28,0.0,0.0,27.8,288.35,2.0,7,101320.0,9999999
59287,0,6918,24.9,17.17,0.0,0.0,27.8,287.24,2.0,11,101320.0,9999999
59287,0,6919,25.2,17.28,42.0,22.0,27.8,289.81,2.0,3,101320.0,9999999
59287,0,6920,25.8,17.38,222.0,118.0,27.8,291.61,2.0,3,101320.0,9999999
59287,0,6921,26.5,17.28,424.0,226.0,27.8,287.62,2.0,9,101320.0,9999999
59287,0,6922,27.4,16.96,256.0,256.0,27.8,295.1,2.0,6,101320.0,9999999
59287,0,6923,28.3,16.65,318.0,318.0,27.8,295.96,2.0,4,101320.0,9999999
59287,0,6924,29.3,16.34,846.0,451.0,27.8,295.79,2.0,8,101320.0,9999999
59287,0,6925,30.4,16.34,841.0,448.0,27.8,295.27,2.0,1,101320.0,9999999
59287,0,6926,31.5,16.85,312.0,312.0,27.8,294.59,4.0,7,101320.0,9999999
59287,0,6927,32.3,17.6,247.0,247.0,27.8,298.97,4.0,16,101320.0,9999999
59287,0,6928,32.0,17.93,166.0,166.0,27.8,297.81,4.0,1,101320.0,9999999
59287,0,6929,31.3,18.15,82.0,82.0,27.8,299.14,4.0,10,101320.0,9999999
59287,0,6930,30.3,18.15,9.0,9.0,27.8,294.41,4.0,10,101320.0,9999999
59287,0,6931,29.2,18.15,0.0,0.0,27.8,296.13,4.0,2,101320.0,9999999
59287,0,6932,28.3,18.15,0.0,0.0,27.8,294.24,2.0,7,101320.0,9999999
59287,0,6933,27.7,18.26,0.0,0.0,27.8,291.96,2.0,8,101320.0,9999999
59287,0,6934,27.3,18.38,0.0,0.0,27.8,288.54,2.0,5,101320.0,9999999
59287,0,6935,27.0,18.49,0.0,0.0,27.8,291.43,2.0,1,101320.0,9999999
59287,0,6936,26.9,18.72,0.0,0.0,27.8,293.02,2.0,9,101470.0,9999999
59287,0,6937,26.7,18.72,0.0,0.0,27.8,289.45,2.0,13,101470.0,9999999
59287,0,6938,26.4,18.72,0.0,0.0,27.8,291.43,0.0,0,101470.0,9999999
59287,0,6939,26.0,18.49,0.0,0.0,27.8,291.43,0.0,5,101470.0,9999999
59287,0,6940,25.5,18.15,0.0,0.0,27.8,289.09,0.0,4,101470.0,9999999
59287,0,6941,25.1,17.82,0.0,0.0,27.8,287.62,0.0,13,101470.0,9999999
59287,0,6942,24.9,17.6,0.0,0.0,27.8,294.41,0.0,12,101470.0,9999999
59287,0,6943,25.5,17.82,36.0,21.0,27.8,288.9,0.0,3,101470.0,9999999
59287,0,6944,26.6,18.49,198.0,116.0,27.8,294.76,0.0,0,101470.0,9999999
59287,0,6945,27.6,18.49,158.0,158.0,27.8,288.9,0.0,8,101470.0,9999999
59287,0,6946,28.5,18.15,230.0,230.0,27.8,290.89,0.0,0,101470.0,9999999
59287,0,6947,29.2,17.38,688.0,403.0,27.8,290.18,0.0,3,101470.0,9999999
59287,0,6948,30.0,16.75,315.0,315.0,27.8,295.61,0.0,0,101470.0,9999999
59287,0,6949,31.0,16.44,313.0,313.0,27.8,293.02,0.0,12,101470.0,9999999
59287,0,6950,32.1,16.75,674.0,395.0,27.8,294.24,2.0,3,101470.0,9999999
59287,0,6951,33.0,17.71,222.0,222.0,27.8,296.97,2.0,5,101470.0,9999999
59287,0,6952,32.7,17.93,358.0,210.0,27.8,294.93,2.0,9,101470.0,9999999
59287,0,6953,31.9,18.15,177.0,104.0,27.8,298.64,2.0,16,101470.0,9999999
59287,0,6954,30.8,18.26,8.0,8.0,27.8,300.44,2.0,7,101470.0,9999999
59287,0,6955,29.9,18.38,0.0,0.0,27.8,294.07,2.0,14,101470.0,9999999
59287,0,6956,29.4,18.61,0.0,0.0,27.8,294.24,0.0,0,101470.0,9999999
59287,0,6957,29.3,18.95,0.0,0.0,27.8,292.85,0.0,14,101470.0,9999999
59287,0,6958,28.9,18.84,0.0,0.0,27.8,298.64,0.0,13,101470.0,9999999
59287,0,6959,28.2,18.15,0.0,0.0,27.8,294.24,0.0,3,101470.0,9999999
59287,0,6960,27.5,17.38,0.0,0.0,27.8,290.89,0.0,14,101700.0,9999999
59287,0,6961,26.9,16.85,0.0,0.0,27.8,290.18,0.0,11,101700.0,9999999
59287,0,6962,26.6,16.85,0.0,0.0,27.8,291.25,1.0,3,101700.0,9999999
59287,0,6963,26.2,16.96,0.0,0.0,27.8,288.54,1.0,7,101700.0,9999999
59287,0,6964,25.4,16.65,0.0,0.0,27.8,289.45,1.0,1,101700.0,9999999
59287,0,6965,24.5,16.34,0.0,0.0,27.8,291.07,1.0,12,101700.0,9999999
59287,0,6966,23.8,16.04,0.0,0.0,27.8,289.45,1.0,4,101700.0,9999999
59287,0,6967,23.6,16.04,24.0,16.0,27.8,288.17,1.0,11,101700.0,9999999
59287,0,6968,23.9,16.24,135.0,91.0,27.8,291.61,2.0,3,101700.0,9999999
59287,0,6969,24.6,16.44,260.0,175.0,27.8,292.32,2.0,16,101700.0,9999999
59287,0,6970,25.5,16.65,380.0,255.0,27.8,287.8,2.0,4,101700.0,9999999
59287,0,6971,26.5,16.75,224.0,224.0,27.8,294.24,2.0,8,101700.0,9999999
59287,0,6972,27.4,16.75,247.0,247.0,27.8,294.07,2.0,11,101700.0,9999999
59287,0,6973,28.1,16.54,519.0,349.0,27.8,291.96,2.0,15,101700.0,9999999
59287,0,6974,28.5,16.34,464.0,311.0,27.8,297.64,2.0,5,101700.0,9999999
59287,0,6975,28.4,16.14,173.0,173.0,27.8,295.96,2.0,3,101700.0,9999999
59287,0,6976,27.9,16.04,245.0,165.0,27.8,288.54,2.0,6,101700.0,9999999
59287,0,6977,27.1,15.84,57.0,57.0,27.8,294.59,2.0,4,101700.0,9999999
59287,0,6978,26.3,15.64,6.0,6.0,27.8,286.87,2.0,7,101700.0,9999999
59287,0,6979,25.4,15.45,0.0,0.0,27.8,290.89,2.0,11,101700.0,9999999
59287,0,6980,24.7,15.25,0.0,0.0,27.8,288.9,1.0,3,101700.0,9999999
59287,0,6981,24.2,15.16,0.0,0.0,27.8,287.24,1.0,11,101700.0,9999999
59287,0,6982,24.0,14.97,0.0,0.0,27.8,287.62,1.0,7,101700.0,9999999
59287,0,6983,23.9,14.97,0.0,0.0,27.8,287.62,1.0,7,101700.0,9999999
59287,0,6984,23.9,14.78,0.0,0.0,27.8,289.27,1.0,5,101760.0,9999999
59287,0,6985,23.9,14.69,0.0,0.0,27.8,287.99,1.0,6,101760.0,9999999
59287,0,6986,23.8,14.42,0.0,0.0,27.8,292.67,1.0,16,101760.0,9999999
59287,0,6987,23.6,14.15,0.0,0.0,27.8,288.9,1.0,12,101760.0,9999999
59287,0,6988,23.4,13.79,0.0,0.0,27.8,283.84,1.0,15,101760.0,9999999
59287,0,6989,23.2,13.53,0.0,0.0,27.8,287.62,1.0,4,101760.0,9999999
59287,0,6990,23.3,13.45,0.0,0.0,27.8,287.62,1.0,5,101760.0,9999999
59287,0,6991,23.6,13.53,45.0,24.0,27.8,287.43,1.0,15,101760.0,9999999
59287,0,6992,24.3,13.88,93.0,93.0,27.8,284.6,1.0,3,101760.0,9999999
59287,0,6993,25.5,14.6,181.0,181.0,27.8,294.24,1.0,2,101760.0,9999999
59287,0,6994,26.8,15.45,264.0,264.0,27.8,292.14,1.0,16,101760.0,9999999
59287,0,6995,27.9,16.04,329.0,329.0,27.8,295.44,1.0,6,101760.0,9999999
59287,0,6996,28.4,16.24,1049.0,547.0,27.8,289.09,1.0,4,101760.0,9999999
59287,0,6997,28.1,15.64,361.0,361.0,27.8,297.14,1.0,10,101760.0,9999999
59287,0,6998,27.3,14.78,930.0,485.0,27.8,294.59,2.0,15,101760.0,9999999
59287,0,6999,27.0,14.51,255.0,255.0,27.8,291.07,2.0,3,101760.0,9999999
59287,0,7000,26.1,13.88,170.0,170.0,27.8,294.76,2.0,10,101760.0,9999999
59287,0,7001,25.0,13.11,83.0,83.0,27.8,286.5,2.0,13,101760.0,9999999
59287,0,7002,23.7,12.22,8.0,8.0,27.8,291.96,2.0,9,101760.0,9999999
59287,0,7003,22.4,11.46,0.0,0.0,27.8,282.08,2.0,2,101760.0,9999999
59287,0,7004,21.3,10.74,0.0,0.0,27.8,284.99,2.0,4,101760.0,9999999
59287,0,7005,20.6,10.26,0.0,0.0,27.8,284.03,2.0,2,101760.0,9999999
59287,0,7006,20.1,9.93,0.0,0.0,27.8,283.64,2.0,3,101760.0,9999999
59287,0,7007,19.9,9.74,0.0,0.0,27.8,282.28,2.0,6,101760.0,9999999
59287,0,7008,19.8,9.54,0.0,0.0,27.8,284.6,2.0,3,102080.0,9999999
59287,0,7009,19.7,9.48,0.0,0.0,27.8,278.89,2.0,6,102080.0,9999999
59287,0,7010,19.5,9.48,0.0,0.0,27.8,286.87,2.0,1,102080.0,9999999
59287,0,7011,19.2,9.42,0.0,0.0,27.8,280.7,2.0,1,102080.0,9999999
59287,0,7012,18.8,9.36,0.0,0.0,27.8,280.9,2.0,15,102080.0,9999999
59287,0,7013,18.4,9.36,0.0,0.0,27.8,285.74,2.0,15,102080.0,9999999
59287,0,7014,18.3,9.29,0.0,0.0,27.8,279.7,2.0,6,102080.0,9999999
59287,0,7015,18.4,9.17,32.0,11.0,27.8,280.5,2.0,3,102080.0,9999999
59287,0,7016,18.6,8.93,284.0,68.0,27.8,280.7,2.0,14,102080.0,9999999
59287,0,7017,19.0,8.46,552.0,133.0,27.8,285.93,2.0,16,102080.0,9999999
59287,0,7018,19.5,7.8,808.0,194.0,27.8,279.49,2.0,13,102080.0,9999999
59287,0,7019,20.3,7.04,689.0,244.0,27.8,278.48,2.0,14,102080.0,9999999
59287,0,7020,21.2,6.25,448.0,448.0,27.8,278.89,2.0,4,102080.0,9999999
59287,0,7021,22.4,5.58,757.0,268.0,27.8,287.8,2.0,1,102080.0,9999999
59287,0,7022,23.7,5.11,397.0,397.0,27.8,280.7,4.0,3,102080.0,9999999
59287,0,7023,24.7,4.89,313.0,313.0,27.8,287.06,4.0,16,102080.0,9999999
59287,0,7024,24.5,4.68,356.0,126.0,27.8,285.18,4.0,4,102080.0,9999999
59287,0,7025,24.0,4.68,102.0,102.0,27.8,280.5,4.0,12,102080.0,9999999
59287,0,7026,23.2,4.86,15.0,5.0,27.8,284.6,4.0,9,102080.0,9999999
59287,0,7027,22.3,5.11,0.0,0.0,27.8,285.93,4.0,2,102080.0,9999999
59287,0,7028,21.4,5.42,0.0,0.0,27.8,285.37,3.0,3,102080.0,9999999
59287,0,7029,20.6,5.7,0.0,0.0,27.8,282.67,3.0,10,102080.0,9999999
59287,0,7030,19.9,5.99,0.0,0.0,27.8,282.28,3.0,1,102080.0,9999999
59287,0,7031,19.2,6.21,0.0,0.0,27.8,277.04,3.0,5,102080.0,9999999
59287,0,7032,18.6,6.3,0.0,0.0,27.8,283.06,3.0,1,102200.0,9999999
59287,0,7033,18.0,6.3,0.0,0.0,27.8,278.27,3.0,11,102200.0,9999999
59287,0,7034,17.4,6.12,0.0,0.0,27.8,276.62,3.0,3,102200.0,9999999
59287,0,7035,16.8,5.78,0.0,0.0,27.8,279.9,3.0,7,102200.0,9999999
59287,0,7036,16.2,5.34,0.0,0.0,27.8,277.66,3.0,3,102200.0,9999999
59287,0,7037,15.8,4.89,0.0,0.0,27.8,275.15,3.0,16,102200.0,9999999
59287,0,7038,15.6,4.48,0.0,0.0,27.8,277.86,3.0,15,102200.0,9999999
59287,0,7039,15.9,4.15,19.0,5.0,27.8,273.87,3.0,7,102200.0,9999999
59287,0,7040,16.4,3.91,239.0,43.0,27.8,275.79,5.0,4,102200.0,9999999
59287,0,7041,16.8,3.62,467.0,84.0,27.8,276.0,5.0,12,102200.0,9999999
59287,0,7042,17.1,3.4,353.0,95.0,27.8,276.62,5.0,9,102200.0,9999999
59287,0,7043,17.6,3.27,854.0,153.0,27.8,274.73,5.0,11,102200.0,9999999
59287,0,7044,18.4,3.29,944.0,169.0,27.8,276.41,5.0,13,102200.0,9999999
59287,0,7045,19.6,3.51,483.0,130.0,27.8,283.64,5.0,4,102200.0,9999999
59287,0,7046,21.4,4.09,837.0,150.0,27.8,282.48,3.0,5,102200.0,9999999
59287,0,7047,23.0,4.93,340.0,92.0,27.8,281.29,3.0,3,102200.0,9999999
59287,0,7048,22.7,5.42,439.0,79.0,27.8,287.99,3.0,3,102200.0,9999999
59287,0,7049,21.9,5.74,213.0,38.0,27.8,282.87,3.0,5,102200.0,9999999
59287,0,7050,20.9,5.95,16.0,3.0,27.8,282.08,3.0,4,102200.0,9999999
59287,0,7051,19.8,5.95,0.0,0.0,27.8,285.55,3.0,5,102200.0,9999999
59287,0,7052,18.8,5.87,0.0,0.0,27.8,280.5,1.0,3,102200.0,9999999
59287,0,7053,18.1,5.66,0.0,0.0,27.8,280.3,1.0,9,102200.0,9999999
59287,0,7054,17.6,5.38,0.0,0.0,27.8,279.7,1.0,15,102200.0,9999999
59287,0,7055,17.3,5.08,0.0,0.0,27.8,274.52,1.0,2,102200.0,9999999
59287,0,7056,17.0,4.75,0.0,0.0,27.8,280.5,1.0,8,102140.0,9999999
59287,0,7057,16.6,4.48,0.0,0.0,27.8,273.44,1.0,9,102140.0,9999999
59287,0,7058,16.2,4.22,0.0,0.0,27.8,280.9,3.0,3,102140.0,9999999
59287,0,7059,15.6,4.0,0.0,0.0,27.8,272.14,3.0,16,102140.0,9999999
59287,0,7060,14.9,3.88,0.0,0.0,27.8,274.94,3.0,10,102140.0,9999999
59287,0,7061,14.4,3.82,0.0,0.0,27.8,274.94,3.0,12,102140.0,9999999
59287,0,7062,14.2,3.85,0.0,0.0,27.8,273.66,3.0,6,102140.0,9999999
59287,0,7063,14.6,4.0,29.0,9.0,27.8,277.66,3.0,9,102140.0,9999999
59287,0,7064,15.5,4.25,114.0,114.0,27.8,277.66,4.0,3,102140.0,9999999
59287,0,7065,16.6,4.48,380.0,112.0,27.8,278.07,4.0,12,102140.0,9999999
59287,0,7066,17.8,4.65,558.0,164.0,27.8,279.29,4.0,15,102140.0,9999999
59287,0,7067,19.0,4.79,697.0,205.0,27.8,282.67,4.0,2,102140.0,9999999
59287,0,7068,20.3,4.97,981.0,195.0,27.8,280.9,4.0,8,102140.0,9999999
59287,0,7069,21.6,5.19,766.0,225.0,27.8,286.87,4.0,10,102140.0,9999999
59287,0,7070,22.8,5.54,402.0,402.0,27.8,283.06,2.0,11,102140.0,9999999
59287,0,7071,23.6,5.95,538.0,158.0,27.8,289.27,2.0,5,102140.0,9999999
59287,0,7072,23.3,6.08,358.0,105.0,27.8,282.08,2.0,3,102140.0,9999999
59287,0,7073,22.5,6.08,173.0,51.0,27.8,284.79,2.0,12,102140.0,9999999
59287,0,7074,21.5,6.04,15.0,3.0,27.8,285.74,2.0,13,102140.0,9999999
59287,0,7075,20.5,5.87,0.0,0.0,27.8,281.49,2.0,4,102140.0,9999999
59287,0,7076,19.5,5.66,0.0,0.0,27.8,281.69,2.0,1,102140.0,9999999
59287,0,7077,18.8,5.46,0.0,0.0,27.8,279.7,2.0,10,102140.0,9999999
59287,0,7078,18.4,5.27,0.0,0.0,27.8,275.79,2.0,15,102140.0,9999999
59287,0,7079,18.1,5.08,0.0,0.0,27.8,276.62,2.0,16,102140.0,9999999
59287,0,7080,17.9,4.89,0.0,0.0,27.8,276.21,2.0,11,102040.0,9999999
59287,0,7081,17.6,4.75,0.0,0.0,27.8,274.52,2.0,12,102040.0,9999999
59287,0,7082,17.1,4.58,0.0,0.0,27.8,278.07,3.0,3,102040.0,9999999
59287,0,7083,16.4,4.48,0.0,0.0,27.8,276.83,3.0,12,102040.0,9999999
59287,0,7084,15.7,4.38,0.0,0.0,27.8,277.25,3.0,1,102040.0,9999999
59287,0,7085,15.1,4.38,0.0,0.0,27.8,274.3,3.0,6,102040.0,9999999
59287,0,7086,14.9,4.41,0.0,0.0,27.8,274.09,3.0,12,102040.0,9999999
59287,0,7087,15.3,4.58,17.0,5.0,27.8,277.04,3.0,11,102040.0,9999999
59287,0,7088,16.3,4.86,224.0,46.0,27.8,273.44,3.0,1,102040.0,9999999
59287,0,7089,17.4,5.0,440.0,90.0,27.8,281.1,3.0,6,102040.0,9999999
59287,0,7090,18.6,5.08,648.0,132.0,27.8,279.29,3.0,4,102040.0,9999999
59287,0,7091,19.8,5.11,418.0,126.0,27.8,284.99,3.0,6,102040.0,9999999
59287,0,7092,21.1,5.15,896.0,182.0,27.8,280.5,3.0,2,102040.0,9999999
59287,0,7093,22.5,5.3,460.0,138.0,27.8,284.41,3.0,1,102040.0,9999999
59287,0,7094,24.1,5.62,793.0,162.0,27.8,284.99,2.0,1,102040.0,9999999
59287,0,7095,25.2,6.08,625.0,127.0,27.8,286.31,2.0,11,102040.0,9999999
59287,0,7096,24.9,6.25,214.0,64.0,27.8,287.24,2.0,8,102040.0,9999999
59287,0,7097,24.0,6.3,199.0,40.0,27.8,286.5,2.0,7,102040.0,9999999
59287,0,7098,22.9,6.3,6.0,2.0,27.8,282.87,2.0,8,102040.0,9999999
59287,0,7099,21.7,6.25,0.0,0.0,27.8,279.49,2.0,13,102040.0,9999999
59287,0,7100,20.7,6.12,0.0,0.0,27.8,281.89,2.0,3,102040.0,9999999
59287,0,7101,20.0,6.04,0.0,0.0,27.8,278.89,2.0,16,102040.0,9999999
59287,0,7102,19.5,5.91,0.0,0.0,27.8,278.48,2.0,14,102040.0,9999999
59287,0,7103,19.1,5.82,0.0,0.0,27.8,278.07,2.0,13,102040.0,9999999
59287,0,7104,18.9,5.74,0.0,0.0,27.8,281.89,2.0,4,101900.0,9999999
59287,0,7105,18.5,5.66,0.0,0.0,27.8,279.09,2.0,16,101900.0,9999999
59287,0,7106,18.0,5.54,0.0,0.0,27.8,277.86,3.0,3,101900.0,9999999
59287,0,7107,17.3,5.42,0.0,0.0,27.8,279.29,3.0,2,101900.0,9999999
59287,0,7108,16.5,5.3,0.0,0.0,27.8,280.5,3.0,12,101900.0,9999999
59287,0,7109,15.9,5.23,0.0,0.0,27.8,277.86,3.0,5,101900.0,9999999
59287,0,7110,15.6,5.27,0.0,0.0,27.8,273.01,3.0,3,101900.0,9999999
59287,0,7111,16.2,5.46,26.0,8.0,27.8,277.25,3.0,5,101900.0,9999999
59287,0,7112,17.5,5.91,112.0,112.0,27.8,279.29,2.0,9,101900.0,9999999
59287,0,7113,19.1,6.25,222.0,222.0,27.8,283.64,2.0,2,101900.0,9999999
59287,0,7114,20.9,6.52,557.0,179.0,27.8,282.28,2.0,12,101900.0,9999999
59287,0,7115,22.5,6.71,696.0,224.0,27.8,287.06,2.0,8,101900.0,9999999
59287,0,7116,24.0,6.75,453.0,453.0,27.8,290.18,2.0,11,101900.0,9999999
59287,0,7117,25.1,6.71,450.0,450.0,27.8,284.22,2.0,11,101900.0,9999999
59287,0,7118,25.7,6.66,682.0,220.0,27.8,291.79,1.0,15,101900.0,9999999
59287,0,7119,25.8,6.61,845.0,186.0,27.8,289.09,1.0,4,101900.0,9999999
59287,0,7120,25.5,6.71,559.0,123.0,27.8,286.87,1.0,8,101900.0,9999999
59287,0,7121,24.6,6.71,170.0,55.0,27.8,283.84,1.0,1,101900.0,9999999
59287,0,7122,23.5,6.61,5.0,5.0,27.8,283.64,1.0,16,101900.0,9999999
59287,0,7123,22.3,6.48,0.0,0.0,27.8,282.48,1.0,14,101900.0,9999999
59287,0,7124,21.2,6.34,0.0,0.0,27.8,281.29,2.0,1,101900.0,9999999
59287,0,7125,20.4,6.16,0.0,0.0,27.8,281.69,2.0,16,101900.0,9999999
59287,0,7126,19.8,5.99,0.0,0.0,27.8,277.45,2.0,3,101900.0,9999999
59287,0,7127,19.3,5.87,0.0,0.0,27.8,276.83,2.0,7,101900.0,9999999
59287,0,7128,18.9,5.7,0.0,0.0,27.8,280.5,2.0,2,101650.0,9999999
59287,0,7129,18.5,5.58,0.0,0.0,27.8,282.67,2.0,3,101650.0,9999999
59287,0,7130,18.1,5.46,0.0,0.0,27.8,278.48,2.0,1,101650.0,9999999
59287,0,7131,17.5,5.3,0.0,0.0,27.8,278.48,2.0,13,101650.0,9999999
59287,0,7132,16.9,5.23,0.0,0.0,27.8,279.7,2.0,8,101650.0,9999999
59287,0,7133,16.5,5.15,0.0,0.0,27.8,281.89,2.0,3,101650.0,9999999
59287,0,7134,16.3,5.19,0.0,0.0,27.8,276.0,2.0,9,101650.0,9999999
59287,0,7135,16.6,5.34,24.0,9.0,27.8,276.41,2.0,9,101650.0,9999999
59287,0,7136,17.6,5.66,365.0,91.0,27.8,277.45,2.0,15,101650.0,9999999
59287,0,7137,19.0,6.08,641.0,159.0,27.8,281.49,2.0,12,101650.0,9999999
59287,0,7138,20.7,6.57,538.0,196.0,27.8,278.68,2.0,7,101650.0,9999999
59287,0,7139,22.4,7.09,395.0,395.0,27.8,284.6,2.0,7,101650.0,9999999
59287,0,7140,24.1,7.49,438.0,438.0,27.8,285.37,2.0,13,101650.0,9999999
59287,0,7141,25.5,7.86,740.0,270.0,27.8,285.18,2.0,13,101650.0,9999999
59287,0,7142,26.4,8.02,388.0,388.0,27.8,289.45,2.0,15,101650.0,9999999
59287,0,7143,26.7,8.02,518.0,189.0,27.8,284.99,2.0,1,101650.0,9999999
59287,0,7144,26.4,7.86,201.0,201.0,27.8,290.18,2.0,2,101650.0,9999999
59287,0,7145,25.5,7.54,163.0,59.0,27.8,285.93,2.0,13,101650.0,9999999
59287,0,7146,24.4,7.14,7.0,3.0,27.8,283.84,2.0,7,101650.0,9999999
59287,0,7147,23.1,6.85,0.0,0.0,27.8,285.18,2.0,13,101650.0,9999999
59287,0,7148,22.0,6.66,0.0,0.0,27.8,284.03,2.0,1,101650.0,9999999
59287,0,7149,21.2,6.61,0.0,0.0,27.8,285.74,2.0,4,101650.0,9999999
59287,0,7150,20.6,6.71,0.0,0.0,27.8,282.08,2.0,15,101650.0,9999999
59287,0,7151,20.2,6.85,0.0,0.0,27.8,283.84,2.0,6,101650.0,9999999
59287,0,7152,20.0,7.04,0.0,0.0,27.8,284.79,2.0,1,101530.0,9999999
59287,0,7153,19.7,7.14,0.0,0.0,27.8,283.45,2.0,12,101530.0,9999999
59287,0,7154,19.3,7.19,0.0,0.0,27.8,283.06,1.0,3,101530.0,9999999
59287,0,7155,18.8,7.09,0.0,0.0,27.8,277.04,1.0,7,101530.0,9999999
59287,0,7156,18.3,6.9,0.0,0.0,27.8,280.1,1.0,13,101530.0,9999999
59287,0,7157,17.9,6.71,0.0,0.0,27.8,279.49,1.0,5,101530.0,9999999
59287,0,7158,17.7,6.57,0.0,0.0,27.8,279.29,1.0,3,101530.0,9999999
59287,0,7159,18.1,6.66,21.0,9.0,27.8,280.3,1.0,8,101530.0,9999999
59287,0,7160,19.1,6.94,102.0,102.0,27.8,281.89,1.0,1,101530.0,9999999
59287,0,7161,20.3,7.29,203.0,203.0,27.8,285.18,1.0,6,101530.0,9999999
59287,0,7162,21.6,7.65,512.0,206.0,27.8,286.68,1.0,16,101530.0,9999999
59287,0,7163,22.9,8.07,377.0,377.0,27.8,283.64,1.0,2,101530.0,9999999
59287,0,7164,24.2,8.46,417.0,417.0,27.8,288.35,1.0,4,101530.0,9999999
59287,0,7165,25.4,8.87,705.0,283.0,27.8,286.5,1.0,1,101530.0,9999999
59287,0,7166,26.6,9.23,1002.0,280.0,27.8,289.09,2.0,13,101530.0,9999999
59287,0,7167,27.3,9.48,493.0,198.0,27.8,293.02,2.0,10,101530.0,9999999
59287,0,7168,27.0,9.23,191.0,191.0,27.8,289.45,2.0,5,101530.0,9999999
59287,0,7169,26.2,8.87,90.0,90.0,27.8,289.09,2.0,16,101530.0,9999999
59287,0,7170,25.1,8.52,6.0,2.0,27.8,286.12,2.0,16,101530.0,9999999
59287,0,7171,23.9,8.18,0.0,0.0,27.8,285.55,2.0,4,101530.0,9999999
59287,0,7172,22.8,8.07,0.0,0.0,27.8,286.12,0.0,0,101530.0,9999999
59287,0,7173,21.9,8.13,0.0,0.0,27.8,284.03,0.0,15,101530.0,9999999
59287,0,7174,21.1,8.35,0.0,0.0,27.8,282.87,0.0,11,101530.0,9999999
59287,0,7175,20.6,8.64,0.0,0.0,27.8,279.49,0.0,10,101530.0,9999999
59287,0,7176,20.1,8.87,0.0,0.0,27.8,287.24,0.0,12,101470.0,9999999
59287,0,7177,19.6,9.05,0.0,0.0,27.8,280.9,0.0,8,101470.0,9999999
59287,0,7178,19.1,9.11,0.0,0.0,27.8,282.87,1.0,5,101470.0,9999999
59287,0,7179,18.6,8.93,0.0,0.0,27.8,283.06,1.0,13,101470.0,9999999
59287,0,7180,18.0,8.58,0.0,0.0,27.8,279.9,1.0,5,101470.0,9999999
59287,0,7181,17.6,8.24,0.0,0.0,27.8,281.1,1.0,8,101470.0,9999999
59287,0,7182,17.5,7.86,0.0,0.0,27.8,281.69,1.0,1,101470.0,9999999
59287,0,7183,18.1,7.8,21.0,8.0,27.8,284.79,1.0,5,101470.0,9999999
59287,0,7184,19.5,8.02,103.0,103.0,27.8,279.49,1.0,2,101470.0,9999999
59287,0,7185,20.9,8.13,207.0,207.0,27.8,284.99,1.0,7,101470.0,9999999
59287,0,7186,22.2,8.07,522.0,199.0,27.8,283.06,1.0,8,101470.0,9999999
59287,0,7187,23.5,8.07,384.0,384.0,27.8,283.45,1.0,1,101470.0,9999999
59287,0,7188,24.8,8.07,725.0,277.0,27.8,287.43,1.0,10,101470.0,9999999
59287,0,7189,26.1,8.35,423.0,423.0,27.8,287.62,1.0,14,101470.0,9999999
59287,0,7190,27.4,8.99,641.0,245.0,27.8,292.85,1.0,13,101470.0,9999999
59287,0,7191,28.3,9.93,296.0,296.0,27.8,294.07,1.0,6,101470.0,9999999
59287,0,7192,27.9,10.53,331.0,127.0,27.8,288.54,1.0,14,101470.0,9999999
59287,0,7193,26.8,10.88,322.0,85.0,27.8,290.89,1.0,10,101470.0,9999999
59287,0,7194,25.3,11.02,11.0,3.0,27.8,286.12,1.0,12,101470.0,9999999
59287,0,7195,23.7,10.95,0.0,0.0,27.8,289.99,1.0,1,101470.0,9999999
59287,0,7196,22.2,10.88,0.0,0.0,27.8,284.79,0.0,0,101470.0,9999999
59287,0,7197,21.1,10.81,0.0,0.0,27.8,284.22,0.0,16,101470.0,9999999
59287,0,7198,20.3,10.74,0.0,0.0,27.8,283.45,0.0,11,101470.0,9999999
59287,0,7199,19.8,10.74,0.0,0.0,27.8,286.12,0.0,12,101470.0,9999999
59287,0,7200,19.5,10.74,0.0,0.0,27.8,284.6,0.0,11,101450.0,9999999
59287,0,7201,19.3,10.6,0.0,0.0,27.8,281.89,0.0,1,101450.0,9999999
59287,0,7202,19.1,10.33,0.0,0.0,27.8,280.9,0.0,0,101450.0,9999999
59287,0,7203,18.9,9.93,0.0,0.0,27.8,278.27,0.0,5,101450.0,9999999
59287,0,7204,18.7,9.42,0.0,0.0,27.8,280.9,0.0,13,101450.0,9999999
59287,0,7205,18.6,8.87,0.0,0.0,27.8,281.1,0.0,0,101450.0,9999999
59287,0,7206,18.5,8.3,0.0,0.0,27.8,280.9,0.0,2,101450.0,9999999
59287,0,7207,19.6,8.3,19.0,7.0,27.8,283.84,0.0,9,101450.0,9999999
59287,0,7208,21.6,8.81,100.0,100.0,27.8,285.93,2.0,3,101450.0,9999999
59287,0,7209,23.2,9.11,344.0,127.0,27.8,290.36,2.0,12,101450.0,9999999
59287,0,7210,24.3,9.17,624.0,158.0,27.8,286.31,2.0,3,101450.0,9999999
59287,0,7211,25.1,9.17,783.0,198.0,27.8,290.72,2.0,1,101450.0,9999999
59287,0,7212,25.9,9.17,708.0,262.0,27.8,287.06,2.0,5,101450.0,9999999
59287,0,7213,26.8,9.29,413.0,413.0,27.8,285.55,2.0,6,101450.0,9999999
59287,0,7214,28.0,9.8,368.0,368.0,27.8,291.07,2.0,1,101450.0,9999999
59287,0,7215,29.1,10.33,491.0,182.0,27.8,296.63,2.0,1,101450.0,9999999
59287,0,7216,28.8,10.13,395.0,100.0,27.8,291.43,2.0,8,101450.0,9999999
59287,0,7217,28.0,9.8,185.0,47.0,27.8,291.07,2.0,7,101450.0,9999999
59287,0,7218,26.9,9.29,3.0,1.0,27.8,287.06,2.0,11,101450.0,9999999
59287,0,7219,25.7,8.93,0.0,0.0,27.8,291.25,2.0,10,101450.0,9999999
59287,0,7220,24.7,8.64,0.0,0.0,27.8,290.18,2.0,1,101450.0,9999999
59287,0,7221,24.0,8.58,0.0,0.0,27.8,285.74,2.0,7,101450.0,9999999
59287,0,7222,23.6,8.7,0.0,0.0,27.8,290.54,2.0,4,101450.0,9999999
59287,0,7223,23.3,8.87,0.0,0.0,27.8,287.8,2.0,11,101450.0,9999999
59287,0,7224,23.1,9.05,0.0,0.0,27.8,288.72,2.0,11,101600.0,9999999
59287,0,7225,22.7,9.23,0.0,0.0,27.8,284.6,2.0,6,101600.0,9999999
59287,0,7226,22.1,9.23,0.0,0.0,27.8,289.27,1.0,16,101600.0,9999999
59287,0,7227,21.2,9.11,0.0,0.0,27.8,283.84,1.0,12,101600.0,9999999
59287,0,7228,20.2,8.93,0.0,0.0,27.8,285.93,1.0,5,101600.0,9999999
59287,0,7229,19.4,8.7,0.0,0.0,27.8,281.89,1.0,4,101600.0,9999999
59287,0,7230,19.1,8.7,0.0,0.0,27.8,284.6,1.0,14,101600.0,9999999
59287,0,7231,19.7,9.05,24.0,10.0,27.8,283.45,1.0,7,101600.0,9999999
59287,0,7232,21.1,9.67,99.0,99.0,27.8,281.69,1.0,1,101600.0,9999999
59287,0,7233,22.6,10.13,201.0,201.0,27.8,284.99,1.0,5,101600.0,9999999
59287,0,7234,24.0,10.33,693.0,284.0,27.8,288.9,1.0,4,101600.0,9999999
59287,0,7235,25.3,10.33,869.0,356.0,27.8,291.43,1.0,2,101600.0,9999999
59287,0,7236,26.5,10.19,415.0,415.0,27.8,290.54,1.0,5,101600.0,9999999
59287,0,7237,27.5,10.06,957.0,392.0,27.8,287.99,1.0,6,101600.0,9999999
59287,0,7238,28.3,9.99,367.0,367.0,27.8,292.14,2.0,13,101600.0,9999999
59287,0,7239,28.7,10.06,287.0,287.0,27.8,291.96,2.0,1,101600.0,9999999
59287,0,7240,28.4,10.06,189.0,189.0,27.8,292.14,2.0,2,101600.0,9999999
59287,0,7241,27.5,9.93,88.0,88.0,27.8,286.5,2.0,2,101600.0,9999999
59287,0,7242,26.3,9.74,2.0,1.0,27.8,293.55,2.0,7,101600.0,9999999
59287,0,7243,25.0,9.48,0.0,0.0,27.8,288.17,2.0,6,101600.0,9999999
59287,0,7244,23.9,9.17,0.0,0.0,27.8,284.22,2.0,3,101600.0,9999999
59287,0,7245,23.1,8.99,0.0,0.0,27.8,282.08,2.0,14,101600.0,9999999
59287,0,7246,22.6,8.81,0.0,0.0,27.8,284.99,2.0,12,101600.0,9999999
59287,0,7247,22.2,8.64,0.0,0.0,27.8,289.27,2.0,13,101600.0,9999999
59287,0,7248,21.9,8.52,0.0,0.0,27.8,286.12,2.0,11,102000.0,9999999
59287,0,7249,21.5,8.35,0.0,0.0,27.8,285.74,2.0,12,102000.0,9999999
59287,0,7250,20.9,8.13,0.0,0.0,27.8,284.99,2.0,1,102000.0,9999999
59287,0,7251,20.1,7.86,0.0,0.0,27.8,281.69,2.0,2,102000.0,9999999
59287,0,7252,19.2,7.59,0.0,0.0,27.8,285.74,2.0,8,102000.0,9999999
59287,0,7253,18.5,7.39,0.0,0.0,27.8,279.09,2.0,6,102000.0,9999999
59287,0,7254,18.2,7.34,0.0,0.0,27.8,284.79,2.0,6,102000.0,9999999
59287,0,7255,18.3,7.39,32.0,15.0,27.8,280.7,2.0,10,102000.0,9999999
59287,0,7256,18.7,7.49,94.0,94.0,27.8,280.7,3.0,3,102000.0,9999999
59287,0,7257,19.6,7.65,191.0,191.0,27.8,282.67,3.0,7,102000.0,9999999
59287,0,7258,20.8,7.86,844.0,396.0,27.8,284.03,3.0,9,102000.0,9999999
59287,0,7259,22.2,8.07,357.0,357.0,27.8,283.84,3.0,6,102000.0,9999999
59287,0,7260,23.6,8.3,396.0,396.0,27.8,282.28,3.0,4,102000.0,9999999
59287,0,7261,24.9,8.52,394.0,394.0,27.8,284.79,3.0,16,102000.0,9999999
59287,0,7262,25.7,8.75,350.0,350.0,27.8,287.99,1.0,2,102000.0,9999999
59287,0,7263,26.0,8.99,274.0,274.0,27.8,290.36,1.0,9,102000.0,9999999
59287,0,7264,25.7,9.17,591.0,277.0,27.8,288.17,1.0,1,102000.0,9999999
59287,0,7265,24.9,9.23,83.0,83.0,27.8,290.54,1.0,12,102000.0,9999999
59287,0,7266,23.9,9.23,1.0,0.0,27.8,286.87,1.0,4,102000.0,9999999
59287,0,7267,22.8,9.11,0.0,0.0,27.8,281.69,1.0,8,102000.0,9999999
59287,0,7268,21.7,8.99,0.0,0.0,27.8,288.9,2.0,5,102000.0,9999999
59287,0,7269,20.9,8.93,0.0,0.0,27.8,286.5,2.0,6,102000.0,9999999
59287,0,7270,20.2,8.87,0.0,0.0,27.8,285.93,2.0,7,102000.0,9999999
59287,0,7271,19.8,8.75,0.0,0.0,27.8,283.45,2.0,3,102000.0,9999999
59287,0,7272,19.3,8.58,0.0,0.0,27.8,280.5,2.0,4,102200.0,9999999
59287,0,7273,18.9,8.35,0.0,0.0,27.8,281.29,2.0,7,102200.0,9999999
59287,0,7274,18.4,8.02,0.0,0.0,27.8,281.1,1.0,5,102200.0,9999999
59287,0,7275,17.8,7.54,0.0,0.0,27.8,279.9,1.0,5,102200.0,9999999
59287,0,7276,17.2,6.99,0.0,0.0,27.8,278.48,1.0,1,102200.0,9999999
59287,0,7277,16.7,6.52,0.0,0.0,27.8,278.89,1.0,16,102200.0,9999999
59287,0,7278,16.5,6.12,0.0,0.0,27.8,279.09,1.0,7,102200.0,9999999
59287,0,7279,16.9,5.91,21.0,9.0,27.8,277.66,1.0,8,102200.0,9999999
59287,0,7280,17.9,5.91,236.0,99.0,27.8,277.04,2.0,3,102200.0,9999999
59287,0,7281,19.2,5.95,197.0,197.0,27.8,279.9,2.0,2,102200.0,9999999
59287,0,7282,20.6,5.99,293.0,293.0,27.8,279.49,2.0,9,102200.0,9999999
59287,0,7283,22.0,6.04,900.0,378.0,27.8,282.48,2.0,7,102200.0,9999999
59287,0,7284,23.4,6.04,409.0,409.0,27.8,285.55,2.0,9,102200.0,9999999
59287,0,7285,24.6,6.04,992.0,416.0,27.8,286.12,2.0,5,102200.0,9999999
59287,0,7286,25.6,5.95,361.0,361.0,27.8,288.54,1.0,16,102200.0,9999999
59287,0,7287,26.1,5.82,283.0,283.0,27.8,288.9,1.0,13,102200.0,9999999
59287,0,7288,25.6,5.54,185.0,185.0,27.8,289.45,1.0,16,102200.0,9999999
59287,0,7289,24.5,5.23,208.0,87.0,27.8,284.99,1.0,11,102200.0,9999999
59287,0,7290,23.0,5.08,0.0,0.0,27.8,283.45,1.0,7,102200.0,9999999
59287,0,7291,21.6,5.19,0.0,0.0,27.8,281.1,1.0,6,102200.0,9999999
59287,0,7292,20.7,5.66,0.0,0.0,27.8,284.79,0.0,0,102200.0,9999999
59287,0,7293,20.5,6.61,0.0,0.0,27.8,281.89,0.0,2,102200.0,9999999
59287,0,7294,20.8,7.97,0.0,0.0,27.8,285.93,0.0,1,102200.0,9999999
59287,0,7295,21.4,9.67,0.0,0.0,27.8,286.12,0.0,1,102200.0,9999999
59287,0,7296,22.0,11.39,0.0,0.0,25.12,281.69,0.0,16,101430.0,9999999
59287,0,7297,22.4,12.94,0.0,0.0,25.12,286.12,0.0,1,101430.0,9999999
59287,0,7298,22.4,13.79,0.0,0.0,25.12,286.87,4.0,16,101430.0,9999999
59287,0,7299,21.7,13.62,0.0,0.0,25.12,286.31,4.0,7,101430.0,9999999
59287,0,7300,20.7,12.86,0.0,0.0,25.12,283.25,4.0,13,101430.0,9999999
59287,0,7301,19.7,11.91,0.0,0.0,25.12,283.84,4.0,1,101430.0,9999999
59287,0,7302,19.1,11.02,0.0,0.0,25.12,283.06,4.0,11,101430.0,9999999
59287,0,7303,19.3,10.6,18.0,8.0,25.12,282.48,4.0,16,101430.0,9999999
59287,0,7304,20.6,10.74,94.0,94.0,25.12,283.25,4.0,2,101430.0,9999999
59287,0,7305,23.1,11.68,192.0,192.0,25.12,284.22,4.0,12,101430.0,9999999
59287,0,7306,25.9,12.78,286.0,286.0,25.12,288.17,4.0,11,101430.0,9999999
59287,0,7307,27.5,13.03,843.0,363.0,25.12,291.61,4.0,2,101430.0,9999999
59287,0,7308,27.1,11.83,399.0,399.0,25.12,292.32,4.0,12,101430.0,9999999
59287,0,7309,25.3,9.99,929.0,400.0,25.12,287.99,4.0,8,101430.0,9999999
59287,0,7310,23.0,8.35,352.0,352.0,25.12,285.74,4.0,2,101430.0,9999999
59287,0,7311,21.1,7.34,275.0,275.0,25.12,287.62,4.0,8,101430.0,9999999
59287,0,7312,19.8,6.8,421.0,181.0,25.12,281.29,4.0,4,101430.0,9999999
59287,0,7313,19.0,6.57,193.0,83.0,25.12,279.9,4.0,1,101430.0,9999999
59287,0,7314,18.6,6.57,0.0,0.0,25.12,282.08,4.0,7,101430.0,9999999
59287,0,7315,18.7,6.75,0.0,0.0,25.12,284.99,4.0,11,101430.0,9999999
59287,0,7316,19.1,6.94,0.0,0.0,25.12,281.29,4.0,2,101430.0,9999999
59287,0,7317,19.2,6.9,0.0,0.0,25.12,282.87,4.0,5,101430.0,9999999
59287,0,7318,19.0,6.61,0.0,0.0,25.12,285.18,4.0,10,101430.0,9999999
59287,0,7319,18.6,6.12,0.0,0.0,25.12,283.06,4.0,1,101430.0,9999999
59287,0,7320,18.0,5.66,0.0,0.0,25.12,283.64,4.0,10,101760.0,9999999
59287,0,7321,17.4,5.19,0.0,0.0,25.12,278.27,4.0,8,101760.0,9999999
59287,0,7322,16.8,4.89,0.0,0.0,25.12,280.5,3.0,16,101760.0,9999999
59287,0,7323,16.3,4.72,0.0,0.0,25.12,277.45,3.0,3,101760.0,9999999
59287,0,7324,15.9,4.68,0.0,0.0,25.12,275.15,3.0,4,101760.0,9999999
59287,0,7325,15.7,4.72,0.0,0.0,25.12,275.79,3.0,13,101760.0,9999999
59287,0,7326,15.6,4.79,0.0,0.0,25.12,277.25,3.0,4,101760.0,9999999
59287,0,7327,15.7,4.86,30.0,13.0,25.12,273.01,3.0,7,101760.0,9999999
59287,0,7328,16.3,4.97,99.0,99.0,25.12,278.07,4.0,2,101760.0,9999999
59287,0,7329,17.5,5.11,204.0,204.0,25.12,278.68,4.0,14,101760.0,9999999
59287,0,7330,19.1,5.3,304.0,304.0,25.12,281.89,4.0,3,101760.0,9999999
59287,0,7331,20.8,5.5,383.0,383.0,25.12,280.5,4.0,3,101760.0,9999999
59287,0,7332,22.4,5.62,425.0,425.0,25.12,282.67,4.0,11,101760.0,9999999
59287,0,7333,23.5,5.7,422.0,422.0,25.12,283.25,4.0,15,101760.0,9999999
59287,0,7334,24.0,5.78,375.0,375.0,25.12,285.37,2.0,4,101760.0,9999999
59287,0,7335,23.8,5.95,293.0,293.0,25.12,281.29,2.0,9,101760.0,9999999
59287,0,7336,23.1,6.21,580.0,247.0,25.12,283.64,2.0,4,101760.0,9999999
59287,0,7337,22.1,6.43,87.0,87.0,25.12,288.17,2.0,6,101760.0,9999999
59287,0,7338,21.0,6.57,0.0,0.0,25.12,281.29,2.0,2,101760.0,9999999
59287,0,7339,19.9,6.61,0.0,0.0,25.12,286.12,2.0,11,101760.0,9999999
59287,0,7340,18.9,6.57,0.0,0.0,25.12,280.5,3.0,16,101760.0,9999999
59287,0,7341,18.1,6.43,0.0,0.0,25.12,279.09,3.0,8,101760.0,9999999
59287,0,7342,17.5,6.25,0.0,0.0,25.12,278.89,3.0,12,101760.0,9999999
59287,0,7343,17.0,6.04,0.0,0.0,25.12,278.89,3.0,12,101760.0,9999999
59287,0,7344,16.6,5.78,0.0,0.0,25.12,279.9,3.0,15,101610.0,9999999
59287,0,7345,16.2,5.62,0.0,0.0,25.12,277.86,3.0,6,101610.0,9999999
59287,0,7346,15.7,5.46,0.0,0.0,25.12,277.25,1.0,2,101610.0,9999999
59287,0,7347,15.1,5.34,0.0,0.0,25.12,274.94,1.0,1,101610.0,9999999
59287,0,7348,14.5,5.34,0.0,0.0,25.12,278.48,1.0,12,101610.0,9999999
59287,0,7349,14.0,5.34,0.0,0.0,25.12,272.8,1.0,11,101610.0,9999999
59287,0,7350,13.8,5.42,0.0,0.0,25.12,274.3,1.0,5,101610.0,9999999
59287,0,7351,14.4,5.7,12.0,3.0,25.12,276.83,1.0,14,101610.0,9999999
59287,0,7352,15.7,6.16,202.0,37.0,25.12,276.62,2.0,16,101610.0,9999999
59287,0,7353,17.4,6.57,362.0,98.0,25.12,282.08,2.0,15,101610.0,9999999
59287,0,7354,19.1,6.94,318.0,318.0,25.12,280.3,2.0,7,101610.0,9999999
59287,0,7355,20.8,7.19,682.0,185.0,25.12,283.84,2.0,16,101610.0,9999999
59287,0,7356,22.4,7.34,873.0,158.0,25.12,288.72,2.0,6,101610.0,9999999
59287,0,7357,23.6,7.49,867.0,157.0,25.12,287.43,2.0,8,101610.0,9999999
59287,0,7358,24.3,7.65,668.0,182.0,25.12,287.24,2.0,14,101610.0,9999999
59287,0,7359,24.5,7.97,306.0,306.0,25.12,287.62,2.0,7,101610.0,9999999
59287,0,7360,24.1,8.3,339.0,92.0,25.12,290.89,2.0,9,101610.0,9999999
59287,0,7361,23.1,8.46,154.0,42.0,25.12,285.93,2.0,16,101610.0,9999999
59287,0,7362,21.8,8.46,0.0,0.0,25.12,282.87,2.0,13,101610.0,9999999
59287,0,7363,20.4,8.35,0.0,0.0,25.12,287.43,2.0,16,101610.0,9999999
59287,0,7364,19.2,8.13,0.0,0.0,25.12,279.29,0.0,0,101610.0,9999999
59287,0,7365,18.4,7.97,0.0,0.0,25.12,280.5,0.0,2,101610.0,9999999
59287,0,7366,17.9,7.8,0.0,0.0,25.12,279.49,0.0,3,101610.0,9999999
59287,0,7367,17.5,7.65,0.0,0.0,25.12,280.7,0.0,7,101610.0,9999999
59287,0,7368,17.3,7.44,0.0,0.0,25.12,278.07,0.0,7,101400.0,9999999
59287,0,7369,17.1,7.19,0.0,0.0,25.12,278.48,0.0,12,101400.0,9999999
59287,0,7370,16.7,6.94,0.0,0.0,25.12,277.86,1.0,16,101400.0,9999999
59287,0,7371,16.1,6.61,0.0,0.0,25.12,277.25,1.0,6,101400.0,9999999
59287,0,7372,15.4,6.25,0.0,0.0,25.12,281.49,1.0,4,101400.0,9999999
59287,0,7373,14.9,5.99,0.0,0.0,25.12,275.79,1.0,3,101400.0,9999999
59287,0,7374,14.7,5.82,0.0,0.0,25.12,272.58,1.0,10,101400.0,9999999
59287,0,7375,15.6,6.08,10.0,3.0,25.12,280.1,1.0,10,101400.0,9999999
59287,0,7376,17.7,6.75,192.0,42.0,25.12,275.79,2.0,2,101400.0,9999999
59287,0,7377,19.8,7.39,339.0,109.0,25.12,286.31,2.0,2,101400.0,9999999
59287,0,7378,21.8,7.97,299.0,299.0,25.12,288.54,2.0,2,101400.0,9999999
59287,0,7379,23.4,8.41,641.0,206.0,25.12,286.87,2.0,6,101400.0,9999999
59287,0,7380,24.7,8.81,836.0,183.0,25.12,287.62,2.0,12,101400.0,9999999
59287,0,7381,25.5,9.11,831.0,182.0,25.12,291.07,2.0,11,101400.0,9999999
59287,0,7382,25.8,9.48,628.0,201.0,25.12,284.79,3.0,16,101400.0,9999999
59287,0,7383,25.5,9.8,288.0,288.0,25.12,292.85,3.0,3,101400.0,9999999
59287,0,7384,24.7,10.13,318.0,102.0,25.12,285.18,3.0,6,101400.0,9999999
59287,0,7385,23.6,10.26,84.0,84.0,25.12,284.22,3.0,11,101400.0,9999999
59287,0,7386,22.3,10.33,0.0,0.0,25.12,286.5,3.0,4,101400.0,9999999
59287,0,7387,21.1,10.26,0.0,0.0,25.12,287.24,3.0,16,101400.0,9999999
59287,0,7388,20.2,10.19,0.0,0.0,25.12,279.7,2.0,16,101400.0,9999999
59287,0,7389,19.6,10.13,0.0,0.0,25.12,287.24,2.0,5,101400.0,9999999
59287,0,7390,19.3,9.99,0.0,0.0,25.12,285.37,2.0,3,101400.0,9999999
59287,0,7391,19.2,9.93,0.0,0.0,25.12,281.69,2.0,13,101400.0,9999999
59287,0,7392,19.1,9.8,0.0,0.0,25.12,284.03,2.0,16,101190.0,9999999
59287,0,7393,19.0,9.61,0.0,0.0,25.12,281.89,2.0,11,101190.0,9999999
59287,0,7394,18.6,9.36,0.0,0.0,25.12,277.86,2.0,16,101190.0,9999999
59287,0,7395,18.0,8.99,0.0,0.0,25.12,283.64,2.0,3,101190.0,9999999
59287,0,7396,17.2,8.64,0.0,0.0,25.12,278.48,2.0,14,101190.0,9999999
59287,0,7397,16.6,8.41,0.0,0.0,25.12,277.86,2.0,13,101190.0,9999999
59287,0,7398,16.3,8.24,0.0,0.0,25.12,278.68,2.0,6,101190.0,9999999
59287,0,7399,17.2,8.64,9.0,3.0,25.12,284.41,2.0,12,101190.0,9999999
59287,0,7400,19.1,9.36,94.0,94.0,25.12,284.99,2.0,15,101190.0,9999999
59287,0,7401,20.8,9.8,333.0,100.0,25.12,284.79,2.0,4,101190.0,9999999
59287,0,7402,22.3,9.86,508.0,104.0,25.12,285.74,2.0,4,101190.0,9999999
59287,0,7403,23.6,9.74,641.0,131.0,25.12,286.31,2.0,4,101190.0,9999999
59287,0,7404,24.9,9.61,712.0,145.0,25.12,287.06,2.0,11,101190.0,9999999
59287,0,7405,26.3,9.74,695.0,210.0,25.12,288.35,2.0,4,101190.0,9999999
59287,0,7406,27.9,10.46,617.0,186.0,25.12,288.54,2.0,4,101190.0,9999999
59287,0,7407,29.1,11.76,481.0,145.0,25.12,291.79,2.0,16,101190.0,9999999
59287,0,7408,28.7,12.46,317.0,65.0,25.12,291.43,2.0,9,101190.0,9999999
59287,0,7409,27.5,13.03,142.0,29.0,25.12,294.41,2.0,8,101190.0,9999999
59287,0,7410,26.0,13.28,0.0,0.0,25.12,290.18,2.0,8,101190.0,9999999
59287,0,7411,24.3,13.19,0.0,0.0,25.12,284.41,2.0,16,101190.0,9999999
59287,0,7412,22.8,13.03,0.0,0.0,25.12,283.06,0.0,0,101190.0,9999999
59287,0,7413,21.7,12.86,0.0,0.0,25.12,285.93,0.0,11,101190.0,9999999
59287,0,7414,20.9,12.7,0.0,0.0,25.12,287.8,0.0,5,101190.0,9999999
59287,0,7415,20.4,12.62,0.0,0.0,25.12,284.22,0.0,2,101190.0,9999999
59287,0,7416,20.1,12.62,0.0,0.0,25.12,284.99,0.0,10,101120.0,9999999
59287,0,7417,20.0,12.62,0.0,0.0,25.12,284.79,0.0,1,101120.0,9999999
59287,0,7418,19.8,12.62,0.0,0.0,25.12,281.29,0.0,0,101120.0,9999999
59287,0,7419,19.6,12.62,0.0,0.0,25.12,282.87,0.0,1,101120.0,9999999
59287,0,7420,19.4,12.54,0.0,0.0,25.12,286.31,0.0,12,101120.0,9999999
59287,0,7421,19.3,12.54,0.0,0.0,25.12,284.99,0.0,10,101120.0,9999999
59287,0,7422,19.2,12.46,0.0,0.0,25.12,282.28,0.0,12,101120.0,9999999
59287,0,7423,20.1,12.94,6.0,4.0,25.12,283.84,0.0,0,101120.0,9999999
59287,0,7424,21.7,13.88,121.0,83.0,25.12,283.45,0.0,0,101120.0,9999999
59287,0,7425,23.0,14.15,106.0,106.0,25.12,283.45,0.0,10,101120.0,9999999
59287,0,7426,23.8,13.88,160.0,160.0,25.12,286.5,0.0,1,101120.0,9999999
59287,0,7427,24.3,13.19,202.0,202.0,25.12,292.85,0.0,12,101120.0,9999999
59287,0,7428,24.8,12.54,536.0,368.0,25.12,288.9,0.0,15,101120.0,9999999
59287,0,7429,25.4,12.14,223.0,223.0,25.12,285.18,0.0,4,101120.0,9999999
59287,0,7430,26.3,12.38,473.0,325.0,25.12,287.43,2.0,5,101120.0,9999999
59287,0,7431,27.5,13.36,154.0,154.0,25.12,293.37,2.0,16,101120.0,9999999
59287,0,7432,28.2,14.42,238.0,164.0,25.12,291.61,2.0,13,101120.0,9999999
59287,0,7433,27.8,14.88,106.0,73.0,25.12,288.17,2.0,10,101120.0,9999999
59287,0,7434,26.7,14.97,0.0,0.0,25.12,291.43,2.0,9,101120.0,9999999
59287,0,7435,25.4,14.69,0.0,0.0,25.12,294.24,2.0,16,101120.0,9999999
59287,0,7436,24.2,14.42,0.0,0.0,25.12,287.06,1.0,15,101120.0,9999999
59287,0,7437,23.4,14.24,0.0,0.0,25.12,285.18,1.0,6,101120.0,9999999
59287,0,7438,22.9,14.15,0.0,0.0,25.12,283.45,1.0,3,101120.0,9999999
59287,0,7439,22.8,14.24,0.0,0.0,25.12,287.43,1.0,4,101120.0,9999999
59287,0,7440,22.7,14.33,0.0,0.0,25.12,286.31,1.0,8,101050.0,9999999
59287,0,7441,22.8,14.51,0.0,0.0,25.12,285.74,1.0,1,101050.0,9999999
59287,0,7442,22.8,14.69,0.0,0.0,25.12,284.79,0.0,0,101050.0,9999999
59287,0,7443,22.7,14.69,0.0,0.0,25.12,288.9,0.0,15,101050.0,9999999
59287,0,7444,22.6,14.78,0.0,0.0,25.12,285.55,0.0,9,101050.0,9999999
59287,0,7445,22.4,14.78,0.0,0.0,25.12,284.41,0.0,2,101050.0,9999999
59287,0,7446,22.5,14.78,0.0,0.0,25.12,285.37,0.0,2,101050.0,9999999
59287,0,7447,22.7,14.78,3.0,3.0,25.12,291.61,0.0,4,101050.0,9999999
59287,0,7448,23.2,14.88,65.0,65.0,25.12,283.84,1.0,16,101050.0,9999999
59287,0,7449,24.0,14.88,138.0,138.0,25.12,287.62,1.0,12,101050.0,9999999
59287,0,7450,25.1,14.97,207.0,207.0,25.12,285.55,1.0,2,101050.0,9999999
59287,0,7451,26.0,14.78,262.0,262.0,25.12,292.14,1.0,7,101050.0,9999999
59287,0,7452,26.7,14.42,291.0,291.0,25.12,291.96,1.0,8,101050.0,9999999
59287,0,7453,26.9,13.79,289.0,289.0,25.12,290.72,1.0,15,101050.0,9999999
59287,0,7454,26.4,13.11,257.0,257.0,25.12,288.72,2.0,16,101050.0,9999999
59287,0,7455,25.3,12.46,199.0,199.0,25.12,287.43,2.0,6,101050.0,9999999
59287,0,7456,23.8,11.91,129.0,129.0,25.12,283.64,2.0,3,101050.0,9999999
59287,0,7457,22.6,11.68,57.0,57.0,25.12,284.6,2.0,16,101050.0,9999999
59287,0,7458,21.9,11.91,0.0,0.0,25.12,285.37,2.0,1,101050.0,9999999
59287,0,7459,22.1,12.7,0.0,0.0,25.12,285.18,2.0,14,101050.0,9999999
59287,0,7460,22.6,13.62,0.0,0.0,25.12,282.87,0.0,0,101050.0,9999999
59287,0,7461,22.9,14.06,0.0,0.0,25.12,286.87,0.0,1,101050.0,9999999
59287,0,7462,23.0,14.06,0.0,0.0,25.12,287.62,0.0,10,101050.0,9999999
59287,0,7463,22.8,13.79,0.0,0.0,25.12,287.24,0.0,12,101050.0,9999999
59287,0,7464,22.5,13.28,0.0,0.0,25.12,282.67,0.0,7,101010.0,9999999
59287,0,7465,22.0,12.7,0.0,0.0,25.12,290.36,0.0,5,101010.0,9999999
59287,0,7466,21.5,12.22,0.0,0.0,25.12,283.84,2.0,16,101010.0,9999999
59287,0,7467,21.0,11.83,0.0,0.0,25.12,282.28,2.0,4,101010.0,9999999
59287,0,7468,20.5,11.68,0.0,0.0,25.12,283.45,2.0,10,101010.0,9999999
59287,0,7469,20.1,11.68,0.0,0.0,25.12,282.28,2.0,4,101010.0,9999999
59287,0,7470,20.1,11.76,0.0,0.0,25.12,286.68,2.0,12,101010.0,9999999
59287,0,7471,20.3,11.99,3.0,2.0,25.12,285.93,2.0,14,101010.0,9999999
59287,0,7472,21.0,12.3,81.0,57.0,25.12,289.27,0.0,0,101010.0,9999999
59287,0,7473,22.1,12.78,172.0,121.0,25.12,287.06,0.0,16,101010.0,9999999
59287,0,7474,23.5,13.19,138.0,138.0,25.12,286.68,0.0,6,101010.0,9999999
59287,0,7475,24.7,13.45,328.0,231.0,25.12,293.37,0.0,4,101010.0,9999999
59287,0,7476,25.6,13.53,364.0,257.0,25.12,289.99,0.0,8,101010.0,9999999
59287,0,7477,25.9,13.28,362.0,255.0,25.12,291.61,0.0,14,101010.0,9999999
59287,0,7478,25.1,12.78,321.0,226.0,25.12,285.18,3.0,16,101010.0,9999999
59287,0,7479,23.3,11.99,250.0,176.0,25.12,289.81,3.0,9,101010.0,9999999
59287,0,7480,21.1,11.24,85.0,85.0,25.12,289.09,3.0,9,101010.0,9999999
59287,0,7481,19.4,11.02,71.0,50.0,25.12,287.24,3.0,4,101010.0,9999999
59287,0,7482,18.9,11.61,0.0,0.0,25.12,285.55,3.0,13,101010.0,9999999
59287,0,7483,19.2,12.78,0.0,0.0,25.12,282.48,3.0,1,101010.0,9999999
59287,0,7484,19.8,13.97,0.0,0.0,25.12,284.41,2.0,16,101010.0,9999999
59287,0,7485,20.2,14.69,0.0,0.0,25.12,287.62,2.0,6,101010.0,9999999
59287,0,7486,20.3,15.06,0.0,0.0,25.12,284.6,2.0,8,101010.0,9999999
59287,0,7487,20.3,14.97,0.0,0.0,25.12,284.6,2.0,6,101010.0,9999999
59287,0,7488,20.1,14.6,0.0,0.0,25.12,284.99,2.0,4,101050.0,9999999
59287,0,7489,19.9,14.24,0.0,0.0,25.12,280.5,2.0,15,101050.0,9999999
59287,0,7490,19.6,13.79,0.0,0.0,25.12,280.1,1.0,16,101050.0,9999999
59287,0,7491,19.4,13.45,0.0,0.0,25.12,283.45,1.0,2,101050.0,9999999
59287,0,7492,19.2,13.19,0.0,0.0,25.12,279.7,1.0,1,101050.0,9999999
59287,0,7493,19.1,13.03,0.0,0.0,25.12,282.48,1.0,8,101050.0,9999999
59287,0,7494,19.1,12.94,0.0,0.0,25.12,287.62,1.0,6,101050.0,9999999
59287,0,7495,19.2,12.94,1.0,1.0,25.12,283.64,1.0,12,101050.0,9999999
59287,0,7496,19.5,12.94,49.0,49.0,25.12,283.25,2.0,16,101050.0,9999999
59287,0,7497,19.9,12.94,103.0,103.0,25.12,280.1,2.0,2,101050.0,9999999
59287,0,7498,20.4,12.94,156.0,156.0,25.12,280.7,2.0,7,101050.0,9999999
59287,0,7499,20.9,12.94,198.0,198.0,25.12,281.1,2.0,6,101050.0,9999999
59287,0,7500,21.3,12.94,220.0,220.0,25.12,283.84,2.0,3,101050.0,9999999
59287,0,7501,21.8,12.94,218.0,218.0,25.12,286.12,2.0,2,101050.0,9999999
59287,0,7502,22.2,12.94,193.0,193.0,25.12,285.93,2.0,16,101050.0,9999999
59287,0,7503,22.5,12.94,150.0,150.0,25.12,289.45,2.0,9,101050.0,9999999
59287,0,7504,22.6,12.94,97.0,97.0,25.12,289.45,2.0,8,101050.0,9999999
59287,0,7505,22.5,12.86,43.0,43.0,25.12,286.31,2.0,16,101050.0,9999999
59287,0,7506,22.3,12.7,0.0,0.0,25.12,287.06,2.0,1,101050.0,9999999
59287,0,7507,22.0,12.54,0.0,0.0,25.12,285.55,2.0,7,101050.0,9999999
59287,0,7508,21.6,12.46,0.0,0.0,25.12,284.6,1.0,2,101050.0,9999999
59287,0,7509,21.3,12.38,0.0,0.0,25.12,284.41,1.0,6,101050.0,9999999
59287,0,7510,21.0,12.3,0.0,0.0,25.12,285.74,1.0,12,101050.0,9999999
59287,0,7511,20.7,12.22,0.0,0.0,25.12,283.84,1.0,2,101050.0,9999999
59287,0,7512,20.4,12.22,0.0,0.0,25.12,287.06,1.0,2,101090.0,9999999
59287,0,7513,20.1,12.07,0.0,0.0,25.12,286.87,1.0,2,101090.0,9999999
59287,0,7514,19.7,11.91,0.0,0.0,25.12,279.7,2.0,16,101090.0,9999999
59287,0,7515,19.3,11.76,0.0,0.0,25.12,280.5,2.0,15,101090.0,9999999
59287,0,7516,18.9,11.46,0.0,0.0,25.12,281.89,2.0,7,101090.0,9999999
59287,0,7517,18.6,11.31,0.0,0.0,25.12,282.08,2.0,14,101090.0,9999999
59287,0,7518,18.5,11.17,0.0,0.0,25.12,281.89,2.0,11,101090.0,9999999
59287,0,7519,18.9,11.31,1.0,1.0,25.12,285.37,2.0,4,101090.0,9999999
59287,0,7520,19.8,11.68,54.0,54.0,25.12,283.84,1.0,4,101090.0,9999999
59287,0,7521,20.8,12.14,114.0,114.0,25.12,286.31,1.0,12,101090.0,9999999
59287,0,7522,21.8,12.46,173.0,173.0,25.12,288.54,1.0,11,101090.0,9999999
59287,0,7523,22.7,12.7,219.0,219.0,25.12,289.45,1.0,15,101090.0,9999999
59287,0,7524,23.5,12.94,243.0,243.0,25.12,291.79,1.0,1,101090.0,9999999
59287,0,7525,24.0,13.11,241.0,241.0,25.12,288.35,1.0,12,101090.0,9999999
59287,0,7526,24.4,13.36,214.0,214.0,25.12,290.18,1.0,8,101090.0,9999999
59287,0,7527,24.5,13.71,166.0,166.0,25.12,288.9,1.0,4,101090.0,9999999
59287,0,7528,24.3,14.06,107.0,107.0,25.12,291.43,1.0,5,101090.0,9999999
59287,0,7529,23.9,14.24,47.0,47.0,25.12,289.99,1.0,5,101090.0,9999999
59287,0,7530,23.2,14.33,0.0,0.0,25.12,286.68,1.0,10,101090.0,9999999
59287,0,7531,22.6,14.33,0.0,0.0,25.12,286.12,1.0,4,101090.0,9999999
59287,0,7532,22.0,14.33,0.0,0.0,25.12,282.48,0.0,0,101090.0,9999999
59287,0,7533,21.6,14.24,0.0,0.0,25.12,283.45,0.0,9,101090.0,9999999
59287,0,7534,21.4,14.24,0.0,0.0,25.12,286.68,0.0,12,101090.0,9999999
59287,0,7535,21.3,14.24,0.0,0.0,25.12,284.79,0.0,12,101090.0,9999999
59287,0,7536,21.3,14.15,0.0,0.0,25.12,288.54,0.0,9,100920.0,9999999
59287,0,7537,21.2,14.15,0.0,0.0,25.12,287.24,0.0,13,100920.0,9999999
59287,0,7538,21.1,13.97,0.0,0.0,25.12,282.87,0.0,0,100920.0,9999999
59287,0,7539,20.9,13.79,0.0,0.0,25.12,285.37,0.0,5,100920.0,9999999
59287,0,7540,20.6,13.62,0.0,0.0,25.12,281.1,0.0,8,100920.0,9999999
59287,0,7541,20.4,13.45,0.0,0.0,25.12,287.43,0.0,4,100920.0,9999999
59287,0,7542,20.3,13.36,0.0,0.0,25.12,284.79,0.0,8,100920.0,9999999
59287,0,7543,20.5,13.36,0.0,0.0,25.12,285.55,0.0,3,100920.0,9999999
59287,0,7544,20.9,13.53,36.0,36.0,25.12,289.45,2.0,7,100920.0,9999999
59287,0,7545,21.7,13.79,76.0,76.0,25.12,287.8,2.0,7,100920.0,9999999
59287,0,7546,22.7,14.24,115.0,115.0,25.12,284.6,2.0,6,100920.0,9999999
59287,0,7547,23.6,14.6,146.0,146.0,25.12,287.8,2.0,11,100920.0,9999999
59287,0,7548,24.3,14.88,162.0,162.0,25.12,291.61,2.0,6,100920.0,9999999
59287,0,7549,24.5,14.78,161.0,161.0,25.12,286.5,2.0,7,100920.0,9999999
59287,0,7550,24.0,14.42,143.0,143.0,25.12,288.17,1.0,6,100920.0,9999999
59287,0,7551,22.7,13.62,111.0,111.0,25.12,284.41,1.0,11,100920.0,9999999
59287,0,7552,21.1,12.86,71.0,71.0,25.12,286.87,1.0,13,100920.0,9999999
59287,0,7553,20.0,12.54,31.0,31.0,25.12,283.25,1.0,14,100920.0,9999999
59287,0,7554,19.8,12.94,0.0,0.0,25.12,281.49,1.0,5,100920.0,9999999
59287,0,7555,20.2,13.88,0.0,0.0,25.12,283.64,1.0,8,100920.0,9999999
59287,0,7556,20.8,14.88,0.0,0.0,25.12,285.18,1.0,2,100920.0,9999999
59287,0,7557,21.2,15.45,0.0,0.0,25.12,284.41,1.0,4,100920.0,9999999
59287,0,7558,21.4,15.74,0.0,0.0,25.12,288.9,1.0,12,100920.0,9999999
59287,0,7559,21.4,15.74,0.0,0.0,25.12,282.28,1.0,4,100920.0,9999999
59287,0,7560,21.2,15.45,0.0,0.0,25.12,290.36,1.0,4,100990.0,9999999
59287,0,7561,21.0,15.16,0.0,0.0,25.12,284.03,1.0,1,100990.0,9999999
59287,0,7562,20.7,14.88,0.0,0.0,25.12,283.84,0.0,0,100990.0,9999999
59287,0,7563,20.4,14.78,0.0,0.0,25.12,286.68,0.0,0,100990.0,9999999
59287,0,7564,20.2,14.69,0.0,0.0,25.12,280.9,0.0,16,100990.0,9999999
59287,0,7565,20.1,14.6,0.0,0.0,25.12,283.06,0.0,10,100990.0,9999999
59287,0,7566,20.0,14.6,0.0,0.0,25.12,284.22,0.0,8,100990.0,9999999
59287,0,7567,20.2,14.78,1.0,0.0,25.12,284.99,0.0,7,100990.0,9999999
59287,0,7568,20.7,14.88,125.0,86.0,25.12,288.17,2.0,16,100990.0,9999999
59287,0,7569,21.2,14.88,104.0,104.0,25.12,283.25,2.0,14,100990.0,9999999
59287,0,7570,21.8,14.69,158.0,158.0,25.12,284.6,2.0,8,100990.0,9999999
59287,0,7571,22.4,14.42,517.0,354.0,25.12,285.18,2.0,2,100990.0,9999999
59287,0,7572,23.1,14.33,576.0,394.0,25.12,286.68,2.0,6,100990.0,9999999
59287,0,7573,24.0,14.42,221.0,221.0,25.12,292.85,2.0,12,100990.0,9999999
59287,0,7574,25.2,15.06,196.0,196.0,25.12,291.43,2.0,5,100990.0,9999999
59287,0,7575,26.1,15.94,152.0,152.0,25.12,289.99,2.0,10,100990.0,9999999
59287,0,7576,25.7,15.94,97.0,97.0,25.12,292.14,2.0,4,100990.0,9999999
59287,0,7577,24.8,15.54,109.0,75.0,25.12,291.25,2.0,1,100990.0,9999999
59287,0,7578,23.6,14.97,0.0,0.0,25.12,288.9,2.0,11,100990.0,9999999
59287,0,7579,22.3,14.33,0.0,0.0,25.12,285.18,2.0,10,100990.0,9999999
59287,0,7580,21.2,13.79,0.0,0.0,25.12,284.03,1.0,5,100990.0,9999999
59287,0,7581,20.5,13.36,0.0,0.0,25.12,287.62,1.0,11,100990.0,9999999
59287,0,7582,20.2,13.03,0.0,0.0,25.12,283.45,1.0,12,100990.0,9999999
59287,0,7583,20.2,12.86,0.0,0.0,25.12,284.03,1.0,1,100990.0,9999999
59287,0,7584,20.2,12.7,0.0,0.0,25.12,287.06,1.0,9,101080.0,9999999
59287,0,7585,20.3,12.62,0.0,0.0,25.12,284.03,1.0,7,101080.0,9999999
59287,0,7586,20.2,12.46,0.0,0.0,25.12,282.67,1.0,3,101080.0,9999999
59287,0,7587,19.9,12.3,0.0,0.0,25.12,281.29,1.0,14,101080.0,9999999
59287,0,7588,19.6,12.07,0.0,0.0,25.12,281.89,1.0,12,101080.0,9999999
59287,0,7589,19.1,11.83,0.0,0.0,25.12,281.49,1.0,1,101080.0,9999999
59287,0,7590,18.8,11.53,0.0,0.0,25.12,278.68,1.0,6,101080.0,9999999
59287,0,7591,18.7,11.24,0.0,0.0,25.12,280.9,1.0,11,101080.0,9999999
59287,0,7592,20.0,11.68,134.0,53.0,25.12,282.28,1.0,16,101080.0,9999999
59287,0,7593,21.9,12.3,170.0,170.0,25.12,285.93,1.0,2,101080.0,9999999
59287,0,7594,23.6,12.54,438.0,174.0,25.12,283.64,1.0,4,101080.0,9999999
59287,0,7595,25.1,12.38,639.0,176.0,25.12,289.27,1.0,4,101080.0,9999999
59287,0,7596,26.3,11.99,619.0,246.0,25.12,288.35,1.0,12,101080.0,9999999
59287,0,7597,27.1,11.53,615.0,244.0,25.12,290.89,1.0,13,101080.0,9999999
59287,0,7598,27.4,11.31,626.0,172.0,25.12,289.99,0.0,0,101080.0,9999999
59287,0,7599,27.1,11.53,422.0,167.0,25.12,286.68,0.0,2,101080.0,9999999
59287,0,7600,26.3,11.91,158.0,158.0,25.12,291.61,0.0,4,101080.0,9999999
59287,0,7601,25.1,12.3,68.0,68.0,25.12,289.81,0.0,13,101080.0,9999999
59287,0,7602,23.9,12.7,0.0,0.0,25.12,287.43,0.0,10,101080.0,9999999
59287,0,7603,22.6,12.94,0.0,0.0,25.12,288.35,0.0,7,101080.0,9999999
59287,0,7604,21.5,13.03,0.0,0.0,25.12,287.24,0.0,0,101080.0,9999999
59287,0,7605,20.7,13.03,0.0,0.0,25.12,283.25,0.0,4,101080.0,9999999
59287,0,7606,20.2,13.03,0.0,0.0,25.12,288.72,0.0,2,101080.0,9999999
59287,0,7607,20.0,13.11,0.0,0.0,25.12,284.99,0.0,14,101080.0,9999999
59287,0,7608,19.8,13.11,0.0,0.0,25.12,284.79,0.0,8,101070.0,9999999
59287,0,7609,19.6,13.11,0.0,0.0,25.12,279.9,0.0,6,101070.0,9999999
59287,0,7610,19.4,13.19,0.0,0.0,25.12,279.7,1.0,5,101070.0,9999999
59287,0,7611,19.1,13.19,0.0,0.0,25.12,282.48,1.0,10,101070.0,9999999
59287,0,7612,18.7,13.19,0.0,0.0,25.12,283.84,1.0,11,101070.0,9999999
59287,0,7613,18.3,13.11,0.0,0.0,25.12,281.69,1.0,4,101070.0,9999999
59287,0,7614,18.0,12.94,0.0,0.0,25.12,282.48,1.0,11,101070.0,9999999
59287,0,7615,17.9,12.78,0.0,0.0,25.12,286.31,1.0,12,101070.0,9999999
59287,0,7616,19.4,13.62,140.0,67.0,25.12,284.03,0.0,0,101070.0,9999999
59287,0,7617,21.4,14.42,304.0,145.0,25.12,290.18,0.0,7,101070.0,9999999
59287,0,7618,22.9,14.51,463.0,221.0,25.12,290.18,0.0,11,101070.0,9999999
59287,0,7619,24.2,14.06,289.0,289.0,25.12,291.43,0.0,3,101070.0,9999999
59287,0,7620,25.3,13.45,321.0,321.0,25.12,286.87,0.0,10,101070.0,9999999
59287,0,7621,26.2,12.86,650.0,311.0,25.12,289.81,0.0,5,101070.0,9999999
59287,0,7622,27.0,12.7,576.0,275.0,25.12,292.49,2.0,16,101070.0,9999999
59287,0,7623,27.5,13.11,445.0,213.0,25.12,292.32,2.0,15,101070.0,9999999
59287,0,7624,27.1,13.53,140.0,140.0,25.12,294.07,2.0,6,101070.0,9999999
59287,0,7625,26.1,13.88,122.0,58.0,25.12,288.72,2.0,8,101070.0,9999999
59287,0,7626,24.7,14.06,0.0,0.0,25.12,291.79,2.0,10,101070.0,9999999
59287,0,7627,23.2,14.06,0.0,0.0,25.12,291.96,2.0,3,101070.0,9999999
59287,0,7628,22.0,13.97,0.0,0.0,25.12,286.12,0.0,0,101070.0,9999999
59287,0,7629,21.2,13.88,0.0,0.0,25.12,284.6,0.0,6,101070.0,9999999
59287,0,7630,20.7,13.88,0.0,0.0,25.12,285.93,0.0,2,101070.0,9999999
59287,0,7631,20.5,13.79,0.0,0.0,25.12,285.74,0.0,4,101070.0,9999999
59287,0,7632,20.5,13.62,0.0,0.0,25.12,282.28,0.0,11,101340.0,9999999
59287,0,7633,20.5,13.28,0.0,0.0,25.12,285.55,0.0,15,101340.0,9999999
59287,0,7634,20.4,12.62,0.0,0.0,25.12,287.24,2.0,4,101340.0,9999999
59287,0,7635,20.2,11.68,0.0,0.0,25.12,283.64,2.0,6,101340.0,9999999
59287,0,7636,19.8,10.53,0.0,0.0,25.12,284.99,2.0,10,101340.0,9999999
59287,0,7637,19.5,9.36,0.0,0.0,25.12,284.22,2.0,11,101340.0,9999999
59287,0,7638,19.2,8.24,0.0,0.0,25.12,286.12,2.0,14,101340.0,9999999
59287,0,7639,19.1,7.29,0.0,0.0,25.12,285.55,2.0,10,101340.0,9999999
59287,0,7640,20.8,7.29,158.0,38.0,25.12,285.74,2.0,2,101340.0,9999999
59287,0,7641,22.8,7.44,202.0,202.0,25.12,284.03,2.0,4,101340.0,9999999
59287,0,7642,24.1,7.49,307.0,307.0,25.12,287.8,2.0,6,101340.0,9999999
59287,0,7643,24.9,7.49,664.0,162.0,25.12,288.54,2.0,2,101340.0,9999999
59287,0,7644,25.3,7.54,800.0,127.0,25.12,284.79,2.0,10,101340.0,9999999
59287,0,7645,25.6,7.65,794.0,126.0,25.12,292.14,2.0,9,101340.0,9999999
59287,0,7646,25.8,7.97,703.0,112.0,25.12,289.81,5.0,16,101340.0,9999999
59287,0,7647,26.0,8.46,503.0,122.0,25.12,284.6,5.0,7,101340.0,9999999
59287,0,7648,25.7,8.75,347.0,55.0,25.12,291.07,5.0,15,101340.0,9999999
59287,0,7649,25.0,8.93,148.0,23.0,25.12,287.8,5.0,3,101340.0,9999999
59287,0,7650,24.0,8.87,0.0,0.0,25.12,284.03,5.0,11,101340.0,9999999
59287,0,7651,22.8,8.75,0.0,0.0,25.12,285.18,5.0,6,101340.0,9999999
59287,0,7652,21.8,8.58,0.0,0.0,25.12,285.37,2.0,2,101340.0,9999999
59287,0,7653,21.0,8.41,0.0,0.0,25.12,286.31,2.0,2,101340.0,9999999
59287,0,7654,20.3,8.24,0.0,0.0,25.12,283.84,2.0,14,101340.0,9999999
59287,0,7655,19.8,8.13,0.0,0.0,25.12,282.48,2.0,6,101340.0,9999999
59287,0,7656,19.3,8.02,0.0,0.0,25.12,284.6,2.0,4,101810.0,9999999
59287,0,7657,18.8,7.91,0.0,0.0,25.12,285.55,2.0,12,101810.0,9999999
59287,0,7658,18.2,7.75,0.0,0.0,25.12,280.9,1.0,2,101810.0,9999999
59287,0,7659,17.5,7.65,0.0,0.0,25.12,282.67,1.0,6,101810.0,9999999
59287,0,7660,16.6,7.49,0.0,0.0,25.12,280.7,1.0,6,101810.0,9999999
59287,0,7661,15.9,7.39,0.0,0.0,25.12,274.52,1.0,9,101810.0,9999999
59287,0,7662,15.4,7.29,0.0,0.0,25.12,276.21,1.0,1,101810.0,9999999
59287,0,7663,15.2,7.24,0.0,0.0,25.12,281.69,1.0,1,101810.0,9999999
59287,0,7664,17.2,8.18,141.0,51.0,25.12,278.89,2.0,2,101810.0,9999999
59287,0,7665,19.5,9.17,181.0,181.0,25.12,278.68,2.0,6,101810.0,9999999
59287,0,7666,21.0,9.54,469.0,169.0,25.12,285.74,2.0,2,101810.0,9999999
59287,0,7667,21.9,9.54,350.0,350.0,25.12,287.8,2.0,2,101810.0,9999999
59287,0,7668,22.5,9.29,390.0,390.0,25.12,285.55,2.0,12,101810.0,9999999
59287,0,7669,23.0,8.99,660.0,238.0,25.12,290.18,2.0,15,101810.0,9999999
59287,0,7670,23.5,8.99,584.0,211.0,25.12,283.64,2.0,14,101810.0,9999999
59287,0,7671,24.0,9.17,759.0,187.0,25.12,289.63,2.0,2,101810.0,9999999
59287,0,7672,23.6,9.11,287.0,104.0,25.12,290.89,2.0,12,101810.0,9999999
59287,0,7673,22.8,8.93,72.0,72.0,25.12,281.69,2.0,4,101810.0,9999999
59287,0,7674,21.5,8.64,0.0,0.0,25.12,282.67,2.0,5,101810.0,9999999
59287,0,7675,20.2,8.35,0.0,0.0,25.12,280.3,2.0,8,101810.0,9999999
59287,0,7676,19.0,8.02,0.0,0.0,25.12,285.74,4.0,2,101810.0,9999999
59287,0,7677,18.1,7.8,0.0,0.0,25.12,276.83,4.0,2,101810.0,9999999
59287,0,7678,17.4,7.7,0.0,0.0,25.12,278.27,4.0,2,101810.0,9999999
59287,0,7679,16.9,7.59,0.0,0.0,25.12,279.49,4.0,13,101810.0,9999999
59287,0,7680,16.5,7.49,0.0,0.0,25.12,277.86,4.0,13,102020.0,9999999
59287,0,7681,16.0,7.34,0.0,0.0,25.12,277.45,4.0,6,102020.0,9999999
59287,0,7682,15.5,7.19,0.0,0.0,25.12,278.07,0.0,0,102020.0,9999999
59287,0,7683,14.8,6.99,0.0,0.0,25.12,274.52,0.0,8,102020.0,9999999
59287,0,7684,14.1,6.71,0.0,0.0,25.12,277.86,0.0,13,102020.0,9999999
59287,0,7685,13.5,6.48,0.0,0.0,25.12,277.04,0.0,10,102020.0,9999999
59287,0,7686,13.0,6.25,0.0,0.0,25.12,274.52,0.0,9,102020.0,9999999
59287,0,7687,12.8,6.04,0.0,0.0,25.12,275.36,0.0,10,102020.0,9999999
59287,0,7688,14.6,6.57,143.0,42.0,25.12,276.21,1.0,2,102020.0,9999999
59287,0,7689,16.7,7.09,184.0,184.0,25.12,279.09,1.0,10,102020.0,9999999
59287,0,7690,18.0,7.24,478.0,142.0,25.12,281.1,1.0,9,102020.0,9999999
59287,0,7691,19.0,7.04,655.0,132.0,25.12,285.37,1.0,16,102020.0,9999999
59287,0,7692,19.7,6.8,677.0,202.0,25.12,285.93,1.0,10,102020.0,9999999
59287,0,7693,20.4,6.66,725.0,146.0,25.12,283.06,1.0,11,102020.0,9999999
59287,0,7694,21.3,6.85,642.0,129.0,25.12,281.69,3.0,2,102020.0,9999999
59287,0,7695,22.1,7.34,460.0,137.0,25.12,284.41,3.0,9,102020.0,9999999
59287,0,7696,21.8,7.54,172.0,172.0,25.12,283.06,3.0,6,102020.0,9999999
59287,0,7697,21.0,7.65,123.0,37.0,25.12,281.69,3.0,10,102020.0,9999999
59287,0,7698,19.8,7.65,0.0,0.0,25.12,278.27,3.0,12,102020.0,9999999
59287,0,7699,18.6,7.44,0.0,0.0,25.12,282.48,3.0,5,102020.0,9999999
59287,0,7700,17.5,7.19,0.0,0.0,25.12,279.29,3.0,16,102020.0,9999999
59287,0,7701,16.7,6.85,0.0,0.0,25.12,280.3,3.0,16,102020.0,9999999
59287,0,7702,16.1,6.48,0.0,0.0,25.12,278.27,3.0,12,102020.0,9999999
59287,0,7703,15.6,6.12,0.0,0.0,25.12,280.1,3.0,2,102020.0,9999999
59287,0,7704,15.3,5.78,0.0,0.0,25.12,274.3,3.0,15,101730.0,9999999
59287,0,7705,14.9,5.46,0.0,0.0,25.12,275.36,3.0,5,101730.0,9999999
59287,0,7706,14.5,5.27,0.0,0.0,25.12,273.23,2.0,2,101730.0,9999999
59287,0,7707,14.0,5.11,0.0,0.0,25.12,273.66,2.0,3,101730.0,9999999
59287,0,7708,13.4,5.04,0.0,0.0,25.12,276.21,2.0,15,101730.0,9999999
59287,0,7709,12.9,5.04,0.0,0.0,25.12,271.7,2.0,5,101730.0,9999999
59287,0,7710,12.4,5.04,0.0,0.0,25.12,275.36,2.0,6,101730.0,9999999
59287,0,7711,12.3,5.08,0.0,0.0,25.12,272.14,2.0,3,101730.0,9999999
59287,0,7712,13.5,5.5,140.0,43.0,25.12,276.62,3.0,16,101730.0,9999999
59287,0,7713,14.9,5.91,353.0,74.0,25.12,280.9,3.0,7,101730.0,9999999
59287,0,7714,16.0,6.08,540.0,113.0,25.12,281.89,3.0,10,101730.0,9999999
59287,0,7715,16.9,6.08,603.0,185.0,25.12,277.66,3.0,13,101730.0,9999999
59287,0,7716,17.9,6.12,395.0,395.0,25.12,278.07,3.0,3,101730.0,9999999
59287,0,7717,19.1,6.3,667.0,205.0,25.12,281.69,3.0,4,101730.0,9999999
59287,0,7718,20.8,6.8,673.0,141.0,25.12,280.1,3.0,4,101730.0,9999999
59287,0,7719,22.2,7.44,455.0,140.0,25.12,282.87,3.0,10,101730.0,9999999
59287,0,7720,21.9,7.59,289.0,89.0,25.12,284.99,3.0,3,101730.0,9999999
59287,0,7721,21.0,7.59,71.0,71.0,25.12,279.49,3.0,13,101730.0,9999999
59287,0,7722,19.9,7.59,0.0,0.0,25.12,284.99,3.0,10,101730.0,9999999
59287,0,7723,18.6,7.54,0.0,0.0,25.12,285.18,3.0,15,101730.0,9999999
59287,0,7724,17.4,7.49,0.0,0.0,25.12,279.49,1.0,16,101730.0,9999999
59287,0,7725,16.4,7.59,0.0,0.0,25.12,279.7,1.0,6,101730.0,9999999
59287,0,7726,15.7,7.7,0.0,0.0,25.12,274.3,1.0,10,101730.0,9999999
59287,0,7727,15.1,7.86,0.0,0.0,25.12,273.87,1.0,3,101730.0,9999999
59287,0,7728,14.6,8.02,0.0,0.0,25.12,274.94,1.0,13,101420.0,9999999
59287,0,7729,14.3,8.13,0.0,0.0,25.12,275.58,1.0,10,101420.0,9999999
59287,0,7730,13.9,8.24,0.0,0.0,25.12,280.9,0.0,0,101420.0,9999999
59287,0,7731,13.5,8.18,0.0,0.0,25.12,280.5,0.0,2,101420.0,9999999
59287,0,7732,13.2,8.13,0.0,0.0,25.12,273.44,0.0,3,101420.0,9999999
59287,0,7733,12.9,7.97,0.0,0.0,25.12,278.27,0.0,6,101420.0,9999999
59287,0,7734,12.7,7.7,0.0,0.0,25.12,276.83,0.0,10,101420.0,9999999
59287,0,7735,12.6,7.44,0.0,0.0,25.12,275.36,0.0,8,101420.0,9999999
59287,0,7736,14.1,7.8,139.0,43.0,25.12,275.15,1.0,16,101420.0,9999999
59287,0,7737,16.2,8.35,181.0,181.0,25.12,276.41,1.0,14,101420.0,9999999
59287,0,7738,18.1,8.58,471.0,147.0,25.12,278.48,1.0,5,101420.0,9999999
59287,0,7739,19.9,8.58,352.0,352.0,25.12,284.22,1.0,2,101420.0,9999999
59287,0,7740,21.3,8.41,668.0,208.0,25.12,283.64,1.0,6,101420.0,9999999
59287,0,7741,22.4,8.18,759.0,161.0,25.12,284.03,1.0,5,101420.0,9999999
59287,0,7742,23.1,8.02,671.0,142.0,25.12,289.81,3.0,16,101420.0,9999999
59287,0,7743,23.4,8.07,453.0,141.0,25.12,284.22,3.0,4,101420.0,9999999
59287,0,7744,23.1,8.13,328.0,70.0,25.12,285.18,3.0,5,101420.0,9999999
59287,0,7745,22.2,8.24,120.0,37.0,25.12,283.84,3.0,3,101420.0,9999999
59287,0,7746,21.1,8.3,0.0,0.0,25.12,282.08,3.0,13,101420.0,9999999
59287,0,7747,19.9,8.3,0.0,0.0,25.12,281.69,3.0,12,101420.0,9999999
59287,0,7748,18.9,8.24,0.0,0.0,25.12,281.29,1.0,16,101420.0,9999999
59287,0,7749,18.2,8.3,0.0,0.0,25.12,281.69,1.0,16,101420.0,9999999
59287,0,7750,17.7,8.35,0.0,0.0,25.12,278.89,1.0,11,101420.0,9999999
59287,0,7751,17.4,8.41,0.0,0.0,25.12,276.21,1.0,12,101420.0,9999999
59287,0,7752,17.1,8.46,0.0,0.0,25.12,282.67,1.0,3,101390.0,9999999
59287,0,7753,16.8,8.41,0.0,0.0,25.12,275.79,1.0,5,101390.0,9999999
59287,0,7754,16.3,8.3,0.0,0.0,25.12,278.68,1.0,16,101390.0,9999999
59287,0,7755,15.6,8.07,0.0,0.0,25.12,274.52,1.0,15,101390.0,9999999
59287,0,7756,14.8,7.75,0.0,0.0,25.12,278.27,1.0,1,101390.0,9999999
59287,0,7757,14.1,7.44,0.0,0.0,25.12,279.29,1.0,6,101390.0,9999999
59287,0,7758,13.5,7.14,0.0,0.0,25.12,276.62,1.0,13,101390.0,9999999
59287,0,7759,13.3,6.9,0.0,0.0,25.12,273.01,1.0,14,101390.0,9999999
59287,0,7760,16.1,7.97,139.0,45.0,25.12,280.3,0.0,0,101390.0,9999999
59287,0,7761,19.4,9.17,308.0,100.0,25.12,282.48,0.0,12,101390.0,9999999
59287,0,7762,21.6,9.74,770.0,172.0,25.12,284.41,0.0,11,101390.0,9999999
59287,0,7763,23.0,9.67,602.0,196.0,25.12,285.18,0.0,4,101390.0,9999999
59287,0,7764,24.0,9.42,395.0,395.0,25.12,287.8,0.0,4,101390.0,9999999
59287,0,7765,24.7,9.17,667.0,217.0,25.12,285.93,0.0,3,101390.0,9999999
59287,0,7766,25.4,9.42,346.0,346.0,25.12,287.99,1.0,14,101390.0,9999999
59287,0,7767,26.0,10.26,455.0,148.0,25.12,288.17,1.0,3,101390.0,9999999
59287,0,7768,25.5,10.81,169.0,169.0,25.12,293.2,1.0,8,101390.0,9999999
59287,0,7769,24.1,11.09,120.0,39.0,25.12,290.54,1.0,13,101390.0,9999999
59287,0,7770,22.3,11.02,0.0,0.0,25.12,288.72,1.0,12,101390.0,9999999
59287,0,7771,20.4,10.74,0.0,0.0,25.12,286.68,1.0,6,101390.0,9999999
59287,0,7772,18.7,10.4,0.0,0.0,25.12,286.5,0.0,0,101390.0,9999999
59287,0,7773,17.5,10.06,0.0,0.0,25.12,285.18,0.0,12,101390.0,9999999
59287,0,7774,16.7,9.93,0.0,0.0,25.12,280.3,0.0,12,101390.0,9999999
59287,0,7775,16.3,9.8,0.0,0.0,25.12,279.9,0.0,12,101390.0,9999999
59287,0,7776,16.1,9.86,0.0,0.0,25.12,281.1,0.0,12,101300.0,9999999
59287,0,7777,16.1,9.93,0.0,0.0,25.12,279.09,0.0,4,101300.0,9999999
59287,0,7778,16.0,10.13,0.0,0.0,25.12,277.04,0.0,0,101300.0,9999999
59287,0,7779,15.9,10.33,0.0,0.0,25.12,278.48,0.0,14,101300.0,9999999
59287,0,7780,15.6,10.53,0.0,0.0,25.12,277.66,0.0,8,101300.0,9999999
59287,0,7781,15.4,10.6,0.0,0.0,25.12,280.7,0.0,5,101300.0,9999999
59287,0,7782,15.3,10.6,0.0,0.0,25.12,279.7,0.0,7,101300.0,9999999
59287,0,7783,15.2,10.46,0.0,0.0,25.12,276.21,0.0,3,101300.0,9999999
59287,0,7784,16.7,11.09,281.0,105.0,25.12,284.6,0.0,0,101300.0,9999999
59287,0,7785,18.6,11.53,187.0,187.0,25.12,286.68,0.0,10,101300.0,9999999
59287,0,7786,20.2,11.39,287.0,287.0,25.12,284.03,0.0,7,101300.0,9999999
59287,0,7787,21.6,10.88,366.0,366.0,25.12,282.48,0.0,13,101300.0,9999999
59287,0,7788,23.0,10.19,995.0,370.0,25.12,290.54,0.0,11,101300.0,9999999
59287,0,7789,24.7,9.8,406.0,406.0,25.12,289.45,0.0,9,101300.0,9999999
59287,0,7790,26.7,10.19,359.0,359.0,25.12,292.67,1.0,13,101300.0,9999999
59287,0,7791,28.3,11.31,276.0,276.0,25.12,291.43,1.0,2,101300.0,9999999
59287,0,7792,27.8,11.83,175.0,175.0,25.12,292.14,1.0,2,101300.0,9999999
59287,0,7793,26.4,12.3,72.0,72.0,25.12,287.62,1.0,2,101300.0,9999999
59287,0,7794,24.5,12.46,0.0,0.0,25.12,286.68,1.0,14,101300.0,9999999
59287,0,7795,22.4,12.3,0.0,0.0,25.12,283.84,1.0,3,101300.0,9999999
59287,0,7796,20.6,11.99,0.0,0.0,25.12,280.7,1.0,14,101300.0,9999999
59287,0,7797,19.3,11.68,0.0,0.0,25.12,282.28,1.0,16,101300.0,9999999
59287,0,7798,18.4,11.53,0.0,0.0,25.12,278.48,1.0,4,101300.0,9999999
59287,0,7799,17.9,11.39,0.0,0.0,25.12,284.41,1.0,7,101300.0,9999999
59287,0,7800,17.7,11.39,0.0,0.0,25.12,285.74,1.0,13,101260.0,9999999
59287,0,7801,17.6,11.46,0.0,0.0,25.12,283.06,1.0,5,101260.0,9999999
59287,0,7802,17.6,11.61,0.0,0.0,25.12,281.1,0.0,0,101260.0,9999999
59287,0,7803,17.5,11.83,0.0,0.0,25.12,284.22,0.0,15,101260.0,9999999
59287,0,7804,17.4,12.07,0.0,0.0,25.12,280.5,0.0,6,101260.0,9999999
59287,0,7805,17.3,12.14,0.0,0.0,25.12,279.7,0.0,7,101260.0,9999999
59287,0,7806,17.2,12.14,0.0,0.0,25.12,285.55,0.0,0,101260.0,9999999
59287,0,7807,17.2,11.99,0.0,0.0,25.12,282.08,0.0,5,101260.0,9999999
59287,0,7808,19.1,12.94,104.0,63.0,25.12,282.87,0.0,0,101260.0,9999999
59287,0,7809,21.5,13.79,113.0,113.0,25.12,281.89,0.0,12,101260.0,9999999
59287,0,7810,23.3,13.79,357.0,215.0,25.12,288.35,0.0,2,101260.0,9999999
59287,0,7811,24.7,13.11,221.0,221.0,25.12,286.12,0.0,12,101260.0,9999999
59287,0,7812,25.8,12.07,507.0,306.0,25.12,291.25,0.0,5,101260.0,9999999
59287,0,7813,26.6,11.17,504.0,304.0,25.12,288.54,0.0,10,101260.0,9999999
59287,0,7814,27.4,10.88,217.0,217.0,25.12,286.68,1.0,8,101260.0,9999999
59287,0,7815,27.9,11.39,343.0,207.0,25.12,293.02,1.0,8,101260.0,9999999
59287,0,7816,27.4,12.14,216.0,131.0,25.12,290.18,1.0,3,101260.0,9999999
59287,0,7817,26.2,12.78,43.0,43.0,25.12,293.02,1.0,12,101260.0,9999999
59287,0,7818,24.6,13.11,0.0,0.0,25.12,289.45,1.0,8,101260.0,9999999
59287,0,7819,22.9,13.19,0.0,0.0,25.12,286.12,1.0,10,101260.0,9999999
59287,0,7820,21.4,13.11,0.0,0.0,25.12,284.03,0.0,0,101260.0,9999999
59287,0,7821,20.4,12.94,0.0,0.0,25.12,282.08,0.0,9,101260.0,9999999
59287,0,7822,19.8,12.86,0.0,0.0,25.12,286.68,0.0,10,101260.0,9999999
59287,0,7823,19.6,12.78,0.0,0.0,25.12,287.99,0.0,12,101260.0,9999999
59287,0,7824,19.5,12.86,0.0,0.0,25.12,281.1,0.0,0,101120.0,9999999
59287,0,7825,19.5,12.86,0.0,0.0,25.12,282.67,0.0,14,101120.0,9999999
59287,0,7826,19.4,13.03,0.0,0.0,25.12,283.25,0.0,0,101120.0,9999999
59287,0,7827,19.2,13.11,0.0,0.0,25.12,287.8,0.0,6,101120.0,9999999
59287,0,7828,18.9,13.28,0.0,0.0,25.12,284.03,0.0,1,101120.0,9999999
59287,0,7829,18.6,13.28,0.0,0.0,25.12,280.3,0.0,4,101120.0,9999999
59287,0,7830,18.3,13.19,0.0,0.0,25.12,282.87,0.0,0,101120.0,9999999
59287,0,7831,18.2,12.94,0.0,0.0,25.12,279.9,0.0,11,101120.0,9999999
59287,0,7832,19.6,13.45,115.0,49.0,25.12,288.17,0.0,0,101120.0,9999999
59287,0,7833,21.6,13.97,270.0,80.0,25.12,287.62,0.0,12,101120.0,9999999
59287,0,7834,23.5,13.79,398.0,168.0,25.12,286.12,0.0,4,101120.0,9999999
59287,0,7835,25.2,12.94,508.0,214.0,25.12,290.89,0.0,1,101120.0,9999999
59287,0,7836,26.7,11.76,592.0,176.0,25.12,290.54,0.0,3,101120.0,9999999
59287,0,7837,27.9,10.67,588.0,175.0,25.12,291.43,0.0,13,101120.0,9999999
59287,0,7838,28.8,10.06,520.0,155.0,25.12,291.96,3.0,8,101120.0,9999999
59287,0,7839,29.2,10.33,383.0,161.0,25.12,291.96,3.0,1,101120.0,9999999
59287,0,7840,28.7,11.02,142.0,142.0,25.12,292.85,3.0,3,101120.0,9999999
59287,0,7841,27.4,11.83,58.0,58.0,25.12,287.06,3.0,9,101120.0,9999999
59287,0,7842,25.5,12.3,0.0,0.0,25.12,288.35,3.0,2,101120.0,9999999
59287,0,7843,23.6,12.54,0.0,0.0,25.12,284.99,3.0,9,101120.0,9999999
59287,0,7844,21.8,12.46,0.0,0.0,25.12,285.93,0.0,0,101120.0,9999999
59287,0,7845,20.5,12.22,0.0,0.0,25.12,284.03,0.0,8,101120.0,9999999
59287,0,7846,19.6,12.07,0.0,0.0,25.12,285.18,0.0,3,101120.0,9999999
59287,0,7847,19.0,11.91,0.0,0.0,25.12,283.84,0.0,10,101120.0,9999999
59287,0,7848,18.7,11.83,0.0,0.0,25.12,280.9,0.0,2,101110.0,9999999
59287,0,7849,18.4,11.76,0.0,0.0,25.12,284.99,0.0,13,101110.0,9999999
59287,0,7850,18.2,11.76,0.0,0.0,25.12,282.28,0.0,0,101110.0,9999999
59287,0,7851,17.9,11.83,0.0,0.0,25.12,279.29,0.0,13,101110.0,9999999
59287,0,7852,17.6,11.91,0.0,0.0,25.12,285.74,0.0,7,101110.0,9999999
59287,0,7853,17.3,11.91,0.0,0.0,25.12,277.45,0.0,1,101110.0,9999999
59287,0,7854,17.1,11.76,0.0,0.0,25.12,280.7,0.0,0,101110.0,9999999
59287,0,7855,17.0,11.46,0.0,0.0,25.12,285.18,0.0,13,101110.0,9999999
59287,0,7856,18.6,12.07,114.0,50.0,25.12,282.87,0.0,0,101110.0,9999999
59287,0,7857,20.7,12.62,150.0,150.0,25.12,284.41,0.0,8,101110.0,9999999
59287,0,7858,22.5,12.46,395.0,175.0,25.12,287.24,0.0,16,101110.0,9999999
59287,0,7859,24.1,11.68,504.0,223.0,25.12,287.99,0.0,12,101110.0,9999999
59287,0,7860,25.5,10.74,768.0,245.0,25.12,293.2,0.0,3,101110.0,9999999
59287,0,7861,26.9,9.99,559.0,247.0,25.12,288.35,0.0,5,101110.0,9999999
59287,0,7862,28.2,9.93,290.0,290.0,25.12,291.43,2.0,10,101110.0,9999999
59287,0,7863,29.1,10.74,380.0,168.0,25.12,293.2,2.0,8,101110.0,9999999
59287,0,7864,28.6,11.68,239.0,106.0,25.12,293.02,2.0,4,101110.0,9999999
59287,0,7865,27.2,12.54,57.0,57.0,25.12,288.54,2.0,3,101110.0,9999999
59287,0,7866,25.4,13.03,0.0,0.0,25.12,285.55,2.0,8,101110.0,9999999
59287,0,7867,23.5,13.19,0.0,0.0,25.12,286.68,2.0,14,101110.0,9999999
59287,0,7868,21.7,13.03,0.0,0.0,25.12,285.55,0.0,0,101110.0,9999999
59287,0,7869,20.4,12.78,0.0,0.0,25.12,284.22,0.0,10,101110.0,9999999
59287,0,7870,19.6,12.54,0.0,0.0,25.12,287.99,0.0,15,101110.0,9999999
59287,0,7871,19.1,12.3,0.0,0.0,25.12,280.7,0.0,7,101110.0,9999999
59287,0,7872,18.8,12.22,0.0,0.0,25.12,281.89,0.0,2,100960.0,9999999
59287,0,7873,18.7,12.14,0.0,0.0,25.12,281.69,0.0,11,100960.0,9999999
59287,0,7874,18.5,12.14,0.0,0.0,25.12,284.22,0.0,0,100960.0,9999999
59287,0,7875,18.2,12.22,0.0,0.0,25.12,279.7,0.0,7,100960.0,9999999
59287,0,7876,17.9,12.38,0.0,0.0,25.12,281.1,0.0,10,100960.0,9999999
59287,0,7877,17.6,12.38,0.0,0.0,25.12,281.89,0.0,12,100960.0,9999999
59287,0,7878,17.4,12.38,0.0,0.0,25.12,284.22,0.0,8,100960.0,9999999
59287,0,7879,17.3,12.14,0.0,0.0,25.12,283.06,0.0,6,100960.0,9999999
59287,0,7880,18.3,12.38,127.0,64.0,25.12,279.9,0.0,0,100960.0,9999999
59287,0,7881,20.1,12.86,288.0,144.0,25.12,285.93,0.0,12,100960.0,9999999
59287,0,7882,22.3,13.03,211.0,211.0,25.12,289.27,0.0,1,100960.0,9999999
59287,0,7883,24.5,12.86,568.0,284.0,25.12,288.17,0.0,6,100960.0,9999999
59287,0,7884,26.5,12.3,301.0,301.0,25.12,293.2,0.0,9,100960.0,9999999
59287,0,7885,28.1,11.68,299.0,299.0,25.12,294.41,0.0,6,100960.0,9999999
59287,0,7886,29.0,11.17,556.0,278.0,25.12,294.07,2.0,6,100960.0,9999999
59287,0,7887,29.2,11.31,427.0,214.0,25.12,288.54,2.0,3,100960.0,9999999
59287,0,7888,28.7,11.91,269.0,134.0,25.12,292.49,2.0,4,100960.0,9999999
59287,0,7889,27.3,12.46,110.0,55.0,25.12,292.85,2.0,12,100960.0,9999999
59287,0,7890,25.5,12.78,0.0,0.0,25.12,289.09,2.0,15,100960.0,9999999
59287,0,7891,23.6,12.86,0.0,0.0,25.12,287.8,2.0,1,100960.0,9999999
59287,0,7892,22.0,12.78,0.0,0.0,25.12,284.41,0.0,0,100960.0,9999999
59287,0,7893,20.9,12.7,0.0,0.0,25.12,282.48,0.0,0,100960.0,9999999
59287,0,7894,20.3,12.62,0.0,0.0,25.12,288.72,0.0,5,100960.0,9999999
59287,0,7895,20.0,12.7,0.0,0.0,25.12,285.74,0.0,0,100960.0,9999999
59287,0,7896,19.8,12.78,0.0,0.0,25.12,284.03,0.0,6,101040.0,9999999
59287,0,7897,19.7,12.78,0.0,0.0,25.12,282.87,0.0,13,101040.0,9999999
59287,0,7898,19.4,12.7,0.0,0.0,25.12,281.89,1.0,4,101040.0,9999999
59287,0,7899,18.9,12.54,0.0,0.0,25.12,287.24,1.0,4,101040.0,9999999
59287,0,7900,18.2,12.3,0.0,0.0,25.12,280.7,1.0,12,101040.0,9999999
59287,0,7901,17.6,11.99,0.0,0.0,25.12,284.41,1.0,12,101040.0,9999999
59287,0,7902,17.1,11.68,0.0,0.0,25.12,280.7,1.0,10,101040.0,9999999
59287,0,7903,16.9,11.39,0.0,0.0,25.12,283.45,1.0,15,101040.0,9999999
59287,0,7904,18.6,12.22,125.0,68.0,25.12,281.69,2.0,6,101040.0,9999999
59287,0,7905,20.9,13.19,284.0,153.0,25.12,282.48,2.0,5,101040.0,9999999
59287,0,7906,22.8,13.53,199.0,199.0,25.12,284.41,2.0,9,101040.0,9999999
59287,0,7907,24.4,13.36,560.0,303.0,25.12,292.85,2.0,3,101040.0,9999999
59287,0,7908,25.5,12.78,283.0,283.0,25.12,285.55,2.0,6,101040.0,9999999
59287,0,7909,26.4,12.22,282.0,282.0,25.12,289.27,2.0,1,101040.0,9999999
59287,0,7910,26.8,11.83,549.0,296.0,25.12,290.18,1.0,8,101040.0,9999999
59287,0,7911,26.9,12.07,422.0,228.0,25.12,288.9,1.0,1,101040.0,9999999
59287,0,7912,26.5,12.54,120.0,120.0,25.12,289.45,1.0,10,101040.0,9999999
59287,0,7913,25.5,12.94,107.0,58.0,25.12,286.87,1.0,11,101040.0,9999999
59287,0,7914,24.1,13.11,0.0,0.0,25.12,284.22,1.0,3,101040.0,9999999
59287,0,7915,22.6,13.11,0.0,0.0,25.12,288.35,1.0,11,101040.0,9999999
59287,0,7916,21.3,13.03,0.0,0.0,25.12,283.84,2.0,8,101040.0,9999999
59287,0,7917,20.4,12.86,0.0,0.0,25.12,288.9,2.0,10,101040.0,9999999
59287,0,7918,19.9,12.78,0.0,0.0,25.12,284.22,2.0,16,101040.0,9999999
59287,0,7919,19.6,12.78,0.0,0.0,25.12,287.99,2.0,6,101040.0,9999999
59287,0,7920,19.5,12.7,0.0,0.0,25.12,282.08,2.0,2,101270.0,9999999
59287,0,7921,19.4,12.7,0.0,0.0,25.12,286.31,2.0,9,101270.0,9999999
59287,0,7922,19.3,12.62,0.0,0.0,25.12,282.48,0.0,0,101270.0,9999999
59287,0,7923,19.1,12.54,0.0,0.0,25.12,282.28,0.0,13,101270.0,9999999
59287,0,7924,18.9,12.46,0.0,0.0,25.12,283.64,0.0,6,101270.0,9999999
59287,0,7925,18.6,12.3,0.0,0.0,25.12,282.87,0.0,12,101270.0,9999999
59287,0,7926,18.4,12.14,0.0,0.0,25.12,278.48,0.0,13,101270.0,9999999
59287,0,7927,18.3,11.99,0.0,0.0,25.12,279.7,0.0,3,101270.0,9999999
59287,0,7928,19.4,12.54,54.0,54.0,25.12,287.8,2.0,6,101270.0,9999999
59287,0,7929,20.8,13.28,123.0,123.0,25.12,281.1,2.0,13,101270.0,9999999
59287,0,7930,21.9,13.62,191.0,191.0,25.12,282.28,2.0,2,101270.0,9999999
59287,0,7931,22.7,13.62,244.0,244.0,25.12,291.25,2.0,3,101270.0,9999999
59287,0,7932,23.2,13.36,272.0,272.0,25.12,290.18,2.0,3,101270.0,9999999
59287,0,7933,23.6,13.03,271.0,271.0,25.12,287.8,2.0,5,101270.0,9999999
59287,0,7934,23.8,12.7,239.0,239.0,25.12,286.87,1.0,3,101270.0,9999999
59287,0,7935,23.9,12.54,183.0,183.0,25.12,292.14,1.0,5,101270.0,9999999
59287,0,7936,23.9,12.54,115.0,115.0,25.12,287.99,1.0,5,101270.0,9999999
59287,0,7937,23.5,12.38,47.0,47.0,25.12,291.79,1.0,2,101270.0,9999999
59287,0,7938,22.7,11.91,0.0,0.0,25.12,287.24,1.0,4,101270.0,9999999
59287,0,7939,21.8,11.46,0.0,0.0,25.12,282.87,1.0,4,101270.0,9999999
59287,0,7940,21.3,11.24,0.0,0.0,25.12,285.74,3.0,16,101270.0,9999999
59287,0,7941,21.3,11.24,0.0,0.0,25.12,285.18,3.0,8,101270.0,9999999
59287,0,7942,20.8,10.81,0.0,0.0,25.12,285.18,3.0,16,101270.0,9999999
59287,0,7943,19.8,10.06,0.0,0.0,25.12,283.25,3.0,6,101270.0,9999999
59287,0,7944,18.3,9.05,0.0,0.0,25.12,277.45,3.0,16,101840.0,9999999
59287,0,7945,16.8,8.07,0.0,0.0,25.12,282.28,3.0,4,101840.0,9999999
59287,0,7946,15.4,7.24,0.0,0.0,25.12,279.29,4.0,16,101840.0,9999999
59287,0,7947,14.3,6.71,0.0,0.0,25.12,277.25,4.0,10,101840.0,9999999
59287,0,7948,13.5,6.3,0.0,0.0,25.12,275.15,4.0,10,101840.0,9999999
59287,0,7949,13.0,6.08,0.0,0.0,25.12,277.45,4.0,8,101840.0,9999999
59287,0,7950,12.7,5.91,0.0,0.0,25.12,273.66,4.0,10,101840.0,9999999
59287,0,7951,12.7,5.82,0.0,0.0,25.12,276.0,4.0,3,101840.0,9999999
59287,0,7952,13.0,5.82,121.0,44.0,25.12,278.89,5.0,2,101840.0,9999999
59287,0,7953,13.5,5.82,315.0,78.0,25.12,274.3,5.0,8,101840.0,9999999
59287,0,7954,14.1,5.82,488.0,121.0,25.12,275.36,5.0,11,101840.0,9999999
59287,0,7955,14.7,5.78,546.0,199.0,25.12,277.86,5.0,6,101840.0,9999999
59287,0,7956,15.2,5.74,610.0,223.0,25.12,274.3,5.0,12,101840.0,9999999
59287,0,7957,15.6,5.7,692.0,172.0,25.12,277.86,5.0,3,101840.0,9999999
59287,0,7958,15.8,5.62,534.0,195.0,25.12,281.49,4.0,16,101840.0,9999999
59287,0,7959,15.4,5.42,241.0,241.0,25.12,280.9,4.0,12,101840.0,9999999
59287,0,7960,14.5,5.15,151.0,151.0,25.12,274.09,4.0,8,101840.0,9999999
59287,0,7961,13.4,4.86,61.0,61.0,25.12,275.15,4.0,11,101840.0,9999999
59287,0,7962,12.4,4.65,0.0,0.0,25.12,269.7,4.0,3,101840.0,9999999
59287,0,7963,12.1,4.65,0.0,0.0,25.12,273.23,4.0,10,101840.0,9999999
59287,0,7964,12.4,4.82,0.0,0.0,25.12,272.58,5.0,2,101840.0,9999999
59287,0,7965,12.4,4.89,0.0,0.0,25.12,269.93,5.0,11,101840.0,9999999
59287,0,7966,12.1,4.79,0.0,0.0,25.12,269.48,5.0,1,101840.0,9999999
59287,0,7967,11.5,4.58,0.0,0.0,25.12,273.23,5.0,1,101840.0,9999999
59287,0,7968,10.8,4.31,0.0,0.0,25.12,269.25,5.0,10,101890.0,9999999
59287,0,7969,10.0,4.06,0.0,0.0,25.12,272.14,5.0,7,101890.0,9999999
59287,0,7970,9.4,3.85,0.0,0.0,25.12,266.27,3.0,2,101890.0,9999999
59287,0,7971,9.0,3.7,0.0,0.0,25.12,270.15,3.0,6,101890.0,9999999
59287,0,7972,8.8,3.62,0.0,0.0,25.12,269.93,3.0,8,101890.0,9999999
59287,0,7973,8.7,3.56,0.0,0.0,25.12,269.25,3.0,14,101890.0,9999999
59287,0,7974,8.7,3.51,0.0,0.0,25.12,269.7,3.0,3,101890.0,9999999
59287,0,7975,8.7,3.43,0.0,0.0,25.12,271.48,3.0,3,101890.0,9999999
59287,0,7976,9.1,3.35,120.0,50.0,25.12,269.48,3.0,2,101890.0,9999999
59287,0,7977,10.0,3.32,275.0,114.0,25.12,269.25,3.0,3,101890.0,9999999
59287,0,7978,11.2,3.32,250.0,250.0,25.12,270.82,3.0,12,101890.0,9999999
59287,0,7979,12.6,3.32,545.0,227.0,25.12,270.15,3.0,6,101890.0,9999999
59287,0,7980,14.1,3.32,358.0,358.0,25.12,278.07,3.0,1,101890.0,9999999
59287,0,7981,15.6,3.4,355.0,355.0,25.12,274.73,3.0,15,101890.0,9999999
59287,0,7982,17.0,3.56,313.0,313.0,25.12,277.25,4.0,2,101890.0,9999999
59287,0,7983,17.8,3.82,409.0,171.0,25.12,277.04,4.0,4,101890.0,9999999
59287,0,7984,17.6,4.0,503.0,147.0,25.12,276.21,4.0,5,101890.0,9999999
59287,0,7985,17.0,4.18,232.0,68.0,25.12,276.0,4.0,9,101890.0,9999999
59287,0,7986,16.2,4.35,0.0,0.0,25.12,278.48,4.0,13,101890.0,9999999
59287,0,7987,15.4,4.44,0.0,0.0,25.12,277.66,4.0,10,101890.0,9999999
59287,0,7988,14.5,4.51,0.0,0.0,25.12,276.83,3.0,2,101890.0,9999999
59287,0,7989,13.8,4.48,0.0,0.0,25.12,273.01,3.0,1,101890.0,9999999
59287,0,7990,13.2,4.44,0.0,0.0,25.12,274.3,3.0,7,101890.0,9999999
59287,0,7991,12.7,4.41,0.0,0.0,25.12,271.92,3.0,5,101890.0,9999999
59287,0,7992,12.2,4.31,0.0,0.0,25.12,270.6,3.0,2,101740.0,9999999
59287,0,7993,11.8,4.25,0.0,0.0,25.12,271.7,3.0,4,101740.0,9999999
59287,0,7994,11.4,4.15,0.0,0.0,25.12,271.26,1.0,2,101740.0,9999999
59287,0,7995,10.9,4.06,0.0,0.0,25.12,275.79,1.0,6,101740.0,9999999
59287,0,7996,10.5,4.0,0.0,0.0,25.12,267.43,1.0,11,101740.0,9999999
59287,0,7997,10.1,3.91,0.0,0.0,25.12,272.14,1.0,7,101740.0,9999999
59287,0,7998,9.8,3.82,0.0,0.0,25.12,269.48,1.0,7,101740.0,9999999
59287,0,7999,9.7,3.73,0.0,0.0,25.12,266.5,1.0,4,101740.0,9999999
59287,0,8000,11.0,3.97,131.0,39.0,25.12,273.23,3.0,16,101740.0,9999999
59287,0,8001,12.8,4.22,384.0,78.0,25.12,271.92,3.0,3,101740.0,9999999
59287,0,8002,14.3,4.38,596.0,121.0,25.12,275.15,3.0,9,101740.0,9999999
59287,0,8003,15.7,4.44,763.0,155.0,25.12,274.94,3.0,6,101740.0,9999999
59287,0,8004,17.1,4.54,671.0,201.0,25.12,278.07,3.0,5,101740.0,9999999
59287,0,8005,18.5,4.75,391.0,391.0,25.12,276.83,3.0,10,101740.0,9999999
59287,0,8006,20.0,5.27,345.0,345.0,25.12,280.1,3.0,14,101740.0,9999999
59287,0,8007,21.1,5.91,451.0,135.0,25.12,280.9,3.0,15,101740.0,9999999
59287,0,8008,20.8,6.3,166.0,166.0,25.12,284.03,3.0,8,101740.0,9999999
59287,0,8009,19.9,6.48,113.0,34.0,25.12,282.48,3.0,9,101740.0,9999999
59287,0,8010,18.7,6.48,0.0,0.0,25.12,279.09,3.0,8,101740.0,9999999
59287,0,8011,17.5,6.34,0.0,0.0,25.12,279.49,3.0,11,101740.0,9999999
59287,0,8012,16.5,5.99,0.0,0.0,25.12,280.9,3.0,16,101740.0,9999999
59287,0,8013,15.9,5.58,0.0,0.0,25.12,277.45,3.0,16,101740.0,9999999
59287,0,8014,15.5,5.08,0.0,0.0,25.12,276.83,3.0,2,101740.0,9999999
59287,0,8015,15.4,4.54,0.0,0.0,25.12,277.86,3.0,11,101740.0,9999999
59287,0,8016,15.4,4.0,0.0,0.0,21.74,273.23,3.0,14,101940.0,9999999
59287,0,8017,15.4,3.53,0.0,0.0,21.74,271.7,3.0,14,101940.0,9999999
59287,0,8018,15.3,3.22,0.0,0.0,21.74,272.58,4.0,3,101940.0,9999999
59287,0,8019,15.0,3.04,0.0,0.0,21.74,274.3,4.0,7,101940.0,9999999
59287,0,8020,14.6,2.97,0.0,0.0,21.74,270.37,4.0,10,101940.0,9999999
59287,0,8021,14.2,2.99,0.0,0.0,21.74,272.8,4.0,8,101940.0,9999999
59287,0,8022,13.8,3.07,0.0,0.0,21.74,271.92,4.0,14,101940.0,9999999
59287,0,8023,13.7,3.14,0.0,0.0,21.74,271.04,4.0,7,101940.0,9999999
59287,0,8024,13.8,3.22,108.0,59.0,21.74,273.23,3.0,3,101940.0,9999999
59287,0,8025,14.0,3.19,121.0,121.0,21.74,274.52,3.0,2,101940.0,9999999
59287,0,8026,14.3,3.12,385.0,211.0,21.74,274.73,3.0,12,101940.0,9999999
59287,0,8027,14.7,3.02,240.0,240.0,21.74,275.79,3.0,9,101940.0,9999999
59287,0,8028,15.3,2.92,552.0,302.0,21.74,273.87,3.0,13,101940.0,9999999
59287,0,8029,16.1,2.92,548.0,300.0,21.74,276.21,3.0,10,101940.0,9999999
59287,0,8030,17.2,3.04,235.0,235.0,21.74,272.8,3.0,3,101940.0,9999999
59287,0,8031,18.1,3.24,370.0,203.0,21.74,275.15,3.0,1,101940.0,9999999
59287,0,8032,17.8,3.35,232.0,127.0,21.74,273.66,3.0,6,101940.0,9999999
59287,0,8033,17.2,3.48,45.0,45.0,21.74,273.23,3.0,6,101940.0,9999999
59287,0,8034,16.3,3.56,0.0,0.0,21.74,275.36,3.0,10,101940.0,9999999
59287,0,8035,15.4,3.67,0.0,0.0,21.74,274.73,3.0,9,101940.0,9999999
59287,0,8036,14.7,3.79,0.0,0.0,21.74,275.15,2.0,2,101940.0,9999999
59287,0,8037,14.2,3.97,0.0,0.0,21.74,275.36,2.0,16,101940.0,9999999
59287,0,8038,14.0,4.18,0.0,0.0,21.74,274.73,2.0,1,101940.0,9999999
59287,0,8039,14.0,4.41,0.0,0.0,21.74,271.04,2.0,2,101940.0,9999999
59287,0,8040,14.0,4.65,0.0,0.0,21.74,275.15,2.0,7,101740.0,9999999
59287,0,8041,14.1,4.82,0.0,0.0,21.74,279.29,2.0,4,101740.0,9999999
59287,0,8042,14.0,4.97,0.0,0.0,21.74,274.3,0.0,0,101740.0,9999999
59287,0,8043,13.8,5.04,0.0,0.0,21.74,274.73,0.0,8,101740.0,9999999
59287,0,8044,13.5,5.04,0.0,0.0,21.74,278.89,0.0,8,101740.0,9999999
59287,0,8045,13.2,4.97,0.0,0.0,21.74,273.44,0.0,15,101740.0,9999999
59287,0,8046,13.0,4.93,0.0,0.0,21.74,275.79,0.0,5,101740.0,9999999
59287,0,8047,12.9,4.86,0.0,0.0,21.74,274.73,0.0,2,101740.0,9999999
59287,0,8048,13.6,5.04,24.0,24.0,21.74,274.94,1.0,2,101740.0,9999999
59287,0,8049,14.3,5.19,55.0,55.0,21.74,276.41,1.0,9,101740.0,9999999
59287,0,8050,14.6,5.15,85.0,85.0,21.74,278.48,1.0,4,101740.0,9999999
59287,0,8051,14.7,5.08,109.0,109.0,21.74,273.44,1.0,5,101740.0,9999999
59287,0,8052,14.6,5.0,121.0,121.0,21.74,274.94,1.0,2,101740.0,9999999
59287,0,8053,14.7,5.0,121.0,121.0,21.74,276.0,1.0,12,101740.0,9999999
59287,0,8054,14.9,5.15,106.0,106.0,21.74,275.36,2.0,6,101740.0,9999999
59287,0,8055,15.3,5.54,81.0,81.0,21.74,275.15,2.0,1,101740.0,9999999
59287,0,8056,15.6,5.95,51.0,51.0,21.74,278.07,2.0,15,101740.0,9999999
59287,0,8057,15.4,6.21,20.0,20.0,21.74,276.83,2.0,1,101740.0,9999999
59287,0,8058,14.9,6.39,0.0,0.0,21.74,273.01,2.0,11,101740.0,9999999
59287,0,8059,14.3,6.43,0.0,0.0,21.74,280.5,2.0,6,101740.0,9999999
59287,0,8060,13.8,6.43,0.0,0.0,21.74,274.3,2.0,4,101740.0,9999999
59287,0,8061,13.4,6.43,0.0,0.0,21.74,273.01,2.0,16,101740.0,9999999
59287,0,8062,13.2,6.39,0.0,0.0,21.74,273.66,2.0,5,101740.0,9999999
59287,0,8063,13.1,6.39,0.0,0.0,21.74,274.09,2.0,11,101740.0,9999999
59287,0,8064,13.0,6.39,0.0,0.0,21.74,275.15,2.0,5,101450.0,9999999
59287,0,8065,12.8,6.48,0.0,0.0,21.74,272.36,2.0,8,101450.0,9999999
59287,0,8066,12.6,6.61,0.0,0.0,21.74,274.94,2.0,2,101450.0,9999999
59287,0,8067,12.2,6.8,0.0,0.0,21.74,278.68,2.0,6,101450.0,9999999
59287,0,8068,11.8,6.99,0.0,0.0,21.74,270.37,2.0,12,101450.0,9999999
59287,0,8069,11.4,7.24,0.0,0.0,21.74,278.07,2.0,16,101450.0,9999999
59287,0,8070,11.1,7.44,0.0,0.0,21.74,272.14,2.0,4,101450.0,9999999
59287,0,8071,11.0,7.65,0.0,0.0,21.74,269.93,2.0,10,101450.0,9999999
59287,0,8072,11.4,7.97,41.0,41.0,21.74,272.58,1.0,2,101450.0,9999999
59287,0,8073,12.0,8.24,94.0,94.0,21.74,277.66,1.0,10,101450.0,9999999
59287,0,8074,12.6,8.35,146.0,146.0,21.74,273.87,1.0,7,101450.0,9999999
59287,0,8075,13.3,8.41,187.0,187.0,21.74,277.86,1.0,12,101450.0,9999999
59287,0,8076,14.1,8.46,209.0,209.0,21.74,277.86,1.0,6,101450.0,9999999
59287,0,8077,15.1,8.7,208.0,208.0,21.74,280.7,1.0,11,101450.0,9999999
59287,0,8078,16.3,9.11,183.0,183.0,21.74,276.83,2.0,2,101450.0,9999999
59287,0,8079,17.6,9.86,140.0,140.0,21.74,279.29,2.0,15,101450.0,9999999
59287,0,8080,18.3,10.4,88.0,88.0,21.74,286.12,2.0,16,101450.0,9999999
59287,0,8081,18.0,10.4,35.0,35.0,21.74,281.1,2.0,5,101450.0,9999999
59287,0,8082,17.3,10.19,0.0,0.0,21.74,282.28,2.0,10,101450.0,9999999
59287,0,8083,16.4,9.86,0.0,0.0,21.74,279.9,2.0,3,101450.0,9999999
59287,0,8084,15.6,9.54,0.0,0.0,21.74,280.5,3.0,16,101450.0,9999999
59287,0,8085,15.1,9.29,0.0,0.0,21.74,278.48,3.0,8,101450.0,9999999
59287,0,8086,14.9,9.17,0.0,0.0,21.74,277.66,3.0,10,101450.0,9999999
59287,0,8087,14.9,9.17,0.0,0.0,21.74,276.41,3.0,16,101450.0,9999999
59287,0,8088,15.1,9.23,0.0,0.0,21.74,277.25,3.0,14,101100.0,9999999
59287,0,8089,15.2,9.29,0.0,0.0,21.74,280.1,3.0,12,101100.0,9999999
59287,0,8090,15.4,9.42,0.0,0.0,21.74,274.73,2.0,2,101100.0,9999999
59287,0,8091,15.5,9.54,0.0,0.0,21.74,278.48,2.0,16,101100.0,9999999
59287,0,8092,15.4,9.61,0.0,0.0,21.74,277.25,2.0,5,101100.0,9999999
59287,0,8093,15.4,9.67,0.0,0.0,21.74,278.89,2.0,5,101100.0,9999999
59287,0,8094,15.3,9.74,0.0,0.0,21.74,281.29,2.0,12,101100.0,9999999
59287,0,8095,15.3,9.67,0.0,0.0,21.74,277.04,2.0,7,101100.0,9999999
59287,0,8096,16.5,10.33,50.0,50.0,21.74,278.48,0.0,0,101100.0,9999999
59287,0,8097,17.8,10.88,115.0,115.0,21.74,282.28,0.0,5,101100.0,9999999
59287,0,8098,18.5,10.95,180.0,180.0,21.74,286.5,0.0,4,101100.0,9999999
59287,0,8099,19.0,10.81,230.0,230.0,21.74,278.68,0.0,16,101100.0,9999999
59287,0,8100,19.6,10.67,257.0,257.0,21.74,282.28,0.0,8,101100.0,9999999
59287,0,8101,20.4,10.74,256.0,256.0,21.74,288.17,0.0,3,101100.0,9999999
59287,0,8102,21.8,11.46,225.0,225.0,21.74,289.81,1.0,1,101100.0,9999999
59287,0,8103,23.1,12.3,173.0,173.0,21.74,289.81,1.0,10,101100.0,9999999
59287,0,8104,22.8,12.22,108.0,108.0,21.74,288.35,1.0,16,101100.0,9999999
59287,0,8105,22.0,11.99,43.0,43.0,21.74,284.22,1.0,1,101100.0,9999999
59287,0,8106,21.0,11.76,0.0,0.0,21.74,282.28,1.0,7,101100.0,9999999
59287,0,8107,20.1,11.68,0.0,0.0,21.74,282.28,1.0,6,101100.0,9999999
59287,0,8108,19.8,11.99,0.0,0.0,21.74,286.5,2.0,2,101100.0,9999999
59287,0,8109,19.9,12.62,0.0,0.0,21.74,286.68,2.0,5,101100.0,9999999
59287,0,8110,19.5,12.86,0.0,0.0,21.74,279.7,2.0,11,101100.0,9999999
59287,0,8111,18.5,12.46,0.0,0.0,21.74,283.45,2.0,2,101100.0,9999999
59287,0,8112,17.4,11.91,0.0,0.0,21.74,280.5,2.0,6,101410.0,9999999
59287,0,8113,16.5,11.39,0.0,0.0,21.74,281.89,2.0,11,101410.0,9999999
59287,0,8114,16.1,11.17,0.0,0.0,21.74,280.7,4.0,3,101410.0,9999999
59287,0,8115,16.0,10.88,0.0,0.0,21.74,283.84,4.0,12,101410.0,9999999
59287,0,8116,15.6,10.33,0.0,0.0,21.74,278.89,4.0,5,101410.0,9999999
59287,0,8117,15.1,9.61,0.0,0.0,21.74,276.0,4.0,12,101410.0,9999999
59287,0,8118,14.7,8.87,0.0,0.0,21.74,279.29,4.0,8,101410.0,9999999
59287,0,8119,14.3,8.24,0.0,0.0,21.74,276.83,4.0,3,101410.0,9999999
59287,0,8120,14.1,7.7,69.0,48.0,21.74,273.01,5.0,2,101410.0,9999999
59287,0,8121,14.2,7.34,160.0,111.0,21.74,280.9,5.0,5,101410.0,9999999
59287,0,8122,14.5,7.14,129.0,129.0,21.74,279.49,5.0,7,101410.0,9999999
59287,0,8123,14.9,6.99,165.0,165.0,21.74,273.23,5.0,15,101410.0,9999999
59287,0,8124,15.3,6.94,357.0,247.0,21.74,273.66,5.0,10,101410.0,9999999
59287,0,8125,15.5,6.85,355.0,246.0,21.74,276.83,5.0,6,101410.0,9999999
59287,0,8126,15.6,6.8,313.0,217.0,21.74,281.89,5.0,3,101410.0,9999999
59287,0,8127,15.4,6.66,239.0,166.0,21.74,276.62,5.0,6,101410.0,9999999
59287,0,8128,14.9,6.52,149.0,103.0,21.74,274.52,5.0,8,101410.0,9999999
59287,0,8129,14.3,6.3,59.0,41.0,21.74,276.0,5.0,7,101410.0,9999999
59287,0,8130,13.6,6.08,0.0,0.0,21.74,275.15,5.0,5,101410.0,9999999
59287,0,8131,13.0,5.82,0.0,0.0,21.74,278.89,5.0,9,101410.0,9999999
59287,0,8132,12.4,5.58,0.0,0.0,21.74,271.48,4.0,3,101410.0,9999999
59287,0,8133,12.0,5.3,0.0,0.0,21.74,274.94,4.0,14,101410.0,9999999
59287,0,8134,11.7,5.04,0.0,0.0,21.74,277.04,4.0,16,101410.0,9999999
59287,0,8135,11.5,4.79,0.0,0.0,21.74,273.44,4.0,11,101410.0,9999999
59287,0,8136,11.3,4.51,0.0,0.0,21.74,276.41,4.0,14,102030.0,9999999
59287,0,8137,11.2,4.28,0.0,0.0,21.74,271.7,4.0,5,102030.0,9999999
59287,0,8138,11.1,4.06,0.0,0.0,21.74,270.15,5.0,2,102030.0,9999999
59287,0,8139,10.9,3.88,0.0,0.0,21.74,274.09,5.0,15,102030.0,9999999
59287,0,8140,10.8,3.73,0.0,0.0,21.74,270.37,5.0,7,102030.0,9999999
59287,0,8141,10.6,3.62,0.0,0.0,21.74,273.66,5.0,11,102030.0,9999999
59287,0,8142,10.5,3.51,0.0,0.0,21.74,272.36,5.0,16,102030.0,9999999
59287,0,8143,10.5,3.4,0.0,0.0,21.74,268.12,5.0,6,102030.0,9999999
59287,0,8144,10.6,3.32,137.0,71.0,21.74,274.73,4.0,3,102030.0,9999999
59287,0,8145,10.9,3.22,319.0,165.0,21.74,268.34,4.0,1,102030.0,9999999
59287,0,8146,11.4,3.17,205.0,205.0,21.74,271.92,4.0,15,102030.0,9999999
59287,0,8147,12.0,3.12,263.0,263.0,21.74,270.15,4.0,10,102030.0,9999999
59287,0,8148,12.9,3.09,294.0,294.0,21.74,274.09,4.0,13,102030.0,9999999
59287,0,8149,14.0,3.12,292.0,292.0,21.74,272.14,4.0,6,102030.0,9999999
59287,0,8150,15.3,3.22,624.0,322.0,21.74,273.44,3.0,2,102030.0,9999999
59287,0,8151,16.3,3.29,477.0,247.0,21.74,277.66,3.0,16,102030.0,9999999
59287,0,8152,16.2,3.19,297.0,154.0,21.74,276.0,3.0,9,102030.0,9999999
59287,0,8153,15.8,3.12,48.0,48.0,21.74,275.58,3.0,7,102030.0,9999999
59287,0,8154,15.4,3.04,0.0,0.0,21.74,273.44,3.0,15,102030.0,9999999
59287,0,8155,14.9,3.02,0.0,0.0,21.74,276.0,3.0,1,102030.0,9999999
59287,0,8156,14.4,3.04,0.0,0.0,21.74,278.07,4.0,3,102030.0,9999999
59287,0,8157,14.0,3.12,0.0,0.0,21.74,277.86,4.0,8,102030.0,9999999
59287,0,8158,13.7,3.24,0.0,0.0,21.74,276.21,4.0,10,102030.0,9999999
59287,0,8159,13.5,3.35,0.0,0.0,21.74,274.94,4.0,1,102030.0,9999999
59287,0,8160,13.2,3.45,0.0,0.0,21.74,272.36,4.0,7,102080.0,9999999
59287,0,8161,13.0,3.53,0.0,0.0,21.74,273.23,4.0,4,102080.0,9999999
59287,0,8162,12.7,3.53,0.0,0.0,21.74,273.66,2.0,3,102080.0,9999999
59287,0,8163,12.3,3.45,0.0,0.0,21.74,268.57,2.0,6,102080.0,9999999
59287,0,8164,11.9,3.32,0.0,0.0,21.74,276.0,2.0,4,102080.0,9999999
59287,0,8165,11.6,3.17,0.0,0.0,21.74,272.14,2.0,2,102080.0,9999999
59287,0,8166,11.3,2.99,0.0,0.0,21.74,268.57,2.0,11,102080.0,9999999
59287,0,8167,11.2,2.85,0.0,0.0,21.74,271.48,2.0,9,102080.0,9999999
59287,0,8168,11.6,2.81,189.0,67.0,21.74,275.15,2.0,3,102080.0,9999999
59287,0,8169,12.3,2.79,174.0,174.0,21.74,275.79,2.0,16,102080.0,9999999
59287,0,8170,13.2,2.83,271.0,271.0,21.74,271.04,2.0,4,102080.0,9999999
59287,0,8171,14.1,2.88,885.0,312.0,21.74,269.7,2.0,10,102080.0,9999999
59287,0,8172,15.2,2.97,388.0,388.0,21.74,276.21,2.0,15,102080.0,9999999
59287,0,8173,16.2,3.09,956.0,337.0,21.74,275.36,2.0,5,102080.0,9999999
59287,0,8174,17.3,3.29,340.0,340.0,21.74,278.68,3.0,3,102080.0,9999999
59287,0,8175,18.0,3.48,260.0,260.0,21.74,275.36,3.0,8,102080.0,9999999
59287,0,8176,17.8,3.53,162.0,162.0,21.74,279.29,3.0,13,102080.0,9999999
59287,0,8177,17.1,3.56,63.0,63.0,21.74,274.52,3.0,8,102080.0,9999999
59287,0,8178,16.3,3.59,0.0,0.0,21.74,272.58,3.0,13,102080.0,9999999
59287,0,8179,15.5,3.67,0.0,0.0,21.74,274.09,3.0,5,102080.0,9999999
59287,0,8180,14.7,3.79,0.0,0.0,21.74,274.73,2.0,3,102080.0,9999999
59287,0,8181,14.2,4.03,0.0,0.0,21.74,275.36,2.0,1,102080.0,9999999
59287,0,8182,13.9,4.31,0.0,0.0,21.74,272.14,2.0,12,102080.0,9999999
59287,0,8183,13.7,4.65,0.0,0.0,21.74,276.21,2.0,16,102080.0,9999999
59287,0,8184,13.6,4.97,0.0,0.0,21.74,275.58,2.0,15,101810.0,9999999
59287,0,8185,13.6,5.23,0.0,0.0,21.74,271.04,2.0,2,101810.0,9999999
59287,0,8186,13.5,5.42,0.0,0.0,21.74,276.62,1.0,2,101810.0,9999999
59287,0,8187,13.4,5.46,0.0,0.0,21.74,275.58,1.0,5,101810.0,9999999
59287,0,8188,13.2,5.38,0.0,0.0,21.74,277.25,1.0,10,101810.0,9999999
59287,0,8189,13.0,5.23,0.0,0.0,21.74,278.48,1.0,8,101810.0,9999999
59287,0,8190,12.9,5.0,0.0,0.0,21.74,276.83,1.0,4,101810.0,9999999
59287,0,8191,12.8,4.75,0.0,0.0,21.74,278.07,1.0,1,101810.0,9999999
59287,0,8192,13.3,4.65,61.0,42.0,21.74,278.48,1.0,2,101810.0,9999999
59287,0,8193,14.0,4.51,142.0,99.0,21.74,274.52,1.0,12,101810.0,9999999
59287,0,8194,14.6,4.35,222.0,155.0,21.74,274.94,1.0,7,101810.0,9999999
59287,0,8195,15.2,4.15,285.0,198.0,21.74,277.25,1.0,1,101810.0,9999999
59287,0,8196,15.8,4.03,319.0,222.0,21.74,277.04,1.0,16,101810.0,9999999
59287,0,8197,16.6,4.03,317.0,220.0,21.74,277.66,1.0,9,101810.0,9999999
59287,0,8198,17.5,4.18,279.0,194.0,21.74,278.07,3.0,1,101810.0,9999999
59287,0,8199,18.2,4.51,214.0,149.0,21.74,283.06,3.0,4,101810.0,9999999
59287,0,8200,17.9,4.68,73.0,73.0,21.74,278.89,3.0,1,101810.0,9999999
59287,0,8201,17.1,4.79,52.0,36.0,21.74,279.7,3.0,7,101810.0,9999999
59287,0,8202,16.2,4.86,0.0,0.0,21.74,274.73,3.0,3,101810.0,9999999
59287,0,8203,15.3,4.86,0.0,0.0,21.74,275.36,3.0,4,101810.0,9999999
59287,0,8204,14.7,4.89,0.0,0.0,21.74,271.92,2.0,2,101810.0,9999999
59287,0,8205,14.6,4.97,0.0,0.0,21.74,271.92,2.0,10,101810.0,9999999
59287,0,8206,14.8,5.08,0.0,0.0,21.74,273.44,2.0,10,101810.0,9999999
59287,0,8207,14.9,5.19,0.0,0.0,21.74,276.41,2.0,13,101810.0,9999999
59287,0,8208,14.7,5.23,0.0,0.0,21.74,272.14,2.0,6,101800.0,9999999
59287,0,8209,14.4,5.34,0.0,0.0,21.74,278.48,2.0,2,101800.0,9999999
59287,0,8210,14.2,5.66,0.0,0.0,21.74,276.0,1.0,3,101800.0,9999999
59287,0,8211,14.0,6.16,0.0,0.0,21.74,272.14,1.0,12,101800.0,9999999
59287,0,8212,13.4,6.66,0.0,0.0,21.74,273.01,1.0,15,101800.0,9999999
59287,0,8213,12.6,7.09,0.0,0.0,21.74,277.66,1.0,12,101800.0,9999999
59287,0,8214,11.9,7.39,0.0,0.0,21.74,270.6,1.0,13,101800.0,9999999
59287,0,8215,11.3,7.7,0.0,0.0,21.74,278.27,1.0,15,101800.0,9999999
59287,0,8216,11.1,8.02,23.0,23.0,21.74,275.58,1.0,16,101800.0,9999999
59287,0,8217,10.8,8.02,53.0,53.0,21.74,276.41,1.0,3,101800.0,9999999
59287,0,8218,10.7,8.02,83.0,83.0,21.74,273.66,1.0,16,101800.0,9999999
59287,0,8219,10.9,8.02,107.0,107.0,21.74,272.14,1.0,13,101800.0,9999999
59287,0,8220,11.3,8.02,120.0,120.0,21.74,278.27,1.0,5,101800.0,9999999
59287,0,8221,11.8,8.02,119.0,119.0,21.74,274.3,1.0,10,101800.0,9999999
59287,0,8222,12.3,8.02,105.0,105.0,21.74,274.73,2.0,1,101800.0,9999999
59287,0,8223,12.7,7.97,80.0,80.0,21.74,275.15,2.0,5,101800.0,9999999
59287,0,8224,12.9,7.86,50.0,50.0,21.74,275.36,2.0,14,101800.0,9999999
59287,0,8225,13.1,7.7,19.0,19.0,21.74,276.0,2.0,11,101800.0,9999999
59287,0,8226,13.2,7.54,0.0,0.0,21.74,274.94,2.0,3,101800.0,9999999
59287,0,8227,13.3,7.34,0.0,0.0,21.74,274.94,2.0,9,101800.0,9999999
59287,0,8228,13.5,7.09,0.0,0.0,21.74,275.58,3.0,2,101800.0,9999999
59287,0,8229,13.7,6.85,0.0,0.0,21.74,278.68,3.0,7,101800.0,9999999
59287,0,8230,13.9,6.57,0.0,0.0,21.74,278.68,3.0,11,101800.0,9999999
59287,0,8231,14.1,6.25,0.0,0.0,21.74,277.66,3.0,9,101800.0,9999999
59287,0,8232,14.1,5.99,0.0,0.0,21.74,273.44,3.0,6,101780.0,9999999
59287,0,8233,13.8,5.74,0.0,0.0,21.74,275.58,3.0,2,101780.0,9999999
59287,0,8234,13.3,5.54,0.0,0.0,21.74,274.52,4.0,2,101780.0,9999999
59287,0,8235,12.4,5.42,0.0,0.0,21.74,273.66,4.0,8,101780.0,9999999
59287,0,8236,11.4,5.3,0.0,0.0,21.74,273.01,4.0,2,101780.0,9999999
59287,0,8237,10.4,5.27,0.0,0.0,21.74,268.12,4.0,15,101780.0,9999999
59287,0,8238,9.6,5.23,0.0,0.0,21.74,273.66,4.0,11,101780.0,9999999
59287,0,8239,9.3,5.23,0.0,0.0,21.74,273.44,4.0,11,101780.0,9999999
59287,0,8240,10.1,5.5,133.0,57.0,21.74,270.15,3.0,16,101780.0,9999999
59287,0,8241,11.5,5.7,151.0,151.0,21.74,272.36,3.0,2,101780.0,9999999
59287,0,8242,13.0,5.78,489.0,210.0,21.74,276.21,3.0,5,101780.0,9999999
59287,0,8243,14.6,5.66,627.0,270.0,21.74,272.36,3.0,10,101780.0,9999999
59287,0,8244,16.1,5.42,338.0,338.0,21.74,281.69,3.0,16,101780.0,9999999
59287,0,8245,17.4,5.11,336.0,336.0,21.74,280.1,3.0,1,101780.0,9999999
59287,0,8246,18.4,4.86,614.0,264.0,21.74,283.45,1.0,5,101780.0,9999999
59287,0,8247,18.9,4.79,470.0,202.0,21.74,276.0,1.0,15,101780.0,9999999
59287,0,8248,18.6,4.79,141.0,141.0,21.74,283.64,1.0,3,101780.0,9999999
59287,0,8249,18.0,4.93,55.0,55.0,21.74,281.69,1.0,2,101780.0,9999999
59287,0,8250,17.0,5.11,0.0,0.0,21.74,277.25,1.0,12,101780.0,9999999
59287,0,8251,15.9,5.3,0.0,0.0,21.74,277.25,1.0,15,101780.0,9999999
59287,0,8252,14.8,5.46,0.0,0.0,21.74,278.89,3.0,1,101780.0,9999999
59287,0,8253,13.9,5.62,0.0,0.0,21.74,278.07,3.0,4,101780.0,9999999
59287,0,8254,13.1,5.78,0.0,0.0,21.74,277.45,3.0,4,101780.0,9999999
59287,0,8255,12.5,5.91,0.0,0.0,21.74,272.8,3.0,5,101780.0,9999999
59287,0,8256,12.0,5.99,0.0,0.0,21.74,276.41,3.0,10,101680.0,9999999
59287,0,8257,11.6,6.08,0.0,0.0,21.74,274.3,3.0,1,101680.0,9999999
59287,0,8258,11.4,6.08,0.0,0.0,21.74,269.48,2.0,2,101680.0,9999999
59287,0,8259,11.3,6.04,0.0,0.0,21.74,277.25,2.0,8,101680.0,9999999
59287,0,8260,11.2,5.91,0.0,0.0,21.74,273.23,2.0,11,101680.0,9999999
59287,0,8261,11.2,5.74,0.0,0.0,21.74,273.23,2.0,12,101680.0,9999999
59287,0,8262,11.3,5.5,0.0,0.0,21.74,269.03,2.0,6,101680.0,9999999
59287,0,8263,11.3,5.15,0.0,0.0,21.74,275.36,2.0,15,101680.0,9999999
59287,0,8264,12.8,5.27,113.0,39.0,21.74,275.79,2.0,2,101680.0,9999999
59287,0,8265,14.8,5.42,157.0,157.0,21.74,276.41,2.0,15,101680.0,9999999
59287,0,8266,16.5,5.42,417.0,142.0,21.74,275.36,2.0,15,101680.0,9999999
59287,0,8267,17.9,5.27,535.0,183.0,21.74,279.29,2.0,11,101680.0,9999999
59287,0,8268,19.0,5.08,624.0,144.0,21.74,282.87,2.0,1,101680.0,9999999
59287,0,8269,20.0,5.04,620.0,143.0,21.74,285.18,2.0,8,101680.0,9999999
59287,0,8270,20.7,5.19,546.0,126.0,21.74,280.1,2.0,2,101680.0,9999999
59287,0,8271,21.1,5.62,418.0,97.0,21.74,283.25,2.0,12,101680.0,9999999
59287,0,8272,20.6,5.99,249.0,85.0,21.74,282.87,2.0,2,101680.0,9999999
59287,0,8273,19.4,6.25,57.0,57.0,21.74,281.89,2.0,13,101680.0,9999999
59287,0,8274,17.9,6.3,0.0,0.0,21.74,278.07,2.0,8,101680.0,9999999
59287,0,8275,16.3,6.16,0.0,0.0,21.74,278.27,2.0,12,101680.0,9999999
59287,0,8276,15.1,6.04,0.0,0.0,21.74,281.1,2.0,2,101680.0,9999999
59287,0,8277,14.5,5.91,0.0,0.0,21.74,277.66,2.0,6,101680.0,9999999
59287,0,8278,14.3,5.78,0.0,0.0,21.74,276.83,2.0,9,101680.0,9999999
59287,0,8279,14.5,5.74,0.0,0.0,21.74,274.52,2.0,12,101680.0,9999999
59287,0,8280,14.8,5.7,0.0,0.0,21.74,274.73,2.0,8,101600.0,9999999
59287,0,8281,15.0,5.7,0.0,0.0,21.74,277.45,2.0,4,101600.0,9999999
59287,0,8282,15.0,5.74,0.0,0.0,21.74,272.8,1.0,2,101600.0,9999999
59287,0,8283,14.6,5.87,0.0,0.0,21.74,277.86,1.0,9,101600.0,9999999
59287,0,8284,14.0,5.95,0.0,0.0,21.74,276.0,1.0,16,101600.0,9999999
59287,0,8285,13.4,5.99,0.0,0.0,21.74,277.86,1.0,14,101600.0,9999999
59287,0,8286,12.8,6.04,0.0,0.0,21.74,278.89,1.0,5,101600.0,9999999
59287,0,8287,12.6,5.99,0.0,0.0,21.74,273.44,1.0,12,101600.0,9999999
59287,0,8288,13.5,6.21,115.0,37.0,21.74,278.07,2.0,2,101600.0,9999999
59287,0,8289,14.9,6.3,159.0,159.0,21.74,279.49,2.0,15,101600.0,9999999
59287,0,8290,16.5,6.12,423.0,135.0,21.74,278.48,2.0,16,101600.0,9999999
59287,0,8291,18.0,5.74,543.0,174.0,21.74,283.84,2.0,16,101600.0,9999999
59287,0,8292,19.6,5.23,628.0,137.0,21.74,279.09,2.0,10,101600.0,9999999
59287,0,8293,21.1,4.79,624.0,136.0,21.74,279.29,2.0,8,101600.0,9999999
59287,0,8294,22.4,4.72,532.0,170.0,21.74,283.84,2.0,16,101600.0,9999999
59287,0,8295,23.2,5.11,420.0,92.0,21.74,283.06,2.0,8,101600.0,9999999
59287,0,8296,22.7,5.66,261.0,57.0,21.74,284.79,2.0,10,101600.0,9999999
59287,0,8297,21.4,6.21,101.0,22.0,21.74,283.25,2.0,7,101600.0,9999999
59287,0,8298,19.7,6.57,0.0,0.0,21.74,279.9,2.0,3,101600.0,9999999
59287,0,8299,17.9,6.75,0.0,0.0,21.74,280.7,2.0,14,101600.0,9999999
59287,0,8300,16.3,6.75,0.0,0.0,21.74,275.79,1.0,2,101600.0,9999999
59287,0,8301,15.2,6.71,0.0,0.0,21.74,280.1,1.0,4,101600.0,9999999
59287,0,8302,14.6,6.61,0.0,0.0,21.74,273.01,1.0,12,101600.0,9999999
59287,0,8303,14.3,6.52,0.0,0.0,21.74,276.41,1.0,11,101600.0,9999999
59287,0,8304,14.1,6.48,0.0,0.0,21.74,274.52,1.0,8,101540.0,9999999
59287,0,8305,13.8,6.43,0.0,0.0,21.74,272.14,1.0,12,101540.0,9999999
59287,0,8306,13.4,6.39,0.0,0.0,21.74,275.15,2.0,2,101540.0,9999999
59287,0,8307,12.7,6.3,0.0,0.0,21.74,276.21,2.0,15,101540.0,9999999
59287,0,8308,11.8,6.21,0.0,0.0,21.74,276.41,2.0,10,101540.0,9999999
59287,0,8309,10.9,6.08,0.0,0.0,21.74,272.58,2.0,10,101540.0,9999999
59287,0,8310,10.3,5.95,0.0,0.0,21.74,270.6,2.0,15,101540.0,9999999
59287,0,8311,10.0,5.82,0.0,0.0,21.74,274.52,2.0,11,101540.0,9999999
59287,0,8312,10.8,5.91,115.0,39.0,21.74,271.04,0.0,0,101540.0,9999999
59287,0,8313,12.3,5.99,271.0,91.0,21.74,273.66,0.0,1,101540.0,9999999
59287,0,8314,14.0,5.87,475.0,108.0,21.74,277.25,0.0,10,101540.0,9999999
59287,0,8315,15.9,5.58,544.0,183.0,21.74,277.04,0.0,10,101540.0,9999999
59287,0,8316,17.8,5.15,357.0,357.0,21.74,279.7,0.0,14,101540.0,9999999
59287,0,8317,19.6,4.72,605.0,203.0,21.74,284.6,0.0,3,101540.0,9999999
59287,0,8318,21.2,4.51,598.0,136.0,21.74,281.49,3.0,16,101540.0,9999999
59287,0,8319,22.1,4.72,407.0,137.0,21.74,281.89,3.0,9,101540.0,9999999
59287,0,8320,21.5,4.97,284.0,64.0,21.74,281.49,3.0,3,101540.0,9999999
59287,0,8321,19.9,5.23,98.0,33.0,21.74,283.84,3.0,1,101540.0,9999999
59287,0,8322,17.8,5.38,0.0,0.0,21.74,279.9,3.0,6,101540.0,9999999
59287,0,8323,15.6,5.38,0.0,0.0,21.74,278.48,3.0,12,101540.0,9999999
59287,0,8324,13.7,5.27,0.0,0.0,21.74,272.58,0.0,0,101540.0,9999999
59287,0,8325,12.4,5.19,0.0,0.0,21.74,273.44,0.0,15,101540.0,9999999
59287,0,8326,11.6,5.15,0.0,0.0,21.74,272.58,0.0,14,101540.0,9999999
59287,0,8327,11.2,5.19,0.0,0.0,21.74,271.04,0.0,9,101540.0,9999999
59287,0,8328,11.0,5.27,0.0,0.0,21.74,271.04,0.0,14,101340.0,9999999
59287,0,8329,10.9,5.34,0.0,0.0,21.74,273.87,0.0,2,101340.0,9999999
59287,0,8330,10.6,5.42,0.0,0.0,21.74,271.26,2.0,1,101340.0,9999999
59287,0,8331,10.1,5.5,0.0,0.0,21.74,268.12,2.0,14,101340.0,9999999
59287,0,8332,9.4,5.5,0.0,0.0,21.74,273.66,2.0,10,101340.0,9999999
59287,0,8333,8.8,5.46,0.0,0.0,21.74,270.6,2.0,16,101340.0,9999999
59287,0,8334,8.3,5.38,0.0,0.0,21.74,269.7,2.0,16,101340.0,9999999
59287,0,8335,8.1,5.27,0.0,0.0,21.74,271.26,2.0,13,101340.0,9999999
59287,0,8336,9.6,5.54,116.0,38.0,21.74,270.37,0.0,0,101340.0,9999999
59287,0,8337,11.9,5.78,303.0,67.0,21.74,273.87,0.0,16,101340.0,9999999
59287,0,8338,14.1,5.7,474.0,105.0,21.74,275.36,0.0,6,101340.0,9999999
59287,0,8339,16.3,5.34,551.0,178.0,21.74,276.0,0.0,2,101340.0,9999999
59287,0,8340,18.4,4.79,362.0,362.0,21.74,280.1,0.0,15,101340.0,9999999
59287,0,8341,20.3,4.31,613.0,198.0,21.74,279.09,0.0,10,101340.0,9999999
59287,0,8342,22.0,4.25,596.0,132.0,21.74,286.5,1.0,15,101340.0,9999999
59287,0,8343,23.0,4.89,456.0,101.0,21.74,286.5,1.0,3,101340.0,9999999
59287,0,8344,22.3,5.74,256.0,83.0,21.74,283.25,1.0,9,101340.0,9999999
59287,0,8345,20.6,6.52,58.0,58.0,21.74,280.9,1.0,2,101340.0,9999999
59287,0,8346,18.4,6.94,0.0,0.0,21.74,284.6,1.0,1,101340.0,9999999
59287,0,8347,15.9,6.99,0.0,0.0,21.74,277.25,1.0,2,101340.0,9999999
59287,0,8348,13.8,6.85,0.0,0.0,21.74,280.1,0.0,0,101340.0,9999999
59287,0,8349,12.3,6.57,0.0,0.0,21.74,275.15,0.0,10,101340.0,9999999
59287,0,8350,11.4,6.39,0.0,0.0,21.74,273.23,0.0,2,101340.0,9999999
59287,0,8351,10.9,6.21,0.0,0.0,21.74,274.52,0.0,7,101340.0,9999999
59287,0,8352,10.8,6.08,0.0,0.0,21.74,269.03,0.0,1,101220.0,9999999
59287,0,8353,10.7,6.08,0.0,0.0,21.74,271.7,0.0,3,101220.0,9999999
59287,0,8354,10.6,6.16,0.0,0.0,21.74,268.8,0.0,0,101220.0,9999999
59287,0,8355,10.4,6.34,0.0,0.0,21.74,270.82,0.0,6,101220.0,9999999
59287,0,8356,10.0,6.57,0.0,0.0,21.74,274.94,0.0,9,101220.0,9999999
59287,0,8357,9.7,6.75,0.0,0.0,21.74,270.37,0.0,4,101220.0,9999999
59287,0,8358,9.4,6.9,0.0,0.0,21.74,271.04,0.0,11,101220.0,9999999
59287,0,8359,9.3,6.85,0.0,0.0,21.74,274.3,0.0,0,101220.0,9999999
59287,0,8360,10.3,7.09,115.0,41.0,21.74,275.36,0.0,0,101220.0,9999999
59287,0,8361,12.4,7.44,160.0,160.0,21.74,275.79,0.0,15,101220.0,9999999
59287,0,8362,14.9,7.59,425.0,153.0,21.74,276.62,0.0,14,101220.0,9999999
59287,0,8363,17.7,7.49,697.0,170.0,21.74,280.3,0.0,8,101220.0,9999999
59287,0,8364,20.3,7.04,780.0,191.0,21.74,281.49,0.0,8,101220.0,9999999
59287,0,8365,22.4,6.48,607.0,218.0,21.74,283.25,0.0,1,101220.0,9999999
59287,0,8366,23.8,6.12,314.0,314.0,21.74,285.37,2.0,12,101220.0,9999999
59287,0,8367,24.2,6.39,240.0,240.0,21.74,287.43,2.0,11,101220.0,9999999
59287,0,8368,23.5,7.09,254.0,91.0,21.74,285.74,2.0,3,101220.0,9999999
59287,0,8369,21.9,7.8,58.0,58.0,21.74,282.67,2.0,3,101220.0,9999999
59287,0,8370,19.7,8.24,0.0,0.0,21.74,284.99,2.0,13,101220.0,9999999
59287,0,8371,17.4,8.3,0.0,0.0,21.74,282.87,2.0,12,101220.0,9999999
59287,0,8372,15.5,8.24,0.0,0.0,21.74,274.52,0.0,0,101220.0,9999999
59287,0,8373,14.3,8.13,0.0,0.0,21.74,277.86,0.0,4,101220.0,9999999
59287,0,8374,13.8,8.02,0.0,0.0,21.74,276.62,0.0,1,101220.0,9999999
59287,0,8375,13.7,8.07,0.0,0.0,21.74,274.94,0.0,2,101220.0,9999999
59287,0,8376,13.9,8.13,0.0,0.0,21.74,274.09,0.0,2,101260.0,9999999
59287,0,8377,14.1,8.3,0.0,0.0,21.74,279.7,0.0,9,101260.0,9999999
59287,0,8378,14.3,8.41,0.0,0.0,21.74,277.45,0.0,0,101260.0,9999999
59287,0,8379,14.2,8.64,0.0,0.0,21.74,274.73,0.0,8,101260.0,9999999
59287,0,8380,13.9,8.81,0.0,0.0,21.74,276.0,0.0,12,101260.0,9999999
59287,0,8381,13.6,8.93,0.0,0.0,21.74,280.9,0.0,13,101260.0,9999999
59287,0,8382,13.3,8.93,0.0,0.0,21.74,280.7,0.0,7,101260.0,9999999
59287,0,8383,13.2,8.87,0.0,0.0,21.74,276.0,0.0,4,101260.0,9999999
59287,0,8384,14.0,9.11,137.0,78.0,21.74,276.83,0.0,0,101260.0,9999999
59287,0,8385,15.1,9.11,120.0,120.0,21.74,282.48,0.0,13,101260.0,9999999
59287,0,8386,16.3,8.81,188.0,188.0,21.74,278.89,0.0,8,101260.0,9999999
59287,0,8387,17.6,8.41,648.0,368.0,21.74,280.5,0.0,15,101260.0,9999999
59287,0,8388,19.3,8.02,726.0,412.0,21.74,283.45,0.0,8,101260.0,9999999
59287,0,8389,21.4,7.91,268.0,268.0,21.74,282.08,0.0,11,101260.0,9999999
59287,0,8390,24.0,8.46,236.0,236.0,21.74,290.89,1.0,4,101260.0,9999999
59287,0,8391,26.1,9.61,181.0,181.0,21.74,287.43,1.0,14,101260.0,9999999
59287,0,8392,25.5,9.93,112.0,112.0,21.74,287.62,1.0,10,101260.0,9999999
59287,0,8393,24.0,10.06,43.0,43.0,21.74,283.25,1.0,5,101260.0,9999999
59287,0,8394,22.0,10.06,0.0,0.0,21.74,286.12,1.0,8,101260.0,9999999
59287,0,8395,19.9,9.86,0.0,0.0,21.74,282.28,1.0,11,101260.0,9999999
59287,0,8396,18.2,9.67,0.0,0.0,21.74,281.69,0.0,0,101260.0,9999999
59287,0,8397,17.1,9.54,0.0,0.0,21.74,281.89,0.0,12,101260.0,9999999
59287,0,8398,16.7,9.61,0.0,0.0,21.74,282.67,0.0,15,101260.0,9999999
59287,0,8399,16.6,9.67,0.0,0.0,21.74,280.1,0.0,2,101260.0,9999999
59287,0,8400,16.8,9.8,0.0,0.0,21.74,280.3,0.0,13,101460.0,9999999
59287,0,8401,17.1,9.86,0.0,0.0,21.74,278.89,0.0,7,101460.0,9999999
59287,0,8402,17.3,9.74,0.0,0.0,21.74,283.25,1.0,14,101460.0,9999999
59287,0,8403,17.3,9.48,0.0,0.0,21.74,276.62,1.0,7,101460.0,9999999
59287,0,8404,17.1,9.05,0.0,0.0,21.74,277.66,1.0,10,101460.0,9999999
59287,0,8405,16.8,8.52,0.0,0.0,21.74,283.84,1.0,16,101460.0,9999999
59287,0,8406,16.6,8.02,0.0,0.0,21.74,283.45,1.0,16,101460.0,9999999
59287,0,8407,16.5,7.54,0.0,0.0,21.74,279.09,1.0,16,101460.0,9999999
59287,0,8408,18.6,8.13,117.0,64.0,21.74,277.45,0.0,0,101460.0,9999999
59287,0,8409,20.9,8.75,121.0,121.0,21.74,281.1,0.0,13,101460.0,9999999
59287,0,8410,22.3,8.87,433.0,238.0,21.74,284.79,0.0,8,101460.0,9999999
59287,0,8411,23.0,8.64,557.0,306.0,21.74,281.69,0.0,4,101460.0,9999999
59287,0,8412,23.3,8.24,623.0,343.0,21.74,285.93,0.0,13,101460.0,9999999
59287,0,8413,23.3,7.97,270.0,270.0,21.74,284.03,0.0,12,101460.0,9999999
59287,0,8414,22.6,7.59,237.0,237.0,21.74,286.5,5.0,2,101460.0,9999999
59287,0,8415,21.6,7.39,181.0,181.0,21.74,282.87,5.0,3,101460.0,9999999
59287,0,8416,20.8,7.44,113.0,113.0,21.74,285.74,5.0,12,101460.0,9999999
59287,0,8417,20.0,7.65,100.0,55.0,21.74,281.49,5.0,6,101460.0,9999999
59287,0,8418,19.3,7.8,0.0,0.0,21.74,286.12,5.0,1,101460.0,9999999
59287,0,8419,18.7,7.97,0.0,0.0,21.74,277.45,5.0,4,101460.0,9999999
59287,0,8420,18.2,8.02,0.0,0.0,21.74,284.99,4.0,1,101460.0,9999999
59287,0,8421,17.8,7.97,0.0,0.0,21.74,279.49,4.0,15,101460.0,9999999
59287,0,8422,17.4,7.75,0.0,0.0,21.74,284.03,4.0,2,101460.0,9999999
59287,0,8423,16.9,7.49,0.0,0.0,21.74,278.89,4.0,8,101460.0,9999999
59287,0,8424,16.5,7.14,0.0,0.0,21.74,274.94,4.0,3,101800.0,9999999
59287,0,8425,16.0,6.85,0.0,0.0,21.74,278.27,4.0,1,101800.0,9999999
59287,0,8426,15.4,6.57,0.0,0.0,21.74,281.69,2.0,2,101800.0,9999999
59287,0,8427,14.7,6.39,0.0,0.0,21.74,275.79,2.0,2,101800.0,9999999
59287,0,8428,13.9,6.25,0.0,0.0,21.74,274.94,2.0,4,101800.0,9999999
59287,0,8429,13.3,6.12,0.0,0.0,21.74,275.36,2.0,14,101800.0,9999999
59287,0,8430,12.8,6.04,0.0,0.0,21.74,270.82,2.0,16,101800.0,9999999
59287,0,8431,12.6,6.04,0.0,0.0,21.74,276.0,2.0,16,101800.0,9999999
59287,0,8432,13.0,6.08,133.0,56.0,21.74,271.04,2.0,5,101800.0,9999999
59287,0,8433,13.8,6.21,151.0,151.0,21.74,276.0,2.0,4,101800.0,9999999
59287,0,8434,14.9,6.25,236.0,236.0,21.74,274.3,2.0,7,101800.0,9999999
59287,0,8435,16.1,6.34,630.0,267.0,21.74,274.09,2.0,4,101800.0,9999999
59287,0,8436,17.4,6.39,705.0,298.0,21.74,280.9,2.0,10,101800.0,9999999
59287,0,8437,18.7,6.48,338.0,338.0,21.74,283.25,2.0,4,101800.0,9999999
59287,0,8438,19.9,6.71,297.0,297.0,21.74,279.29,2.0,16,101800.0,9999999
59287,0,8439,20.6,7.04,472.0,200.0,21.74,283.45,2.0,5,101800.0,9999999
59287,0,8440,20.3,7.14,293.0,124.0,21.74,282.08,2.0,15,101800.0,9999999
59287,0,8441,19.5,7.19,114.0,48.0,21.74,281.89,2.0,5,101800.0,9999999
59287,0,8442,18.5,7.14,0.0,0.0,21.74,281.49,2.0,2,101800.0,9999999
59287,0,8443,17.4,7.04,0.0,0.0,21.74,278.07,2.0,1,101800.0,9999999
59287,0,8444,16.4,6.9,0.0,0.0,21.74,277.04,1.0,16,101800.0,9999999
59287,0,8445,15.6,6.8,0.0,0.0,21.74,273.87,1.0,12,101800.0,9999999
59287,0,8446,15.1,6.66,0.0,0.0,21.74,274.73,1.0,10,101800.0,9999999
59287,0,8447,14.7,6.57,0.0,0.0,21.74,280.9,1.0,10,101800.0,9999999
59287,0,8448,14.4,6.43,0.0,0.0,21.74,280.5,1.0,6,101980.0,9999999
59287,0,8449,14.1,6.34,0.0,0.0,21.74,275.58,1.0,6,101980.0,9999999
59287,0,8450,13.7,6.21,0.0,0.0,21.74,274.73,0.0,0,101980.0,9999999
59287,0,8451,13.2,6.04,0.0,0.0,21.74,277.66,0.0,6,101980.0,9999999
59287,0,8452,12.7,5.91,0.0,0.0,21.74,274.09,0.0,9,101980.0,9999999
59287,0,8453,12.3,5.74,0.0,0.0,21.74,276.62,0.0,15,101980.0,9999999
59287,0,8454,11.9,5.62,0.0,0.0,21.74,269.7,0.0,4,101980.0,9999999
59287,0,8455,11.8,5.5,0.0,0.0,21.74,270.82,0.0,7,101980.0,9999999
59287,0,8456,12.9,5.78,115.0,47.0,21.74,273.66,2.0,2,101980.0,9999999
59287,0,8457,14.3,6.08,160.0,160.0,21.74,275.79,2.0,7,101980.0,9999999
59287,0,8458,15.4,6.21,426.0,173.0,21.74,275.58,2.0,6,101980.0,9999999
59287,0,8459,16.3,6.16,322.0,322.0,21.74,278.89,2.0,14,101980.0,9999999
59287,0,8460,17.0,6.04,360.0,360.0,21.74,277.86,2.0,7,101980.0,9999999
59287,0,8461,17.6,5.91,358.0,358.0,21.74,276.62,2.0,2,101980.0,9999999
59287,0,8462,18.1,5.87,315.0,315.0,21.74,277.04,4.0,3,101980.0,9999999
59287,0,8463,18.5,5.91,410.0,167.0,21.74,276.21,4.0,10,101980.0,9999999
59287,0,8464,18.7,6.08,487.0,138.0,21.74,279.9,4.0,6,101980.0,9999999
59287,0,8465,18.4,6.16,218.0,62.0,21.74,279.29,4.0,4,101980.0,9999999
59287,0,8466,17.7,6.16,0.0,0.0,21.74,277.86,4.0,13,101980.0,9999999
59287,0,8467,16.8,6.12,0.0,0.0,21.74,281.29,4.0,10,101980.0,9999999
59287,0,8468,15.7,6.04,0.0,0.0,21.74,279.09,2.0,4,101980.0,9999999
59287,0,8469,14.7,5.95,0.0,0.0,21.74,279.09,2.0,13,101980.0,9999999
59287,0,8470,13.8,5.91,0.0,0.0,21.74,273.01,2.0,11,101980.0,9999999
59287,0,8471,12.9,5.87,0.0,0.0,21.74,273.01,2.0,1,101980.0,9999999
59287,0,8472,12.1,5.87,0.0,0.0,21.74,273.44,2.0,11,102020.0,9999999
59287,0,8473,11.3,5.82,0.0,0.0,21.74,270.6,2.0,1,102020.0,9999999
59287,0,8474,10.6,5.82,0.0,0.0,21.74,274.09,0.0,0,102020.0,9999999
59287,0,8475,9.9,5.87,0.0,0.0,21.74,271.92,0.0,15,102020.0,9999999
59287,0,8476,9.4,5.87,0.0,0.0,21.74,268.8,0.0,3,102020.0,9999999
59287,0,8477,8.9,5.82,0.0,0.0,21.74,273.44,0.0,4,102020.0,9999999
59287,0,8478,8.6,5.78,0.0,0.0,21.74,266.73,0.0,10,102020.0,9999999
59287,0,8479,8.5,5.7,0.0,0.0,21.74,267.89,0.0,4,102020.0,9999999
59287,0,8480,9.6,5.91,126.0,47.0,21.74,272.36,2.0,3,102020.0,9999999
59287,0,8481,11.4,6.25,175.0,175.0,21.74,276.0,2.0,3,102020.0,9999999
59287,0,8482,13.3,6.43,274.0,274.0,21.74,273.66,2.0,6,102020.0,9999999
59287,0,8483,15.2,6.43,352.0,352.0,21.74,276.21,2.0,4,102020.0,9999999
59287,0,8484,17.0,6.34,394.0,394.0,21.74,277.86,2.0,14,102020.0,9999999
59287,0,8485,18.6,6.16,391.0,391.0,21.74,276.41,2.0,15,102020.0,9999999
59287,0,8486,19.9,6.12,345.0,345.0,21.74,277.66,2.0,16,102020.0,9999999
59287,0,8487,20.6,6.21,264.0,264.0,21.74,280.7,2.0,6,102020.0,9999999
59287,0,8488,20.2,6.21,279.0,103.0,21.74,277.86,2.0,7,102020.0,9999999
59287,0,8489,19.1,6.16,218.0,55.0,21.74,283.45,2.0,2,102020.0,9999999
59287,0,8490,17.6,6.12,0.0,0.0,21.74,280.1,2.0,11,102020.0,9999999
59287,0,8491,16.1,5.99,0.0,0.0,21.74,275.15,2.0,14,102020.0,9999999
59287,0,8492,14.7,5.87,0.0,0.0,21.74,277.86,3.0,2,102020.0,9999999
59287,0,8493,13.7,5.78,0.0,0.0,21.74,273.87,3.0,7,102020.0,9999999
59287,0,8494,13.1,5.7,0.0,0.0,21.74,276.41,3.0,9,102020.0,9999999
59287,0,8495,12.7,5.66,0.0,0.0,21.74,272.8,3.0,12,102020.0,9999999
59287,0,8496,12.4,5.66,0.0,0.0,21.74,272.36,3.0,12,101840.0,9999999
59287,0,8497,12.0,5.62,0.0,0.0,21.74,271.04,3.0,12,101840.0,9999999
59287,0,8498,11.4,5.54,0.0,0.0,21.74,271.48,0.0,0,101840.0,9999999
59287,0,8499,10.6,5.46,0.0,0.0,21.74,271.92,0.0,6,101840.0,9999999
59287,0,8500,9.6,5.27,0.0,0.0,21.74,270.82,0.0,5,101840.0,9999999
59287,0,8501,8.7,5.11,0.0,0.0,21.74,268.57,0.0,11,101840.0,9999999
59287,0,8502,8.1,4.93,0.0,0.0,21.74,270.15,0.0,5,101840.0,9999999
59287,0,8503,7.8,4.79,0.0,0.0,21.74,267.66,0.0,12,101840.0,9999999
59287,0,8504,9.4,5.15,120.0,34.0,21.74,267.2,1.0,2,101840.0,9999999
59287,0,8505,11.7,5.54,166.0,166.0,21.74,274.09,1.0,9,101840.0,9999999
59287,0,8506,13.9,5.7,441.0,126.0,21.74,273.87,1.0,1,101840.0,9999999
59287,0,8507,16.0,5.62,584.0,112.0,21.74,281.69,1.0,11,101840.0,9999999
59287,0,8508,17.9,5.42,634.0,181.0,21.74,275.36,1.0,9,101840.0,9999999
59287,0,8509,19.7,5.19,649.0,125.0,21.74,284.99,1.0,1,101840.0,9999999
59287,0,8510,21.3,5.23,572.0,110.0,21.74,283.06,3.0,3,101840.0,9999999
59287,0,8511,22.3,5.54,437.0,84.0,21.74,283.06,3.0,4,101840.0,9999999
59287,0,8512,21.7,5.82,264.0,75.0,21.74,280.5,3.0,1,101840.0,9999999
59287,0,8513,20.0,5.91,106.0,20.0,21.74,285.74,3.0,14,101840.0,9999999
59287,0,8514,17.9,5.87,0.0,0.0,21.74,278.48,3.0,8,101840.0,9999999
59287,0,8515,15.5,5.66,0.0,0.0,21.74,273.23,3.0,11,101840.0,9999999
59287,0,8516,13.5,5.42,0.0,0.0,21.74,274.52,0.0,0,101840.0,9999999
59287,0,8517,12.1,5.19,0.0,0.0,21.74,276.21,0.0,12,101840.0,9999999
59287,0,8518,11.2,5.04,0.0,0.0,21.74,270.15,0.0,4,101840.0,9999999
59287,0,8519,10.8,4.97,0.0,0.0,21.74,271.26,0.0,9,101840.0,9999999
59287,0,8520,10.5,4.93,0.0,0.0,21.74,270.15,0.0,6,101640.0,9999999
59287,0,8521,10.2,4.89,0.0,0.0,21.74,269.93,0.0,4,101640.0,9999999
59287,0,8522,9.8,4.89,0.0,0.0,21.74,273.66,1.0,8,101640.0,9999999
59287,0,8523,9.1,4.86,0.0,0.0,21.74,273.01,1.0,6,101640.0,9999999
59287,0,8524,8.3,4.82,0.0,0.0,21.74,268.12,1.0,11,101640.0,9999999
59287,0,8525,7.5,4.75,0.0,0.0,21.74,268.34,1.0,11,101640.0,9999999
59287,0,8526,6.8,4.65,0.0,0.0,21.74,269.7,1.0,7,101640.0,9999999
59287,0,8527,6.6,4.54,0.0,0.0,21.74,271.92,1.0,7,101640.0,9999999
59287,0,8528,8.0,4.79,73.0,20.0,21.74,269.48,0.0,0,101640.0,9999999
59287,0,8529,10.4,5.15,307.0,55.0,21.74,271.04,0.0,6,101640.0,9999999
59287,0,8530,13.0,5.34,480.0,87.0,21.74,275.15,0.0,16,101640.0,9999999
59287,0,8531,15.7,5.27,617.0,111.0,21.74,278.48,0.0,11,101640.0,9999999
59287,0,8532,18.1,4.97,691.0,125.0,21.74,281.89,0.0,7,101640.0,9999999
59287,0,8533,20.2,4.58,686.0,124.0,21.74,282.48,0.0,6,101640.0,9999999
59287,0,8534,21.7,4.35,339.0,92.0,21.74,279.49,2.0,16,101640.0,9999999
59287,0,8535,22.3,4.51,462.0,83.0,21.74,281.1,2.0,9,101640.0,9999999
59287,0,8536,21.6,4.89,287.0,52.0,21.74,283.25,2.0,11,101640.0,9999999
59287,0,8537,19.9,5.23,112.0,20.0,21.74,281.1,2.0,9,101640.0,9999999
59287,0,8538,17.5,5.34,0.0,0.0,21.74,281.49,2.0,4,101640.0,9999999
59287,0,8539,15.1,5.3,0.0,0.0,21.74,276.0,2.0,6,101640.0,9999999
59287,0,8540,13.0,5.15,0.0,0.0,21.74,278.48,0.0,0,101640.0,9999999
59287,0,8541,11.6,4.97,0.0,0.0,21.74,273.01,0.0,4,101640.0,9999999
59287,0,8542,10.8,4.86,0.0,0.0,21.74,276.21,0.0,11,101640.0,9999999
59287,0,8543,10.5,4.79,0.0,0.0,21.74,269.25,0.0,2,101640.0,9999999
59287,0,8544,10.5,4.72,0.0,0.0,21.74,269.25,0.0,0,101650.0,9999999
59287,0,8545,10.5,4.72,0.0,0.0,21.74,272.36,0.0,10,101650.0,9999999
59287,0,8546,10.4,4.68,0.0,0.0,21.74,272.36,1.0,1,101650.0,9999999
59287,0,8547,10.1,4.68,0.0,0.0,21.74,275.36,1.0,9,101650.0,9999999
59287,0,8548,9.6,4.61,0.0,0.0,21.74,269.25,1.0,5,101650.0,9999999
59287,0,8549,9.1,4.54,0.0,0.0,21.74,269.7,1.0,13,101650.0,9999999
59287,0,8550,8.7,4.44,0.0,0.0,21.74,266.03,1.0,6,101650.0,9999999
59287,0,8551,8.5,4.31,0.0,0.0,21.74,270.15,1.0,5,101650.0,9999999
59287,0,8552,10.4,4.68,208.0,61.0,21.74,273.01,2.0,2,101650.0,9999999
59287,0,8553,12.7,5.0,185.0,185.0,21.74,273.01,2.0,3,101650.0,9999999
59287,0,8554,14.5,4.89,732.0,215.0,21.74,275.15,2.0,9,101650.0,9999999
59287,0,8555,16.0,4.54,370.0,370.0,21.74,275.15,2.0,12,101650.0,9999999
59287,0,8556,17.4,4.15,415.0,415.0,21.74,278.07,2.0,10,101650.0,9999999
59287,0,8557,19.0,3.91,412.0,412.0,21.74,275.36,2.0,3,101650.0,9999999
59287,0,8558,21.1,4.18,870.0,255.0,21.74,281.1,1.0,3,101650.0,9999999
59287,0,8559,22.8,4.97,278.0,278.0,21.74,284.41,1.0,8,101650.0,9999999
59287,0,8560,22.1,5.58,173.0,173.0,21.74,283.06,1.0,9,101650.0,9999999
59287,0,8561,20.4,6.04,178.0,52.0,21.74,282.08,1.0,1,101650.0,9999999
59287,0,8562,18.0,6.21,0.0,0.0,21.74,278.89,1.0,15,101650.0,9999999
59287,0,8563,15.4,6.16,0.0,0.0,21.74,274.73,1.0,12,101650.0,9999999
59287,0,8564,13.1,5.95,0.0,0.0,21.74,274.52,0.0,0,101650.0,9999999
59287,0,8565,11.4,5.78,0.0,0.0,21.74,272.36,0.0,14,101650.0,9999999
59287,0,8566,10.3,5.66,0.0,0.0,21.74,268.34,0.0,6,101650.0,9999999
59287,0,8567,9.6,5.62,0.0,0.0,21.74,270.6,0.0,0,101650.0,9999999
59287,0,8568,9.3,5.7,0.0,0.0,21.74,269.48,0.0,6,101440.0,9999999
59287,0,8569,9.1,5.82,0.0,0.0,21.74,272.58,0.0,14,101440.0,9999999
59287,0,8570,9.0,6.04,0.0,0.0,21.74,270.6,0.0,0,101440.0,9999999
59287,0,8571,8.9,6.3,0.0,0.0,21.74,273.66,0.0,14,101440.0,9999999
59287,0,8572,8.7,6.52,0.0,0.0,21.74,272.58,0.0,9,101440.0,9999999
59287,0,8573,8.5,6.71,0.0,0.0,21.74,273.44,0.0,11,101440.0,9999999
59287,0,8574,8.4,6.8,0.0,0.0,21.74,268.34,0.0,16,101440.0,9999999
59287,0,8575,8.3,6.75,0.0,0.0,21.74,271.48,0.0,6,101440.0,9999999
59287,0,8576,9.1,6.9,122.0,55.0,21.74,275.58,0.0,0,101440.0,9999999
59287,0,8577,10.8,7.14,144.0,144.0,21.74,270.82,0.0,9,101440.0,9999999
59287,0,8578,12.9,7.24,225.0,225.0,21.74,273.66,0.0,7,101440.0,9999999
59287,0,8579,15.2,7.24,574.0,260.0,21.74,281.69,0.0,4,101440.0,9999999
59287,0,8580,17.5,7.04,643.0,291.0,21.74,279.29,0.0,4,101440.0,9999999
59287,0,8581,19.6,6.85,639.0,290.0,21.74,279.09,0.0,12,101440.0,9999999
59287,0,8582,21.3,6.85,283.0,283.0,21.74,281.69,0.0,0,101440.0,9999999
59287,0,8583,22.1,7.24,431.0,195.0,21.74,283.84,0.0,2,101440.0,9999999
59287,0,8584,21.5,7.65,135.0,135.0,21.74,284.6,0.0,5,101440.0,9999999
59287,0,8585,19.8,7.86,53.0,53.0,21.74,283.84,0.0,3,101440.0,9999999
59287,0,8586,17.6,7.86,0.0,0.0,21.74,280.9,0.0,12,101440.0,9999999
59287,0,8587,15.4,7.65,0.0,0.0,21.74,279.49,0.0,5,101440.0,9999999
59287,0,8588,13.4,7.24,0.0,0.0,21.74,276.0,0.0,0,101440.0,9999999
59287,0,8589,12.1,6.9,0.0,0.0,21.74,275.15,0.0,6,101440.0,9999999
59287,0,8590,11.4,6.66,0.0,0.0,21.74,275.15,0.0,9,101440.0,9999999
59287,0,8591,11.2,6.43,0.0,0.0,21.74,277.45,0.0,12,101440.0,9999999
59287,0,8592,11.2,6.25,0.0,0.0,21.74,270.82,0.0,2,101290.0,9999999
59287,0,8593,11.3,6.08,0.0,0.0,21.74,272.36,0.0,4,101290.0,9999999
59287,0,8594,11.3,5.95,0.0,0.0,21.74,277.25,0.0,0,101290.0,9999999
59287,0,8595,11.1,5.82,0.0,0.0,21.74,277.04,0.0,12,101290.0,9999999
59287,0,8596,10.8,5.7,0.0,0.0,21.74,275.15,0.0,2,101290.0,9999999
59287,0,8597,10.4,5.54,0.0,0.0,21.74,271.7,0.0,0,101290.0,9999999
59287,0,8598,10.1,5.38,0.0,0.0,21.74,274.3,0.0,4,101290.0,9999999
59287,0,8599,10.0,5.23,0.0,0.0,21.74,272.36,0.0,14,101290.0,9999999
59287,0,8600,11.5,5.5,123.0,40.0,21.74,269.25,1.0,2,101290.0,9999999
59287,0,8601,13.9,5.95,170.0,170.0,21.74,277.25,1.0,7,101290.0,9999999
59287,0,8602,16.3,6.16,452.0,145.0,21.74,280.9,1.0,13,101290.0,9999999
59287,0,8603,18.6,6.16,885.0,195.0,21.74,278.68,1.0,6,101290.0,9999999
59287,0,8604,20.7,5.95,649.0,209.0,21.74,286.5,1.0,3,101290.0,9999999
59287,0,8605,22.3,5.62,379.0,379.0,21.74,286.31,1.0,15,101290.0,9999999
59287,0,8606,23.3,5.38,568.0,183.0,21.74,285.18,3.0,3,101290.0,9999999
59287,0,8607,23.6,5.34,255.0,255.0,21.74,284.22,3.0,4,101290.0,9999999
59287,0,8608,23.1,5.54,159.0,159.0,21.74,284.41,3.0,7,101290.0,9999999
59287,0,8609,22.0,5.74,62.0,62.0,21.74,283.45,3.0,16,101290.0,9999999
59287,0,8610,20.3,5.82,0.0,0.0,21.74,281.49,3.0,3,101290.0,9999999
59287,0,8611,18.6,5.87,0.0,0.0,21.74,282.87,3.0,8,101290.0,9999999
59287,0,8612,17.1,5.87,0.0,0.0,21.74,280.3,2.0,16,101290.0,9999999
59287,0,8613,16.0,5.82,0.0,0.0,21.74,277.86,2.0,4,101290.0,9999999
59287,0,8614,15.3,5.82,0.0,0.0,21.74,278.48,2.0,15,101290.0,9999999
59287,0,8615,14.9,5.82,0.0,0.0,21.74,279.09,2.0,15,101290.0,9999999
59287,0,8616,14.6,5.82,0.0,0.0,21.74,275.36,2.0,6,101200.0,9999999
59287,0,8617,14.4,5.78,0.0,0.0,21.74,274.52,2.0,13,101200.0,9999999
59287,0,8618,14.1,5.74,0.0,0.0,21.74,274.73,2.0,2,101200.0,9999999
59287,0,8619,13.7,5.62,0.0,0.0,21.74,275.36,2.0,2,101200.0,9999999
59287,0,8620,13.2,5.46,0.0,0.0,21.74,271.04,2.0,5,101200.0,9999999
59287,0,8621,12.8,5.27,0.0,0.0,21.74,273.87,2.0,10,101200.0,9999999
59287,0,8622,12.4,5.08,0.0,0.0,21.74,269.93,2.0,9,101200.0,9999999
59287,0,8623,12.3,4.86,0.0,0.0,21.74,273.66,2.0,3,101200.0,9999999
59287,0,8624,13.6,5.04,117.0,39.0,21.74,274.52,2.0,2,101200.0,9999999
59287,0,8625,15.4,5.27,437.0,98.0,21.74,279.49,2.0,14,101200.0,9999999
59287,0,8626,17.1,5.34,429.0,143.0,21.74,281.1,2.0,2,101200.0,9999999
59287,0,8627,18.8,5.27,550.0,184.0,21.74,279.09,2.0,1,101200.0,9999999
59287,0,8628,20.3,5.15,616.0,205.0,21.74,279.7,2.0,8,101200.0,9999999
59287,0,8629,21.8,5.15,612.0,204.0,21.74,287.06,2.0,16,101200.0,9999999
59287,0,8630,23.3,5.34,539.0,180.0,21.74,280.5,1.0,8,101200.0,9999999
59287,0,8631,24.3,5.78,243.0,243.0,21.74,283.84,1.0,5,101200.0,9999999
59287,0,8632,23.8,5.99,151.0,151.0,21.74,284.79,1.0,8,101200.0,9999999
59287,0,8633,22.5,6.12,101.0,34.0,21.74,286.87,1.0,7,101200.0,9999999
59287,0,8634,20.8,6.12,0.0,0.0,21.74,283.06,1.0,16,101200.0,9999999
59287,0,8635,18.9,6.04,0.0,0.0,21.74,284.79,1.0,3,101200.0,9999999
59287,0,8636,17.2,5.91,0.0,0.0,21.74,279.49,2.0,2,101200.0,9999999
59287,0,8637,15.9,5.82,0.0,0.0,21.74,281.69,2.0,2,101200.0,9999999
59287,0,8638,15.1,5.78,0.0,0.0,21.74,276.41,2.0,15,101200.0,9999999
59287,0,8639,14.5,5.82,0.0,0.0,21.74,275.79,2.0,5,101200.0,9999999
59287,0,8640,14.1,5.87,0.0,0.0,21.74,276.62,2.0,12,101370.0,9999999
59287,0,8641,13.8,5.95,0.0,0.0,21.74,275.15,2.0,4,101370.0,9999999
59287,0,8642,13.4,5.95,0.0,0.0,21.74,276.83,2.0,2,101370.0,9999999
59287,0,8643,12.9,5.95,0.0,0.0,21.74,278.89,2.0,14,101370.0,9999999
59287,0,8644,12.4,5.91,0.0,0.0,21.74,273.87,2.0,4,101370.0,9999999
59287,0,8645,11.8,5.82,0.0,0.0,21.74,277.66,2.0,8,101370.0,9999999
59287,0,8646,11.4,5.7,0.0,0.0,21.74,277.25,2.0,7,101370.0,9999999
59287,0,8647,11.3,5.54,0.0,0.0,21.74,269.25,2.0,1,101370.0,9999999
59287,0,8648,12.2,5.58,116.0,45.0,21.74,276.41,1.0,16,101370.0,9999999
59287,0,8649,14.0,5.78,271.0,104.0,21.74,275.79,1.0,1,101370.0,9999999
59287,0,8650,16.2,5.95,249.0,249.0,21.74,279.49,1.0,13,101370.0,9999999
59287,0,8651,18.6,6.08,319.0,319.0,21.74,276.41,1.0,16,101370.0,9999999
59287,0,8652,20.9,6.08,608.0,234.0,21.74,283.25,1.0,2,101370.0,9999999
59287,0,8653,22.9,6.16,959.0,254.0,21.74,283.45,1.0,9,101370.0,9999999
59287,0,8654,24.2,6.43,532.0,205.0,21.74,283.25,2.0,6,101370.0,9999999
59287,0,8655,24.7,7.09,239.0,239.0,21.74,285.74,2.0,10,101370.0,9999999
59287,0,8656,24.1,7.8,149.0,149.0,21.74,290.72,2.0,1,101370.0,9999999
59287,0,8657,22.5,8.24,100.0,38.0,21.74,281.1,2.0,1,101370.0,9999999
59287,0,8658,20.3,8.41,0.0,0.0,21.74,281.29,2.0,4,101370.0,9999999
59287,0,8659,18.0,8.24,0.0,0.0,21.74,276.83,2.0,7,101370.0,9999999
59287,0,8660,16.0,8.02,0.0,0.0,21.74,280.3,0.0,0,101370.0,9999999
59287,0,8661,14.6,7.86,0.0,0.0,21.74,277.45,0.0,7,101370.0,9999999
59287,0,8662,13.7,7.75,0.0,0.0,21.74,280.5,0.0,9,101370.0,9999999
59287,0,8663,13.2,7.75,0.0,0.0,21.74,275.58,0.0,1,101370.0,9999999
59287,0,8664,13.1,7.86,0.0,0.0,21.74,274.3,0.0,7,101450.0,9999999
59287,0,8665,13.0,8.02,0.0,0.0,21.74,277.45,0.0,6,101450.0,9999999
59287,0,8666,13.0,8.24,0.0,0.0,21.74,280.1,0.0,0,101450.0,9999999
59287,0,8667,12.9,8.46,0.0,0.0,21.74,279.9,0.0,3,101450.0,9999999
59287,0,8668,12.7,8.64,0.0,0.0,21.74,274.09,0.0,10,101450.0,9999999
59287,0,8669,12.4,8.75,0.0,0.0,21.74,271.7,0.0,13,101450.0,9999999
59287,0,8670,12.3,8.81,0.0,0.0,21.74,279.49,0.0,7,101450.0,9999999
59287,0,8671,12.2,8.75,0.0,0.0,21.74,279.49,0.0,5,101450.0,9999999
59287,0,8672,13.6,9.36,98.0,60.0,21.74,281.1,0.0,0,101450.0,9999999
59287,0,8673,15.6,9.99,229.0,141.0,21.74,280.7,0.0,15,101450.0,9999999
59287,0,8674,17.4,10.26,164.0,164.0,21.74,279.9,0.0,3,101450.0,9999999
59287,0,8675,19.0,10.13,458.0,283.0,21.74,282.08,0.0,4,101450.0,9999999
59287,0,8676,20.4,9.74,512.0,316.0,21.74,282.08,0.0,11,101450.0,9999999
59287,0,8677,21.6,9.42,234.0,234.0,21.74,282.08,0.0,8,101450.0,9999999
59287,0,8678,22.7,9.23,206.0,206.0,21.74,285.18,1.0,2,101450.0,9999999
59287,0,8679,23.3,9.42,343.0,212.0,21.74,287.99,1.0,15,101450.0,9999999
59287,0,8680,23.0,9.61,98.0,98.0,21.74,285.74,1.0,9,101450.0,9999999
59287,0,8681,22.2,9.8,84.0,52.0,21.74,288.17,1.0,12,101450.0,9999999
59287,0,8682,21.1,9.99,0.0,0.0,21.74,280.5,1.0,6,101450.0,9999999
59287,0,8683,19.9,10.06,0.0,0.0,21.74,282.28,1.0,15,101450.0,9999999
59287,0,8684,18.8,9.99,0.0,0.0,21.74,282.28,0.0,0,101450.0,9999999
59287,0,8685,18.0,9.99,0.0,0.0,21.74,281.49,0.0,8,101450.0,9999999
59287,0,8686,17.5,9.86,0.0,0.0,21.74,283.64,0.0,0,101450.0,9999999
59287,0,8687,17.2,9.86,0.0,0.0,21.74,280.1,0.0,9,101450.0,9999999
59287,0,8688,17.0,9.86,0.0,0.0,21.74,279.49,0.0,0,101340.0,9999999
59287,0,8689,16.8,9.86,0.0,0.0,21.74,279.29,0.0,11,101340.0,9999999
59287,0,8690,16.7,9.99,0.0,0.0,21.74,282.87,0.0,0,101340.0,9999999
59287,0,8691,16.5,10.13,0.0,0.0,21.74,280.1,0.0,2,101340.0,9999999
59287,0,8692,16.3,10.33,0.0,0.0,21.74,278.27,0.0,0,101340.0,9999999
59287,0,8693,16.1,10.4,0.0,0.0,21.74,280.5,0.0,2,101340.0,9999999
59287,0,8694,16.0,10.46,0.0,0.0,21.74,282.28,0.0,9,101340.0,9999999
59287,0,8695,15.9,10.4,0.0,0.0,21.74,277.04,0.0,8,101340.0,9999999
59287,0,8696,16.1,10.33,44.0,44.0,21.74,278.68,0.0,0,101340.0,9999999
59287,0,8697,16.7,10.13,102.0,102.0,21.74,280.3,0.0,13,101340.0,9999999
59287,0,8698,17.6,9.93,160.0,160.0,21.74,285.18,0.0,7,101340.0,9999999
59287,0,8699,18.7,9.74,205.0,205.0,21.74,284.6,0.0,6,101340.0,9999999
59287,0,8700,19.9,9.61,229.0,229.0,21.74,283.84,0.0,6,101340.0,9999999
59287,0,8701,21.1,9.61,228.0,228.0,21.74,283.84,0.0,14,101340.0,9999999
59287,0,8702,22.3,9.86,201.0,201.0,21.74,288.17,0.0,0,101340.0,9999999
59287,0,8703,23.0,10.46,154.0,154.0,21.74,285.93,0.0,2,101340.0,9999999
59287,0,8704,22.7,10.88,96.0,96.0,21.74,284.6,0.0,10,101340.0,9999999
59287,0,8705,22.0,11.31,38.0,38.0,21.74,286.5,0.0,15,101340.0,9999999
59287,0,8706,21.0,11.61,0.0,0.0,21.74,284.99,0.0,15,101340.0,9999999
59287,0,8707,19.9,11.76,0.0,0.0,21.74,284.03,0.0,7,101340.0,9999999
59287,0,8708,18.8,11.68,0.0,0.0,21.74,282.28,0.0,0,101340.0,9999999
59287,0,8709,17.8,11.46,0.0,0.0,21.74,280.1,0.0,1,101340.0,9999999
59287,0,8710,17.0,11.24,0.0,0.0,21.74,283.45,0.0,13,101340.0,9999999
59287,0,8711,16.3,10.88,0.0,0.0,21.74,280.7,0.0,2,101340.0,9999999
59287,0,8712,15.6,10.6,0.0,0.0,21.74,280.9,0.0,8,101340.0,9999999
59287,0,8713,15.1,10.4,0.0,0.0,21.74,281.29,0.0,12,101340.0,9999999
59287,0,8714,14.6,10.19,0.0,0.0,21.74,277.86,0.0,0,101340.0,9999999
59287,0,8715,14.2,9.93,0.0,0.0,21.74,279.29,0.0,5,101340.0,9999999
59287,0,8716,13.8,9.74,0.0,0.0,21.74,273.44,0.0,6,101340.0,9999999
59287,0,8717,13.5,9.74,0.0,0.0,21.74,279.49,0.0,3,101340.0,9999999
59287,0,8718,13.3,9.54,0.0,0.0,21.74,274.09,0.0,12,101340.0,9999999
59287,0,8719,13.2,9.48,0.0,0.0,21.74,275.58,0.0,2,101340.0,9999999
59287,0,8720,13.4,9.61,127.0,78.0,21.74,278.27,1.0,12,101340.0,9999999
59287,0,8721,14.4,9.67,111.0,111.0,21.74,279.29,1.0,14,101340.0,9999999
59287,0,8722,16.1,9.93,460.0,282.0,21.74,283.84,1.0,9,101340.0,9999999
59287,0,8723,18.2,10.33,222.0,222.0,21.74,279.09,1.0,10,101340.0,9999999
59287,0,8724,20.4,10.67,249.0,249.0,21.74,283.64,1.0,8,101340.0,9999999
59287,0,8725,22.4,10.95,247.0,247.0,21.74,283.45,1.0,3,101340.0,9999999
59287,0,8726,23.9,11.31,218.0,218.0,21.74,288.35,2.0,8,101340.0,9999999
59287,0,8727,24.5,11.61,443.0,272.0,21.74,284.22,2.0,3,101340.0,9999999
59287,0,8728,24.1,11.76,276.0,170.0,21.74,283.84,2.0,2,101340.0,9999999
59287,0,8729,22.9,11.68,109.0,67.0,21.74,289.45,2.0,5,101340.0,9999999
59287,0,8730,21.4,11.46,0.0,0.0,21.74,283.45,2.0,8,101340.0,9999999
59287,0,8731,19.8,11.17,0.0,0.0,21.74,283.64,2.0,9,101340.0,9999999
59287,0,8732,18.4,10.88,0.0,0.0,21.74,281.69,1.0,7,101340.0,9999999
59287,0,8733,17.5,10.67,0.0,0.0,21.74,280.1,1.0,7,101340.0,9999999
59287,0,8734,16.9,10.6,0.0,0.0,21.74,284.79,1.0,11,101340.0,9999999
59287,0,8735,16.6,10.6,0.0,0.0,21.74,281.89,1.0,10,101340.0,9999999
59287,0,8736,16.6,10.67,0.0,0.0,21.74,282.87,1.0,8,101350.0,9999999
59287,0,8737,16.5,10.81,0.0,0.0,21.74,284.41,1.0,9,101350.0,9999999
59287,0,8738,16.5,10.95,0.0,0.0,21.74,277.66,1.0,7,101350.0,9999999
59287,0,8739,16.3,11.02,0.0,0.0,21.74,282.87,1.0,9,101350.0,9999999
59287,0,8740,16.1,11.09,0.0,0.0,21.74,281.49,1.0,8,101350.0,9999999
59287,0,8741,15.8,11.09,0.0,0.0,21.74,283.84,1.0,6,101350.0,9999999
59287,0,8742,15.6,10.95,0.0,0.0,21.74,283.64,1.0,16,101350.0,9999999
59287,0,8743,15.5,10.74,0.0,0.0,21.74,275.36,1.0,5,101350.0,9999999
59287,0,8744,15.6,10.33,116.0,68.0,21.74,279.29,0.0,0,101350.0,9999999
59287,0,8745,16.3,9.99,116.0,116.0,21.74,284.03,0.0,2,101350.0,9999999
59287,0,8746,17.6,9.8,180.0,180.0,21.74,282.48,0.0,5,101350.0,9999999
59287,0,8747,19.3,9.54,231.0,231.0,21.74,285.18,0.0,5,101350.0,9999999
59287,0,8748,21.0,9.29,601.0,352.0,21.74,284.22,0.0,11,101350.0,9999999
59287,0,8749,22.6,9.11,597.0,350.0,21.74,286.31,0.0,4,101350.0,9999999
59287,0,8750,23.8,9.11,226.0,226.0,21.74,282.67,4.0,9,101350.0,9999999
59287,0,8751,24.4,9.54,404.0,237.0,21.74,285.74,4.0,5,101350.0,9999999
59287,0,8752,24.6,10.4,108.0,108.0,21.74,283.84,4.0,3,101350.0,9999999
59287,0,8753,24.1,11.31,43.0,43.0,21.74,286.68,4.0,1,101350.0,9999999
59287,0,8754,22.8,11.83,0.0,0.0,21.74,284.03,4.0,2,101350.0,9999999
59287,0,8755,20.8,11.91,0.0,0.0,21.74,289.09,4.0,1,101350.0,9999999
59287,0,8756,18.6,11.53,0.0,0.0,21.74,282.08,0.0,0,101350.0,9999999
59287,0,8757,16.3,10.53,0.0,0.0,21.74,284.03,0.0,5,101350.0,9999999
59287,0,8758,13.9,9.67,0.0,0.0,21.74,277.45,0.0,13,101350.0,9999999
59287,0,8759,11.8,8.7,0.0,0.0,21.74,272.36,0.0,15,101350.0,9999999
