72494,0,0,7.2,5.62,0.0,0.0,10.86,267.43,0.0,0,102200.0,9999999
72494,0,1,7.2,5.62,0.0,0.0,10.86,268.8,2.1,8,102100.0,9999999
72494,0,2,6.7,5.38,0.0,0.0,10.86,267.66,2.1,9,102200.0,9999999
72494,0,3,6.1,5.38,0.0,0.0,10.86,264.14,1.5,9,102200.0,9999999
72494,0,4,4.4,4.97,0.0,0.0,10.86,265.09,3.1,12,102200.0,9999999
72494,0,5,4.4,4.97,0.0,0.0,10.86,265.09,2.1,8,102200.0,9999999
72494,0,6,6.1,5.15,0.0,0.0,10.86,266.73,0.0,0,102200.0,9999999
72494,0,7,5.0,4.58,2.0,1.0,10.86,265.33,0.0,0,102200.0,9999999
72494,0,8,7.8,5.38,121.0,39.0,10.86,268.57,0.0,0,102300.0,9999999
72494,0,9,8.9,6.08,276.0,71.0,10.86,269.48,0.0,0,102300.0,9999999
72494,0,10,9.4,6.3,387.0,104.0,10.86,267.89,1.5,1,102300.0,9999999
72494,0,11,10.0,6.3,419.0,159.0,10.86,268.34,1.5,2,102200.0,9999999
72494,0,12,10.6,6.57,417.0,156.0,10.86,269.03,1.5,2,102200.0,9999999
72494,0,13,11.1,6.8,397.0,152.0,10.86,269.7,0.0,0,102100.0,9999999
72494,0,14,13.9,5.15,352.0,117.0,10.86,271.48,0.0,0,102000.0,9999999
72494,0,15,13.9,4.58,204.0,97.0,10.86,271.04,3.1,15,102100.0,9999999
72494,0,16,11.1,6.08,0.0,0.0,10.86,269.25,3.1,16,102100.0,9999999
72494,0,17,11.1,5.62,0.0,0.0,10.86,269.03,1.5,14,102100.0,9999999
72494,0,18,10.6,4.58,0.0,0.0,10.86,267.89,1.5,12,102100.0,9999999
72494,0,19,10.6,4.75,0.0,0.0,10.86,268.12,2.1,9,102200.0,9999999
72494,0,20,8.9,4.58,0.0,0.0,10.86,266.27,2.1,9,102200.0,9999999
72494,0,21,9.4,4.38,0.0,0.0,10.86,266.73,2.1,11,102200.0,9999999
72494,0,22,7.8,4.97,0.0,0.0,10.86,265.56,1.5,8,102200.0,9999999
72494,0,23,6.7,4.97,0.0,0.0,10.86,264.38,2.6,5,102200.0,9999999
72494,0,24,8.9,5.82,0.0,0.0,10.86,266.96,2.1,3,102200.0,9999999
72494,0,25,6.1,4.58,0.0,0.0,10.86,264.85,0.0,0,102200.0,9999999
72494,0,26,5.6,4.75,0.0,0.0,10.86,264.62,0.0,0,102200.0,9999999
72494,0,27,3.9,4.22,0.0,0.0,10.86,264.14,0.0,0,102100.0,9999999
72494,0,28,5.6,4.75,0.0,0.0,10.86,263.42,1.5,8,102100.0,9999999
72494,0,29,7.2,4.97,0.0,0.0,10.86,264.85,3.1,4,102100.0,9999999
72494,0,30,7.8,4.58,0.0,0.0,10.86,265.33,4.1,6,102100.0,9999999
72494,0,31,7.2,4.97,2.0,1.0,10.86,264.85,5.7,6,102100.0,9999999
72494,0,32,10.6,4.58,114.0,45.0,10.86,267.89,6.2,5,102100.0,9999999
72494,0,33,11.7,4.75,271.0,85.0,10.86,269.03,5.2,5,102100.0,9999999
72494,0,34,13.9,4.22,349.0,144.0,10.86,270.82,3.6,4,102100.0,9999999
72494,0,35,13.9,4.58,453.0,133.0,10.86,272.36,4.1,4,102000.0,9999999
72494,0,36,13.9,4.97,466.0,119.0,10.86,272.58,0.0,0,101900.0,9999999
72494,0,37,13.9,5.15,370.0,191.0,10.86,272.8,2.1,2,101800.0,9999999
72494,0,38,12.2,6.57,313.0,127.0,10.86,271.92,2.1,2,101800.0,9999999
72494,0,39,12.8,5.62,202.0,103.0,10.86,271.92,3.1,16,101800.0,9999999
72494,0,40,11.1,6.3,0.0,0.0,10.86,269.48,4.1,16,101700.0,9999999
72494,0,41,10.6,6.08,0.0,0.0,10.86,271.04,0.0,0,101800.0,9999999
72494,0,42,11.7,5.15,0.0,0.0,10.86,269.25,0.0,0,101800.0,9999999
72494,0,43,11.7,4.58,0.0,0.0,10.86,269.03,1.5,7,101800.0,9999999
72494,0,44,10.0,5.62,0.0,0.0,10.86,267.89,1.5,4,101800.0,9999999
72494,0,45,8.9,6.08,0.0,0.0,10.86,267.2,0.0,0,101800.0,9999999
72494,0,46,9.4,5.82,0.0,0.0,10.86,267.43,0.0,0,101900.0,9999999
72494,0,47,8.9,5.15,0.0,0.0,10.86,266.73,0.0,0,101900.0,9999999
72494,0,48,9.4,5.82,0.0,0.0,10.86,267.43,2.6,4,101900.0,9999999
72494,0,49,10.0,5.15,0.0,0.0,10.86,267.66,5.2,4,101900.0,9999999
72494,0,50,12.2,4.58,0.0,0.0,10.86,269.48,1.5,3,101900.0,9999999
72494,0,51,13.9,4.03,0.0,0.0,10.86,270.6,8.2,2,101900.0,9999999
72494,0,52,12.8,4.58,0.0,0.0,10.86,269.93,11.3,2,101900.0,9999999
72494,0,53,12.2,4.58,0.0,0.0,10.86,269.48,10.3,1,102000.0,9999999
72494,0,54,11.1,4.75,0.0,0.0,10.86,268.57,10.3,1,102000.0,9999999
72494,0,55,11.1,4.38,2.0,1.0,10.86,268.34,8.2,2,102100.0,9999999
72494,0,56,11.7,4.22,107.0,51.0,10.86,268.8,4.1,4,102200.0,9999999
72494,0,57,13.3,4.03,247.0,109.0,10.86,270.15,2.6,5,102200.0,9999999
72494,0,58,12.2,4.97,349.0,136.0,10.86,269.7,4.1,4,102200.0,9999999
72494,0,59,15.0,4.03,378.0,200.0,10.86,273.01,2.6,5,102200.0,9999999
72494,0,60,15.6,4.03,416.0,160.0,10.86,274.52,2.1,6,102100.0,9999999
72494,0,61,16.1,3.53,389.0,162.0,10.86,273.66,0.0,0,102100.0,9999999
72494,0,62,16.1,3.53,282.0,151.0,10.86,273.66,1.5,4,102200.0,9999999
72494,0,63,13.9,4.58,169.0,114.0,10.86,272.36,2.1,3,102200.0,9999999
72494,0,64,13.9,3.88,0.0,0.0,10.86,272.8,0.0,0,102200.0,9999999
72494,0,65,12.8,4.03,0.0,0.0,10.86,270.82,2.1,7,102200.0,9999999
72494,0,66,12.2,3.88,0.0,0.0,10.86,270.15,1.5,5,102300.0,9999999
72494,0,67,10.6,4.97,0.0,0.0,10.86,270.37,0.0,0,102400.0,9999999
72494,0,68,10.0,4.22,0.0,0.0,10.86,269.25,2.1,5,102400.0,9999999
72494,0,69,8.9,6.3,0.0,0.0,10.86,269.48,0.0,0,102500.0,9999999
72494,0,70,8.9,6.3,0.0,0.0,10.86,269.48,2.6,16,102500.0,9999999
72494,0,71,8.9,6.08,0.0,0.0,10.86,268.57,4.6,16,102600.0,9999999
72494,0,72,8.3,5.82,0.0,0.0,10.86,269.93,0.0,0,102600.0,9999999
72494,0,73,7.8,5.82,0.0,0.0,10.86,267.2,0.0,0,102600.0,9999999
72494,0,74,8.3,6.08,0.0,0.0,10.86,268.8,2.6,16,102600.0,9999999
72494,0,75,6.1,5.38,0.0,0.0,10.86,265.33,0.0,0,102600.0,9999999
72494,0,76,4.4,4.75,0.0,0.0,10.86,263.42,1.5,8,102600.0,9999999
72494,0,77,6.1,5.38,0.0,0.0,10.86,265.33,0.0,0,102600.0,9999999
72494,0,78,5.0,5.15,0.0,0.0,10.86,264.14,0.0,0,102700.0,9999999
72494,0,79,6.7,5.15,2.0,1.0,10.86,265.8,1.5,4,102700.0,9999999
72494,0,80,8.3,5.62,93.0,61.0,10.86,268.57,4.1,1,102800.0,9999999
72494,0,81,8.9,5.38,157.0,134.0,10.86,269.7,4.1,16,102800.0,9999999
72494,0,82,8.9,5.38,242.0,198.0,10.86,270.15,3.1,16,102800.0,9999999
72494,0,83,10.0,5.38,401.0,203.0,10.86,273.23,2.1,1,102700.0,9999999
72494,0,84,10.6,5.62,360.0,226.0,10.86,270.82,1.5,16,102700.0,9999999
72494,0,85,10.6,5.62,409.0,184.0,10.86,271.48,0.0,0,102600.0,9999999
72494,0,86,10.0,6.08,228.0,183.0,10.86,271.7,2.1,1,102600.0,9999999
72494,0,87,10.6,6.57,157.0,132.0,10.86,271.92,2.6,16,102500.0,9999999
72494,0,88,10.0,6.57,0.0,0.0,10.86,269.7,0.0,0,102500.0,9999999
72494,0,89,10.0,6.08,0.0,0.0,10.86,268.34,0.0,0,102600.0,9999999
72494,0,90,9.4,6.08,0.0,0.0,10.86,267.66,0.0,0,102600.0,9999999
72494,0,91,9.4,5.82,0.0,0.0,10.86,267.43,0.0,0,102600.0,9999999
72494,0,92,8.9,6.08,0.0,0.0,10.86,268.57,1.5,3,102600.0,9999999
72494,0,93,8.9,6.08,0.0,0.0,10.86,270.15,1.5,1,102700.0,9999999
72494,0,94,7.2,5.38,0.0,0.0,10.86,268.57,2.6,6,102700.0,9999999
72494,0,95,8.3,6.08,0.0,0.0,10.86,269.48,3.1,16,102700.0,9999999
72494,0,96,7.8,5.82,0.0,0.0,10.86,268.12,2.1,16,102700.0,9999999
72494,0,97,7.8,5.82,0.0,0.0,10.86,268.12,2.1,1,102700.0,9999999
72494,0,98,5.0,4.97,0.0,0.0,10.86,265.09,0.0,0,102700.0,9999999
72494,0,99,3.9,4.75,0.0,0.0,10.86,263.9,1.5,8,102600.0,9999999
72494,0,100,4.4,4.97,0.0,0.0,10.86,264.38,0.0,0,102600.0,9999999
72494,0,101,3.9,4.75,0.0,0.0,10.86,263.9,0.0,0,102600.0,9999999
72494,0,102,6.1,5.38,0.0,0.0,10.86,265.33,2.1,16,102600.0,9999999
72494,0,103,6.7,5.62,1.0,1.0,10.86,266.03,4.1,16,102600.0,9999999
72494,0,104,7.2,5.82,100.0,55.0,10.86,265.56,2.6,16,102700.0,9999999
72494,0,105,7.2,5.82,199.0,139.0,10.86,266.73,3.6,16,102700.0,9999999
72494,0,106,8.3,5.62,371.0,154.0,10.86,268.57,3.6,16,102700.0,9999999
72494,0,107,8.9,5.38,435.0,142.0,10.86,269.03,3.6,16,102600.0,9999999
72494,0,108,9.4,5.38,471.0,100.0,10.86,268.57,2.1,1,102400.0,9999999
72494,0,109,10.6,5.82,456.0,105.0,10.86,269.93,2.1,16,102300.0,9999999
72494,0,110,11.1,6.57,357.0,114.0,10.86,271.7,3.6,16,102300.0,9999999
72494,0,111,10.0,6.3,218.0,97.0,10.86,268.34,2.1,16,102300.0,9999999
72494,0,112,10.6,6.08,0.0,0.0,10.86,268.8,0.0,0,102300.0,9999999
72494,0,113,9.4,6.08,0.0,0.0,10.86,269.93,1.5,1,102300.0,9999999
72494,0,114,8.9,5.82,0.0,0.0,10.86,268.34,0.0,0,102400.0,9999999
72494,0,115,8.9,5.38,0.0,0.0,10.86,266.73,0.0,0,102400.0,9999999
72494,0,116,7.8,5.15,0.0,0.0,10.86,267.89,1.5,7,102400.0,9999999
72494,0,117,8.3,5.82,0.0,0.0,10.86,268.57,2.1,16,102400.0,9999999
72494,0,118,7.8,5.62,0.0,0.0,10.86,268.12,3.1,16,102400.0,9999999
72494,0,119,7.2,5.62,0.0,0.0,10.86,268.12,3.1,16,102400.0,9999999
72494,0,120,7.2,5.38,0.0,0.0,10.86,268.12,2.6,16,102400.0,9999999
72494,0,121,6.7,5.38,0.0,0.0,10.86,266.96,3.6,16,102400.0,9999999
72494,0,122,6.7,5.38,0.0,0.0,10.86,267.66,3.6,16,102400.0,9999999
72494,0,123,6.7,5.38,0.0,0.0,10.86,268.12,3.6,16,102300.0,9999999
72494,0,124,6.1,5.38,0.0,0.0,10.86,267.43,3.1,16,102300.0,9999999
72494,0,125,6.1,4.97,0.0,0.0,10.86,266.03,0.0,0,102300.0,9999999
72494,0,126,5.6,4.97,0.0,0.0,10.86,264.62,2.6,1,102300.0,9999999
72494,0,127,5.0,4.97,2.0,1.0,10.86,265.56,2.1,1,102300.0,9999999
72494,0,128,5.6,4.97,114.0,47.0,10.86,267.89,2.1,16,102300.0,9999999
72494,0,129,6.1,4.97,256.0,112.0,10.86,267.2,4.6,16,102400.0,9999999
72494,0,130,6.7,4.75,290.0,191.0,10.86,267.2,3.1,16,102400.0,9999999
72494,0,131,6.7,4.75,244.0,215.0,10.86,267.66,2.6,1,102300.0,9999999
72494,0,132,7.2,4.75,446.0,185.0,10.86,267.66,0.0,0,102200.0,9999999
72494,0,133,7.8,4.75,402.0,166.0,10.86,268.8,1.5,16,102200.0,9999999
72494,0,134,8.3,5.15,333.0,133.0,10.86,268.34,2.6,1,102100.0,9999999
72494,0,135,8.3,4.97,227.0,127.0,10.86,267.2,1.5,1,102100.0,9999999
72494,0,136,8.3,5.15,0.0,0.0,10.86,267.43,1.5,16,102100.0,9999999
72494,0,137,8.3,5.38,0.0,0.0,10.86,274.09,2.1,16,102100.0,9999999
72494,0,138,8.3,5.38,0.0,0.0,10.86,268.34,1.5,15,102100.0,9999999
72494,0,139,7.8,5.15,0.0,0.0,10.86,268.57,0.0,0,102100.0,9999999
72494,0,140,6.7,5.15,0.0,0.0,10.86,269.03,2.1,7,102100.0,9999999
72494,0,141,6.7,5.15,0.0,0.0,10.86,270.82,0.0,0,102200.0,9999999
72494,0,142,10.0,6.8,0.0,0.0,10.86,278.48,5.7,11,102200.0,9999999
72494,0,143,8.9,6.3,0.0,0.0,10.86,270.6,4.1,12,102100.0,9999999
72494,0,144,9.4,6.57,0.0,0.0,10.86,271.26,4.1,12,102100.0,9999999
72494,0,145,8.9,6.57,0.0,0.0,10.86,273.87,1.5,9,102100.0,9999999
72494,0,146,6.1,5.82,0.0,0.0,10.86,267.66,1.5,6,102200.0,9999999
72494,0,147,6.7,5.62,0.0,0.0,10.86,268.12,1.5,12,102100.0,9999999
72494,0,148,7.2,5.82,0.0,0.0,10.86,268.34,2.6,12,102100.0,9999999
72494,0,149,8.3,6.08,0.0,0.0,10.86,273.01,1.5,1,102100.0,9999999
72494,0,150,7.8,6.3,0.0,0.0,10.86,276.0,0.0,0,102100.0,9999999
72494,0,151,8.9,6.08,1.0,1.0,10.86,277.04,1.5,3,102100.0,9999999
72494,0,152,8.9,6.3,48.0,48.0,10.86,277.04,2.1,4,102200.0,9999999
72494,0,153,10.0,6.08,104.0,104.0,10.86,278.07,2.1,16,102200.0,9999999
72494,0,154,7.8,6.08,209.0,185.0,10.86,275.79,5.7,16,102200.0,9999999
72494,0,155,7.8,6.08,87.0,87.0,10.86,275.79,5.7,16,102200.0,9999999
72494,0,156,8.9,6.08,198.0,189.0,10.86,277.04,3.1,16,102100.0,9999999
72494,0,157,8.9,6.08,334.0,214.0,10.86,277.04,3.1,16,102100.0,9999999
72494,0,158,10.0,6.57,234.0,181.0,10.86,278.27,4.1,16,102100.0,9999999
72494,0,159,9.4,6.3,225.0,146.0,10.86,271.26,3.1,16,102100.0,9999999
72494,0,160,8.9,6.08,0.0,0.0,10.86,270.6,2.6,16,102100.0,9999999
72494,0,161,8.3,6.08,0.0,0.0,10.86,269.48,4.1,15,102100.0,9999999
72494,0,162,7.8,5.82,0.0,0.0,10.86,268.8,4.1,16,102200.0,9999999
72494,0,163,7.2,5.82,0.0,0.0,10.86,268.34,3.6,16,102200.0,9999999
72494,0,164,6.7,5.82,0.0,0.0,10.86,267.89,3.1,16,102200.0,9999999
72494,0,165,6.7,5.82,0.0,0.0,10.86,269.48,0.0,0,102200.0,9999999
72494,0,166,6.1,5.82,0.0,0.0,10.86,274.09,2.1,2,102300.0,9999999
72494,0,167,5.6,5.62,0.0,0.0,10.86,273.44,0.0,0,102300.0,9999999
72494,0,168,5.6,5.62,0.0,0.0,10.86,273.44,0.0,0,102300.0,9999999
72494,0,169,5.0,5.38,0.0,0.0,10.86,272.8,1.5,1,102300.0,9999999
72494,0,170,5.0,5.38,0.0,0.0,10.86,272.8,0.0,0,102300.0,9999999
72494,0,171,5.0,5.38,0.0,0.0,10.86,272.8,1.5,2,102300.0,9999999
72494,0,172,4.4,5.15,0.0,0.0,10.86,271.92,1.5,6,102300.0,9999999
72494,0,173,4.4,5.15,0.0,0.0,10.86,271.92,2.1,4,102300.0,9999999
72494,0,174,3.9,4.97,0.0,0.0,10.86,271.48,2.1,5,102300.0,9999999
72494,0,175,3.9,4.97,2.0,1.0,10.86,271.48,0.0,0,102400.0,9999999
72494,0,176,4.0,5.0,121.0,41.0,10.86,271.48,1.5,7,102500.0,9999999
72494,0,177,7.8,4.58,280.0,71.0,10.86,265.33,2.1,4,102500.0,9999999
72494,0,178,9.0,4.31,403.0,95.0,10.86,266.27,2.6,3,102500.0,9999999
72494,0,179,10.0,5.38,481.0,106.0,10.86,267.89,1.5,16,102400.0,9999999
72494,0,180,13.0,4.0,501.0,107.0,10.86,269.7,2.1,4,102300.0,9999999
72494,0,181,12.0,5.0,414.0,153.0,10.86,269.48,0.0,0,102400.0,9999999
72494,0,182,14.0,3.7,369.0,156.0,10.86,270.37,0.0,0,102300.0,9999999
72494,0,183,13.9,3.88,203.0,118.0,10.86,270.6,0.0,0,102300.0,9999999
72494,0,184,10.6,5.62,0.0,0.0,10.86,268.57,3.1,3,102300.0,9999999
72494,0,185,11.7,4.22,0.0,0.0,10.86,268.8,1.5,5,102400.0,9999999
72494,0,186,10.0,4.97,0.0,0.0,10.86,267.66,3.1,4,102400.0,9999999
72494,0,187,8.9,5.38,0.0,0.0,10.86,268.12,3.6,5,102400.0,9999999
72494,0,188,8.9,5.15,0.0,0.0,10.86,266.73,3.6,4,102400.0,9999999
72494,0,189,9.4,5.38,0.0,0.0,10.86,267.2,4.1,4,102400.0,9999999
72494,0,190,9.4,4.58,0.0,0.0,10.86,266.73,4.6,4,102400.0,9999999
72494,0,191,8.9,4.75,0.0,0.0,10.86,266.5,4.1,4,102300.0,9999999
72494,0,192,7.8,4.38,0.0,0.0,10.86,265.09,3.1,4,102400.0,9999999
72494,0,193,10.0,4.97,0.0,0.0,10.86,267.66,3.1,2,102500.0,9999999
72494,0,194,8.3,4.38,0.0,0.0,10.86,268.34,0.0,0,102500.0,9999999
72494,0,195,6.1,4.38,0.0,0.0,10.86,263.42,2.6,6,102500.0,9999999
72494,0,196,7.2,5.15,0.0,0.0,10.86,265.09,4.1,16,102500.0,9999999
72494,0,197,6.7,4.97,0.0,0.0,10.86,264.38,2.6,16,102500.0,9999999
72494,0,198,6.1,4.97,0.0,0.0,10.86,263.9,2.1,16,102600.0,9999999
72494,0,199,6.1,4.75,2.0,1.0,10.86,263.66,2.6,16,102600.0,9999999
72494,0,200,7.0,5.0,118.0,44.0,10.86,264.85,4.1,16,102600.0,9999999
72494,0,201,7.2,4.58,261.0,92.0,10.86,264.62,1.5,16,102700.0,9999999
72494,0,202,8.0,4.65,381.0,122.0,10.86,266.73,0.0,0,102700.0,9999999
72494,0,203,8.0,5.38,452.0,131.0,10.86,267.2,3.1,16,102600.0,9999999
72494,0,204,9.0,5.0,501.0,139.0,10.86,267.89,3.1,16,102500.0,9999999
72494,0,205,9.0,5.0,387.0,197.0,10.86,267.89,1.5,2,102400.0,9999999
72494,0,206,11.0,5.0,338.0,154.0,10.86,269.93,1.5,3,102300.0,9999999
72494,0,207,10.7,5.38,141.0,120.0,10.86,269.7,2.6,2,102300.0,9999999
72494,0,208,10.0,5.82,0.0,0.0,10.86,269.48,3.6,16,102300.0,9999999
72494,0,209,10.0,6.08,0.0,0.0,10.86,270.37,0.0,0,102300.0,9999999
72494,0,210,9.4,5.62,0.0,0.0,10.86,269.7,0.0,0,102300.0,9999999
72494,0,211,8.9,4.75,0.0,0.0,10.86,268.57,1.5,13,102300.0,9999999
72494,0,212,8.3,4.97,0.0,0.0,10.86,268.12,2.1,3,102300.0,9999999
72494,0,213,7.8,4.75,0.0,0.0,10.86,267.66,1.5,1,102400.0,9999999
72494,0,214,6.7,5.15,0.0,0.0,10.86,266.73,4.1,16,102400.0,9999999
72494,0,215,6.7,4.97,0.0,0.0,10.86,266.73,4.6,16,102400.0,9999999
72494,0,216,6.7,5.15,0.0,0.0,10.86,266.73,4.1,16,102300.0,9999999
72494,0,217,6.7,4.97,0.0,0.0,10.86,264.38,3.1,1,102300.0,9999999
72494,0,218,6.1,4.97,0.0,0.0,10.86,263.9,3.6,1,102300.0,9999999
72494,0,219,6.1,4.97,0.0,0.0,10.86,267.2,3.1,2,102200.0,9999999
72494,0,220,6.1,4.75,0.0,0.0,10.86,267.2,3.6,16,102200.0,9999999
72494,0,221,6.1,4.75,0.0,0.0,10.86,267.2,2.6,2,102300.0,9999999
72494,0,222,4.4,4.58,0.0,0.0,10.86,265.33,0.0,0,102300.0,9999999
72494,0,223,5.6,4.75,2.0,1.0,10.86,267.2,2.6,1,102300.0,9999999
72494,0,224,6.8,4.79,118.0,44.0,10.86,268.34,3.9,10,102300.0,9999999
72494,0,225,6.8,4.72,251.0,102.0,10.86,268.34,2.4,12,102200.0,9999999
72494,0,226,7.1,4.75,349.0,159.0,10.86,268.12,0.0,0,102200.0,9999999
72494,0,227,7.5,5.11,411.0,180.0,10.86,269.25,1.3,7,102100.0,9999999
72494,0,228,8.4,4.89,445.0,146.0,10.86,267.2,1.1,8,102100.0,9999999
72494,0,229,8.3,4.86,400.0,171.0,10.86,266.03,0.0,0,102000.0,9999999
72494,0,230,9.7,4.86,360.0,135.0,10.86,268.57,0.0,0,102000.0,9999999
72494,0,231,10.0,5.62,219.0,103.0,10.86,270.15,1.5,1,101900.0,9999999
72494,0,232,8.9,5.62,0.0,0.0,10.86,269.03,3.1,16,101900.0,9999999
72494,0,233,8.3,4.97,0.0,0.0,10.86,267.2,2.1,16,101900.0,9999999
72494,0,234,7.8,4.97,0.0,0.0,10.86,266.73,1.5,16,102000.0,9999999
72494,0,235,7.2,4.75,0.0,0.0,10.86,266.96,2.1,1,102000.0,9999999
72494,0,236,6.7,4.97,0.0,0.0,10.86,266.73,3.6,16,102000.0,9999999
72494,0,237,6.7,5.15,0.0,0.0,10.86,267.43,4.6,16,102000.0,9999999
72494,0,238,6.7,4.97,0.0,0.0,10.86,267.2,3.6,1,102000.0,9999999
72494,0,239,6.7,5.15,0.0,0.0,10.86,267.89,1.5,2,101900.0,9999999
72494,0,240,5.6,4.75,0.0,0.0,10.86,266.73,3.6,16,101900.0,9999999
72494,0,241,6.1,4.97,0.0,0.0,10.86,269.03,4.1,16,101900.0,9999999
72494,0,242,5.6,4.75,0.0,0.0,10.86,268.57,3.1,16,101900.0,9999999
72494,0,243,3.9,4.58,0.0,0.0,10.86,266.03,2.1,13,101900.0,9999999
72494,0,244,5.0,4.58,0.0,0.0,10.86,266.5,0.0,0,101900.0,9999999
72494,0,245,3.9,4.58,0.0,0.0,10.86,264.85,1.5,7,101900.0,9999999
72494,0,246,5.0,4.97,0.0,0.0,10.86,266.73,2.6,16,101900.0,9999999
72494,0,247,4.4,4.75,2.0,1.0,10.86,266.5,1.5,16,101900.0,9999999
72494,0,248,6.0,4.65,104.0,54.0,10.86,268.12,3.6,15,101900.0,9999999
72494,0,249,6.1,4.97,190.0,137.0,10.86,267.66,4.1,16,102000.0,9999999
72494,0,250,6.0,5.0,386.0,155.0,10.86,267.2,0.0,0,102000.0,9999999
72494,0,251,7.0,5.0,481.0,163.0,10.86,264.85,2.1,2,101900.0,9999999
72494,0,252,8.0,5.0,389.0,239.0,10.86,265.8,2.6,2,101800.0,9999999
72494,0,253,8.0,5.0,466.0,160.0,10.86,269.7,1.5,2,101800.0,9999999
72494,0,254,9.0,5.0,366.0,120.0,10.86,271.26,0.0,0,101700.0,9999999
72494,0,255,10.0,6.3,247.0,106.0,10.86,272.36,6.7,12,101800.0,9999999
72494,0,256,9.4,6.08,0.0,0.0,10.86,270.6,5.7,12,101800.0,9999999
72494,0,257,9.4,6.3,0.0,0.0,10.86,270.6,6.2,11,101800.0,9999999
72494,0,258,10.0,6.57,0.0,0.0,10.86,271.26,4.6,11,101800.0,9999999
72494,0,259,10.0,6.57,0.0,0.0,10.86,271.92,4.6,12,101900.0,9999999
72494,0,260,10.0,6.57,0.0,0.0,10.86,271.92,8.8,12,101900.0,9999999
72494,0,261,10.0,6.8,0.0,0.0,10.86,273.01,4.6,11,101900.0,9999999
72494,0,262,10.0,6.8,0.0,0.0,10.86,274.94,3.6,12,102000.0,9999999
72494,0,263,10.0,6.57,0.0,0.0,10.86,278.27,8.2,12,102000.0,9999999
72494,0,264,10.0,6.57,0.0,0.0,10.86,274.94,4.1,11,102000.0,9999999
72494,0,265,10.0,6.57,0.0,0.0,10.86,274.94,4.6,12,101900.0,9999999
72494,0,266,8.3,6.3,0.0,0.0,10.86,270.6,2.1,5,101900.0,9999999
72494,0,267,7.8,6.08,0.0,0.0,10.86,269.48,2.6,6,101900.0,9999999
72494,0,268,7.2,5.82,0.0,0.0,10.86,268.34,1.5,7,101900.0,9999999
72494,0,269,6.7,5.82,0.0,0.0,10.86,267.89,0.0,0,102000.0,9999999
72494,0,270,7.2,6.08,0.0,0.0,10.86,269.03,0.0,0,102000.0,9999999
72494,0,271,7.2,6.08,2.0,1.0,10.86,269.03,2.6,16,102100.0,9999999
72494,0,272,6.7,6.08,115.0,48.0,10.86,274.73,3.6,16,102100.0,9999999
72494,0,273,7.2,6.3,271.0,87.0,10.86,275.36,2.1,16,102200.0,9999999
72494,0,274,7.8,6.3,408.0,100.0,10.86,276.0,0.0,0,102100.0,9999999
72494,0,275,9.4,6.57,486.0,112.0,10.86,270.82,0.0,0,102000.0,9999999
72494,0,276,10.6,6.8,513.0,108.0,10.86,269.25,2.6,15,102000.0,9999999
72494,0,277,9.4,6.57,432.0,160.0,10.86,267.89,3.6,15,102000.0,9999999
72494,0,278,13.3,5.82,358.0,175.0,10.86,273.44,5.2,12,102000.0,9999999
72494,0,279,11.1,6.57,98.0,98.0,10.86,273.44,9.3,12,102000.0,9999999
72494,0,280,10.0,6.3,0.0,0.0,10.86,271.7,9.8,12,102100.0,9999999
72494,0,281,9.4,6.57,0.0,0.0,10.86,274.3,7.7,12,102100.0,9999999
72494,0,282,9.4,6.57,0.0,0.0,10.86,277.66,5.7,12,102000.0,9999999
72494,0,283,9.4,6.57,0.0,0.0,10.86,277.66,5.7,11,102000.0,9999999
72494,0,284,9.4,6.57,0.0,0.0,10.86,277.66,6.2,12,102100.0,9999999
72494,0,285,10.0,6.8,0.0,0.0,10.86,278.48,5.2,12,102100.0,9999999
72494,0,286,10.0,6.57,0.0,0.0,10.86,274.94,3.6,11,102100.0,9999999
72494,0,287,10.0,6.57,0.0,0.0,10.86,274.94,3.1,11,102100.0,9999999
72494,0,288,9.4,6.57,0.0,0.0,10.86,277.66,5.7,11,102200.0,9999999
72494,0,289,9.4,6.57,0.0,0.0,10.86,277.66,6.2,12,102200.0,9999999
72494,0,290,9.4,6.8,0.0,0.0,10.86,277.86,4.6,12,102100.0,9999999
72494,0,291,9.4,6.57,0.0,0.0,10.86,277.66,3.1,12,102100.0,9999999
72494,0,292,10.0,6.66,0.0,0.0,10.86,278.27,2.1,12,102100.0,9999999
72494,0,293,9.4,6.21,0.0,0.0,10.86,277.45,3.6,1,102100.0,9999999
72494,0,294,9.4,6.8,0.0,0.0,10.86,277.86,3.6,1,102200.0,9999999
72494,0,295,9.4,5.82,1.0,1.0,10.86,277.25,4.1,14,102200.0,9999999
72494,0,296,9.4,5.78,49.0,49.0,10.86,277.25,2.6,16,102300.0,9999999
72494,0,297,8.9,6.3,81.0,81.0,10.86,277.04,2.1,1,102300.0,9999999
72494,0,298,11.1,7.09,102.0,102.0,10.86,279.7,2.6,1,102300.0,9999999
72494,0,299,11.7,6.3,278.0,233.0,10.86,279.9,3.1,16,102300.0,9999999
72494,0,300,12.0,7.14,444.0,193.0,10.86,274.09,1.5,16,102300.0,9999999
72494,0,301,11.1,6.08,399.0,178.0,10.86,269.25,0.0,0,102300.0,9999999
72494,0,302,11.1,6.57,313.0,169.0,10.86,269.48,3.1,1,102300.0,9999999
72494,0,303,10.0,6.3,253.0,142.0,10.86,271.26,2.1,14,102300.0,9999999
72494,0,304,10.0,6.3,0.0,0.0,10.86,271.26,6.7,12,102400.0,9999999
72494,0,305,10.0,6.57,0.0,0.0,10.86,271.26,6.2,12,102400.0,9999999
72494,0,306,10.0,6.8,0.0,0.0,10.86,271.48,6.2,12,102400.0,9999999
72494,0,307,9.4,6.57,0.0,0.0,10.86,271.92,5.7,12,102400.0,9999999
72494,0,308,8.9,6.57,0.0,0.0,10.86,270.37,1.5,13,102500.0,9999999
72494,0,309,8.3,6.08,0.0,0.0,10.86,269.48,0.0,0,102500.0,9999999
72494,0,310,7.8,5.82,0.0,0.0,10.86,268.12,0.0,0,102500.0,9999999
72494,0,311,8.3,6.08,0.0,0.0,10.86,269.93,4.1,12,102500.0,9999999
72494,0,312,7.8,6.08,0.0,0.0,10.86,270.6,3.6,12,102500.0,9999999
72494,0,313,8.9,6.57,0.0,0.0,10.86,273.87,1.5,16,102500.0,9999999
72494,0,314,7.8,6.08,0.0,0.0,10.86,272.58,2.1,7,102500.0,9999999
72494,0,315,8.3,6.3,0.0,0.0,10.86,276.41,0.0,0,102600.0,9999999
72494,0,316,8.9,6.57,0.0,0.0,10.86,277.25,1.5,16,102600.0,9999999
72494,0,317,7.8,6.57,0.0,0.0,10.86,276.21,2.6,16,102600.0,9999999
72494,0,318,7.2,6.3,0.0,0.0,10.86,275.36,2.6,16,102700.0,9999999
72494,0,319,7.2,6.08,2.0,2.0,10.86,275.36,2.1,1,102700.0,9999999
72494,0,320,6.7,6.08,63.0,59.0,10.86,274.73,1.5,3,102700.0,9999999
72494,0,321,7.2,6.3,147.0,140.0,10.86,275.36,0.0,0,102700.0,9999999
72494,0,322,7.8,6.3,252.0,206.0,10.86,276.0,1.5,1,102700.0,9999999
72494,0,323,9.4,6.57,376.0,233.0,10.86,272.36,3.1,16,102700.0,9999999
72494,0,324,11.1,6.08,376.0,267.0,10.86,273.87,0.0,0,102600.0,9999999
72494,0,325,10.6,6.3,418.0,208.0,10.86,272.36,3.6,1,102500.0,9999999
72494,0,326,10.6,6.3,178.0,158.0,10.86,271.04,2.1,1,102400.0,9999999
72494,0,327,11.1,6.57,261.0,164.0,10.86,272.36,2.6,16,102400.0,9999999
72494,0,328,12.2,5.82,0.0,0.0,10.86,273.66,3.6,15,102400.0,9999999
72494,0,329,11.7,5.82,0.0,0.0,10.86,274.3,0.0,0,102400.0,9999999
72494,0,330,11.1,6.3,0.0,0.0,10.86,279.29,1.5,2,102400.0,9999999
72494,0,331,10.6,6.57,0.0,0.0,10.86,273.66,2.6,16,102400.0,9999999
72494,0,332,11.1,6.08,0.0,0.0,10.86,279.09,0.0,0,102500.0,9999999
72494,0,333,11.7,6.08,0.0,0.0,10.86,279.7,2.6,15,102500.0,9999999
72494,0,334,11.7,6.08,0.0,0.0,10.86,279.7,0.0,0,102500.0,9999999
72494,0,335,10.6,6.57,0.0,0.0,10.86,278.89,2.1,7,102500.0,9999999
72494,0,336,10.0,6.8,0.0,0.0,10.86,278.48,1.5,5,102400.0,9999999
72494,0,337,10.0,6.8,0.0,0.0,10.86,276.41,2.1,4,102300.0,9999999
72494,0,338,9.4,6.8,0.0,0.0,10.86,275.79,0.0,0,102400.0,9999999
72494,0,339,8.9,6.8,0.0,0.0,10.86,275.36,1.5,6,102300.0,9999999
72494,0,340,9.4,7.09,0.0,0.0,10.86,276.0,0.0,0,102300.0,9999999
72494,0,341,10.0,7.09,0.0,0.0,10.86,275.15,0.0,0,102400.0,9999999
72494,0,342,10.0,7.09,0.0,0.0,10.86,278.48,0.0,0,102400.0,9999999
72494,0,343,9.4,7.09,2.0,2.0,10.86,277.86,1.5,1,102500.0,9999999
72494,0,344,10.0,6.8,53.0,53.0,10.86,278.48,3.1,5,102400.0,9999999
72494,0,345,10.0,6.8,276.0,145.0,10.86,278.48,4.6,4,102200.0,9999999
72494,0,346,11.7,7.34,64.0,64.0,10.86,276.83,0.0,0,102300.0,9999999
72494,0,347,11.7,7.65,243.0,219.0,10.86,278.48,2.6,14,102400.0,9999999
72494,0,348,11.1,7.34,203.0,197.0,10.86,279.7,2.6,1,102200.0,9999999
72494,0,349,11.7,7.34,285.0,237.0,10.86,280.3,1.5,4,102100.0,9999999
72494,0,350,13.3,7.97,148.0,148.0,10.86,282.08,0.0,0,102000.0,9999999
72494,0,351,12.8,7.97,96.0,96.0,10.86,279.7,0.0,0,101900.0,9999999
72494,0,352,12.8,8.24,0.0,0.0,10.86,278.27,3.1,12,101900.0,9999999
72494,0,353,11.7,7.97,0.0,0.0,10.86,277.25,2.1,14,101800.0,9999999
72494,0,354,13.3,8.58,0.0,0.0,10.86,282.48,3.1,9,101800.0,9999999
72494,0,355,13.3,8.58,0.0,0.0,10.86,282.48,3.1,8,101800.0,9999999
72494,0,356,12.2,8.87,0.0,0.0,10.86,281.49,2.6,6,101800.0,9999999
72494,0,357,13.9,8.87,0.0,0.0,10.86,283.06,8.8,10,101800.0,9999999
72494,0,358,13.9,8.87,0.0,0.0,10.86,283.06,8.8,11,101800.0,9999999
72494,0,359,13.9,8.87,0.0,0.0,10.86,283.06,5.7,10,101800.0,9999999
72494,0,360,13.3,8.87,0.0,0.0,10.86,282.48,5.2,11,101700.0,9999999
72494,0,361,13.3,8.87,0.0,0.0,10.86,282.48,5.7,10,101800.0,9999999
72494,0,362,12.8,8.87,0.0,0.0,10.86,282.08,5.2,11,101800.0,9999999
72494,0,363,12.8,8.87,0.0,0.0,10.86,282.08,3.6,11,101700.0,9999999
72494,0,364,12.2,8.58,0.0,0.0,10.86,281.29,2.1,11,101700.0,9999999
72494,0,365,12.2,8.58,0.0,0.0,10.86,281.29,1.5,9,101700.0,9999999
72494,0,366,12.2,8.24,0.0,0.0,10.86,279.29,2.6,11,101800.0,9999999
72494,0,367,12.2,8.58,1.0,1.0,10.86,279.49,2.6,11,101900.0,9999999
72494,0,368,12.2,8.58,49.0,49.0,10.86,281.29,2.6,11,101900.0,9999999
72494,0,369,12.2,8.24,195.0,147.0,10.86,279.29,3.6,13,102000.0,9999999
72494,0,370,13.9,8.24,263.0,209.0,10.86,279.49,2.1,11,102100.0,9999999
72494,0,371,14.4,8.24,208.0,199.0,10.86,276.83,3.6,12,102000.0,9999999
72494,0,372,14.4,7.97,142.0,142.0,10.86,278.68,4.6,11,102000.0,9999999
72494,0,373,13.3,7.97,79.0,79.0,10.86,280.3,5.2,12,101900.0,9999999
72494,0,374,12.8,7.65,74.0,74.0,10.86,276.21,4.1,12,101900.0,9999999
72494,0,375,12.2,7.65,114.0,114.0,10.86,279.09,3.6,13,101800.0,9999999
72494,0,376,12.2,7.65,0.0,0.0,10.86,280.9,5.7,12,101900.0,9999999
72494,0,377,11.7,7.65,0.0,0.0,10.86,280.5,3.1,12,101900.0,9999999
72494,0,378,11.1,7.65,0.0,0.0,10.86,279.9,0.0,0,101900.0,9999999
72494,0,379,10.6,7.65,0.0,0.0,10.86,279.29,3.1,1,101900.0,9999999
72494,0,380,11.1,7.65,0.0,0.0,10.86,279.9,2.1,7,101900.0,9999999
72494,0,381,11.7,7.65,0.0,0.0,10.86,280.5,1.5,7,101900.0,9999999
72494,0,382,11.1,7.65,0.0,0.0,10.86,277.86,0.0,0,102000.0,9999999
72494,0,383,11.1,7.65,0.0,0.0,10.86,279.9,0.0,0,102000.0,9999999
72494,0,384,11.1,7.65,0.0,0.0,10.86,279.9,0.0,0,101900.0,9999999
72494,0,385,10.6,7.65,0.0,0.0,10.86,279.29,3.1,4,101900.0,9999999
72494,0,386,10.6,7.65,0.0,0.0,10.86,279.29,2.1,5,101900.0,9999999
72494,0,387,10.6,7.65,0.0,0.0,10.86,279.29,1.5,4,101900.0,9999999
72494,0,388,11.7,6.8,0.0,0.0,10.86,280.1,4.1,8,101900.0,9999999
72494,0,389,11.1,7.65,0.0,0.0,10.86,279.9,0.0,0,101900.0,9999999
72494,0,390,11.7,7.34,0.0,0.0,10.86,278.27,4.1,4,101900.0,9999999
72494,0,391,11.1,7.65,2.0,2.0,10.86,279.9,3.6,4,101900.0,9999999
72494,0,392,12.2,7.97,71.0,66.0,10.86,279.09,3.6,6,101900.0,9999999
72494,0,393,13.9,8.58,105.0,105.0,10.86,283.06,2.6,7,101900.0,9999999
72494,0,394,14.4,9.23,134.0,134.0,10.86,283.84,4.1,7,102000.0,9999999
72494,0,395,14.4,9.54,289.0,241.0,10.86,283.84,4.1,7,102000.0,9999999
72494,0,396,14.4,9.23,160.0,160.0,10.86,283.84,4.6,8,101900.0,9999999
72494,0,397,14.4,9.23,132.0,132.0,10.86,283.84,4.6,8,101800.0,9999999
72494,0,398,13.9,9.23,147.0,147.0,10.86,283.25,6.7,8,101700.0,9999999
72494,0,399,13.9,8.87,132.0,126.0,10.86,283.06,5.7,9,101700.0,9999999
72494,0,400,13.3,8.58,0.0,0.0,10.86,282.48,2.6,6,101800.0,9999999
72494,0,401,12.8,8.24,0.0,0.0,10.86,281.89,4.1,6,101800.0,9999999
72494,0,402,12.8,8.24,0.0,0.0,10.86,281.89,5.7,8,101800.0,9999999
72494,0,403,12.2,8.58,0.0,0.0,10.86,281.29,6.7,7,101800.0,9999999
72494,0,404,12.8,8.24,0.0,0.0,10.86,281.89,8.2,6,101700.0,9999999
72494,0,405,12.8,8.24,0.0,0.0,10.86,281.89,5.7,6,101700.0,9999999
72494,0,406,12.8,8.58,0.0,0.0,10.86,281.89,6.2,6,101700.0,9999999
72494,0,407,12.8,8.58,0.0,0.0,10.86,281.89,6.2,7,101800.0,9999999
72494,0,408,12.8,8.87,0.0,0.0,10.86,282.08,5.2,6,101700.0,9999999
72494,0,409,12.8,8.87,0.0,0.0,10.86,282.08,5.7,7,101800.0,9999999
72494,0,410,13.3,8.87,0.0,0.0,10.86,282.48,4.6,7,101800.0,9999999
72494,0,411,13.3,8.87,0.0,0.0,10.86,282.48,4.1,7,101700.0,9999999
72494,0,412,13.3,8.87,0.0,0.0,10.86,282.48,3.6,7,101700.0,9999999
72494,0,413,13.3,8.87,0.0,0.0,10.86,282.48,1.5,5,101800.0,9999999
72494,0,414,12.2,8.58,0.0,0.0,10.86,281.29,2.1,4,101800.0,9999999
72494,0,415,12.8,8.87,1.0,1.0,10.86,282.08,1.5,11,101900.0,9999999
72494,0,416,12.8,8.58,21.0,21.0,10.86,281.89,2.6,6,101900.0,9999999
72494,0,417,12.8,8.87,48.0,48.0,10.86,282.08,2.1,7,102000.0,9999999
72494,0,418,13.3,8.87,70.0,70.0,10.86,282.48,3.6,5,102000.0,9999999
72494,0,419,12.8,8.87,110.0,110.0,10.86,282.08,4.1,4,101900.0,9999999
72494,0,420,11.7,8.58,314.0,250.0,10.86,280.9,3.1,4,101900.0,9999999
72494,0,421,12.2,8.58,119.0,119.0,10.86,281.29,4.1,4,101800.0,9999999
72494,0,422,12.8,8.87,147.0,147.0,10.86,282.08,2.6,4,101800.0,9999999
72494,0,423,13.3,8.58,225.0,163.0,10.86,282.48,1.5,10,101900.0,9999999
72494,0,424,11.7,8.58,0.0,0.0,10.86,280.9,2.1,16,101800.0,9999999
72494,0,425,11.7,8.58,0.0,0.0,10.86,280.9,0.0,0,101800.0,9999999
72494,0,426,11.7,8.58,0.0,0.0,10.86,280.9,2.6,4,101800.0,9999999
72494,0,427,12.2,8.58,0.0,0.0,10.86,281.29,2.6,5,101800.0,9999999
72494,0,428,12.2,8.87,0.0,0.0,10.86,281.49,1.5,5,101800.0,9999999
72494,0,429,12.8,8.87,0.0,0.0,10.86,282.08,1.5,6,101800.0,9999999
72494,0,430,13.3,8.58,0.0,0.0,10.86,282.48,4.6,8,101800.0,9999999
72494,0,431,12.8,8.58,0.0,0.0,10.86,281.89,2.1,8,101800.0,9999999
72494,0,432,12.8,8.58,0.0,0.0,10.86,281.89,3.1,8,101800.0,9999999
72494,0,433,12.2,8.58,0.0,0.0,10.86,281.29,5.2,6,101700.0,9999999
72494,0,434,13.3,8.58,0.0,0.0,10.86,282.48,3.6,7,101700.0,9999999
72494,0,435,13.3,8.58,0.0,0.0,10.86,282.48,3.6,6,101700.0,9999999
72494,0,436,13.3,8.24,0.0,0.0,10.86,278.89,2.6,8,101700.0,9999999
72494,0,437,12.8,8.58,0.0,0.0,10.86,278.48,3.6,6,101800.0,9999999
72494,0,438,12.2,8.24,0.0,0.0,10.86,279.29,3.6,7,101700.0,9999999
72494,0,439,12.2,8.24,1.0,1.0,10.86,276.62,0.0,0,101800.0,9999999
72494,0,440,11.7,8.24,28.0,28.0,10.86,276.21,0.0,0,101900.0,9999999
72494,0,441,13.9,8.87,124.0,122.0,10.86,279.7,2.6,7,101900.0,9999999
72494,0,442,14.4,8.87,156.0,153.0,10.86,281.69,6.2,7,101800.0,9999999
72494,0,443,13.3,8.58,208.0,202.0,10.86,278.89,3.1,3,101800.0,9999999
72494,0,444,16.7,8.87,172.0,172.0,10.86,283.84,5.7,8,101600.0,9999999
72494,0,445,15.6,8.58,79.0,79.0,10.86,284.79,5.7,8,101700.0,9999999
72494,0,446,14.4,9.23,169.0,166.0,10.86,281.89,5.2,7,101600.0,9999999
72494,0,447,13.9,9.23,47.0,47.0,10.86,283.25,4.1,7,101500.0,9999999
72494,0,448,14.4,8.87,0.0,0.0,10.86,283.64,7.2,7,101500.0,9999999
72494,0,449,13.9,8.58,0.0,0.0,10.86,283.06,6.7,7,101400.0,9999999
72494,0,450,13.3,8.87,0.0,0.0,10.86,282.48,4.6,7,101400.0,9999999
72494,0,451,12.2,8.87,0.0,0.0,10.86,281.49,4.1,4,101400.0,9999999
72494,0,452,13.3,9.23,0.0,0.0,10.86,282.67,7.7,9,101300.0,9999999
72494,0,453,13.9,9.23,0.0,0.0,10.86,283.25,6.2,9,101300.0,9999999
72494,0,454,13.9,8.87,0.0,0.0,10.86,283.06,7.2,9,101200.0,9999999
72494,0,455,13.3,8.87,0.0,0.0,10.86,282.48,5.7,8,101200.0,9999999
72494,0,456,13.9,8.87,0.0,0.0,10.86,283.06,5.7,9,101200.0,9999999
72494,0,457,13.9,9.23,0.0,0.0,10.86,283.25,8.2,8,101200.0,9999999
72494,0,458,13.3,8.87,0.0,0.0,10.86,282.48,7.2,9,101200.0,9999999
72494,0,459,13.3,8.58,0.0,0.0,10.86,278.89,8.2,11,101200.0,9999999
72494,0,460,13.3,8.24,0.0,0.0,10.86,278.89,8.8,10,101300.0,9999999
72494,0,461,13.3,8.24,0.0,0.0,10.86,282.28,6.7,10,101400.0,9999999
72494,0,462,13.3,7.97,0.0,0.0,10.86,280.3,5.7,10,101400.0,9999999
72494,0,463,12.8,7.97,1.0,1.0,10.86,281.69,3.1,7,101500.0,9999999
72494,0,464,13.3,7.97,25.0,25.0,10.86,282.08,4.1,9,101600.0,9999999
72494,0,465,13.3,8.24,48.0,48.0,10.86,282.28,5.7,8,101600.0,9999999
72494,0,466,13.9,8.24,70.0,70.0,10.86,282.87,5.2,8,101600.0,9999999
72494,0,467,12.8,7.65,81.0,81.0,10.86,281.49,7.7,8,101600.0,9999999
72494,0,468,13.3,7.34,86.0,86.0,10.86,281.89,6.7,8,101400.0,9999999
72494,0,469,12.2,7.65,79.0,79.0,10.86,280.9,11.3,8,101300.0,9999999
72494,0,470,12.2,7.97,81.0,81.0,10.86,281.1,10.8,8,101400.0,9999999
72494,0,471,13.3,8.24,111.0,111.0,10.86,282.28,6.7,9,101500.0,9999999
72494,0,472,13.3,7.97,0.0,0.0,10.86,277.66,5.7,11,101500.0,9999999
72494,0,473,12.8,7.97,0.0,0.0,10.86,275.79,6.7,11,101500.0,9999999
72494,0,474,12.8,7.65,0.0,0.0,10.86,274.52,7.2,11,101600.0,9999999
72494,0,475,12.8,7.09,0.0,0.0,10.86,274.73,7.7,11,101700.0,9999999
72494,0,476,12.2,7.34,0.0,0.0,10.86,275.58,7.2,11,101700.0,9999999
72494,0,477,12.2,7.09,0.0,0.0,10.86,273.01,7.2,11,101800.0,9999999
72494,0,478,12.2,7.09,0.0,0.0,10.86,276.21,8.2,11,101800.0,9999999
72494,0,479,12.2,7.09,0.0,0.0,10.86,274.3,7.7,11,101900.0,9999999
72494,0,480,11.7,7.09,0.0,0.0,10.86,280.3,6.7,11,101900.0,9999999
72494,0,481,11.7,7.09,0.0,0.0,10.86,274.94,7.2,11,102000.0,9999999
72494,0,482,11.7,7.09,0.0,0.0,10.86,276.83,7.2,11,102100.0,9999999
72494,0,483,11.1,7.09,0.0,0.0,10.86,274.3,5.2,11,102000.0,9999999
72494,0,484,11.1,7.09,0.0,0.0,10.86,272.58,4.6,11,102100.0,9999999
72494,0,485,10.6,7.09,0.0,0.0,10.86,275.79,3.1,14,102200.0,9999999
72494,0,486,10.0,6.57,0.0,0.0,10.86,272.36,1.5,15,102300.0,9999999
72494,0,487,10.0,6.57,4.0,3.0,10.86,272.36,2.6,9,102300.0,9999999
72494,0,488,11.1,6.8,125.0,52.0,10.86,273.66,2.1,9,102400.0,9999999
72494,0,489,12.2,6.57,249.0,149.0,10.86,277.04,1.5,10,102500.0,9999999
72494,0,490,12.8,6.8,193.0,180.0,10.86,281.1,1.5,11,102600.0,9999999
72494,0,491,12.8,6.57,416.0,246.0,10.86,279.09,4.6,12,102600.0,9999999
72494,0,492,13.3,6.3,314.0,255.0,10.86,277.86,5.7,12,102600.0,9999999
72494,0,493,13.3,6.08,461.0,210.0,10.86,277.86,5.2,11,102500.0,9999999
72494,0,494,13.3,6.57,278.0,211.0,10.86,277.04,5.7,12,102500.0,9999999
72494,0,495,12.8,6.8,156.0,140.0,10.86,277.66,4.6,12,102400.0,9999999
72494,0,496,12.8,6.8,87.0,87.0,10.86,276.62,3.1,10,102500.0,9999999
72494,0,497,11.7,6.8,0.0,0.0,10.86,274.09,3.1,9,102400.0,9999999
72494,0,498,11.1,6.8,0.0,0.0,10.86,273.66,3.6,12,102500.0,9999999
72494,0,499,11.1,6.57,0.0,0.0,10.86,274.09,0.0,0,102500.0,9999999
72494,0,500,10.6,6.3,0.0,0.0,10.86,276.83,1.5,8,102500.0,9999999
72494,0,501,10.6,6.8,0.0,0.0,10.86,275.58,0.0,0,102500.0,9999999
72494,0,502,10.6,7.34,0.0,0.0,10.86,275.79,2.1,3,102500.0,9999999
72494,0,503,10.0,6.8,0.0,0.0,10.86,274.94,1.5,7,102500.0,9999999
72494,0,504,10.6,6.8,0.0,0.0,10.86,275.58,2.1,8,102500.0,9999999
72494,0,505,10.6,6.57,0.0,0.0,10.86,275.36,3.1,6,102400.0,9999999
72494,0,506,10.6,6.8,0.0,0.0,10.86,278.89,2.1,5,102400.0,9999999
72494,0,507,10.6,6.3,0.0,0.0,10.86,275.36,0.0,0,102400.0,9999999
72494,0,508,10.0,6.57,0.0,0.0,10.86,274.94,0.0,0,102300.0,9999999
72494,0,509,10.0,6.8,0.0,0.0,10.86,274.94,0.0,0,102300.0,9999999
72494,0,510,10.0,6.57,0.0,0.0,10.86,274.94,1.5,7,102400.0,9999999
72494,0,511,10.6,6.57,4.0,3.0,10.86,275.36,0.0,0,102400.0,9999999
72494,0,512,10.6,7.09,83.0,72.0,10.86,279.09,1.5,3,102400.0,9999999
72494,0,513,11.1,7.09,182.0,155.0,10.86,279.7,3.6,4,102400.0,9999999
72494,0,514,12.2,6.8,188.0,180.0,10.86,280.5,3.6,6,102400.0,9999999
72494,0,515,13.9,5.62,173.0,173.0,10.86,281.49,5.7,7,102300.0,9999999
72494,0,516,13.9,5.38,227.0,221.0,10.86,281.49,8.2,8,102200.0,9999999
72494,0,517,12.8,6.3,165.0,165.0,10.86,280.9,8.8,7,102100.0,9999999
72494,0,518,11.1,7.09,233.0,206.0,10.86,279.7,7.2,7,102100.0,9999999
72494,0,519,11.7,7.09,119.0,119.0,10.86,280.3,9.8,7,102000.0,9999999
72494,0,520,11.7,7.09,55.0,55.0,10.86,280.3,5.2,6,101900.0,9999999
72494,0,521,12.2,7.97,0.0,0.0,10.86,277.66,5.7,7,101900.0,9999999
72494,0,522,12.2,8.24,0.0,0.0,10.86,277.86,6.2,7,101800.0,9999999
72494,0,523,12.2,8.24,0.0,0.0,10.86,277.86,6.7,7,101800.0,9999999
72494,0,524,12.8,8.58,0.0,0.0,10.86,281.89,5.7,7,101700.0,9999999
72494,0,525,13.3,8.58,0.0,0.0,10.86,282.48,6.2,8,101700.0,9999999
72494,0,526,13.3,8.87,0.0,0.0,10.86,282.48,9.3,8,101600.0,9999999
72494,0,527,13.3,8.87,0.0,0.0,10.86,282.48,11.3,8,101600.0,9999999
72494,0,528,11.1,7.97,0.0,0.0,10.86,280.1,7.7,12,101600.0,9999999
72494,0,529,11.1,7.65,0.0,0.0,10.86,279.9,3.6,12,101600.0,9999999
72494,0,530,10.6,7.34,0.0,0.0,10.86,279.29,4.6,12,101600.0,9999999
72494,0,531,10.0,7.09,0.0,0.0,10.86,278.48,6.2,12,101600.0,9999999
72494,0,532,10.0,6.8,0.0,0.0,10.86,278.48,5.2,12,101600.0,9999999
72494,0,533,8.9,6.57,0.0,0.0,10.86,277.25,4.1,12,101600.0,9999999
72494,0,534,9.4,6.57,0.0,0.0,10.86,277.66,3.6,11,101700.0,9999999
72494,0,535,8.9,6.57,6.0,4.0,10.86,277.25,4.1,12,101700.0,9999999
72494,0,536,9.4,6.3,29.0,29.0,10.86,277.45,3.1,12,101800.0,9999999
72494,0,537,9.4,5.82,62.0,62.0,10.86,277.25,4.6,11,101800.0,9999999
72494,0,538,9.4,6.3,113.0,113.0,10.86,275.58,5.7,12,101900.0,9999999
72494,0,539,10.0,5.62,144.0,144.0,10.86,275.79,3.6,12,101800.0,9999999
72494,0,540,10.6,6.08,92.0,92.0,10.86,276.62,3.1,12,101700.0,9999999
72494,0,541,10.6,5.82,480.0,248.0,10.86,273.87,3.1,11,101700.0,9999999
72494,0,542,11.1,5.82,284.0,208.0,10.86,275.58,5.7,12,101600.0,9999999
72494,0,543,10.0,5.62,290.0,160.0,10.86,272.58,6.2,12,101700.0,9999999
72494,0,544,8.9,5.15,129.0,104.0,10.86,270.15,7.2,12,101700.0,9999999
72494,0,545,8.3,4.97,0.0,0.0,10.86,269.93,5.2,12,101700.0,9999999
72494,0,546,8.3,4.38,0.0,0.0,10.86,269.03,6.7,11,101700.0,9999999
72494,0,547,7.2,4.22,0.0,0.0,10.86,267.2,4.6,12,101700.0,9999999
72494,0,548,7.2,4.03,0.0,0.0,10.86,264.38,5.7,11,101700.0,9999999
72494,0,549,6.7,4.22,0.0,0.0,10.86,263.9,2.6,13,101800.0,9999999
72494,0,550,6.7,4.22,0.0,0.0,10.86,263.9,2.1,13,101800.0,9999999
72494,0,551,6.7,3.88,0.0,0.0,10.86,263.66,3.1,13,101800.0,9999999
72494,0,552,5.6,3.88,0.0,0.0,10.86,262.69,2.1,12,101900.0,9999999
72494,0,553,3.9,3.7,0.0,0.0,10.86,260.97,2.1,8,101900.0,9999999
72494,0,554,3.3,3.53,0.0,0.0,10.86,262.93,2.1,10,101900.0,9999999
72494,0,555,2.8,3.53,0.0,0.0,10.86,262.45,2.1,10,101900.0,9999999
72494,0,556,3.9,3.4,0.0,0.0,10.86,266.96,0.0,0,101900.0,9999999
72494,0,557,2.2,3.53,0.0,0.0,10.86,262.45,2.6,8,101900.0,9999999
72494,0,558,3.3,3.53,0.0,0.0,10.86,261.47,0.0,0,101900.0,9999999
72494,0,559,3.9,3.7,6.0,3.0,10.86,263.66,0.0,0,102000.0,9999999
72494,0,560,6.1,3.7,149.0,46.0,10.86,265.8,3.1,16,102000.0,9999999
72494,0,561,7.2,3.7,302.0,84.0,10.86,266.96,4.1,16,102000.0,9999999
72494,0,562,7.8,4.03,430.0,115.0,10.86,268.8,3.1,16,102000.0,9999999
72494,0,563,7.8,4.03,474.0,178.0,10.86,267.66,2.6,16,101900.0,9999999
72494,0,564,8.9,4.03,540.0,121.0,10.86,268.8,0.0,0,101700.0,9999999
72494,0,565,9.4,4.03,499.0,130.0,10.86,269.25,1.5,2,101600.0,9999999
72494,0,566,11.1,4.03,392.0,154.0,10.86,270.82,1.5,15,101500.0,9999999
72494,0,567,10.0,4.22,297.0,138.0,10.86,270.37,7.2,12,101500.0,9999999
72494,0,568,9.4,4.03,123.0,107.0,10.86,269.7,7.2,12,101500.0,9999999
72494,0,569,8.3,4.38,0.0,0.0,10.86,269.03,5.7,12,101400.0,9999999
72494,0,570,8.3,3.88,0.0,0.0,10.86,269.03,5.2,12,101300.0,9999999
72494,0,571,7.8,4.38,0.0,0.0,10.86,267.89,3.6,12,101200.0,9999999
72494,0,572,8.3,4.58,0.0,0.0,10.86,267.89,3.1,12,101200.0,9999999
72494,0,573,8.3,4.58,0.0,0.0,10.86,269.7,0.0,0,101200.0,9999999
72494,0,574,7.8,4.38,0.0,0.0,10.86,271.48,0.0,0,101100.0,9999999
72494,0,575,7.8,4.75,0.0,0.0,10.86,270.6,2.1,7,101100.0,9999999
72494,0,576,8.9,4.22,0.0,0.0,10.86,275.79,3.6,3,101000.0,9999999
72494,0,577,7.2,4.75,0.0,0.0,10.86,271.04,2.1,8,101100.0,9999999
72494,0,578,7.2,4.97,0.0,0.0,10.86,272.8,2.6,8,101100.0,9999999
72494,0,579,7.2,4.97,0.0,0.0,10.86,274.52,3.6,12,101000.0,9999999
72494,0,580,7.2,4.97,0.0,0.0,10.86,274.52,1.5,9,101000.0,9999999
72494,0,581,8.3,4.03,0.0,0.0,10.86,274.94,0.0,0,101000.0,9999999
72494,0,582,8.3,4.58,0.0,0.0,10.86,273.44,3.6,5,101100.0,9999999
72494,0,583,7.8,4.58,7.0,5.0,10.86,271.48,3.6,5,101200.0,9999999
72494,0,584,8.3,4.03,88.0,73.0,10.86,271.7,5.2,5,101200.0,9999999
72494,0,585,9.4,4.03,135.0,129.0,10.86,272.8,4.6,5,101300.0,9999999
72494,0,586,9.4,5.38,366.0,252.0,10.86,273.66,4.1,4,101300.0,9999999
72494,0,587,11.7,4.58,191.0,184.0,10.86,275.36,2.1,7,101300.0,9999999
72494,0,588,11.7,4.97,203.0,196.0,10.86,279.09,3.6,9,101200.0,9999999
72494,0,589,11.7,5.62,486.0,250.0,10.86,274.94,4.6,9,101200.0,9999999
72494,0,590,11.7,5.62,72.0,72.0,10.86,273.44,3.6,10,101200.0,9999999
72494,0,591,11.1,5.62,286.0,169.0,10.86,273.01,6.7,8,101200.0,9999999
72494,0,592,10.6,5.38,94.0,94.0,10.86,272.36,6.2,9,101200.0,9999999
72494,0,593,10.0,5.62,0.0,0.0,10.86,274.3,5.2,9,101300.0,9999999
72494,0,594,10.0,5.62,0.0,0.0,10.86,274.3,5.2,10,101300.0,9999999
72494,0,595,10.0,5.82,0.0,0.0,10.86,274.52,5.2,11,101300.0,9999999
72494,0,596,10.0,5.38,0.0,0.0,10.86,275.79,5.2,10,101200.0,9999999
72494,0,597,9.4,5.38,0.0,0.0,10.86,273.66,5.2,11,101200.0,9999999
72494,0,598,8.9,5.62,0.0,0.0,10.86,273.23,3.6,9,101200.0,9999999
72494,0,599,9.4,5.38,0.0,0.0,10.86,273.66,5.7,9,101200.0,9999999
72494,0,600,7.8,5.62,0.0,0.0,10.86,275.58,4.1,10,101200.0,9999999
72494,0,601,8.3,5.62,0.0,0.0,10.86,276.0,0.0,0,101100.0,9999999
72494,0,602,8.3,5.15,0.0,0.0,10.86,273.87,6.2,11,101200.0,9999999
72494,0,603,8.3,5.15,0.0,0.0,10.86,272.36,2.1,7,101100.0,9999999
72494,0,604,8.3,5.15,0.0,0.0,10.86,272.36,4.1,8,101100.0,9999999
72494,0,605,7.8,5.15,0.0,0.0,10.86,275.36,3.6,8,101100.0,9999999
72494,0,606,7.2,5.62,0.0,0.0,10.86,271.7,4.1,5,101100.0,9999999
72494,0,607,7.2,5.38,7.0,6.0,10.86,274.94,6.7,5,101100.0,9999999
72494,0,608,7.8,5.38,37.0,37.0,10.86,275.36,8.8,4,101100.0,9999999
72494,0,609,8.3,5.82,58.0,58.0,10.86,276.21,9.3,4,101300.0,9999999
72494,0,610,7.8,5.62,167.0,164.0,10.86,275.58,7.2,1,101400.0,9999999
72494,0,611,7.8,5.62,173.0,173.0,10.86,275.58,7.7,1,101500.0,9999999
72494,0,612,8.9,5.62,233.0,220.0,10.86,276.62,7.2,16,101600.0,9999999
72494,0,613,8.9,5.38,479.0,216.0,10.86,273.23,8.2,1,101700.0,9999999
72494,0,614,9.4,5.15,412.0,136.0,10.86,273.44,9.3,16,101800.0,9999999
72494,0,615,9.4,5.15,302.0,104.0,10.86,271.04,7.2,16,101900.0,9999999
72494,0,616,9.4,5.38,112.0,100.0,10.86,270.6,8.2,16,101900.0,9999999
72494,0,617,9.4,5.15,0.0,0.0,10.86,270.6,3.1,16,102000.0,9999999
72494,0,618,8.9,5.15,0.0,0.0,10.86,270.15,2.1,15,102100.0,9999999
72494,0,619,8.3,5.15,0.0,0.0,10.86,269.93,3.1,14,102200.0,9999999
72494,0,620,7.2,5.15,0.0,0.0,10.86,269.03,1.5,12,102200.0,9999999
72494,0,621,7.2,4.97,0.0,0.0,10.86,264.85,0.0,0,102300.0,9999999
72494,0,622,6.7,4.75,0.0,0.0,10.86,264.38,0.0,0,102300.0,9999999
72494,0,623,6.1,4.38,0.0,0.0,10.86,263.42,2.6,12,102300.0,9999999
72494,0,624,5.6,4.38,0.0,0.0,10.86,262.93,1.5,10,102300.0,9999999
72494,0,625,5.6,4.58,0.0,0.0,10.86,263.18,2.1,12,102400.0,9999999
72494,0,626,7.2,5.15,0.0,0.0,10.86,265.09,0.0,0,102400.0,9999999
72494,0,627,3.9,4.75,0.0,0.0,10.86,261.71,0.0,0,102400.0,9999999
72494,0,628,3.9,4.58,0.0,0.0,10.86,261.47,0.0,0,102500.0,9999999
72494,0,629,5.0,4.97,0.0,0.0,10.86,262.93,0.0,0,102500.0,9999999
72494,0,630,4.4,4.97,0.0,0.0,10.86,265.09,2.1,7,102600.0,9999999
72494,0,631,4.4,4.58,8.0,4.0,10.86,264.85,2.1,11,102600.0,9999999
72494,0,632,7.8,5.38,151.0,52.0,10.86,265.8,1.5,6,102700.0,9999999
72494,0,633,9.4,4.38,323.0,75.0,10.86,266.73,3.1,14,102800.0,9999999
72494,0,634,11.1,4.58,458.0,92.0,10.86,268.34,2.6,16,102800.0,9999999
72494,0,635,11.1,4.75,543.0,103.0,10.86,268.57,3.6,16,102800.0,9999999
72494,0,636,12.8,4.58,571.0,109.0,10.86,269.93,2.1,16,102600.0,9999999
72494,0,637,13.3,4.22,472.0,191.0,10.86,270.15,3.1,16,102600.0,9999999
72494,0,638,12.8,4.75,390.0,171.0,10.86,270.15,5.2,12,102600.0,9999999
72494,0,639,12.2,4.22,301.0,142.0,10.86,269.25,7.2,12,102600.0,9999999
72494,0,640,11.1,4.38,128.0,102.0,10.86,268.34,6.7,12,102600.0,9999999
72494,0,641,10.6,4.97,0.0,0.0,10.86,268.12,5.2,12,102600.0,9999999
72494,0,642,9.4,5.62,0.0,0.0,10.86,267.43,5.7,12,102600.0,9999999
72494,0,643,8.9,5.82,0.0,0.0,10.86,266.96,5.2,12,102700.0,9999999
72494,0,644,8.9,5.62,0.0,0.0,10.86,266.96,0.0,0,102700.0,9999999
72494,0,645,7.2,4.75,0.0,0.0,10.86,264.85,0.0,0,102700.0,9999999
72494,0,646,7.8,4.22,0.0,0.0,10.86,265.09,0.0,0,102800.0,9999999
72494,0,647,7.2,4.22,0.0,0.0,10.86,264.38,1.5,12,102700.0,9999999
72494,0,648,6.1,4.38,0.0,0.0,10.86,264.85,2.1,12,102700.0,9999999
72494,0,649,5.6,4.22,0.0,0.0,10.86,262.93,1.5,12,102700.0,9999999
72494,0,650,4.4,4.22,0.0,0.0,10.86,261.71,3.1,12,102700.0,9999999
72494,0,651,3.9,4.22,0.0,0.0,10.86,261.22,2.1,11,102700.0,9999999
72494,0,652,3.9,4.22,0.0,0.0,10.86,263.42,0.0,0,102700.0,9999999
72494,0,653,3.3,4.03,0.0,0.0,10.86,261.96,2.1,8,102700.0,9999999
72494,0,654,7.2,5.15,0.0,0.0,10.86,269.03,2.6,13,102800.0,9999999
72494,0,655,6.7,5.15,7.0,5.0,10.86,264.62,1.5,12,102800.0,9999999
72494,0,656,8.9,5.62,152.0,73.0,10.86,266.96,5.2,12,102900.0,9999999
72494,0,657,10.6,5.38,294.0,107.0,10.86,268.34,5.2,12,102900.0,9999999
72494,0,658,11.1,5.62,415.0,160.0,10.86,269.03,5.2,13,102800.0,9999999
72494,0,659,11.7,5.62,474.0,196.0,10.86,273.44,5.7,12,102700.0,9999999
72494,0,660,11.7,6.08,509.0,173.0,10.86,269.93,4.6,12,102600.0,9999999
72494,0,661,12.2,5.82,537.0,134.0,10.86,270.15,6.2,12,102600.0,9999999
72494,0,662,12.2,5.62,446.0,107.0,10.86,270.15,6.2,12,102500.0,9999999
72494,0,663,11.7,5.38,308.0,101.0,10.86,269.48,8.2,12,102500.0,9999999
72494,0,664,10.6,5.82,82.0,82.0,10.86,268.57,8.2,12,102500.0,9999999
72494,0,665,10.0,6.08,0.0,0.0,10.86,272.14,6.2,12,102500.0,9999999
72494,0,666,9.4,6.08,0.0,0.0,10.86,271.04,3.6,12,102500.0,9999999
72494,0,667,8.9,6.08,0.0,0.0,10.86,269.48,4.1,12,102600.0,9999999
72494,0,668,8.9,6.08,0.0,0.0,10.86,268.57,3.6,12,102500.0,9999999
72494,0,669,8.3,6.08,0.0,0.0,10.86,266.73,2.1,12,102500.0,9999999
72494,0,670,7.8,6.08,0.0,0.0,10.86,266.27,3.1,12,102600.0,9999999
72494,0,671,8.3,6.08,0.0,0.0,10.86,269.48,0.0,0,102600.0,9999999
72494,0,672,7.2,5.82,0.0,0.0,10.86,265.56,0.0,0,102600.0,9999999
72494,0,673,6.1,5.38,0.0,0.0,10.86,266.96,1.5,8,102600.0,9999999
72494,0,674,5.6,5.38,0.0,0.0,10.86,266.5,0.0,0,102500.0,9999999
72494,0,675,5.0,5.15,0.0,0.0,10.86,265.8,1.5,6,102500.0,9999999
72494,0,676,4.4,5.15,0.0,0.0,10.86,268.57,1.5,6,102400.0,9999999
72494,0,677,4.4,4.97,0.0,0.0,10.86,265.56,2.1,6,102400.0,9999999
72494,0,678,5.0,5.15,0.0,0.0,10.86,266.27,2.6,6,102400.0,9999999
72494,0,679,5.0,5.15,10.0,5.0,10.86,266.73,3.1,6,102400.0,9999999
72494,0,680,6.7,5.38,160.0,52.0,10.86,268.12,1.5,4,102500.0,9999999
72494,0,681,7.2,5.62,324.0,79.0,10.86,271.7,2.1,5,102500.0,9999999
72494,0,682,7.8,5.62,437.0,146.0,10.86,269.7,1.5,4,102400.0,9999999
72494,0,683,8.9,6.08,486.0,180.0,10.86,268.57,2.1,3,102300.0,9999999
72494,0,684,10.0,5.82,497.0,200.0,10.86,269.48,2.6,1,102200.0,9999999
72494,0,685,10.6,6.08,536.0,137.0,10.86,270.15,4.1,16,102200.0,9999999
72494,0,686,10.6,6.3,446.0,112.0,10.86,269.03,3.6,16,102100.0,9999999
72494,0,687,11.1,6.08,315.0,99.0,10.86,269.25,1.5,16,102100.0,9999999
72494,0,688,10.6,5.38,138.0,106.0,10.86,268.34,0.0,0,102000.0,9999999
72494,0,689,10.6,5.15,0.0,0.0,10.86,268.34,0.0,0,102000.0,9999999
72494,0,690,9.4,5.38,0.0,0.0,10.86,267.2,1.5,6,102000.0,9999999
72494,0,691,10.0,6.08,0.0,0.0,10.86,270.37,0.0,0,102000.0,9999999
72494,0,692,9.4,6.3,0.0,0.0,10.86,269.93,3.1,16,101900.0,9999999
72494,0,693,9.4,6.3,0.0,0.0,10.86,269.93,2.6,16,101900.0,9999999
72494,0,694,8.9,6.3,0.0,0.0,10.86,270.15,2.1,1,101900.0,9999999
72494,0,695,6.7,5.62,0.0,0.0,10.86,266.03,1.5,8,101900.0,9999999
72494,0,696,7.2,5.82,0.0,0.0,10.86,267.66,0.0,0,101800.0,9999999
72494,0,697,6.7,5.62,0.0,0.0,10.86,267.66,0.0,0,101800.0,9999999
72494,0,698,5.6,5.38,0.0,0.0,10.86,265.8,2.1,11,101800.0,9999999
72494,0,699,5.0,5.15,0.0,0.0,10.86,266.73,2.1,8,101700.0,9999999
72494,0,700,5.6,5.38,0.0,0.0,10.86,269.93,1.5,7,101700.0,9999999
72494,0,701,5.6,5.38,0.0,0.0,10.86,273.23,1.5,8,101600.0,9999999
72494,0,702,6.1,5.62,0.0,0.0,10.86,267.66,0.0,0,101600.0,9999999
72494,0,703,6.7,5.62,3.0,3.0,10.86,268.12,0.0,0,101600.0,9999999
72494,0,704,7.8,5.82,113.0,79.0,10.86,271.26,2.6,3,101600.0,9999999
72494,0,705,7.8,5.82,261.0,147.0,10.86,270.6,0.0,0,101600.0,9999999
72494,0,706,7.8,5.62,329.0,250.0,10.86,269.7,0.0,0,101600.0,9999999
72494,0,707,8.9,5.82,335.0,276.0,10.86,271.48,3.1,2,101500.0,9999999
72494,0,708,10.0,6.08,270.0,256.0,10.86,272.14,4.6,16,101400.0,9999999
72494,0,709,14.4,5.62,281.0,265.0,10.86,276.62,8.8,7,101300.0,9999999
72494,0,710,13.9,5.15,186.0,184.0,10.86,276.83,6.2,7,101300.0,9999999
72494,0,711,13.3,5.38,165.0,152.0,10.86,276.41,8.8,6,101200.0,9999999
72494,0,712,13.3,5.15,133.0,112.0,10.86,277.25,8.2,6,101100.0,9999999
72494,0,713,11.7,5.38,0.0,0.0,10.86,274.09,2.1,7,101100.0,9999999
72494,0,714,11.7,5.62,0.0,0.0,10.86,274.09,4.6,6,101000.0,9999999
72494,0,715,11.7,5.62,0.0,0.0,10.86,274.09,3.6,5,101000.0,9999999
72494,0,716,11.7,6.08,0.0,0.0,10.86,279.7,4.6,4,101000.0,9999999
72494,0,717,11.1,6.08,0.0,0.0,10.86,279.09,5.2,4,100900.0,9999999
72494,0,718,11.1,6.08,0.0,0.0,10.86,279.09,5.2,4,100800.0,9999999
72494,0,719,8.9,6.3,0.0,0.0,10.86,277.04,4.1,10,100900.0,9999999
72494,0,720,8.9,6.57,0.0,0.0,10.86,277.25,4.1,16,100800.0,9999999
72494,0,721,9.4,6.8,0.0,0.0,10.86,277.86,3.1,8,100700.0,9999999
72494,0,722,8.9,6.8,0.0,0.0,10.86,277.25,2.1,12,100700.0,9999999
72494,0,723,8.9,6.08,0.0,0.0,10.86,277.04,6.7,6,100800.0,9999999
72494,0,724,8.9,6.57,0.0,0.0,10.86,277.25,5.7,6,100800.0,9999999
72494,0,725,9.4,6.3,0.0,0.0,10.86,275.58,10.8,11,100800.0,9999999
72494,0,726,8.9,6.08,0.0,0.0,10.86,273.66,5.7,13,101100.0,9999999
72494,0,727,9.4,6.3,13.0,9.0,10.86,274.09,7.2,12,101300.0,9999999
72494,0,728,10.6,6.08,128.0,85.0,10.86,275.15,9.3,12,101500.0,9999999
72494,0,729,10.0,5.82,145.0,139.0,10.86,274.52,10.3,12,101700.0,9999999
72494,0,730,11.1,5.62,108.0,108.0,10.86,275.36,11.3,13,101800.0,9999999
72494,0,731,10.6,5.62,185.0,182.0,10.86,274.94,8.8,12,101800.0,9999999
72494,0,732,11.7,5.62,466.0,265.0,10.86,276.0,12.9,12,101900.0,9999999
72494,0,733,11.1,5.38,477.0,195.0,10.86,272.8,13.4,12,101900.0,9999999
72494,0,734,11.1,5.38,394.0,182.0,10.86,272.8,13.9,12,102000.0,9999999
72494,0,735,10.6,5.15,311.0,119.0,10.86,272.14,12.9,12,102100.0,9999999
72494,0,736,9.4,4.75,165.0,104.0,10.86,270.82,11.3,12,102200.0,9999999
72494,0,737,8.9,4.58,0.0,0.0,10.86,269.7,11.8,12,102300.0,9999999
72494,0,738,8.9,4.75,0.0,0.0,10.86,269.7,9.3,12,102400.0,9999999
72494,0,739,8.9,4.75,0.0,0.0,10.86,269.7,8.8,12,102500.0,9999999
72494,0,740,8.3,4.75,0.0,0.0,10.86,269.25,5.7,12,102500.0,9999999
72494,0,741,8.1,4.82,0.0,0.0,10.86,268.57,4.9,13,102500.0,9999999
72494,0,742,8.0,4.86,0.0,0.0,10.86,265.56,4.1,12,102600.0,9999999
72494,0,743,7.8,4.93,0.0,0.0,10.86,265.56,3.3,12,102700.0,9999999
72494,0,744,7.7,4.97,0.0,0.0,10.57,268.34,2.4,16,102100.0,9999999
72494,0,745,7.5,5.04,0.0,0.0,10.57,268.12,1.6,16,102100.0,9999999
72494,0,746,7.4,5.08,0.0,0.0,10.57,267.43,0.8,16,102100.0,9999999
72494,0,747,7.2,5.15,0.0,0.0,10.57,267.2,0.0,0,102100.0,9999999
72494,0,748,7.4,5.34,0.0,0.0,10.57,269.25,0.7,3,102100.0,9999999
72494,0,749,7.6,5.62,0.0,0.0,10.57,271.04,1.4,5,102100.0,9999999
72494,0,750,7.8,6.08,0.0,0.0,10.57,275.79,2.1,8,102000.0,9999999
72494,0,751,8.3,5.91,20.0,18.0,10.57,271.7,1.4,5,102000.0,9999999
72494,0,752,8.9,5.91,115.0,66.0,10.57,269.93,0.7,3,102000.0,9999999
72494,0,753,9.4,5.82,327.0,70.0,10.57,267.43,0.0,0,102000.0,9999999
72494,0,754,10.7,5.38,450.0,86.0,10.57,268.57,0.7,1,102000.0,9999999
72494,0,755,12.0,4.97,552.0,95.0,10.57,269.48,1.4,2,102000.0,9999999
72494,0,756,13.3,4.75,584.0,97.0,10.57,270.6,2.1,4,101900.0,9999999
72494,0,757,13.5,4.79,542.0,93.0,10.57,270.82,3.1,2,101800.0,9999999
72494,0,758,13.7,4.93,442.0,83.0,10.57,271.04,4.2,16,101800.0,9999999
72494,0,759,13.9,5.15,292.0,66.0,10.57,271.48,5.2,14,101700.0,9999999
72494,0,760,13.0,5.3,120.0,44.0,10.57,270.6,4.8,13,101700.0,9999999
72494,0,761,12.0,5.5,18.0,13.0,10.57,269.93,4.5,13,101700.0,9999999
72494,0,762,11.1,5.82,0.0,0.0,10.57,269.25,4.1,13,101700.0,9999999
72494,0,763,10.9,5.91,0.0,0.0,10.57,269.03,3.4,12,101700.0,9999999
72494,0,764,10.8,6.08,0.0,0.0,10.57,269.03,2.8,11,101700.0,9999999
72494,0,765,10.6,6.3,0.0,0.0,10.57,269.03,2.1,9,101700.0,9999999
72494,0,766,9.5,5.82,0.0,0.0,10.57,269.93,2.1,9,101700.0,9999999
72494,0,767,8.3,5.42,0.0,0.0,10.57,269.03,2.1,8,101700.0,9999999
72494,0,768,7.2,5.15,0.0,0.0,10.57,269.03,2.1,8,101700.0,9999999
72494,0,769,6.7,4.97,0.0,0.0,10.57,267.2,2.3,7,101700.0,9999999
72494,0,770,6.1,4.93,0.0,0.0,10.57,266.03,2.4,5,101700.0,9999999
72494,0,771,5.6,4.97,0.0,0.0,10.57,263.42,2.6,4,101700.0,9999999
72494,0,772,6.0,4.86,0.0,0.0,10.57,263.66,2.6,4,101700.0,9999999
72494,0,773,6.3,4.86,0.0,0.0,10.57,264.14,2.6,3,101700.0,9999999
72494,0,774,6.7,4.97,0.0,0.0,10.57,264.38,2.6,2,101700.0,9999999
72494,0,775,7.1,4.82,33.0,24.0,10.57,264.85,4.1,2,101800.0,9999999
72494,0,776,7.4,4.82,121.0,63.0,10.57,266.27,5.7,2,101800.0,9999999
72494,0,777,7.8,4.75,309.0,102.0,10.57,266.73,7.2,2,101900.0,9999999
72494,0,778,8.5,4.72,458.0,101.0,10.57,267.2,6.7,3,101800.0,9999999
72494,0,779,9.3,4.65,512.0,109.0,10.57,268.12,6.2,3,101800.0,9999999
72494,0,780,10.0,4.75,543.0,120.0,10.57,268.8,5.7,3,101800.0,9999999
72494,0,781,10.2,4.65,489.0,164.0,10.57,269.7,4.3,4,101700.0,9999999
72494,0,782,10.4,4.65,406.0,140.0,10.57,269.93,2.9,6,101700.0,9999999
72494,0,783,10.6,4.75,263.0,119.0,10.57,270.82,1.5,8,101700.0,9999999
72494,0,784,10.2,4.68,104.0,68.0,10.57,270.37,1.5,6,101700.0,9999999
72494,0,785,9.8,4.68,17.0,15.0,10.57,269.48,1.5,4,101700.0,9999999
72494,0,786,9.4,4.75,0.0,0.0,10.57,269.03,1.5,2,101800.0,9999999
72494,0,787,8.7,4.75,0.0,0.0,10.57,270.15,1.7,4,101800.0,9999999
72494,0,788,7.9,4.82,0.0,0.0,10.57,270.82,1.9,5,101800.0,9999999
72494,0,789,7.2,4.97,0.0,0.0,10.57,274.52,2.1,7,101800.0,9999999
72494,0,790,7.4,4.89,0.0,0.0,10.57,274.73,1.9,5,101800.0,9999999
72494,0,791,7.6,4.89,0.0,0.0,10.57,274.94,1.7,4,101900.0,9999999
72494,0,792,7.8,4.97,0.0,0.0,10.57,275.15,1.5,2,101900.0,9999999
72494,0,793,7.4,4.79,0.0,0.0,10.57,274.73,1.0,1,102000.0,9999999
72494,0,794,7.1,4.72,0.0,0.0,10.57,274.3,0.5,16,102000.0,9999999
72494,0,795,6.7,4.75,0.0,0.0,10.57,274.09,0.0,0,102000.0,9999999
72494,0,796,6.7,4.72,0.0,0.0,10.57,273.87,0.9,2,102100.0,9999999
72494,0,797,6.7,4.79,0.0,0.0,10.57,274.09,1.7,4,102100.0,9999999
72494,0,798,6.7,4.97,0.0,0.0,10.57,274.09,2.6,6,102100.0,9999999
72494,0,799,6.9,4.82,26.0,25.0,10.57,269.7,3.1,5,102200.0,9999999
72494,0,800,7.0,4.82,121.0,85.0,10.57,268.57,3.6,5,102300.0,9999999
72494,0,801,7.2,4.75,305.0,111.0,10.57,266.96,4.1,4,102400.0,9999999
72494,0,802,8.5,4.79,446.0,123.0,10.57,268.34,3.4,5,102300.0,9999999
72494,0,803,9.8,4.79,523.0,115.0,10.57,269.48,2.8,7,102300.0,9999999
72494,0,804,11.1,4.97,342.0,103.0,10.57,270.82,2.1,8,102300.0,9999999
72494,0,805,11.8,4.93,522.0,155.0,10.57,272.14,2.1,6,102300.0,9999999
72494,0,806,12.6,5.0,384.0,153.0,10.57,273.01,2.1,4,102300.0,9999999
72494,0,807,13.3,5.15,287.0,124.0,10.57,274.3,2.1,3,102200.0,9999999
72494,0,808,12.4,5.0,110.0,54.0,10.57,273.23,2.1,4,102300.0,9999999
72494,0,809,11.5,4.93,16.0,16.0,10.57,272.36,2.1,6,102300.0,9999999
72494,0,810,10.6,4.97,0.0,0.0,10.57,271.48,2.1,8,102300.0,9999999
72494,0,811,10.2,4.97,0.0,0.0,10.57,270.6,2.1,8,102400.0,9999999
72494,0,812,9.8,5.04,0.0,0.0,10.57,269.7,2.1,8,102400.0,9999999
72494,0,813,9.4,5.15,0.0,0.0,10.57,268.34,2.1,8,102500.0,9999999
72494,0,814,8.9,4.93,0.0,0.0,10.57,267.89,2.1,10,102500.0,9999999
72494,0,815,8.3,4.82,0.0,0.0,10.57,265.8,2.1,12,102500.0,9999999
72494,0,816,7.8,4.75,0.0,0.0,10.57,265.33,2.1,14,102500.0,9999999
72494,0,817,7.6,4.72,0.0,0.0,10.57,265.09,1.9,13,102500.0,9999999
72494,0,818,7.4,4.79,0.0,0.0,10.57,266.27,1.7,13,102500.0,9999999
72494,0,819,7.2,4.97,0.0,0.0,10.57,266.27,1.5,13,102500.0,9999999
72494,0,820,6.7,4.72,0.0,0.0,10.57,265.56,1.0,14,102500.0,9999999
72494,0,821,6.1,4.58,0.0,0.0,10.57,264.85,0.5,15,102500.0,9999999
72494,0,822,5.6,4.58,0.0,0.0,10.57,264.38,0.0,0,102500.0,9999999
72494,0,823,6.7,4.79,29.0,24.0,10.57,266.5,0.9,1,102500.0,9999999
72494,0,824,7.8,5.11,156.0,82.0,10.57,268.34,1.7,2,102600.0,9999999
72494,0,825,8.9,5.38,291.0,144.0,10.57,270.15,2.6,3,102600.0,9999999
72494,0,826,10.4,5.46,374.0,180.0,10.57,272.14,2.8,3,102600.0,9999999
72494,0,827,11.8,5.54,374.0,260.0,10.57,274.94,2.9,3,102500.0,9999999
72494,0,828,13.3,5.82,370.0,253.0,10.57,277.66,3.1,3,102500.0,9999999
72494,0,829,14.1,5.54,318.0,246.0,10.57,278.27,2.8,2,102400.0,9999999
72494,0,830,14.8,5.42,220.0,207.0,10.57,280.3,2.4,2,102400.0,9999999
72494,0,831,15.6,5.38,148.0,136.0,10.57,281.1,2.1,2,102300.0,9999999
72494,0,832,14.5,5.23,62.0,59.0,10.57,279.9,2.1,4,102300.0,9999999
72494,0,833,13.3,5.15,13.0,13.0,10.57,280.7,2.1,7,102300.0,9999999
72494,0,834,12.2,5.15,0.0,0.0,10.57,279.7,2.1,9,102300.0,9999999
72494,0,835,12.0,4.97,0.0,0.0,10.57,274.73,2.9,10,102300.0,9999999
72494,0,836,11.9,4.82,0.0,0.0,10.57,273.23,3.8,12,102300.0,9999999
72494,0,837,11.7,4.75,0.0,0.0,10.57,271.26,4.6,13,102400.0,9999999
72494,0,838,10.4,4.68,0.0,0.0,10.57,270.6,3.8,12,102300.0,9999999
72494,0,839,9.1,4.68,0.0,0.0,10.57,269.48,2.9,10,102300.0,9999999
72494,0,840,7.8,4.75,0.0,0.0,10.57,268.8,2.1,9,102300.0,9999999
72494,0,841,7.6,4.65,0.0,0.0,10.57,268.57,2.1,8,102300.0,9999999
72494,0,842,7.4,4.65,0.0,0.0,10.57,267.66,2.1,8,102300.0,9999999
72494,0,843,7.2,4.75,0.0,0.0,10.57,267.66,2.1,8,102300.0,9999999
72494,0,844,7.0,4.58,0.0,0.0,10.57,267.43,1.9,8,102300.0,9999999
72494,0,845,6.9,4.51,0.0,0.0,10.57,267.2,1.7,8,102300.0,9999999
72494,0,846,6.7,4.58,0.0,0.0,10.57,266.96,1.5,9,102300.0,9999999
72494,0,847,8.0,4.97,31.0,28.0,10.57,268.57,1.7,6,102300.0,9999999
72494,0,848,9.3,5.54,159.0,86.0,10.57,270.6,1.9,4,102400.0,9999999
72494,0,849,10.6,6.08,297.0,165.0,10.57,272.14,2.1,1,102400.0,9999999
72494,0,850,11.3,6.08,412.0,180.0,10.57,273.44,2.4,1,102400.0,9999999
72494,0,851,12.1,6.08,424.0,196.0,10.57,275.58,2.8,1,102300.0,9999999
72494,0,852,12.8,6.3,399.0,282.0,10.57,277.45,3.1,1,102300.0,9999999
72494,0,853,13.0,6.43,279.0,215.0,10.57,277.66,4.1,16,102300.0,9999999
72494,0,854,13.1,6.71,235.0,214.0,10.57,277.86,5.2,15,102300.0,9999999
72494,0,855,13.3,7.09,146.0,115.0,10.57,278.27,6.2,13,102200.0,9999999
72494,0,856,12.8,6.71,95.0,74.0,10.57,275.79,5.3,14,102200.0,9999999
72494,0,857,12.2,6.43,17.0,15.0,10.57,273.87,4.5,14,102200.0,9999999
72494,0,858,11.7,6.3,0.0,0.0,10.57,272.14,3.6,14,102200.0,9999999
72494,0,859,11.5,6.57,0.0,0.0,10.57,273.87,3.9,14,102200.0,9999999
72494,0,860,11.3,6.9,0.0,0.0,10.57,275.15,4.3,13,102200.0,9999999
72494,0,861,11.1,7.34,0.0,0.0,10.57,279.7,4.6,12,102200.0,9999999
72494,0,862,11.3,7.34,0.0,0.0,10.57,279.9,4.3,13,102300.0,9999999
72494,0,863,11.5,7.44,0.0,0.0,10.57,280.1,3.9,13,102300.0,9999999
72494,0,864,11.7,7.65,0.0,0.0,10.57,280.5,3.6,14,102300.0,9999999
72494,0,865,11.1,7.39,0.0,0.0,10.57,279.7,3.1,16,102300.0,9999999
72494,0,866,10.6,7.29,0.0,0.0,10.57,279.29,2.6,1,102300.0,9999999
72494,0,867,10.0,7.34,0.0,0.0,10.57,278.68,2.1,3,102200.0,9999999
72494,0,868,10.2,7.19,0.0,0.0,10.57,278.68,2.3,4,102200.0,9999999
72494,0,869,10.4,7.19,0.0,0.0,10.57,278.89,2.4,6,102200.0,9999999
72494,0,870,10.6,7.34,0.0,0.0,10.57,279.29,2.6,7,102200.0,9999999
72494,0,871,10.6,7.19,21.0,21.0,10.57,279.09,2.6,7,102200.0,9999999
72494,0,872,10.6,7.19,84.0,83.0,10.57,279.09,2.6,6,102300.0,9999999
72494,0,873,10.6,7.09,125.0,121.0,10.57,279.09,2.6,5,102300.0,9999999
72494,0,874,11.7,6.75,262.0,193.0,10.57,276.62,2.6,4,102200.0,9999999
72494,0,875,12.8,6.43,499.0,160.0,10.57,274.94,2.6,3,102200.0,9999999
72494,0,876,13.9,6.3,545.0,143.0,10.57,274.94,2.6,2,102100.0,9999999
72494,0,877,14.5,6.57,531.0,106.0,10.57,274.94,3.8,16,102100.0,9999999
72494,0,878,15.0,7.04,410.0,105.0,10.57,275.79,5.0,15,102100.0,9999999
72494,0,879,15.6,7.65,300.0,63.0,10.57,275.58,6.2,13,102000.0,9999999
72494,0,880,14.3,7.34,132.0,55.0,10.57,275.15,6.2,13,102000.0,9999999
72494,0,881,13.0,7.14,26.0,20.0,10.57,274.94,6.2,13,102000.0,9999999
72494,0,882,11.7,7.09,0.0,0.0,10.57,274.3,6.2,13,102000.0,9999999
72494,0,883,11.3,6.66,0.0,0.0,10.57,273.23,4.6,14,102000.0,9999999
72494,0,884,11.0,6.34,0.0,0.0,10.57,271.48,3.1,14,102000.0,9999999
72494,0,885,10.6,6.08,0.0,0.0,10.57,270.15,1.5,14,102000.0,9999999
72494,0,886,10.4,6.08,0.0,0.0,10.57,269.93,1.0,15,102100.0,9999999
72494,0,887,10.2,6.12,0.0,0.0,10.57,268.34,0.5,16,102100.0,9999999
72494,0,888,10.0,6.3,0.0,0.0,10.57,268.34,0.0,0,102100.0,9999999
72494,0,889,9.1,5.74,0.0,0.0,10.57,267.2,0.0,0,102100.0,9999999
72494,0,890,8.1,5.42,0.0,0.0,10.57,266.03,0.0,0,102000.0,9999999
72494,0,891,7.2,5.15,0.0,0.0,10.57,265.09,0.0,0,102000.0,9999999
72494,0,892,7.6,5.38,0.0,0.0,10.57,268.34,0.0,0,102000.0,9999999
72494,0,893,7.9,5.74,0.0,0.0,10.57,271.26,0.0,0,102000.0,9999999
72494,0,894,8.3,6.3,0.0,0.0,10.57,276.41,0.0,0,102000.0,9999999
72494,0,895,8.5,6.3,10.0,10.0,10.57,276.62,0.7,16,102000.0,9999999
72494,0,896,8.7,6.48,72.0,71.0,10.57,277.04,1.4,16,102000.0,9999999
72494,0,897,8.9,6.57,138.0,134.0,10.57,277.25,2.1,16,102000.0,9999999
72494,0,898,10.7,6.85,181.0,178.0,10.57,279.09,2.9,16,102000.0,9999999
72494,0,899,12.6,7.14,267.0,266.0,10.57,281.1,3.8,14,102000.0,9999999
72494,0,900,14.4,7.65,231.0,231.0,10.57,283.06,4.6,13,101900.0,9999999
72494,0,901,14.6,7.39,225.0,223.0,10.57,283.25,4.8,13,101900.0,9999999
72494,0,902,14.8,7.29,221.0,219.0,10.57,283.45,5.0,13,101800.0,9999999
72494,0,903,15.0,7.34,150.0,149.0,10.57,283.64,5.2,13,101800.0,9999999
72494,0,904,14.1,6.99,83.0,76.0,10.57,280.5,4.3,15,101800.0,9999999
72494,0,905,13.1,6.71,20.0,19.0,10.57,279.49,3.5,16,101800.0,9999999
72494,0,906,12.2,6.57,0.0,0.0,10.57,277.04,2.6,2,101800.0,9999999
72494,0,907,12.4,6.16,0.0,0.0,10.57,276.0,1.7,1,101800.0,9999999
72494,0,908,12.6,5.87,0.0,0.0,10.57,275.15,0.9,1,101800.0,9999999
72494,0,909,12.8,5.62,0.0,0.0,10.57,274.52,0.0,0,101800.0,9999999
72494,0,910,12.4,6.08,0.0,0.0,10.57,275.79,1.7,3,101800.0,9999999
72494,0,911,12.1,6.61,0.0,0.0,10.57,277.04,3.5,5,101800.0,9999999
72494,0,912,11.7,7.34,0.0,0.0,10.57,280.3,5.2,8,101800.0,9999999
72494,0,913,11.7,7.19,0.0,0.0,10.57,278.27,4.8,8,101800.0,9999999
72494,0,914,11.7,7.19,0.0,0.0,10.57,276.83,4.5,9,101800.0,9999999
72494,0,915,11.7,7.34,0.0,0.0,10.57,275.79,4.1,9,101800.0,9999999
72494,0,916,11.1,6.85,0.0,0.0,10.57,274.3,3.6,8,101800.0,9999999
72494,0,917,10.6,6.48,0.0,0.0,10.57,272.36,3.1,8,101800.0,9999999
72494,0,918,10.0,6.3,0.0,0.0,10.57,271.26,2.6,7,101800.0,9999999
72494,0,919,11.1,6.57,28.0,25.0,10.57,273.44,4.0,7,101800.0,9999999
72494,0,920,12.2,6.99,106.0,76.0,10.57,276.21,5.3,8,101900.0,9999999
72494,0,921,13.3,7.34,124.0,100.0,10.57,279.9,6.7,8,101900.0,9999999
72494,0,922,13.5,7.39,305.0,185.0,10.57,280.1,7.4,9,101900.0,9999999
72494,0,923,13.7,7.39,155.0,154.0,10.57,282.28,8.1,11,101900.0,9999999
72494,0,924,13.9,7.65,120.0,104.0,10.57,282.67,8.8,12,101900.0,9999999
72494,0,925,13.3,7.49,270.0,179.0,10.57,278.48,7.6,12,101900.0,9999999
72494,0,926,12.8,7.49,259.0,151.0,10.57,276.21,6.4,13,101900.0,9999999
72494,0,927,12.2,7.65,232.0,139.0,10.57,274.52,5.2,13,101900.0,9999999
72494,0,928,12.2,7.34,88.0,79.0,10.57,274.94,5.2,13,102000.0,9999999
72494,0,929,12.2,7.14,24.0,20.0,10.57,275.36,5.2,13,102100.0,9999999
72494,0,930,12.2,7.09,0.0,0.0,10.57,276.21,5.2,13,102100.0,9999999
72494,0,931,11.8,6.9,0.0,0.0,10.57,274.94,4.2,13,102200.0,9999999
72494,0,932,11.5,6.8,0.0,0.0,10.57,274.52,3.1,13,102200.0,9999999
72494,0,933,11.1,6.8,0.0,0.0,10.57,273.66,2.1,12,102200.0,9999999
72494,0,934,10.7,6.61,0.0,0.0,10.57,272.14,1.4,14,102200.0,9999999
72494,0,935,10.4,6.57,0.0,0.0,10.57,271.04,0.7,15,102200.0,9999999
72494,0,936,10.0,6.57,0.0,0.0,10.57,268.57,0.0,0,102200.0,9999999
72494,0,937,9.4,6.25,0.0,0.0,10.57,269.03,0.9,15,102200.0,9999999
72494,0,938,8.9,6.12,0.0,0.0,10.57,269.48,1.7,14,102200.0,9999999
72494,0,939,8.3,6.08,0.0,0.0,10.57,269.48,2.6,13,102200.0,9999999
72494,0,940,7.9,5.78,0.0,0.0,10.57,269.03,2.4,12,102300.0,9999999
72494,0,941,7.6,5.62,0.0,0.0,10.57,268.57,2.3,11,102300.0,9999999
72494,0,942,7.2,5.62,0.0,0.0,10.57,268.12,2.1,10,102300.0,9999999
72494,0,943,8.9,5.99,33.0,26.0,10.57,269.93,1.7,8,102300.0,9999999
72494,0,944,10.5,6.57,146.0,83.0,10.57,271.92,1.4,5,102400.0,9999999
72494,0,945,12.2,7.09,296.0,101.0,10.57,273.66,1.0,3,102400.0,9999999
72494,0,946,12.4,6.94,408.0,164.0,10.57,274.94,1.5,3,102400.0,9999999
72494,0,947,12.6,6.75,380.0,225.0,10.57,277.45,2.1,3,102300.0,9999999
72494,0,948,12.8,6.8,247.0,245.0,10.57,281.1,2.6,3,102300.0,9999999
72494,0,949,13.3,6.85,341.0,270.0,10.57,279.7,4.0,1,102300.0,9999999
72494,0,950,13.9,7.04,311.0,174.0,10.57,278.89,5.3,15,102200.0,9999999
72494,0,951,14.4,7.34,230.0,168.0,10.57,278.48,6.7,13,102200.0,9999999
72494,0,952,13.7,7.04,102.0,63.0,10.57,276.21,6.5,13,102200.0,9999999
72494,0,953,12.9,6.85,26.0,19.0,10.57,273.66,6.4,13,102200.0,9999999
72494,0,954,12.2,6.8,0.0,0.0,10.57,270.6,6.2,13,102200.0,9999999
72494,0,955,11.8,6.8,0.0,0.0,10.57,270.37,5.5,13,102200.0,9999999
72494,0,956,11.5,6.9,0.0,0.0,10.57,270.15,4.8,13,102300.0,9999999
72494,0,957,11.1,7.09,0.0,0.0,10.57,269.7,4.1,13,102300.0,9999999
72494,0,958,11.1,6.99,0.0,0.0,10.57,271.92,3.9,13,102300.0,9999999
72494,0,959,11.1,6.99,0.0,0.0,10.57,272.58,3.8,12,102400.0,9999999
72494,0,960,11.1,7.09,0.0,0.0,10.57,273.66,3.6,12,102400.0,9999999
72494,0,961,10.2,6.66,0.0,0.0,10.57,272.14,3.3,11,102400.0,9999999
72494,0,962,9.2,6.43,0.0,0.0,10.57,269.93,2.9,9,102400.0,9999999
72494,0,963,8.3,6.3,0.0,0.0,10.57,268.12,2.6,7,102400.0,9999999
72494,0,964,8.1,5.99,0.0,0.0,10.57,269.7,1.7,5,102400.0,9999999
72494,0,965,8.0,5.82,0.0,0.0,10.57,270.6,0.9,2,102500.0,9999999
72494,0,966,7.8,5.82,0.0,0.0,10.57,273.87,0.0,0,102500.0,9999999
72494,0,967,8.2,5.99,19.0,19.0,10.57,274.3,0.5,1,102500.0,9999999
72494,0,968,8.5,6.3,66.0,64.0,10.57,276.62,1.0,2,102600.0,9999999
72494,0,969,8.9,6.57,108.0,105.0,10.57,277.25,1.5,3,102600.0,9999999
72494,0,970,9.6,6.75,402.0,216.0,10.57,273.44,1.9,3,102600.0,9999999
72494,0,971,10.4,6.94,502.0,186.0,10.57,272.36,2.2,3,102600.0,9999999
72494,0,972,11.1,7.34,571.0,127.0,10.57,271.26,2.6,3,102600.0,9999999
72494,0,973,13.0,7.29,441.0,140.0,10.57,273.01,2.2,3,102500.0,9999999
72494,0,974,14.8,7.39,460.0,121.0,10.57,274.73,1.9,3,102500.0,9999999
72494,0,975,16.7,7.65,296.0,122.0,10.57,276.62,1.5,2,102400.0,9999999
72494,0,976,15.0,7.34,134.0,64.0,10.57,274.94,2.5,1,102500.0,9999999
72494,0,977,13.4,7.14,24.0,20.0,10.57,273.23,3.6,15,102500.0,9999999
72494,0,978,11.7,7.09,0.0,0.0,10.57,271.7,4.6,14,102500.0,9999999
72494,0,979,11.7,7.09,0.0,0.0,10.57,271.7,8.0,14,102500.0,9999999
72494,0,980,11.7,7.19,0.0,0.0,10.57,272.58,11.5,13,102600.0,9999999
72494,0,981,11.7,7.34,0.0,0.0,10.57,272.58,14.9,13,102600.0,9999999
72494,0,982,11.3,7.14,0.0,0.0,10.57,271.26,11.1,13,102600.0,9999999
72494,0,983,11.0,7.09,0.0,0.0,10.57,271.04,7.4,13,102600.0,9999999
72494,0,984,10.6,7.09,0.0,0.0,10.57,269.25,3.6,13,102600.0,9999999
72494,0,985,9.8,6.48,0.0,0.0,10.57,268.34,2.4,14,102600.0,9999999
72494,0,986,9.1,6.12,0.0,0.0,10.57,267.43,1.2,15,102600.0,9999999
72494,0,987,8.3,5.82,0.0,0.0,10.57,266.5,0.0,0,102600.0,9999999
72494,0,988,8.3,5.87,0.0,0.0,10.57,267.89,0.5,14,102600.0,9999999
72494,0,989,8.3,5.99,0.0,0.0,10.57,269.48,1.0,12,102600.0,9999999
72494,0,990,8.3,6.3,0.0,0.0,10.57,270.15,1.5,11,102700.0,9999999
72494,0,991,8.3,6.3,24.0,21.0,10.57,271.26,1.7,9,102700.0,9999999
72494,0,992,8.3,6.48,108.0,86.0,10.57,272.14,1.9,7,102700.0,9999999
72494,0,993,8.3,6.57,162.0,140.0,10.57,274.73,2.1,5,102800.0,9999999
72494,0,994,10.2,6.85,315.0,179.0,10.57,274.09,2.1,4,102700.0,9999999
72494,0,995,12.0,7.14,491.0,214.0,10.57,274.09,2.1,4,102700.0,9999999
72494,0,996,13.9,7.65,563.0,164.0,10.57,274.94,2.1,3,102700.0,9999999
72494,0,997,14.8,7.59,541.0,133.0,10.57,274.73,3.1,1,102600.0,9999999
72494,0,998,15.8,7.7,443.0,116.0,10.57,275.79,4.2,16,102600.0,9999999
72494,0,999,16.7,7.97,309.0,98.0,10.57,275.58,5.2,14,102600.0,9999999
72494,0,1000,15.2,7.75,140.0,67.0,10.57,273.87,5.5,14,102600.0,9999999
72494,0,1001,13.7,7.65,26.0,23.0,10.57,273.87,5.9,14,102600.0,9999999
72494,0,1002,12.2,7.65,0.0,0.0,10.57,272.36,6.2,14,102600.0,9999999
72494,0,1003,11.8,7.44,0.0,0.0,10.57,272.8,5.5,14,102600.0,9999999
72494,0,1004,11.5,7.34,0.0,0.0,10.57,273.66,4.8,14,102600.0,9999999
72494,0,1005,11.1,7.34,0.0,0.0,10.57,273.87,4.1,14,102600.0,9999999
72494,0,1006,10.9,7.24,0.0,0.0,10.57,273.01,4.3,14,102600.0,9999999
72494,0,1007,10.8,7.24,0.0,0.0,10.57,271.7,4.4,14,102700.0,9999999
72494,0,1008,10.6,7.34,0.0,0.0,10.57,270.6,4.6,14,102700.0,9999999
72494,0,1009,10.6,7.29,0.0,0.0,10.57,272.8,3.8,12,102700.0,9999999
72494,0,1010,10.6,7.39,0.0,0.0,10.57,274.73,2.9,12,102700.0,9999999
72494,0,1011,10.6,7.65,0.0,0.0,10.57,279.29,2.1,10,102700.0,9999999
72494,0,1012,10.2,7.19,0.0,0.0,10.57,278.68,2.3,9,102700.0,9999999
72494,0,1013,9.8,6.9,0.0,0.0,10.57,278.27,2.4,8,102700.0,9999999
72494,0,1014,9.4,6.8,0.0,0.0,10.57,277.86,2.6,7,102700.0,9999999
72494,0,1015,9.6,6.8,17.0,16.0,10.57,278.07,1.7,5,102800.0,9999999
72494,0,1016,9.8,6.99,80.0,77.0,10.57,278.27,0.9,2,102800.0,9999999
72494,0,1017,10.0,7.09,205.0,201.0,10.57,278.48,0.0,0,102900.0,9999999
72494,0,1018,10.7,7.19,304.0,259.0,10.57,275.79,0.7,1,102900.0,9999999
72494,0,1019,11.5,7.29,510.0,159.0,10.57,274.09,1.4,1,102800.0,9999999
72494,0,1020,12.2,7.65,565.0,170.0,10.57,273.87,2.1,2,102800.0,9999999
72494,0,1021,13.3,7.7,529.0,141.0,10.57,274.94,3.1,1,102700.0,9999999
72494,0,1022,14.5,7.91,436.0,108.0,10.57,275.58,4.2,15,102700.0,9999999
72494,0,1023,15.6,8.24,319.0,61.0,10.57,276.83,5.2,14,102700.0,9999999
72494,0,1024,14.3,7.91,147.0,55.0,10.57,275.36,5.7,14,102600.0,9999999
72494,0,1025,13.0,7.7,27.0,19.0,10.57,274.09,6.2,14,102600.0,9999999
72494,0,1026,11.7,7.65,0.0,0.0,10.57,272.8,6.7,14,102600.0,9999999
72494,0,1027,11.3,7.39,0.0,0.0,10.57,271.48,5.5,14,102600.0,9999999
72494,0,1028,11.0,7.19,0.0,0.0,10.57,271.04,4.3,13,102600.0,9999999
72494,0,1029,10.6,7.09,0.0,0.0,10.57,269.25,3.1,13,102600.0,9999999
72494,0,1030,10.4,6.9,0.0,0.0,10.57,269.03,2.6,14,102600.0,9999999
72494,0,1031,10.2,6.8,0.0,0.0,10.57,270.15,2.0,14,102600.0,9999999
72494,0,1032,10.0,6.8,0.0,0.0,10.57,269.93,1.5,14,102600.0,9999999
72494,0,1033,9.6,6.39,0.0,0.0,10.57,269.25,1.0,15,102600.0,9999999
72494,0,1034,9.3,6.21,0.0,0.0,10.57,269.03,0.5,16,102500.0,9999999
72494,0,1035,8.9,6.08,0.0,0.0,10.57,268.57,0.0,0,102500.0,9999999
72494,0,1036,8.7,6.04,0.0,0.0,10.57,269.25,0.3,14,102500.0,9999999
72494,0,1037,8.5,6.08,0.0,0.0,10.57,270.15,0.7,12,102500.0,9999999
72494,0,1038,8.3,6.3,0.0,0.0,10.57,270.6,1.0,9,102500.0,9999999
72494,0,1039,8.9,6.48,27.0,26.0,10.57,272.58,0.7,12,102500.0,9999999
72494,0,1040,9.4,6.8,109.0,85.0,10.57,274.3,0.3,14,102500.0,9999999
72494,0,1041,10.0,7.09,148.0,145.0,10.57,278.48,0.0,0,102500.0,9999999
72494,0,1042,11.9,7.29,290.0,228.0,10.57,277.04,0.9,16,102400.0,9999999
72494,0,1043,13.7,7.49,448.0,266.0,10.57,276.41,1.7,1,102400.0,9999999
72494,0,1044,15.6,7.97,537.0,214.0,10.57,277.45,2.6,2,102300.0,9999999
72494,0,1045,16.7,7.8,356.0,239.0,10.57,278.89,3.6,16,102200.0,9999999
72494,0,1046,17.8,7.8,399.0,206.0,10.57,280.5,4.7,16,102200.0,9999999
72494,0,1047,18.9,7.97,253.0,147.0,10.57,282.28,5.7,14,102100.0,9999999
72494,0,1048,17.8,7.54,102.0,81.0,10.57,280.3,5.3,14,102100.0,9999999
72494,0,1049,16.7,7.24,24.0,22.0,10.57,278.07,5.0,13,102100.0,9999999
72494,0,1050,15.6,7.09,0.0,0.0,10.57,276.21,4.6,13,102100.0,9999999
72494,0,1051,14.3,7.09,0.0,0.0,10.57,274.94,4.3,13,102100.0,9999999
72494,0,1052,13.0,7.19,0.0,0.0,10.57,273.01,3.9,13,102100.0,9999999
72494,0,1053,11.7,7.34,0.0,0.0,10.57,271.7,3.6,13,102100.0,9999999
72494,0,1054,11.1,7.14,0.0,0.0,10.57,271.04,3.6,13,102000.0,9999999
72494,0,1055,10.6,7.09,0.0,0.0,10.57,269.25,3.6,13,102000.0,9999999
72494,0,1056,10.0,7.09,0.0,0.0,10.57,268.8,3.6,13,102000.0,9999999
72494,0,1057,9.6,6.48,0.0,0.0,10.57,268.12,2.9,13,102000.0,9999999
72494,0,1058,9.3,6.12,0.0,0.0,10.57,268.8,2.2,13,102000.0,9999999
72494,0,1059,8.9,5.82,0.0,0.0,10.57,268.34,1.5,13,101900.0,9999999
72494,0,1060,8.7,5.78,0.0,0.0,10.57,268.12,1.3,11,102000.0,9999999
72494,0,1061,8.5,5.87,0.0,0.0,10.57,267.89,1.2,8,102000.0,9999999
72494,0,1062,8.3,6.08,0.0,0.0,10.57,267.89,1.0,6,102000.0,9999999
72494,0,1063,10.5,6.48,43.0,26.0,10.57,270.15,1.2,5,102000.0,9999999
72494,0,1064,12.8,7.09,195.0,55.0,10.57,271.48,1.3,4,102000.0,9999999
72494,0,1065,15.0,7.65,387.0,77.0,10.57,273.66,1.5,3,102000.0,9999999
72494,0,1066,17.4,6.57,526.0,92.0,10.57,275.58,1.5,2,102000.0,9999999
72494,0,1067,19.8,5.62,622.0,101.0,10.57,277.25,1.5,2,101900.0,9999999
72494,0,1068,22.2,4.97,644.0,103.0,10.57,279.09,1.5,2,101800.0,9999999
72494,0,1069,20.9,5.62,605.0,99.0,10.57,278.27,3.1,16,101800.0,9999999
72494,0,1070,19.6,6.52,505.0,89.0,10.57,277.66,4.6,15,101800.0,9999999
72494,0,1071,18.3,7.65,350.0,72.0,10.57,276.83,6.2,13,101700.0,9999999
72494,0,1072,17.6,6.8,170.0,51.0,10.57,275.79,6.0,13,101800.0,9999999
72494,0,1073,16.8,6.12,33.0,21.0,10.57,274.73,5.9,13,101800.0,9999999
72494,0,1074,16.1,5.62,0.0,0.0,10.57,273.66,5.7,13,101800.0,9999999
72494,0,1075,14.3,5.87,0.0,0.0,10.57,272.14,5.5,13,101800.0,9999999
72494,0,1076,12.4,6.16,0.0,0.0,10.57,270.6,5.4,13,101800.0,9999999
72494,0,1077,10.6,6.57,0.0,0.0,10.57,269.03,5.2,13,101900.0,9999999
72494,0,1078,10.0,6.3,0.0,0.0,10.57,268.34,4.3,13,101900.0,9999999
72494,0,1079,9.5,6.16,0.0,0.0,10.57,267.89,3.5,14,101900.0,9999999
72494,0,1080,8.9,6.08,0.0,0.0,10.57,267.2,2.6,14,101900.0,9999999
72494,0,1081,8.7,5.78,0.0,0.0,10.57,266.96,1.7,15,101900.0,9999999
72494,0,1082,8.5,5.66,0.0,0.0,10.57,266.5,0.9,15,101900.0,9999999
72494,0,1083,8.3,5.62,0.0,0.0,10.57,266.5,0.0,0,101900.0,9999999
72494,0,1084,8.7,5.66,0.0,0.0,10.57,266.73,0.7,2,101900.0,9999999
72494,0,1085,9.0,5.78,0.0,0.0,10.57,268.34,1.4,5,102000.0,9999999
72494,0,1086,9.4,6.08,0.0,0.0,10.57,269.03,2.1,7,102000.0,9999999
72494,0,1087,11.1,6.48,49.0,25.0,10.57,270.82,2.6,5,102000.0,9999999
72494,0,1088,12.7,7.09,193.0,70.0,10.57,273.44,3.1,3,102000.0,9999999
72494,0,1089,14.4,7.65,376.0,112.0,10.57,275.36,3.6,1,102100.0,9999999
72494,0,1090,16.1,7.59,503.0,99.0,10.57,277.04,3.3,1,102100.0,9999999
72494,0,1091,17.7,7.49,570.0,98.0,10.57,277.45,2.9,2,102000.0,9999999
72494,0,1092,19.4,7.65,606.0,66.0,10.57,279.29,2.6,2,102000.0,9999999
72494,0,1093,20.3,7.7,587.0,88.0,10.57,280.1,2.4,2,102000.0,9999999
72494,0,1094,21.3,7.91,482.0,61.0,10.57,281.1,2.3,2,101900.0,9999999
72494,0,1095,22.2,8.24,338.0,60.0,10.57,282.08,2.1,1,101900.0,9999999
72494,0,1096,20.7,7.91,170.0,39.0,10.57,280.5,1.9,1,101900.0,9999999
72494,0,1097,19.3,7.7,42.0,19.0,10.57,277.86,1.7,1,101900.0,9999999
72494,0,1098,17.8,7.65,0.0,0.0,10.57,276.41,1.5,1,101900.0,9999999
72494,0,1099,16.9,7.39,0.0,0.0,10.57,275.36,1.0,16,102000.0,9999999
72494,0,1100,15.9,7.19,0.0,0.0,10.57,274.3,0.5,16,102000.0,9999999
72494,0,1101,15.0,7.09,0.0,0.0,10.57,273.44,0.0,0,102100.0,9999999
72494,0,1102,14.3,6.8,0.0,0.0,10.57,272.58,0.7,15,102100.0,9999999
72494,0,1103,13.5,6.66,0.0,0.0,10.57,271.92,1.4,13,102100.0,9999999
72494,0,1104,12.8,6.57,0.0,0.0,10.57,271.04,2.1,12,102100.0,9999999
72494,0,1105,12.1,6.25,0.0,0.0,10.57,271.7,1.7,12,102100.0,9999999
72494,0,1106,11.3,6.12,0.0,0.0,10.57,271.7,1.4,12,102100.0,9999999
72494,0,1107,10.6,6.08,0.0,0.0,10.57,271.7,1.0,13,102100.0,9999999
72494,0,1108,10.4,6.16,0.0,0.0,10.57,271.48,1.5,13,102200.0,9999999
72494,0,1109,10.2,6.39,0.0,0.0,10.57,271.48,2.1,13,102200.0,9999999
72494,0,1110,10.0,6.8,0.0,0.0,10.57,271.48,2.6,13,102200.0,9999999
72494,0,1111,11.3,6.99,33.0,29.0,10.57,272.8,2.4,15,102200.0,9999999
72494,0,1112,12.6,7.34,169.0,105.0,10.57,273.44,2.3,16,102300.0,9999999
72494,0,1113,13.9,7.65,349.0,133.0,10.57,274.94,2.1,2,102300.0,9999999
72494,0,1114,15.4,7.7,456.0,197.0,10.57,276.41,2.1,2,102300.0,9999999
72494,0,1115,16.8,7.7,566.0,223.0,10.57,278.48,2.1,2,102200.0,9999999
72494,0,1116,18.3,7.97,559.0,257.0,10.57,279.9,2.1,2,102200.0,9999999
72494,0,1117,18.1,7.8,473.0,225.0,10.57,280.3,3.5,16,102200.0,9999999
72494,0,1118,18.0,7.8,457.0,222.0,10.57,281.29,4.8,15,102100.0,9999999
72494,0,1119,17.8,7.97,210.0,149.0,10.57,282.08,6.2,13,102100.0,9999999
72494,0,1120,16.3,7.65,103.0,92.0,10.57,281.49,6.4,13,102100.0,9999999
72494,0,1121,14.8,7.44,22.0,22.0,10.57,281.49,6.5,13,102100.0,9999999
72494,0,1122,13.3,7.34,0.0,0.0,10.57,281.89,6.7,13,102100.0,9999999
72494,0,1123,12.8,7.19,0.0,0.0,10.57,277.86,5.8,13,102100.0,9999999
72494,0,1124,12.2,7.09,0.0,0.0,10.57,274.73,5.0,13,102200.0,9999999
72494,0,1125,11.7,7.09,0.0,0.0,10.57,273.23,4.1,13,102200.0,9999999
72494,0,1126,11.3,6.9,0.0,0.0,10.57,272.8,3.8,13,102200.0,9999999
72494,0,1127,11.0,6.8,0.0,0.0,10.57,272.36,3.4,13,102200.0,9999999
72494,0,1128,10.6,6.8,0.0,0.0,10.57,272.14,3.1,13,102200.0,9999999
72494,0,1129,10.4,6.66,0.0,0.0,10.57,271.7,3.1,13,102200.0,9999999
72494,0,1130,10.2,6.66,0.0,0.0,10.57,271.48,3.1,13,102200.0,9999999
72494,0,1131,10.0,6.8,0.0,0.0,10.57,271.48,3.1,13,102100.0,9999999
72494,0,1132,9.1,5.91,0.0,0.0,10.57,271.26,2.9,12,102200.0,9999999
72494,0,1133,8.1,5.23,0.0,0.0,10.57,270.37,2.8,10,102200.0,9999999
72494,0,1134,7.2,4.75,0.0,0.0,10.57,271.04,2.6,9,102200.0,9999999
72494,0,1135,9.2,5.54,30.0,30.0,10.57,273.44,2.2,8,102200.0,9999999
72494,0,1136,11.3,6.57,110.0,97.0,10.57,276.21,1.9,6,102300.0,9999999
72494,0,1137,13.3,7.65,230.0,194.0,10.57,278.68,1.5,4,102300.0,9999999
72494,0,1138,15.2,7.59,364.0,215.0,10.57,279.29,1.0,3,102300.0,9999999
72494,0,1139,17.0,7.49,426.0,232.0,10.57,280.1,0.5,1,102200.0,9999999
72494,0,1140,18.9,7.65,527.0,301.0,10.57,281.49,0.0,0,102100.0,9999999
72494,0,1141,19.6,7.29,544.0,230.0,10.57,282.08,1.0,15,102100.0,9999999
72494,0,1142,20.4,7.14,412.0,215.0,10.57,282.08,2.1,14,102000.0,9999999
72494,0,1143,21.1,7.09,283.0,176.0,10.57,282.87,3.1,13,101900.0,9999999
72494,0,1144,19.8,6.3,133.0,90.0,10.57,281.1,3.6,13,101900.0,9999999
72494,0,1145,18.5,5.66,27.0,25.0,10.57,279.09,4.1,13,101900.0,9999999
72494,0,1146,17.2,5.15,0.0,0.0,10.57,277.45,4.6,13,101900.0,9999999
72494,0,1147,16.1,5.23,0.0,0.0,10.57,275.79,3.6,12,101900.0,9999999
72494,0,1148,15.0,5.38,0.0,0.0,10.57,274.73,2.5,11,102000.0,9999999
72494,0,1149,13.9,5.62,0.0,0.0,10.57,273.01,1.5,10,102000.0,9999999
72494,0,1150,13.2,5.74,0.0,0.0,10.57,272.36,1.0,12,102000.0,9999999
72494,0,1151,12.4,5.99,0.0,0.0,10.57,270.37,0.5,14,102000.0,9999999
72494,0,1152,11.7,6.3,0.0,0.0,10.57,269.93,0.0,0,101900.0,9999999
72494,0,1153,10.8,5.74,0.0,0.0,10.57,268.8,0.7,14,101900.0,9999999
72494,0,1154,9.8,5.42,0.0,0.0,10.57,267.66,1.4,12,101900.0,9999999
72494,0,1155,8.9,5.15,0.0,0.0,10.57,266.73,2.1,10,101900.0,9999999
72494,0,1156,8.5,5.19,0.0,0.0,10.57,266.27,1.4,12,101900.0,9999999
72494,0,1157,8.2,5.34,0.0,0.0,10.57,266.03,0.7,14,102000.0,9999999
72494,0,1158,7.8,5.62,0.0,0.0,10.57,265.8,0.0,0,102000.0,9999999
72494,0,1159,10.0,6.08,59.0,23.0,10.57,268.34,0.7,1,102000.0,9999999
72494,0,1160,12.2,6.71,220.0,43.0,10.57,271.92,1.4,2,102100.0,9999999
72494,0,1161,14.4,7.34,404.0,54.0,10.57,274.3,2.1,3,102100.0,9999999
72494,0,1162,15.7,6.9,524.0,64.0,10.57,275.36,2.1,3,102000.0,9999999
72494,0,1163,17.0,6.48,656.0,78.0,10.57,275.15,2.1,2,102000.0,9999999
72494,0,1164,18.3,6.3,669.0,75.0,10.57,276.21,2.1,2,101900.0,9999999
72494,0,1165,18.3,6.75,639.0,72.0,10.57,276.41,3.8,16,101900.0,9999999
72494,0,1166,18.3,7.39,540.0,63.0,10.57,276.83,5.5,15,101900.0,9999999
72494,0,1167,18.3,8.24,387.0,51.0,10.57,277.04,7.2,13,101900.0,9999999
72494,0,1168,15.7,7.65,201.0,37.0,10.57,274.3,7.5,13,101900.0,9999999
72494,0,1169,13.2,7.14,45.0,22.0,10.57,273.01,7.9,13,101900.0,9999999
72494,0,1170,10.6,6.8,0.0,0.0,10.57,270.37,8.2,13,101900.0,9999999
72494,0,1171,10.4,6.66,0.0,0.0,10.57,270.15,7.5,13,102000.0,9999999
72494,0,1172,10.2,6.57,0.0,0.0,10.57,268.57,6.9,13,102000.0,9999999
72494,0,1173,10.0,6.57,0.0,0.0,10.57,268.57,6.2,13,102000.0,9999999
72494,0,1174,9.8,6.48,0.0,0.0,10.57,269.48,5.5,13,102100.0,9999999
72494,0,1175,9.6,6.48,0.0,0.0,10.57,270.15,4.8,13,102100.0,9999999
72494,0,1176,9.4,6.57,0.0,0.0,10.57,270.82,4.1,13,102100.0,9999999
72494,0,1177,9.4,6.43,0.0,0.0,10.57,271.7,4.1,13,102100.0,9999999
72494,0,1178,9.4,6.43,0.0,0.0,10.57,274.3,4.1,13,102200.0,9999999
72494,0,1179,9.4,6.57,0.0,0.0,10.57,277.66,4.1,13,102200.0,9999999
72494,0,1180,9.0,6.16,0.0,0.0,10.57,277.04,3.6,12,102200.0,9999999
72494,0,1181,8.7,5.91,0.0,0.0,10.57,276.62,3.1,11,102200.0,9999999
72494,0,1182,8.3,5.82,0.0,0.0,10.57,276.21,2.6,9,102200.0,9999999
72494,0,1183,9.1,5.99,18.0,18.0,10.57,277.04,2.8,8,102200.0,9999999
72494,0,1184,9.8,6.3,90.0,88.0,10.57,277.86,2.9,8,102300.0,9999999
72494,0,1185,10.6,6.57,149.0,144.0,10.57,278.89,3.1,7,102300.0,9999999
72494,0,1186,11.7,6.75,362.0,190.0,10.57,276.62,4.3,9,102300.0,9999999
72494,0,1187,12.8,6.94,446.0,219.0,10.57,276.62,5.5,11,102300.0,9999999
72494,0,1188,13.9,7.34,482.0,282.0,10.57,276.62,6.7,13,102300.0,9999999
72494,0,1189,13.7,6.99,567.0,159.0,10.57,275.15,6.7,13,102200.0,9999999
72494,0,1190,13.5,6.85,487.0,141.0,10.57,274.09,6.7,13,102200.0,9999999
72494,0,1191,13.3,6.8,375.0,68.0,10.57,271.7,6.7,14,102100.0,9999999
72494,0,1192,12.4,6.52,179.0,53.0,10.57,272.14,6.2,14,102100.0,9999999
72494,0,1193,11.5,6.34,41.0,27.0,10.57,271.04,5.7,13,102100.0,9999999
72494,0,1194,10.6,6.3,0.0,0.0,10.57,271.04,5.2,13,102100.0,9999999
72494,0,1195,10.2,6.16,0.0,0.0,10.57,270.6,4.2,13,102100.0,9999999
72494,0,1196,9.8,6.08,0.0,0.0,10.57,270.15,3.1,14,102100.0,9999999
72494,0,1197,9.4,6.08,0.0,0.0,10.57,269.93,2.1,14,102100.0,9999999
72494,0,1198,9.2,5.82,0.0,0.0,10.57,268.57,2.3,13,102100.0,9999999
72494,0,1199,9.1,5.7,0.0,0.0,10.57,268.57,2.4,13,102100.0,9999999
72494,0,1200,8.9,5.62,0.0,0.0,10.57,266.96,2.6,13,102100.0,9999999
72494,0,1201,8.7,5.42,0.0,0.0,10.57,269.48,2.8,11,102100.0,9999999
72494,0,1202,8.5,5.34,0.0,0.0,10.57,271.7,2.9,9,102100.0,9999999
72494,0,1203,8.3,5.38,0.0,0.0,10.57,276.0,3.1,7,102100.0,9999999
72494,0,1204,8.9,5.42,0.0,0.0,10.57,274.73,3.1,8,102100.0,9999999
72494,0,1205,9.4,5.54,0.0,0.0,10.57,275.15,3.1,8,102100.0,9999999
72494,0,1206,10.0,5.82,0.0,0.0,10.57,274.52,3.1,9,102100.0,9999999
72494,0,1207,10.6,5.91,19.0,19.0,10.57,276.62,2.9,8,102200.0,9999999
72494,0,1208,11.1,6.12,111.0,89.0,10.57,277.25,2.8,7,102200.0,9999999
72494,0,1209,11.7,6.3,174.0,160.0,10.57,279.9,2.6,6,102300.0,9999999
72494,0,1210,11.7,6.39,235.0,233.0,10.57,279.9,2.4,6,102300.0,9999999
72494,0,1211,11.7,6.48,208.0,205.0,10.57,279.9,2.3,5,102300.0,9999999
72494,0,1212,11.7,6.8,166.0,163.0,10.57,280.1,2.1,4,102200.0,9999999
72494,0,1213,11.3,6.75,283.0,279.0,10.57,279.7,3.1,5,102200.0,9999999
72494,0,1214,11.0,6.85,218.0,216.0,10.57,279.49,4.2,5,102100.0,9999999
72494,0,1215,10.6,7.09,87.0,86.0,10.57,279.09,5.2,6,102100.0,9999999
72494,0,1216,10.6,6.99,83.0,82.0,10.57,279.09,4.2,7,102000.0,9999999
72494,0,1217,10.6,6.99,23.0,23.0,10.57,279.09,3.1,7,101900.0,9999999
72494,0,1218,10.6,7.09,0.0,0.0,10.57,279.09,2.1,8,101800.0,9999999
72494,0,1219,11.0,7.09,0.0,0.0,10.57,279.49,1.9,6,101800.0,9999999
72494,0,1220,11.3,7.19,0.0,0.0,10.57,279.9,1.7,4,101800.0,9999999
72494,0,1221,11.7,7.34,0.0,0.0,10.57,280.3,1.5,2,101800.0,9999999
72494,0,1222,12.1,7.34,0.0,0.0,10.57,280.7,2.2,4,101800.0,9999999
72494,0,1223,12.4,7.44,0.0,0.0,10.57,281.1,2.9,5,101700.0,9999999
72494,0,1224,12.8,7.65,0.0,0.0,10.57,281.49,3.6,6,101700.0,9999999
72494,0,1225,13.3,7.86,0.0,0.0,10.57,282.08,4.8,7,101600.0,9999999
72494,0,1226,13.9,8.3,0.0,0.0,10.57,282.87,6.0,8,101500.0,9999999
72494,0,1227,14.4,8.87,0.0,0.0,10.57,283.64,7.2,8,101400.0,9999999
72494,0,1228,13.9,8.3,0.0,0.0,10.57,282.87,8.4,10,101400.0,9999999
72494,0,1229,13.3,7.86,0.0,0.0,10.57,282.08,9.6,11,101400.0,9999999
72494,0,1230,12.8,7.65,1.0,1.0,10.57,281.49,10.8,12,101500.0,9999999
72494,0,1231,12.6,7.29,40.0,40.0,10.57,281.1,8.2,12,101500.0,9999999
72494,0,1232,12.4,7.09,111.0,111.0,10.57,280.9,5.7,11,101600.0,9999999
72494,0,1233,12.2,6.8,117.0,116.0,10.57,280.5,3.1,11,101600.0,9999999
72494,0,1234,12.4,6.57,263.0,263.0,10.57,280.7,4.3,11,101600.0,9999999
72494,0,1235,12.6,6.34,333.0,333.0,10.57,280.7,5.5,11,101600.0,9999999
72494,0,1236,12.8,6.3,192.0,191.0,10.57,280.9,6.7,11,101700.0,9999999
72494,0,1237,12.8,6.25,401.0,341.0,10.57,278.89,5.8,11,101700.0,9999999
72494,0,1238,12.8,6.34,364.0,240.0,10.57,278.89,5.0,11,101700.0,9999999
72494,0,1239,12.8,6.57,225.0,173.0,10.57,277.66,4.1,10,101700.0,9999999
72494,0,1240,12.6,6.39,119.0,111.0,10.57,278.89,4.3,11,101700.0,9999999
72494,0,1241,12.4,6.3,22.0,20.0,10.57,278.48,4.4,11,101700.0,9999999
72494,0,1242,12.2,6.3,0.0,0.0,10.57,280.3,4.6,11,101800.0,9999999
72494,0,1243,12.0,6.39,0.0,0.0,10.57,275.58,4.6,12,101800.0,9999999
72494,0,1244,11.9,6.57,0.0,0.0,10.57,274.3,4.6,12,101800.0,9999999
72494,0,1245,11.7,6.8,0.0,0.0,10.57,272.36,4.6,12,101900.0,9999999
72494,0,1246,11.1,6.39,0.0,0.0,10.57,272.36,3.6,13,101900.0,9999999
72494,0,1247,10.6,6.04,0.0,0.0,10.57,272.14,2.5,14,101900.0,9999999
72494,0,1248,10.0,5.82,0.0,0.0,10.57,271.92,1.5,15,101900.0,9999999
72494,0,1249,9.1,5.46,0.0,0.0,10.57,272.36,1.7,15,102000.0,9999999
72494,0,1250,8.1,5.27,0.0,0.0,10.57,272.36,1.9,14,102000.0,9999999
72494,0,1251,7.2,5.15,0.0,0.0,10.57,274.73,2.1,14,102000.0,9999999
72494,0,1252,7.6,5.11,0.0,0.0,10.57,270.6,2.4,15,102000.0,9999999
72494,0,1253,7.9,5.19,0.0,0.0,10.57,269.7,2.8,16,102000.0,9999999
72494,0,1254,8.3,5.38,1.0,0.0,10.57,268.34,3.1,16,102000.0,9999999
72494,0,1255,9.4,5.62,64.0,31.0,10.57,269.7,2.8,1,102100.0,9999999
72494,0,1256,10.6,5.99,223.0,76.0,10.57,271.04,2.4,2,102200.0,9999999
72494,0,1257,11.7,6.3,397.0,87.0,10.57,272.14,2.1,3,102200.0,9999999
72494,0,1258,12.1,5.91,554.0,112.0,10.57,273.01,2.4,3,102200.0,9999999
72494,0,1259,12.4,5.54,452.0,177.0,10.57,273.01,2.8,3,102100.0,9999999
72494,0,1260,12.8,5.38,723.0,144.0,10.57,273.87,3.1,3,102100.0,9999999
72494,0,1261,13.0,5.04,495.0,262.0,10.57,274.52,3.8,16,102000.0,9999999
72494,0,1262,13.1,4.86,474.0,184.0,10.57,274.94,4.5,15,102000.0,9999999
72494,0,1263,13.3,4.75,264.0,167.0,10.57,276.0,5.2,12,102000.0,9999999
72494,0,1264,12.8,4.61,97.0,82.0,10.57,276.41,4.5,12,101900.0,9999999
72494,0,1265,12.2,4.54,34.0,31.0,10.57,277.25,3.8,11,101900.0,9999999
72494,0,1266,11.7,4.58,0.0,0.0,10.57,278.68,3.1,11,101900.0,9999999
72494,0,1267,11.5,4.58,0.0,0.0,10.57,278.48,3.8,10,101800.0,9999999
72494,0,1268,11.3,4.65,0.0,0.0,10.57,278.48,4.5,8,101800.0,9999999
72494,0,1269,11.1,4.75,0.0,0.0,10.57,278.27,5.2,8,101700.0,9999999
72494,0,1270,10.7,4.82,0.0,0.0,10.57,277.86,4.7,7,101700.0,9999999
72494,0,1271,10.4,4.93,0.0,0.0,10.57,277.66,4.1,6,101600.0,9999999
72494,0,1272,10.0,5.15,0.0,0.0,10.57,277.45,3.6,5,101500.0,9999999
72494,0,1273,9.4,5.23,0.0,0.0,10.57,277.04,4.1,5,101500.0,9999999
72494,0,1274,8.9,5.5,0.0,0.0,10.57,276.62,4.7,6,101400.0,9999999
72494,0,1275,8.3,5.82,0.0,0.0,10.57,276.21,5.2,7,101400.0,9999999
72494,0,1276,9.4,5.95,0.0,0.0,10.57,273.87,4.8,8,101400.0,9999999
72494,0,1277,10.6,6.16,0.0,0.0,10.57,274.09,4.5,10,101500.0,9999999
72494,0,1278,11.7,6.57,2.0,1.0,10.57,274.09,4.1,12,101500.0,9999999
72494,0,1279,11.9,6.16,57.0,43.0,10.57,274.73,6.2,12,101600.0,9999999
72494,0,1280,12.0,5.91,147.0,112.0,10.57,275.36,8.2,12,101700.0,9999999
72494,0,1281,12.2,5.62,260.0,182.0,10.57,276.41,10.3,12,101800.0,9999999
72494,0,1282,12.8,5.34,359.0,209.0,10.57,274.94,10.0,12,101900.0,9999999
72494,0,1283,13.3,5.08,465.0,161.0,10.57,274.73,9.6,13,101900.0,9999999
72494,0,1284,13.9,4.97,512.0,168.0,10.57,274.09,9.3,13,102000.0,9999999
72494,0,1285,13.3,4.65,577.0,122.0,10.57,273.44,9.3,13,102000.0,9999999
72494,0,1286,12.8,4.48,520.0,155.0,10.57,272.14,9.3,13,102100.0,9999999
72494,0,1287,12.2,4.38,369.0,112.0,10.57,271.48,9.3,13,102100.0,9999999
72494,0,1288,11.7,4.25,180.0,90.0,10.57,272.14,8.4,13,102100.0,9999999
72494,0,1289,11.1,4.18,42.0,38.0,10.57,272.58,7.6,13,102100.0,9999999
72494,0,1290,10.6,4.22,0.0,0.0,10.57,274.09,6.7,14,102100.0,9999999
72494,0,1291,10.2,4.15,0.0,0.0,10.57,274.94,5.2,14,102100.0,9999999
72494,0,1292,9.8,4.15,0.0,0.0,10.57,274.73,3.6,14,102200.0,9999999
72494,0,1293,9.4,4.22,0.0,0.0,10.57,276.21,2.1,14,102200.0,9999999
72494,0,1294,9.2,4.22,0.0,0.0,10.57,276.0,2.3,13,102200.0,9999999
72494,0,1295,9.1,4.25,0.0,0.0,10.57,276.0,2.4,13,102200.0,9999999
72494,0,1296,8.9,4.38,0.0,0.0,10.57,275.79,2.6,13,102200.0,9999999
72494,0,1297,8.3,4.28,0.0,0.0,10.57,273.23,2.6,13,102200.0,9999999
72494,0,1298,7.8,4.28,0.0,0.0,10.57,270.37,2.6,14,102100.0,9999999
72494,0,1299,7.2,4.38,0.0,0.0,10.57,269.03,2.6,15,102100.0,9999999
72494,0,1300,7.2,4.12,0.0,0.0,10.57,268.12,1.7,15,102100.0,9999999
72494,0,1301,7.2,3.94,0.0,0.0,10.57,266.96,0.9,16,102100.0,9999999
72494,0,1302,7.2,3.88,2.0,1.0,10.57,266.27,0.0,0,102100.0,9999999
72494,0,1303,8.1,4.06,70.0,50.0,10.57,267.43,1.2,16,102100.0,9999999
72494,0,1304,9.1,4.35,239.0,99.0,10.57,268.57,2.4,16,102200.0,9999999
72494,0,1305,10.0,4.58,354.0,133.0,10.57,269.48,3.6,15,102200.0,9999999
72494,0,1306,10.9,4.54,532.0,130.0,10.57,271.04,3.9,16,102200.0,9999999
72494,0,1307,11.9,4.48,496.0,315.0,10.57,273.01,4.3,16,102100.0,9999999
72494,0,1308,12.8,4.58,359.0,228.0,10.57,274.52,4.6,1,102100.0,9999999
72494,0,1309,13.0,4.61,433.0,182.0,10.57,274.73,6.2,16,102100.0,9999999
72494,0,1310,13.1,4.75,320.0,213.0,10.57,274.94,7.7,15,102100.0,9999999
72494,0,1311,13.3,4.97,259.0,162.0,10.57,275.36,9.3,14,102000.0,9999999
72494,0,1312,12.4,4.75,148.0,83.0,10.57,273.66,8.6,14,102100.0,9999999
72494,0,1313,11.5,4.61,49.0,30.0,10.57,271.7,7.9,13,102100.0,9999999
72494,0,1314,10.6,4.58,0.0,0.0,10.57,270.15,7.2,13,102100.0,9999999
72494,0,1315,10.4,4.72,0.0,0.0,10.57,269.03,6.7,13,102200.0,9999999
72494,0,1316,10.2,4.89,0.0,0.0,10.57,269.03,6.2,14,102200.0,9999999
72494,0,1317,10.0,5.15,0.0,0.0,10.57,267.66,5.7,14,102300.0,9999999
72494,0,1318,9.6,4.82,0.0,0.0,10.57,267.2,4.5,13,102300.0,9999999
72494,0,1319,9.3,4.54,0.0,0.0,10.57,266.73,3.3,13,102400.0,9999999
72494,0,1320,8.9,4.38,0.0,0.0,10.57,266.27,2.1,13,102400.0,9999999
72494,0,1321,8.2,4.28,0.0,0.0,10.57,265.33,2.1,13,102400.0,9999999
72494,0,1322,7.4,4.28,0.0,0.0,10.57,264.62,2.1,13,102500.0,9999999
72494,0,1323,6.7,4.38,0.0,0.0,10.57,264.14,2.1,13,102500.0,9999999
72494,0,1324,6.3,4.22,0.0,0.0,10.57,263.66,2.1,12,102500.0,9999999
72494,0,1325,6.0,4.15,0.0,0.0,10.57,264.62,2.1,12,102600.0,9999999
72494,0,1326,5.6,4.22,2.0,2.0,10.57,264.14,2.1,12,102600.0,9999999
72494,0,1327,7.4,4.51,70.0,39.0,10.57,266.03,2.1,15,102600.0,9999999
72494,0,1328,9.3,4.97,244.0,63.0,10.57,268.12,2.1,1,102700.0,9999999
72494,0,1329,11.1,5.38,425.0,92.0,10.57,270.15,2.1,4,102800.0,9999999
72494,0,1330,11.8,4.86,579.0,85.0,10.57,270.6,2.3,3,102700.0,9999999
72494,0,1331,12.6,4.35,688.0,103.0,10.57,269.7,2.4,3,102700.0,9999999
72494,0,1332,13.3,4.03,716.0,102.0,10.57,270.15,2.6,3,102700.0,9999999
72494,0,1333,13.3,4.12,637.0,103.0,10.57,271.48,4.0,16,102700.0,9999999
72494,0,1334,13.3,4.31,530.0,103.0,10.57,271.48,5.3,15,102600.0,9999999
72494,0,1335,13.3,4.58,379.0,118.0,10.57,272.58,6.7,12,102600.0,9999999
72494,0,1336,12.6,4.68,170.0,95.0,10.57,273.23,6.0,12,102700.0,9999999
72494,0,1337,11.8,4.86,37.0,36.0,10.57,273.23,5.3,12,102700.0,9999999
72494,0,1338,11.1,5.15,0.0,0.0,10.57,274.09,4.6,12,102700.0,9999999
72494,0,1339,10.9,5.15,0.0,0.0,10.57,273.01,4.8,13,102800.0,9999999
72494,0,1340,10.8,5.23,0.0,0.0,10.57,273.01,5.0,13,102800.0,9999999
72494,0,1341,10.6,5.38,0.0,0.0,10.57,272.36,5.2,13,102900.0,9999999
72494,0,1342,10.0,5.15,0.0,0.0,10.57,270.6,4.0,13,102900.0,9999999
72494,0,1343,9.5,5.04,0.0,0.0,10.57,269.25,2.7,12,102900.0,9999999
72494,0,1344,8.9,4.97,0.0,0.0,10.57,266.5,1.5,12,102900.0,9999999
72494,0,1345,8.0,4.72,0.0,0.0,10.57,265.56,1.5,10,102900.0,9999999
72494,0,1346,7.0,4.61,0.0,0.0,10.57,264.62,1.5,9,102900.0,9999999
72494,0,1347,6.1,4.58,0.0,0.0,10.57,263.66,1.5,8,102900.0,9999999
72494,0,1348,5.7,4.41,0.0,0.0,10.57,263.18,1.7,9,102900.0,9999999
72494,0,1349,5.4,4.35,0.0,0.0,10.57,262.93,1.9,10,102900.0,9999999
72494,0,1350,5.0,4.38,5.0,3.0,10.57,262.45,2.1,11,102900.0,9999999
72494,0,1351,6.9,4.65,84.0,31.0,10.57,264.38,1.9,8,103000.0,9999999
72494,0,1352,8.7,5.04,275.0,50.0,10.57,266.5,1.7,6,103000.0,9999999
72494,0,1353,10.6,5.38,461.0,67.0,10.57,268.34,1.5,3,103100.0,9999999
72494,0,1354,11.5,5.34,579.0,87.0,10.57,271.48,1.7,3,103000.0,9999999
72494,0,1355,12.4,5.27,559.0,181.0,10.57,273.01,1.9,3,103000.0,9999999
72494,0,1356,13.3,5.38,619.0,164.0,10.57,274.94,2.1,3,102900.0,9999999
72494,0,1357,13.9,5.62,523.0,223.0,10.57,275.15,3.6,1,102900.0,9999999
72494,0,1358,14.4,6.04,486.0,140.0,10.57,275.36,5.2,15,102800.0,9999999
72494,0,1359,15.0,6.57,383.0,107.0,10.57,275.36,6.7,13,102800.0,9999999
72494,0,1360,14.1,6.48,182.0,76.0,10.57,274.52,6.2,13,102800.0,9999999
72494,0,1361,13.1,6.48,46.0,34.0,10.57,273.66,5.7,13,102800.0,9999999
72494,0,1362,12.2,6.57,0.0,0.0,10.57,272.8,5.2,13,102800.0,9999999
72494,0,1363,12.0,6.48,0.0,0.0,10.57,272.58,5.0,13,102800.0,9999999
72494,0,1364,11.9,6.48,0.0,0.0,10.57,273.23,4.8,14,102800.0,9999999
72494,0,1365,11.7,6.57,0.0,0.0,10.57,273.01,4.6,14,102800.0,9999999
72494,0,1366,11.1,6.3,0.0,0.0,10.57,271.7,4.1,13,102800.0,9999999
72494,0,1367,10.6,6.16,0.0,0.0,10.57,270.15,3.6,13,102800.0,9999999
72494,0,1368,10.0,6.08,0.0,0.0,10.57,268.34,3.1,12,102800.0,9999999
72494,0,1369,9.3,5.7,0.0,0.0,10.57,267.43,2.8,12,102700.0,9999999
72494,0,1370,8.5,5.5,0.0,0.0,10.57,266.5,2.4,11,102700.0,9999999
72494,0,1371,7.8,5.38,0.0,0.0,10.57,265.8,2.1,11,102700.0,9999999
72494,0,1372,7.6,5.19,0.0,0.0,10.57,265.56,1.9,11,102700.0,9999999
72494,0,1373,7.4,5.11,0.0,0.0,10.57,265.33,1.7,12,102800.0,9999999
72494,0,1374,7.2,5.15,5.0,4.0,10.57,265.09,1.5,12,102800.0,9999999
72494,0,1375,8.5,5.54,82.0,39.0,10.57,266.5,1.7,15,102800.0,9999999
72494,0,1376,9.8,6.08,261.0,80.0,10.57,269.25,1.9,1,102800.0,9999999
72494,0,1377,11.1,6.57,420.0,103.0,10.57,270.82,2.1,4,102800.0,9999999
72494,0,1378,12.6,6.25,580.0,95.0,10.57,272.14,1.9,4,102800.0,9999999
72494,0,1379,14.1,5.95,693.0,106.0,10.57,273.44,1.7,4,102700.0,9999999
72494,0,1380,15.6,5.82,690.0,108.0,10.57,274.73,1.5,4,102600.0,9999999
72494,0,1381,16.0,5.87,630.0,145.0,10.57,276.0,3.1,1,102600.0,9999999
72494,0,1382,16.3,6.04,514.0,154.0,10.57,276.41,4.6,16,102500.0,9999999
72494,0,1383,16.7,6.3,332.0,182.0,10.57,277.66,6.2,13,102500.0,9999999
72494,0,1384,15.2,6.3,204.0,96.0,10.57,276.21,6.0,13,102500.0,9999999
72494,0,1385,13.7,6.39,47.0,38.0,10.57,274.09,5.9,12,102500.0,9999999
72494,0,1386,12.2,6.57,0.0,0.0,10.57,272.8,5.7,12,102500.0,9999999
72494,0,1387,12.0,6.48,0.0,0.0,10.57,272.58,5.2,12,102400.0,9999999
72494,0,1388,11.9,6.48,0.0,0.0,10.57,271.48,4.6,12,102400.0,9999999
72494,0,1389,11.7,6.57,0.0,0.0,10.57,271.48,4.1,12,102400.0,9999999
72494,0,1390,11.7,6.57,0.0,0.0,10.57,273.44,5.1,12,102400.0,9999999
72494,0,1391,11.7,6.61,0.0,0.0,10.57,275.36,6.2,12,102400.0,9999999
72494,0,1392,11.7,6.8,0.0,0.0,10.57,280.1,7.2,13,102400.0,9999999
72494,0,1393,11.5,6.66,0.0,0.0,10.57,276.41,6.3,13,102400.0,9999999
72494,0,1394,11.3,6.66,0.0,0.0,10.57,273.66,5.5,13,102400.0,9999999
72494,0,1395,11.1,6.8,0.0,0.0,10.57,272.58,4.6,13,102400.0,9999999
72494,0,1396,11.1,6.57,0.0,0.0,10.57,272.36,4.3,13,102400.0,9999999
72494,0,1397,11.1,6.48,0.0,0.0,10.57,272.8,3.9,12,102400.0,9999999
72494,0,1398,11.1,6.57,6.0,4.0,10.57,273.01,3.6,12,102400.0,9999999
72494,0,1399,10.7,6.34,62.0,52.0,10.57,273.66,4.5,13,102400.0,9999999
72494,0,1400,10.4,6.25,178.0,144.0,10.57,275.15,5.3,13,102500.0,9999999
72494,0,1401,10.0,6.08,158.0,152.0,10.57,278.07,6.2,14,102500.0,9999999
72494,0,1402,10.9,5.62,419.0,253.0,10.57,275.15,7.4,13,102500.0,9999999
72494,0,1403,11.9,5.19,415.0,285.0,10.57,274.09,8.6,13,102500.0,9999999
72494,0,1404,12.8,4.97,634.0,231.0,10.57,273.66,9.8,13,102500.0,9999999
72494,0,1405,12.6,4.65,560.0,144.0,10.57,273.23,10.0,13,102400.0,9999999
72494,0,1406,12.4,4.48,511.0,123.0,10.57,272.36,10.1,13,102400.0,9999999
72494,0,1407,12.2,4.38,404.0,109.0,10.57,272.14,10.3,13,102300.0,9999999
72494,0,1408,11.3,4.38,212.0,60.0,10.57,270.6,9.8,13,102300.0,9999999
72494,0,1409,10.3,4.44,58.0,38.0,10.57,269.7,9.3,13,102300.0,9999999
72494,0,1410,9.4,4.58,0.0,0.0,10.57,268.12,8.8,13,102400.0,9999999
72494,0,1411,9.0,4.28,0.0,0.0,10.57,267.43,7.6,13,102400.0,9999999
72494,0,1412,8.7,4.06,0.0,0.0,10.57,265.8,6.4,13,102400.0,9999999
72494,0,1413,8.8,4.44,0.0,0.0,10.57,266.03,5.9,13,102400.0,9999999
72494,0,1414,8.9,4.82,0.0,0.0,10.57,266.5,5.5,13,102400.0,9999999
72494,0,1415,9.0,5.27,0.0,0.0,10.57,266.73,5.0,13,102400.0,9999999
72494,0,1416,9.1,5.74,0.0,0.0,11.08,270.6,4.5,14,102100.0,9999999
72494,0,1417,9.2,6.25,0.0,0.0,11.08,270.37,4.0,12,102200.0,9999999
72494,0,1418,9.3,6.75,0.0,0.0,11.08,269.25,3.6,14,102100.0,9999999
72494,0,1419,9.4,7.34,0.0,0.0,11.08,271.04,3.1,14,102100.0,9999999
72494,0,1420,10.0,7.65,0.0,0.0,11.08,278.89,2.1,14,102200.0,9999999
72494,0,1421,9.4,7.34,0.0,0.0,11.08,278.07,0.0,0,102200.0,9999999
72494,0,1422,9.4,7.34,0.0,0.0,11.08,278.07,0.0,0,102200.0,9999999
72494,0,1423,10.0,7.65,24.0,24.0,11.08,278.89,0.0,0,102300.0,9999999
72494,0,1424,10.0,7.65,52.0,52.0,11.08,278.89,1.5,1,102300.0,9999999
72494,0,1425,10.0,7.65,89.0,89.0,11.08,278.89,2.1,1,102300.0,9999999
72494,0,1426,10.0,7.65,224.0,172.0,11.08,276.83,1.5,16,102300.0,9999999
72494,0,1427,11.7,8.24,691.0,161.0,11.08,270.82,2.1,1,102300.0,9999999
72494,0,1428,15.0,8.87,692.0,191.0,11.08,275.58,2.1,2,102200.0,9999999
72494,0,1429,17.2,8.87,665.0,149.0,11.08,277.66,2.1,3,102100.0,9999999
72494,0,1430,20.6,8.87,565.0,138.0,11.08,279.49,2.6,2,102100.0,9999999
72494,0,1431,20.0,8.58,376.0,144.0,11.08,281.89,2.6,16,102100.0,9999999
72494,0,1432,17.8,8.87,182.0,86.0,11.08,279.09,6.7,14,102000.0,9999999
72494,0,1433,15.0,8.58,60.0,57.0,11.08,278.68,6.7,14,102000.0,9999999
72494,0,1434,12.2,8.24,0.0,0.0,11.08,275.36,7.2,14,102100.0,9999999
72494,0,1435,13.3,8.24,0.0,0.0,11.08,275.36,2.1,12,102100.0,9999999
72494,0,1436,11.7,8.24,0.0,0.0,11.08,270.82,6.2,14,102100.0,9999999
72494,0,1437,11.1,7.97,0.0,0.0,11.08,270.15,3.1,14,102100.0,9999999
72494,0,1438,11.7,7.97,0.0,0.0,11.08,270.82,1.5,15,102200.0,9999999
72494,0,1439,11.1,7.97,0.0,0.0,11.08,270.15,2.1,8,102200.0,9999999
72494,0,1440,11.1,7.34,0.0,0.0,11.08,269.93,0.0,0,102200.0,9999999
72494,0,1441,10.6,7.65,0.0,0.0,11.08,269.48,0.0,0,102200.0,9999999
72494,0,1442,11.1,7.97,0.0,0.0,11.08,270.15,0.0,0,102100.0,9999999
72494,0,1443,10.0,7.65,0.0,0.0,11.08,269.03,0.0,0,102100.0,9999999
72494,0,1444,9.4,7.34,0.0,0.0,11.08,268.34,0.0,0,102100.0,9999999
72494,0,1445,9.4,7.34,0.0,0.0,11.08,270.37,0.0,0,102100.0,9999999
72494,0,1446,11.1,8.24,2.0,2.0,11.08,273.23,4.1,16,102100.0,9999999
72494,0,1447,11.7,8.58,89.0,48.0,11.08,272.36,1.5,15,102200.0,9999999
72494,0,1448,13.9,8.58,244.0,92.0,11.08,274.3,2.1,6,102200.0,9999999
72494,0,1449,15.6,8.87,424.0,136.0,11.08,276.21,3.1,4,102100.0,9999999
72494,0,1450,15.6,9.23,500.0,161.0,11.08,276.21,3.1,2,102100.0,9999999
72494,0,1451,16.7,9.54,667.0,152.0,11.08,277.45,3.1,3,102000.0,9999999
72494,0,1452,16.1,9.23,687.0,155.0,11.08,276.62,3.6,1,101900.0,9999999
72494,0,1453,19.4,8.87,654.0,122.0,11.08,279.7,2.6,2,101900.0,9999999
72494,0,1454,18.9,9.54,549.0,143.0,11.08,279.49,5.2,16,101800.0,9999999
72494,0,1455,20.6,8.87,372.0,156.0,11.08,281.89,4.1,1,101700.0,9999999
72494,0,1456,21.1,8.24,184.0,102.0,11.08,283.25,3.1,16,101700.0,9999999
72494,0,1457,18.9,9.54,55.0,44.0,11.08,280.5,5.7,14,101700.0,9999999
72494,0,1458,16.1,8.24,0.0,0.0,11.08,276.41,7.7,13,101800.0,9999999
72494,0,1459,14.4,7.65,0.0,0.0,11.08,273.23,5.2,14,101900.0,9999999
72494,0,1460,13.3,7.65,0.0,0.0,11.08,272.14,4.1,14,101900.0,9999999
72494,0,1461,13.3,7.65,0.0,0.0,11.08,272.14,5.2,13,101900.0,9999999
72494,0,1462,13.3,7.65,0.0,0.0,11.08,272.14,5.2,13,102000.0,9999999
72494,0,1463,13.3,7.65,0.0,0.0,11.08,273.44,3.1,15,101900.0,9999999
72494,0,1464,12.2,7.09,0.0,0.0,11.08,272.14,5.2,14,101900.0,9999999
72494,0,1465,11.7,7.34,0.0,0.0,11.08,271.7,2.1,13,101900.0,9999999
72494,0,1466,11.1,7.09,0.0,0.0,11.08,271.92,0.0,0,101900.0,9999999
72494,0,1467,11.1,6.8,0.0,0.0,11.08,272.58,0.0,0,101900.0,9999999
72494,0,1468,10.0,6.57,0.0,0.0,11.08,270.6,0.0,0,101900.0,9999999
72494,0,1469,10.0,6.57,0.0,0.0,11.08,271.26,2.1,15,101900.0,9999999
72494,0,1470,10.0,6.3,3.0,2.0,11.08,272.36,3.1,14,101900.0,9999999
72494,0,1471,12.8,7.65,98.0,70.0,11.08,275.15,2.6,16,102000.0,9999999
72494,0,1472,14.4,8.24,165.0,108.0,11.08,278.89,4.1,15,102000.0,9999999
72494,0,1473,15.6,8.58,286.0,241.0,11.08,279.29,3.1,15,102100.0,9999999
72494,0,1474,16.1,8.24,522.0,225.0,11.08,280.5,2.1,1,102100.0,9999999
72494,0,1475,18.3,8.24,587.0,214.0,11.08,280.1,1.5,16,102100.0,9999999
72494,0,1476,18.9,7.97,703.0,192.0,11.08,281.69,3.6,15,102000.0,9999999
72494,0,1477,17.8,8.87,628.0,182.0,11.08,279.9,6.7,14,102000.0,9999999
72494,0,1478,16.7,8.87,406.0,271.0,11.08,279.9,7.2,13,102000.0,9999999
72494,0,1479,16.1,8.58,419.0,141.0,11.08,279.09,6.7,14,102000.0,9999999
72494,0,1480,15.6,8.58,183.0,120.0,11.08,278.07,6.7,13,102000.0,9999999
72494,0,1481,15.6,8.87,44.0,40.0,11.08,278.27,5.7,13,102100.0,9999999
72494,0,1482,15.0,8.87,0.0,0.0,11.08,276.41,5.2,12,102100.0,9999999
72494,0,1483,14.4,8.87,0.0,0.0,11.08,274.94,5.7,12,102100.0,9999999
72494,0,1484,13.3,8.87,0.0,0.0,11.08,274.94,4.1,15,102200.0,9999999
72494,0,1485,12.8,8.87,0.0,0.0,11.08,274.94,2.1,16,102200.0,9999999
72494,0,1486,12.8,8.87,0.0,0.0,11.08,274.3,4.1,15,102200.0,9999999
72494,0,1487,12.2,8.87,0.0,0.0,11.08,276.21,3.6,13,102200.0,9999999
72494,0,1488,12.2,8.87,0.0,0.0,11.08,279.49,3.1,14,102200.0,9999999
72494,0,1489,11.7,8.58,0.0,0.0,11.08,280.9,3.1,13,102200.0,9999999
72494,0,1490,11.7,8.58,0.0,0.0,11.08,273.87,3.6,14,102200.0,9999999
72494,0,1491,12.2,8.87,0.0,0.0,11.08,279.49,3.1,14,102100.0,9999999
72494,0,1492,11.7,8.58,0.0,0.0,11.08,280.9,2.6,9,102100.0,9999999
72494,0,1493,11.7,8.58,0.0,0.0,11.08,280.9,0.0,0,102100.0,9999999
72494,0,1494,11.7,8.58,1.0,1.0,11.08,280.9,2.6,7,102100.0,9999999
72494,0,1495,11.7,8.58,33.0,33.0,11.08,280.9,3.1,8,102200.0,9999999
72494,0,1496,12.2,8.87,66.0,66.0,11.08,281.49,0.0,0,102200.0,9999999
72494,0,1497,12.8,9.23,282.0,267.0,11.08,280.3,1.5,2,102200.0,9999999
72494,0,1498,13.9,9.23,388.0,262.0,11.08,279.9,3.1,1,102200.0,9999999
72494,0,1499,14.4,9.23,635.0,271.0,11.08,276.0,3.6,1,102200.0,9999999
72494,0,1500,16.7,9.54,644.0,306.0,11.08,277.45,9.8,13,102100.0,9999999
72494,0,1501,17.2,9.23,598.0,272.0,11.08,278.68,7.7,14,102000.0,9999999
72494,0,1502,18.3,8.24,245.0,216.0,11.08,285.18,8.2,14,102000.0,9999999
72494,0,1503,16.1,9.23,301.0,254.0,11.08,280.9,8.2,14,101900.0,9999999
72494,0,1504,13.9,8.87,105.0,105.0,11.08,281.1,9.8,13,102000.0,9999999
72494,0,1505,13.9,9.23,39.0,39.0,11.08,283.25,6.2,12,102000.0,9999999
72494,0,1506,13.9,8.87,0.0,0.0,11.08,281.1,4.1,14,101900.0,9999999
72494,0,1507,13.9,9.23,0.0,0.0,11.08,278.68,2.1,14,101900.0,9999999
72494,0,1508,13.9,9.23,0.0,0.0,11.08,281.29,3.1,13,102000.0,9999999
72494,0,1509,13.3,9.23,0.0,0.0,11.08,282.67,2.6,16,101900.0,9999999
72494,0,1510,13.9,9.23,0.0,0.0,11.08,283.25,2.6,15,101900.0,9999999
72494,0,1511,13.9,9.23,0.0,0.0,11.08,283.25,3.1,12,101800.0,9999999
72494,0,1512,13.3,9.23,0.0,0.0,11.08,280.7,2.1,12,101800.0,9999999
72494,0,1513,13.9,9.23,0.0,0.0,11.08,279.9,0.0,0,101800.0,9999999
72494,0,1514,12.2,8.58,0.0,0.0,11.08,275.36,2.1,12,101700.0,9999999
72494,0,1515,12.8,8.87,0.0,0.0,11.08,278.68,2.6,12,101700.0,9999999
72494,0,1516,12.2,8.87,0.0,0.0,11.08,281.49,3.6,13,101700.0,9999999
72494,0,1517,12.2,8.58,0.0,0.0,11.08,279.49,2.6,13,101700.0,9999999
72494,0,1518,11.7,8.58,2.0,2.0,11.08,280.9,3.1,15,101700.0,9999999
72494,0,1519,12.2,8.58,56.0,51.0,11.08,279.49,4.6,13,101700.0,9999999
72494,0,1520,12.2,8.24,199.0,176.0,11.08,279.29,5.2,12,101700.0,9999999
72494,0,1521,13.3,8.24,140.0,140.0,11.08,282.28,5.2,12,101700.0,9999999
72494,0,1522,13.3,7.65,181.0,181.0,11.08,282.08,4.1,12,101700.0,9999999
72494,0,1523,13.9,7.34,380.0,276.0,11.08,280.5,5.2,12,101700.0,9999999
72494,0,1524,13.3,7.97,212.0,212.0,11.08,282.08,4.6,12,101600.0,9999999
72494,0,1525,13.3,7.65,457.0,405.0,11.08,280.1,5.7,13,101500.0,9999999
72494,0,1526,13.9,7.09,391.0,229.0,11.08,277.86,6.2,13,101400.0,9999999
72494,0,1527,13.3,7.09,338.0,213.0,11.08,278.27,6.7,12,101400.0,9999999
72494,0,1528,12.8,7.65,188.0,100.0,11.08,275.58,6.2,12,101400.0,9999999
72494,0,1529,12.8,7.34,40.0,38.0,11.08,277.86,6.2,12,101400.0,9999999
72494,0,1530,12.2,7.09,0.0,0.0,11.08,278.68,5.2,12,101400.0,9999999
72494,0,1531,12.2,7.09,0.0,0.0,11.08,280.7,5.2,12,101400.0,9999999
72494,0,1532,11.7,7.34,0.0,0.0,11.08,275.79,4.1,13,101400.0,9999999
72494,0,1533,11.7,7.09,0.0,0.0,11.08,278.27,4.1,13,101400.0,9999999
72494,0,1534,11.7,7.09,0.0,0.0,11.08,278.27,3.1,14,101400.0,9999999
72494,0,1535,10.0,7.09,0.0,0.0,11.08,272.14,2.1,13,101400.0,9999999
72494,0,1536,10.0,6.8,0.0,0.0,11.08,271.48,2.1,12,101300.0,9999999
72494,0,1537,9.4,7.09,0.0,0.0,11.08,270.37,4.1,14,101400.0,9999999
72494,0,1538,9.4,7.09,0.0,0.0,11.08,272.58,2.1,13,101400.0,9999999
72494,0,1539,10.0,7.34,0.0,0.0,11.08,274.09,2.1,12,101300.0,9999999
72494,0,1540,10.0,7.34,0.0,0.0,11.08,273.44,2.6,12,101300.0,9999999
72494,0,1541,10.0,7.34,0.0,0.0,11.08,271.04,2.1,12,101300.0,9999999
72494,0,1542,9.4,7.09,6.0,4.0,11.08,271.04,2.1,10,101400.0,9999999
72494,0,1543,11.1,7.65,112.0,50.0,11.08,272.14,2.1,7,101400.0,9999999
72494,0,1544,12.2,7.65,245.0,148.0,11.08,274.94,2.6,5,101400.0,9999999
72494,0,1545,15.0,7.34,474.0,68.0,11.08,275.79,2.1,8,101400.0,9999999
72494,0,1546,16.1,5.15,625.0,123.0,11.08,276.41,0.0,0,101500.0,9999999
72494,0,1547,16.7,5.38,662.0,202.0,11.08,276.41,2.6,16,101500.0,9999999
72494,0,1548,18.9,6.08,703.0,112.0,11.08,278.07,2.6,3,101400.0,9999999
72494,0,1549,20.0,6.08,705.0,94.0,11.08,277.66,0.0,0,101400.0,9999999
72494,0,1550,19.4,7.34,609.0,85.0,11.08,277.86,3.6,14,101400.0,9999999
72494,0,1551,18.3,6.8,444.0,72.0,11.08,277.86,5.7,14,101400.0,9999999
72494,0,1552,17.2,5.82,252.0,56.0,11.08,276.21,8.2,14,101400.0,9999999
72494,0,1553,15.6,6.08,72.0,28.0,11.08,273.44,6.2,13,101400.0,9999999
72494,0,1554,15.0,5.62,0.0,0.0,11.08,272.8,5.2,13,101500.0,9999999
72494,0,1555,15.0,5.15,0.0,0.0,11.08,272.36,6.7,13,101500.0,9999999
72494,0,1556,13.3,6.3,0.0,0.0,11.08,271.48,4.1,14,101600.0,9999999
72494,0,1557,12.8,7.34,0.0,0.0,11.08,271.48,3.1,13,101600.0,9999999
72494,0,1558,12.2,7.65,0.0,0.0,11.08,271.04,4.6,14,101600.0,9999999
72494,0,1559,11.7,7.65,0.0,0.0,11.08,270.6,4.1,14,101500.0,9999999
72494,0,1560,12.2,7.34,0.0,0.0,11.08,271.04,4.6,14,101500.0,9999999
72494,0,1561,12.2,7.97,0.0,0.0,11.08,271.26,2.6,15,101600.0,9999999
72494,0,1562,10.6,7.34,0.0,0.0,11.08,270.6,2.1,13,101500.0,9999999
72494,0,1563,11.1,7.65,0.0,0.0,11.08,271.26,2.1,14,101500.0,9999999
72494,0,1564,10.0,7.09,0.0,0.0,11.08,268.8,2.1,10,101500.0,9999999
72494,0,1565,10.6,7.09,0.0,0.0,11.08,269.25,1.5,11,101500.0,9999999
72494,0,1566,10.0,6.57,6.0,4.0,11.08,268.57,2.1,9,101500.0,9999999
72494,0,1567,12.2,7.09,126.0,39.0,11.08,270.82,0.0,0,101600.0,9999999
72494,0,1568,14.4,7.65,327.0,62.0,11.08,273.23,2.6,3,101700.0,9999999
72494,0,1569,16.1,8.24,512.0,93.0,11.08,274.94,2.6,2,101600.0,9999999
72494,0,1570,17.8,7.65,654.0,102.0,11.08,276.41,2.1,6,101600.0,9999999
72494,0,1571,20.6,4.75,745.0,117.0,11.08,277.45,1.5,1,101600.0,9999999
72494,0,1572,21.7,3.53,759.0,112.0,11.08,277.66,3.1,16,101500.0,9999999
72494,0,1573,21.7,4.22,693.0,129.0,11.08,278.07,3.1,16,101400.0,9999999
72494,0,1574,18.9,8.87,577.0,114.0,11.08,279.29,8.2,14,101400.0,9999999
72494,0,1575,17.2,8.58,446.0,140.0,11.08,277.45,7.7,14,101400.0,9999999
72494,0,1576,17.2,7.34,240.0,61.0,11.08,277.04,6.2,14,101400.0,9999999
72494,0,1577,13.9,7.34,72.0,34.0,11.08,272.58,7.2,14,101400.0,9999999
72494,0,1578,12.2,6.57,0.0,0.0,11.08,270.6,6.2,14,101500.0,9999999
72494,0,1579,13.3,6.08,0.0,0.0,11.08,271.26,4.1,15,101500.0,9999999
72494,0,1580,10.6,7.34,0.0,0.0,11.08,269.48,4.6,14,101600.0,9999999
72494,0,1581,10.0,7.09,0.0,0.0,11.08,268.8,3.6,14,101600.0,9999999
72494,0,1582,9.4,7.09,0.0,0.0,11.08,268.12,3.1,14,101600.0,9999999
72494,0,1583,10.0,6.3,0.0,0.0,11.08,268.34,4.1,13,101600.0,9999999
72494,0,1584,8.9,7.09,0.0,0.0,11.08,267.66,5.2,14,101600.0,9999999
72494,0,1585,8.9,7.09,0.0,0.0,11.08,267.66,4.6,15,101600.0,9999999
72494,0,1586,8.3,6.8,0.0,0.0,11.08,268.34,3.6,14,101600.0,9999999
72494,0,1587,7.8,6.57,0.0,0.0,11.08,268.57,3.1,14,101600.0,9999999
72494,0,1588,7.8,6.3,0.0,0.0,11.08,269.03,0.0,0,101700.0,9999999
72494,0,1589,7.2,5.82,0.0,0.0,11.08,266.73,1.5,12,101700.0,9999999
72494,0,1590,7.2,6.08,5.0,5.0,11.08,268.34,1.5,14,101700.0,9999999
72494,0,1591,9.4,6.3,93.0,76.0,11.08,269.93,0.0,0,101800.0,9999999
72494,0,1592,10.6,7.34,189.0,150.0,11.08,273.87,1.5,6,101900.0,9999999
72494,0,1593,12.2,7.65,463.0,185.0,11.08,271.04,3.1,3,101900.0,9999999
72494,0,1594,13.3,7.65,612.0,210.0,11.08,272.14,2.6,2,101900.0,9999999
72494,0,1595,15.0,7.34,704.0,228.0,11.08,273.66,3.1,2,101900.0,9999999
72494,0,1596,16.7,8.24,728.0,233.0,11.08,275.58,5.7,15,101800.0,9999999
72494,0,1597,16.7,8.24,682.0,224.0,11.08,275.58,4.1,16,101700.0,9999999
72494,0,1598,16.7,7.97,545.0,198.0,11.08,276.83,7.7,15,101700.0,9999999
72494,0,1599,15.6,7.65,362.0,193.0,11.08,276.62,8.8,14,101700.0,9999999
72494,0,1600,14.4,7.97,196.0,130.0,11.08,276.21,8.8,14,101700.0,9999999
72494,0,1601,12.2,7.65,54.0,51.0,11.08,273.23,5.7,14,101800.0,9999999
72494,0,1602,11.1,7.34,0.0,0.0,11.08,272.8,5.2,14,101800.0,9999999
72494,0,1603,10.6,7.34,0.0,0.0,11.08,270.6,5.7,14,101800.0,9999999
72494,0,1604,10.0,7.09,0.0,0.0,11.08,268.8,3.1,13,101900.0,9999999
72494,0,1605,10.0,7.09,0.0,0.0,11.08,268.8,2.6,14,101900.0,9999999
72494,0,1606,10.0,7.34,0.0,0.0,11.08,272.8,2.6,13,102000.0,9999999
72494,0,1607,10.6,7.09,0.0,0.0,11.08,274.73,2.1,8,101900.0,9999999
72494,0,1608,9.4,6.8,0.0,0.0,11.08,270.15,0.0,0,102000.0,9999999
72494,0,1609,9.4,6.57,0.0,0.0,11.08,270.82,2.1,11,102000.0,9999999
72494,0,1610,9.4,6.8,0.0,0.0,11.08,271.48,0.0,0,101900.0,9999999
72494,0,1611,8.9,6.57,0.0,0.0,11.08,270.82,2.1,11,101900.0,9999999
72494,0,1612,10.0,7.09,0.0,0.0,11.08,271.04,0.0,0,101900.0,9999999
72494,0,1613,9.4,6.8,0.0,0.0,11.08,274.3,2.1,11,101900.0,9999999
72494,0,1614,10.0,7.09,4.0,4.0,11.08,278.48,3.1,12,101900.0,9999999
72494,0,1615,11.1,7.09,58.0,54.0,11.08,277.66,2.6,11,102000.0,9999999
72494,0,1616,12.2,7.09,92.0,92.0,11.08,280.7,2.6,11,102100.0,9999999
72494,0,1617,12.8,7.34,146.0,146.0,11.08,281.49,2.6,9,102100.0,9999999
72494,0,1618,13.9,7.34,360.0,241.0,11.08,277.86,3.6,12,102100.0,9999999
72494,0,1619,15.0,7.65,655.0,315.0,11.08,277.66,3.6,4,102000.0,9999999
72494,0,1620,15.0,7.65,518.0,185.0,11.08,277.66,3.6,4,101900.0,9999999
72494,0,1621,15.6,7.65,538.0,350.0,11.08,278.89,3.1,5,101900.0,9999999
72494,0,1622,15.6,7.65,513.0,224.0,11.08,277.86,7.7,14,101900.0,9999999
72494,0,1623,13.3,7.34,248.0,139.0,11.08,275.36,5.2,12,101900.0,9999999
72494,0,1624,12.8,7.34,229.0,91.0,11.08,273.66,10.3,12,101900.0,9999999
72494,0,1625,12.2,7.34,68.0,48.0,11.08,273.87,3.1,12,101900.0,9999999
72494,0,1626,12.2,7.34,0.0,0.0,11.08,273.23,4.1,11,101900.0,9999999
72494,0,1627,11.7,7.34,0.0,0.0,11.08,273.44,4.1,12,101900.0,9999999
72494,0,1628,11.7,7.34,0.0,0.0,11.08,272.58,3.6,12,102000.0,9999999
72494,0,1629,11.7,6.57,0.0,0.0,11.08,273.01,3.1,12,102000.0,9999999
72494,0,1630,11.1,7.09,0.0,0.0,11.08,271.92,2.1,12,102000.0,9999999
72494,0,1631,11.1,6.8,0.0,0.0,11.08,272.58,2.1,12,102000.0,9999999
72494,0,1632,11.1,6.57,0.0,0.0,11.08,272.36,2.1,7,102000.0,9999999
72494,0,1633,10.6,6.8,0.0,0.0,11.08,271.26,2.6,6,102000.0,9999999
72494,0,1634,9.4,6.08,0.0,0.0,11.08,272.14,1.5,11,101900.0,9999999
72494,0,1635,11.1,6.8,0.0,0.0,11.08,277.45,0.0,0,101900.0,9999999
72494,0,1636,11.7,7.34,0.0,0.0,11.08,278.27,2.6,11,102000.0,9999999
72494,0,1637,11.7,7.65,0.0,0.0,11.08,280.5,2.6,12,102000.0,9999999
72494,0,1638,11.7,7.97,4.0,4.0,11.08,280.7,2.6,11,102000.0,9999999
72494,0,1639,11.7,8.24,33.0,33.0,11.08,280.7,0.0,0,102100.0,9999999
72494,0,1640,12.8,8.58,81.0,81.0,11.08,281.89,1.5,6,102100.0,9999999
72494,0,1641,13.9,8.24,126.0,126.0,11.08,282.87,3.6,4,102100.0,9999999
72494,0,1642,13.9,7.97,191.0,191.0,11.08,282.87,3.1,3,102100.0,9999999
72494,0,1643,15.6,8.87,215.0,215.0,11.08,284.79,5.2,10,102000.0,9999999
72494,0,1644,15.0,8.87,222.0,222.0,11.08,284.22,5.7,11,102000.0,9999999
72494,0,1645,14.4,8.58,209.0,209.0,11.08,283.45,6.2,11,101900.0,9999999
72494,0,1646,14.4,9.23,180.0,180.0,11.08,283.84,6.7,12,101900.0,9999999
72494,0,1647,13.9,8.58,134.0,134.0,11.08,283.06,6.2,12,101900.0,9999999
72494,0,1648,13.3,8.87,65.0,65.0,11.08,282.48,9.3,13,101900.0,9999999
72494,0,1649,12.8,8.24,45.0,44.0,11.08,279.9,6.7,12,101900.0,9999999
72494,0,1650,12.2,7.97,0.0,0.0,11.08,279.09,8.2,14,101900.0,9999999
72494,0,1651,12.2,7.34,0.0,0.0,11.08,280.9,9.8,13,101900.0,9999999
72494,0,1652,11.7,6.8,0.0,0.0,11.08,280.1,8.8,14,102000.0,9999999
72494,0,1653,11.1,6.57,0.0,0.0,11.08,274.94,11.8,14,102000.0,9999999
72494,0,1654,11.1,6.57,0.0,0.0,11.08,272.36,8.8,14,102000.0,9999999
72494,0,1655,10.6,6.57,0.0,0.0,11.08,271.26,7.2,13,102000.0,9999999
72494,0,1656,10.0,6.57,0.0,0.0,11.08,268.57,5.7,13,102000.0,9999999
72494,0,1657,10.0,6.57,0.0,0.0,11.08,268.57,5.2,13,102000.0,9999999
72494,0,1658,9.4,6.57,0.0,0.0,11.08,267.89,4.6,13,102000.0,9999999
72494,0,1659,8.9,6.57,0.0,0.0,11.08,267.43,4.1,14,102000.0,9999999
72494,0,1660,8.3,6.3,0.0,0.0,11.08,268.12,3.1,13,102000.0,9999999
72494,0,1661,8.9,6.57,0.0,0.0,11.08,267.43,2.6,14,102100.0,9999999
72494,0,1662,8.9,6.57,8.0,7.0,11.08,267.43,2.6,14,102100.0,9999999
72494,0,1663,12.2,6.57,105.0,74.0,11.08,270.6,1.5,16,102200.0,9999999
72494,0,1664,13.3,6.57,287.0,136.0,11.08,271.7,2.1,16,102200.0,9999999
72494,0,1665,13.9,7.09,473.0,189.0,11.08,272.36,3.1,1,102200.0,9999999
72494,0,1666,13.9,7.34,623.0,223.0,11.08,272.58,3.1,1,102200.0,9999999
72494,0,1667,16.7,7.09,712.0,242.0,11.08,275.15,4.6,16,102200.0,9999999
72494,0,1668,17.8,7.09,739.0,253.0,11.08,276.21,6.2,13,102200.0,9999999
72494,0,1669,16.7,7.34,642.0,250.0,11.08,275.15,8.8,13,102100.0,9999999
72494,0,1670,16.7,7.34,560.0,246.0,11.08,277.45,8.2,13,102100.0,9999999
72494,0,1671,16.7,6.57,386.0,212.0,11.08,277.86,8.2,12,102100.0,9999999
72494,0,1672,15.6,6.57,209.0,123.0,11.08,275.15,11.3,12,102100.0,9999999
72494,0,1673,14.4,6.8,62.0,55.0,11.08,274.09,9.3,13,102100.0,9999999
72494,0,1674,13.9,7.34,0.0,0.0,11.08,273.87,7.2,13,102100.0,9999999
72494,0,1675,13.3,7.34,0.0,0.0,11.08,273.23,5.2,13,102200.0,9999999
72494,0,1676,13.3,6.57,0.0,0.0,11.08,271.7,4.1,14,102300.0,9999999
72494,0,1677,16.7,4.38,0.0,0.0,11.08,273.44,6.2,16,102300.0,9999999
72494,0,1678,15.0,6.08,0.0,0.0,11.08,273.01,2.1,2,102300.0,9999999
72494,0,1679,15.0,5.82,0.0,0.0,11.08,272.8,2.1,1,102300.0,9999999
72494,0,1680,12.8,4.75,0.0,0.0,11.08,270.15,2.1,15,102400.0,9999999
72494,0,1681,12.8,4.58,0.0,0.0,11.08,269.93,0.0,0,102400.0,9999999
72494,0,1682,16.1,4.03,0.0,0.0,11.08,272.8,7.2,2,102400.0,9999999
72494,0,1683,15.0,4.38,0.0,0.0,11.08,271.92,10.3,4,102400.0,9999999
72494,0,1684,15.0,4.38,0.0,0.0,11.08,271.92,10.3,3,102400.0,9999999
72494,0,1685,14.4,4.75,0.0,0.0,11.08,271.7,8.8,3,102500.0,9999999
72494,0,1686,15.0,3.88,11.0,8.0,11.08,271.48,15.5,3,102500.0,9999999
72494,0,1687,15.6,4.58,148.0,47.0,11.08,272.58,9.8,2,102600.0,9999999
72494,0,1688,16.7,4.97,356.0,72.0,11.08,273.87,5.7,3,102600.0,9999999
72494,0,1689,18.3,5.15,549.0,92.0,11.08,275.58,3.6,3,102700.0,9999999
72494,0,1690,20.0,4.03,697.0,106.0,11.08,276.41,2.1,3,102700.0,9999999
72494,0,1691,21.1,4.38,772.0,124.0,11.08,277.66,3.1,1,102700.0,9999999
72494,0,1692,22.2,4.03,804.0,149.0,11.08,278.48,1.5,16,102600.0,9999999
72494,0,1693,23.3,3.7,743.0,148.0,11.08,280.5,2.6,16,102500.0,9999999
72494,0,1694,23.9,3.4,611.0,153.0,11.08,280.9,2.1,4,102500.0,9999999
72494,0,1695,23.9,3.53,483.0,103.0,11.08,279.7,1.5,5,102500.0,9999999
72494,0,1696,23.3,4.22,279.0,75.0,11.08,279.7,2.1,2,102500.0,9999999
72494,0,1697,21.7,3.7,82.0,38.0,11.08,277.66,1.5,7,102500.0,9999999
72494,0,1698,18.9,5.62,0.0,0.0,11.08,276.41,3.1,14,102500.0,9999999
72494,0,1699,17.2,5.15,0.0,0.0,11.08,274.52,1.5,9,102500.0,9999999
72494,0,1700,16.1,4.58,0.0,0.0,11.08,273.01,1.5,8,102600.0,9999999
72494,0,1701,15.0,4.75,0.0,0.0,11.08,272.14,0.0,0,102600.0,9999999
72494,0,1702,13.3,7.09,0.0,0.0,11.08,271.92,0.0,0,102600.0,9999999
72494,0,1703,12.8,7.97,0.0,0.0,11.08,271.7,1.5,1,102600.0,9999999
72494,0,1704,12.8,6.57,0.0,0.0,11.08,271.04,0.0,0,102600.0,9999999
72494,0,1705,10.6,5.62,0.0,0.0,11.08,268.57,0.0,0,102500.0,9999999
72494,0,1706,10.6,5.82,0.0,0.0,11.08,268.57,1.5,10,102500.0,9999999
72494,0,1707,9.4,5.15,0.0,0.0,11.08,267.2,2.1,11,102400.0,9999999
72494,0,1708,8.3,5.62,0.0,0.0,11.08,266.5,2.6,11,102500.0,9999999
72494,0,1709,8.3,5.62,0.0,0.0,11.08,266.5,2.1,12,102500.0,9999999
72494,0,1710,8.3,5.38,12.0,9.0,11.08,266.27,1.5,13,102600.0,9999999
72494,0,1711,13.9,7.65,150.0,50.0,11.08,272.8,0.0,0,102600.0,9999999
72494,0,1712,15.6,7.97,354.0,83.0,11.08,274.52,1.5,4,102700.0,9999999
72494,0,1713,16.1,7.34,542.0,113.0,11.08,274.73,2.6,2,102700.0,9999999
72494,0,1714,16.7,7.65,663.0,127.0,11.08,276.62,2.6,3,102600.0,9999999
72494,0,1715,18.9,6.57,714.0,204.0,11.08,279.9,3.1,3,102600.0,9999999
72494,0,1716,20.6,6.57,605.0,237.0,11.08,280.9,3.1,4,102500.0,9999999
72494,0,1717,22.8,4.97,673.0,199.0,11.08,283.25,2.6,3,102400.0,9999999
72494,0,1718,22.8,6.3,653.0,177.0,11.08,280.5,3.1,3,102300.0,9999999
72494,0,1719,23.9,4.22,479.0,146.0,11.08,280.3,5.7,14,102300.0,9999999
72494,0,1720,22.8,3.88,275.0,104.0,11.08,278.89,6.7,14,102200.0,9999999
72494,0,1721,20.0,4.75,77.0,52.0,11.08,279.9,5.7,13,102200.0,9999999
72494,0,1722,16.7,5.15,1.0,1.0,11.08,275.36,7.2,14,102200.0,9999999
72494,0,1723,16.1,5.38,0.0,0.0,11.08,273.66,6.7,14,102200.0,9999999
72494,0,1724,15.0,6.08,0.0,0.0,11.08,273.01,5.2,15,102200.0,9999999
72494,0,1725,14.4,5.62,0.0,0.0,11.08,272.14,4.6,14,102200.0,9999999
72494,0,1726,13.3,5.38,0.0,0.0,11.08,273.23,4.6,14,102200.0,9999999
72494,0,1727,12.2,7.34,0.0,0.0,11.08,272.14,3.1,13,102200.0,9999999
72494,0,1728,11.7,7.09,0.0,0.0,11.08,271.7,2.1,12,102100.0,9999999
72494,0,1729,11.1,5.82,0.0,0.0,11.08,270.37,0.0,0,102100.0,9999999
72494,0,1730,10.0,4.38,0.0,0.0,11.08,268.57,3.6,14,102000.0,9999999
72494,0,1731,10.0,7.65,0.0,0.0,11.08,270.37,5.2,14,102000.0,9999999
72494,0,1732,8.9,7.09,0.0,0.0,11.08,269.03,4.1,14,101900.0,9999999
72494,0,1733,7.8,6.3,0.0,0.0,11.08,267.43,2.6,12,101900.0,9999999
72494,0,1734,8.9,5.38,12.0,12.0,11.08,268.12,2.1,10,101900.0,9999999
72494,0,1735,11.1,7.09,128.0,80.0,11.08,271.04,2.6,14,101900.0,9999999
72494,0,1736,13.9,7.97,313.0,135.0,11.08,274.09,2.6,15,102000.0,9999999
72494,0,1737,15.6,8.24,488.0,199.0,11.08,275.79,3.1,1,101900.0,9999999
72494,0,1738,16.1,8.24,632.0,211.0,11.08,276.41,3.1,2,101900.0,9999999
72494,0,1739,17.2,8.58,716.0,206.0,11.08,277.45,3.6,1,101800.0,9999999
72494,0,1740,18.3,7.97,546.0,333.0,11.08,279.9,2.6,2,101700.0,9999999
72494,0,1741,20.6,7.65,672.0,262.0,11.08,281.29,3.1,16,101600.0,9999999
72494,0,1742,22.2,5.38,583.0,345.0,11.08,283.45,6.2,14,101600.0,9999999
72494,0,1743,18.9,4.22,450.0,204.0,11.08,277.66,6.7,13,101600.0,9999999
72494,0,1744,17.8,4.97,209.0,138.0,11.08,277.86,7.2,14,101600.0,9999999
72494,0,1745,14.4,5.15,69.0,66.0,11.08,276.41,6.2,13,101600.0,9999999
72494,0,1746,13.9,4.22,1.0,1.0,11.08,274.73,5.2,13,101600.0,9999999
72494,0,1747,13.3,4.38,0.0,0.0,11.08,272.58,2.6,12,101600.0,9999999
72494,0,1748,12.8,5.38,0.0,0.0,11.08,273.44,4.1,15,101700.0,9999999
72494,0,1749,11.1,5.38,0.0,0.0,11.08,271.04,3.1,13,101700.0,9999999
72494,0,1750,11.1,5.38,0.0,0.0,11.08,271.7,3.1,11,101700.0,9999999
72494,0,1751,10.6,5.82,0.0,0.0,11.08,270.82,2.6,11,101700.0,9999999
72494,0,1752,9.4,5.62,0.0,0.0,11.08,271.92,2.1,13,101700.0,9999999
72494,0,1753,9.4,4.75,0.0,0.0,11.08,271.48,2.1,8,101700.0,9999999
72494,0,1754,8.3,4.58,0.0,0.0,11.08,270.15,3.1,14,101600.0,9999999
72494,0,1755,10.0,6.3,0.0,0.0,11.08,272.8,2.1,14,101600.0,9999999
72494,0,1756,10.0,7.09,0.0,0.0,11.08,273.23,4.6,14,101600.0,9999999
72494,0,1757,9.4,7.34,0.0,0.0,11.08,272.8,5.2,14,101600.0,9999999
72494,0,1758,9.4,7.09,20.0,19.0,11.08,272.58,3.1,14,101700.0,9999999
72494,0,1759,11.1,7.65,108.0,80.0,11.08,273.87,3.1,14,101700.0,9999999
72494,0,1760,12.8,7.09,333.0,131.0,11.08,273.66,2.6,8,101700.0,9999999
72494,0,1761,13.9,6.3,503.0,117.0,11.08,274.94,1.5,5,101700.0,9999999
72494,0,1762,15.6,7.09,646.0,183.0,11.08,276.21,3.1,1,101700.0,9999999
72494,0,1763,16.1,7.65,722.0,268.0,11.08,277.66,5.2,13,101700.0,9999999
72494,0,1764,16.1,7.97,488.0,260.0,11.08,278.48,6.7,13,101700.0,9999999
72494,0,1765,17.2,6.8,538.0,428.0,11.08,280.1,5.2,11,101600.0,9999999
72494,0,1766,17.2,5.62,351.0,186.0,11.08,280.3,6.2,11,101600.0,9999999
72494,0,1767,16.7,7.34,263.0,172.0,11.08,281.69,4.6,13,101500.0,9999999
72494,0,1768,16.1,7.34,250.0,179.0,11.08,279.29,6.2,14,101500.0,9999999
72494,0,1769,14.4,7.34,53.0,49.0,11.08,277.66,4.6,12,101500.0,9999999
72494,0,1770,14.4,7.34,1.0,1.0,11.08,277.66,3.1,15,101600.0,9999999
72494,0,1771,13.3,7.34,0.0,0.0,11.08,276.62,2.1,12,101600.0,9999999
72494,0,1772,13.3,7.65,0.0,0.0,11.08,277.45,2.6,8,101600.0,9999999
72494,0,1773,12.8,7.34,0.0,0.0,11.08,275.36,2.6,6,101600.0,9999999
72494,0,1774,12.8,7.65,0.0,0.0,11.08,276.21,2.6,5,101600.0,9999999
72494,0,1775,13.3,7.65,0.0,0.0,11.08,280.1,2.1,7,101600.0,9999999
72494,0,1776,13.3,7.97,0.0,0.0,11.08,280.3,0.0,0,101600.0,9999999
72494,0,1777,13.9,7.97,0.0,0.0,11.08,282.87,4.1,10,101500.0,9999999
72494,0,1778,13.3,8.24,0.0,0.0,11.08,282.28,5.7,10,101500.0,9999999
72494,0,1779,13.3,8.58,0.0,0.0,11.08,282.48,5.2,10,101500.0,9999999
72494,0,1780,13.3,7.97,0.0,0.0,11.08,282.08,5.2,10,101600.0,9999999
72494,0,1781,12.8,7.65,0.0,0.0,11.08,277.04,6.2,10,101600.0,9999999
72494,0,1782,12.8,8.24,13.0,13.0,11.08,279.9,4.6,10,101600.0,9999999
72494,0,1783,12.8,8.58,86.0,78.0,11.08,279.9,5.2,12,101700.0,9999999
72494,0,1784,12.8,8.24,204.0,186.0,11.08,279.9,5.7,14,101800.0,9999999
72494,0,1785,13.3,7.97,133.0,133.0,11.08,280.3,4.6,13,101800.0,9999999
72494,0,1786,13.9,7.09,439.0,310.0,11.08,280.5,5.2,13,101900.0,9999999
72494,0,1787,13.9,7.09,453.0,319.0,11.08,280.5,5.2,14,101900.0,9999999
72494,0,1788,13.9,7.34,359.0,313.0,11.08,280.5,5.7,14,101900.0,9999999
72494,0,1789,13.9,7.09,505.0,276.0,11.08,277.86,5.7,12,101900.0,9999999
72494,0,1790,13.9,6.8,535.0,276.0,11.08,275.79,4.1,12,101800.0,9999999
72494,0,1791,14.4,6.3,284.0,138.0,11.08,276.0,6.7,13,101800.0,9999999
72494,0,1792,13.3,6.57,225.0,112.0,11.08,274.52,8.2,13,101800.0,9999999
72494,0,1793,12.2,6.57,80.0,62.0,11.08,272.8,7.2,13,101800.0,9999999
72494,0,1794,11.7,6.3,1.0,1.0,11.08,271.26,6.7,13,101800.0,9999999
72494,0,1795,10.6,6.3,0.0,0.0,11.08,270.15,6.7,13,101900.0,9999999
72494,0,1796,10.6,6.3,0.0,0.0,11.08,269.03,6.2,13,101900.0,9999999
72494,0,1797,10.6,6.3,0.0,0.0,11.08,269.03,5.7,13,101900.0,9999999
72494,0,1798,10.6,6.08,0.0,0.0,11.08,268.8,4.1,14,101900.0,9999999
72494,0,1799,10.0,6.57,0.0,0.0,11.08,268.57,4.6,13,101900.0,9999999
72494,0,1800,10.0,6.57,0.0,0.0,11.08,269.7,4.6,13,101800.0,9999999
72494,0,1801,9.4,6.08,0.0,0.0,11.08,269.03,2.1,14,101800.0,9999999
72494,0,1802,8.9,6.08,0.0,0.0,11.08,269.48,1.5,11,101800.0,9999999
72494,0,1803,8.3,6.08,0.0,0.0,11.08,267.89,0.0,0,101700.0,9999999
72494,0,1804,6.7,5.62,0.0,0.0,11.08,264.85,3.1,13,101800.0,9999999
72494,0,1805,6.7,5.62,0.0,0.0,11.08,264.85,2.6,14,101800.0,9999999
72494,0,1806,7.2,6.08,16.0,15.0,11.08,265.56,1.5,12,101700.0,9999999
72494,0,1807,10.6,6.57,152.0,93.0,11.08,269.03,1.5,8,101800.0,9999999
72494,0,1808,12.8,6.57,339.0,150.0,11.08,271.04,0.0,0,101800.0,9999999
72494,0,1809,13.3,6.57,531.0,216.0,11.08,271.7,2.1,3,101800.0,9999999
72494,0,1810,13.9,6.08,636.0,235.0,11.08,271.92,2.6,2,101700.0,9999999
72494,0,1811,14.4,6.57,773.0,209.0,11.08,272.58,3.6,3,101600.0,9999999
72494,0,1812,16.1,5.15,743.0,213.0,11.08,274.73,2.1,4,101500.0,9999999
72494,0,1813,16.7,5.15,695.0,228.0,11.08,275.36,2.6,2,101400.0,9999999
72494,0,1814,17.8,5.62,585.0,217.0,11.08,277.66,0.0,0,101400.0,9999999
72494,0,1815,14.4,6.8,242.0,185.0,11.08,279.29,8.2,14,101300.0,9999999
72494,0,1816,13.9,6.3,107.0,93.0,11.08,280.1,8.8,13,101300.0,9999999
72494,0,1817,12.8,6.3,53.0,50.0,11.08,277.45,8.2,13,101300.0,9999999
72494,0,1818,11.7,6.57,2.0,2.0,11.08,272.36,7.7,13,101200.0,9999999
72494,0,1819,11.7,7.09,0.0,0.0,11.08,273.87,7.2,13,101300.0,9999999
72494,0,1820,11.1,7.09,0.0,0.0,11.08,275.15,6.2,13,101300.0,9999999
72494,0,1821,11.1,7.09,0.0,0.0,11.08,272.58,4.6,13,101300.0,9999999
72494,0,1822,11.1,7.09,0.0,0.0,11.08,271.92,4.6,13,101300.0,9999999
72494,0,1823,11.1,7.09,0.0,0.0,11.08,273.23,2.6,11,101200.0,9999999
72494,0,1824,11.1,7.09,0.0,0.0,11.08,277.66,2.1,9,101100.0,9999999
72494,0,1825,10.6,6.8,0.0,0.0,11.08,274.52,1.5,11,101200.0,9999999
72494,0,1826,11.1,7.09,0.0,0.0,11.08,277.66,0.0,0,101100.0,9999999
72494,0,1827,11.1,7.09,0.0,0.0,11.08,277.66,2.6,11,101100.0,9999999
72494,0,1828,10.6,6.8,0.0,0.0,11.08,275.58,1.5,12,101100.0,9999999
72494,0,1829,10.6,7.09,0.0,0.0,11.08,274.73,4.6,11,101100.0,9999999
72494,0,1830,11.1,7.09,16.0,15.0,11.08,273.66,4.1,13,101200.0,9999999
72494,0,1831,12.2,7.09,135.0,119.0,11.08,276.21,5.2,13,101200.0,9999999
72494,0,1832,13.3,7.09,207.0,180.0,11.08,279.9,5.2,13,101200.0,9999999
72494,0,1833,12.8,7.34,399.0,288.0,11.08,279.49,5.2,14,101300.0,9999999
72494,0,1834,13.9,7.09,322.0,201.0,11.08,278.89,4.6,12,101300.0,9999999
72494,0,1835,14.4,7.09,486.0,217.0,11.08,278.27,5.7,13,101300.0,9999999
72494,0,1836,13.9,6.8,388.0,307.0,11.08,278.68,5.2,13,101200.0,9999999
72494,0,1837,15.6,7.34,546.0,284.0,11.08,279.49,6.2,14,101200.0,9999999
72494,0,1838,16.1,7.34,497.0,135.0,11.08,277.66,5.7,13,101200.0,9999999
72494,0,1839,15.0,7.09,461.0,122.0,11.08,274.73,6.2,13,101100.0,9999999
72494,0,1840,13.9,7.09,305.0,111.0,11.08,275.79,7.2,12,101100.0,9999999
72494,0,1841,12.8,7.09,96.0,57.0,11.08,273.66,5.7,13,101100.0,9999999
72494,0,1842,11.7,6.8,2.0,1.0,11.08,270.15,4.6,12,101100.0,9999999
72494,0,1843,11.1,7.09,0.0,0.0,11.08,271.92,3.6,12,101100.0,9999999
72494,0,1844,11.7,7.34,0.0,0.0,11.08,276.83,3.6,12,101200.0,9999999
72494,0,1845,12.2,7.34,0.0,0.0,11.08,275.58,4.1,12,101200.0,9999999
72494,0,1846,11.7,7.34,0.0,0.0,11.08,276.83,5.2,13,101200.0,9999999
72494,0,1847,11.1,7.09,0.0,0.0,11.08,275.15,3.6,12,101200.0,9999999
72494,0,1848,10.6,7.09,0.0,0.0,11.08,271.48,7.2,12,101200.0,9999999
72494,0,1849,9.4,6.57,0.0,0.0,11.08,274.3,3.1,14,101200.0,9999999
72494,0,1850,10.0,6.3,0.0,0.0,11.08,272.36,5.2,13,101200.0,9999999
72494,0,1851,10.0,6.3,0.0,0.0,11.08,276.21,5.7,13,101200.0,9999999
72494,0,1852,8.9,5.15,0.0,0.0,11.08,271.92,4.1,13,101200.0,9999999
72494,0,1853,8.3,4.97,0.0,0.0,11.08,268.8,5.2,14,101200.0,9999999
72494,0,1854,8.3,4.38,20.0,15.0,11.08,267.66,8.8,14,101200.0,9999999
72494,0,1855,10.0,4.22,173.0,63.0,11.08,267.2,9.3,14,101200.0,9999999
72494,0,1856,10.6,4.38,380.0,88.0,11.08,267.89,10.8,14,101200.0,9999999
72494,0,1857,11.7,4.58,573.0,108.0,11.08,269.03,7.2,14,101200.0,9999999
72494,0,1858,12.8,4.58,689.0,120.0,11.08,271.26,3.1,2,101200.0,9999999
72494,0,1859,13.9,4.97,644.0,196.0,11.08,274.09,3.1,3,101200.0,9999999
72494,0,1860,14.4,4.97,775.0,129.0,11.08,273.01,2.1,2,101200.0,9999999
72494,0,1861,15.6,5.38,713.0,132.0,11.08,274.52,5.7,14,101100.0,9999999
72494,0,1862,15.0,5.62,664.0,118.0,11.08,272.8,8.2,14,101100.0,9999999
72494,0,1863,13.9,5.62,499.0,100.0,11.08,271.7,7.7,13,101200.0,9999999
72494,0,1864,13.3,5.15,296.0,74.0,11.08,270.82,9.3,13,101200.0,9999999
72494,0,1865,12.2,5.62,98.0,44.0,11.08,270.15,8.2,13,101200.0,9999999
72494,0,1866,11.7,5.82,2.0,1.0,11.08,269.7,8.8,13,101200.0,9999999
72494,0,1867,11.1,6.08,0.0,0.0,11.08,269.25,6.7,14,101300.0,9999999
72494,0,1868,10.6,6.08,0.0,0.0,11.08,268.8,5.2,13,101300.0,9999999
72494,0,1869,10.6,6.3,0.0,0.0,11.08,269.03,5.2,13,101400.0,9999999
72494,0,1870,10.6,6.8,0.0,0.0,11.08,269.25,5.2,14,101400.0,9999999
72494,0,1871,10.0,6.8,0.0,0.0,11.08,268.57,4.6,14,101400.0,9999999
72494,0,1872,9.4,6.57,0.0,0.0,11.08,267.89,3.6,13,101500.0,9999999
72494,0,1873,9.4,6.57,0.0,0.0,11.08,267.89,3.1,13,101500.0,9999999
72494,0,1874,8.9,6.57,0.0,0.0,11.08,267.43,2.6,10,101500.0,9999999
72494,0,1875,7.8,5.82,0.0,0.0,11.08,266.03,2.6,12,101600.0,9999999
72494,0,1876,7.2,5.82,0.0,0.0,11.08,265.56,3.1,14,101600.0,9999999
72494,0,1877,7.8,6.08,0.0,0.0,11.08,266.27,1.5,8,101700.0,9999999
72494,0,1878,7.8,6.3,26.0,15.0,11.08,266.27,0.0,0,101700.0,9999999
72494,0,1879,11.1,6.3,190.0,49.0,11.08,269.48,0.0,0,101800.0,9999999
72494,0,1880,13.3,6.57,400.0,72.0,11.08,271.7,1.5,1,101900.0,9999999
72494,0,1881,14.4,6.8,590.0,90.0,11.08,272.8,5.2,13,101900.0,9999999
72494,0,1882,14.4,6.57,734.0,102.0,11.08,272.58,7.7,14,102000.0,9999999
72494,0,1883,15.0,6.8,819.0,109.0,11.08,273.44,7.7,13,101900.0,9999999
72494,0,1884,15.6,6.8,839.0,110.0,11.08,273.87,10.3,14,101900.0,9999999
72494,0,1885,15.0,6.8,785.0,111.0,11.08,273.44,8.2,14,101900.0,9999999
72494,0,1886,14.4,6.57,669.0,101.0,11.08,272.58,8.8,12,101900.0,9999999
72494,0,1887,13.3,6.3,514.0,83.0,11.08,271.48,10.8,13,101900.0,9999999
72494,0,1888,12.8,6.3,312.0,62.0,11.08,271.04,11.3,12,102000.0,9999999
72494,0,1889,11.7,6.3,108.0,38.0,11.08,269.93,10.8,12,101900.0,9999999
72494,0,1890,11.1,6.08,3.0,2.0,11.08,269.25,4.6,13,102000.0,9999999
72494,0,1891,10.6,6.08,0.0,0.0,11.08,268.8,4.1,13,102100.0,9999999
72494,0,1892,10.6,6.3,0.0,0.0,11.08,269.03,5.2,12,102100.0,9999999
72494,0,1893,10.6,6.57,0.0,0.0,11.08,271.26,5.2,12,102100.0,9999999
72494,0,1894,10.6,6.57,0.0,0.0,11.08,272.36,3.6,12,102200.0,9999999
72494,0,1895,10.6,6.3,0.0,0.0,11.08,272.36,3.1,12,102200.0,9999999
72494,0,1896,10.6,7.34,0.0,0.0,11.08,273.87,3.1,13,102200.0,9999999
72494,0,1897,11.1,7.09,0.0,0.0,11.08,274.3,3.6,12,102200.0,9999999
72494,0,1898,10.6,7.09,0.0,0.0,11.08,274.73,3.1,13,102100.0,9999999
72494,0,1899,11.1,7.09,0.0,0.0,11.08,276.21,3.1,13,102100.0,9999999
72494,0,1900,10.0,6.8,0.0,0.0,11.08,270.82,3.1,12,102100.0,9999999
72494,0,1901,10.0,7.09,0.0,0.0,11.08,276.62,2.1,11,102100.0,9999999
72494,0,1902,11.1,7.34,14.0,14.0,11.08,279.7,2.6,12,102200.0,9999999
72494,0,1903,12.8,7.65,56.0,56.0,11.08,281.49,2.6,12,102100.0,9999999
72494,0,1904,12.2,7.97,104.0,104.0,11.08,281.1,6.2,13,102200.0,9999999
72494,0,1905,14.4,7.34,386.0,255.0,11.08,279.49,6.2,14,102200.0,9999999
72494,0,1906,14.4,6.57,377.0,325.0,11.08,280.7,6.2,14,102200.0,9999999
72494,0,1907,15.6,5.82,718.0,229.0,11.08,276.41,6.2,12,102100.0,9999999
72494,0,1908,15.6,5.15,742.0,241.0,11.08,275.15,10.3,14,102000.0,9999999
72494,0,1909,15.0,5.15,692.0,254.0,11.08,275.36,7.7,14,101900.0,9999999
72494,0,1910,13.9,4.38,613.0,222.0,11.08,273.01,6.7,13,101800.0,9999999
72494,0,1911,13.3,5.38,418.0,147.0,11.08,273.87,10.3,13,101800.0,9999999
72494,0,1912,11.7,5.62,182.0,94.0,11.08,273.44,10.8,13,101800.0,9999999
72494,0,1913,11.1,5.82,59.0,51.0,11.08,275.58,9.8,13,101800.0,9999999
72494,0,1914,10.6,5.62,3.0,3.0,11.08,273.01,7.7,14,101700.0,9999999
72494,0,1915,10.0,5.15,0.0,0.0,11.08,272.14,9.3,13,101700.0,9999999
72494,0,1916,10.0,4.97,0.0,0.0,11.08,272.14,10.3,13,101700.0,9999999
72494,0,1917,10.0,4.75,0.0,0.0,11.08,273.87,11.3,14,101700.0,9999999
72494,0,1918,9.4,4.03,0.0,0.0,11.08,266.5,10.8,14,101700.0,9999999
72494,0,1919,8.9,4.58,0.0,0.0,11.08,269.25,7.2,14,101700.0,9999999
72494,0,1920,8.9,4.22,0.0,0.0,11.08,270.6,6.7,14,101600.0,9999999
72494,0,1921,8.3,4.03,0.0,0.0,11.08,270.6,6.2,14,101600.0,9999999
72494,0,1922,8.3,4.03,0.0,0.0,11.08,271.7,6.2,14,101500.0,9999999
72494,0,1923,8.9,4.22,0.0,0.0,11.08,273.87,6.7,14,101500.0,9999999
72494,0,1924,8.3,4.38,0.0,0.0,11.08,270.15,6.2,14,101500.0,9999999
72494,0,1925,8.3,4.38,0.0,0.0,11.08,270.15,4.1,16,101500.0,9999999
72494,0,1926,6.7,4.97,29.0,21.0,11.08,267.2,4.1,12,101600.0,9999999
72494,0,1927,9.4,4.97,143.0,115.0,11.08,270.82,6.2,14,101600.0,9999999
72494,0,1928,7.2,5.62,268.0,229.0,11.08,273.01,7.2,14,101700.0,9999999
72494,0,1929,9.4,5.15,469.0,301.0,11.08,272.36,5.2,12,101700.0,9999999
72494,0,1930,10.6,5.15,515.0,279.0,11.08,272.8,7.2,14,101700.0,9999999
72494,0,1931,11.1,5.15,407.0,332.0,11.08,276.62,9.3,13,101700.0,9999999
72494,0,1932,11.1,4.75,633.0,111.0,11.08,269.7,9.8,13,101700.0,9999999
72494,0,1933,11.1,4.38,717.0,179.0,11.08,270.37,10.3,13,101700.0,9999999
72494,0,1934,11.1,4.58,410.0,160.0,11.08,272.36,10.3,13,101700.0,9999999
72494,0,1935,10.6,3.7,511.0,130.0,11.08,269.48,9.3,12,101700.0,9999999
72494,0,1936,10.0,4.22,280.0,99.0,11.08,269.93,8.2,14,101700.0,9999999
72494,0,1937,9.4,4.03,101.0,54.0,11.08,268.57,8.2,14,101800.0,9999999
72494,0,1938,8.9,4.03,4.0,3.0,11.08,268.8,7.2,14,101800.0,9999999
72494,0,1939,8.9,4.22,0.0,0.0,11.08,268.12,5.2,13,101800.0,9999999
72494,0,1940,8.3,4.38,0.0,0.0,11.08,269.03,5.7,13,101900.0,9999999
72494,0,1941,8.3,4.38,0.0,0.0,11.08,269.03,2.6,15,101900.0,9999999
72494,0,1942,6.7,4.58,0.0,0.0,11.08,266.96,3.1,11,101800.0,9999999
72494,0,1943,7.2,4.75,0.0,0.0,11.08,266.96,0.0,0,101800.0,9999999
72494,0,1944,6.7,4.75,0.0,0.0,11.08,266.5,2.6,10,101700.0,9999999
72494,0,1945,5.0,4.58,0.0,0.0,11.08,265.33,2.1,9,101600.0,9999999
72494,0,1946,6.1,4.58,0.0,0.0,11.08,265.8,0.0,0,101600.0,9999999
72494,0,1947,5.0,4.58,0.0,0.0,11.08,265.33,1.5,10,101500.0,9999999
72494,0,1948,4.4,4.58,0.0,0.0,11.08,264.14,2.1,11,101500.0,9999999
72494,0,1949,4.4,4.75,0.0,0.0,11.08,266.5,3.1,7,101500.0,9999999
72494,0,1950,5.6,4.75,24.0,24.0,11.08,271.04,2.6,7,101500.0,9999999
72494,0,1951,7.8,4.75,66.0,66.0,11.08,275.15,3.1,7,101500.0,9999999
72494,0,1952,10.0,4.75,136.0,136.0,11.08,277.25,4.1,6,101400.0,9999999
72494,0,1953,10.6,4.97,204.0,204.0,11.08,277.86,6.2,5,101400.0,9999999
72494,0,1954,11.7,5.15,255.0,255.0,11.08,279.09,6.7,5,101400.0,9999999
72494,0,1955,12.8,5.15,284.0,284.0,11.08,280.3,4.1,7,101300.0,9999999
72494,0,1956,13.9,4.58,658.0,391.0,11.08,276.41,6.2,10,101200.0,9999999
72494,0,1957,13.3,4.75,458.0,249.0,11.08,277.04,7.7,9,101100.0,9999999
72494,0,1958,13.3,4.75,234.0,234.0,11.08,280.5,7.2,10,101100.0,9999999
72494,0,1959,13.3,5.15,226.0,180.0,11.08,278.68,7.7,9,101000.0,9999999
72494,0,1960,12.8,5.15,105.0,88.0,11.08,278.27,6.7,9,100900.0,9999999
72494,0,1961,12.2,5.38,52.0,50.0,11.08,277.86,7.2,9,100900.0,9999999
72494,0,1962,11.7,5.38,5.0,5.0,11.08,277.25,4.1,7,100900.0,9999999
72494,0,1963,11.1,5.38,0.0,0.0,11.08,276.83,7.2,7,100800.0,9999999
72494,0,1964,11.1,5.62,0.0,0.0,11.08,274.3,8.2,6,100800.0,9999999
72494,0,1965,11.1,5.82,0.0,0.0,11.08,275.58,7.2,6,100800.0,9999999
72494,0,1966,11.1,5.82,0.0,0.0,11.08,274.52,8.2,6,100700.0,9999999
72494,0,1967,11.7,5.15,0.0,0.0,11.08,275.79,9.3,6,100600.0,9999999
72494,0,1968,11.7,4.97,0.0,0.0,11.08,279.09,9.8,6,100600.0,9999999
72494,0,1969,10.6,5.15,0.0,0.0,11.08,278.07,7.7,6,100500.0,9999999
72494,0,1970,10.6,4.75,0.0,0.0,11.08,275.79,8.8,6,100400.0,9999999
72494,0,1971,10.0,4.38,0.0,0.0,11.08,272.58,8.8,6,100400.0,9999999
72494,0,1972,10.0,4.58,0.0,0.0,11.08,270.15,6.2,6,100400.0,9999999
72494,0,1973,10.0,4.75,0.0,0.0,11.08,271.92,8.2,6,100300.0,9999999
72494,0,1974,10.6,5.15,23.0,23.0,11.08,274.73,8.2,6,100400.0,9999999
72494,0,1975,11.1,5.62,82.0,77.0,11.08,276.83,8.2,5,100400.0,9999999
72494,0,1976,12.2,5.62,277.0,251.0,11.08,278.07,9.3,5,100300.0,9999999
72494,0,1977,12.8,4.97,268.0,244.0,11.08,278.07,13.4,6,100300.0,9999999
72494,0,1978,13.3,5.38,254.0,254.0,11.08,280.9,11.3,5,100300.0,9999999
72494,0,1979,13.9,5.15,284.0,284.0,11.08,281.29,10.3,5,100300.0,9999999
72494,0,1980,13.9,5.38,232.0,232.0,11.08,281.49,10.8,6,100300.0,9999999
72494,0,1981,13.3,6.08,218.0,218.0,11.08,281.29,11.3,6,100300.0,9999999
72494,0,1982,12.2,7.09,233.0,233.0,11.08,280.7,7.2,6,100300.0,9999999
72494,0,1983,11.1,7.09,138.0,138.0,11.08,279.7,6.2,7,100400.0,9999999
72494,0,1984,10.6,6.8,81.0,81.0,11.08,278.89,5.2,8,100400.0,9999999
72494,0,1985,10.0,6.8,44.0,44.0,11.08,278.48,8.2,6,100400.0,9999999
72494,0,1986,10.0,6.57,2.0,2.0,11.08,278.27,6.2,6,100500.0,9999999
72494,0,1987,9.4,6.3,0.0,0.0,11.08,277.45,4.6,6,100600.0,9999999
72494,0,1988,8.9,6.57,0.0,0.0,11.08,277.25,2.1,8,100600.0,9999999
72494,0,1989,8.3,6.57,0.0,0.0,11.08,276.62,5.7,7,100700.0,9999999
72494,0,1990,8.3,6.57,0.0,0.0,11.08,276.62,3.6,5,100800.0,9999999
72494,0,1991,8.3,6.57,0.0,0.0,11.08,276.62,2.1,7,100800.0,9999999
72494,0,1992,8.3,6.57,0.0,0.0,11.08,276.62,0.0,0,100900.0,9999999
72494,0,1993,8.3,6.3,0.0,0.0,11.08,276.41,1.5,8,100900.0,9999999
72494,0,1994,7.8,6.57,0.0,0.0,11.08,276.21,0.0,0,100900.0,9999999
72494,0,1995,7.8,6.57,0.0,0.0,11.08,276.21,0.0,0,100900.0,9999999
72494,0,1996,7.8,6.3,0.0,0.0,11.08,271.48,1.5,9,101000.0,9999999
72494,0,1997,7.2,6.08,0.0,0.0,11.08,271.92,2.6,6,101000.0,9999999
72494,0,1998,7.2,6.08,34.0,32.0,11.08,269.48,2.1,6,101100.0,9999999
72494,0,1999,8.9,6.3,174.0,110.0,11.08,270.6,2.6,6,101200.0,9999999
72494,0,2000,9.4,5.82,265.0,127.0,11.08,270.82,3.1,6,101200.0,9999999
72494,0,2001,11.1,6.08,524.0,218.0,11.08,272.8,2.1,7,101300.0,9999999
72494,0,2002,12.8,6.3,588.0,349.0,11.08,274.52,2.6,4,101300.0,9999999
72494,0,2003,12.8,5.62,660.0,304.0,11.08,274.09,2.6,2,101300.0,9999999
72494,0,2004,13.9,5.82,791.0,291.0,11.08,275.79,3.1,1,101200.0,9999999
72494,0,2005,13.9,5.15,379.0,320.0,11.08,277.86,2.1,16,101200.0,9999999
72494,0,2006,13.9,6.08,337.0,241.0,11.08,279.9,5.2,12,101200.0,9999999
72494,0,2007,13.3,5.82,397.0,314.0,11.08,277.66,6.2,12,101200.0,9999999
72494,0,2008,12.8,6.08,292.0,109.0,11.08,273.01,6.7,12,101200.0,9999999
72494,0,2009,11.7,6.08,96.0,49.0,11.08,272.8,7.7,12,101200.0,9999999
72494,0,2010,10.6,6.57,4.0,3.0,11.08,271.26,6.7,12,101300.0,9999999
72494,0,2011,10.6,6.57,0.0,0.0,11.08,271.92,6.2,12,101300.0,9999999
72494,0,2012,10.6,7.09,0.0,0.0,11.08,274.73,4.1,11,101400.0,9999999
72494,0,2013,10.6,7.09,0.0,0.0,11.08,273.87,3.6,12,101400.0,9999999
72494,0,2014,10.6,7.09,0.0,0.0,11.08,270.6,5.2,12,101400.0,9999999
72494,0,2015,10.6,7.09,0.0,0.0,11.08,269.25,4.6,12,101500.0,9999999
72494,0,2016,10.6,7.34,0.0,0.0,11.08,275.79,4.6,13,101500.0,9999999
72494,0,2017,11.1,7.09,0.0,0.0,11.08,277.66,6.7,13,101500.0,9999999
72494,0,2018,11.1,7.09,0.0,0.0,11.08,279.7,5.7,14,101500.0,9999999
72494,0,2019,11.1,7.09,0.0,0.0,11.08,277.66,5.7,13,101500.0,9999999
72494,0,2020,10.6,7.09,0.0,0.0,11.08,275.79,3.1,14,101600.0,9999999
72494,0,2021,11.1,7.09,0.0,0.0,11.08,274.3,2.1,14,101600.0,9999999
72494,0,2022,11.1,7.34,27.0,27.0,11.08,276.41,2.1,10,101700.0,9999999
72494,0,2023,11.7,7.34,161.0,146.0,11.08,278.27,2.6,11,101800.0,9999999
72494,0,2024,13.3,7.34,330.0,162.0,11.08,275.36,1.5,15,101800.0,9999999
72494,0,2025,15.0,7.34,492.0,206.0,11.08,274.94,3.1,5,101900.0,9999999
72494,0,2026,15.0,7.65,706.0,242.0,11.08,273.66,3.1,3,101900.0,9999999
72494,0,2027,16.7,7.97,791.0,258.0,11.08,275.58,3.1,1,101800.0,9999999
72494,0,2028,16.7,7.97,809.0,262.0,11.08,275.58,6.2,15,101800.0,9999999
72494,0,2029,17.8,7.97,758.0,252.0,11.08,276.62,6.2,15,101800.0,9999999
72494,0,2030,16.1,7.65,642.0,228.0,11.08,274.73,8.2,14,101800.0,9999999
72494,0,2031,15.6,7.97,471.0,189.0,11.08,274.52,7.2,14,101800.0,9999999
72494,0,2032,13.9,7.65,270.0,134.0,11.08,272.8,8.2,14,101800.0,9999999
72494,0,2033,12.2,7.65,90.0,68.0,11.08,271.04,7.7,13,101800.0,9999999
72494,0,2034,11.1,7.34,4.0,4.0,11.08,269.93,7.2,13,101800.0,9999999
72494,0,2035,10.6,7.34,0.0,0.0,11.08,270.6,7.2,14,101800.0,9999999
72494,0,2036,10.0,7.09,0.0,0.0,11.08,269.93,5.2,14,101900.0,9999999
72494,0,2037,10.0,7.09,0.0,0.0,11.08,271.04,5.7,13,102000.0,9999999
72494,0,2038,10.0,7.09,0.0,0.0,11.08,269.93,4.1,14,102000.0,9999999
72494,0,2039,10.0,7.09,0.0,0.0,11.08,273.23,3.6,12,102000.0,9999999
72494,0,2040,10.0,7.09,0.0,0.0,11.08,276.62,5.2,13,102000.0,9999999
72494,0,2041,10.6,7.09,0.0,0.0,11.08,279.09,3.6,12,102000.0,9999999
72494,0,2042,10.6,7.09,0.0,0.0,11.08,279.09,3.1,8,101900.0,9999999
72494,0,2043,10.0,6.8,0.0,0.0,11.08,278.48,0.0,0,101900.0,9999999
72494,0,2044,10.0,6.8,0.0,0.0,11.08,278.48,2.6,8,102000.0,9999999
72494,0,2045,10.0,6.8,0.0,0.0,11.08,278.48,3.1,5,102000.0,9999999
72494,0,2046,10.0,6.8,18.0,18.0,11.08,278.48,0.0,0,102100.0,9999999
72494,0,2047,10.6,6.8,56.0,56.0,11.08,278.89,1.5,9,102100.0,9999999
72494,0,2048,11.7,7.34,94.0,94.0,11.08,280.3,3.1,5,102000.0,9999999
72494,0,2049,13.3,7.34,597.0,215.0,11.08,274.94,3.6,4,102100.0,9999999
72494,0,2050,13.9,7.65,726.0,206.0,11.08,272.8,2.1,6,102000.0,9999999
72494,0,2051,16.7,7.65,811.0,220.0,11.08,275.36,2.1,1,102000.0,9999999
72494,0,2052,17.8,7.97,828.0,222.0,11.08,276.62,6.7,14,101900.0,9999999
72494,0,2053,19.4,7.65,777.0,214.0,11.08,277.86,3.6,1,101900.0,9999999
72494,0,2054,17.8,8.87,661.0,195.0,11.08,276.83,3.1,2,101800.0,9999999
72494,0,2055,19.4,8.24,491.0,163.0,11.08,278.07,5.2,14,101700.0,9999999
72494,0,2056,16.1,7.97,288.0,119.0,11.08,274.94,8.8,14,101700.0,9999999
72494,0,2057,13.9,7.97,98.0,64.0,11.08,272.8,7.7,14,101700.0,9999999
72494,0,2058,12.2,7.65,4.0,4.0,11.08,271.04,7.2,14,101700.0,9999999
72494,0,2059,11.7,7.65,0.0,0.0,11.08,270.6,5.7,14,101800.0,9999999
72494,0,2060,11.1,7.65,0.0,0.0,11.08,269.93,5.7,14,101900.0,9999999
72494,0,2061,11.1,7.65,0.0,0.0,11.08,269.93,5.7,14,101900.0,9999999
72494,0,2062,11.1,7.65,0.0,0.0,11.08,272.14,4.6,14,101900.0,9999999
72494,0,2063,10.0,7.34,0.0,0.0,11.08,271.7,2.6,12,101900.0,9999999
72494,0,2064,10.0,7.09,0.0,0.0,11.08,271.7,0.0,0,102000.0,9999999
72494,0,2065,9.4,6.8,0.0,0.0,11.08,270.15,2.1,11,102000.0,9999999
72494,0,2066,10.0,6.8,0.0,0.0,11.08,271.92,0.0,0,101900.0,9999999
72494,0,2067,10.0,7.09,0.0,0.0,11.08,276.62,2.1,12,102000.0,9999999
72494,0,2068,10.6,7.09,0.0,0.0,11.08,277.25,6.2,10,102000.0,9999999
72494,0,2069,10.6,6.8,0.0,0.0,11.08,273.66,3.6,8,102100.0,9999999
72494,0,2070,10.6,6.8,44.0,40.0,11.08,275.58,4.1,8,102100.0,9999999
72494,0,2071,11.7,6.8,215.0,81.0,11.08,272.36,2.6,7,102200.0,9999999
72494,0,2072,13.3,7.34,371.0,122.0,11.08,274.94,3.6,4,102200.0,9999999
72494,0,2073,13.9,7.34,393.0,136.0,11.08,276.62,4.1,3,102200.0,9999999
72494,0,2074,15.0,7.97,592.0,204.0,11.08,277.86,4.1,4,102200.0,9999999
72494,0,2075,15.6,7.65,745.0,150.0,11.08,276.62,3.1,2,102100.0,9999999
72494,0,2076,17.8,8.24,807.0,132.0,11.08,277.86,6.2,14,102200.0,9999999
72494,0,2077,17.8,7.65,774.0,146.0,11.08,277.66,6.7,14,102100.0,9999999
72494,0,2078,17.8,7.34,627.0,197.0,11.08,279.7,5.7,12,102100.0,9999999
72494,0,2079,17.8,7.09,480.0,142.0,11.08,278.48,5.7,12,102100.0,9999999
72494,0,2080,17.8,4.97,328.0,85.0,11.08,277.86,4.6,11,102100.0,9999999
72494,0,2081,15.6,4.38,126.0,63.0,11.08,274.73,4.1,11,102100.0,9999999
72494,0,2082,13.3,5.62,7.0,5.0,11.08,271.04,4.1,12,102100.0,9999999
72494,0,2083,12.2,6.57,0.0,0.0,11.08,270.6,3.1,12,102200.0,9999999
72494,0,2084,11.7,6.57,0.0,0.0,11.08,270.15,2.6,11,102200.0,9999999
72494,0,2085,11.7,6.57,0.0,0.0,11.08,271.48,0.0,0,102200.0,9999999
72494,0,2086,11.7,6.57,0.0,0.0,11.08,274.73,2.1,8,102200.0,9999999
72494,0,2087,11.1,6.57,0.0,0.0,11.08,273.44,0.0,0,102200.0,9999999
72494,0,2088,10.6,6.8,0.0,0.0,11.08,273.01,0.0,0,102200.0,9999999
72494,0,2089,10.0,6.3,0.0,0.0,11.08,272.8,0.0,0,102200.0,9999999
72494,0,2090,10.0,6.57,0.0,0.0,11.08,273.87,0.0,0,102200.0,9999999
72494,0,2091,8.3,5.82,0.0,0.0,11.08,270.37,3.1,12,102200.0,9999999
72494,0,2092,10.6,6.3,0.0,0.0,11.08,272.8,2.6,12,102200.0,9999999
72494,0,2093,10.0,6.08,0.0,0.0,11.08,272.8,0.0,0,102200.0,9999999
72494,0,2094,9.4,6.8,37.0,32.0,11.08,271.92,0.0,0,102200.0,9999999
72494,0,2095,12.2,7.34,178.0,115.0,11.08,275.58,1.5,9,102200.0,9999999
72494,0,2096,13.3,7.97,293.0,169.0,11.08,277.66,2.1,4,102300.0,9999999
72494,0,2097,14.4,7.97,519.0,222.0,11.08,277.25,3.1,3,102300.0,9999999
72494,0,2098,15.0,7.97,586.0,244.0,11.08,277.86,3.1,4,102300.0,9999999
72494,0,2099,15.6,8.24,400.0,312.0,11.08,281.1,3.1,3,102200.0,9999999
72494,0,2100,17.8,9.23,561.0,413.0,11.08,285.18,4.6,11,102200.0,9999999
72494,0,2101,17.2,9.23,507.0,425.0,11.08,284.6,4.1,12,102200.0,9999999
72494,0,2102,17.2,9.93,250.0,250.0,11.08,286.87,5.2,12,102200.0,9999999
72494,0,2103,16.1,9.23,153.0,153.0,11.08,285.37,5.2,14,102100.0,9999999
72494,0,2104,14.4,9.23,95.0,95.0,11.08,283.84,7.7,12,102200.0,9999999
72494,0,2105,14.4,9.23,37.0,37.0,11.08,283.84,6.2,12,102200.0,9999999
72494,0,2106,12.8,8.87,5.0,5.0,11.08,276.62,2.6,11,102100.0,9999999
72494,0,2107,12.2,8.58,0.0,0.0,11.08,274.3,2.6,12,102200.0,9999999
72494,0,2108,12.2,8.58,0.0,0.0,11.08,276.83,4.1,12,102300.0,9999999
72494,0,2109,12.2,8.87,0.0,0.0,11.08,281.49,4.6,12,102300.0,9999999
72494,0,2110,11.7,8.58,0.0,0.0,11.08,278.89,7.2,13,102400.0,9999999
72494,0,2111,12.2,8.24,0.0,0.0,11.08,281.29,6.2,12,102400.0,9999999
72494,0,2112,11.7,7.65,0.0,0.0,11.08,280.5,7.7,14,102400.0,9999999
72494,0,2113,11.7,7.65,0.0,0.0,11.08,280.5,5.7,14,102400.0,9999999
72494,0,2114,11.1,7.65,0.0,0.0,11.08,273.01,6.2,12,102400.0,9999999
72494,0,2115,11.1,7.34,0.0,0.0,11.08,269.93,7.7,12,102400.0,9999999
72494,0,2116,11.1,7.34,0.0,0.0,11.08,272.8,6.7,12,102400.0,9999999
72494,0,2117,10.6,7.34,0.0,0.0,11.08,269.48,6.2,12,102400.0,9999999
72494,0,2118,11.7,7.34,53.0,27.0,11.08,270.37,5.7,12,102500.0,9999999
72494,0,2119,13.3,7.34,241.0,54.0,11.08,271.92,5.2,13,102500.0,9999999
72494,0,2120,14.4,7.34,452.0,76.0,11.08,273.01,6.2,14,102500.0,9999999
72494,0,2121,15.0,7.34,638.0,93.0,11.08,273.66,7.2,13,102500.0,9999999
72494,0,2122,15.6,7.34,778.0,105.0,11.08,274.09,8.8,14,102500.0,9999999
72494,0,2123,16.1,7.97,685.0,256.0,11.08,278.89,9.3,14,102500.0,9999999
72494,0,2124,16.1,7.97,747.0,196.0,11.08,277.86,7.2,13,102500.0,9999999
72494,0,2125,16.1,7.65,813.0,112.0,11.08,274.73,9.8,13,102400.0,9999999
72494,0,2126,15.6,7.34,656.0,124.0,11.08,275.58,11.8,12,102400.0,9999999
72494,0,2127,14.4,7.09,542.0,116.0,11.08,273.01,7.2,13,102400.0,9999999
72494,0,2128,13.9,6.8,336.0,78.0,11.08,272.36,10.8,13,102400.0,9999999
72494,0,2129,12.8,6.8,128.0,54.0,11.08,272.58,6.7,12,102400.0,9999999
72494,0,2130,11.7,6.57,8.0,5.0,11.08,270.15,8.8,13,102400.0,9999999
72494,0,2131,11.7,6.57,0.0,0.0,11.08,270.15,11.3,13,102400.0,9999999
72494,0,2132,11.1,6.8,0.0,0.0,11.08,269.7,8.2,13,102400.0,9999999
72494,0,2133,10.6,6.8,0.0,0.0,11.08,269.25,6.2,14,102400.0,9999999
72494,0,2134,10.6,6.8,0.0,0.0,11.08,269.25,4.1,14,102400.0,9999999
72494,0,2135,10.6,6.57,0.0,0.0,11.08,269.03,6.7,14,102400.0,9999999
72494,0,2136,10.0,6.3,0.0,0.0,11.08,268.34,5.2,13,102400.0,9999999
72494,0,2137,10.0,6.57,0.0,0.0,11.08,268.57,4.6,13,102300.0,9999999
72494,0,2138,8.9,6.3,0.0,0.0,11.08,267.43,3.6,13,102300.0,9999999
72494,0,2139,7.8,5.82,0.0,0.0,11.08,266.03,2.1,14,102300.0,9999999
72494,0,2140,8.3,6.3,0.0,0.0,11.08,266.73,1.5,11,102300.0,9999999
72494,0,2141,7.8,6.08,0.0,0.0,11.08,266.27,2.1,11,102300.0,9999999
72494,0,2142,9.4,6.3,51.0,32.0,11.08,267.89,2.1,11,102300.0,9999999
72494,0,2143,12.8,6.57,234.0,71.0,11.08,271.04,0.0,0,102300.0,9999999
72494,0,2144,13.9,6.57,447.0,101.0,11.08,272.14,1.5,3,102300.0,9999999
72494,0,2145,15.0,6.3,635.0,124.0,11.08,273.01,2.1,1,102300.0,9999999
72494,0,2146,16.7,5.82,777.0,139.0,11.08,274.52,2.1,3,102300.0,9999999
72494,0,2147,17.8,4.97,855.0,151.0,11.08,274.94,3.1,1,102200.0,9999999
72494,0,2148,18.9,6.57,819.0,226.0,11.08,279.29,5.7,14,102200.0,9999999
72494,0,2149,18.9,5.82,752.0,226.0,11.08,279.49,8.8,14,102100.0,9999999
72494,0,2150,17.8,5.38,693.0,187.0,11.08,277.45,7.7,14,102100.0,9999999
72494,0,2151,16.7,6.08,475.0,209.0,11.08,277.45,7.7,14,102100.0,9999999
72494,0,2152,15.6,6.8,300.0,145.0,11.08,276.21,9.3,14,102000.0,9999999
72494,0,2153,14.4,6.08,120.0,56.0,11.08,273.66,8.2,12,102000.0,9999999
72494,0,2154,12.8,6.57,7.0,6.0,11.08,272.36,8.2,13,102000.0,9999999
72494,0,2155,12.2,6.8,0.0,0.0,11.08,270.6,5.7,13,102100.0,9999999
72494,0,2156,11.7,7.34,0.0,0.0,11.08,270.37,5.2,13,102100.0,9999999
72494,0,2157,12.3,6.9,0.0,0.0,11.08,270.82,5.1,14,102100.0,9999999
72494,0,2158,12.8,6.52,0.0,0.0,11.08,271.04,5.0,12,102100.0,9999999
72494,0,2159,13.4,6.12,0.0,0.0,11.08,271.48,4.9,13,102100.0,9999999
72494,0,2160,13.9,5.74,0.0,0.0,11.88,271.7,4.9,16,101700.0,9999999
72494,0,2161,14.5,5.38,0.0,0.0,11.88,272.14,4.8,16,101700.0,9999999
72494,0,2162,15.0,5.08,0.0,0.0,11.88,272.36,4.7,4,101700.0,9999999
72494,0,2163,15.6,4.75,0.0,0.0,11.88,272.8,4.6,8,101600.0,9999999
72494,0,2164,16.1,4.75,0.0,0.0,11.88,273.23,0.0,0,101700.0,9999999
72494,0,2165,17.8,4.75,0.0,0.0,11.88,274.73,2.6,16,101700.0,9999999
72494,0,2166,18.3,5.82,53.0,28.0,11.88,276.0,7.7,2,101700.0,9999999
72494,0,2167,18.9,6.08,237.0,83.0,11.88,276.62,6.7,2,101800.0,9999999
72494,0,2168,18.9,6.57,439.0,118.0,11.88,278.27,6.2,2,101800.0,9999999
72494,0,2169,21.7,6.3,611.0,169.0,11.88,280.7,5.2,1,101800.0,9999999
72494,0,2170,23.9,4.38,757.0,187.0,11.88,282.67,4.6,16,101800.0,9999999
72494,0,2171,24.4,5.15,819.0,200.0,11.88,282.67,3.6,15,101800.0,9999999
72494,0,2172,21.7,7.09,845.0,193.0,11.88,282.87,5.2,16,101700.0,9999999
72494,0,2173,24.4,6.08,798.0,193.0,11.88,284.22,2.6,16,101700.0,9999999
72494,0,2174,26.7,4.38,694.0,188.0,11.88,284.22,1.5,16,101600.0,9999999
72494,0,2175,27.2,4.97,455.0,255.0,11.88,285.18,2.6,15,101500.0,9999999
72494,0,2176,26.1,4.97,378.0,131.0,11.88,282.87,6.7,12,101500.0,9999999
72494,0,2177,21.7,4.58,183.0,114.0,11.88,278.48,5.2,12,101500.0,9999999
72494,0,2178,20.6,4.58,1.0,0.0,11.88,277.45,4.1,12,101600.0,9999999
72494,0,2179,18.9,4.97,0.0,0.0,11.88,277.25,4.6,12,101600.0,9999999
72494,0,2180,17.8,5.38,0.0,0.0,11.88,275.15,3.1,12,101500.0,9999999
72494,0,2181,16.1,5.82,0.0,0.0,11.88,273.87,2.1,12,101500.0,9999999
72494,0,2182,15.6,6.08,0.0,0.0,11.88,273.44,1.5,10,101500.0,9999999
72494,0,2183,15.0,6.3,0.0,0.0,11.88,273.01,2.1,12,101500.0,9999999
72494,0,2184,13.3,6.8,0.0,0.0,11.88,271.7,2.6,12,101500.0,9999999
72494,0,2185,13.8,6.57,0.0,0.0,11.88,272.14,1.3,14,101500.0,9999999
72494,0,2186,14.4,6.3,0.0,0.0,11.88,272.58,0.0,0,101500.0,9999999
72494,0,2187,15.0,5.82,0.0,0.0,11.88,272.8,0.0,0,101500.0,9999999
72494,0,2188,12.2,5.62,0.0,0.0,11.88,270.15,1.5,9,101500.0,9999999
72494,0,2189,13.3,6.8,0.0,0.0,11.88,271.7,0.0,0,101600.0,9999999
72494,0,2190,15.0,6.8,62.0,26.0,11.88,273.44,1.5,14,101600.0,9999999
72494,0,2191,16.1,8.24,259.0,65.0,11.88,274.94,0.0,0,101600.0,9999999
72494,0,2192,16.1,8.58,460.0,92.0,11.88,275.15,2.1,1,101600.0,9999999
72494,0,2193,16.7,8.87,627.0,152.0,11.88,275.79,2.1,2,101700.0,9999999
72494,0,2194,18.3,8.58,797.0,160.0,11.88,277.25,1.5,1,101700.0,9999999
72494,0,2195,21.1,8.87,878.0,157.0,11.88,280.1,1.5,1,101600.0,9999999
72494,0,2196,24.4,10.26,821.0,278.0,11.88,283.64,3.1,15,101600.0,9999999
72494,0,2197,22.2,10.67,824.0,182.0,11.88,281.69,4.1,16,101600.0,9999999
72494,0,2198,28.3,7.65,701.0,183.0,11.88,286.31,3.6,14,101500.0,9999999
72494,0,2199,28.3,5.82,528.0,180.0,11.88,285.37,4.6,13,101400.0,9999999
72494,0,2200,27.8,5.38,385.0,127.0,11.88,284.6,3.6,13,101400.0,9999999
72494,0,2201,23.3,5.38,178.0,111.0,11.88,280.5,7.2,12,101500.0,9999999
72494,0,2202,19.4,6.8,1.0,1.0,11.88,277.45,5.7,13,101500.0,9999999
72494,0,2203,19.4,5.82,0.0,0.0,11.88,277.04,4.6,12,101600.0,9999999
72494,0,2204,20.6,4.97,0.0,0.0,11.88,277.66,4.1,13,101600.0,9999999
72494,0,2205,20.0,4.97,0.0,0.0,11.88,277.04,3.6,13,101700.0,9999999
72494,0,2206,17.8,5.62,0.0,0.0,11.88,275.36,3.6,12,101700.0,9999999
72494,0,2207,16.7,7.34,0.0,0.0,11.88,275.15,1.5,5,101800.0,9999999
72494,0,2208,14.4,8.58,0.0,0.0,11.88,273.44,2.1,16,101800.0,9999999
72494,0,2209,13.3,7.65,0.0,0.0,11.88,272.14,2.6,12,101800.0,9999999
72494,0,2210,12.2,7.65,0.0,0.0,11.88,271.04,1.5,10,101800.0,9999999
72494,0,2211,12.2,7.65,0.0,0.0,11.88,271.04,2.6,12,101700.0,9999999
72494,0,2212,12.2,7.65,0.0,0.0,11.88,271.04,3.6,12,101800.0,9999999
72494,0,2213,11.7,7.65,0.0,0.0,11.88,270.6,4.1,12,101800.0,9999999
72494,0,2214,12.2,7.65,44.0,34.0,11.88,273.87,4.1,12,101900.0,9999999
72494,0,2215,13.9,7.65,252.0,107.0,11.88,275.58,4.6,12,101900.0,9999999
72494,0,2216,15.0,8.24,441.0,125.0,11.88,274.09,0.0,0,102000.0,9999999
72494,0,2217,16.7,8.58,612.0,179.0,11.88,275.79,3.6,16,102000.0,9999999
72494,0,2218,17.8,8.87,696.0,270.0,11.88,276.83,3.6,16,102100.0,9999999
72494,0,2219,17.8,9.23,784.0,284.0,11.88,277.04,3.6,1,102000.0,9999999
72494,0,2220,17.8,9.23,784.0,274.0,11.88,277.04,3.6,1,102000.0,9999999
72494,0,2221,18.9,9.23,753.0,280.0,11.88,278.07,3.6,2,102000.0,9999999
72494,0,2222,18.9,9.23,687.0,259.0,11.88,281.1,2.6,3,101900.0,9999999
72494,0,2223,19.4,8.58,315.0,268.0,11.88,281.29,2.1,7,101900.0,9999999
72494,0,2224,17.8,8.24,253.0,191.0,11.88,279.49,3.1,10,101900.0,9999999
72494,0,2225,16.7,7.97,191.0,148.0,11.88,278.48,1.5,1,101900.0,9999999
72494,0,2226,14.4,7.65,2.0,1.0,11.88,276.0,1.5,13,102000.0,9999999
72494,0,2227,14.4,7.09,0.0,0.0,11.88,275.79,4.1,10,102000.0,9999999
72494,0,2228,13.3,7.34,0.0,0.0,11.88,274.94,3.1,10,102100.0,9999999
72494,0,2229,12.8,7.34,0.0,0.0,11.88,274.3,4.1,9,102100.0,9999999
72494,0,2230,12.2,7.09,0.0,0.0,11.88,273.66,3.1,9,102100.0,9999999
72494,0,2231,12.2,7.34,0.0,0.0,11.88,274.3,5.2,8,102200.0,9999999
72494,0,2232,12.2,7.34,0.0,0.0,11.88,274.94,6.2,8,102200.0,9999999
72494,0,2233,11.7,7.09,0.0,0.0,11.88,274.3,3.6,9,102100.0,9999999
72494,0,2234,11.7,7.09,0.0,0.0,11.88,273.87,3.1,8,102100.0,9999999
72494,0,2235,11.1,6.8,0.0,0.0,11.88,273.01,3.6,9,102000.0,9999999
72494,0,2236,11.7,6.8,0.0,0.0,11.88,276.62,4.1,9,102100.0,9999999
72494,0,2237,11.7,6.8,0.0,0.0,11.88,273.66,3.1,8,102100.0,9999999
72494,0,2238,12.2,7.09,26.0,26.0,11.88,277.25,3.1,8,102200.0,9999999
72494,0,2239,12.8,6.8,76.0,76.0,11.88,277.66,4.1,10,102200.0,9999999
72494,0,2240,13.3,6.8,124.0,124.0,11.88,278.27,5.7,10,102300.0,9999999
72494,0,2241,13.9,6.8,177.0,177.0,11.88,278.68,5.2,10,102300.0,9999999
72494,0,2242,15.0,6.8,300.0,277.0,11.88,276.21,5.2,10,102300.0,9999999
72494,0,2243,16.1,7.34,725.0,354.0,11.88,277.66,6.7,13,102200.0,9999999
72494,0,2244,16.1,7.09,796.0,290.0,11.88,277.45,8.8,11,102200.0,9999999
72494,0,2245,15.6,6.8,753.0,244.0,11.88,276.83,8.8,12,102100.0,9999999
72494,0,2246,15.6,7.09,633.0,265.0,11.88,277.04,7.7,12,102100.0,9999999
72494,0,2247,15.0,7.09,409.0,290.0,11.88,276.41,7.2,12,102000.0,9999999
72494,0,2248,13.9,6.8,226.0,196.0,11.88,275.15,8.2,12,102000.0,9999999
72494,0,2249,12.8,6.8,153.0,117.0,11.88,275.15,7.2,11,102000.0,9999999
72494,0,2250,12.2,6.8,2.0,1.0,11.88,274.73,7.2,12,102000.0,9999999
72494,0,2251,11.7,6.8,0.0,0.0,11.88,273.66,6.2,12,102000.0,9999999
72494,0,2252,11.7,6.57,0.0,0.0,11.88,274.09,6.7,11,102000.0,9999999
72494,0,2253,11.1,6.57,0.0,0.0,11.88,273.01,6.2,11,102000.0,9999999
72494,0,2254,11.1,6.57,0.0,0.0,11.88,276.0,5.7,11,102000.0,9999999
72494,0,2255,11.1,6.57,0.0,0.0,11.88,279.29,4.1,12,102000.0,9999999
72494,0,2256,11.1,6.57,0.0,0.0,11.88,279.29,4.1,11,102000.0,9999999
72494,0,2257,11.1,6.57,0.0,0.0,11.88,279.29,5.2,12,101900.0,9999999
72494,0,2258,10.6,6.57,0.0,0.0,11.88,278.89,4.1,12,101900.0,9999999
72494,0,2259,10.6,6.57,0.0,0.0,11.88,278.89,4.1,11,101800.0,9999999
72494,0,2260,11.1,6.57,0.0,0.0,11.88,279.29,4.6,12,101900.0,9999999
72494,0,2261,11.1,6.57,0.0,0.0,11.88,279.29,5.2,12,101800.0,9999999
72494,0,2262,11.1,6.3,29.0,29.0,11.88,279.29,4.6,12,101900.0,9999999
72494,0,2263,11.7,6.57,85.0,85.0,11.88,279.9,5.7,10,101900.0,9999999
72494,0,2264,12.2,6.57,199.0,190.0,11.88,277.04,6.2,12,101900.0,9999999
72494,0,2265,12.8,6.57,339.0,312.0,11.88,277.66,5.2,12,101900.0,9999999
72494,0,2266,14.4,6.57,368.0,345.0,11.88,275.58,5.7,12,101800.0,9999999
72494,0,2267,15.0,6.8,484.0,403.0,11.88,276.83,7.2,12,101800.0,9999999
72494,0,2268,15.6,6.57,404.0,379.0,11.88,277.86,8.8,12,101800.0,9999999
72494,0,2269,15.6,6.57,383.0,358.0,11.88,277.86,7.7,12,101700.0,9999999
72494,0,2270,15.6,6.8,336.0,319.0,11.88,281.89,7.2,12,101700.0,9999999
72494,0,2271,14.4,6.8,343.0,296.0,11.88,276.21,10.3,12,101600.0,9999999
72494,0,2272,13.9,6.8,217.0,189.0,11.88,275.15,5.7,12,101600.0,9999999
72494,0,2273,11.7,6.57,199.0,152.0,11.88,273.01,8.8,12,101700.0,9999999
72494,0,2274,11.1,6.3,3.0,2.0,11.88,272.36,5.2,12,101700.0,9999999
72494,0,2275,10.6,6.3,0.0,0.0,11.88,271.7,4.1,11,101800.0,9999999
72494,0,2276,10.0,6.3,0.0,0.0,11.88,271.26,4.6,11,101800.0,9999999
72494,0,2277,10.0,6.3,0.0,0.0,11.88,271.26,5.7,12,101800.0,9999999
72494,0,2278,10.0,6.3,0.0,0.0,11.88,271.26,3.6,11,101900.0,9999999
72494,0,2279,10.0,6.57,0.0,0.0,11.88,271.92,4.1,11,101900.0,9999999
72494,0,2280,10.6,6.8,0.0,0.0,11.88,275.58,4.1,9,101900.0,9999999
72494,0,2281,10.6,6.8,0.0,0.0,11.88,277.04,2.1,11,101900.0,9999999
72494,0,2282,10.6,6.57,0.0,0.0,11.88,275.36,2.6,10,101900.0,9999999
72494,0,2283,10.0,6.3,0.0,0.0,11.88,274.73,3.6,10,101900.0,9999999
72494,0,2284,10.0,6.3,0.0,0.0,11.88,274.73,5.2,10,102000.0,9999999
72494,0,2285,9.4,6.3,0.0,0.0,11.88,271.26,0.0,0,102000.0,9999999
72494,0,2286,10.6,6.3,28.0,28.0,11.88,275.36,3.6,10,102100.0,9999999
72494,0,2287,10.6,6.08,124.0,118.0,11.88,275.15,4.1,10,102100.0,9999999
72494,0,2288,11.7,6.3,294.0,237.0,11.88,276.41,3.1,12,102100.0,9999999
72494,0,2289,13.3,6.3,382.0,319.0,11.88,274.3,4.6,13,102100.0,9999999
72494,0,2290,14.4,6.3,544.0,358.0,11.88,275.36,6.7,12,102100.0,9999999
72494,0,2291,15.0,6.08,861.0,269.0,11.88,275.79,7.7,12,102100.0,9999999
72494,0,2292,15.6,6.3,784.0,305.0,11.88,276.62,9.8,12,102100.0,9999999
72494,0,2293,15.0,6.08,740.0,267.0,11.88,275.79,7.2,12,102000.0,9999999
72494,0,2294,15.0,6.3,639.0,250.0,11.88,276.0,8.2,12,102000.0,9999999
72494,0,2295,14.4,6.3,430.0,277.0,11.88,275.36,8.2,12,101900.0,9999999
72494,0,2296,13.3,6.57,397.0,168.0,11.88,274.52,7.7,12,102000.0,9999999
72494,0,2297,12.2,6.08,195.0,112.0,11.88,273.23,6.7,12,102000.0,9999999
72494,0,2298,11.1,6.3,4.0,2.0,11.88,272.36,7.2,12,102000.0,9999999
72494,0,2299,11.1,6.08,0.0,0.0,11.88,272.14,4.1,11,102100.0,9999999
72494,0,2300,10.6,6.57,0.0,0.0,11.88,271.92,4.1,12,102100.0,9999999
72494,0,2301,10.0,6.57,0.0,0.0,11.88,268.57,3.6,12,102100.0,9999999
72494,0,2302,10.0,6.57,0.0,0.0,11.88,271.26,4.6,12,102100.0,9999999
72494,0,2303,10.0,6.57,0.0,0.0,11.88,271.26,4.1,12,102100.0,9999999
72494,0,2304,9.4,6.57,0.0,0.0,11.88,270.82,2.6,12,102100.0,9999999
72494,0,2305,8.9,6.08,0.0,0.0,11.88,270.15,2.6,11,102100.0,9999999
72494,0,2306,8.9,6.3,0.0,0.0,11.88,267.43,3.1,12,102100.0,9999999
72494,0,2307,8.9,6.3,0.0,0.0,11.88,270.6,1.5,11,102100.0,9999999
72494,0,2308,9.4,6.57,0.0,0.0,11.88,271.26,0.0,0,102100.0,9999999
72494,0,2309,9.4,6.3,0.0,0.0,11.88,274.09,2.1,8,102200.0,9999999
72494,0,2310,10.0,6.57,39.0,36.0,11.88,274.94,2.6,7,102200.0,9999999
72494,0,2311,11.1,6.57,253.0,128.0,11.88,272.36,1.5,5,102200.0,9999999
72494,0,2312,12.8,7.09,475.0,134.0,11.88,274.3,3.6,4,102200.0,9999999
72494,0,2313,12.8,7.34,631.0,202.0,11.88,274.3,4.1,3,102200.0,9999999
72494,0,2314,13.9,7.65,657.0,326.0,11.88,275.58,2.6,3,102200.0,9999999
72494,0,2315,15.0,7.65,850.0,230.0,11.88,276.62,2.6,2,102100.0,9999999
72494,0,2316,16.7,7.97,882.0,220.0,11.88,275.58,3.6,1,102000.0,9999999
72494,0,2317,17.8,8.87,772.0,316.0,11.88,276.83,3.1,16,101900.0,9999999
72494,0,2318,16.7,7.34,538.0,356.0,11.88,278.07,8.8,13,101900.0,9999999
72494,0,2319,15.6,7.34,277.0,255.0,11.88,277.04,8.8,12,101900.0,9999999
72494,0,2320,13.3,7.34,241.0,200.0,11.88,274.94,9.8,12,101900.0,9999999
72494,0,2321,12.2,7.34,159.0,117.0,11.88,273.87,7.7,12,101900.0,9999999
72494,0,2322,11.1,7.34,4.0,3.0,11.88,272.8,9.3,12,101900.0,9999999
72494,0,2323,11.1,7.09,0.0,0.0,11.88,272.58,7.2,11,102000.0,9999999
72494,0,2324,10.0,6.57,0.0,0.0,11.88,271.26,5.7,11,102100.0,9999999
72494,0,2325,10.6,6.8,0.0,0.0,11.88,278.89,6.2,10,102100.0,9999999
72494,0,2326,10.0,6.57,0.0,0.0,11.88,274.94,5.7,12,102100.0,9999999
72494,0,2327,10.0,6.57,0.0,0.0,11.88,274.94,4.1,12,102100.0,9999999
72494,0,2328,10.0,6.57,0.0,0.0,11.88,274.94,3.6,11,102100.0,9999999
72494,0,2329,10.0,6.57,0.0,0.0,11.88,278.27,4.1,11,102100.0,9999999
72494,0,2330,10.0,6.8,0.0,0.0,11.88,278.48,4.6,10,102100.0,9999999
72494,0,2331,10.0,6.8,0.0,0.0,11.88,278.48,3.6,10,102100.0,9999999
72494,0,2332,10.0,6.8,0.0,0.0,11.88,278.48,3.6,10,102100.0,9999999
72494,0,2333,10.0,6.57,0.0,0.0,11.88,278.27,3.6,11,102100.0,9999999
72494,0,2334,10.6,6.57,26.0,26.0,11.88,278.89,4.6,11,102100.0,9999999
72494,0,2335,10.6,6.8,86.0,86.0,11.88,278.89,4.6,12,102100.0,9999999
72494,0,2336,11.1,6.57,125.0,125.0,11.88,279.29,2.6,12,102200.0,9999999
72494,0,2337,12.2,6.57,248.0,240.0,11.88,280.5,2.6,11,102100.0,9999999
72494,0,2338,13.3,6.8,227.0,227.0,11.88,278.27,6.2,12,102200.0,9999999
72494,0,2339,13.3,6.57,307.0,297.0,11.88,278.07,8.2,12,102200.0,9999999
72494,0,2340,13.3,6.57,245.0,245.0,11.88,278.07,7.7,11,102100.0,9999999
72494,0,2341,12.8,6.57,262.0,262.0,11.88,277.66,8.8,11,102100.0,9999999
72494,0,2342,12.2,6.8,228.0,220.0,11.88,277.04,8.2,11,102100.0,9999999
72494,0,2343,12.2,6.57,437.0,293.0,11.88,280.5,7.7,12,102000.0,9999999
72494,0,2344,12.2,6.3,231.0,198.0,11.88,276.83,7.2,11,102000.0,9999999
72494,0,2345,11.7,6.3,156.0,116.0,11.88,276.41,6.7,11,102000.0,9999999
72494,0,2346,11.7,6.3,4.0,3.0,11.88,279.9,6.2,12,102000.0,9999999
72494,0,2347,11.7,6.57,0.0,0.0,11.88,279.9,4.6,11,102000.0,9999999
72494,0,2348,11.7,6.3,0.0,0.0,11.88,279.9,7.7,12,102100.0,9999999
72494,0,2349,11.7,6.57,0.0,0.0,11.88,279.9,6.7,11,102100.0,9999999
72494,0,2350,11.7,6.57,0.0,0.0,11.88,279.9,9.3,11,102100.0,9999999
72494,0,2351,11.7,6.8,0.0,0.0,11.88,280.1,7.2,12,102000.0,9999999
72494,0,2352,11.1,6.57,0.0,0.0,11.88,279.29,6.7,11,102000.0,9999999
72494,0,2353,11.1,6.8,0.0,0.0,11.88,279.49,6.2,11,102000.0,9999999
72494,0,2354,11.1,6.57,0.0,0.0,11.88,279.29,7.2,11,102000.0,9999999
72494,0,2355,10.6,6.57,0.0,0.0,11.88,278.89,4.6,11,102000.0,9999999
72494,0,2356,10.6,6.3,0.0,0.0,11.88,278.68,3.1,11,102100.0,9999999
72494,0,2357,10.6,6.57,0.0,0.0,11.88,278.89,5.7,11,102100.0,9999999
72494,0,2358,11.1,6.57,24.0,24.0,11.88,279.29,4.6,12,102100.0,9999999
72494,0,2359,11.1,6.3,117.0,115.0,11.88,275.79,6.7,11,102100.0,9999999
72494,0,2360,12.8,6.3,231.0,215.0,11.88,277.45,6.2,12,102100.0,9999999
72494,0,2361,13.3,6.3,491.0,311.0,11.88,274.94,6.7,12,102100.0,9999999
72494,0,2362,14.4,6.3,760.0,279.0,11.88,276.0,6.2,12,102100.0,9999999
72494,0,2363,15.6,6.3,868.0,192.0,11.88,276.62,7.7,12,102100.0,9999999
72494,0,2364,15.6,6.08,901.0,155.0,11.88,276.41,6.2,11,102000.0,9999999
72494,0,2365,15.6,6.08,861.0,148.0,11.88,276.41,9.3,12,102000.0,9999999
72494,0,2366,15.6,6.08,746.0,151.0,11.88,276.41,9.8,12,101900.0,9999999
72494,0,2367,15.6,6.3,589.0,133.0,11.88,276.62,10.8,12,101900.0,9999999
72494,0,2368,13.9,6.57,385.0,135.0,11.88,275.15,7.7,12,101900.0,9999999
72494,0,2369,13.3,6.57,199.0,113.0,11.88,271.7,9.8,12,101900.0,9999999
72494,0,2370,12.2,6.3,6.0,3.0,11.88,270.37,9.3,12,101900.0,9999999
72494,0,2371,11.7,6.57,0.0,0.0,11.88,270.15,4.6,12,101900.0,9999999
72494,0,2372,11.1,6.3,0.0,0.0,11.88,269.48,3.1,11,102000.0,9999999
72494,0,2373,10.6,6.3,0.0,0.0,11.88,269.03,5.7,12,101900.0,9999999
72494,0,2374,10.6,6.08,0.0,0.0,11.88,268.8,7.7,11,102000.0,9999999
72494,0,2375,10.6,6.08,0.0,0.0,11.88,268.8,8.2,12,102000.0,9999999
72494,0,2376,10.0,6.08,0.0,0.0,11.88,268.34,7.7,11,102000.0,9999999
72494,0,2377,10.0,6.3,0.0,0.0,11.88,268.34,7.7,11,101900.0,9999999
72494,0,2378,10.0,6.08,0.0,0.0,11.88,268.34,6.7,12,101900.0,9999999
72494,0,2379,9.4,6.08,0.0,0.0,11.88,267.66,5.7,12,101900.0,9999999
72494,0,2380,9.4,6.3,0.0,0.0,11.88,271.26,5.2,11,101900.0,9999999
72494,0,2381,10.0,6.57,0.0,0.0,11.88,271.92,6.2,12,101900.0,9999999
72494,0,2382,10.0,6.57,80.0,47.0,11.88,271.92,6.2,11,102000.0,9999999
72494,0,2383,11.1,6.57,248.0,126.0,11.88,273.01,5.2,12,101900.0,9999999
72494,0,2384,12.8,6.57,507.0,146.0,11.88,274.09,5.7,12,101900.0,9999999
72494,0,2385,14.4,6.57,681.0,115.0,11.88,275.58,6.7,12,101900.0,9999999
72494,0,2386,15.0,7.09,795.0,240.0,11.88,276.41,8.2,12,101900.0,9999999
72494,0,2387,15.0,6.8,638.0,381.0,11.88,276.21,8.8,12,101800.0,9999999
72494,0,2388,16.1,7.34,496.0,413.0,11.88,277.66,9.3,12,101800.0,9999999
72494,0,2389,15.6,7.09,632.0,396.0,11.88,277.04,8.8,12,101800.0,9999999
72494,0,2390,15.6,7.09,571.0,342.0,11.88,277.04,8.8,12,101800.0,9999999
72494,0,2391,14.4,7.09,581.0,198.0,11.88,276.41,10.3,12,101700.0,9999999
72494,0,2392,13.3,7.09,366.0,171.0,11.88,274.73,8.8,12,101700.0,9999999
72494,0,2393,12.8,6.8,210.0,137.0,11.88,274.73,4.6,12,101700.0,9999999
72494,0,2394,11.7,7.09,7.0,5.0,11.88,273.87,6.7,13,101700.0,9999999
72494,0,2395,11.1,7.09,0.0,0.0,11.88,273.23,6.7,12,101800.0,9999999
72494,0,2396,11.1,7.09,0.0,0.0,11.88,273.23,6.7,12,101800.0,9999999
72494,0,2397,11.1,7.09,0.0,0.0,11.88,273.23,5.2,12,101800.0,9999999
72494,0,2398,10.6,7.09,0.0,0.0,11.88,273.23,4.1,12,101900.0,9999999
72494,0,2399,10.6,7.09,0.0,0.0,11.88,273.23,3.1,12,101900.0,9999999
72494,0,2400,10.6,7.09,0.0,0.0,11.88,272.14,4.1,12,101900.0,9999999
72494,0,2401,10.6,7.09,0.0,0.0,11.88,272.14,5.2,11,101800.0,9999999
72494,0,2402,10.0,7.09,0.0,0.0,11.88,271.7,3.6,11,101800.0,9999999
72494,0,2403,9.4,6.8,0.0,0.0,11.88,271.48,3.6,12,101800.0,9999999
72494,0,2404,10.0,7.09,0.0,0.0,11.88,275.15,2.6,12,101800.0,9999999
72494,0,2405,10.0,7.09,0.0,0.0,11.88,275.15,0.0,0,101800.0,9999999
72494,0,2406,11.1,7.34,79.0,46.0,11.88,279.7,2.1,6,101800.0,9999999
72494,0,2407,12.2,7.34,258.0,134.0,11.88,277.45,3.1,5,101800.0,9999999
72494,0,2408,13.3,7.65,277.0,233.0,11.88,274.94,2.6,2,101800.0,9999999
72494,0,2409,13.9,7.97,449.0,335.0,11.88,275.15,1.5,1,101800.0,9999999
72494,0,2410,16.1,8.58,341.0,322.0,11.88,278.68,2.6,16,101900.0,9999999
72494,0,2411,16.1,7.65,443.0,407.0,11.88,278.27,7.2,13,101800.0,9999999
72494,0,2412,15.6,7.34,625.0,426.0,11.88,277.66,7.2,13,101800.0,9999999
72494,0,2413,18.3,7.97,600.0,394.0,11.88,278.27,6.2,13,101700.0,9999999
72494,0,2414,18.9,7.65,678.0,277.0,11.88,278.68,5.2,13,101600.0,9999999
72494,0,2415,21.1,6.8,363.0,295.0,11.88,280.5,7.2,12,101500.0,9999999
72494,0,2416,20.0,6.3,263.0,207.0,11.88,280.7,4.6,13,101500.0,9999999
72494,0,2417,15.0,7.34,177.0,119.0,11.88,276.41,7.2,12,101600.0,9999999
72494,0,2418,13.3,7.09,7.0,5.0,11.88,274.73,7.2,12,101600.0,9999999
72494,0,2419,15.0,7.97,0.0,0.0,11.88,276.83,2.1,16,101700.0,9999999
72494,0,2420,14.4,6.08,0.0,0.0,11.88,275.79,5.7,12,101800.0,9999999
72494,0,2421,13.9,7.65,0.0,0.0,11.88,278.07,6.2,13,101800.0,9999999
72494,0,2422,12.8,7.34,0.0,0.0,11.88,276.83,4.1,13,101800.0,9999999
72494,0,2423,12.2,7.34,0.0,0.0,11.88,274.3,4.6,11,101800.0,9999999
72494,0,2424,13.3,6.3,0.0,0.0,11.88,274.3,4.6,12,101900.0,9999999
72494,0,2425,12.2,7.34,0.0,0.0,11.88,271.04,5.7,12,101900.0,9999999
72494,0,2426,11.7,7.65,0.0,0.0,11.88,273.44,2.6,16,101800.0,9999999
72494,0,2427,12.2,7.65,0.0,0.0,11.88,276.41,2.1,6,101800.0,9999999
72494,0,2428,13.3,7.34,0.0,0.0,11.88,276.62,4.6,4,101700.0,9999999
72494,0,2429,13.3,7.09,0.0,0.0,11.88,276.41,2.6,6,101700.0,9999999
72494,0,2430,14.4,7.34,66.0,54.0,11.88,281.1,0.0,0,101700.0,9999999
72494,0,2431,15.6,8.24,295.0,156.0,11.88,279.09,2.1,4,101800.0,9999999
72494,0,2432,17.8,7.65,156.0,150.0,11.88,279.29,1.5,3,101700.0,9999999
72494,0,2433,17.2,8.87,412.0,334.0,11.88,279.9,2.6,3,101700.0,9999999
72494,0,2434,18.3,8.58,563.0,386.0,11.88,281.29,0.0,0,101800.0,9999999
72494,0,2435,21.7,5.82,839.0,331.0,11.88,282.67,5.7,6,101700.0,9999999
72494,0,2436,21.1,3.53,521.0,416.0,11.88,285.18,7.2,7,101800.0,9999999
72494,0,2437,19.4,6.8,344.0,329.0,11.88,284.03,2.6,8,101800.0,9999999
72494,0,2438,19.4,5.78,228.0,228.0,11.88,283.64,2.6,8,101700.0,9999999
72494,0,2439,19.4,5.82,225.0,221.0,11.88,282.48,5.7,8,101700.0,9999999
72494,0,2440,18.3,8.24,195.0,186.0,11.88,285.18,6.2,9,101700.0,9999999
72494,0,2441,17.2,8.58,130.0,117.0,11.88,282.87,7.2,8,101700.0,9999999
72494,0,2442,16.1,8.58,6.0,5.0,11.88,285.18,5.7,8,101700.0,9999999
72494,0,2443,15.6,8.87,0.0,0.0,11.88,284.79,3.6,7,101700.0,9999999
72494,0,2444,14.4,9.23,0.0,0.0,11.88,283.84,3.6,10,101800.0,9999999
72494,0,2445,13.9,8.24,0.0,0.0,11.88,282.87,1.5,8,101800.0,9999999
72494,0,2446,13.9,8.87,0.0,0.0,11.88,283.06,3.6,5,101800.0,9999999
72494,0,2447,13.9,8.58,0.0,0.0,11.88,283.06,2.1,4,101800.0,9999999
72494,0,2448,14.4,8.87,0.0,0.0,11.88,280.1,4.6,5,101800.0,9999999
72494,0,2449,14.4,8.58,0.0,0.0,11.88,283.45,3.6,5,101800.0,9999999
72494,0,2450,15.0,8.87,0.0,0.0,11.88,284.22,2.6,5,101800.0,9999999
72494,0,2451,14.4,8.87,0.0,0.0,11.88,283.64,5.2,7,101700.0,9999999
72494,0,2452,14.4,8.87,0.0,0.0,11.88,283.64,4.1,8,101700.0,9999999
72494,0,2453,13.9,8.24,0.0,0.0,11.88,279.49,3.6,8,101700.0,9999999
72494,0,2454,15.0,8.58,38.0,38.0,11.88,280.7,4.1,8,101700.0,9999999
72494,0,2455,15.6,8.24,278.0,140.0,11.88,281.1,5.2,8,101700.0,9999999
72494,0,2456,15.6,8.58,515.0,132.0,11.88,284.79,5.7,9,101700.0,9999999
72494,0,2457,17.2,7.97,645.0,267.0,11.88,282.48,4.6,8,101700.0,9999999
72494,0,2458,18.9,8.58,443.0,371.0,11.88,284.41,7.2,8,101700.0,9999999
72494,0,2459,16.1,9.23,821.0,358.0,11.88,285.37,5.2,9,101700.0,9999999
72494,0,2460,17.2,8.58,913.0,210.0,11.88,282.87,5.7,8,101700.0,9999999
72494,0,2461,17.8,8.24,803.0,262.0,11.88,283.25,7.2,9,101700.0,9999999
72494,0,2462,17.2,7.65,691.0,242.0,11.88,279.29,7.2,9,101600.0,9999999
72494,0,2463,16.7,7.97,470.0,278.0,11.88,282.08,6.2,9,101500.0,9999999
72494,0,2464,15.6,7.65,287.0,210.0,11.88,280.9,4.6,9,101500.0,9999999
72494,0,2465,15.0,7.65,213.0,155.0,11.88,280.3,4.6,9,101500.0,9999999
72494,0,2466,14.4,7.34,11.0,8.0,11.88,281.1,6.2,9,101500.0,9999999
72494,0,2467,14.4,7.34,0.0,0.0,11.88,281.1,5.2,9,101500.0,9999999
72494,0,2468,13.9,7.65,0.0,0.0,11.88,280.7,5.2,9,101500.0,9999999
72494,0,2469,13.9,7.65,0.0,0.0,11.88,280.7,4.6,9,101400.0,9999999
72494,0,2470,13.3,7.34,0.0,0.0,11.88,279.9,4.1,9,101400.0,9999999
72494,0,2471,12.8,7.09,0.0,0.0,11.88,276.83,2.6,8,101400.0,9999999
72494,0,2472,12.8,7.09,0.0,0.0,11.88,276.83,1.5,7,101400.0,9999999
72494,0,2473,13.3,7.09,0.0,0.0,11.88,279.9,2.1,6,101300.0,9999999
72494,0,2474,12.8,7.09,0.0,0.0,11.88,279.29,4.1,5,101300.0,9999999
72494,0,2475,12.8,7.09,0.0,0.0,11.88,279.29,3.1,5,101200.0,9999999
72494,0,2476,12.2,7.34,0.0,0.0,11.88,280.9,3.6,7,101200.0,9999999
72494,0,2477,11.7,7.34,0.0,0.0,11.88,280.3,3.6,6,101300.0,9999999
72494,0,2478,12.2,7.65,111.0,39.0,11.88,279.09,3.6,6,101300.0,9999999
72494,0,2479,12.8,7.65,319.0,78.0,11.88,275.58,2.1,5,101300.0,9999999
72494,0,2480,13.3,7.09,511.0,118.0,11.88,278.27,1.5,5,101300.0,9999999
72494,0,2481,14.4,7.65,673.0,210.0,11.88,276.62,3.1,16,101400.0,9999999
72494,0,2482,14.4,7.65,637.0,377.0,11.88,279.7,3.6,16,101400.0,9999999
72494,0,2483,13.9,7.65,839.0,312.0,11.88,279.09,4.1,16,101400.0,9999999
72494,0,2484,15.6,7.97,876.0,235.0,11.88,284.41,1.5,14,101400.0,9999999
72494,0,2485,15.0,7.65,880.0,175.0,11.88,280.3,4.6,11,101400.0,9999999
72494,0,2486,16.1,7.65,764.0,150.0,11.88,278.27,6.2,12,101300.0,9999999
72494,0,2487,16.1,7.65,600.0,135.0,11.88,278.27,7.7,12,101300.0,9999999
72494,0,2488,15.0,7.65,404.0,128.0,11.88,280.3,6.7,11,101400.0,9999999
72494,0,2489,13.3,7.65,210.0,111.0,11.88,278.68,6.7,11,101400.0,9999999
72494,0,2490,12.8,7.65,11.0,6.0,11.88,275.58,4.6,11,101400.0,9999999
72494,0,2491,12.8,7.34,0.0,0.0,11.88,275.36,5.7,11,101500.0,9999999
72494,0,2492,12.8,7.34,0.0,0.0,11.88,277.86,4.1,9,101500.0,9999999
72494,0,2493,12.8,7.09,0.0,0.0,11.88,281.29,2.6,9,101500.0,9999999
72494,0,2494,12.2,7.09,0.0,0.0,11.88,280.7,2.6,9,101500.0,9999999
72494,0,2495,12.2,7.09,0.0,0.0,11.88,277.25,2.1,9,101500.0,9999999
72494,0,2496,12.2,7.09,0.0,0.0,11.88,277.25,2.1,8,101400.0,9999999
72494,0,2497,12.2,7.34,0.0,0.0,11.88,280.9,2.6,8,101400.0,9999999
72494,0,2498,12.2,7.34,0.0,0.0,11.88,277.45,1.5,7,101400.0,9999999
72494,0,2499,12.2,7.34,0.0,0.0,11.88,278.89,1.5,6,101400.0,9999999
72494,0,2500,12.2,7.65,0.0,0.0,11.88,280.9,3.6,6,101400.0,9999999
72494,0,2501,12.2,7.09,0.0,0.0,11.88,280.7,2.1,9,101400.0,9999999
72494,0,2502,12.2,7.34,43.0,43.0,11.88,280.9,5.2,12,101500.0,9999999
72494,0,2503,12.8,7.34,138.0,134.0,11.88,281.49,3.6,11,101500.0,9999999
72494,0,2504,13.3,6.57,345.0,254.0,11.88,281.49,2.6,9,101500.0,9999999
72494,0,2505,14.4,6.08,516.0,337.0,11.88,282.28,5.2,9,101400.0,9999999
72494,0,2506,15.6,6.3,518.0,397.0,11.88,283.64,5.2,8,101400.0,9999999
72494,0,2507,16.7,6.3,556.0,430.0,11.88,284.79,3.6,8,101400.0,9999999
72494,0,2508,16.1,6.3,374.0,342.0,11.88,284.22,6.7,8,101400.0,9999999
72494,0,2509,15.0,6.8,657.0,412.0,11.88,283.25,6.2,8,101300.0,9999999
72494,0,2510,14.4,7.09,402.0,347.0,11.88,279.49,5.7,8,101300.0,9999999
72494,0,2511,14.4,6.3,354.0,297.0,11.88,282.48,3.6,8,101200.0,9999999
72494,0,2512,15.6,6.57,126.0,126.0,11.88,281.89,6.2,8,101200.0,9999999
72494,0,2513,14.4,6.57,110.0,108.0,11.88,280.7,5.2,8,101200.0,9999999
72494,0,2514,13.9,6.57,7.0,6.0,11.88,280.1,5.2,8,101200.0,9999999
72494,0,2515,13.3,6.8,0.0,0.0,11.88,278.27,6.7,8,101200.0,9999999
72494,0,2516,13.3,6.57,0.0,0.0,11.88,277.04,3.6,7,101200.0,9999999
72494,0,2517,13.3,6.8,0.0,0.0,11.88,278.27,2.1,6,101100.0,9999999
72494,0,2518,13.9,6.8,0.0,0.0,11.88,276.83,5.2,8,101100.0,9999999
72494,0,2519,13.9,6.57,0.0,0.0,11.88,278.68,4.6,5,101100.0,9999999
72494,0,2520,13.9,6.3,0.0,0.0,11.88,281.89,6.7,6,101100.0,9999999
72494,0,2521,13.9,6.3,0.0,0.0,11.88,281.89,6.2,5,101100.0,9999999
72494,0,2522,13.9,6.3,0.0,0.0,11.88,280.1,5.7,4,101000.0,9999999
72494,0,2523,13.3,6.57,0.0,0.0,11.88,279.49,6.7,6,100900.0,9999999
72494,0,2524,12.8,6.8,0.0,0.0,11.88,275.15,5.7,5,100900.0,9999999
72494,0,2525,12.8,6.57,0.0,0.0,11.88,275.79,7.2,5,101000.0,9999999
72494,0,2526,13.3,6.3,53.0,52.0,11.88,277.86,5.2,6,101000.0,9999999
72494,0,2527,13.9,6.57,80.0,80.0,11.88,282.08,5.7,5,101000.0,9999999
72494,0,2528,15.0,6.57,107.0,107.0,11.88,283.25,7.7,5,101000.0,9999999
72494,0,2529,15.6,6.8,522.0,346.0,11.88,283.84,7.2,5,101000.0,9999999
72494,0,2530,16.7,7.09,205.0,200.0,11.88,285.18,9.3,5,101000.0,9999999
72494,0,2531,16.1,7.09,148.0,148.0,11.88,284.6,9.8,6,101000.0,9999999
72494,0,2532,16.1,7.09,147.0,147.0,11.88,284.6,11.3,5,100900.0,9999999
72494,0,2533,15.6,8.24,153.0,153.0,11.88,284.6,5.2,7,100900.0,9999999
72494,0,2534,14.4,8.58,154.0,154.0,11.88,283.45,4.6,7,100900.0,9999999
72494,0,2535,13.9,8.58,108.0,108.0,11.88,283.06,3.1,7,100800.0,9999999
72494,0,2536,13.9,8.58,125.0,125.0,11.88,283.06,2.6,5,100800.0,9999999
72494,0,2537,13.3,8.58,149.0,126.0,11.88,282.48,2.6,6,100700.0,9999999
72494,0,2538,13.9,8.24,10.0,8.0,11.88,282.87,2.6,5,100600.0,9999999
72494,0,2539,13.3,8.58,0.0,0.0,11.88,282.48,3.6,5,100700.0,9999999
72494,0,2540,13.3,8.24,0.0,0.0,11.88,282.28,5.2,6,100700.0,9999999
72494,0,2541,12.8,8.24,0.0,0.0,11.88,281.89,2.6,8,100700.0,9999999
72494,0,2542,12.2,8.24,0.0,0.0,11.88,281.29,2.6,9,100700.0,9999999
72494,0,2543,11.7,8.24,0.0,0.0,11.88,280.7,2.1,9,100700.0,9999999
72494,0,2544,12.2,8.24,0.0,0.0,11.88,281.29,3.1,7,100700.0,9999999
72494,0,2545,11.7,7.65,0.0,0.0,11.88,280.5,5.2,8,100700.0,9999999
72494,0,2546,11.1,7.34,0.0,0.0,11.88,279.7,4.6,9,100700.0,9999999
72494,0,2547,11.1,7.65,0.0,0.0,11.88,279.9,4.1,8,100700.0,9999999
72494,0,2548,11.1,7.09,0.0,0.0,11.88,279.7,2.6,12,100800.0,9999999
72494,0,2549,11.1,7.34,0.0,0.0,11.88,279.7,2.1,8,100800.0,9999999
72494,0,2550,11.7,6.8,38.0,38.0,11.88,280.1,0.0,0,100900.0,9999999
72494,0,2551,11.7,7.34,157.0,146.0,11.88,280.3,3.1,8,100900.0,9999999
72494,0,2552,12.8,7.09,518.0,195.0,11.88,281.29,4.6,8,101000.0,9999999
72494,0,2553,13.3,6.08,696.0,154.0,11.88,276.62,4.6,8,100900.0,9999999
72494,0,2554,15.6,5.38,837.0,178.0,11.88,279.7,4.1,8,101000.0,9999999
72494,0,2555,15.6,5.38,881.0,211.0,11.88,277.04,4.1,8,101000.0,9999999
72494,0,2556,16.1,5.15,944.0,173.0,11.88,277.04,5.7,9,101000.0,9999999
72494,0,2557,16.7,5.38,886.0,149.0,11.88,277.66,5.7,9,101000.0,9999999
72494,0,2558,17.2,5.82,770.0,131.0,11.88,281.49,6.2,9,101000.0,9999999
72494,0,2559,16.1,5.15,613.0,119.0,11.88,277.45,7.7,8,101000.0,9999999
72494,0,2560,16.1,5.15,425.0,113.0,11.88,277.04,6.2,9,101000.0,9999999
72494,0,2561,14.4,5.62,214.0,112.0,11.88,276.21,7.2,8,101000.0,9999999
72494,0,2562,13.3,6.3,15.0,8.0,11.88,275.36,4.1,8,101000.0,9999999
72494,0,2563,12.2,6.8,0.0,0.0,11.88,274.09,0.0,0,101100.0,9999999
72494,0,2564,12.8,5.62,0.0,0.0,11.88,274.09,5.7,7,101100.0,9999999
72494,0,2565,12.8,6.8,0.0,0.0,11.88,274.73,5.2,3,101200.0,9999999
72494,0,2566,12.2,6.08,0.0,0.0,11.88,270.37,2.6,4,101200.0,9999999
72494,0,2567,11.1,6.3,0.0,0.0,11.88,269.48,0.0,0,101300.0,9999999
72494,0,2568,10.6,6.3,0.0,0.0,11.88,272.36,2.6,13,101300.0,9999999
72494,0,2569,11.7,7.34,0.0,0.0,11.88,274.3,4.6,15,101300.0,9999999
72494,0,2570,11.1,6.8,0.0,0.0,11.88,273.66,3.6,14,101300.0,9999999
72494,0,2571,11.1,6.57,0.0,0.0,11.88,273.01,0.0,0,101400.0,9999999
72494,0,2572,8.9,6.3,0.0,0.0,11.88,270.15,2.6,8,101400.0,9999999
72494,0,2573,9.4,6.3,0.0,0.0,11.88,271.26,1.5,12,101500.0,9999999
72494,0,2574,11.1,7.09,131.0,43.0,11.88,276.21,3.6,15,101600.0,9999999
72494,0,2575,12.2,7.09,338.0,80.0,11.88,273.66,3.6,16,101700.0,9999999
72494,0,2576,13.3,7.34,545.0,107.0,11.88,274.94,3.1,16,101700.0,9999999
72494,0,2577,13.3,7.09,724.0,108.0,11.88,274.73,1.5,4,101800.0,9999999
72494,0,2578,14.4,6.57,849.0,143.0,11.88,275.58,2.1,3,101900.0,9999999
72494,0,2579,16.1,6.8,941.0,131.0,11.88,277.25,3.1,1,101900.0,9999999
72494,0,2580,17.2,5.82,950.0,171.0,11.88,277.86,7.2,12,101900.0,9999999
72494,0,2581,16.7,6.08,847.0,216.0,11.88,278.68,7.2,12,102000.0,9999999
72494,0,2582,16.7,5.38,723.0,193.0,11.88,277.04,8.2,12,101900.0,9999999
72494,0,2583,16.7,5.38,576.0,173.0,11.88,277.04,8.2,12,101900.0,9999999
72494,0,2584,15.6,5.82,416.0,128.0,11.88,276.41,7.2,11,102000.0,9999999
72494,0,2585,14.4,6.08,224.0,109.0,11.88,272.36,8.8,11,102000.0,9999999
72494,0,2586,13.3,7.09,17.0,8.0,11.88,274.73,8.8,12,102000.0,9999999
72494,0,2587,12.2,7.34,0.0,0.0,11.88,273.87,5.2,12,102100.0,9999999
72494,0,2588,12.2,7.34,0.0,0.0,11.88,273.87,5.2,12,102200.0,9999999
72494,0,2589,11.7,7.34,0.0,0.0,11.88,273.44,2.1,12,102100.0,9999999
72494,0,2590,11.7,7.34,0.0,0.0,11.88,270.37,3.1,12,102200.0,9999999
72494,0,2591,11.1,7.09,0.0,0.0,11.88,269.7,2.6,12,102200.0,9999999
72494,0,2592,11.1,7.09,0.0,0.0,11.88,269.7,2.6,12,102200.0,9999999
72494,0,2593,11.1,7.09,0.0,0.0,11.88,272.58,3.1,11,102100.0,9999999
72494,0,2594,10.6,6.8,0.0,0.0,11.88,269.25,0.0,0,102100.0,9999999
72494,0,2595,8.9,6.08,0.0,0.0,11.88,270.15,2.1,8,102100.0,9999999
72494,0,2596,8.3,5.82,0.0,0.0,11.88,269.25,2.1,9,102100.0,9999999
72494,0,2597,9.4,5.82,0.0,0.0,11.88,267.43,1.5,8,102100.0,9999999
72494,0,2598,12.2,7.09,107.0,63.0,11.88,273.66,0.0,0,102200.0,9999999
72494,0,2599,13.3,7.09,307.0,128.0,11.88,273.23,2.1,12,102200.0,9999999
72494,0,2600,13.9,6.8,489.0,168.0,11.88,273.66,3.1,13,102200.0,9999999
72494,0,2601,15.6,6.3,724.0,160.0,11.88,276.0,3.6,13,102200.0,9999999
72494,0,2602,16.7,6.3,832.0,192.0,11.88,276.0,3.6,13,102300.0,9999999
72494,0,2603,17.2,6.08,935.0,160.0,11.88,277.25,5.2,13,102200.0,9999999
72494,0,2604,17.2,5.62,938.0,152.0,11.88,277.04,5.7,13,102200.0,9999999
72494,0,2605,17.2,6.3,892.0,150.0,11.88,276.41,7.2,12,102200.0,9999999
72494,0,2606,17.2,6.3,776.0,147.0,11.88,275.15,5.7,12,102100.0,9999999
72494,0,2607,16.7,6.08,611.0,157.0,11.88,277.45,7.7,12,102000.0,9999999
72494,0,2608,15.0,6.3,406.0,141.0,11.88,276.0,8.8,12,102100.0,9999999
72494,0,2609,13.9,6.57,221.0,110.0,11.88,273.44,7.7,12,102000.0,9999999
72494,0,2610,13.3,6.8,18.0,9.0,11.88,273.87,7.7,12,102000.0,9999999
72494,0,2611,12.8,7.09,0.0,0.0,11.88,274.3,6.7,12,102100.0,9999999
72494,0,2612,12.8,7.34,0.0,0.0,11.88,272.8,6.2,12,102100.0,9999999
72494,0,2613,12.2,7.65,0.0,0.0,11.88,272.36,4.6,12,102100.0,9999999
72494,0,2614,12.2,7.34,0.0,0.0,11.88,272.14,3.6,12,102100.0,9999999
72494,0,2615,12.2,7.34,0.0,0.0,11.88,274.3,3.6,11,102100.0,9999999
72494,0,2616,11.7,7.34,0.0,0.0,11.88,275.79,1.5,10,102100.0,9999999
72494,0,2617,11.1,6.57,0.0,0.0,11.88,277.45,2.6,9,102000.0,9999999
72494,0,2618,11.7,7.34,0.0,0.0,11.88,274.94,4.1,11,102000.0,9999999
72494,0,2619,11.7,7.34,0.0,0.0,11.88,275.79,2.1,12,102000.0,9999999
72494,0,2620,11.1,7.34,0.0,0.0,11.88,273.87,3.1,12,102000.0,9999999
72494,0,2621,11.7,7.34,1.0,0.0,11.88,273.87,2.1,12,102000.0,9999999
72494,0,2622,12.8,7.34,138.0,46.0,11.88,274.94,3.6,12,102000.0,9999999
72494,0,2623,13.9,7.09,345.0,81.0,11.88,274.73,1.5,14,102000.0,9999999
72494,0,2624,14.4,7.34,531.0,134.0,11.88,273.01,3.1,1,102000.0,9999999
72494,0,2625,15.6,7.34,730.0,134.0,11.88,277.04,2.6,2,101900.0,9999999
72494,0,2626,16.1,7.34,872.0,132.0,11.88,277.66,2.1,2,102000.0,9999999
72494,0,2627,18.9,7.34,947.0,132.0,11.88,280.3,4.1,12,101900.0,9999999
72494,0,2628,18.9,6.57,956.0,135.0,11.88,279.9,8.2,11,101800.0,9999999
72494,0,2629,18.3,6.3,892.0,148.0,11.88,279.09,9.3,12,101800.0,9999999
72494,0,2630,17.8,6.08,775.0,150.0,11.88,278.48,9.3,12,101700.0,9999999
72494,0,2631,17.2,6.8,618.0,119.0,11.88,277.66,9.8,11,101700.0,9999999
72494,0,2632,16.7,7.09,430.0,169.0,11.88,275.15,8.8,12,101700.0,9999999
72494,0,2633,15.6,7.09,154.0,126.0,11.88,276.21,9.3,11,101600.0,9999999
72494,0,2634,13.9,7.65,14.0,11.0,11.88,276.21,8.8,11,101600.0,9999999
72494,0,2635,13.3,7.34,0.0,0.0,11.88,274.94,8.8,12,101600.0,9999999
72494,0,2636,12.8,7.65,0.0,0.0,11.88,274.52,7.2,12,101600.0,9999999
72494,0,2637,12.2,7.65,0.0,0.0,11.88,273.87,6.7,12,101600.0,9999999
72494,0,2638,12.2,7.65,0.0,0.0,11.88,273.87,7.7,11,101700.0,9999999
72494,0,2639,12.2,7.65,0.0,0.0,11.88,273.87,7.2,12,101600.0,9999999
72494,0,2640,11.7,7.65,0.0,0.0,11.88,273.44,5.7,12,101600.0,9999999
72494,0,2641,11.7,7.65,0.0,0.0,11.88,274.09,3.6,12,101500.0,9999999
72494,0,2642,11.7,7.65,0.0,0.0,11.88,275.15,4.6,12,101400.0,9999999
72494,0,2643,12.2,7.65,0.0,0.0,11.88,277.45,7.2,12,101400.0,9999999
72494,0,2644,11.7,7.65,0.0,0.0,11.88,277.04,6.7,12,101400.0,9999999
72494,0,2645,11.7,7.65,1.0,1.0,11.88,277.04,8.2,12,101400.0,9999999
72494,0,2646,12.2,7.65,53.0,53.0,11.88,280.9,8.8,11,101500.0,9999999
72494,0,2647,12.2,7.65,109.0,109.0,11.88,280.9,7.7,12,101500.0,9999999
72494,0,2648,13.3,7.65,230.0,220.0,11.88,282.08,5.7,12,101500.0,9999999
72494,0,2649,14.4,7.65,294.0,282.0,11.88,283.06,8.8,12,101500.0,9999999
72494,0,2650,14.4,7.34,456.0,387.0,11.88,279.49,9.8,11,101500.0,9999999
72494,0,2651,15.6,7.34,491.0,427.0,11.88,280.7,12.9,11,101500.0,9999999
72494,0,2652,14.4,7.34,497.0,432.0,11.88,279.49,10.3,12,101600.0,9999999
72494,0,2653,14.4,7.09,471.0,399.0,11.88,279.49,8.8,11,101600.0,9999999
72494,0,2654,13.3,7.34,234.0,229.0,11.88,279.9,10.3,11,101500.0,9999999
72494,0,2655,13.3,7.09,187.0,187.0,11.88,281.69,9.8,12,101500.0,9999999
72494,0,2656,12.8,7.09,132.0,132.0,11.88,281.29,10.8,12,101600.0,9999999
72494,0,2657,12.2,6.8,127.0,121.0,11.88,277.04,8.2,12,101600.0,9999999
72494,0,2658,12.2,6.8,12.0,11.0,11.88,277.04,10.3,11,101700.0,9999999
72494,0,2659,11.7,6.8,0.0,0.0,11.88,276.62,12.4,11,101700.0,9999999
72494,0,2660,11.7,6.8,0.0,0.0,11.88,276.62,13.4,11,101700.0,9999999
72494,0,2661,11.7,6.8,0.0,0.0,11.88,276.62,6.7,11,101800.0,9999999
72494,0,2662,11.7,6.57,0.0,0.0,11.88,276.62,4.6,10,101700.0,9999999
72494,0,2663,11.7,6.8,0.0,0.0,11.88,276.62,4.6,10,101800.0,9999999
72494,0,2664,12.2,7.09,0.0,0.0,11.88,277.25,5.2,11,101800.0,9999999
72494,0,2665,12.2,7.65,0.0,0.0,11.88,279.09,4.6,11,101800.0,9999999
72494,0,2666,12.2,8.24,0.0,0.0,11.88,281.29,4.1,9,101800.0,9999999
72494,0,2667,12.8,8.58,0.0,0.0,11.88,281.89,8.2,11,101800.0,9999999
72494,0,2668,12.8,8.58,0.0,0.0,11.88,281.89,3.6,10,101800.0,9999999
72494,0,2669,12.8,8.87,1.0,1.0,11.88,282.08,2.6,10,101900.0,9999999
72494,0,2670,12.8,8.87,40.0,40.0,11.88,282.08,2.6,6,101900.0,9999999
72494,0,2671,13.9,8.87,96.0,96.0,11.88,283.06,3.1,10,102000.0,9999999
72494,0,2672,14.4,9.23,128.0,128.0,11.88,283.84,5.2,9,102000.0,9999999
72494,0,2673,12.8,8.58,475.0,324.0,11.88,281.89,8.2,12,102000.0,9999999
72494,0,2674,15.6,8.58,759.0,316.0,11.88,282.67,8.2,11,102100.0,9999999
72494,0,2675,15.0,7.34,882.0,261.0,11.88,277.66,8.8,12,102100.0,9999999
72494,0,2676,16.1,7.34,938.0,189.0,11.88,278.68,8.8,11,102100.0,9999999
72494,0,2677,16.1,7.09,898.0,150.0,11.88,278.48,10.3,12,102100.0,9999999
72494,0,2678,15.6,6.08,781.0,129.0,11.88,277.04,12.9,12,102100.0,9999999
72494,0,2679,15.0,6.3,624.0,157.0,11.88,276.0,9.3,11,102000.0,9999999
72494,0,2680,13.9,6.08,403.0,158.0,11.88,275.36,7.7,11,102100.0,9999999
72494,0,2681,12.8,5.82,225.0,110.0,11.88,274.09,7.7,12,102100.0,9999999
72494,0,2682,11.7,6.08,22.0,11.0,11.88,273.23,6.7,12,102100.0,9999999
72494,0,2683,11.7,6.08,0.0,0.0,11.88,273.23,6.2,11,102100.0,9999999
72494,0,2684,11.1,6.08,0.0,0.0,11.88,272.8,6.2,12,102200.0,9999999
72494,0,2685,11.1,5.82,0.0,0.0,11.88,271.92,9.3,12,102100.0,9999999
72494,0,2686,11.1,5.82,0.0,0.0,11.88,271.92,14.4,12,102200.0,9999999
72494,0,2687,11.1,5.82,0.0,0.0,11.88,269.25,13.9,12,102200.0,9999999
72494,0,2688,10.6,5.82,0.0,0.0,11.88,271.48,12.9,12,102200.0,9999999
72494,0,2689,10.6,6.08,0.0,0.0,11.88,271.7,10.8,12,102200.0,9999999
72494,0,2690,10.6,6.08,0.0,0.0,11.88,271.7,9.3,12,102200.0,9999999
72494,0,2691,10.6,5.82,0.0,0.0,11.88,271.48,8.2,12,102200.0,9999999
72494,0,2692,10.0,6.08,0.0,0.0,11.88,271.04,8.2,12,102200.0,9999999
72494,0,2693,10.6,6.08,3.0,2.0,11.88,271.7,6.7,12,102200.0,9999999
72494,0,2694,11.7,5.82,150.0,48.0,11.88,272.58,10.8,12,102300.0,9999999
72494,0,2695,12.8,5.82,339.0,106.0,11.88,270.82,11.3,12,102300.0,9999999
72494,0,2696,13.9,5.62,543.0,126.0,11.88,271.7,10.8,12,102300.0,9999999
72494,0,2697,14.4,5.38,693.0,180.0,11.88,271.92,9.3,12,102300.0,9999999
72494,0,2698,15.0,5.62,822.0,213.0,11.88,272.8,9.3,12,102300.0,9999999
72494,0,2699,16.7,5.82,864.0,268.0,11.88,274.52,9.3,12,102300.0,9999999
72494,0,2700,16.1,5.62,877.0,283.0,11.88,273.66,10.3,12,102300.0,9999999
72494,0,2701,16.1,5.82,872.0,227.0,11.88,273.87,11.8,12,102300.0,9999999
72494,0,2702,16.1,6.08,721.0,216.0,11.88,274.09,10.8,12,102200.0,9999999
72494,0,2703,15.6,5.82,588.0,174.0,11.88,274.73,11.8,12,102100.0,9999999
72494,0,2704,14.4,6.08,394.0,168.0,11.88,272.36,11.8,12,102200.0,9999999
72494,0,2705,12.8,6.3,247.0,152.0,11.88,271.04,11.8,12,102200.0,9999999
72494,0,2706,12.2,6.3,26.0,16.0,11.88,270.37,10.8,12,102200.0,9999999
72494,0,2707,11.7,6.57,0.0,0.0,11.88,270.15,7.2,12,102200.0,9999999
72494,0,2708,11.1,6.57,0.0,0.0,11.88,269.48,6.7,11,102300.0,9999999
72494,0,2709,11.1,6.57,0.0,0.0,11.88,269.48,5.7,11,102200.0,9999999
72494,0,2710,11.1,6.57,0.0,0.0,11.88,269.48,3.1,11,102200.0,9999999
72494,0,2711,10.6,6.3,0.0,0.0,11.88,269.03,0.0,0,102200.0,9999999
72494,0,2712,9.4,6.3,0.0,0.0,11.88,267.89,2.6,12,102200.0,9999999
72494,0,2713,9.4,6.3,0.0,0.0,11.88,267.89,3.1,12,102200.0,9999999
72494,0,2714,8.9,6.3,0.0,0.0,11.88,267.43,3.1,12,102100.0,9999999
72494,0,2715,8.9,6.08,0.0,0.0,11.88,268.57,3.1,12,102100.0,9999999
72494,0,2716,8.3,6.08,0.0,0.0,11.88,268.8,1.5,11,102100.0,9999999
72494,0,2717,9.4,6.57,4.0,2.0,11.88,270.82,4.1,12,102200.0,9999999
72494,0,2718,11.1,6.8,155.0,50.0,11.88,269.7,2.1,12,102200.0,9999999
72494,0,2719,12.8,7.09,363.0,81.0,11.88,271.48,1.5,3,102200.0,9999999
72494,0,2720,13.9,7.34,570.0,95.0,11.88,272.58,1.5,1,102200.0,9999999
72494,0,2721,14.4,7.09,743.0,136.0,11.88,273.01,1.5,2,102100.0,9999999
72494,0,2722,16.1,6.8,816.0,241.0,11.88,274.3,1.5,3,102100.0,9999999
72494,0,2723,17.2,6.8,876.0,246.0,11.88,275.36,6.7,12,102100.0,9999999
72494,0,2724,17.8,6.8,883.0,277.0,11.88,277.25,7.7,12,102000.0,9999999
72494,0,2725,16.7,6.08,904.0,241.0,11.88,276.0,9.3,11,102100.0,9999999
72494,0,2726,15.6,6.3,681.0,282.0,11.88,273.66,7.7,11,102000.0,9999999
72494,0,2727,15.0,6.08,494.0,278.0,11.88,274.3,9.3,12,102000.0,9999999
72494,0,2728,14.4,6.08,385.0,179.0,11.88,273.66,8.2,12,102000.0,9999999
72494,0,2729,13.9,5.82,245.0,153.0,11.88,273.01,7.2,11,101900.0,9999999
72494,0,2730,12.2,6.08,27.0,17.0,11.88,270.37,8.8,11,101900.0,9999999
72494,0,2731,11.7,6.08,0.0,0.0,11.88,269.93,9.8,11,102000.0,9999999
72494,0,2732,11.1,5.82,0.0,0.0,11.88,271.26,4.1,12,102100.0,9999999
72494,0,2733,11.1,5.82,0.0,0.0,11.88,269.25,8.2,12,102100.0,9999999
72494,0,2734,11.1,5.62,0.0,0.0,11.88,269.03,6.7,12,102100.0,9999999
72494,0,2735,11.1,5.62,0.0,0.0,11.88,269.03,5.7,12,102100.0,9999999
72494,0,2736,11.1,5.38,0.0,0.0,11.88,268.8,8.2,12,102100.0,9999999
72494,0,2737,11.1,5.38,0.0,0.0,11.88,268.8,9.3,12,102100.0,9999999
72494,0,2738,11.1,6.08,0.0,0.0,11.88,269.25,7.7,12,102100.0,9999999
72494,0,2739,11.1,6.3,0.0,0.0,11.88,269.48,7.7,11,102100.0,9999999
72494,0,2740,10.6,6.57,0.0,0.0,11.88,269.03,7.2,12,102200.0,9999999
72494,0,2741,11.1,6.8,5.0,4.0,11.88,269.7,6.7,11,102200.0,9999999
72494,0,2742,12.2,7.09,87.0,76.0,11.88,270.82,7.2,12,102200.0,9999999
72494,0,2743,13.3,7.34,327.0,164.0,11.88,274.94,7.7,12,102200.0,9999999
72494,0,2744,14.4,7.65,257.0,233.0,11.88,276.0,6.7,12,102300.0,9999999
72494,0,2745,15.6,7.97,410.0,340.0,11.88,277.45,7.2,12,102300.0,9999999
72494,0,2746,16.7,8.24,468.0,393.0,11.88,278.48,7.2,12,102300.0,9999999
72494,0,2747,15.0,8.24,687.0,438.0,11.88,280.5,4.6,11,102300.0,9999999
72494,0,2748,17.8,8.58,478.0,434.0,11.88,279.7,7.7,12,102200.0,9999999
72494,0,2749,16.7,8.58,401.0,380.0,11.88,278.68,9.3,12,102200.0,9999999
72494,0,2750,16.7,8.58,280.0,271.0,11.88,278.68,11.3,11,102200.0,9999999
72494,0,2751,16.1,8.58,308.0,288.0,11.88,279.09,10.3,11,102100.0,9999999
72494,0,2752,15.0,8.24,163.0,163.0,11.88,278.07,10.3,11,102000.0,9999999
72494,0,2753,13.3,8.24,157.0,128.0,11.88,278.89,7.2,12,102100.0,9999999
72494,0,2754,12.8,7.65,19.0,15.0,11.88,275.58,6.2,12,102000.0,9999999
72494,0,2755,13.3,7.09,0.0,0.0,11.88,275.79,7.2,11,102000.0,9999999
72494,0,2756,12.2,6.57,0.0,0.0,11.88,273.44,8.8,12,102100.0,9999999
72494,0,2757,11.7,6.8,0.0,0.0,11.88,274.09,4.6,12,102000.0,9999999
72494,0,2758,11.1,6.8,0.0,0.0,11.88,273.66,4.6,12,102000.0,9999999
72494,0,2759,11.1,6.57,0.0,0.0,11.88,273.01,3.6,12,102000.0,9999999
72494,0,2760,10.6,6.57,0.0,0.0,11.88,271.92,1.5,11,102000.0,9999999
72494,0,2761,10.0,6.3,0.0,0.0,11.88,268.34,1.5,11,101900.0,9999999
72494,0,2762,11.1,6.57,0.0,0.0,11.88,269.48,0.0,0,101900.0,9999999
72494,0,2763,10.0,6.3,0.0,0.0,11.88,268.34,0.0,0,101900.0,9999999
72494,0,2764,10.0,6.3,0.0,0.0,11.88,268.34,0.0,0,101900.0,9999999
72494,0,2765,11.1,6.8,6.0,3.0,11.88,269.7,0.0,0,101900.0,9999999
72494,0,2766,13.9,7.65,158.0,53.0,11.88,272.8,0.0,0,101900.0,9999999
72494,0,2767,14.4,8.24,351.0,104.0,11.88,273.44,2.1,4,101900.0,9999999
72494,0,2768,15.6,8.58,540.0,146.0,11.88,274.73,0.0,0,101900.0,9999999
72494,0,2769,16.7,8.24,684.0,212.0,11.88,275.58,1.5,2,101800.0,9999999
72494,0,2770,20.0,7.65,811.0,247.0,11.88,278.48,2.6,15,101800.0,9999999
72494,0,2771,20.6,8.24,883.0,243.0,11.88,279.29,1.5,2,101700.0,9999999
72494,0,2772,20.0,9.23,889.0,275.0,11.88,279.09,1.5,15,101700.0,9999999
72494,0,2773,24.4,7.97,904.0,180.0,11.88,282.87,8.2,12,101600.0,9999999
72494,0,2774,20.0,6.57,793.0,148.0,11.88,278.07,9.3,12,101600.0,9999999
72494,0,2775,20.0,5.82,622.0,140.0,11.88,277.66,9.8,12,101500.0,9999999
72494,0,2776,19.4,5.38,440.0,121.0,11.88,276.83,9.8,12,101500.0,9999999
72494,0,2777,18.3,4.97,251.0,119.0,11.88,275.36,8.2,12,101500.0,9999999
72494,0,2778,16.1,4.58,31.0,15.0,11.88,273.01,11.3,12,101500.0,9999999
72494,0,2779,15.0,5.15,0.0,0.0,11.88,272.36,11.8,12,101600.0,9999999
72494,0,2780,14.4,4.75,0.0,0.0,11.88,271.7,7.2,12,101600.0,9999999
72494,0,2781,13.3,5.82,0.0,0.0,11.88,271.26,2.6,13,101600.0,9999999
72494,0,2782,12.8,5.62,0.0,0.0,11.88,270.6,3.6,12,101600.0,9999999
72494,0,2783,12.8,5.62,0.0,0.0,11.88,270.6,7.7,11,101600.0,9999999
72494,0,2784,12.2,6.3,0.0,0.0,11.88,270.37,4.1,11,101600.0,9999999
72494,0,2785,11.7,7.09,0.0,0.0,11.88,270.37,6.2,11,101500.0,9999999
72494,0,2786,11.1,7.34,0.0,0.0,11.88,272.8,4.6,11,101600.0,9999999
72494,0,2787,11.7,7.34,0.0,0.0,11.88,276.83,3.1,11,101600.0,9999999
72494,0,2788,11.7,7.34,0.0,0.0,11.88,276.83,6.2,12,101600.0,9999999
72494,0,2789,12.2,7.65,4.0,4.0,11.88,280.9,2.6,12,101600.0,9999999
72494,0,2790,12.8,7.97,110.0,82.0,11.88,279.7,3.1,11,101600.0,9999999
72494,0,2791,13.9,8.24,143.0,141.0,11.88,279.49,3.1,13,101600.0,9999999
72494,0,2792,15.0,8.24,211.0,208.0,11.88,280.5,4.1,12,101600.0,9999999
72494,0,2793,16.7,8.58,317.0,300.0,11.88,282.28,5.7,12,101700.0,9999999
72494,0,2794,17.2,8.87,446.0,405.0,11.88,284.41,6.7,12,101700.0,9999999
72494,0,2795,17.2,8.58,219.0,208.0,11.88,284.22,9.3,12,101700.0,9999999
72494,0,2796,14.4,9.23,392.0,370.0,11.88,283.84,10.8,12,101800.0,9999999
72494,0,2797,15.0,7.34,426.0,400.0,11.88,281.69,9.3,11,101800.0,9999999
72494,0,2798,15.6,7.09,347.0,332.0,11.88,280.5,8.2,11,101800.0,9999999
72494,0,2799,14.4,7.09,371.0,312.0,11.88,279.49,7.7,12,101800.0,9999999
72494,0,2800,14.4,7.09,309.0,227.0,11.88,282.87,9.8,11,101800.0,9999999
72494,0,2801,13.3,6.57,249.0,172.0,11.88,278.07,9.3,12,101800.0,9999999
72494,0,2802,12.2,6.3,32.0,22.0,11.88,274.3,8.2,12,101900.0,9999999
72494,0,2803,11.7,5.82,0.0,0.0,11.88,272.58,7.7,12,102000.0,9999999
72494,0,2804,11.7,5.62,0.0,0.0,11.88,273.44,7.2,12,102000.0,9999999
72494,0,2805,11.1,5.38,0.0,0.0,11.88,272.36,11.3,12,102000.0,9999999
72494,0,2806,11.1,5.62,0.0,0.0,11.88,271.92,7.2,13,102100.0,9999999
72494,0,2807,11.1,5.15,0.0,0.0,11.88,271.7,5.7,13,102100.0,9999999
72494,0,2808,10.6,5.15,0.0,0.0,11.88,271.04,5.7,12,102100.0,9999999
72494,0,2809,10.0,5.15,0.0,0.0,11.88,270.6,3.1,14,102000.0,9999999
72494,0,2810,10.0,5.15,0.0,0.0,11.88,270.6,5.7,13,102000.0,9999999
72494,0,2811,10.0,5.38,0.0,0.0,11.88,270.6,5.2,12,102000.0,9999999
72494,0,2812,10.0,4.75,0.0,0.0,11.88,270.37,7.7,13,102100.0,9999999
72494,0,2813,10.0,4.75,8.0,5.0,11.88,271.26,6.7,12,102200.0,9999999
72494,0,2814,10.6,4.97,168.0,58.0,11.88,271.04,6.7,13,102200.0,9999999
72494,0,2815,11.7,4.75,376.0,84.0,11.88,269.03,8.2,13,102200.0,9999999
72494,0,2816,12.8,4.75,583.0,111.0,11.88,270.15,8.2,12,102300.0,9999999
72494,0,2817,13.9,4.75,756.0,113.0,11.88,271.04,9.8,12,102200.0,9999999
72494,0,2818,14.4,4.97,892.0,136.0,11.88,274.73,10.8,12,102300.0,9999999
72494,0,2819,15.0,5.15,972.0,182.0,11.88,275.36,9.3,12,102300.0,9999999
72494,0,2820,15.0,5.38,858.0,351.0,11.88,275.58,12.9,12,102200.0,9999999
72494,0,2821,15.0,5.38,833.0,264.0,11.88,275.58,12.9,12,102200.0,9999999
72494,0,2822,15.6,5.38,746.0,239.0,11.88,276.0,10.8,12,102100.0,9999999
72494,0,2823,14.4,5.15,556.0,239.0,11.88,274.73,12.9,12,102000.0,9999999
72494,0,2824,13.9,5.15,421.0,154.0,11.88,274.3,14.4,12,102100.0,9999999
72494,0,2825,12.2,5.62,258.0,122.0,11.88,271.26,13.4,12,102100.0,9999999
72494,0,2826,11.7,5.38,35.0,17.0,11.88,269.48,10.8,12,102100.0,9999999
72494,0,2827,11.1,5.82,0.0,0.0,11.88,269.25,9.3,12,102100.0,9999999
72494,0,2828,10.6,5.82,0.0,0.0,11.88,268.57,7.7,12,102200.0,9999999
72494,0,2829,10.6,6.08,0.0,0.0,11.88,268.8,6.2,11,102100.0,9999999
72494,0,2830,10.6,5.82,0.0,0.0,11.88,268.57,5.2,11,102200.0,9999999
72494,0,2831,10.0,6.08,0.0,0.0,11.88,268.34,5.2,11,102200.0,9999999
72494,0,2832,10.0,5.82,0.0,0.0,11.88,268.12,4.1,11,102100.0,9999999
72494,0,2833,9.4,5.82,0.0,0.0,11.88,267.43,2.6,11,102100.0,9999999
72494,0,2834,8.9,5.62,0.0,0.0,11.88,266.96,2.6,11,102100.0,9999999
72494,0,2835,8.3,5.82,0.0,0.0,11.88,266.5,3.6,12,102100.0,9999999
72494,0,2836,8.3,5.82,0.0,0.0,11.88,269.25,4.1,12,102100.0,9999999
72494,0,2837,8.9,5.82,10.0,5.0,11.88,266.96,1.5,14,102200.0,9999999
72494,0,2838,11.1,5.82,173.0,51.0,11.88,269.25,0.0,0,102200.0,9999999
72494,0,2839,12.8,6.57,381.0,87.0,11.88,274.09,1.5,1,102200.0,9999999
72494,0,2840,15.0,6.57,557.0,143.0,11.88,273.23,4.6,13,102300.0,9999999
72494,0,2841,16.7,5.82,734.0,159.0,11.88,274.52,4.1,14,102200.0,9999999
72494,0,2842,16.7,5.15,875.0,178.0,11.88,274.09,5.2,13,102200.0,9999999
72494,0,2843,17.8,5.62,972.0,180.0,11.88,275.36,5.7,13,102200.0,9999999
72494,0,2844,19.4,5.62,864.0,362.0,11.88,276.83,6.2,12,102200.0,9999999
72494,0,2845,16.7,6.3,878.0,239.0,11.88,274.73,8.8,12,102200.0,9999999
72494,0,2846,17.2,5.82,753.0,206.0,11.88,274.94,8.2,12,102100.0,9999999
72494,0,2847,16.1,5.62,606.0,168.0,11.88,273.66,8.2,12,102100.0,9999999
72494,0,2848,15.0,6.08,412.0,166.0,11.88,273.01,9.8,12,102000.0,9999999
72494,0,2849,13.9,6.3,255.0,123.0,11.88,272.14,8.8,12,102000.0,9999999
72494,0,2850,12.2,6.3,36.0,18.0,11.88,270.37,8.2,12,102000.0,9999999
72494,0,2851,11.7,6.3,0.0,0.0,11.88,269.93,8.2,12,102100.0,9999999
72494,0,2852,11.1,6.57,0.0,0.0,11.88,269.48,8.2,12,102100.0,9999999
72494,0,2853,11.1,6.8,0.0,0.0,11.88,269.7,8.2,12,102100.0,9999999
72494,0,2854,10.6,6.57,0.0,0.0,11.88,269.03,4.6,12,102200.0,9999999
72494,0,2855,10.6,6.8,0.0,0.0,11.88,269.25,6.2,12,102200.0,9999999
72494,0,2856,10.6,6.57,0.0,0.0,11.88,269.03,6.7,11,102200.0,9999999
72494,0,2857,10.0,6.57,0.0,0.0,11.88,268.57,5.7,12,102200.0,9999999
72494,0,2858,10.0,6.8,0.0,0.0,11.88,268.57,5.7,12,102100.0,9999999
72494,0,2859,10.0,6.57,0.0,0.0,11.88,268.57,3.1,12,102000.0,9999999
72494,0,2860,9.4,6.3,0.0,0.0,11.88,267.89,2.6,12,102100.0,9999999
72494,0,2861,10.0,6.57,10.0,6.0,11.88,268.57,2.1,12,102100.0,9999999
72494,0,2862,11.7,6.57,174.0,60.0,11.88,270.15,0.0,0,102100.0,9999999
72494,0,2863,12.8,7.09,382.0,86.0,11.88,271.48,2.1,3,102100.0,9999999
72494,0,2864,14.4,7.34,574.0,129.0,11.88,273.01,2.1,1,102100.0,9999999
72494,0,2865,15.6,7.65,757.0,140.0,11.88,274.3,2.6,2,102000.0,9999999
72494,0,2866,16.1,7.97,881.0,152.0,11.88,274.94,3.1,2,102000.0,9999999
72494,0,2867,18.3,7.09,972.0,179.0,11.88,276.62,7.2,12,102000.0,9999999
72494,0,2868,17.2,6.8,895.0,303.0,11.88,275.36,9.8,12,102000.0,9999999
72494,0,2869,16.7,6.8,909.0,211.0,11.88,274.94,11.8,12,102000.0,9999999
72494,0,2870,16.1,6.8,772.0,182.0,11.88,274.3,12.9,12,102000.0,9999999
72494,0,2871,15.6,6.3,619.0,176.0,11.88,273.66,12.4,12,101900.0,9999999
72494,0,2872,14.4,6.57,427.0,146.0,11.88,275.58,13.4,12,101900.0,9999999
72494,0,2873,13.9,6.3,241.0,138.0,11.88,272.14,10.3,12,101900.0,9999999
72494,0,2874,13.3,5.62,36.0,21.0,11.88,271.04,9.8,12,101900.0,9999999
72494,0,2875,12.2,6.08,0.0,0.0,11.88,270.37,5.7,12,102000.0,9999999
72494,0,2876,11.7,6.3,0.0,0.0,11.88,269.93,4.1,12,102000.0,9999999
72494,0,2877,12.3,6.57,0.0,0.0,11.88,270.6,3.7,12,101900.0,9999999
72494,0,2878,12.8,6.8,0.0,0.0,11.88,271.26,3.4,12,101900.0,9999999
72494,0,2879,13.4,7.09,0.0,0.0,11.88,271.92,3.0,12,101900.0,9999999
72494,0,2880,13.9,7.34,0.0,0.0,13.97,272.58,2.6,12,101400.0,9999999
72494,0,2881,14.5,7.65,0.0,0.0,13.97,274.52,2.2,12,101400.0,9999999
72494,0,2882,15.0,7.91,0.0,0.0,13.97,275.15,1.9,16,101400.0,9999999
72494,0,2883,15.6,8.24,0.0,0.0,13.97,274.52,1.5,9,101400.0,9999999
72494,0,2884,14.4,7.65,0.0,0.0,13.97,273.23,0.0,0,101400.0,9999999
72494,0,2885,15.6,7.34,18.0,17.0,13.97,275.58,0.0,0,101500.0,9999999
72494,0,2886,20.0,6.57,134.0,78.0,13.97,279.29,0.0,0,101500.0,9999999
72494,0,2887,22.8,6.57,321.0,137.0,13.97,281.89,2.1,3,101500.0,9999999
72494,0,2888,23.9,6.57,516.0,183.0,13.97,283.06,2.6,2,101600.0,9999999
72494,0,2889,25.0,6.08,685.0,223.0,13.97,283.84,2.6,2,101600.0,9999999
72494,0,2890,26.7,6.3,824.0,222.0,13.97,285.55,3.1,16,101600.0,9999999
72494,0,2891,29.4,5.82,881.0,240.0,13.97,287.8,6.2,12,101500.0,9999999
72494,0,2892,27.2,5.82,887.0,241.0,13.97,285.74,9.3,12,101500.0,9999999
72494,0,2893,25.0,6.57,844.0,323.0,13.97,285.74,10.3,12,101500.0,9999999
72494,0,2894,23.3,6.8,744.0,248.0,13.97,283.45,10.3,12,101500.0,9999999
72494,0,2895,22.8,6.8,577.0,205.0,13.97,282.08,9.3,12,101500.0,9999999
72494,0,2896,21.7,6.8,377.0,171.0,13.97,281.1,9.3,12,101400.0,9999999
72494,0,2897,21.1,6.8,174.0,98.0,13.97,280.5,8.8,12,101400.0,9999999
72494,0,2898,18.3,7.09,33.0,31.0,13.97,278.89,8.2,12,101400.0,9999999
72494,0,2899,17.2,7.09,0.0,0.0,13.97,278.48,5.7,12,101400.0,9999999
72494,0,2900,17.2,7.09,0.0,0.0,13.97,277.86,6.7,12,101500.0,9999999
72494,0,2901,16.1,7.09,0.0,0.0,13.97,275.79,6.7,12,101500.0,9999999
72494,0,2902,14.4,7.34,0.0,0.0,13.97,274.3,6.7,12,101500.0,9999999
72494,0,2903,14.4,7.09,0.0,0.0,13.97,275.79,3.6,12,101500.0,9999999
72494,0,2904,14.4,7.09,0.0,0.0,13.97,275.79,4.6,12,101500.0,9999999
72494,0,2905,13.3,7.09,0.0,0.0,13.97,274.09,4.1,12,101400.0,9999999
72494,0,2906,13.3,7.09,0.0,0.0,13.97,274.73,0.0,0,101400.0,9999999
72494,0,2907,13.9,7.09,0.0,0.0,13.97,272.36,0.0,0,101500.0,9999999
72494,0,2908,12.2,6.8,0.0,0.0,13.97,273.66,4.1,13,101500.0,9999999
72494,0,2909,12.8,7.09,18.0,16.0,13.97,273.66,4.6,12,101500.0,9999999
72494,0,2910,17.8,6.8,132.0,62.0,13.97,278.89,2.6,14,101600.0,9999999
72494,0,2911,20.0,7.09,363.0,124.0,13.97,280.5,3.6,15,101600.0,9999999
72494,0,2912,21.1,7.65,563.0,223.0,13.97,282.48,3.1,15,101600.0,9999999
72494,0,2913,23.3,6.3,706.0,170.0,13.97,283.25,4.1,13,101600.0,9999999
72494,0,2914,25.6,6.57,837.0,258.0,13.97,286.31,5.7,13,101600.0,9999999
72494,0,2915,23.3,6.3,872.0,208.0,13.97,283.25,9.3,12,101600.0,9999999
72494,0,2916,22.2,5.38,925.0,160.0,13.97,280.7,9.8,12,101600.0,9999999
72494,0,2917,22.2,5.38,873.0,155.0,13.97,280.7,9.8,12,101600.0,9999999
72494,0,2918,22.8,4.97,761.0,144.0,13.97,281.1,10.8,12,101600.0,9999999
72494,0,2919,20.6,4.22,602.0,126.0,13.97,278.48,12.9,12,101500.0,9999999
72494,0,2920,20.0,3.7,401.0,106.0,13.97,277.45,12.4,12,101500.0,9999999
72494,0,2921,19.4,4.03,199.0,76.0,13.97,277.04,11.3,12,101500.0,9999999
72494,0,2922,17.2,4.58,38.0,28.0,13.97,275.36,11.3,12,101500.0,9999999
72494,0,2923,16.1,4.97,0.0,0.0,13.97,274.73,10.3,12,101500.0,9999999
72494,0,2924,15.0,5.62,0.0,0.0,13.97,272.8,8.2,12,101600.0,9999999
72494,0,2925,13.9,6.08,0.0,0.0,13.97,271.92,4.6,13,101600.0,9999999
72494,0,2926,13.3,6.3,0.0,0.0,13.97,271.48,6.7,12,101600.0,9999999
72494,0,2927,12.8,6.08,0.0,0.0,13.97,273.01,6.2,12,101600.0,9999999
72494,0,2928,12.2,6.3,0.0,0.0,13.97,272.58,7.2,12,101600.0,9999999
72494,0,2929,11.7,6.3,0.0,0.0,13.97,272.8,7.2,12,101500.0,9999999
72494,0,2930,11.1,6.3,0.0,0.0,13.97,272.8,5.7,12,101500.0,9999999
72494,0,2931,10.6,5.82,0.0,0.0,13.97,271.48,4.6,11,101600.0,9999999
72494,0,2932,10.0,6.08,0.0,0.0,13.97,269.48,3.1,12,101600.0,9999999
72494,0,2933,11.1,5.82,24.0,18.0,13.97,270.37,3.6,13,101600.0,9999999
72494,0,2934,11.7,6.3,177.0,48.0,13.97,269.93,6.7,12,101700.0,9999999
72494,0,2935,13.9,6.3,389.0,73.0,13.97,272.14,6.7,12,101700.0,9999999
72494,0,2936,14.4,6.08,599.0,99.0,13.97,272.36,6.2,12,101700.0,9999999
72494,0,2937,16.1,5.82,732.0,122.0,13.97,273.87,6.2,12,101700.0,9999999
72494,0,2938,16.7,5.62,859.0,126.0,13.97,274.3,7.7,12,101800.0,9999999
72494,0,2939,16.7,5.62,748.0,190.0,13.97,277.25,7.7,12,101800.0,9999999
72494,0,2940,16.7,4.97,968.0,132.0,13.97,273.87,9.3,12,101800.0,9999999
72494,0,2941,16.1,5.15,924.0,116.0,13.97,273.44,6.2,12,101800.0,9999999
72494,0,2942,15.6,5.15,769.0,157.0,13.97,275.15,7.7,12,101800.0,9999999
72494,0,2943,15.0,5.38,638.0,114.0,13.97,275.58,7.7,12,101700.0,9999999
72494,0,2944,13.3,5.62,414.0,90.0,13.97,273.23,6.2,12,101700.0,9999999
72494,0,2945,12.8,5.62,195.0,53.0,13.97,271.92,6.2,10,101600.0,9999999
72494,0,2946,11.7,5.62,48.0,25.0,13.97,269.7,6.2,11,101600.0,9999999
72494,0,2947,11.1,5.15,0.0,0.0,13.97,271.7,4.1,12,101600.0,9999999
72494,0,2948,11.1,5.38,0.0,0.0,13.97,268.8,5.2,12,101700.0,9999999
72494,0,2949,10.6,5.15,0.0,0.0,13.97,268.34,3.1,13,101700.0,9999999
72494,0,2950,10.0,5.82,0.0,0.0,13.97,268.12,3.1,13,101700.0,9999999
72494,0,2951,10.0,6.08,0.0,0.0,13.97,268.34,4.1,13,101700.0,9999999
72494,0,2952,10.0,5.82,0.0,0.0,13.97,268.12,5.2,12,101700.0,9999999
72494,0,2953,8.9,6.08,0.0,0.0,13.97,268.57,3.6,12,101700.0,9999999
72494,0,2954,8.9,5.82,0.0,0.0,13.97,268.34,3.1,12,101700.0,9999999
72494,0,2955,8.9,6.08,0.0,0.0,13.97,268.57,3.1,12,101700.0,9999999
72494,0,2956,8.9,5.82,0.0,0.0,13.97,268.34,2.6,11,101700.0,9999999
72494,0,2957,9.4,6.3,23.0,17.0,13.97,269.03,3.1,12,101700.0,9999999
72494,0,2958,11.7,6.57,177.0,57.0,13.97,270.15,2.6,12,101800.0,9999999
72494,0,2959,13.9,5.82,387.0,86.0,13.97,271.7,2.6,1,101800.0,9999999
72494,0,2960,15.0,6.3,590.0,122.0,13.97,273.01,4.6,13,101800.0,9999999
72494,0,2961,15.6,6.08,769.0,135.0,13.97,273.44,5.7,13,101800.0,9999999
72494,0,2962,16.7,5.82,894.0,156.0,13.97,274.52,7.7,13,101900.0,9999999
72494,0,2963,18.3,5.62,946.0,154.0,13.97,275.79,6.7,13,101800.0,9999999
72494,0,2964,18.3,6.3,954.0,163.0,13.97,276.21,8.8,13,101800.0,9999999
72494,0,2965,19.4,5.62,910.0,150.0,13.97,276.83,9.3,12,101800.0,9999999
72494,0,2966,18.9,5.62,799.0,146.0,13.97,276.41,7.2,12,101800.0,9999999
72494,0,2967,17.2,4.97,583.0,137.0,13.97,275.79,7.7,12,101800.0,9999999
72494,0,2968,16.7,4.58,409.0,103.0,13.97,274.94,6.7,13,101800.0,9999999
72494,0,2969,16.1,4.38,209.0,84.0,13.97,274.3,5.2,12,101800.0,9999999
72494,0,2970,13.3,5.62,42.0,29.0,13.97,272.36,4.1,13,101800.0,9999999
72494,0,2971,12.2,6.08,0.0,0.0,13.97,271.7,4.6,13,101800.0,9999999
72494,0,2972,12.2,6.3,0.0,0.0,13.97,271.7,4.1,13,101900.0,9999999
72494,0,2973,11.1,6.57,0.0,0.0,13.97,270.82,4.6,12,101900.0,9999999
72494,0,2974,11.1,6.57,0.0,0.0,13.97,270.82,5.7,12,101900.0,9999999
72494,0,2975,10.6,6.8,0.0,0.0,13.97,269.25,6.2,12,101900.0,9999999
72494,0,2976,10.6,6.8,0.0,0.0,13.97,269.25,6.2,12,101900.0,9999999
72494,0,2977,10.0,6.57,0.0,0.0,13.97,268.57,5.2,12,101900.0,9999999
72494,0,2978,10.0,6.57,0.0,0.0,13.97,268.57,5.2,13,101900.0,9999999
72494,0,2979,9.4,6.08,0.0,0.0,13.97,270.6,2.6,13,101900.0,9999999
72494,0,2980,9.4,6.57,0.0,0.0,13.97,271.26,3.1,12,101900.0,9999999
72494,0,2981,10.0,6.8,25.0,25.0,13.97,271.92,3.1,12,101900.0,9999999
72494,0,2982,12.2,6.8,102.0,82.0,13.97,274.09,3.1,12,102000.0,9999999
72494,0,2983,13.9,7.09,285.0,180.0,13.97,275.36,3.1,13,102000.0,9999999
72494,0,2984,15.6,7.09,529.0,189.0,13.97,275.36,4.1,14,102000.0,9999999
72494,0,2985,17.8,4.38,629.0,246.0,13.97,278.07,5.2,13,102100.0,9999999
72494,0,2986,17.8,4.58,680.0,336.0,13.97,278.27,6.2,12,102100.0,9999999
72494,0,2987,18.9,4.38,770.0,340.0,13.97,278.48,6.7,12,102100.0,9999999
72494,0,2988,18.9,4.22,866.0,324.0,13.97,277.66,6.7,12,102000.0,9999999
72494,0,2989,18.9,4.03,813.0,338.0,13.97,278.27,7.7,12,102000.0,9999999
72494,0,2990,17.2,4.97,715.0,296.0,13.97,276.62,8.8,12,102000.0,9999999
72494,0,2991,16.1,5.82,466.0,313.0,13.97,276.83,8.2,12,101900.0,9999999
72494,0,2992,14.4,6.57,352.0,208.0,13.97,276.21,7.7,12,101900.0,9999999
72494,0,2993,13.9,6.57,137.0,113.0,13.97,275.58,5.2,12,101900.0,9999999
72494,0,2994,12.8,6.3,36.0,35.0,13.97,276.41,4.6,12,101800.0,9999999
72494,0,2995,11.7,6.3,0.0,0.0,13.97,276.41,2.6,13,101900.0,9999999
72494,0,2996,11.7,6.3,0.0,0.0,13.97,275.36,3.6,11,101900.0,9999999
72494,0,2997,11.1,6.57,0.0,0.0,13.97,276.0,6.2,11,101900.0,9999999
72494,0,2998,10.6,6.8,0.0,0.0,13.97,272.58,5.7,11,101900.0,9999999
72494,0,2999,10.6,6.57,0.0,0.0,13.97,272.36,4.1,12,101900.0,9999999
72494,0,3000,10.0,6.57,0.0,0.0,13.97,271.26,3.6,11,101900.0,9999999
72494,0,3001,10.0,6.8,0.0,0.0,13.97,270.82,3.6,12,101800.0,9999999
72494,0,3002,10.0,6.8,0.0,0.0,13.97,272.58,3.6,11,101800.0,9999999
72494,0,3003,10.0,6.8,0.0,0.0,13.97,272.58,4.6,12,101800.0,9999999
72494,0,3004,10.0,6.8,0.0,0.0,13.97,273.01,3.1,10,101800.0,9999999
72494,0,3005,10.0,6.8,22.0,22.0,13.97,271.92,2.6,8,101800.0,9999999
72494,0,3006,11.7,7.09,117.0,94.0,13.97,273.87,4.1,13,101900.0,9999999
72494,0,3007,13.3,6.8,314.0,203.0,13.97,273.87,4.6,12,101900.0,9999999
72494,0,3008,14.4,7.09,537.0,359.0,13.97,275.79,4.6,12,101900.0,9999999
72494,0,3009,15.0,7.09,688.0,300.0,13.97,275.79,5.2,11,101900.0,9999999
72494,0,3010,15.6,7.09,851.0,408.0,13.97,277.04,6.7,11,101900.0,9999999
72494,0,3011,15.6,6.8,894.0,451.0,13.97,276.21,5.2,12,101800.0,9999999
72494,0,3012,16.1,6.8,798.0,389.0,13.97,277.25,8.2,12,101800.0,9999999
72494,0,3013,16.1,6.8,813.0,408.0,13.97,276.62,7.7,12,101700.0,9999999
72494,0,3014,15.6,6.8,632.0,295.0,13.97,277.45,9.3,12,101700.0,9999999
72494,0,3015,13.3,7.09,477.0,246.0,13.97,275.36,10.3,12,101600.0,9999999
72494,0,3016,13.9,7.09,299.0,224.0,13.97,275.79,9.3,12,101600.0,9999999
72494,0,3017,12.2,7.09,157.0,119.0,13.97,273.01,8.2,12,101600.0,9999999
72494,0,3018,11.7,7.09,35.0,35.0,13.97,276.83,8.2,12,101600.0,9999999
72494,0,3019,11.7,7.09,0.0,0.0,13.97,275.79,4.1,12,101600.0,9999999
72494,0,3020,11.1,7.09,0.0,0.0,13.97,276.21,5.2,12,101700.0,9999999
72494,0,3021,11.1,7.09,0.0,0.0,13.97,279.7,5.2,11,101700.0,9999999
72494,0,3022,11.1,6.8,0.0,0.0,13.97,274.09,4.1,12,101600.0,9999999
72494,0,3023,11.1,6.8,0.0,0.0,13.97,279.49,4.1,11,101700.0,9999999
72494,0,3024,11.1,6.8,0.0,0.0,13.97,279.49,8.2,11,101600.0,9999999
72494,0,3025,11.1,6.8,0.0,0.0,13.97,279.49,6.2,12,101600.0,9999999
72494,0,3026,10.6,6.8,0.0,0.0,13.97,278.89,4.6,11,101600.0,9999999
72494,0,3027,10.0,6.57,0.0,0.0,13.97,274.94,4.1,12,101600.0,9999999
72494,0,3028,10.0,6.57,0.0,0.0,13.97,272.36,4.6,11,101600.0,9999999
72494,0,3029,10.0,6.57,25.0,17.0,13.97,271.26,3.1,12,101600.0,9999999
72494,0,3030,11.7,6.57,192.0,57.0,13.97,272.36,5.2,11,101700.0,9999999
72494,0,3031,13.3,6.3,374.0,100.0,13.97,274.3,4.6,11,101700.0,9999999
72494,0,3032,15.0,6.08,591.0,147.0,13.97,275.15,5.7,12,101800.0,9999999
72494,0,3033,15.6,5.82,714.0,231.0,13.97,276.41,5.7,12,101800.0,9999999
72494,0,3034,16.1,5.82,875.0,137.0,13.97,276.21,8.2,12,101800.0,9999999
72494,0,3035,16.7,5.82,888.0,203.0,13.97,277.45,8.2,12,101700.0,9999999
72494,0,3036,16.1,5.82,907.0,201.0,13.97,276.21,8.2,12,101700.0,9999999
72494,0,3037,16.1,6.3,886.0,124.0,13.97,275.36,7.7,12,101800.0,9999999
72494,0,3038,15.6,5.82,809.0,109.0,13.97,273.44,10.3,11,101700.0,9999999
72494,0,3039,15.0,5.62,522.0,195.0,13.97,275.58,8.8,12,101700.0,9999999
72494,0,3040,13.9,6.08,367.0,142.0,13.97,274.09,7.7,12,101700.0,9999999
72494,0,3041,13.3,6.3,211.0,66.0,13.97,272.8,6.7,12,101700.0,9999999
72494,0,3042,11.7,6.08,50.0,31.0,13.97,271.04,5.2,11,101700.0,9999999
72494,0,3043,10.6,6.57,0.0,0.0,13.97,269.03,5.2,12,101800.0,9999999
72494,0,3044,10.6,6.57,0.0,0.0,13.97,269.03,5.2,11,101800.0,9999999
72494,0,3045,10.6,6.57,0.0,0.0,13.97,269.03,6.7,11,101800.0,9999999
72494,0,3046,10.6,6.57,0.0,0.0,13.97,270.37,7.2,11,101800.0,9999999
72494,0,3047,10.6,6.57,0.0,0.0,13.97,270.37,5.7,11,101800.0,9999999
72494,0,3048,10.0,6.57,0.0,0.0,13.97,269.7,5.2,11,101700.0,9999999
72494,0,3049,10.0,6.57,0.0,0.0,13.97,270.6,4.1,11,101700.0,9999999
72494,0,3050,10.0,6.57,0.0,0.0,13.97,271.26,5.2,11,101700.0,9999999
72494,0,3051,10.0,6.57,0.0,0.0,13.97,270.6,4.1,11,101700.0,9999999
72494,0,3052,10.0,6.57,0.0,0.0,13.97,271.92,2.6,11,101700.0,9999999
72494,0,3053,10.0,6.57,25.0,24.0,13.97,273.87,2.6,8,101700.0,9999999
72494,0,3054,11.1,6.8,64.0,58.0,13.97,277.45,3.6,10,101800.0,9999999
72494,0,3055,12.8,6.8,189.0,107.0,13.97,279.29,3.1,11,101800.0,9999999
72494,0,3056,14.4,6.57,477.0,289.0,13.97,280.7,4.1,12,101800.0,9999999
72494,0,3057,15.6,6.8,619.0,212.0,13.97,279.29,5.2,12,101800.0,9999999
72494,0,3058,16.7,6.8,448.0,354.0,13.97,281.49,6.2,12,101800.0,9999999
72494,0,3059,16.7,6.3,859.0,320.0,13.97,280.1,5.7,11,101800.0,9999999
72494,0,3060,16.7,6.3,797.0,288.0,13.97,279.29,3.1,13,101700.0,9999999
72494,0,3061,16.7,6.3,825.0,304.0,13.97,278.27,6.7,12,101800.0,9999999
72494,0,3062,16.7,6.57,731.0,190.0,13.97,277.86,7.7,11,101800.0,9999999
72494,0,3063,15.0,6.3,651.0,147.0,13.97,275.36,8.8,11,101700.0,9999999
72494,0,3064,13.3,6.3,392.0,171.0,13.97,274.3,11.8,11,101700.0,9999999
72494,0,3065,12.8,6.3,216.0,89.0,13.97,273.23,7.2,11,101600.0,9999999
72494,0,3066,11.7,6.08,50.0,33.0,13.97,269.93,6.7,11,101700.0,9999999
72494,0,3067,11.1,6.08,0.0,0.0,13.97,269.25,5.7,11,101700.0,9999999
72494,0,3068,10.6,6.08,0.0,0.0,13.97,268.8,5.7,11,101800.0,9999999
72494,0,3069,10.6,6.08,0.0,0.0,13.97,268.8,7.7,11,101800.0,9999999
72494,0,3070,10.0,6.3,0.0,0.0,13.97,268.34,5.2,11,101800.0,9999999
72494,0,3071,10.0,6.57,0.0,0.0,13.97,268.57,6.7,11,101800.0,9999999
72494,0,3072,10.0,6.57,0.0,0.0,13.97,273.87,5.7,11,101700.0,9999999
72494,0,3073,10.0,6.57,0.0,0.0,13.97,269.7,7.2,11,101700.0,9999999
72494,0,3074,10.0,6.57,0.0,0.0,13.97,269.7,5.7,11,101700.0,9999999
72494,0,3075,9.4,6.57,0.0,0.0,13.97,269.25,6.2,11,101700.0,9999999
72494,0,3076,9.4,6.3,0.0,0.0,13.97,269.03,6.2,10,101700.0,9999999
72494,0,3077,10.0,6.3,31.0,22.0,13.97,271.26,5.2,10,101900.0,9999999
72494,0,3078,11.1,6.3,112.0,92.0,13.97,273.87,6.7,11,101900.0,9999999
72494,0,3079,12.2,6.3,402.0,152.0,13.97,273.23,3.6,11,101900.0,9999999
72494,0,3080,14.4,6.3,622.0,83.0,13.97,272.58,2.1,12,101900.0,9999999
72494,0,3081,15.0,6.57,794.0,96.0,13.97,273.23,3.1,1,101900.0,9999999
72494,0,3082,16.7,6.8,908.0,109.0,13.97,274.94,5.2,12,101900.0,9999999
72494,0,3083,18.3,6.57,987.0,109.0,13.97,276.41,4.1,12,101900.0,9999999
72494,0,3084,18.9,6.08,993.0,109.0,13.97,276.62,8.2,13,101900.0,9999999
72494,0,3085,18.3,6.57,938.0,105.0,13.97,276.41,8.2,12,101900.0,9999999
72494,0,3086,16.7,6.57,824.0,98.0,13.97,274.94,8.2,12,101900.0,9999999
72494,0,3087,15.0,6.57,661.0,86.0,13.97,273.23,10.8,12,101900.0,9999999
72494,0,3088,13.9,6.57,462.0,69.0,13.97,272.14,9.3,11,101900.0,9999999
72494,0,3089,12.8,6.57,248.0,49.0,13.97,271.04,9.3,11,101900.0,9999999
72494,0,3090,11.7,6.3,62.0,26.0,13.97,269.93,5.2,11,101900.0,9999999
72494,0,3091,11.1,6.3,0.0,0.0,13.97,269.48,5.7,11,101900.0,9999999
72494,0,3092,10.6,6.3,0.0,0.0,13.97,269.03,6.2,12,102000.0,9999999
72494,0,3093,10.6,6.3,0.0,0.0,13.97,269.03,4.1,12,102000.0,9999999
72494,0,3094,10.0,6.3,0.0,0.0,13.97,268.34,6.2,12,102100.0,9999999
72494,0,3095,10.0,6.3,0.0,0.0,13.97,268.34,5.7,12,102100.0,9999999
72494,0,3096,9.4,6.3,0.0,0.0,13.97,267.89,4.6,12,102100.0,9999999
72494,0,3097,8.9,6.3,0.0,0.0,13.97,267.43,4.6,12,102000.0,9999999
72494,0,3098,8.9,6.08,0.0,0.0,13.97,268.57,3.1,13,102100.0,9999999
72494,0,3099,8.9,6.3,0.0,0.0,13.97,268.57,0.0,0,102100.0,9999999
72494,0,3100,9.4,6.3,0.0,0.0,13.97,271.26,3.6,11,102100.0,9999999
72494,0,3101,9.4,6.3,25.0,25.0,13.97,269.93,0.0,0,102200.0,9999999
72494,0,3102,10.6,6.57,129.0,93.0,13.97,271.92,1.5,11,102200.0,9999999
72494,0,3103,12.8,6.8,334.0,159.0,13.97,272.58,3.6,12,102200.0,9999999
72494,0,3104,14.4,6.57,533.0,218.0,13.97,273.87,5.7,13,102200.0,9999999
72494,0,3105,15.0,6.57,683.0,260.0,13.97,274.52,5.7,13,102200.0,9999999
72494,0,3106,16.7,6.8,860.0,283.0,13.97,274.94,3.6,15,102200.0,9999999
72494,0,3107,17.2,7.65,936.0,291.0,13.97,275.79,4.1,16,102100.0,9999999
72494,0,3108,20.6,6.8,942.0,292.0,13.97,278.68,6.2,13,102000.0,9999999
72494,0,3109,20.6,6.3,828.0,277.0,13.97,279.7,8.8,13,102000.0,9999999
72494,0,3110,19.4,6.57,765.0,260.0,13.97,277.45,8.2,12,102000.0,9999999
72494,0,3111,18.3,6.57,595.0,224.0,13.97,276.41,9.3,12,101900.0,9999999
72494,0,3112,15.6,6.57,392.0,173.0,13.97,273.87,11.8,12,101900.0,9999999
72494,0,3113,16.1,5.38,188.0,109.0,13.97,273.66,7.2,12,101900.0,9999999
72494,0,3114,15.0,5.38,44.0,40.0,13.97,272.58,7.2,12,101900.0,9999999
72494,0,3115,12.8,5.82,0.0,0.0,13.97,272.14,7.2,12,101900.0,9999999
72494,0,3116,12.2,6.3,0.0,0.0,13.97,271.7,5.2,12,102000.0,9999999
72494,0,3117,11.7,6.3,0.0,0.0,13.97,269.93,4.1,13,102000.0,9999999
72494,0,3118,11.7,6.57,0.0,0.0,13.97,270.15,4.1,13,102000.0,9999999
72494,0,3119,11.1,6.8,0.0,0.0,13.97,273.66,4.6,12,101900.0,9999999
72494,0,3120,11.1,6.57,0.0,0.0,13.97,273.44,2.1,12,101900.0,9999999
72494,0,3121,11.7,6.57,0.0,0.0,13.97,274.09,0.0,0,101900.0,9999999
72494,0,3122,11.1,6.3,0.0,0.0,13.97,271.7,2.1,9,101700.0,9999999
72494,0,3123,12.2,6.57,0.0,0.0,13.97,274.52,0.0,0,101700.0,9999999
72494,0,3124,12.8,6.57,0.0,0.0,13.97,275.79,0.0,0,101700.0,9999999
72494,0,3125,12.2,6.8,27.0,26.0,13.97,274.73,0.0,0,101700.0,9999999
72494,0,3126,15.0,7.97,144.0,111.0,13.97,279.29,0.0,0,101800.0,9999999
72494,0,3127,17.2,8.58,176.0,154.0,13.97,282.87,0.0,0,101800.0,9999999
72494,0,3128,18.9,8.58,511.0,240.0,13.97,282.48,2.6,3,101800.0,9999999
72494,0,3129,20.6,9.23,696.0,263.0,13.97,283.25,3.1,3,101800.0,9999999
72494,0,3130,22.2,8.24,592.0,328.0,13.97,285.55,3.1,2,101700.0,9999999
72494,0,3131,26.7,7.09,791.0,309.0,13.97,288.17,2.6,2,101700.0,9999999
72494,0,3132,27.2,7.97,907.0,309.0,13.97,287.8,3.6,13,101600.0,9999999
72494,0,3133,27.2,6.08,828.0,275.0,13.97,287.62,8.8,12,101600.0,9999999
72494,0,3134,28.3,5.82,761.0,238.0,13.97,287.8,7.7,12,101500.0,9999999
72494,0,3135,25.0,5.15,601.0,176.0,13.97,283.25,8.2,12,101500.0,9999999
72494,0,3136,23.9,4.97,367.0,137.0,13.97,280.7,10.3,12,101400.0,9999999
72494,0,3137,19.4,6.8,209.0,92.0,13.97,277.45,10.8,12,101400.0,9999999
72494,0,3138,17.2,6.8,49.0,40.0,13.97,275.36,9.3,12,101400.0,9999999
72494,0,3139,15.6,5.82,0.0,0.0,13.97,273.44,8.2,12,101400.0,9999999
72494,0,3140,15.6,5.82,0.0,0.0,13.97,273.44,6.2,13,101400.0,9999999
72494,0,3141,15.0,5.82,0.0,0.0,13.97,272.8,5.2,12,101400.0,9999999
72494,0,3142,15.0,6.08,0.0,0.0,13.97,273.01,4.1,13,101500.0,9999999
72494,0,3143,14.4,6.3,0.0,0.0,13.97,272.58,5.2,12,101400.0,9999999
72494,0,3144,13.9,6.57,0.0,0.0,13.97,272.14,4.1,12,101400.0,9999999
72494,0,3145,13.3,6.8,0.0,0.0,13.97,271.7,3.1,13,101400.0,9999999
72494,0,3146,12.8,6.8,0.0,0.0,13.97,271.26,3.1,12,101300.0,9999999
72494,0,3147,13.3,7.09,0.0,0.0,13.97,271.92,3.1,12,101300.0,9999999
72494,0,3148,11.7,7.09,0.0,0.0,13.97,270.37,3.1,12,101300.0,9999999
72494,0,3149,13.3,7.34,30.0,26.0,13.97,271.92,3.1,12,101400.0,9999999
72494,0,3150,16.1,7.65,178.0,77.0,13.97,274.73,3.1,12,101400.0,9999999
72494,0,3151,18.9,7.97,383.0,119.0,13.97,277.66,2.6,13,101400.0,9999999
72494,0,3152,18.9,8.24,588.0,154.0,13.97,277.66,4.1,16,101400.0,9999999
72494,0,3153,20.0,8.58,761.0,178.0,13.97,278.89,3.1,1,101400.0,9999999
72494,0,3154,22.2,8.87,886.0,194.0,13.97,281.1,2.6,1,101400.0,9999999
72494,0,3155,23.9,8.87,954.0,202.0,13.97,282.67,7.7,13,101300.0,9999999
72494,0,3156,22.2,8.24,960.0,203.0,13.97,280.9,9.8,13,101300.0,9999999
72494,0,3157,22.2,7.97,865.0,194.0,13.97,282.08,10.8,13,101300.0,9999999
72494,0,3158,20.0,7.65,773.0,189.0,13.97,279.9,11.3,12,101300.0,9999999
72494,0,3159,18.9,7.09,595.0,165.0,13.97,278.48,12.9,12,101300.0,9999999
72494,0,3160,17.8,7.65,405.0,140.0,13.97,277.66,9.3,12,101200.0,9999999
72494,0,3161,17.8,7.65,222.0,131.0,13.97,278.68,5.7,13,101200.0,9999999
72494,0,3162,16.1,7.97,48.0,38.0,13.97,277.86,7.2,12,101200.0,9999999
72494,0,3163,15.0,8.24,0.0,0.0,13.97,275.36,5.7,12,101300.0,9999999
72494,0,3164,14.4,8.24,0.0,0.0,13.97,274.73,5.7,13,101400.0,9999999
72494,0,3165,13.9,8.58,0.0,0.0,13.97,274.3,6.2,13,101400.0,9999999
72494,0,3166,13.3,8.58,0.0,0.0,13.97,275.36,6.7,13,101400.0,9999999
72494,0,3167,13.3,8.58,0.0,0.0,13.97,272.58,6.2,14,101300.0,9999999
72494,0,3168,13.9,8.58,0.0,0.0,13.97,273.01,5.2,13,101300.0,9999999
72494,0,3169,13.3,8.58,0.0,0.0,13.97,272.58,6.2,13,101300.0,9999999
72494,0,3170,12.8,8.58,0.0,0.0,13.97,271.92,5.2,13,101300.0,9999999
72494,0,3171,12.2,8.24,0.0,0.0,13.97,272.58,2.6,12,101400.0,9999999
72494,0,3172,12.2,8.24,0.0,0.0,13.97,273.44,5.2,13,101400.0,9999999
72494,0,3173,13.3,8.58,41.0,33.0,13.97,275.36,7.7,13,101400.0,9999999
72494,0,3174,13.9,8.58,182.0,71.0,13.97,275.36,7.2,14,101400.0,9999999
72494,0,3175,14.4,8.87,297.0,126.0,13.97,276.62,6.2,12,101400.0,9999999
72494,0,3176,17.2,9.23,447.0,162.0,13.97,278.68,5.2,14,101400.0,9999999
72494,0,3177,20.6,9.54,652.0,301.0,13.97,284.6,6.2,13,101400.0,9999999
72494,0,3178,23.3,9.93,767.0,247.0,13.97,287.24,7.2,12,101400.0,9999999
72494,0,3179,23.3,10.26,865.0,220.0,13.97,287.43,9.3,12,101400.0,9999999
72494,0,3180,21.1,10.26,740.0,423.0,13.97,285.18,7.7,12,101400.0,9999999
72494,0,3181,22.2,11.09,869.0,258.0,13.97,286.5,8.8,12,101400.0,9999999
72494,0,3182,21.7,10.67,633.0,189.0,13.97,286.87,10.3,12,101400.0,9999999
72494,0,3183,21.7,10.26,532.0,411.0,13.97,287.8,8.2,12,101400.0,9999999
72494,0,3184,20.0,10.67,330.0,141.0,13.97,283.64,7.2,12,101400.0,9999999
72494,0,3185,17.8,10.26,144.0,120.0,13.97,282.08,7.2,11,101400.0,9999999
72494,0,3186,16.1,10.26,64.0,58.0,13.97,281.29,6.2,12,101400.0,9999999
72494,0,3187,15.0,9.93,0.0,0.0,13.97,279.29,7.7,12,101400.0,9999999
72494,0,3188,15.6,10.26,0.0,0.0,13.97,277.45,7.2,11,101400.0,9999999
72494,0,3189,15.6,9.93,0.0,0.0,13.97,278.07,3.6,13,101500.0,9999999
72494,0,3190,15.0,9.93,0.0,0.0,13.97,276.0,2.6,15,101500.0,9999999
72494,0,3191,15.0,9.54,0.0,0.0,13.97,277.45,0.0,0,101400.0,9999999
72494,0,3192,12.8,9.23,0.0,0.0,13.97,276.21,7.7,12,101400.0,9999999
72494,0,3193,13.3,9.23,0.0,0.0,13.97,278.07,4.1,11,101400.0,9999999
72494,0,3194,14.4,9.54,0.0,0.0,13.97,278.48,2.1,12,101300.0,9999999
72494,0,3195,15.0,10.26,0.0,0.0,13.97,280.1,2.6,2,101300.0,9999999
72494,0,3196,15.0,10.26,0.0,0.0,13.97,284.79,2.6,12,101300.0,9999999
72494,0,3197,16.1,10.67,20.0,20.0,13.97,285.93,2.1,12,101300.0,9999999
72494,0,3198,16.7,10.67,57.0,57.0,13.97,286.5,0.0,0,101300.0,9999999
72494,0,3199,17.8,11.46,110.0,110.0,13.97,287.99,4.1,8,101400.0,9999999
72494,0,3200,19.4,11.91,169.0,169.0,13.97,289.63,5.2,6,101300.0,9999999
72494,0,3201,21.1,11.91,218.0,218.0,13.97,291.25,6.2,8,101400.0,9999999
72494,0,3202,21.1,11.91,524.0,420.0,13.97,287.8,7.7,9,101400.0,9999999
72494,0,3203,21.1,11.91,537.0,416.0,13.97,289.27,5.2,8,101400.0,9999999
72494,0,3204,20.0,11.91,273.0,273.0,13.97,290.18,3.6,8,101300.0,9999999
72494,0,3205,20.6,11.91,212.0,207.0,13.97,288.72,3.6,8,101300.0,9999999
72494,0,3206,19.4,11.91,290.0,224.0,13.97,287.62,2.6,8,101300.0,9999999
72494,0,3207,18.3,11.91,179.0,179.0,13.97,288.54,5.2,10,101300.0,9999999
72494,0,3208,18.9,11.46,122.0,122.0,13.97,288.9,4.6,10,101300.0,9999999
72494,0,3209,18.9,11.46,64.0,64.0,13.97,288.9,3.1,10,101200.0,9999999
72494,0,3210,17.8,10.67,30.0,30.0,13.97,287.62,2.1,11,101300.0,9999999
72494,0,3211,16.7,10.26,0.0,0.0,13.97,286.5,4.6,10,101300.0,9999999
72494,0,3212,16.1,10.26,0.0,0.0,13.97,285.74,3.6,10,101300.0,9999999
72494,0,3213,16.7,10.26,0.0,0.0,13.97,286.5,2.6,7,101300.0,9999999
72494,0,3214,17.2,10.67,0.0,0.0,13.97,287.06,4.6,10,101300.0,9999999
72494,0,3215,16.7,10.26,0.0,0.0,13.97,281.89,4.1,9,101300.0,9999999
72494,0,3216,16.1,9.93,0.0,0.0,13.97,285.74,5.2,10,101400.0,9999999
72494,0,3217,15.6,9.54,0.0,0.0,13.97,281.49,3.6,9,101300.0,9999999
72494,0,3218,15.6,9.54,0.0,0.0,13.97,284.99,2.1,8,101300.0,9999999
72494,0,3219,16.1,9.54,0.0,0.0,13.97,285.55,0.0,0,101300.0,9999999
72494,0,3220,16.1,9.54,0.0,0.0,13.97,280.9,2.1,3,101300.0,9999999
72494,0,3221,16.7,9.93,22.0,22.0,13.97,286.31,3.1,8,101200.0,9999999
72494,0,3222,17.2,9.93,76.0,76.0,13.97,286.87,2.1,9,101300.0,9999999
72494,0,3223,17.8,9.93,127.0,127.0,13.97,287.43,0.0,0,101200.0,9999999
72494,0,3224,17.8,10.26,172.0,172.0,13.97,287.43,3.1,1,101200.0,9999999
72494,0,3225,17.2,10.67,222.0,222.0,13.97,287.06,4.1,16,101200.0,9999999
72494,0,3226,17.2,11.09,259.0,259.0,13.97,287.24,4.1,16,101200.0,9999999
72494,0,3227,16.1,11.46,278.0,278.0,13.97,286.12,4.6,16,101200.0,9999999
72494,0,3228,16.1,11.09,280.0,280.0,13.97,286.12,4.6,9,101200.0,9999999
72494,0,3229,16.1,10.26,264.0,264.0,13.97,285.74,3.6,8,101200.0,9999999
72494,0,3230,15.6,10.67,231.0,231.0,13.97,285.55,4.1,6,101100.0,9999999
72494,0,3231,16.1,11.09,183.0,183.0,13.97,286.12,3.1,6,101000.0,9999999
72494,0,3232,16.1,11.09,136.0,136.0,13.97,286.12,5.7,7,100900.0,9999999
72494,0,3233,16.1,11.09,87.0,87.0,13.97,286.12,5.2,7,100800.0,9999999
72494,0,3234,15.6,10.67,34.0,34.0,13.97,285.55,4.1,6,100800.0,9999999
72494,0,3235,15.6,11.09,0.0,0.0,13.97,285.55,3.6,5,100700.0,9999999
72494,0,3236,16.7,11.09,0.0,0.0,13.97,286.68,7.2,8,100700.0,9999999
72494,0,3237,16.7,10.67,0.0,0.0,13.97,286.5,6.2,8,100800.0,9999999
72494,0,3238,16.7,11.09,0.0,0.0,13.97,286.68,3.1,7,100700.0,9999999
72494,0,3239,16.1,10.67,0.0,0.0,13.97,285.93,5.2,7,100700.0,9999999
72494,0,3240,16.1,11.09,0.0,0.0,13.97,286.12,8.2,4,100500.0,9999999
72494,0,3241,15.6,10.67,0.0,0.0,13.97,278.89,4.1,6,100500.0,9999999
72494,0,3242,15.0,10.67,0.0,0.0,13.97,281.29,0.0,0,100600.0,9999999
72494,0,3243,15.0,9.93,0.0,0.0,13.97,280.1,4.1,9,100600.0,9999999
72494,0,3244,15.6,10.26,0.0,0.0,13.97,281.89,5.2,8,100600.0,9999999
72494,0,3245,15.6,10.26,23.0,23.0,13.97,285.37,5.2,7,100700.0,9999999
72494,0,3246,16.1,10.67,74.0,74.0,13.97,285.93,8.2,8,100800.0,9999999
72494,0,3247,17.2,10.26,120.0,120.0,13.97,286.87,6.2,7,100800.0,9999999
72494,0,3248,16.7,10.67,170.0,170.0,13.97,286.5,5.2,8,100900.0,9999999
72494,0,3249,17.2,10.67,220.0,220.0,13.97,287.06,5.2,8,101000.0,9999999
72494,0,3250,18.3,9.93,628.0,459.0,13.97,284.41,7.7,8,101100.0,9999999
72494,0,3251,20.0,10.26,477.0,351.0,13.97,287.62,5.7,8,101100.0,9999999
72494,0,3252,18.9,10.26,278.0,278.0,13.97,288.54,6.2,8,101200.0,9999999
72494,0,3253,17.2,10.67,262.0,262.0,13.97,287.06,6.7,8,101200.0,9999999
72494,0,3254,18.3,10.26,229.0,229.0,13.97,287.99,6.7,8,101200.0,9999999
72494,0,3255,18.9,9.93,216.0,207.0,13.97,286.5,6.2,7,101200.0,9999999
72494,0,3256,17.8,9.93,129.0,129.0,13.97,287.43,6.2,8,101200.0,9999999
72494,0,3257,17.2,9.93,83.0,83.0,13.97,286.87,6.7,8,101200.0,9999999
72494,0,3258,16.1,10.26,34.0,34.0,13.97,285.74,7.2,8,101300.0,9999999
72494,0,3259,16.1,9.93,0.0,0.0,13.97,285.74,5.7,8,101300.0,9999999
72494,0,3260,16.7,9.54,0.0,0.0,13.97,286.12,5.2,8,101300.0,9999999
72494,0,3261,16.1,10.26,0.0,0.0,13.97,280.5,5.7,8,101400.0,9999999
72494,0,3262,16.7,9.93,0.0,0.0,13.97,286.31,7.2,9,101400.0,9999999
72494,0,3263,16.1,9.93,0.0,0.0,13.97,285.74,5.2,9,101400.0,9999999
72494,0,3264,16.1,10.26,0.0,0.0,13.97,285.74,5.2,9,101400.0,9999999
72494,0,3265,15.0,10.26,0.0,0.0,13.97,284.79,3.1,10,101300.0,9999999
72494,0,3266,15.0,9.93,0.0,0.0,13.97,284.6,4.1,8,101300.0,9999999
72494,0,3267,15.0,9.54,0.0,0.0,13.97,282.48,3.1,8,101300.0,9999999
72494,0,3268,15.0,9.23,0.0,0.0,13.97,284.41,3.1,7,101300.0,9999999
72494,0,3269,15.0,9.54,20.0,20.0,13.97,284.41,4.6,7,101300.0,9999999
72494,0,3270,15.6,9.54,59.0,59.0,13.97,284.99,5.2,8,101400.0,9999999
72494,0,3271,16.1,9.54,118.0,118.0,13.97,285.55,5.2,8,101400.0,9999999
72494,0,3272,16.7,9.54,176.0,176.0,13.97,286.12,5.2,7,101400.0,9999999
72494,0,3273,16.7,9.23,223.0,223.0,13.97,286.12,7.2,7,101500.0,9999999
72494,0,3274,17.8,9.54,256.0,256.0,13.97,287.24,7.2,6,101500.0,9999999
72494,0,3275,17.8,9.54,274.0,274.0,13.97,287.24,5.2,7,101500.0,9999999
72494,0,3276,18.3,9.54,276.0,276.0,13.97,287.8,4.6,7,101400.0,9999999
72494,0,3277,19.4,9.54,261.0,261.0,13.97,288.9,7.2,8,101400.0,9999999
72494,0,3278,19.4,9.54,231.0,231.0,13.97,288.9,10.3,8,101300.0,9999999
72494,0,3279,18.3,9.54,186.0,186.0,13.97,287.8,8.2,8,101300.0,9999999
72494,0,3280,16.7,10.67,130.0,130.0,13.97,286.5,10.3,8,101300.0,9999999
72494,0,3281,15.6,10.67,70.0,70.0,13.97,285.55,8.2,8,101200.0,9999999
72494,0,3282,15.6,10.67,27.0,27.0,13.97,285.55,6.2,8,101200.0,9999999
72494,0,3283,16.1,10.67,0.0,0.0,13.97,285.93,9.3,9,101300.0,9999999
72494,0,3284,15.6,10.67,0.0,0.0,13.97,285.55,7.2,9,101300.0,9999999
72494,0,3285,15.6,10.26,0.0,0.0,13.97,285.37,4.6,9,101400.0,9999999
72494,0,3286,15.6,10.26,0.0,0.0,13.97,285.37,3.6,8,101400.0,9999999
72494,0,3287,15.6,9.93,0.0,0.0,13.97,285.18,4.1,9,101400.0,9999999
72494,0,3288,15.6,9.93,0.0,0.0,13.97,285.18,3.1,11,101400.0,9999999
72494,0,3289,14.4,9.23,0.0,0.0,13.97,279.29,3.1,10,101400.0,9999999
72494,0,3290,14.4,9.54,0.0,0.0,13.97,280.5,3.1,10,101400.0,9999999
72494,0,3291,14.4,9.23,0.0,0.0,13.97,279.29,2.6,9,101500.0,9999999
72494,0,3292,13.9,8.87,0.0,0.0,13.97,277.86,4.1,8,101500.0,9999999
72494,0,3293,14.4,9.23,22.0,22.0,13.97,283.84,3.1,8,101600.0,9999999
72494,0,3294,15.0,9.23,56.0,56.0,13.97,284.41,2.1,7,101600.0,9999999
72494,0,3295,16.7,8.87,115.0,115.0,13.97,285.93,3.6,8,101600.0,9999999
72494,0,3296,16.7,9.23,173.0,173.0,13.97,286.12,4.6,10,101700.0,9999999
72494,0,3297,16.7,9.23,408.0,306.0,13.97,284.03,4.1,10,101700.0,9999999
72494,0,3298,18.3,8.87,533.0,352.0,13.97,284.03,6.2,9,101800.0,9999999
72494,0,3299,16.7,9.23,654.0,372.0,13.97,281.49,6.2,11,101800.0,9999999
72494,0,3300,18.9,8.58,573.0,314.0,13.97,284.41,5.7,11,101800.0,9999999
72494,0,3301,18.3,8.87,699.0,337.0,13.97,282.87,6.7,11,101800.0,9999999
72494,0,3302,18.9,8.58,543.0,349.0,13.97,284.41,7.7,11,101700.0,9999999
72494,0,3303,17.2,8.58,465.0,306.0,13.97,281.69,5.2,10,101800.0,9999999
72494,0,3304,17.2,8.58,340.0,240.0,13.97,282.87,5.7,10,101700.0,9999999
72494,0,3305,16.7,8.58,174.0,123.0,13.97,279.7,3.1,12,101700.0,9999999
72494,0,3306,15.6,8.87,47.0,42.0,13.97,278.89,4.1,12,101700.0,9999999
72494,0,3307,14.4,8.87,0.0,0.0,13.97,277.66,3.1,12,101800.0,9999999
72494,0,3308,13.9,8.87,0.0,0.0,13.97,279.7,4.6,12,101800.0,9999999
72494,0,3309,13.9,8.87,0.0,0.0,13.97,283.06,3.1,11,101800.0,9999999
72494,0,3310,13.3,8.87,0.0,0.0,13.97,279.09,4.1,12,101800.0,9999999
72494,0,3311,12.8,8.58,0.0,0.0,13.97,274.3,4.1,12,101800.0,9999999
72494,0,3312,12.8,8.24,0.0,0.0,13.97,273.23,4.1,12,101800.0,9999999
72494,0,3313,12.2,8.24,0.0,0.0,13.97,272.58,4.1,12,101800.0,9999999
72494,0,3314,12.2,8.24,0.0,0.0,13.97,273.44,4.1,12,101800.0,9999999
72494,0,3315,12.8,8.58,0.0,0.0,13.97,278.48,3.1,13,101800.0,9999999
72494,0,3316,11.7,8.24,0.0,0.0,13.97,276.21,4.6,12,101800.0,9999999
72494,0,3317,12.2,8.24,33.0,32.0,13.97,274.73,4.1,12,101900.0,9999999
72494,0,3318,13.9,8.58,180.0,101.0,13.97,276.62,3.6,12,101900.0,9999999
72494,0,3319,15.0,8.24,392.0,156.0,13.97,276.83,1.5,14,101900.0,9999999
72494,0,3320,16.7,8.24,577.0,192.0,13.97,277.86,2.6,16,101900.0,9999999
72494,0,3321,17.2,7.34,743.0,159.0,13.97,277.04,4.1,11,101900.0,9999999
72494,0,3322,17.2,7.09,858.0,159.0,13.97,276.83,5.7,12,102000.0,9999999
72494,0,3323,17.8,7.65,903.0,220.0,13.97,279.29,6.7,12,101900.0,9999999
72494,0,3324,18.3,8.24,916.0,175.0,13.97,279.29,8.2,12,101900.0,9999999
72494,0,3325,18.3,7.65,790.0,260.0,13.97,279.9,7.2,12,101900.0,9999999
72494,0,3326,18.3,7.09,761.0,182.0,13.97,278.89,7.7,12,101900.0,9999999
72494,0,3327,17.2,6.8,565.0,203.0,13.97,278.27,8.2,12,101900.0,9999999
72494,0,3328,16.7,6.57,408.0,199.0,13.97,277.04,7.7,12,101800.0,9999999
72494,0,3329,15.0,6.8,231.0,90.0,13.97,274.73,6.7,12,101800.0,9999999
72494,0,3330,13.9,7.09,64.0,41.0,13.97,273.66,8.2,12,101800.0,9999999
72494,0,3331,13.3,6.57,0.0,0.0,13.97,273.01,6.7,12,101700.0,9999999
72494,0,3332,13.3,6.8,0.0,0.0,13.97,271.7,6.2,12,101800.0,9999999
72494,0,3333,12.8,6.8,0.0,0.0,13.97,271.26,5.7,12,101800.0,9999999
72494,0,3334,12.8,7.34,0.0,0.0,13.97,271.48,6.2,12,101800.0,9999999
72494,0,3335,12.2,7.65,0.0,0.0,13.97,271.04,5.2,12,101700.0,9999999
72494,0,3336,12.2,7.34,0.0,0.0,13.97,271.04,6.2,12,101700.0,9999999
72494,0,3337,11.7,7.34,0.0,0.0,13.97,270.37,6.2,12,101700.0,9999999
72494,0,3338,11.7,7.65,0.0,0.0,13.97,270.6,5.7,11,101700.0,9999999
72494,0,3339,11.1,7.65,0.0,0.0,13.97,269.93,5.2,11,101700.0,9999999
72494,0,3340,11.1,7.65,0.0,0.0,13.97,269.93,5.7,12,101700.0,9999999
72494,0,3341,11.7,7.65,39.0,38.0,13.97,272.8,6.2,12,101700.0,9999999
72494,0,3342,12.8,7.65,166.0,124.0,13.97,274.52,6.2,12,101700.0,9999999
72494,0,3343,13.9,7.65,356.0,186.0,13.97,274.94,7.7,11,101800.0,9999999
72494,0,3344,15.6,7.34,508.0,278.0,13.97,277.04,4.6,11,101800.0,9999999
72494,0,3345,16.7,7.65,709.0,260.0,13.97,276.62,6.2,12,101800.0,9999999
72494,0,3346,17.2,7.34,833.0,276.0,13.97,277.04,7.2,12,101800.0,9999999
72494,0,3347,17.8,7.09,893.0,280.0,13.97,277.45,6.2,12,101700.0,9999999
72494,0,3348,16.7,6.8,885.0,311.0,13.97,276.21,8.2,12,101700.0,9999999
72494,0,3349,16.7,6.8,851.0,306.0,13.97,276.21,7.2,11,101700.0,9999999
72494,0,3350,16.7,7.09,751.0,310.0,13.97,276.41,9.8,12,101700.0,9999999
72494,0,3351,16.1,6.57,604.0,277.0,13.97,275.58,8.8,12,101600.0,9999999
72494,0,3352,14.4,7.09,342.0,267.0,13.97,277.45,8.2,12,101600.0,9999999
72494,0,3353,13.9,7.09,157.0,127.0,13.97,277.04,6.2,11,101500.0,9999999
72494,0,3354,13.3,7.34,51.0,47.0,13.97,276.0,7.2,11,101500.0,9999999
72494,0,3355,12.8,7.34,0.0,0.0,13.97,274.94,8.2,12,101600.0,9999999
72494,0,3356,12.2,7.34,0.0,0.0,13.97,273.87,3.6,11,101600.0,9999999
72494,0,3357,12.2,7.34,0.0,0.0,13.97,273.23,3.6,11,101600.0,9999999
72494,0,3358,12.2,7.34,0.0,0.0,13.97,273.87,5.2,11,101600.0,9999999
72494,0,3359,11.7,7.34,0.0,0.0,13.97,272.58,3.1,10,101600.0,9999999
72494,0,3360,12.2,7.34,0.0,0.0,13.97,280.9,3.6,7,101600.0,9999999
72494,0,3361,12.2,7.09,0.0,0.0,13.97,280.7,2.6,8,101500.0,9999999
72494,0,3362,12.8,7.65,0.0,0.0,13.97,281.49,3.6,6,101500.0,9999999
72494,0,3363,12.8,7.34,0.0,0.0,13.97,281.49,3.6,7,101500.0,9999999
72494,0,3364,13.3,6.3,0.0,0.0,13.97,281.29,4.6,5,101400.0,9999999
72494,0,3365,13.3,6.3,22.0,22.0,13.97,281.29,4.6,5,101500.0,9999999
72494,0,3366,14.4,6.3,59.0,59.0,13.97,282.48,3.1,7,101500.0,9999999
72494,0,3367,15.0,7.65,117.0,117.0,13.97,283.64,5.7,6,101400.0,9999999
72494,0,3368,14.4,9.23,175.0,175.0,13.97,283.84,5.7,6,101400.0,9999999
72494,0,3369,15.6,10.67,222.0,222.0,13.97,285.55,6.2,8,101400.0,9999999
72494,0,3370,17.8,11.09,738.0,265.0,13.97,283.06,9.3,8,101400.0,9999999
72494,0,3371,18.9,10.67,697.0,372.0,13.97,285.18,9.3,8,101400.0,9999999
72494,0,3372,18.3,11.09,276.0,276.0,13.97,288.35,6.2,8,101400.0,9999999
72494,0,3373,17.2,11.46,831.0,516.0,13.97,283.84,8.2,8,101400.0,9999999
72494,0,3374,17.2,11.09,508.0,307.0,13.97,282.48,7.7,9,101400.0,9999999
72494,0,3375,16.7,10.67,336.0,227.0,13.97,283.06,5.7,9,101400.0,9999999
72494,0,3376,16.1,9.93,130.0,130.0,13.97,285.74,5.7,12,101400.0,9999999
72494,0,3377,15.6,9.54,70.0,70.0,13.97,284.99,5.2,11,101400.0,9999999
72494,0,3378,14.4,9.93,56.0,50.0,13.97,279.49,4.1,10,101400.0,9999999
72494,0,3379,13.3,9.54,0.0,0.0,13.97,282.87,6.2,12,101500.0,9999999
72494,0,3380,12.8,8.87,0.0,0.0,13.97,282.08,5.7,12,101500.0,9999999
72494,0,3381,12.8,8.24,0.0,0.0,13.97,279.9,7.2,12,101600.0,9999999
72494,0,3382,12.8,7.65,0.0,0.0,13.97,279.49,9.3,12,101600.0,9999999
72494,0,3383,12.2,7.65,0.0,0.0,13.97,275.58,7.2,12,101600.0,9999999
72494,0,3384,11.7,7.65,0.0,0.0,13.97,275.15,8.8,12,101600.0,9999999
72494,0,3385,12.2,7.65,0.0,0.0,13.97,276.41,7.7,13,101700.0,9999999
72494,0,3386,11.7,7.34,0.0,0.0,13.97,280.3,8.2,12,101700.0,9999999
72494,0,3387,11.7,7.34,0.0,0.0,13.97,275.79,8.8,12,101700.0,9999999
72494,0,3388,11.1,7.34,0.0,0.0,13.97,276.41,7.2,12,101700.0,9999999
72494,0,3389,11.7,7.34,32.0,28.0,13.97,275.79,7.2,12,101700.0,9999999
72494,0,3390,12.8,7.65,147.0,122.0,13.97,278.07,6.2,12,101700.0,9999999
72494,0,3391,14.4,7.34,376.0,154.0,13.97,277.04,4.1,12,101800.0,9999999
72494,0,3392,16.1,7.34,561.0,171.0,13.97,278.07,2.1,14,101800.0,9999999
72494,0,3393,16.7,7.65,758.0,253.0,13.97,278.89,2.6,14,101800.0,9999999
72494,0,3394,17.2,7.65,827.0,264.0,13.97,278.68,5.7,12,101900.0,9999999
72494,0,3395,17.2,7.65,899.0,204.0,13.97,278.07,7.2,12,101900.0,9999999
72494,0,3396,18.3,7.34,938.0,208.0,13.97,279.7,8.2,12,101900.0,9999999
72494,0,3397,18.3,7.34,874.0,229.0,13.97,279.09,8.2,12,101800.0,9999999
72494,0,3398,17.2,6.8,537.0,207.0,13.97,278.27,10.3,12,101800.0,9999999
72494,0,3399,17.2,7.09,595.0,150.0,13.97,277.86,8.2,12,101700.0,9999999
72494,0,3400,16.7,6.8,440.0,140.0,13.97,277.86,8.2,12,101700.0,9999999
72494,0,3401,15.6,6.8,255.0,74.0,13.97,273.87,8.8,12,101700.0,9999999
72494,0,3402,13.9,6.8,76.0,40.0,13.97,272.36,8.2,12,101700.0,9999999
72494,0,3403,12.8,6.8,1.0,1.0,13.97,271.26,8.8,11,101700.0,9999999
72494,0,3404,12.2,7.09,0.0,0.0,13.97,270.82,8.2,11,101700.0,9999999
72494,0,3405,12.2,7.09,0.0,0.0,13.97,270.82,7.2,12,101700.0,9999999
72494,0,3406,11.7,7.09,0.0,0.0,13.97,270.37,8.8,12,101700.0,9999999
72494,0,3407,11.1,7.09,0.0,0.0,13.97,269.7,8.8,12,101700.0,9999999
72494,0,3408,11.1,7.09,0.0,0.0,13.97,269.7,8.2,12,101700.0,9999999
72494,0,3409,10.6,7.09,0.0,0.0,13.97,269.25,6.2,11,101700.0,9999999
72494,0,3410,10.6,6.8,0.0,0.0,13.97,269.25,4.1,12,101700.0,9999999
72494,0,3411,9.4,6.8,0.0,0.0,13.97,268.12,3.6,12,101700.0,9999999
72494,0,3412,9.4,6.8,0.0,0.0,13.97,269.25,3.6,12,101700.0,9999999
72494,0,3413,10.6,7.09,53.0,27.0,13.97,269.25,5.2,12,101800.0,9999999
72494,0,3414,12.8,7.34,227.0,55.0,13.97,271.48,3.6,12,101800.0,9999999
72494,0,3415,15.0,7.65,437.0,79.0,13.97,273.66,2.1,15,101800.0,9999999
72494,0,3416,16.7,6.57,638.0,98.0,13.97,274.94,2.1,13,101800.0,9999999
72494,0,3417,17.8,6.57,807.0,112.0,13.97,275.79,2.6,13,101800.0,9999999
72494,0,3418,18.9,6.3,930.0,122.0,13.97,276.83,5.7,12,101700.0,9999999
72494,0,3419,18.9,6.3,997.0,126.0,13.97,276.83,6.2,12,101700.0,9999999
72494,0,3420,18.9,6.8,1004.0,127.0,13.97,277.04,7.7,12,101700.0,9999999
72494,0,3421,18.3,6.3,950.0,123.0,13.97,276.21,7.2,11,101600.0,9999999
72494,0,3422,17.2,6.57,839.0,115.0,13.97,275.36,8.2,12,101600.0,9999999
72494,0,3423,17.8,6.08,679.0,102.0,13.97,275.58,9.3,12,101500.0,9999999
72494,0,3424,17.2,6.57,484.0,83.0,13.97,275.36,9.3,12,101500.0,9999999
72494,0,3425,15.0,6.8,273.0,60.0,13.97,273.44,10.8,12,101400.0,9999999
72494,0,3426,13.9,7.09,85.0,35.0,13.97,272.36,8.2,12,101400.0,9999999
72494,0,3427,12.8,7.09,1.0,1.0,13.97,271.48,7.7,12,101400.0,9999999
72494,0,3428,13.3,7.09,0.0,0.0,13.97,271.92,7.7,12,101400.0,9999999
72494,0,3429,13.3,7.09,0.0,0.0,13.97,271.92,6.7,12,101300.0,9999999
72494,0,3430,12.8,7.09,0.0,0.0,13.97,271.48,6.2,12,101300.0,9999999
72494,0,3431,13.9,6.57,0.0,0.0,13.97,272.14,6.2,12,101300.0,9999999
72494,0,3432,17.2,6.3,0.0,0.0,13.97,275.15,6.2,14,101200.0,9999999
72494,0,3433,17.2,5.62,0.0,0.0,13.97,274.73,10.3,15,101200.0,9999999
72494,0,3434,17.2,4.75,0.0,0.0,13.97,274.3,10.3,14,101100.0,9999999
72494,0,3435,17.2,5.62,0.0,0.0,13.97,274.73,13.4,16,101100.0,9999999
72494,0,3436,16.7,5.62,0.0,0.0,13.97,274.3,9.8,15,101100.0,9999999
72494,0,3437,17.2,5.62,39.0,37.0,13.97,274.73,9.3,15,101200.0,9999999
72494,0,3438,17.8,5.82,176.0,105.0,13.97,275.58,7.7,15,101200.0,9999999
72494,0,3439,18.9,5.62,376.0,170.0,13.97,276.41,11.8,16,101100.0,9999999
72494,0,3440,20.0,6.08,581.0,223.0,13.97,277.66,9.3,15,101200.0,9999999
72494,0,3441,21.1,5.82,757.0,257.0,13.97,278.68,9.3,15,101200.0,9999999
72494,0,3442,22.2,6.3,852.0,276.0,13.97,281.29,6.2,15,101200.0,9999999
72494,0,3443,23.3,5.82,949.0,298.0,13.97,280.7,6.2,15,101100.0,9999999
72494,0,3444,23.3,6.08,955.0,299.0,13.97,280.9,7.7,12,101100.0,9999999
72494,0,3445,22.8,5.82,898.0,289.0,13.97,280.3,10.3,12,101000.0,9999999
72494,0,3446,21.1,6.57,761.0,267.0,13.97,279.09,11.3,12,101000.0,9999999
72494,0,3447,19.4,6.8,617.0,232.0,13.97,277.45,11.3,12,101000.0,9999999
72494,0,3448,20.0,6.3,420.0,183.0,13.97,277.86,10.8,12,100900.0,9999999
72494,0,3449,18.3,6.8,216.0,121.0,13.97,276.41,8.8,12,100900.0,9999999
72494,0,3450,16.1,7.09,62.0,55.0,13.97,275.79,8.8,12,100900.0,9999999
72494,0,3451,13.9,7.34,1.0,1.0,13.97,272.58,9.3,12,100900.0,9999999
72494,0,3452,13.3,7.34,0.0,0.0,13.97,271.92,7.2,12,100900.0,9999999
72494,0,3453,13.3,7.34,0.0,0.0,13.97,271.92,6.2,12,100900.0,9999999
72494,0,3454,13.9,7.65,0.0,0.0,13.97,272.8,5.7,14,100800.0,9999999
72494,0,3455,12.8,7.65,0.0,0.0,13.97,271.7,5.7,12,100800.0,9999999
72494,0,3456,12.8,7.65,0.0,0.0,13.97,271.7,3.6,12,100800.0,9999999
72494,0,3457,13.3,7.34,0.0,0.0,13.97,271.92,5.2,12,100800.0,9999999
72494,0,3458,13.3,7.34,0.0,0.0,13.97,271.92,3.6,12,100800.0,9999999
72494,0,3459,13.9,7.65,0.0,0.0,13.97,272.8,1.0,6,100800.0,9999999
72494,0,3460,12.8,7.34,0.0,0.0,13.97,272.8,3.6,12,100800.0,9999999
72494,0,3461,16.1,8.58,45.0,35.0,13.97,275.15,3.1,5,100800.0,9999999
72494,0,3462,21.1,7.97,203.0,82.0,13.97,279.7,1.5,16,100900.0,9999999
72494,0,3463,22.2,7.97,363.0,147.0,13.97,282.08,5.7,16,100900.0,9999999
72494,0,3464,23.3,7.97,569.0,151.0,13.97,283.06,6.7,16,100900.0,9999999
72494,0,3465,23.9,7.97,755.0,186.0,13.97,283.64,6.2,15,100900.0,9999999
72494,0,3466,25.0,7.97,902.0,188.0,13.97,284.79,6.2,15,100900.0,9999999
72494,0,3467,26.7,7.09,962.0,205.0,13.97,284.6,7.2,15,100900.0,9999999
72494,0,3468,27.2,7.65,981.0,201.0,13.97,285.37,7.2,12,100900.0,9999999
72494,0,3469,25.6,7.34,925.0,195.0,13.97,283.64,8.8,12,100900.0,9999999
72494,0,3470,24.4,7.09,813.0,182.0,13.97,282.48,9.8,12,100900.0,9999999
72494,0,3471,25.0,6.8,651.0,160.0,13.97,282.87,10.3,12,100900.0,9999999
72494,0,3472,23.9,6.57,399.0,132.0,13.97,281.69,8.8,12,100900.0,9999999
72494,0,3473,22.2,6.57,232.0,95.0,13.97,281.49,8.8,12,100900.0,9999999
72494,0,3474,17.8,7.65,69.0,47.0,13.97,277.66,7.7,12,101000.0,9999999
72494,0,3475,15.0,7.65,1.0,1.0,13.97,274.94,5.2,13,101100.0,9999999
72494,0,3476,15.0,7.97,0.0,0.0,13.97,275.15,3.6,13,101200.0,9999999
72494,0,3477,15.0,7.65,0.0,0.0,13.97,274.94,2.1,12,101200.0,9999999
72494,0,3478,13.9,7.97,0.0,0.0,13.97,274.09,0.0,0,101300.0,9999999
72494,0,3479,13.3,7.97,0.0,0.0,13.97,272.36,1.5,12,101200.0,9999999
72494,0,3480,13.3,7.97,0.0,0.0,13.97,272.36,5.2,8,101300.0,9999999
72494,0,3481,13.3,7.97,0.0,0.0,13.97,273.44,3.1,7,101300.0,9999999
72494,0,3482,12.8,7.97,0.0,0.0,13.97,273.01,5.7,7,101300.0,9999999
72494,0,3483,12.8,7.97,0.0,0.0,13.97,275.15,6.2,8,101400.0,9999999
72494,0,3484,12.8,7.97,0.0,0.0,13.97,278.27,4.1,9,101400.0,9999999
72494,0,3485,13.3,7.97,46.0,30.0,13.97,276.21,2.1,8,101400.0,9999999
72494,0,3486,14.4,8.24,99.0,70.0,13.97,278.07,2.1,9,101500.0,9999999
72494,0,3487,13.9,8.24,203.0,159.0,13.97,280.9,5.2,10,101500.0,9999999
72494,0,3488,14.4,7.97,500.0,302.0,13.97,279.9,6.2,8,101500.0,9999999
72494,0,3489,15.0,7.97,618.0,265.0,13.97,279.29,6.2,8,101500.0,9999999
72494,0,3490,15.0,8.24,594.0,413.0,13.97,280.5,8.2,9,101600.0,9999999
72494,0,3491,14.4,7.65,504.0,291.0,13.97,281.1,8.8,10,101600.0,9999999
72494,0,3492,15.0,7.65,485.0,379.0,13.97,281.69,6.2,11,101600.0,9999999
72494,0,3493,13.9,7.97,265.0,265.0,13.97,282.87,6.7,10,101600.0,9999999
72494,0,3494,13.3,7.65,235.0,235.0,13.97,282.08,8.2,11,101600.0,9999999
72494,0,3495,13.3,7.65,191.0,191.0,13.97,282.08,8.8,11,101500.0,9999999
72494,0,3496,12.8,7.34,137.0,137.0,13.97,281.49,8.2,11,101500.0,9999999
72494,0,3497,12.8,7.34,77.0,77.0,13.97,281.49,9.8,11,101500.0,9999999
72494,0,3498,12.8,7.34,28.0,28.0,13.97,281.49,9.3,11,101500.0,9999999
72494,0,3499,12.2,7.34,1.0,1.0,13.97,280.9,10.3,11,101500.0,9999999
72494,0,3500,12.2,7.34,0.0,0.0,13.97,280.9,8.8,11,101500.0,9999999
72494,0,3501,11.7,7.09,0.0,0.0,13.97,280.3,7.7,11,101400.0,9999999
72494,0,3502,11.7,7.09,0.0,0.0,13.97,280.3,12.4,11,101400.0,9999999
72494,0,3503,11.1,7.09,0.0,0.0,13.97,279.7,11.8,11,101300.0,9999999
72494,0,3504,11.1,6.8,0.0,0.0,13.97,279.49,10.3,11,101300.0,9999999
72494,0,3505,11.1,6.8,0.0,0.0,13.97,279.49,9.3,12,101300.0,9999999
72494,0,3506,11.1,7.09,0.0,0.0,13.97,279.7,7.7,12,101300.0,9999999
72494,0,3507,10.6,7.09,0.0,0.0,13.97,279.09,5.7,12,101300.0,9999999
72494,0,3508,10.6,7.09,0.0,0.0,13.97,273.87,4.6,11,101400.0,9999999
72494,0,3509,10.6,7.09,45.0,36.0,13.97,269.25,4.6,12,101400.0,9999999
72494,0,3510,12.2,7.34,191.0,109.0,13.97,272.14,4.1,12,101400.0,9999999
72494,0,3511,13.9,7.34,389.0,132.0,13.97,273.87,2.1,11,101400.0,9999999
72494,0,3512,14.4,7.34,579.0,262.0,13.97,274.3,3.6,12,101400.0,9999999
72494,0,3513,17.2,7.65,737.0,187.0,13.97,277.04,1.0,12,101400.0,9999999
72494,0,3514,17.8,7.97,854.0,202.0,13.97,277.86,5.7,14,101400.0,9999999
72494,0,3515,17.8,7.97,877.0,235.0,13.97,277.86,8.2,13,101400.0,9999999
72494,0,3516,19.4,8.24,972.0,217.0,13.97,278.07,7.2,12,101400.0,9999999
72494,0,3517,18.9,7.97,918.0,210.0,13.97,277.66,7.2,13,101400.0,9999999
72494,0,3518,17.8,7.34,807.0,196.0,13.97,276.21,8.8,12,101400.0,9999999
72494,0,3519,16.7,7.09,647.0,172.0,13.97,275.15,8.8,12,101300.0,9999999
72494,0,3520,15.6,7.09,451.0,139.0,13.97,274.09,7.7,12,101300.0,9999999
72494,0,3521,14.4,6.8,245.0,97.0,13.97,272.8,6.2,12,101300.0,9999999
72494,0,3522,13.3,6.8,73.0,50.0,13.97,271.7,6.2,12,101300.0,9999999
72494,0,3523,11.7,6.8,1.0,1.0,13.97,270.15,4.1,12,101300.0,9999999
72494,0,3524,11.7,6.8,0.0,0.0,13.97,270.15,6.7,11,101300.0,9999999
72494,0,3525,11.7,6.8,0.0,0.0,13.97,270.15,6.2,11,101400.0,9999999
72494,0,3526,11.1,6.8,0.0,0.0,13.97,271.04,6.2,11,101400.0,9999999
72494,0,3527,10.6,6.57,0.0,0.0,13.97,270.37,2.6,11,101400.0,9999999
72494,0,3528,10.6,6.57,0.0,0.0,13.97,270.37,2.6,10,101300.0,9999999
72494,0,3529,10.6,6.57,0.0,0.0,13.97,270.37,4.6,10,101300.0,9999999
72494,0,3530,10.0,6.57,0.0,0.0,13.97,269.7,2.1,10,101300.0,9999999
72494,0,3531,10.0,6.57,0.0,0.0,13.97,269.7,3.1,8,101300.0,9999999
72494,0,3532,10.0,6.57,0.0,0.0,13.97,271.92,1.5,9,101300.0,9999999
72494,0,3533,10.6,6.57,41.0,36.0,13.97,273.66,0.0,0,101400.0,9999999
72494,0,3534,12.2,6.57,186.0,118.0,13.97,277.04,0.0,0,101400.0,9999999
72494,0,3535,14.4,6.8,412.0,198.0,13.97,278.07,1.5,2,101400.0,9999999
72494,0,3536,15.6,7.09,463.0,224.0,13.97,278.68,3.6,2,101500.0,9999999
72494,0,3537,16.7,7.34,525.0,372.0,13.97,280.7,2.6,1,101500.0,9999999
72494,0,3538,16.7,7.34,649.0,346.0,13.97,279.9,6.2,12,101500.0,9999999
72494,0,3539,15.6,7.09,599.0,392.0,13.97,278.07,7.7,12,101500.0,9999999
72494,0,3540,15.0,7.09,794.0,337.0,13.97,277.45,9.3,11,101500.0,9999999
72494,0,3541,15.0,6.8,688.0,264.0,13.97,277.86,7.7,11,101400.0,9999999
72494,0,3542,14.4,6.8,637.0,264.0,13.97,276.21,9.3,11,101400.0,9999999
72494,0,3543,14.4,6.57,636.0,118.0,13.97,274.94,9.3,11,101300.0,9999999
72494,0,3544,13.9,6.57,465.0,190.0,13.97,275.15,7.2,11,101400.0,9999999
72494,0,3545,12.2,6.3,222.0,151.0,13.97,273.87,7.7,10,101300.0,9999999
72494,0,3546,11.7,6.57,82.0,58.0,13.97,273.44,7.7,11,101300.0,9999999
72494,0,3547,11.1,6.57,2.0,2.0,13.97,273.01,5.2,10,101300.0,9999999
72494,0,3548,11.1,6.8,0.0,0.0,13.97,273.01,7.2,11,101300.0,9999999
72494,0,3549,10.6,6.8,0.0,0.0,13.97,272.58,5.2,11,101300.0,9999999
72494,0,3550,10.6,6.8,0.0,0.0,13.97,272.14,7.2,10,101300.0,9999999
72494,0,3551,10.6,6.8,0.0,0.0,13.97,271.26,8.2,10,101300.0,9999999
72494,0,3552,10.0,6.57,0.0,0.0,13.97,278.27,4.6,11,101300.0,9999999
72494,0,3553,10.0,6.57,0.0,0.0,13.97,278.27,5.7,11,101200.0,9999999
72494,0,3554,10.0,6.57,0.0,0.0,13.97,273.01,5.2,11,101200.0,9999999
72494,0,3555,10.0,6.57,0.0,0.0,13.97,271.26,6.2,11,101200.0,9999999
72494,0,3556,10.0,6.57,0.0,0.0,13.97,273.01,5.2,10,101200.0,9999999
72494,0,3557,10.6,6.57,30.0,26.0,13.97,275.36,5.7,10,101300.0,9999999
72494,0,3558,10.6,6.57,68.0,68.0,13.97,278.89,4.6,12,101300.0,9999999
72494,0,3559,11.1,6.3,128.0,128.0,13.97,279.29,5.7,10,101400.0,9999999
72494,0,3560,12.2,6.57,184.0,184.0,13.97,280.5,5.2,11,101400.0,9999999
72494,0,3561,13.9,6.57,742.0,136.0,13.97,276.21,4.1,9,101400.0,9999999
72494,0,3562,15.0,6.8,878.0,119.0,13.97,275.58,5.7,10,101400.0,9999999
72494,0,3563,16.1,6.57,943.0,128.0,13.97,277.25,4.6,10,101400.0,9999999
72494,0,3564,16.1,6.8,892.0,146.0,13.97,276.62,6.7,11,101400.0,9999999
72494,0,3565,15.6,6.8,881.0,173.0,13.97,276.83,8.8,12,101400.0,9999999
72494,0,3566,15.0,6.8,797.0,123.0,13.97,275.58,8.8,12,101400.0,9999999
72494,0,3567,14.4,7.09,680.0,95.0,13.97,274.3,10.3,11,101400.0,9999999
72494,0,3568,13.3,6.8,470.0,88.0,13.97,273.01,10.3,11,101400.0,9999999
72494,0,3569,12.8,6.8,268.0,58.0,13.97,272.58,7.7,11,101400.0,9999999
72494,0,3570,11.7,6.8,70.0,42.0,13.97,273.66,7.2,11,101400.0,9999999
72494,0,3571,11.1,6.8,2.0,2.0,13.97,273.01,7.2,12,101400.0,9999999
72494,0,3572,11.1,6.8,0.0,0.0,13.97,277.45,6.2,11,101400.0,9999999
72494,0,3573,11.1,6.8,0.0,0.0,13.97,279.49,5.7,11,101500.0,9999999
72494,0,3574,10.6,6.8,0.0,0.0,13.97,277.04,5.2,10,101500.0,9999999
72494,0,3575,10.6,6.8,0.0,0.0,13.97,273.66,4.1,11,101400.0,9999999
72494,0,3576,10.0,6.8,0.0,0.0,13.97,271.92,2.1,7,101400.0,9999999
72494,0,3577,10.0,6.57,0.0,0.0,13.97,269.7,2.1,10,101400.0,9999999
72494,0,3578,10.0,6.57,0.0,0.0,13.97,269.7,4.1,9,101400.0,9999999
72494,0,3579,9.4,6.57,0.0,0.0,13.97,272.36,1.0,10,101400.0,9999999
72494,0,3580,9.4,6.57,0.0,0.0,13.97,274.3,3.1,10,101400.0,9999999
72494,0,3581,10.0,6.57,40.0,35.0,13.97,273.87,4.1,11,101500.0,9999999
72494,0,3582,11.7,6.57,152.0,99.0,13.97,274.73,2.1,9,101500.0,9999999
72494,0,3583,13.9,6.8,385.0,138.0,13.97,274.52,0.0,0,101600.0,9999999
72494,0,3584,14.4,7.09,613.0,154.0,13.97,273.01,4.1,3,101600.0,9999999
72494,0,3585,15.6,7.34,782.0,177.0,13.97,274.09,3.6,2,101600.0,9999999
72494,0,3586,16.7,7.09,905.0,192.0,13.97,275.15,7.7,12,101600.0,9999999
72494,0,3587,16.1,6.8,973.0,199.0,13.97,274.3,8.8,12,101600.0,9999999
72494,0,3588,16.7,6.8,980.0,200.0,13.97,274.94,10.3,12,101700.0,9999999
72494,0,3589,15.6,6.8,927.0,194.0,13.97,273.87,11.3,11,101700.0,9999999
72494,0,3590,16.1,6.8,817.0,181.0,13.97,274.3,8.8,12,101700.0,9999999
72494,0,3591,15.0,6.57,627.0,161.0,13.97,275.36,8.8,12,101600.0,9999999
72494,0,3592,15.0,6.57,397.0,189.0,13.97,276.62,10.3,12,101600.0,9999999
72494,0,3593,13.3,6.57,207.0,143.0,13.97,275.15,10.3,12,101600.0,9999999
72494,0,3594,12.2,6.57,65.0,55.0,13.97,273.44,10.3,11,101600.0,9999999
72494,0,3595,11.7,6.57,2.0,2.0,13.97,271.48,9.3,12,101600.0,9999999
72494,0,3596,11.7,6.57,0.0,0.0,13.97,270.15,11.3,12,101600.0,9999999
72494,0,3597,11.7,6.57,0.0,0.0,13.97,270.15,7.7,12,101600.0,9999999
72494,0,3598,11.1,6.57,0.0,0.0,13.97,269.48,8.8,12,101700.0,9999999
72494,0,3599,10.6,6.8,0.0,0.0,13.97,269.25,10.3,11,101600.0,9999999
72494,0,3600,10.6,6.8,0.0,0.0,13.97,269.25,11.3,12,101600.0,9999999
72494,0,3601,10.6,6.8,0.0,0.0,13.97,270.37,8.2,12,101600.0,9999999
72494,0,3602,10.6,6.8,0.0,0.0,13.97,270.37,10.3,12,101600.0,9999999
72494,0,3603,10.6,6.8,0.0,0.0,13.97,270.37,8.2,12,101600.0,9999999
72494,0,3604,10.6,6.8,0.0,0.0,13.97,271.26,5.2,12,101600.0,9999999
72494,0,3605,11.1,6.8,42.0,34.0,13.97,272.58,5.2,12,101700.0,9999999
72494,0,3606,12.2,7.09,203.0,96.0,13.97,273.01,5.2,12,101800.0,9999999
72494,0,3607,13.3,6.8,422.0,110.0,13.97,271.7,6.2,12,101800.0,9999999
72494,0,3608,15.6,6.8,622.0,138.0,13.97,273.87,5.2,13,101800.0,9999999
72494,0,3609,17.2,6.57,790.0,158.0,13.97,275.36,4.1,14,101800.0,9999999
72494,0,3610,18.9,6.57,912.0,171.0,13.97,276.83,6.2,12,101800.0,9999999
72494,0,3611,20.0,6.8,979.0,178.0,13.97,278.07,6.2,13,101800.0,9999999
72494,0,3612,18.9,6.8,987.0,179.0,13.97,277.04,8.2,12,101800.0,9999999
72494,0,3613,18.9,6.57,934.0,173.0,13.97,276.83,7.7,12,101800.0,9999999
72494,0,3614,18.9,7.34,824.0,162.0,13.97,277.25,5.7,12,101800.0,9999999
72494,0,3615,18.9,7.65,666.0,144.0,13.97,277.45,8.2,12,101700.0,9999999
72494,0,3616,16.7,8.24,452.0,124.0,13.97,276.83,9.3,12,101700.0,9999999
72494,0,3617,16.1,8.24,263.0,83.0,13.97,276.41,8.8,12,101700.0,9999999
72494,0,3618,15.0,8.24,82.0,47.0,13.97,275.36,9.3,12,101700.0,9999999
72494,0,3619,13.3,8.24,2.0,2.0,13.97,273.66,7.2,12,101700.0,9999999
72494,0,3620,12.8,8.24,0.0,0.0,13.97,273.23,8.8,12,101800.0,9999999
72494,0,3621,12.4,8.13,0.0,0.0,13.97,272.8,8.3,12,101700.0,9999999
72494,0,3622,12.0,8.07,0.0,0.0,13.97,272.36,7.8,12,101700.0,9999999
72494,0,3623,11.6,7.97,0.0,0.0,13.97,271.92,7.3,12,101700.0,9999999
72494,0,3624,11.2,7.91,0.0,0.0,15.58,271.48,6.7,12,101700.0,9999999
72494,0,3625,10.8,7.8,0.0,0.0,15.58,271.04,6.2,13,101700.0,9999999
72494,0,3626,10.4,7.75,0.0,0.0,15.58,269.48,5.7,12,101700.0,9999999
72494,0,3627,10.0,7.65,0.0,0.0,15.58,269.03,5.2,12,101700.0,9999999
72494,0,3628,10.0,7.34,0.0,0.0,15.58,271.7,4.1,12,101700.0,9999999
72494,0,3629,11.1,7.65,59.0,39.0,15.58,271.26,3.1,12,101800.0,9999999
72494,0,3630,13.9,8.24,207.0,59.0,15.58,274.3,1.0,12,101800.0,9999999
72494,0,3631,16.7,8.87,412.0,98.0,15.58,277.25,1.5,2,101800.0,9999999
72494,0,3632,17.8,9.23,617.0,105.0,15.58,278.27,2.1,2,101800.0,9999999
72494,0,3633,18.3,9.54,723.0,119.0,15.58,278.89,4.1,1,101800.0,9999999
72494,0,3634,21.1,9.93,772.0,258.0,15.58,284.03,3.1,2,101800.0,9999999
72494,0,3635,22.8,9.23,893.0,356.0,15.58,285.37,3.6,1,101700.0,9999999
72494,0,3636,24.4,9.54,865.0,329.0,15.58,287.06,4.1,16,101700.0,9999999
72494,0,3637,27.8,8.87,838.0,275.0,15.58,289.99,6.2,13,101600.0,9999999
72494,0,3638,22.8,8.58,744.0,243.0,15.58,284.6,10.3,13,101600.0,9999999
72494,0,3639,21.1,7.97,511.0,184.0,15.58,281.89,11.3,12,101600.0,9999999
72494,0,3640,18.3,8.24,292.0,119.0,15.58,280.1,10.8,12,101600.0,9999999
72494,0,3641,18.9,7.97,249.0,92.0,15.58,279.9,9.3,13,101500.0,9999999
72494,0,3642,16.7,8.24,90.0,41.0,15.58,276.83,6.2,13,101500.0,9999999
72494,0,3643,13.9,7.97,3.0,2.0,15.58,274.09,6.2,12,101600.0,9999999
72494,0,3644,13.3,7.65,0.0,0.0,15.58,272.14,5.2,12,101600.0,9999999
72494,0,3645,12.8,7.65,0.0,0.0,15.58,271.7,5.2,12,101600.0,9999999
72494,0,3646,12.8,7.65,0.0,0.0,15.58,271.7,3.1,12,101600.0,9999999
72494,0,3647,13.3,7.97,0.0,0.0,15.58,272.36,2.1,12,101600.0,9999999
72494,0,3648,14.4,8.24,0.0,0.0,15.58,273.44,0.0,0,101600.0,9999999
72494,0,3649,13.3,7.65,0.0,0.0,15.58,272.14,1.0,12,101600.0,9999999
72494,0,3650,13.3,7.65,0.0,0.0,15.58,272.14,2.1,11,101600.0,9999999
72494,0,3651,13.9,7.65,0.0,0.0,15.58,272.8,1.0,11,101600.0,9999999
72494,0,3652,14.4,7.97,0.0,0.0,15.58,273.23,0.0,0,101600.0,9999999
72494,0,3653,15.6,8.87,62.0,29.0,15.58,274.73,0.0,0,101600.0,9999999
72494,0,3654,18.3,10.67,237.0,53.0,15.58,278.07,0.0,0,101600.0,9999999
72494,0,3655,20.0,10.26,443.0,76.0,15.58,279.49,2.1,1,101600.0,9999999
72494,0,3656,21.1,9.54,640.0,94.0,15.58,280.3,3.1,16,101700.0,9999999
72494,0,3657,22.8,10.26,805.0,107.0,15.58,282.08,2.1,16,101700.0,9999999
72494,0,3658,24.4,9.93,925.0,116.0,15.58,283.64,3.1,1,101700.0,9999999
72494,0,3659,26.7,8.58,991.0,120.0,15.58,285.18,3.1,1,101700.0,9999999
72494,0,3660,26.1,8.58,999.0,121.0,15.58,284.6,4.1,16,101600.0,9999999
72494,0,3661,28.9,10.67,948.0,117.0,15.58,288.17,4.1,16,101600.0,9999999
72494,0,3662,31.7,9.93,840.0,110.0,15.58,290.54,8.2,12,101500.0,9999999
72494,0,3663,26.7,9.23,686.0,98.0,15.58,285.55,8.2,12,101600.0,9999999
72494,0,3664,26.1,8.58,496.0,81.0,15.58,284.6,8.2,12,101500.0,9999999
72494,0,3665,25.0,8.24,290.0,59.0,15.58,283.45,5.7,13,101500.0,9999999
72494,0,3666,22.8,8.24,101.0,36.0,15.58,281.49,7.2,13,101500.0,9999999
72494,0,3667,19.4,7.97,4.0,3.0,15.58,278.07,8.2,12,101600.0,9999999
72494,0,3668,17.2,8.24,0.0,0.0,15.58,276.0,4.1,13,101600.0,9999999
72494,0,3669,15.6,8.24,0.0,0.0,15.58,274.52,5.2,12,101700.0,9999999
72494,0,3670,15.6,7.97,0.0,0.0,15.58,274.52,5.7,12,101700.0,9999999
72494,0,3671,15.6,7.97,0.0,0.0,15.58,274.52,4.6,12,101700.0,9999999
72494,0,3672,12.8,7.97,0.0,0.0,15.58,271.7,3.6,12,101700.0,9999999
72494,0,3673,12.8,7.97,0.0,0.0,15.58,271.7,3.6,12,101700.0,9999999
72494,0,3674,12.8,7.65,0.0,0.0,15.58,271.7,3.6,12,101600.0,9999999
72494,0,3675,12.2,7.65,0.0,0.0,15.58,271.04,3.6,12,101600.0,9999999
72494,0,3676,12.2,7.97,0.0,0.0,15.58,271.26,3.6,12,101600.0,9999999
72494,0,3677,12.2,8.24,52.0,38.0,15.58,271.26,5.7,12,101600.0,9999999
72494,0,3678,15.0,8.24,212.0,82.0,15.58,274.09,3.6,12,101700.0,9999999
72494,0,3679,19.4,8.58,416.0,120.0,15.58,278.27,1.5,1,101700.0,9999999
72494,0,3680,22.2,9.23,615.0,151.0,15.58,281.29,2.6,16,101700.0,9999999
72494,0,3681,21.1,9.93,783.0,173.0,15.58,280.5,3.6,16,101700.0,9999999
72494,0,3682,25.0,9.23,894.0,192.0,15.58,283.84,5.7,13,101700.0,9999999
72494,0,3683,25.0,8.87,963.0,200.0,15.58,283.84,7.7,13,101600.0,9999999
72494,0,3684,22.8,8.87,970.0,201.0,15.58,281.69,9.8,13,101600.0,9999999
72494,0,3685,22.8,8.58,918.0,195.0,15.58,281.49,10.3,13,101500.0,9999999
72494,0,3686,23.3,8.58,811.0,182.0,15.58,282.08,10.3,12,101500.0,9999999
72494,0,3687,21.1,8.58,658.0,161.0,15.58,279.9,11.8,12,101500.0,9999999
72494,0,3688,19.4,8.58,464.0,132.0,15.58,278.27,9.8,13,101400.0,9999999
72494,0,3689,18.3,8.58,264.0,92.0,15.58,277.25,8.2,13,101400.0,9999999
72494,0,3690,16.1,8.24,86.0,51.0,15.58,274.94,9.3,12,101500.0,9999999
72494,0,3691,14.4,8.24,3.0,3.0,15.58,275.58,9.3,13,101500.0,9999999
72494,0,3692,13.9,8.24,0.0,0.0,15.58,273.01,9.3,13,101500.0,9999999
72494,0,3693,13.3,8.24,0.0,0.0,15.58,272.36,7.7,13,101500.0,9999999
72494,0,3694,12.8,8.24,0.0,0.0,15.58,271.92,7.7,13,101500.0,9999999
72494,0,3695,12.8,7.97,0.0,0.0,15.58,271.7,7.2,12,101500.0,9999999
72494,0,3696,12.2,8.24,0.0,0.0,15.58,271.26,7.2,13,101400.0,9999999
72494,0,3697,11.7,7.97,0.0,0.0,15.58,271.92,8.2,13,101400.0,9999999
72494,0,3698,11.1,7.97,0.0,0.0,15.58,271.48,8.2,13,101400.0,9999999
72494,0,3699,11.1,7.97,0.0,0.0,15.58,271.48,8.2,13,101400.0,9999999
72494,0,3700,10.6,7.65,0.0,0.0,15.58,271.7,5.7,12,101500.0,9999999
72494,0,3701,12.2,7.97,48.0,40.0,15.58,271.26,6.2,13,101500.0,9999999
72494,0,3702,13.9,7.97,198.0,96.0,15.58,272.8,6.2,13,101500.0,9999999
72494,0,3703,15.6,7.97,399.0,145.0,15.58,274.52,7.2,13,101500.0,9999999
72494,0,3704,16.7,7.97,598.0,185.0,15.58,275.58,7.2,13,101500.0,9999999
72494,0,3705,18.3,8.24,768.0,214.0,15.58,277.04,7.7,13,101500.0,9999999
72494,0,3706,18.9,7.97,892.0,232.0,15.58,277.66,9.3,13,101500.0,9999999
72494,0,3707,19.4,8.24,960.0,242.0,15.58,278.07,8.2,13,101500.0,9999999
72494,0,3708,18.9,7.97,968.0,243.0,15.58,277.66,9.3,13,101500.0,9999999
72494,0,3709,19.4,7.97,916.0,235.0,15.58,278.07,9.3,13,101400.0,9999999
72494,0,3710,19.4,8.24,806.0,219.0,15.58,278.07,9.3,13,101300.0,9999999
72494,0,3711,17.8,7.97,648.0,194.0,15.58,276.62,10.3,12,101300.0,9999999
72494,0,3712,16.7,7.97,454.0,157.0,15.58,275.58,10.3,12,101200.0,9999999
72494,0,3713,15.6,7.65,249.0,109.0,15.58,274.3,9.3,13,101200.0,9999999
72494,0,3714,14.4,7.65,80.0,57.0,15.58,273.23,6.2,13,101200.0,9999999
72494,0,3715,13.3,7.65,3.0,3.0,15.58,272.14,5.2,13,101200.0,9999999
72494,0,3716,12.8,7.65,0.0,0.0,15.58,271.7,4.1,12,101200.0,9999999
72494,0,3717,12.2,7.65,0.0,0.0,15.58,271.04,4.1,12,101300.0,9999999
72494,0,3718,12.2,7.65,0.0,0.0,15.58,271.04,3.6,12,101200.0,9999999
72494,0,3719,12.2,7.65,0.0,0.0,15.58,271.04,4.1,13,101200.0,9999999
72494,0,3720,11.7,7.34,0.0,0.0,15.58,270.37,3.1,12,101200.0,9999999
72494,0,3721,12.2,7.34,0.0,0.0,15.58,271.04,3.1,12,101200.0,9999999
72494,0,3722,11.7,7.09,0.0,0.0,15.58,270.37,0.0,0,101100.0,9999999
72494,0,3723,12.8,7.65,0.0,0.0,15.58,271.7,0.0,0,101200.0,9999999
72494,0,3724,12.8,7.65,0.0,0.0,15.58,271.7,1.5,11,101200.0,9999999
72494,0,3725,14.4,8.24,54.0,37.0,15.58,273.44,1.5,11,101200.0,9999999
72494,0,3726,17.8,8.87,216.0,78.0,15.58,276.83,0.0,0,101200.0,9999999
72494,0,3727,19.4,9.54,420.0,113.0,15.58,278.68,0.0,0,101200.0,9999999
72494,0,3728,20.0,9.93,618.0,141.0,15.58,279.29,2.1,1,101200.0,9999999
72494,0,3729,21.1,10.26,785.0,162.0,15.58,280.5,2.6,1,101200.0,9999999
72494,0,3730,23.3,10.67,907.0,175.0,15.58,282.87,2.6,1,101200.0,9999999
72494,0,3731,25.0,11.46,975.0,182.0,15.58,284.6,4.1,15,101200.0,9999999
72494,0,3732,29.4,9.23,983.0,183.0,15.58,287.99,7.7,13,101200.0,9999999
72494,0,3733,28.3,9.23,931.0,178.0,15.58,287.06,8.8,13,101200.0,9999999
72494,0,3734,25.0,8.58,823.0,166.0,15.58,283.64,9.8,13,101200.0,9999999
72494,0,3735,22.8,8.24,667.0,148.0,15.58,281.49,8.8,13,101100.0,9999999
72494,0,3736,20.6,7.34,476.0,121.0,15.58,278.89,9.3,12,101100.0,9999999
72494,0,3737,17.2,7.65,271.0,88.0,15.58,275.79,9.3,12,101100.0,9999999
72494,0,3738,15.6,7.65,91.0,50.0,15.58,274.3,6.2,13,101200.0,9999999
72494,0,3739,13.9,7.97,3.0,3.0,15.58,274.09,8.2,13,101200.0,9999999
72494,0,3740,13.3,7.97,0.0,0.0,15.58,273.44,7.2,13,101300.0,9999999
72494,0,3741,12.8,7.65,0.0,0.0,15.58,273.01,7.2,12,101300.0,9999999
72494,0,3742,12.8,7.97,0.0,0.0,15.58,273.01,6.7,12,101300.0,9999999
72494,0,3743,12.8,7.97,0.0,0.0,15.58,273.01,5.7,13,101300.0,9999999
72494,0,3744,12.2,7.65,0.0,0.0,15.58,272.36,4.6,13,101300.0,9999999
72494,0,3745,12.2,7.65,0.0,0.0,15.58,272.36,4.1,12,101300.0,9999999
72494,0,3746,11.7,7.65,0.0,0.0,15.58,270.6,2.6,12,101200.0,9999999
72494,0,3747,11.7,7.65,0.0,0.0,15.58,270.6,3.6,12,101200.0,9999999
72494,0,3748,11.7,7.65,0.0,0.0,15.58,270.6,3.1,12,101300.0,9999999
72494,0,3749,13.3,7.65,48.0,41.0,15.58,272.14,2.6,12,101300.0,9999999
72494,0,3750,16.7,8.24,194.0,99.0,15.58,275.58,0.0,0,101300.0,9999999
72494,0,3751,17.2,8.87,390.0,154.0,15.58,276.41,2.6,16,101300.0,9999999
72494,0,3752,18.3,9.54,589.0,198.0,15.58,277.66,2.6,1,101300.0,9999999
72494,0,3753,20.0,9.54,761.0,229.0,15.58,279.29,2.1,2,101300.0,9999999
72494,0,3754,21.1,9.93,886.0,245.0,15.58,280.5,2.6,1,101200.0,9999999
72494,0,3755,23.3,9.93,955.0,255.0,15.58,282.48,5.2,14,101200.0,9999999
72494,0,3756,26.1,9.23,963.0,257.0,15.58,284.99,6.2,13,101200.0,9999999
72494,0,3757,25.0,8.58,911.0,249.0,15.58,283.64,8.2,13,101100.0,9999999
72494,0,3758,21.1,8.58,802.0,232.0,15.58,279.9,10.3,13,101100.0,9999999
72494,0,3759,20.0,8.58,644.0,204.0,15.58,278.89,10.3,13,101100.0,9999999
72494,0,3760,18.3,8.24,451.0,165.0,15.58,277.04,10.3,13,101100.0,9999999
72494,0,3761,16.7,7.97,248.0,115.0,15.58,275.58,11.3,12,101100.0,9999999
72494,0,3762,16.1,7.65,80.0,59.0,15.58,274.73,8.8,13,101100.0,9999999
72494,0,3763,14.4,6.8,3.0,3.0,15.58,272.8,7.2,13,101100.0,9999999
72494,0,3764,14.4,6.8,0.0,0.0,15.58,272.8,6.2,12,101200.0,9999999
72494,0,3765,13.9,6.8,0.0,0.0,15.58,272.36,6.2,12,101200.0,9999999
72494,0,3766,13.9,7.09,0.0,0.0,15.58,272.36,7.2,12,101200.0,9999999
72494,0,3767,13.9,7.34,0.0,0.0,15.58,272.58,5.2,12,101200.0,9999999
72494,0,3768,12.8,7.65,0.0,0.0,15.58,271.7,5.2,13,101200.0,9999999
72494,0,3769,12.8,7.65,0.0,0.0,15.58,271.7,5.2,13,101200.0,9999999
72494,0,3770,12.2,7.65,0.0,0.0,15.58,271.04,5.2,13,101200.0,9999999
72494,0,3771,12.2,7.65,0.0,0.0,15.58,271.04,5.2,12,101200.0,9999999
72494,0,3772,12.2,7.65,0.0,0.0,15.58,272.36,5.2,13,101300.0,9999999
72494,0,3773,12.8,7.97,47.0,41.0,15.58,273.01,5.2,12,101300.0,9999999
72494,0,3774,14.4,8.24,187.0,107.0,15.58,274.73,5.2,13,101300.0,9999999
72494,0,3775,15.6,8.24,378.0,167.0,15.58,275.79,5.2,13,101400.0,9999999
72494,0,3776,16.7,8.24,565.0,197.0,15.58,276.83,6.2,13,101300.0,9999999
72494,0,3777,17.2,8.24,726.0,228.0,15.58,277.45,8.2,13,101400.0,9999999
72494,0,3778,18.3,8.24,831.0,310.0,15.58,280.1,9.8,13,101400.0,9999999
72494,0,3779,18.3,8.24,709.0,315.0,15.58,279.29,9.8,13,101400.0,9999999
72494,0,3780,17.8,7.97,740.0,306.0,15.58,279.49,9.8,12,101400.0,9999999
72494,0,3781,17.8,7.97,906.0,276.0,15.58,278.89,9.3,13,101400.0,9999999
72494,0,3782,17.8,7.97,774.0,235.0,15.58,277.86,7.2,12,101400.0,9999999
72494,0,3783,17.8,7.65,640.0,207.0,15.58,277.66,8.8,12,101400.0,9999999
72494,0,3784,17.2,7.65,435.0,195.0,15.58,277.04,7.7,13,101400.0,9999999
72494,0,3785,16.1,7.34,237.0,116.0,15.58,276.0,7.2,12,101400.0,9999999
72494,0,3786,14.4,7.34,77.0,60.0,15.58,274.3,6.2,13,101400.0,9999999
72494,0,3787,13.3,7.34,4.0,4.0,15.58,273.23,4.1,13,101400.0,9999999
72494,0,3788,12.2,7.34,0.0,0.0,15.58,272.14,4.1,12,101400.0,9999999
72494,0,3789,12.2,7.34,0.0,0.0,15.58,272.14,5.2,12,101500.0,9999999
72494,0,3790,12.2,7.34,0.0,0.0,15.58,272.14,4.1,13,101500.0,9999999
72494,0,3791,11.7,7.34,0.0,0.0,15.58,271.7,3.1,13,101500.0,9999999
72494,0,3792,11.7,7.34,0.0,0.0,15.58,271.7,4.1,12,101400.0,9999999
72494,0,3793,11.7,7.65,0.0,0.0,15.58,271.92,4.1,13,101400.0,9999999
72494,0,3794,11.1,7.34,0.0,0.0,15.58,271.26,4.1,13,101400.0,9999999
72494,0,3795,10.6,7.34,0.0,0.0,15.58,270.6,3.1,12,101400.0,9999999
72494,0,3796,10.6,7.34,0.0,0.0,15.58,270.6,3.1,12,101400.0,9999999
72494,0,3797,11.7,7.65,52.0,39.0,15.58,271.92,4.1,13,101500.0,9999999
72494,0,3798,13.9,7.65,194.0,87.0,15.58,274.09,2.1,13,101500.0,9999999
72494,0,3799,15.6,7.97,383.0,128.0,15.58,275.79,4.1,13,101500.0,9999999
72494,0,3800,17.2,7.65,611.0,162.0,15.58,275.79,6.2,13,101500.0,9999999
72494,0,3801,17.8,7.65,780.0,186.0,15.58,276.41,6.2,13,101500.0,9999999
72494,0,3802,20.0,7.34,904.0,202.0,15.58,278.27,7.2,13,101500.0,9999999
72494,0,3803,20.6,7.34,973.0,210.0,15.58,278.89,8.2,13,101500.0,9999999
72494,0,3804,21.7,7.34,982.0,211.0,15.58,279.9,7.7,13,101500.0,9999999
72494,0,3805,20.6,7.34,931.0,205.0,15.58,278.89,9.3,13,101500.0,9999999
72494,0,3806,20.6,7.09,823.0,191.0,15.58,278.89,9.8,13,101500.0,9999999
72494,0,3807,20.0,6.8,666.0,170.0,15.58,278.07,10.3,12,101400.0,9999999
72494,0,3808,18.3,6.8,473.0,139.0,15.58,276.41,9.8,12,101300.0,9999999
72494,0,3809,17.2,6.8,267.0,99.0,15.58,275.36,11.3,12,101300.0,9999999
72494,0,3810,16.1,6.8,90.0,55.0,15.58,274.3,8.8,12,101300.0,9999999
72494,0,3811,14.4,6.8,4.0,4.0,15.58,272.8,6.2,12,101400.0,9999999
72494,0,3812,13.9,6.8,0.0,0.0,15.58,272.36,8.2,12,101400.0,9999999
72494,0,3813,13.3,6.8,0.0,0.0,15.58,271.7,7.2,12,101500.0,9999999
72494,0,3814,12.8,7.09,0.0,0.0,15.58,271.48,7.7,13,101500.0,9999999
72494,0,3815,12.2,7.09,0.0,0.0,15.58,270.82,7.7,13,101500.0,9999999
72494,0,3816,12.2,7.09,0.0,0.0,15.58,270.82,7.7,13,101500.0,9999999
72494,0,3817,12.2,7.09,0.0,0.0,15.58,270.82,7.7,13,101500.0,9999999
72494,0,3818,11.7,7.09,0.0,0.0,15.58,270.37,7.2,13,101500.0,9999999
72494,0,3819,11.7,7.09,0.0,0.0,15.58,270.37,6.2,13,101500.0,9999999
72494,0,3820,11.7,7.09,0.0,0.0,15.58,270.37,5.2,12,101500.0,9999999
72494,0,3821,12.8,7.34,53.0,39.0,15.58,271.48,5.2,12,101600.0,9999999
72494,0,3822,14.4,7.34,212.0,84.0,15.58,273.01,5.2,13,101600.0,9999999
72494,0,3823,17.2,7.09,417.0,124.0,15.58,275.58,5.2,13,101600.0,9999999
72494,0,3824,18.3,7.09,616.0,156.0,15.58,276.62,7.2,13,101600.0,9999999
72494,0,3825,18.9,7.09,786.0,180.0,15.58,277.25,9.3,13,101700.0,9999999
72494,0,3826,18.9,7.09,910.0,195.0,15.58,277.25,10.3,12,101700.0,9999999
72494,0,3827,19.4,6.57,979.0,203.0,15.58,277.45,12.9,12,101700.0,9999999
72494,0,3828,20.6,6.3,988.0,204.0,15.58,278.48,11.3,12,101700.0,9999999
72494,0,3829,20.0,6.3,936.0,198.0,15.58,277.86,9.3,12,101700.0,9999999
72494,0,3830,19.4,6.57,828.0,185.0,15.58,277.45,12.9,12,101600.0,9999999
72494,0,3831,18.9,6.57,671.0,164.0,15.58,276.83,13.4,12,101600.0,9999999
72494,0,3832,17.2,6.57,478.0,135.0,15.58,275.36,14.9,11,101600.0,9999999
72494,0,3833,16.1,6.8,272.0,97.0,15.58,274.3,11.3,12,101500.0,9999999
72494,0,3834,14.4,6.8,92.0,54.0,15.58,272.8,9.8,12,101500.0,9999999
72494,0,3835,13.3,6.8,4.0,4.0,15.58,271.7,8.8,12,101500.0,9999999
72494,0,3836,12.8,7.09,0.0,0.0,15.58,271.48,7.2,12,101600.0,9999999
72494,0,3837,12.8,7.09,0.0,0.0,15.58,271.48,8.2,11,101600.0,9999999
72494,0,3838,12.2,6.8,0.0,0.0,15.58,270.6,8.8,12,101600.0,9999999
72494,0,3839,11.7,6.8,0.0,0.0,15.58,270.15,6.2,12,101600.0,9999999
72494,0,3840,11.7,6.8,0.0,0.0,15.58,270.15,7.7,12,101600.0,9999999
72494,0,3841,11.7,6.8,0.0,0.0,15.58,270.15,8.2,12,101600.0,9999999
72494,0,3842,11.1,6.57,0.0,0.0,15.58,269.48,8.2,12,101600.0,9999999
72494,0,3843,11.1,6.8,0.0,0.0,15.58,269.7,7.7,12,101600.0,9999999
72494,0,3844,11.1,6.8,0.0,0.0,15.58,269.7,8.8,12,101600.0,9999999
72494,0,3845,11.7,7.09,51.0,40.0,15.58,270.37,8.2,12,101700.0,9999999
72494,0,3846,12.8,7.09,206.0,90.0,15.58,271.48,8.2,12,101700.0,9999999
72494,0,3847,14.4,7.09,409.0,135.0,15.58,273.01,7.2,12,101700.0,9999999
72494,0,3848,15.6,7.34,610.0,171.0,15.58,274.09,8.2,12,101700.0,9999999
72494,0,3849,16.7,7.34,780.0,197.0,15.58,275.15,8.2,12,101800.0,9999999
72494,0,3850,16.7,7.34,870.0,209.0,15.58,276.62,8.2,12,101800.0,9999999
72494,0,3851,17.8,7.34,973.0,222.0,15.58,276.21,9.3,12,101800.0,9999999
72494,0,3852,17.8,7.34,983.0,223.0,15.58,276.21,9.8,12,101800.0,9999999
72494,0,3853,18.3,7.09,931.0,217.0,15.58,276.62,9.3,12,101800.0,9999999
72494,0,3854,18.3,7.09,823.0,203.0,15.58,276.62,6.7,12,101700.0,9999999
72494,0,3855,17.8,7.09,642.0,184.0,15.58,277.45,5.2,12,101600.0,9999999
72494,0,3856,16.1,7.34,448.0,144.0,15.58,276.0,7.2,12,101600.0,9999999
72494,0,3857,16.1,7.09,266.0,104.0,15.58,274.52,7.7,12,101600.0,9999999
72494,0,3858,14.4,7.34,90.0,64.0,15.58,274.3,7.2,11,101500.0,9999999
72494,0,3859,13.3,7.34,4.0,4.0,15.58,273.23,4.6,12,101600.0,9999999
72494,0,3860,12.8,7.34,0.0,0.0,15.58,272.8,5.2,11,101600.0,9999999
72494,0,3861,12.2,7.65,0.0,0.0,15.58,272.36,6.7,11,101600.0,9999999
72494,0,3862,11.7,7.34,0.0,0.0,15.58,271.7,5.7,12,101500.0,9999999
72494,0,3863,11.7,7.34,0.0,0.0,15.58,271.7,6.7,12,101500.0,9999999
72494,0,3864,11.7,7.34,0.0,0.0,15.58,273.44,5.2,11,101400.0,9999999
72494,0,3865,11.1,7.34,0.0,0.0,15.58,272.14,3.1,11,101400.0,9999999
72494,0,3866,10.6,7.09,0.0,0.0,15.58,272.14,1.5,12,101400.0,9999999
72494,0,3867,10.6,7.34,0.0,0.0,15.58,271.7,2.6,9,101300.0,9999999
72494,0,3868,10.6,7.09,0.0,0.0,15.58,270.6,1.5,10,101300.0,9999999
72494,0,3869,11.7,7.34,57.0,36.0,15.58,270.37,1.0,10,101400.0,9999999
72494,0,3870,14.4,7.65,222.0,74.0,15.58,273.23,1.0,10,101400.0,9999999
72494,0,3871,16.1,7.97,427.0,107.0,15.58,274.94,2.1,1,101400.0,9999999
72494,0,3872,16.7,8.58,626.0,133.0,15.58,275.79,3.1,2,101400.0,9999999
72494,0,3873,17.8,8.58,794.0,152.0,15.58,276.83,3.1,2,101400.0,9999999
72494,0,3874,18.9,8.58,916.0,165.0,15.58,277.86,3.1,16,101300.0,9999999
72494,0,3875,21.7,8.24,985.0,171.0,15.58,280.3,7.2,13,101300.0,9999999
72494,0,3876,21.7,7.97,994.0,172.0,15.58,280.3,8.8,13,101200.0,9999999
72494,0,3877,22.2,7.97,944.0,168.0,15.58,280.7,9.8,13,101200.0,9999999
72494,0,3878,19.4,7.65,837.0,157.0,15.58,277.86,9.8,13,101200.0,9999999
72494,0,3879,18.3,7.65,682.0,140.0,15.58,276.83,10.3,12,101100.0,9999999
72494,0,3880,17.8,7.65,491.0,116.0,15.58,276.41,9.3,12,101100.0,9999999
72494,0,3881,16.1,7.65,285.0,84.0,15.58,274.73,7.7,12,101100.0,9999999
72494,0,3882,14.4,7.65,101.0,50.0,15.58,273.23,7.7,12,101100.0,9999999
72494,0,3883,13.3,7.65,5.0,5.0,15.58,272.14,4.6,12,101100.0,9999999
72494,0,3884,12.8,7.65,0.0,0.0,15.58,271.7,4.1,12,101100.0,9999999
72494,0,3885,12.8,7.65,0.0,0.0,15.58,271.7,4.1,13,101100.0,9999999
72494,0,3886,12.8,7.65,0.0,0.0,15.58,271.7,4.1,13,101100.0,9999999
72494,0,3887,12.2,7.65,0.0,0.0,15.58,271.04,3.1,12,101100.0,9999999
72494,0,3888,12.2,7.65,0.0,0.0,15.58,271.04,5.2,13,101100.0,9999999
72494,0,3889,11.7,7.65,0.0,0.0,15.58,270.6,3.1,12,101100.0,9999999
72494,0,3890,11.7,7.65,0.0,0.0,15.58,270.6,4.1,12,101100.0,9999999
72494,0,3891,11.1,7.34,0.0,0.0,15.58,269.93,3.1,12,101100.0,9999999
72494,0,3892,11.1,7.34,0.0,0.0,15.58,271.26,2.1,11,101100.0,9999999
72494,0,3893,12.8,7.34,46.0,43.0,15.58,272.8,0.0,0,101200.0,9999999
72494,0,3894,14.4,7.65,174.0,110.0,15.58,274.52,1.0,2,101200.0,9999999
72494,0,3895,16.1,7.97,339.0,173.0,15.58,276.21,2.1,2,101200.0,9999999
72494,0,3896,17.2,7.97,578.0,228.0,15.58,276.0,2.6,2,101200.0,9999999
72494,0,3897,17.8,8.24,750.0,267.0,15.58,276.62,4.1,13,101200.0,9999999
72494,0,3898,19.4,7.97,862.0,283.0,15.58,280.3,2.6,4,101300.0,9999999
72494,0,3899,18.9,7.97,925.0,366.0,15.58,280.5,8.8,10,101300.0,9999999
72494,0,3900,17.8,7.97,907.0,362.0,15.58,278.89,7.7,12,101300.0,9999999
72494,0,3901,16.1,7.65,882.0,336.0,15.58,277.66,8.2,11,101400.0,9999999
72494,0,3902,16.1,7.65,736.0,320.0,15.58,278.68,8.8,11,101400.0,9999999
72494,0,3903,15.0,7.65,483.0,314.0,15.58,278.27,8.8,11,101400.0,9999999
72494,0,3904,13.9,7.65,370.0,221.0,15.58,277.25,7.7,11,101300.0,9999999
72494,0,3905,13.3,7.65,142.0,123.0,15.58,278.68,6.7,11,101300.0,9999999
72494,0,3906,12.8,7.65,65.0,62.0,15.58,277.04,5.7,11,101300.0,9999999
72494,0,3907,12.2,7.65,4.0,4.0,15.58,277.45,5.7,10,101300.0,9999999
72494,0,3908,12.2,7.65,0.0,0.0,15.58,276.41,6.2,11,101400.0,9999999
72494,0,3909,12.2,7.65,0.0,0.0,15.58,279.09,5.7,11,101400.0,9999999
72494,0,3910,12.2,7.65,0.0,0.0,15.58,279.09,5.2,11,101400.0,9999999
72494,0,3911,11.7,7.65,0.0,0.0,15.58,278.48,6.2,11,101400.0,9999999
72494,0,3912,12.2,7.97,0.0,0.0,15.58,279.09,4.1,12,101400.0,9999999
72494,0,3913,11.7,7.65,0.0,0.0,15.58,278.48,4.6,12,101400.0,9999999
72494,0,3914,11.7,7.97,0.0,0.0,15.58,278.68,3.6,13,101400.0,9999999
72494,0,3915,11.1,7.34,0.0,0.0,15.58,277.86,2.1,11,101400.0,9999999
72494,0,3916,11.1,7.34,0.0,0.0,15.58,279.7,5.2,10,101400.0,9999999
72494,0,3917,11.7,7.34,27.0,27.0,15.58,280.3,5.7,10,101400.0,9999999
72494,0,3918,11.7,7.34,69.0,69.0,15.58,280.3,5.2,11,101500.0,9999999
72494,0,3919,12.8,7.34,108.0,108.0,15.58,281.49,5.2,10,101500.0,9999999
72494,0,3920,13.3,7.09,381.0,350.0,15.58,279.9,6.2,10,101500.0,9999999
72494,0,3921,15.6,7.34,654.0,317.0,15.58,277.66,5.2,10,101500.0,9999999
72494,0,3922,16.7,7.34,704.0,376.0,15.58,278.68,7.2,11,101600.0,9999999
72494,0,3923,16.1,7.34,799.0,297.0,15.58,276.83,7.2,11,101600.0,9999999
72494,0,3924,16.7,7.34,642.0,318.0,15.58,278.07,6.7,10,101600.0,9999999
72494,0,3925,17.2,7.34,873.0,294.0,15.58,277.04,7.7,11,101600.0,9999999
72494,0,3926,16.7,7.34,773.0,313.0,15.58,278.07,8.2,11,101500.0,9999999
72494,0,3927,16.7,7.34,581.0,252.0,15.58,277.45,8.2,11,101500.0,9999999
72494,0,3928,15.6,7.34,427.0,192.0,15.58,275.58,7.2,11,101500.0,9999999
72494,0,3929,15.0,7.65,235.0,143.0,15.58,274.94,5.7,11,101500.0,9999999
72494,0,3930,13.9,7.34,79.0,65.0,15.58,273.87,5.7,11,101500.0,9999999
72494,0,3931,12.2,7.34,5.0,5.0,15.58,272.14,2.6,11,101500.0,9999999
72494,0,3932,12.2,7.09,0.0,0.0,15.58,272.14,3.6,12,101500.0,9999999
72494,0,3933,12.2,7.65,0.0,0.0,15.58,272.36,2.6,14,101500.0,9999999
72494,0,3934,11.1,7.09,0.0,0.0,15.58,271.04,1.0,12,101400.0,9999999
72494,0,3935,11.7,7.34,0.0,0.0,15.58,271.7,1.0,12,101400.0,9999999
72494,0,3936,10.6,7.09,0.0,0.0,15.58,270.6,3.1,12,101400.0,9999999
72494,0,3937,10.6,7.09,0.0,0.0,15.58,270.6,3.1,13,101400.0,9999999
72494,0,3938,10.0,7.09,0.0,0.0,15.58,269.93,3.1,12,101400.0,9999999
72494,0,3939,10.6,7.09,0.0,0.0,15.58,270.6,3.1,12,101400.0,9999999
72494,0,3940,10.0,7.09,0.0,0.0,15.58,269.93,3.1,13,101400.0,9999999
72494,0,3941,11.7,7.34,54.0,35.0,15.58,271.7,2.1,13,101400.0,9999999
72494,0,3942,13.9,7.34,222.0,71.0,15.58,273.87,1.0,13,101400.0,9999999
72494,0,3943,15.6,7.65,396.0,101.0,15.58,275.58,2.6,14,101400.0,9999999
72494,0,3944,15.6,7.65,603.0,150.0,15.58,275.58,5.2,13,101500.0,9999999
72494,0,3945,16.7,7.34,764.0,144.0,15.58,276.62,7.2,13,101500.0,9999999
72494,0,3946,18.3,7.34,835.0,155.0,15.58,278.07,8.2,13,101500.0,9999999
72494,0,3947,17.8,7.34,937.0,161.0,15.58,277.66,9.3,13,101500.0,9999999
72494,0,3948,18.3,7.65,947.0,164.0,15.58,278.27,7.2,12,101500.0,9999999
72494,0,3949,17.2,7.65,879.0,158.0,15.58,277.04,7.2,12,101500.0,9999999
72494,0,3950,16.7,7.65,805.0,148.0,15.58,276.62,9.3,12,101400.0,9999999
72494,0,3951,16.7,7.65,648.0,132.0,15.58,276.62,8.2,12,101400.0,9999999
72494,0,3952,15.0,7.34,422.0,110.0,15.58,274.94,8.2,11,101400.0,9999999
72494,0,3953,13.9,7.34,257.0,85.0,15.58,273.87,8.2,11,101400.0,9999999
72494,0,3954,12.8,7.34,94.0,49.0,15.58,272.8,6.2,11,101400.0,9999999
72494,0,3955,11.7,7.34,6.0,5.0,15.58,271.7,7.2,11,101400.0,9999999
72494,0,3956,12.2,7.34,0.0,0.0,15.58,272.14,2.6,12,101400.0,9999999
72494,0,3957,11.7,7.34,0.0,0.0,15.58,271.7,3.1,11,101400.0,9999999
72494,0,3958,11.1,7.09,0.0,0.0,15.58,271.04,2.1,12,101400.0,9999999
72494,0,3959,11.1,7.34,0.0,0.0,15.58,271.26,4.1,10,101400.0,9999999
72494,0,3960,11.1,7.34,0.0,0.0,15.58,271.26,4.6,10,101400.0,9999999
72494,0,3961,11.1,7.09,0.0,0.0,15.58,273.23,5.2,11,101300.0,9999999
72494,0,3962,11.1,7.34,0.0,0.0,15.58,274.52,3.1,11,101300.0,9999999
72494,0,3963,11.1,7.34,0.0,0.0,15.58,274.52,5.2,10,101300.0,9999999
72494,0,3964,10.6,7.09,0.0,0.0,15.58,279.09,5.2,10,101300.0,9999999
72494,0,3965,10.6,7.09,26.0,26.0,15.58,279.09,5.2,11,101400.0,9999999
72494,0,3966,10.6,7.09,63.0,63.0,15.58,279.09,6.2,10,101400.0,9999999
72494,0,3967,11.1,7.34,97.0,97.0,15.58,279.7,6.2,10,101400.0,9999999
72494,0,3968,11.1,7.09,146.0,146.0,15.58,279.7,5.7,10,101500.0,9999999
72494,0,3969,12.2,7.34,187.0,187.0,15.58,280.9,5.2,10,101400.0,9999999
72494,0,3970,14.4,7.34,713.0,488.0,15.58,279.49,5.2,9,101400.0,9999999
72494,0,3971,16.1,7.65,914.0,264.0,15.58,276.0,5.2,11,101400.0,9999999
72494,0,3972,16.7,7.34,945.0,266.0,15.58,276.62,7.2,12,101400.0,9999999
72494,0,3973,16.7,7.34,856.0,262.0,15.58,276.62,7.2,11,101400.0,9999999
72494,0,3974,16.7,7.34,773.0,241.0,15.58,276.62,8.2,12,101300.0,9999999
72494,0,3975,15.6,7.34,622.0,213.0,15.58,275.58,9.3,11,101300.0,9999999
72494,0,3976,14.4,7.34,391.0,204.0,15.58,276.0,8.2,11,101300.0,9999999
72494,0,3977,13.3,7.09,161.0,131.0,15.58,275.36,6.2,11,101200.0,9999999
72494,0,3978,12.2,7.09,73.0,61.0,15.58,274.73,6.2,10,101300.0,9999999
72494,0,3979,11.7,7.09,5.0,5.0,15.58,275.79,4.1,10,101300.0,9999999
72494,0,3980,11.7,7.09,0.0,0.0,15.58,280.3,3.1,10,101300.0,9999999
72494,0,3981,11.7,7.09,0.0,0.0,15.58,280.3,3.1,10,101300.0,9999999
72494,0,3982,11.7,7.34,0.0,0.0,15.58,276.83,4.1,10,101300.0,9999999
72494,0,3983,11.7,7.34,0.0,0.0,15.58,274.94,3.1,9,101300.0,9999999
72494,0,3984,11.7,7.34,0.0,0.0,15.58,274.94,3.1,10,101300.0,9999999
72494,0,3985,11.7,7.34,0.0,0.0,15.58,274.94,5.2,10,101200.0,9999999
72494,0,3986,11.7,7.34,0.0,0.0,15.58,274.94,6.2,9,101200.0,9999999
72494,0,3987,11.1,7.34,0.0,0.0,15.58,274.52,6.2,9,101200.0,9999999
72494,0,3988,10.6,7.34,0.0,0.0,15.58,279.29,5.2,11,101300.0,9999999
72494,0,3989,10.6,7.34,21.0,21.0,15.58,279.29,6.2,10,101300.0,9999999
72494,0,3990,10.6,7.34,53.0,53.0,15.58,279.29,5.2,11,101400.0,9999999
72494,0,3991,10.6,7.09,102.0,102.0,15.58,279.09,5.2,10,101400.0,9999999
72494,0,3992,11.1,7.34,318.0,266.0,15.58,275.15,5.2,11,101400.0,9999999
72494,0,3993,11.7,7.65,189.0,189.0,15.58,280.5,6.2,10,101500.0,9999999
72494,0,3994,11.7,7.34,217.0,217.0,15.58,280.3,5.2,10,101500.0,9999999
72494,0,3995,12.8,7.34,232.0,232.0,15.58,281.49,7.2,11,101500.0,9999999
72494,0,3996,13.3,7.34,235.0,235.0,15.58,281.89,9.3,11,101500.0,9999999
72494,0,3997,13.9,7.65,224.0,224.0,15.58,282.67,8.2,11,101500.0,9999999
72494,0,3998,13.3,7.34,200.0,200.0,15.58,281.89,9.3,11,101500.0,9999999
72494,0,3999,13.3,7.34,196.0,196.0,15.58,281.89,7.2,11,101500.0,9999999
72494,0,4000,13.3,7.34,143.0,143.0,15.58,281.89,7.2,11,101500.0,9999999
72494,0,4001,13.3,7.09,174.0,156.0,15.58,279.9,7.2,11,101500.0,9999999
72494,0,4002,12.8,7.09,47.0,44.0,15.58,279.29,6.2,11,101500.0,9999999
72494,0,4003,11.7,7.09,4.0,4.0,15.58,280.3,6.2,11,101600.0,9999999
72494,0,4004,11.7,6.8,0.0,0.0,15.58,280.1,6.2,11,101600.0,9999999
72494,0,4005,11.1,6.8,0.0,0.0,15.58,272.58,5.2,10,101600.0,9999999
72494,0,4006,11.1,6.8,0.0,0.0,15.58,273.66,5.2,10,101600.0,9999999
72494,0,4007,10.6,6.57,0.0,0.0,15.58,273.01,2.6,12,101600.0,9999999
72494,0,4008,10.0,6.57,0.0,0.0,15.58,271.26,3.6,12,101600.0,9999999
72494,0,4009,10.0,6.57,0.0,0.0,15.58,269.7,5.2,11,101600.0,9999999
72494,0,4010,10.0,6.57,0.0,0.0,15.58,269.7,1.5,12,101600.0,9999999
72494,0,4011,10.0,6.57,0.0,0.0,15.58,269.7,3.6,11,101600.0,9999999
72494,0,4012,10.0,6.57,0.0,0.0,15.58,271.26,5.7,12,101700.0,9999999
72494,0,4013,10.6,6.57,40.0,38.0,15.58,273.01,5.7,12,101700.0,9999999
72494,0,4014,11.7,6.8,194.0,162.0,15.58,273.66,7.7,12,101800.0,9999999
72494,0,4015,12.8,6.8,366.0,167.0,15.58,273.44,7.2,11,101900.0,9999999
72494,0,4016,13.9,6.8,586.0,169.0,15.58,273.66,7.2,12,101900.0,9999999
72494,0,4017,16.1,7.09,688.0,194.0,15.58,275.79,5.7,12,101900.0,9999999
72494,0,4018,16.7,6.8,877.0,211.0,15.58,276.21,6.7,12,101900.0,9999999
72494,0,4019,17.8,6.8,973.0,225.0,15.58,276.0,7.2,12,101900.0,9999999
72494,0,4020,17.2,6.3,884.0,226.0,15.58,276.41,8.2,12,101900.0,9999999
72494,0,4021,18.3,6.08,780.0,284.0,15.58,277.45,9.3,12,101900.0,9999999
72494,0,4022,17.2,6.08,780.0,201.0,15.58,276.41,8.2,12,101800.0,9999999
72494,0,4023,17.8,6.08,647.0,179.0,15.58,277.04,8.2,12,101800.0,9999999
72494,0,4024,16.7,6.08,479.0,150.0,15.58,274.52,7.7,12,101700.0,9999999
72494,0,4025,15.6,6.08,273.0,107.0,15.58,273.44,7.2,12,101700.0,9999999
72494,0,4026,14.4,5.82,95.0,60.0,15.58,272.36,8.2,12,101700.0,9999999
72494,0,4027,13.3,6.08,6.0,6.0,15.58,271.26,4.6,12,101700.0,9999999
72494,0,4028,12.2,6.08,0.0,0.0,15.58,270.37,5.2,12,101700.0,9999999
72494,0,4029,12.2,6.3,0.0,0.0,15.58,270.37,4.1,12,101700.0,9999999
72494,0,4030,11.7,6.3,0.0,0.0,15.58,269.93,4.1,12,101700.0,9999999
72494,0,4031,11.7,6.3,0.0,0.0,15.58,269.93,4.1,12,101600.0,9999999
72494,0,4032,12.2,6.8,0.0,0.0,15.58,270.6,5.2,14,101600.0,9999999
72494,0,4033,11.7,6.57,0.0,0.0,15.58,270.15,5.2,13,101600.0,9999999
72494,0,4034,11.7,6.8,0.0,0.0,15.58,270.15,5.2,13,101600.0,9999999
72494,0,4035,10.0,6.3,0.0,0.0,15.58,268.34,4.6,12,101600.0,9999999
72494,0,4036,10.0,6.3,0.0,0.0,15.58,268.34,3.1,12,101600.0,9999999
72494,0,4037,11.1,6.3,62.0,31.0,15.58,269.48,3.6,12,101600.0,9999999
72494,0,4038,13.9,6.57,234.0,59.0,15.58,272.14,2.6,13,101600.0,9999999
72494,0,4039,17.2,6.57,439.0,84.0,15.58,275.36,1.5,2,101600.0,9999999
72494,0,4040,18.3,7.09,636.0,105.0,15.58,276.62,2.6,16,101500.0,9999999
72494,0,4041,20.0,7.34,803.0,119.0,15.58,278.27,2.6,14,101500.0,9999999
72494,0,4042,20.0,6.8,925.0,129.0,15.58,278.07,7.2,13,101500.0,9999999
72494,0,4043,22.2,6.08,994.0,134.0,15.58,279.9,8.2,13,101400.0,9999999
72494,0,4044,20.6,6.8,1004.0,135.0,15.58,278.68,9.3,12,101400.0,9999999
72494,0,4045,19.4,6.08,956.0,132.0,15.58,277.25,10.8,12,101400.0,9999999
72494,0,4046,19.4,5.82,852.0,123.0,15.58,277.04,9.3,12,101400.0,9999999
72494,0,4047,18.3,5.62,700.0,110.0,15.58,275.79,10.3,12,101300.0,9999999
72494,0,4048,17.8,5.38,511.0,92.0,15.58,275.15,10.3,12,101300.0,9999999
72494,0,4049,16.7,5.38,306.0,68.0,15.58,274.09,10.3,12,101200.0,9999999
72494,0,4050,15.0,5.62,116.0,43.0,15.58,272.8,8.2,12,101200.0,9999999
72494,0,4051,13.9,5.62,7.0,5.0,15.58,271.7,6.2,13,101200.0,9999999
72494,0,4052,13.3,5.82,0.0,0.0,15.58,271.26,7.2,12,101200.0,9999999
72494,0,4053,12.2,6.08,0.0,0.0,15.58,270.37,6.2,12,101200.0,9999999
72494,0,4054,11.7,6.3,0.0,0.0,15.58,269.93,5.2,12,101200.0,9999999
72494,0,4055,11.7,6.3,0.0,0.0,15.58,269.93,4.1,12,101200.0,9999999
72494,0,4056,11.7,6.57,0.0,0.0,15.58,270.15,4.1,12,101100.0,9999999
72494,0,4057,11.1,6.57,0.0,0.0,15.58,269.48,4.1,12,101100.0,9999999
72494,0,4058,11.1,6.57,0.0,0.0,15.58,269.48,5.2,12,101100.0,9999999
72494,0,4059,10.6,6.57,0.0,0.0,15.58,269.03,5.2,12,101100.0,9999999
72494,0,4060,10.0,6.57,0.0,0.0,15.58,271.92,4.1,13,101100.0,9999999
72494,0,4061,11.7,6.8,59.0,54.0,15.58,274.09,2.1,12,101100.0,9999999
72494,0,4062,13.9,6.8,194.0,127.0,15.58,276.21,3.1,12,101200.0,9999999
72494,0,4063,17.2,7.09,396.0,152.0,15.58,277.86,3.1,14,101200.0,9999999
72494,0,4064,18.9,6.8,587.0,222.0,15.58,279.9,5.2,13,101100.0,9999999
72494,0,4065,19.4,7.09,670.0,240.0,15.58,279.9,6.2,13,101100.0,9999999
72494,0,4066,22.8,6.8,799.0,283.0,15.58,283.64,6.2,13,101100.0,9999999
72494,0,4067,21.1,7.09,932.0,295.0,15.58,281.49,9.3,13,101100.0,9999999
72494,0,4068,20.6,7.34,912.0,316.0,15.58,281.89,8.2,12,101100.0,9999999
72494,0,4069,18.3,6.57,881.0,259.0,15.58,278.68,10.3,12,101100.0,9999999
72494,0,4070,19.4,6.57,758.0,265.0,15.58,280.3,9.3,12,101100.0,9999999
72494,0,4071,17.8,6.8,595.0,267.0,15.58,278.27,9.3,12,101100.0,9999999
72494,0,4072,16.7,7.34,467.0,191.0,15.58,278.07,7.2,11,101000.0,9999999
72494,0,4073,15.6,7.34,275.0,122.0,15.58,276.41,6.2,12,101100.0,9999999
72494,0,4074,13.9,7.65,91.0,66.0,15.58,275.58,8.2,12,101100.0,9999999
72494,0,4075,12.8,7.65,6.0,6.0,15.58,275.15,9.8,11,101200.0,9999999
72494,0,4076,12.8,7.65,0.0,0.0,15.58,275.15,8.2,11,101200.0,9999999
72494,0,4077,12.2,7.65,0.0,0.0,15.58,273.23,6.2,11,101200.0,9999999
72494,0,4078,12.2,7.65,0.0,0.0,15.58,273.87,6.2,11,101200.0,9999999
72494,0,4079,11.7,7.65,0.0,0.0,15.58,274.52,8.2,11,101200.0,9999999
72494,0,4080,11.7,7.65,0.0,0.0,15.58,274.52,7.2,11,101200.0,9999999
72494,0,4081,11.7,7.34,0.0,0.0,15.58,274.3,7.2,11,101200.0,9999999
72494,0,4082,11.7,7.34,0.0,0.0,15.58,275.79,7.2,12,101200.0,9999999
72494,0,4083,11.7,7.34,0.0,0.0,15.58,276.83,8.2,11,101300.0,9999999
72494,0,4084,11.1,7.34,0.0,0.0,15.58,279.7,7.7,11,101300.0,9999999
72494,0,4085,11.7,7.34,20.0,20.0,15.58,280.3,7.7,12,101300.0,9999999
72494,0,4086,11.7,7.34,54.0,54.0,15.58,280.3,7.7,11,101400.0,9999999
72494,0,4087,12.2,7.65,103.0,103.0,15.58,280.9,7.7,11,101400.0,9999999
72494,0,4088,12.8,7.34,150.0,150.0,15.58,281.49,7.7,11,101400.0,9999999
72494,0,4089,13.3,7.34,189.0,189.0,15.58,281.89,7.7,12,101400.0,9999999
72494,0,4090,15.0,7.65,259.0,259.0,15.58,283.64,7.2,12,101400.0,9999999
72494,0,4091,14.4,7.65,419.0,353.0,15.58,281.1,9.8,12,101400.0,9999999
72494,0,4092,15.6,7.65,892.0,317.0,15.58,279.7,8.2,12,101400.0,9999999
72494,0,4093,16.1,7.65,808.0,299.0,15.58,279.49,9.3,11,101300.0,9999999
72494,0,4094,15.6,7.65,800.0,218.0,15.58,276.62,9.3,11,101300.0,9999999
72494,0,4095,15.0,7.65,506.0,378.0,15.58,280.3,10.3,11,101300.0,9999999
72494,0,4096,14.4,7.65,426.0,160.0,15.58,278.48,9.3,12,101200.0,9999999
72494,0,4097,13.3,7.65,178.0,153.0,15.58,280.1,12.4,11,101200.0,9999999
72494,0,4098,12.2,7.65,53.0,43.0,15.58,279.09,8.2,12,101200.0,9999999
72494,0,4099,12.2,7.65,6.0,5.0,15.58,279.09,10.3,11,101200.0,9999999
72494,0,4100,12.2,7.65,0.0,0.0,15.58,276.41,7.2,11,101100.0,9999999
72494,0,4101,11.7,7.65,0.0,0.0,15.58,275.15,7.7,12,101200.0,9999999
72494,0,4102,11.7,7.34,0.0,0.0,15.58,274.3,7.2,11,101200.0,9999999
72494,0,4103,11.7,7.34,0.0,0.0,15.58,274.3,4.1,11,101200.0,9999999
72494,0,4104,11.1,7.09,0.0,0.0,15.58,273.23,7.2,11,101100.0,9999999
72494,0,4105,11.1,7.09,0.0,0.0,15.58,273.23,6.2,11,101100.0,9999999
72494,0,4106,11.1,7.09,0.0,0.0,15.58,273.66,8.2,12,101000.0,9999999
72494,0,4107,11.1,7.09,0.0,0.0,15.58,277.66,7.2,11,101000.0,9999999
72494,0,4108,11.1,7.09,0.0,0.0,15.58,277.66,6.2,11,101100.0,9999999
72494,0,4109,11.1,7.09,36.0,32.0,15.58,275.15,6.2,12,101100.0,9999999
72494,0,4110,11.7,7.09,92.0,72.0,15.58,276.83,8.2,12,101100.0,9999999
72494,0,4111,12.2,7.09,291.0,231.0,15.58,276.21,8.2,12,101100.0,9999999
72494,0,4112,13.3,7.09,353.0,221.0,15.58,278.27,7.7,12,101200.0,9999999
72494,0,4113,14.4,7.09,491.0,186.0,15.58,277.45,7.7,12,101200.0,9999999
72494,0,4114,15.6,7.34,804.0,256.0,15.58,277.04,6.7,12,101200.0,9999999
72494,0,4115,16.1,7.34,939.0,143.0,15.58,276.83,8.2,12,101200.0,9999999
72494,0,4116,16.1,7.34,830.0,259.0,15.58,277.66,8.2,11,101200.0,9999999
72494,0,4117,16.1,7.34,887.0,137.0,15.58,276.0,9.3,12,101200.0,9999999
72494,0,4118,15.6,7.34,713.0,166.0,15.58,277.04,10.3,11,101200.0,9999999
72494,0,4119,15.0,7.34,666.0,132.0,15.58,275.79,9.3,11,101200.0,9999999
72494,0,4120,14.4,7.09,274.0,135.0,15.58,276.41,9.3,11,101200.0,9999999
72494,0,4121,13.3,7.09,231.0,171.0,15.58,275.79,7.7,11,101200.0,9999999
72494,0,4122,12.8,7.09,102.0,71.0,15.58,274.73,8.2,11,101200.0,9999999
72494,0,4123,11.7,7.09,8.0,7.0,15.58,273.87,8.2,11,101200.0,9999999
72494,0,4124,11.7,7.09,0.0,0.0,15.58,273.87,7.2,11,101300.0,9999999
72494,0,4125,11.7,7.09,0.0,0.0,15.58,278.27,6.2,11,101300.0,9999999
72494,0,4126,11.1,7.09,0.0,0.0,15.58,277.66,5.2,11,101300.0,9999999
72494,0,4127,11.1,6.8,0.0,0.0,15.58,274.94,6.2,11,101300.0,9999999
72494,0,4128,10.6,6.8,0.0,0.0,15.58,274.52,5.7,11,101200.0,9999999
72494,0,4129,10.6,6.8,0.0,0.0,15.58,272.14,2.6,14,101200.0,9999999
72494,0,4130,9.4,6.57,0.0,0.0,15.58,269.25,2.1,12,101200.0,9999999
72494,0,4131,10.0,6.8,0.0,0.0,15.58,269.93,3.6,10,101200.0,9999999
72494,0,4132,10.0,6.8,0.0,0.0,15.58,270.82,0.0,0,101200.0,9999999
72494,0,4133,11.1,6.8,47.0,27.0,15.58,272.58,1.5,12,101300.0,9999999
72494,0,4134,12.8,7.09,219.0,51.0,15.58,272.8,0.0,0,101300.0,9999999
72494,0,4135,15.0,7.34,402.0,80.0,15.58,274.94,3.1,15,101400.0,9999999
72494,0,4136,15.6,7.34,636.0,91.0,15.58,274.09,3.1,1,101400.0,9999999
72494,0,4137,16.7,7.65,802.0,104.0,15.58,275.36,3.6,2,101400.0,9999999
72494,0,4138,17.8,7.97,924.0,113.0,15.58,276.62,4.1,9,101300.0,9999999
72494,0,4139,21.1,7.34,994.0,117.0,15.58,279.29,6.2,13,101300.0,9999999
72494,0,4140,20.6,7.65,1005.0,118.0,15.58,279.09,9.3,13,101300.0,9999999
72494,0,4141,20.0,7.34,958.0,115.0,15.58,278.27,9.3,13,101200.0,9999999
72494,0,4142,18.9,7.34,856.0,108.0,15.58,277.25,9.3,12,101200.0,9999999
72494,0,4143,18.9,7.09,705.0,97.0,15.58,277.25,8.2,13,101200.0,9999999
72494,0,4144,17.2,6.8,519.0,81.0,15.58,275.36,7.2,12,101200.0,9999999
72494,0,4145,16.1,6.57,315.0,60.0,15.58,274.3,6.2,12,101200.0,9999999
72494,0,4146,14.4,6.3,123.0,38.0,15.58,272.58,7.7,12,101200.0,9999999
72494,0,4147,12.8,6.3,9.0,6.0,15.58,271.04,6.7,12,101200.0,9999999
72494,0,4148,12.2,6.57,0.0,0.0,15.58,270.6,5.7,12,101200.0,9999999
72494,0,4149,11.7,6.57,0.0,0.0,15.58,270.15,5.2,12,101200.0,9999999
72494,0,4150,11.1,6.57,0.0,0.0,15.58,269.48,5.7,12,101200.0,9999999
72494,0,4151,11.1,6.57,0.0,0.0,15.58,269.48,5.7,13,101200.0,9999999
72494,0,4152,11.1,6.57,0.0,0.0,15.58,269.48,4.6,12,101100.0,9999999
72494,0,4153,10.6,6.3,0.0,0.0,15.58,269.03,2.6,12,101100.0,9999999
72494,0,4154,10.6,6.57,0.0,0.0,15.58,269.03,1.5,12,101100.0,9999999
72494,0,4155,11.1,6.8,0.0,0.0,15.58,269.7,0.0,0,101100.0,9999999
72494,0,4156,10.6,6.3,0.0,0.0,15.58,269.03,2.1,12,101200.0,9999999
72494,0,4157,12.2,6.8,55.0,34.0,15.58,270.6,1.5,12,101200.0,9999999
72494,0,4158,15.6,7.65,217.0,70.0,15.58,274.3,0.0,0,101200.0,9999999
72494,0,4159,17.2,8.24,421.0,101.0,15.58,276.0,2.6,3,101300.0,9999999
72494,0,4160,18.3,8.58,618.0,126.0,15.58,277.25,2.6,2,101300.0,9999999
72494,0,4161,20.6,7.97,780.0,145.0,15.58,279.29,2.6,2,101300.0,9999999
72494,0,4162,21.7,7.65,908.0,157.0,15.58,280.1,8.2,13,101300.0,9999999
72494,0,4163,19.4,8.24,892.0,159.0,15.58,279.49,10.8,12,101300.0,9999999
72494,0,4164,21.7,8.58,917.0,199.0,15.58,281.89,10.8,12,101300.0,9999999
72494,0,4165,19.4,8.58,904.0,155.0,15.58,279.7,10.8,11,101300.0,9999999
72494,0,4166,19.4,8.58,828.0,153.0,15.58,279.7,8.2,12,101300.0,9999999
72494,0,4167,18.3,8.58,515.0,130.0,15.58,278.48,11.3,12,101300.0,9999999
72494,0,4168,17.8,8.58,471.0,144.0,15.58,279.7,8.2,12,101300.0,9999999
72494,0,4169,16.1,8.58,290.0,119.0,15.58,277.45,7.2,12,101300.0,9999999
72494,0,4170,13.3,8.58,86.0,70.0,15.58,276.0,10.3,12,101400.0,9999999
72494,0,4171,13.3,8.58,7.0,7.0,15.58,276.0,10.3,12,101400.0,9999999
72494,0,4172,13.3,8.58,0.0,0.0,15.58,276.41,9.8,12,101400.0,9999999
72494,0,4173,13.3,8.58,0.0,0.0,15.58,276.41,9.3,12,101500.0,9999999
72494,0,4174,12.8,8.58,0.0,0.0,15.58,278.48,8.8,12,101500.0,9999999
72494,0,4175,12.8,8.58,0.0,0.0,15.58,277.45,8.2,12,101500.0,9999999
72494,0,4176,12.2,8.24,0.0,0.0,15.58,279.29,7.2,12,101500.0,9999999
72494,0,4177,12.8,8.58,0.0,0.0,15.58,281.89,4.6,12,101500.0,9999999
72494,0,4178,11.7,7.97,0.0,0.0,15.58,280.7,5.2,12,101500.0,9999999
72494,0,4179,11.7,7.97,0.0,0.0,15.58,278.68,4.6,12,101500.0,9999999
72494,0,4180,11.7,8.24,0.0,0.0,15.58,278.68,5.7,12,101500.0,9999999
72494,0,4181,12.2,7.97,38.0,37.0,15.58,279.09,4.6,12,101500.0,9999999
72494,0,4182,12.2,7.97,63.0,63.0,15.58,281.1,7.2,12,101500.0,9999999
72494,0,4183,13.3,8.24,191.0,151.0,15.58,278.89,7.7,11,101600.0,9999999
72494,0,4184,14.4,8.24,459.0,246.0,15.58,278.89,7.2,13,101600.0,9999999
72494,0,4185,16.1,8.24,655.0,348.0,15.58,279.7,10.3,12,101500.0,9999999
72494,0,4186,17.2,7.97,803.0,493.0,15.58,280.5,10.3,12,101500.0,9999999
72494,0,4187,17.8,8.24,810.0,386.0,15.58,280.7,9.3,12,101500.0,9999999
72494,0,4188,18.3,8.24,838.0,409.0,15.58,280.7,8.2,12,101500.0,9999999
72494,0,4189,18.9,7.65,833.0,361.0,15.58,280.9,9.3,11,101600.0,9999999
72494,0,4190,16.7,7.97,402.0,312.0,15.58,283.45,8.2,12,101500.0,9999999
72494,0,4191,16.7,7.97,390.0,300.0,15.58,282.08,8.2,11,101500.0,9999999
72494,0,4192,16.1,7.97,363.0,247.0,15.58,280.3,9.3,12,101500.0,9999999
72494,0,4193,15.0,7.97,195.0,176.0,15.58,280.3,9.3,11,101500.0,9999999
72494,0,4194,14.4,7.97,76.0,64.0,15.58,277.25,6.2,12,101500.0,9999999
72494,0,4195,13.3,7.65,6.0,6.0,15.58,276.0,7.2,12,101400.0,9999999
72494,0,4196,13.3,7.97,0.0,0.0,15.58,277.66,7.2,12,101500.0,9999999
72494,0,4197,12.8,7.97,0.0,0.0,15.58,275.79,8.2,11,101400.0,9999999
72494,0,4198,12.8,7.97,0.0,0.0,15.58,279.7,7.2,11,101400.0,9999999
72494,0,4199,12.8,7.97,0.0,0.0,15.58,275.79,9.3,12,101300.0,9999999
72494,0,4200,12.2,7.97,0.0,0.0,15.58,277.66,9.3,12,101300.0,9999999
72494,0,4201,12.8,7.97,0.0,0.0,15.58,277.25,8.2,12,101200.0,9999999
72494,0,4202,12.2,7.65,0.0,0.0,15.58,279.09,7.2,12,101200.0,9999999
72494,0,4203,12.8,7.65,0.0,0.0,15.58,281.49,5.2,12,101200.0,9999999
72494,0,4204,12.8,7.65,0.0,0.0,15.58,281.49,6.2,12,101200.0,9999999
72494,0,4205,12.8,7.65,26.0,26.0,15.58,281.49,5.7,11,101200.0,9999999
72494,0,4206,12.8,7.97,60.0,60.0,15.58,281.69,6.2,12,101200.0,9999999
72494,0,4207,13.9,7.65,118.0,118.0,15.58,282.67,5.2,11,101200.0,9999999
72494,0,4208,14.4,7.65,175.0,175.0,15.58,283.06,7.2,11,101200.0,9999999
72494,0,4209,15.0,7.65,222.0,222.0,15.58,283.64,5.2,10,101200.0,9999999
72494,0,4210,15.0,7.65,256.0,256.0,15.58,283.64,5.2,10,101300.0,9999999
72494,0,4211,14.4,7.65,276.0,276.0,15.58,283.06,5.2,10,101200.0,9999999
72494,0,4212,16.1,7.97,709.0,381.0,15.58,281.49,6.2,11,101200.0,9999999
72494,0,4213,17.2,7.97,937.0,278.0,15.58,279.49,6.2,10,101200.0,9999999
72494,0,4214,17.2,7.97,783.0,188.0,15.58,279.9,7.7,11,101200.0,9999999
72494,0,4215,16.1,8.24,563.0,352.0,15.58,283.06,6.2,11,101200.0,9999999
72494,0,4216,15.0,8.24,280.0,208.0,15.58,282.08,8.2,12,101100.0,9999999
72494,0,4217,14.4,8.24,167.0,157.0,15.58,281.49,8.2,12,101100.0,9999999
72494,0,4218,13.9,7.97,66.0,61.0,15.58,280.9,7.2,11,101100.0,9999999
72494,0,4219,13.3,7.97,4.0,4.0,15.58,282.08,7.2,11,101100.0,9999999
72494,0,4220,12.8,7.97,0.0,0.0,15.58,281.69,5.2,11,101100.0,9999999
72494,0,4221,12.8,7.97,0.0,0.0,15.58,281.69,6.2,11,101100.0,9999999
72494,0,4222,12.8,8.24,0.0,0.0,15.58,281.89,5.2,10,101000.0,9999999
72494,0,4223,12.8,7.97,0.0,0.0,15.58,281.69,5.2,10,100900.0,9999999
72494,0,4224,12.2,7.97,0.0,0.0,15.58,281.1,4.1,11,100900.0,9999999
72494,0,4225,12.8,7.97,0.0,0.0,15.58,279.7,4.1,10,100800.0,9999999
72494,0,4226,12.8,7.65,0.0,0.0,15.58,281.49,4.1,9,100800.0,9999999
72494,0,4227,12.8,7.65,0.0,0.0,15.58,281.49,3.1,10,100800.0,9999999
72494,0,4228,12.2,7.97,0.0,0.0,15.58,281.1,4.1,11,100800.0,9999999
72494,0,4229,12.2,7.65,27.0,27.0,15.58,280.9,4.1,11,100800.0,9999999
72494,0,4230,12.8,7.97,52.0,52.0,15.58,281.69,4.1,11,100900.0,9999999
72494,0,4231,13.3,7.97,95.0,95.0,15.58,282.08,4.1,11,101000.0,9999999
72494,0,4232,13.3,7.97,171.0,171.0,15.58,282.08,3.1,10,101000.0,9999999
72494,0,4233,14.4,7.97,220.0,220.0,15.58,283.25,4.1,10,101000.0,9999999
72494,0,4234,15.0,7.97,255.0,255.0,15.58,283.84,6.2,10,101100.0,9999999
72494,0,4235,15.0,7.97,275.0,275.0,15.58,283.84,5.2,9,101100.0,9999999
72494,0,4236,15.0,7.97,278.0,278.0,15.58,283.84,6.2,9,101100.0,9999999
72494,0,4237,15.0,7.97,265.0,265.0,15.58,283.84,6.2,8,101200.0,9999999
72494,0,4238,15.6,7.97,236.0,236.0,15.58,284.41,6.2,9,101200.0,9999999
72494,0,4239,15.6,7.97,193.0,193.0,15.58,284.41,6.2,10,101200.0,9999999
72494,0,4240,15.6,7.65,139.0,139.0,15.58,284.22,5.2,9,101200.0,9999999
72494,0,4241,15.0,7.65,80.0,80.0,15.58,283.64,5.2,9,101300.0,9999999
72494,0,4242,14.4,7.65,43.0,43.0,15.58,283.06,5.2,8,101300.0,9999999
72494,0,4243,13.9,7.97,5.0,5.0,15.58,282.87,4.1,10,101300.0,9999999
72494,0,4244,13.9,7.65,0.0,0.0,15.58,282.67,4.1,9,101300.0,9999999
72494,0,4245,13.3,7.97,0.0,0.0,15.58,280.3,3.1,9,101300.0,9999999
72494,0,4246,13.9,7.97,0.0,0.0,15.58,282.87,3.1,9,101400.0,9999999
72494,0,4247,13.9,7.97,0.0,0.0,15.58,282.87,3.1,8,101400.0,9999999
72494,0,4248,15.0,8.24,0.0,0.0,15.58,282.08,3.1,10,101300.0,9999999
72494,0,4249,14.4,7.97,0.0,0.0,15.58,283.25,0.0,0,101300.0,9999999
72494,0,4250,13.9,7.97,0.0,0.0,15.58,282.87,0.0,0,101300.0,9999999
72494,0,4251,13.9,8.24,0.0,0.0,15.58,282.87,4.1,9,101400.0,9999999
72494,0,4252,13.9,8.24,0.0,0.0,15.58,282.87,3.1,8,101400.0,9999999
72494,0,4253,13.9,8.24,21.0,21.0,15.58,282.87,0.0,0,101500.0,9999999
72494,0,4254,15.0,7.97,105.0,84.0,15.58,281.89,2.6,9,101500.0,9999999
72494,0,4255,16.1,7.97,339.0,298.0,15.58,282.87,1.0,16,101600.0,9999999
72494,0,4256,16.7,8.24,421.0,365.0,15.58,283.64,3.1,16,101600.0,9999999
72494,0,4257,17.2,7.97,628.0,242.0,15.58,281.49,4.1,2,101600.0,9999999
72494,0,4258,18.3,8.87,644.0,252.0,15.58,282.08,4.1,16,101600.0,9999999
72494,0,4259,18.9,7.97,774.0,229.0,15.58,281.69,3.6,16,101600.0,9999999
72494,0,4260,20.0,8.24,823.0,229.0,15.58,281.69,4.1,16,101600.0,9999999
72494,0,4261,20.0,7.97,900.0,155.0,15.58,280.9,6.2,13,101600.0,9999999
72494,0,4262,20.0,6.8,832.0,169.0,15.58,281.1,6.2,12,101600.0,9999999
72494,0,4263,20.0,6.8,643.0,136.0,15.58,280.3,6.2,11,101600.0,9999999
72494,0,4264,18.3,7.34,516.0,124.0,15.58,279.7,7.7,12,101600.0,9999999
72494,0,4265,17.8,7.34,276.0,75.0,15.58,278.48,6.7,13,101600.0,9999999
72494,0,4266,15.0,7.97,112.0,56.0,15.58,276.83,6.2,12,101700.0,9999999
72494,0,4267,13.3,7.97,8.0,7.0,15.58,274.52,5.2,12,101700.0,9999999
72494,0,4268,12.8,7.97,0.0,0.0,15.58,274.73,3.6,12,101800.0,9999999
72494,0,4269,11.7,7.97,0.0,0.0,15.58,273.01,4.6,12,101800.0,9999999
72494,0,4270,11.1,7.97,0.0,0.0,15.58,276.62,8.2,12,101800.0,9999999
72494,0,4271,12.2,8.24,0.0,0.0,15.58,275.36,6.2,12,101800.0,9999999
72494,0,4272,12.2,8.24,0.0,0.0,15.58,275.36,5.2,12,101800.0,9999999
72494,0,4273,12.2,8.24,0.0,0.0,15.58,274.3,5.2,12,101800.0,9999999
72494,0,4274,11.7,7.97,0.0,0.0,15.58,273.01,5.2,12,101800.0,9999999
72494,0,4275,12.2,8.24,0.0,0.0,15.58,277.86,5.2,12,101800.0,9999999
72494,0,4276,12.2,8.24,0.0,0.0,15.58,281.29,5.2,11,101800.0,9999999
72494,0,4277,12.8,8.24,64.0,52.0,15.58,275.79,2.1,12,101900.0,9999999
72494,0,4278,13.9,8.24,210.0,67.0,15.58,275.15,1.0,12,101900.0,9999999
72494,0,4279,16.1,8.58,437.0,69.0,15.58,275.15,0.0,0,102000.0,9999999
72494,0,4280,16.7,8.24,633.0,87.0,15.58,275.58,0.0,0,102000.0,9999999
72494,0,4281,17.2,8.58,799.0,99.0,15.58,276.21,2.6,2,102000.0,9999999
72494,0,4282,18.9,8.58,923.0,108.0,15.58,277.86,3.1,3,102000.0,9999999
72494,0,4283,21.7,8.87,993.0,112.0,15.58,280.7,3.1,2,101900.0,9999999
72494,0,4284,23.9,8.87,1006.0,113.0,15.58,282.67,6.2,13,101900.0,9999999
72494,0,4285,23.3,7.97,960.0,110.0,15.58,281.69,9.3,12,101800.0,9999999
72494,0,4286,21.1,7.97,858.0,103.0,15.58,279.7,10.3,12,101800.0,9999999
72494,0,4287,20.6,8.58,709.0,93.0,15.58,279.49,10.3,12,101700.0,9999999
72494,0,4288,20.6,7.97,523.0,77.0,15.58,279.29,10.3,12,101700.0,9999999
72494,0,4289,19.4,7.65,319.0,58.0,15.58,277.86,9.3,12,101700.0,9999999
72494,0,4290,18.9,7.34,126.0,37.0,15.58,277.25,7.2,12,101700.0,9999999
72494,0,4291,16.1,7.97,10.0,6.0,15.58,274.94,7.2,12,101700.0,9999999
72494,0,4292,14.4,8.24,0.0,0.0,15.58,273.44,7.2,12,101700.0,9999999
72494,0,4293,14.4,7.97,0.0,0.0,15.58,273.23,4.1,13,101700.0,9999999
72494,0,4294,13.9,8.24,0.0,0.0,15.58,273.01,5.2,12,101700.0,9999999
72494,0,4295,13.9,7.97,0.0,0.0,15.58,272.8,3.1,12,101700.0,9999999
72494,0,4296,13.3,7.97,0.0,0.0,15.58,272.36,3.1,12,101600.0,9999999
72494,0,4297,13.9,7.97,0.0,0.0,15.58,272.8,2.1,11,101600.0,9999999
72494,0,4298,13.9,7.97,0.0,0.0,15.58,272.8,0.0,0,101600.0,9999999
72494,0,4299,13.3,7.65,0.0,0.0,15.58,272.14,0.0,0,101600.0,9999999
72494,0,4300,13.3,7.34,0.0,0.0,15.58,271.92,1.0,12,101600.0,9999999
72494,0,4301,14.4,7.97,40.0,38.0,15.58,273.23,2.1,12,101600.0,9999999
72494,0,4302,18.3,8.87,169.0,109.0,15.58,277.45,0.0,0,101600.0,9999999
72494,0,4303,19.4,9.54,360.0,176.0,15.58,278.68,2.1,2,101700.0,9999999
72494,0,4304,20.0,10.26,560.0,233.0,15.58,279.49,3.1,1,101600.0,9999999
72494,0,4305,23.3,9.23,734.0,274.0,15.58,282.28,2.1,1,101600.0,9999999
72494,0,4306,26.7,8.24,863.0,301.0,15.58,285.18,1.5,1,101600.0,9999999
72494,0,4307,27.8,9.23,937.0,316.0,15.58,286.5,3.6,16,101500.0,9999999
72494,0,4308,28.9,8.87,948.0,323.0,15.58,287.43,7.7,13,101500.0,9999999
72494,0,4309,27.2,8.24,813.0,341.0,15.58,285.55,8.8,12,101400.0,9999999
72494,0,4310,26.1,8.58,794.0,292.0,15.58,284.6,10.3,12,101400.0,9999999
72494,0,4311,25.0,8.24,640.0,253.0,15.58,283.45,10.8,12,101400.0,9999999
72494,0,4312,24.4,7.65,449.0,203.0,15.58,282.67,10.8,12,101300.0,9999999
72494,0,4313,23.3,7.65,248.0,139.0,15.58,281.69,9.8,12,101300.0,9999999
72494,0,4314,20.6,7.65,86.0,70.0,15.58,279.09,7.7,12,101300.0,9999999
72494,0,4315,17.2,7.97,7.0,7.0,15.58,276.0,8.2,12,101300.0,9999999
72494,0,4316,16.1,7.97,0.0,0.0,15.58,274.94,6.7,12,101300.0,9999999
72494,0,4317,15.6,7.97,0.0,0.0,15.58,274.52,5.7,12,101300.0,9999999
72494,0,4318,14.4,7.97,0.0,0.0,15.58,273.23,5.2,12,101300.0,9999999
72494,0,4319,14.4,7.97,0.0,0.0,15.58,273.23,4.1,12,101300.0,9999999
72494,0,4320,14.4,7.97,0.0,0.0,15.58,273.23,1.5,12,101300.0,9999999
72494,0,4321,14.4,7.97,0.0,0.0,15.58,273.23,2.1,12,101200.0,9999999
72494,0,4322,13.9,7.65,0.0,0.0,15.58,272.8,2.1,12,101200.0,9999999
72494,0,4323,14.4,7.65,0.0,0.0,15.58,273.23,2.1,12,101200.0,9999999
72494,0,4324,15.0,7.65,0.0,0.0,15.58,273.66,0.0,0,101200.0,9999999
72494,0,4325,15.6,8.58,51.0,31.0,15.58,274.73,2.1,12,101200.0,9999999
72494,0,4326,19.4,9.54,214.0,64.0,15.58,278.68,0.0,0,101300.0,9999999
72494,0,4327,20.6,9.93,417.0,93.0,15.58,279.9,3.1,1,101300.0,9999999
72494,0,4328,21.1,10.26,614.0,116.0,15.58,280.5,4.1,16,101300.0,9999999
72494,0,4329,22.8,10.26,782.0,134.0,15.58,282.08,3.1,16,101300.0,9999999
72494,0,4330,25.0,9.93,906.0,145.0,15.58,284.22,2.6,16,101300.0,9999999
72494,0,4331,27.8,8.58,977.0,151.0,15.58,286.31,2.1,3,101300.0,9999999
72494,0,4332,32.2,9.23,990.0,152.0,15.58,290.72,4.6,13,101200.0,9999999
72494,0,4333,32.8,9.23,945.0,148.0,15.58,291.25,6.7,13,101200.0,9999999
72494,0,4334,30.0,8.87,843.0,139.0,15.58,288.54,8.8,12,101100.0,9999999
72494,0,4335,28.3,8.58,693.0,125.0,15.58,286.68,10.3,13,101100.0,9999999
72494,0,4336,26.1,8.58,507.0,104.0,15.58,284.6,11.3,13,101100.0,9999999
72494,0,4337,25.6,8.58,292.0,77.0,15.58,284.22,9.3,12,101100.0,9999999
72494,0,4338,25.0,8.24,111.0,48.0,15.58,283.45,6.7,12,101100.0,9999999
72494,0,4339,19.4,8.58,8.0,6.0,15.58,278.27,6.7,13,101100.0,9999999
72494,0,4340,18.3,8.24,0.0,0.0,15.58,277.04,5.7,13,101100.0,9999999
72494,0,4341,17.3,7.91,0.0,0.0,15.58,276.0,5.5,12,101100.0,9999999
72494,0,4342,16.2,7.65,0.0,0.0,15.58,274.94,5.2,12,101100.0,9999999
72494,0,4343,15.2,7.34,0.0,0.0,15.58,273.87,5.0,12,101100.0,9999999
72494,0,4344,14.2,7.09,0.0,0.0,16.67,272.8,4.8,12,101600.0,9999999
72494,0,4345,13.2,6.8,0.0,0.0,16.67,271.7,4.6,12,101600.0,9999999
72494,0,4346,12.1,6.57,0.0,0.0,16.67,270.37,4.3,12,101500.0,9999999
72494,0,4347,11.1,6.3,0.0,0.0,16.67,269.48,4.1,13,101500.0,9999999
72494,0,4348,11.8,6.39,1.0,1.0,16.67,270.15,4.1,13,101500.0,9999999
72494,0,4349,12.6,6.52,44.0,36.0,16.67,271.04,4.1,13,101500.0,9999999
72494,0,4350,13.3,6.57,193.0,88.0,16.67,271.7,4.1,13,101500.0,9999999
72494,0,4351,15.0,6.61,397.0,133.0,16.67,273.23,5.0,13,101500.0,9999999
72494,0,4352,16.6,6.52,599.0,169.0,16.67,274.73,5.8,14,101500.0,9999999
72494,0,4353,18.3,6.3,776.0,196.0,16.67,276.21,6.7,14,101500.0,9999999
72494,0,4354,18.1,6.48,902.0,213.0,16.67,276.21,7.2,13,101500.0,9999999
72494,0,4355,18.0,6.57,976.0,222.0,16.67,276.0,7.7,13,101500.0,9999999
72494,0,4356,17.8,6.57,993.0,223.0,16.67,275.79,8.2,12,101500.0,9999999
72494,0,4357,17.8,6.61,945.0,218.0,16.67,276.0,9.2,12,101500.0,9999999
72494,0,4358,17.8,6.61,839.0,205.0,16.67,276.0,10.3,12,101400.0,9999999
72494,0,4359,17.8,6.57,683.0,182.0,16.67,275.79,11.3,12,101400.0,9999999
72494,0,4360,16.5,6.8,490.0,150.0,16.67,274.73,12.2,12,101400.0,9999999
72494,0,4361,15.2,6.94,282.0,108.0,16.67,273.66,13.0,12,101400.0,9999999
72494,0,4362,13.9,7.09,99.0,61.0,16.67,272.36,13.9,12,101400.0,9999999
72494,0,4363,13.5,7.09,14.0,13.0,16.67,272.14,11.8,12,101400.0,9999999
72494,0,4364,13.2,6.99,0.0,0.0,16.67,271.7,9.8,12,101400.0,9999999
72494,0,4365,12.8,6.8,0.0,0.0,16.67,271.26,7.7,12,101500.0,9999999
72494,0,4366,12.8,6.85,0.0,0.0,16.67,271.26,7.4,12,101400.0,9999999
72494,0,4367,12.8,6.75,0.0,0.0,16.67,271.26,7.0,13,101400.0,9999999
72494,0,4368,12.8,6.57,0.0,0.0,16.67,271.04,6.7,13,101400.0,9999999
72494,0,4369,12.6,6.61,0.0,0.0,16.67,271.04,6.5,13,101400.0,9999999
72494,0,4370,12.4,6.48,0.0,0.0,16.67,270.82,6.4,13,101400.0,9999999
72494,0,4371,12.2,6.3,0.0,0.0,16.67,270.37,6.2,14,101400.0,9999999
72494,0,4372,12.9,6.39,1.0,1.0,16.67,271.04,5.9,14,101400.0,9999999
72494,0,4373,13.7,6.52,46.0,34.0,16.67,271.92,5.5,14,101400.0,9999999
72494,0,4374,14.4,6.57,205.0,75.0,16.67,272.58,5.2,14,101400.0,9999999
72494,0,4375,15.9,6.52,409.0,110.0,16.67,274.09,5.0,14,101400.0,9999999
72494,0,4376,17.4,6.39,609.0,139.0,16.67,275.36,4.8,13,101500.0,9999999
72494,0,4377,18.9,6.08,781.0,160.0,16.67,276.62,4.6,13,101500.0,9999999
72494,0,4378,19.3,6.08,907.0,174.0,16.67,277.04,5.6,13,101500.0,9999999
72494,0,4379,19.6,5.99,978.0,181.0,16.67,277.25,6.7,13,101400.0,9999999
72494,0,4380,20.0,5.82,992.0,182.0,16.67,277.66,7.7,13,101400.0,9999999
72494,0,4381,19.3,6.34,945.0,178.0,16.67,277.25,8.2,13,101400.0,9999999
72494,0,4382,18.5,6.85,840.0,167.0,16.67,276.62,8.8,12,101400.0,9999999
72494,0,4383,17.8,7.34,688.0,150.0,16.67,276.21,9.3,12,101400.0,9999999
72494,0,4384,16.5,7.59,487.0,118.0,16.67,276.41,8.4,12,101300.0,9999999
72494,0,4385,15.2,7.8,269.0,98.0,16.67,276.21,7.6,13,101300.0,9999999
72494,0,4386,13.9,7.97,95.0,64.0,16.67,275.79,6.7,13,101300.0,9999999
72494,0,4387,13.5,7.75,8.0,7.0,16.67,274.52,5.8,12,101300.0,9999999
72494,0,4388,13.2,7.49,0.0,0.0,16.67,274.09,5.0,12,101400.0,9999999
72494,0,4389,12.8,7.09,0.0,0.0,16.67,272.8,4.1,12,101400.0,9999999
72494,0,4390,12.8,7.29,0.0,0.0,16.67,274.94,4.8,12,101400.0,9999999
72494,0,4391,12.8,7.39,0.0,0.0,16.67,276.0,5.5,12,101400.0,9999999
72494,0,4392,12.8,7.34,0.0,0.0,16.67,279.49,6.2,12,101400.0,9999999
72494,0,4393,13.0,7.49,0.0,0.0,16.67,279.7,5.9,12,101400.0,9999999
72494,0,4394,13.1,7.44,0.0,0.0,16.67,281.69,5.5,13,101400.0,9999999
72494,0,4395,13.3,7.34,0.0,0.0,16.67,281.89,5.2,13,101400.0,9999999
72494,0,4396,13.3,7.34,0.0,0.0,16.67,281.89,5.4,13,101500.0,9999999
72494,0,4397,13.3,7.39,24.0,24.0,16.67,281.89,5.5,13,101500.0,9999999
72494,0,4398,13.3,7.34,105.0,105.0,16.67,281.89,5.7,13,101500.0,9999999
72494,0,4399,13.9,7.59,177.0,139.0,16.67,280.7,5.5,12,101600.0,9999999
72494,0,4400,14.4,7.7,255.0,219.0,16.67,281.1,5.4,12,101600.0,9999999
72494,0,4401,15.0,7.65,499.0,283.0,16.67,280.3,5.2,12,101700.0,9999999
72494,0,4402,15.6,7.86,718.0,364.0,16.67,280.9,6.4,12,101700.0,9999999
72494,0,4403,16.1,7.97,625.0,366.0,16.67,281.49,7.6,12,101700.0,9999999
72494,0,4404,16.7,7.97,359.0,302.0,16.67,282.08,8.8,12,101700.0,9999999
72494,0,4405,16.5,8.02,763.0,329.0,16.67,281.89,9.0,12,101700.0,9999999
72494,0,4406,16.3,8.02,545.0,338.0,16.67,283.25,9.1,12,101700.0,9999999
72494,0,4407,16.1,7.97,460.0,289.0,16.67,282.87,9.3,12,101700.0,9999999
72494,0,4408,15.4,8.02,297.0,247.0,16.67,282.28,8.6,12,101700.0,9999999
72494,0,4409,14.6,8.02,180.0,151.0,16.67,281.49,7.9,12,101700.0,9999999
72494,0,4410,13.9,7.97,60.0,55.0,16.67,280.9,7.2,12,101700.0,9999999
72494,0,4411,13.5,7.97,14.0,14.0,16.67,280.5,6.9,12,101700.0,9999999
72494,0,4412,13.2,7.86,0.0,0.0,16.67,280.1,6.5,13,101700.0,9999999
72494,0,4413,12.8,7.65,0.0,0.0,16.67,279.49,6.2,13,101800.0,9999999
72494,0,4414,12.6,7.65,0.0,0.0,16.67,277.86,5.0,13,101800.0,9999999
72494,0,4415,12.4,7.54,0.0,0.0,16.67,276.62,3.8,13,101700.0,9999999
72494,0,4416,12.2,7.34,0.0,0.0,16.67,275.58,2.6,13,101700.0,9999999
72494,0,4417,12.4,7.59,0.0,0.0,16.67,275.79,3.1,13,101700.0,9999999
72494,0,4418,12.6,7.65,0.0,0.0,16.67,276.0,3.6,13,101700.0,9999999
72494,0,4419,12.8,7.65,0.0,0.0,16.67,276.21,4.1,13,101700.0,9999999
72494,0,4420,13.2,7.75,0.0,0.0,16.67,276.0,4.3,13,101800.0,9999999
72494,0,4421,13.5,7.91,35.0,33.0,16.67,275.79,4.4,13,101800.0,9999999
72494,0,4422,13.9,7.97,169.0,111.0,16.67,275.79,4.6,13,101800.0,9999999
72494,0,4423,15.2,8.41,269.0,214.0,16.67,277.66,5.1,13,101800.0,9999999
72494,0,4424,16.5,8.75,487.0,260.0,16.67,279.09,5.7,13,101800.0,9999999
72494,0,4425,17.8,8.87,750.0,266.0,16.67,280.9,6.2,13,101800.0,9999999
72494,0,4426,18.5,9.23,839.0,282.0,16.67,280.7,6.7,13,101800.0,9999999
72494,0,4427,19.3,9.42,913.0,297.0,16.67,280.9,7.2,13,101800.0,9999999
72494,0,4428,20.0,9.54,963.0,246.0,16.67,279.29,7.7,13,101800.0,9999999
72494,0,4429,19.6,9.48,904.0,240.0,16.67,278.89,8.4,12,101800.0,9999999
72494,0,4430,19.3,9.42,816.0,225.0,16.67,278.48,9.1,12,101700.0,9999999
72494,0,4431,18.9,9.23,663.0,200.0,16.67,278.07,9.8,12,101700.0,9999999
72494,0,4432,17.8,9.17,474.0,163.0,16.67,277.04,9.5,12,101700.0,9999999
72494,0,4433,16.7,9.05,258.0,119.0,16.67,277.25,9.1,12,101600.0,9999999
72494,0,4434,15.6,8.87,84.0,58.0,16.67,276.21,8.8,12,101600.0,9999999
72494,0,4435,15.6,8.87,9.0,9.0,16.67,276.21,7.9,12,101600.0,9999999
72494,0,4436,15.6,8.81,0.0,0.0,16.67,274.73,7.1,13,101600.0,9999999
72494,0,4437,15.6,8.58,0.0,0.0,16.67,274.73,6.2,13,101700.0,9999999
72494,0,4438,14.7,8.52,0.0,0.0,16.67,273.87,6.2,13,101700.0,9999999
72494,0,4439,13.7,8.3,0.0,0.0,16.67,272.8,6.2,13,101600.0,9999999
72494,0,4440,12.8,7.97,0.0,0.0,16.67,271.7,6.2,13,101600.0,9999999
72494,0,4441,12.4,8.02,0.0,0.0,16.67,272.8,5.9,13,101600.0,9999999
72494,0,4442,12.1,7.86,0.0,0.0,16.67,273.23,5.5,13,101600.0,9999999
72494,0,4443,11.7,7.65,0.0,0.0,16.67,273.44,5.2,14,101600.0,9999999
72494,0,4444,12.2,7.75,0.0,0.0,16.67,273.23,5.5,14,101600.0,9999999
72494,0,4445,12.8,7.91,46.0,27.0,16.67,273.01,5.9,13,101600.0,9999999
72494,0,4446,13.3,7.97,218.0,56.0,16.67,272.36,6.2,13,101600.0,9999999
72494,0,4447,14.4,8.13,370.0,96.0,16.67,274.73,6.7,13,101600.0,9999999
72494,0,4448,15.6,8.13,604.0,95.0,16.67,275.79,7.2,13,101700.0,9999999
72494,0,4449,16.7,7.97,743.0,128.0,16.67,277.66,7.7,13,101700.0,9999999
72494,0,4450,16.9,8.18,864.0,107.0,16.67,277.04,8.1,13,101600.0,9999999
72494,0,4451,17.0,8.24,973.0,122.0,16.67,277.25,8.4,13,101600.0,9999999
72494,0,4452,17.2,8.24,992.0,129.0,16.67,276.0,8.8,12,101600.0,9999999
72494,0,4453,17.0,8.3,949.0,126.0,16.67,276.0,9.0,12,101600.0,9999999
72494,0,4454,16.9,8.3,848.0,113.0,16.67,277.04,9.1,12,101500.0,9999999
72494,0,4455,16.7,8.24,661.0,100.0,16.67,276.83,9.3,12,101500.0,9999999
72494,0,4456,16.3,8.07,516.0,86.0,16.67,276.41,8.6,12,101500.0,9999999
72494,0,4457,16.0,7.91,296.0,67.0,16.67,274.73,7.9,13,101500.0,9999999
72494,0,4458,15.6,7.65,118.0,43.0,16.67,274.3,7.2,13,101500.0,9999999
72494,0,4459,15.4,7.65,19.0,14.0,16.67,274.09,6.3,13,101500.0,9999999
72494,0,4460,15.2,7.54,0.0,0.0,16.67,273.87,5.5,13,101500.0,9999999
72494,0,4461,15.0,7.34,0.0,0.0,16.67,273.66,4.6,13,101500.0,9999999
72494,0,4462,14.4,7.44,0.0,0.0,16.67,273.01,4.4,13,101500.0,9999999
72494,0,4463,13.9,7.44,0.0,0.0,16.67,272.58,4.3,13,101400.0,9999999
72494,0,4464,13.3,7.34,0.0,0.0,16.67,271.92,4.1,13,101400.0,9999999
72494,0,4465,13.1,7.39,0.0,0.0,16.67,271.92,4.5,13,101400.0,9999999
72494,0,4466,13.0,7.29,0.0,0.0,16.67,271.7,4.8,13,101400.0,9999999
72494,0,4467,12.8,7.09,0.0,0.0,16.67,271.48,5.2,13,101400.0,9999999
72494,0,4468,13.3,7.29,1.0,1.0,16.67,271.92,4.8,13,101400.0,9999999
72494,0,4469,13.9,7.49,39.0,28.0,16.67,273.87,4.5,13,101400.0,9999999
72494,0,4470,14.4,7.65,192.0,71.0,16.67,274.52,4.1,13,101400.0,9999999
72494,0,4471,15.3,7.91,405.0,96.0,16.67,275.36,5.3,13,101400.0,9999999
72494,0,4472,16.3,8.02,616.0,127.0,16.67,275.15,6.5,13,101400.0,9999999
72494,0,4473,17.2,7.97,786.0,146.0,16.67,276.0,7.7,13,101400.0,9999999
72494,0,4474,18.3,8.18,908.0,158.0,16.67,277.04,8.1,13,101400.0,9999999
72494,0,4475,19.5,8.24,981.0,165.0,16.67,278.27,8.4,13,101400.0,9999999
72494,0,4476,20.6,8.24,1000.0,166.0,16.67,279.29,8.8,13,101400.0,9999999
72494,0,4477,20.2,8.41,951.0,162.0,16.67,279.09,8.4,13,101400.0,9999999
72494,0,4478,19.8,8.52,847.0,153.0,16.67,278.68,8.1,13,101300.0,9999999
72494,0,4479,19.4,8.58,693.0,137.0,16.67,278.27,7.7,13,101300.0,9999999
72494,0,4480,18.1,8.64,466.0,154.0,16.67,279.29,7.9,13,101300.0,9999999
72494,0,4481,16.9,8.64,264.0,109.0,16.67,278.89,8.0,13,101300.0,9999999
72494,0,4482,15.6,8.58,90.0,63.0,16.67,278.68,8.2,13,101300.0,9999999
72494,0,4483,15.4,8.7,9.0,8.0,16.67,279.9,7.5,13,101300.0,9999999
72494,0,4484,15.2,8.7,0.0,0.0,16.67,280.9,6.9,13,101300.0,9999999
72494,0,4485,15.0,8.58,0.0,0.0,16.67,284.03,6.2,12,101300.0,9999999
72494,0,4486,14.4,8.58,0.0,0.0,16.67,283.45,6.7,12,101300.0,9999999
72494,0,4487,13.9,8.46,0.0,0.0,16.67,283.06,7.2,12,101300.0,9999999
72494,0,4488,13.3,8.24,0.0,0.0,16.67,282.28,7.7,12,101300.0,9999999
72494,0,4489,12.9,8.18,0.0,0.0,16.67,281.89,7.2,12,101200.0,9999999
72494,0,4490,12.6,7.97,0.0,0.0,16.67,281.49,6.7,12,101200.0,9999999
72494,0,4491,12.2,7.65,0.0,0.0,16.67,280.9,6.2,13,101200.0,9999999
72494,0,4492,12.8,7.75,0.0,0.0,16.67,281.69,6.0,12,101300.0,9999999
72494,0,4493,13.3,7.91,22.0,22.0,16.67,280.1,5.9,12,101300.0,9999999
72494,0,4494,13.9,7.97,79.0,74.0,16.67,280.9,5.7,12,101300.0,9999999
72494,0,4495,14.3,8.24,178.0,160.0,16.67,281.29,5.5,12,101300.0,9999999
72494,0,4496,14.6,8.3,351.0,297.0,16.67,281.69,5.4,12,101300.0,9999999
72494,0,4497,15.0,8.24,303.0,195.0,16.67,282.08,5.2,12,101400.0,9999999
72494,0,4498,16.1,8.46,600.0,388.0,16.67,280.5,5.7,12,101300.0,9999999
72494,0,4499,17.2,8.58,713.0,482.0,16.67,280.9,6.2,12,101300.0,9999999
72494,0,4500,18.3,8.58,879.0,407.0,16.67,280.7,6.7,12,101300.0,9999999
72494,0,4501,18.5,8.64,833.0,376.0,16.67,280.5,7.9,12,101200.0,9999999
72494,0,4502,18.7,8.64,733.0,326.0,16.67,280.7,9.1,12,101200.0,9999999
72494,0,4503,18.9,8.58,579.0,273.0,16.67,280.1,10.3,12,101100.0,9999999
72494,0,4504,17.8,8.75,348.0,231.0,16.67,280.3,9.8,12,101100.0,9999999
72494,0,4505,16.7,8.81,204.0,172.0,16.67,280.5,9.3,13,101200.0,9999999
72494,0,4506,15.6,8.87,28.0,27.0,16.67,281.29,8.8,13,101200.0,9999999
72494,0,4507,15.6,8.99,15.0,15.0,16.67,281.29,8.3,13,101200.0,9999999
72494,0,4508,15.6,8.99,0.0,0.0,16.67,280.3,7.7,13,101200.0,9999999
72494,0,4509,15.6,8.87,0.0,0.0,16.67,280.3,7.2,13,101300.0,9999999
72494,0,4510,15.2,8.93,0.0,0.0,16.67,280.9,6.9,13,101200.0,9999999
72494,0,4511,14.8,8.81,0.0,0.0,16.67,282.08,6.5,13,101200.0,9999999
72494,0,4512,14.4,8.58,0.0,0.0,16.67,283.45,6.2,12,101200.0,9999999
72494,0,4513,14.2,8.75,0.0,0.0,16.67,283.45,6.0,12,101200.0,9999999
72494,0,4514,14.1,8.7,0.0,0.0,16.67,283.25,5.9,12,101200.0,9999999
72494,0,4515,13.9,8.58,0.0,0.0,16.67,283.06,5.7,12,101200.0,9999999
72494,0,4516,14.1,8.7,0.0,0.0,16.67,283.25,5.5,12,101200.0,9999999
72494,0,4517,14.2,8.81,14.0,14.0,16.67,283.45,5.4,12,101200.0,9999999
72494,0,4518,14.4,8.87,55.0,55.0,16.67,283.64,5.2,12,101300.0,9999999
72494,0,4519,15.2,9.05,217.0,178.0,16.67,282.48,5.5,13,101300.0,9999999
72494,0,4520,15.9,9.05,344.0,282.0,16.67,283.25,5.9,13,101300.0,9999999
72494,0,4521,16.7,8.87,576.0,308.0,16.67,282.48,6.2,13,101300.0,9999999
72494,0,4522,18.0,9.36,791.0,240.0,16.67,281.29,6.7,13,101300.0,9999999
72494,0,4523,19.3,9.67,907.0,275.0,16.67,281.49,7.2,13,101300.0,9999999
72494,0,4524,20.6,9.93,972.0,149.0,16.67,279.9,7.7,13,101300.0,9999999
72494,0,4525,20.6,9.99,938.0,146.0,16.67,279.9,7.9,13,101300.0,9999999
72494,0,4526,20.6,9.99,801.0,126.0,16.67,281.29,8.0,14,101200.0,9999999
72494,0,4527,20.6,9.93,645.0,151.0,16.67,281.29,8.2,14,101200.0,9999999
72494,0,4528,19.8,9.86,499.0,99.0,16.67,280.5,7.4,14,101200.0,9999999
72494,0,4529,19.1,9.74,299.0,77.0,16.67,278.48,6.5,14,101200.0,9999999
72494,0,4530,18.3,9.54,112.0,47.0,16.67,277.66,5.7,15,101200.0,9999999
72494,0,4531,17.4,9.29,16.0,13.0,16.67,276.62,5.3,15,101200.0,9999999
72494,0,4532,16.5,8.99,0.0,0.0,16.67,275.79,5.0,14,101300.0,9999999
72494,0,4533,15.6,8.58,0.0,0.0,16.67,274.73,4.6,14,101300.0,9999999
72494,0,4534,15.0,8.58,0.0,0.0,16.67,275.36,4.4,14,101300.0,9999999
72494,0,4535,14.5,8.46,0.0,0.0,16.67,275.79,4.3,14,101300.0,9999999
72494,0,4536,13.9,8.24,0.0,0.0,16.67,275.79,4.1,13,101300.0,9999999
72494,0,4537,13.7,8.3,0.0,0.0,16.67,276.83,5.1,13,101300.0,9999999
72494,0,4538,13.5,8.18,0.0,0.0,16.67,277.04,6.2,13,101300.0,9999999
72494,0,4539,13.3,7.97,0.0,0.0,16.67,278.68,7.2,12,101300.0,9999999
72494,0,4540,13.5,8.07,0.0,0.0,16.67,278.89,6.7,12,101300.0,9999999
72494,0,4541,13.7,8.18,34.0,32.0,16.67,280.7,6.2,12,101300.0,9999999
72494,0,4542,13.9,8.24,93.0,78.0,16.67,280.9,5.7,12,101400.0,9999999
72494,0,4543,14.6,8.52,227.0,189.0,16.67,281.69,6.0,12,101400.0,9999999
72494,0,4544,15.4,8.64,395.0,202.0,16.67,281.1,6.4,12,101400.0,9999999
72494,0,4545,16.1,8.58,482.0,312.0,16.67,281.69,6.7,12,101500.0,9999999
72494,0,4546,17.0,8.58,730.0,218.0,16.67,280.1,6.9,12,101400.0,9999999
72494,0,4547,18.0,8.46,684.0,324.0,16.67,279.9,7.0,12,101400.0,9999999
72494,0,4548,18.9,8.24,849.0,123.0,16.67,277.66,7.2,12,101400.0,9999999
72494,0,4549,18.9,8.18,943.0,121.0,16.67,277.66,7.9,12,101300.0,9999999
72494,0,4550,18.9,8.13,842.0,114.0,16.67,277.66,8.6,13,101300.0,9999999
72494,0,4551,18.9,7.97,699.0,102.0,16.67,277.66,9.3,13,101300.0,9999999
72494,0,4552,18.0,7.91,514.0,86.0,16.67,276.62,10.5,12,101200.0,9999999
72494,0,4553,17.0,7.8,311.0,64.0,16.67,275.79,11.7,12,101200.0,9999999
72494,0,4554,16.1,7.65,119.0,41.0,16.67,274.73,12.9,12,101100.0,9999999
72494,0,4555,15.5,7.54,17.0,12.0,16.67,274.09,10.7,12,101200.0,9999999
72494,0,4556,15.0,7.39,0.0,0.0,16.67,273.66,8.4,12,101200.0,9999999
72494,0,4557,14.4,7.09,0.0,0.0,16.67,273.01,6.2,12,101300.0,9999999
72494,0,4558,14.0,7.19,0.0,0.0,16.67,272.58,5.5,12,101300.0,9999999
72494,0,4559,13.7,7.19,0.0,0.0,16.67,272.36,4.8,12,101300.0,9999999
72494,0,4560,13.3,7.09,0.0,0.0,16.67,271.92,4.1,12,101300.0,9999999
72494,0,4561,12.9,7.24,0.0,0.0,16.67,271.48,4.1,12,101200.0,9999999
72494,0,4562,12.6,7.19,0.0,0.0,16.67,272.58,4.1,12,101200.0,9999999
72494,0,4563,12.2,7.09,0.0,0.0,16.67,272.14,4.1,12,101200.0,9999999
72494,0,4564,13.1,7.09,0.0,0.0,16.67,273.01,3.8,12,101200.0,9999999
72494,0,4565,14.1,7.14,45.0,25.0,16.67,272.58,3.4,13,101300.0,9999999
72494,0,4566,15.0,7.09,214.0,53.0,16.67,273.44,3.1,13,101300.0,9999999
72494,0,4567,16.9,7.44,420.0,76.0,16.67,275.36,3.8,13,101300.0,9999999
72494,0,4568,18.7,7.59,622.0,95.0,16.67,277.25,4.5,12,101300.0,9999999
72494,0,4569,20.6,7.65,793.0,109.0,16.67,279.09,5.2,12,101300.0,9999999
72494,0,4570,20.2,7.86,921.0,118.0,16.67,278.68,6.2,13,101300.0,9999999
72494,0,4571,19.8,7.97,995.0,124.0,16.67,278.48,7.2,13,101300.0,9999999
72494,0,4572,19.4,7.97,1009.0,125.0,16.67,278.07,8.2,13,101300.0,9999999
72494,0,4573,19.2,8.02,964.0,122.0,16.67,277.86,8.4,13,101300.0,9999999
72494,0,4574,19.1,8.02,861.0,114.0,16.67,277.86,8.6,13,101200.0,9999999
72494,0,4575,18.9,7.97,711.0,103.0,16.67,277.66,8.8,13,101200.0,9999999
72494,0,4576,18.3,7.7,522.0,86.0,16.67,276.83,8.3,13,101200.0,9999999
72494,0,4577,17.8,7.44,314.0,64.0,16.67,276.21,7.7,13,101200.0,9999999
72494,0,4578,17.2,7.09,119.0,41.0,16.67,275.58,7.2,13,101200.0,9999999
72494,0,4579,16.7,7.19,17.0,12.0,16.67,275.15,6.2,13,101200.0,9999999
72494,0,4580,16.1,7.19,0.0,0.0,16.67,274.52,5.1,13,101200.0,9999999
72494,0,4581,15.6,7.09,0.0,0.0,16.67,274.09,4.1,13,101200.0,9999999
72494,0,4582,15.2,7.29,0.0,0.0,16.67,273.66,4.5,13,101200.0,9999999
72494,0,4583,14.8,7.39,0.0,0.0,16.67,273.44,4.8,13,101200.0,9999999
72494,0,4584,14.4,7.34,0.0,0.0,16.67,273.01,5.2,13,101300.0,9999999
72494,0,4585,14.0,7.59,0.0,0.0,16.67,274.09,6.0,12,101200.0,9999999
72494,0,4586,13.7,7.65,0.0,0.0,16.67,273.87,6.9,12,101200.0,9999999
72494,0,4587,13.3,7.65,0.0,0.0,16.67,274.3,7.7,12,101200.0,9999999
72494,0,4588,13.7,7.97,0.0,0.0,16.67,276.62,8.2,12,101300.0,9999999
72494,0,4589,14.0,8.3,25.0,25.0,16.67,278.48,8.8,12,101300.0,9999999
72494,0,4590,14.4,8.58,110.0,109.0,16.67,283.45,9.3,12,101400.0,9999999
72494,0,4591,15.7,9.05,205.0,177.0,16.67,283.06,9.6,12,101400.0,9999999
72494,0,4592,17.0,9.42,260.0,240.0,16.67,284.41,10.0,12,101400.0,9999999
72494,0,4593,18.3,9.54,469.0,385.0,16.67,284.22,10.3,13,101500.0,9999999
72494,0,4594,18.9,9.8,722.0,446.0,16.67,283.84,10.1,13,101500.0,9999999
72494,0,4595,19.4,9.93,797.0,399.0,16.67,282.87,10.0,12,101400.0,9999999
72494,0,4596,20.0,9.93,870.0,410.0,16.67,282.87,9.8,12,101400.0,9999999
72494,0,4597,20.0,9.99,825.0,395.0,16.67,282.28,9.8,12,101400.0,9999999
72494,0,4598,20.0,9.99,725.0,284.0,16.67,280.7,9.8,13,101400.0,9999999
72494,0,4599,20.0,9.93,573.0,236.0,16.67,279.29,9.8,13,101400.0,9999999
72494,0,4600,18.7,9.61,429.0,196.0,16.67,280.9,8.6,13,101300.0,9999999
72494,0,4601,17.4,9.29,181.0,143.0,16.67,280.7,7.4,13,101300.0,9999999
72494,0,4602,16.1,8.87,59.0,57.0,16.67,281.89,6.2,13,101300.0,9999999
72494,0,4603,15.4,8.75,9.0,9.0,16.67,282.67,6.2,13,101300.0,9999999
72494,0,4604,14.6,8.58,0.0,0.0,16.67,281.69,6.2,12,101300.0,9999999
72494,0,4605,13.9,8.24,0.0,0.0,16.67,282.87,6.2,12,101300.0,9999999
72494,0,4606,13.9,8.46,0.0,0.0,16.67,283.06,5.9,12,101300.0,9999999
72494,0,4607,13.9,8.58,0.0,0.0,16.67,283.06,5.5,12,101300.0,9999999
72494,0,4608,13.9,8.58,0.0,0.0,16.67,283.06,5.2,12,101300.0,9999999
72494,0,4609,14.1,8.75,0.0,0.0,16.67,283.25,4.8,12,101300.0,9999999
72494,0,4610,14.2,8.7,0.0,0.0,16.67,283.45,4.5,12,101200.0,9999999
72494,0,4611,14.4,8.58,0.0,0.0,16.67,283.45,4.1,13,101200.0,9999999
72494,0,4612,14.2,8.46,0.0,0.0,16.67,283.25,4.1,13,101200.0,9999999
72494,0,4613,14.1,8.41,21.0,21.0,16.67,283.06,4.1,13,101300.0,9999999
72494,0,4614,13.9,8.24,106.0,106.0,16.67,282.87,4.1,14,101300.0,9999999
72494,0,4615,15.2,8.64,305.0,156.0,16.67,279.7,3.6,15,101300.0,9999999
72494,0,4616,16.5,8.81,505.0,199.0,16.67,279.09,3.1,15,101300.0,9999999
72494,0,4617,17.8,8.87,726.0,157.0,16.67,278.27,2.6,16,101300.0,9999999
72494,0,4618,20.8,9.36,834.0,164.0,16.67,281.29,3.8,16,101300.0,9999999
72494,0,4619,23.7,9.67,980.0,161.0,16.67,282.87,5.0,15,101200.0,9999999
72494,0,4620,26.7,9.93,985.0,162.0,16.67,285.74,6.2,14,101200.0,9999999
72494,0,4621,25.0,9.54,942.0,158.0,16.67,284.03,7.4,14,101100.0,9999999
72494,0,4622,23.4,9.05,839.0,149.0,16.67,282.28,8.6,13,101100.0,9999999
72494,0,4623,21.7,8.58,689.0,133.0,16.67,280.5,9.8,13,101000.0,9999999
72494,0,4624,20.0,8.3,504.0,111.0,16.67,278.68,8.9,13,101000.0,9999999
72494,0,4625,18.4,8.02,296.0,82.0,16.67,277.04,8.1,12,101000.0,9999999
72494,0,4626,16.7,7.65,107.0,50.0,16.67,275.36,7.2,12,101000.0,9999999
72494,0,4627,15.9,7.65,15.0,13.0,16.67,274.52,6.5,13,101000.0,9999999
72494,0,4628,15.2,7.54,0.0,0.0,16.67,273.87,5.9,13,101000.0,9999999
72494,0,4629,14.4,7.34,0.0,0.0,16.67,273.01,5.2,13,101000.0,9999999
72494,0,4630,13.9,7.39,0.0,0.0,16.67,272.58,4.5,13,101000.0,9999999
72494,0,4631,13.3,7.29,0.0,0.0,16.67,271.92,3.8,14,101000.0,9999999
72494,0,4632,12.8,7.09,0.0,0.0,16.67,271.48,3.1,14,101000.0,9999999
72494,0,4633,12.6,7.14,0.0,0.0,16.67,271.26,2.8,14,101000.0,9999999
72494,0,4634,12.4,6.99,0.0,0.0,16.67,271.04,2.4,13,101000.0,9999999
72494,0,4635,12.2,6.8,0.0,0.0,16.67,270.6,2.1,13,101000.0,9999999
72494,0,4636,13.3,6.99,0.0,0.0,16.67,271.92,2.4,14,101000.0,9999999
72494,0,4637,14.5,7.19,40.0,27.0,16.67,273.01,2.8,14,101000.0,9999999
72494,0,4638,15.6,7.34,197.0,61.0,16.67,274.09,3.1,14,101100.0,9999999
72494,0,4639,16.9,7.7,401.0,89.0,16.67,275.58,3.4,14,101100.0,9999999
72494,0,4640,18.1,7.91,602.0,113.0,16.67,276.83,3.8,14,101100.0,9999999
72494,0,4641,19.4,7.97,773.0,130.0,16.67,278.07,4.1,14,101100.0,9999999
72494,0,4642,20.0,8.18,901.0,142.0,16.67,278.68,5.5,14,101000.0,9999999
72494,0,4643,20.5,8.24,976.0,147.0,16.67,279.29,6.8,14,101000.0,9999999
72494,0,4644,21.1,8.24,991.0,149.0,16.67,279.7,8.2,14,101000.0,9999999
72494,0,4645,20.4,8.18,947.0,145.0,16.67,279.09,8.7,14,101000.0,9999999
72494,0,4646,19.6,8.13,846.0,137.0,16.67,278.27,9.3,14,101000.0,9999999
72494,0,4647,18.9,7.97,695.0,122.0,16.67,277.66,9.8,13,101000.0,9999999
72494,0,4648,17.8,7.91,505.0,102.0,16.67,276.41,8.9,13,101000.0,9999999
72494,0,4649,16.7,7.8,299.0,76.0,16.67,275.36,8.1,13,101000.0,9999999
72494,0,4650,15.6,7.65,109.0,47.0,16.67,274.3,7.2,13,101000.0,9999999
72494,0,4651,14.8,7.65,15.0,12.0,16.67,273.44,6.9,13,101000.0,9999999
72494,0,4652,14.1,7.54,0.0,0.0,16.67,272.8,6.5,14,101100.0,9999999
72494,0,4653,13.3,7.34,0.0,0.0,16.67,271.92,6.2,14,101100.0,9999999
72494,0,4654,13.1,7.44,0.0,0.0,16.67,271.92,4.8,14,101100.0,9999999
72494,0,4655,13.0,7.44,0.0,0.0,16.67,271.7,3.5,13,101100.0,9999999
72494,0,4656,12.8,7.34,0.0,0.0,16.67,271.48,2.1,13,101100.0,9999999
72494,0,4657,12.4,7.39,0.0,0.0,16.67,271.26,1.9,13,101100.0,9999999
72494,0,4658,12.1,7.29,0.0,0.0,16.67,270.82,1.7,14,101100.0,9999999
72494,0,4659,11.7,7.09,0.0,0.0,16.67,270.37,1.5,14,101100.0,9999999
72494,0,4660,12.8,7.29,0.0,0.0,16.67,271.48,1.5,12,101200.0,9999999
72494,0,4661,13.9,7.49,30.0,25.0,16.67,273.87,1.5,11,101200.0,9999999
72494,0,4662,15.0,7.65,162.0,77.0,16.67,274.94,1.5,9,101200.0,9999999
72494,0,4663,16.5,8.02,366.0,128.0,16.67,276.62,2.0,7,101300.0,9999999
72494,0,4664,17.9,8.18,578.0,154.0,16.67,276.62,2.6,4,101300.0,9999999
72494,0,4665,19.4,8.24,751.0,179.0,16.67,278.07,3.1,2,101300.0,9999999
72494,0,4666,20.5,8.58,882.0,195.0,16.67,279.29,3.6,1,101300.0,9999999
72494,0,4667,21.7,8.75,962.0,204.0,16.67,280.5,4.1,16,101300.0,9999999
72494,0,4668,22.8,8.87,979.0,206.0,16.67,281.69,4.6,16,101300.0,9999999
72494,0,4669,22.6,8.81,930.0,200.0,16.67,281.49,3.9,15,101200.0,9999999
72494,0,4670,22.4,8.75,827.0,188.0,16.67,281.29,3.3,13,101200.0,9999999
72494,0,4671,22.2,8.58,677.0,168.0,16.67,280.9,2.6,12,101200.0,9999999
72494,0,4672,20.5,8.3,485.0,139.0,16.67,279.29,3.5,12,101200.0,9999999
72494,0,4673,18.9,8.02,278.0,100.0,16.67,277.66,4.3,12,101200.0,9999999
72494,0,4674,17.2,7.65,96.0,57.0,16.67,275.79,5.2,12,101200.0,9999999
72494,0,4675,16.1,7.75,12.0,12.0,16.67,274.73,4.7,13,101300.0,9999999
72494,0,4676,15.0,7.75,0.0,0.0,16.67,273.87,4.1,13,101300.0,9999999
72494,0,4677,13.9,7.65,0.0,0.0,16.67,272.8,3.6,14,101300.0,9999999
72494,0,4678,13.7,7.75,0.0,0.0,16.67,272.58,3.3,14,101300.0,9999999
72494,0,4679,13.5,7.75,0.0,0.0,16.67,273.66,2.9,13,101300.0,9999999
72494,0,4680,13.3,7.65,0.0,0.0,16.67,273.44,2.6,13,101300.0,9999999
72494,0,4681,13.3,7.7,0.0,0.0,16.67,274.94,2.2,13,101300.0,9999999
72494,0,4682,13.3,7.54,0.0,0.0,16.67,276.0,1.9,13,101300.0,9999999
72494,0,4683,13.3,7.34,0.0,0.0,16.67,277.45,1.5,13,101300.0,9999999
72494,0,4684,13.7,7.44,0.0,0.0,16.67,278.89,1.7,14,101300.0,9999999
72494,0,4685,14.0,7.59,26.0,26.0,16.67,280.7,1.9,15,101400.0,9999999
72494,0,4686,14.4,7.65,68.0,67.0,16.67,283.06,2.1,15,101400.0,9999999
72494,0,4687,15.3,8.02,243.0,197.0,16.67,280.7,2.9,15,101400.0,9999999
72494,0,4688,16.3,8.18,428.0,291.0,16.67,280.7,3.8,15,101400.0,9999999
72494,0,4689,17.2,8.24,597.0,314.0,16.67,280.1,4.6,14,101400.0,9999999
72494,0,4690,18.7,8.58,770.0,332.0,16.67,281.1,5.8,14,101400.0,9999999
72494,0,4691,20.2,8.75,884.0,325.0,16.67,281.49,7.0,14,101300.0,9999999
72494,0,4692,21.7,8.87,895.0,292.0,16.67,281.89,8.2,14,101300.0,9999999
72494,0,4693,20.9,8.81,887.0,297.0,16.67,281.1,8.4,14,101300.0,9999999
72494,0,4694,20.2,8.75,783.0,279.0,16.67,281.49,8.6,14,101200.0,9999999
72494,0,4695,19.4,8.58,578.0,285.0,16.67,280.5,8.8,14,101200.0,9999999
72494,0,4696,18.3,8.41,396.0,215.0,16.67,280.7,8.4,14,101200.0,9999999
72494,0,4697,17.2,8.24,209.0,137.0,16.67,280.1,8.1,14,101300.0,9999999
72494,0,4698,16.1,7.97,50.0,46.0,16.67,280.3,7.7,14,101300.0,9999999
72494,0,4699,15.5,7.97,9.0,9.0,16.67,278.89,6.9,14,101300.0,9999999
72494,0,4700,15.0,7.86,0.0,0.0,16.67,277.25,6.0,13,101400.0,9999999
72494,0,4701,14.4,7.65,0.0,0.0,16.67,276.0,5.2,13,101400.0,9999999
72494,0,4702,14.0,7.75,0.0,0.0,16.67,275.79,4.3,13,101400.0,9999999
72494,0,4703,13.7,7.75,0.0,0.0,16.67,274.73,3.5,13,101400.0,9999999
72494,0,4704,13.3,7.65,0.0,0.0,16.67,274.3,2.6,13,101500.0,9999999
72494,0,4705,13.5,7.8,0.0,0.0,16.67,275.79,2.8,13,101500.0,9999999
72494,0,4706,13.7,7.75,0.0,0.0,16.67,277.04,2.9,13,101500.0,9999999
72494,0,4707,13.9,7.65,0.0,0.0,16.67,279.09,3.1,14,101500.0,9999999
72494,0,4708,14.6,7.65,0.0,0.0,16.67,278.68,2.9,12,101500.0,9999999
72494,0,4709,15.4,7.7,27.0,26.0,16.67,279.49,2.8,11,101500.0,9999999
72494,0,4710,16.1,7.65,139.0,102.0,16.67,279.49,2.6,9,101600.0,9999999
72494,0,4711,17.0,8.02,252.0,164.0,16.67,281.29,3.8,9,101600.0,9999999
72494,0,4712,18.0,8.18,276.0,205.0,16.67,283.45,5.0,9,101700.0,9999999
72494,0,4713,18.9,8.24,270.0,218.0,16.67,285.74,6.2,10,101700.0,9999999
72494,0,4714,19.3,8.58,652.0,371.0,16.67,283.64,6.5,10,101700.0,9999999
72494,0,4715,19.6,8.75,927.0,218.0,16.67,282.67,6.9,10,101600.0,9999999
72494,0,4716,20.0,8.87,814.0,220.0,16.67,281.89,7.2,11,101600.0,9999999
72494,0,4717,19.6,8.81,876.0,209.0,16.67,281.49,6.7,10,101600.0,9999999
72494,0,4718,19.3,8.75,774.0,230.0,16.67,281.89,6.2,10,101600.0,9999999
72494,0,4719,18.9,8.58,621.0,202.0,16.67,281.29,5.7,10,101600.0,9999999
72494,0,4720,18.0,8.52,454.0,173.0,16.67,280.9,5.0,10,101600.0,9999999
72494,0,4721,17.0,8.41,249.0,143.0,16.67,281.49,4.3,11,101600.0,9999999
72494,0,4722,16.1,8.24,57.0,50.0,16.67,281.49,3.6,11,101600.0,9999999
72494,0,4723,15.9,8.35,7.0,6.0,16.67,282.87,3.9,11,101600.0,9999999
72494,0,4724,15.8,8.35,0.0,0.0,16.67,282.87,4.3,11,101600.0,9999999
72494,0,4725,15.6,8.24,0.0,0.0,16.67,284.6,4.6,11,101700.0,9999999
72494,0,4726,15.4,8.3,0.0,0.0,16.67,282.48,3.6,12,101700.0,9999999
72494,0,4727,15.2,8.18,0.0,0.0,16.67,279.49,2.5,12,101600.0,9999999
72494,0,4728,15.0,7.97,0.0,0.0,16.67,278.48,1.5,13,101600.0,9999999
72494,0,4729,15.0,8.18,0.0,0.0,16.67,279.29,1.9,12,101600.0,9999999
72494,0,4730,15.0,8.3,0.0,0.0,16.67,279.49,2.2,12,101600.0,9999999
72494,0,4731,15.0,8.24,0.0,0.0,16.67,280.5,2.6,11,101600.0,9999999
72494,0,4732,15.2,8.24,0.0,0.0,16.67,280.7,2.6,10,101600.0,9999999
72494,0,4733,15.4,8.3,26.0,26.0,16.67,280.9,2.6,10,101700.0,9999999
72494,0,4734,15.6,8.24,109.0,90.0,16.67,281.1,2.6,9,101700.0,9999999
72494,0,4735,16.0,8.41,144.0,142.0,16.67,283.06,3.5,9,101700.0,9999999
72494,0,4736,16.3,8.41,293.0,260.0,16.67,283.25,4.3,10,101700.0,9999999
72494,0,4737,16.7,8.24,269.0,240.0,16.67,285.55,5.2,10,101700.0,9999999
72494,0,4738,17.4,8.46,494.0,353.0,16.67,284.41,4.7,11,101700.0,9999999
72494,0,4739,18.2,8.58,835.0,367.0,16.67,283.84,4.1,12,101700.0,9999999
72494,0,4740,18.9,8.58,661.0,258.0,16.67,283.25,3.6,13,101700.0,9999999
72494,0,4741,19.3,8.75,860.0,284.0,16.67,282.28,5.1,13,101600.0,9999999
72494,0,4742,19.6,8.81,776.0,203.0,16.67,280.9,6.7,14,101600.0,9999999
72494,0,4743,20.0,8.87,617.0,130.0,16.67,279.09,8.2,14,101500.0,9999999
72494,0,4744,18.5,8.64,462.0,116.0,16.67,278.89,7.5,13,101500.0,9999999
72494,0,4745,17.1,8.3,270.0,91.0,16.67,277.25,6.9,13,101500.0,9999999
72494,0,4746,15.6,7.97,94.0,51.0,16.67,276.62,6.2,12,101500.0,9999999
72494,0,4747,15.2,8.13,9.0,9.0,16.67,278.07,5.9,12,101500.0,9999999
72494,0,4748,14.8,8.24,0.0,0.0,16.67,279.29,5.5,12,101600.0,9999999
72494,0,4749,14.4,8.24,0.0,0.0,16.67,283.45,5.2,12,101600.0,9999999
72494,0,4750,14.0,8.18,0.0,0.0,16.67,283.06,5.4,12,101600.0,9999999
72494,0,4751,13.7,7.97,0.0,0.0,16.67,282.67,5.5,12,101600.0,9999999
72494,0,4752,13.3,7.65,0.0,0.0,16.67,282.08,5.7,12,101600.0,9999999
72494,0,4753,13.1,7.8,0.0,0.0,16.67,281.89,5.2,12,101600.0,9999999
72494,0,4754,13.0,7.75,0.0,0.0,16.67,281.89,4.6,12,101600.0,9999999
72494,0,4755,12.8,7.65,0.0,0.0,16.67,281.49,4.1,12,101600.0,9999999
72494,0,4756,12.6,7.54,0.0,0.0,16.67,281.29,4.5,12,101600.0,9999999
72494,0,4757,12.4,7.49,17.0,17.0,16.67,281.1,4.8,12,101600.0,9999999
72494,0,4758,12.2,7.34,50.0,46.0,16.67,280.9,5.2,12,101700.0,9999999
72494,0,4759,12.6,7.49,139.0,138.0,16.67,281.29,5.5,12,101700.0,9999999
72494,0,4760,12.9,7.49,266.0,261.0,16.67,281.49,5.9,11,101700.0,9999999
72494,0,4761,13.3,7.34,226.0,224.0,16.67,281.89,6.2,11,101700.0,9999999
72494,0,4762,14.4,7.54,322.0,321.0,16.67,283.06,6.7,12,101700.0,9999999
72494,0,4763,15.6,7.65,578.0,445.0,16.67,282.28,7.2,12,101700.0,9999999
72494,0,4764,16.7,7.65,499.0,405.0,16.67,283.45,7.7,12,101700.0,9999999
72494,0,4765,16.5,7.59,565.0,324.0,16.67,281.69,7.9,12,101700.0,9999999
72494,0,4766,16.3,7.49,508.0,418.0,16.67,281.49,8.0,12,101600.0,9999999
72494,0,4767,16.1,7.34,459.0,290.0,16.67,280.1,8.2,12,101600.0,9999999
72494,0,4768,15.5,7.39,323.0,242.0,16.67,279.49,7.5,12,101600.0,9999999
72494,0,4769,15.0,7.39,191.0,142.0,16.67,280.1,6.9,12,101600.0,9999999
72494,0,4770,14.4,7.34,67.0,57.0,16.67,279.49,6.2,12,101600.0,9999999
72494,0,4771,14.0,7.34,6.0,6.0,16.67,280.7,5.9,12,101600.0,9999999
72494,0,4772,13.7,7.29,0.0,0.0,16.67,280.3,5.5,12,101600.0,9999999
72494,0,4773,13.3,7.09,0.0,0.0,16.67,281.69,5.2,12,101600.0,9999999
72494,0,4774,13.1,7.29,0.0,0.0,16.67,281.69,5.4,12,101600.0,9999999
72494,0,4775,13.0,7.39,0.0,0.0,16.67,281.69,5.5,12,101600.0,9999999
72494,0,4776,12.8,7.34,0.0,0.0,16.67,281.49,5.7,12,101600.0,9999999
72494,0,4777,12.8,7.49,0.0,0.0,16.67,281.49,5.2,12,101600.0,9999999
72494,0,4778,12.8,7.44,0.0,0.0,16.67,281.49,4.6,12,101600.0,9999999
72494,0,4779,12.8,7.34,0.0,0.0,16.67,281.49,4.1,12,101600.0,9999999
72494,0,4780,12.8,7.29,0.0,0.0,16.67,281.29,4.5,11,101600.0,9999999
72494,0,4781,12.8,7.24,18.0,18.0,16.67,281.29,4.8,11,101700.0,9999999
72494,0,4782,12.8,7.09,47.0,46.0,16.67,281.29,5.2,10,101700.0,9999999
72494,0,4783,13.9,7.34,195.0,165.0,16.67,280.5,5.7,11,101700.0,9999999
72494,0,4784,15.0,7.39,208.0,187.0,16.67,281.69,6.2,12,101700.0,9999999
72494,0,4785,16.1,7.34,400.0,273.0,16.67,281.1,6.7,12,101800.0,9999999
72494,0,4786,16.7,7.44,809.0,314.0,16.67,279.29,7.0,12,101800.0,9999999
72494,0,4787,17.2,7.44,899.0,260.0,16.67,278.68,7.4,12,101800.0,9999999
72494,0,4788,17.8,7.34,964.0,221.0,16.67,276.21,7.7,12,101800.0,9999999
72494,0,4789,17.6,7.49,918.0,216.0,16.67,276.21,8.4,12,101700.0,9999999
72494,0,4790,17.4,7.59,820.0,202.0,16.67,276.0,9.1,12,101700.0,9999999
72494,0,4791,17.2,7.65,669.0,180.0,16.67,275.79,9.8,12,101700.0,9999999
72494,0,4792,16.7,7.59,476.0,147.0,16.67,275.36,9.1,12,101700.0,9999999
72494,0,4793,16.1,7.49,266.0,105.0,16.67,274.73,8.4,12,101600.0,9999999
72494,0,4794,15.6,7.34,88.0,57.0,16.67,274.09,7.7,12,101600.0,9999999
72494,0,4795,14.8,7.44,10.0,10.0,16.67,273.44,7.4,12,101600.0,9999999
72494,0,4796,14.1,7.44,0.0,0.0,16.67,272.8,7.0,12,101700.0,9999999
72494,0,4797,13.3,7.34,0.0,0.0,16.67,271.92,6.7,12,101700.0,9999999
72494,0,4798,13.1,7.54,0.0,0.0,16.67,274.73,7.0,12,101700.0,9999999
72494,0,4799,13.0,7.65,0.0,0.0,16.67,277.25,7.4,12,101700.0,9999999
72494,0,4800,12.8,7.65,0.0,0.0,16.67,281.49,7.7,12,101700.0,9999999
72494,0,4801,12.6,7.8,0.0,0.0,16.67,281.49,7.5,12,101700.0,9999999
72494,0,4802,12.4,7.75,0.0,0.0,16.67,281.29,7.4,12,101700.0,9999999
72494,0,4803,12.2,7.65,0.0,0.0,16.67,280.9,7.2,12,101700.0,9999999
72494,0,4804,12.8,7.65,0.0,0.0,16.67,281.49,7.2,12,101800.0,9999999
72494,0,4805,13.3,7.7,17.0,17.0,16.67,280.1,7.2,13,101800.0,9999999
72494,0,4806,13.9,7.65,55.0,54.0,16.67,280.7,7.2,13,101800.0,9999999
72494,0,4807,14.8,8.02,250.0,180.0,16.67,279.09,7.0,13,101800.0,9999999
72494,0,4808,15.8,8.18,512.0,167.0,16.67,278.27,6.9,13,101800.0,9999999
72494,0,4809,16.7,8.24,709.0,142.0,16.67,277.86,6.7,12,101800.0,9999999
72494,0,4810,17.4,8.46,835.0,116.0,16.67,277.66,7.4,12,101800.0,9999999
72494,0,4811,18.2,8.58,860.0,147.0,16.67,278.48,8.1,12,101800.0,9999999
72494,0,4812,18.9,8.58,980.0,123.0,16.67,277.86,8.8,12,101800.0,9999999
72494,0,4813,18.7,8.64,945.0,120.0,16.67,277.66,10.0,12,101700.0,9999999
72494,0,4814,18.5,8.64,827.0,113.0,16.67,277.45,11.2,12,101700.0,9999999
72494,0,4815,18.3,8.58,690.0,101.0,16.67,277.25,12.4,12,101600.0,9999999
72494,0,4816,17.4,8.18,501.0,84.0,16.67,276.21,11.2,12,101600.0,9999999
72494,0,4817,16.5,7.8,298.0,62.0,16.67,275.15,10.0,12,101500.0,9999999
72494,0,4818,15.6,7.34,107.0,39.0,16.67,274.09,8.8,12,101500.0,9999999
72494,0,4819,15.0,7.24,14.0,10.0,16.67,273.66,9.0,12,101600.0,9999999
72494,0,4820,14.5,7.09,0.0,0.0,16.67,273.01,9.1,12,101600.0,9999999
72494,0,4821,13.9,6.8,0.0,0.0,16.67,272.36,9.3,12,101600.0,9999999
72494,0,4822,13.3,6.85,0.0,0.0,16.67,271.7,7.9,12,101600.0,9999999
72494,0,4823,12.8,6.75,0.0,0.0,16.67,271.26,6.6,12,101600.0,9999999
72494,0,4824,12.2,6.57,0.0,0.0,16.67,270.6,5.2,13,101600.0,9999999
72494,0,4825,12.6,6.61,0.0,0.0,16.67,271.04,4.5,13,101600.0,9999999
72494,0,4826,12.9,6.48,0.0,0.0,16.67,271.26,3.8,13,101600.0,9999999
72494,0,4827,13.3,6.3,0.0,0.0,16.67,271.48,3.1,14,101600.0,9999999
72494,0,4828,13.7,6.3,0.0,0.0,16.67,271.92,5.0,13,101600.0,9999999
72494,0,4829,14.0,6.34,38.0,23.0,16.67,272.14,6.9,12,101600.0,9999999
72494,0,4830,14.4,6.3,193.0,50.0,16.67,272.58,8.8,12,101600.0,9999999
72494,0,4831,14.8,6.71,400.0,73.0,16.67,273.01,8.3,12,101600.0,9999999
72494,0,4832,15.2,6.94,603.0,93.0,16.67,273.66,7.7,12,101600.0,9999999
72494,0,4833,15.6,7.09,776.0,107.0,16.67,274.09,7.2,12,101600.0,9999999
72494,0,4834,16.3,7.19,905.0,117.0,16.67,274.73,7.4,12,101600.0,9999999
72494,0,4835,17.1,7.19,981.0,122.0,16.67,275.58,7.5,12,101500.0,9999999
72494,0,4836,17.8,7.09,995.0,123.0,16.67,276.21,7.7,12,101500.0,9999999
72494,0,4837,17.6,7.14,951.0,120.0,16.67,276.0,7.7,12,101500.0,9999999
72494,0,4838,17.4,7.14,849.0,113.0,16.67,275.79,7.7,12,101400.0,9999999
72494,0,4839,17.2,7.09,697.0,101.0,16.67,275.58,7.7,12,101400.0,9999999
72494,0,4840,16.5,7.04,508.0,84.0,16.67,274.94,7.2,12,101400.0,9999999
72494,0,4841,15.7,6.94,300.0,63.0,16.67,274.09,6.7,12,101300.0,9999999
72494,0,4842,15.0,6.8,107.0,39.0,16.67,273.44,6.2,12,101300.0,9999999
72494,0,4843,14.4,6.9,13.0,10.0,16.67,272.8,5.7,12,101300.0,9999999
72494,0,4844,13.9,6.9,0.0,0.0,16.67,272.36,5.1,12,101300.0,9999999
72494,0,4845,13.3,6.8,0.0,0.0,16.67,271.7,4.6,12,101400.0,9999999
72494,0,4846,13.1,6.85,0.0,0.0,16.67,271.48,3.6,11,101400.0,9999999
72494,0,4847,13.0,6.75,0.0,0.0,16.67,271.48,2.5,9,101400.0,9999999
72494,0,4848,12.8,6.57,0.0,0.0,16.67,271.04,1.5,8,101400.0,9999999
72494,0,4849,12.2,6.71,0.0,0.0,16.67,270.6,1.9,9,101300.0,9999999
72494,0,4850,11.7,6.66,0.0,0.0,16.67,270.15,2.2,12,101300.0,9999999
72494,0,4851,11.1,6.57,0.0,0.0,16.67,269.48,2.6,13,101300.0,9999999
72494,0,4852,12.0,6.66,0.0,0.0,16.67,270.37,1.7,14,101300.0,9999999
72494,0,4853,13.0,6.75,39.0,23.0,16.67,271.48,0.9,15,101300.0,9999999
72494,0,4854,13.9,6.8,190.0,51.0,16.67,272.36,0.0,0,101300.0,9999999
72494,0,4855,15.4,7.39,397.0,74.0,16.67,274.09,1.0,1,101300.0,9999999
72494,0,4856,16.8,7.91,601.0,94.0,16.67,275.58,2.1,1,101300.0,9999999
72494,0,4857,18.3,8.24,776.0,109.0,16.67,277.04,3.1,2,101300.0,9999999
72494,0,4858,20.3,8.46,907.0,119.0,16.67,279.09,3.8,16,101300.0,9999999
72494,0,4859,22.4,8.58,982.0,124.0,16.67,281.1,4.5,15,101300.0,9999999
72494,0,4860,24.4,8.58,999.0,125.0,16.67,283.06,5.2,13,101300.0,9999999
72494,0,4861,23.3,8.64,957.0,122.0,16.67,282.08,6.4,13,101200.0,9999999
72494,0,4862,22.2,8.64,854.0,115.0,16.67,280.9,7.6,13,101200.0,9999999
72494,0,4863,21.1,8.58,700.0,103.0,16.67,279.9,8.8,13,101200.0,9999999
72494,0,4864,19.8,8.41,506.0,88.0,16.67,278.68,7.8,13,101200.0,9999999
72494,0,4865,18.5,8.24,279.0,69.0,16.67,278.68,6.7,14,101200.0,9999999
72494,0,4866,17.2,7.97,98.0,44.0,16.67,277.25,5.7,14,101300.0,9999999
72494,0,4867,16.5,8.07,9.0,7.0,16.67,276.62,5.0,14,101300.0,9999999
72494,0,4868,15.7,8.07,0.0,0.0,16.67,276.83,4.3,14,101400.0,9999999
72494,0,4869,15.0,7.97,0.0,0.0,16.67,276.21,3.6,14,101500.0,9999999
72494,0,4870,14.6,7.97,0.0,0.0,16.67,277.04,4.1,14,101500.0,9999999
72494,0,4871,14.3,7.86,0.0,0.0,16.67,278.48,4.7,14,101500.0,9999999
72494,0,4872,13.9,7.65,0.0,0.0,16.67,280.7,5.2,14,101500.0,9999999
72494,0,4873,13.9,7.8,0.0,0.0,16.67,280.7,4.7,13,101500.0,9999999
72494,0,4874,13.9,7.75,0.0,0.0,16.67,280.7,4.1,13,101500.0,9999999
72494,0,4875,13.9,7.65,0.0,0.0,16.67,280.7,3.6,13,101500.0,9999999
72494,0,4876,14.1,7.75,0.0,0.0,16.67,278.27,3.4,13,101500.0,9999999
72494,0,4877,14.2,7.91,26.0,21.0,16.67,277.66,3.3,13,101600.0,9999999
72494,0,4878,14.4,7.97,146.0,77.0,16.67,276.83,3.1,13,101600.0,9999999
72494,0,4879,15.7,8.24,302.0,130.0,16.67,277.66,3.6,14,101700.0,9999999
72494,0,4880,17.0,8.3,448.0,139.0,16.67,278.07,4.1,15,101700.0,9999999
72494,0,4881,18.3,8.24,721.0,119.0,16.67,278.48,4.6,16,101800.0,9999999
72494,0,4882,19.4,8.58,856.0,122.0,16.67,279.7,5.6,16,101700.0,9999999
72494,0,4883,20.6,8.75,905.0,146.0,16.67,280.9,6.7,15,101700.0,9999999
72494,0,4884,21.7,8.87,925.0,122.0,16.67,281.89,7.7,14,101700.0,9999999
72494,0,4885,21.1,8.81,877.0,117.0,16.67,281.29,8.1,14,101700.0,9999999
72494,0,4886,20.6,8.75,833.0,124.0,16.67,279.49,8.4,14,101700.0,9999999
72494,0,4887,20.0,8.58,682.0,111.0,16.67,278.89,8.8,13,101700.0,9999999
72494,0,4888,18.9,8.52,487.0,92.0,16.67,277.86,9.0,13,101700.0,9999999
72494,0,4889,17.8,8.41,288.0,68.0,16.67,276.62,9.1,13,101700.0,9999999
72494,0,4890,16.7,8.24,99.0,41.0,16.67,275.58,9.3,13,101700.0,9999999
72494,0,4891,15.9,8.24,12.0,9.0,16.67,274.94,7.9,13,101800.0,9999999
72494,0,4892,15.2,8.18,0.0,0.0,16.67,274.09,6.6,13,101800.0,9999999
72494,0,4893,14.4,7.97,0.0,0.0,16.67,273.23,5.2,13,101900.0,9999999
72494,0,4894,14.0,8.07,0.0,0.0,16.67,273.01,5.0,13,101900.0,9999999
72494,0,4895,13.7,8.07,0.0,0.0,16.67,272.58,4.8,13,101800.0,9999999
72494,0,4896,13.3,7.97,0.0,0.0,16.67,272.36,4.6,13,101800.0,9999999
72494,0,4897,12.9,8.02,0.0,0.0,16.67,274.09,4.6,13,101800.0,9999999
72494,0,4898,12.6,7.86,0.0,0.0,16.67,274.52,4.6,13,101800.0,9999999
72494,0,4899,12.2,7.65,0.0,0.0,16.67,274.94,4.6,13,101800.0,9999999
72494,0,4900,12.4,7.75,0.0,0.0,16.67,276.62,3.9,13,101800.0,9999999
72494,0,4901,12.6,7.91,23.0,21.0,16.67,278.07,3.3,14,101800.0,9999999
72494,0,4902,12.8,7.97,66.0,64.0,16.67,281.69,2.6,14,101800.0,9999999
72494,0,4903,14.5,8.35,315.0,179.0,16.67,278.89,3.6,14,101800.0,9999999
72494,0,4904,16.1,8.52,543.0,143.0,16.67,278.07,4.7,15,101800.0,9999999
72494,0,4905,17.8,8.58,766.0,111.0,16.67,276.83,5.7,15,101800.0,9999999
72494,0,4906,18.9,8.7,897.0,120.0,16.67,277.86,6.0,15,101700.0,9999999
72494,0,4907,20.0,8.7,970.0,126.0,16.67,278.89,6.4,14,101700.0,9999999
72494,0,4908,21.1,8.58,984.0,127.0,16.67,279.9,6.7,14,101600.0,9999999
72494,0,4909,20.4,8.64,945.0,124.0,16.67,279.29,7.9,14,101600.0,9999999
72494,0,4910,19.6,8.64,842.0,116.0,16.67,278.48,9.1,14,101500.0,9999999
72494,0,4911,18.9,8.58,693.0,104.0,16.67,277.86,10.3,14,101500.0,9999999
72494,0,4912,17.6,8.41,501.0,86.0,16.67,276.62,9.4,14,101400.0,9999999
72494,0,4913,16.3,8.24,274.0,59.0,16.67,276.62,8.6,14,101400.0,9999999
72494,0,4914,15.0,7.97,96.0,40.0,16.67,275.15,7.7,14,101300.0,9999999
72494,0,4915,14.3,7.97,10.0,8.0,16.67,274.52,7.0,14,101400.0,9999999
72494,0,4916,13.5,7.86,0.0,0.0,16.67,272.36,6.4,13,101400.0,9999999
72494,0,4917,12.8,7.65,0.0,0.0,16.67,271.7,5.7,13,101500.0,9999999
72494,0,4918,12.8,7.75,0.0,0.0,16.67,271.7,5.5,13,101400.0,9999999
72494,0,4919,12.8,7.75,0.0,0.0,16.67,271.7,5.4,13,101400.0,9999999
72494,0,4920,12.8,7.65,0.0,0.0,16.67,271.7,5.2,13,101400.0,9999999
72494,0,4921,12.6,7.8,0.0,0.0,16.67,271.48,5.0,13,101300.0,9999999
72494,0,4922,12.4,7.75,0.0,0.0,16.67,271.26,4.8,14,101300.0,9999999
72494,0,4923,12.2,7.65,0.0,0.0,16.67,271.04,4.6,14,101300.0,9999999
72494,0,4924,12.9,7.75,0.0,0.0,16.67,271.7,3.9,14,101300.0,9999999
72494,0,4925,13.7,7.91,38.0,20.0,16.67,272.58,3.3,14,101400.0,9999999
72494,0,4926,14.4,7.97,189.0,43.0,16.67,273.23,2.6,15,101400.0,9999999
72494,0,4927,15.9,8.41,391.0,63.0,16.67,274.94,2.9,16,101400.0,9999999
72494,0,4928,17.4,8.75,598.0,80.0,16.67,276.41,3.3,1,101400.0,9999999
72494,0,4929,18.9,8.87,766.0,93.0,16.67,277.86,3.6,2,101400.0,9999999
72494,0,4930,20.2,8.99,903.0,101.0,16.67,279.29,4.5,16,101300.0,9999999
72494,0,4931,21.5,8.99,979.0,106.0,16.67,280.5,5.3,15,101300.0,9999999
72494,0,4932,22.8,8.87,994.0,107.0,16.67,281.69,6.2,13,101200.0,9999999
72494,0,4933,21.9,8.81,950.0,104.0,16.67,280.7,7.2,14,101200.0,9999999
72494,0,4934,20.9,8.75,850.0,98.0,16.67,279.9,8.3,14,101100.0,9999999
72494,0,4935,20.0,8.58,697.0,88.0,16.67,278.89,9.3,14,101100.0,9999999
72494,0,4936,18.1,8.41,509.0,73.0,16.67,277.04,9.5,14,101100.0,9999999
72494,0,4937,16.3,8.24,298.0,54.0,16.67,275.15,9.6,14,101100.0,9999999
72494,0,4938,14.4,7.97,104.0,34.0,16.67,273.23,9.8,14,101100.0,9999999
72494,0,4939,13.9,8.07,12.0,8.0,16.67,272.8,8.3,14,101200.0,9999999
72494,0,4940,13.3,8.07,0.0,0.0,16.67,272.36,6.7,14,101200.0,9999999
72494,0,4941,12.8,7.97,0.0,0.0,16.67,271.7,5.2,14,101200.0,9999999
72494,0,4942,12.6,7.97,0.0,0.0,16.67,271.48,4.7,14,101200.0,9999999
72494,0,4943,12.4,7.86,0.0,0.0,16.67,271.26,4.1,14,101200.0,9999999
72494,0,4944,12.2,7.65,0.0,0.0,16.67,271.04,3.6,14,101200.0,9999999
72494,0,4945,12.0,7.8,0.0,0.0,16.67,271.04,3.6,14,101100.0,9999999
72494,0,4946,11.9,7.75,0.0,0.0,16.67,270.82,3.6,13,101100.0,9999999
72494,0,4947,11.7,7.65,0.0,0.0,16.67,270.6,3.6,13,101100.0,9999999
72494,0,4948,12.6,7.97,0.0,0.0,16.67,274.52,2.7,12,101100.0,9999999
72494,0,4949,13.5,8.3,22.0,21.0,16.67,277.86,1.9,11,101200.0,9999999
72494,0,4950,14.4,8.58,89.0,88.0,16.67,283.45,1.0,9,101200.0,9999999
72494,0,4951,15.7,8.99,221.0,170.0,16.67,280.3,1.9,7,101200.0,9999999
72494,0,4952,17.0,9.17,515.0,146.0,16.67,279.09,2.7,4,101200.0,9999999
72494,0,4953,18.3,9.23,736.0,136.0,16.67,277.45,3.6,1,101200.0,9999999
72494,0,4954,19.8,9.61,878.0,149.0,16.67,279.09,3.9,16,101200.0,9999999
72494,0,4955,21.3,9.8,877.0,166.0,16.67,281.89,4.3,16,101100.0,9999999
72494,0,4956,22.8,9.93,920.0,160.0,16.67,283.45,4.6,15,101100.0,9999999
72494,0,4957,21.5,9.61,879.0,164.0,16.67,282.08,6.3,15,101100.0,9999999
72494,0,4958,20.2,9.29,814.0,154.0,16.67,279.29,8.1,14,101000.0,9999999
72494,0,4959,18.9,8.87,660.0,137.0,16.67,277.86,9.8,14,101000.0,9999999
72494,0,4960,17.4,8.64,478.0,113.0,16.67,276.41,9.5,14,101000.0,9999999
72494,0,4961,15.9,8.3,253.0,79.0,16.67,276.21,9.1,14,101000.0,9999999
72494,0,4962,14.4,7.97,83.0,46.0,16.67,274.52,8.8,14,101000.0,9999999
72494,0,4963,13.9,8.07,6.0,5.0,16.67,274.09,7.9,14,101000.0,9999999
72494,0,4964,13.3,8.07,0.0,0.0,16.67,273.66,7.1,14,101100.0,9999999
72494,0,4965,12.8,7.97,0.0,0.0,16.67,273.01,6.2,14,101100.0,9999999
72494,0,4966,12.8,8.07,0.0,0.0,16.67,273.01,5.3,14,101100.0,9999999
72494,0,4967,12.8,8.07,0.0,0.0,16.67,271.92,4.5,14,101100.0,9999999
72494,0,4968,12.8,7.97,0.0,0.0,16.67,271.7,3.6,13,101200.0,9999999
72494,0,4969,12.8,8.13,0.0,0.0,16.67,271.92,3.3,13,101200.0,9999999
72494,0,4970,12.8,8.07,0.0,0.0,16.67,271.92,2.9,13,101200.0,9999999
72494,0,4971,12.8,7.97,0.0,0.0,16.67,271.7,2.6,13,101200.0,9999999
72494,0,4972,13.5,8.18,0.0,0.0,16.67,272.58,2.2,15,101200.0,9999999
72494,0,4973,14.3,8.41,22.0,20.0,16.67,274.73,1.9,16,101200.0,9999999
72494,0,4974,15.0,8.58,137.0,74.0,16.67,275.36,1.5,2,101200.0,9999999
72494,0,4975,16.5,9.05,327.0,120.0,16.67,277.04,1.9,3,101200.0,9999999
72494,0,4976,17.9,9.42,518.0,163.0,16.67,277.25,2.2,3,101300.0,9999999
72494,0,4977,19.4,9.54,721.0,191.0,16.67,278.68,2.6,3,101300.0,9999999
72494,0,4978,20.3,9.67,849.0,214.0,16.67,279.49,4.0,1,101300.0,9999999
72494,0,4979,21.3,9.67,876.0,203.0,16.67,281.89,5.3,16,101200.0,9999999
72494,0,4980,22.2,9.54,887.0,224.0,16.67,282.67,6.7,14,101200.0,9999999
72494,0,4981,21.3,9.29,848.0,221.0,16.67,281.69,7.6,14,101200.0,9999999
72494,0,4982,20.3,8.93,779.0,224.0,16.67,281.49,8.4,13,101100.0,9999999
72494,0,4983,19.4,8.58,602.0,245.0,16.67,280.5,9.3,13,101100.0,9999999
72494,0,4984,18.9,8.41,430.0,154.0,16.67,279.09,8.1,13,101100.0,9999999
72494,0,4985,18.3,8.24,239.0,101.0,16.67,278.48,6.9,14,101100.0,9999999
72494,0,4986,17.8,7.97,76.0,54.0,16.67,276.62,5.7,14,101200.0,9999999
72494,0,4987,16.7,8.13,7.0,7.0,16.67,275.58,5.7,14,101200.0,9999999
72494,0,4988,15.5,8.24,0.0,0.0,16.67,274.52,5.7,14,101200.0,9999999
72494,0,4989,14.4,8.24,0.0,0.0,16.67,273.44,5.7,14,101300.0,9999999
72494,0,4990,14.0,8.3,0.0,0.0,16.67,275.36,5.2,14,101300.0,9999999
72494,0,4991,13.7,8.18,0.0,0.0,16.67,276.62,4.6,14,101300.0,9999999
72494,0,4992,13.3,7.97,0.0,0.0,16.67,277.66,4.1,14,101300.0,9999999
72494,0,4993,13.3,8.13,0.0,0.0,16.67,277.66,4.5,14,101200.0,9999999
72494,0,4994,13.3,8.07,0.0,0.0,16.67,278.68,4.8,14,101200.0,9999999
72494,0,4995,13.3,7.97,0.0,0.0,16.67,278.68,5.2,14,101200.0,9999999
72494,0,4996,13.7,8.07,0.0,0.0,16.67,279.09,5.4,14,101200.0,9999999
72494,0,4997,14.0,8.18,24.0,23.0,16.67,280.9,5.5,14,101300.0,9999999
72494,0,4998,14.4,8.24,103.0,94.0,16.67,281.49,5.7,14,101300.0,9999999
72494,0,4999,15.0,8.41,152.0,128.0,16.67,282.08,5.7,14,101300.0,9999999
72494,0,5000,15.5,8.41,422.0,252.0,16.67,282.48,5.7,14,101300.0,9999999
72494,0,5001,16.1,8.24,279.0,230.0,16.67,283.06,5.7,14,101400.0,9999999
72494,0,5002,16.7,8.35,318.0,282.0,16.67,282.28,7.2,14,101300.0,9999999
72494,0,5003,17.2,8.35,706.0,396.0,16.67,280.7,8.8,14,101300.0,9999999
72494,0,5004,17.8,8.24,862.0,212.0,16.67,280.7,10.3,13,101300.0,9999999
72494,0,5005,17.6,8.3,832.0,256.0,16.67,279.9,10.3,13,101300.0,9999999
72494,0,5006,17.4,8.3,787.0,137.0,16.67,278.48,10.3,13,101200.0,9999999
72494,0,5007,17.2,8.24,622.0,96.0,16.67,277.45,10.3,13,101200.0,9999999
72494,0,5008,16.3,8.18,452.0,108.0,16.67,277.45,10.0,13,101200.0,9999999
72494,0,5009,15.3,8.13,186.0,110.0,16.67,277.66,9.6,13,101200.0,9999999
72494,0,5010,14.4,7.97,87.0,48.0,16.67,277.25,9.3,13,101200.0,9999999
72494,0,5011,14.0,8.07,7.0,5.0,16.67,275.79,8.6,13,101200.0,9999999
72494,0,5012,13.7,8.07,0.0,0.0,16.67,274.94,7.9,13,101200.0,9999999
72494,0,5013,13.3,7.97,0.0,0.0,16.67,272.36,7.2,13,101300.0,9999999
72494,0,5014,13.1,8.07,0.0,0.0,16.67,272.14,6.3,13,101200.0,9999999
72494,0,5015,13.0,8.07,0.0,0.0,16.67,271.92,5.5,14,101200.0,9999999
72494,0,5016,12.8,7.97,0.0,0.0,16.67,271.7,4.6,14,101200.0,9999999
72494,0,5017,12.8,8.13,0.0,0.0,16.67,273.23,4.1,14,101200.0,9999999
72494,0,5018,12.8,8.07,0.0,0.0,16.67,274.09,3.6,14,101200.0,9999999
72494,0,5019,12.8,7.97,0.0,0.0,16.67,274.73,3.1,14,101300.0,9999999
72494,0,5020,13.3,7.97,0.0,0.0,16.67,276.21,2.6,13,101300.0,9999999
72494,0,5021,13.9,8.02,18.0,17.0,16.67,279.29,2.0,13,101300.0,9999999
72494,0,5022,14.4,7.97,50.0,50.0,16.67,283.25,1.5,13,101300.0,9999999
72494,0,5023,15.9,8.41,228.0,182.0,16.67,280.3,1.9,15,101300.0,9999999
72494,0,5024,17.4,8.75,486.0,213.0,16.67,279.9,2.2,1,101300.0,9999999
72494,0,5025,18.9,8.87,691.0,257.0,16.67,279.29,2.6,3,101300.0,9999999
72494,0,5026,20.0,8.99,799.0,223.0,16.67,280.3,3.8,5,101300.0,9999999
72494,0,5027,21.1,8.99,812.0,278.0,16.67,281.49,5.0,8,101300.0,9999999
72494,0,5028,22.2,8.87,895.0,253.0,16.67,282.48,6.2,11,101300.0,9999999
72494,0,5029,21.8,9.05,878.0,232.0,16.67,282.08,7.2,12,101200.0,9999999
72494,0,5030,21.5,9.17,756.0,244.0,16.67,281.89,8.3,12,101200.0,9999999
72494,0,5031,21.1,9.23,567.0,191.0,16.67,281.49,9.3,13,101200.0,9999999
72494,0,5032,19.6,9.05,413.0,163.0,16.67,280.1,8.8,12,101200.0,9999999
72494,0,5033,18.2,8.87,217.0,106.0,16.67,278.68,8.2,12,101200.0,9999999
72494,0,5034,16.7,8.58,60.0,47.0,16.67,277.04,7.7,11,101200.0,9999999
72494,0,5035,16.3,8.7,3.0,3.0,16.67,276.62,6.9,11,101200.0,9999999
72494,0,5036,16.0,8.7,0.0,0.0,16.67,275.15,6.0,12,101200.0,9999999
72494,0,5037,15.6,8.58,0.0,0.0,16.67,274.73,5.2,12,101300.0,9999999
72494,0,5038,15.4,8.52,0.0,0.0,16.67,274.52,3.5,13,101300.0,9999999
72494,0,5039,15.2,8.3,0.0,0.0,16.67,274.3,1.7,15,101300.0,9999999
72494,0,5040,15.0,7.97,0.0,0.0,16.67,273.87,0.0,0,101300.0,9999999
72494,0,5041,14.8,8.13,0.0,0.0,16.67,273.66,1.0,14,101300.0,9999999
72494,0,5042,14.6,8.07,0.0,0.0,16.67,274.94,2.1,11,101300.0,9999999
72494,0,5043,14.4,7.97,0.0,0.0,16.67,274.52,3.1,9,101300.0,9999999
72494,0,5044,15.0,8.07,0.0,0.0,16.67,276.21,4.0,9,101300.0,9999999
72494,0,5045,15.5,8.18,25.0,24.0,16.67,276.62,4.8,9,101300.0,9999999
72494,0,5046,16.1,8.24,146.0,77.0,16.67,277.86,5.7,10,101400.0,9999999
72494,0,5047,17.0,8.52,305.0,152.0,16.67,278.27,5.7,10,101400.0,9999999
72494,0,5048,18.0,8.64,548.0,150.0,16.67,279.29,5.7,11,101400.0,9999999
72494,0,5049,18.9,8.58,600.0,168.0,16.67,279.09,5.7,11,101500.0,9999999
72494,0,5050,19.8,8.81,807.0,174.0,16.67,280.1,5.9,11,101500.0,9999999
72494,0,5051,20.8,8.87,821.0,218.0,16.67,279.7,6.0,11,101400.0,9999999
72494,0,5052,21.7,8.87,953.0,186.0,16.67,280.7,6.2,11,101400.0,9999999
72494,0,5053,21.1,8.81,903.0,181.0,16.67,280.1,6.4,11,101400.0,9999999
72494,0,5054,20.6,8.75,753.0,228.0,16.67,280.9,6.5,11,101400.0,9999999
72494,0,5055,20.0,8.58,622.0,154.0,16.67,280.3,6.7,11,101400.0,9999999
72494,0,5056,19.1,8.64,456.0,119.0,16.67,279.29,5.7,12,101400.0,9999999
72494,0,5057,18.1,8.64,250.0,88.0,16.67,277.04,4.6,12,101400.0,9999999
72494,0,5058,17.2,8.58,76.0,47.0,16.67,276.21,3.6,12,101400.0,9999999
72494,0,5059,16.7,8.46,6.0,5.0,16.67,275.79,3.6,12,101400.0,9999999
72494,0,5060,16.1,8.3,0.0,0.0,16.67,275.15,3.6,11,101400.0,9999999
72494,0,5061,15.6,7.97,0.0,0.0,16.67,274.52,3.6,11,101500.0,9999999
72494,0,5062,15.8,8.18,0.0,0.0,16.67,277.66,3.9,11,101500.0,9999999
72494,0,5063,15.9,8.3,0.0,0.0,16.67,279.49,4.3,10,101500.0,9999999
72494,0,5064,16.1,8.24,0.0,0.0,16.67,283.06,4.6,10,101500.0,9999999
72494,0,5065,15.9,8.35,0.0,0.0,16.67,282.87,4.8,10,101500.0,9999999
72494,0,5066,15.8,8.35,0.0,0.0,16.67,284.79,5.0,10,101500.0,9999999
72494,0,5067,15.6,8.24,0.0,0.0,16.67,284.6,5.2,10,101500.0,9999999
72494,0,5068,15.6,8.3,0.0,0.0,16.67,284.6,4.3,9,101500.0,9999999
72494,0,5069,15.6,8.24,18.0,18.0,16.67,284.6,3.5,9,101500.0,9999999
72494,0,5070,15.6,8.24,56.0,56.0,16.67,284.6,2.6,8,101600.0,9999999
72494,0,5071,16.1,8.64,149.0,149.0,16.67,285.18,3.5,8,101600.0,9999999
72494,0,5072,16.7,8.87,218.0,214.0,16.67,285.93,4.3,9,101600.0,9999999
72494,0,5073,17.2,8.87,292.0,292.0,16.67,286.31,5.2,9,101600.0,9999999
72494,0,5074,17.8,9.05,318.0,317.0,16.67,287.06,5.5,9,101600.0,9999999
72494,0,5075,18.3,8.99,399.0,398.0,16.67,287.62,5.9,10,101600.0,9999999
72494,0,5076,18.9,8.87,400.0,398.0,16.67,287.99,6.2,10,101600.0,9999999
72494,0,5077,19.3,8.93,389.0,349.0,16.67,286.5,6.7,11,101600.0,9999999
72494,0,5078,19.6,8.93,552.0,311.0,16.67,286.87,7.2,11,101500.0,9999999
72494,0,5079,20.0,8.87,355.0,299.0,16.67,285.55,7.7,11,101500.0,9999999
72494,0,5080,18.9,8.99,252.0,210.0,16.67,284.6,7.2,12,101500.0,9999999
72494,0,5081,17.8,8.99,86.0,78.0,16.67,284.99,6.7,12,101500.0,9999999
72494,0,5082,16.7,8.87,21.0,20.0,16.67,283.84,6.2,12,101500.0,9999999
72494,0,5083,16.3,8.93,3.0,3.0,16.67,283.64,5.7,13,101500.0,9999999
72494,0,5084,16.0,8.81,0.0,0.0,16.67,285.18,5.1,13,101500.0,9999999
72494,0,5085,15.9,8.81,0.0,0.0,16.67,285.18,4.8,13,101500.0,9999999
72494,0,5086,15.7,8.81,0.0,0.0,16.67,284.99,4.5,13,101500.0,9999999
72494,0,5087,15.6,8.81,0.0,0.0,16.67,284.79,4.2,13,101500.0,9999999
72494,0,5088,15.4,8.87,0.0,0.0,17.0,284.6,4.0,12,101600.0,9999999
72494,0,5089,15.3,8.87,0.0,0.0,17.0,284.6,3.7,13,101600.0,9999999
72494,0,5090,15.1,8.87,0.0,0.0,17.0,282.28,3.4,12,101600.0,9999999
72494,0,5091,15.0,8.87,0.0,0.0,17.0,279.7,3.1,12,101600.0,9999999
72494,0,5092,15.0,8.87,0.0,0.0,17.0,278.89,6.2,12,101600.0,9999999
72494,0,5093,15.6,8.87,20.0,19.0,17.0,279.49,4.6,12,101700.0,9999999
72494,0,5094,16.1,8.87,54.0,49.0,17.0,283.25,6.2,12,101800.0,9999999
72494,0,5095,16.7,8.87,141.0,120.0,17.0,283.84,6.7,12,101800.0,9999999
72494,0,5096,17.8,8.87,342.0,287.0,17.0,281.49,4.1,12,101800.0,9999999
72494,0,5097,18.9,8.87,606.0,264.0,17.0,282.08,5.7,12,101800.0,9999999
72494,0,5098,20.0,8.87,644.0,265.0,17.0,283.64,7.7,12,101800.0,9999999
72494,0,5099,20.0,9.23,761.0,300.0,17.0,283.25,9.3,12,101800.0,9999999
72494,0,5100,20.0,9.23,863.0,279.0,17.0,282.08,9.8,13,101800.0,9999999
72494,0,5101,19.4,9.54,797.0,278.0,17.0,281.69,10.3,12,101800.0,9999999
72494,0,5102,19.4,9.54,672.0,287.0,17.0,282.67,12.4,13,101700.0,9999999
72494,0,5103,18.9,9.54,516.0,182.0,17.0,280.5,12.4,12,101700.0,9999999
72494,0,5104,18.9,9.23,403.0,131.0,17.0,278.07,9.8,12,101600.0,9999999
72494,0,5105,17.8,9.23,246.0,92.0,17.0,277.04,9.8,12,101600.0,9999999
72494,0,5106,16.7,9.23,72.0,48.0,17.0,276.0,10.8,12,101600.0,9999999
72494,0,5107,16.1,9.23,6.0,5.0,17.0,275.36,9.3,12,101600.0,9999999
72494,0,5108,15.6,9.23,0.0,0.0,17.0,278.48,8.2,13,101700.0,9999999
72494,0,5109,15.0,9.23,0.0,0.0,17.0,277.25,5.7,12,101700.0,9999999
72494,0,5110,14.4,9.23,0.0,0.0,17.0,273.87,5.7,12,101700.0,9999999
72494,0,5111,14.4,9.23,0.0,0.0,17.0,273.87,0.0,0,101700.0,9999999
72494,0,5112,13.9,8.87,0.0,0.0,17.0,273.23,1.5,13,101600.0,9999999
72494,0,5113,13.3,8.58,0.0,0.0,17.0,272.58,0.0,0,101600.0,9999999
72494,0,5114,13.3,8.58,0.0,0.0,17.0,272.58,0.0,0,101600.0,9999999
72494,0,5115,12.8,8.58,0.0,0.0,17.0,271.92,0.0,0,101600.0,9999999
72494,0,5116,14.4,8.87,0.0,0.0,17.0,273.66,0.0,0,101600.0,9999999
72494,0,5117,13.9,8.58,24.0,23.0,17.0,273.01,0.0,0,101600.0,9999999
72494,0,5118,16.7,9.54,133.0,77.0,17.0,276.0,0.0,0,101700.0,9999999
72494,0,5119,18.9,10.26,327.0,130.0,17.0,278.48,2.1,4,101700.0,9999999
72494,0,5120,21.1,10.26,532.0,174.0,17.0,280.5,0.0,0,101700.0,9999999
72494,0,5121,22.2,10.26,712.0,206.0,17.0,281.49,2.1,3,101700.0,9999999
72494,0,5122,25.6,8.58,848.0,227.0,17.0,284.22,2.1,4,101700.0,9999999
72494,0,5123,26.7,8.87,928.0,238.0,17.0,285.37,2.6,16,101600.0,9999999
72494,0,5124,29.4,8.87,946.0,240.0,17.0,287.99,5.2,13,101600.0,9999999
72494,0,5125,27.8,8.58,900.0,234.0,17.0,286.31,9.3,13,101600.0,9999999
72494,0,5126,28.3,8.24,794.0,218.0,17.0,286.68,9.3,13,101500.0,9999999
72494,0,5127,25.6,8.58,637.0,192.0,17.0,284.22,11.3,12,101500.0,9999999
72494,0,5128,23.3,8.58,441.0,155.0,17.0,282.08,10.3,13,101400.0,9999999
72494,0,5129,22.2,8.24,233.0,106.0,17.0,280.9,9.3,13,101400.0,9999999
72494,0,5130,18.3,8.87,65.0,51.0,17.0,277.45,7.7,13,101400.0,9999999
72494,0,5131,16.7,8.87,4.0,4.0,17.0,275.79,7.2,14,101400.0,9999999
72494,0,5132,16.1,8.87,0.0,0.0,17.0,275.36,3.6,13,101400.0,9999999
72494,0,5133,16.1,8.87,0.0,0.0,17.0,275.36,2.6,13,101400.0,9999999
72494,0,5134,15.6,8.58,0.0,0.0,17.0,274.73,0.0,0,101300.0,9999999
72494,0,5135,15.0,7.97,0.0,0.0,17.0,273.87,0.0,0,101300.0,9999999
72494,0,5136,15.0,8.58,0.0,0.0,17.0,274.09,0.0,0,101300.0,9999999
72494,0,5137,14.4,8.87,0.0,0.0,17.0,273.66,3.1,13,101300.0,9999999
72494,0,5138,14.4,8.87,0.0,0.0,17.0,273.66,2.6,13,101300.0,9999999
72494,0,5139,13.9,8.58,0.0,0.0,17.0,273.01,2.6,13,101300.0,9999999
72494,0,5140,14.4,8.58,0.0,0.0,17.0,273.44,0.0,0,101300.0,9999999
72494,0,5141,15.6,8.58,30.0,19.0,17.0,274.73,0.0,0,101300.0,9999999
72494,0,5142,18.9,9.93,167.0,46.0,17.0,278.27,0.0,0,101300.0,9999999
72494,0,5143,22.2,10.26,374.0,69.0,17.0,281.49,0.0,0,101400.0,9999999
72494,0,5144,22.8,10.67,580.0,89.0,17.0,282.28,2.1,3,101400.0,9999999
72494,0,5145,23.3,11.91,757.0,104.0,17.0,283.06,3.1,1,101400.0,9999999
72494,0,5146,25.6,10.67,891.0,113.0,17.0,284.99,5.2,15,101400.0,9999999
72494,0,5147,26.1,9.93,967.0,118.0,17.0,285.18,7.2,14,101400.0,9999999
72494,0,5148,26.7,9.93,985.0,119.0,17.0,285.74,7.2,14,101300.0,9999999
72494,0,5149,26.1,9.93,938.0,117.0,17.0,285.18,10.3,14,101300.0,9999999
72494,0,5150,27.2,9.23,835.0,109.0,17.0,285.93,8.8,14,101300.0,9999999
72494,0,5151,25.6,9.54,681.0,97.0,17.0,284.6,8.8,14,101200.0,9999999
72494,0,5152,21.1,9.54,488.0,80.0,17.0,280.3,9.8,13,101200.0,9999999
72494,0,5153,18.3,9.54,276.0,58.0,17.0,277.66,8.2,14,101200.0,9999999
72494,0,5154,16.7,9.54,84.0,34.0,17.0,276.0,8.2,13,101200.0,9999999
72494,0,5155,15.6,9.54,7.0,5.0,17.0,275.15,6.7,13,101300.0,9999999
72494,0,5156,14.4,9.54,0.0,0.0,17.0,273.87,6.7,13,101300.0,9999999
72494,0,5157,14.4,9.54,0.0,0.0,17.0,273.87,4.1,14,101400.0,9999999
72494,0,5158,13.9,9.23,0.0,0.0,17.0,273.23,4.1,13,101400.0,9999999
72494,0,5159,13.9,8.87,0.0,0.0,17.0,273.23,4.1,13,101300.0,9999999
72494,0,5160,13.9,9.23,0.0,0.0,17.0,273.23,3.1,13,101300.0,9999999
72494,0,5161,13.9,9.23,0.0,0.0,17.0,273.23,3.1,14,101300.0,9999999
72494,0,5162,13.3,8.87,0.0,0.0,17.0,272.58,2.1,13,101300.0,9999999
72494,0,5163,13.3,8.87,0.0,0.0,17.0,272.58,2.1,13,101300.0,9999999
72494,0,5164,13.3,8.87,0.0,0.0,17.0,272.58,0.0,0,101400.0,9999999
72494,0,5165,12.8,8.58,29.0,18.0,17.0,273.23,0.0,0,101400.0,9999999
72494,0,5166,14.4,9.23,125.0,62.0,17.0,277.86,0.0,0,101400.0,9999999
72494,0,5167,16.7,9.54,324.0,110.0,17.0,280.1,0.0,0,101400.0,9999999
72494,0,5168,18.3,9.93,571.0,82.0,17.0,277.66,3.1,16,101400.0,9999999
72494,0,5169,19.4,10.26,751.0,95.0,17.0,278.89,3.1,1,101400.0,9999999
72494,0,5170,20.0,9.93,881.0,104.0,17.0,279.29,4.1,16,101400.0,9999999
72494,0,5171,21.1,10.67,951.0,109.0,17.0,280.7,3.1,1,101400.0,9999999
72494,0,5172,23.3,9.54,970.0,110.0,17.0,282.48,7.2,15,101400.0,9999999
72494,0,5173,21.7,9.23,925.0,107.0,17.0,280.7,9.8,14,101400.0,9999999
72494,0,5174,21.1,9.23,829.0,101.0,17.0,280.1,7.7,15,101300.0,9999999
72494,0,5175,21.1,8.24,674.0,90.0,17.0,279.7,9.3,14,101400.0,9999999
72494,0,5176,20.0,8.58,483.0,74.0,17.0,278.89,8.2,15,101300.0,9999999
72494,0,5177,18.9,8.58,274.0,54.0,17.0,277.86,6.2,14,101300.0,9999999
72494,0,5178,17.2,8.24,84.0,32.0,17.0,276.0,6.7,14,101400.0,9999999
72494,0,5179,16.7,7.97,6.0,4.0,17.0,275.58,4.6,13,101400.0,9999999
72494,0,5180,16.1,7.97,0.0,0.0,17.0,274.94,5.2,13,101400.0,9999999
72494,0,5181,15.6,8.24,0.0,0.0,17.0,274.52,5.2,13,101500.0,9999999
72494,0,5182,15.0,8.24,0.0,0.0,17.0,274.09,4.1,14,101500.0,9999999
72494,0,5183,15.0,7.09,0.0,0.0,17.0,273.44,5.2,14,101500.0,9999999
72494,0,5184,15.0,8.24,0.0,0.0,17.0,274.09,1.5,12,101500.0,9999999
72494,0,5185,13.9,8.24,0.0,0.0,17.0,273.01,2.6,14,101500.0,9999999
72494,0,5186,14.4,8.24,0.0,0.0,17.0,273.44,5.2,14,101500.0,9999999
72494,0,5187,13.9,8.24,0.0,0.0,17.0,273.01,5.7,13,101500.0,9999999
72494,0,5188,13.9,8.58,0.0,0.0,17.0,273.01,4.1,15,101500.0,9999999
72494,0,5189,13.9,8.24,30.0,18.0,17.0,273.01,3.1,13,101600.0,9999999
72494,0,5190,15.6,8.58,166.0,41.0,17.0,274.73,5.7,12,101600.0,9999999
72494,0,5191,16.1,8.24,333.0,87.0,17.0,277.25,6.2,12,101600.0,9999999
72494,0,5192,17.8,8.58,550.0,76.0,17.0,278.07,7.2,11,101700.0,9999999
72494,0,5193,17.8,8.58,728.0,88.0,17.0,278.07,6.2,12,101700.0,9999999
72494,0,5194,18.3,8.24,880.0,102.0,17.0,277.04,8.2,12,101700.0,9999999
72494,0,5195,20.0,8.24,953.0,107.0,17.0,278.68,8.2,12,101700.0,9999999
72494,0,5196,20.6,8.24,961.0,108.0,17.0,279.29,7.7,13,101700.0,9999999
72494,0,5197,19.4,8.24,923.0,105.0,17.0,278.07,7.2,12,101700.0,9999999
72494,0,5198,18.3,8.58,742.0,166.0,17.0,279.49,9.3,12,101600.0,9999999
72494,0,5199,17.8,8.58,603.0,160.0,17.0,279.7,6.2,12,101600.0,9999999
72494,0,5200,16.7,8.58,364.0,166.0,17.0,281.1,7.2,13,101600.0,9999999
72494,0,5201,15.0,8.58,188.0,97.0,17.0,279.49,6.7,12,101600.0,9999999
72494,0,5202,15.0,8.58,47.0,42.0,17.0,280.7,6.7,12,101600.0,9999999
72494,0,5203,14.4,8.58,2.0,1.0,17.0,281.49,7.2,12,101600.0,9999999
72494,0,5204,14.4,8.58,0.0,0.0,17.0,283.45,5.2,12,101600.0,9999999
72494,0,5205,14.4,8.58,0.0,0.0,17.0,278.89,3.6,10,101600.0,9999999
72494,0,5206,13.9,8.58,0.0,0.0,17.0,276.62,2.6,12,101600.0,9999999
72494,0,5207,15.0,8.87,0.0,0.0,17.0,278.89,2.6,12,101600.0,9999999
72494,0,5208,13.9,8.24,0.0,0.0,17.0,277.45,4.1,12,101500.0,9999999
72494,0,5209,13.3,8.24,0.0,0.0,17.0,274.52,4.1,12,101500.0,9999999
72494,0,5210,13.3,8.24,0.0,0.0,17.0,273.66,4.1,12,101500.0,9999999
72494,0,5211,13.3,7.97,0.0,0.0,17.0,272.36,1.5,10,101500.0,9999999
72494,0,5212,12.2,7.65,0.0,0.0,17.0,273.23,2.1,12,101500.0,9999999
72494,0,5213,13.3,7.97,23.0,16.0,17.0,273.44,0.0,0,101500.0,9999999
72494,0,5214,15.6,8.24,142.0,48.0,17.0,275.79,0.0,0,101500.0,9999999
72494,0,5215,17.2,8.24,357.0,75.0,17.0,276.0,2.6,2,101500.0,9999999
72494,0,5216,18.3,8.58,561.0,97.0,17.0,277.25,2.6,1,101500.0,9999999
72494,0,5217,18.9,8.87,735.0,113.0,17.0,277.86,2.1,2,101500.0,9999999
72494,0,5218,20.6,9.54,867.0,124.0,17.0,279.9,3.1,2,101500.0,9999999
72494,0,5219,21.7,9.54,949.0,130.0,17.0,280.9,3.6,16,101500.0,9999999
72494,0,5220,21.7,8.87,960.0,131.0,17.0,280.7,8.8,15,101500.0,9999999
72494,0,5221,22.2,8.87,914.0,128.0,17.0,281.1,9.8,14,101500.0,9999999
72494,0,5222,21.1,8.58,813.0,120.0,17.0,279.9,9.3,13,101500.0,9999999
72494,0,5223,18.9,8.58,660.0,106.0,17.0,277.86,10.3,13,101500.0,9999999
72494,0,5224,17.2,8.58,347.0,149.0,17.0,278.48,10.3,12,101400.0,9999999
72494,0,5225,15.6,8.87,186.0,112.0,17.0,278.27,10.3,12,101400.0,9999999
72494,0,5226,15.0,8.58,65.0,34.0,17.0,277.04,8.8,12,101500.0,9999999
72494,0,5227,15.0,9.23,1.0,1.0,17.0,280.9,7.2,12,101500.0,9999999
72494,0,5228,15.0,8.87,0.0,0.0,17.0,284.22,6.2,12,101500.0,9999999
72494,0,5229,14.4,8.87,0.0,0.0,17.0,283.64,6.7,11,101500.0,9999999
72494,0,5230,14.4,8.87,0.0,0.0,17.0,280.1,4.6,13,101500.0,9999999
72494,0,5231,13.9,8.24,0.0,0.0,17.0,278.27,5.2,13,101500.0,9999999
72494,0,5232,13.3,8.58,0.0,0.0,17.0,277.86,4.6,11,101500.0,9999999
72494,0,5233,13.3,8.58,0.0,0.0,17.0,277.86,4.6,13,101500.0,9999999
72494,0,5234,12.8,8.24,0.0,0.0,17.0,276.41,3.1,12,101500.0,9999999
72494,0,5235,12.2,8.24,0.0,0.0,17.0,274.3,1.5,13,101500.0,9999999
72494,0,5236,11.7,7.97,0.0,0.0,17.0,271.92,0.0,0,101500.0,9999999
72494,0,5237,12.8,7.97,16.0,15.0,17.0,273.01,0.0,0,101500.0,9999999
72494,0,5238,15.0,8.24,128.0,71.0,17.0,274.09,0.0,0,101500.0,9999999
72494,0,5239,16.7,8.24,322.0,119.0,17.0,275.58,5.2,13,101600.0,9999999
72494,0,5240,18.3,8.24,526.0,160.0,17.0,277.04,6.2,14,101600.0,9999999
72494,0,5241,19.4,8.58,674.0,184.0,17.0,279.7,5.2,12,101600.0,9999999
72494,0,5242,19.4,8.87,767.0,216.0,17.0,279.7,6.7,13,101700.0,9999999
72494,0,5243,20.0,8.87,880.0,217.0,17.0,280.3,5.2,12,101700.0,9999999
72494,0,5244,20.6,8.58,910.0,221.0,17.0,279.49,5.7,12,101600.0,9999999
72494,0,5245,20.6,8.87,881.0,215.0,17.0,279.49,12.4,12,101600.0,9999999
72494,0,5246,20.6,8.58,785.0,201.0,17.0,279.49,5.2,12,101500.0,9999999
72494,0,5247,19.4,8.24,624.0,177.0,17.0,278.07,7.7,12,101500.0,9999999
72494,0,5248,18.9,8.58,382.0,142.0,17.0,279.09,7.2,12,101500.0,9999999
72494,0,5249,17.8,8.24,212.0,99.0,17.0,277.86,4.1,12,101400.0,9999999
72494,0,5250,16.1,7.65,53.0,45.0,17.0,277.04,2.6,13,101400.0,9999999
72494,0,5251,15.6,7.65,1.0,1.0,17.0,275.58,2.6,12,101400.0,9999999
72494,0,5252,15.0,7.97,0.0,0.0,17.0,273.87,6.2,12,101500.0,9999999
72494,0,5253,14.4,7.97,0.0,0.0,17.0,273.23,4.1,11,101500.0,9999999
72494,0,5254,13.3,7.65,0.0,0.0,17.0,272.14,2.1,13,101500.0,9999999
72494,0,5255,14.4,7.34,0.0,0.0,17.0,273.01,5.7,11,101500.0,9999999
72494,0,5256,13.3,7.65,0.0,0.0,17.0,273.44,5.2,12,101400.0,9999999
72494,0,5257,13.3,7.65,0.0,0.0,17.0,272.14,6.2,12,101500.0,9999999
72494,0,5258,13.3,7.65,0.0,0.0,17.0,272.14,4.6,12,101400.0,9999999
72494,0,5259,13.3,7.34,0.0,0.0,17.0,271.92,4.6,13,101400.0,9999999
72494,0,5260,13.9,7.34,0.0,0.0,17.0,272.58,6.2,13,101400.0,9999999
72494,0,5261,12.8,7.65,14.0,14.0,17.0,274.52,3.6,12,101500.0,9999999
72494,0,5262,14.4,7.65,94.0,82.0,17.0,276.0,3.6,13,101500.0,9999999
72494,0,5263,16.7,7.65,277.0,136.0,17.0,276.62,0.0,0,101500.0,9999999
72494,0,5264,18.3,7.97,499.0,206.0,17.0,277.04,3.1,16,101500.0,9999999
72494,0,5265,20.0,8.24,682.0,249.0,17.0,278.68,3.6,1,101500.0,9999999
72494,0,5266,20.6,8.58,819.0,280.0,17.0,279.49,3.6,1,101400.0,9999999
72494,0,5267,21.7,9.54,900.0,291.0,17.0,280.9,5.2,16,101400.0,9999999
72494,0,5268,25.0,7.97,921.0,293.0,17.0,283.45,6.7,14,101300.0,9999999
72494,0,5269,23.9,7.34,869.0,285.0,17.0,282.08,10.3,13,101300.0,9999999
72494,0,5270,23.3,7.09,717.0,258.0,17.0,282.67,9.8,13,101200.0,9999999
72494,0,5271,22.8,6.8,574.0,230.0,17.0,282.08,10.3,12,101200.0,9999999
72494,0,5272,22.2,7.09,377.0,183.0,17.0,281.69,10.3,13,101200.0,9999999
72494,0,5273,21.1,7.09,199.0,119.0,17.0,280.7,8.2,12,101100.0,9999999
72494,0,5274,18.9,7.34,43.0,40.0,17.0,279.49,7.7,13,101100.0,9999999
72494,0,5275,17.2,7.65,0.0,0.0,17.0,277.04,6.2,14,101100.0,9999999
72494,0,5276,16.1,7.97,0.0,0.0,17.0,274.94,6.2,13,101200.0,9999999
72494,0,5277,15.0,7.97,0.0,0.0,17.0,273.87,5.2,13,101200.0,9999999
72494,0,5278,14.4,8.24,0.0,0.0,17.0,273.44,5.2,13,101200.0,9999999
72494,0,5279,13.9,6.8,0.0,0.0,17.0,272.36,4.1,13,101200.0,9999999
72494,0,5280,13.9,7.97,0.0,0.0,17.0,272.8,3.1,14,101200.0,9999999
72494,0,5281,13.3,7.65,0.0,0.0,17.0,272.14,2.1,13,101100.0,9999999
72494,0,5282,13.9,7.65,0.0,0.0,17.0,272.8,0.0,0,101100.0,9999999
72494,0,5283,13.3,7.34,0.0,0.0,17.0,271.92,1.5,13,101200.0,9999999
72494,0,5284,13.9,7.34,0.0,0.0,17.0,274.73,0.0,0,101200.0,9999999
72494,0,5285,14.4,7.97,23.0,19.0,17.0,275.58,0.0,0,101200.0,9999999
72494,0,5286,17.8,9.23,137.0,60.0,17.0,279.29,0.0,0,101200.0,9999999
72494,0,5287,20.0,9.93,300.0,133.0,17.0,282.87,1.5,1,101300.0,9999999
72494,0,5288,21.1,10.26,491.0,158.0,17.0,284.03,2.6,3,101300.0,9999999
72494,0,5289,21.7,10.67,546.0,246.0,17.0,285.93,2.1,3,101300.0,9999999
72494,0,5290,23.3,10.26,766.0,251.0,17.0,287.43,4.1,16,101300.0,9999999
72494,0,5291,26.7,8.58,731.0,316.0,17.0,289.99,5.2,13,101300.0,9999999
72494,0,5292,26.1,8.58,648.0,288.0,17.0,290.36,7.2,14,101300.0,9999999
72494,0,5293,28.3,8.24,569.0,328.0,17.0,292.32,8.2,14,101200.0,9999999
72494,0,5294,28.9,7.34,765.0,173.0,17.0,289.09,10.3,14,101200.0,9999999
72494,0,5295,23.9,8.58,606.0,117.0,17.0,284.99,11.3,14,101200.0,9999999
72494,0,5296,21.1,8.87,448.0,104.0,17.0,282.28,10.8,13,101100.0,9999999
72494,0,5297,20.6,8.24,243.0,52.0,17.0,280.7,7.2,14,101100.0,9999999
72494,0,5298,20.0,7.97,66.0,34.0,17.0,279.9,7.2,14,101200.0,9999999
72494,0,5299,16.7,8.24,3.0,2.0,17.0,275.58,5.7,13,101200.0,9999999
72494,0,5300,15.0,8.24,0.0,0.0,17.0,274.09,4.6,13,101300.0,9999999
72494,0,5301,13.9,8.24,0.0,0.0,17.0,273.01,4.6,13,101300.0,9999999
72494,0,5302,12.8,8.58,0.0,0.0,17.0,271.92,4.6,13,101300.0,9999999
72494,0,5303,12.8,8.24,0.0,0.0,17.0,271.92,3.1,13,101300.0,9999999
72494,0,5304,12.2,8.24,0.0,0.0,17.0,271.26,3.1,13,101300.0,9999999
72494,0,5305,11.7,7.97,0.0,0.0,17.0,270.82,2.1,13,101300.0,9999999
72494,0,5306,11.7,7.65,0.0,0.0,17.0,270.6,2.6,13,101300.0,9999999
72494,0,5307,12.2,7.97,0.0,0.0,17.0,271.26,3.1,13,101300.0,9999999
72494,0,5308,12.8,7.97,0.0,0.0,17.0,275.15,3.1,12,101300.0,9999999
72494,0,5309,12.2,7.97,15.0,14.0,17.0,273.44,2.6,14,101300.0,9999999
72494,0,5310,14.4,8.58,111.0,64.0,17.0,275.79,0.0,0,101400.0,9999999
72494,0,5311,16.1,8.87,307.0,108.0,17.0,277.45,0.0,0,101400.0,9999999
72494,0,5312,16.1,8.87,528.0,133.0,17.0,276.62,0.0,0,101400.0,9999999
72494,0,5313,18.9,9.23,681.0,152.0,17.0,279.49,4.1,16,101400.0,9999999
72494,0,5314,20.6,9.54,851.0,177.0,17.0,279.9,3.1,1,101400.0,9999999
72494,0,5315,20.6,9.54,933.0,185.0,17.0,279.9,5.2,3,101400.0,9999999
72494,0,5316,21.7,9.54,930.0,187.0,17.0,280.9,3.6,4,101300.0,9999999
72494,0,5317,23.3,9.54,892.0,182.0,17.0,282.48,3.1,2,101300.0,9999999
72494,0,5318,23.9,8.58,794.0,170.0,17.0,282.67,5.2,12,101200.0,9999999
72494,0,5319,21.7,8.24,632.0,150.0,17.0,280.3,6.2,11,101200.0,9999999
72494,0,5320,21.7,7.97,436.0,121.0,17.0,280.3,6.7,12,101200.0,9999999
72494,0,5321,19.4,8.24,227.0,83.0,17.0,278.07,7.2,12,101200.0,9999999
72494,0,5322,17.8,8.58,55.0,39.0,17.0,276.83,3.6,11,101200.0,9999999
72494,0,5323,16.1,8.24,1.0,1.0,17.0,274.94,5.2,11,101200.0,9999999
72494,0,5324,15.6,8.24,0.0,0.0,17.0,274.52,2.1,8,101200.0,9999999
72494,0,5325,15.0,8.24,0.0,0.0,17.0,274.09,3.1,9,101200.0,9999999
72494,0,5326,14.4,8.58,0.0,0.0,17.0,273.44,6.7,9,101200.0,9999999
72494,0,5327,14.4,6.3,0.0,0.0,17.0,272.58,4.6,9,101200.0,9999999
72494,0,5328,13.9,8.24,0.0,0.0,17.0,273.01,4.1,10,101200.0,9999999
72494,0,5329,12.8,7.65,0.0,0.0,17.0,271.7,2.1,14,101200.0,9999999
72494,0,5330,13.3,8.24,0.0,0.0,17.0,272.36,3.1,9,101200.0,9999999
72494,0,5331,13.3,7.97,0.0,0.0,17.0,272.36,2.6,8,101200.0,9999999
72494,0,5332,12.2,7.97,0.0,0.0,17.0,273.44,1.5,12,101300.0,9999999
72494,0,5333,13.3,7.97,26.0,18.0,17.0,274.52,3.1,8,101300.0,9999999
72494,0,5334,14.4,8.24,135.0,41.0,17.0,274.73,3.6,8,101400.0,9999999
72494,0,5335,15.6,7.97,284.0,101.0,17.0,277.86,4.6,8,101400.0,9999999
72494,0,5336,18.3,8.24,557.0,76.0,17.0,277.04,3.6,3,101400.0,9999999
72494,0,5337,18.3,8.58,737.0,90.0,17.0,277.25,4.6,1,101400.0,9999999
72494,0,5338,20.0,8.87,868.0,98.0,17.0,279.09,3.6,1,101400.0,9999999
72494,0,5339,21.7,9.23,947.0,103.0,17.0,280.7,4.6,1,101400.0,9999999
72494,0,5340,22.8,8.87,966.0,104.0,17.0,281.69,6.2,16,101300.0,9999999
72494,0,5341,23.3,8.58,917.0,101.0,17.0,282.08,2.6,8,101300.0,9999999
72494,0,5342,23.9,8.58,809.0,94.0,17.0,282.67,4.1,8,101300.0,9999999
72494,0,5343,23.3,8.58,659.0,84.0,17.0,282.08,4.1,9,101200.0,9999999
72494,0,5344,22.2,8.24,465.0,68.0,17.0,280.9,4.6,12,101200.0,9999999
72494,0,5345,20.0,8.24,254.0,49.0,17.0,278.68,7.2,12,101300.0,9999999
72494,0,5346,17.2,8.58,67.0,27.0,17.0,276.21,6.2,11,101300.0,9999999
72494,0,5347,16.1,8.24,3.0,1.0,17.0,274.94,4.1,13,101400.0,9999999
72494,0,5348,16.1,8.24,0.0,0.0,17.0,274.94,4.1,12,101400.0,9999999
72494,0,5349,15.6,8.24,0.0,0.0,17.0,274.52,3.1,12,101400.0,9999999
72494,0,5350,15.6,8.24,0.0,0.0,17.0,274.52,2.1,12,101400.0,9999999
72494,0,5351,15.0,7.09,0.0,0.0,17.0,273.44,0.0,0,101400.0,9999999
72494,0,5352,15.0,8.24,0.0,0.0,17.0,274.09,0.0,0,101400.0,9999999
72494,0,5353,14.4,8.24,0.0,0.0,17.0,273.44,0.0,0,101400.0,9999999
72494,0,5354,13.9,7.97,0.0,0.0,17.0,272.8,0.0,0,101400.0,9999999
72494,0,5355,13.3,7.97,0.0,0.0,17.0,272.36,1.5,13,101400.0,9999999
72494,0,5356,13.3,7.97,0.0,0.0,17.0,272.36,2.1,12,101400.0,9999999
72494,0,5357,13.9,8.24,18.0,17.0,17.0,273.01,2.1,11,101500.0,9999999
72494,0,5358,15.6,8.24,123.0,64.0,17.0,274.52,2.1,9,101500.0,9999999
72494,0,5359,17.2,8.58,318.0,107.0,17.0,278.48,6.2,8,101500.0,9999999
72494,0,5360,18.9,8.58,520.0,143.0,17.0,277.86,3.6,7,101500.0,9999999
72494,0,5361,20.6,8.24,707.0,169.0,17.0,279.29,2.6,9,101600.0,9999999
72494,0,5362,20.6,8.24,836.0,186.0,17.0,279.29,5.2,10,101600.0,9999999
72494,0,5363,21.7,8.87,913.0,196.0,17.0,280.7,4.1,3,101500.0,9999999
72494,0,5364,21.7,8.87,934.0,197.0,17.0,280.7,6.2,8,101500.0,9999999
72494,0,5365,22.8,8.58,888.0,192.0,17.0,281.49,5.2,11,101400.0,9999999
72494,0,5366,22.2,8.58,776.0,179.0,17.0,280.9,5.7,11,101400.0,9999999
72494,0,5367,20.6,8.58,622.0,157.0,17.0,279.49,6.2,11,101400.0,9999999
72494,0,5368,18.9,8.58,424.0,126.0,17.0,277.86,7.2,11,101400.0,9999999
72494,0,5369,17.2,8.24,215.0,86.0,17.0,276.0,6.7,11,101400.0,9999999
72494,0,5370,16.1,8.24,49.0,38.0,17.0,274.94,5.2,11,101500.0,9999999
72494,0,5371,15.6,7.97,1.0,1.0,17.0,274.52,5.2,11,101500.0,9999999
72494,0,5372,15.6,8.24,0.0,0.0,17.0,274.52,5.2,12,101500.0,9999999
72494,0,5373,15.0,8.24,0.0,0.0,17.0,274.09,4.6,11,101500.0,9999999
72494,0,5374,15.0,8.24,0.0,0.0,17.0,274.09,4.6,11,101600.0,9999999
72494,0,5375,15.0,7.65,0.0,0.0,17.0,273.66,4.6,11,101600.0,9999999
72494,0,5376,15.0,8.24,0.0,0.0,17.0,276.21,5.2,11,101600.0,9999999
72494,0,5377,15.0,8.24,0.0,0.0,17.0,282.08,4.1,11,101600.0,9999999
72494,0,5378,15.0,8.24,0.0,0.0,17.0,284.03,5.2,11,101600.0,9999999
72494,0,5379,15.0,7.97,0.0,0.0,17.0,279.29,3.6,11,101600.0,9999999
72494,0,5380,15.0,7.97,0.0,0.0,17.0,277.86,4.1,12,101600.0,9999999
72494,0,5381,14.4,7.97,9.0,9.0,17.0,279.9,3.6,10,101600.0,9999999
72494,0,5382,15.6,7.97,67.0,64.0,17.0,282.48,3.1,10,101600.0,9999999
72494,0,5383,16.7,7.97,138.0,135.0,17.0,283.45,2.6,10,101700.0,9999999
72494,0,5384,18.3,7.97,349.0,218.0,17.0,285.18,2.1,8,101700.0,9999999
72494,0,5385,19.4,7.97,672.0,191.0,17.0,279.29,2.6,13,101700.0,9999999
72494,0,5386,20.6,7.97,834.0,186.0,17.0,279.29,6.2,12,101600.0,9999999
72494,0,5387,21.1,7.97,914.0,196.0,17.0,279.7,5.7,12,101600.0,9999999
72494,0,5388,21.1,7.97,925.0,198.0,17.0,279.7,5.2,12,101600.0,9999999
72494,0,5389,21.1,8.24,877.0,192.0,17.0,279.7,5.2,12,101600.0,9999999
72494,0,5390,21.1,7.97,774.0,179.0,17.0,279.7,9.3,12,101600.0,9999999
72494,0,5391,20.0,7.97,618.0,157.0,17.0,278.68,10.3,13,101600.0,9999999
72494,0,5392,18.9,8.24,420.0,125.0,17.0,277.66,7.7,12,101600.0,9999999
72494,0,5393,17.8,8.58,212.0,85.0,17.0,276.83,7.7,12,101600.0,9999999
72494,0,5394,16.7,8.58,47.0,37.0,17.0,275.79,6.7,12,101600.0,9999999
72494,0,5395,16.1,8.58,1.0,1.0,17.0,275.15,5.2,12,101600.0,9999999
72494,0,5396,15.6,8.58,0.0,0.0,17.0,274.73,4.6,12,101600.0,9999999
72494,0,5397,15.6,8.24,0.0,0.0,17.0,274.52,4.6,13,101600.0,9999999
72494,0,5398,15.0,8.24,0.0,0.0,17.0,274.09,5.2,13,101600.0,9999999
72494,0,5399,14.4,7.65,0.0,0.0,17.0,273.23,3.1,12,101600.0,9999999
72494,0,5400,14.4,8.24,0.0,0.0,17.0,273.44,3.1,12,101600.0,9999999
72494,0,5401,13.9,8.24,0.0,0.0,17.0,273.01,2.1,12,101600.0,9999999
72494,0,5402,13.3,8.24,0.0,0.0,17.0,272.36,3.6,12,101600.0,9999999
72494,0,5403,13.9,8.24,0.0,0.0,17.0,273.01,2.6,10,101500.0,9999999
72494,0,5404,13.3,8.24,0.0,0.0,17.0,273.66,4.1,12,101600.0,9999999
72494,0,5405,13.9,8.58,9.0,9.0,17.0,281.1,4.1,12,101600.0,9999999
72494,0,5406,15.0,8.58,59.0,55.0,17.0,282.08,7.2,13,101600.0,9999999
72494,0,5407,15.0,8.24,142.0,123.0,17.0,282.08,6.2,13,101600.0,9999999
72494,0,5408,15.6,8.24,238.0,194.0,17.0,282.67,5.7,12,101700.0,9999999
72494,0,5409,15.6,8.58,448.0,254.0,17.0,282.67,6.2,13,101700.0,9999999
72494,0,5410,16.7,8.58,438.0,377.0,17.0,283.84,6.7,12,101600.0,9999999
72494,0,5411,18.3,8.58,839.0,286.0,17.0,281.29,7.7,12,101600.0,9999999
72494,0,5412,18.3,8.24,887.0,130.0,17.0,279.29,8.8,13,101600.0,9999999
72494,0,5413,18.3,8.24,794.0,139.0,17.0,278.48,9.8,13,101600.0,9999999
72494,0,5414,18.3,8.24,754.0,110.0,17.0,278.48,9.3,13,101500.0,9999999
72494,0,5415,17.8,8.24,626.0,84.0,17.0,277.86,7.7,12,101500.0,9999999
72494,0,5416,17.2,8.24,416.0,111.0,17.0,278.27,7.7,12,101400.0,9999999
72494,0,5417,15.6,8.24,186.0,82.0,17.0,278.48,7.7,13,101400.0,9999999
72494,0,5418,14.4,8.24,37.0,35.0,17.0,276.83,6.2,12,101400.0,9999999
72494,0,5419,14.4,8.58,0.0,0.0,17.0,278.07,7.2,12,101400.0,9999999
72494,0,5420,14.4,8.58,0.0,0.0,17.0,281.49,5.2,13,101500.0,9999999
72494,0,5421,14.4,8.58,0.0,0.0,17.0,283.45,7.2,13,101400.0,9999999
72494,0,5422,13.9,8.58,0.0,0.0,17.0,283.06,3.6,11,101400.0,9999999
72494,0,5423,13.9,8.24,0.0,0.0,17.0,282.87,4.1,13,101400.0,9999999
72494,0,5424,13.9,8.58,0.0,0.0,17.0,283.06,5.2,12,101400.0,9999999
72494,0,5425,13.9,8.58,0.0,0.0,17.0,283.06,4.6,11,101300.0,9999999
72494,0,5426,13.9,8.58,0.0,0.0,17.0,283.06,4.1,12,101300.0,9999999
72494,0,5427,13.3,8.24,0.0,0.0,17.0,282.28,4.1,13,101300.0,9999999
72494,0,5428,13.3,8.24,0.0,0.0,17.0,282.28,2.6,12,101200.0,9999999
72494,0,5429,13.3,8.24,8.0,8.0,17.0,282.28,2.6,12,101300.0,9999999
72494,0,5430,13.3,8.58,77.0,77.0,17.0,282.48,4.1,11,101300.0,9999999
72494,0,5431,13.9,8.58,125.0,122.0,17.0,283.06,4.1,13,101300.0,9999999
72494,0,5432,13.9,8.58,129.0,126.0,17.0,283.06,5.2,12,101300.0,9999999
72494,0,5433,14.4,8.87,211.0,207.0,17.0,283.64,4.1,11,101300.0,9999999
72494,0,5434,15.6,8.87,312.0,307.0,17.0,284.79,4.6,12,101200.0,9999999
72494,0,5435,16.7,8.87,478.0,388.0,17.0,283.84,7.2,12,101200.0,9999999
72494,0,5436,16.7,9.23,625.0,415.0,17.0,282.48,6.2,12,101200.0,9999999
72494,0,5437,17.8,8.87,623.0,372.0,17.0,283.45,7.7,13,101200.0,9999999
72494,0,5438,18.3,8.87,724.0,226.0,17.0,282.08,8.2,12,101100.0,9999999
72494,0,5439,17.2,8.87,446.0,232.0,17.0,282.87,7.7,12,101000.0,9999999
72494,0,5440,15.6,9.23,187.0,138.0,17.0,283.06,7.7,12,101000.0,9999999
72494,0,5441,15.0,8.87,120.0,110.0,17.0,282.28,6.2,12,101000.0,9999999
72494,0,5442,14.4,8.58,38.0,36.0,17.0,280.1,5.2,12,101000.0,9999999
72494,0,5443,13.9,8.58,0.0,0.0,17.0,281.1,5.2,12,101000.0,9999999
72494,0,5444,14.4,8.58,0.0,0.0,17.0,283.45,5.2,12,101100.0,9999999
72494,0,5445,13.9,8.58,0.0,0.0,17.0,283.06,5.2,12,101100.0,9999999
72494,0,5446,13.9,8.24,0.0,0.0,17.0,282.87,5.2,12,101100.0,9999999
72494,0,5447,13.9,7.34,0.0,0.0,17.0,282.48,4.6,12,101100.0,9999999
72494,0,5448,13.9,8.24,0.0,0.0,17.0,282.87,4.1,11,101100.0,9999999
72494,0,5449,13.9,8.24,0.0,0.0,17.0,282.87,3.6,12,101000.0,9999999
72494,0,5450,13.9,8.24,0.0,0.0,17.0,282.87,4.6,12,101000.0,9999999
72494,0,5451,13.3,8.58,0.0,0.0,17.0,282.48,2.1,12,101000.0,9999999
72494,0,5452,13.3,8.58,0.0,0.0,17.0,282.48,3.6,12,101000.0,9999999
72494,0,5453,13.3,8.58,10.0,10.0,17.0,282.48,5.2,11,101000.0,9999999
72494,0,5454,13.9,8.58,36.0,35.0,17.0,283.06,4.6,13,101100.0,9999999
72494,0,5455,14.4,8.58,91.0,87.0,17.0,283.45,3.6,12,101100.0,9999999
72494,0,5456,15.0,8.87,192.0,189.0,17.0,284.22,5.2,13,101100.0,9999999
72494,0,5457,16.7,8.58,308.0,307.0,17.0,285.74,5.2,13,101100.0,9999999
72494,0,5458,16.7,8.87,348.0,341.0,17.0,285.93,4.6,11,101100.0,9999999
72494,0,5459,18.3,8.87,587.0,326.0,17.0,282.87,5.7,12,101100.0,9999999
72494,0,5460,17.8,8.87,695.0,467.0,17.0,282.28,6.2,12,101100.0,9999999
72494,0,5461,19.4,8.87,544.0,294.0,17.0,281.89,8.2,13,101000.0,9999999
72494,0,5462,17.8,8.87,586.0,242.0,17.0,280.3,8.8,12,101000.0,9999999
72494,0,5463,17.2,8.87,477.0,209.0,17.0,281.69,9.8,12,101000.0,9999999
72494,0,5464,16.1,8.87,262.0,154.0,17.0,281.89,10.3,12,101000.0,9999999
72494,0,5465,16.1,8.58,186.0,96.0,17.0,277.45,6.7,12,101000.0,9999999
72494,0,5466,15.0,8.58,30.0,30.0,17.0,278.07,7.7,12,101000.0,9999999
72494,0,5467,15.0,8.58,0.0,0.0,17.0,280.7,6.2,12,101100.0,9999999
72494,0,5468,15.6,8.24,0.0,0.0,17.0,282.67,6.2,12,101100.0,9999999
72494,0,5469,15.0,8.24,0.0,0.0,17.0,282.08,6.2,12,101200.0,9999999
72494,0,5470,15.0,8.24,0.0,0.0,17.0,284.03,4.6,12,101200.0,9999999
72494,0,5471,15.6,7.34,0.0,0.0,17.0,284.22,5.2,11,101200.0,9999999
72494,0,5472,15.0,8.24,0.0,0.0,17.0,284.03,5.2,13,101200.0,9999999
72494,0,5473,15.0,7.97,0.0,0.0,17.0,283.84,4.6,12,101200.0,9999999
72494,0,5474,15.0,7.97,0.0,0.0,17.0,283.84,2.6,12,101200.0,9999999
72494,0,5475,15.0,7.97,0.0,0.0,17.0,283.84,4.6,12,101200.0,9999999
72494,0,5476,15.0,8.24,0.0,0.0,17.0,284.03,4.1,12,101300.0,9999999
72494,0,5477,15.0,8.24,11.0,11.0,17.0,284.03,4.6,12,101300.0,9999999
72494,0,5478,15.6,7.97,42.0,42.0,17.0,284.41,4.1,12,101400.0,9999999
72494,0,5479,15.6,8.24,104.0,103.0,17.0,284.6,3.1,12,101400.0,9999999
72494,0,5480,16.1,7.97,191.0,190.0,17.0,284.99,3.1,12,101500.0,9999999
72494,0,5481,15.6,8.58,301.0,300.0,17.0,284.79,3.1,11,101500.0,9999999
72494,0,5482,16.7,8.24,303.0,299.0,17.0,285.55,2.1,12,101500.0,9999999
72494,0,5483,18.3,7.97,368.0,364.0,17.0,287.06,5.2,12,101600.0,9999999
72494,0,5484,19.4,7.97,616.0,369.0,17.0,283.45,5.2,13,101600.0,9999999
72494,0,5485,20.0,7.97,776.0,218.0,17.0,279.9,6.2,12,101600.0,9999999
72494,0,5486,20.6,7.65,732.0,145.0,17.0,281.29,8.2,13,101600.0,9999999
72494,0,5487,20.0,7.65,573.0,96.0,17.0,279.9,6.2,13,101500.0,9999999
72494,0,5488,19.4,7.65,423.0,89.0,17.0,277.86,5.2,12,101500.0,9999999
72494,0,5489,18.3,7.65,210.0,62.0,17.0,276.83,7.2,12,101500.0,9999999
72494,0,5490,16.7,7.65,48.0,30.0,17.0,275.36,6.7,12,101500.0,9999999
72494,0,5491,16.1,7.65,0.0,0.0,17.0,274.73,5.2,12,101600.0,9999999
72494,0,5492,15.6,7.97,0.0,0.0,17.0,274.52,5.7,12,101600.0,9999999
72494,0,5493,15.6,7.97,0.0,0.0,17.0,274.52,5.2,12,101600.0,9999999
72494,0,5494,15.0,7.65,0.0,0.0,17.0,273.66,4.6,12,101600.0,9999999
72494,0,5495,15.0,7.34,0.0,0.0,17.0,273.66,4.6,12,101600.0,9999999
72494,0,5496,14.4,7.97,0.0,0.0,17.0,273.23,2.6,11,101600.0,9999999
72494,0,5497,13.9,7.97,0.0,0.0,17.0,272.8,4.1,12,101600.0,9999999
72494,0,5498,13.3,7.65,0.0,0.0,17.0,272.14,2.1,14,101600.0,9999999
72494,0,5499,13.3,7.97,0.0,0.0,17.0,272.36,1.5,13,101600.0,9999999
72494,0,5500,13.3,7.97,0.0,0.0,17.0,272.36,2.6,11,101700.0,9999999
72494,0,5501,13.3,7.97,16.0,14.0,17.0,272.36,2.6,9,101700.0,9999999
72494,0,5502,15.6,8.58,115.0,57.0,17.0,274.73,0.0,0,101700.0,9999999
72494,0,5503,18.3,7.97,313.0,95.0,17.0,277.04,2.6,1,101800.0,9999999
72494,0,5504,19.4,8.58,521.0,127.0,17.0,278.27,3.1,2,101800.0,9999999
72494,0,5505,20.0,8.58,700.0,151.0,17.0,278.89,2.1,15,101800.0,9999999
72494,0,5506,21.7,7.65,835.0,167.0,17.0,280.1,6.2,13,101800.0,9999999
72494,0,5507,21.7,7.34,915.0,174.0,17.0,279.9,5.2,12,101800.0,9999999
72494,0,5508,22.2,7.34,928.0,176.0,17.0,280.5,5.2,13,101800.0,9999999
72494,0,5509,23.3,7.09,822.0,224.0,17.0,283.64,6.2,13,101800.0,9999999
72494,0,5510,22.2,7.34,700.0,195.0,17.0,282.67,6.7,13,101800.0,9999999
72494,0,5511,22.2,7.65,559.0,196.0,17.0,283.64,9.3,12,101800.0,9999999
72494,0,5512,21.1,8.24,396.0,136.0,17.0,281.1,10.8,12,101800.0,9999999
72494,0,5513,20.0,8.87,201.0,75.0,17.0,279.09,9.3,12,101700.0,9999999
72494,0,5514,18.3,9.54,41.0,31.0,17.0,277.66,7.2,12,101700.0,9999999
72494,0,5515,17.2,10.26,0.0,0.0,17.0,276.83,5.7,12,101700.0,9999999
72494,0,5516,17.2,10.26,0.0,0.0,17.0,279.09,6.7,12,101700.0,9999999
72494,0,5517,16.7,8.24,0.0,0.0,17.0,279.09,5.7,12,101700.0,9999999
72494,0,5518,16.1,9.93,0.0,0.0,17.0,275.58,4.1,12,101700.0,9999999
72494,0,5519,16.1,9.93,0.0,0.0,17.0,277.04,3.6,12,101700.0,9999999
72494,0,5520,15.0,9.54,0.0,0.0,17.0,275.79,1.5,13,101700.0,9999999
72494,0,5521,15.0,9.54,0.0,0.0,17.0,274.52,0.0,0,101700.0,9999999
72494,0,5522,14.4,9.23,0.0,0.0,17.0,273.87,1.5,9,101700.0,9999999
72494,0,5523,15.0,8.58,0.0,0.0,17.0,274.09,0.0,0,101600.0,9999999
72494,0,5524,14.4,8.58,0.0,0.0,17.0,274.94,2.6,15,101700.0,9999999
72494,0,5525,14.4,8.58,13.0,11.0,17.0,276.41,4.1,12,101700.0,9999999
72494,0,5526,15.6,9.23,91.0,75.0,17.0,279.49,5.7,13,101700.0,9999999
72494,0,5527,17.2,9.23,226.0,105.0,17.0,281.1,7.2,12,101800.0,9999999
72494,0,5528,17.8,9.23,448.0,151.0,17.0,281.69,7.2,13,101800.0,9999999
72494,0,5529,18.3,9.23,514.0,277.0,17.0,283.06,6.7,12,101800.0,9999999
72494,0,5530,18.3,9.23,412.0,323.0,17.0,285.55,5.2,13,101800.0,9999999
72494,0,5531,18.3,9.23,617.0,363.0,17.0,284.03,7.7,13,101800.0,9999999
72494,0,5532,18.3,9.54,567.0,390.0,17.0,284.22,7.7,11,101800.0,9999999
72494,0,5533,19.4,9.23,814.0,255.0,17.0,284.03,9.8,13,101700.0,9999999
72494,0,5534,20.0,8.87,742.0,135.0,17.0,281.29,9.3,12,101700.0,9999999
72494,0,5535,18.9,8.87,583.0,91.0,17.0,279.29,9.8,12,101600.0,9999999
72494,0,5536,17.2,9.23,215.0,158.0,17.0,283.06,6.7,12,101700.0,9999999
72494,0,5537,16.1,9.23,112.0,79.0,17.0,283.45,6.2,12,101600.0,9999999
72494,0,5538,15.6,9.23,23.0,22.0,17.0,283.06,7.2,12,101600.0,9999999
72494,0,5539,15.6,9.23,0.0,0.0,17.0,283.06,7.2,12,101600.0,9999999
72494,0,5540,15.0,9.23,0.0,0.0,17.0,282.48,6.2,12,101600.0,9999999
72494,0,5541,15.0,8.87,0.0,0.0,17.0,282.28,5.7,12,101600.0,9999999
72494,0,5542,15.0,8.87,0.0,0.0,17.0,280.7,1.0,11,101600.0,9999999
72494,0,5543,15.0,8.24,0.0,0.0,17.0,280.5,3.6,11,101600.0,9999999
72494,0,5544,14.4,8.58,0.0,0.0,17.0,276.41,1.5,10,101500.0,9999999
72494,0,5545,14.4,8.58,0.0,0.0,17.0,276.41,2.1,9,101500.0,9999999
72494,0,5546,13.9,8.58,0.0,0.0,17.0,276.0,1.5,10,101500.0,9999999
72494,0,5547,14.4,8.87,0.0,0.0,17.0,279.09,2.1,9,101500.0,9999999
72494,0,5548,14.4,8.58,0.0,0.0,17.0,278.89,2.1,11,101500.0,9999999
72494,0,5549,13.3,8.58,13.0,12.0,17.0,276.0,2.1,8,101500.0,9999999
72494,0,5550,15.0,8.87,87.0,46.0,17.0,277.66,3.1,12,101500.0,9999999
72494,0,5551,16.7,8.87,282.0,109.0,17.0,278.07,2.6,7,101600.0,9999999
72494,0,5552,18.3,9.23,519.0,84.0,17.0,279.7,3.1,4,101600.0,9999999
72494,0,5553,19.4,9.23,668.0,95.0,17.0,278.48,3.1,5,101600.0,9999999
72494,0,5554,20.6,8.58,855.0,104.0,17.0,279.49,8.2,13,101600.0,9999999
72494,0,5555,20.6,8.58,926.0,110.0,17.0,279.49,8.8,13,101600.0,9999999
72494,0,5556,20.6,8.24,949.0,110.0,17.0,279.29,8.2,13,101600.0,9999999
72494,0,5557,20.6,7.97,899.0,107.0,17.0,279.29,8.2,13,101600.0,9999999
72494,0,5558,20.0,7.97,788.0,100.0,17.0,278.68,6.7,13,101500.0,9999999
72494,0,5559,18.3,8.24,628.0,88.0,17.0,277.04,8.8,12,101500.0,9999999
72494,0,5560,18.3,8.24,432.0,70.0,17.0,277.04,7.7,12,101500.0,9999999
72494,0,5561,17.2,8.24,219.0,49.0,17.0,276.0,6.7,13,101500.0,9999999
72494,0,5562,16.1,7.97,50.0,25.0,17.0,274.94,6.2,13,101500.0,9999999
72494,0,5563,15.6,8.24,0.0,0.0,17.0,274.52,6.2,12,101500.0,9999999
72494,0,5564,14.4,8.58,0.0,0.0,17.0,274.94,6.2,12,101600.0,9999999
72494,0,5565,14.4,8.58,0.0,0.0,17.0,276.41,5.7,12,101600.0,9999999
72494,0,5566,14.4,8.58,0.0,0.0,17.0,281.49,5.7,12,101600.0,9999999
72494,0,5567,14.4,8.58,0.0,0.0,17.0,281.49,5.2,12,101600.0,9999999
72494,0,5568,14.4,8.58,0.0,0.0,17.0,281.49,7.2,12,101600.0,9999999
72494,0,5569,13.9,8.58,0.0,0.0,17.0,281.1,5.2,12,101600.0,9999999
72494,0,5570,13.9,8.58,0.0,0.0,17.0,283.06,5.2,12,101600.0,9999999
72494,0,5571,13.9,8.24,0.0,0.0,17.0,282.87,5.2,12,101600.0,9999999
72494,0,5572,13.3,8.24,0.0,0.0,17.0,277.66,4.1,12,101600.0,9999999
72494,0,5573,13.9,8.24,9.0,8.0,17.0,276.83,3.6,11,101700.0,9999999
72494,0,5574,14.4,8.24,89.0,76.0,17.0,276.83,3.6,12,101700.0,9999999
72494,0,5575,15.6,8.24,276.0,107.0,17.0,277.45,4.1,12,101800.0,9999999
72494,0,5576,16.1,8.24,464.0,139.0,17.0,277.86,5.7,11,101800.0,9999999
72494,0,5577,16.1,8.24,638.0,180.0,17.0,278.48,7.2,12,101800.0,9999999
72494,0,5578,16.1,8.24,719.0,229.0,17.0,277.86,6.2,13,101800.0,9999999
72494,0,5579,16.1,8.24,837.0,195.0,17.0,277.25,8.2,13,101800.0,9999999
72494,0,5580,19.4,8.58,813.0,249.0,17.0,281.29,7.7,12,101800.0,9999999
72494,0,5581,20.0,7.97,820.0,231.0,17.0,281.49,8.2,12,101700.0,9999999
72494,0,5582,19.4,8.24,695.0,192.0,17.0,280.5,8.8,13,101700.0,9999999
72494,0,5583,18.3,8.58,588.0,133.0,17.0,278.48,8.2,12,101700.0,9999999
72494,0,5584,17.2,8.58,384.0,135.0,17.0,278.48,9.8,12,101700.0,9999999
72494,0,5585,16.1,8.24,192.0,82.0,17.0,276.41,9.3,13,101700.0,9999999
72494,0,5586,15.0,8.24,37.0,32.0,17.0,276.21,7.2,13,101700.0,9999999
72494,0,5587,14.4,8.24,0.0,0.0,17.0,275.58,8.2,13,101700.0,9999999
72494,0,5588,14.4,8.58,0.0,0.0,17.0,274.94,6.2,13,101700.0,9999999
72494,0,5589,13.9,7.97,0.0,0.0,17.0,272.8,5.7,13,101800.0,9999999
72494,0,5590,13.3,8.24,0.0,0.0,17.0,272.36,4.1,13,101700.0,9999999
72494,0,5591,13.3,8.24,0.0,0.0,17.0,272.36,4.6,12,101700.0,9999999
72494,0,5592,12.8,7.97,0.0,0.0,17.0,271.7,3.6,14,101700.0,9999999
72494,0,5593,12.2,7.97,0.0,0.0,17.0,271.26,1.5,13,101700.0,9999999
72494,0,5594,12.2,7.97,0.0,0.0,17.0,273.44,2.6,12,101700.0,9999999
72494,0,5595,12.2,7.97,0.0,0.0,17.0,273.44,2.6,16,101700.0,9999999
72494,0,5596,11.7,7.65,0.0,0.0,17.0,272.8,0.0,0,101700.0,9999999
72494,0,5597,12.8,7.97,10.0,10.0,17.0,276.41,2.1,10,101700.0,9999999
72494,0,5598,13.9,8.24,20.0,19.0,17.0,282.87,1.5,9,101800.0,9999999
72494,0,5599,14.4,8.24,116.0,115.0,17.0,283.45,0.0,0,101900.0,9999999
72494,0,5600,16.1,8.24,470.0,153.0,17.0,279.7,2.6,7,101800.0,9999999
72494,0,5601,17.2,8.58,706.0,113.0,17.0,276.21,4.1,3,101800.0,9999999
72494,0,5602,18.9,8.58,841.0,124.0,17.0,277.86,4.6,15,101800.0,9999999
72494,0,5603,19.4,8.58,924.0,130.0,17.0,278.27,5.7,14,101700.0,9999999
72494,0,5604,20.6,8.58,936.0,131.0,17.0,279.49,7.2,14,101700.0,9999999
72494,0,5605,20.6,8.58,883.0,128.0,17.0,279.49,9.3,14,101700.0,9999999
72494,0,5606,20.0,8.58,698.0,174.0,17.0,281.1,10.3,13,101600.0,9999999
72494,0,5607,19.4,8.58,407.0,198.0,17.0,281.29,7.2,13,101600.0,9999999
72494,0,5608,17.2,8.58,349.0,121.0,17.0,279.09,6.2,13,101600.0,9999999
72494,0,5609,15.6,8.58,154.0,105.0,17.0,277.66,7.7,13,101600.0,9999999
72494,0,5610,15.0,8.58,37.0,30.0,17.0,277.66,8.2,13,101600.0,9999999
72494,0,5611,14.4,8.58,0.0,0.0,17.0,276.41,7.2,13,101700.0,9999999
72494,0,5612,13.9,8.58,0.0,0.0,17.0,275.36,6.2,13,101700.0,9999999
72494,0,5613,13.9,8.58,0.0,0.0,17.0,275.36,6.2,13,101700.0,9999999
72494,0,5614,13.3,8.58,0.0,0.0,17.0,274.73,5.2,13,101700.0,9999999
72494,0,5615,13.3,8.58,0.0,0.0,17.0,274.73,4.6,13,101700.0,9999999
72494,0,5616,12.8,8.58,0.0,0.0,17.0,273.23,3.6,12,101600.0,9999999
72494,0,5617,12.2,8.24,0.0,0.0,17.0,272.58,3.6,13,101600.0,9999999
72494,0,5618,12.2,8.24,0.0,0.0,17.0,272.58,6.2,14,101600.0,9999999
72494,0,5619,12.8,8.24,0.0,0.0,17.0,273.23,6.2,13,101600.0,9999999
72494,0,5620,12.2,8.24,0.0,0.0,17.0,274.3,5.2,13,101600.0,9999999
72494,0,5621,12.2,8.24,11.0,11.0,17.0,279.29,2.6,13,101700.0,9999999
72494,0,5622,13.3,8.58,48.0,47.0,17.0,282.48,0.0,0,101700.0,9999999
72494,0,5623,14.4,9.23,100.0,97.0,17.0,283.84,0.0,0,101700.0,9999999
72494,0,5624,16.7,9.23,514.0,139.0,17.0,278.27,3.1,4,101700.0,9999999
72494,0,5625,17.8,9.23,654.0,172.0,17.0,279.29,2.6,3,101700.0,9999999
72494,0,5626,18.9,8.58,744.0,247.0,17.0,281.29,5.7,14,101600.0,9999999
72494,0,5627,20.0,8.58,850.0,198.0,17.0,281.89,6.2,13,101600.0,9999999
72494,0,5628,21.1,8.58,779.0,256.0,17.0,283.45,6.7,14,101500.0,9999999
72494,0,5629,22.2,8.58,765.0,264.0,17.0,284.6,8.8,14,101400.0,9999999
72494,0,5630,21.1,8.87,679.0,262.0,17.0,283.64,9.3,14,101400.0,9999999
72494,0,5631,20.0,8.87,452.0,209.0,17.0,283.06,10.3,14,101300.0,9999999
72494,0,5632,17.2,8.87,280.0,174.0,17.0,280.3,8.2,14,101300.0,9999999
72494,0,5633,15.6,8.87,134.0,84.0,17.0,278.89,8.2,13,101300.0,9999999
72494,0,5634,15.0,8.58,14.0,14.0,17.0,280.7,7.2,13,101300.0,9999999
72494,0,5635,15.6,8.58,0.0,0.0,17.0,280.1,5.2,13,101300.0,9999999
72494,0,5636,15.6,8.58,0.0,0.0,17.0,280.1,5.2,13,101300.0,9999999
72494,0,5637,15.0,8.58,0.0,0.0,17.0,279.49,7.2,14,101400.0,9999999
72494,0,5638,15.0,8.58,0.0,0.0,17.0,279.49,4.1,13,101400.0,9999999
72494,0,5639,15.0,7.97,0.0,0.0,17.0,277.86,4.6,14,101400.0,9999999
72494,0,5640,14.4,8.87,0.0,0.0,17.0,276.0,6.2,14,101400.0,9999999
72494,0,5641,13.9,8.87,0.0,0.0,17.0,276.0,5.2,12,101400.0,9999999
72494,0,5642,13.9,8.87,0.0,0.0,17.0,273.23,6.7,14,101400.0,9999999
72494,0,5643,12.8,8.58,0.0,0.0,17.0,271.92,5.2,14,101400.0,9999999
72494,0,5644,13.3,8.58,0.0,0.0,17.0,272.58,5.2,14,101400.0,9999999
72494,0,5645,13.3,8.58,11.0,11.0,17.0,272.58,6.7,14,101500.0,9999999
72494,0,5646,14.4,8.87,74.0,62.0,17.0,274.94,6.7,14,101500.0,9999999
72494,0,5647,16.1,8.87,240.0,132.0,17.0,276.62,4.6,14,101500.0,9999999
72494,0,5648,17.8,8.87,437.0,213.0,17.0,279.09,4.1,14,101500.0,9999999
72494,0,5649,18.3,8.87,594.0,256.0,17.0,279.7,6.2,14,101500.0,9999999
72494,0,5650,20.6,8.87,747.0,273.0,17.0,280.9,8.2,14,101500.0,9999999
72494,0,5651,19.4,9.23,799.0,310.0,17.0,279.9,10.3,14,101500.0,9999999
72494,0,5652,20.6,9.23,832.0,296.0,17.0,281.1,8.2,14,101400.0,9999999
72494,0,5653,21.7,9.23,785.0,286.0,17.0,282.08,9.3,13,101400.0,9999999
72494,0,5654,21.7,9.54,689.0,267.0,17.0,282.28,7.2,13,101300.0,9999999
72494,0,5655,20.6,9.23,531.0,226.0,17.0,279.7,4.6,13,101300.0,9999999
72494,0,5656,18.3,9.93,329.0,173.0,17.0,277.66,5.2,13,101300.0,9999999
72494,0,5657,17.2,9.54,144.0,98.0,17.0,276.62,7.7,14,101300.0,9999999
72494,0,5658,15.6,9.54,22.0,22.0,17.0,277.25,7.7,13,101300.0,9999999
72494,0,5659,15.0,9.54,0.0,0.0,17.0,276.62,6.2,13,101400.0,9999999
72494,0,5660,14.4,9.54,0.0,0.0,17.0,276.21,6.7,13,101400.0,9999999
72494,0,5661,13.9,9.23,0.0,0.0,17.0,275.58,5.7,14,101500.0,9999999
72494,0,5662,13.9,9.23,0.0,0.0,17.0,276.83,4.1,14,101500.0,9999999
72494,0,5663,13.9,9.23,0.0,0.0,17.0,283.25,5.7,12,101500.0,9999999
72494,0,5664,14.4,9.23,0.0,0.0,17.0,281.89,6.2,12,101500.0,9999999
72494,0,5665,13.9,9.23,0.0,0.0,17.0,279.9,5.2,13,101500.0,9999999
72494,0,5666,13.9,9.23,0.0,0.0,17.0,281.29,4.6,13,101500.0,9999999
72494,0,5667,13.9,9.23,0.0,0.0,17.0,283.25,4.6,13,101400.0,9999999
72494,0,5668,13.9,8.87,0.0,0.0,17.0,283.06,5.7,13,101500.0,9999999
72494,0,5669,13.9,8.87,4.0,4.0,17.0,283.06,5.2,14,101500.0,9999999
72494,0,5670,13.3,9.23,52.0,51.0,17.0,282.67,4.1,12,101500.0,9999999
72494,0,5671,13.9,8.87,114.0,111.0,17.0,283.06,5.2,12,101600.0,9999999
72494,0,5672,13.9,8.87,198.0,196.0,17.0,283.06,6.7,13,101600.0,9999999
72494,0,5673,15.0,9.23,272.0,269.0,17.0,284.41,7.7,13,101600.0,9999999
72494,0,5674,16.1,9.23,471.0,368.0,17.0,283.45,7.2,13,101600.0,9999999
72494,0,5675,17.8,9.23,641.0,332.0,17.0,281.69,7.7,13,101600.0,9999999
72494,0,5676,18.3,9.23,840.0,264.0,17.0,280.5,8.8,13,101500.0,9999999
72494,0,5677,19.4,9.23,717.0,226.0,17.0,280.9,9.3,14,101500.0,9999999
72494,0,5678,19.4,9.23,620.0,182.0,17.0,280.9,11.3,14,101400.0,9999999
72494,0,5679,17.8,8.87,552.0,184.0,17.0,279.09,7.2,13,101400.0,9999999
72494,0,5680,16.7,8.87,350.0,137.0,17.0,278.07,8.2,13,101400.0,9999999
72494,0,5681,15.6,8.87,160.0,80.0,17.0,277.04,8.8,14,101400.0,9999999
72494,0,5682,13.9,8.58,30.0,27.0,17.0,276.0,8.2,14,101400.0,9999999
72494,0,5683,13.9,8.87,0.0,0.0,17.0,277.86,6.2,14,101500.0,9999999
72494,0,5684,13.9,9.23,0.0,0.0,17.0,277.86,6.2,13,101600.0,9999999
72494,0,5685,14.4,9.23,0.0,0.0,17.0,280.3,6.2,13,101600.0,9999999
72494,0,5686,13.9,9.23,0.0,0.0,17.0,283.25,5.7,12,101600.0,9999999
72494,0,5687,13.3,9.23,0.0,0.0,17.0,282.67,6.7,12,101700.0,9999999
72494,0,5688,13.3,9.23,0.0,0.0,17.0,282.67,5.2,12,101700.0,9999999
72494,0,5689,13.3,8.87,0.0,0.0,17.0,282.48,5.7,12,101700.0,9999999
72494,0,5690,13.3,8.87,0.0,0.0,17.0,282.48,3.1,12,101600.0,9999999
72494,0,5691,12.8,8.87,0.0,0.0,17.0,282.08,5.2,13,101600.0,9999999
72494,0,5692,12.8,8.87,0.0,0.0,17.0,282.08,4.6,13,101700.0,9999999
72494,0,5693,13.3,8.87,9.0,9.0,17.0,282.48,2.6,11,101700.0,9999999
72494,0,5694,13.3,8.87,39.0,38.0,17.0,282.48,2.6,14,101800.0,9999999
72494,0,5695,13.9,8.87,123.0,120.0,17.0,283.06,2.1,13,101800.0,9999999
72494,0,5696,14.4,8.87,346.0,258.0,17.0,281.69,5.2,13,101800.0,9999999
72494,0,5697,15.0,8.87,464.0,318.0,17.0,280.7,7.2,13,101900.0,9999999
72494,0,5698,16.7,8.87,722.0,221.0,17.0,279.29,8.2,14,101900.0,9999999
72494,0,5699,17.2,8.87,834.0,158.0,17.0,278.48,8.2,14,101900.0,9999999
72494,0,5700,18.3,8.87,861.0,170.0,17.0,279.7,9.3,14,101800.0,9999999
72494,0,5701,18.3,8.87,856.0,137.0,17.0,277.45,11.3,14,101800.0,9999999
72494,0,5702,18.3,8.87,740.0,127.0,17.0,277.45,11.3,13,101700.0,9999999
72494,0,5703,18.3,8.87,580.0,111.0,17.0,277.45,10.8,13,101700.0,9999999
72494,0,5704,17.2,8.87,385.0,87.0,17.0,276.41,12.4,13,101700.0,9999999
72494,0,5705,16.7,8.58,177.0,58.0,17.0,275.79,10.3,13,101700.0,9999999
72494,0,5706,15.0,8.58,36.0,25.0,17.0,274.09,9.3,13,101700.0,9999999
72494,0,5707,14.4,8.58,0.0,0.0,17.0,273.44,9.8,12,101800.0,9999999
72494,0,5708,14.4,8.58,0.0,0.0,17.0,273.44,11.3,13,101800.0,9999999
72494,0,5709,14.4,8.58,0.0,0.0,17.0,273.44,11.8,12,101800.0,9999999
72494,0,5710,13.9,8.58,0.0,0.0,17.0,273.01,10.3,12,101800.0,9999999
72494,0,5711,13.9,8.24,0.0,0.0,17.0,273.01,9.8,13,101800.0,9999999
72494,0,5712,13.3,8.24,0.0,0.0,17.0,272.36,8.8,13,101800.0,9999999
72494,0,5713,13.3,7.97,0.0,0.0,17.0,272.36,7.2,12,101800.0,9999999
72494,0,5714,12.8,7.97,0.0,0.0,17.0,271.7,6.2,13,101900.0,9999999
72494,0,5715,12.8,7.97,0.0,0.0,17.0,271.7,6.2,13,101900.0,9999999
72494,0,5716,12.2,7.97,0.0,0.0,17.0,274.73,7.2,13,101900.0,9999999
72494,0,5717,12.2,7.97,5.0,5.0,17.0,274.73,6.2,12,102000.0,9999999
72494,0,5718,13.3,7.97,64.0,54.0,17.0,275.79,8.2,13,102000.0,9999999
72494,0,5719,14.4,7.97,206.0,129.0,17.0,276.83,7.7,13,102000.0,9999999
72494,0,5720,15.0,8.24,424.0,236.0,17.0,276.83,7.2,13,102000.0,9999999
72494,0,5721,16.1,7.97,638.0,235.0,17.0,277.25,7.7,13,102100.0,9999999
72494,0,5722,17.2,7.65,773.0,257.0,17.0,275.79,7.2,13,102000.0,9999999
72494,0,5723,18.3,7.65,836.0,271.0,17.0,276.83,10.3,13,102000.0,9999999
72494,0,5724,18.9,7.65,862.0,273.0,17.0,277.45,9.3,13,101900.0,9999999
72494,0,5725,19.4,7.65,822.0,263.0,17.0,277.86,10.3,13,101900.0,9999999
72494,0,5726,18.9,7.97,703.0,241.0,17.0,277.66,11.8,13,101800.0,9999999
72494,0,5727,17.8,7.97,536.0,205.0,17.0,276.62,11.3,13,101800.0,9999999
72494,0,5728,17.2,8.24,334.0,153.0,17.0,276.0,10.3,13,101700.0,9999999
72494,0,5729,15.6,8.24,139.0,90.0,17.0,274.52,10.3,13,101700.0,9999999
72494,0,5730,13.9,8.24,27.0,26.0,17.0,273.01,9.8,13,101700.0,9999999
72494,0,5731,13.3,8.24,0.0,0.0,17.0,272.36,6.7,13,101800.0,9999999
72494,0,5732,12.8,7.97,0.0,0.0,17.0,271.7,5.7,13,101800.0,9999999
72494,0,5733,13.3,7.97,0.0,0.0,17.0,276.21,4.6,12,101800.0,9999999
72494,0,5734,12.8,7.97,0.0,0.0,17.0,275.79,2.6,13,101800.0,9999999
72494,0,5735,12.8,7.97,0.0,0.0,17.0,274.73,2.6,12,101800.0,9999999
72494,0,5736,12.8,7.97,0.0,0.0,17.0,276.41,3.1,11,101800.0,9999999
72494,0,5737,13.3,7.97,0.0,0.0,17.0,278.68,3.1,11,101800.0,9999999
72494,0,5738,12.8,7.97,0.0,0.0,17.0,278.27,4.1,11,101800.0,9999999
72494,0,5739,12.2,7.97,0.0,0.0,17.0,275.15,2.1,10,101800.0,9999999
72494,0,5740,11.1,7.65,0.0,0.0,17.0,272.14,1.5,10,101800.0,9999999
72494,0,5741,11.1,7.34,8.0,7.0,17.0,271.26,1.5,8,101800.0,9999999
72494,0,5742,12.8,7.97,97.0,60.0,17.0,273.01,1.5,8,101800.0,9999999
72494,0,5743,15.0,8.24,244.0,107.0,17.0,276.83,1.5,6,101800.0,9999999
72494,0,5744,16.7,8.58,444.0,142.0,17.0,278.07,3.1,4,101800.0,9999999
72494,0,5745,17.8,8.58,689.0,120.0,17.0,276.83,5.2,16,101800.0,9999999
72494,0,5746,18.9,8.87,829.0,132.0,17.0,277.86,5.2,2,101800.0,9999999
72494,0,5747,20.0,8.58,908.0,138.0,17.0,278.89,5.2,16,101700.0,9999999
72494,0,5748,21.1,8.24,921.0,139.0,17.0,279.7,8.2,14,101700.0,9999999
72494,0,5749,21.1,8.24,868.0,135.0,17.0,279.7,9.8,14,101600.0,9999999
72494,0,5750,20.0,8.24,754.0,125.0,17.0,278.68,9.3,14,101500.0,9999999
72494,0,5751,20.0,7.97,586.0,109.0,17.0,278.68,8.2,14,101500.0,9999999
72494,0,5752,17.8,7.97,385.0,85.0,17.0,276.62,9.8,14,101500.0,9999999
72494,0,5753,16.1,7.97,174.0,56.0,17.0,274.94,9.3,13,101500.0,9999999
72494,0,5754,14.4,7.97,32.0,23.0,17.0,273.23,8.8,13,101400.0,9999999
72494,0,5755,13.9,7.97,0.0,0.0,17.0,272.8,10.3,13,101500.0,9999999
72494,0,5756,13.3,7.97,0.0,0.0,17.0,272.36,5.2,14,101500.0,9999999
72494,0,5757,12.8,7.97,0.0,0.0,17.0,271.7,6.2,13,101600.0,9999999
72494,0,5758,12.8,7.97,0.0,0.0,17.0,271.7,6.2,13,101600.0,9999999
72494,0,5759,12.8,7.97,0.0,0.0,17.0,273.01,6.7,13,101600.0,9999999
72494,0,5760,12.2,7.97,0.0,0.0,17.0,272.58,6.2,13,101600.0,9999999
72494,0,5761,12.2,7.97,0.0,0.0,17.0,272.58,4.1,14,101500.0,9999999
72494,0,5762,12.2,7.97,0.0,0.0,17.0,273.44,3.1,14,101600.0,9999999
72494,0,5763,12.2,7.65,0.0,0.0,17.0,274.52,5.2,14,101500.0,9999999
72494,0,5764,12.2,7.97,0.0,0.0,17.0,273.44,5.2,13,101500.0,9999999
72494,0,5765,12.2,7.97,8.0,8.0,17.0,273.44,4.1,14,101600.0,9999999
72494,0,5766,13.3,7.97,79.0,55.0,17.0,274.52,5.2,13,101600.0,9999999
72494,0,5767,15.0,7.97,233.0,142.0,17.0,276.83,5.7,13,101600.0,9999999
72494,0,5768,16.7,8.24,373.0,193.0,17.0,278.48,6.2,13,101600.0,9999999
72494,0,5769,17.8,8.24,575.0,284.0,17.0,280.1,7.2,14,101600.0,9999999
72494,0,5770,18.3,7.65,654.0,284.0,17.0,282.28,8.2,14,101600.0,9999999
72494,0,5771,16.7,7.97,341.0,202.0,17.0,283.45,9.3,13,101600.0,9999999
72494,0,5772,16.1,7.97,546.0,390.0,17.0,282.87,7.2,13,101600.0,9999999
72494,0,5773,15.6,7.65,206.0,206.0,17.0,284.22,11.3,13,101700.0,9999999
72494,0,5774,14.4,8.24,285.0,281.0,17.0,283.45,8.2,13,101600.0,9999999
72494,0,5775,15.0,7.97,137.0,132.0,17.0,283.84,2.1,11,101500.0,9999999
72494,0,5776,16.1,7.65,159.0,155.0,17.0,284.79,4.6,12,101500.0,9999999
72494,0,5777,15.6,7.65,62.0,54.0,17.0,282.28,5.2,13,101500.0,9999999
72494,0,5778,15.0,7.65,18.0,18.0,17.0,281.69,6.2,13,101500.0,9999999
72494,0,5779,14.4,7.97,0.0,0.0,17.0,281.29,6.2,13,101500.0,9999999
72494,0,5780,14.4,7.97,0.0,0.0,17.0,281.29,6.7,13,101500.0,9999999
72494,0,5781,14.4,7.65,0.0,0.0,17.0,281.1,7.2,14,101500.0,9999999
72494,0,5782,13.9,7.65,0.0,0.0,17.0,279.09,4.6,14,101500.0,9999999
72494,0,5783,14.4,7.65,0.0,0.0,17.0,279.7,4.1,14,101500.0,9999999
72494,0,5784,14.4,7.65,0.0,0.0,17.0,279.7,4.6,14,101500.0,9999999
72494,0,5785,14.4,7.65,0.0,0.0,17.0,281.1,2.6,13,101500.0,9999999
72494,0,5786,14.4,7.34,0.0,0.0,17.0,278.48,2.6,13,101500.0,9999999
72494,0,5787,14.4,7.34,0.0,0.0,17.0,278.48,2.1,13,101500.0,9999999
72494,0,5788,15.0,7.65,0.0,0.0,17.0,280.3,2.1,12,101400.0,9999999
72494,0,5789,15.0,7.65,5.0,5.0,17.0,277.66,0.0,0,101500.0,9999999
72494,0,5790,16.1,7.97,75.0,69.0,17.0,278.48,1.5,15,101500.0,9999999
72494,0,5791,17.8,7.97,247.0,136.0,17.0,280.1,1.5,8,101500.0,9999999
72494,0,5792,20.0,9.93,339.0,195.0,17.0,282.87,2.1,1,101600.0,9999999
72494,0,5793,20.6,9.23,560.0,229.0,17.0,282.67,3.1,2,101600.0,9999999
72494,0,5794,22.8,8.24,702.0,220.0,17.0,284.41,2.1,2,101600.0,9999999
72494,0,5795,26.1,5.15,754.0,279.0,17.0,287.06,7.2,13,101600.0,9999999
72494,0,5796,24.4,6.57,636.0,306.0,17.0,287.8,10.3,13,101600.0,9999999
72494,0,5797,24.4,7.09,640.0,289.0,17.0,287.99,10.3,13,101600.0,9999999
72494,0,5798,22.8,7.34,503.0,299.0,17.0,286.5,9.3,13,101500.0,9999999
72494,0,5799,21.7,7.34,456.0,227.0,17.0,285.55,9.3,13,101500.0,9999999
72494,0,5800,21.1,7.65,253.0,168.0,17.0,284.99,8.8,13,101500.0,9999999
72494,0,5801,17.8,7.97,120.0,81.0,17.0,280.1,7.7,12,101400.0,9999999
72494,0,5802,16.7,7.97,18.0,17.0,17.0,280.1,9.3,13,101500.0,9999999
72494,0,5803,16.1,7.65,0.0,0.0,17.0,279.49,8.2,12,101400.0,9999999
72494,0,5804,15.0,7.65,0.0,0.0,17.0,277.66,5.2,13,101500.0,9999999
72494,0,5805,15.0,7.65,0.0,0.0,17.0,277.66,6.2,13,101600.0,9999999
72494,0,5806,13.9,7.97,0.0,0.0,17.0,276.21,6.2,13,101500.0,9999999
72494,0,5807,13.9,7.97,0.0,0.0,17.0,276.21,4.1,13,101500.0,9999999
72494,0,5808,13.9,7.97,0.0,0.0,17.0,275.79,6.2,14,101500.0,9999999
72494,0,5809,12.8,7.97,0.0,0.0,17.0,274.73,4.1,13,101500.0,9999999
72494,0,5810,12.8,7.97,0.0,0.0,17.0,274.73,3.1,14,101500.0,9999999
72494,0,5811,12.8,7.97,0.0,0.0,17.0,274.09,3.1,14,101500.0,9999999
72494,0,5812,12.8,7.97,0.0,0.0,17.0,274.73,2.1,14,101500.0,9999999
72494,0,5813,12.2,7.97,6.0,6.0,17.0,273.44,2.1,12,101500.0,9999999
72494,0,5814,14.4,8.24,87.0,56.0,17.0,276.41,0.0,0,101500.0,9999999
72494,0,5815,17.2,8.87,268.0,92.0,17.0,277.66,2.1,4,101500.0,9999999
72494,0,5816,18.9,9.54,456.0,111.0,17.0,279.49,2.6,2,101600.0,9999999
72494,0,5817,20.0,9.93,665.0,158.0,17.0,281.69,2.6,3,101600.0,9999999
72494,0,5818,21.7,9.93,774.0,193.0,17.0,284.03,3.1,16,101500.0,9999999
72494,0,5819,25.0,9.54,781.0,256.0,17.0,286.31,5.2,15,101500.0,9999999
72494,0,5820,27.8,7.34,836.0,152.0,17.0,287.06,7.7,14,101400.0,9999999
72494,0,5821,24.4,7.97,785.0,184.0,17.0,285.18,8.8,13,101400.0,9999999
72494,0,5822,22.8,7.97,707.0,152.0,17.0,283.64,10.3,14,101400.0,9999999
72494,0,5823,22.8,5.82,531.0,148.0,17.0,282.48,10.8,13,101300.0,9999999
72494,0,5824,21.7,5.82,318.0,107.0,17.0,282.08,11.3,12,101300.0,9999999
72494,0,5825,18.9,6.57,131.0,80.0,17.0,280.5,10.3,12,101300.0,9999999
72494,0,5826,16.7,7.65,25.0,24.0,17.0,278.89,7.2,13,101400.0,9999999
72494,0,5827,16.7,7.09,0.0,0.0,17.0,278.07,6.2,13,101300.0,9999999
72494,0,5828,16.7,7.09,0.0,0.0,17.0,279.09,6.7,13,101400.0,9999999
72494,0,5829,16.3,7.29,0.0,0.0,17.0,281.29,6.6,13,101400.0,9999999
72494,0,5830,15.9,7.49,0.0,0.0,17.0,281.1,6.4,14,101400.0,9999999
72494,0,5831,15.5,7.7,0.0,0.0,17.0,282.28,6.3,14,101400.0,9999999
72494,0,5832,15.1,7.91,0.0,0.0,16.44,276.21,6.1,12,101200.0,9999999
72494,0,5833,14.7,8.13,0.0,0.0,16.44,277.66,6.0,12,101200.0,9999999
72494,0,5834,14.3,8.35,0.0,0.0,16.44,276.83,5.8,13,101200.0,9999999
72494,0,5835,13.9,8.58,0.0,0.0,16.44,279.49,5.7,12,101100.0,9999999
72494,0,5836,13.9,8.58,0.0,0.0,16.44,278.48,3.6,11,101200.0,9999999
72494,0,5837,14.4,8.58,1.0,1.0,16.44,280.1,5.7,11,101200.0,9999999
72494,0,5838,15.0,8.58,63.0,60.0,16.44,279.49,4.1,11,101300.0,9999999
72494,0,5839,16.1,8.58,214.0,187.0,16.44,281.69,4.6,10,101300.0,9999999
72494,0,5840,17.2,8.58,430.0,181.0,16.44,279.7,6.7,13,101300.0,9999999
72494,0,5841,17.8,8.58,615.0,280.0,16.44,279.7,5.7,12,101300.0,9999999
72494,0,5842,19.4,8.58,750.0,237.0,16.44,280.5,7.7,13,101400.0,9999999
72494,0,5843,19.4,8.58,830.0,235.0,16.44,279.7,8.8,13,101400.0,9999999
72494,0,5844,18.9,8.58,809.0,230.0,16.44,277.86,8.2,13,101300.0,9999999
72494,0,5845,18.3,8.58,790.0,220.0,16.44,278.48,8.8,12,101300.0,9999999
72494,0,5846,18.3,8.24,698.0,199.0,16.44,277.04,8.2,12,101300.0,9999999
72494,0,5847,18.3,8.24,528.0,169.0,16.44,277.04,7.7,12,101300.0,9999999
72494,0,5848,17.2,8.24,324.0,126.0,16.44,276.0,6.7,12,101300.0,9999999
72494,0,5849,16.1,7.97,126.0,73.0,16.44,274.94,8.8,13,101200.0,9999999
72494,0,5850,15.0,8.24,11.0,11.0,16.44,275.36,6.7,12,101200.0,9999999
72494,0,5851,15.0,8.24,0.0,0.0,16.44,274.09,7.2,12,101200.0,9999999
72494,0,5852,14.4,8.24,0.0,0.0,16.44,273.44,6.2,12,101300.0,9999999
72494,0,5853,14.4,8.24,0.0,0.0,16.44,273.44,7.2,13,101300.0,9999999
72494,0,5854,14.4,7.97,0.0,0.0,16.44,274.52,4.1,12,101300.0,9999999
72494,0,5855,14.4,8.24,0.0,0.0,16.44,273.44,1.5,6,101300.0,9999999
72494,0,5856,14.4,7.97,0.0,0.0,16.44,273.23,2.1,15,101300.0,9999999
72494,0,5857,13.3,7.97,0.0,0.0,16.44,272.36,0.0,0,101300.0,9999999
72494,0,5858,13.3,7.97,0.0,0.0,16.44,272.36,4.1,11,101300.0,9999999
72494,0,5859,13.9,7.97,0.0,0.0,16.44,272.8,4.1,13,101300.0,9999999
72494,0,5860,12.8,7.97,0.0,0.0,16.44,274.73,3.1,14,101300.0,9999999
72494,0,5861,13.3,7.97,1.0,1.0,16.44,274.52,4.1,12,101400.0,9999999
72494,0,5862,13.9,8.24,77.0,67.0,16.44,276.83,6.7,12,101500.0,9999999
72494,0,5863,15.0,8.24,219.0,133.0,16.44,277.45,6.2,13,101500.0,9999999
72494,0,5864,16.7,8.58,415.0,175.0,16.44,279.29,7.7,12,101600.0,9999999
72494,0,5865,17.2,8.58,619.0,217.0,16.44,279.7,9.3,13,101600.0,9999999
72494,0,5866,17.8,8.58,669.0,354.0,16.44,280.9,8.8,13,101600.0,9999999
72494,0,5867,17.8,8.58,816.0,162.0,16.44,278.07,8.2,13,101600.0,9999999
72494,0,5868,18.9,8.58,837.0,172.0,16.44,279.09,9.3,13,101600.0,9999999
72494,0,5869,18.9,8.58,730.0,249.0,16.44,279.09,9.8,12,101600.0,9999999
72494,0,5870,18.9,8.58,715.0,143.0,16.44,277.86,9.8,13,101500.0,9999999
72494,0,5871,18.9,8.58,547.0,122.0,16.44,277.86,10.3,12,101500.0,9999999
72494,0,5872,17.8,8.58,344.0,93.0,16.44,276.83,10.8,12,101500.0,9999999
72494,0,5873,16.7,8.87,139.0,58.0,16.44,275.79,12.9,13,101500.0,9999999
72494,0,5874,16.1,8.87,12.0,10.0,16.44,275.36,11.8,13,101500.0,9999999
72494,0,5875,16.1,9.23,0.0,0.0,16.44,275.36,13.4,13,101500.0,9999999
72494,0,5876,16.1,9.23,0.0,0.0,16.44,275.36,11.8,14,101600.0,9999999
72494,0,5877,16.1,9.54,0.0,0.0,16.44,275.58,12.9,13,101600.0,9999999
72494,0,5878,15.6,9.54,0.0,0.0,16.44,275.15,10.3,13,101500.0,9999999
72494,0,5879,15.6,9.54,0.0,0.0,16.44,275.15,13.4,14,101500.0,9999999
72494,0,5880,15.6,9.54,0.0,0.0,16.44,276.41,5.2,14,101500.0,9999999
72494,0,5881,15.0,9.54,0.0,0.0,16.44,277.45,7.7,14,101500.0,9999999
72494,0,5882,15.0,9.93,0.0,0.0,16.44,282.67,4.1,13,101500.0,9999999
72494,0,5883,15.0,9.93,0.0,0.0,16.44,284.6,7.2,13,101500.0,9999999
72494,0,5884,14.4,9.93,0.0,0.0,16.44,282.08,5.7,12,101500.0,9999999
72494,0,5885,14.4,9.54,1.0,1.0,16.44,275.15,5.2,14,101500.0,9999999
72494,0,5886,15.0,9.93,77.0,51.0,16.44,276.0,3.1,15,101600.0,9999999
72494,0,5887,17.2,9.93,265.0,97.0,16.44,276.62,2.1,15,101600.0,9999999
72494,0,5888,18.3,9.93,473.0,136.0,16.44,277.66,3.1,1,101600.0,9999999
72494,0,5889,19.4,9.54,655.0,165.0,16.44,278.68,5.2,15,101600.0,9999999
72494,0,5890,21.1,9.93,789.0,184.0,16.44,280.5,7.7,15,101600.0,9999999
72494,0,5891,21.1,9.54,864.0,193.0,16.44,280.3,7.2,14,101600.0,9999999
72494,0,5892,21.7,9.54,874.0,194.0,16.44,280.9,8.8,15,101500.0,9999999
72494,0,5893,21.7,9.54,817.0,187.0,16.44,280.9,9.8,14,101500.0,9999999
72494,0,5894,20.0,9.23,699.0,171.0,16.44,279.09,9.3,13,101500.0,9999999
72494,0,5895,20.0,9.23,530.0,146.0,16.44,279.09,10.3,13,101500.0,9999999
72494,0,5896,19.4,9.23,326.0,109.0,16.44,278.48,10.3,13,101400.0,9999999
72494,0,5897,18.3,9.23,126.0,65.0,16.44,277.45,9.3,14,101400.0,9999999
72494,0,5898,17.2,9.23,9.0,9.0,16.44,276.41,6.7,13,101400.0,9999999
72494,0,5899,17.8,8.87,0.0,0.0,16.44,276.83,8.2,14,101400.0,9999999
72494,0,5900,15.6,8.87,0.0,0.0,16.44,274.73,5.2,14,101400.0,9999999
72494,0,5901,15.0,8.87,0.0,0.0,16.44,274.3,4.6,14,101400.0,9999999
72494,0,5902,14.4,8.58,0.0,0.0,16.44,273.44,4.1,13,101400.0,9999999
72494,0,5903,14.4,8.87,0.0,0.0,16.44,273.66,4.1,14,101400.0,9999999
72494,0,5904,13.9,8.58,0.0,0.0,16.44,273.01,3.6,14,101400.0,9999999
72494,0,5905,13.9,8.58,0.0,0.0,16.44,273.01,3.1,14,101400.0,9999999
72494,0,5906,13.3,8.58,0.0,0.0,16.44,272.58,2.1,14,101400.0,9999999
72494,0,5907,12.8,8.24,0.0,0.0,16.44,271.92,3.1,14,101400.0,9999999
72494,0,5908,12.8,8.24,0.0,0.0,16.44,271.92,4.1,14,101400.0,9999999
72494,0,5909,12.8,8.58,1.0,1.0,16.44,271.92,3.6,14,101500.0,9999999
72494,0,5910,14.4,8.87,84.0,45.0,16.44,273.66,1.5,12,101500.0,9999999
72494,0,5911,18.3,9.54,275.0,81.0,16.44,277.66,1.5,6,101600.0,9999999
72494,0,5912,19.4,10.26,483.0,112.0,16.44,278.89,2.6,3,101600.0,9999999
72494,0,5913,20.6,10.26,663.0,136.0,16.44,280.1,3.1,2,101600.0,9999999
72494,0,5914,22.2,10.67,796.0,150.0,16.44,281.69,3.1,2,101600.0,9999999
72494,0,5915,25.0,9.93,869.0,158.0,16.44,284.22,4.6,16,101600.0,9999999
72494,0,5916,27.2,9.54,879.0,159.0,16.44,286.12,5.7,15,101500.0,9999999
72494,0,5917,27.2,9.54,823.0,153.0,16.44,286.12,7.2,15,101400.0,9999999
72494,0,5918,24.4,9.54,706.0,140.0,16.44,283.45,8.2,14,101400.0,9999999
72494,0,5919,23.3,9.23,537.0,120.0,16.44,282.28,8.8,15,101400.0,9999999
72494,0,5920,22.2,8.87,334.0,91.0,16.44,281.1,6.2,15,101400.0,9999999
72494,0,5921,20.6,8.87,131.0,56.0,16.44,279.49,8.2,14,101400.0,9999999
72494,0,5922,17.2,8.87,9.0,8.0,16.44,276.41,7.2,14,101400.0,9999999
72494,0,5923,16.1,8.87,0.0,0.0,16.44,275.36,8.2,14,101500.0,9999999
72494,0,5924,15.0,9.23,0.0,0.0,16.44,274.3,6.2,14,101500.0,9999999
72494,0,5925,14.4,8.87,0.0,0.0,16.44,273.66,5.2,14,101500.0,9999999
72494,0,5926,14.4,8.87,0.0,0.0,16.44,273.66,3.1,14,101600.0,9999999
72494,0,5927,14.4,8.87,0.0,0.0,16.44,273.66,4.1,14,101600.0,9999999
72494,0,5928,13.9,8.58,0.0,0.0,16.44,273.01,4.1,14,101600.0,9999999
72494,0,5929,13.3,8.58,0.0,0.0,16.44,272.58,4.1,14,101600.0,9999999
72494,0,5930,13.9,8.58,0.0,0.0,16.44,273.01,2.6,14,101600.0,9999999
72494,0,5931,12.8,8.24,0.0,0.0,16.44,271.92,3.1,14,101600.0,9999999
72494,0,5932,13.3,8.24,0.0,0.0,16.44,272.36,3.6,14,101600.0,9999999
72494,0,5933,12.2,7.97,1.0,1.0,16.44,272.58,4.6,14,101600.0,9999999
72494,0,5934,13.9,8.24,67.0,56.0,16.44,275.15,3.1,14,101700.0,9999999
72494,0,5935,16.1,8.58,188.0,137.0,16.44,278.68,2.6,16,101800.0,9999999
72494,0,5936,18.3,8.87,257.0,220.0,16.44,282.08,3.1,16,101800.0,9999999
72494,0,5937,17.8,9.54,471.0,331.0,16.44,283.64,4.1,16,101800.0,9999999
72494,0,5938,20.6,8.87,689.0,265.0,16.44,283.06,3.6,1,101800.0,9999999
72494,0,5939,21.1,8.87,809.0,284.0,16.44,283.06,5.2,16,101800.0,9999999
72494,0,5940,22.2,8.87,812.0,231.0,16.44,282.48,7.2,14,101700.0,9999999
72494,0,5941,21.1,8.87,761.0,219.0,16.44,281.29,6.2,14,101600.0,9999999
72494,0,5942,21.7,8.87,646.0,229.0,16.44,282.87,8.2,14,101600.0,9999999
72494,0,5943,19.4,9.23,491.0,163.0,16.44,279.9,12.4,14,101500.0,9999999
72494,0,5944,18.9,9.23,309.0,116.0,16.44,278.07,9.3,15,101500.0,9999999
72494,0,5945,16.7,8.87,113.0,66.0,16.44,275.79,10.3,14,101500.0,9999999
72494,0,5946,15.6,8.87,7.0,7.0,16.44,274.73,8.2,15,101500.0,9999999
72494,0,5947,14.4,8.87,0.0,0.0,16.44,273.66,8.2,14,101600.0,9999999
72494,0,5948,13.9,8.87,0.0,0.0,16.44,273.23,5.2,14,101700.0,9999999
72494,0,5949,13.9,8.87,0.0,0.0,16.44,273.23,5.2,14,101700.0,9999999
72494,0,5950,13.3,8.58,0.0,0.0,16.44,272.58,5.2,14,101700.0,9999999
72494,0,5951,12.8,8.58,0.0,0.0,16.44,271.92,4.1,14,101700.0,9999999
72494,0,5952,12.8,8.58,0.0,0.0,16.44,271.92,5.7,14,101700.0,9999999
72494,0,5953,12.8,8.24,0.0,0.0,16.44,271.92,5.2,14,101700.0,9999999
72494,0,5954,12.2,8.24,0.0,0.0,16.44,271.26,5.2,13,101700.0,9999999
72494,0,5955,12.2,8.24,0.0,0.0,16.44,271.26,4.1,14,101700.0,9999999
72494,0,5956,11.7,7.97,0.0,0.0,16.44,270.82,2.6,13,101700.0,9999999
72494,0,5957,11.7,7.97,0.0,0.0,16.44,270.82,3.1,14,101700.0,9999999
72494,0,5958,12.8,8.24,65.0,52.0,16.44,273.23,6.2,14,101800.0,9999999
72494,0,5959,14.4,8.87,219.0,128.0,16.44,276.0,4.1,14,101800.0,9999999
72494,0,5960,16.1,8.87,421.0,169.0,16.44,276.62,2.6,16,101900.0,9999999
72494,0,5961,18.3,8.87,633.0,200.0,16.44,277.45,2.1,2,101900.0,9999999
72494,0,5962,18.3,8.58,768.0,224.0,16.44,277.25,5.2,14,101800.0,9999999
72494,0,5963,20.0,8.87,844.0,237.0,16.44,279.09,4.6,16,101700.0,9999999
72494,0,5964,20.0,8.58,853.0,238.0,16.44,278.89,9.8,14,101700.0,9999999
72494,0,5965,19.4,8.24,794.0,229.0,16.44,278.07,10.3,15,101600.0,9999999
72494,0,5966,18.9,8.24,673.0,208.0,16.44,277.66,10.8,14,101600.0,9999999
72494,0,5967,17.8,7.97,500.0,174.0,16.44,276.62,11.3,14,101500.0,9999999
72494,0,5968,16.1,7.65,295.0,126.0,16.44,274.73,10.8,14,101500.0,9999999
72494,0,5969,13.9,7.97,104.0,69.0,16.44,272.8,10.8,14,101500.0,9999999
72494,0,5970,12.8,8.24,6.0,6.0,16.44,271.92,8.2,14,101500.0,9999999
72494,0,5971,12.8,8.58,0.0,0.0,16.44,271.92,5.7,14,101600.0,9999999
72494,0,5972,12.8,8.58,0.0,0.0,16.44,271.92,6.7,14,101700.0,9999999
72494,0,5973,12.2,8.24,0.0,0.0,16.44,271.26,5.2,13,101600.0,9999999
72494,0,5974,12.2,8.24,0.0,0.0,16.44,271.26,5.2,14,101700.0,9999999
72494,0,5975,12.2,8.24,0.0,0.0,16.44,271.26,4.6,14,101600.0,9999999
72494,0,5976,11.7,7.97,0.0,0.0,16.44,270.82,3.1,14,101600.0,9999999
72494,0,5977,11.1,7.97,0.0,0.0,16.44,270.15,4.1,13,101600.0,9999999
72494,0,5978,11.7,7.65,0.0,0.0,16.44,275.15,2.1,12,101600.0,9999999
72494,0,5979,12.2,7.34,0.0,0.0,16.44,278.89,2.1,12,101600.0,9999999
72494,0,5980,12.8,7.97,0.0,0.0,16.44,281.69,2.6,13,101600.0,9999999
72494,0,5981,12.8,7.97,0.0,0.0,16.44,281.69,2.1,11,101600.0,9999999
72494,0,5982,12.8,7.97,24.0,24.0,16.44,281.69,2.6,12,101700.0,9999999
72494,0,5983,13.3,7.97,68.0,68.0,16.44,282.08,1.5,11,101700.0,9999999
72494,0,5984,15.0,8.24,385.0,261.0,16.44,279.49,1.5,2,101700.0,9999999
72494,0,5985,16.7,8.58,554.0,288.0,16.44,279.7,3.1,2,101700.0,9999999
72494,0,5986,18.3,8.87,715.0,275.0,16.44,280.9,6.7,15,101700.0,9999999
72494,0,5987,20.0,8.87,596.0,217.0,16.44,282.48,8.8,15,101700.0,9999999
72494,0,5988,18.3,8.24,757.0,290.0,16.44,280.7,10.3,15,101600.0,9999999
72494,0,5989,18.9,7.97,744.0,237.0,16.44,280.5,11.8,14,101600.0,9999999
72494,0,5990,17.8,7.97,656.0,180.0,16.44,278.89,12.4,14,101500.0,9999999
72494,0,5991,16.7,8.24,472.0,190.0,16.44,278.48,11.3,13,101500.0,9999999
72494,0,5992,16.7,8.24,287.0,136.0,16.44,277.86,7.2,14,101500.0,9999999
72494,0,5993,16.7,8.58,126.0,63.0,16.44,275.79,8.2,13,101500.0,9999999
72494,0,5994,15.6,8.87,7.0,5.0,16.44,274.73,8.2,13,101500.0,9999999
72494,0,5995,15.6,8.87,0.0,0.0,16.44,274.73,5.7,13,101500.0,9999999
72494,0,5996,15.6,8.87,0.0,0.0,16.44,274.73,4.6,14,101600.0,9999999
72494,0,5997,14.4,8.87,0.0,0.0,16.44,273.66,4.1,13,101500.0,9999999
72494,0,5998,15.0,8.87,0.0,0.0,16.44,274.3,3.1,13,101500.0,9999999
72494,0,5999,14.4,8.58,0.0,0.0,16.44,273.44,4.1,12,101500.0,9999999
72494,0,6000,14.4,8.58,0.0,0.0,16.44,273.44,4.1,12,101500.0,9999999
72494,0,6001,14.4,8.87,0.0,0.0,16.44,276.0,4.1,12,101500.0,9999999
72494,0,6002,15.0,9.23,0.0,0.0,16.44,280.9,4.1,14,101500.0,9999999
72494,0,6003,15.0,9.23,0.0,0.0,16.44,282.48,5.2,13,101500.0,9999999
72494,0,6004,14.4,9.23,0.0,0.0,16.44,281.89,5.2,12,101700.0,9999999
72494,0,6005,15.0,9.23,0.0,0.0,16.44,284.41,5.2,12,101600.0,9999999
72494,0,6006,15.0,9.54,38.0,33.0,16.44,281.1,4.6,13,101700.0,9999999
72494,0,6007,17.2,9.54,156.0,98.0,16.44,281.29,3.1,13,101700.0,9999999
72494,0,6008,17.8,9.54,254.0,183.0,16.44,283.64,6.7,12,101700.0,9999999
72494,0,6009,20.0,9.93,618.0,104.0,16.44,281.69,7.2,12,101700.0,9999999
72494,0,6010,21.7,10.26,783.0,141.0,16.44,284.03,6.2,14,101700.0,9999999
72494,0,6011,22.2,9.93,873.0,108.0,16.44,281.49,6.2,14,101700.0,9999999
72494,0,6012,22.2,9.54,881.0,109.0,16.44,281.29,8.2,13,101700.0,9999999
72494,0,6013,21.7,10.67,823.0,105.0,16.44,281.29,8.8,13,101700.0,9999999
72494,0,6014,22.2,10.67,706.0,96.0,16.44,281.69,10.3,13,101600.0,9999999
72494,0,6015,21.1,10.67,537.0,81.0,16.44,280.7,8.8,13,101600.0,9999999
72494,0,6016,20.0,11.09,316.0,60.0,16.44,281.1,9.3,13,101600.0,9999999
72494,0,6017,17.2,10.67,85.0,61.0,16.44,280.9,8.2,13,101500.0,9999999
72494,0,6018,16.1,10.67,4.0,4.0,16.44,282.48,2.6,13,101500.0,9999999
72494,0,6019,16.1,10.26,0.0,0.0,16.44,277.04,4.6,13,101600.0,9999999
72494,0,6020,16.1,10.26,0.0,0.0,16.44,278.68,6.7,12,101600.0,9999999
72494,0,6021,16.1,10.26,0.0,0.0,16.44,280.5,7.7,12,101600.0,9999999
72494,0,6022,15.6,9.93,0.0,0.0,16.44,279.09,7.2,14,101600.0,9999999
72494,0,6023,15.0,9.23,0.0,0.0,16.44,274.3,4.6,14,101700.0,9999999
72494,0,6024,15.0,9.23,0.0,0.0,16.44,275.58,6.2,13,101700.0,9999999
72494,0,6025,15.0,9.54,0.0,0.0,16.44,275.79,9.3,13,101700.0,9999999
72494,0,6026,15.0,9.54,0.0,0.0,16.44,275.79,6.2,13,101700.0,9999999
72494,0,6027,14.4,9.23,0.0,0.0,16.44,276.62,2.1,16,101700.0,9999999
72494,0,6028,14.4,9.54,0.0,0.0,16.44,276.21,2.6,15,101800.0,9999999
72494,0,6029,13.3,8.87,0.0,0.0,16.44,275.58,2.1,15,101900.0,9999999
72494,0,6030,15.0,9.93,78.0,32.0,16.44,276.0,4.6,13,101900.0,9999999
72494,0,6031,16.7,9.54,266.0,58.0,16.44,277.45,6.2,14,101900.0,9999999
72494,0,6032,18.3,9.23,447.0,84.0,16.44,278.89,6.2,15,102000.0,9999999
72494,0,6033,20.0,8.87,618.0,101.0,16.44,280.3,5.7,14,102000.0,9999999
72494,0,6034,20.0,9.23,750.0,105.0,16.44,280.5,6.7,14,102000.0,9999999
72494,0,6035,20.6,9.54,804.0,118.0,16.44,281.1,9.3,13,101900.0,9999999
72494,0,6036,20.6,9.54,822.0,120.0,16.44,281.1,9.3,13,101900.0,9999999
72494,0,6037,21.1,9.54,735.0,120.0,16.44,281.69,10.3,12,101800.0,9999999
72494,0,6038,21.1,8.87,620.0,93.0,16.44,281.29,11.3,12,101700.0,9999999
72494,0,6039,20.6,8.87,509.0,79.0,16.44,280.9,10.3,13,101700.0,9999999
72494,0,6040,19.4,8.58,316.0,60.0,16.44,279.7,11.3,13,101600.0,9999999
72494,0,6041,18.3,8.24,121.0,37.0,16.44,278.48,12.9,13,101600.0,9999999
72494,0,6042,17.2,8.24,6.0,4.0,16.44,276.0,10.3,13,101500.0,9999999
72494,0,6043,16.7,8.24,0.0,0.0,16.44,275.58,10.3,13,101600.0,9999999
72494,0,6044,16.1,8.58,0.0,0.0,16.44,275.15,8.2,13,101600.0,9999999
72494,0,6045,15.0,8.87,0.0,0.0,16.44,274.3,8.2,14,101600.0,9999999
72494,0,6046,15.0,8.58,0.0,0.0,16.44,274.09,6.7,13,101500.0,9999999
72494,0,6047,14.4,8.58,0.0,0.0,16.44,273.44,7.2,14,101500.0,9999999
72494,0,6048,14.4,8.58,0.0,0.0,16.44,273.44,6.7,13,101500.0,9999999
72494,0,6049,13.9,8.58,0.0,0.0,16.44,273.01,4.1,13,101500.0,9999999
72494,0,6050,13.9,8.87,0.0,0.0,16.44,273.23,6.2,12,101500.0,9999999
72494,0,6051,13.9,8.87,0.0,0.0,16.44,273.23,5.7,13,101500.0,9999999
72494,0,6052,13.9,8.87,0.0,0.0,16.44,277.86,7.7,13,101500.0,9999999
72494,0,6053,13.9,9.23,0.0,0.0,16.44,275.58,8.2,13,101500.0,9999999
72494,0,6054,14.4,9.23,72.0,49.0,16.44,276.62,8.2,13,101600.0,9999999
72494,0,6055,15.6,8.87,270.0,74.0,16.44,277.04,7.2,14,101600.0,9999999
72494,0,6056,16.7,8.87,483.0,140.0,16.44,278.89,6.2,13,101700.0,9999999
72494,0,6057,17.8,9.23,602.0,109.0,16.44,278.27,6.7,12,101700.0,9999999
72494,0,6058,18.9,8.87,781.0,118.0,16.44,277.86,8.2,12,101700.0,9999999
72494,0,6059,19.4,8.87,863.0,120.0,16.44,278.48,11.3,12,101600.0,9999999
72494,0,6060,20.0,9.23,869.0,120.0,16.44,279.09,9.3,13,101600.0,9999999
72494,0,6061,20.0,8.87,811.0,116.0,16.44,279.09,10.8,13,101600.0,9999999
72494,0,6062,19.4,8.87,693.0,105.0,16.44,278.48,12.4,13,101500.0,9999999
72494,0,6063,18.9,8.87,523.0,89.0,16.44,277.86,15.5,13,101500.0,9999999
72494,0,6064,18.3,8.58,319.0,67.0,16.44,277.25,9.3,14,101500.0,9999999
72494,0,6065,16.7,8.87,115.0,41.0,16.44,275.79,9.3,13,101500.0,9999999
72494,0,6066,15.6,9.23,4.0,3.0,16.44,276.21,7.2,13,101500.0,9999999
72494,0,6067,15.6,9.23,0.0,0.0,16.44,274.94,7.7,13,101500.0,9999999
72494,0,6068,15.0,8.87,0.0,0.0,16.44,274.3,6.7,12,101500.0,9999999
72494,0,6069,15.0,8.87,0.0,0.0,16.44,275.58,7.2,12,101500.0,9999999
72494,0,6070,15.0,9.23,0.0,0.0,16.44,278.27,10.3,12,101500.0,9999999
72494,0,6071,15.0,9.23,0.0,0.0,16.44,282.48,8.8,12,101500.0,9999999
72494,0,6072,15.0,9.23,0.0,0.0,16.44,282.48,8.8,12,101400.0,9999999
72494,0,6073,15.0,9.23,0.0,0.0,16.44,282.48,9.8,12,101400.0,9999999
72494,0,6074,15.0,9.23,0.0,0.0,16.44,282.48,10.8,12,101400.0,9999999
72494,0,6075,15.0,9.23,0.0,0.0,16.44,282.48,9.8,13,101400.0,9999999
72494,0,6076,14.4,8.87,0.0,0.0,16.44,279.09,10.8,12,101400.0,9999999
72494,0,6077,14.4,8.87,0.0,0.0,16.44,277.04,9.8,13,101400.0,9999999
72494,0,6078,15.0,8.87,76.0,56.0,16.44,276.41,9.3,13,101500.0,9999999
72494,0,6079,16.1,8.87,273.0,93.0,16.44,278.27,9.3,13,101500.0,9999999
72494,0,6080,16.7,8.58,428.0,122.0,16.44,278.07,8.8,13,101500.0,9999999
72494,0,6081,17.8,8.87,564.0,240.0,16.44,280.3,9.3,13,101500.0,9999999
72494,0,6082,17.8,8.87,783.0,199.0,16.44,280.3,9.3,14,101500.0,9999999
72494,0,6083,18.3,8.87,828.0,147.0,16.44,280.3,11.3,13,101500.0,9999999
72494,0,6084,18.9,8.87,852.0,129.0,16.44,279.29,10.3,13,101500.0,9999999
72494,0,6085,18.9,8.87,762.0,124.0,16.44,279.29,9.3,13,101400.0,9999999
72494,0,6086,18.9,8.58,644.0,117.0,16.44,279.09,10.3,13,101400.0,9999999
72494,0,6087,17.8,8.87,403.0,141.0,16.44,279.9,12.4,12,101400.0,9999999
72494,0,6088,17.2,8.87,308.0,115.0,16.44,278.48,12.4,13,101400.0,9999999
72494,0,6089,16.1,8.58,103.0,48.0,16.44,276.41,14.4,13,101400.0,9999999
72494,0,6090,15.0,8.58,3.0,2.0,16.44,274.09,13.4,13,101400.0,9999999
72494,0,6091,15.0,8.58,0.0,0.0,16.44,277.04,8.2,12,101400.0,9999999
72494,0,6092,14.4,8.87,0.0,0.0,16.44,277.66,7.7,13,101400.0,9999999
72494,0,6093,14.4,8.87,0.0,0.0,16.44,277.66,7.2,12,101400.0,9999999
72494,0,6094,14.4,8.87,0.0,0.0,16.44,279.09,9.8,12,101400.0,9999999
72494,0,6095,15.0,8.87,0.0,0.0,16.44,282.28,5.7,12,101300.0,9999999
72494,0,6096,15.0,8.87,0.0,0.0,16.44,284.22,6.7,12,101300.0,9999999
72494,0,6097,15.0,8.58,0.0,0.0,16.44,282.08,4.1,11,101300.0,9999999
72494,0,6098,14.4,8.58,0.0,0.0,16.44,281.49,4.1,12,101300.0,9999999
72494,0,6099,14.4,8.58,0.0,0.0,16.44,283.45,3.6,12,101300.0,9999999
72494,0,6100,14.4,8.58,0.0,0.0,16.44,283.45,3.6,13,101300.0,9999999
72494,0,6101,14.4,8.24,0.0,0.0,16.44,278.89,5.2,13,101300.0,9999999
72494,0,6102,15.0,8.58,47.0,45.0,16.44,280.7,3.1,10,101400.0,9999999
72494,0,6103,15.6,8.24,178.0,156.0,16.44,279.9,3.6,9,101400.0,9999999
72494,0,6104,16.7,8.24,281.0,188.0,16.44,282.08,3.1,6,101400.0,9999999
72494,0,6105,18.9,8.24,631.0,173.0,16.44,279.9,2.6,4,101400.0,9999999
72494,0,6106,19.4,8.58,779.0,139.0,16.44,278.27,3.6,3,101400.0,9999999
72494,0,6107,20.0,8.87,850.0,146.0,16.44,279.09,4.1,1,101400.0,9999999
72494,0,6108,20.6,8.87,856.0,147.0,16.44,279.49,6.7,15,101300.0,9999999
72494,0,6109,22.2,8.87,797.0,141.0,16.44,281.1,6.2,13,101300.0,9999999
72494,0,6110,22.2,8.58,675.0,128.0,16.44,280.9,7.2,14,101300.0,9999999
72494,0,6111,21.1,8.24,503.0,108.0,16.44,279.7,6.2,13,101300.0,9999999
72494,0,6112,18.3,8.58,297.0,80.0,16.44,277.25,7.7,14,101300.0,9999999
72494,0,6113,17.2,8.24,99.0,46.0,16.44,276.0,6.2,13,101300.0,9999999
72494,0,6114,15.6,8.24,2.0,2.0,16.44,274.52,5.2,13,101300.0,9999999
72494,0,6115,15.6,8.87,0.0,0.0,16.44,274.73,4.1,15,101400.0,9999999
72494,0,6116,14.4,8.24,0.0,0.0,16.44,273.44,4.1,15,101400.0,9999999
72494,0,6117,13.9,8.24,0.0,0.0,16.44,273.01,3.6,14,101400.0,9999999
72494,0,6118,13.9,7.97,0.0,0.0,16.44,272.8,3.1,11,101400.0,9999999
72494,0,6119,13.9,7.97,0.0,0.0,16.44,272.8,2.1,9,101400.0,9999999
72494,0,6120,13.9,7.97,0.0,0.0,16.44,274.09,0.0,0,101400.0,9999999
72494,0,6121,13.3,7.97,0.0,0.0,16.44,272.36,2.1,12,101500.0,9999999
72494,0,6122,12.8,7.97,0.0,0.0,16.44,274.09,2.1,12,101500.0,9999999
72494,0,6123,12.8,7.65,0.0,0.0,16.44,271.7,2.1,11,101500.0,9999999
72494,0,6124,12.2,7.65,0.0,0.0,16.44,272.36,0.0,0,101500.0,9999999
72494,0,6125,13.3,7.65,0.0,0.0,16.44,274.94,0.0,0,101500.0,9999999
72494,0,6126,14.4,8.58,52.0,43.0,16.44,277.04,2.1,7,101600.0,9999999
72494,0,6127,16.1,8.24,149.0,103.0,16.44,279.7,2.1,5,101600.0,9999999
72494,0,6128,18.3,8.24,152.0,128.0,16.44,285.18,2.1,8,101700.0,9999999
72494,0,6129,18.3,8.24,205.0,164.0,16.44,285.18,1.5,12,101700.0,9999999
72494,0,6130,18.9,8.58,728.0,256.0,16.44,281.29,3.1,3,101700.0,9999999
72494,0,6131,19.4,8.87,827.0,202.0,16.44,278.48,4.1,3,101700.0,9999999
72494,0,6132,21.7,8.58,833.0,202.0,16.44,280.5,2.6,5,101600.0,9999999
72494,0,6133,21.1,8.58,772.0,194.0,16.44,279.9,7.7,12,101600.0,9999999
72494,0,6134,20.6,8.24,649.0,175.0,16.44,279.29,6.7,14,101600.0,9999999
72494,0,6135,19.4,8.24,474.0,146.0,16.44,278.07,7.7,14,101600.0,9999999
72494,0,6136,17.8,8.24,270.0,104.0,16.44,276.62,8.2,14,101600.0,9999999
72494,0,6137,15.6,8.24,83.0,54.0,16.44,274.52,7.7,14,101600.0,9999999
72494,0,6138,13.9,8.24,1.0,1.0,16.44,273.01,8.8,14,101600.0,9999999
72494,0,6139,13.3,8.24,0.0,0.0,16.44,275.36,8.2,13,101700.0,9999999
72494,0,6140,13.3,8.24,0.0,0.0,16.44,274.52,5.2,12,101700.0,9999999
72494,0,6141,13.3,8.24,0.0,0.0,16.44,275.36,4.1,14,101800.0,9999999
72494,0,6142,13.3,8.24,0.0,0.0,16.44,273.66,4.1,13,101800.0,9999999
72494,0,6143,12.8,8.24,0.0,0.0,16.44,273.23,2.1,11,101800.0,9999999
72494,0,6144,12.8,8.24,0.0,0.0,16.44,274.73,3.1,14,101800.0,9999999
72494,0,6145,12.8,7.97,0.0,0.0,16.44,277.25,2.6,11,101800.0,9999999
72494,0,6146,12.2,8.24,0.0,0.0,16.44,275.36,4.1,14,101800.0,9999999
72494,0,6147,12.2,8.24,0.0,0.0,16.44,279.29,0.0,0,101800.0,9999999
72494,0,6148,12.2,7.97,0.0,0.0,16.44,279.09,0.0,0,101800.0,9999999
72494,0,6149,12.8,8.24,0.0,0.0,16.44,281.89,1.5,12,101900.0,9999999
72494,0,6150,13.3,8.58,38.0,36.0,16.44,280.5,2.1,11,102000.0,9999999
72494,0,6151,14.4,8.58,240.0,209.0,16.44,278.89,2.1,12,102000.0,9999999
72494,0,6152,16.7,8.87,417.0,176.0,16.44,279.29,2.6,1,102000.0,9999999
72494,0,6153,17.8,8.87,639.0,129.0,16.44,276.83,3.1,1,102000.0,9999999
72494,0,6154,18.9,9.23,770.0,143.0,16.44,278.07,3.1,2,102000.0,9999999
72494,0,6155,20.6,9.54,841.0,151.0,16.44,279.9,5.7,15,101900.0,9999999
72494,0,6156,21.7,8.58,846.0,151.0,16.44,280.5,5.7,14,101900.0,9999999
72494,0,6157,21.1,8.58,786.0,145.0,16.44,279.9,9.3,15,101800.0,9999999
72494,0,6158,21.1,8.58,663.0,131.0,16.44,279.9,8.2,15,101800.0,9999999
72494,0,6159,18.9,8.58,490.0,110.0,16.44,277.86,9.3,14,101700.0,9999999
72494,0,6160,19.4,7.97,284.0,80.0,16.44,278.07,7.2,15,101700.0,9999999
72494,0,6161,16.1,8.24,90.0,45.0,16.44,274.94,9.3,14,101700.0,9999999
72494,0,6162,14.4,8.24,1.0,1.0,16.44,273.44,7.7,15,101600.0,9999999
72494,0,6163,13.3,8.24,0.0,0.0,16.44,272.36,7.7,15,101700.0,9999999
72494,0,6164,12.8,7.97,0.0,0.0,16.44,271.7,5.7,14,101800.0,9999999
72494,0,6165,12.8,8.24,0.0,0.0,16.44,271.92,5.2,14,101700.0,9999999
72494,0,6166,12.2,8.58,0.0,0.0,16.44,271.48,4.1,14,101700.0,9999999
72494,0,6167,12.8,8.58,0.0,0.0,16.44,271.92,3.1,14,101700.0,9999999
72494,0,6168,12.2,8.24,0.0,0.0,16.44,271.26,3.6,15,101700.0,9999999
72494,0,6169,12.8,8.24,0.0,0.0,16.44,271.92,2.1,13,101600.0,9999999
72494,0,6170,12.8,8.24,0.0,0.0,16.44,271.92,2.6,12,101600.0,9999999
72494,0,6171,12.2,7.97,0.0,0.0,16.44,271.26,4.1,14,101600.0,9999999
72494,0,6172,12.2,7.97,0.0,0.0,16.44,271.26,2.1,11,101600.0,9999999
72494,0,6173,12.8,7.65,0.0,0.0,16.44,271.7,0.0,0,101600.0,9999999
72494,0,6174,15.6,8.24,57.0,42.0,16.44,274.52,0.0,0,101700.0,9999999
72494,0,6175,17.2,9.54,232.0,92.0,16.44,276.62,0.0,0,101600.0,9999999
72494,0,6176,18.9,10.26,437.0,133.0,16.44,278.48,2.1,3,101600.0,9999999
72494,0,6177,20.6,10.26,618.0,164.0,16.44,280.1,2.6,4,101600.0,9999999
72494,0,6178,22.8,10.67,751.0,183.0,16.44,282.28,2.6,2,101600.0,9999999
72494,0,6179,23.9,11.09,822.0,193.0,16.44,283.45,2.1,3,101500.0,9999999
72494,0,6180,26.7,8.87,827.0,194.0,16.44,285.37,3.1,3,101400.0,9999999
72494,0,6181,30.0,7.97,765.0,185.0,16.44,288.17,2.6,1,101300.0,9999999
72494,0,6182,29.4,8.87,642.0,167.0,16.44,287.99,7.2,14,101300.0,9999999
72494,0,6183,26.1,7.34,467.0,139.0,16.44,284.22,9.3,14,101200.0,9999999
72494,0,6184,26.1,6.57,262.0,99.0,16.44,283.84,8.2,13,101200.0,9999999
72494,0,6185,25.0,6.8,77.0,51.0,16.44,282.87,8.2,14,101200.0,9999999
72494,0,6186,23.9,6.57,1.0,1.0,16.44,281.69,8.2,13,101200.0,9999999
72494,0,6187,21.7,7.09,0.0,0.0,16.44,279.9,5.2,14,101200.0,9999999
72494,0,6188,20.6,7.65,0.0,0.0,16.44,279.09,4.1,13,101200.0,9999999
72494,0,6189,19.4,9.23,0.0,0.0,16.44,278.48,0.0,0,101200.0,9999999
72494,0,6190,18.9,7.97,0.0,0.0,16.44,277.66,2.1,14,101200.0,9999999
72494,0,6191,17.2,8.58,0.0,0.0,16.44,276.21,3.1,14,101200.0,9999999
72494,0,6192,16.1,8.58,0.0,0.0,16.44,275.15,3.1,14,101200.0,9999999
72494,0,6193,15.6,8.58,0.0,0.0,16.44,274.73,3.1,14,101100.0,9999999
72494,0,6194,15.0,8.58,0.0,0.0,16.44,274.09,3.1,14,101100.0,9999999
72494,0,6195,15.0,8.87,0.0,0.0,16.44,274.3,4.1,15,101100.0,9999999
72494,0,6196,13.9,8.87,0.0,0.0,16.44,273.23,2.6,14,101100.0,9999999
72494,0,6197,14.4,8.58,0.0,0.0,16.44,273.44,2.1,10,101200.0,9999999
72494,0,6198,15.6,8.87,68.0,31.0,16.44,274.73,2.6,14,101200.0,9999999
72494,0,6199,20.0,9.54,256.0,59.0,16.44,279.29,2.1,2,101200.0,9999999
72494,0,6200,21.1,10.26,462.0,83.0,16.44,280.5,2.1,3,101200.0,9999999
72494,0,6201,22.2,11.09,605.0,104.0,16.44,283.25,3.1,1,101200.0,9999999
72494,0,6202,23.3,10.67,675.0,204.0,16.44,285.74,3.1,3,101200.0,9999999
72494,0,6203,26.1,9.93,718.0,193.0,16.44,287.43,3.1,16,101100.0,9999999
72494,0,6204,30.0,7.97,732.0,236.0,16.44,291.25,7.2,15,101100.0,9999999
72494,0,6205,28.9,7.65,741.0,199.0,16.44,289.27,8.2,15,101000.0,9999999
72494,0,6206,29.4,7.34,466.0,198.0,16.44,292.14,7.7,14,101000.0,9999999
72494,0,6207,25.0,7.97,445.0,137.0,16.44,285.74,8.8,14,101000.0,9999999
72494,0,6208,22.2,8.58,229.0,176.0,16.44,285.74,8.2,14,101000.0,9999999
72494,0,6209,16.1,8.87,61.0,46.0,16.44,279.29,10.3,14,101000.0,9999999
72494,0,6210,15.0,8.87,1.0,1.0,16.44,277.25,9.3,14,101100.0,9999999
72494,0,6211,15.0,8.58,0.0,0.0,16.44,275.36,9.3,14,101200.0,9999999
72494,0,6212,13.9,8.58,0.0,0.0,16.44,274.3,7.2,14,101200.0,9999999
72494,0,6213,13.3,8.58,0.0,0.0,16.44,274.73,6.7,14,101200.0,9999999
72494,0,6214,13.3,8.58,0.0,0.0,16.44,273.87,5.7,14,101200.0,9999999
72494,0,6215,12.8,8.58,0.0,0.0,16.44,273.23,5.2,14,101300.0,9999999
72494,0,6216,12.8,8.24,0.0,0.0,16.44,271.92,4.1,14,101300.0,9999999
72494,0,6217,12.8,8.24,0.0,0.0,16.44,271.92,4.1,14,101300.0,9999999
72494,0,6218,12.2,8.24,0.0,0.0,16.44,273.44,2.6,14,101300.0,9999999
72494,0,6219,12.2,7.97,0.0,0.0,16.44,272.58,3.1,14,101300.0,9999999
72494,0,6220,11.7,7.97,0.0,0.0,16.44,273.01,2.1,15,101400.0,9999999
72494,0,6221,12.8,8.24,0.0,0.0,16.44,278.27,2.1,14,101400.0,9999999
72494,0,6222,12.8,7.97,48.0,36.0,16.44,274.09,2.1,12,101500.0,9999999
72494,0,6223,15.6,8.58,229.0,111.0,16.44,277.66,0.0,0,101500.0,9999999
72494,0,6224,17.2,8.58,425.0,142.0,16.44,278.48,3.6,7,101600.0,9999999
72494,0,6225,18.3,8.87,470.0,173.0,16.44,280.3,3.1,4,101600.0,9999999
72494,0,6226,19.4,9.23,698.0,143.0,16.44,279.9,3.6,2,101600.0,9999999
72494,0,6227,20.0,9.23,826.0,154.0,16.44,279.09,4.1,2,101600.0,9999999
72494,0,6228,20.6,9.54,830.0,154.0,16.44,279.9,4.1,2,101500.0,9999999
72494,0,6229,22.2,9.23,768.0,148.0,16.44,281.29,3.1,4,101500.0,9999999
72494,0,6230,21.7,8.87,645.0,134.0,16.44,280.7,5.2,11,101500.0,9999999
72494,0,6231,21.1,8.87,471.0,111.0,16.44,280.1,6.2,13,101500.0,9999999
72494,0,6232,20.0,8.87,266.0,80.0,16.44,279.09,6.2,12,101500.0,9999999
72494,0,6233,17.8,8.87,77.0,43.0,16.44,276.83,5.2,13,101500.0,9999999
72494,0,6234,16.1,8.87,0.0,0.0,16.44,275.36,5.2,13,101500.0,9999999
72494,0,6235,15.6,8.87,0.0,0.0,16.44,274.73,5.2,12,101600.0,9999999
72494,0,6236,14.4,8.58,0.0,0.0,16.44,273.44,4.1,14,101700.0,9999999
72494,0,6237,14.4,8.58,0.0,0.0,16.44,273.44,4.6,14,101700.0,9999999
72494,0,6238,13.9,8.58,0.0,0.0,16.44,273.01,3.6,14,101700.0,9999999
72494,0,6239,14.4,8.87,0.0,0.0,16.44,280.1,2.1,14,101700.0,9999999
72494,0,6240,15.0,8.87,0.0,0.0,16.44,284.22,3.1,13,101700.0,9999999
72494,0,6241,15.6,8.87,0.0,0.0,16.44,284.79,3.6,13,101600.0,9999999
72494,0,6242,14.4,8.58,0.0,0.0,16.44,281.49,3.1,11,101600.0,9999999
72494,0,6243,14.4,8.58,0.0,0.0,16.44,283.45,3.6,12,101600.0,9999999
72494,0,6244,14.4,8.58,0.0,0.0,16.44,283.45,3.1,14,101600.0,9999999
72494,0,6245,14.4,8.58,0.0,0.0,16.44,281.49,3.6,14,101600.0,9999999
72494,0,6246,15.0,8.87,22.0,22.0,16.44,284.22,0.0,0,101700.0,9999999
72494,0,6247,15.6,8.87,188.0,151.0,16.44,280.3,1.5,5,101700.0,9999999
72494,0,6248,16.7,9.23,277.0,177.0,16.44,280.1,2.6,5,101700.0,9999999
72494,0,6249,17.8,9.23,563.0,155.0,16.44,280.5,2.6,3,101700.0,9999999
72494,0,6250,19.4,9.54,494.0,279.0,16.44,282.67,3.1,2,101600.0,9999999
72494,0,6251,19.4,8.58,657.0,261.0,16.44,281.89,8.8,14,101600.0,9999999
72494,0,6252,18.9,8.24,754.0,217.0,16.44,281.29,10.8,15,101500.0,9999999
72494,0,6253,18.3,8.58,688.0,216.0,16.44,280.7,9.3,15,101500.0,9999999
72494,0,6254,18.3,8.58,407.0,307.0,16.44,281.29,10.3,14,101400.0,9999999
72494,0,6255,17.8,8.58,327.0,217.0,16.44,280.9,9.3,14,101400.0,9999999
72494,0,6256,16.1,8.58,107.0,87.0,16.44,279.7,9.3,14,101400.0,9999999
72494,0,6257,15.0,8.58,59.0,52.0,16.44,278.68,7.2,15,101400.0,9999999
72494,0,6258,13.9,8.58,0.0,0.0,16.44,277.04,6.7,14,101400.0,9999999
72494,0,6259,13.9,8.58,0.0,0.0,16.44,275.36,6.2,14,101400.0,9999999
72494,0,6260,13.3,8.87,0.0,0.0,16.44,275.58,5.2,14,101400.0,9999999
72494,0,6261,13.3,8.87,0.0,0.0,16.44,276.62,6.2,14,101500.0,9999999
72494,0,6262,13.3,8.87,0.0,0.0,16.44,276.62,5.2,14,101400.0,9999999
72494,0,6263,12.8,8.58,0.0,0.0,16.44,274.3,4.6,14,101400.0,9999999
72494,0,6264,12.8,8.58,0.0,0.0,16.44,276.62,5.7,14,101400.0,9999999
72494,0,6265,12.8,8.87,0.0,0.0,16.44,276.62,5.7,14,101400.0,9999999
72494,0,6266,12.8,8.87,0.0,0.0,16.44,276.0,4.6,14,101400.0,9999999
72494,0,6267,12.8,8.58,0.0,0.0,16.44,278.48,5.2,15,101400.0,9999999
72494,0,6268,12.8,8.58,0.0,0.0,16.44,277.45,2.6,11,101400.0,9999999
72494,0,6269,12.2,8.58,0.0,0.0,16.44,275.36,4.1,9,101400.0,9999999
72494,0,6270,13.3,8.58,49.0,47.0,16.44,277.04,2.1,12,101400.0,9999999
72494,0,6271,13.9,8.87,156.0,89.0,16.44,277.86,1.5,8,101400.0,9999999
72494,0,6272,15.0,8.87,424.0,108.0,16.44,276.41,3.6,16,101400.0,9999999
72494,0,6273,17.8,9.23,635.0,92.0,16.44,277.04,5.2,15,101500.0,9999999
72494,0,6274,17.8,9.23,763.0,103.0,16.44,277.04,5.2,16,101400.0,9999999
72494,0,6275,18.9,9.54,831.0,108.0,16.44,278.27,6.2,16,101400.0,9999999
72494,0,6276,20.0,9.54,835.0,108.0,16.44,279.29,6.7,15,101300.0,9999999
72494,0,6277,20.0,9.23,727.0,101.0,16.44,280.5,9.3,14,101300.0,9999999
72494,0,6278,19.4,9.23,618.0,91.0,16.44,279.9,8.8,14,101200.0,9999999
72494,0,6279,18.3,9.23,454.0,76.0,16.44,278.89,9.8,14,101200.0,9999999
72494,0,6280,17.2,9.23,225.0,67.0,16.44,278.68,8.8,15,101200.0,9999999
72494,0,6281,15.6,9.23,78.0,33.0,16.44,276.21,7.2,14,101200.0,9999999
72494,0,6282,15.0,9.23,0.0,0.0,16.44,275.58,6.2,14,101300.0,9999999
72494,0,6283,14.4,9.23,0.0,0.0,16.44,273.87,5.7,14,101300.0,9999999
72494,0,6284,13.9,8.87,0.0,0.0,16.44,273.23,5.2,14,101400.0,9999999
72494,0,6285,13.9,8.87,0.0,0.0,16.44,274.52,4.1,14,101300.0,9999999
72494,0,6286,13.9,8.87,0.0,0.0,16.44,274.52,3.6,14,101300.0,9999999
72494,0,6287,13.3,8.87,0.0,0.0,16.44,275.58,3.1,14,101300.0,9999999
72494,0,6288,13.9,8.87,0.0,0.0,16.44,281.1,2.1,15,101300.0,9999999
72494,0,6289,13.9,8.87,0.0,0.0,16.44,277.86,0.0,0,101300.0,9999999
72494,0,6290,14.4,8.58,0.0,0.0,16.44,283.45,2.1,14,101300.0,9999999
72494,0,6291,14.4,8.87,0.0,0.0,16.44,283.64,2.1,14,101300.0,9999999
72494,0,6292,14.4,9.23,0.0,0.0,16.44,283.84,2.6,13,101300.0,9999999
72494,0,6293,15.0,9.23,0.0,0.0,16.44,284.41,0.0,0,101300.0,9999999
72494,0,6294,15.0,9.23,18.0,18.0,16.44,284.41,2.6,10,101400.0,9999999
72494,0,6295,16.1,9.93,61.0,61.0,16.44,285.74,2.1,7,101400.0,9999999
72494,0,6296,16.7,9.93,112.0,112.0,16.44,286.31,0.0,0,101400.0,9999999
72494,0,6297,19.4,9.93,551.0,368.0,16.44,282.87,3.1,1,101400.0,9999999
72494,0,6298,19.4,9.93,711.0,162.0,16.44,280.1,3.1,2,101300.0,9999999
72494,0,6299,20.0,10.26,823.0,115.0,16.44,279.49,3.6,1,101300.0,9999999
72494,0,6300,21.1,9.23,826.0,115.0,16.44,280.1,7.2,14,101200.0,9999999
72494,0,6301,20.6,9.23,764.0,110.0,16.44,279.7,10.3,15,101100.0,9999999
72494,0,6302,19.4,9.23,641.0,99.0,16.44,278.48,10.8,15,101100.0,9999999
72494,0,6303,18.3,9.23,468.0,82.0,16.44,277.45,10.3,14,101000.0,9999999
72494,0,6304,17.2,9.23,265.0,60.0,16.44,276.41,10.3,14,101000.0,9999999
72494,0,6305,15.6,9.23,73.0,33.0,16.44,274.94,8.2,14,101100.0,9999999
72494,0,6306,15.0,9.23,0.0,0.0,16.44,274.3,6.2,15,101100.0,9999999
72494,0,6307,14.4,9.23,0.0,0.0,16.44,273.87,6.7,14,101200.0,9999999
72494,0,6308,14.4,9.23,0.0,0.0,16.44,273.87,4.6,14,101200.0,9999999
72494,0,6309,14.4,9.23,0.0,0.0,16.44,273.87,3.6,14,101200.0,9999999
72494,0,6310,13.9,9.23,0.0,0.0,16.44,273.23,5.2,14,101200.0,9999999
72494,0,6311,13.9,9.23,0.0,0.0,16.44,274.52,5.2,14,101200.0,9999999
72494,0,6312,13.9,9.23,0.0,0.0,16.44,275.58,4.1,14,101200.0,9999999
72494,0,6313,13.9,9.23,0.0,0.0,16.44,279.9,3.1,14,101200.0,9999999
72494,0,6314,13.9,9.23,0.0,0.0,16.44,278.68,2.1,14,101200.0,9999999
72494,0,6315,14.4,9.23,0.0,0.0,16.44,280.3,2.1,11,101200.0,9999999
72494,0,6316,14.4,9.54,0.0,0.0,16.44,283.84,0.0,0,101200.0,9999999
72494,0,6317,13.9,9.54,0.0,0.0,16.44,283.45,2.1,12,101300.0,9999999
72494,0,6318,15.0,9.54,17.0,17.0,16.44,284.41,0.0,0,101300.0,9999999
72494,0,6319,15.6,9.93,56.0,56.0,16.44,285.18,1.5,7,101400.0,9999999
72494,0,6320,16.1,9.93,287.0,232.0,16.44,283.64,1.5,4,101400.0,9999999
72494,0,6321,17.8,9.93,496.0,233.0,16.44,280.7,1.5,4,101400.0,9999999
72494,0,6322,19.4,10.26,697.0,136.0,16.44,280.3,3.1,2,101400.0,9999999
72494,0,6323,19.4,10.26,792.0,143.0,16.44,280.3,3.1,2,101400.0,9999999
72494,0,6324,20.6,10.26,767.0,143.0,16.44,281.29,3.6,2,101300.0,9999999
72494,0,6325,20.0,9.54,723.0,152.0,16.44,280.5,8.2,15,101200.0,9999999
72494,0,6326,20.0,9.54,623.0,125.0,16.44,279.29,9.3,15,101200.0,9999999
72494,0,6327,19.4,9.54,449.0,103.0,16.44,278.68,10.3,15,101200.0,9999999
72494,0,6328,18.3,9.54,246.0,73.0,16.44,277.66,10.8,15,101200.0,9999999
72494,0,6329,16.7,9.54,46.0,36.0,16.44,279.09,8.8,15,101200.0,9999999
72494,0,6330,15.6,9.23,0.0,0.0,16.44,278.48,6.2,14,101300.0,9999999
72494,0,6331,15.6,9.54,0.0,0.0,16.44,279.09,7.2,15,101400.0,9999999
72494,0,6332,16.1,9.54,0.0,0.0,16.44,280.1,3.1,15,101400.0,9999999
72494,0,6333,15.6,9.54,0.0,0.0,16.44,281.49,4.1,14,101500.0,9999999
72494,0,6334,16.1,9.93,0.0,0.0,16.44,281.1,3.1,6,101500.0,9999999
72494,0,6335,15.6,9.54,0.0,0.0,16.44,281.49,2.1,15,101400.0,9999999
72494,0,6336,15.6,9.54,0.0,0.0,16.44,281.49,3.1,14,101400.0,9999999
72494,0,6337,15.6,9.54,0.0,0.0,16.44,283.06,3.1,14,101400.0,9999999
72494,0,6338,15.0,9.54,0.0,0.0,16.44,278.48,4.1,14,101400.0,9999999
72494,0,6339,14.4,9.23,0.0,0.0,16.44,277.25,3.6,14,101400.0,9999999
72494,0,6340,14.4,9.23,0.0,0.0,16.44,283.84,4.1,14,101400.0,9999999
72494,0,6341,15.0,9.54,0.0,0.0,16.44,284.41,4.6,14,101500.0,9999999
72494,0,6342,15.0,8.87,38.0,34.0,16.44,278.89,3.1,14,101600.0,9999999
72494,0,6343,16.1,9.23,132.0,99.0,16.44,279.49,1.5,6,101600.0,9999999
72494,0,6344,17.2,9.23,318.0,133.0,16.44,279.49,1.5,2,101600.0,9999999
72494,0,6345,18.3,9.54,598.0,138.0,16.44,277.66,4.1,16,101600.0,9999999
72494,0,6346,18.9,9.93,726.0,155.0,16.44,278.27,4.1,1,101600.0,9999999
72494,0,6347,19.4,9.54,767.0,186.0,16.44,279.9,8.2,15,101500.0,9999999
72494,0,6348,20.6,9.23,700.0,229.0,16.44,282.67,9.3,14,101500.0,9999999
72494,0,6349,20.6,9.23,637.0,298.0,16.44,283.25,9.3,14,101500.0,9999999
72494,0,6350,19.4,9.23,566.0,214.0,16.44,281.49,8.8,14,101400.0,9999999
72494,0,6351,18.9,9.23,388.0,227.0,16.44,281.69,7.2,14,101400.0,9999999
72494,0,6352,17.8,9.23,198.0,161.0,16.44,281.1,8.2,14,101400.0,9999999
72494,0,6353,16.1,9.23,46.0,41.0,16.44,279.49,7.2,14,101400.0,9999999
72494,0,6354,15.6,9.23,0.0,0.0,16.44,278.89,6.2,14,101400.0,9999999
72494,0,6355,15.0,9.23,0.0,0.0,16.44,277.86,7.7,14,101500.0,9999999
72494,0,6356,15.6,9.23,0.0,0.0,16.44,279.49,7.2,14,101500.0,9999999
72494,0,6357,15.0,9.54,0.0,0.0,16.44,282.48,5.2,14,101500.0,9999999
72494,0,6358,15.0,9.54,0.0,0.0,16.44,282.48,5.2,14,101500.0,9999999
72494,0,6359,15.6,9.54,0.0,0.0,16.44,283.06,3.1,12,101500.0,9999999
72494,0,6360,15.6,9.54,0.0,0.0,16.44,283.06,6.2,14,101500.0,9999999
72494,0,6361,15.6,9.54,0.0,0.0,16.44,284.99,5.2,14,101400.0,9999999
72494,0,6362,15.6,9.54,0.0,0.0,16.44,283.06,4.1,14,101400.0,9999999
72494,0,6363,15.6,9.54,0.0,0.0,16.44,284.99,3.6,15,101300.0,9999999
72494,0,6364,16.1,9.54,0.0,0.0,16.44,285.55,3.1,1,101300.0,9999999
72494,0,6365,16.1,9.93,0.0,0.0,16.44,285.74,4.1,16,101300.0,9999999
72494,0,6366,16.7,9.54,29.0,28.0,16.44,284.22,2.6,11,101300.0,9999999
72494,0,6367,17.2,9.93,76.0,59.0,16.44,284.79,4.1,8,101400.0,9999999
72494,0,6368,18.3,10.26,160.0,160.0,16.44,287.99,2.1,7,101500.0,9999999
72494,0,6369,18.3,11.09,179.0,179.0,16.44,288.35,4.6,4,101600.0,9999999
72494,0,6370,17.2,11.09,475.0,384.0,16.44,285.18,3.6,14,101500.0,9999999
72494,0,6371,19.4,11.91,655.0,450.0,16.44,287.62,2.1,2,101400.0,9999999
72494,0,6372,20.0,11.91,508.0,431.0,16.44,288.17,1.5,4,101300.0,9999999
72494,0,6373,21.7,11.91,567.0,243.0,16.44,288.35,3.1,5,101300.0,9999999
72494,0,6374,23.3,10.67,432.0,206.0,16.44,288.35,1.5,6,101300.0,9999999
72494,0,6375,25.6,10.26,229.0,191.0,16.44,289.63,2.1,16,101200.0,9999999
72494,0,6376,23.3,9.93,94.0,64.0,16.44,288.17,2.1,16,101200.0,9999999
72494,0,6377,20.0,10.26,33.0,31.0,16.44,286.12,6.2,14,101200.0,9999999
72494,0,6378,20.0,10.26,0.0,0.0,16.44,284.99,7.2,14,101200.0,9999999
72494,0,6379,19.4,9.93,0.0,0.0,16.44,283.45,5.7,13,101200.0,9999999
72494,0,6380,18.9,9.93,0.0,0.0,16.44,283.06,5.7,14,101200.0,9999999
72494,0,6381,17.8,9.93,0.0,0.0,16.44,278.68,3.6,14,101200.0,9999999
72494,0,6382,17.8,9.93,0.0,0.0,16.44,278.68,3.6,14,101200.0,9999999
72494,0,6383,17.8,9.93,0.0,0.0,16.44,277.25,3.1,14,101200.0,9999999
72494,0,6384,18.3,9.54,0.0,0.0,16.44,277.66,0.0,0,101200.0,9999999
72494,0,6385,17.8,10.26,0.0,0.0,16.44,277.45,0.0,0,101200.0,9999999
72494,0,6386,16.7,9.54,0.0,0.0,16.44,276.0,0.0,0,101200.0,9999999
72494,0,6387,17.2,9.93,0.0,0.0,16.44,276.62,3.1,14,101200.0,9999999
72494,0,6388,15.0,9.54,0.0,0.0,16.44,274.52,2.6,13,101200.0,9999999
72494,0,6389,15.0,9.54,0.0,0.0,16.44,274.52,1.5,14,101300.0,9999999
72494,0,6390,16.7,10.67,48.0,28.0,16.44,276.41,2.6,8,101400.0,9999999
72494,0,6391,17.8,10.67,224.0,60.0,16.44,277.45,2.1,2,101400.0,9999999
72494,0,6392,18.9,10.67,424.0,86.0,16.44,278.48,3.1,4,101500.0,9999999
72494,0,6393,19.4,11.09,601.0,102.0,16.44,279.09,3.6,3,101500.0,9999999
72494,0,6394,21.1,11.09,726.0,114.0,16.44,280.9,3.1,3,101400.0,9999999
72494,0,6395,21.7,11.09,785.0,124.0,16.44,281.29,3.1,2,101400.0,9999999
72494,0,6396,22.8,11.46,753.0,122.0,16.44,283.84,3.6,1,101400.0,9999999
72494,0,6397,23.3,10.67,694.0,174.0,16.44,284.99,3.1,7,101400.0,9999999
72494,0,6398,23.9,9.93,521.0,205.0,16.44,286.12,3.1,11,101400.0,9999999
72494,0,6399,22.8,10.26,399.0,217.0,16.44,286.31,2.1,8,101300.0,9999999
72494,0,6400,21.7,10.67,128.0,88.0,16.44,285.37,4.1,15,101300.0,9999999
72494,0,6401,19.4,10.26,55.0,47.0,16.44,283.64,4.1,15,101400.0,9999999
72494,0,6402,18.9,10.26,0.0,0.0,16.44,283.06,2.1,14,101400.0,9999999
72494,0,6403,18.3,10.26,0.0,0.0,16.44,282.48,2.1,16,101500.0,9999999
72494,0,6404,17.8,10.26,0.0,0.0,16.44,284.03,2.1,14,101500.0,9999999
72494,0,6405,17.2,10.26,0.0,0.0,16.44,280.3,2.6,13,101500.0,9999999
72494,0,6406,16.7,10.26,0.0,0.0,16.44,280.3,3.1,14,101500.0,9999999
72494,0,6407,16.1,10.26,0.0,0.0,16.44,279.29,4.6,14,101500.0,9999999
72494,0,6408,16.1,10.26,0.0,0.0,16.44,279.29,2.6,14,101500.0,9999999
72494,0,6409,16.7,10.26,0.0,0.0,16.44,284.41,2.1,13,101500.0,9999999
72494,0,6410,16.1,10.26,0.0,0.0,16.44,285.74,3.6,14,101500.0,9999999
72494,0,6411,16.1,10.26,0.0,0.0,16.44,285.74,3.6,15,101500.0,9999999
72494,0,6412,16.1,10.26,0.0,0.0,16.44,285.74,3.1,14,101500.0,9999999
72494,0,6413,16.1,10.26,0.0,0.0,16.44,285.74,4.1,14,101500.0,9999999
72494,0,6414,16.1,10.26,21.0,21.0,16.44,285.74,3.6,14,101600.0,9999999
72494,0,6415,16.7,10.26,61.0,61.0,16.44,286.5,4.1,14,101600.0,9999999
72494,0,6416,16.7,10.26,96.0,96.0,16.44,286.5,3.1,16,101600.0,9999999
72494,0,6417,17.2,10.26,140.0,140.0,16.44,286.87,3.6,15,101600.0,9999999
72494,0,6418,17.8,10.67,172.0,172.0,16.44,287.62,2.1,16,101600.0,9999999
72494,0,6419,19.4,9.93,774.0,282.0,16.44,282.87,3.6,1,101500.0,9999999
72494,0,6420,20.6,11.09,761.0,225.0,16.44,280.3,2.6,2,101400.0,9999999
72494,0,6421,22.2,10.67,695.0,213.0,16.44,281.69,5.7,15,101400.0,9999999
72494,0,6422,21.7,10.26,567.0,189.0,16.44,281.1,7.2,14,101300.0,9999999
72494,0,6423,19.4,10.26,391.0,151.0,16.44,278.89,8.8,14,101300.0,9999999
72494,0,6424,17.2,9.93,194.0,99.0,16.44,276.62,8.2,14,101300.0,9999999
72494,0,6425,16.1,9.54,40.0,36.0,16.44,275.58,9.8,14,101300.0,9999999
72494,0,6426,15.0,9.54,0.0,0.0,16.44,274.52,10.3,14,101300.0,9999999
72494,0,6427,14.4,9.54,0.0,0.0,16.44,276.83,5.7,14,101400.0,9999999
72494,0,6428,13.9,9.54,0.0,0.0,16.44,274.73,6.2,14,101400.0,9999999
72494,0,6429,13.9,9.23,0.0,0.0,16.44,273.23,5.2,15,101400.0,9999999
72494,0,6430,13.3,9.23,0.0,0.0,16.44,272.8,5.2,14,101400.0,9999999
72494,0,6431,13.3,9.23,0.0,0.0,16.44,280.7,3.1,14,101400.0,9999999
72494,0,6432,13.3,9.23,0.0,0.0,16.44,276.62,4.1,15,101400.0,9999999
72494,0,6433,13.3,9.23,0.0,0.0,16.44,282.67,3.1,14,101500.0,9999999
72494,0,6434,13.3,9.23,0.0,0.0,16.44,282.67,4.1,15,101400.0,9999999
72494,0,6435,13.3,9.23,0.0,0.0,16.44,282.67,0.0,0,101400.0,9999999
72494,0,6436,13.3,9.54,0.0,0.0,16.44,282.87,2.1,14,101400.0,9999999
72494,0,6437,13.3,9.54,0.0,0.0,16.44,282.87,2.6,14,101400.0,9999999
72494,0,6438,13.3,9.23,14.0,14.0,16.44,282.67,3.6,15,101400.0,9999999
72494,0,6439,13.3,9.23,44.0,44.0,16.44,282.67,3.6,14,101500.0,9999999
72494,0,6440,13.9,9.54,86.0,86.0,16.44,283.45,2.1,15,101500.0,9999999
72494,0,6441,16.1,9.93,221.0,176.0,16.44,283.64,3.1,16,101500.0,9999999
72494,0,6442,17.8,9.54,723.0,127.0,16.44,277.25,3.6,16,101400.0,9999999
72494,0,6443,18.9,9.23,789.0,134.0,16.44,278.07,7.2,15,101300.0,9999999
72494,0,6444,18.9,9.23,789.0,134.0,16.44,278.07,9.3,14,101300.0,9999999
72494,0,6445,19.4,9.23,724.0,127.0,16.44,278.48,10.3,14,101300.0,9999999
72494,0,6446,18.9,9.23,599.0,114.0,16.44,278.07,11.3,14,101300.0,9999999
72494,0,6447,17.8,9.54,424.0,93.0,16.44,277.25,9.8,15,101300.0,9999999
72494,0,6448,16.7,9.54,222.0,65.0,16.44,276.0,8.2,14,101300.0,9999999
72494,0,6449,15.6,9.23,42.0,29.0,16.44,276.21,6.7,14,101400.0,9999999
72494,0,6450,14.4,9.23,0.0,0.0,16.44,273.87,6.7,14,101500.0,9999999
72494,0,6451,14.4,9.23,0.0,0.0,16.44,275.15,4.1,14,101400.0,9999999
72494,0,6452,14.4,9.54,0.0,0.0,16.44,275.15,5.7,14,101500.0,9999999
72494,0,6453,13.9,9.54,0.0,0.0,16.44,277.45,4.1,14,101500.0,9999999
72494,0,6454,13.9,9.54,0.0,0.0,16.44,281.49,4.6,14,101500.0,9999999
72494,0,6455,14.4,9.54,0.0,0.0,16.44,281.89,5.2,14,101400.0,9999999
72494,0,6456,13.9,9.54,0.0,0.0,16.44,283.45,5.2,13,101400.0,9999999
72494,0,6457,13.9,9.54,0.0,0.0,16.44,283.45,4.1,14,101400.0,9999999
72494,0,6458,13.9,9.23,0.0,0.0,16.44,283.25,4.1,14,101400.0,9999999
72494,0,6459,13.9,9.54,0.0,0.0,16.44,283.45,3.1,14,101400.0,9999999
72494,0,6460,13.9,9.54,0.0,0.0,16.44,283.45,4.1,12,101400.0,9999999
72494,0,6461,13.9,9.54,0.0,0.0,16.44,283.45,3.6,12,101400.0,9999999
72494,0,6462,14.4,9.54,15.0,15.0,16.44,283.84,4.1,16,101400.0,9999999
72494,0,6463,15.6,9.23,57.0,57.0,16.44,284.99,2.1,11,101500.0,9999999
72494,0,6464,16.7,9.23,128.0,128.0,16.44,286.12,2.6,14,101500.0,9999999
72494,0,6465,16.7,9.54,419.0,333.0,16.44,282.67,3.6,16,101500.0,9999999
72494,0,6466,18.3,9.54,577.0,237.0,16.44,282.28,3.1,15,101500.0,9999999
72494,0,6467,19.4,9.54,721.0,148.0,16.44,281.69,6.2,14,101500.0,9999999
72494,0,6468,18.9,9.54,650.0,196.0,16.44,281.69,9.8,14,101400.0,9999999
72494,0,6469,18.9,9.54,623.0,186.0,16.44,281.69,8.8,13,101400.0,9999999
72494,0,6470,17.8,9.54,524.0,122.0,16.44,281.1,7.7,15,101400.0,9999999
72494,0,6471,18.3,9.54,244.0,84.0,16.44,282.28,7.7,14,101300.0,9999999
72494,0,6472,17.2,9.54,181.0,132.0,16.44,282.08,7.2,14,101300.0,9999999
72494,0,6473,16.1,9.54,45.0,36.0,16.44,278.48,6.2,13,101300.0,9999999
72494,0,6474,16.1,9.54,0.0,0.0,16.44,277.86,6.7,12,101300.0,9999999
72494,0,6475,16.1,9.54,0.0,0.0,16.44,278.48,5.7,12,101400.0,9999999
72494,0,6476,16.1,9.54,0.0,0.0,16.44,276.83,4.6,13,101400.0,9999999
72494,0,6477,15.6,9.54,0.0,0.0,16.44,278.07,5.2,14,101400.0,9999999
72494,0,6478,15.6,9.54,0.0,0.0,16.44,277.25,6.2,14,101400.0,9999999
72494,0,6479,15.6,9.93,0.0,0.0,16.44,281.69,5.2,13,101400.0,9999999
72494,0,6480,15.6,9.93,0.0,0.0,16.44,281.69,4.1,14,101400.0,9999999
72494,0,6481,15.6,9.93,0.0,0.0,16.44,285.18,5.2,12,101400.0,9999999
72494,0,6482,15.6,9.93,0.0,0.0,16.44,285.18,3.6,14,101400.0,9999999
72494,0,6483,15.6,9.54,0.0,0.0,16.44,284.99,4.1,11,101500.0,9999999
72494,0,6484,15.6,9.54,0.0,0.0,16.44,284.99,5.2,13,101500.0,9999999
72494,0,6485,15.6,9.54,0.0,0.0,16.44,283.06,6.2,13,101500.0,9999999
72494,0,6486,16.1,9.23,26.0,25.0,16.44,283.45,3.6,12,101500.0,9999999
72494,0,6487,16.7,9.23,147.0,133.0,16.44,281.49,4.1,11,101600.0,9999999
72494,0,6488,18.9,9.23,225.0,169.0,16.44,284.6,6.2,13,101600.0,9999999
72494,0,6489,18.9,9.23,311.0,179.0,16.44,283.64,6.2,13,101600.0,9999999
72494,0,6490,20.0,9.23,361.0,235.0,16.44,285.74,7.2,14,101600.0,9999999
72494,0,6491,20.6,9.23,737.0,355.0,16.44,285.18,6.7,15,101600.0,9999999
72494,0,6492,21.1,8.87,563.0,385.0,16.44,286.68,7.7,13,101500.0,9999999
72494,0,6493,22.8,8.58,579.0,285.0,16.44,286.31,7.7,13,101500.0,9999999
72494,0,6494,21.7,8.58,549.0,173.0,16.44,284.03,7.7,14,101400.0,9999999
72494,0,6495,21.1,8.58,350.0,173.0,16.44,283.45,6.7,14,101400.0,9999999
72494,0,6496,19.4,8.87,202.0,96.0,16.44,281.29,7.7,14,101400.0,9999999
72494,0,6497,17.8,9.23,36.0,27.0,16.44,279.29,5.7,13,101400.0,9999999
72494,0,6498,16.1,9.93,0.0,0.0,16.44,275.58,6.2,13,101500.0,9999999
72494,0,6499,16.1,9.93,0.0,0.0,16.44,275.58,7.2,12,101500.0,9999999
72494,0,6500,16.1,9.93,0.0,0.0,16.44,278.68,5.2,12,101500.0,9999999
72494,0,6501,16.1,10.26,0.0,0.0,16.44,280.5,5.2,12,101500.0,9999999
72494,0,6502,16.1,10.26,0.0,0.0,16.44,282.28,2.1,12,101500.0,9999999
72494,0,6503,16.1,10.26,0.0,0.0,16.44,285.74,3.1,13,101500.0,9999999
72494,0,6504,16.1,10.26,0.0,0.0,16.44,285.74,4.1,14,101500.0,9999999
72494,0,6505,15.6,9.93,0.0,0.0,16.44,285.18,4.1,14,101500.0,9999999
72494,0,6506,16.1,9.54,0.0,0.0,16.44,285.55,4.1,14,101500.0,9999999
72494,0,6507,16.1,9.54,0.0,0.0,16.44,285.55,4.1,13,101500.0,9999999
72494,0,6508,16.1,9.54,0.0,0.0,16.44,285.55,4.1,14,101500.0,9999999
72494,0,6509,15.6,9.54,0.0,0.0,16.44,281.49,2.6,14,101500.0,9999999
72494,0,6510,15.6,9.54,35.0,30.0,16.44,277.25,3.1,13,101500.0,9999999
72494,0,6511,17.2,9.54,134.0,120.0,16.44,283.06,1.5,13,101600.0,9999999
72494,0,6512,18.3,9.54,307.0,168.0,16.44,281.69,2.1,13,101600.0,9999999
72494,0,6513,19.4,9.93,574.0,128.0,16.44,278.89,2.6,4,101600.0,9999999
72494,0,6514,21.1,9.93,700.0,144.0,16.44,280.5,2.6,2,101500.0,9999999
72494,0,6515,22.2,9.23,765.0,152.0,16.44,281.29,5.2,15,101500.0,9999999
72494,0,6516,22.8,8.87,765.0,152.0,16.44,281.69,5.2,13,101500.0,9999999
72494,0,6517,21.1,9.23,699.0,144.0,16.44,280.1,8.2,14,101400.0,9999999
72494,0,6518,20.6,9.54,572.0,128.0,16.44,279.9,8.8,13,101400.0,9999999
72494,0,6519,18.9,9.54,397.0,103.0,16.44,278.27,10.8,13,101400.0,9999999
72494,0,6520,17.8,9.23,198.0,70.0,16.44,277.04,9.3,12,101300.0,9999999
72494,0,6521,15.6,9.23,34.0,26.0,16.44,276.21,7.2,14,101300.0,9999999
72494,0,6522,15.6,9.23,0.0,0.0,16.44,274.94,2.6,12,101300.0,9999999
72494,0,6523,15.6,9.54,0.0,0.0,16.44,279.09,8.2,14,101400.0,9999999
72494,0,6524,15.0,9.54,0.0,0.0,16.44,275.79,6.2,14,101400.0,9999999
72494,0,6525,15.0,9.54,0.0,0.0,16.44,277.86,6.2,12,101300.0,9999999
72494,0,6526,14.4,9.54,0.0,0.0,16.44,283.84,6.2,14,101300.0,9999999
72494,0,6527,14.4,9.54,0.0,0.0,16.44,281.89,5.2,13,101300.0,9999999
72494,0,6528,14.4,9.54,0.0,0.0,16.44,277.86,4.1,14,101200.0,9999999
72494,0,6529,13.9,9.23,0.0,0.0,16.44,276.83,3.1,13,101200.0,9999999
72494,0,6530,13.3,8.58,0.0,0.0,16.44,275.36,0.0,0,101200.0,9999999
72494,0,6531,12.8,8.87,0.0,0.0,16.44,274.3,0.0,0,101200.0,9999999
72494,0,6532,13.3,8.87,0.0,0.0,16.44,276.62,0.0,0,101200.0,9999999
72494,0,6533,12.8,8.58,0.0,0.0,16.44,271.92,0.0,0,101200.0,9999999
72494,0,6534,13.3,9.23,40.0,23.0,16.44,272.8,0.0,0,101200.0,9999999
72494,0,6535,16.1,9.54,212.0,55.0,16.44,275.58,2.1,6,101200.0,9999999
72494,0,6536,17.8,9.54,392.0,99.0,16.44,278.48,2.1,3,101200.0,9999999
72494,0,6537,18.9,9.93,546.0,138.0,16.44,280.5,3.1,3,101200.0,9999999
72494,0,6538,20.0,9.93,710.0,196.0,16.44,282.28,2.1,3,101200.0,9999999
72494,0,6539,21.7,10.26,732.0,194.0,16.44,283.45,3.6,1,101100.0,9999999
72494,0,6540,23.3,9.23,754.0,179.0,16.44,285.37,9.3,15,101000.0,9999999
72494,0,6541,19.4,9.23,710.0,109.0,16.44,278.48,11.8,14,101000.0,9999999
72494,0,6542,18.3,8.87,584.0,97.0,16.44,277.45,8.8,14,101000.0,9999999
72494,0,6543,17.2,9.23,409.0,79.0,16.44,276.41,9.3,14,101000.0,9999999
72494,0,6544,16.7,9.23,208.0,55.0,16.44,276.0,9.3,14,100900.0,9999999
72494,0,6545,15.6,8.87,37.0,23.0,16.44,274.73,7.7,14,100900.0,9999999
72494,0,6546,14.4,8.87,0.0,0.0,16.44,273.66,7.7,15,101000.0,9999999
72494,0,6547,13.9,9.23,0.0,0.0,16.44,273.23,7.2,15,101000.0,9999999
72494,0,6548,13.9,8.87,0.0,0.0,16.44,273.23,4.6,14,101100.0,9999999
72494,0,6549,13.9,8.87,0.0,0.0,16.44,275.36,4.3,14,101100.0,9999999
72494,0,6550,13.9,8.87,0.0,0.0,16.44,274.52,4.0,14,101100.0,9999999
72494,0,6551,13.9,8.87,0.0,0.0,16.44,273.23,3.7,14,101000.0,9999999
72494,0,6552,13.9,8.87,0.0,0.0,15.19,283.06,3.5,12,101400.0,9999999
72494,0,6553,13.9,8.87,0.0,0.0,15.19,283.06,3.2,10,101500.0,9999999
72494,0,6554,13.9,8.87,0.0,0.0,15.19,283.06,2.9,11,101400.0,9999999
72494,0,6555,13.9,8.87,0.0,0.0,15.19,283.06,2.6,10,101500.0,9999999
72494,0,6556,13.9,8.58,0.0,0.0,15.19,283.06,3.1,9,101400.0,9999999
72494,0,6557,13.9,8.24,0.0,0.0,15.19,282.87,3.1,8,101500.0,9999999
72494,0,6558,13.9,8.58,9.0,9.0,15.19,283.06,2.6,10,101500.0,9999999
72494,0,6559,14.4,8.58,32.0,32.0,15.19,283.45,4.1,9,101600.0,9999999
72494,0,6560,14.4,8.58,63.0,63.0,15.19,283.45,3.1,8,101600.0,9999999
72494,0,6561,14.4,8.58,91.0,91.0,15.19,283.45,4.6,9,101600.0,9999999
72494,0,6562,15.0,8.87,125.0,125.0,15.19,284.22,4.1,9,101600.0,9999999
72494,0,6563,15.0,8.58,137.0,137.0,15.19,284.03,5.7,9,101600.0,9999999
72494,0,6564,15.0,8.58,174.0,174.0,15.19,284.03,4.6,10,101600.0,9999999
72494,0,6565,15.6,8.58,183.0,183.0,15.19,284.79,4.6,10,101500.0,9999999
72494,0,6566,15.0,8.58,169.0,169.0,15.19,284.03,5.7,10,101500.0,9999999
72494,0,6567,15.6,8.24,161.0,161.0,15.19,284.6,6.2,11,101500.0,9999999
72494,0,6568,14.4,8.58,109.0,109.0,15.19,283.45,6.7,11,101500.0,9999999
72494,0,6569,14.4,7.97,12.0,12.0,15.19,283.25,5.2,10,101600.0,9999999
72494,0,6570,14.4,8.24,0.0,0.0,15.19,283.45,5.7,11,101600.0,9999999
72494,0,6571,14.4,8.58,0.0,0.0,15.19,283.45,5.7,11,101600.0,9999999
72494,0,6572,14.4,8.58,0.0,0.0,15.19,283.45,7.2,12,101600.0,9999999
72494,0,6573,14.4,8.58,0.0,0.0,15.19,283.45,7.2,12,101600.0,9999999
72494,0,6574,14.4,8.58,0.0,0.0,15.19,283.45,7.2,11,101600.0,9999999
72494,0,6575,14.4,8.58,0.0,0.0,15.19,283.45,5.2,11,101600.0,9999999
72494,0,6576,14.4,8.87,0.0,0.0,15.19,283.64,3.6,12,101600.0,9999999
72494,0,6577,14.4,8.87,0.0,0.0,15.19,283.64,4.6,11,101600.0,9999999
72494,0,6578,14.4,8.87,0.0,0.0,15.19,283.64,5.2,12,101500.0,9999999
72494,0,6579,14.4,8.87,0.0,0.0,15.19,283.64,3.1,12,101600.0,9999999
72494,0,6580,14.4,8.87,0.0,0.0,15.19,281.69,1.5,8,101500.0,9999999
72494,0,6581,14.4,8.87,0.0,0.0,15.19,283.64,2.1,12,101500.0,9999999
72494,0,6582,15.0,9.23,11.0,11.0,15.19,284.41,2.1,11,101600.0,9999999
72494,0,6583,16.1,9.54,130.0,107.0,15.19,285.55,4.1,10,101600.0,9999999
72494,0,6584,16.1,9.93,214.0,201.0,15.19,283.64,6.2,12,101600.0,9999999
72494,0,6585,17.2,8.87,283.0,245.0,15.19,284.41,6.2,11,101600.0,9999999
72494,0,6586,16.1,7.97,652.0,274.0,15.19,282.87,6.7,12,101600.0,9999999
72494,0,6587,17.2,8.24,760.0,145.0,15.19,284.22,7.7,11,101600.0,9999999
72494,0,6588,17.2,8.24,776.0,125.0,15.19,284.22,8.2,12,101500.0,9999999
72494,0,6589,16.7,7.97,706.0,147.0,15.19,279.49,10.3,11,101400.0,9999999
72494,0,6590,17.2,7.65,563.0,174.0,15.19,278.68,10.8,11,101400.0,9999999
72494,0,6591,16.7,7.34,372.0,195.0,15.19,277.45,8.8,12,101400.0,9999999
72494,0,6592,16.1,7.34,235.0,145.0,15.19,278.68,6.7,11,101400.0,9999999
72494,0,6593,15.0,7.65,23.0,14.0,15.19,277.66,6.7,11,101400.0,9999999
72494,0,6594,14.4,7.65,0.0,0.0,15.19,277.04,9.3,11,101400.0,9999999
72494,0,6595,13.9,7.65,0.0,0.0,15.19,276.62,8.8,12,101400.0,9999999
72494,0,6596,13.9,7.97,0.0,0.0,15.19,276.83,9.8,11,101400.0,9999999
72494,0,6597,13.9,7.65,0.0,0.0,15.19,274.94,10.3,12,101400.0,9999999
72494,0,6598,13.3,7.65,0.0,0.0,15.19,274.94,8.8,12,101400.0,9999999
72494,0,6599,13.3,7.65,0.0,0.0,15.19,274.3,8.2,12,101400.0,9999999
72494,0,6600,12.8,7.97,0.0,0.0,15.19,274.09,10.8,12,101400.0,9999999
72494,0,6601,13.3,7.97,0.0,0.0,15.19,275.15,9.3,12,101400.0,9999999
72494,0,6602,12.8,7.65,0.0,0.0,15.19,273.87,10.8,12,101400.0,9999999
72494,0,6603,12.8,7.65,0.0,0.0,15.19,274.52,9.8,12,101400.0,9999999
72494,0,6604,12.8,7.65,0.0,0.0,15.19,273.87,7.7,11,101500.0,9999999
72494,0,6605,12.8,7.09,0.0,0.0,15.19,274.3,10.3,12,101500.0,9999999
72494,0,6606,13.3,7.65,27.0,14.0,15.19,274.3,8.2,12,101600.0,9999999
72494,0,6607,14.4,7.97,208.0,65.0,15.19,276.21,8.8,12,101600.0,9999999
72494,0,6608,15.6,7.34,398.0,86.0,15.19,276.41,10.8,12,101600.0,9999999
72494,0,6609,16.1,7.09,566.0,130.0,15.19,277.45,12.4,12,101700.0,9999999
72494,0,6610,16.7,7.09,658.0,196.0,15.19,279.09,12.9,12,101700.0,9999999
72494,0,6611,17.8,7.34,701.0,227.0,15.19,280.3,8.8,12,101700.0,9999999
72494,0,6612,17.8,7.34,758.0,160.0,15.19,280.3,10.3,12,101700.0,9999999
72494,0,6613,17.2,7.65,701.0,129.0,15.19,279.9,10.8,12,101600.0,9999999
72494,0,6614,17.8,7.65,592.0,124.0,15.19,280.5,10.3,12,101600.0,9999999
72494,0,6615,16.7,7.34,430.0,123.0,15.19,279.29,9.8,12,101600.0,9999999
72494,0,6616,16.1,7.09,240.0,115.0,15.19,276.83,9.8,12,101600.0,9999999
72494,0,6617,15.0,7.34,21.0,10.0,15.19,276.41,7.7,11,101600.0,9999999
72494,0,6618,14.4,7.34,0.0,0.0,15.19,275.15,7.7,11,101600.0,9999999
72494,0,6619,14.4,7.09,0.0,0.0,15.19,275.79,8.8,12,101700.0,9999999
72494,0,6620,13.9,7.65,0.0,0.0,15.19,272.8,7.2,12,101700.0,9999999
72494,0,6621,13.9,7.65,0.0,0.0,15.19,272.8,5.2,12,101800.0,9999999
72494,0,6622,13.3,7.65,0.0,0.0,15.19,272.14,4.1,11,101700.0,9999999
72494,0,6623,12.8,7.97,0.0,0.0,15.19,271.7,5.2,12,101700.0,9999999
72494,0,6624,12.8,7.97,0.0,0.0,15.19,271.7,2.6,12,101700.0,9999999
72494,0,6625,12.2,7.97,0.0,0.0,15.19,271.26,2.6,12,101700.0,9999999
72494,0,6626,11.7,7.34,0.0,0.0,15.19,270.37,1.5,9,101700.0,9999999
72494,0,6627,11.7,7.09,0.0,0.0,15.19,270.37,2.1,9,101800.0,9999999
72494,0,6628,11.1,7.09,0.0,0.0,15.19,269.7,1.5,6,101800.0,9999999
72494,0,6629,10.6,7.09,0.0,0.0,15.19,271.48,0.0,0,101900.0,9999999
72494,0,6630,11.7,7.34,26.0,13.0,15.19,273.44,0.0,0,101900.0,9999999
72494,0,6631,13.9,7.34,207.0,63.0,15.19,274.73,1.5,5,101900.0,9999999
72494,0,6632,15.6,7.09,388.0,98.0,15.19,277.04,0.0,0,101900.0,9999999
72494,0,6633,16.1,7.65,545.0,145.0,15.19,277.04,0.0,0,101900.0,9999999
72494,0,6634,17.2,7.97,641.0,210.0,15.19,278.89,2.6,2,101900.0,9999999
72494,0,6635,18.3,7.97,660.0,241.0,15.19,279.29,2.1,2,101900.0,9999999
72494,0,6636,21.7,6.57,659.0,260.0,15.19,283.64,7.2,12,101800.0,9999999
72494,0,6637,21.1,7.34,609.0,232.0,15.19,281.69,6.7,12,101800.0,9999999
72494,0,6638,20.6,7.65,537.0,187.0,15.19,282.08,9.3,12,101700.0,9999999
72494,0,6639,19.4,7.09,392.0,138.0,15.19,279.9,8.8,11,101700.0,9999999
72494,0,6640,17.8,7.34,232.0,119.0,15.19,279.29,9.3,12,101700.0,9999999
72494,0,6641,15.6,7.97,18.0,9.0,15.19,276.62,8.2,12,101700.0,9999999
72494,0,6642,15.0,8.24,0.0,0.0,15.19,274.09,6.7,12,101700.0,9999999
72494,0,6643,14.4,8.24,0.0,0.0,15.19,273.44,6.2,12,101700.0,9999999
72494,0,6644,14.4,7.97,0.0,0.0,15.19,273.23,2.6,12,101700.0,9999999
72494,0,6645,13.9,7.97,0.0,0.0,15.19,272.8,2.6,12,101700.0,9999999
72494,0,6646,14.4,7.65,0.0,0.0,15.19,273.23,0.0,0,101600.0,9999999
72494,0,6647,13.9,7.65,0.0,0.0,15.19,272.8,1.5,13,101600.0,9999999
72494,0,6648,13.3,7.09,0.0,0.0,15.19,271.92,0.0,0,101600.0,9999999
72494,0,6649,12.8,6.8,0.0,0.0,15.19,271.26,2.1,12,101600.0,9999999
72494,0,6650,12.8,7.34,0.0,0.0,15.19,271.48,0.0,0,101600.0,9999999
72494,0,6651,12.2,6.57,0.0,0.0,15.19,270.6,1.5,11,101600.0,9999999
72494,0,6652,11.1,6.8,0.0,0.0,15.19,269.7,1.5,9,101600.0,9999999
72494,0,6653,11.7,6.8,0.0,0.0,15.19,270.15,0.0,0,101600.0,9999999
72494,0,6654,12.2,6.57,24.0,12.0,15.19,270.6,0.0,0,101600.0,9999999
72494,0,6655,15.6,7.65,202.0,65.0,15.19,274.3,0.0,0,101700.0,9999999
72494,0,6656,16.7,9.23,388.0,90.0,15.19,276.0,4.1,4,101700.0,9999999
72494,0,6657,20.0,6.57,544.0,137.0,15.19,278.07,3.1,5,101700.0,9999999
72494,0,6658,21.7,7.09,635.0,211.0,15.19,279.9,5.7,16,101700.0,9999999
72494,0,6659,21.7,7.65,719.0,184.0,15.19,280.1,6.7,16,101600.0,9999999
72494,0,6660,22.2,8.58,722.0,184.0,15.19,280.9,4.6,16,101600.0,9999999
72494,0,6661,23.3,7.34,656.0,174.0,15.19,281.49,4.1,15,101500.0,9999999
72494,0,6662,25.0,6.57,524.0,194.0,15.19,282.67,3.1,15,101500.0,9999999
72494,0,6663,23.3,7.97,369.0,154.0,15.19,281.69,3.1,15,101500.0,9999999
72494,0,6664,23.3,7.34,212.0,134.0,15.19,281.49,2.6,15,101500.0,9999999
72494,0,6665,21.7,7.09,15.0,9.0,15.19,279.9,2.1,15,101500.0,9999999
72494,0,6666,21.7,6.3,0.0,0.0,15.19,279.49,2.1,12,101500.0,9999999
72494,0,6667,19.4,6.57,0.0,0.0,15.19,277.45,1.5,8,101500.0,9999999
72494,0,6668,18.3,7.65,0.0,0.0,15.19,276.83,2.6,8,101500.0,9999999
72494,0,6669,17.2,7.97,0.0,0.0,15.19,276.0,2.1,8,101500.0,9999999
72494,0,6670,17.2,6.8,0.0,0.0,15.19,275.36,1.5,8,101500.0,9999999
72494,0,6671,16.7,6.8,0.0,0.0,15.19,274.94,0.0,0,101500.0,9999999
72494,0,6672,15.6,7.97,0.0,0.0,15.19,278.48,2.1,7,101500.0,9999999
72494,0,6673,15.0,6.57,0.0,0.0,15.19,277.25,0.0,0,101500.0,9999999
72494,0,6674,13.9,6.8,0.0,0.0,15.19,276.21,0.0,0,101500.0,9999999
72494,0,6675,14.4,7.09,0.0,0.0,15.19,278.27,1.5,8,101500.0,9999999
72494,0,6676,13.9,6.8,0.0,0.0,15.19,280.3,0.0,0,101500.0,9999999
72494,0,6677,13.3,6.8,0.0,0.0,15.19,279.7,0.0,0,101500.0,9999999
72494,0,6678,14.4,7.09,23.0,14.0,15.19,280.9,0.0,0,101500.0,9999999
72494,0,6679,17.2,8.87,162.0,97.0,15.19,284.41,0.0,0,101600.0,9999999
72494,0,6680,17.8,9.23,353.0,161.0,15.19,285.18,0.0,0,101600.0,9999999
72494,0,6681,18.9,9.23,309.0,259.0,15.19,286.12,2.6,16,101500.0,9999999
72494,0,6682,19.4,8.87,584.0,263.0,15.19,286.5,3.1,16,101500.0,9999999
72494,0,6683,20.0,9.54,588.0,331.0,15.19,287.43,2.6,16,101400.0,9999999
72494,0,6684,22.2,6.8,728.0,207.0,15.19,288.35,0.0,0,101300.0,9999999
72494,0,6685,22.2,10.26,663.0,144.0,15.19,289.81,3.1,16,101200.0,9999999
72494,0,6686,24.4,7.09,546.0,170.0,15.19,282.48,3.6,15,101200.0,9999999
72494,0,6687,25.6,6.57,363.0,153.0,15.19,283.25,5.7,14,101200.0,9999999
72494,0,6688,22.8,4.97,217.0,114.0,15.19,279.7,7.2,12,101200.0,9999999
72494,0,6689,20.0,4.97,13.0,7.0,15.19,277.04,5.7,12,101200.0,9999999
72494,0,6690,18.3,5.82,0.0,0.0,15.19,276.0,2.1,13,101200.0,9999999
72494,0,6691,17.8,5.38,0.0,0.0,15.19,275.15,2.1,7,101200.0,9999999
72494,0,6692,17.2,4.97,0.0,0.0,15.19,274.3,6.2,12,101200.0,9999999
72494,0,6693,16.1,7.09,0.0,0.0,15.19,274.52,4.6,12,101300.0,9999999
72494,0,6694,16.1,6.57,0.0,0.0,15.19,274.3,1.5,16,101300.0,9999999
72494,0,6695,15.6,5.62,0.0,0.0,15.19,273.23,4.1,12,101300.0,9999999
72494,0,6696,14.4,8.58,0.0,0.0,15.19,273.44,5.2,12,101300.0,9999999
72494,0,6697,13.9,9.23,0.0,0.0,15.19,273.23,0.0,0,101300.0,9999999
72494,0,6698,13.9,8.87,0.0,0.0,15.19,273.23,0.0,0,101300.0,9999999
72494,0,6699,12.8,7.97,0.0,0.0,15.19,271.7,1.5,11,101300.0,9999999
72494,0,6700,12.2,8.58,0.0,0.0,15.19,274.3,3.1,12,101300.0,9999999
72494,0,6701,12.2,8.87,0.0,0.0,15.19,275.58,4.1,12,101400.0,9999999
72494,0,6702,13.3,9.23,11.0,11.0,15.19,276.62,2.6,13,101500.0,9999999
72494,0,6703,14.4,9.23,85.0,83.0,15.19,276.62,4.1,14,101500.0,9999999
72494,0,6704,16.1,9.54,193.0,181.0,15.19,277.86,2.6,16,101500.0,9999999
72494,0,6705,16.7,9.54,187.0,183.0,15.19,278.27,3.1,16,101600.0,9999999
72494,0,6706,18.3,9.23,351.0,295.0,15.19,279.7,5.2,12,101600.0,9999999
72494,0,6707,20.6,8.58,547.0,352.0,15.19,282.48,6.2,12,101500.0,9999999
72494,0,6708,21.1,8.58,430.0,356.0,15.19,282.28,8.2,12,101500.0,9999999
72494,0,6709,20.6,9.23,394.0,325.0,15.19,282.67,7.2,12,101500.0,9999999
72494,0,6710,19.4,8.58,284.0,253.0,15.19,280.5,6.7,11,101500.0,9999999
72494,0,6711,18.9,9.23,356.0,197.0,15.19,281.1,6.2,11,101500.0,9999999
72494,0,6712,18.3,8.87,112.0,100.0,15.19,279.7,6.7,11,101500.0,9999999
72494,0,6713,17.2,8.87,6.0,5.0,15.19,280.3,5.2,11,101500.0,9999999
72494,0,6714,16.7,8.58,0.0,0.0,15.19,279.7,4.6,11,101600.0,9999999
72494,0,6715,16.1,8.58,0.0,0.0,15.19,275.15,3.1,10,101600.0,9999999
72494,0,6716,16.1,8.24,0.0,0.0,15.19,274.94,3.1,8,101700.0,9999999
72494,0,6717,16.1,8.87,0.0,0.0,15.19,278.27,3.1,8,101700.0,9999999
72494,0,6718,16.1,8.87,0.0,0.0,15.19,283.25,2.6,8,101700.0,9999999
72494,0,6719,16.7,8.87,0.0,0.0,15.19,283.84,3.1,10,101700.0,9999999
72494,0,6720,17.2,9.23,0.0,0.0,15.19,284.6,3.6,9,101800.0,9999999
72494,0,6721,16.7,9.54,0.0,0.0,15.19,284.22,2.6,7,101800.0,9999999
72494,0,6722,16.7,9.54,0.0,0.0,15.19,284.22,3.1,6,101800.0,9999999
72494,0,6723,16.7,8.87,0.0,0.0,15.19,281.29,2.6,6,101800.0,9999999
72494,0,6724,16.7,9.54,0.0,0.0,15.19,284.22,2.1,5,101800.0,9999999
72494,0,6725,16.1,9.93,0.0,0.0,15.19,283.64,4.1,6,101900.0,9999999
72494,0,6726,16.7,9.93,10.0,9.0,15.19,284.22,3.6,6,101900.0,9999999
72494,0,6727,16.7,9.93,115.0,99.0,15.19,284.22,3.1,6,102000.0,9999999
72494,0,6728,17.2,10.26,198.0,181.0,15.19,286.87,3.6,12,102000.0,9999999
72494,0,6729,17.2,10.26,170.0,167.0,15.19,286.87,4.1,13,102000.0,9999999
72494,0,6730,18.3,9.93,431.0,320.0,15.19,287.8,5.2,12,102100.0,9999999
72494,0,6731,18.9,9.93,428.0,346.0,15.19,282.28,7.2,12,102000.0,9999999
72494,0,6732,18.9,9.54,679.0,251.0,15.19,282.28,8.8,12,102000.0,9999999
72494,0,6733,18.3,9.23,618.0,195.0,15.19,279.7,8.8,11,102000.0,9999999
72494,0,6734,18.3,8.87,534.0,143.0,15.19,280.3,9.8,11,101900.0,9999999
72494,0,6735,17.8,8.58,392.0,124.0,15.19,279.09,10.3,11,101900.0,9999999
72494,0,6736,17.2,8.24,215.0,117.0,15.19,276.0,8.2,11,101900.0,9999999
72494,0,6737,15.6,7.97,9.0,5.0,15.19,274.52,9.8,11,101900.0,9999999
72494,0,6738,15.0,7.97,0.0,0.0,15.19,273.87,8.8,12,101900.0,9999999
72494,0,6739,15.0,7.65,0.0,0.0,15.19,273.66,9.3,11,101900.0,9999999
72494,0,6740,14.4,7.97,0.0,0.0,15.19,273.23,7.7,12,102000.0,9999999
72494,0,6741,14.4,7.97,0.0,0.0,15.19,273.23,5.7,11,102000.0,9999999
72494,0,6742,13.9,7.97,0.0,0.0,15.19,272.8,7.2,11,101900.0,9999999
72494,0,6743,13.9,7.97,0.0,0.0,15.19,272.8,6.2,11,101900.0,9999999
72494,0,6744,13.3,7.97,0.0,0.0,15.19,272.36,6.2,12,101900.0,9999999
72494,0,6745,12.8,7.97,0.0,0.0,15.19,271.7,5.7,12,101900.0,9999999
72494,0,6746,12.8,7.97,0.0,0.0,15.19,271.7,5.2,11,101900.0,9999999
72494,0,6747,12.8,7.97,0.0,0.0,15.19,271.7,6.7,12,101900.0,9999999
72494,0,6748,12.8,7.97,0.0,0.0,15.19,271.7,6.2,12,101900.0,9999999
72494,0,6749,12.8,7.65,0.0,0.0,15.19,271.7,5.2,12,101900.0,9999999
72494,0,6750,12.8,7.97,17.0,10.0,15.19,271.7,3.1,12,102000.0,9999999
72494,0,6751,15.0,7.34,186.0,56.0,15.19,273.66,6.2,12,102000.0,9999999
72494,0,6752,16.7,7.34,375.0,88.0,15.19,275.15,6.7,12,102000.0,9999999
72494,0,6753,17.8,6.8,554.0,112.0,15.19,276.0,7.2,12,102000.0,9999999
72494,0,6754,18.9,7.09,674.0,119.0,15.19,279.49,8.2,12,101900.0,9999999
72494,0,6755,20.0,7.09,737.0,134.0,15.19,281.1,9.8,12,101900.0,9999999
72494,0,6756,18.9,7.97,698.0,195.0,15.19,279.9,10.3,12,101800.0,9999999
72494,0,6757,18.3,8.24,632.0,200.0,15.19,281.1,10.8,12,101800.0,9999999
72494,0,6758,17.8,7.97,485.0,215.0,15.19,280.5,12.9,12,101800.0,9999999
72494,0,6759,17.2,7.97,377.0,131.0,15.19,278.89,11.8,12,101700.0,9999999
72494,0,6760,16.1,7.97,207.0,119.0,15.19,277.86,12.4,11,101700.0,9999999
72494,0,6761,15.0,7.34,7.0,4.0,15.19,276.41,12.4,12,101700.0,9999999
72494,0,6762,15.0,7.34,0.0,0.0,15.19,273.66,11.3,12,101700.0,9999999
72494,0,6763,14.4,7.34,0.0,0.0,15.19,273.01,7.2,12,101700.0,9999999
72494,0,6764,13.9,7.65,0.0,0.0,15.19,272.8,9.3,12,101700.0,9999999
72494,0,6765,13.9,7.65,0.0,0.0,15.19,272.8,8.2,12,101700.0,9999999
72494,0,6766,13.3,7.65,0.0,0.0,15.19,272.14,6.7,12,101700.0,9999999
72494,0,6767,13.3,7.34,0.0,0.0,15.19,271.92,6.2,12,101800.0,9999999
72494,0,6768,13.3,7.34,0.0,0.0,15.19,274.94,6.7,12,101800.0,9999999
72494,0,6769,12.8,7.65,0.0,0.0,15.19,271.7,6.7,12,101800.0,9999999
72494,0,6770,12.2,7.65,0.0,0.0,15.19,271.04,6.2,12,101700.0,9999999
72494,0,6771,12.2,7.65,0.0,0.0,15.19,271.04,4.6,11,101700.0,9999999
72494,0,6772,11.7,7.09,0.0,0.0,15.19,270.37,3.6,12,101800.0,9999999
72494,0,6773,11.1,7.09,0.0,0.0,15.19,272.58,2.6,11,101700.0,9999999
72494,0,6774,11.1,7.34,16.0,9.0,15.19,272.8,3.6,12,101800.0,9999999
72494,0,6775,13.9,7.34,174.0,62.0,15.19,275.36,1.5,15,101800.0,9999999
72494,0,6776,15.0,7.97,365.0,95.0,15.19,273.87,1.5,1,101800.0,9999999
72494,0,6777,15.6,7.97,511.0,154.0,15.19,274.52,2.1,3,101800.0,9999999
72494,0,6778,16.7,7.34,600.0,217.0,15.19,275.15,2.6,1,101800.0,9999999
72494,0,6779,17.2,7.65,642.0,230.0,15.19,278.07,3.1,2,101700.0,9999999
72494,0,6780,18.3,7.09,661.0,217.0,15.19,279.49,2.6,2,101600.0,9999999
72494,0,6781,18.9,6.8,606.0,185.0,15.19,279.29,9.8,12,101600.0,9999999
72494,0,6782,18.3,6.57,486.0,194.0,15.19,279.29,9.8,12,101600.0,9999999
72494,0,6783,17.8,6.57,346.0,152.0,15.19,278.07,8.2,12,101500.0,9999999
72494,0,6784,15.6,7.09,198.0,124.0,15.19,274.09,8.8,12,101500.0,9999999
72494,0,6785,14.4,7.34,6.0,3.0,15.19,276.0,8.2,12,101500.0,9999999
72494,0,6786,13.3,7.34,0.0,0.0,15.19,271.92,7.2,12,101500.0,9999999
72494,0,6787,13.3,7.34,0.0,0.0,15.19,271.92,6.7,12,101400.0,9999999
72494,0,6788,12.8,7.65,0.0,0.0,15.19,274.52,7.7,12,101500.0,9999999
72494,0,6789,12.2,7.65,0.0,0.0,15.19,271.04,5.7,12,101500.0,9999999
72494,0,6790,11.7,6.8,0.0,0.0,15.19,270.15,3.6,12,101500.0,9999999
72494,0,6791,12.2,7.65,0.0,0.0,15.19,271.04,4.1,12,101500.0,9999999
72494,0,6792,11.1,7.34,0.0,0.0,15.19,269.93,2.6,12,101500.0,9999999
72494,0,6793,10.0,6.08,0.0,0.0,15.19,268.34,1.5,9,101400.0,9999999
72494,0,6794,10.0,6.3,0.0,0.0,15.19,268.34,0.0,0,101400.0,9999999
72494,0,6795,9.4,6.08,0.0,0.0,15.19,267.66,0.0,0,101400.0,9999999
72494,0,6796,9.4,5.82,0.0,0.0,15.19,267.43,1.5,9,101400.0,9999999
72494,0,6797,9.4,6.08,0.0,0.0,15.19,267.66,1.5,12,101400.0,9999999
72494,0,6798,10.0,6.3,12.0,7.0,15.19,268.34,2.1,12,101500.0,9999999
72494,0,6799,13.3,7.34,150.0,83.0,15.19,274.94,2.6,12,101500.0,9999999
72494,0,6800,15.0,7.97,374.0,118.0,15.19,273.87,1.5,16,101600.0,9999999
72494,0,6801,15.0,8.24,516.0,142.0,15.19,274.09,2.6,2,101500.0,9999999
72494,0,6802,16.1,8.24,612.0,192.0,15.19,274.94,2.1,2,101500.0,9999999
72494,0,6803,17.2,8.58,654.0,198.0,15.19,276.21,2.1,1,101500.0,9999999
72494,0,6804,19.4,7.65,717.0,154.0,15.19,277.86,6.7,12,101400.0,9999999
72494,0,6805,19.4,6.8,653.0,160.0,15.19,277.45,8.2,12,101400.0,9999999
72494,0,6806,17.8,6.57,502.0,182.0,15.19,275.79,7.7,12,101400.0,9999999
72494,0,6807,17.8,6.3,348.0,164.0,15.19,275.79,7.7,12,101400.0,9999999
72494,0,6808,16.7,6.08,189.0,132.0,15.19,274.52,7.7,12,101400.0,9999999
72494,0,6809,15.0,6.57,4.0,3.0,15.19,273.23,7.7,12,101400.0,9999999
72494,0,6810,15.0,6.57,0.0,0.0,15.19,273.23,6.2,12,101400.0,9999999
72494,0,6811,13.9,6.57,0.0,0.0,15.19,273.44,3.6,12,101400.0,9999999
72494,0,6812,14.4,6.57,0.0,0.0,15.19,274.94,4.6,12,101500.0,9999999
72494,0,6813,13.9,6.8,0.0,0.0,15.19,274.52,4.6,12,101500.0,9999999
72494,0,6814,13.3,7.97,0.0,0.0,15.19,272.36,4.1,12,101600.0,9999999
72494,0,6815,13.3,8.24,0.0,0.0,15.19,272.36,2.6,12,101600.0,9999999
72494,0,6816,12.8,8.24,0.0,0.0,15.19,275.79,1.5,13,101600.0,9999999
72494,0,6817,12.8,8.24,0.0,0.0,15.19,279.9,0.0,0,101600.0,9999999
72494,0,6818,12.2,7.34,0.0,0.0,15.19,272.14,0.0,0,101500.0,9999999
72494,0,6819,12.2,7.65,0.0,0.0,15.19,273.87,1.5,8,101600.0,9999999
72494,0,6820,12.8,7.97,0.0,0.0,15.19,275.15,0.0,0,101600.0,9999999
72494,0,6821,12.8,7.97,0.0,0.0,15.19,275.15,0.0,0,101600.0,9999999
72494,0,6822,13.3,8.24,5.0,5.0,15.19,275.79,0.0,0,101600.0,9999999
72494,0,6823,14.4,8.24,56.0,56.0,15.19,276.41,2.1,4,101700.0,9999999
72494,0,6824,15.6,8.58,287.0,208.0,15.19,282.67,2.1,4,101600.0,9999999
72494,0,6825,15.6,8.58,197.0,190.0,15.19,282.67,1.5,2,101700.0,9999999
72494,0,6826,16.7,8.58,362.0,308.0,15.19,283.84,2.6,3,101700.0,9999999
72494,0,6827,16.7,8.58,303.0,274.0,15.19,285.74,0.0,0,101600.0,9999999
72494,0,6828,17.8,8.87,662.0,278.0,15.19,279.9,1.5,3,101600.0,9999999
72494,0,6829,21.1,7.09,608.0,185.0,15.19,287.43,4.1,12,101600.0,9999999
72494,0,6830,20.0,7.34,481.0,241.0,15.19,286.5,5.7,12,101600.0,9999999
72494,0,6831,18.9,7.97,137.0,137.0,15.19,285.74,6.7,12,101600.0,9999999
72494,0,6832,17.8,8.87,98.0,98.0,15.19,284.99,4.6,12,101600.0,9999999
72494,0,6833,16.7,9.54,2.0,2.0,15.19,284.22,6.2,12,101600.0,9999999
72494,0,6834,16.7,9.23,0.0,0.0,15.19,284.03,4.6,11,101600.0,9999999
72494,0,6835,15.6,9.54,0.0,0.0,15.19,283.06,4.1,12,101600.0,9999999
72494,0,6836,15.6,9.54,0.0,0.0,15.19,283.06,3.1,13,101600.0,9999999
72494,0,6837,15.6,9.23,0.0,0.0,15.19,283.06,0.0,0,101600.0,9999999
72494,0,6838,15.6,9.54,0.0,0.0,15.19,283.06,2.6,12,101700.0,9999999
72494,0,6839,15.6,9.93,0.0,0.0,15.19,283.25,3.1,12,101700.0,9999999
72494,0,6840,15.0,9.93,0.0,0.0,15.19,284.6,2.6,12,101700.0,9999999
72494,0,6841,14.4,9.23,0.0,0.0,15.19,283.84,2.6,6,101700.0,9999999
72494,0,6842,15.0,9.23,0.0,0.0,15.19,284.41,2.6,5,101700.0,9999999
72494,0,6843,15.0,9.23,0.0,0.0,15.19,284.41,3.1,5,101700.0,9999999
72494,0,6844,15.0,9.54,0.0,0.0,15.19,284.41,0.0,0,101700.0,9999999
72494,0,6845,15.0,9.93,0.0,0.0,15.19,284.6,0.0,0,101800.0,9999999
72494,0,6846,15.0,10.26,7.0,6.0,15.19,284.79,4.6,13,101800.0,9999999
72494,0,6847,15.0,9.93,74.0,73.0,15.19,284.6,4.1,11,101900.0,9999999
72494,0,6848,15.0,9.93,143.0,141.0,15.19,284.6,4.6,12,101900.0,9999999
72494,0,6849,16.1,9.93,175.0,172.0,15.19,279.7,6.2,12,101900.0,9999999
72494,0,6850,17.2,9.54,187.0,187.0,15.19,280.5,7.2,12,101900.0,9999999
72494,0,6851,18.3,9.23,262.0,245.0,15.19,280.5,7.7,12,101800.0,9999999
72494,0,6852,18.3,8.87,643.0,267.0,15.19,277.45,8.8,12,101700.0,9999999
72494,0,6853,18.9,8.58,588.0,215.0,15.19,277.86,10.3,12,101700.0,9999999
72494,0,6854,18.3,7.65,346.0,259.0,15.19,276.83,10.8,12,101700.0,9999999
72494,0,6855,16.7,9.23,309.0,167.0,15.19,278.89,7.7,12,101700.0,9999999
72494,0,6856,16.1,9.23,203.0,142.0,15.19,278.27,10.3,11,101700.0,9999999
72494,0,6857,15.6,8.87,2.0,1.0,15.19,274.73,9.3,12,101700.0,9999999
72494,0,6858,14.4,8.87,0.0,0.0,15.19,276.62,9.8,12,101700.0,9999999
72494,0,6859,14.4,8.58,0.0,0.0,15.19,276.41,4.6,12,101600.0,9999999
72494,0,6860,13.9,8.58,0.0,0.0,15.19,276.0,5.7,12,101700.0,9999999
72494,0,6861,13.9,8.58,0.0,0.0,15.19,276.0,7.7,12,101600.0,9999999
72494,0,6862,13.3,8.58,0.0,0.0,15.19,276.0,7.7,12,101600.0,9999999
72494,0,6863,13.3,8.58,0.0,0.0,15.19,276.0,7.7,12,101600.0,9999999
72494,0,6864,13.3,8.58,0.0,0.0,15.19,276.41,6.7,11,101600.0,9999999
72494,0,6865,12.8,8.58,0.0,0.0,15.19,279.9,5.7,12,101500.0,9999999
72494,0,6866,13.3,8.58,0.0,0.0,15.19,282.48,4.1,11,101500.0,9999999
72494,0,6867,13.3,8.58,0.0,0.0,15.19,282.48,4.1,11,101500.0,9999999
72494,0,6868,12.8,8.24,0.0,0.0,15.19,274.73,4.6,12,101400.0,9999999
72494,0,6869,12.2,8.24,0.0,0.0,15.19,274.3,4.1,11,101500.0,9999999
72494,0,6870,12.8,8.24,9.0,5.0,15.19,274.73,2.1,12,101500.0,9999999
72494,0,6871,13.9,8.24,166.0,56.0,15.19,275.79,1.5,7,101500.0,9999999
72494,0,6872,14.4,8.24,334.0,127.0,15.19,276.41,2.1,3,101500.0,9999999
72494,0,6873,15.6,8.58,509.0,157.0,15.19,277.66,1.5,3,101500.0,9999999
72494,0,6874,16.7,7.65,600.0,196.0,15.19,278.27,6.7,12,101400.0,9999999
72494,0,6875,17.2,7.34,619.0,234.0,15.19,278.68,8.8,12,101300.0,9999999
72494,0,6876,17.2,7.34,693.0,191.0,15.19,278.68,10.8,12,101200.0,9999999
72494,0,6877,17.2,7.65,629.0,139.0,15.19,278.68,13.9,12,101200.0,9999999
72494,0,6878,16.7,7.65,498.0,150.0,15.19,278.27,9.8,11,101100.0,9999999
72494,0,6879,15.6,7.65,354.0,133.0,15.19,277.86,9.3,11,101100.0,9999999
72494,0,6880,15.6,7.65,176.0,104.0,15.19,277.86,8.8,11,101000.0,9999999
72494,0,6881,14.4,7.65,1.0,1.0,15.19,277.04,8.2,12,101000.0,9999999
72494,0,6882,13.9,7.65,0.0,0.0,15.19,272.8,7.7,12,101100.0,9999999
72494,0,6883,13.3,7.97,0.0,0.0,15.19,275.15,7.2,11,101100.0,9999999
72494,0,6884,13.3,7.97,0.0,0.0,15.19,275.15,7.2,12,101100.0,9999999
72494,0,6885,12.8,7.97,0.0,0.0,15.19,274.73,5.7,12,101100.0,9999999
72494,0,6886,12.8,7.97,0.0,0.0,15.19,274.73,7.7,11,101100.0,9999999
72494,0,6887,12.2,7.65,0.0,0.0,15.19,273.87,6.7,12,101000.0,9999999
72494,0,6888,11.7,7.34,0.0,0.0,15.19,272.58,3.6,12,101100.0,9999999
72494,0,6889,11.1,7.34,0.0,0.0,15.19,272.8,4.1,12,101100.0,9999999
72494,0,6890,10.6,7.34,0.0,0.0,15.19,272.36,3.1,12,101100.0,9999999
72494,0,6891,11.1,7.34,0.0,0.0,15.19,269.93,3.1,12,101100.0,9999999
72494,0,6892,10.6,7.34,0.0,0.0,15.19,272.36,1.5,7,101100.0,9999999
72494,0,6893,10.6,7.09,0.0,0.0,15.19,272.14,0.0,0,101200.0,9999999
72494,0,6894,11.1,7.34,9.0,5.0,15.19,272.8,0.0,0,101200.0,9999999
72494,0,6895,13.3,7.65,161.0,56.0,15.19,274.94,0.0,0,101300.0,9999999
72494,0,6896,14.4,7.97,338.0,103.0,15.19,276.21,0.0,0,101300.0,9999999
72494,0,6897,15.0,7.97,509.0,153.0,15.19,273.87,1.5,1,101300.0,9999999
72494,0,6898,15.6,7.97,583.0,182.0,15.19,274.52,2.1,2,101300.0,9999999
72494,0,6899,18.3,7.09,625.0,222.0,15.19,276.62,5.7,12,101200.0,9999999
72494,0,6900,18.3,6.3,694.0,161.0,15.19,276.21,7.7,12,101200.0,9999999
72494,0,6901,18.3,5.82,629.0,124.0,15.19,276.0,7.7,11,101200.0,9999999
72494,0,6902,17.8,6.57,514.0,126.0,15.19,275.79,9.3,12,101200.0,9999999
72494,0,6903,17.2,6.57,356.0,118.0,15.19,275.36,8.8,11,101200.0,9999999
72494,0,6904,15.6,7.09,165.0,103.0,15.19,274.09,7.7,11,101200.0,9999999
72494,0,6905,14.4,7.09,0.0,0.0,15.19,273.01,7.2,11,101200.0,9999999
72494,0,6906,13.9,7.09,0.0,0.0,15.19,272.36,7.2,12,101200.0,9999999
72494,0,6907,13.9,7.09,0.0,0.0,15.19,272.36,6.7,12,101300.0,9999999
72494,0,6908,13.3,7.34,0.0,0.0,15.19,271.92,6.7,12,101400.0,9999999
72494,0,6909,13.3,7.09,0.0,0.0,15.19,271.92,5.2,12,101400.0,9999999
72494,0,6910,12.8,6.8,0.0,0.0,15.19,271.26,4.1,12,101400.0,9999999
72494,0,6911,12.8,6.57,0.0,0.0,15.19,271.04,4.1,12,101400.0,9999999
72494,0,6912,12.2,6.8,0.0,0.0,15.19,270.6,4.6,12,101400.0,9999999
72494,0,6913,12.2,6.08,0.0,0.0,15.19,270.37,3.1,11,101500.0,9999999
72494,0,6914,12.8,5.82,0.0,0.0,15.19,270.82,3.6,12,101500.0,9999999
72494,0,6915,15.0,4.75,0.0,0.0,15.19,272.14,3.6,14,101500.0,9999999
72494,0,6916,15.0,4.97,0.0,0.0,15.19,272.36,3.6,14,101600.0,9999999
72494,0,6917,15.6,5.38,0.0,0.0,15.19,273.23,5.7,15,101600.0,9999999
72494,0,6918,16.1,5.15,7.0,4.0,15.19,273.44,7.2,15,101700.0,9999999
72494,0,6919,16.7,4.97,163.0,50.0,15.19,273.87,9.3,15,101700.0,9999999
72494,0,6920,17.2,4.75,342.0,110.0,15.19,274.3,7.2,15,101700.0,9999999
72494,0,6921,17.8,4.75,519.0,116.0,15.19,274.73,7.2,15,101700.0,9999999
72494,0,6922,18.9,4.97,617.0,151.0,15.19,276.0,9.3,15,101700.0,9999999
72494,0,6923,19.4,4.38,673.0,141.0,15.19,276.0,8.8,15,101700.0,9999999
72494,0,6924,20.6,4.38,694.0,137.0,15.19,277.25,8.2,15,101600.0,9999999
72494,0,6925,21.7,4.38,623.0,164.0,15.19,278.27,7.2,15,101600.0,9999999
72494,0,6926,21.1,4.22,442.0,223.0,15.19,277.66,8.2,12,101600.0,9999999
72494,0,6927,20.6,4.58,350.0,168.0,15.19,277.45,6.7,12,101500.0,9999999
72494,0,6928,19.4,4.75,153.0,109.0,15.19,276.41,4.6,12,101500.0,9999999
72494,0,6929,17.2,4.97,0.0,0.0,15.19,274.3,4.1,12,101600.0,9999999
72494,0,6930,17.2,4.75,0.0,0.0,15.19,274.3,5.2,12,101600.0,9999999
72494,0,6931,19.4,4.38,0.0,0.0,15.19,276.0,4.1,14,101600.0,9999999
72494,0,6932,19.4,3.24,0.0,0.0,15.19,275.15,4.1,14,101700.0,9999999
72494,0,6933,18.9,4.22,0.0,0.0,15.19,275.58,4.6,15,101700.0,9999999
72494,0,6934,18.3,4.75,0.0,0.0,15.19,275.36,3.6,15,101700.0,9999999
72494,0,6935,17.8,3.88,0.0,0.0,15.19,274.09,2.1,13,101700.0,9999999
72494,0,6936,16.7,4.38,0.0,0.0,15.19,273.44,0.0,0,101800.0,9999999
72494,0,6937,13.3,3.53,0.0,0.0,15.19,269.7,2.6,8,101800.0,9999999
72494,0,6938,13.3,3.53,0.0,0.0,15.19,269.7,2.1,10,101800.0,9999999
72494,0,6939,15.6,3.24,0.0,0.0,15.19,271.48,0.0,0,101800.0,9999999
72494,0,6940,11.1,4.75,0.0,0.0,15.19,268.57,1.5,9,101900.0,9999999
72494,0,6941,11.1,4.38,0.0,0.0,15.19,268.34,2.1,8,101900.0,9999999
72494,0,6942,12.2,4.58,6.0,3.0,15.19,269.48,1.5,8,101900.0,9999999
72494,0,6943,16.1,5.38,158.0,53.0,15.19,273.66,1.5,4,102000.0,9999999
72494,0,6944,17.8,3.7,346.0,81.0,15.19,274.09,2.1,4,102000.0,9999999
72494,0,6945,18.9,3.7,508.0,120.0,15.19,275.15,0.0,0,102000.0,9999999
72494,0,6946,20.6,3.88,633.0,122.0,15.19,276.83,2.6,15,102000.0,9999999
72494,0,6947,21.1,3.7,691.0,118.0,15.19,277.25,2.1,16,101900.0,9999999
72494,0,6948,22.2,3.88,694.0,129.0,15.19,278.27,0.0,0,101800.0,9999999
72494,0,6949,22.2,5.15,617.0,127.0,15.19,279.29,6.7,12,101800.0,9999999
72494,0,6950,21.1,4.38,509.0,121.0,15.19,277.66,6.2,12,101700.0,9999999
72494,0,6951,18.9,4.97,344.0,122.0,15.19,276.0,9.8,12,101700.0,9999999
72494,0,6952,17.2,5.62,160.0,109.0,15.19,274.73,6.7,12,101700.0,9999999
72494,0,6953,16.7,4.58,0.0,0.0,15.19,273.66,6.7,12,101700.0,9999999
72494,0,6954,15.0,5.38,0.0,0.0,15.19,272.58,6.2,12,101700.0,9999999
72494,0,6955,14.4,6.57,0.0,0.0,15.19,272.58,5.2,12,101700.0,9999999
72494,0,6956,13.3,7.65,0.0,0.0,15.19,274.94,6.7,12,101800.0,9999999
72494,0,6957,12.2,7.65,0.0,0.0,15.19,273.87,4.6,12,101800.0,9999999
72494,0,6958,12.2,7.65,0.0,0.0,15.19,273.87,4.1,12,101800.0,9999999
72494,0,6959,11.7,7.65,0.0,0.0,15.19,270.6,3.6,12,101700.0,9999999
72494,0,6960,11.7,7.34,0.0,0.0,15.19,270.37,2.6,12,101700.0,9999999
72494,0,6961,10.6,7.09,0.0,0.0,15.19,269.25,3.1,12,101700.0,9999999
72494,0,6962,10.6,6.08,0.0,0.0,15.19,268.8,2.1,11,101600.0,9999999
72494,0,6963,10.0,4.97,0.0,0.0,15.19,267.66,1.5,10,101600.0,9999999
72494,0,6964,10.0,6.8,0.0,0.0,15.19,268.57,2.6,12,101600.0,9999999
72494,0,6965,9.4,6.3,0.0,0.0,15.19,267.89,1.5,9,101600.0,9999999
72494,0,6966,10.0,6.08,4.0,3.0,15.19,268.34,0.0,0,101600.0,9999999
72494,0,6967,13.9,7.65,75.0,73.0,15.19,275.58,2.1,13,101700.0,9999999
72494,0,6968,14.4,7.65,185.0,174.0,15.19,276.0,2.1,15,101700.0,9999999
72494,0,6969,15.6,7.97,259.0,241.0,15.19,277.45,0.0,0,101700.0,9999999
72494,0,6970,16.1,8.24,356.0,301.0,15.19,274.94,2.1,1,101600.0,9999999
72494,0,6971,17.2,8.58,369.0,317.0,15.19,276.21,0.0,0,101600.0,9999999
72494,0,6972,20.6,7.34,532.0,330.0,15.19,281.89,4.6,12,101500.0,9999999
72494,0,6973,20.6,7.34,611.0,188.0,15.19,281.89,6.2,12,101400.0,9999999
72494,0,6974,19.4,7.09,459.0,215.0,15.19,277.66,6.7,12,101300.0,9999999
72494,0,6975,17.2,7.09,177.0,161.0,15.19,278.48,8.8,12,101300.0,9999999
72494,0,6976,14.4,7.09,147.0,117.0,15.19,275.79,8.8,12,101300.0,9999999
72494,0,6977,13.3,7.34,0.0,0.0,15.19,274.94,7.2,12,101300.0,9999999
72494,0,6978,12.8,7.65,0.0,0.0,15.19,274.52,6.2,12,101300.0,9999999
72494,0,6979,13.3,7.65,0.0,0.0,15.19,274.94,5.7,12,101400.0,9999999
72494,0,6980,12.2,7.97,0.0,0.0,15.19,274.09,5.2,12,101400.0,9999999
72494,0,6981,12.2,7.97,0.0,0.0,15.19,274.09,5.2,12,101400.0,9999999
72494,0,6982,11.7,7.97,0.0,0.0,15.19,273.66,3.6,12,101400.0,9999999
72494,0,6983,11.1,7.09,0.0,0.0,15.19,272.58,3.1,12,101400.0,9999999
72494,0,6984,11.1,7.34,0.0,0.0,15.19,269.93,3.1,12,101400.0,9999999
72494,0,6985,10.0,7.09,0.0,0.0,15.19,268.8,2.1,12,101400.0,9999999
72494,0,6986,10.0,7.09,0.0,0.0,15.19,268.8,2.6,11,101400.0,9999999
72494,0,6987,9.4,6.08,0.0,0.0,15.19,267.66,2.1,9,101300.0,9999999
72494,0,6988,10.0,6.3,0.0,0.0,15.19,268.34,0.0,0,101400.0,9999999
72494,0,6989,10.6,6.3,0.0,0.0,15.19,269.03,0.0,0,101400.0,9999999
72494,0,6990,11.7,7.09,4.0,3.0,15.19,270.37,0.0,0,101400.0,9999999
72494,0,6991,13.9,7.97,152.0,49.0,15.19,272.8,0.0,0,101500.0,9999999
72494,0,6992,15.6,7.97,345.0,74.0,15.19,274.52,1.5,3,101500.0,9999999
72494,0,6993,16.1,8.87,507.0,101.0,15.19,275.36,1.5,1,101500.0,9999999
72494,0,6994,17.2,8.58,622.0,121.0,15.19,276.21,0.0,0,101500.0,9999999
72494,0,6995,20.6,5.62,685.0,132.0,15.19,278.07,0.0,0,101400.0,9999999
72494,0,6996,24.4,5.38,651.0,170.0,15.19,281.49,3.1,15,101300.0,9999999
72494,0,6997,24.4,5.82,572.0,197.0,15.19,281.69,3.6,15,101200.0,9999999
72494,0,6998,25.6,6.08,438.0,186.0,15.19,283.06,3.1,15,101200.0,9999999
72494,0,6999,22.2,4.97,313.0,127.0,15.19,279.09,7.7,12,101200.0,9999999
72494,0,7000,21.1,5.62,111.0,104.0,15.19,278.48,6.2,12,101200.0,9999999
72494,0,7001,20.0,4.38,0.0,0.0,15.19,276.62,6.2,12,101300.0,9999999
72494,0,7002,20.0,4.75,0.0,0.0,15.19,276.83,6.7,12,101300.0,9999999
72494,0,7003,18.3,6.08,0.0,0.0,15.19,276.21,3.6,14,101300.0,9999999
72494,0,7004,17.8,4.97,0.0,0.0,15.19,274.94,2.1,10,101400.0,9999999
72494,0,7005,17.8,4.75,0.0,0.0,15.19,274.73,0.0,0,101300.0,9999999
72494,0,7006,15.6,5.62,0.0,0.0,15.19,273.23,3.6,11,101400.0,9999999
72494,0,7007,14.4,6.57,0.0,0.0,15.19,272.58,2.1,13,101400.0,9999999
72494,0,7008,15.0,6.08,0.0,0.0,15.19,273.01,1.5,12,101400.0,9999999
72494,0,7009,13.3,6.08,0.0,0.0,15.19,271.26,0.0,0,101400.0,9999999
72494,0,7010,11.7,5.15,0.0,0.0,15.19,269.25,1.5,11,101400.0,9999999
72494,0,7011,12.8,5.82,0.0,0.0,15.19,270.82,0.0,0,101400.0,9999999
72494,0,7012,12.2,5.62,0.0,0.0,15.19,270.15,0.0,0,101400.0,9999999
72494,0,7013,13.3,5.82,0.0,0.0,15.19,271.26,0.0,0,101400.0,9999999
72494,0,7014,12.8,6.3,3.0,2.0,15.19,271.04,0.0,0,101400.0,9999999
72494,0,7015,16.1,7.34,144.0,55.0,15.19,274.73,1.5,16,101500.0,9999999
72494,0,7016,17.2,7.97,325.0,98.0,15.19,276.0,1.5,1,101500.0,9999999
72494,0,7017,18.9,8.24,465.0,138.0,15.19,277.66,2.1,4,101500.0,9999999
72494,0,7018,23.3,3.7,559.0,176.0,15.19,279.29,0.0,0,101500.0,9999999
72494,0,7019,24.4,4.22,572.0,234.0,15.19,280.7,0.0,0,101400.0,9999999
72494,0,7020,25.6,4.38,564.0,265.0,15.19,281.89,0.0,0,101300.0,9999999
72494,0,7021,26.7,4.75,533.0,212.0,15.19,283.25,1.5,15,101200.0,9999999
72494,0,7022,26.1,5.82,432.0,179.0,15.19,283.25,2.6,15,101200.0,9999999
72494,0,7023,25.0,4.38,306.0,132.0,15.19,281.29,7.2,12,101200.0,9999999
72494,0,7024,23.3,3.88,140.0,106.0,15.19,279.29,6.2,12,101200.0,9999999
72494,0,7025,21.1,4.03,0.0,0.0,15.19,277.45,6.7,12,101200.0,9999999
72494,0,7026,20.6,4.58,0.0,0.0,15.19,277.45,5.7,12,101200.0,9999999
72494,0,7027,20.0,4.38,0.0,0.0,15.19,276.62,3.6,12,101300.0,9999999
72494,0,7028,18.3,5.15,0.0,0.0,15.19,275.58,2.6,10,101300.0,9999999
72494,0,7029,18.3,4.97,0.0,0.0,15.19,275.36,1.5,11,101300.0,9999999
72494,0,7030,16.1,5.82,0.0,0.0,15.19,273.87,0.0,0,101300.0,9999999
72494,0,7031,15.0,5.62,0.0,0.0,15.19,272.8,0.0,0,101300.0,9999999
72494,0,7032,15.0,6.08,0.0,0.0,15.19,273.01,0.0,0,101300.0,9999999
72494,0,7033,13.3,5.15,0.0,0.0,15.19,270.82,2.1,12,101300.0,9999999
72494,0,7034,13.3,6.57,0.0,0.0,15.19,271.7,0.0,0,101300.0,9999999
72494,0,7035,14.4,7.65,0.0,0.0,15.19,273.23,0.0,0,101200.0,9999999
72494,0,7036,12.8,6.8,0.0,0.0,15.19,271.26,1.5,8,101300.0,9999999
72494,0,7037,12.8,6.3,0.0,0.0,15.19,271.04,1.5,11,101300.0,9999999
72494,0,7038,13.3,6.57,2.0,2.0,15.19,271.7,0.0,0,101300.0,9999999
72494,0,7039,16.1,8.24,139.0,57.0,15.19,274.94,2.6,4,101300.0,9999999
72494,0,7040,17.2,8.24,287.0,132.0,15.19,276.0,2.1,4,101400.0,9999999
72494,0,7041,17.8,9.23,417.0,204.0,15.19,277.04,2.1,3,101400.0,9999999
72494,0,7042,18.9,9.93,508.0,251.0,15.19,280.5,2.6,4,101300.0,9999999
72494,0,7043,20.0,10.26,554.0,269.0,15.19,282.48,2.6,1,101300.0,9999999
72494,0,7044,20.0,9.54,558.0,261.0,15.19,281.49,2.1,1,101200.0,9999999
72494,0,7045,20.6,9.54,447.0,271.0,15.19,282.87,2.1,1,101200.0,9999999
72494,0,7046,25.0,6.57,389.0,222.0,15.19,284.99,5.2,12,101200.0,9999999
72494,0,7047,22.8,6.8,263.0,167.0,15.19,283.64,5.2,12,101200.0,9999999
72494,0,7048,20.0,6.57,149.0,109.0,15.19,280.3,6.2,12,101200.0,9999999
72494,0,7049,17.2,6.3,0.0,0.0,15.19,278.07,6.7,12,101300.0,9999999
72494,0,7050,15.6,6.8,0.0,0.0,15.19,277.86,7.7,12,101300.0,9999999
72494,0,7051,13.9,7.34,0.0,0.0,15.19,276.62,6.2,12,101400.0,9999999
72494,0,7052,12.8,7.65,0.0,0.0,15.19,273.87,6.2,12,101400.0,9999999
72494,0,7053,12.2,7.65,0.0,0.0,15.19,273.87,6.2,12,101600.0,9999999
72494,0,7054,11.7,7.65,0.0,0.0,15.19,272.8,6.7,12,101600.0,9999999
72494,0,7055,11.7,7.65,0.0,0.0,15.19,270.6,5.2,12,101700.0,9999999
72494,0,7056,10.6,7.34,0.0,0.0,15.19,269.48,4.6,12,101700.0,9999999
72494,0,7057,10.6,7.34,0.0,0.0,15.19,269.48,4.1,12,101800.0,9999999
72494,0,7058,10.6,7.09,0.0,0.0,15.19,269.25,3.1,12,101800.0,9999999
72494,0,7059,10.0,7.09,0.0,0.0,15.19,268.8,3.1,12,101800.0,9999999
72494,0,7060,9.4,6.57,0.0,0.0,15.19,267.89,1.5,10,101900.0,9999999
72494,0,7061,10.0,6.57,0.0,0.0,15.19,272.36,0.0,0,101900.0,9999999
72494,0,7062,11.1,7.09,1.0,1.0,15.19,277.66,2.6,12,102000.0,9999999
72494,0,7063,12.2,7.34,45.0,45.0,15.19,278.89,1.5,10,102100.0,9999999
72494,0,7064,12.2,7.65,94.0,94.0,15.19,280.9,1.5,8,102100.0,9999999
72494,0,7065,12.8,7.65,132.0,132.0,15.19,281.49,0.0,0,102100.0,9999999
72494,0,7066,14.4,7.65,220.0,213.0,15.19,281.1,5.2,14,102100.0,9999999
72494,0,7067,15.0,7.34,423.0,321.0,15.19,277.66,7.2,12,102100.0,9999999
72494,0,7068,15.6,7.65,364.0,309.0,15.19,277.25,7.2,14,102000.0,9999999
72494,0,7069,16.1,7.65,400.0,288.0,15.19,274.73,7.2,12,102000.0,9999999
72494,0,7070,15.6,7.65,471.0,201.0,15.19,274.3,7.2,13,102000.0,9999999
72494,0,7071,15.0,7.65,274.0,158.0,15.19,273.66,7.2,12,101900.0,9999999
72494,0,7072,13.9,7.65,105.0,104.0,15.19,272.8,7.2,12,101900.0,9999999
72494,0,7073,12.8,7.65,0.0,0.0,15.19,271.7,7.2,12,101900.0,9999999
72494,0,7074,12.2,7.65,0.0,0.0,15.19,271.04,8.2,12,102000.0,9999999
72494,0,7075,12.2,7.65,0.0,0.0,15.19,271.04,7.7,12,102000.0,9999999
72494,0,7076,11.7,7.65,0.0,0.0,15.19,270.6,5.7,12,102000.0,9999999
72494,0,7077,11.7,7.65,0.0,0.0,15.19,270.6,4.1,12,102100.0,9999999
72494,0,7078,11.7,7.65,0.0,0.0,15.19,270.6,4.1,12,102100.0,9999999
72494,0,7079,10.6,7.34,0.0,0.0,15.19,269.48,2.1,10,102100.0,9999999
72494,0,7080,11.1,7.34,0.0,0.0,15.19,269.93,3.6,12,102000.0,9999999
72494,0,7081,10.6,6.8,0.0,0.0,15.19,269.25,0.0,0,102000.0,9999999
72494,0,7082,9.4,6.57,0.0,0.0,15.19,267.89,2.1,11,102000.0,9999999
72494,0,7083,10.6,7.65,0.0,0.0,15.19,269.48,4.6,12,102000.0,9999999
72494,0,7084,10.6,7.65,0.0,0.0,15.19,272.36,3.6,12,102000.0,9999999
72494,0,7085,11.1,7.65,0.0,0.0,15.19,276.41,4.6,12,102000.0,9999999
72494,0,7086,11.1,7.97,1.0,1.0,15.19,276.62,4.6,12,102100.0,9999999
72494,0,7087,11.7,7.97,51.0,51.0,15.19,277.25,2.6,12,102100.0,9999999
72494,0,7088,12.8,7.97,122.0,120.0,15.19,281.69,2.6,6,102200.0,9999999
72494,0,7089,13.3,7.97,374.0,244.0,15.19,276.21,1.5,3,102100.0,9999999
72494,0,7090,14.4,7.97,565.0,207.0,15.19,273.23,1.5,4,102100.0,9999999
72494,0,7091,15.0,8.24,566.0,231.0,15.19,276.83,2.6,3,102000.0,9999999
72494,0,7092,15.0,8.24,577.0,245.0,15.19,274.09,3.1,3,101900.0,9999999
72494,0,7093,17.8,7.34,341.0,283.0,15.19,280.3,7.7,12,101900.0,9999999
72494,0,7094,16.1,7.34,391.0,221.0,15.19,278.68,4.1,12,101800.0,9999999
72494,0,7095,16.7,7.09,267.0,159.0,15.19,278.07,5.2,11,101800.0,9999999
72494,0,7096,15.6,7.09,84.0,84.0,15.19,275.36,4.1,14,101700.0,9999999
72494,0,7097,14.4,6.8,0.0,0.0,15.19,274.09,2.6,11,101700.0,9999999
72494,0,7098,15.0,6.8,0.0,0.0,15.19,276.21,4.1,11,101800.0,9999999
72494,0,7099,14.4,6.8,0.0,0.0,15.19,275.79,0.0,0,101700.0,9999999
72494,0,7100,14.4,6.8,0.0,0.0,15.19,276.21,0.0,0,101700.0,9999999
72494,0,7101,14.4,7.09,0.0,0.0,15.19,276.41,1.5,8,101700.0,9999999
72494,0,7102,14.4,6.8,0.0,0.0,15.19,276.21,3.1,8,101700.0,9999999
72494,0,7103,14.4,6.8,0.0,0.0,15.19,276.21,4.6,8,101700.0,9999999
72494,0,7104,15.0,6.8,0.0,0.0,15.19,276.83,2.6,8,101600.0,9999999
72494,0,7105,15.0,6.8,0.0,0.0,15.19,276.83,4.1,6,101600.0,9999999
72494,0,7106,15.0,7.09,0.0,0.0,15.19,277.04,4.1,6,101500.0,9999999
72494,0,7107,14.4,7.97,0.0,0.0,15.19,279.9,3.1,5,101400.0,9999999
72494,0,7108,15.0,7.65,0.0,0.0,15.19,280.3,3.6,6,101300.0,9999999
72494,0,7109,15.0,7.97,0.0,0.0,15.19,283.84,3.6,4,101300.0,9999999
72494,0,7110,13.9,8.87,0.0,0.0,15.19,283.06,5.2,5,101300.0,9999999
72494,0,7111,13.9,9.54,54.0,54.0,15.19,283.45,5.7,4,101400.0,9999999
72494,0,7112,13.9,9.54,112.0,112.0,15.19,283.45,4.6,4,101500.0,9999999
72494,0,7113,15.0,9.54,116.0,116.0,15.19,284.41,3.6,9,101600.0,9999999
72494,0,7114,16.1,9.23,282.0,261.0,15.19,285.37,4.1,11,101600.0,9999999
72494,0,7115,16.1,8.87,286.0,259.0,15.19,281.89,4.6,12,101600.0,9999999
72494,0,7116,17.2,8.87,621.0,246.0,15.19,282.87,5.2,12,101600.0,9999999
72494,0,7117,17.2,8.87,542.0,166.0,15.19,279.9,5.2,12,101600.0,9999999
72494,0,7118,17.2,8.58,451.0,186.0,15.19,279.7,5.2,12,101600.0,9999999
72494,0,7119,17.2,9.23,222.0,159.0,15.19,279.9,5.7,12,101700.0,9999999
72494,0,7120,16.3,8.99,121.0,107.0,15.19,279.09,5.7,12,101700.0,9999999
72494,0,7121,15.6,8.87,0.0,0.0,15.19,278.27,5.7,12,101700.0,9999999
72494,0,7122,14.4,8.58,0.0,0.0,15.19,276.41,6.2,12,101700.0,9999999
72494,0,7123,14.4,8.24,0.0,0.0,15.19,276.41,6.7,12,101700.0,9999999
72494,0,7124,14.4,8.24,0.0,0.0,15.19,276.41,5.2,12,101700.0,9999999
72494,0,7125,13.9,7.97,0.0,0.0,15.19,272.8,6.2,12,101800.0,9999999
72494,0,7126,13.3,8.24,0.0,0.0,15.19,272.36,4.6,12,101800.0,9999999
72494,0,7127,13.3,8.58,0.0,0.0,15.19,275.36,5.2,12,101900.0,9999999
72494,0,7128,12.2,7.97,0.0,0.0,15.19,271.26,5.7,12,101900.0,9999999
72494,0,7129,12.8,8.24,0.0,0.0,15.19,274.73,6.7,12,101900.0,9999999
72494,0,7130,12.2,8.24,0.0,0.0,15.19,271.26,5.7,12,101800.0,9999999
72494,0,7131,11.7,7.97,0.0,0.0,15.19,270.82,4.6,12,101800.0,9999999
72494,0,7132,11.1,7.97,0.0,0.0,15.19,270.15,3.1,12,101900.0,9999999
72494,0,7133,11.1,7.65,0.0,0.0,15.19,273.44,3.6,11,101900.0,9999999
72494,0,7134,12.2,7.65,0.0,0.0,15.19,274.94,4.1,12,101900.0,9999999
72494,0,7135,13.3,7.97,131.0,45.0,15.19,276.21,3.1,12,101900.0,9999999
72494,0,7136,15.0,7.34,302.0,88.0,15.19,276.41,3.6,15,102000.0,9999999
72494,0,7137,16.1,7.34,421.0,174.0,15.19,278.07,4.1,12,102000.0,9999999
72494,0,7138,17.2,7.34,547.0,171.0,15.19,278.68,2.6,13,101900.0,9999999
72494,0,7139,17.2,7.65,614.0,187.0,15.19,278.68,2.1,12,101800.0,9999999
72494,0,7140,18.3,7.34,559.0,240.0,15.19,279.7,7.7,12,101800.0,9999999
72494,0,7141,18.3,7.65,542.0,191.0,15.19,280.3,8.2,12,101700.0,9999999
72494,0,7142,17.8,7.97,430.0,152.0,15.19,280.1,9.3,12,101700.0,9999999
72494,0,7143,17.2,7.65,299.0,120.0,15.19,279.29,9.3,12,101600.0,9999999
72494,0,7144,15.6,7.97,97.0,97.0,15.19,277.45,8.2,12,101600.0,9999999
72494,0,7145,14.4,8.24,0.0,0.0,15.19,276.41,7.7,12,101600.0,9999999
72494,0,7146,14.4,7.97,0.0,0.0,15.19,273.23,6.2,12,101600.0,9999999
72494,0,7147,14.4,7.97,0.0,0.0,15.19,273.23,4.1,12,101600.0,9999999
72494,0,7148,14.4,7.97,0.0,0.0,15.19,273.23,4.1,12,101600.0,9999999
72494,0,7149,14.4,7.97,0.0,0.0,15.19,273.23,3.6,12,101500.0,9999999
72494,0,7150,13.9,7.97,0.0,0.0,15.19,272.8,3.1,12,101500.0,9999999
72494,0,7151,12.8,7.65,0.0,0.0,15.19,271.7,1.5,8,101500.0,9999999
72494,0,7152,13.3,7.65,0.0,0.0,15.19,272.14,0.0,0,101500.0,9999999
72494,0,7153,11.1,7.09,0.0,0.0,15.19,269.7,1.5,9,101500.0,9999999
72494,0,7154,11.1,6.8,0.0,0.0,15.19,269.7,1.5,11,101400.0,9999999
72494,0,7155,10.6,6.8,0.0,0.0,15.19,269.25,2.1,12,101400.0,9999999
72494,0,7156,10.0,6.8,0.0,0.0,15.19,268.57,2.1,9,101400.0,9999999
72494,0,7157,10.6,6.8,0.0,0.0,15.19,269.25,0.0,0,101400.0,9999999
72494,0,7158,11.1,7.09,0.0,0.0,15.19,269.7,0.0,0,101400.0,9999999
72494,0,7159,13.3,7.97,123.0,48.0,15.19,272.36,2.1,7,101400.0,9999999
72494,0,7160,16.1,7.34,302.0,82.0,15.19,274.73,0.0,0,101400.0,9999999
72494,0,7161,17.2,7.34,436.0,131.0,15.19,275.79,1.5,16,101300.0,9999999
72494,0,7162,18.3,6.8,513.0,195.0,15.19,276.41,0.0,0,101300.0,9999999
72494,0,7163,19.4,6.8,578.0,200.0,15.19,277.45,0.0,0,101200.0,9999999
72494,0,7164,21.1,6.57,521.0,288.0,15.19,279.09,0.0,0,101100.0,9999999
72494,0,7165,22.2,7.09,536.0,191.0,15.19,280.3,4.1,14,101000.0,9999999
72494,0,7166,22.8,7.09,416.0,173.0,15.19,280.9,2.1,16,101000.0,9999999
72494,0,7167,20.0,7.34,264.0,142.0,15.19,278.27,6.2,12,101100.0,9999999
72494,0,7168,18.9,7.34,0.0,0.0,15.19,277.25,5.2,12,101000.0,9999999
72494,0,7169,16.7,7.97,0.0,0.0,15.19,275.58,5.2,12,101100.0,9999999
72494,0,7170,16.1,7.65,0.0,0.0,15.19,274.73,4.1,12,101100.0,9999999
72494,0,7171,15.6,7.97,0.0,0.0,15.19,274.52,3.1,12,101100.0,9999999
72494,0,7172,15.0,7.65,0.0,0.0,15.19,273.66,3.6,12,101100.0,9999999
72494,0,7173,14.4,7.65,0.0,0.0,15.19,273.23,2.1,8,101200.0,9999999
72494,0,7174,13.9,7.65,0.0,0.0,15.19,272.8,0.0,0,101200.0,9999999
72494,0,7175,12.8,7.65,0.0,0.0,15.19,271.7,3.1,12,101200.0,9999999
72494,0,7176,12.2,7.34,0.0,0.0,15.19,271.04,0.0,0,101200.0,9999999
72494,0,7177,13.3,8.24,0.0,0.0,15.19,275.36,2.1,16,101200.0,9999999
72494,0,7178,11.7,7.34,0.0,0.0,15.19,278.27,4.6,12,101300.0,9999999
72494,0,7179,12.2,7.65,0.0,0.0,15.19,280.9,2.1,13,101300.0,9999999
72494,0,7180,11.7,7.34,0.0,0.0,15.19,274.3,2.6,10,101400.0,9999999
72494,0,7181,12.2,7.34,0.0,0.0,15.19,273.87,2.1,7,101400.0,9999999
72494,0,7182,11.7,7.34,0.0,0.0,15.19,273.87,2.6,9,101500.0,9999999
72494,0,7183,13.3,7.65,92.0,71.0,15.19,275.58,4.6,7,101500.0,9999999
72494,0,7184,13.9,7.65,259.0,147.0,15.19,279.09,5.7,7,101600.0,9999999
72494,0,7185,15.0,7.65,142.0,142.0,15.19,280.3,6.2,7,101600.0,9999999
72494,0,7186,16.7,7.65,113.0,113.0,15.19,281.89,4.1,8,101600.0,9999999
72494,0,7187,16.7,7.65,197.0,189.0,15.19,281.89,5.7,8,101600.0,9999999
72494,0,7188,16.1,7.97,547.0,270.0,15.19,277.86,1.5,4,101500.0,9999999
72494,0,7189,16.1,8.58,315.0,266.0,15.19,278.68,3.1,2,101500.0,9999999
72494,0,7190,17.2,7.97,186.0,183.0,15.19,282.48,5.7,10,101600.0,9999999
72494,0,7191,15.6,7.97,95.0,95.0,15.19,282.48,7.7,10,101600.0,9999999
72494,0,7192,15.6,7.97,0.0,0.0,15.19,284.41,3.6,10,101700.0,9999999
72494,0,7193,15.0,8.24,0.0,0.0,15.19,284.03,3.6,10,101700.0,9999999
72494,0,7194,14.4,8.24,0.0,0.0,15.19,283.45,4.6,9,101700.0,9999999
72494,0,7195,14.4,7.97,0.0,0.0,15.19,279.9,4.6,9,101700.0,9999999
72494,0,7196,14.4,7.97,0.0,0.0,15.19,283.25,5.2,8,101800.0,9999999
72494,0,7197,14.4,7.97,0.0,0.0,15.19,283.25,2.1,8,101800.0,9999999
72494,0,7198,15.0,7.97,0.0,0.0,15.19,283.84,2.6,8,101800.0,9999999
72494,0,7199,15.0,7.97,0.0,0.0,15.19,283.84,3.6,8,101800.0,9999999
72494,0,7200,15.0,7.97,0.0,0.0,15.19,283.84,2.6,8,101800.0,9999999
72494,0,7201,14.4,8.24,0.0,0.0,15.19,283.45,3.6,10,101800.0,9999999
72494,0,7202,13.3,8.58,0.0,0.0,15.19,282.48,4.1,11,101800.0,9999999
72494,0,7203,12.8,8.24,0.0,0.0,15.19,281.89,2.6,12,101800.0,9999999
72494,0,7204,13.3,7.97,0.0,0.0,15.19,282.08,2.1,9,101800.0,9999999
72494,0,7205,13.3,7.97,0.0,0.0,15.19,282.08,1.5,12,101800.0,9999999
72494,0,7206,13.3,8.24,0.0,0.0,15.19,282.28,2.1,11,101800.0,9999999
72494,0,7207,13.9,8.24,36.0,36.0,15.19,282.87,4.6,12,101900.0,9999999
72494,0,7208,14.4,8.24,111.0,111.0,15.19,281.49,3.1,12,101900.0,9999999
72494,0,7209,14.4,8.58,115.0,115.0,15.19,281.49,3.1,11,101900.0,9999999
72494,0,7210,15.0,8.58,473.0,260.0,15.19,282.08,4.6,11,101900.0,9999999
72494,0,7211,14.4,8.24,304.0,262.0,15.19,281.49,4.6,12,101800.0,9999999
72494,0,7212,14.4,8.24,233.0,229.0,15.19,279.9,5.7,12,101800.0,9999999
72494,0,7213,15.0,7.97,201.0,198.0,15.19,279.29,2.1,8,101700.0,9999999
72494,0,7214,15.6,7.97,336.0,214.0,15.19,278.48,2.1,8,101600.0,9999999
72494,0,7215,15.0,8.24,172.0,153.0,15.19,278.68,4.1,12,101600.0,9999999
72494,0,7216,13.9,7.97,0.0,0.0,15.19,277.45,5.2,12,101600.0,9999999
72494,0,7217,13.9,7.97,0.0,0.0,15.19,276.21,2.6,13,101500.0,9999999
72494,0,7218,13.3,7.97,0.0,0.0,15.19,278.68,7.2,12,101600.0,9999999
72494,0,7219,13.3,8.24,0.0,0.0,15.19,280.3,4.6,12,101600.0,9999999
72494,0,7220,12.8,8.24,0.0,0.0,15.19,279.9,4.6,12,101600.0,9999999
72494,0,7221,13.3,8.24,0.0,0.0,15.19,277.66,3.6,12,101600.0,9999999
72494,0,7222,12.8,8.24,0.0,0.0,15.19,276.41,4.1,12,101600.0,9999999
72494,0,7223,12.8,8.24,0.0,0.0,15.19,276.41,4.1,12,101500.0,9999999
72494,0,7224,12.2,8.24,0.0,0.0,15.19,275.36,4.1,12,101400.0,9999999
72494,0,7225,11.7,7.97,0.0,0.0,15.19,274.73,4.6,12,101400.0,9999999
72494,0,7226,11.7,7.97,0.0,0.0,15.19,271.92,4.1,13,101400.0,9999999
72494,0,7227,11.7,7.97,0.0,0.0,15.19,270.82,3.1,12,101400.0,9999999
72494,0,7228,11.7,7.65,0.0,0.0,15.19,274.09,5.2,12,101400.0,9999999
72494,0,7229,11.7,7.65,0.0,0.0,15.19,274.09,5.2,12,101400.0,9999999
72494,0,7230,11.1,7.65,0.0,0.0,15.19,273.01,4.1,12,101400.0,9999999
72494,0,7231,12.8,7.65,116.0,46.0,15.19,274.52,4.6,12,101400.0,9999999
72494,0,7232,13.9,7.65,295.0,73.0,15.19,279.09,4.1,12,101400.0,9999999
72494,0,7233,14.4,7.09,435.0,126.0,15.19,276.41,5.7,11,101400.0,9999999
72494,0,7234,15.0,6.3,496.0,199.0,15.19,276.0,5.2,11,101300.0,9999999
72494,0,7235,16.1,6.57,536.0,230.0,15.19,274.3,7.2,12,101300.0,9999999
72494,0,7236,15.6,6.57,535.0,250.0,15.19,276.62,8.8,12,101200.0,9999999
72494,0,7237,16.1,6.57,544.0,193.0,15.19,277.25,9.3,12,101200.0,9999999
72494,0,7238,16.1,6.8,404.0,171.0,15.19,274.3,8.8,12,101200.0,9999999
72494,0,7239,15.6,6.8,270.0,143.0,15.19,276.83,9.3,12,101200.0,9999999
72494,0,7240,13.9,7.09,0.0,0.0,15.19,272.36,8.2,12,101200.0,9999999
72494,0,7241,13.3,7.09,0.0,0.0,15.19,271.92,7.2,11,101200.0,9999999
72494,0,7242,12.8,7.09,0.0,0.0,15.19,271.48,5.7,11,101200.0,9999999
72494,0,7243,13.3,6.57,0.0,0.0,15.19,271.7,5.2,12,101200.0,9999999
72494,0,7244,12.8,6.57,0.0,0.0,15.19,271.04,5.7,11,101300.0,9999999
72494,0,7245,12.2,6.57,0.0,0.0,15.19,270.6,7.2,11,101300.0,9999999
72494,0,7246,12.2,6.3,0.0,0.0,15.19,270.37,6.2,12,101300.0,9999999
72494,0,7247,11.7,6.3,0.0,0.0,15.19,269.93,5.7,11,101300.0,9999999
72494,0,7248,12.2,6.3,0.0,0.0,15.19,270.37,5.2,11,101300.0,9999999
72494,0,7249,11.7,6.08,0.0,0.0,15.19,269.93,4.6,11,101300.0,9999999
72494,0,7250,10.6,6.57,0.0,0.0,15.19,269.03,3.6,11,101300.0,9999999
72494,0,7251,10.6,6.8,0.0,0.0,15.19,269.25,3.6,13,101300.0,9999999
72494,0,7252,10.6,6.8,0.0,0.0,15.19,269.25,4.6,12,101400.0,9999999
72494,0,7253,11.1,6.8,0.0,0.0,15.19,269.7,4.1,12,101400.0,9999999
72494,0,7254,10.6,6.8,0.0,0.0,15.19,269.25,3.6,12,101400.0,9999999
72494,0,7255,12.2,7.09,114.0,44.0,15.19,270.82,2.6,12,101500.0,9999999
72494,0,7256,13.9,7.09,294.0,70.0,15.19,272.36,0.0,0,101500.0,9999999
72494,0,7257,15.0,7.34,450.0,97.0,15.19,273.66,2.1,16,101500.0,9999999
72494,0,7258,15.0,7.34,546.0,143.0,15.19,273.66,2.6,2,101500.0,9999999
72494,0,7259,15.6,7.09,620.0,127.0,15.19,274.09,1.5,2,101500.0,9999999
72494,0,7260,17.8,6.3,604.0,151.0,15.19,275.79,6.7,12,101400.0,9999999
72494,0,7261,17.2,5.62,552.0,128.0,15.19,274.73,9.3,12,101400.0,9999999
72494,0,7262,17.2,5.62,435.0,121.0,15.19,274.73,6.7,12,101400.0,9999999
72494,0,7263,15.6,6.08,282.0,118.0,15.19,273.44,6.2,12,101400.0,9999999
72494,0,7264,13.9,6.8,0.0,0.0,15.19,272.36,7.7,12,101400.0,9999999
72494,0,7265,12.8,7.09,0.0,0.0,15.19,271.48,7.2,12,101500.0,9999999
72494,0,7266,12.2,7.09,0.0,0.0,15.19,270.82,4.1,12,101500.0,9999999
72494,0,7267,12.2,6.8,0.0,0.0,15.19,270.6,5.2,12,101500.0,9999999
72494,0,7268,11.7,7.09,0.0,0.0,15.19,270.37,5.2,12,101600.0,9999999
72494,0,7269,11.1,7.09,0.0,0.0,15.19,269.7,4.1,12,101600.0,9999999
72494,0,7270,11.1,7.09,0.0,0.0,15.19,269.7,3.1,12,101600.0,9999999
72494,0,7271,10.6,6.8,0.0,0.0,15.19,269.25,2.1,12,101600.0,9999999
72494,0,7272,10.6,6.3,0.0,0.0,15.19,269.03,0.0,0,101700.0,9999999
72494,0,7273,9.4,6.08,0.0,0.0,15.19,267.66,2.6,12,101700.0,9999999
72494,0,7274,9.4,6.3,0.0,0.0,15.19,267.89,2.6,12,101700.0,9999999
72494,0,7275,8.9,6.08,0.0,0.0,15.19,267.2,1.5,12,101700.0,9999999
72494,0,7276,7.8,5.62,0.0,0.0,15.19,265.8,3.1,11,101800.0,9999999
72494,0,7277,9.4,6.3,0.0,0.0,15.19,267.89,2.1,10,101700.0,9999999
72494,0,7278,8.9,6.3,0.0,0.0,15.19,267.43,1.5,8,101800.0,9999999
72494,0,7279,11.7,6.8,94.0,52.0,15.19,270.15,3.1,12,101800.0,9999999
72494,0,7280,13.3,7.65,201.0,141.0,15.19,273.44,2.1,13,101900.0,9999999
72494,0,7281,14.4,7.65,444.0,169.0,15.19,275.36,2.6,16,101900.0,9999999
72494,0,7282,14.4,7.97,326.0,266.0,15.19,275.58,2.6,3,101900.0,9999999
72494,0,7283,14.4,7.97,417.0,299.0,15.19,275.58,1.5,16,101800.0,9999999
72494,0,7284,16.7,7.97,308.0,264.0,15.19,278.48,3.1,13,101800.0,9999999
72494,0,7285,16.1,7.34,121.0,121.0,15.19,278.07,8.2,12,101800.0,9999999
72494,0,7286,13.9,7.09,158.0,158.0,15.19,280.5,6.7,12,101900.0,9999999
72494,0,7287,13.3,7.65,78.0,78.0,15.19,280.1,5.7,12,101800.0,9999999
72494,0,7288,13.9,7.65,0.0,0.0,15.19,280.7,1.5,12,101900.0,9999999
72494,0,7289,14.4,7.65,0.0,0.0,15.19,283.06,0.0,0,101900.0,9999999
72494,0,7290,15.0,7.34,0.0,0.0,15.19,280.1,0.0,0,101900.0,9999999
72494,0,7291,14.4,7.97,0.0,0.0,15.19,277.25,0.0,0,101900.0,9999999
72494,0,7292,13.3,7.97,0.0,0.0,15.19,278.68,3.1,12,101900.0,9999999
72494,0,7293,13.1,7.65,0.0,0.0,15.19,278.48,2.9,16,101900.0,9999999
72494,0,7294,13.0,7.29,0.0,0.0,15.19,278.07,2.6,8,101900.0,9999999
72494,0,7295,12.8,6.99,0.0,0.0,15.19,277.86,2.4,16,101900.0,9999999
72494,0,7296,12.7,6.66,0.0,0.0,13.51,271.04,2.2,16,102400.0,9999999
72494,0,7297,12.5,6.39,0.0,0.0,13.51,270.82,2.0,16,102500.0,9999999
72494,0,7298,12.4,6.08,0.0,0.0,13.51,270.6,1.7,3,102500.0,9999999
72494,0,7299,12.2,5.82,0.0,0.0,13.51,270.15,1.5,8,102400.0,9999999
72494,0,7300,10.0,4.97,0.0,0.0,13.51,267.66,2.1,9,102500.0,9999999
72494,0,7301,10.0,4.97,0.0,0.0,13.51,267.66,1.5,8,102600.0,9999999
72494,0,7302,10.0,4.58,0.0,0.0,13.51,267.43,0.0,0,102600.0,9999999
72494,0,7303,12.2,6.3,108.0,35.0,13.51,270.37,0.0,0,102700.0,9999999
72494,0,7304,15.0,5.15,282.0,73.0,13.51,272.36,0.0,0,102700.0,9999999
72494,0,7305,16.1,6.3,443.0,91.0,13.51,274.09,0.0,0,102700.0,9999999
72494,0,7306,17.2,4.38,557.0,108.0,13.51,274.09,2.6,7,102700.0,9999999
72494,0,7307,18.3,4.03,602.0,121.0,13.51,274.73,0.0,0,102600.0,9999999
72494,0,7308,20.0,4.22,611.0,115.0,13.51,276.62,2.1,16,102500.0,9999999
72494,0,7309,20.6,4.22,540.0,111.0,13.51,277.04,2.6,15,102500.0,9999999
72494,0,7310,20.6,3.7,415.0,124.0,13.51,276.62,0.0,0,102400.0,9999999
72494,0,7311,20.6,3.88,258.0,128.0,13.51,276.83,0.0,0,102400.0,9999999
72494,0,7312,17.8,5.62,0.0,0.0,13.51,275.36,4.6,12,102400.0,9999999
72494,0,7313,16.1,5.15,0.0,0.0,13.51,273.44,5.2,12,102500.0,9999999
72494,0,7314,15.6,4.75,0.0,0.0,13.51,272.8,5.7,12,102500.0,9999999
72494,0,7315,15.0,5.15,0.0,0.0,13.51,272.36,5.2,12,102500.0,9999999
72494,0,7316,15.0,4.22,0.0,0.0,13.51,271.7,0.0,0,102500.0,9999999
72494,0,7317,12.8,4.58,0.0,0.0,13.51,269.93,1.5,10,102500.0,9999999
72494,0,7318,13.3,4.58,0.0,0.0,13.51,270.37,2.1,12,102600.0,9999999
72494,0,7319,12.2,6.3,0.0,0.0,13.51,270.37,2.1,6,102600.0,9999999
72494,0,7320,12.2,4.58,0.0,0.0,13.51,269.48,2.6,9,102600.0,9999999
72494,0,7321,11.1,4.75,0.0,0.0,13.51,268.57,2.1,13,102600.0,9999999
72494,0,7322,10.6,4.97,0.0,0.0,13.51,268.12,0.0,0,102600.0,9999999
72494,0,7323,10.0,4.97,0.0,0.0,13.51,267.66,1.5,8,102500.0,9999999
72494,0,7324,10.6,5.82,0.0,0.0,13.51,268.57,0.0,0,102600.0,9999999
72494,0,7325,10.0,6.08,0.0,0.0,13.51,268.34,0.0,0,102600.0,9999999
72494,0,7326,10.6,6.8,0.0,0.0,13.51,269.25,1.5,8,102600.0,9999999
72494,0,7327,12.2,7.09,103.0,38.0,13.51,270.82,0.0,0,102700.0,9999999
72494,0,7328,13.9,6.8,268.0,94.0,13.51,272.36,0.0,0,102700.0,9999999
72494,0,7329,15.0,5.82,448.0,99.0,13.51,272.8,2.1,4,102600.0,9999999
72494,0,7330,15.6,6.3,557.0,98.0,13.51,273.66,2.1,3,102600.0,9999999
72494,0,7331,16.7,7.09,614.0,104.0,13.51,277.25,1.5,16,102600.0,9999999
72494,0,7332,17.8,6.3,605.0,105.0,13.51,275.79,0.0,0,102500.0,9999999
72494,0,7333,18.3,5.82,540.0,101.0,13.51,278.27,0.0,0,102400.0,9999999
72494,0,7334,18.9,7.09,408.0,140.0,13.51,281.29,1.5,16,102300.0,9999999
72494,0,7335,19.4,6.8,270.0,108.0,13.51,281.49,2.6,15,102300.0,9999999
72494,0,7336,17.8,7.65,0.0,0.0,13.51,277.66,5.2,13,102300.0,9999999
72494,0,7337,16.1,8.58,0.0,0.0,13.51,279.7,7.2,12,102300.0,9999999
72494,0,7338,14.4,7.97,0.0,0.0,13.51,275.58,7.2,12,102300.0,9999999
72494,0,7339,14.4,7.34,0.0,0.0,13.51,273.01,3.6,12,102300.0,9999999
72494,0,7340,14.4,7.09,0.0,0.0,13.51,275.79,5.2,13,102300.0,9999999
72494,0,7341,13.3,9.23,0.0,0.0,13.51,279.29,3.6,13,102300.0,9999999
72494,0,7342,13.9,9.54,0.0,0.0,13.51,279.9,2.6,14,102300.0,9999999
72494,0,7343,13.9,9.54,0.0,0.0,13.51,281.49,5.7,12,102300.0,9999999
72494,0,7344,14.4,9.93,0.0,0.0,13.51,284.03,4.6,12,102200.0,9999999
72494,0,7345,14.4,9.54,0.0,0.0,13.51,283.84,7.7,12,102200.0,9999999
72494,0,7346,13.9,8.87,0.0,0.0,13.51,281.1,8.2,12,102100.0,9999999
72494,0,7347,13.3,8.87,0.0,0.0,13.51,282.48,8.8,12,102100.0,9999999
72494,0,7348,13.3,7.97,0.0,0.0,13.51,282.08,11.3,12,102100.0,9999999
72494,0,7349,13.3,7.65,0.0,0.0,13.51,282.08,12.9,12,102100.0,9999999
72494,0,7350,12.8,7.09,0.0,0.0,13.51,281.29,11.8,12,102000.0,9999999
72494,0,7351,12.8,6.57,102.0,48.0,13.51,279.09,11.8,12,102000.0,9999999
72494,0,7352,13.3,6.8,258.0,156.0,13.51,276.21,7.7,13,102000.0,9999999
72494,0,7353,13.9,6.57,73.0,73.0,13.51,275.58,9.3,13,101900.0,9999999
72494,0,7354,13.9,6.8,450.0,240.0,13.51,278.68,8.8,13,101900.0,9999999
72494,0,7355,14.4,6.3,316.0,258.0,13.51,279.09,5.7,14,101700.0,9999999
72494,0,7356,13.9,6.3,95.0,95.0,13.51,278.48,1.5,16,101600.0,9999999
72494,0,7357,13.9,6.57,257.0,230.0,13.51,278.68,4.1,14,101500.0,9999999
72494,0,7358,13.9,7.09,333.0,237.0,13.51,278.89,3.1,15,101400.0,9999999
72494,0,7359,12.8,7.34,51.0,51.0,13.51,277.86,9.3,1,101200.0,9999999
72494,0,7360,10.6,7.09,0.0,0.0,13.51,277.25,6.2,12,101300.0,9999999
72494,0,7361,10.6,7.09,0.0,0.0,13.51,277.25,4.1,12,101300.0,9999999
72494,0,7362,11.1,6.8,0.0,0.0,13.51,276.0,3.6,12,101200.0,9999999
72494,0,7363,10.6,6.8,0.0,0.0,13.51,278.89,5.2,13,101200.0,9999999
72494,0,7364,11.1,7.34,0.0,0.0,13.51,279.7,6.7,16,101200.0,9999999
72494,0,7365,10.6,7.34,0.0,0.0,13.51,279.29,4.6,16,101200.0,9999999
72494,0,7366,11.1,7.09,0.0,0.0,13.51,279.7,4.6,1,101300.0,9999999
72494,0,7367,11.1,7.09,0.0,0.0,13.51,279.7,5.2,2,101300.0,9999999
72494,0,7368,10.6,7.34,0.0,0.0,13.51,279.29,3.1,1,101300.0,9999999
72494,0,7369,11.1,6.8,0.0,0.0,13.51,279.49,3.1,2,101300.0,9999999
72494,0,7370,10.6,7.09,0.0,0.0,13.51,277.25,3.1,3,101300.0,9999999
72494,0,7371,10.6,7.09,0.0,0.0,13.51,275.79,4.1,3,101300.0,9999999
72494,0,7372,9.4,6.8,0.0,0.0,13.51,274.3,2.6,8,101400.0,9999999
72494,0,7373,8.9,6.8,0.0,0.0,13.51,273.87,0.0,0,101400.0,9999999
72494,0,7374,11.1,6.3,0.0,0.0,13.51,275.79,4.1,3,101500.0,9999999
72494,0,7375,11.7,6.3,27.0,27.0,13.51,277.86,8.2,2,101500.0,9999999
72494,0,7376,11.7,6.57,95.0,95.0,13.51,278.07,8.2,3,101600.0,9999999
72494,0,7377,11.7,6.8,296.0,222.0,13.51,274.73,9.8,3,101600.0,9999999
72494,0,7378,12.2,6.8,343.0,271.0,13.51,277.04,8.8,3,101600.0,9999999
72494,0,7379,12.8,6.57,328.0,281.0,13.51,277.66,8.2,3,101600.0,9999999
72494,0,7380,13.3,6.8,353.0,299.0,13.51,278.27,8.2,3,101500.0,9999999
72494,0,7381,13.9,6.8,392.0,261.0,13.51,278.68,8.8,3,101500.0,9999999
72494,0,7382,13.9,6.57,220.0,201.0,13.51,278.68,10.3,3,101500.0,9999999
72494,0,7383,13.9,6.57,112.0,112.0,13.51,282.08,9.8,4,101500.0,9999999
72494,0,7384,11.7,7.09,0.0,0.0,13.51,280.3,5.7,6,101600.0,9999999
72494,0,7385,12.2,6.8,0.0,0.0,13.51,275.15,8.8,3,101600.0,9999999
72494,0,7386,12.2,7.09,0.0,0.0,13.51,274.73,7.7,4,101700.0,9999999
72494,0,7387,12.2,7.09,0.0,0.0,13.51,274.73,6.2,4,101700.0,9999999
72494,0,7388,12.2,6.8,0.0,0.0,13.51,273.66,5.7,4,101700.0,9999999
72494,0,7389,12.2,7.09,0.0,0.0,13.51,270.82,4.6,4,101800.0,9999999
72494,0,7390,12.2,6.8,0.0,0.0,13.51,272.8,5.2,2,101800.0,9999999
72494,0,7391,12.8,6.8,0.0,0.0,13.51,271.26,5.7,3,101900.0,9999999
72494,0,7392,12.2,6.8,0.0,0.0,13.51,273.66,3.1,2,101900.0,9999999
72494,0,7393,9.4,6.57,0.0,0.0,13.51,267.89,0.0,0,101900.0,9999999
72494,0,7394,8.9,6.57,0.0,0.0,13.51,268.8,2.6,7,101800.0,9999999
72494,0,7395,10.6,6.3,0.0,0.0,13.51,269.03,1.5,6,101800.0,9999999
72494,0,7396,8.3,6.08,0.0,0.0,13.51,266.73,1.5,8,101800.0,9999999
72494,0,7397,9.4,5.82,0.0,0.0,13.51,271.48,0.0,0,101800.0,9999999
72494,0,7398,10.6,6.57,0.0,0.0,13.51,274.3,0.0,0,101800.0,9999999
72494,0,7399,10.6,6.57,76.0,44.0,13.51,274.3,0.0,0,101900.0,9999999
72494,0,7400,13.3,6.57,270.0,116.0,13.51,275.15,1.5,4,101900.0,9999999
72494,0,7401,13.3,6.3,296.0,210.0,13.51,271.48,1.5,3,101900.0,9999999
72494,0,7402,14.4,6.57,460.0,228.0,13.51,273.87,1.5,3,101900.0,9999999
72494,0,7403,15.0,7.34,590.0,172.0,13.51,273.66,2.1,2,101800.0,9999999
72494,0,7404,15.0,7.65,530.0,190.0,13.51,273.66,2.1,1,101700.0,9999999
72494,0,7405,17.2,7.09,521.0,112.0,13.51,275.58,0.0,0,101700.0,9999999
72494,0,7406,17.8,5.82,411.0,109.0,13.51,275.58,6.2,12,101700.0,9999999
72494,0,7407,16.7,4.75,257.0,105.0,13.51,273.87,6.2,12,101600.0,9999999
72494,0,7408,15.0,6.08,0.0,0.0,13.51,273.01,6.7,12,101600.0,9999999
72494,0,7409,13.9,7.34,0.0,0.0,13.51,272.58,5.7,12,101600.0,9999999
72494,0,7410,13.9,7.65,0.0,0.0,13.51,272.8,5.2,12,101600.0,9999999
72494,0,7411,13.3,7.97,0.0,0.0,13.51,273.44,4.1,12,101600.0,9999999
72494,0,7412,12.8,7.97,0.0,0.0,13.51,271.7,4.1,12,101600.0,9999999
72494,0,7413,11.7,7.09,0.0,0.0,13.51,272.58,1.5,11,101600.0,9999999
72494,0,7414,11.7,7.65,0.0,0.0,13.51,270.6,2.1,12,101600.0,9999999
72494,0,7415,10.6,6.3,0.0,0.0,13.51,269.03,1.5,8,101700.0,9999999
72494,0,7416,11.1,6.08,0.0,0.0,13.51,269.25,0.0,0,101700.0,9999999
72494,0,7417,9.4,5.82,0.0,0.0,13.51,267.43,0.0,0,101800.0,9999999
72494,0,7418,8.3,6.08,0.0,0.0,13.51,266.73,1.5,11,101700.0,9999999
72494,0,7419,9.4,6.57,0.0,0.0,13.51,267.89,1.5,13,101700.0,9999999
72494,0,7420,7.8,6.08,0.0,0.0,13.51,266.27,1.5,11,101700.0,9999999
72494,0,7421,8.9,6.57,0.0,0.0,13.51,270.37,0.0,0,101600.0,9999999
72494,0,7422,8.9,6.57,0.0,0.0,13.51,270.37,0.0,0,101600.0,9999999
72494,0,7423,10.6,7.09,51.0,46.0,13.51,272.14,0.0,0,101700.0,9999999
72494,0,7424,13.3,8.24,125.0,122.0,13.51,275.79,2.1,14,101700.0,9999999
72494,0,7425,13.3,8.58,202.0,192.0,13.51,276.0,2.1,4,101600.0,9999999
72494,0,7426,13.9,8.58,438.0,236.0,13.51,276.0,2.1,4,101600.0,9999999
72494,0,7427,13.9,8.24,476.0,262.0,13.51,273.01,2.1,3,101500.0,9999999
72494,0,7428,14.4,8.58,328.0,279.0,13.51,273.44,0.0,0,101400.0,9999999
72494,0,7429,16.1,7.97,339.0,261.0,13.51,274.94,6.7,13,101300.0,9999999
72494,0,7430,15.0,7.97,145.0,145.0,13.51,273.87,7.7,13,101300.0,9999999
72494,0,7431,13.3,7.97,114.0,114.0,13.51,272.36,7.7,13,101300.0,9999999
72494,0,7432,12.2,7.97,0.0,0.0,13.51,274.09,7.7,13,101300.0,9999999
72494,0,7433,11.7,7.97,0.0,0.0,13.51,273.66,5.2,13,101400.0,9999999
72494,0,7434,11.7,7.65,0.0,0.0,13.51,273.44,5.7,13,101400.0,9999999
72494,0,7435,11.1,7.65,0.0,0.0,13.51,273.01,3.1,12,101400.0,9999999
72494,0,7436,11.1,7.65,0.0,0.0,13.51,273.01,3.1,13,101400.0,9999999
72494,0,7437,10.0,7.34,0.0,0.0,13.51,271.7,2.1,12,101400.0,9999999
72494,0,7438,10.6,7.09,0.0,0.0,13.51,272.14,1.5,6,101500.0,9999999
72494,0,7439,11.1,7.34,0.0,0.0,13.51,276.41,0.0,0,101500.0,9999999
72494,0,7440,11.7,7.65,0.0,0.0,13.51,277.04,0.0,0,101400.0,9999999
72494,0,7441,11.7,7.65,0.0,0.0,13.51,280.5,3.6,7,101400.0,9999999
72494,0,7442,11.7,7.65,0.0,0.0,13.51,280.5,1.5,7,101400.0,9999999
72494,0,7443,11.7,7.34,0.0,0.0,13.51,280.3,2.6,7,101400.0,9999999
72494,0,7444,11.7,7.65,0.0,0.0,13.51,280.5,2.6,7,101400.0,9999999
72494,0,7445,11.7,7.65,0.0,0.0,13.51,280.5,2.6,8,101500.0,9999999
72494,0,7446,11.7,7.34,0.0,0.0,13.51,280.3,2.6,8,101500.0,9999999
72494,0,7447,12.2,7.34,70.0,51.0,13.51,280.9,3.6,7,101600.0,9999999
72494,0,7448,12.2,7.34,94.0,94.0,13.51,277.45,3.6,6,101600.0,9999999
72494,0,7449,12.8,7.34,414.0,158.0,13.51,274.94,0.0,0,101500.0,9999999
72494,0,7450,13.3,7.65,494.0,145.0,13.51,274.94,2.1,3,101600.0,9999999
72494,0,7451,13.9,7.65,518.0,201.0,13.51,275.58,2.6,1,101500.0,9999999
72494,0,7452,15.0,7.97,461.0,272.0,13.51,276.83,2.1,16,101400.0,9999999
72494,0,7453,16.1,7.97,217.0,207.0,13.51,277.86,2.6,13,101500.0,9999999
72494,0,7454,16.1,7.97,298.0,205.0,13.51,277.86,3.6,12,101400.0,9999999
72494,0,7455,15.6,7.65,188.0,157.0,13.51,277.25,5.7,10,101500.0,9999999
72494,0,7456,14.4,7.97,0.0,0.0,13.51,276.21,4.6,12,101500.0,9999999
72494,0,7457,13.9,7.97,0.0,0.0,13.51,276.83,4.6,12,101500.0,9999999
72494,0,7458,13.9,8.24,0.0,0.0,13.51,276.83,3.1,12,101600.0,9999999
72494,0,7459,13.3,7.97,0.0,0.0,13.51,275.79,3.1,9,101600.0,9999999
72494,0,7460,12.8,8.24,0.0,0.0,13.51,274.73,0.0,0,101600.0,9999999
72494,0,7461,12.2,8.24,0.0,0.0,13.51,274.3,3.1,12,101600.0,9999999
72494,0,7462,11.1,7.97,0.0,0.0,13.51,273.01,2.6,10,101600.0,9999999
72494,0,7463,12.8,8.24,0.0,0.0,13.51,275.79,2.1,11,101600.0,9999999
72494,0,7464,11.7,8.24,0.0,0.0,13.51,275.36,2.1,8,101600.0,9999999
72494,0,7465,11.7,7.97,0.0,0.0,13.51,273.66,0.0,0,101600.0,9999999
72494,0,7466,11.7,7.97,0.0,0.0,13.51,274.09,1.5,12,101600.0,9999999
72494,0,7467,12.8,8.24,0.0,0.0,13.51,278.27,1.5,12,101500.0,9999999
72494,0,7468,12.2,8.24,0.0,0.0,13.51,281.29,2.1,7,101600.0,9999999
72494,0,7469,12.8,7.97,0.0,0.0,13.51,281.69,2.1,10,101600.0,9999999
72494,0,7470,12.8,7.97,0.0,0.0,13.51,279.7,1.5,6,101600.0,9999999
72494,0,7471,13.3,7.97,36.0,36.0,13.51,280.3,2.6,9,101600.0,9999999
72494,0,7472,15.0,7.65,71.0,71.0,13.51,281.69,2.6,10,101700.0,9999999
72494,0,7473,14.4,7.34,67.0,67.0,13.51,279.49,2.1,9,101700.0,9999999
72494,0,7474,14.4,7.65,84.0,84.0,13.51,283.06,4.6,8,101700.0,9999999
72494,0,7475,14.4,7.97,95.0,95.0,13.51,283.25,4.1,10,101700.0,9999999
72494,0,7476,14.4,7.97,88.0,88.0,13.51,283.25,4.6,8,101700.0,9999999
72494,0,7477,13.3,8.87,81.0,81.0,13.51,282.48,2.6,11,101700.0,9999999
72494,0,7478,13.3,8.58,61.0,61.0,13.51,282.48,2.6,10,101700.0,9999999
72494,0,7479,13.3,8.24,74.0,74.0,13.51,282.28,2.1,9,101700.0,9999999
72494,0,7480,13.3,8.58,0.0,0.0,13.51,282.48,2.6,8,101800.0,9999999
72494,0,7481,13.3,8.24,0.0,0.0,13.51,282.28,2.6,10,101800.0,9999999
72494,0,7482,13.3,8.24,0.0,0.0,13.51,282.28,2.1,9,101800.0,9999999
72494,0,7483,13.3,7.65,0.0,0.0,13.51,282.08,6.2,11,101900.0,9999999
72494,0,7484,13.3,7.34,0.0,0.0,13.51,281.89,6.2,10,101900.0,9999999
72494,0,7485,13.3,7.65,0.0,0.0,13.51,282.08,4.1,9,101900.0,9999999
72494,0,7486,13.3,7.34,0.0,0.0,13.51,281.89,5.7,10,102000.0,9999999
72494,0,7487,12.8,7.65,0.0,0.0,13.51,281.49,1.5,11,101900.0,9999999
72494,0,7488,13.3,7.97,0.0,0.0,13.51,282.08,0.0,0,102000.0,9999999
72494,0,7489,12.2,8.24,0.0,0.0,13.51,281.29,0.0,0,102000.0,9999999
72494,0,7490,12.2,8.58,0.0,0.0,13.51,281.29,1.5,4,102000.0,9999999
72494,0,7491,12.2,8.58,0.0,0.0,13.51,281.29,2.1,7,102000.0,9999999
72494,0,7492,12.2,8.58,0.0,0.0,13.51,281.29,1.5,7,102000.0,9999999
72494,0,7493,12.2,8.58,0.0,0.0,13.51,281.29,0.0,0,102000.0,9999999
72494,0,7494,12.2,8.58,0.0,0.0,13.51,281.29,0.0,0,102100.0,9999999
72494,0,7495,12.8,8.58,54.0,42.0,13.51,279.9,1.5,8,102100.0,9999999
72494,0,7496,13.3,8.24,120.0,113.0,13.51,282.28,2.6,8,102100.0,9999999
72494,0,7497,14.4,7.97,67.0,67.0,13.51,283.25,1.5,6,102100.0,9999999
72494,0,7498,15.0,7.97,146.0,146.0,13.51,281.89,2.6,4,102200.0,9999999
72494,0,7499,15.6,6.57,95.0,95.0,13.51,283.84,3.1,7,102100.0,9999999
72494,0,7500,15.6,6.3,385.0,275.0,13.51,283.64,3.1,8,102100.0,9999999
72494,0,7501,16.1,6.8,387.0,248.0,13.51,280.9,2.6,6,102000.0,9999999
72494,0,7502,15.6,7.65,161.0,161.0,13.51,282.28,4.1,4,102000.0,9999999
72494,0,7503,15.6,7.97,138.0,123.0,13.51,280.9,4.1,4,102000.0,9999999
72494,0,7504,15.0,8.24,0.0,0.0,13.51,284.03,2.6,5,102000.0,9999999
72494,0,7505,15.0,7.09,0.0,0.0,13.51,281.49,3.1,9,102000.0,9999999
72494,0,7506,14.4,7.34,0.0,0.0,13.51,281.1,3.1,7,102000.0,9999999
72494,0,7507,14.4,7.34,0.0,0.0,13.51,283.06,2.1,6,102100.0,9999999
72494,0,7508,14.4,7.34,0.0,0.0,13.51,283.06,1.5,8,102000.0,9999999
72494,0,7509,14.4,8.24,0.0,0.0,13.51,283.45,3.1,4,102000.0,9999999
72494,0,7510,14.4,7.65,0.0,0.0,13.51,283.06,0.0,0,102000.0,9999999
72494,0,7511,13.9,7.97,0.0,0.0,13.51,282.87,0.0,0,102000.0,9999999
72494,0,7512,13.3,8.24,0.0,0.0,13.51,282.28,2.6,3,102000.0,9999999
72494,0,7513,12.8,8.24,0.0,0.0,13.51,281.89,2.1,8,101900.0,9999999
72494,0,7514,12.8,8.24,0.0,0.0,13.51,281.89,0.0,0,101900.0,9999999
72494,0,7515,12.8,8.24,0.0,0.0,13.51,281.89,0.0,0,101900.0,9999999
72494,0,7516,12.8,8.58,0.0,0.0,13.51,281.89,2.6,5,101900.0,9999999
72494,0,7517,12.2,8.58,0.0,0.0,13.51,281.29,0.0,0,101900.0,9999999
72494,0,7518,12.2,8.58,0.0,0.0,13.51,281.29,1.5,16,101900.0,9999999
72494,0,7519,12.8,8.87,13.0,13.0,13.51,282.08,0.0,0,102000.0,9999999
72494,0,7520,12.8,8.87,40.0,40.0,13.51,282.08,1.5,8,102000.0,9999999
72494,0,7521,12.8,9.23,134.0,134.0,13.51,282.28,0.0,0,102000.0,9999999
72494,0,7522,13.9,9.54,129.0,129.0,13.51,279.9,3.1,4,102000.0,9999999
72494,0,7523,15.0,9.54,274.0,257.0,13.51,281.1,3.1,3,101900.0,9999999
72494,0,7524,17.2,9.23,278.0,257.0,13.51,283.06,2.6,9,101800.0,9999999
72494,0,7525,16.1,9.54,367.0,254.0,13.51,282.08,1.5,9,101800.0,9999999
72494,0,7526,16.7,9.23,316.0,163.0,13.51,281.49,6.7,9,101800.0,9999999
72494,0,7527,16.7,9.23,204.0,126.0,13.51,280.7,5.2,8,101700.0,9999999
72494,0,7528,15.6,8.87,0.0,0.0,13.51,278.27,3.1,8,101800.0,9999999
72494,0,7529,15.6,8.87,0.0,0.0,13.51,281.29,5.7,9,101800.0,9999999
72494,0,7530,15.0,8.87,0.0,0.0,13.51,278.27,5.7,8,101800.0,9999999
72494,0,7531,15.0,8.87,0.0,0.0,13.51,278.27,2.1,8,101800.0,9999999
72494,0,7532,14.4,8.87,0.0,0.0,13.51,283.64,3.1,6,101800.0,9999999
72494,0,7533,13.9,8.87,0.0,0.0,13.51,279.7,2.1,7,101800.0,9999999
72494,0,7534,14.4,8.87,0.0,0.0,13.51,283.64,2.1,8,101900.0,9999999
72494,0,7535,14.4,9.54,0.0,0.0,13.51,283.84,3.6,6,101900.0,9999999
72494,0,7536,14.4,9.23,0.0,0.0,13.51,283.84,3.1,6,101900.0,9999999
72494,0,7537,13.9,9.23,0.0,0.0,13.51,283.25,2.6,7,101800.0,9999999
72494,0,7538,13.9,9.54,0.0,0.0,13.51,283.45,3.6,6,101900.0,9999999
72494,0,7539,13.9,9.54,0.0,0.0,13.51,283.45,4.6,6,101800.0,9999999
72494,0,7540,13.3,9.54,0.0,0.0,13.51,282.87,6.2,5,101800.0,9999999
72494,0,7541,13.3,9.54,0.0,0.0,13.51,282.87,4.1,5,101900.0,9999999
72494,0,7542,13.3,9.54,0.0,0.0,13.51,282.87,5.7,5,101900.0,9999999
72494,0,7543,13.3,9.54,34.0,33.0,13.51,282.87,4.1,5,101900.0,9999999
72494,0,7544,13.9,9.93,114.0,111.0,13.51,283.45,5.7,5,101900.0,9999999
72494,0,7545,14.4,9.93,113.0,113.0,13.51,284.03,6.2,5,101900.0,9999999
72494,0,7546,14.4,9.93,101.0,101.0,13.51,284.03,4.6,5,101900.0,9999999
72494,0,7547,15.6,10.26,184.0,181.0,13.51,285.37,3.6,7,101800.0,9999999
72494,0,7548,15.6,10.26,234.0,227.0,13.51,285.37,5.7,9,101800.0,9999999
72494,0,7549,15.0,10.26,225.0,218.0,13.51,284.79,3.6,8,101800.0,9999999
72494,0,7550,15.6,10.26,139.0,139.0,13.51,285.37,4.1,10,101700.0,9999999
72494,0,7551,15.0,9.23,130.0,119.0,13.51,280.9,4.1,10,101700.0,9999999
72494,0,7552,14.4,9.23,23.0,21.0,13.51,280.3,6.7,11,101700.0,9999999
72494,0,7553,14.4,9.23,0.0,0.0,13.51,283.84,3.1,12,101800.0,9999999
72494,0,7554,13.9,9.23,0.0,0.0,13.51,283.25,0.0,0,101800.0,9999999
72494,0,7555,13.3,9.23,0.0,0.0,13.51,282.67,0.0,0,101900.0,9999999
72494,0,7556,13.3,9.23,0.0,0.0,13.51,276.62,1.5,8,101900.0,9999999
72494,0,7557,12.0,7.14,0.0,0.0,13.51,274.09,2.1,14,101900.0,9999999
72494,0,7558,13.0,7.14,0.0,0.0,13.51,278.07,2.6,16,101900.0,9999999
72494,0,7559,12.0,7.14,0.0,0.0,13.51,277.04,0.0,0,102000.0,9999999
72494,0,7560,12.0,7.14,0.0,0.0,13.51,277.04,2.1,13,102000.0,9999999
72494,0,7561,13.0,7.14,0.0,0.0,13.51,278.07,3.1,1,101900.0,9999999
72494,0,7562,12.0,7.14,0.0,0.0,13.51,274.09,3.6,2,101900.0,9999999
72494,0,7563,13.3,8.87,0.0,0.0,13.51,276.0,4.6,4,101900.0,9999999
72494,0,7564,13.9,8.87,0.0,0.0,13.51,279.7,4.1,3,101900.0,9999999
72494,0,7565,13.9,8.58,0.0,0.0,13.51,276.62,5.2,1,101900.0,9999999
72494,0,7566,13.9,8.58,0.0,0.0,13.51,276.0,3.6,3,101900.0,9999999
72494,0,7567,13.9,8.58,62.0,32.0,13.51,276.0,4.6,2,102000.0,9999999
72494,0,7568,14.4,8.87,232.0,82.0,13.51,276.62,3.1,16,102000.0,9999999
72494,0,7569,15.0,9.23,355.0,130.0,13.51,277.25,4.6,16,102000.0,9999999
72494,0,7570,14.4,9.54,458.0,148.0,13.51,276.83,3.1,1,102000.0,9999999
72494,0,7571,15.6,8.87,524.0,180.0,13.51,277.66,6.2,12,102000.0,9999999
72494,0,7572,16.7,8.24,474.0,231.0,13.51,278.48,7.2,13,101900.0,9999999
72494,0,7573,16.7,8.24,490.0,193.0,13.51,278.48,8.8,12,101800.0,9999999
72494,0,7574,15.6,8.24,139.0,139.0,13.51,277.45,7.2,12,101800.0,9999999
72494,0,7575,14.4,8.58,98.0,98.0,13.51,278.07,8.8,12,101800.0,9999999
72494,0,7576,13.9,8.87,17.0,17.0,13.51,277.86,5.7,13,101800.0,9999999
72494,0,7577,13.9,8.87,0.0,0.0,13.51,279.7,5.7,12,101800.0,9999999
72494,0,7578,13.9,8.87,0.0,0.0,13.51,278.48,2.6,13,101800.0,9999999
72494,0,7579,13.9,8.58,0.0,0.0,13.51,278.48,6.7,12,101700.0,9999999
72494,0,7580,14.4,8.58,0.0,0.0,13.51,277.45,5.7,12,101700.0,9999999
72494,0,7581,13.9,8.58,0.0,0.0,13.51,277.66,7.7,13,101700.0,9999999
72494,0,7582,13.9,8.24,0.0,0.0,13.51,278.27,3.6,13,101600.0,9999999
72494,0,7583,13.9,8.87,0.0,0.0,13.51,281.1,4.6,12,101600.0,9999999
72494,0,7584,13.9,8.87,0.0,0.0,13.51,281.1,5.7,12,101700.0,9999999
72494,0,7585,13.3,8.58,0.0,0.0,13.51,282.48,8.2,13,101700.0,9999999
72494,0,7586,13.3,8.58,0.0,0.0,13.51,278.89,5.2,12,101600.0,9999999
72494,0,7587,12.8,8.58,0.0,0.0,13.51,276.0,4.1,12,101600.0,9999999
72494,0,7588,12.2,8.24,0.0,0.0,13.51,274.73,0.0,0,101600.0,9999999
72494,0,7589,11.7,8.24,0.0,0.0,13.51,273.66,0.0,0,101600.0,9999999
72494,0,7590,11.1,7.97,0.0,0.0,13.51,273.01,1.5,8,101600.0,9999999
72494,0,7591,12.8,8.58,60.0,41.0,13.51,274.94,0.0,0,101700.0,9999999
72494,0,7592,14.4,8.58,83.0,83.0,13.51,276.41,4.1,13,101800.0,9999999
72494,0,7593,15.6,8.58,349.0,168.0,13.51,278.07,5.2,13,101800.0,9999999
72494,0,7594,16.7,8.58,441.0,166.0,13.51,278.68,5.2,13,101900.0,9999999
72494,0,7595,17.2,8.87,470.0,216.0,13.51,279.29,2.1,2,101800.0,9999999
72494,0,7596,16.7,8.58,468.0,213.0,13.51,278.68,1.5,3,101700.0,9999999
72494,0,7597,16.7,8.87,491.0,128.0,13.51,275.79,0.0,0,101700.0,9999999
72494,0,7598,18.9,8.58,380.0,108.0,13.51,277.86,1.5,13,101700.0,9999999
72494,0,7599,19.4,7.34,209.0,120.0,13.51,277.86,2.6,11,101600.0,9999999
72494,0,7600,15.6,8.87,34.0,20.0,13.51,274.73,5.7,12,101700.0,9999999
72494,0,7601,15.0,8.87,0.0,0.0,13.51,274.3,3.6,12,101700.0,9999999
72494,0,7602,14.4,8.58,0.0,0.0,13.51,273.44,2.6,12,101800.0,9999999
72494,0,7603,14.4,8.58,0.0,0.0,13.51,273.44,3.1,12,101800.0,9999999
72494,0,7604,13.3,8.87,0.0,0.0,13.51,272.58,1.5,9,101800.0,9999999
72494,0,7605,13.3,8.24,0.0,0.0,13.51,272.36,0.0,0,101900.0,9999999
72494,0,7606,12.8,8.24,0.0,0.0,13.51,271.92,2.1,13,101900.0,9999999
72494,0,7607,11.7,8.24,0.0,0.0,13.51,270.82,0.0,0,101900.0,9999999
72494,0,7608,11.7,7.65,0.0,0.0,13.51,270.6,0.0,0,101900.0,9999999
72494,0,7609,11.7,7.65,0.0,0.0,13.51,270.6,0.0,0,101900.0,9999999
72494,0,7610,10.6,7.65,0.0,0.0,13.51,269.48,0.0,0,102000.0,9999999
72494,0,7611,11.1,7.97,0.0,0.0,13.51,270.15,2.1,14,101900.0,9999999
72494,0,7612,9.4,7.34,0.0,0.0,13.51,268.34,1.5,10,102000.0,9999999
72494,0,7613,10.6,7.97,0.0,0.0,13.51,272.58,0.0,0,102000.0,9999999
72494,0,7614,10.0,7.65,0.0,0.0,13.51,269.03,1.5,7,102000.0,9999999
72494,0,7615,11.7,8.58,61.0,29.0,13.51,271.04,0.0,0,102100.0,9999999
72494,0,7616,13.3,9.23,213.0,96.0,13.51,272.8,1.5,6,102100.0,9999999
72494,0,7617,15.0,8.58,292.0,196.0,13.51,277.66,2.6,4,102100.0,9999999
72494,0,7618,15.0,8.58,341.0,269.0,13.51,282.08,0.0,0,102100.0,9999999
72494,0,7619,15.0,8.87,416.0,247.0,13.51,279.7,1.5,2,102100.0,9999999
72494,0,7620,16.1,9.93,430.0,226.0,13.51,282.28,0.0,0,102000.0,9999999
72494,0,7621,17.2,8.87,416.0,187.0,13.51,284.41,0.0,0,102000.0,9999999
72494,0,7622,17.2,8.58,287.0,209.0,13.51,282.87,0.0,0,101900.0,9999999
72494,0,7623,16.7,8.58,155.0,133.0,13.51,283.84,0.0,0,101900.0,9999999
72494,0,7624,16.1,8.87,25.0,21.0,13.51,281.89,0.0,0,101900.0,9999999
72494,0,7625,15.6,9.23,0.0,0.0,13.51,278.48,3.1,16,101900.0,9999999
72494,0,7626,15.0,8.87,0.0,0.0,13.51,278.27,1.5,1,101900.0,9999999
72494,0,7627,15.0,9.23,0.0,0.0,13.51,277.86,1.5,1,101900.0,9999999
72494,0,7628,14.4,9.23,0.0,0.0,13.51,277.25,0.0,0,101900.0,9999999
72494,0,7629,13.9,8.58,0.0,0.0,13.51,276.62,0.0,0,102000.0,9999999
72494,0,7630,14.4,9.23,0.0,0.0,13.51,277.25,3.1,4,101900.0,9999999
72494,0,7631,13.9,8.87,0.0,0.0,13.51,276.62,0.0,0,101900.0,9999999
72494,0,7632,12.8,8.58,0.0,0.0,13.51,276.0,0.0,0,101900.0,9999999
72494,0,7633,12.2,8.24,0.0,0.0,13.51,274.73,0.0,0,101900.0,9999999
72494,0,7634,12.2,8.24,0.0,0.0,13.51,274.73,0.0,0,101900.0,9999999
72494,0,7635,11.7,8.24,0.0,0.0,13.51,274.73,0.0,0,101800.0,9999999
72494,0,7636,11.7,8.24,0.0,0.0,13.51,274.3,0.0,0,101900.0,9999999
72494,0,7637,11.7,7.97,0.0,0.0,13.51,274.73,0.0,0,101900.0,9999999
72494,0,7638,11.7,8.24,0.0,0.0,13.51,276.21,0.0,0,101900.0,9999999
72494,0,7639,12.8,8.58,38.0,36.0,13.51,276.0,0.0,0,102000.0,9999999
72494,0,7640,13.9,8.87,138.0,119.0,13.51,278.48,1.5,7,102000.0,9999999
72494,0,7641,14.4,9.23,179.0,170.0,13.51,279.29,0.0,0,102000.0,9999999
72494,0,7642,15.0,8.87,301.0,254.0,13.51,279.7,1.5,4,102000.0,9999999
72494,0,7643,15.0,9.23,339.0,286.0,13.51,279.7,0.0,0,101900.0,9999999
72494,0,7644,15.6,9.23,329.0,269.0,13.51,281.49,1.5,1,101800.0,9999999
72494,0,7645,15.6,9.54,389.0,231.0,13.51,279.7,0.0,0,101800.0,9999999
72494,0,7646,15.6,9.54,210.0,180.0,13.51,281.49,1.5,16,101700.0,9999999
72494,0,7647,15.6,9.93,168.0,115.0,13.51,280.7,1.5,1,101700.0,9999999
72494,0,7648,15.6,9.23,26.0,18.0,13.51,280.3,1.5,16,101700.0,9999999
72494,0,7649,15.0,9.54,0.0,0.0,13.51,278.48,0.0,0,101700.0,9999999
72494,0,7650,15.0,8.87,0.0,0.0,13.51,282.28,0.0,0,101800.0,9999999
72494,0,7651,13.9,8.87,0.0,0.0,13.51,277.86,0.0,0,101800.0,9999999
72494,0,7652,13.3,8.58,0.0,0.0,13.51,277.86,0.0,0,101800.0,9999999
72494,0,7653,12.8,8.58,0.0,0.0,13.51,279.9,0.0,0,101800.0,9999999
72494,0,7654,12.2,8.58,0.0,0.0,13.51,279.49,2.1,8,101900.0,9999999
72494,0,7655,12.2,8.58,0.0,0.0,13.51,277.86,1.5,7,101900.0,9999999
72494,0,7656,12.8,8.87,0.0,0.0,13.51,276.0,0.0,0,101900.0,9999999
72494,0,7657,11.1,8.24,0.0,0.0,13.51,274.3,0.0,0,101900.0,9999999
72494,0,7658,11.0,7.14,0.0,0.0,13.51,279.49,0.0,0,102000.0,9999999
72494,0,7659,11.0,6.66,0.0,0.0,13.51,272.8,0.0,0,101900.0,9999999
72494,0,7660,11.0,6.21,0.0,0.0,13.51,272.14,0.0,0,102000.0,9999999
72494,0,7661,11.0,7.14,0.0,0.0,13.51,279.49,1.5,11,102000.0,9999999
72494,0,7662,12.0,7.14,0.0,0.0,13.51,280.5,1.5,3,102000.0,9999999
72494,0,7663,12.0,7.14,30.0,29.0,13.51,280.5,2.1,7,102100.0,9999999
72494,0,7664,12.8,8.87,90.0,90.0,13.51,282.08,0.0,0,102100.0,9999999
72494,0,7665,12.8,8.87,179.0,169.0,13.51,282.08,0.0,0,102200.0,9999999
72494,0,7666,13.3,8.87,351.0,251.0,13.51,282.48,1.5,4,102200.0,9999999
72494,0,7667,13.3,8.87,398.0,300.0,13.51,278.07,1.5,7,102200.0,9999999
72494,0,7668,14.4,9.23,430.0,229.0,13.51,277.86,0.0,0,102100.0,9999999
72494,0,7669,15.6,9.23,348.0,243.0,13.51,276.21,0.0,0,102100.0,9999999
72494,0,7670,15.6,9.54,172.0,164.0,13.51,279.09,1.5,4,102100.0,9999999
72494,0,7671,15.6,9.54,135.0,117.0,13.51,281.49,0.0,0,102100.0,9999999
72494,0,7672,14.4,9.54,20.0,17.0,13.51,278.48,4.1,12,102100.0,9999999
72494,0,7673,13.9,9.23,0.0,0.0,13.51,273.23,4.6,12,102200.0,9999999
72494,0,7674,13.9,9.23,0.0,0.0,13.51,273.23,2.6,12,102200.0,9999999
72494,0,7675,12.8,8.87,0.0,0.0,13.51,272.14,1.5,8,102300.0,9999999
72494,0,7676,12.2,8.58,0.0,0.0,13.51,274.3,0.0,0,102300.0,9999999
72494,0,7677,11.7,8.24,0.0,0.0,13.51,272.14,1.5,8,102300.0,9999999
72494,0,7678,12.2,8.58,0.0,0.0,13.51,273.66,0.0,0,102300.0,9999999
72494,0,7679,12.2,8.87,0.0,0.0,13.51,271.48,0.0,0,102300.0,9999999
72494,0,7680,11.1,7.97,0.0,0.0,13.51,270.15,2.1,8,102300.0,9999999
72494,0,7681,10.6,7.97,0.0,0.0,13.51,269.7,0.0,0,102300.0,9999999
72494,0,7682,11.0,6.66,0.0,0.0,13.51,269.48,0.0,0,102300.0,9999999
72494,0,7683,11.0,6.66,0.0,0.0,13.51,269.48,0.0,0,102300.0,9999999
72494,0,7684,9.0,6.21,0.0,0.0,13.51,267.43,1.5,8,102300.0,9999999
72494,0,7685,10.0,6.21,0.0,0.0,13.51,268.34,0.0,0,102300.0,9999999
72494,0,7686,10.0,6.21,0.0,0.0,13.51,271.26,0.0,0,102400.0,9999999
72494,0,7687,12.0,6.66,41.0,30.0,13.51,270.37,0.0,0,102500.0,9999999
72494,0,7688,12.0,6.66,210.0,78.0,13.51,273.87,0.0,0,102500.0,9999999
72494,0,7689,13.0,7.14,357.0,96.0,13.51,274.52,1.5,3,102500.0,9999999
72494,0,7690,13.9,9.54,457.0,146.0,13.51,276.41,1.5,1,102500.0,9999999
72494,0,7691,13.9,9.93,458.0,217.0,13.51,273.66,0.0,0,102400.0,9999999
72494,0,7692,15.0,9.54,468.0,190.0,13.51,274.52,1.5,1,102400.0,9999999
72494,0,7693,16.1,9.23,471.0,154.0,13.51,275.36,0.0,0,102300.0,9999999
72494,0,7694,17.8,9.23,328.0,130.0,13.51,277.04,1.5,16,102300.0,9999999
72494,0,7695,18.3,7.97,205.0,125.0,13.51,277.04,0.0,0,102300.0,9999999
72494,0,7696,16.1,8.24,29.0,18.0,13.51,274.94,5.2,12,102300.0,9999999
72494,0,7697,15.0,8.87,0.0,0.0,13.51,274.3,5.7,12,102300.0,9999999
72494,0,7698,13.9,9.23,0.0,0.0,13.51,276.21,4.1,13,102400.0,9999999
72494,0,7699,12.8,8.87,0.0,0.0,13.51,274.94,4.1,13,102400.0,9999999
72494,0,7700,12.2,8.58,0.0,0.0,13.51,274.3,3.6,12,102500.0,9999999
72494,0,7701,12.2,7.97,0.0,0.0,13.51,271.26,1.5,8,102500.0,9999999
72494,0,7702,11.7,7.34,0.0,0.0,13.51,270.37,1.5,9,102500.0,9999999
72494,0,7703,11.1,7.34,0.0,0.0,13.51,269.93,1.5,7,102500.0,9999999
72494,0,7704,11.7,7.65,0.0,0.0,13.51,270.6,1.5,13,102500.0,9999999
72494,0,7705,10.0,7.65,0.0,0.0,13.51,269.03,2.6,12,102500.0,9999999
72494,0,7706,9.4,7.34,0.0,0.0,13.51,268.34,2.1,12,102500.0,9999999
72494,0,7707,10.0,7.09,0.0,0.0,13.51,278.48,0.0,0,102500.0,9999999
72494,0,7708,11.7,8.58,0.0,0.0,13.51,280.9,0.0,0,102500.0,9999999
72494,0,7709,11.7,8.58,0.0,0.0,13.51,280.9,0.0,0,102600.0,9999999
72494,0,7710,11.7,8.24,0.0,0.0,13.51,280.7,0.0,0,102600.0,9999999
72494,0,7711,12.2,8.24,51.0,30.0,13.51,281.29,1.5,15,102600.0,9999999
72494,0,7712,12.2,8.24,171.0,106.0,13.51,281.29,2.1,1,102700.0,9999999
72494,0,7713,12.2,8.24,341.0,122.0,13.51,281.29,0.0,0,102600.0,9999999
72494,0,7714,12.8,8.24,445.0,137.0,13.51,281.89,0.0,0,102600.0,9999999
72494,0,7715,13.9,8.58,481.0,171.0,13.51,279.49,1.5,1,102600.0,9999999
72494,0,7716,15.0,9.23,443.0,231.0,13.51,280.9,3.1,1,102500.0,9999999
72494,0,7717,15.6,9.23,335.0,240.0,13.51,274.94,2.6,1,102400.0,9999999
72494,0,7718,15.6,9.23,180.0,168.0,13.51,274.94,3.6,1,102400.0,9999999
72494,0,7719,15.0,9.23,149.0,116.0,13.51,274.3,2.6,16,102300.0,9999999
72494,0,7720,14.4,8.87,21.0,16.0,13.51,276.62,2.6,14,102400.0,9999999
72494,0,7721,13.9,8.58,0.0,0.0,13.51,276.0,5.7,12,102400.0,9999999
72494,0,7722,13.9,8.87,0.0,0.0,13.51,276.0,5.2,12,102400.0,9999999
72494,0,7723,13.9,8.58,0.0,0.0,13.51,276.62,4.1,13,102400.0,9999999
72494,0,7724,13.3,8.58,0.0,0.0,13.51,275.36,8.2,12,102400.0,9999999
72494,0,7725,12.8,8.58,0.0,0.0,13.51,274.94,3.6,13,102300.0,9999999
72494,0,7726,12.2,8.58,0.0,0.0,13.51,274.3,2.1,14,102400.0,9999999
72494,0,7727,12.8,8.24,0.0,0.0,13.51,275.36,1.5,14,102300.0,9999999
72494,0,7728,12.8,7.97,0.0,0.0,13.51,278.27,2.6,15,102300.0,9999999
72494,0,7729,12.2,7.97,0.0,0.0,13.51,281.1,2.1,13,102300.0,9999999
72494,0,7730,12.2,7.97,0.0,0.0,13.51,281.1,4.6,16,102300.0,9999999
72494,0,7731,12.2,7.97,0.0,0.0,13.51,281.1,4.1,1,102200.0,9999999
72494,0,7732,12.2,7.34,0.0,0.0,13.51,277.45,3.1,3,102200.0,9999999
72494,0,7733,11.7,7.34,0.0,0.0,13.51,273.87,3.6,3,102200.0,9999999
72494,0,7734,12.2,7.09,0.0,0.0,13.51,273.66,3.1,2,102200.0,9999999
72494,0,7735,12.2,7.09,50.0,22.0,13.51,273.66,2.1,14,102300.0,9999999
72494,0,7736,13.3,7.34,212.0,58.0,13.51,274.94,1.5,15,102300.0,9999999
72494,0,7737,14.4,7.34,361.0,80.0,13.51,276.0,1.5,16,102200.0,9999999
72494,0,7738,14.4,7.09,473.0,94.0,13.51,275.79,3.1,16,102100.0,9999999
72494,0,7739,13.9,6.8,523.0,144.0,13.51,275.15,1.5,3,102000.0,9999999
72494,0,7740,14.4,6.57,436.0,233.0,13.51,274.94,1.5,2,101900.0,9999999
72494,0,7741,15.0,6.8,465.0,116.0,13.51,277.25,0.0,0,101900.0,9999999
72494,0,7742,15.6,7.34,353.0,114.0,13.51,278.07,4.1,13,101800.0,9999999
72494,0,7743,15.0,6.57,196.0,117.0,13.51,277.25,5.7,12,101800.0,9999999
72494,0,7744,13.3,7.34,26.0,16.0,13.51,271.92,6.2,12,101800.0,9999999
72494,0,7745,12.8,7.09,0.0,0.0,13.51,271.48,5.7,12,101800.0,9999999
72494,0,7746,12.2,7.34,0.0,0.0,13.51,271.04,6.2,12,101800.0,9999999
72494,0,7747,12.2,7.34,0.0,0.0,13.51,271.04,5.2,12,101700.0,9999999
72494,0,7748,11.7,7.34,0.0,0.0,13.51,270.37,4.1,12,101700.0,9999999
72494,0,7749,11.1,7.34,0.0,0.0,13.51,269.93,1.5,10,101700.0,9999999
72494,0,7750,10.0,6.8,0.0,0.0,13.51,268.57,0.0,0,101700.0,9999999
72494,0,7751,10.6,6.3,0.0,0.0,13.51,269.03,0.0,0,101700.0,9999999
72494,0,7752,10.0,6.3,0.0,0.0,13.51,268.34,1.5,8,101700.0,9999999
72494,0,7753,9.4,6.3,0.0,0.0,13.51,267.89,0.0,0,101700.0,9999999
72494,0,7754,12.2,4.97,0.0,0.0,13.51,269.7,4.6,2,101700.0,9999999
72494,0,7755,12.2,5.15,0.0,0.0,13.51,269.7,6.7,3,101700.0,9999999
72494,0,7756,12.2,4.75,0.0,0.0,13.51,269.48,8.2,2,101700.0,9999999
72494,0,7757,12.2,4.75,0.0,0.0,13.51,269.48,5.2,4,101700.0,9999999
72494,0,7758,11.1,5.62,0.0,0.0,13.51,269.03,4.1,16,101900.0,9999999
72494,0,7759,12.2,4.22,48.0,20.0,13.51,269.25,4.6,1,101900.0,9999999
72494,0,7760,12.8,4.03,207.0,58.0,13.51,269.48,7.2,2,101900.0,9999999
72494,0,7761,13.9,4.03,340.0,100.0,13.51,270.6,4.1,3,101800.0,9999999
72494,0,7762,15.0,2.97,439.0,135.0,13.51,270.82,0.0,0,101800.0,9999999
72494,0,7763,15.6,2.97,463.0,198.0,13.51,271.26,0.0,0,101700.0,9999999
72494,0,7764,15.6,3.24,487.0,162.0,13.51,271.48,0.0,0,101600.0,9999999
72494,0,7765,16.1,3.88,465.0,112.0,13.51,272.58,0.0,0,101500.0,9999999
72494,0,7766,18.3,4.58,345.0,108.0,13.51,275.15,3.6,12,101500.0,9999999
72494,0,7767,19.4,4.58,221.0,103.0,13.51,276.21,5.7,15,101400.0,9999999
72494,0,7768,17.8,5.15,29.0,13.0,13.51,275.15,11.8,1,101400.0,9999999
72494,0,7769,16.7,5.38,0.0,0.0,13.51,274.09,9.8,16,101500.0,9999999
72494,0,7770,16.7,4.58,0.0,0.0,13.51,276.62,14.4,1,101500.0,9999999
72494,0,7771,16.1,4.75,0.0,0.0,13.51,275.36,9.8,1,101600.0,9999999
72494,0,7772,15.6,4.38,0.0,0.0,13.51,272.58,10.8,1,101700.0,9999999
72494,0,7773,14.4,4.38,0.0,0.0,13.51,271.26,11.3,1,101700.0,9999999
72494,0,7774,13.9,4.58,0.0,0.0,13.51,271.04,12.9,1,101700.0,9999999
72494,0,7775,13.3,4.58,0.0,0.0,13.51,270.37,11.3,1,101700.0,9999999
72494,0,7776,12.8,3.88,0.0,0.0,13.51,269.48,12.4,16,101700.0,9999999
72494,0,7777,12.8,3.88,0.0,0.0,13.51,269.48,12.9,16,101700.0,9999999
72494,0,7778,12.8,4.03,0.0,0.0,13.51,270.82,12.4,16,101800.0,9999999
72494,0,7779,12.2,4.03,0.0,0.0,13.51,269.03,11.3,16,101800.0,9999999
72494,0,7780,12.2,4.22,0.0,0.0,13.51,271.92,10.8,16,101800.0,9999999
72494,0,7781,11.7,4.22,0.0,0.0,13.51,271.48,9.8,16,101800.0,9999999
72494,0,7782,11.1,3.53,0.0,0.0,13.51,267.66,5.7,16,101900.0,9999999
72494,0,7783,11.7,3.53,41.0,23.0,13.51,268.12,7.2,16,101900.0,9999999
72494,0,7784,12.8,3.88,193.0,67.0,13.51,269.48,5.2,16,101900.0,9999999
72494,0,7785,12.8,3.53,349.0,88.0,13.51,269.25,5.7,16,101900.0,9999999
72494,0,7786,14.4,4.03,450.0,111.0,13.51,271.04,6.7,1,101900.0,9999999
72494,0,7787,15.0,4.22,516.0,123.0,13.51,271.7,8.2,1,101800.0,9999999
72494,0,7788,15.6,4.22,487.0,161.0,13.51,272.36,6.2,1,101700.0,9999999
72494,0,7789,16.1,4.38,411.0,156.0,13.51,273.01,4.1,16,101600.0,9999999
72494,0,7790,15.6,5.15,322.0,127.0,13.51,273.01,7.7,16,101500.0,9999999
72494,0,7791,15.6,4.75,211.0,113.0,13.51,272.8,12.4,16,101400.0,9999999
72494,0,7792,15.0,5.15,27.0,14.0,13.51,272.36,4.1,16,101500.0,9999999
72494,0,7793,14.4,5.62,0.0,0.0,13.51,272.14,3.6,1,101500.0,9999999
72494,0,7794,15.0,4.38,0.0,0.0,13.51,271.92,4.6,16,101500.0,9999999
72494,0,7795,14.4,4.38,0.0,0.0,13.51,271.26,4.1,16,101500.0,9999999
72494,0,7796,13.3,2.85,0.0,0.0,13.51,269.03,2.6,15,101500.0,9999999
72494,0,7797,12.8,3.53,0.0,0.0,13.51,269.25,1.5,13,101500.0,9999999
72494,0,7798,13.9,2.85,0.0,0.0,13.51,269.48,0.0,0,101500.0,9999999
72494,0,7799,10.6,3.7,0.0,0.0,13.51,267.2,2.1,8,101500.0,9999999
72494,0,7800,7.8,3.12,0.0,0.0,13.51,264.14,2.1,11,101500.0,9999999
72494,0,7801,7.8,2.97,0.0,0.0,13.51,263.9,4.1,12,101500.0,9999999
72494,0,7802,8.3,3.12,0.0,0.0,13.51,264.62,4.1,12,101500.0,9999999
72494,0,7803,9.4,5.15,0.0,0.0,13.51,267.2,1.5,15,101500.0,9999999
72494,0,7804,5.6,3.4,0.0,0.0,13.51,262.2,2.6,11,101500.0,9999999
72494,0,7805,8.9,3.53,0.0,0.0,13.51,265.56,1.5,6,101600.0,9999999
72494,0,7806,8.9,4.58,0.0,0.0,13.51,266.27,0.0,0,101600.0,9999999
72494,0,7807,8.3,4.22,40.0,21.0,13.51,265.56,0.0,0,101700.0,9999999
72494,0,7808,12.2,4.03,184.0,70.0,13.51,269.03,2.6,4,101700.0,9999999
72494,0,7809,13.9,3.7,278.0,161.0,13.51,271.7,0.0,0,101700.0,9999999
72494,0,7810,15.0,4.38,461.0,147.0,13.51,279.9,2.1,4,101700.0,9999999
72494,0,7811,15.0,3.53,522.0,103.0,13.51,271.26,0.0,0,101700.0,9999999
72494,0,7812,15.0,5.38,512.0,103.0,13.51,272.58,2.1,4,101600.0,9999999
72494,0,7813,15.6,5.38,459.0,148.0,13.51,276.62,1.5,4,101600.0,9999999
72494,0,7814,14.4,7.09,260.0,166.0,13.51,275.79,0.0,0,101600.0,9999999
72494,0,7815,16.1,7.97,212.0,152.0,13.51,278.48,2.6,13,101500.0,9999999
72494,0,7816,13.9,7.65,26.0,19.0,13.51,276.21,3.1,13,101600.0,9999999
72494,0,7817,13.3,7.65,0.0,0.0,13.51,274.94,5.2,13,101600.0,9999999
72494,0,7818,12.8,7.65,0.0,0.0,13.51,274.52,3.6,12,101600.0,9999999
72494,0,7819,11.7,7.65,0.0,0.0,13.51,273.44,2.1,12,101700.0,9999999
72494,0,7820,11.7,7.09,0.0,0.0,13.51,273.23,0.0,0,101700.0,9999999
72494,0,7821,10.6,6.8,0.0,0.0,13.51,272.14,0.0,0,101700.0,9999999
72494,0,7822,11.1,7.34,0.0,0.0,13.51,269.93,0.0,0,101800.0,9999999
72494,0,7823,9.4,6.57,0.0,0.0,13.51,267.89,0.0,0,101800.0,9999999
72494,0,7824,8.3,6.08,0.0,0.0,13.51,269.48,0.0,0,101800.0,9999999
72494,0,7825,8.9,6.57,0.0,0.0,13.51,267.43,0.0,0,101800.0,9999999
72494,0,7826,7.2,5.82,0.0,0.0,13.51,265.56,0.0,0,101900.0,9999999
72494,0,7827,8.3,6.3,0.0,0.0,13.51,266.73,0.0,0,101800.0,9999999
72494,0,7828,7.8,6.08,0.0,0.0,13.51,269.03,0.0,0,101900.0,9999999
72494,0,7829,7.2,6.08,0.0,0.0,13.51,271.92,2.1,8,101900.0,9999999
72494,0,7830,8.9,6.57,0.0,0.0,13.51,277.25,3.1,8,102000.0,9999999
72494,0,7831,10.0,6.8,38.0,18.0,13.51,278.48,2.1,8,102000.0,9999999
72494,0,7832,11.7,7.09,179.0,74.0,13.51,276.83,0.0,0,102100.0,9999999
72494,0,7833,12.2,7.09,318.0,116.0,13.51,273.66,0.0,0,102100.0,9999999
72494,0,7834,12.2,7.34,399.0,166.0,13.51,273.87,0.0,0,102100.0,9999999
72494,0,7835,12.2,7.34,439.0,201.0,13.51,271.04,0.0,0,102100.0,9999999
72494,0,7836,12.8,7.34,455.0,177.0,13.51,271.48,1.5,3,102000.0,9999999
72494,0,7837,14.4,6.3,391.0,171.0,13.51,272.58,0.0,0,101900.0,9999999
72494,0,7838,15.6,5.82,307.0,134.0,13.51,273.44,0.0,0,101900.0,9999999
72494,0,7839,15.0,7.09,213.0,133.0,13.51,273.44,4.1,13,101900.0,9999999
72494,0,7840,12.8,7.97,25.0,16.0,13.51,274.73,5.7,12,101900.0,9999999
72494,0,7841,12.8,7.97,0.0,0.0,13.51,274.73,3.6,12,102000.0,9999999
72494,0,7842,12.2,7.65,0.0,0.0,13.51,271.04,0.0,0,102000.0,9999999
72494,0,7843,11.7,6.57,0.0,0.0,13.51,270.15,0.0,0,102000.0,9999999
72494,0,7844,11.1,6.8,0.0,0.0,13.51,269.7,2.1,13,102000.0,9999999
72494,0,7845,10.6,6.57,0.0,0.0,13.51,269.03,2.1,8,102000.0,9999999
72494,0,7846,10.0,6.3,0.0,0.0,13.51,271.26,0.0,0,102100.0,9999999
72494,0,7847,9.4,6.57,0.0,0.0,13.51,270.82,0.0,0,102100.0,9999999
72494,0,7848,8.9,6.08,0.0,0.0,13.51,267.2,1.5,8,102100.0,9999999
72494,0,7849,9.4,6.3,0.0,0.0,13.51,267.89,0.0,0,102200.0,9999999
72494,0,7850,8.3,5.82,0.0,0.0,13.51,266.5,0.0,0,102200.0,9999999
72494,0,7851,7.2,5.82,0.0,0.0,13.51,265.56,1.5,9,102200.0,9999999
72494,0,7852,6.7,5.62,0.0,0.0,13.51,264.85,0.0,0,102200.0,9999999
72494,0,7853,7.2,6.08,0.0,0.0,13.51,265.56,0.0,0,102200.0,9999999
72494,0,7854,8.9,6.57,0.0,0.0,13.51,267.43,0.0,0,102300.0,9999999
72494,0,7855,9.4,6.57,37.0,18.0,13.51,267.89,0.0,0,102300.0,9999999
72494,0,7856,10.6,6.57,199.0,53.0,13.51,269.03,0.0,0,102400.0,9999999
72494,0,7857,11.7,6.57,342.0,92.0,13.51,270.15,0.0,0,102400.0,9999999
72494,0,7858,12.8,6.8,393.0,176.0,13.51,271.26,1.5,4,102400.0,9999999
72494,0,7859,13.3,7.09,439.0,212.0,13.51,271.92,1.5,3,102400.0,9999999
72494,0,7860,13.9,6.8,430.0,191.0,13.51,272.36,0.0,0,102300.0,9999999
72494,0,7861,16.1,6.3,418.0,147.0,13.51,274.09,0.0,0,102300.0,9999999
72494,0,7862,16.1,6.8,292.0,157.0,13.51,274.3,0.0,0,102200.0,9999999
72494,0,7863,15.0,7.65,202.0,110.0,13.51,273.66,3.1,14,102200.0,9999999
72494,0,7864,13.9,7.97,24.0,13.0,13.51,272.8,5.2,12,102200.0,9999999
72494,0,7865,13.3,8.24,0.0,0.0,13.51,278.89,5.7,13,102300.0,9999999
72494,0,7866,12.8,8.87,0.0,0.0,13.51,282.08,6.2,12,102300.0,9999999
72494,0,7867,12.8,8.87,0.0,0.0,13.51,278.68,4.6,12,102400.0,9999999
72494,0,7868,12.2,8.58,0.0,0.0,13.51,277.86,5.2,13,102400.0,9999999
72494,0,7869,12.2,8.58,0.0,0.0,13.51,279.49,5.2,12,102300.0,9999999
72494,0,7870,11.7,8.24,0.0,0.0,13.51,275.36,3.1,12,102400.0,9999999
72494,0,7871,10.6,7.65,0.0,0.0,13.51,276.0,1.5,6,102300.0,9999999
72494,0,7872,11.1,7.65,0.0,0.0,13.51,275.36,3.6,12,102300.0,9999999
72494,0,7873,11.7,7.65,0.0,0.0,13.51,277.04,4.6,12,102300.0,9999999
72494,0,7874,11.7,7.97,0.0,0.0,13.51,280.7,2.6,10,102300.0,9999999
72494,0,7875,11.7,7.65,0.0,0.0,13.51,280.5,3.6,12,102200.0,9999999
72494,0,7876,11.7,7.97,0.0,0.0,13.51,280.7,2.6,13,102200.0,9999999
72494,0,7877,11.7,7.65,0.0,0.0,13.51,280.5,2.1,12,102200.0,9999999
72494,0,7878,12.2,7.65,0.0,0.0,13.51,280.9,2.6,12,102200.0,9999999
72494,0,7879,11.7,7.65,5.0,5.0,13.51,280.5,4.1,12,102200.0,9999999
72494,0,7880,11.7,7.97,91.0,88.0,13.51,280.7,3.6,13,102300.0,9999999
72494,0,7881,12.8,7.97,146.0,141.0,13.51,281.69,3.6,12,102300.0,9999999
72494,0,7882,13.9,7.65,321.0,227.0,13.51,282.67,6.2,12,102300.0,9999999
72494,0,7883,14.4,7.97,397.0,245.0,13.51,281.29,5.7,12,102300.0,9999999
72494,0,7884,15.0,7.97,221.0,209.0,13.51,280.3,3.6,12,102200.0,9999999
72494,0,7885,13.9,8.24,151.0,151.0,13.51,280.9,0.0,0,102100.0,9999999
72494,0,7886,15.0,7.97,103.0,103.0,13.51,281.89,4.6,13,102000.0,9999999
72494,0,7887,14.4,7.65,144.0,102.0,13.51,281.1,3.6,12,102000.0,9999999
72494,0,7888,15.0,7.34,16.0,12.0,13.51,283.64,3.6,12,102000.0,9999999
72494,0,7889,14.4,7.34,0.0,0.0,13.51,283.06,2.1,10,101900.0,9999999
72494,0,7890,13.9,8.24,0.0,0.0,13.51,282.87,2.6,15,102000.0,9999999
72494,0,7891,12.8,8.87,0.0,0.0,13.51,282.08,2.1,16,102000.0,9999999
72494,0,7892,12.2,8.87,0.0,0.0,13.51,281.49,2.6,1,102000.0,9999999
72494,0,7893,12.2,8.87,0.0,0.0,13.51,281.49,4.6,2,102000.0,9999999
72494,0,7894,12.2,8.87,0.0,0.0,13.51,281.49,3.1,3,102100.0,9999999
72494,0,7895,12.2,8.58,0.0,0.0,13.51,281.29,3.1,2,102100.0,9999999
72494,0,7896,12.2,7.97,0.0,0.0,13.51,281.1,3.6,2,102000.0,9999999
72494,0,7897,12.2,7.97,0.0,0.0,13.51,281.1,3.1,2,102100.0,9999999
72494,0,7898,12.2,7.34,0.0,0.0,13.51,277.45,1.5,3,102100.0,9999999
72494,0,7899,11.7,7.65,0.0,0.0,13.51,280.5,0.0,0,102100.0,9999999
72494,0,7900,12.2,7.65,0.0,0.0,13.51,280.9,2.6,1,102200.0,9999999
72494,0,7901,11.7,7.34,0.0,0.0,13.51,276.83,4.1,3,102200.0,9999999
72494,0,7902,11.7,7.34,0.0,0.0,13.51,274.94,2.6,4,102200.0,9999999
72494,0,7903,12.2,7.34,29.0,18.0,13.51,274.94,3.1,4,102200.0,9999999
72494,0,7904,12.2,7.65,176.0,66.0,13.51,273.87,2.1,6,102200.0,9999999
72494,0,7905,13.3,7.65,311.0,119.0,13.51,274.94,0.0,0,102200.0,9999999
72494,0,7906,13.9,7.65,393.0,162.0,13.51,272.8,2.1,16,102200.0,9999999
72494,0,7907,13.9,7.65,427.0,208.0,13.51,274.09,1.5,16,102200.0,9999999
72494,0,7908,14.4,7.65,354.0,270.0,13.51,276.0,1.5,2,102000.0,9999999
72494,0,7909,14.4,8.58,302.0,239.0,13.51,277.45,2.1,16,102000.0,9999999
72494,0,7910,13.9,8.87,206.0,180.0,13.51,279.7,1.5,1,101900.0,9999999
72494,0,7911,13.9,8.58,108.0,105.0,13.51,278.48,1.5,15,101900.0,9999999
72494,0,7912,13.9,8.24,12.0,12.0,13.51,282.87,3.1,12,101900.0,9999999
72494,0,7913,13.3,8.87,0.0,0.0,13.51,282.48,5.2,12,101900.0,9999999
72494,0,7914,13.3,8.58,0.0,0.0,13.51,282.48,2.6,12,101800.0,9999999
72494,0,7915,13.3,8.58,0.0,0.0,13.51,282.48,4.1,12,101900.0,9999999
72494,0,7916,12.8,8.58,0.0,0.0,13.51,281.89,3.1,13,101800.0,9999999
72494,0,7917,12.8,8.58,0.0,0.0,13.51,279.9,3.6,11,101800.0,9999999
72494,0,7918,13.3,8.24,0.0,0.0,13.51,280.3,2.6,9,101700.0,9999999
72494,0,7919,13.3,8.24,0.0,0.0,13.51,280.3,0.0,0,101700.0,9999999
72494,0,7920,13.3,7.65,0.0,0.0,13.51,282.08,3.1,8,101700.0,9999999
72494,0,7921,12.2,8.24,0.0,0.0,13.51,281.29,4.6,7,101500.0,9999999
72494,0,7922,12.2,8.24,0.0,0.0,13.51,281.29,4.6,8,101400.0,9999999
72494,0,7923,12.8,8.58,0.0,0.0,13.51,281.89,7.2,8,101200.0,9999999
72494,0,7924,13.9,8.87,0.0,0.0,13.51,283.06,11.8,9,101100.0,9999999
72494,0,7925,15.0,9.93,0.0,0.0,13.51,284.6,9.3,10,101000.0,9999999
72494,0,7926,12.8,8.58,0.0,0.0,13.51,281.89,10.3,12,101100.0,9999999
72494,0,7927,12.2,7.97,32.0,23.0,13.51,279.09,12.4,12,101100.0,9999999
72494,0,7928,12.2,7.65,98.0,73.0,13.51,277.45,9.3,13,101300.0,9999999
72494,0,7929,12.2,7.34,326.0,142.0,13.51,277.45,5.7,16,101400.0,9999999
72494,0,7930,12.2,7.65,415.0,125.0,13.51,274.52,1.5,15,101500.0,9999999
72494,0,7931,13.9,6.57,492.0,143.0,13.51,275.15,7.2,14,101500.0,9999999
72494,0,7932,14.4,7.09,423.0,198.0,13.51,275.79,8.8,12,101500.0,9999999
72494,0,7933,15.0,6.8,391.0,170.0,13.51,276.21,8.8,13,101500.0,9999999
72494,0,7934,15.0,6.8,309.0,143.0,13.51,276.21,7.7,13,101500.0,9999999
72494,0,7935,13.9,6.8,181.0,101.0,13.51,275.15,8.2,12,101600.0,9999999
72494,0,7936,13.3,6.8,20.0,11.0,13.51,274.73,7.2,13,101600.0,9999999
72494,0,7937,12.8,6.8,0.0,0.0,13.51,271.26,6.7,13,101700.0,9999999
72494,0,7938,12.2,6.57,0.0,0.0,13.51,270.6,6.2,13,101800.0,9999999
72494,0,7939,12.8,5.15,0.0,0.0,13.51,270.37,6.7,15,101900.0,9999999
72494,0,7940,12.2,4.22,0.0,0.0,13.51,269.25,5.7,15,102000.0,9999999
72494,0,7941,12.8,4.38,0.0,0.0,13.51,269.93,7.2,15,102000.0,9999999
72494,0,7942,12.2,4.22,0.0,0.0,13.51,269.25,6.7,15,102100.0,9999999
72494,0,7943,11.7,3.88,0.0,0.0,13.51,268.34,6.2,15,102100.0,9999999
72494,0,7944,11.7,3.53,0.0,0.0,13.51,268.12,7.7,14,102100.0,9999999
72494,0,7945,11.1,3.7,0.0,0.0,13.51,267.66,9.8,15,102200.0,9999999
72494,0,7946,10.6,3.53,0.0,0.0,13.51,267.2,6.2,15,102200.0,9999999
72494,0,7947,10.6,3.53,0.0,0.0,13.51,267.2,6.7,15,102200.0,9999999
72494,0,7948,10.0,3.53,0.0,0.0,13.51,266.5,6.2,15,102300.0,9999999
72494,0,7949,10.6,3.53,0.0,0.0,13.51,267.2,9.8,15,102300.0,9999999
72494,0,7950,10.6,3.4,0.0,0.0,13.51,266.96,9.8,16,102400.0,9999999
72494,0,7951,10.6,3.7,29.0,16.0,13.51,267.2,7.7,15,102400.0,9999999
72494,0,7952,11.1,3.7,162.0,71.0,13.51,267.66,9.3,16,102500.0,9999999
72494,0,7953,11.1,3.53,305.0,108.0,13.51,267.66,9.8,16,102500.0,9999999
72494,0,7954,11.7,3.88,381.0,172.0,13.51,268.34,7.2,16,102600.0,9999999
72494,0,7955,12.2,3.7,485.0,172.0,13.51,268.8,8.8,16,102500.0,9999999
72494,0,7956,13.3,3.7,417.0,217.0,13.51,269.7,8.8,15,102400.0,9999999
72494,0,7957,13.3,3.53,446.0,110.0,13.51,269.7,7.7,16,102400.0,9999999
72494,0,7958,13.9,3.88,341.0,97.0,13.51,270.6,6.2,16,102400.0,9999999
72494,0,7959,13.9,3.7,206.0,104.0,13.51,270.37,7.2,16,102400.0,9999999
72494,0,7960,13.3,4.22,22.0,11.0,13.51,270.15,6.2,16,102400.0,9999999
72494,0,7961,12.8,3.4,0.0,0.0,13.51,269.03,7.2,16,102500.0,9999999
72494,0,7962,12.2,3.88,0.0,0.0,13.51,268.8,5.7,16,102500.0,9999999
72494,0,7963,11.7,3.7,0.0,0.0,13.51,268.34,7.7,16,102600.0,9999999
72494,0,7964,11.1,3.4,0.0,0.0,13.51,267.43,7.7,15,102600.0,9999999
72494,0,7965,10.6,3.88,0.0,0.0,13.51,267.43,6.2,15,102600.0,9999999
72494,0,7966,11.1,3.53,0.0,0.0,13.51,267.66,3.6,15,102700.0,9999999
72494,0,7967,11.1,3.88,0.0,0.0,13.51,267.89,7.7,1,102700.0,9999999
72494,0,7968,10.6,3.53,0.0,0.0,13.51,267.2,4.6,1,102700.0,9999999
72494,0,7969,10.6,3.53,0.0,0.0,13.51,267.2,6.2,1,102800.0,9999999
72494,0,7970,10.0,3.24,0.0,0.0,13.51,266.27,5.2,2,102800.0,9999999
72494,0,7971,8.9,3.7,0.0,0.0,13.51,265.56,4.6,2,102700.0,9999999
72494,0,7972,9.4,3.7,0.0,0.0,13.51,266.03,5.2,4,102800.0,9999999
72494,0,7973,8.9,3.53,0.0,0.0,13.51,265.56,6.2,4,102800.0,9999999
72494,0,7974,6.7,3.12,0.0,0.0,13.51,263.18,2.6,6,102900.0,9999999
72494,0,7975,8.9,2.85,26.0,14.0,13.51,264.85,6.2,3,103000.0,9999999
72494,0,7976,8.3,3.12,177.0,54.0,13.51,264.62,4.6,6,103000.0,9999999
72494,0,7977,9.4,3.12,309.0,100.0,13.51,265.56,4.6,5,103000.0,9999999
72494,0,7978,9.4,2.97,381.0,168.0,13.51,265.56,3.1,5,103100.0,9999999
72494,0,7979,10.0,2.85,396.0,203.0,13.51,265.8,2.1,4,103000.0,9999999
72494,0,7980,10.6,2.85,398.0,211.0,13.51,268.57,0.0,0,103000.0,9999999
72494,0,7981,11.7,2.97,302.0,220.0,13.51,271.48,0.0,0,102900.0,9999999
72494,0,7982,11.7,3.24,293.0,150.0,13.51,271.7,1.5,15,102900.0,9999999
72494,0,7983,12.2,3.7,146.0,109.0,13.51,272.58,0.0,0,102900.0,9999999
72494,0,7984,11.1,3.88,15.0,11.0,13.51,271.7,2.1,16,102900.0,9999999
72494,0,7985,10.0,3.88,0.0,0.0,13.51,269.7,2.1,14,102900.0,9999999
72494,0,7986,9.4,3.12,0.0,0.0,13.51,267.66,2.6,12,103000.0,9999999
72494,0,7987,8.3,3.7,0.0,0.0,13.51,267.2,0.0,0,103000.0,9999999
72494,0,7988,7.2,3.7,0.0,0.0,13.51,264.14,0.0,0,103000.0,9999999
72494,0,7989,6.7,4.22,0.0,0.0,13.51,270.15,1.5,8,103000.0,9999999
72494,0,7990,6.7,4.22,0.0,0.0,13.51,267.89,1.5,8,103000.0,9999999
72494,0,7991,5.6,4.22,0.0,0.0,13.51,264.14,0.0,0,103000.0,9999999
72494,0,7992,5.0,4.03,0.0,0.0,13.51,263.42,0.0,0,103000.0,9999999
72494,0,7993,5.0,4.22,0.0,0.0,13.51,263.66,0.0,0,103000.0,9999999
72494,0,7994,4.4,4.38,0.0,0.0,13.51,261.96,1.5,7,103000.0,9999999
72494,0,7995,3.9,4.03,0.0,0.0,13.51,261.22,0.0,0,103000.0,9999999
72494,0,7996,3.3,4.22,0.0,0.0,13.51,260.72,1.5,11,103000.0,9999999
72494,0,7997,3.9,4.38,0.0,0.0,13.51,261.47,1.5,8,103000.0,9999999
72494,0,7998,3.9,4.58,0.0,0.0,13.51,265.33,1.5,8,103000.0,9999999
72494,0,7999,4.4,4.75,25.0,15.0,13.51,265.56,1.5,8,103000.0,9999999
72494,0,8000,7.2,4.75,172.0,55.0,13.51,268.12,1.5,5,103100.0,9999999
72494,0,8001,7.8,4.58,324.0,89.0,13.51,268.12,0.0,0,103100.0,9999999
72494,0,8002,8.9,4.97,386.0,161.0,13.51,266.5,0.0,0,103100.0,9999999
72494,0,8003,8.9,4.75,467.0,160.0,13.51,269.25,0.0,0,103000.0,9999999
72494,0,8004,10.0,4.75,404.0,221.0,13.51,267.43,0.0,0,102900.0,9999999
72494,0,8005,10.6,5.15,412.0,137.0,13.51,270.37,0.0,0,102800.0,9999999
72494,0,8006,11.7,4.58,325.0,150.0,13.51,272.36,0.0,0,102800.0,9999999
72494,0,8007,11.1,4.97,147.0,119.0,13.51,272.14,0.0,0,102700.0,9999999
72494,0,8008,11.1,4.97,15.0,12.0,13.51,274.94,0.0,0,102700.0,9999999
72494,0,8009,10.6,4.97,0.0,0.0,13.51,271.48,2.1,15,102700.0,9999999
72494,0,8010,10.0,4.97,0.0,0.0,13.51,270.37,2.6,13,102700.0,9999999
72494,0,8011,10.0,4.75,0.0,0.0,13.51,273.87,2.1,15,102700.0,9999999
72494,0,8012,10.0,5.62,0.0,0.0,13.51,270.82,0.0,0,102700.0,9999999
72494,0,8013,9.6,5.7,0.0,0.0,13.51,270.6,0.0,0,102700.0,9999999
72494,0,8014,9.2,5.82,0.0,0.0,13.51,267.43,0.0,0,102700.0,9999999
72494,0,8015,8.8,5.91,0.0,0.0,13.51,269.25,0.0,0,102700.0,9999999
72494,0,8016,8.4,5.99,0.0,0.0,11.96,266.73,0.0,0,101200.0,9999999
72494,0,8017,8.0,6.08,0.0,0.0,11.96,266.27,0.0,0,101200.0,9999999
72494,0,8018,7.6,6.21,0.0,0.0,11.96,266.03,0.0,0,101200.0,9999999
72494,0,8019,7.2,6.3,0.0,0.0,11.96,265.8,0.0,0,101200.0,9999999
72494,0,8020,7.2,6.3,0.0,0.0,11.96,265.8,2.1,6,101200.0,9999999
72494,0,8021,8.9,7.09,0.0,0.0,11.96,267.66,1.5,5,101200.0,9999999
72494,0,8022,8.3,6.8,0.0,0.0,11.96,269.93,1.5,8,101200.0,9999999
72494,0,8023,9.4,7.34,33.0,18.0,11.96,271.04,1.5,3,101300.0,9999999
72494,0,8024,10.6,7.34,177.0,54.0,11.96,272.36,0.0,0,101300.0,9999999
72494,0,8025,12.2,7.09,315.0,90.0,11.96,273.66,2.6,4,101300.0,9999999
72494,0,8026,13.3,7.09,435.0,99.0,11.96,274.73,3.1,4,101300.0,9999999
72494,0,8027,13.9,7.09,505.0,96.0,11.96,275.36,2.1,4,101200.0,9999999
72494,0,8028,14.4,6.8,501.0,67.0,11.96,272.8,1.5,1,101100.0,9999999
72494,0,8029,14.4,7.09,440.0,62.0,11.96,273.01,2.1,2,101100.0,9999999
72494,0,8030,16.1,4.97,324.0,52.0,11.96,273.44,0.0,0,101100.0,9999999
72494,0,8031,15.6,5.62,172.0,38.0,11.96,273.23,0.0,0,101100.0,9999999
72494,0,8032,13.9,7.09,31.0,14.0,11.96,272.36,4.6,12,101100.0,9999999
72494,0,8033,13.3,7.09,0.0,0.0,11.96,271.92,4.6,12,101000.0,9999999
72494,0,8034,12.2,7.09,0.0,0.0,11.96,270.82,2.1,10,101000.0,9999999
72494,0,8035,12.2,7.09,0.0,0.0,11.96,270.82,0.0,0,101000.0,9999999
72494,0,8036,10.0,6.8,0.0,0.0,11.96,268.57,2.1,8,101100.0,9999999
72494,0,8037,10.0,6.57,0.0,0.0,11.96,268.57,1.5,8,101100.0,9999999
72494,0,8038,10.0,6.57,0.0,0.0,11.96,268.57,0.0,0,101100.0,9999999
72494,0,8039,9.4,6.3,0.0,0.0,11.96,267.89,2.1,12,101100.0,9999999
72494,0,8040,8.9,6.08,0.0,0.0,11.96,267.2,0.0,0,101100.0,9999999
72494,0,8041,7.8,6.08,0.0,0.0,11.96,266.27,1.5,9,101100.0,9999999
72494,0,8042,7.2,6.08,0.0,0.0,11.96,265.56,1.5,9,101100.0,9999999
72494,0,8043,7.2,5.82,0.0,0.0,11.96,265.56,0.0,0,101100.0,9999999
72494,0,8044,6.7,6.08,0.0,0.0,11.96,265.09,0.0,0,101100.0,9999999
72494,0,8045,6.7,6.08,0.0,0.0,11.96,265.09,2.1,8,101100.0,9999999
72494,0,8046,8.3,6.3,0.0,0.0,11.96,266.73,0.0,0,101200.0,9999999
72494,0,8047,10.0,6.8,23.0,20.0,11.96,271.48,2.1,4,101300.0,9999999
72494,0,8048,10.0,6.8,135.0,82.0,11.96,271.48,2.1,6,101300.0,9999999
72494,0,8049,10.6,6.3,255.0,127.0,11.96,271.7,3.1,2,101300.0,9999999
72494,0,8050,11.1,6.57,339.0,170.0,11.96,272.36,2.1,2,101400.0,9999999
72494,0,8051,11.7,7.34,419.0,136.0,11.96,272.58,3.6,1,101300.0,9999999
72494,0,8052,12.2,7.34,460.0,133.0,11.96,271.04,3.1,16,101300.0,9999999
72494,0,8053,12.2,7.09,284.0,190.0,11.96,274.73,0.0,0,101300.0,9999999
72494,0,8054,12.8,7.34,118.0,94.0,11.96,277.86,2.6,16,101300.0,9999999
72494,0,8055,12.8,7.34,106.0,91.0,11.96,277.86,2.1,16,101300.0,9999999
72494,0,8056,12.8,7.65,29.0,29.0,11.96,278.07,3.1,1,101300.0,9999999
72494,0,8057,12.8,7.65,0.0,0.0,11.96,278.07,0.0,0,101400.0,9999999
72494,0,8058,12.2,7.65,0.0,0.0,11.96,277.45,3.1,3,101400.0,9999999
72494,0,8059,12.2,7.65,0.0,0.0,11.96,277.45,0.0,0,101400.0,9999999
72494,0,8060,12.2,7.65,0.0,0.0,11.96,277.45,2.1,7,101400.0,9999999
72494,0,8061,12.2,7.65,0.0,0.0,11.96,277.45,0.0,0,101400.0,9999999
72494,0,8062,12.2,7.65,0.0,0.0,11.96,277.45,0.0,0,101400.0,9999999
72494,0,8063,11.7,7.65,0.0,0.0,11.96,278.48,2.1,6,101400.0,9999999
72494,0,8064,11.7,7.65,0.0,0.0,11.96,277.04,2.1,4,101400.0,9999999
72494,0,8065,11.7,7.65,0.0,0.0,11.96,277.04,2.6,6,101400.0,9999999
72494,0,8066,11.7,7.65,0.0,0.0,11.96,277.04,1.5,4,101400.0,9999999
72494,0,8067,11.7,7.65,0.0,0.0,11.96,278.48,0.0,0,101400.0,9999999
72494,0,8068,11.7,7.65,0.0,0.0,11.96,280.5,0.0,0,101400.0,9999999
72494,0,8069,11.7,7.65,0.0,0.0,11.96,280.5,2.1,6,101400.0,9999999
72494,0,8070,11.7,7.65,0.0,0.0,11.96,277.04,6.7,5,101400.0,9999999
72494,0,8071,11.7,7.65,22.0,19.0,11.96,277.04,3.1,6,101500.0,9999999
72494,0,8072,12.2,7.65,130.0,91.0,11.96,275.58,6.2,5,101400.0,9999999
72494,0,8073,13.3,7.65,130.0,99.0,11.96,280.1,3.6,4,101600.0,9999999
72494,0,8074,13.3,7.97,230.0,201.0,11.96,282.08,4.6,3,101500.0,9999999
72494,0,8075,14.4,8.24,146.0,146.0,11.96,283.45,6.2,4,101400.0,9999999
72494,0,8076,15.0,7.97,146.0,146.0,11.96,283.84,5.2,5,101400.0,9999999
72494,0,8077,15.0,8.58,127.0,127.0,11.96,284.03,4.1,6,101400.0,9999999
72494,0,8078,13.9,8.87,93.0,93.0,11.96,283.06,5.2,5,101400.0,9999999
72494,0,8079,13.3,9.23,49.0,49.0,11.96,282.67,3.1,5,101400.0,9999999
72494,0,8080,13.3,9.23,12.0,12.0,11.96,282.67,0.0,0,101400.0,9999999
72494,0,8081,13.9,9.23,0.0,0.0,11.96,283.25,6.2,3,101400.0,9999999
72494,0,8082,13.9,8.87,0.0,0.0,11.96,281.1,5.2,4,101400.0,9999999
72494,0,8083,13.3,8.87,0.0,0.0,11.96,282.48,3.6,4,101400.0,9999999
72494,0,8084,13.3,8.87,0.0,0.0,11.96,282.48,3.1,2,101400.0,9999999
72494,0,8085,13.3,8.58,0.0,0.0,11.96,282.48,2.6,3,101400.0,9999999
72494,0,8086,13.3,8.58,0.0,0.0,11.96,282.48,0.0,0,101400.0,9999999
72494,0,8087,13.9,8.58,0.0,0.0,11.96,278.48,3.6,3,101400.0,9999999
72494,0,8088,13.9,8.58,0.0,0.0,11.96,277.66,4.1,4,101300.0,9999999
72494,0,8089,13.9,8.58,0.0,0.0,11.96,279.49,4.6,3,101300.0,9999999
72494,0,8090,13.9,8.58,0.0,0.0,11.96,283.06,4.6,2,101300.0,9999999
72494,0,8091,13.3,8.24,0.0,0.0,11.96,277.66,6.7,1,101200.0,9999999
72494,0,8092,12.8,7.97,0.0,0.0,11.96,275.15,7.7,2,101100.0,9999999
72494,0,8093,12.8,7.97,0.0,0.0,11.96,274.73,6.2,2,101100.0,9999999
72494,0,8094,12.8,8.24,0.0,0.0,11.96,274.73,6.2,2,101000.0,9999999
72494,0,8095,12.2,7.97,22.0,19.0,11.96,274.09,3.6,3,101100.0,9999999
72494,0,8096,12.8,7.65,117.0,75.0,11.96,275.15,4.1,3,101100.0,9999999
72494,0,8097,13.3,7.97,283.0,140.0,11.96,275.79,5.7,2,101100.0,9999999
72494,0,8098,13.3,7.97,183.0,144.0,11.96,276.83,6.2,3,101100.0,9999999
72494,0,8099,13.9,8.24,208.0,174.0,11.96,280.9,1.5,4,100900.0,9999999
72494,0,8100,13.9,8.58,244.0,171.0,11.96,281.1,0.0,0,100900.0,9999999
72494,0,8101,13.9,8.87,236.0,186.0,11.96,281.1,3.1,1,100800.0,9999999
72494,0,8102,13.9,8.87,88.0,88.0,11.96,283.06,3.1,2,100800.0,9999999
72494,0,8103,14.4,8.58,114.0,94.0,11.96,281.49,0.0,0,100800.0,9999999
72494,0,8104,14.4,8.87,13.0,13.0,11.96,283.64,0.0,0,100700.0,9999999
72494,0,8105,14.4,8.58,0.0,0.0,11.96,283.45,5.7,3,100700.0,9999999
72494,0,8106,14.4,8.58,0.0,0.0,11.96,283.45,4.1,4,100600.0,9999999
72494,0,8107,15.0,8.24,0.0,0.0,11.96,284.03,7.2,4,100600.0,9999999
72494,0,8108,13.9,8.24,0.0,0.0,11.96,282.87,5.7,5,100600.0,9999999
72494,0,8109,14.4,8.24,0.0,0.0,11.96,283.45,8.2,4,100500.0,9999999
72494,0,8110,13.9,8.58,0.0,0.0,11.96,283.06,7.7,4,100500.0,9999999
72494,0,8111,13.9,7.97,0.0,0.0,11.96,282.87,5.2,6,100600.0,9999999
72494,0,8112,12.8,8.58,0.0,0.0,11.96,281.89,0.0,0,100600.0,9999999
72494,0,8113,12.8,8.87,0.0,0.0,11.96,282.08,5.7,4,100600.0,9999999
72494,0,8114,12.8,8.87,0.0,0.0,11.96,282.08,3.1,4,100600.0,9999999
72494,0,8115,13.3,8.87,0.0,0.0,11.96,282.48,4.1,4,100500.0,9999999
72494,0,8116,13.3,8.58,0.0,0.0,11.96,282.48,3.6,4,100500.0,9999999
72494,0,8117,13.3,8.58,0.0,0.0,11.96,282.48,3.1,4,100500.0,9999999
72494,0,8118,13.3,8.58,0.0,0.0,11.96,282.48,5.2,5,100500.0,9999999
72494,0,8119,13.3,8.87,12.0,12.0,11.96,282.48,3.6,3,100500.0,9999999
72494,0,8120,14.4,8.24,89.0,86.0,11.96,281.49,9.3,4,100500.0,9999999
72494,0,8121,14.4,8.24,158.0,130.0,11.96,281.49,7.7,5,100500.0,9999999
72494,0,8122,15.6,8.24,166.0,147.0,11.96,282.67,8.2,5,100500.0,9999999
72494,0,8123,14.4,8.87,151.0,119.0,11.96,281.69,6.7,3,100400.0,9999999
72494,0,8124,15.0,8.58,193.0,167.0,11.96,282.08,6.7,4,100300.0,9999999
72494,0,8125,16.1,8.58,183.0,161.0,11.96,283.25,8.8,5,100200.0,9999999
72494,0,8126,16.1,8.24,237.0,221.0,11.96,283.06,8.2,5,100200.0,9999999
72494,0,8127,15.0,8.87,71.0,65.0,11.96,282.28,5.7,3,100200.0,9999999
72494,0,8128,15.0,8.87,16.0,15.0,11.96,282.28,5.2,4,100200.0,9999999
72494,0,8129,14.4,8.24,0.0,0.0,11.96,281.49,5.2,3,100200.0,9999999
72494,0,8130,14.4,8.24,0.0,0.0,11.96,281.49,5.2,3,100300.0,9999999
72494,0,8131,13.9,8.58,0.0,0.0,11.96,281.1,3.1,4,100300.0,9999999
72494,0,8132,13.9,7.97,0.0,0.0,11.96,280.9,5.2,3,100300.0,9999999
72494,0,8133,13.3,7.97,0.0,0.0,11.96,280.3,7.7,2,100300.0,9999999
72494,0,8134,13.3,7.97,0.0,0.0,11.96,280.3,7.2,2,100300.0,9999999
72494,0,8135,13.3,8.24,0.0,0.0,11.96,280.3,5.7,2,100200.0,9999999
72494,0,8136,13.3,7.97,0.0,0.0,11.96,278.68,8.2,2,100200.0,9999999
72494,0,8137,13.3,7.97,0.0,0.0,11.96,278.68,7.2,2,100200.0,9999999
72494,0,8138,12.8,8.24,0.0,0.0,11.96,281.89,6.7,2,100200.0,9999999
72494,0,8139,12.8,7.97,0.0,0.0,11.96,281.69,7.7,2,100100.0,9999999
72494,0,8140,12.8,7.97,0.0,0.0,11.96,279.7,8.2,2,100100.0,9999999
72494,0,8141,12.8,7.97,0.0,0.0,11.96,275.79,6.7,2,100100.0,9999999
72494,0,8142,12.8,7.97,0.0,0.0,11.96,278.27,8.2,2,100100.0,9999999
72494,0,8143,12.8,7.97,12.0,12.0,11.96,281.69,6.7,2,100100.0,9999999
72494,0,8144,12.8,8.24,67.0,55.0,11.96,279.9,4.1,2,100200.0,9999999
72494,0,8145,13.3,8.24,151.0,138.0,11.96,282.28,2.1,4,100300.0,9999999
72494,0,8146,13.3,8.24,120.0,120.0,11.96,282.28,2.1,2,100300.0,9999999
72494,0,8147,13.3,8.58,240.0,212.0,11.96,280.5,4.1,2,100200.0,9999999
72494,0,8148,13.9,8.87,210.0,182.0,11.96,281.1,3.6,2,100100.0,9999999
72494,0,8149,13.9,8.87,221.0,205.0,11.96,281.1,2.1,3,100100.0,9999999
72494,0,8150,14.4,9.23,160.0,149.0,11.96,281.89,2.6,2,100100.0,9999999
72494,0,8151,13.9,8.87,96.0,90.0,11.96,281.1,4.6,1,100100.0,9999999
72494,0,8152,13.9,8.87,17.0,16.0,11.96,281.1,3.1,1,100200.0,9999999
72494,0,8153,13.9,8.87,0.0,0.0,11.96,281.1,2.1,16,100200.0,9999999
72494,0,8154,13.3,8.87,0.0,0.0,11.96,276.0,3.1,16,100300.0,9999999
72494,0,8155,13.3,8.58,0.0,0.0,11.96,278.89,1.5,16,100300.0,9999999
72494,0,8156,12.8,8.87,0.0,0.0,11.96,278.68,2.1,7,100400.0,9999999
72494,0,8157,12.2,8.87,0.0,0.0,11.96,281.49,1.5,8,100400.0,9999999
72494,0,8158,12.2,8.87,0.0,0.0,11.96,281.49,1.5,4,100400.0,9999999
72494,0,8159,12.2,8.87,0.0,0.0,11.96,281.49,2.6,4,100300.0,9999999
72494,0,8160,12.2,8.87,0.0,0.0,11.96,281.49,3.6,4,100300.0,9999999
72494,0,8161,13.3,9.54,0.0,0.0,11.96,282.87,1.5,6,100300.0,9999999
72494,0,8162,15.6,9.93,0.0,0.0,11.96,285.18,5.7,8,100300.0,9999999
72494,0,8163,15.6,9.93,0.0,0.0,11.96,285.18,8.2,8,100200.0,9999999
72494,0,8164,15.0,9.93,0.0,0.0,11.96,284.6,6.2,8,100200.0,9999999
72494,0,8165,14.4,9.54,0.0,0.0,11.96,283.84,8.2,9,100300.0,9999999
72494,0,8166,15.0,9.54,0.0,0.0,11.96,284.41,7.2,8,100200.0,9999999
72494,0,8167,14.4,9.54,10.0,10.0,11.96,283.84,6.2,9,100300.0,9999999
72494,0,8168,15.0,9.54,51.0,51.0,11.96,284.41,2.6,9,100300.0,9999999
72494,0,8169,15.6,9.23,96.0,96.0,11.96,284.99,5.7,9,100300.0,9999999
72494,0,8170,12.8,8.58,130.0,130.0,11.96,281.89,11.3,11,100400.0,9999999
72494,0,8171,12.2,8.24,208.0,156.0,11.96,279.29,3.6,10,100300.0,9999999
72494,0,8172,14.4,8.58,308.0,297.0,11.96,281.49,6.2,11,100300.0,9999999
72494,0,8173,15.0,7.09,313.0,143.0,11.96,277.45,10.3,11,100400.0,9999999
72494,0,8174,12.8,7.65,176.0,119.0,11.96,278.07,8.8,12,100400.0,9999999
72494,0,8175,12.2,6.12,110.0,97.0,11.96,276.83,9.3,12,100600.0,9999999
72494,0,8176,11.1,7.09,33.0,32.0,11.96,277.66,5.2,14,100600.0,9999999
72494,0,8177,10.3,6.57,0.0,0.0,11.96,278.48,6.2,12,100700.0,9999999
72494,0,8178,10.6,6.8,0.0,0.0,11.96,277.04,3.6,13,100800.0,9999999
72494,0,8179,10.0,7.09,0.0,0.0,11.96,276.62,0.0,0,100900.0,9999999
72494,0,8180,10.0,6.57,0.0,0.0,11.96,272.36,3.1,7,100900.0,9999999
72494,0,8181,10.6,6.57,0.0,0.0,11.96,275.36,0.0,0,101000.0,9999999
72494,0,8182,8.9,5.91,0.0,0.0,11.96,276.83,9.3,12,101100.0,9999999
72494,0,8183,10.6,6.08,0.0,0.0,11.96,276.62,3.6,12,101100.0,9999999
72494,0,8184,11.1,5.82,0.0,0.0,11.96,277.04,6.7,11,101100.0,9999999
72494,0,8185,10.0,6.57,0.0,0.0,11.96,276.41,0.0,0,101200.0,9999999
72494,0,8186,10.6,5.82,0.0,0.0,11.96,275.15,5.2,12,101200.0,9999999
72494,0,8187,10.6,6.3,0.0,0.0,11.96,276.83,0.0,0,101300.0,9999999
72494,0,8188,10.6,5.62,0.0,0.0,11.96,276.41,6.7,12,101300.0,9999999
72494,0,8189,10.6,6.08,0.0,0.0,11.96,276.62,5.2,15,101400.0,9999999
72494,0,8190,9.4,6.08,0.0,0.0,11.96,275.58,0.0,0,101500.0,9999999
72494,0,8191,8.9,5.82,14.0,14.0,11.96,274.94,0.0,0,101600.0,9999999
72494,0,8192,8.9,6.57,68.0,61.0,11.96,275.36,4.1,7,101700.0,9999999
72494,0,8193,10.6,6.3,165.0,123.0,11.96,276.83,1.5,4,101700.0,9999999
72494,0,8194,12.2,6.08,240.0,196.0,11.96,278.27,7.2,12,101700.0,9999999
72494,0,8195,10.6,6.3,246.0,246.0,11.96,276.83,5.7,15,101800.0,9999999
72494,0,8196,10.0,6.3,362.0,289.0,11.96,276.21,3.1,12,101800.0,9999999
72494,0,8197,11.7,5.82,301.0,234.0,11.96,277.66,6.2,12,101700.0,9999999
72494,0,8198,11.7,5.82,238.0,165.0,11.96,273.66,8.2,12,101800.0,9999999
72494,0,8199,11.1,5.62,113.0,78.0,11.96,273.01,4.6,12,101900.0,9999999
72494,0,8200,10.0,5.38,24.0,18.0,11.96,271.7,5.7,12,101900.0,9999999
72494,0,8201,10.0,5.82,0.0,0.0,11.96,271.48,3.6,12,102000.0,9999999
72494,0,8202,10.6,6.08,0.0,0.0,11.96,272.8,4.1,14,102000.0,9999999
72494,0,8203,10.0,6.08,0.0,0.0,11.96,271.04,4.6,12,102100.0,9999999
72494,0,8204,10.0,5.62,0.0,0.0,11.96,270.82,6.7,13,102200.0,9999999
72494,0,8205,9.4,5.82,0.0,0.0,11.96,270.37,5.2,14,102200.0,9999999
72494,0,8206,9.4,5.62,0.0,0.0,11.96,270.37,5.2,14,102300.0,9999999
72494,0,8207,8.9,5.82,0.0,0.0,11.96,266.96,6.2,15,102400.0,9999999
72494,0,8208,8.3,5.62,0.0,0.0,11.96,266.5,3.1,13,102500.0,9999999
72494,0,8209,8.3,5.38,0.0,0.0,11.96,266.27,4.1,13,102500.0,9999999
72494,0,8210,7.2,5.38,0.0,0.0,11.96,265.09,2.6,12,102600.0,9999999
72494,0,8211,7.8,5.38,0.0,0.0,11.96,265.8,3.1,13,102600.0,9999999
72494,0,8212,7.2,5.15,0.0,0.0,11.96,265.09,1.5,11,102700.0,9999999
72494,0,8213,5.0,4.97,0.0,0.0,11.96,262.93,2.6,9,102800.0,9999999
72494,0,8214,5.6,5.15,0.0,0.0,11.96,266.27,0.0,0,102800.0,9999999
72494,0,8215,6.7,5.38,20.0,13.0,11.96,267.66,2.1,12,103000.0,9999999
72494,0,8216,8.9,5.62,148.0,47.0,11.96,266.96,1.5,14,103000.0,9999999
72494,0,8217,10.0,5.82,283.0,115.0,11.96,271.04,2.6,16,103100.0,9999999
72494,0,8218,10.6,5.38,415.0,107.0,11.96,271.26,3.6,15,103100.0,9999999
72494,0,8219,11.7,4.58,450.0,106.0,11.96,271.04,6.2,15,103100.0,9999999
72494,0,8220,12.2,5.15,443.0,103.0,11.96,271.04,4.1,15,103000.0,9999999
72494,0,8221,12.8,5.15,420.0,81.0,11.96,270.37,4.6,16,102900.0,9999999
72494,0,8222,13.3,5.62,307.0,68.0,11.96,271.04,4.1,16,102900.0,9999999
72494,0,8223,13.3,5.62,159.0,49.0,11.96,271.04,3.6,16,103000.0,9999999
72494,0,8224,12.2,4.75,26.0,16.0,11.96,269.48,2.6,14,103000.0,9999999
72494,0,8225,10.6,5.62,0.0,0.0,11.96,268.57,2.6,11,103100.0,9999999
72494,0,8226,10.0,5.38,0.0,0.0,11.96,267.89,0.0,0,103100.0,9999999
72494,0,8227,10.0,5.82,0.0,0.0,11.96,268.12,1.5,8,103100.0,9999999
72494,0,8228,8.9,5.82,0.0,0.0,11.96,266.96,2.1,8,103100.0,9999999
72494,0,8229,8.3,5.82,0.0,0.0,11.96,266.5,2.1,7,103200.0,9999999
72494,0,8230,9.4,5.62,0.0,0.0,11.96,267.43,0.0,0,103200.0,9999999
72494,0,8231,8.9,5.15,0.0,0.0,11.96,266.73,2.6,11,103200.0,9999999
72494,0,8232,7.8,4.97,0.0,0.0,11.96,265.56,0.0,0,103200.0,9999999
72494,0,8233,8.9,4.75,0.0,0.0,11.96,266.5,2.1,6,103200.0,9999999
72494,0,8234,6.7,4.75,0.0,0.0,11.96,265.56,1.5,11,103200.0,9999999
72494,0,8235,5.6,4.97,0.0,0.0,11.96,263.42,1.5,8,103200.0,9999999
72494,0,8236,6.1,5.15,0.0,0.0,11.96,264.14,2.1,7,103200.0,9999999
72494,0,8237,6.1,5.15,0.0,0.0,11.96,265.33,3.1,6,103300.0,9999999
72494,0,8238,6.7,4.58,0.0,0.0,11.96,266.5,4.1,6,103300.0,9999999
72494,0,8239,7.8,4.75,22.0,11.0,11.96,266.73,3.1,5,103300.0,9999999
72494,0,8240,9.4,4.97,154.0,53.0,11.96,269.25,5.2,5,103400.0,9999999
72494,0,8241,10.6,4.97,264.0,68.0,11.96,269.48,4.1,4,103400.0,9999999
72494,0,8242,11.1,5.15,426.0,63.0,11.96,268.8,3.1,4,103400.0,9999999
72494,0,8243,12.2,4.75,489.0,69.0,11.96,269.48,0.0,0,103300.0,9999999
72494,0,8244,13.3,4.97,492.0,69.0,11.96,270.82,1.5,2,103200.0,9999999
72494,0,8245,13.9,5.62,419.0,63.0,11.96,271.7,1.5,2,103100.0,9999999
72494,0,8246,13.9,5.15,320.0,53.0,11.96,271.48,3.1,2,103100.0,9999999
72494,0,8247,13.3,5.15,170.0,39.0,11.96,270.82,2.6,4,103200.0,9999999
72494,0,8248,13.3,6.3,30.0,14.0,11.96,271.48,4.6,3,103200.0,9999999
72494,0,8249,12.2,5.15,0.0,0.0,11.96,269.7,3.6,6,103200.0,9999999
72494,0,8250,10.6,5.38,0.0,0.0,11.96,269.7,2.1,6,103300.0,9999999
72494,0,8251,10.6,5.15,0.0,0.0,11.96,269.48,3.6,6,103300.0,9999999
72494,0,8252,10.6,4.75,0.0,0.0,11.96,269.25,3.1,6,103300.0,9999999
72494,0,8253,10.6,4.58,0.0,0.0,11.96,269.25,2.6,6,103300.0,9999999
72494,0,8254,10.6,4.75,0.0,0.0,11.96,268.12,3.1,5,103300.0,9999999
72494,0,8255,11.7,4.58,0.0,0.0,11.96,269.03,2.6,4,103300.0,9999999
72494,0,8256,11.7,6.08,0.0,0.0,11.96,269.93,3.1,3,103300.0,9999999
72494,0,8257,11.7,5.38,0.0,0.0,11.96,269.48,3.6,3,103200.0,9999999
72494,0,8258,11.7,5.38,0.0,0.0,11.96,269.48,6.7,2,103200.0,9999999
72494,0,8259,11.1,5.15,0.0,0.0,11.96,268.8,4.1,4,103200.0,9999999
72494,0,8260,9.4,4.58,0.0,0.0,11.96,266.73,4.1,6,103100.0,9999999
72494,0,8261,8.9,4.97,0.0,0.0,11.96,266.5,4.1,5,103100.0,9999999
72494,0,8262,9.4,4.58,0.0,0.0,11.96,266.73,2.1,7,103100.0,9999999
72494,0,8263,9.4,4.75,18.0,12.0,11.96,266.96,3.1,6,103200.0,9999999
72494,0,8264,11.1,4.58,143.0,45.0,11.96,268.34,4.6,6,103200.0,9999999
72494,0,8265,12.2,4.58,295.0,64.0,11.96,269.48,4.6,4,103200.0,9999999
72494,0,8266,13.3,4.38,412.0,77.0,11.96,270.37,3.6,5,103100.0,9999999
72494,0,8267,13.9,4.38,476.0,84.0,11.96,270.82,4.1,5,103100.0,9999999
72494,0,8268,14.4,4.97,479.0,84.0,11.96,271.7,4.1,4,103000.0,9999999
72494,0,8269,14.4,5.15,421.0,78.0,11.96,271.92,4.1,4,102900.0,9999999
72494,0,8270,15.6,4.58,308.0,65.0,11.96,272.58,3.1,5,103000.0,9999999
72494,0,8271,13.9,4.75,161.0,47.0,11.96,271.04,2.1,3,103100.0,9999999
72494,0,8272,13.3,4.97,27.0,19.0,11.96,271.92,3.1,4,103100.0,9999999
72494,0,8273,12.8,4.97,0.0,0.0,11.96,271.48,2.6,5,103200.0,9999999
72494,0,8274,11.7,6.8,0.0,0.0,11.96,272.36,3.1,5,103200.0,9999999
72494,0,8275,11.7,5.15,0.0,0.0,11.96,271.48,0.0,0,103300.0,9999999
72494,0,8276,10.0,5.15,0.0,0.0,11.96,269.93,2.1,8,103300.0,9999999
72494,0,8277,9.4,5.82,0.0,0.0,11.96,270.37,0.0,0,103300.0,9999999
72494,0,8278,10.0,5.15,0.0,0.0,11.96,269.93,0.0,0,103200.0,9999999
72494,0,8279,8.9,5.15,0.0,0.0,11.96,268.8,0.0,0,103300.0,9999999
72494,0,8280,7.2,5.15,0.0,0.0,11.96,266.27,1.5,8,103200.0,9999999
72494,0,8281,7.2,5.62,0.0,0.0,11.96,265.33,2.1,6,103200.0,9999999
72494,0,8282,7.2,5.82,0.0,0.0,11.96,266.73,3.6,5,103200.0,9999999
72494,0,8283,7.2,5.38,0.0,0.0,11.96,268.12,1.5,8,103200.0,9999999
72494,0,8284,5.6,5.15,0.0,0.0,11.96,265.8,1.5,10,103300.0,9999999
72494,0,8285,5.6,5.38,0.0,0.0,11.96,268.12,2.1,8,103300.0,9999999
72494,0,8286,6.1,5.62,0.0,0.0,11.96,266.5,2.6,7,103200.0,9999999
72494,0,8287,7.2,5.62,15.0,14.0,11.96,267.43,2.1,4,103200.0,9999999
72494,0,8288,8.3,5.62,117.0,64.0,11.96,268.57,3.6,3,103300.0,9999999
72494,0,8289,8.3,5.82,213.0,94.0,11.96,268.57,1.5,4,103300.0,9999999
72494,0,8290,8.9,5.82,368.0,208.0,11.96,269.93,2.6,6,103200.0,9999999
72494,0,8291,9.4,5.62,411.0,185.0,11.96,270.82,1.5,7,103100.0,9999999
72494,0,8292,10.0,5.62,454.0,194.0,11.96,271.48,0.0,0,103000.0,9999999
72494,0,8293,11.1,6.08,345.0,151.0,11.96,272.14,0.0,0,103000.0,9999999
72494,0,8294,11.1,5.82,267.0,95.0,11.96,270.37,0.0,0,103000.0,9999999
72494,0,8295,11.1,6.08,135.0,64.0,11.96,270.6,0.0,0,103000.0,9999999
72494,0,8296,10.6,6.08,22.0,19.0,11.96,270.15,1.5,4,103000.0,9999999
72494,0,8297,10.0,6.3,0.0,0.0,11.96,268.34,3.6,3,103000.0,9999999
72494,0,8298,10.0,6.3,0.0,0.0,11.96,268.34,4.6,3,103000.0,9999999
72494,0,8299,10.0,6.08,0.0,0.0,11.96,268.34,4.6,3,102900.0,9999999
72494,0,8300,7.8,6.08,0.0,0.0,11.96,269.03,3.1,7,102900.0,9999999
72494,0,8301,7.8,5.62,0.0,0.0,11.96,268.8,2.1,5,102800.0,9999999
72494,0,8302,6.7,5.15,0.0,0.0,11.96,267.89,2.1,7,102800.0,9999999
72494,0,8303,7.8,5.15,0.0,0.0,11.96,269.03,2.6,6,102600.0,9999999
72494,0,8304,7.8,5.15,0.0,0.0,11.96,269.03,2.6,7,102600.0,9999999
72494,0,8305,7.2,5.15,0.0,0.0,11.96,268.34,2.6,6,102500.0,9999999
72494,0,8306,7.2,4.75,0.0,0.0,11.96,268.12,2.1,8,102500.0,9999999
72494,0,8307,7.2,4.97,0.0,0.0,11.96,268.34,0.0,0,102400.0,9999999
72494,0,8308,7.2,4.75,0.0,0.0,11.96,268.12,1.5,8,102400.0,9999999
72494,0,8309,6.7,5.15,0.0,0.0,11.96,267.89,0.0,0,102300.0,9999999
72494,0,8310,6.7,5.38,0.0,0.0,11.96,268.12,1.5,8,102400.0,9999999
72494,0,8311,7.2,5.15,15.0,14.0,11.96,268.34,1.5,7,102400.0,9999999
72494,0,8312,8.9,4.97,118.0,96.0,11.96,269.93,4.6,3,102400.0,9999999
72494,0,8313,8.9,4.97,243.0,121.0,11.96,269.93,4.1,3,102500.0,9999999
72494,0,8314,8.9,4.75,342.0,207.0,11.96,269.7,3.6,2,102400.0,9999999
72494,0,8315,8.9,5.62,406.0,197.0,11.96,270.37,2.6,3,102300.0,9999999
72494,0,8316,9.4,5.38,392.0,236.0,11.96,270.6,2.6,5,102200.0,9999999
72494,0,8317,9.4,5.15,372.0,162.0,11.96,270.6,3.1,3,102100.0,9999999
72494,0,8318,9.4,5.15,103.0,103.0,11.96,276.83,2.1,2,102100.0,9999999
72494,0,8319,10.0,5.62,92.0,73.0,11.96,274.3,2.6,2,102100.0,9999999
72494,0,8320,10.0,5.62,22.0,20.0,11.96,272.58,4.6,4,102000.0,9999999
72494,0,8321,9.4,5.38,0.0,0.0,11.96,275.15,0.0,0,102000.0,9999999
72494,0,8322,8.9,5.62,0.0,0.0,11.96,270.82,0.0,0,102000.0,9999999
72494,0,8323,10.0,6.3,0.0,0.0,11.96,272.8,3.1,2,101900.0,9999999
72494,0,8324,9.4,5.82,0.0,0.0,11.96,272.8,2.6,5,101900.0,9999999
72494,0,8325,11.1,6.08,0.0,0.0,11.96,277.25,1.5,8,101900.0,9999999
72494,0,8326,12.7,8.35,0.0,0.0,11.96,281.69,8.2,9,101900.0,9999999
72494,0,8327,11.7,8.58,0.0,0.0,11.96,280.9,3.6,5,101900.0,9999999
72494,0,8328,11.7,8.58,0.0,0.0,11.96,280.9,6.7,5,101900.0,9999999
72494,0,8329,11.1,8.24,0.0,0.0,11.96,280.1,4.6,5,101900.0,9999999
72494,0,8330,11.1,8.24,0.0,0.0,11.96,280.1,4.6,4,101800.0,9999999
72494,0,8331,10.6,7.97,0.0,0.0,11.96,279.49,6.2,5,101800.0,9999999
72494,0,8332,10.6,7.97,0.0,0.0,11.96,279.49,5.7,6,101800.0,9999999
72494,0,8333,11.1,8.24,0.0,0.0,11.96,280.1,3.6,5,101800.0,9999999
72494,0,8334,11.1,8.24,0.0,0.0,11.96,280.1,4.6,5,101900.0,9999999
72494,0,8335,11.1,8.24,8.0,8.0,11.96,280.1,4.6,5,101900.0,9999999
72494,0,8336,11.1,8.24,42.0,42.0,11.96,280.1,4.6,5,101900.0,9999999
72494,0,8337,11.7,8.58,85.0,85.0,11.96,280.9,3.6,5,101900.0,9999999
72494,0,8338,12.2,8.58,119.0,119.0,11.96,281.29,4.6,4,101900.0,9999999
72494,0,8339,12.2,8.58,264.0,248.0,11.96,279.49,2.6,7,101900.0,9999999
72494,0,8340,13.9,8.87,267.0,237.0,11.96,281.1,2.6,5,101800.0,9999999
72494,0,8341,15.0,9.23,301.0,276.0,11.96,282.48,4.6,11,101800.0,9999999
72494,0,8342,14.4,8.58,141.0,135.0,11.96,281.49,6.2,11,101900.0,9999999
72494,0,8343,13.9,7.65,117.0,79.0,11.96,276.62,6.7,12,102000.0,9999999
72494,0,8344,13.3,7.34,26.0,17.0,11.96,275.36,3.1,12,102000.0,9999999
72494,0,8345,12.8,7.65,0.0,0.0,11.96,278.07,4.6,12,102100.0,9999999
72494,0,8346,12.2,7.09,0.0,0.0,11.96,274.3,3.6,13,102200.0,9999999
72494,0,8347,11.1,7.09,0.0,0.0,11.96,273.23,2.1,12,102200.0,9999999
72494,0,8348,11.1,6.8,0.0,0.0,11.96,273.01,1.5,12,102300.0,9999999
72494,0,8349,9.4,6.8,0.0,0.0,11.96,270.82,1.5,9,102400.0,9999999
72494,0,8350,10.0,6.8,0.0,0.0,11.96,271.48,1.5,10,102400.0,9999999
72494,0,8351,8.3,6.57,0.0,0.0,11.96,270.15,2.1,9,102400.0,9999999
72494,0,8352,8.3,6.3,0.0,0.0,11.96,269.48,0.0,0,102400.0,9999999
72494,0,8353,7.2,6.3,0.0,0.0,11.96,265.8,1.5,8,102400.0,9999999
72494,0,8354,6.7,6.08,0.0,0.0,11.96,265.09,2.1,10,102400.0,9999999
72494,0,8355,5.6,5.62,0.0,0.0,11.96,263.9,1.5,9,102400.0,9999999
72494,0,8356,7.2,5.82,0.0,0.0,11.96,268.34,1.5,11,102400.0,9999999
72494,0,8357,6.7,5.82,0.0,0.0,11.96,265.09,2.1,8,102400.0,9999999
72494,0,8358,6.7,5.82,0.0,0.0,11.96,267.89,2.1,9,102500.0,9999999
72494,0,8359,7.2,6.08,19.0,11.0,11.96,268.34,1.5,15,102500.0,9999999
72494,0,8360,7.8,6.3,145.0,47.0,11.96,269.03,0.0,0,102500.0,9999999
72494,0,8361,10.0,6.8,266.0,53.0,11.96,271.48,0.0,0,102600.0,9999999
72494,0,8362,10.6,7.34,321.0,127.0,11.96,272.36,2.1,16,102500.0,9999999
72494,0,8363,10.0,7.34,460.0,95.0,11.96,271.7,2.6,2,102500.0,9999999
72494,0,8364,10.6,7.34,423.0,151.0,11.96,272.36,2.6,2,102400.0,9999999
72494,0,8365,11.1,6.8,391.0,125.0,11.96,272.58,0.0,0,102400.0,9999999
72494,0,8366,11.1,6.8,296.0,100.0,11.96,272.58,1.5,3,102400.0,9999999
72494,0,8367,11.7,5.62,126.0,83.0,11.96,274.09,0.0,0,102400.0,9999999
72494,0,8368,11.7,5.82,22.0,19.0,11.96,277.66,2.6,13,102500.0,9999999
72494,0,8369,11.7,5.62,0.0,0.0,11.96,277.45,1.5,14,102400.0,9999999
72494,0,8370,11.1,5.62,0.0,0.0,11.96,276.83,0.0,0,102500.0,9999999
72494,0,8371,10.0,5.82,0.0,0.0,11.96,274.52,2.1,6,102500.0,9999999
72494,0,8372,8.9,6.08,0.0,0.0,11.96,270.6,2.1,7,102500.0,9999999
72494,0,8373,10.0,6.08,0.0,0.0,11.96,271.7,0.0,0,102500.0,9999999
72494,0,8374,10.0,6.3,0.0,0.0,11.96,271.26,4.1,1,102500.0,9999999
72494,0,8375,10.0,6.8,0.0,0.0,11.96,271.48,2.6,3,102500.0,9999999
72494,0,8376,8.9,6.3,0.0,0.0,11.96,269.48,1.5,7,102500.0,9999999
72494,0,8377,9.4,6.3,0.0,0.0,11.96,269.93,0.0,0,102500.0,9999999
72494,0,8378,8.3,6.57,0.0,0.0,11.96,268.12,0.0,0,102500.0,9999999
72494,0,8379,7.8,6.3,0.0,0.0,11.96,267.43,1.5,7,102500.0,9999999
72494,0,8380,8.3,6.57,0.0,0.0,11.96,266.96,2.1,6,102400.0,9999999
72494,0,8381,8.3,6.3,0.0,0.0,11.96,270.15,2.1,5,102500.0,9999999
72494,0,8382,7.8,6.3,0.0,0.0,11.96,268.34,1.5,8,102500.0,9999999
72494,0,8383,8.3,6.08,15.0,10.0,11.96,269.93,2.1,7,102500.0,9999999
72494,0,8384,8.9,6.3,47.0,43.0,11.96,275.15,2.1,6,102600.0,9999999
72494,0,8385,10.0,6.57,262.0,190.0,11.96,273.87,2.6,4,102600.0,9999999
72494,0,8386,10.6,6.8,304.0,149.0,11.96,273.01,2.1,4,102600.0,9999999
72494,0,8387,10.0,6.57,321.0,198.0,11.96,271.26,1.5,3,102500.0,9999999
72494,0,8388,10.6,7.09,317.0,148.0,11.96,272.8,2.1,2,102400.0,9999999
72494,0,8389,11.1,7.09,384.0,127.0,11.96,271.92,0.0,0,102400.0,9999999
72494,0,8390,11.7,7.09,294.0,77.0,11.96,271.7,2.6,16,102400.0,9999999
72494,0,8391,11.7,7.34,152.0,56.0,11.96,273.44,1.5,1,102300.0,9999999
72494,0,8392,11.1,7.34,26.0,20.0,11.96,273.87,1.5,2,102400.0,9999999
72494,0,8393,11.1,7.65,0.0,0.0,11.96,275.36,0.0,0,102400.0,9999999
72494,0,8394,11.1,7.09,0.0,0.0,11.96,277.66,0.0,0,102400.0,9999999
72494,0,8395,11.1,7.65,0.0,0.0,11.96,277.86,1.5,2,102400.0,9999999
72494,0,8396,10.6,7.09,0.0,0.0,11.96,277.25,1.5,7,102300.0,9999999
72494,0,8397,10.6,7.09,0.0,0.0,11.96,277.25,0.0,0,102300.0,9999999
72494,0,8398,10.6,7.09,0.0,0.0,11.96,277.25,0.0,0,102300.0,9999999
72494,0,8399,10.6,7.34,0.0,0.0,11.96,279.29,0.0,0,102200.0,9999999
72494,0,8400,10.6,7.09,0.0,0.0,11.96,279.09,1.5,6,102200.0,9999999
72494,0,8401,11.1,7.34,0.0,0.0,11.96,279.7,0.0,0,102200.0,9999999
72494,0,8402,11.1,7.34,0.0,0.0,11.96,277.86,0.0,0,102200.0,9999999
72494,0,8403,11.1,7.34,0.0,0.0,11.96,279.7,0.0,0,102100.0,9999999
72494,0,8404,11.1,7.65,0.0,0.0,11.96,279.9,1.5,4,102100.0,9999999
72494,0,8405,10.6,7.34,0.0,0.0,11.96,275.79,0.0,0,102100.0,9999999
72494,0,8406,10.6,7.34,0.0,0.0,11.96,273.44,0.0,0,102100.0,9999999
72494,0,8407,10.6,7.34,14.0,13.0,11.96,277.25,1.5,4,102100.0,9999999
72494,0,8408,10.6,7.34,45.0,45.0,11.96,279.29,1.5,6,102100.0,9999999
72494,0,8409,11.1,7.65,166.0,160.0,11.96,279.9,1.5,1,102100.0,9999999
72494,0,8410,11.7,7.34,180.0,161.0,11.96,278.27,1.5,2,102100.0,9999999
72494,0,8411,11.7,7.34,282.0,222.0,11.96,278.27,1.5,3,101900.0,9999999
72494,0,8412,12.2,7.65,147.0,147.0,11.96,280.9,0.0,0,101800.0,9999999
72494,0,8413,12.2,7.97,131.0,131.0,11.96,281.1,2.6,16,101700.0,9999999
72494,0,8414,11.7,7.97,82.0,82.0,11.96,280.7,2.1,16,101700.0,9999999
72494,0,8415,11.1,8.24,55.0,55.0,11.96,280.1,4.6,16,101700.0,9999999
72494,0,8416,10.0,7.65,12.0,12.0,11.96,278.89,8.8,16,101700.0,9999999
72494,0,8417,10.0,7.34,0.0,0.0,11.96,278.68,3.1,15,101600.0,9999999
72494,0,8418,10.6,7.09,0.0,0.0,11.96,279.09,2.1,2,101600.0,9999999
72494,0,8419,10.6,6.8,0.0,0.0,11.96,278.89,0.0,0,101500.0,9999999
72494,0,8420,10.6,7.09,0.0,0.0,11.96,279.09,7.2,2,101500.0,9999999
72494,0,8421,10.6,6.57,0.0,0.0,11.96,278.89,6.7,3,101500.0,9999999
72494,0,8422,10.6,6.57,0.0,0.0,11.96,278.89,4.1,2,101500.0,9999999
72494,0,8423,10.0,6.57,0.0,0.0,11.96,278.27,3.1,2,101500.0,9999999
72494,0,8424,10.6,6.57,0.0,0.0,11.96,278.89,4.1,4,101400.0,9999999
72494,0,8425,10.0,6.8,0.0,0.0,11.96,278.48,2.6,7,101400.0,9999999
72494,0,8426,10.0,6.8,0.0,0.0,11.96,278.48,0.0,0,101400.0,9999999
72494,0,8427,10.6,6.3,0.0,0.0,11.96,278.68,3.6,15,101300.0,9999999
72494,0,8428,10.6,6.8,0.0,0.0,11.96,278.89,3.1,16,101300.0,9999999
72494,0,8429,10.0,6.8,0.0,0.0,11.96,276.41,2.6,12,101400.0,9999999
72494,0,8430,10.6,6.8,0.0,0.0,11.96,277.04,2.1,15,101400.0,9999999
72494,0,8431,10.0,6.8,11.0,11.0,11.96,276.41,0.0,0,101400.0,9999999
72494,0,8432,11.1,7.34,57.0,52.0,11.96,277.86,1.5,2,101500.0,9999999
72494,0,8433,11.1,7.34,194.0,141.0,11.96,273.87,0.0,0,101500.0,9999999
72494,0,8434,11.7,7.09,364.0,130.0,11.96,273.23,1.5,2,101500.0,9999999
72494,0,8435,13.3,5.62,403.0,125.0,11.96,274.09,4.6,16,101400.0,9999999
72494,0,8436,13.3,6.57,426.0,129.0,11.96,274.52,3.6,16,101300.0,9999999
72494,0,8437,13.9,6.57,325.0,163.0,11.96,275.15,3.6,16,101300.0,9999999
72494,0,8438,15.0,5.62,290.0,87.0,11.96,272.8,4.1,15,101300.0,9999999
72494,0,8439,14.4,6.08,149.0,62.0,11.96,272.36,4.6,16,101400.0,9999999
72494,0,8440,13.9,6.3,25.0,20.0,11.96,272.14,4.1,16,101400.0,9999999
72494,0,8441,14.4,4.58,0.0,0.0,11.96,271.48,6.7,16,101500.0,9999999
72494,0,8442,13.9,4.75,0.0,0.0,11.96,271.04,7.2,16,101600.0,9999999
72494,0,8443,13.3,4.38,0.0,0.0,11.96,270.37,11.3,15,101500.0,9999999
72494,0,8444,12.8,4.38,0.0,0.0,11.96,269.93,12.4,16,101600.0,9999999
72494,0,8445,12.8,4.58,0.0,0.0,11.96,269.93,11.3,16,101700.0,9999999
72494,0,8446,12.2,4.38,0.0,0.0,11.96,269.25,9.8,16,101700.0,9999999
72494,0,8447,12.2,4.38,0.0,0.0,11.96,269.25,4.6,16,101800.0,9999999
72494,0,8448,11.7,3.12,0.0,0.0,11.96,267.66,3.1,14,101900.0,9999999
72494,0,8449,11.7,3.88,0.0,0.0,11.96,268.34,5.2,14,101900.0,9999999
72494,0,8450,11.7,4.03,0.0,0.0,11.96,268.57,6.2,15,101900.0,9999999
72494,0,8451,11.7,4.38,0.0,0.0,11.96,268.8,4.1,16,101900.0,9999999
72494,0,8452,11.7,3.88,0.0,0.0,11.96,268.34,5.2,16,101900.0,9999999
72494,0,8453,10.6,4.38,0.0,0.0,11.96,267.89,4.1,1,102000.0,9999999
72494,0,8454,8.9,4.03,0.0,0.0,11.96,265.8,3.1,5,101900.0,9999999
72494,0,8455,7.8,4.22,14.0,9.0,11.96,265.09,3.1,8,102000.0,9999999
72494,0,8456,10.6,4.03,132.0,42.0,11.96,267.43,1.5,6,102000.0,9999999
72494,0,8457,12.2,3.4,280.0,60.0,11.96,268.57,0.0,0,102000.0,9999999
72494,0,8458,12.8,2.72,404.0,73.0,11.96,268.34,0.0,0,102000.0,9999999
72494,0,8459,13.9,2.36,471.0,80.0,11.96,269.03,1.5,3,101900.0,9999999
72494,0,8460,14.4,2.72,458.0,80.0,11.96,269.93,1.5,3,101800.0,9999999
72494,0,8461,15.0,3.4,424.0,75.0,11.96,271.04,1.5,3,101700.0,9999999
72494,0,8462,14.4,5.15,315.0,64.0,11.96,271.92,2.1,3,101700.0,9999999
72494,0,8463,15.0,3.7,168.0,47.0,11.96,271.48,3.6,12,101700.0,9999999
72494,0,8464,13.9,3.12,31.0,18.0,11.96,269.93,1.5,13,101800.0,9999999
72494,0,8465,12.8,3.53,0.0,0.0,11.96,269.25,0.0,0,101800.0,9999999
72494,0,8466,11.1,5.15,0.0,0.0,11.96,268.8,2.6,9,101800.0,9999999
72494,0,8467,10.6,4.75,0.0,0.0,11.96,269.25,0.0,0,101900.0,9999999
72494,0,8468,10.6,4.38,0.0,0.0,11.96,269.93,1.5,9,101800.0,9999999
72494,0,8469,10.0,4.38,0.0,0.0,11.96,270.6,0.0,0,101800.0,9999999
72494,0,8470,9.4,4.38,0.0,0.0,11.96,268.8,2.1,12,101800.0,9999999
72494,0,8471,10.0,4.03,0.0,0.0,11.96,271.48,0.0,0,101700.0,9999999
72494,0,8472,8.9,4.97,0.0,0.0,11.96,269.48,1.5,8,101800.0,9999999
72494,0,8473,8.9,5.15,0.0,0.0,11.96,269.48,0.0,0,101700.0,9999999
72494,0,8474,8.9,5.15,0.0,0.0,11.96,270.15,1.5,4,101700.0,9999999
72494,0,8475,8.3,4.38,0.0,0.0,11.96,269.03,0.0,0,101700.0,9999999
72494,0,8476,6.1,4.75,0.0,0.0,11.96,266.5,1.5,8,101700.0,9999999
72494,0,8477,6.7,4.75,0.0,0.0,11.96,265.56,0.0,0,101800.0,9999999
72494,0,8478,7.8,5.38,0.0,0.0,11.96,265.8,1.5,16,101800.0,9999999
72494,0,8479,7.2,5.38,13.0,10.0,11.96,269.03,2.6,7,101800.0,9999999
72494,0,8480,8.3,5.15,75.0,68.0,11.96,273.87,0.0,0,101900.0,9999999
72494,0,8481,10.0,5.38,148.0,141.0,11.96,275.79,0.0,0,101900.0,9999999
72494,0,8482,11.1,6.57,170.0,170.0,11.96,277.45,1.5,3,101800.0,9999999
72494,0,8483,12.8,8.87,142.0,142.0,11.96,282.08,8.2,13,101800.0,9999999
72494,0,8484,13.9,8.24,257.0,228.0,11.96,280.9,7.7,12,101700.0,9999999
72494,0,8485,13.9,7.65,260.0,213.0,11.96,280.7,6.2,13,101700.0,9999999
72494,0,8486,13.9,7.09,150.0,138.0,11.96,280.5,6.7,13,101600.0,9999999
72494,0,8487,13.3,6.8,95.0,78.0,11.96,279.7,5.7,12,101700.0,9999999
72494,0,8488,12.8,6.8,17.0,17.0,11.96,279.29,6.2,13,101700.0,9999999
72494,0,8489,12.2,6.3,0.0,0.0,11.96,274.3,5.7,13,101700.0,9999999
72494,0,8490,11.1,5.82,0.0,0.0,11.96,269.25,4.6,12,101700.0,9999999
72494,0,8491,10.0,5.82,0.0,0.0,11.96,271.04,5.2,12,101600.0,9999999
72494,0,8492,10.0,5.82,0.0,0.0,11.96,271.92,3.6,12,101600.0,9999999
72494,0,8493,10.0,5.82,0.0,0.0,11.96,268.12,2.6,12,101600.0,9999999
72494,0,8494,9.4,5.62,0.0,0.0,11.96,270.37,0.0,0,101500.0,9999999
72494,0,8495,9.4,5.15,0.0,0.0,11.96,273.44,3.6,12,101500.0,9999999
72494,0,8496,9.4,5.15,0.0,0.0,11.96,276.83,2.6,12,101400.0,9999999
72494,0,8497,9.4,4.97,0.0,0.0,11.96,276.83,3.1,12,101400.0,9999999
72494,0,8498,10.0,5.62,0.0,0.0,11.96,277.86,7.7,13,101400.0,9999999
72494,0,8499,9.4,5.82,0.0,0.0,11.96,277.25,6.2,12,101300.0,9999999
72494,0,8500,9.4,6.08,0.0,0.0,11.96,272.14,4.1,14,101400.0,9999999
72494,0,8501,8.9,6.08,0.0,0.0,11.96,274.94,4.1,15,101400.0,9999999
72494,0,8502,7.8,5.62,0.0,0.0,11.96,268.8,3.1,12,101500.0,9999999
72494,0,8503,8.3,5.62,11.0,9.0,11.96,269.25,6.2,15,101500.0,9999999
72494,0,8504,8.9,5.62,107.0,57.0,11.96,269.7,3.1,15,101600.0,9999999
72494,0,8505,9.4,5.62,225.0,95.0,11.96,270.37,3.1,16,101600.0,9999999
72494,0,8506,10.6,5.38,331.0,116.0,11.96,271.26,3.6,16,101500.0,9999999
72494,0,8507,12.2,4.22,325.0,137.0,11.96,271.92,6.7,14,101400.0,9999999
72494,0,8508,12.2,3.88,402.0,163.0,11.96,271.7,8.2,15,101400.0,9999999
72494,0,8509,12.8,4.03,365.0,118.0,11.96,272.36,5.7,15,101300.0,9999999
72494,0,8510,13.3,3.88,260.0,96.0,11.96,272.8,8.2,14,101300.0,9999999
72494,0,8511,13.3,4.03,117.0,90.0,11.96,273.44,6.2,14,101400.0,9999999
72494,0,8512,12.2,4.22,27.0,21.0,11.96,271.26,6.2,16,101400.0,9999999
72494,0,8513,12.2,4.22,0.0,0.0,11.96,269.25,8.8,15,101500.0,9999999
72494,0,8514,11.7,4.22,0.0,0.0,11.96,268.8,7.7,16,101500.0,9999999
72494,0,8515,11.1,3.4,0.0,0.0,11.96,267.43,9.3,15,101600.0,9999999
72494,0,8516,11.1,3.88,0.0,0.0,11.96,267.89,12.4,15,101500.0,9999999
72494,0,8517,10.6,3.53,0.0,0.0,11.96,267.2,16.0,15,101400.0,9999999
72494,0,8518,10.6,3.7,0.0,0.0,11.96,267.2,16.0,16,101500.0,9999999
72494,0,8519,10.0,3.88,0.0,0.0,11.96,266.73,14.9,15,101500.0,9999999
72494,0,8520,10.0,3.7,0.0,0.0,11.96,266.73,14.4,16,101500.0,9999999
72494,0,8521,10.0,3.4,0.0,0.0,11.96,266.5,15.5,16,101500.0,9999999
72494,0,8522,9.4,3.53,0.0,0.0,11.96,267.2,14.9,15,101600.0,9999999
72494,0,8523,8.9,3.53,0.0,0.0,11.96,265.56,12.9,15,101600.0,9999999
72494,0,8524,8.9,3.24,0.0,0.0,11.96,265.33,16.5,15,101600.0,9999999
72494,0,8525,8.9,3.24,0.0,0.0,11.96,265.33,14.9,15,101600.0,9999999
72494,0,8526,8.9,3.4,0.0,0.0,11.96,265.33,12.4,15,101600.0,9999999
72494,0,8527,8.9,3.4,15.0,7.0,11.96,265.33,14.4,15,101700.0,9999999
72494,0,8528,9.4,3.24,137.0,35.0,11.96,265.8,11.8,15,101700.0,9999999
72494,0,8529,9.4,3.12,291.0,49.0,11.96,265.56,11.8,15,101800.0,9999999
72494,0,8530,10.0,2.97,411.0,60.0,11.96,266.03,9.8,16,101800.0,9999999
72494,0,8531,11.1,3.24,472.0,65.0,11.96,267.43,9.3,15,101700.0,9999999
72494,0,8532,11.7,3.24,407.0,70.0,11.96,267.89,10.3,16,101600.0,9999999
72494,0,8533,12.2,4.03,414.0,63.0,11.96,270.37,5.7,16,101600.0,9999999
72494,0,8534,12.8,3.88,318.0,52.0,11.96,270.82,4.1,16,101600.0,9999999
72494,0,8535,13.3,3.88,162.0,40.0,11.96,271.26,5.2,15,101700.0,9999999
72494,0,8536,11.7,5.15,34.0,17.0,11.96,270.6,2.6,16,101700.0,9999999
72494,0,8537,11.1,3.53,0.0,0.0,11.96,268.8,0.0,0,101800.0,9999999
72494,0,8538,10.0,3.4,0.0,0.0,11.96,267.66,2.1,9,101800.0,9999999
72494,0,8539,9.4,2.97,0.0,0.0,11.96,265.56,0.0,0,101800.0,9999999
72494,0,8540,7.8,3.7,0.0,0.0,11.96,264.62,2.1,7,101800.0,9999999
72494,0,8541,8.3,3.24,0.0,0.0,11.96,266.73,0.0,0,101900.0,9999999
72494,0,8542,6.7,3.7,0.0,0.0,11.96,264.85,2.1,5,101900.0,9999999
72494,0,8543,6.7,2.97,0.0,0.0,11.96,264.14,0.0,0,101900.0,9999999
72494,0,8544,6.7,4.03,0.0,0.0,11.96,263.9,0.0,0,101900.0,9999999
72494,0,8545,5.6,4.03,0.0,0.0,11.96,262.69,0.0,0,101900.0,9999999
72494,0,8546,4.4,4.22,0.0,0.0,11.96,261.71,0.0,0,102000.0,9999999
72494,0,8547,3.3,4.03,0.0,0.0,11.96,260.72,1.5,11,102000.0,9999999
72494,0,8548,5.0,4.03,0.0,0.0,11.96,262.2,0.0,0,102000.0,9999999
72494,0,8549,3.9,3.4,0.0,0.0,11.96,260.72,0.0,0,102100.0,9999999
72494,0,8550,3.9,3.7,0.0,0.0,11.96,260.97,1.5,8,102200.0,9999999
72494,0,8551,5.0,4.22,15.0,7.0,11.96,262.45,1.5,8,102300.0,9999999
72494,0,8552,7.2,4.58,137.0,33.0,11.96,264.62,1.5,7,102300.0,9999999
72494,0,8553,8.9,4.75,291.0,47.0,11.96,266.5,0.0,0,102400.0,9999999
72494,0,8554,10.0,5.38,413.0,57.0,11.96,267.89,1.5,16,102400.0,9999999
72494,0,8555,9.4,5.38,483.0,63.0,11.96,267.2,1.5,2,102300.0,9999999
72494,0,8556,10.6,5.15,492.0,64.0,11.96,268.34,2.1,2,102200.0,9999999
72494,0,8557,11.1,4.58,440.0,60.0,11.96,268.34,2.1,3,102200.0,9999999
72494,0,8558,11.7,4.22,325.0,88.0,11.96,271.48,0.0,0,102200.0,9999999
72494,0,8559,13.9,6.3,183.0,37.0,11.96,272.14,4.6,12,102200.0,9999999
72494,0,8560,13.3,7.34,38.0,16.0,11.96,271.92,6.2,12,102100.0,9999999
72494,0,8561,12.8,7.65,0.0,0.0,11.96,275.58,5.2,13,102200.0,9999999
72494,0,8562,11.7,6.08,0.0,0.0,11.96,271.04,0.0,0,102200.0,9999999
72494,0,8563,11.1,5.82,0.0,0.0,11.96,269.25,2.1,13,102300.0,9999999
72494,0,8564,11.1,6.3,0.0,0.0,11.96,269.48,3.6,13,102300.0,9999999
72494,0,8565,11.1,5.62,0.0,0.0,11.96,269.03,3.1,13,102300.0,9999999
72494,0,8566,11.7,5.82,0.0,0.0,11.96,269.7,1.5,15,102300.0,9999999
72494,0,8567,10.6,6.3,0.0,0.0,11.96,270.15,2.1,1,102300.0,9999999
72494,0,8568,10.6,4.97,0.0,0.0,11.96,268.12,4.1,14,102300.0,9999999
72494,0,8569,8.9,4.38,0.0,0.0,11.96,266.27,3.6,13,102300.0,9999999
72494,0,8570,10.6,4.58,0.0,0.0,11.96,267.89,4.6,14,102200.0,9999999
72494,0,8571,10.0,4.38,0.0,0.0,11.96,267.2,4.6,14,102100.0,9999999
72494,0,8572,8.9,4.38,0.0,0.0,11.96,266.27,2.6,13,102100.0,9999999
72494,0,8573,8.3,4.38,0.0,0.0,11.96,265.56,2.1,13,102100.0,9999999
72494,0,8574,9.4,5.15,0.0,0.0,11.96,267.2,4.1,14,102100.0,9999999
72494,0,8575,9.4,4.75,10.0,8.0,11.96,266.96,2.6,13,102100.0,9999999
72494,0,8576,10.0,5.82,117.0,50.0,11.96,268.12,4.1,15,102100.0,9999999
72494,0,8577,10.6,6.08,265.0,74.0,11.96,268.8,3.6,16,102100.0,9999999
72494,0,8578,12.2,4.97,360.0,134.0,11.96,272.58,8.8,15,102000.0,9999999
72494,0,8579,12.2,5.15,425.0,156.0,11.96,272.58,8.2,16,101900.0,9999999
72494,0,8580,13.3,4.75,464.0,111.0,11.96,273.44,8.2,16,101800.0,9999999
72494,0,8581,13.3,4.22,414.0,142.0,11.96,273.01,9.3,15,101700.0,9999999
72494,0,8582,13.3,3.7,308.0,80.0,11.96,269.7,9.3,15,101700.0,9999999
72494,0,8583,12.8,4.38,164.0,58.0,11.96,269.93,8.2,15,101700.0,9999999
72494,0,8584,12.2,4.38,31.0,22.0,11.96,269.25,8.2,15,101700.0,9999999
72494,0,8585,11.7,4.75,0.0,0.0,11.96,269.03,8.2,15,101800.0,9999999
72494,0,8586,11.7,4.38,0.0,0.0,11.96,268.8,8.2,16,101900.0,9999999
72494,0,8587,11.7,4.22,0.0,0.0,11.96,268.8,7.7,15,101800.0,9999999
72494,0,8588,11.7,4.22,0.0,0.0,11.96,268.8,9.3,16,101800.0,9999999
72494,0,8589,11.1,4.75,0.0,0.0,11.96,268.57,9.3,16,101800.0,9999999
72494,0,8590,11.1,4.22,0.0,0.0,11.96,268.12,8.8,15,101900.0,9999999
72494,0,8591,10.6,4.22,0.0,0.0,11.96,267.66,7.7,15,101900.0,9999999
72494,0,8592,10.6,3.88,0.0,0.0,11.96,267.43,8.2,15,101900.0,9999999
72494,0,8593,10.6,3.88,0.0,0.0,11.96,267.43,8.2,16,101900.0,9999999
72494,0,8594,10.0,3.7,0.0,0.0,11.96,266.73,9.3,15,102000.0,9999999
72494,0,8595,10.6,3.7,0.0,0.0,11.96,267.2,9.8,16,102000.0,9999999
72494,0,8596,10.0,4.03,0.0,0.0,11.96,266.96,10.8,16,102000.0,9999999
72494,0,8597,9.4,3.53,0.0,0.0,11.96,266.03,3.1,1,102000.0,9999999
72494,0,8598,8.9,3.7,0.0,0.0,11.96,265.56,2.1,4,102100.0,9999999
72494,0,8599,8.9,3.88,14.0,7.0,11.96,265.8,7.2,1,102100.0,9999999
72494,0,8600,10.0,3.7,135.0,34.0,11.96,266.73,5.2,1,102300.0,9999999
72494,0,8601,10.0,3.88,290.0,48.0,11.96,266.73,5.2,2,102300.0,9999999
72494,0,8602,11.1,4.03,413.0,59.0,11.96,267.89,5.2,1,102300.0,9999999
72494,0,8603,11.7,4.03,484.0,65.0,11.96,268.57,6.7,1,102300.0,9999999
72494,0,8604,11.7,4.22,495.0,66.0,11.96,268.8,6.2,1,102200.0,9999999
72494,0,8605,12.2,4.38,443.0,62.0,11.96,269.25,7.7,1,102200.0,9999999
72494,0,8606,11.7,4.58,335.0,52.0,11.96,269.03,6.7,2,102300.0,9999999
72494,0,8607,12.2,4.38,187.0,39.0,11.96,269.25,6.7,2,102400.0,9999999
72494,0,8608,11.7,4.58,40.0,17.0,11.96,269.03,6.2,1,102400.0,9999999
72494,0,8609,10.6,5.38,0.0,0.0,11.96,268.34,3.6,1,102400.0,9999999
72494,0,8610,9.4,4.22,0.0,0.0,11.96,266.5,1.5,8,102500.0,9999999
72494,0,8611,8.9,3.88,0.0,0.0,11.96,265.8,0.0,0,102500.0,9999999
72494,0,8612,7.2,3.88,0.0,0.0,11.96,264.14,1.5,8,102600.0,9999999
72494,0,8613,7.2,3.24,0.0,0.0,11.96,263.66,2.1,10,102600.0,9999999
72494,0,8614,7.8,3.24,0.0,0.0,11.96,264.14,1.5,10,102700.0,9999999
72494,0,8615,6.7,3.12,0.0,0.0,11.96,263.18,0.0,0,102700.0,9999999
72494,0,8616,6.1,3.7,0.0,0.0,11.96,262.93,0.0,0,102700.0,9999999
72494,0,8617,5.0,3.4,0.0,0.0,11.96,261.71,1.5,13,102700.0,9999999
72494,0,8618,3.3,3.4,0.0,0.0,11.96,260.22,0.0,0,102800.0,9999999
72494,0,8619,3.3,3.53,0.0,0.0,11.96,260.22,0.0,0,102800.0,9999999
72494,0,8620,2.8,3.53,0.0,0.0,11.96,259.72,0.0,0,102900.0,9999999
72494,0,8621,3.3,3.7,0.0,0.0,11.96,260.47,1.5,12,102900.0,9999999
72494,0,8622,3.3,3.88,0.0,0.0,11.96,260.47,2.1,8,103000.0,9999999
72494,0,8623,4.4,4.22,9.0,8.0,11.96,261.71,1.5,8,103000.0,9999999
72494,0,8624,5.6,4.58,110.0,55.0,11.96,263.18,2.1,6,103100.0,9999999
72494,0,8625,7.8,4.38,254.0,84.0,11.96,265.09,0.0,0,103200.0,9999999
72494,0,8626,9.4,4.38,376.0,104.0,11.96,266.73,0.0,0,103200.0,9999999
72494,0,8627,9.4,4.03,448.0,116.0,11.96,266.5,1.5,3,103100.0,9999999
72494,0,8628,10.6,4.03,459.0,117.0,11.96,267.43,0.0,0,103100.0,9999999
72494,0,8629,11.7,3.7,408.0,109.0,11.96,268.34,1.5,3,103100.0,9999999
72494,0,8630,12.2,3.53,301.0,92.0,11.96,268.57,0.0,0,103100.0,9999999
72494,0,8631,11.1,4.03,159.0,66.0,11.96,267.89,1.5,4,103100.0,9999999
72494,0,8632,10.6,4.58,30.0,24.0,11.96,267.89,0.0,0,103100.0,9999999
72494,0,8633,10.6,4.03,0.0,0.0,11.96,267.43,2.1,2,103100.0,9999999
72494,0,8634,9.4,5.62,0.0,0.0,11.96,267.43,0.0,0,103200.0,9999999
72494,0,8635,7.8,4.38,0.0,0.0,11.96,265.09,2.1,8,103200.0,9999999
72494,0,8636,7.8,3.88,0.0,0.0,11.96,264.85,0.0,0,103300.0,9999999
72494,0,8637,7.2,4.03,0.0,0.0,11.96,264.38,0.0,0,103300.0,9999999
72494,0,8638,6.7,4.22,0.0,0.0,11.96,263.9,0.0,0,103300.0,9999999
72494,0,8639,5.6,4.22,0.0,0.0,11.96,262.93,1.5,8,103300.0,9999999
72494,0,8640,6.7,4.22,0.0,0.0,11.96,263.9,0.0,0,103300.0,9999999
72494,0,8641,5.0,4.22,0.0,0.0,11.96,262.45,0.0,0,103300.0,9999999
72494,0,8642,5.0,4.38,0.0,0.0,11.96,262.45,2.6,6,103300.0,9999999
72494,0,8643,2.8,4.03,0.0,0.0,11.96,260.22,2.1,8,103300.0,9999999
72494,0,8644,5.6,4.22,0.0,0.0,11.96,262.93,0.0,0,103300.0,9999999
72494,0,8645,2.8,4.03,0.0,0.0,11.96,260.22,2.1,8,103300.0,9999999
72494,0,8646,3.3,4.03,0.0,0.0,11.96,260.72,2.1,8,103300.0,9999999
72494,0,8647,5.6,4.38,13.0,9.0,11.96,264.38,0.0,0,103400.0,9999999
72494,0,8648,6.1,4.75,113.0,47.0,11.96,266.5,1.5,13,103500.0,9999999
72494,0,8649,7.8,4.97,265.0,94.0,11.96,268.34,2.1,6,103400.0,9999999
72494,0,8650,8.3,4.97,301.0,105.0,11.96,268.8,0.0,0,103300.0,9999999
72494,0,8651,8.9,5.15,406.0,127.0,11.96,269.48,0.0,0,103200.0,9999999
72494,0,8652,9.4,4.97,465.0,166.0,11.96,269.93,0.0,0,103100.0,9999999
72494,0,8653,9.4,5.38,422.0,74.0,11.96,267.2,1.5,4,103000.0,9999999
72494,0,8654,10.0,5.38,304.0,61.0,11.96,270.6,0.0,0,103000.0,9999999
72494,0,8655,11.7,4.97,180.0,47.0,11.96,269.25,1.5,8,103000.0,9999999
72494,0,8656,11.1,4.38,38.0,21.0,11.96,268.34,0.0,0,102900.0,9999999
72494,0,8657,8.9,5.15,0.0,0.0,11.96,266.73,1.5,8,102900.0,9999999
72494,0,8658,7.8,4.75,0.0,0.0,11.96,265.33,1.5,7,102900.0,9999999
72494,0,8659,8.3,4.58,0.0,0.0,11.96,265.8,0.0,0,102900.0,9999999
72494,0,8660,7.8,4.58,0.0,0.0,11.96,265.33,1.5,12,102900.0,9999999
72494,0,8661,7.8,4.58,0.0,0.0,11.96,265.33,0.0,0,102900.0,9999999
72494,0,8662,6.7,5.15,0.0,0.0,11.96,264.62,1.5,8,102900.0,9999999
72494,0,8663,6.7,4.75,0.0,0.0,11.96,264.38,1.5,8,102900.0,9999999
72494,0,8664,5.6,4.75,0.0,0.0,11.96,263.42,0.0,0,102800.0,9999999
72494,0,8665,6.7,4.97,0.0,0.0,11.96,264.38,1.5,16,102900.0,9999999
72494,0,8666,5.6,4.75,0.0,0.0,11.96,263.42,0.0,0,102800.0,9999999
72494,0,8667,5.6,5.15,0.0,0.0,11.96,263.66,1.5,8,102800.0,9999999
72494,0,8668,4.4,4.58,0.0,0.0,11.96,261.96,0.0,0,102800.0,9999999
72494,0,8669,3.9,4.58,0.0,0.0,11.96,261.47,1.5,16,102800.0,9999999
72494,0,8670,5.6,4.75,0.0,0.0,11.96,263.42,0.0,0,102800.0,9999999
72494,0,8671,5.6,4.58,8.0,8.0,11.96,264.38,0.0,0,102900.0,9999999
72494,0,8672,8.3,5.15,96.0,62.0,11.96,267.43,3.1,7,102900.0,9999999
72494,0,8673,11.7,4.75,225.0,99.0,11.96,270.37,3.6,4,102900.0,9999999
72494,0,8674,12.8,4.75,350.0,123.0,11.96,270.15,4.1,2,102900.0,9999999
72494,0,8675,13.9,4.97,417.0,138.0,11.96,271.26,4.1,4,102800.0,9999999
72494,0,8676,13.3,5.38,433.0,140.0,11.96,271.04,6.7,2,102600.0,9999999
72494,0,8677,13.3,5.38,389.0,130.0,11.96,271.04,6.7,2,102500.0,9999999
72494,0,8678,13.3,5.82,285.0,109.0,11.96,271.26,3.6,1,102500.0,9999999
72494,0,8679,13.9,6.08,149.0,76.0,11.96,271.92,2.1,16,102500.0,9999999
72494,0,8680,13.3,5.62,30.0,26.0,11.96,271.04,2.1,16,102500.0,9999999
72494,0,8681,12.8,5.62,0.0,0.0,11.96,270.6,3.1,15,102500.0,9999999
72494,0,8682,13.3,4.75,0.0,0.0,11.96,270.6,0.0,0,102500.0,9999999
72494,0,8683,11.1,4.97,0.0,0.0,11.96,268.57,2.1,8,102400.0,9999999
72494,0,8684,11.7,5.15,0.0,0.0,11.96,269.25,2.6,6,102400.0,9999999
72494,0,8685,11.1,5.82,0.0,0.0,11.96,269.25,1.5,2,102400.0,9999999
72494,0,8686,11.7,5.15,0.0,0.0,11.96,269.25,0.0,0,102500.0,9999999
72494,0,8687,8.9,5.62,0.0,0.0,11.96,266.96,0.0,0,102500.0,9999999
72494,0,8688,9.4,5.38,0.0,0.0,11.96,267.2,2.1,8,102500.0,9999999
72494,0,8689,8.9,5.38,0.0,0.0,11.96,266.73,0.0,0,102400.0,9999999
72494,0,8690,9.4,5.62,0.0,0.0,11.96,267.43,0.0,0,102400.0,9999999
72494,0,8691,8.3,6.08,0.0,0.0,11.96,266.73,3.1,5,102300.0,9999999
72494,0,8692,8.9,5.82,0.0,0.0,11.96,266.96,2.1,4,102300.0,9999999
72494,0,8693,9.4,6.08,0.0,0.0,11.96,267.66,0.0,0,102300.0,9999999
72494,0,8694,7.2,5.82,0.0,0.0,11.96,265.56,2.6,6,102200.0,9999999
72494,0,8695,8.3,5.62,11.0,7.0,11.96,266.5,4.1,5,102300.0,9999999
72494,0,8696,8.9,5.62,122.0,40.0,11.96,266.96,2.1,4,102300.0,9999999
72494,0,8697,10.0,5.62,260.0,58.0,11.96,269.25,2.1,7,102300.0,9999999
72494,0,8698,11.7,5.62,372.0,86.0,11.96,270.82,1.5,3,102200.0,9999999
72494,0,8699,12.2,5.82,423.0,120.0,11.96,272.36,0.0,0,102100.0,9999999
72494,0,8700,12.8,4.75,468.0,129.0,11.96,272.36,0.0,0,102000.0,9999999
72494,0,8701,13.3,4.75,396.0,112.0,11.96,272.8,0.0,0,101900.0,9999999
72494,0,8702,14.4,4.97,305.0,64.0,11.96,273.01,0.0,0,101900.0,9999999
72494,0,8703,15.0,5.15,175.0,48.0,11.96,273.66,2.1,6,101800.0,9999999
72494,0,8704,13.9,5.15,38.0,22.0,11.96,272.8,2.1,6,101900.0,9999999
72494,0,8705,11.7,6.3,0.0,0.0,11.96,271.26,2.1,4,101800.0,9999999
72494,0,8706,10.6,6.8,0.0,0.0,11.96,271.26,0.0,0,101800.0,9999999
72494,0,8707,10.0,6.8,0.0,0.0,11.96,269.93,2.1,3,101800.0,9999999
72494,0,8708,10.0,6.8,0.0,0.0,11.96,269.93,0.0,0,101800.0,9999999
72494,0,8709,10.0,6.08,0.0,0.0,11.96,269.48,0.0,0,101700.0,9999999
72494,0,8710,10.0,6.57,0.0,0.0,11.96,270.6,2.1,1,101700.0,9999999
72494,0,8711,8.9,5.62,0.0,0.0,11.96,269.03,0.0,0,101700.0,9999999
72494,0,8712,8.9,5.62,0.0,0.0,11.96,269.03,0.0,0,101700.0,9999999
72494,0,8713,7.8,5.15,0.0,0.0,11.96,267.89,1.5,8,101700.0,9999999
72494,0,8714,7.8,5.82,0.0,0.0,11.96,268.8,1.5,7,101700.0,9999999
72494,0,8715,8.3,5.62,0.0,0.0,11.96,268.57,0.0,0,101700.0,9999999
72494,0,8716,6.1,4.97,0.0,0.0,11.96,266.03,0.0,0,101600.0,9999999
72494,0,8717,6.7,5.38,0.0,0.0,11.96,266.96,1.5,8,101600.0,9999999
72494,0,8718,8.3,5.38,0.0,0.0,11.96,268.34,0.0,0,101700.0,9999999
72494,0,8719,8.9,6.08,11.0,9.0,11.96,270.6,3.1,4,101700.0,9999999
72494,0,8720,10.0,5.15,92.0,85.0,11.96,275.58,3.1,6,101700.0,9999999
72494,0,8721,11.7,5.38,151.0,133.0,11.96,277.25,4.1,6,101800.0,9999999
72494,0,8722,12.8,4.97,266.0,244.0,11.96,278.07,1.5,4,101700.0,9999999
72494,0,8723,13.9,4.97,412.0,97.0,11.96,274.09,0.0,0,101600.0,9999999
72494,0,8724,12.8,6.57,190.0,190.0,11.96,281.1,0.0,0,101600.0,9999999
72494,0,8725,12.2,6.8,173.0,173.0,11.96,280.5,2.1,2,101500.0,9999999
72494,0,8726,12.8,6.57,135.0,135.0,11.96,281.1,0.0,0,101500.0,9999999
72494,0,8727,13.3,5.82,170.0,153.0,11.96,276.62,0.0,0,101500.0,9999999
72494,0,8728,13.3,5.62,46.0,41.0,11.96,274.52,0.0,0,101500.0,9999999
72494,0,8729,13.9,5.62,0.0,0.0,11.96,275.15,0.0,0,101600.0,9999999
72494,0,8730,13.9,6.3,0.0,0.0,11.96,275.58,0.0,0,101500.0,9999999
72494,0,8731,13.9,5.62,0.0,0.0,11.96,275.15,0.0,0,101600.0,9999999
72494,0,8732,11.7,6.08,0.0,0.0,11.96,273.23,1.5,13,101600.0,9999999
72494,0,8733,10.6,6.8,0.0,0.0,11.96,273.01,2.1,14,101600.0,9999999
72494,0,8734,10.6,6.8,0.0,0.0,11.96,272.58,0.0,0,101700.0,9999999
72494,0,8735,10.6,6.57,0.0,0.0,11.96,274.3,1.5,9,101700.0,9999999
72494,0,8736,10.6,6.3,0.0,0.0,11.96,273.44,0.0,0,101700.0,9999999
72494,0,8737,9.4,6.3,0.0,0.0,11.96,272.36,2.1,7,101700.0,9999999
72494,0,8738,10.0,6.08,0.0,0.0,11.96,272.8,1.5,11,101700.0,9999999
72494,0,8739,10.0,6.8,0.0,0.0,11.96,273.01,0.0,0,101700.0,9999999
72494,0,8740,8.9,5.82,0.0,0.0,11.96,271.04,0.0,0,101700.0,9999999
72494,0,8741,9.4,6.3,0.0,0.0,11.96,269.93,1.5,12,101700.0,9999999
72494,0,8742,8.3,6.3,0.0,0.0,11.96,269.03,2.1,6,101800.0,9999999
72494,0,8743,10.0,6.8,9.0,7.0,11.96,271.48,0.0,0,101800.0,9999999
72494,0,8744,10.0,6.8,111.0,76.0,11.96,273.87,0.0,0,101900.0,9999999
72494,0,8745,10.6,7.34,106.0,73.0,11.96,275.79,0.0,0,102000.0,9999999
72494,0,8746,10.6,7.34,233.0,180.0,11.96,275.79,1.5,1,101900.0,9999999
72494,0,8747,11.1,7.65,377.0,237.0,11.96,275.36,1.5,3,101900.0,9999999
72494,0,8748,11.7,7.65,300.0,263.0,11.96,278.48,0.0,0,101800.0,9999999
72494,0,8749,11.7,7.65,269.0,156.0,11.96,275.15,1.5,1,101800.0,9999999
72494,0,8750,11.7,7.65,232.0,172.0,11.96,276.0,0.0,0,101700.0,9999999
72494,0,8751,12.8,6.8,116.0,96.0,11.96,277.66,0.0,0,101700.0,9999999
72494,0,8752,11.7,6.8,24.0,22.0,11.96,278.07,0.0,0,101700.0,9999999
72494,0,8753,12.8,8.87,0.0,0.0,11.96,276.0,3.6,12,101800.0,9999999
72494,0,8754,12.8,8.58,0.0,0.0,11.96,279.9,2.6,13,101800.0,9999999
72494,0,8755,13.3,8.58,0.0,0.0,11.96,277.86,3.1,12,101800.0,9999999
72494,0,8756,12.2,8.24,0.0,0.0,11.96,275.36,1.5,16,101700.0,9999999
72494,0,8757,10.6,7.65,0.0,0.0,11.96,273.44,2.1,8,101800.0,9999999
72494,0,8758,10.6,7.97,0.0,0.0,11.96,277.66,2.1,8,101800.0,9999999
72494,0,8759,11.1,7.97,0.0,0.0,11.96,280.1,1.5,6,101700.0,9999999
